dok_id,rm,nummer,datum,titel,anforanden,relevanta,hamtad
e093beslut,1939,beslut,1939-01-01,Sveriges Riksdags Beslut,0,0,2026-10-06
E09R5,1939,5,1939-09-23,1939.    Andra kammaren. Nr 5,0,0,2026-10-06
e090beslut,1939,beslut,1939-01-01,Sveriges Riksdags Beslut,0,0,2026-10-06
E09R6,1939,6,1939-09-26,1939. Andra kammaren. Nr 6,13,0,2026-10-06
E09O6,1939,6,1939-01-26,1939. Andra kammaren. Nr 6,1,0,2026-10-06
E09C7,1939,7,1939-01-31,Tisdagen den 31 januari,1,0,2026-10-06
E09F9,1939,9,1939-01-01,1939. Färsta kammaren. Nr 9,0,0,2026-10-06
E09R8,1939,8,1939-10-07,1939. Andra kammaren. Nr 8,32,0,2026-10-06
E09R9,1939,9,1939-10-14,1939.    Andra kammaren. Nr 9,14,0,2026-10-06
E09O9,1939,9,1939-02-07,1939. Andra kammaren. Nr 9,11,1,2026-10-06
E09C9,1939,9,1939-02-08,1939. Första kammaren. Nr 9,5,0,2026-10-06
E09C10,1939,10,1939-02-11,1939.    Första kammaren. Nr 10,7,0,2026-10-06
E09F10,1939,10,1939-10-18,1939. Första kammaren. Nr 10,6,0,2026-10-06
E09O15,1939,15,1939-03-04,1939. Andra kammaren. Nr 15,0,1,2026-10-06
E09R13,1939,13,1939-10-28,1939. Andra kammaren. Nr 13,37,0,2026-10-06
E09O17,1939,17,1939-03-12,Söndagen den 12 mars,0,1,2026-10-06
E09F15,1939,15,1939-11-01,1939.    Första kammaren. Nr 15,26,0,2026-10-06
E09C18,1939,18,1939-03-15,RIKSDAGENS PROTOKOLL,22,1,2026-10-06
E09C20,1939,20,1939-03-22,RIKSDAGENS PROTOKOLL,19,1,2026-10-06
E09O23,1939,23,1939-04-15,1939. Andra kammaren. Nr 23,63,4,2026-10-06
E09O25,1939,25,1939-04-21,1939.    Andra kammaren. Nr 25,42,0,2026-10-06
E09R29,1939,29,1939-01-03,1939. Andra kammaren. Nr 29,0,0,2026-10-06
E09O29,1939,29,1939-05-08,1939. Andra kammaren. Nr 29,60,0,2026-10-06
E09F30,1939,30,1939-01-08,RIKSDAGENS PROTOKOLL,6,0,2026-10-06
E09C30,1939,30,1939-05-13,RIKSDAGENS PROTOKOLL,30,0,2026-10-06
E09R30,1939,30,1939-01-08,1939.    Andra kammaren. Nr 30,6,0,2026-10-06
E09O30,1939,30,1939-05-13,939. Andra kammaren. Nr 30,28,0,2026-10-06
E09C35,1939,35,1939-06-02,1939. Första kammaren. Nr 35,34,0,2026-10-06
E09O31,1939,31,1939-05-17,1939. Andra kammaren. Nr 31,73,0,2026-10-06
E09O32,1939,32,1939-05-19,1939. Andra kammaren. Nr 32,83,0,2026-10-06
E09O35,1939,35,1939-01-04,1939. Andra kammaren. Nr 35,13,0,2026-10-06
E09C1,1939,1,1939-01-10,1939. Första kammaren. Nr I,0,0,2026-10-06
E09O1,1939,1,1939-01-10,IS39. Andra kammaren. Nr I,0,0,2026-10-06
E09O38,1939,38,1939-06-07,1939. Andra kammaren. Nr 38,66,6,2026-10-06
E09C3,1939,3,1939-01-12,1939.    Första kammaren. Nr 3,1,0,2026-10-06
E09O2,1939,2,1939-01-12,1939. Andra kammaren. Nr 2,0,0,2026-10-06
E09C2,1939,2,1939-01-13,1939. Färsta kammaren. Nr 2,2,0,2026-10-06
E09O3,1939,3,1939-01-17,1939. Andra kammaren. Nr 3,0,1,2026-10-06
E09O5,1939,5,1939-01-23,1939. Andra kammaren. Nr 5,0,1,2026-10-06
E09C4,1939,4,1939-01-18,1939. Första kammaren. Nr 4,30,3,2026-10-06
E09C5,1939,5,1939-01-23,1939. Första kammaren. Nr 5,0,0,2026-10-06
E09C6,1939,6,1939-01-26,1939. Första kammaren. Nr 6,0,0,2026-10-06
E09O4,1939,4,1939-01-18,RIKSDAGENS PROTOKOLL,26,4,2026-10-06
E09O7,1939,7,1939-02-01,1939. Andra kammaren. Nr 7,0,0,2026-10-06
E09O8,1939,8,1939-02-01,RIKSDAGENS PROTOKOLL,5,0,2026-10-06
E09C8,1939,8,1939-02-07,RIKSDAGENS PROTOKOLL,0,0,2026-10-06
E09O10,1939,10,1939-02-03,1939. Andra kammaren. Nr 10,25,0,2026-10-06
E09C13,1939,13,1939-02-14,1939. Första kammaren. Nr 13,0,0,2026-10-06
E09C11,1939,11,1939-02-15,1939. Första kammaren. Nr II,8,0,2026-10-06
E09O11,1939,11,1939-02-15,1939. Andra kammaren. Nr II,23,0,2026-10-06
E09C12,1939,12,1939-02-16,1939. Första kammaren. Nr 12,36,0,2026-10-06
E09O13,1939,13,1939-02-24,1939. Andra kammaren. Nr 13,0,0,2026-10-06
E09C14,1939,14,1939-02-28,1939.    Första kammaren. Nr 14,32,0,2026-10-06
E09O12,1939,12,1939-02-18,1939.    Andra kammaren. Nr 12,66,1,2026-10-06
E09O14,1939,14,1939-03-01,RIKSDAGENS PROTOKOLL,45,0,2026-10-06
E09C15,1939,15,1939-03-04,1939. Färsta kammaren. Nr 15,0,0,2026-10-06
E09C17,1939,17,1939-03-11,1939. Första kammaren. Nr 17,0,1,2026-10-06
E09C16,1939,16,1939-03-08,RIKSDAGENS PROTOKOLL,23,1,2026-10-06
E09O16,1939,16,1939-03-07,1939. Andra kammaren. Nr 16,45,0,2026-10-06
E09O18,1939,18,1939-03-15,1939.    Andra kammaren. Nr 18,58,1,2026-10-06
E09O19,1939,19,1939-03-15,1939. Andra kammaren. Nr 19,51,0,2026-10-06
E09C19,1939,19,1939-03-21,RIKSDAGENS PROTOKOLL,35,0,2026-10-06
E09O34,1939,34,1939-03-18,1939. Andra kammaren. Nr 34,39,0,2026-10-06
E09O20,1939,20,1939-03-24,1939.    Andra kammaren. Nr 20,37,0,2026-10-06
E09O22,1939,22,1939-04-06,1939.    Andra kammaren. Nr 22,3,0,2026-10-06
E09C22,1939,22,1939-04-12,1939. Första kammaren. Nr 22,0,0,2026-10-06
E09O21,1939,21,1939-03-27,RIKSDAGENS PROTOKOLL,68,1,2026-10-06
E09C21,1939,21,1939-03-24,RIKSDAGENS PROTOKOLL,60,1,2026-10-06
E09C24,1939,24,1939-04-17,1939. Första kammaren. Nr 24,22,0,2026-10-06
E09C26,1939,26,1939-04-18,1939. Första kammaren. Nr 26,25,0,2026-10-06
E09C23,1939,23,1939-04-15,1939. Första kammaren. Nr 23,73,7,2026-10-06
E09C37,1939,37,1939-04-18,1939. Första kammaren. Nr 37,34,0,2026-10-06
E09O37,1939,37,1939-04-18,1939. Andra kammaren. Nr 37,43,1,2026-10-06
E09O39,1939,39,1939-04-18,1939. Andra kammaren. Nr 39,61,12,2026-10-06
E09O40,1939,40,1939-04-18,RIKSDAGENS PROTOKOLL,13,0,2026-10-06
E09C39,1939,39,1939-04-18,1939. Första kammaren. Nr 39,57,0,2026-10-06
E09C40,1939,40,1939-04-18,1939. Första kammaren. Nr 40,31,0,2026-10-06
E09O24,1939,24,1939-04-19,1939. Andra kammaren. Nr 24,28,0,2026-10-06
E09C25,1939,25,1939-04-25,1939. Första kammaren. Nr 25,37,2,2026-10-06
E09O26,1939,26,1939-04-26,1939. Andra kammaren. Nr 26,46,0,2026-10-06
E09C27,1939,27,1939-05-02,1939. Första kammaren. Nr 27,93,2,2026-10-06
E09C28,1939,28,1939-05-03,1939.    Första kammaren. Nr 28,45,0,2026-10-06
E09O27,1939,27,1939-05-03,1939. Andra kammaren. Nr 27,60,8,2026-10-06
E09O28,1939,28,1939-05-06,1939. Andra kammaren. Nr 28,84,1,2026-10-06
E09C29,1939,29,1939-05-12,RIKSDAGENS PROTOKOLL,2,0,2026-10-06
E09C31,1939,31,1939-05-16,1939. Första kammaren. Nr 31,44,0,2026-10-06
E09O33,1939,33,1939-05-26,1939. Andra kammaren. Nr 33,55,3,2026-10-06
E09C33,1939,33,1939-05-26,1939. Första kammaren. Nr 33,43,2,2026-10-06
E09C32,1939,32,1939-05-19,RIKSDAGENS PROTOKOLL,55,1,2026-10-06
E09C36,1939,36,1939-05-30,RIKSDAGENS PROTOKOLL,47,0,2026-10-06
E09O36,1939,36,1939-06-03,1939. Andra kammaren. Nr 36,83,1,2026-10-06
E09C34,1939,34,1939-05-31,1939. Första kammaren. Nr 34,83,1,2026-10-06
E09C38,1939,38,1939-06-07,1939.    Första kammaren. Nr 38,107,18,2026-10-06
E09C41,1939,41,1939-06-17,1939.    Första kammaren. Nr41,1,0,2026-10-06
E09O41,1939,41,1939-06-21,RIKSDAGENS PROTOKOLL,0,0,2026-10-06
E09R1,1939,1,1939-09-11,1939.    Andra kammaren. Nr I,0,0,2026-10-06
E09F1,1939,1,1939-09-11,1939. Första kammaren. Nr I,1,0,2026-10-06
E09F2,1939,2,1939-09-12,RIKSDAGENS PROTOKOLL,18,0,2026-10-06
E09F3,1939,3,1939-09-18,1939.    Första kammaren. Nr 3,0,0,2026-10-06
E09R3,1939,3,1939-09-18,1939. Andra kammaren. Nr 3,0,0,2026-10-06
E09R2,1939,2,1939-09-12,RIKSDAGENS PROTOKOLL,15,0,2026-10-06
E09R4,1939,4,1939-09-21,1939. Andra kammaren. Nr 4,2,0,2026-10-06
E09F5,1939,5,1939-09-22,1939. Första kammaren. Nr 5,0,0,2026-10-06
E09F4,1939,4,1939-09-23,RIKSDAGENS PROTOKOLL,5,0,2026-10-06
E09F7,1939,7,1939-10-01,1939.    Första kammaren. Nr 7,7,0,2026-10-06
E09F6,1939,6,1939-09-29,1339.    Första kammaren.    Nr 6,20,0,2026-10-06
E09R7,1939,7,1939-10-04,1939. Andra kammaren. Nr 7,9,0,2026-10-06
E09F8,1939,8,1939-10-12,1939.    Första kammaren. Nr 8,11,0,2026-10-06
E09R10,1939,10,1939-10-18,1939. Andra kammaren. Nr 10,12,0,2026-10-06
E09R11,1939,11,1939-10-21,RIKSDAGENS PROTOKOLL,27,0,2026-10-06
E09R12,1939,12,1939-10-26,1939. Ändra kammaren. Nr 12,7,0,2026-10-06
E09F13,1939,13,1939-10-24,1939.    Första kammaren. Nr 13,0,0,2026-10-06
E09F11,1939,11,1939-10-24,RIKSDAGENS PROTOKOLL,17,0,2026-10-06
E09F12,1939,12,1939-10-26,1939.    Första kammaren. Nr 12,8,0,2026-10-06
E09F14,1939,14,1939-10-30,1939. Första kammaren. Nr 14,24,0,2026-10-06
E09R14,1939,14,1939-11-01,RIKSDAGENS PROTOKOLL,18,2,2026-10-06
E09R15,1939,15,1939-11-04,1939. Andra kammaren. Nr 15,1,0,2026-10-06
E09F16,1939,16,1939-11-06,1939. Första kammaren. Nr 16,2,0,2026-10-06
E09R16,1939,16,1939-11-08,RIKSDAGENS PROTOKOLL,11,0,2026-10-06
E09R17,1939,17,1939-11-11,1939. Ändra kammaren. Nr 17,0,0,2026-10-06
E09F17,1939,17,1939-11-14,1939. Första kammaren. Nr 17,0,0,2026-10-06
E09R18,1939,18,1939-11-14,1939. Andra kammaren. Nr 18,6,0,2026-10-06
E09F18,1939,18,1939-11-15,1939. Första kammaren. Nr 18,13,0,2026-10-06
E09R19,1939,19,1939-11-18,1939.    Andra kammaren. Nr 19,0,0,2026-10-06
E09F19,1939,19,1939-11-21,1939. Första kammaren. Nr 19,2,0,2026-10-06
E09F20,1939,20,1939-11-22,RIKSDAGENS PROTOKOLL,23,0,2026-10-06
E09R20,1939,20,1939-11-22,1939.    Andra kammaren. Nr 20,11,1,2026-10-06
E09F21,1939,21,1939-11-25,RIKSDAGENS PROTOKOLL,0,0,2026-10-06
E09R21,1939,21,1939-11-25,S939. Andra kammaren. Nr 21,0,0,2026-10-06
E09F22,1939,22,1939-11-29,1939.    Färsta kammaren. Nr 22,22,0,2026-10-06
E09R23,1939,23,1939-12-02,1939. Andra kammaren. Nr 23,0,0,2026-10-06
E09R22,1939,22,1939-11-29,RIKSDAGENS PROTOKOLL,31,0,2026-10-06
E09F23,1939,23,1939-12-05,1939. Första kammaren. Nr 23,0,0,2026-10-06
E09F24,1939,24,1939-12-04,RIKSDAGENS PROTOKOLL,26,0,2026-10-06
E09F25,1939,25,1939-12-12,1939.    Första kammaren. Nr 25,1,0,2026-10-06
E09R24,1939,24,1939-12-06,1939.    Andra kammaren. Nr 24,17,0,2026-10-06
E09R25,1939,25,1939-12-12,1939. Andra kammaren. Nr 25,13,0,2026-10-06
E09F26,1939,26,1939-12-12,1939. Första kammaren. Nr 26,11,0,2026-10-06
E09R26,1939,26,1939-12-16,1939.    Andra kammaren. Nr 26,36,0,2026-10-06
E09F27,1939,27,1939-12-17,RIKSDAGENS PROTOKOLL,29,0,2026-10-06
E09F28,1939,28,1939-12-20,RIKSDAGENS PROTOKOLL,20,0,2026-10-06
E09F29,1939,29,1939-12-30,1939. Första kammaren. Nr 29,0,0,2026-10-06
E09R27,1939,27,1939-12-19,1939. Andra kammaren. Nr 27,39,0,2026-10-06
E09R28,1939,28,1939-12-21,1939. Andra kammaren. Nr 28,33,0,2026-10-06
E19C8,1940,8,1940-02-10,1940. Första kammaren. Nr 8,0,1,2026-10-06
e190beslut,1940,beslut,1940-01-01,Riksdagsbeslutet 1940,0,0,2026-10-06
E19F9,1940,9,1940-10-02,1940. Första kammaren. Nr 9,0,0,2026-10-06
E19C9,1940,9,1940-02-14,1940. Första kammaren. Nr 9,6,0,2026-10-06
E19R9,1940,9,1940-09-28,1940. Andra kammaren. Nr 9,6,0,2026-10-06
E19C11,1940,11,1940-02-20,RIKSDAGENS PROTOKOLL,32,0,2026-10-06
E19R12,1940,12,1940-10-22,RIKSDAGENS PROTOKOLL,12,0,2026-10-06
E19C12,1940,12,1940-02-25,1940. Första kammaren. Nr 12,0,0,2026-10-06
E19F12,1940,12,1940-10-22,RIKSDAGENS PROTOKOLL,20,1,2026-10-06
E19R13,1940,13,1940-10-29,RIKSDAGENS PROTOKOLL,23,0,2026-10-06
E19O14,1940,14,1940-02-24,1940. Andra kammaren. Nr 14,7,0,2026-10-06
E19C16,1940,16,1940-03-11,RIKSDAGENS PROTOKOLL,0,1,2026-10-06
E19O19,1940,19,1940-03-11,1940. Andra kammaren. Nr 19,66,8,2026-10-06
E19C20,1940,20,1940-04-10,1940. Första kammaren. Nr 20,51,0,2026-10-06
E19C23,1940,23,1940-04-20,RIKSDAGENS PROTOKOLL,0,0,2026-10-06
E19O23,1940,23,1940-04-12,1940. Andra kammaren. Nr 23,0,0,2026-10-06
E19R21,1940,21,1940-12-18,Andra kammaren. Nr 21,69,0,2026-10-06
E19C26,1940,26,1940-05-04,1940. Första kammaren. Nr 26,25,1,2026-10-06
E19C32,1940,32,1940-05-29,RIKSDAGENS PROTOKOLL,53,0,2026-10-06
E19O30,1940,30,1940-05-08,RIKSDAGENS PROTOKOLL,46,0,2026-10-06
E19C35,1940,35,1940-06-12,RIKSDAGENS PROTOKOLL,101,0,2026-10-06
E19O37,1940,37,1940-06-05,RIKSDAGENS PROTOKOLL,66,1,2026-10-06
E19C37,1940,37,1940-06-14,1940. Första kammaren. Nr 37,47,2,2026-10-06
E19O38,1940,38,1940-06-08,1940. Andra kammaren. Nr 38,30,1,2026-10-06
E19O40,1940,40,1940-06-13,RIKSDAGENS PROTOKOLL,10,0,2026-10-06
E19O42,1940,42,1940-06-15,1940. Andra kammaren. Nr 42,9,0,2026-10-06
E19C1,1940,1,1940-01-08,1940. Första kammaren. Nr I,0,0,2026-10-06
E19O41,1940,41,1940-06-14,1940. Andra kammaren. Nr 41,68,0,2026-10-06
E19O1,1940,1,1940-01-11,1940. Andra kammaren. Nr I,0,0,2026-10-06
E19O2,1940,2,1940-01-10,1940. Andra kammaren. Nr 2,0,1,2026-10-06
E19C2,1940,2,1940-01-16,RIKSDAGENS PROTOKOLL,1,0,2026-10-06
E19O4,1940,4,1940-01-20,1940. Andra kammaren. Nr 4,0,1,2026-10-06
E19O3,1940,3,1940-01-17,RIKSDAGENS PROTOKOLL,15,1,2026-10-06
E19C4,1940,4,1940-01-23,1940. Första kammaren. Nr 4,0,1,2026-10-06
E19O5,1940,5,1940-01-23,1940. Andra kammaren. Nr 5,0,1,2026-10-06
E19O6,1940,6,1940-01-26,1940.    Ändra kammaren. Nr 6,0,1,2026-10-06
E19C3,1940,3,1940-01-17,RIKSDAGENS PROTOKOLL,24,2,2026-10-06
E19O7,1940,7,1940-01-28,1940. Andra kammaren. Nr 7,2,0,2026-10-06
E19O8,1940,8,1940-02-03,RIKSDAGENS PROTOKOLL,0,0,2026-10-06
E19C5,1940,5,1940-01-29,1940. Första kammaren. Nr 5,1,0,2026-10-06
E19C6,1940,6,1940-02-06,1940. Första kammaren. Nr 6,2,1,2026-10-06
E19C7,1940,7,1940-02-07,1940.    Första kammaren. Nr 7,1,1,2026-10-06
E19O9,1940,9,1940-02-07,1940. Andra kammaren. Nr 9,8,0,2026-10-06
E19O10,1940,10,1940-02-09,1940. Andra kammaren. Nr 10,0,0,2026-10-06
E19C10,1940,10,1940-02-15,1940. Första kammaren. Nr 10,0,0,2026-10-06
E19O11,1940,11,1940-02-14,1940. Andra kammaren. Nr II,13,0,2026-10-06
E19O12,1940,12,1940-02-17,1940. Andra kammaren. Nr 12,0,0,2026-10-06
E19O13,1940,13,1940-02-21,1940. Andra kammaren. Nr 13,35,0,2026-10-06
E19O15,1940,15,1940-02-27,1940. Andra kammaren. Nr 15,27,1,2026-10-06
E19O16,1940,16,1940-03-02,1940. Andra kammaren. Nr 16,0,1,2026-10-06
E19C13,1940,13,1940-02-28,1940. Första kammaren. Nr 13,34,0,2026-10-06
E19C14,1940,14,1940-03-05,1940. Första kammaren. Nr 14,0,1,2026-10-06
E19O17,1940,17,1940-03-06,1940. Andra kammaren. Nr 17,32,0,2026-10-06
E19O18,1940,18,1940-03-07,1940. Andra kammaren. Nr 18,1,0,2026-10-06
E19C15,1940,15,1940-03-09,RIKSDAGENS PROTOKOLL,1,1,2026-10-06
E19C17,1940,17,1940-03-11,RIKSDAGENS PROTOKOLL,48,7,2026-10-06
E19C19,1940,19,1940-04-09,1940. Första kammaren. Nr 19,1,0,2026-10-06
E19O21,1940,21,1940-04-09,1940. Andra kammaren. Nr 21,0,0,2026-10-06
E19O20,1940,20,1940-03-19,1940. Andra kammaren. Nr 20,50,0,2026-10-06
E19C18,1940,18,1940-03-15,RIKSDAGENS PROTOKOLL,35,0,2026-10-06
E19C21,1940,21,1940-04-13,RIKSDAGENS PROTOKOLL,4,0,2026-10-06
E19O22,1940,22,1940-04-10,1940. Andra kammaren. Nr 22,74,0,2026-10-06
E19O24,1940,24,1940-04-15,1940. Andra kammaren. Nr 24,59,0,2026-10-06
E19O25,1940,25,1940-04-22,1940. Andra kammaren. Nr 25,0,0,2026-10-06
E19C22,1940,22,1940-04-17,1940.    Första kammaren. Nr 22,65,0,2026-10-06
E19C24,1940,24,1940-04-24,1940. Första kammaren. Nr 24,40,8,2026-10-06
E19O26,1940,26,1940-04-26,1940. Andra kammaren. Nr 26,54,1,2026-10-06
E19O28,1940,28,1940-05-01,1940. Andra kammaren. Nr 28,1,0,2026-10-06
E19O27,1940,27,1940-04-27,1940. Andra kammaren. Nr 27,13,0,2026-10-06
E19C25,1940,25,1940-05-03,1940. Första kammaren. Nr 25,15,0,2026-10-06
E19O29,1940,29,1940-05-07,1940. Andra kammaren. Nr 29,46,1,2026-10-06
E19C27,1940,27,1940-05-08,RIKSDAGENS PROTOKOLL,24,2,2026-10-06
E19C28,1940,28,1940-05-15,1940. Första kammaren. Nr 28,68,1,2026-10-06
E19C29,1940,29,1940-05-21,1940. Första kammaren. Nr 29,4,1,2026-10-06
E19O31,1940,31,1940-05-18,1940. Andra kammaren. Nr 31,18,0,2026-10-06
E19O32,1940,32,1940-05-21,1940. Andra kammaren. Nr 32,5,0,2026-10-06
E19C30,1940,30,1940-05-24,1940. Första kammaren. Nr 30,55,1,2026-10-06
E19C31,1940,31,1940-05-27,RIKSDAGENS PROTOKOLL,17,2,2026-10-06
E19O33,1940,33,1940-05-24,Andra kammaren. Nr 33,54,0,2026-10-06
E19O34,1940,34,1940-05-28,1940.    Andra kammaren. Nr 34,32,0,2026-10-06
E19O35,1940,35,1940-06-01,RIKSDAGENS PROTOKOLL,63,1,2026-10-06
E19C33,1940,33,1940-06-03,1940. Första kammaren. Nr 33,54,3,2026-10-06
E19O36,1940,36,1940-06-04,1940. Andra kammaren. Nr 36,7,0,2026-10-06
E19C36,1940,36,1940-06-13,1940. Första kammaren. Nr 36,1,0,2026-10-06
E19C34,1940,34,1940-06-11,1940. Första kammaren. Nr 34,52,4,2026-10-06
E19O39,1940,39,1940-06-13,1940. Andra kammaren. Nr 39,64,0,2026-10-06
e193beslut,1940,beslut,1940-06-21,Riksdagsbeslutet 1940,0,1,2026-10-06
E19C38,1940,38,1940-06-15,1940. Första kammaren. Nr 38,22,0,2026-10-06
E19F16,1940,16,1940-06-21,1940. Första kammaren. Nr !6,5,0,2026-10-06
E19C39,1940,39,1940-06-26,1940. Första kammaren. Nr 39,9,0,2026-10-06
E19O43,1940,43,1940-06-26,1940. Andra kammaren. Nr 43,11,0,2026-10-06
E19R1,1940,1,1940-07-29,1940. Andra kammaren. Nr I,0,0,2026-10-06
E19O44,1940,44,1940-07-31,1940. Andra kammaren. Nr 44,0,0,2026-10-06
E19C40,1940,40,1940-07-31,1940. Första kammaren. Nr 40,1,1,2026-10-06
E19F1,1940,1,1940-08-05,1940. Första kammaren. Nr I,1,0,2026-10-06
E19R2,1940,2,1940-08-06,1940.    Andra kammaren. Nr 2,26,0,2026-10-06
E19R3,1940,3,1940-08-09,RIKSDAGENS PROTOKOLL,6,0,2026-10-06
E19F2,1940,2,1940-08-09,1940. Första kammaren. Nr 2,23,1,2026-10-06
E19R5,1940,5,1940-08-24,1940. Andra kammaren. Nr 5,1,0,2026-10-06
E19F3,1940,3,1940-08-20,1940. Färsta kammaren. Nr 3,42,0,2026-10-06
E19R4,1940,4,1940-08-20,1940. Andra kammaren. Nr 4,18,0,2026-10-06
E19F4,1940,4,1940-08-26,RIKSDAGENS PROTOKOLL,3,0,2026-10-06
E19F5,1940,5,1940-08-30,1940. Första kammaren. Nr 5,22,0,2026-10-06
E19R7,1940,7,1940-09-16,1940. Andra kammaren. Nr 7,0,0,2026-10-06
E19F7,1940,7,1940-09-25,1940. Första kammaren. Nr 7,1,0,2026-10-06
E19F6,1940,6,1940-09-21,1940. Första kammaren. Nr 6,0,0,2026-10-06
E19R6,1940,6,1940-08-30,1940. Ändra kammaren. Nr 6,37,0,2026-10-06
E19F8,1940,8,1940-09-25,1940. Första kammaren. Nr 8,0,0,2026-10-06
E19R8,1940,8,1940-09-25,1940. Andra kammaren. Nr 8,7,0,2026-10-06
E19R10,1940,10,1940-10-09,1940. Andra kammaren. Nr 10,0,0,2026-10-06
E19F10,1940,10,1940-10-08,RIKSDAGENS PROTOKOLL,10,0,2026-10-06
E19F11,1940,11,1940-10-15,1940.    Första kammaren. Nr II,31,0,2026-10-06
E19F13,1940,13,1940-10-28,1940.    Första kammaren. Nr 13,28,0,2026-10-06
E19R11,1940,11,1940-10-19,1940. Andra kammaren. Nr II,35,0,2026-10-06
E19R14,1940,14,1940-11-03,1940. Andra kammaren. Nr 14,22,0,2026-10-06
E19F14,1940,14,1940-11-04,Kammaren sammanträdde kl. 4 e. m,20,2,2026-10-06
E19F15,1940,15,1940-11-10,RIKSDAGENS PROTOKOLL,16,9,2026-10-06
E19R15,1940,15,1940-11-16,1940. Andra kammaren. Nr 15,7,2,2026-10-06
E19F17,1940,17,1940-11-20,RIKSDAGENS PROTOKOLL,3,1,2026-10-06
E19R16,1940,16,1940-11-23,1940. Andra kammaren. Nr 16,13,3,2026-10-06
E19R17,1940,17,1940-11-30,1940. Andra kammaren. Nr 17,5,0,2026-10-06
E19F19,1940,19,1940-11-22,1940. Första kammaren. Nr 19,45,0,2026-10-06
E19R18,1940,18,1940-12-07,1940.    Ändra kammaren. Nr 18,20,1,2026-10-06
E19F18,1940,18,1940-12-07,RIKSDAGENS PROTOKOLL,25,1,2026-10-06
E19R19,1940,19,1940-12-11,1940. Andra kammaren. Nr 19,39,0,2026-10-06
E19R20,1940,20,1940-12-17,1940.    Andra kammaren. Nr 20,2,0,2026-10-06
E19F22,1940,22,1940-12-30,1940. Första kammaren. Nr 22,1,1,2026-10-06
E19F21,1940,21,1940-12-19,RIKSDAGENS PROTOKOLL,7,0,2026-10-06
E19F20,1940,20,1940-12-18,RIKSDAGENS PROTOKOLL,56,0,2026-10-06
e290beslut,1941,beslut,1941-01-01,Riksdagsbeslutet 1941,0,1,2026-10-06
E29C5,1941,5,1941-01-27,1941.    Första kammaren. Nr 5,0,0,2026-10-06
E19R22,1940,22,1940-12-30,1940. Andra kammaren. Nr 22,3,0,2026-10-06
E29O10,1941,10,1941-02-22,1941. Andra kammaren. Nr 10,0,0,2026-10-06
E29C10,1941,10,1941-02-22,RIKSDAGENS PROTOKOLL,0,0,2026-10-06
E29C8,1941,8,1941-02-08,1941.    Första kammaren. Nr 8,1,0,2026-10-06
E29O14,1941,14,1941-03-08,1941. Andra kammaren. Nr 14,1,0,2026-10-06
E29C13,1941,13,1941-03-05,RIKSDAGENS PROTOKOLL,45,1,2026-10-06
E29C15,1941,15,1941-03-12,RIKSDAGENS PROTOKOLL,71,1,2026-10-06
E29C17,1941,17,1941-03-19,RIKSDAGENS PROTOKOLL,51,3,2026-10-06
E29C21,1941,21,1941-04-02,1941. Första kammaren. Nr 21,67,0,2026-10-06
E29C30,1941,30,1941-05-17,1941. Första kammaren. Nr 30,0,1,2026-10-06
E29O22,1941,22,1941-04-02,RIKSDAGENS PROTOKOLL,121,1,2026-10-06
E29C34,1941,34,1941-05-30,1941.    Första kammaren. Nr 34,1,1,2026-10-06
E29C33,1941,33,1941-05-28,RIKSDAGENS PROTOKOLL,119,1,2026-10-06
E29C35,1941,35,1941-06-04,RIKSDAGENS PROTOKOLL,23,1,2026-10-06
E29O36,1941,36,1941-06-06,1941.    Andra kammaren. Nr 36,0,1,2026-10-06
E29O33,1941,33,1941-05-28,RIKSDAGENS PROTOKOLL,72,3,2026-10-06
E29O35,1941,35,1941-06-04,RIKSDAGENS PROTOKOLL,59,2,2026-10-06
E29C38,1941,38,1941-06-14,1941.    Första kammaren. Nr 38,1,0,2026-10-06
E29O38,1941,38,1941-06-14,1941.    Andra kammaren. Nr 38,13,0,2026-10-06
E29C37,1941,37,1941-06-10,1941.    Första kammaren. Nr 37,42,0,2026-10-06
E29C40,1941,40,1941-06-19,1941    Första kammaren. Nr 40,7,0,2026-10-06
E29O40,1941,40,1941-06-19,1941.    Andra kammaren. Nr 40,14,1,2026-10-06
e29p45,1941,45,1941-10-27,1941.    Andra kammaren. Nr 45,6,0,2026-10-06
e29d46,1941,46,1941-11-08,RIKSDAGENS PROTOKOLL,13,0,2026-10-06
e29d47,1941,47,1941-11-15,1941.    Första kammaren. Nr 47,1,0,2026-10-06
e29d48,1941,48,1941-11-25,RIKSDAGENS PROTOKOLL,3,0,2026-10-06
E29C1,1941,1,1941-01-08,1941.    Första kammaren.    Nr I,0,0,2026-10-06
E29O1,1941,1,1941-01-10,1941.    Andra kammaren.    Nr I,0,0,2026-10-06
E29C2,1941,2,1941-01-15,1941.    Första kammaren. Nr 2,1,0,2026-10-06
E29O2,1941,2,1941-01-16,1941. Andra kammaren. Nr 2,1,0,2026-10-06
E29C4,1941,4,1941-01-20,RIKSDAGENS PROTOKOLL,1,0,2026-10-06
E29O3,1941,3,1941-01-17,RIKSDAGENS PROTOKOLL,19,5,2026-10-06
E29C3,1941,3,1941-01-20,1941.    Första kammaren. Nr 3,23,2,2026-10-06
E29O4,1941,4,1941-01-23,1941.    Andra kammaren. Nr 4,0,1,2026-10-06
E29O5,1941,5,1941-01-29,RIKSDAGENS PROTOKOLL,3,0,2026-10-06
E29C6,1941,6,1941-02-03,RIKSDAGENS PROTOKOLL,4,1,2026-10-06
E29O6,1941,6,1941-02-04,1941.    Andra kammaren. Nr 6,2,0,2026-10-06
E29O7,1941,7,1941-02-05,1941.    Andra kammaren. Nr 7,29,1,2026-10-06
E29C7,1941,7,1941-02-05,1941.    Första kammaren. Nr 7,16,1,2026-10-06
E29O8,1941,8,1941-02-08,RIKSDAGENS PROTOKOLL,17,0,2026-10-06
E29O9,1941,9,1941-02-19,1941    Andra kammaren. Nr 9,38,0,2026-10-06
E29O11,1941,11,1941-02-26,1941.    Andra kammaren. Nr II,22,0,2026-10-06
E29C11,1941,11,1941-02-26,RIKSDAGENS PROTOKOLL,5,1,2026-10-06
E29C12,1941,12,1941-02-26,1941.    Färsta kammaren. Nr 12,0,1,2026-10-06
E29C9,1941,9,1941-02-19,1941.    Första kammaren. Nr 9,44,0,2026-10-06
E29O12,1941,12,1941-03-04,1941. Andra kammaren. Nr 12,0,1,2026-10-06
E29C14,1941,14,1941-03-10,1941.    Första kammaren. Nr 14,0,0,2026-10-06
E29O13,1941,13,1941-03-05,1941.    Andra kammaren. Nr 13,42,0,2026-10-06
E29O16,1941,16,1941-03-18,1941.    Andra kammaren. Nr 16,0,1,2026-10-06
E29C16,1941,16,1941-03-18,1941.    Första kammaren. Nr 16,0,1,2026-10-06
E29O15,1941,15,1941-03-12,1941.    Andra kammaren. Nr 15,66,3,2026-10-06
E29C18,1941,18,1941-03-24,1941.    Första kammaren. Nr 18,0,1,2026-10-06
E29O18,1941,18,1941-03-24,1941.    Andra kammaren. Nr 18,0,1,2026-10-06
E29O17,1941,17,1941-03-19,1941. Andra kammaren. Nr 17,51,3,2026-10-06
E29O20,1941,20,1941-03-31,RIKSDAGENS PROTOKOLL,0,1,2026-10-06
E29C19,1941,19,1941-03-26,1941.    Första kammaren,39,5,2026-10-06
E29C20,1941,20,1941-04-01,1941.    Första kammaren. Nr 20,0,1,2026-10-06
E29O21,1941,21,1941-04-01,1941. Andra kammaren. Nr 21,6,0,2026-10-06
E29O19,1941,19,1941-03-26,1941.    Andra kammaren. Nr 19,83,3,2026-10-06
E29C22,1941,22,1941-04-03,RIKSDAGENS PROTOKOLL,16,0,2026-10-06
E29C23,1941,23,1941-04-22,RIKSDAGENS PROTOKOLL,0,1,2026-10-06
E29O23,1941,23,1941-04-03,1941.    Andra kammaren. Nr 23,15,0,2026-10-06
E29O24,1941,24,1941-04-22,1941. Andra kammaren. Nr 24,2,0,2026-10-06
E29C24,1941,24,1941-04-22,RIKSDAGENS PROTOKOLL,56,2,2026-10-06
E29C25,1941,25,1941-04-26,1941.    Första kammaren. Nr 25,0,1,2026-10-06
E29O25,1941,25,1941-04-22,1941.    Andra kammaren. Nr 25,75,1,2026-10-06
E29O29,1941,29,1941-04-24,1941.    Andra kammaren. Nr 29,0,1,2026-10-06
E29C27,1941,27,1941-05-05,1941. Första kammaren. . Nr 27,0,1,2026-10-06
E29C26,1941,26,1941-04-30,RIKSDAGENS PROTOKOLL,28,1,2026-10-06
E29O26,1941,26,1941-04-30,1941.    Andra kammaren. Nr 26,7,0,2026-10-06
E29O27,1941,27,1941-05-06,1941. Andra kammaren. Nr 27,0,1,2026-10-06
E29C28,1941,28,1941-05-07,1941.    Första kammaren. Nr 28,5,1,2026-10-06
E29O28,1941,28,1941-05-06,1941.    Ändra kammaren. Nr 28,43,0,2026-10-06
E29C29,1941,29,1941-05-07,1941.    Första kammaren. Nr 29,36,1,2026-10-06
E29O30,1941,30,1941-05-10,1941.    Andra kammaren. Nr 30,44,0,2026-10-06
E29O31,1941,31,1941-05-21,RIKSDAGENS PROTOKOLL,62,2,2026-10-06
E29C32,1941,32,1941-05-25,1941. Första kammaren. Nr 32,7,0,2026-10-06
E29C31,1941,31,1941-05-24,1941. Första kammaren. Nr 31,57,1,2026-10-06
E29O34,1941,34,1941-06-03,1941.    Andra kammaren. Nr 34,0,1,2026-10-06
E29O32,1941,32,1941-05-25,Andra kammaren. Nr 32,18,0,2026-10-06
E29C36,1941,36,1941-06-05,RIKSDAGENS PROTOKOLL,0,0,2026-10-06
E29O37,1941,37,1941-06-11,1941. Andra kammaren. Nr 37,85,1,2026-10-06
E29O39,1941,39,1941-06-18,1941. Andra kammaren. Nr 39,40,0,2026-10-06
E29C39,1941,39,1941-06-18,RIKSDAGENS PROTOKOLL,84,1,2026-10-06
E29C41,1941,41,1941-06-20,RIKSDAGENS PROTOKOLL,45,14,2026-10-06
E29O41,1941,41,1941-06-20,1941.    Andra kammaren. Nr 41,58,11,2026-10-06
E29C42,1941,42,1941-06-25,1941.    Första kammaren. Nr 42,23,0,2026-10-06
E29O42,1941,42,1941-06-25,1941. Andra kammaren. Nr 42,37,0,2026-10-06
E29C43,1941,43,1941-07-01,RIKSDAGENS PROTOKOLL,25,1,2026-10-06
E29O43,1941,43,1941-07-01,1941.    Andra kammaren. Nr 43,29,1,2026-10-06
e29p44,1941,44,1941-07-14,1941.    Andra kammaren. Nr 44,19,3,2026-10-06
e29d45,1941,45,1941-10-29,RIKSDAGENS PROTOKOLL,12,0,2026-10-06
e29d44,1941,44,1941-07-14,RIKSDAGENS PROTOKOLL,16,1,2026-10-06
e29p47,1941,47,1941-11-15,1941.    Andra kammaren. Nr 47,8,0,2026-10-06
e29p46,1941,46,1941-11-05,1941.    Andra kammaren. Nr 46,28,1,2026-10-06
e29p48,1941,48,1941-11-26,RIKSDAGENS PROTOKOLL,6,4,2026-10-06
e29p49,1941,49,1941-11-28,RIKSDAGENS PROTOKOLL,7,0,2026-10-06
e29d49,1941,49,1941-12-03,RIKSDAGENS PROTOKOLL,9,0,2026-10-06
e29d50,1941,50,1941-12-09,1941.    Första kammaren. Nr 50,3,0,2026-10-06
e29p50,1941,50,1941-12-10,RIKSDAGENS PROTOKOLL,28,0,2026-10-06
e390beslut,1942,beslut,1942-01-01,Riksdagsbeslutet 1942,0,1,2026-10-06
e29d51,1941,51,1941-12-30,RIKSDAGENS PROTOKOLL,87,0,2026-10-06
e29p51,1941,51,1941-12-20,1941.    Andra kammaren. Nr 51,89,0,2026-10-06
E39O5,1942,5,1942-01-28,1942. Andra kammaren. Nr 5,5,0,2026-10-06
E39C3,1942,3,1942-01-17,1942. Första kammaren. Nr 3,30,1,2026-10-06
E39O9,1942,9,1942-02-24,1942. Andra kammaren. Nr 9,11,0,2026-10-06
E39O11,1942,11,1942-03-10,1942. Andra kammaren. Nr II,60,1,2026-10-06
E39C12,1942,12,1942-03-13,1942. Första kammaren. Nr 12,123,0,2026-10-06
E39C13,1942,13,1942-03-20,1942. Färsta kammaren. Nr 13,81,2,2026-10-06
E39O13,1942,13,1942-03-21,1942.    Andra kammaren. Nr 13,81,0,2026-10-06
E39C17,1942,17,1942-05-02,RIKSDAGENS PROTOKOLL,46,4,2026-10-06
E39O15,1942,15,1942-04-21,1942. Andra kammaren. Nr 15,60,1,2026-10-06
E39O18,1942,18,1942-05-12,1942. Andra kammaren. Nr 18,69,6,2026-10-06
E39O1,1942,1,1942-01-08,1942.    Andra kammaren. Nr I,0,1,2026-10-06
E39C1,1942,1,1942-01-08,1942. Första kammaren. Nr I,1,0,2026-10-06
E39O2,1942,2,1942-01-16,1942.    Andra kammaren. Nr 2,0,1,2026-10-06
E39C2,1942,2,1942-01-16,1942. Första kammaren. Nr 2,1,0,2026-10-06
E39C4,1942,4,1942-01-24,1942.    Första kammaren. Nr 4,1,0,2026-10-06
E39C5,1942,5,1942-01-27,1942. Första kammaren. Nr 5,0,0,2026-10-06
E39O3,1942,3,1942-01-20,1942. Andra kammaren. Nr 3,20,2,2026-10-06
E39O4,1942,4,1942-01-24,1942.    Andra kammaren. Nr 4,8,4,2026-10-06
E39C6,1942,6,1942-02-04,1942. Första kammaren. Nr 6,2,0,2026-10-06
E39O6,1942,6,1942-02-07,1942. Andra kammaren. Nr 6,4,0,2026-10-06
E39C7,1942,7,1942-02-14,1942.    Första kammaren. Nr 7,0,0,2026-10-06
E39O7,1942,7,1942-02-14,1942.    Ändra kammaren. Nr 7,4,0,2026-10-06
E39O8,1942,8,1942-02-15,1942.    Andra kammaren. Nr 8,4,0,2026-10-06
E39C9,1942,9,1942-02-17,1942. Första kammaren. Nr 9,11,0,2026-10-06
E39C8,1942,8,1942-02-18,1942. Första kammaren. Nr 8,17,0,2026-10-06
E39O10,1942,10,1942-03-02,1942. Andra kammaren. Nr 10,46,1,2026-10-06
E39C10,1942,10,1942-03-04,1942. Första kammaren. Nr 10,30,0,2026-10-06
E39C11,1942,11,1942-03-11,1942. Första kammaren. Nr II,68,0,2026-10-06
E39O12,1942,12,1942-03-20,1942.    Andra kammaren. Nr 12,101,2,2026-10-06
E39O14,1942,14,1942-03-27,1942.    Andra kammaren. Nr 14,69,0,2026-10-06
E39C14,1942,14,1942-04-13,RIKSDAGENS PROTOKOLL,48,4,2026-10-06
E39O17,1942,17,1942-04-21,RIKSDAGENS PROTOKOLL,51,4,2026-10-06
E39C15,1942,15,1942-04-22,RIKSDAGENS PROTOKOLL;,34,0,2026-10-06
E39O16,1942,16,1942-04-28,1942. Andra kammaren. Nr 16,33,0,2026-10-06
E39C16,1942,16,1942-04-29,1942.    Första kammaren. Nr 16,32,1,2026-10-06
E39C18,1942,18,1942-05-08,1942. Första kammaren. Nr 18,46,1,2026-10-06
E39C19,1942,19,1942-05-18,1942. Första kammaren. Nr 19,55,0,2026-10-06
E39O19,1942,19,1942-05-22,1942. Andra kammaren. Nr 19,53,0,2026-10-06
E39C20,1942,20,1942-05-27,1942. Första kammaren. Nr 20,50,21,2026-10-06
E39O20,1942,20,1942-05-26,1942. Andra kammaren. Nr 20,55,24,2026-10-06
E39C21,1942,21,1942-06-02,1942. Första kammaren. Nr 21,46,1,2026-10-06
E39O21,1942,21,1942-06-03,1942.    Andra kammaren. Nr 21,71,0,2026-10-06
E39C22,1942,22,1942-06-10,RIKSDAGENS PROTOKOLL,108,1,2026-10-06
E39O22,1942,22,1942-06-10,1942.    Andra kammaren. Nr 22,80,0,2026-10-06
E39O25,1942,25,1942-06-10,1942. Andra kammaren. Nr 25,106,7,2026-10-06
E39C23,1942,23,1942-06-13,RIKSDAGENS PROTOKOLL,16,2,2026-10-06
E39O23,1942,23,1942-06-13,1942. Andra kammaren. Nr 23,30,0,2026-10-06
E39O24,1942,24,1942-06-17,1942. Andra kammaren. Nr 24,85,2,2026-10-06
E39C24,1942,24,1942-06-18,RIKSDAGENS PROTOKOLL,91,2,2026-10-06
E39C25,1942,25,1942-06-20,1942. Första kammaren. Nr 25,118,6,2026-10-06
E39C26,1942,26,1942-06-30,1942. Första kammaren. Nr 26,115,8,2026-10-06
E39O27,1942,27,1942-07-10,RIKSDAGENS PROTOKOLL,63,0,2026-10-06
E39C27,1942,27,1942-07-11,1942. Färsta kammaren. Nr 27,51,0,2026-10-06
e39d28,1942,28,1942-10-16,1942. Första kammaren. Nr 28,21,1,2026-10-06
E39O26,1942,26,1942-06-30,1942. Andra kammaren. Nr 26,142,7,2026-10-06
e39p28,1942,28,1942-11-03,1942. Andra kammaren. Nr 28,14,2,2026-10-06
e39d30,1942,30,1942-12-18,RIKSDAGENS PROTOKOLL,2,0,2026-10-06
e39d29,1942,29,1942-11-11,1942. Första kammaren. Nr 29,34,0,2026-10-06
e39p30,1942,30,1942-12-30,RIKSDAGENS PROTOKOLL,0,0,2026-10-06
e490beslut,1943,beslut,1943-01-01,Sveriges Riksdags Beslut,0,0,2026-10-06
e39p29,1942,29,1942-11-13,1942. Andra kammaren. Nr 29,53,0,2026-10-06
E49C6,1943,6,1943-02-16,RIKSDAGENS PROTOKOLL,3,0,2026-10-06
E49O6,1943,6,1943-02-13,1943.    Andra kammaren. Nr 6,14,0,2026-10-06
E49C2,1943,2,1943-01-15,1943. Första kammaren. Nr 2,17,2,2026-10-06
E49O7,1943,7,1943-02-23,1943.    Andra kammaren.    Nr 7,17,0,2026-10-06
E49O11,1943,11,1943-03-23,1943. Ändra kammaren. Nr II,69,3,2026-10-06
E49O10,1943,10,1943-03-16,1943. Andra kammaren. Nr 10,94,0,2026-10-06
E49O14,1943,14,1943-04-10,1943. Andra kammaren. Nr 14,64,4,2026-10-06
E49C14,1943,14,1943-04-10,1943. Första kammaren. Nr 14,58,3,2026-10-06
E49O17,1943,17,1943-05-15,1943. Andra kammaren. Nr 17,85,0,2026-10-06
E49O18,1943,18,1943-05-21,1943. Andra kammaren. Nr 18,52,0,2026-10-06
E49C18,1943,18,1943-05-21,1943. Första kammaren. Nr 18,56,0,2026-10-06
E49O20,1943,20,1943-05-29,1943. Andra kammaren. Nr 20,23,4,2026-10-06
E49O25,1943,25,1943-06-18,RIKSDAGENS PROTOKOLL,50,3,2026-10-06
E49O21,1943,21,1943-06-02,1943.    Andra kammaren. Nr 21,53,5,2026-10-06
E49O26,1943,26,1943-06-21,1943. Andra kammaren. Nr 26,101,16,2026-10-06
E49C26,1943,26,1943-06-21,1943. Första kammaren. Nr 26,65,14,2026-10-06
e49d34,1943,34,1943-12-04,1943. Första kammaren. Nr 34,34,0,2026-10-06
E49O1,1943,1,1943-01-12,1943.    Andra kammaren.    Nr I,1,0,2026-10-06
E49C1,1943,1,1943-01-13,1943. Första kammaren. Nr I,1,0,2026-10-06
e49d35,1943,35,1943-12-13,Första kammaren. Nr 35,86,5,2026-10-06
E49O2,1943,2,1943-01-18,RIKSDAGENS PROTOKOLL,12,2,2026-10-06
E49O3,1943,3,1943-01-22,1943.    Andra kammaren.    Nr 3,27,1,2026-10-06
E49O4,1943,4,1943-01-27,RIKSDAGENS PROTOKOLL,2,0,2026-10-06
E49C4,1943,4,1943-01-27,1943. Första kammaren. Nr 4,0,1,2026-10-06
E49C3,1943,3,1943-01-23,RIKSDAGENS PROTOKOLL,18,0,2026-10-06
E49C5,1943,5,1943-01-27,RIKSDAGENS PROTOKOLL,5,0,2026-10-06
E49C7,1943,7,1943-02-20,RIKSDAGENS PROTOKOLL,21,0,2026-10-06
E49O5,1943,5,1943-02-10,1943.    Ändra kammaren.    Kr 5,34,0,2026-10-06
E49C8,1943,8,1943-02-27,Kammaren sammanträdde kl. 4 e. m,25,1,2026-10-06
E49O8,1943,8,1943-03-05,RIKSDAGENS PROTOKOLL,32,1,2026-10-06
E49C9,1943,9,1943-03-10,1943. Första kammaren. Nr 9,32,0,2026-10-06
E49O9,1943,9,1943-03-06,1943.    Andra kammaren. Nr 9,65,0,2026-10-06
E49C11,1943,11,1943-03-22,1943. Första kammaren. Nr II,51,0,2026-10-06
E49C10,1943,10,1943-03-11,1943. Första kammaren. Nr 10,110,0,2026-10-06
E49C12,1943,12,1943-03-27,1943. Första kammaren. Nr !2,43,1,2026-10-06
E49C13,1943,13,1943-04-02,-RIKSDAGENS PROTOKOLL,14,0,2026-10-06
E49O12,1943,12,1943-03-30,RIKSDAGENS PROTOKOLL,31,2,2026-10-06
E49O13,1943,13,1943-04-07,RIKSDAGENS PROTOKOLL,42,0,2026-10-06
E49O15,1943,15,1943-05-04,1943. Andra kammaren. Nr 15,25,0,2026-10-06
E49C15,1943,15,1943-05-05,Kammaren sammanträdde kl. 4 e. m,3,0,2026-10-06
E49C16,1943,16,1943-05-05,RIKSDAGENS PROTOKOLL,28,0,2026-10-06
E49O16,1943,16,1943-05-12,1943. Andra kammaren. Nr 16,44,0,2026-10-06
E49O19,1943,19,1943-05-25,1943.    Andra kammaren. Nr 19,18,0,2026-10-06
E49C17,1943,17,1943-05-19,RIKSDAGENS PROTOKOLL,91,1,2026-10-06
E49C19,1943,19,1943-05-26,1943. Första kammaren. Nr 19,32,4,2026-10-06
E49C20,1943,20,1943-06-01,1943. Första kammaren. Nr 20,0,0,2026-10-06
E49C21,1943,21,1943-06-02,Kammaren sammanträdde kl. 11 f. m,43,0,2026-10-06
E49O22,1943,22,1943-06-08,1943. Andra kammaren. Nr 22,22,0,2026-10-06
E49C22,1943,22,1943-06-09,1943.    Första kammaren. Nr 22,13,1,2026-10-06
E49O24,1943,24,1943-06-17,RIKSDAGENS PROTOKOLL,82,0,2026-10-06
E49O23,1943,23,1943-06-09,RIKSDAGENS PROTOKOLL,71,8,2026-10-06
E49C23,1943,23,1943-06-09,1943. Första kammaren. Nr 23,61,7,2026-10-06
E49C24,1943,24,1943-06-17,KIKSDAGENS PROTOKOLL,76,1,2026-10-06
E49C25,1943,25,1943-06-19,RIKSDAGENS PROTOKOLL,94,5,2026-10-06
E49O27,1943,27,1943-06-21,RIKSDAGENS PROTOKOLL,71,2,2026-10-06
E49C27,1943,27,1943-07-05,1943. Första kammaren. Nr 27,51,0,2026-10-06
e49d29,1943,29,1943-10-25,1943. Första kammaren. Nr 29,2,0,2026-10-06
e49d28,1943,28,1943-10-06,1943. Första kammaren. Nr 28,22,0,2026-10-06
e49p28,1943,28,1943-10-20,1943. Andra kammaren. Nr 28,16,0,2026-10-06
e49p29,1943,29,1943-10-28,1943. Andra kammaren. Nr 29,1,0,2026-10-06
e49p30,1943,30,1943-11-03,1943.    Andra kammaren. Nr 30,10,0,2026-10-06
e49p31,1943,31,1943-11-05,Andra kammaren. Nr 31,13,1,2026-10-06
e49d30,1943,30,1943-11-06,RIKSDAGENS PROTOKOLL,14,0,2026-10-06
e49p32,1943,32,1943-11-25,■RIKSDAGENS PROTOKOLL,25,1,2026-10-06
e49d32,1943,32,1943-11-25,1943.    Första kammaren. Nr 32,34,0,2026-10-06
e49d31,1943,31,1943-11-17,RIKSDAGENS PROTOKOLL,11,0,2026-10-06
CI9O46,1885,46,1943-11-30,RIKSDAGENS PROTOKOLL,33,0,2026-10-06
e49d33,1943,33,1943-12-01,RIKSDAGENS PROTOKOLL,40,1,2026-10-06
e49p33,1943,33,1943-12-04,1943. Andra kammaren. Nr 33,31,0,2026-10-06
e49p36,1943,36,1943-12-15,1943.    Andra kammaren. Nr 36,0,0,2026-10-06
e49p34,1943,34,1943-12-11,1943. Andra kammaren. Nr 34,47,0,2026-10-06
e49d36,1943,36,1943-12-17,RIKSDAGENS PROTOKOLL,1,0,2026-10-06
e49p35,1943,35,1943-12-15,1943.    Andra kammaren. Nr 35,72,0,2026-10-06
e590beslut,1944,beslut,1944-01-01,Riksdagsbeslutet 1944,0,1,2026-10-06
E59O4,1944,4,1944-01-26,1944.    Ändra kammaren. Nr 4,6,0,2026-10-06
E59C5,1944,5,1944-02-08,Kammaren sammanträdde kl. 4 eftermiddagen,1,0,2026-10-06
E59C6,1944,6,1944-02-15,1944.    Första kammaren. Nr 6,15,1,2026-10-06
E59C8,1944,8,1944-02-26,1944. Första kammaren. Nr 8,21,1,2026-10-06
E59O7,1944,7,1944-02-19,1944. Andra kammaren. Nr 7,47,2,2026-10-06
E59O8,1944,8,1944-02-29,1944. Andra kammaren. Nr 8,28,0,2026-10-06
E59C14,1944,14,1944-04-18,1944. Första kammaren. Nr 14,36,1,2026-10-06
E59O12,1944,12,1944-03-28,1944.    Andra kammaren. Nr 12,113,3,2026-10-06
E59C15,1944,15,1944-04-25,1944.    Första kammaren. Nr 15,40,2,2026-10-06
E59C16,1944,16,1944-05-03,1944. Första kammaren. Nr 16,5,1,2026-10-06
E59O15,1944,15,1944-04-22,1944. Ändra kammaren. Nr 15,79,0,2026-10-06
E59O22,1944,22,1944-06-06,1944. Andra kammaren. Nr 22,36,2,2026-10-06
E59C23,1944,23,1944-06-10,RIKSDAGENS PROTOKOLL,40,0,2026-10-06
e59d30,1944,30,1944-11-08,Kammaren sammanträdde kl. 4 eftermiddagen,0,0,2026-10-06
E59O23,1944,23,1944-06-09,1944. Andra kammaren. Nr 23,74,0,2026-10-06
e59p31,1944,31,1944-11-15,1944. Andra kammaren. Nr 31,6,0,2026-10-06
E59O25,1944,25,1944-06-20,RIKSDAGENS PROTOKOLL,82,1,2026-10-06
e59p32,1944,32,1944-11-29,1944.    Andra kammaren. Nr 32,39,0,2026-10-06
e59d32,1944,32,1944-11-29,RIKSDAGENS PROTOKOLL,35,0,2026-10-06
e59p33,1944,33,1944-12-05,1944.    Andra kammaren. Nr 33,29,0,2026-10-06
e59d33,1944,33,1944-12-02,RIKSDAGENS PROTOKOLL,26,1,2026-10-06
E59O1,1944,1,1944-01-05,1944.    Andra kammaren.    Nr I,1,0,2026-10-06
e59p34,1944,34,1944-12-12,1944.    Andra kammaren. Nr 34,26,3,2026-10-06
e59d34,1944,34,1944-12-12,1944. Första kammaren. Nr 34,27,1,2026-10-06
E59C1,1944,1,1944-01-05,1944.    Första kammaren.    Nr I,2,1,2026-10-06
E59O3,1944,3,1944-01-18,1944. Andra kammaren. Nr 3,3,0,2026-10-06
E59C4,1944,4,1944-01-22,1944.    Första kammaren. Nr 4,1,0,2026-10-06
E59C3,1944,3,1944-01-23,1944.    Första kammaren. Nr 3,1,0,2026-10-06
E59O2,1944,2,1944-01-14,1944. Andra kammaren. Nr 2,31,5,2026-10-06
E59C2,1944,2,1944-01-18,1944.    Första kammaren. Nr 2,29,4,2026-10-06
E59O5,1944,5,1944-02-09,1944.    Andra kammaren. Nr 5,9,0,2026-10-06
E59O6,1944,6,1944-02-11,1944.    Andra kammaren. Nr 6,14,3,2026-10-06
E59C7,1944,7,1944-02-23,RIKSDAGENS PROTOKOLL,36,0,2026-10-06
E59C9,1944,9,1944-03-07,1944. Första kammaren. Nr 9,38,0,2026-10-06
E59O9,1944,9,1944-03-07,1944. Andra kammaren. Nr 9,59,2,2026-10-06
E59C10,1944,10,1944-03-08,1944. Första kammaren. Nr 10,61,0,2026-10-06
E59C11,1944,11,1944-03-21,1944. Första kammaren. Nr Ii,72,5,2026-10-06
E59O10,1944,10,1944-03-13,1944. Andra kammaren. Nr 10,62,1,2026-10-06
E59C13,1944,13,1944-04-01,1944. Första kammaren. Nr 13,0,0,2026-10-06
E59O11,1944,11,1944-03-22,1944.    Andra kammaren. Nr II,95,4,2026-10-06
E59C12,1944,12,1944-03-29,RIKSDAGENS PROTOKOLL,132,1,2026-10-06
E59O14,1944,14,1944-04-19,1944.    Ändra kammaren. Nr 14,41,1,2026-10-06
E59O13,1944,13,1944-04-11,1944. Andra kammaren. Nr 13,33,0,2026-10-06
E59O16,1944,16,1944-05-03,1944. Andra kammaren. Nr 16,31,5,2026-10-06
E59O17,1944,17,1944-05-09,RIKSDAGENS PROTOKOLL,63,10,2026-10-06
E59C17,1944,17,1944-05-13,Kammaren sammanträdde kl. 4 eftermiddagen,71,2,2026-10-06
E59C18,1944,18,1944-05-15,RIKSDAGENS PROTOKOLL,83,2,2026-10-06
E59O18,1944,18,1944-05-16,1944.    Ändra kammaren. Nr 18,58,0,2026-10-06
E59O19,1944,19,1944-05-17,1944. Andra kammaren. Nr 19,92,4,2026-10-06
E59O20,1944,20,1944-05-31,1944. Andra kammaren. Nr 20,36,8,2026-10-06
E59C19,1944,19,1944-05-25,RIKSDAGENS PROTOKOLL,73,1,2026-10-06
E59C20,1944,20,1944-06-02,1944. Första kammaren. Nr 20,19,0,2026-10-06
E59O21,1944,21,1944-06-01,1944. Andra kammaren. Nr 21,49,0,2026-10-06
E59C21,1944,21,1944-06-06,RIKSDAGENS PROTOKOLL,45,0,2026-10-06
E59C22,1944,22,1944-06-08,RIKSDAGENS PROTOKOLL,68,0,2026-10-06
E59C24,1944,24,1944-06-13,RIKSDAGENS PROTOKOLL,91,2,2026-10-06
E59O24,1944,24,1944-06-14,1944. Andra kammaren. Nr 24,65,9,2026-10-06
E59C25,1944,25,1944-06-21,1944. Första kammaren. Nr 25,60,5,2026-10-06
E59C26,1944,26,1944-06-27,1944. Första kammaren. Nr 26,30,0,2026-10-06
E59O26,1944,26,1944-06-30,1944. Andra kammaren. Nr 26,71,10,2026-10-06
E59C27,1944,27,1944-07-18,1944. Första kammaren. Nr 27,43,0,2026-10-06
E59O27,1944,27,1944-07-18,RIKSDAGENS PROTOKOLL,38,0,2026-10-06
e59p28,1944,28,1944-10-13,1944.    Andra kammaren. Nr 28,18,0,2026-10-06
e59d28,1944,28,1944-10-30,1944.    Första kammaren. Nr 28,19,0,2026-10-06
e59d29,1944,29,1944-11-01,1944    Första kammaren. Nr 29,19,1,2026-10-06
e59p30,1944,30,1944-11-11,1944. Andra kammaren. Nr 30,0,0,2026-10-06
e59p29,1944,29,1944-11-04,RIKSDAGENS PROTOKOLL,12,0,2026-10-06
e59d31,1944,31,1944-11-13,1944. Första kammaren. Nr 31,6,0,2026-10-06
e59d35,1944,35,1944-12-29,1944. Första kammaren. Nr 35,1,0,2026-10-06
e59p35,1944,35,1944-12-30,1944. Andra kammaren. Nr 35,0,1,2026-10-06
E69O6,1945,6,1945-01-30,1945. Andra kammaren. Nr 6,3,0,2026-10-06
E69O3,1945,3,1945-01-17,1945.    Ändra kammaren. Nr 3,14,2,2026-10-06
E69O7,1945,7,1945-02-06,Tisdagen den 6 februari,20,0,2026-10-06
E69C8,1945,8,1945-02-10,1945.    Försia kammaren. Nr 8,2,0,2026-10-06
e690beslut,1945,beslut,1945-01-01,Riksdagsbeslutet 1965,0,1,2026-10-06
E69C11,1945,11,1945-03-03,1945. Första kammaren. Nr II,12,0,2026-10-06
E69C10,1945,10,1945-02-27,1945. Första kammaren. Nr 10,28,0,2026-10-06
E69O9,1945,9,1945-02-17,1945. Andra kammaren. Nr 9,42,0,2026-10-06
E69O18,1945,18,1945-04-21,RIKSDAGENS PROTOKOLL,108,0,2026-10-06
E69C22,1945,22,1945-05-19,1945. Första kammaren. Nr 22,61,1,2026-10-06
E69C18,1945,18,1945-04-21,1945.    Första kammaren. Nr 18,67,1,2026-10-06
E69O23,1945,23,1945-05-25,RIKSDAGENS PROTOKOLL,33,1,2026-10-06
E69C23,1945,23,1945-05-25,1945. Första kammaren. Nr 23,20,0,2026-10-06
E69O26,1945,26,1945-06-05,1945.    Andra kammaren. Nr 26,55,2,2026-10-06
e69d36,1945,36,1945-11-23,RIKSDAGENS PROTOKOLL,5,0,2026-10-06
E69O27,1945,27,1945-06-09,RIKSDAGENS PROTOKOLL,56,3,2026-10-06
E69O29,1945,29,1945-06-16,1945. Andra kammaren. Nr 29,42,0,2026-10-06
e69d37,1945,37,1945-11-28,RIKSDAGENS PROTOKOLL,23,0,2026-10-06
E69C1,1945,1,1945-01-04,1945. Första kammaren. Nr I,1,0,2026-10-06
E69O1,1945,1,1945-01-12,1945.    Ändra kammaren. Nr i,2,0,2026-10-06
E69C2,1945,2,1945-01-15,1945. Färsta kammaren. Nr 2,1,0,2026-10-06
E69O2,1945,2,1945-01-16,1945. Andra kammaren. Nr 2,1,0,2026-10-06
e69p42,1945,42,1945-12-15,RIKSDAGENS PROTOKOLL,42,2,2026-10-06
E69C4,1945,4,1945-01-22,RIKSDAGENS PROTOKOLL,14,0,2026-10-06
E69C3,1945,3,1945-01-17,RIKSDAGENS PROTOKOLL,20,2,2026-10-06
E69O4,1945,4,1945-01-22,1945. Andra kammaren. Nr 4,13,1,2026-10-06
E69C5,1945,5,1945-01-27,1945. Första kammaren. Nr 5,0,1,2026-10-06
E69O5,1945,5,1945-01-27,945. Ändra kammaren. Nr 5,0,1,2026-10-06
E69C6,1945,6,1945-02-03,1945. Första kammaren. Nr 6,0,0,2026-10-06
E69C7,1945,7,1945-02-07,RIKSDAGENS PROTOKOLL,22,0,2026-10-06
E69O8,1945,8,1945-02-14,1945. Ändra kammaren. Nr 8,13,0,2026-10-06
E69C9,1945,9,1945-02-20,1945. Första kammaren. Nr 9,14,0,2026-10-06
E69O11,1945,11,1945-03-06,1945. Andra kammaren. Nr II,13,0,2026-10-06
E69O10,1945,10,1945-02-28,RIKSDAGENS PROTOKOLL,43,0,2026-10-06
E69O12,1945,12,1945-03-14,1945. Andra kammaren. Nr 12,49,3,2026-10-06
E69C12,1945,12,1945-03-17,1945. Första kammaren. Nr 12,43,0,2026-10-06
E69C14,1945,14,1945-04-04,1945. Första kammaren. Nr 14,0,0,2026-10-06
E69O13,1945,13,1945-03-21,1945. Andra kammaren. Nr 13,101,7,2026-10-06
E69O14,1945,14,1945-04-07,1945. Ändra kammaren. Nr 14,23,0,2026-10-06
E69C13,1945,13,1945-03-21,RIKSDAGENS PROTOKOLL,117,4,2026-10-06
E69O15,1945,15,1945-04-11,1945.    Andra kammaren. Nr 15,89,3,2026-10-06
E69C15,1945,15,1945-04-11,1945. Första kammaren. Nr 15,85,0,2026-10-06
E69O16,1945,16,1945-04-18,1945. Andra kammaren. Nr 16,95,8,2026-10-06
E69C16,1945,16,1945-04-18,1945. Första kammaren. Nr 16,128,0,2026-10-06
E69C17,1945,17,1945-04-19,1945. Första kammaren. Nr 17,26,0,2026-10-06
E69O17,1945,17,1945-04-19,RIKSDAGENS PROTOKOLL,46,2,2026-10-06
E69C19,1945,19,1945-05-02,RIKSDAGENS PROTOKOLL,41,9,2026-10-06
E69O19,1945,19,1945-05-05,1945. Andra kammaren. Nr 19,89,6,2026-10-06
E69O20,1945,20,1945-05-09,RIKSDAGENS PROTOKOLL,55,0,2026-10-06
E69C20,1945,20,1945-05-09,RIKSDAGENS PROTOKOLL,46,0,2026-10-06
E69C21,1945,21,1945-05-15,1945. Första kammaren. Nr 21,37,0,2026-10-06
E69O21,1945,21,1945-05-17,RIKSDAGENS PROTOKOLL,100,3,2026-10-06
E69O22,1945,22,1945-05-23,RIKSDAGENS PROTOKOLL,78,1,2026-10-06
E69C24,1945,24,1945-05-28,1945. Första kammaren. Nr 24,68,0,2026-10-06
E69O24,1945,24,1945-05-30,1945.    Andra kammaren. Nr 24,63,1,2026-10-06
E69C25,1945,25,1945-06-02,RIKSDAGENS PROTOKOLL,54,3,2026-10-06
E69O25,1945,25,1945-06-02,1945. Andra kammaren. Nr 25,47,2,2026-10-06
E69C26,1945,26,1945-06-07,1945. Första kammaren. Nr 26,27,1,2026-10-06
E69O28,1945,28,1945-06-07,RIKSDAGENS PROTOKOLL,74,1,2026-10-06
E69C27,1945,27,1945-06-12,RIKSDAGENS PROTOKOLL,28,0,2026-10-06
E69C29,1945,29,1945-06-18,RIKSDAGENS PROTOKOLL,34,1,2026-10-06
E69C28,1945,28,1945-06-15,RIKSDAGENS PROTOKOLL,70,0,2026-10-06
E69C30,1945,30,1945-06-21,1945. Första kammaren. Nr 30,78,2,2026-10-06
E69O31,1945,31,1945-06-21,1945.    Andra kammaren. Nr 31,49,8,2026-10-06
E69O30,1945,30,1945-06-21,RIKSDAGENS PROTOKOLL,77,2,2026-10-06
E69C31,1945,31,1945-06-25,1945. Färsta kammaren. Nr 31,73,7,2026-10-06
E69O33,1945,33,1945-07-03,RIKSDAGENS PROTOKOLL,50,0,2026-10-06
e69d33,1945,33,1945-10-18,RIKSDAGENS PROTOKOLL,0,0,2026-10-06
e69p35,1945,35,1945-10-18,1945.    Andra kammaren. Nr35,0,0,2026-10-06
E69O32,1945,32,1945-06-28,1945. Andra kammaren. Nr 32,116,1,2026-10-06
e69d34,1945,34,1945-11-08,1945. Första kammaren. Nr 34,20,0,2026-10-06
e69d32,1945,32,1945-10-22,1945. Första kammaren. Nr 32,42,4,2026-10-06
e69p36,1945,36,1945-11-14,1945. Andra kammaren. Nr 36,9,0,2026-10-06
e69p34,1945,34,1945-10-22,1945. Andra kammaren. Nr 34,29,5,2026-10-06
e69p37,1945,37,1945-11-20,945. Andra kammaren. Nr 37,9,0,2026-10-06
e69d35,1945,35,1945-11-21,RIKSDAGENS PROTOKOLL,7,0,2026-10-06
e69p38,1945,38,1945-11-24,1945. Andra kammaren. Nr 38,11,0,2026-10-06
e69p39,1945,39,1945-11-28,RIKSDAGENS PROTOKOLL,31,2,2026-10-06
e69d38,1945,38,1945-12-07,1945. Första kammaren. Nr 38,30,2,2026-10-06
e69d39,1945,39,1945-12-14,RIKSDAGENS PROTOKOLL,29,0,2026-10-06
e69p40,1945,40,1945-12-11,1945.    Andra kammaren. Nr 40,35,5,2026-10-06
e69p41,1945,41,1945-12-14,1945.    Andra kammaren. Nr 41,66,0,2026-10-06
e69d40,1945,40,1945-12-17,RIKSDAGENS PROTOKOLL,51,0,2026-10-06
e69d41,1945,41,1945-12-29,1945. Första kammaren. Nr 41,61,0,2026-10-06
E79C7,1946,7,1946-02-09,RIKSDAGENS PROTOKOLL,4,0,2026-10-06
e69p43,1945,43,1945-12-29,1945. Andra kammaren. Nr 43,77,9,2026-10-06
E79O3,1946,3,1946-01-18,1946. Andra kammaren. Nr 3,27,0,2026-10-06
E79O7,1946,7,1946-02-09,1946.    Andra kammaren. Nr 7,7,1,2026-10-06
E79C13,1946,13,1946-03-23,1946. Första kammaren. Nr 13,59,11,2026-10-06
E79C11,1946,11,1946-03-09,1946.    Första kammaren. Nr II,39,1,2026-10-06
E79O11,1946,11,1946-03-09,1946.    Andra kammaren. Nr II,64,0,2026-10-06
E79C16,1946,16,1946-04-25,1946. Första kammaren. Nr 16,0,0,2026-10-06
E79O13,1946,13,1946-03-23,1946.    Andra kammaren. Nr 13,60,10,2026-10-06
E79O16,1946,16,1946-04-25,RIKSDAGENS PROTOKOLL,6,0,2026-10-06
E79O15,1946,15,1946-04-06,1946.    Andra kammaren. Nr 15,93,9,2026-10-06
E79C18,1946,18,1946-05-08,1946. Första kammaren. Nr 18,44,0,2026-10-06
E79C21,1946,21,1946-05-28,RIKSDAGENS PROTOKOLL,50,1,2026-10-06
E79O20,1946,20,1946-05-11,RIKSDAGENS PROTOKOLL,86,0,2026-10-06
E79O22,1946,22,1946-05-25,RIKSDAGENS PROTOKOLL,66,2,2026-10-06
E79O23,1946,23,1946-06-01,1946. Andra kammaren. Nr 23,70,4,2026-10-06
E79C24,1946,24,1946-06-15,1948. Första kammaren. Nr 24,73,0,2026-10-06
E79O27,1946,27,1946-06-20,1946. Andra kammaren. Nr 27,26,2,2026-10-06
E79C27,1946,27,1946-06-26,1946. Första kammaren. Nr 27,96,1,2026-10-06
E79C28,1946,28,1946-06-27,1946. Första kammaren. Nr 28,43,2,2026-10-06
E79O28,1946,28,1946-06-26,1946. Andra kammaren. Nr 28,81,3,2026-10-06
E79C29,1946,29,1946-06-28,1946. Första kammaren. Nr 29,62,19,2026-10-06
E79O29,1946,29,1946-06-27,RIKSDAGENS PROTOKOLL,41,0,2026-10-06
E79O30,1946,30,1946-06-28,1946. Andra kammaren. Nr 30,53,16,2026-10-06
e79d34,1946,34,1946-10-29,RIKSDAGENS PROTOKOLL,12,0,2026-10-06
e79d31,1946,31,1946-10-10,1946. Första kammaren. Nr 31,28,7,2026-10-06
e79d37,1946,37,1946-11-19,RIKSDAGENS PROTOKOLL,35,0,2026-10-06
e79d36,1946,36,1946-11-12,1946. Första kammaren. Nr 36,32,4,2026-10-06
e79p37,1946,37,1946-11-16,RIKSDAGENS PROTOKOLL,48,0,2026-10-06
e79p39,1946,39,1946-11-30,1946. Andra kammaren. Nr 39,36,1,2026-10-06
E79C1,1946,1,1946-01-07,1946.    Första kammaren. Nr I,2,1,2026-10-06
e79p40,1946,40,1946-12-07,1946. Andra kammaren. Nr 40,24,1,2026-10-06
E79O1,1946,1,1946-01-16,1946.    Andra kammaren.    Nr I,1,0,2026-10-06
E79O2,1946,2,1946-01-17,RIKSDAGENS PROTOKOLL,14,4,2026-10-06
E79C3,1946,3,1946-01-22,1946.    Första kammaren. Nr 3,18,2,2026-10-06
E79C2,1946,2,1946-01-17,1946. Första kammaren. Nr 2,16,2,2026-10-06
E79O4,1946,4,1946-01-23,1946.    Ändra kammaren. Nr 4,0,1,2026-10-06
E79C4,1946,4,1946-01-25,1946. Första kammaren. Nr 4,0,0,2026-10-06
E79O5,1946,5,1946-01-30,946.    Andra kammaren. Nr 5,0,1,2026-10-06
E79C5,1946,5,1946-02-02,1946. Första kammaren. Nr 5,0,1,2026-10-06
E79O6,1946,6,1946-02-03,RIKSDAGENS PROTOKOLL,5,0,2026-10-06
E79C6,1946,6,1946-02-06,RIKSDAGENS PROTOKOLL,8,0,2026-10-06
E79O8,1946,8,1946-02-20,1946.    Andra kammaren. Nr 8,22,6,2026-10-06
E79C8,1946,8,1946-02-20,1946. Första kammaren. Nr 8,20,0,2026-10-06
E79C9,1946,9,1946-02-21,1946. Första kammaren. Nr 9,40,2,2026-10-06
E79C10,1946,10,1946-03-06,1946. Första kammaren. Nr 10,30,1,2026-10-06
E79O9,1946,9,1946-02-26,1946. Andra kammaren. Nr 9,47,1,2026-10-06
E79O10,1946,10,1946-03-06,1946.    Andra kammaren. Nr 10,18,0,2026-10-06
E79C14,1946,14,1946-03-08,RIKSDAGENS PROTOKOLL,55,2,2026-10-06
E79C12,1946,12,1946-03-20,RIKSDAGENS PROTOKOLL,75,8,2026-10-06
E79O12,1946,12,1946-03-20,1946. Andra kammaren. Nr 12,61,3,2026-10-06
E79O14,1946,14,1946-04-03,RIKSDAGENS PROTOKOLL,71,2,2026-10-06
E79C15,1946,15,1946-04-10,RIKSDAGENS PROTOKOLL,61,4,2026-10-06
E79O17,1946,17,1946-04-24,1946.    Andra kammaren. Nr 17,2,0,2026-10-06
E79O18,1946,18,1946-04-30,1946. Andra kammaren. Nr 18,27,2,2026-10-06
E79C17,1946,17,1946-05-03,Första kammaren. Nr 17,17,0,2026-10-06
E79O19,1946,19,1946-05-08,1946.    Andra kammaren. Nr 19,68,1,2026-10-06
E79C19,1946,19,1946-05-18,1946. Första kammaren. Nr 19,97,1,2026-10-06
E79C20,1946,20,1946-05-25,RIKSDAGENS PROTOKOLL,40,8,2026-10-06
E79O21,1946,21,1946-05-22,1946.    Andra kammaren. Nr 21,64,8,2026-10-06
E79O24,1946,24,1946-06-12,1946.    Andra kammaren. Nr 24,78,1,2026-10-06
E79C23,1946,23,1946-06-13,1946. Första kammaren. Nr 23,93,3,2026-10-06
E79O25,1946,25,1946-06-18,1946. Andra kammaren. Nr 25,88,1,2026-10-06
E79C25,1946,25,1946-06-19,1946. Första kammaren. Nr 25,63,5,2026-10-06
E79C26,1946,26,1946-06-20,1946. Första kammaren. Nr 26,55,1,2026-10-06
E79O26,1946,26,1946-06-19,1946.    Andra kammaren. Nr 26,28,0,2026-10-06
E79C30,1946,30,1946-06-30,1946. Första kammaren. Nr 30,24,1,2026-10-06
e790beslut,1946,beslut,1946-10-07,Riksdagsbeslutet 1946,0,1,2026-10-06
E79O31,1946,31,1946-07-06,1946.    Andra kammaren. Nr 31,46,4,2026-10-06
E79C22,1946,22,1946-08-01,RIKSDAGENS PROTOKOLL,61,3,2026-10-06
e79d32,1946,32,1946-10-18,RIKSDAGENS PROTOKOLL,8,2,2026-10-06
e79p33,1946,33,1946-10-23,RIKSDAGENS PROTOKOLL,0,0,2026-10-06
e79d33,1946,33,1946-10-26,RIKSDAGENS PROTOKOLL,1,0,2026-10-06
e79p34,1946,34,1946-10-30,1946. Ändra kammaren. Nr 34,2,0,2026-10-06
e79p32,1946,32,1946-10-08,1946. Andra kammaren. Nr 32,20,5,2026-10-06
e79p35,1946,35,1946-11-02,1946. Andra kammaren. Nr 35,2,0,2026-10-06
e79d35,1946,35,1946-11-09,RIKSDAGENS PROTOKOLL,1,0,2026-10-06
e79p38,1946,38,1946-11-21,1946. Andra kammaren. Nr 38,21,0,2026-10-06
e79p36,1946,36,1946-11-11,1946. Andra kammaren. Nr 36,23,7,2026-10-06
e79d38,1946,38,1946-11-27,RIKSDAGENS PROTOKOLL,31,0,2026-10-06
e79d39,1946,39,1946-12-03,1946. Första kammaren. Nr 39,34,3,2026-10-06
e79d41,1946,41,1946-12-14,RIKSDAGENS PROTOKOLL,29,1,2026-10-06
e79d40,1946,40,1946-12-11,1946. Första kammaren. Nr 40,34,1,2026-10-06
e79p41,1946,41,1946-12-17,1946. Andra kammaren. Nr 41,50,2,2026-10-06
e79d42,1946,42,1946-12-17,1946. Första kammaren. Nr 42,35,2,2026-10-06
e79p42,1946,42,1946-12-18,1946.    Andra kammaren. Nr 42,64,3,2026-10-06
e79d43,1946,43,1946-12-19,RIKSDAGENS PROTOKOLL,81,9,2026-10-06
e890beslut,1947,beslut,1947-01-01,Riksdagsbeslutet 1947,0,1,2026-10-06
e79p43,1946,43,1946-12-28,RIKSDAGENS PROTOKOLL,49,7,2026-10-06
E89O1,1947,1,1947-01-10,1947.    Andra kammaren.    Nr I,1,0,2026-10-06
E89C10,1947,10,1947-03-04,1947. Första kammaren. Nr 10,10,0,2026-10-06
E89O15,1947,15,1947-04-10,1947.    Andra kammaren. Nr 15,3,0,2026-10-06
E89C11,1947,11,1947-03-11,1947. Första kammaren. Nr II,58,4,2026-10-06
E89O14,1947,14,1947-03-22,RIKSDAGENS PROTOKOLL,50,1,2026-10-06
E89O20,1947,20,1947-05-03,RIKSDAGENS PROTOKOLL,5,0,2026-10-06
E89C20,1947,20,1947-05-03,RIKSDAGENS PROTOKOLL,7,0,2026-10-06
E89C19,1947,19,1947-04-26,1947. Första kammaren. Nr 19,43,2,2026-10-06
E89O21,1947,21,1947-05-06,1947.    Andra kammaren. Nr 21,19,0,2026-10-06
E89C21,1947,21,1947-05-07,1947. Första kammaren. Nr 21,9,1,2026-10-06
E89O27,1947,27,1947-06-13,1947.    Andra kammaren. Nr 27,3,0,2026-10-06
E89C27,1947,27,1947-06-20,RIKSDAGENS PROTOKOLL,1,1,2026-10-06
E89O22,1947,22,1947-05-09,1947.    Andra kammaren. Nr 22,58,4,2026-10-06
E89O28,1947,28,1947-06-17,RIKSDAGENS PROTOKOLL,55,8,2026-10-06
E89C28,1947,28,1947-06-18,RIKSDAGENS PROTOKOLL,65,11,2026-10-06
E89O29,1947,29,1947-06-20,1947. Andra kammaren. Nr 29,31,0,2026-10-06
E89O32,1947,32,1947-07-02,1947. Andra kammaren. Nr 32,35,0,2026-10-06
E89C1,1947,1,1947-01-09,1947. Första kammaren. Nr I,2,0,2026-10-06
E89O34,1947,34,1947-07-09,RIKSDAGENS PROTOKOLL,75,30,2026-10-06
E89C34,1947,34,1947-07-09,RIKSDAGENS PROTOKOLL,69,40,2026-10-06
E89C2,1947,2,1947-01-15,RIKSDAGENS PROTOKOLL,13,5,2026-10-06
E89C3,1947,3,1947-01-17,RIKSDAGENS PROTOKOLL,13,6,2026-10-06
E89O2,1947,2,1947-01-17,1947.    Andra kammaren. Nr 2,11,7,2026-10-06
E89O3,1947,3,1947-01-18,RIKSDAGENS PROTOKOLL,16,3,2026-10-06
E89O4,1947,4,1947-01-22,1947. Andra kammaren. Nr 4,0,1,2026-10-06
E89C4,1947,4,1947-01-23,1947. Första kammaren. Nr 4,0,1,2026-10-06
E89O5,1947,5,1947-01-29,1947. Andra kammaren. Nr 5,4,0,2026-10-06
E89C5,1947,5,1947-01-29,1947.    Första kammaren. Nr 5,2,1,2026-10-06
E89C6,1947,6,1947-02-04,RIKSDAGENS PROTOKOLL,0,0,2026-10-06
E89O6,1947,6,1947-01-29,1947. Andra kammaren. Nr 6,3,0,2026-10-06
E89O8,1947,8,1947-02-15,1947.    Andra kammaren. Nr 8,3,0,2026-10-06
E89O7,1947,7,1947-02-11,RIKSDAGENS PROTOKOLL,41,0,2026-10-06
E89C7,1947,7,1947-02-12,RIKSDAGENS PROTOKOLL,20,0,2026-10-06
E89C8,1947,8,1947-02-17,1947. Första kammaren. Nr 8,4,0,2026-10-06
E89O10,1947,10,1947-03-05,1947.    Andra kammaren. Nr 10,44,0,2026-10-06
E89C9,1947,9,1947-02-28,1947. Första kammaren. Nr 9,39,0,2026-10-06
E89O9,1947,9,1947-02-26,1947. Andra kammaren. Nr 9,44,0,2026-10-06
E89O11,1947,11,1947-03-12,1947. Andra kammaren. Nr II,76,7,2026-10-06
E89C12,1947,12,1947-03-19,1947. Första kammaren. Nr 12,33,2,2026-10-06
E89O12,1947,12,1947-03-19,1947. Andra kammaren. Nr 12,16,5,2026-10-06
E89O13,1947,13,1947-03-21,1947. Andra kammaren. Nr 13,33,0,2026-10-06
E89C13,1947,13,1947-03-21,1947. Första kammaren. Nr 13,41,0,2026-10-06
E89C14,1947,14,1947-03-26,RIKSDAGENS PROTOKOLL,46,0,2026-10-06
E89C15,1947,15,1947-04-09,Kammaren sammanträdde kl. 2 eftermiddagen,0,0,2026-10-06
E89C17,1947,17,1947-04-15,1947. Första kammaren. Nr 17,6,0,2026-10-06
E89O16,1947,16,1947-04-16,1947.    Andra kammaren. Nr 16,19,2,2026-10-06
E89C16,1947,16,1947-04-16,RIKSDAGENS PROTOKOLL,19,2,2026-10-06
E89O17,1947,17,1947-04-17,RIKSDAGENS PROTOKOLL,17,1,2026-10-06
E89O18,1947,18,1947-04-23,1947. Andra kammaren. Nr 18,69,10,2026-10-06
E89C18,1947,18,1947-04-23,1947. Första kammaren. Nr 18,55,4,2026-10-06
E89O19,1947,19,1947-05-02,RIKSDAGENS PROTOKOLL,36,1,2026-10-06
E89C22,1947,22,1947-05-16,RIKSDAGENS PROTOKOLL,27,4,2026-10-06
E89C23,1947,23,1947-05-16,1947. Första kammaren. Nr23,28,3,2026-10-06
E89O23,1947,23,1947-05-16,Andra kammaren. Nr 23,57,0,2026-10-06
E89C24,1947,24,1947-05-27,RIKSDAGENS PROTOKOLL,50,6,2026-10-06
E89O24,1947,24,1947-05-28,RIKSDAGENS PROTOKOLL,56,2,2026-10-06
E89C25,1947,25,1947-06-05,1947. Första kammaren. Nr 25,30,0,2026-10-06
E89O25,1947,25,1947-05-31,1947. Andra kammaren. Nr 25,71,3,2026-10-06
E89O26,1947,26,1947-06-09,1947.    Andra kammaren. Nr 26,73,2,2026-10-06
E89O31,1947,31,1947-06-10,1947.    Andra kammaren. Nr 31,49,14,2026-10-06
E89C26,1947,26,1947-06-09,1947. Första kammaren. Nr 26,98,4,2026-10-06
E89C29,1947,29,1947-06-20,1947. Första kammaren. Nr 29,63,1,2026-10-06
E89C31,1947,31,1947-06-30,RIKSDAGENS PROTOKOLL,54,0,2026-10-06
E89O30,1947,30,1947-06-29,RIKSDAGENS PROTOKOLL,72,0,2026-10-06
E89C30,1947,30,1947-06-29,RIKSDAGENS PROTOKOLL,50,8,2026-10-06
E89C32,1947,32,1947-07-01,RIKSDAGENS PROTOKOLL,31,0,2026-10-06
E89C33,1947,33,1947-07-05,1947. Första kammaren. Nr 33,25,1,2026-10-06
E89O33,1947,33,1947-07-08,1947. Andra kammaren. Nr 33,28,1,2026-10-06
E89O35,1947,35,1947-07-14,1947. Andra kammaren. Nr 35,54,4,2026-10-06
E89O36,1947,36,1947-07-23,1947. Andra kammaren. Nr 36,45,4,2026-10-06
E89C35,1947,35,1947-07-15,RIKSDAGENS PROTOKOLL,66,3,2026-10-06
E89O37,1947,37,1947-12-08,1947. Andra kammaren. Nr 37,0,1,2026-10-06
E89C36,1947,36,1947-07-23,1947. Första kammaren. Nr 36,51,1,2026-10-06
E89C37,1947,37,1947-12-09,1947. Första kammaren. Nr 37,2,0,2026-10-06
e990beslut,1948,beslut,1948-01-01,Riksdagsbeslutet 1948,0,0,2026-10-06
E99C1,1948,1,1948-01-10,1948    FÖRSTA KAMMAREN    Nr 1,3,0,2026-10-06
E99O4,1948,4,1948-01-22,1948    ANDRA KAM MÅR E N    Nr 4,31,0,2026-10-06
E99O5,1948,5,1948-01-31,Lördagen den 31 januari,22,1,2026-10-06
E99O8,1948,8,1948-02-21,1948    ANDRA KAMMAREN    Nr 8,72,6,2026-10-06
E99O9,1948,9,1948-02-28,1948    ANDRA KAMMAREN    Nr 9,70,3,2026-10-06
E99C8,1948,8,1948-02-21,Debatter m. m.Lördagen den 21 februari,56,7,2026-10-06
E99C10,1948,10,1948-03-09,1948    FÖRSTA KAMMAREN    Nr 10,27,0,2026-10-06
E99O10,1948,10,1948-03-06,Interpellation av herr Jönsson i Rossbol ang. värdering avskador å skog genom kraftledningsanläggningar ........ 5,47,8,2026-10-06
E99C14,1948,14,1948-04-10,1948    FÖRSTA KAMMAREN    Nr 14,8,1,2026-10-06
E99O13,1948,13,1948-04-06,Tisdagen den 6 april,91,1,2026-10-06
E99O18,1948,18,1948-05-11,Svar på interpellationer av,47,2,2026-10-06
E99O15,1948,15,1948-04-17,Lördagen den 17 april,61,9,2026-10-06
E99C19,1948,19,1948-05-13,13—18 maj.Debatter m. m,57,0,2026-10-06
E99O21,1948,21,1948-05-22,1948    ANDRA KAMMAREN    Nr 21,67,11,2026-10-06
E99O22,1948,22,1948-05-29,1948    ANDRA KAMMAREN    Nr 22,52,3,2026-10-06
E99O25,1948,25,1948-06-19,1948    ANDRA KAMMAREN    Nr 25,64,0,2026-10-06
E99O26,1948,26,1948-06-26,Lördagen den 26 juni,54,3,2026-10-06
E99C25,1948,25,1948-06-19,19—25 juni.Debatter m. m,84,1,2026-10-06
E99C26,1948,26,1948-06-26,1948    FÖRSTA KAMMAREN    Nr 26,64,0,2026-10-06
E99O31,1948,31,1948-07-03,1948    ANDRA KAMMAREN    Nr 31,25,3,2026-10-06
E99C27,1948,27,1948-06-28,Måndagen den 28 juni,127,40,2026-10-06
E99C31,1948,31,1948-07-03,1948    FÖRSTA KAMMAREN    Nr 31,29,6,2026-10-06
e99d35,1948,35,1948-11-10,Onsdagen den 10 november.    5,0,0,2026-10-06
e99p36,1948,36,1948-11-13,Lördagen den 13 november,11,0,2026-10-06
e99d34,1948,34,1948-10-27,1948    FÖRSTA KAMMAREN    Nr 34,28,7,2026-10-06
e99d37,1948,37,1948-11-20,Lördagen den 20 november.    sjd,2,0,2026-10-06
E99O1,1948,1,1948-01-09,1948    ANDRA KAMMAREN    Nr 1,1,0,2026-10-06
E99C2,1948,2,1948-01-16,1948    FÖRSTA KAMMAREN    Nr 2,15,9,2026-10-06
E99O2,1948,2,1948-01-16,1948    ANDRA KAMMAREN    Nr 2,11,5,2026-10-06
E99C4,1948,4,1948-01-22,1948    FÖRSTA KAMMAREN    Nr 4,29,0,2026-10-06
E99O3,1948,3,1948-01-21,Tisdagen den 20 januari fin,30,9,2026-10-06
E99C16,1948,16,1948-01-27,27—28 april.Debatter m. m,39,1,2026-10-06
E99C3,1948,3,1948-01-23,Tisdagen den 20 januari förmiddagen,29,5,2026-10-06
E99O6,1948,6,1948-02-05,1948    ANDRA KAMMAREN    Nr 6,15,0,2026-10-06
E99C5,1948,5,1948-02-01,1948    FÖRSTA KAMMAREN    Nr 5,22,1,2026-10-06
E99C6,1948,6,1948-02-12,1948    FÖRSTA KAMMAREN    Nr 6,9,0,2026-10-06
E99O7,1948,7,1948-02-16,Lördagen den 14 februari,32,1,2026-10-06
E99C7,1948,7,1948-02-18,Tisdagen den 17 februari,11,0,2026-10-06
E99C9,1948,9,1948-02-28,1948    FÖRSTA KAMMAREN    Nr 9,28,0,2026-10-06
E99C12,1948,12,1948-03-19,1948    FÖRSTA KAMMAREN    Nr 12,0,0,2026-10-06
E99C11,1948,11,1948-03-17,Debatter in. in.Lördagen den 13 mars,89,0,2026-10-06
E99O12,1948,12,1948-04-03,1948    ANDRA KAMMAREN    Nr 12,9,0,2026-10-06
E99O11,1948,11,1948-03-20,INNEHÅLLLördagen den 13 mars,96,1,2026-10-06
E99C13,1948,13,1948-04-07,Tisdagen den 6 april,107,1,2026-10-06
E99O14,1948,14,1948-04-15,Tisdagen den 13 april,70,0,2026-10-06
E99C15,1948,15,1948-04-24,Tisdagen den 20 april,71,3,2026-10-06
E99O17,1948,17,1948-05-05,1948    ANDRA KAMMAREN    Nr 17,30,12,2026-10-06
E99O16,1948,16,1948-04-28,Lördagen den 24 april,74,1,2026-10-06
E99C17,1948,17,1948-05-07,Fredagen den 30 april,20,1,2026-10-06
E99O19,1948,19,1948-05-14,1948    ANDRA KAMMAREN    Nr 19,16,0,2026-10-06
E99C18,1948,18,1948-05-12,1948    FÖRSTA KAMMAREN    Nr 18,50,1,2026-10-06
E99C20,1948,20,1948-05-19,Onsdagen den 19 maj.    ^,67,2,2026-10-06
E99O20,1948,20,1948-05-19,1948    ANDRA KAMMAREN    Nr 20,58,5,2026-10-06
E99C21,1948,21,1948-05-26,"Interpellation av herr Anderson, Axel Ivar, ang. förordad återhållsamhet vid försäljning av obligationer",49,12,2026-10-06
E99C22,1948,22,1948-05-29,Lördagen den 29 maj.    sid,70,4,2026-10-06
E99O23,1948,23,1948-06-03,1948    ANDRA KAMMAREN    Nr 23,61,2,2026-10-06
E99C23,1948,23,1948-06-03,Tisdagen den 8 juni.    sid,50,2,2026-10-06
E99O24,1948,24,1948-06-16,Lördagen den 12 juni,95,20,2026-10-06
E99O27,1948,27,1948-06-26,1948    ANDRA KAMMAREN    Nr 27,45,12,2026-10-06
E99C24,1948,24,1948-06-18,Lördagen den 12 juni.    Sid,110,6,2026-10-06
E99O28,1948,28,1948-06-29,Tisdagen den 29 juni,22,0,2026-10-06
E99C28,1948,28,1948-06-29,1948    FÖRSTA KAMMAREN    Nr 28,10,0,2026-10-06
E99O29,1948,29,1948-07-01,1948    ANDRA KAMMAREN    Nr 29,56,1,2026-10-06
E99C29,1948,29,1948-07-01,Onsdagen den 30 juni.    s;d,100,0,2026-10-06
E99O30,1948,30,1948-07-02,1948    ANDRA KAMMAREN    Nr 30,82,0,2026-10-06
E99C32,1948,32,1948-07-19,Tisdagen den 20 juli,9,1,2026-10-06
E99C30,1948,30,1948-07-02,Svar på interpellation av herr Holmbäck ang. kungörandet av länsstyrelsernas resolutioner m. m............................... 3,74,2,2026-10-06
e99p33,1948,33,1948-10-18,Måndagen den 18 oktober,0,0,2026-10-06
e99d33,1948,33,1948-10-19,Måndagen den 18 oktober.    sid,3,0,2026-10-06
E99O32,1948,32,1948-07-20,1948    ANDRA KAMMAREN    Nr 32,53,10,2026-10-06
e99p35,1948,35,1948-11-08,Tisdagen den 9 november,8,0,2026-10-06
e99d36,1948,36,1948-11-17,1948    FÖRSTA KAMMAREN    Nr 36,7,0,2026-10-06
e99p37,1948,37,1948-11-24,Lördagen den 20 november,12,0,2026-10-06
e99p34,1948,34,1948-11-04,1948    ANDRA KAMMAREN    Nr 34,31,9,2026-10-06
e99p38,1948,38,1948-12-01,1948    ANDRA KAMMAREN    Nr 38,13,0,2026-10-06
e99d38,1948,38,1948-12-01,27 november—1 december,5,0,2026-10-06
e99p39,1948,39,1948-12-04,1948    ÄNDRA KAMMAREN    Nr 39,28,1,2026-10-06
e99d39,1948,39,1948-12-04,Lördagen den 4 december.    sid,7,0,2026-10-06
ea91beslut,1949,beslut,1949-01-01,Riksdagsbeslutet 1949,0,1,2026-10-06
EA9C7,1949,7,1949-02-22,Tisdagen den 22 februari,19,1,2026-10-06
e99p40,1948,40,1948-12-23,Lördagen den 11 december,95,7,2026-10-06
e99d40,1948,40,1948-12-23,1948    FÖRSTA KA Al MAREN    Nr 40,72,6,2026-10-06
EA9O12,1949,12,1949-03-29,Tisdagen den 29 mars,88,4,2026-10-06
EA9O13,1949,13,1949-04-05,Tisdagen den 5 april,70,1,2026-10-06
EA9O16,1949,16,1949-05-07,Svar på interpellation av herr Pettersson i Dahl ang. beredande avlättnad i trafiktillståndsgivningen för möjliggörande av ett bättreutnyttjande av bilparken,82,13,2026-10-06
EA9C20,1949,20,1949-05-24,Tisdagen den    24 maj.    Sid,86,33,2026-10-06
EA9O17,1949,17,1949-05-13,1949    ANDRA KAMMAREN    Nr 17,68,3,2026-10-06
EA9O20,1949,20,1949-05-24,1949    ANDRA KAMMAREN    Nr 20,82,48,2026-10-06
ea9d30,1949,30,1949-12-02,1949    FÖRSTA KAMMAREN    Nr 30,5,2,2026-10-06
ea9p30,1949,30,1949-12-02,1949    ANDRA KAMMAREN    Nr 30,12,5,2026-10-06
EA9C23,1949,23,1949-05-28,Lördagen den 28 maj.    Sid,36,2,2026-10-06
EA9C1,1949,1,1949-01-10,Måndagen den 10 januari,2,0,2026-10-06
EA9O1,1949,1,1949-01-13,Måndagen den 10 januari,2,0,2026-10-06
ea9d31,1949,31,1949-12-07,1949    FÖRSTA KAMMAREN    Nr 31,56,13,2026-10-06
EA9O14,1949,14,1949-01-03,Torsdagen den 21 april,77,2,2026-10-06
EA9C3,1949,3,1949-01-26,Fredagen den 21 januari,1,0,2026-10-06
EA9O3,1949,3,1949-01-26,Fredagen den 21 januari,0,1,2026-10-06
EA9C2,1949,2,1949-01-20,Tisdagen den 18 januari.    gj(j,36,10,2026-10-06
EA9C4,1949,4,1949-02-02,F O It S T A KAMMARE N,1,0,2026-10-06
EA9O4,1949,4,1949-02-02,29 januari—2 februari,0,0,2026-10-06
EA9O2,1949,2,1949-01-20,1949    ANDRA KAMMAREN    Nr 2,28,13,2026-10-06
EA9C5,1949,5,1949-02-09,Tisdagen den 8 februari.    Sjd,23,1,2026-10-06
EA9C6,1949,6,1949-02-12,Lördagen den 12 februari.    Sid,8,2,2026-10-06
EA9O5,1949,5,1949-02-09,1949    ANDRA KAMMAREN    Nr 5,24,0,2026-10-06
EA9O6,1949,6,1949-02-16,1949    ANDRA KAMMAREN    Nr 6,14,0,2026-10-06
EA9O7,1949,7,1949-02-23,1949    ANDRA KAMMAREN    Nr 7,11,0,2026-10-06
EA9C8,1949,8,1949-03-01,26 februari—2 mars.Debatter m. m,35,1,2026-10-06
EA9O8,1949,8,1949-03-01,Svar på interpellation av herr andre vice talmannen Skoglund ang,18,1,2026-10-06
EA9O9,1949,9,1949-03-03,1949    ANDRA KAMMAREN    Nr 9,31,0,2026-10-06
EA9C9,1949,9,1949-03-09,Remissdebatt rörande kungl. proposition ang. ändring i förordningen om pappersskatt m. m,8,0,2026-10-06
EA9C10,1949,10,1949-03-14,Tisdagen den 15 mars.    sid,73,3,2026-10-06
EA9O10,1949,10,1949-03-16,1949    ANDRA KAMMAREN    Nr 10,77,2,2026-10-06
EA9O11,1949,11,1949-03-22,1949    ANDRA KAMMAREN    Nr 11,92,5,2026-10-06
EA9C11,1949,11,1949-03-23,1949    FÖRSTA KAMMAREN    Nr 11,95,7,2026-10-06
EA9C12,1949,12,1949-03-30,Lördagen den 26 mars.    gi(j,88,4,2026-10-06
EA9C13,1949,13,1949-04-05,Tisdagen den 5 april,85,4,2026-10-06
EA9C14,1949,14,1949-04-09,Torsdagen don 21    april.    Sid,56,5,2026-10-06
EA9C15,1949,15,1949-05-04,Svar å interpellationer:,51,7,2026-10-06
EA9O15,1949,15,1949-05-04,1949    ANDRA KAMMAREN    Nr 15,76,6,2026-10-06
EA9C17,1949,17,1949-05-16,Fredagen den 13 maj.    Sid,48,0,2026-10-06
EA9C16,1949,16,1949-05-11,7—11 maj.Debatter m. m,69,2,2026-10-06
EA9O18,1949,18,1949-05-18,1949    ANDRA KAMMAREN    Nr 18,64,3,2026-10-06
EA9C18,1949,18,1949-05-20,Onsdagen den 18 maj.    Sid,88,5,2026-10-06
EA9O19,1949,19,1949-05-21,Lördagen den 21 maj fm,102,4,2026-10-06
EA9C21,1949,21,1949-05-25,1949    FÖRSTA KAMMAREN,30,0,2026-10-06
EA9C19,1949,19,1949-05-23,1949    FÖRSTA KAMMAREN    Nr 19,109,4,2026-10-06
EA9O21,1949,21,1949-05-25,1949    ANDRA KAMMAREN    Nr 21,20,0,2026-10-06
EA9C22,1949,22,1949-05-27,Fredagen den 27 maj.    Sid,33,0,2026-10-06
ea9d24,1949,24,1949-10-13,1949    FÖRSTA KAMMAREN    Nr 24,1,0,2026-10-06
EA9O22,1949,22,1949-05-27,1949    ANDRA KAMMAREN    Nr 22,37,0,2026-10-06
ea9p24,1949,24,1949-10-13,ANDRA KAMMAREN    Nr 24,0,0,2026-10-06
EA9O23,1949,23,1949-05-31,Debatter m. m.Lördagen den 28 maj,76,10,2026-10-06
ea9d25,1949,25,1949-10-26,1949    FÖRSTA KAMMAREN    Nr 25,15,2,2026-10-06
ea9p26,1949,26,1949-11-05,1949    ANDRA KAMMAREN    Nr 26,0,1,2026-10-06
ea9d26,1949,26,1949-11-09,Onsdagen den 9 november.    Sid,9,0,2026-10-06
ea9d27,1949,27,1949-11-10,1949    FÖRSTA KAMMAREN    Nr 27,2,0,2026-10-06
ea9p25,1949,25,1949-10-27,Måndagen den 24 oktober,23,2,2026-10-06
ea9p27,1949,27,1949-11-16,1949    ANDRA KAMMAREN    Nr 27,15,2,2026-10-06
ea9d28,1949,28,1949-11-22,1949    FÖRSTA KAMMAREN    Nr 28,9,0,2026-10-06
ea9p28,1949,28,1949-11-23,1949    ANDRA KAMMAREN    Nr 28,7,0,2026-10-06
ea9p29,1949,29,1949-11-30,26 november—1 december,73,3,2026-10-06
ea9d29,1949,29,1949-12-01,26—30 november—1 december,76,2,2026-10-06
ea9p31,1949,31,1949-12-07,Tisdagen den 6 december,53,3,2026-10-06
ea9d32,1949,32,1949-12-13,Torsdagen den 8 december.    Sid,9,4,2026-10-06
eb91beslut,1950,beslut,1950-01-01,Riksdagsbeslutet 1950,0,1,2026-10-06
ea9p32,1949,32,1949-12-13,1949    ANDRA KAMMAREN    Nr 32,54,6,2026-10-06
EB9O5,1950,5,1950-02-07,1950    ANDRA KAMMAREN    Nr 5,12,1,2026-10-06
EB9O6,1950,6,1950-02-14,1950    ANDRA KAMMAREN    Nr 6,7,0,2026-10-06
EB9C5,1950,5,1950-02-08,Onsdagen den 8 februari.    Sid,2,0,2026-10-06
EB9C6,1950,6,1950-02-14,Tisdagen den 14 februari.    Sid,20,0,2026-10-06
EB9O7,1950,7,1950-02-18,1950    ANDRA KAMMAREN    Nr 7,30,0,2026-10-06
EB9O10,1950,10,1950-03-14,Tisdagen den 14 mars,44,0,2026-10-06
EB9O8,1950,8,1950-02-25,Lördagen den 25 februari,54,1,2026-10-06
EB9C10,1950,10,1950-03-15,Onsdagen den 15 mara.    Sid,52,0,2026-10-06
EB9O12,1950,12,1950-03-23,1950    ANDRA KAMMAREN    Nr 12,139,6,2026-10-06
EB9C13,1950,13,1950-04-13,Torsdagen den 13 april.    Sid,135,11,2026-10-06
EB9O13,1950,13,1950-04-13,1950    ANDRA KAMMAREN    Nr 13,143,15,2026-10-06
EB9C14,1950,14,1950-04-25,Tisdagen den 25 april.    Sid,68,0,2026-10-06
EB9O14,1950,14,1950-04-25,Tisdagen den 25 april,99,2,2026-10-06
EB9O15,1950,15,1950-05-02,Svar på fråga av herr Staxäng ang. förhandlingar med norskamyndigheter i anledning av uppkommen tvist rörande fiskeområden för de    svenska    räkfiskarena...................... 10,104,5,2026-10-06
EB9O16,1950,16,1950-05-09,1950    ANDRA KAMMAREN    Nr 16,60,1,2026-10-06
EB9O18,1950,18,1950-05-16,1950    ANDRA KAMMAREN    Nr 18,85,22,2026-10-06
EB9C19,1950,19,1950-05-19,1950    FÖRSTA KAMMAREN    Nr 19,81,3,2026-10-06
EB9C20,1950,20,1950-05-22,22—23 maj.Debatter m. m,63,9,2026-10-06
EB9O22,1950,22,1950-05-25,Torsdagen den 25 maj,17,0,2026-10-06
EB9O21,1950,21,1950-05-24,1950    ANDRA KAMMAREN    Nr 21,44,9,2026-10-06
EB9C22,1950,22,1950-05-25,Torsdagen den 25 maj.    Sid,27,1,2026-10-06
eb9p29,1950,29,1950-11-15,Onsdagen den 15 november fm,81,0,2026-10-06
EB9C1,1950,1,1950-01-10,Tisdagen den 10 januari.    Sid,2,0,2026-10-06
eb9d32,1950,32,1950-12-05,1950    FÖRSTA KAMMAREN    Nr 32,58,9,2026-10-06
eb9p32,1950,32,1950-12-02,Lördagen den 2 december,64,4,2026-10-06
EB9O1,1950,1,1950-01-17,1950    ANDRA KAMMAREN    Nr 1,1,0,2026-10-06
EB9C3,1950,3,1950-01-23,1950    FÖRSTA KAMMAREN    Nr3,0,1,2026-10-06
EB9O3,1950,3,1950-01-26,1950    ANDRA KAMMAREN    Nr 3,4,0,2026-10-06
EB9C4,1950,4,1950-01-30,30 januari—1 februari,1,0,2026-10-06
EB9O2,1950,2,1950-01-20,Torsdagen den 19 januari fm,31,8,2026-10-06
EB9O4,1950,4,1950-02-01,30 januari—1 februari,0,1,2026-10-06
EB9C2,1950,2,1950-01-20,Torsdagen den 19 januari.    Sid,38,8,2026-10-06
EB9C8,1950,8,1950-02-24,Tisdagen den 28 februari.    Sid,37,0,2026-10-06
EB9C7,1950,7,1950-02-16,Lördagen den 18 februari.    Sid,57,1,2026-10-06
EB9C9,1950,9,1950-03-06,Lördagen den 4 mars.    Sid,34,1,2026-10-06
EB9O9,1950,9,1950-03-08,Svar på interpellation av herr Christenson i Malmö angående ökad,40,0,2026-10-06
EB9O11,1950,11,1950-03-19,1950    ANDRA KAMMAREN    Nr 11,53,3,2026-10-06
EB9C11,1950,11,1950-03-22,Tisdagen den 21 mars.    Sid,47,3,2026-10-06
EB9C12,1950,12,1950-03-29,Tisdagen den 28 mars.    Sid,80,5,2026-10-06
EB9C15,1950,15,1950-05-03,Onsdagen den    3 maj.    Sid,76,0,2026-10-06
EB9C17,1950,17,1950-05-11,1950    FÖRSTA KAMMAREN    Nr 17,44,1,2026-10-06
EB9C16,1950,16,1950-05-05,Tisdagen    den 9 maj.    Sid,102,1,2026-10-06
EB9O17,1950,17,1950-05-13,1950    ANDRA KAMMAREN    Nr 17,86,3,2026-10-06
EB9O19,1950,19,1950-05-19,1950    ANDRA KAMMAREN    Nr 19,49,1,2026-10-06
EB9C18,1950,18,1950-05-17,Tisdagen den 16 maj.    Sid,118,40,2026-10-06
EB9O20,1950,20,1950-05-23,1950    ANDRA KAMMAREN    Nr 20,50,5,2026-10-06
EB9C21,1950,21,1950-05-24,Onsdagen den    24 maj.    Sid,20,5,2026-10-06
EB9C23,1950,23,1950-05-27,Fredagen den 26 maj.    Sid,20,1,2026-10-06
EB9O23,1950,23,1950-05-27,1950    ANDRA KAMMAREN    Nr 23,36,0,2026-10-06
EB9C24,1950,24,1950-05-31,1950    FÖRSTA KAMMABEN    Nr 24,40,0,2026-10-06
eb9p25,1950,25,1950-10-03,1950    ANDRA KAMMAREN    Nr 25,1,0,2026-10-06
eb9d25,1950,25,1950-10-18,Tisdagen den 17 oktober,1,0,2026-10-06
EB9O24,1950,24,1950-06-12,1950    ANDRA KAMMAREN    Nr 24,33,2,2026-10-06
eb9p27,1950,27,1950-10-30,Onsdagen den 1 november,0,0,2026-10-06
eb9d27,1950,27,1950-10-30,1 950    FÖRSTA KAMMAREN    Nr 27,2,0,2026-10-06
eb9p26,1950,26,1950-10-25,1950    ANDRA KAMMAREN    Nr 26,16,5,2026-10-06
eb9p28,1950,28,1950-11-07,1950    ANDRA KAMMAREN    Nr 28,2,0,2026-10-06
eb9d28,1950,28,1950-11-08,Onsdagen den 8 november.    Sid,1,1,2026-10-06
eb9d26,1950,26,1950-10-25,Onsdagen den 25 oktober.Remissdebatt ang. Kungl. Maj:ts proposition nr 254,26,9,2026-10-06
eb9d29,1950,29,1950-11-15,Tisdagen den 14 november.    Sid,56,0,2026-10-06
eb9p31,1950,31,1950-11-21,1950    ANDRA KAMMAREN    Nr 31,55,2,2026-10-06
eb9p30,1950,30,1950-11-17,Lördagen den 18 november,45,0,2026-10-06
eb9d30,1950,30,1950-11-22,1950    FÖRSTA KAMMAREN    Nr 30,36,0,2026-10-06
eb9p33,1950,33,1950-12-07,1950    ANDRA KAMMAREN    Nr 33,18,0,2026-10-06
eb9d31,1950,31,1950-11-29,Tisdagen den 28 november.    Sid,57,1,2026-10-06
eb9d33,1950,33,1950-12-07,Torsdagen den 7 december.    Sid,37,0,2026-10-06
eb9d34,1950,34,1950-12-13,Lördagen den 9 december.    Sid,36,2,2026-10-06
eb9p34,1950,34,1950-12-20,Fredagen den 8 december,47,9,2026-10-06
EC9C2,1951,2,1951-01-19,Fredagen den 19 januari.    Sid,38,16,2026-10-06
EC9O7,1951,7,1951-02-17,1951    ANDRÅ KAMMAREN    Nr 7,39,0,2026-10-06
EC9O5,1951,5,1951-02-07,1951    ANDRA KAMMAREN    Nr 5,14,0,2026-10-06
EC9C8,1951,8,1951-02-27,Tisdagen den 27 februari.    Sid,53,0,2026-10-06
EC9O11,1951,11,1951-03-29,1951    ANDRA KAMMAREN    Nr 11,5,1,2026-10-06
EC9O14,1951,14,1951-04-17,Tisdagen den 17 april,89,3,2026-10-06
EC9C14,1951,14,1951-04-17,Tisdagen den 17 april.    Sid,113,2,2026-10-06
EC9O19,1951,19,1951-05-15,1951    ANDRA KAMMAREN    Nr 19,65,1,2026-10-06
EC9O18,1951,18,1951-05-08,1951    ANDRA KAMMAREN    Nr 18,148,4,2026-10-06
EC9C19,1951,19,1951-05-15,Tisdagen den 15 maj.    Sid,66,0,2026-10-06
EC9C20,1951,20,1951-05-18,Fredagen    den 18 maj.    Sid,58,6,2026-10-06
EC9O1,1951,1,1951-01-12,1951    ANDRA KAMMAREN    Nr 1,1,0,2026-10-06
ec9q33,1951,33,1951-11-24,1951    ANDRA KAMMAREN    Nr 33,27,21,2026-10-06
EC9C1,1951,1,1951-01-16,Onsdagen den 10 januari.    Sid,2,0,2026-10-06
EC9C3,1951,3,1951-01-25,19 51    FÖRSTA KAMMAREN    Sr 3,3,1,2026-10-06
EC9O3,1951,3,1951-01-25,Debatter m. m.Onsdagen den 24 januari,1,0,2026-10-06
EC9C4,1951,4,1951-01-31,Tisdagen den 30 januari.    Sid,0,1,2026-10-06
EC9O4,1951,4,1951-01-31,Fredagen den 26 januari fm,1,0,2026-10-06
EC9O2,1951,2,1951-01-20,1951    ANDRA KAMMAREN    Nr 2,33,12,2026-10-06
EC9O6,1951,6,1951-02-14,1951    ANDRA KAMMAREN    Nr 6,8,1,2026-10-06
EC9C5,1951,5,1951-02-02,Lördagen den 3 februari.    Sid,16,0,2026-10-06
EC9C6,1951,6,1951-02-14,Lördagen den 10 februari.    Sid,25,0,2026-10-06
EC9C7,1951,7,1951-02-21,Onsdagen den 21 februari.    Sid,30,0,2026-10-06
EC9O8,1951,8,1951-02-28,1951    ANDRA KAMMAREN    Nr 8,71,3,2026-10-06
EC9C9,1951,9,1951-03-07,Lördagen den 3 mars.    Sid,95,3,2026-10-06
EC9O9,1951,9,1951-03-07,prot 1951:9,82,2,2026-10-06
EC9C10,1951,10,1951-03-14,1951    FÖRSTA KAMMAREN    Nr 10,111,6,2026-10-06
EC9C11,1951,11,1951-03-31,1951    FÖRSTA KAMMAREN    Nr 11,10,1,2026-10-06
EC9O10,1951,10,1951-03-14,1951    ANDRA KAMMAREN    Nr 10,115,5,2026-10-06
EC9O12,1951,12,1951-03-30,Tisdagen den 3 april,25,2,2026-10-06
EC9C12,1951,12,1951-04-02,Onsdagen den 4 april,76,3,2026-10-06
EC9C13,1951,13,1951-04-12,Tisdagen den 10 april.    Sid,88,8,2026-10-06
EC9O15,1951,15,1951-04-18,1951    ANDRA KAMMAREN    Nr 15,13,0,2026-10-06
EC9C15,1951,15,1951-04-18,1951    FÖRSTA KAMMAREN    Nr 15,5,0,2026-10-06
EC9O13,1951,13,1951-04-11,1951    ANDRA KAMMAREN    Nr 13,134,2,2026-10-06
EC9O16,1951,16,1951-04-25,1951    ANDRA KAMMAREN    Nr 16,87,6,2026-10-06
EC9C16,1951,16,1951-04-25,Onsdagen den 25 april.    Sid,116,6,2026-10-06
EC9O17,1951,17,1951-05-07,1951    ANDRA KAMMAREN    Nr 17,39,7,2026-10-06
EC9C17,1951,17,1951-05-07,Fredagen den 4 maj.    Sid,74,3,2026-10-06
EC9C18,1951,18,1951-05-09,FÖRSTA KAMM AREN    Nrl8,78,2,2026-10-06
EC9O20,1951,20,1951-05-22,1951    ANDRA KAMMAREN    Nr 20,71,5,2026-10-06
EC9C21,1951,21,1951-05-23,Onsdagen den 23 maj.    Sid,125,33,2026-10-06
EC9C22,1951,22,1951-05-25,Anslag till utbildningskurs för arbetsterapeuter m. in,51,0,2026-10-06
EC9O21,1951,21,1951-05-24,1951    ANDRA KAMMAREN    Nr 21,68,4,2026-10-06
EC9O22,1951,22,1951-05-25,1951    ANDRA KAMMAREN    Nr 22,44,18,2026-10-06
EC9C23,1951,23,1951-05-26,Lördagen den 26 maj.    Sid,158,3,2026-10-06
EC9O24,1951,24,1951-05-29,1951    ANDRA KAMMAREN    Nr 24,105,5,2026-10-06
EC9O23,1951,23,1951-05-26,1951    ANDRA KAMMAREN    Nr 23,44,7,2026-10-06
EC9C24,1951,24,1951-05-29,1951    FÖRSTA KAMM AREN    Nr 24,79,5,2026-10-06
EC9C25,1951,25,1951-05-31,Onsdagen den 30 maj.Ang. stöd åt svensk filmproduktion,24,1,2026-10-06
ec9q26,1951,26,1951-09-06,1951    ANDRA KAMMAREN    Nr 26,1,0,2026-10-06
ec9e26,1951,26,1951-09-06,"Enligt öppet brev och påbud den 1 september 1951 hade Kungl. Maj:t funnit nödvändigt att utan dröjsmål förelägga riksdagen förslag till lag om särskilda åtgärderför upprätthållande av viss sjukvårdande verksamhet; och hade Kungl. Maj:t, underåberopande",1,0,2026-10-06
EC9O25,1951,25,1951-05-31,1951    ANDRA KAMMAREN    Nr 25,60,0,2026-10-06
ec9q27,1951,27,1951-10-04,1951    ANDRA KAMMAREN    Nr 27,0,0,2026-10-06
ec92beslut,1951,beslut,1951-10-01,Riksdagsbeslutet 1951,0,1,2026-10-06
ec9e27,1951,27,1951-10-04,1951    FÖRSTA KAMMAREN    Nr 27,1,1,2026-10-06
ec9q28,1951,28,1951-10-24,Lördagen den 20 oktober,25,1,2026-10-06
ec9e28,1951,28,1951-10-24,Onsdagen den 24 oktober.    Sid,22,1,2026-10-06
ec9q30,1951,30,1951-11-02,1951    ANDRA KAMMAREN    Nr 30,11,1,2026-10-06
ec9q29,1951,29,1951-10-31,1951    ANDRA KAMMAREN    Nr 29,26,7,2026-10-06
ec9e30,1951,30,1951-11-02,1951    FÖRSTA KAMMAREN    Nr 30,7,1,2026-10-06
ec9e29,1951,29,1951-10-31,Lördagen den 27 oktober.    Sid,31,13,2026-10-06
ec9q31,1951,31,1951-11-14,Tisdagen den 13 november.    Sid,24,0,2026-10-06
ec9e31,1951,31,1951-11-14,Tisdagen den    13    november.    Sid,16,0,2026-10-06
ec9q32,1951,32,1951-11-21,1951    ANDRA KAMMAREN    Nr 32,21,1,2026-10-06
ec9e32,1951,32,1951-11-17,1951    FÖRSTA KAMMAREN    Nr 32,26,1,2026-10-06
ec9e33,1951,33,1951-11-28,1951    FÖRSTA KAMMAREN    Nr 33,41,21,2026-10-06
ec9e34,1951,34,1951-11-28,1951    FÖRSTA KAMMAREN    Nr 34,74,9,2026-10-06
ec9q34,1951,34,1951-12-05,1951    ANDRA KAMMAREN    Nr 34,69,2,2026-10-06
ec9e35,1951,35,1951-12-13,1951    FÖRSTA KAMM AREN    Nr 35,76,12,2026-10-06
ed91beslut,1952,beslut,1952-01-01,Riksdagsbeslutet 1952,0,1,2026-10-06
ED9C3,1952,3,1952-01-22,1952    FÖRSTA KAMMAREN    Nr,4,2,2026-10-06
ec9q35,1951,35,1951-12-20,1951    ANDRA KAMMAREN    Nr 35,101,6,2026-10-06
ED9O4,1952,4,1952-01-30,ANDRA KAMMAREN    Nr 4,10,1,2026-10-06
ED9O6,1952,6,1952-02-19,1952    ANDRA KAMMAREN    Nr 6,47,1,2026-10-06
ED9C7,1952,7,1952-02-26,Tisdagen den 26 februari.    Sid,71,0,2026-10-06
ED9C8,1952,8,1952-03-05,1952    FÖRSTA KAMM AREN    Nr 8,67,7,2026-10-06
ED9O8,1952,8,1952-03-04,1952    ANDRA KAMMAREN    Nr 8,114,2,2026-10-06
ED9C14,1952,14,1952-04-23,19—23 april.Debatter m. m,119,2,2026-10-06
ED9O16,1952,16,1952-05-06,Tisdagen den 6 maj.    Sid,188,6,2026-10-06
ED9C18,1952,18,1952-05-16,Fredagen den 16 maj.    Sid,33,1,2026-10-06
ED9O17,1952,17,1952-05-13,Tisdagen den 13 maj em,106,4,2026-10-06
ED9C22,1952,22,1952-05-27,1952    FÖRSTA KAMM AREN    Nr 22,53,1,2026-10-06
ed9d24,1952,24,1952-10-16,Torsdagen den 16 oktober,0,1,2026-10-06
ED9O22,1952,22,1952-05-27,1952    ANDRA KAMMAREN    Nr 22,76,1,2026-10-06
ed9p28,1952,28,1952-11-15,1952    ANDRA KAMMAREN    Nr 28,20,2,2026-10-06
ed9p30,1952,30,1952-12-02,29 november—3 december,69,1,2026-10-06
ed9d30,1952,30,1952-12-03,29 november—3 december,48,1,2026-10-06
ED9O1,1952,1,1952-01-09,1952    ANDRA KAMMAREN    Nr 1,1,0,2026-10-06
ed9p31,1952,31,1952-12-09,Tisdagen den 9 december,46,0,2026-10-06
ED9C1,1952,1,1952-01-10,Torsdagen 10 den januari.    Sid,2,0,2026-10-06
ED9O3,1952,3,1952-01-26,Tisdagen den 22 januari,2,0,2026-10-06
ED9C4,1952,4,1952-02-06,FÖRSTA KAMMAREN    Nr 4,20,0,2026-10-06
ED9C2,1952,2,1952-01-17,RIKSDAGENS W*. PROTOKOLL,29,5,2026-10-06
ED9O2,1952,2,1952-01-19,1952    ANDRA KAMMAREN    Nr 2,31,8,2026-10-06
ED9O5,1952,5,1952-02-12,Tisdagen den 12 februari.    Sid,28,2,2026-10-06
ED9C5,1952,5,1952-02-12,1952    FÖRSTA KAMM AREN    Nr 5,29,0,2026-10-06
ED9C6,1952,6,1952-02-14,1952    FÖRSTA KAMM AREN    Nr 6,29,0,2026-10-06
ED9O7,1952,7,1952-02-28,1952    ANDRA KAMMAREN    Nr 7,88,0,2026-10-06
ED9O9,1952,9,1952-03-11,Tisdagen den 11 mars,60,13,2026-10-06
ED9C10,1952,10,1952-03-19,Onsdagen den 19 mars.    Sid,61,2,2026-10-06
ED9C9,1952,9,1952-03-13,Lördagen den 8 mars.    Sid,64,9,2026-10-06
ED9O10,1952,10,1952-03-19,1952    ANDRA KAMMAREN    Nr 10,54,2,2026-10-06
ED9C11,1952,11,1952-03-26,Lördagen den 22 mars.    Sid,62,1,2026-10-06
ED9C12,1952,12,1952-04-02,Onsdagen    den    2    april.    Sid,33,1,2026-10-06
ED9O11,1952,11,1952-03-26,1952    ANDRA KAMMAREN    Nr 11,43,1,2026-10-06
ED9C13,1952,13,1952-04-17,Samtliga avgjorda ärenden,0,1,2026-10-06
ED9O12,1952,12,1952-04-02,Lördagen den 29 mars.    Sid,41,0,2026-10-06
ED9O13,1952,13,1952-04-17,1952    ANDRA KAMMAREN    Nr 13,1,0,2026-10-06
ED9C15,1952,15,1952-04-30,Lördagen den 26 april.    Sid,58,4,2026-10-06
ED9O15,1952,15,1952-04-30,ANDRA KAM MAR EN    Nr 15,64,6,2026-10-06
ED9O14,1952,14,1952-04-19,Lördagen den 19 april.    Sid,114,3,2026-10-06
ED9C16,1952,16,1952-05-03,Lördagen den 3 maj.    Sid,163,3,2026-10-06
ED9C17,1952,17,1952-05-14,Lördagen den 10 maj.    Sid,124,20,2026-10-06
ED9O18,1952,18,1952-05-19,1952    ANDRA KAMMAREN    Nr 18,63,7,2026-10-06
ED9C19,1952,19,1952-05-20,Tisdagen den 20 maj.    Sid,98,7,2026-10-06
ED9O21,1952,21,1952-05-20,1952    ANDRA KAMMAREN    Nr 21,99,0,2026-10-06
ED9O19,1952,19,1952-05-21,1952    ANDRA KAMMAREN    Nr 19,65,12,2026-10-06
ED9O20,1952,20,1952-05-23,Svar på interpellationer av:,55,0,2026-10-06
ED9C20,1952,20,1952-05-23,Fredagen den 23 maj.    Sid,68,0,2026-10-06
ED9C21,1952,21,1952-05-23,1952    FÖRSTA K A M M A It E N    Nr,76,6,2026-10-06
ED9C23,1952,23,1952-05-30,FÖRSTA KAMMAREN    Nr 23,34,5,2026-10-06
ed9p24,1952,24,1952-10-20,Torsdagen den 16 oktober,0,1,2026-10-06
ed9d25,1952,25,1952-11-03,25 oktober—4 november,6,0,2026-10-06
ed9p25,1952,25,1952-11-04,1952    ANDRA KAMMAREN    Nr 25,11,0,2026-10-06
ED9O23,1952,23,1952-06-10,Onsdagen den 28 maj fm,89,8,2026-10-06
ed9d26,1952,26,1952-11-05,1952    FÖRSTA KAMMAREN    Nr 26,25,12,2026-10-06
ed9p26,1952,26,1952-11-06,1952    ANDRA KAMMAREN    Nr 26,21,9,2026-10-06
ed9d27,1952,27,1952-11-12,1952    F Ö R S TA K A M M A K E N    Nr 27,28,1,2026-10-06
ed9p27,1952,27,1952-11-09,RIKSDAGENS    PROTOKOLL,25,2,2026-10-06
ed9d28,1952,28,1952-11-19,Onsdagen den 19 november.    Sid,22,3,2026-10-06
ed9d29,1952,29,1952-11-23,Onsdagen den 26 november.    Sid,25,2,2026-10-06
ed9p29,1952,29,1952-11-26,1952    ANDRA KAMMAREN    Nr 29,35,3,2026-10-06
ed9d31,1952,31,1952-12-15,Tisdagen den 9 december.    Sid,53,2,2026-10-06
ee91beslut,1953,beslut,1953-01-01,Riksdagsbeslutet 1953,0,1,2026-10-06
ed9d32,1952,32,1952-12-17,Onsdagen den 17 december.    Sid,43,3,2026-10-06
ed9p32,1952,32,1952-12-16,Tisdagen den 16 december,47,10,2026-10-06
EE9C6,1953,6,1953-02-18,Onsdagen den 18 februari.    Sid,10,0,2026-10-06
EE9O6,1953,6,1953-02-17,1953    ANDRA KAMMAREN    Nr 6,5,0,2026-10-06
EE9O9,1953,9,1953-03-11,Onsdagen den 11 mars,45,1,2026-10-06
EE9C11,1953,11,1953-03-25,1953    FÖRSTA KAMMAREN    Nr 11,71,6,2026-10-06
EE9O10,1953,10,1953-03-17,1953    ANDRA KAMMAREN    Nr 10,101,5,2026-10-06
EE9C12,1953,12,1953-04-01,1953    FÖRSTA KAMMAREN    Nr 12,58,0,2026-10-06
EE9O17,1953,17,1953-05-08,1953    ANDRA KAMMAREN    Nr 17,40,0,2026-10-06
EE9O20,1953,20,1953-05-16,Lördagen den 16 maj.    sid,16,0,2026-10-06
EE9O21,1953,21,1953-05-19,Tisdagen den 19 maj.    Sid,85,7,2026-10-06
EE9C22,1953,22,1953-05-21,Torsdagen den    21    maj.    Sid,87,19,2026-10-06
EE9C24,1953,24,1953-05-28,Torsdagen den 28 maj.    Sid,20,2,2026-10-06
ee9p29,1953,29,1953-11-18,1953    ANDRA KAMMAREN    Nr 29,21,6,2026-10-06
EE9O23,1953,23,1953-05-26,ANDRA KAMMAREN    Nr 23,115,7,2026-10-06
ee9d27,1953,27,1953-11-03,Tisdagen den 3 november.    Sid,32,8,2026-10-06
EE9C1,1953,1,1953-01-08,Lördagen den 10 januari.    Sid,2,0,2026-10-06
EE9O1,1953,1,1953-01-10,Lördagen den 10 januari,2,0,2026-10-06
EE9C2,1953,2,1953-01-21,1953    FÖRSTA KAMM AREN    Nr 2,25,16,2026-10-06
EE9C3,1953,3,1953-01-27,1953    FÖRSTA KAMM AREN    Nr,2,1,2026-10-06
EE9C21,1953,21,1953-01-16,1953    FÖRSTA KAMMAREN    Nr 21,80,4,2026-10-06
EE9O3,1953,3,1953-01-27,Fredagen den 23 januari,2,0,2026-10-06
EE9O4,1953,4,1953-01-29,31 januari—4 februari,13,0,2026-10-06
EE9O2,1953,2,1953-01-21,1953    ANDRA KAMMAREN    Nr 2,33,11,2026-10-06
EE9C5,1953,5,1953-02-10,1953    FÖRSTA KAMM AllEN    Nr 5,3,0,2026-10-06
EE9C4,1953,4,1953-01-31,31 januari—4 februari,17,0,2026-10-06
EE9O5,1953,5,1953-02-10,Onsdagen den 11 februari,11,1,2026-10-06
EE9C7,1953,7,1953-02-24,1953    FÖRSTA KAMMAREN    Nr,41,0,2026-10-06
EE9C8,1953,8,1953-02-27,Onsdagen den 4 mars.    Sid,51,1,2026-10-06
EE9O7,1953,7,1953-02-25,ANDRA KAMMAREN    Nr 7,47,1,2026-10-06
EE9O8,1953,8,1953-03-04,Lördagen den 28 februari,41,4,2026-10-06
EE9C9,1953,9,1953-03-11,1953    FÖRSTA KAMMAREN    Nr,19,0,2026-10-06
EE9C10,1953,10,1953-03-18,Lördagen den 14 inars.    Sid,114,5,2026-10-06
EE9O12,1953,12,1953-04-01,Lördagen den 28 mars,43,0,2026-10-06
EE9O11,1953,11,1953-03-25,1953    ANDRA KAMMAREN    Nr 11,75,0,2026-10-06
EE9O13,1953,13,1953-04-14,1953    ANDRA KAMMAREN    Nr 13,110,5,2026-10-06
EE9C14,1953,14,1953-04-22,Onsdagen den 22 april.    Sid,83,0,2026-10-06
EE9O14,1953,14,1953-04-24,Lördagen den 18 april,66,2,2026-10-06
EE9C15,1953,15,1953-04-29,195 3    FÖRSTA KAMMAREN    Nr 15,131,20,2026-10-06
EE9C16,1953,16,1953-05-06,1953    FÖRSTA KAMMAREN    Nr 16,59,1,2026-10-06
EE9O15,1953,15,1953-04-29,Tisdagen den 28 april,122,2,2026-10-06
EE9C19,1953,19,1953-05-12,Kammaren sammanträdde kl. 2 eftermiddagen,1,0,2026-10-06
EE9C17,1953,17,1953-05-12,1953    FÖRSTA KAMMAREN    Nr 17,27,0,2026-10-06
EE9O16,1953,16,1953-05-06,Svar på interpellationer av:,68,25,2026-10-06
EE9O19,1953,19,1953-05-15,1953    ANDRA KAMMAREN    Nr 19,12,0,2026-10-06
EE9C18,1953,18,1953-05-13,1953    FÖ RS TA K A M M A KE N    Nr 18,89,10,2026-10-06
EE9O18,1953,18,1953-05-13,1953    ANDRA KAMMAREN    Nr 18,80,6,2026-10-06
EE9C13,1953,13,1953-05-16,1953    FÖRSTA KAMM AREN Nr,79,5,2026-10-06
EE9C20,1953,20,1953-05-16,1953    FÖ RS TA K AM M A RE N    Nr,57,3,2026-10-06
EE9O22,1953,22,1953-05-23,Torsdagen den 21 maj,71,15,2026-10-06
EE9C23,1953,23,1953-05-27,Tisdagen den 26 maj.    Sid,78,8,2026-10-06
ee9p25,1953,25,1953-10-19,1953    ANDRA KAMMAREN    Nr 25,4,0,2026-10-06
ee9d25,1953,25,1953-10-21,1953    FÖRSTA KAMMAREN    Nr,1,0,2026-10-06
EE9O24,1953,24,1953-06-11,Torsdagen den 28 maj,52,8,2026-10-06
ee9d26,1953,26,1953-10-28,Onsdagen den 28 oktober.    Sid,1,0,2026-10-06
ee9p26,1953,26,1953-10-28,1953    ANDRA KAMMAREN    Nr 26,9,0,2026-10-06
ee9d28,1953,28,1953-11-06,1953    FÖRSTA KAMMAREN    Nv 28,19,0,2026-10-06
ee9p28,1953,28,1953-11-06,1953    ANDRA KAMMAREN    Nr 28,11,1,2026-10-06
ee9d29,1953,29,1953-11-20,Onsdagen den 18 november.    Sid,4,0,2026-10-06
ee9p27,1953,27,1953-11-04,1953    ANDRA KAMMAREN    Nr 27,23,8,2026-10-06
ee9d30,1953,30,1953-11-28,1953    FÖRSTA KAHMA11EN    Nr30,44,1,2026-10-06
ee9p30,1953,30,1953-11-28,1953    ANDRA KAMMAREN    Nr 30,65,2,2026-10-06
ee9d31,1953,31,1953-12-02,1953    FÖRSTA KAMM AREN    Nr 31,80,0,2026-10-06
ee9p31,1953,31,1953-12-02,Tisdagen den 1 december,78,2,2026-10-06
ee9d32,1953,32,1953-12-08,1953    FÖRSTA KAMM AREN    Nr 32,108,5,2026-10-06
EF9O1,1954,1,1954-01-11,Måndagen den 11 januari.    Sid,1,0,2026-10-06
EF9C4,1954,4,1954-02-02,Tisdagen den 2 februari.    Sid,5,1,2026-10-06
ee9p32,1953,32,1953-12-18,ANDRA KAMMAREN    Nr 32,100,1,2026-10-06
EF9O5,1954,5,1954-02-09,Tisdagen den 9 februari,5,0,2026-10-06
EF9O7,1954,7,1954-02-20,1954    ANDRA KAMMAREN,44,1,2026-10-06
EF9C8,1954,8,1954-03-02,Tisdagen den 2    mars.    Sid,51,2,2026-10-06
EF9C9,1954,9,1954-03-10,Onsdagen den    10 mars.    Sid,46,0,2026-10-06
EF9O11,1954,11,1954-03-23,Tisdagen den 23 mars,107,2,2026-10-06
EF9C11,1954,11,1954-03-20,1954    FÖRSTA KAMMAREN    Nr 11,97,2,2026-10-06
EF9O12,1954,12,1954-03-30,1954    ANDRA KAMMAREN    Nr 12,98,3,2026-10-06
EF9C13,1954,13,1954-04-06,Tisdagen den 6 april.    Sid,50,2,2026-10-06
EF9C16,1954,16,1954-04-28,1954    FÖRSTA KAMM AREN    Nr 16,112,2,2026-10-06
EF9C19,1954,19,1954-05-11,Tisdagen den 11 maj.    '■,43,1,2026-10-06
EF9O16,1954,16,1954-04-28,Onsdagen den 28 april fm.    Sid,94,0,2026-10-06
EF9O19,1954,19,1954-05-11,Minnesord över avliden ledamot av kammaren.................. 3,74,1,2026-10-06
EF9C20,1954,20,1954-05-14,Fredagen den 14 maj.    Sid,55,21,2026-10-06
EF9C21,1954,21,1954-05-18,FÖRSTA KAMMAREN    Nr 21,121,11,2026-10-06
EF9O21,1954,21,1954-05-18,1954    ANDRA KAMMAREN    Nr 21,82,15,2026-10-06
EF9C23,1954,23,1954-05-25,1954    FÖRSTA KAMM AREN    Nr 23,101,27,2026-10-06
ef9p29,1954,29,1954-11-16,1954    ANDRA KAMMAREN    Nr 29,44,1,2026-10-06
ef9d29,1954,29,1954-11-13,Lördagen den 13 november.    Sid,27,0,2026-10-06
EF9O23,1954,23,1954-05-25,1954    ANDRA KAMMAREN    Nr 23,113,16,2026-10-06
ef9d30,1954,30,1954-11-24,Onsdagen den 24 november.    Sid,72,12,2026-10-06
EF9C1,1954,1,1954-01-11,1954    FÖRSTA KAMM AREN    Nr 1,2,1,2026-10-06
ef9p31,1954,31,1954-11-27,1954    ANDRA KAMMAREN,83,5,2026-10-06
ef9d31,1954,31,1954-11-30,27 november—1 december,88,5,2026-10-06
EF9C3,1954,3,1954-01-26,Fredagen den 22 januari,0,1,2026-10-06
EF9C2,1954,2,1954-01-19,1954    FÖRSTA KAMMAREN    Nr 2,32,11,2026-10-06
EF9O3,1954,3,1954-01-27,1954    ANDRA KAMMAREN    Nr 3,3,0,2026-10-06
EF9O4,1954,4,1954-02-03,1954    ANDRA KAMMAREN    Nr 4,3,1,2026-10-06
EF9C5,1954,5,1954-02-10,Tisdagen    den    9    februari.    Sid,8,0,2026-10-06
EF9O2,1954,2,1954-01-20,1954    ANDRA KAMMAREN    Nr 2,30,10,2026-10-06
EF9C6,1954,6,1954-02-15,1954    FÖRSTA KAMM AREN    Nr 6,24,6,2026-10-06
EF9O6,1954,6,1954-02-17,1954    ANDRA KAMMAREN    Nr 6,19,9,2026-10-06
EF9C7,1954,7,1954-02-24,1954    FÖRSTA KAMM AREN    Nr 7,61,0,2026-10-06
EF9O18,1954,18,1954-02-26,1954    ANDRA KAMMAREN    Nr 18,50,0,2026-10-06
EF9O8,1954,8,1954-03-03,ANDRA KAMMAREN    Nr 8,44,2,2026-10-06
EF9O9,1954,9,1954-03-08,Interpellation av herr Jacobson i Vilhelmina ang. tillämpningen avgällande bestämmelser om kommunala bostadstillägg åt folkpensionärer .............................................. 3,46,0,2026-10-06
EF9O10,1954,10,1954-03-10,Tisdagen den 16 mars,87,12,2026-10-06
EF9C10,1954,10,1954-03-17,1934    FÖRSTA KAMMAREN    Nr 10,81,8,2026-10-06
EF9C12,1954,12,1954-03-31,Tisdagen den 30 mars.    Sid,118,2,2026-10-06
EF9C14,1954,14,1954-04-14,Lördagen den 10 april.    Sid,36,2,2026-10-06
EF9O13,1954,13,1954-04-07,Tisdagen den 6 april,46,3,2026-10-06
EF9O14,1954,14,1954-04-14,Tisdagen den 13 april.    Sid,53,1,2026-10-06
EF9O15,1954,15,1954-04-24,1954    ANDRA KAMMAREN    Nr 15,10,0,2026-10-06
EF9C15,1954,15,1954-04-27,1954    FÖRSTA KAMM AREN    Nr 15,6,1,2026-10-06
EF9C18,1954,18,1954-05-08,Svar på interpellation av herr Snygg ang. reglerna för intagning å,52,0,2026-10-06
EF9C17,1954,17,1954-05-05,1954    FÖRSTA KAMMAREN    Nrl7,100,3,2026-10-06
ef91beslut,1954,beslut,1954-05-14,Riksdagsbeslutet J95i,0,1,2026-10-06
EF9O17,1954,17,1954-05-05,1954    ANDRA KAMMAREN    Nr 17,109,3,2026-10-06
EF9C22,1954,22,1954-05-18,1954    FÖRSTA KAMMAREN    Nr 22,122,1,2026-10-06
ef9d25,1954,25,1954-05-22,Måndagen den    18    oktober.    Sid,1,0,2026-10-06
EF9O20,1954,20,1954-05-15,1954    ANDjRA KAMMAREN    Nr 20,53,13,2026-10-06
EF9O22,1954,22,1954-05-22,1954    ANDRA KAMMAREN    Nr 22,138,5,2026-10-06
EF9C24,1954,24,1954-05-29,Fredagen den 28 maj.    Sid,49,1,2026-10-06
ef9p27,1954,27,1954-09-30,1954    ANDRA KAMMAREN    Nr 27,2,1,2026-10-06
EF9O24,1954,24,1954-06-10,Fredagen den 28 maj.    Sid,45,6,2026-10-06
ef9p25,1954,25,1954-10-20,1954    ANDRA KAMMAREN    Nr 25,1,0,2026-10-06
ef9d27,1954,27,1954-11-03,Tisdagen den    2 november.    Sid,0,0,2026-10-06
ef9p26,1954,26,1954-10-25,Tisdagen den 26 oktober,19,2,2026-10-06
ef9d26,1954,26,1954-10-27,Tisdagen den 26 oktober.    Sid,17,6,2026-10-06
ef9p28,1954,28,1954-11-10,Tisdagen den 9 november,31,0,2026-10-06
ef9d28,1954,28,1954-11-10,1954    FÖRSTA KAMMAREN    Nr 28,24,0,2026-10-06
ef9p30,1954,30,1954-11-24,Tisdagen den 23 november,57,3,2026-10-06
ef9d32,1954,32,1954-12-02,Onsdagen den 8    december.    Sid,63,2,2026-10-06
ef9p32,1954,32,1954-12-09,Tisdagen den 7 december.    Std,95,14,2026-10-06
ef9p33,1954,33,1954-12-15,Tisdagen den 14 december,52,4,2026-10-06
ef9d33,1954,33,1954-12-15,Tisdagen    den 14 december.    Sid,26,0,2026-10-06
eg91beslut,1955,beslut,1955-01-01,Riksdagsbeslutet 1955,0,1,2026-10-06
EG9O3,1955,3,1955-01-25,1955    ANDRA KAMMAREN    Nr 3,5,0,2026-10-06
EG9C5,1955,5,1955-02-11,Fredagen den 11 februari    Sid,0,0,2026-10-06
EG9O5,1955,5,1955-02-11,1955    ANDRA KAMMAREN    Nr 5,21,4,2026-10-06
EG9C6,1955,6,1955-02-18,Fredagen den 18 februari    Sid,37,6,2026-10-06
EG9O4,1955,4,1955-02-04,Fredagen den 4 februari,41,8,2026-10-06
EG9C7,1955,7,1955-03-01,Tisdagen den 1 mars    Sid,48,1,2026-10-06
EG9O8,1955,8,1955-03-04,herr Dickson ang. färdigställandet av landsvägen Göteborg—Alingsås    3,39,1,2026-10-06
EG9C11,1955,11,1955-03-25,1955    FÖRSTA KAMMAREN    Nr 11,37,3,2026-10-06
EG9C9,1955,9,1955-03-11,Fredagen den 11 mars    Sid,110,8,2026-10-06
EG9O12,1955,12,1955-03-29,herr Braconier ang. utformningen och erfarenheterna av den nor -,126,8,2026-10-06
EG9O19,1955,19,1955-05-20,herr Stöld ang. redogörelse för händelseförloppet vid den östtyskafolkpolisens anhållande av direktör A. H. Kinberg i Berlin i,53,1,2026-10-06
EG9O18,1955,18,1955-05-13,"herr Andersson i Ronneby ang. avhjälpande av skador, somdrabbat svenska fiskare i södra Östersjön m. m. samt herr Nils -",112,0,2026-10-06
EG9C19,1955,19,1955-05-20,Fredagen den 20 maj    Sid,69,5,2026-10-06
EG9O21,1955,21,1955-05-25,Svar på interpellationer av:,24,5,2026-10-06
EG9C21,1955,21,1955-05-25,Onsdagen den 25 maj    Sid,32,15,2026-10-06
EG9O1,1955,1,1955-01-11,Måndagen den 10 januari,1,0,2026-10-06
eg9p30,1955,30,1955-12-06,Tisdagen den 6 december,34,0,2026-10-06
EG9C1,1955,1,1955-01-11,Måndagen den    10    januari    Sid,0,1,2026-10-06
EG9C3,1955,3,1955-01-21,Tisdagen den 25 januari    Sid,4,4,2026-10-06
EG9C2,1955,2,1955-01-20,Onsdagen den 19 januari    Sid,29,11,2026-10-06
EG9C4,1955,4,1955-01-30,Onsdagen den 9 februari    Sid,56,12,2026-10-06
EG9O2,1955,2,1955-01-19,ANDRA KAMMAREN    Nr 2,35,8,2026-10-06
EG9O6,1955,6,1955-02-17,Fredagen den 18 februari,40,0,2026-10-06
EG9O7,1955,7,1955-03-01,1955    ANDRA KAMMAREN    Nr 7,60,3,2026-10-06
EG9C8,1955,8,1955-03-07,Fredagen den 4 mars    Sid,29,0,2026-10-06
EG9O9,1955,9,1955-03-16,1955    ANDRA KAMMAREN    Nr 9,160,6,2026-10-06
EG9C10,1955,10,1955-03-19,Fredagen den 18 mars    Sid,94,2,2026-10-06
EG9O11,1955,11,1955-03-24,1955    ANDRA KAMMAREN    Nr 11,35,2,2026-10-06
EG9O10,1955,10,1955-03-23,herr Königson ang. uppförande av siderosen på förteckningen över,94,9,2026-10-06
EG9C12,1955,12,1955-03-29,Onsdagen den 30 mars    Sid,133,20,2026-10-06
EG9C13,1955,13,1955-04-14,Onsdagen den 13 april    Sid,40,4,2026-10-06
EG9O13,1955,13,1955-04-15,1955    ANDRA KAMMAREN    Nr 13,31,1,2026-10-06
EG9O16,1955,16,1955-03-31,1955    ANDRA KAMMAREN    Nr 16,81,13,2026-10-06
EG9C14,1955,14,1955-04-20,Tisdagen den 19 april    Sid,59,0,2026-10-06
EG9O14,1955,14,1955-04-20,Tisdagen den 19 april,57,0,2026-10-06
EG9C15,1955,15,1955-04-27,Fredagen den 22 april    Sid,95,1,2026-10-06
EG9C16,1955,16,1955-05-03,Fredagen den 29 april    Sid,67,8,2026-10-06
EG9O15,1955,15,1955-04-22,Fredagen den 22 april,119,4,2026-10-06
EG9O17,1955,17,1955-05-10,Granskning av statsrådsprotokollen ,101,14,2026-10-06
EG9C17,1955,17,1955-05-11,Fredagen den 6    maj    Sid,69,8,2026-10-06
EG9C18,1955,18,1955-05-17,Fredagen    den    13    maj    Sid,122,4,2026-10-06
EG9C20,1955,20,1955-05-24,"1955    FÖRSTA KAMMAREN!    i',' Nr 20",96,4,2026-10-06
EG9O20,1955,20,1955-05-24,Tisdagen den 24 maj fm.    Sid,95,1,2026-10-06
eg9d23,1955,23,1955-09-22,Tisdagen den 18 oktober    Sid Hälsningstal,1,0,2026-10-06
EG9C22,1955,22,1955-05-27,Torsdagen den 26 maj    Sid,117,8,2026-10-06
eg9p23,1955,23,1955-10-20,1955    ANDRA KAMMAREN,4,0,2026-10-06
eg9p24,1955,24,1955-10-26,1955    ANDRA KAMMAREN    Nr 24,1,0,2026-10-06
eg9d24,1955,24,1955-10-22,Onsdagen den    26    oktober    Sid,2,0,2026-10-06
EG9O22,1955,22,1955-06-10,Torsdagen den 26 maj fin,85,7,2026-10-06
eg9d26,1955,26,1955-11-09,Onsdagen den 9 november    Sid,14,0,2026-10-06
eg9d25,1955,25,1955-11-02,Tisdagen den 1 november    Sid,17,5,2026-10-06
eg9p25,1955,25,1955-11-02,1955    ANDRA KAMMAREN,21,6,2026-10-06
eg9p26,1955,26,1955-11-09,Tisdagen den 8 november,16,2,2026-10-06
eg9d27,1955,27,1955-11-15,Onsdagen den 16 november,35,0,2026-10-06
eg9p27,1955,27,1955-11-16,Fredagen den 11 november,42,0,2026-10-06
eg9d28,1955,28,1955-11-23,1955    FÖRSTA KAMM AREN    Nr 28,12,0,2026-10-06
eg9p28,1955,28,1955-11-23,Fredagen den 18 november,33,2,2026-10-06
eg9d29,1955,29,1955-11-30,1955    FÖRSTA KAMM AREN    Nr 29,43,0,2026-10-06
eg9p29,1955,29,1955-11-30,1955    ANDRA KAMMAREN    Nr 29,32,0,2026-10-06
eg9d30,1955,30,1955-12-07,Onsdagen    den    7    december    Sid,22,1,2026-10-06
eg9d31,1955,31,1955-12-14,1955    FÖRSTA KAMM AREN    Nr 31,50,6,2026-10-06
eg9p31,1955,31,1955-12-14,Tisdagen den 13 december,107,4,2026-10-06
eg9d32,1955,32,1955-12-17,Torsdagen den 15 december    Sid,59,3,2026-10-06
eh91beslut,1956,beslut,1956-01-01,Riksdagsbeslutet 1956,0,1,2026-10-06
eg9p32,1955,32,1955-12-23,1955    ANDRA KAMMAREN    Nr 32,49,1,2026-10-06
EH9C5,1956,5,1956-02-07,Tisdagen den 7 februari    Sid,0,0,2026-10-06
EH9C3,1956,3,1956-01-24,Tisdagen den 24 januari,0,1,2026-10-06
EH9O5,1956,5,1956-02-07,1956    ANDRA KAMMAREN    Nr 5,10,0,2026-10-06
EH9C7,1956,7,1956-02-21,Tisdagen den 21 februari    Sid,0,1,2026-10-06
EH9C6,1956,6,1956-02-15,Onsdagen den 15 februari    Sid,15,3,2026-10-06
EH9O6,1956,6,1956-02-14,ANDRA KAMMAREN    Nr 6,34,6,2026-10-06
EH9O7,1956,7,1956-02-17,Fredagen den 17 februari,8,0,2026-10-06
EH9O8,1956,8,1956-02-29,Tigdagen den 28 februari,24,2,2026-10-06
EH9C9,1956,9,1956-03-06,Tisdagen den 6 mars    Sid,49,0,2026-10-06
EH9O10,1956,10,1956-03-09,Svar på fråga av herr Larsson i Hedenäset ang. deltagande i den avfinska riksdagen beslutade utredningen om ytterligare broförbindelse,77,1,2026-10-06
EH9O15,1956,15,1956-04-20,1956 .    ANDRA KAMMAREN    Nr 15,136,2,2026-10-06
EH9O16,1956,16,1956-04-27,Fredagen den 27 april,79,12,2026-10-06
EH9C17,1956,17,1956-05-04,1956    FÖRSTA KAMMAREN    Nr 17,107,2,2026-10-06
EH9C19,1956,19,1956-05-18,Fredagen den 18 maj    Sid,101,8,2026-10-06
EH9O23,1956,23,1956-05-29,Tisdagen den 29 maj fm,48,3,2026-10-06
EH9O20,1956,20,1956-05-24,1956    ANDRA KAMMAREN    Nr 20,84,9,2026-10-06
EH9O1,1956,1,1956-01-18,RIKSDAGENS WW PROTOKOLL,3,0,2026-10-06
eh9d31,1956,31,1956-11-28,Onsdagen den    28 november    Sid,65,9,2026-10-06
EH9C1,1956,1,1956-01-18,Tisdagen den 10 januari    Sid,2,1,2026-10-06
EH9O24,1956,24,1956-05-30,Onsdagen den 30 maj fm,67,6,2026-10-06
EH9O3,1956,3,1956-01-20,Tisdagen den 24 januari,0,1,2026-10-06
EH9C2,1956,2,1956-01-20,Torsdagen den 19 januari    Sid,26,13,2026-10-06
EH9C4,1956,4,1956-01-24,31 januari—3 februari,1,0,2026-10-06
EH9O4,1956,4,1956-02-03,1956    ANDRA KAMMAREN    Nr 4,4,0,2026-10-06
EH9C8,1956,8,1956-02-24,Tisdagen den 28 februari    Sid,14,1,2026-10-06
EH9O2,1956,2,1956-01-20,Torsdagen den 19 januari fm,45,14,2026-10-06
EH9C10,1956,10,1956-03-08,Tisdagen den 13 mars    Sid,32,3,2026-10-06
EH9O9,1956,9,1956-03-07,1956    ANDRA KAMMAREN    Nr 9,39,1,2026-10-06
EH9O11,1956,11,1956-03-16,Svar på interpellation av herr Svensson i Krokstorp ang. åtgärder föratt vid behov snabbt kunna undsätta skärgårdens befolkning i krissituationer ........................................................ 8,148,5,2026-10-06
eh9o12,1956,12,1956-03-27,"Svar på frågor av herr Nilsson i Bästekille ang. åtgärder i anledningav att de svåra isförhållandena under lång tid omöjliggjort förfiskarena att utöva sin näring och av herr Levin ang. åtgärder medanledning av de svårigheter, som drabbat en stor del",42,2,2026-10-06
EH9C12,1956,12,1956-04-01,1956    FÖ B STA KAMM A RE N    Nrl2,44,1,2026-10-06
EH9C11,1956,11,1956-03-19,Tisdagen den 20 marsSvar på interpellationer:,171,5,2026-10-06
EH9C13,1956,13,1956-04-10,Onsdagen den 11 april    Sid,74,2,2026-10-06
EH9O13,1956,13,1956-04-11,1956    ANDRA KAMMAREN    Nr 13,117,5,2026-10-06
EH9C14,1956,14,1956-04-18,1956    FÖRSTA KAMMARE N    N r 14,95,6,2026-10-06
EH9O14,1956,14,1956-04-18,Fredagen den 13 april,70,2,2026-10-06
EH9C15,1956,15,1956-04-25,Fredagen den 20 april    Sid,122,6,2026-10-06
EH9C16,1956,16,1956-05-03,J lll^nirillilo lOttJK !■:,91,16,2026-10-06
EH9O17,1956,17,1956-05-05,Svar på interpellationer av:,138,8,2026-10-06
EH9C18,1956,18,1956-05-16,11—16 majDebatter m. m,111,10,2026-10-06
EH9O18,1956,18,1956-05-16,1956    ANDRA KAMMAREN    Nr 18,112,11,2026-10-06
EH9O19,1956,19,1956-05-18,Ändrad lydelse av § 22 regeringsformen........................ 6,79,5,2026-10-06
EH9C21,1956,21,1956-05-26,Lördagen den 26 maj    Sid,51,3,2026-10-06
EH9C20,1956,20,1956-05-25,Torsdagen den 24    maj    Sid,77,16,2026-10-06
EH9O21,1956,21,1956-05-26,1956    ANDRA KAMMAREN    Nr 21,50,0,2026-10-06
EH9C22,1956,22,1956-05-28,Måndagen den 28 maj    Sid,69,6,2026-10-06
EH9O22,1956,22,1956-05-28,Måndagen den 28 maj fm,75,4,2026-10-06
EH9C24,1956,24,1956-05-31,Riksbankens sedelutgivning m. m............................... 3,32,8,2026-10-06
eh9d25,1956,25,1956-10-15,Tisdagen den 16 oktober    Sid,2,0,2026-10-06
EH9C23,1956,23,1956-05-29,1956    FÖRSTA KAMM AREN    Nr 23,56,1,2026-10-06
eh9p25,1956,25,1956-10-15,1956    ANDRA KAMMAREN    Nr 25,1,0,2026-10-06
eh9p26,1956,26,1956-10-24,Onsdagen den 24 oktober,15,1,2026-10-06
eh9d26,1956,26,1956-10-30,Onsdagen den 24 oktober    Sid,1,0,2026-10-06
eh9d27,1956,27,1956-11-01,1956    FÖRSTA KAMMAREN    Nr 27,16,8,2026-10-06
eh9p28,1956,28,1956-11-02,1956    ANDRA KAMMAREN    Nr 28,42,0,2026-10-06
eh9d28,1956,28,1956-11-05,Måndagen den 5 novemberHöjning av omsättningsskatten å spritdrycker m. m,25,0,2026-10-06
eh9p27,1956,27,1956-11-01,31 oktober—1 november,31,10,2026-10-06
eh9d29,1956,29,1956-11-09,Tisdagen den 13    november    Sid,51,1,2026-10-06
eh9p29,1956,29,1956-11-10,1956    ANDRA KAMMAREN    Nr 29,34,14,2026-10-06
eh9d30,1956,30,1956-11-21,Tisdagen den 20 november    . Sid,71,3,2026-10-06
eh9p30,1956,30,1956-11-21,1956    ANDRA KAMMAREN    Nr 30,57,2,2026-10-06
eh9p31,1956,31,1956-11-28,1956    ANDRA KAMMAREN    Nr 31,76,29,2026-10-06
eh9d32,1956,32,1956-11-29,30 november—3 december,67,4,2026-10-06
eh9p32,1956,32,1956-11-29,1956    ANDRA KAMMAREN    Nr 32,84,10,2026-10-06
eh9d33,1956,33,1956-12-13,Tisdagen den    11 december    Sid,44,0,2026-10-06
ei91beslut,1957,beslut,1957-01-01,Riksdagsbeslutet 1957,0,0,2026-10-06
EI9O5,1957,5,1957-02-15,1957    ANDRA KAMMAREN    Nr 5,10,0,2026-10-06
EI9C5,1957,5,1957-02-15,Fredagen den 15 februari    Sid,1,0,2026-10-06
eh9p33,1956,33,1956-12-20,Fredagen den 7 december,97,7,2026-10-06
EI9O8,1957,8,1957-03-12,1957    ANDRA KAMMAREN    Nr 8,70,4,2026-10-06
EI9C10,1957,10,1957-03-22,1957    FÖRSTA KAMMAREN    Nr 10,138,6,2026-10-06
EI9O13,1957,13,1957-04-12,Fredagen den 12 april,30,4,2026-10-06
EI9O10,1957,10,1957-03-26,ANDRA KAMMAREN    Nr 10,125,3,2026-10-06
EI9C16,1957,16,1957-05-10,Fredagen den 10 maj    Sid,85,4,2026-10-06
EI9O16,1957,16,1957-05-10,1957    ANDRA KAMMAREN    Nr 16,95,0,2026-10-06
EI9C18,1957,18,1957-05-17,1957    FÖRSTA KAMMAREN    Nr 18,54,17,2026-10-06
EI9O19,1957,19,1957-05-21,Tisdagen den 21 maj    sid,38,1,2026-10-06
EI9O18,1957,18,1957-05-17,1957    ANDRA KAMMAREN    Nr 18,64,25,2026-10-06
EI9O21,1957,21,1957-01-01,Måndagen den 27 maj fm,0,0,2026-10-06
EI9C20,1957,20,1957-05-23,Torsdagen den    23 maj    Sid,82,0,2026-10-06
EI9C21,1957,21,1957-05-25,1957    FÖRSTA KAMMAREN    Nr 21,41,1,2026-10-06
ei9d26,1957,26,1957-11-19,1957    FÖRSTA KAMMAREN    Nr 26,16,0,2026-10-06
EI9C1,1957,1,1957-01-08,Torsdagen den 10 januari    Sid,0,1,2026-10-06
ei9d29,1957,29,1957-12-06,Fredagen den 6 december    Sid,48,2,2026-10-06
EI9O1,1957,1,1957-01-11,1957    AN D RA KAMMAR E N    Nr 1,5,1,2026-10-06
ei9p29,1957,29,1957-12-06,Fredagen den 6 december,88,0,2026-10-06
EI9O3,1957,3,1957-01-29,Onsdagen den 23 januari,11,0,2026-10-06
EI9C2,1957,2,1957-01-22,1957    FÖRSTA KAMM AREN    Nr 2,47,12,2026-10-06
EI9C3,1957,3,1957-01-30,Onsdagen den 23 januari    Sid,3,0,2026-10-06
EI9C4,1957,4,1957-02-12,Onsdagen den 6 februari,3,0,2026-10-06
EI9O4,1957,4,1957-02-13,1957    ANDRA KAMMAREN    Nr 4,16,0,2026-10-06
EI9O2,1957,2,1957-01-22,1957    ANDRA KAMMAREN    Nr 2,36,16,2026-10-06
EI9O6,1957,6,1957-02-21,1957    ANDRA KAMMAREN    Nr 6,60,0,2026-10-06
EI9O7,1957,7,1957-03-06,Svar på fråga av herr Hélen ang. anledningen till att arbetet med ändrad dyrortsgruppering för förortsområdena kring Stockholm och,47,7,2026-10-06
EI9C7,1957,7,1957-03-06,Onsdagen den 6 mars    Sid,50,6,2026-10-06
EI9C6,1957,6,1957-02-21,Onsdagen den 27 februari    Sid,56,1,2026-10-06
EI9C8,1957,8,1957-03-13,1957    FÖRSTA KAMMAREN    Nr 8,72,4,2026-10-06
EI9C9,1957,9,1957-03-20,Fredagen don 15 mars    Sid,50,1,2026-10-06
EI9O9,1957,9,1957-03-20,herr Carlsson i Stockholm ang. överförande av automobilskatte fonden,58,2,2026-10-06
EI9O12,1957,12,1957-03-26,1957    ANDRA KAMMAREN    Nr 12,163,2,2026-10-06
EI9O11,1957,11,1957-03-30,Rätt för kommun att erhålla ersättning för kostnader vid släckning,137,3,2026-10-06
EI9C11,1957,11,1957-04-02,Fredagen den 29 mars    Sid,121,3,2026-10-06
EI9C12,1957,12,1957-04-05,Fredagen den 5 april    Sid,133,1,2026-10-06
ei9p25,1957,25,1957-04-24,1957    ANDRA KAMMAREN    Nr 25,39,0,2026-10-06
EI9C13,1957,13,1957-04-13,Fredagen den 12 april,36,4,2026-10-06
EI9C14,1957,14,1957-04-26,1957    FÖRSTA KAMM AHEN    Nrl4,27,3,2026-10-06
EI9O14,1957,14,1957-04-26,1957    ANDRA KAMMAREN    Nr 14,63,12,2026-10-06
EI9C15,1957,15,1957-05-02,Fredagen den 3 maj    Sid,151,5,2026-10-06
EI9O15,1957,15,1957-05-08,1957    ANDRA KAMMAREN    Nr 15,142,8,2026-10-06
EI9C17,1957,17,1957-05-15,Svar på interpellation av herr Bengtson ang. arbetet inom 1954 års,83,0,2026-10-06
EI9C19,1957,19,1957-05-17,Tisdagen den 21 maj    Sid,51,3,2026-10-06
EI9O17,1957,17,1957-05-15,1957    ANDRA KAMMAREN,107,4,2026-10-06
EI9O20,1957,20,1957-05-24,1957    ANDRA KAMMAREN    Nr 20,97,5,2026-10-06
EI9C22,1957,22,1957-05-28,Tisdagen den 28 maj    Sid,59,8,2026-10-06
ei9p23,1957,23,1957-10-16,1957    ANDRA KAMMAREN    Nr 23,1,0,2026-10-06
ei9d23,1957,23,1957-10-17,1957    FÖRSTA KAMM AREN    Nr 23,0,0,2026-10-06
EI9O22,1957,22,1957-06-12,1957    ANDRA KAMMAREN    Nr 22,74,5,2026-10-06
ei9d25,1957,25,1957-11-12,Onsdagen den 13 november    Sid,26,0,2026-10-06
ei9p24,1957,24,1957-11-04,1957    ANDRA KAMMAREN    Nr 24,33,4,2026-10-06
ei9p26,1957,26,1957-11-19,Fredagen den 15 november,21,0,2026-10-06
ei9d24,1957,24,1957-11-07,22 oktober—7 november,24,9,2026-10-06
ei9d27,1957,27,1957-11-27,Onsdagen den 27 november    Sid,8,1,2026-10-06
ei9p27,1957,27,1957-11-27,1957    ANDRA KAMMAREN    Nr 27,19,0,2026-10-06
ei9d28,1957,28,1957-12-04,1957    FÖRSTA KAMMAREN    Nr 28,26,0,2026-10-06
ei9p28,1957,28,1957-12-03,1957    ANDRA KAMMAREN    Nr 28,31,2,2026-10-06
ei9d30,1957,30,1957-12-18,Tisdagen den 17 december    Sid,46,3,2026-10-06
ej98beslut,1958,beslut,1958-01-01,Riksdagsbeslutet vid 1958 års B-riksdag,0,0,2026-10-06
ej97beslut,1958,beslut,1958-01-01,Riksdagsbeslutet vid 1958 års A-riksdag,0,1,2026-10-06
EJ9J1,1958,1,1958-01-10,Fredagen den 10 januari    Sid,1,1,2026-10-06
ei9p30,1957,30,1957-12-27,1957    ANDRA KAMMAREN    Nr 30,67,11,2026-10-06
EJ9V1,1958,1,1958-01-10,1958    ANDRA KAMMAREN    Nr 1,1,0,2026-10-06
EJ9J3,1958,3,1958-01-29,Onsdagen den 29 januari    Sid,5,5,2026-10-06
EJ9K2,1958,2,1958-07-01,FÖRSTA KAMM AREN    Nr B 2,19,6,2026-10-06
EJ9W2,1958,2,1958-07-01,ANDRA KAMMAREN    Nr B2,18,3,2026-10-06
EJ9W4,1958,4,1958-07-18,Svar på interpellation av herr Löfgren ang. normer för meddelande av,73,2,2026-10-06
EJ9K4,1958,4,1958-07-18,1958    FÖRSTA KAMMAREN    Nr B 4,40,1,2026-10-06
EJ9V5,1958,5,1958-02-11,ANDRA KAMMAREN    Nr 5,24,3,2026-10-06
EJ9K8,1958,8,1958-10-16,1958    FÖRSTA KAMHAItES    Nr B 8,0,0,2026-10-06
EJ9V7,1958,7,1958-02-21,Fredagen den 21 februari,75,0,2026-10-06
EJ9V10,1958,10,1958-03-14,1958    ANDRA KAMMAREN    Nr 10,77,0,2026-10-06
EJ9V9,1958,9,1958-03-07,1958    ANDRA KAMMAREN    Nr 9,170,3,2026-10-06
EJ9J12,1958,12,1958-03-28,Fredagen den 28 mars    Sid,88,4,2026-10-06
EJ9J11,1958,11,1958-03-21,Fredagen den 21 mars    Sid,103,14,2026-10-06
EJ9V12,1958,12,1958-03-28,1958    ANDRA KAMMAREN    Nr 12,66,4,2026-10-06
EJ9J13,1958,13,1958-04-09,Onsdagen den 9 aprilSvar på interpellationer:,31,1,2026-10-06
EJ9J15,1958,15,1958-04-18,Fredagen den 18 april,38,3,2026-10-06
EJ9V15,1958,15,1958-04-17,Torsdagen den 17 april,39,3,2026-10-06
EJ9J16,1958,16,1958-04-22,21—22 aprilDebatter m. m,49,7,2026-10-06
EJ9V16,1958,16,1958-04-22,1958    ANDRA KAMMAREN    Nr 16,55,2,2026-10-06
EJ9J17,1958,17,1958-04-23,1958    FÖRSTA KAMM AREN    Nrl7,31,5,2026-10-06
EJ9J2,1958,2,1958-01-22,1958    FÖRSTA KAMMAREN    Nr,25,10,2026-10-06
EJ9V3,1958,3,1958-01-29,1958    ANDRA KAMMAREN    Nr 3,9,2,2026-10-06
EJ9V2,1958,2,1958-01-22,1958    ANDRA KAMMAREN    Nr 2,40,5,2026-10-06
EJ9J4,1958,4,1958-02-08,Onsdagen den 5 februari    Sid,3,0,2026-10-06
EJ9V4,1958,4,1958-01-31,Onsdagen den 5 februari,5,0,2026-10-06
EJ9J5,1958,5,1958-02-11,1958    FÖRSTA KAMM AREN    Nr 5,20,8,2026-10-06
EJ9J6,1958,6,1958-02-13,1958    FÖRSTA KAMM AREN    Nr6,20,1,2026-10-06
EJ9V6,1958,6,1958-02-19,1958    ANDRA KAMMAREN    Nr 6,33,1,2026-10-06
EJ9J7,1958,7,1958-02-25,Tisdagen den 25 februari    Sid,33,0,2026-10-06
EJ9J8,1958,8,1958-02-24,Tisdagen den 4 mars    Sid,49,0,2026-10-06
EJ9V8,1958,8,1958-03-05,Tisdagen den 4 mars    gid,66,1,2026-10-06
EJ9J10,1958,10,1958-03-19,Tisdagen den 18 mars    Sid,49,0,2026-10-06
EJ9J9,1958,9,1958-03-08,1958    F Ö R S TA K A M M A RE N    Nr 9,148,4,2026-10-06
EJ9V13,1958,13,1958-03-28,1958    ANDRA KAMMAREN    Nr 13,29,0,2026-10-06
EJ9V11,1958,11,1958-03-22,Fredagen den 21 mars    SJd,127,14,2026-10-06
EJ9J14,1958,14,1958-04-16,15—16 aprilDebatter m. m,110,10,2026-10-06
EJ9V14,1958,14,1958-04-16,Tisdagen den 15 april,110,10,2026-10-06
EJ9J18,1958,18,1958-04-28,Fredagen den 25 april    Sid,40,1,2026-10-06
EJ9K1,1958,1,1958-06-16,Onsdagen don 18 juni    Sid,3,1,2026-10-06
EJ9V18,1958,18,1958-04-28,1958    ANDRA KAMMAREN    Nr 18,61,3,2026-10-06
EJ9V17b1,1958,17,1958-04-23,1958    ANDRA KAMMAREN    Nr 17,85,14,2026-10-06
EJ9K3,1958,3,1958-07-15,3—16 juliDebatter m. m,48,17,2026-10-06
EJ9W1,1958,1,1958-07-20,1958    ANDRA KAMMAREN    Nr Bl,1,0,2026-10-06
EJ9W3,1958,3,1958-07-16,Torsdagen den 3 juli em,70,10,2026-10-06
EJ9K5,1958,5,1958-07-25,FÖRSTA KAMM AREN Nr B 5,107,5,2026-10-06
EJ9W5,1958,5,1958-07-25,Torsdagen den 24 juli,135,4,2026-10-06
EJ9W6,1958,6,1958-07-29,1958    ANDRA KAMMAREN    Nr B 6,27,3,2026-10-06
EJ9K6,1958,6,1958-07-29,Tisdagen den 29 juli    Sid,63,1,2026-10-06
EJ9K7,1958,7,1958-08-12,30—31 juliDebatter m. m,82,2,2026-10-06
EJ9W8,1958,8,1958-10-16,1958    ANDRA KAMMAREN    Nr B 8,0,0,2026-10-06
EJ9W7,1958,7,1958-08-12,Onsdagen den 30 juli fm,136,1,2026-10-06
EJ9W14,1958,14,1958-08-14,Fredagen den 5 december,31,4,2026-10-06
EJ9W9,1958,9,1958-11-05,1958    ANDRA KAMMAREN    Nr B9,32,0,2026-10-06
EJ9K9,1958,9,1958-11-05,1958    FÖRSTA KAMMAREN    Nr B 9,23,0,2026-10-06
EJ9W10,1958,10,1958-11-12,1958    ANDRA KAMMAREN    Nr B10,27,0,2026-10-06
EJ9K10,1958,10,1958-11-12,Tisdagen den 11 november    Sid,7,0,2026-10-06
EJ9W11,1958,11,1958-11-19,1958    ANDRA KAMMAREN    Nr B 11,73,15,2026-10-06
EJ9K11,1958,11,1958-11-19,FÖRSTA KAMM AREN Nr B 11,64,0,2026-10-06
EJ9K12,1958,12,1958-11-22,FÖRSTA KAMMAREN Nr B 12,65,1,2026-10-06
EJ9W12,1958,12,1958-11-26,1958    ANDRA KAMMAREN    Nr B 12,56,1,2026-10-06
EJ9K13,1958,13,1958-12-03,28 november—3 december,38,8,2026-10-06
EJ9W13,1958,13,1958-12-03,ANDRA KAMMAREN    Nr B 13,86,9,2026-10-06
ek91beslut,1959,beslut,1959-01-01,SVERIGES RIKSDAGS BESLUT,0,1,2026-10-06
EJ9K14,1958,14,1958-12-18,FÖRSTA KAMMA U E N Nr B 1 4,73,8,2026-10-06
EK9C1,1959,1,1959-01-10,Lördagen    den    10    januari    Sid,0,1,2026-10-06
EK9C3,1959,3,1959-02-04,1959    FÖRSTA KAMMAREN    Nr 3,21,0,2026-10-06
EJ9W15,1958,15,1958-12-18,Tisdagen den 9 december,117,1,2026-10-06
EK9C6,1959,6,1959-03-03,FÖRSTA KAMMAKEN    Nr 6,58,1,2026-10-06
EK9O9,1959,9,1959-03-20,Svar på interpellationer av:,69,0,2026-10-06
EK9O7,1959,7,1959-03-06,1959    ANDRA KAMMAREN    Nr 7,70,1,2026-10-06
EK9C9,1959,9,1959-03-20,Fredagen den 20 mars    Sid,76,0,2026-10-06
EK9C12,1959,12,1959-04-10,Fredagen den 10 april    Sid,80,2,2026-10-06
EK9C18,1959,18,1959-05-20,Onsdagen den 20 maj    Sid,49,0,2026-10-06
EK9O14,1959,14,1959-04-24,Fredagen den 24 april,141,1,2026-10-06
EK9C19,1959,19,1959-05-21,Torsdagen den    21 maj    Sid,41,0,2026-10-06
EK9O19,1959,19,1959-05-21,Torsdagen den 21 maj fm,108,1,2026-10-06
ek9d27,1959,27,1959-11-24,1959    FÖ R S TA K AM M A RE N    N r 27,48,1,2026-10-06
ek9p27,1959,27,1959-11-20,1959    ANDRA KAMMAREN    Nr 27,50,0,2026-10-06
ek9d30,1959,30,1959-12-02,1959    FÖRSTA KAMMAREN    Nr 30,40,1,2026-10-06
EK9O1,1959,1,1959-01-10,RIKSDAGENS ttttf PROTOKOLL,1,0,2026-10-06
ek9p28,1959,28,1959-11-26,1959    ANDRA KAMMAREN    Nr 28,48,13,2026-10-06
EK9C2,1959,2,1959-01-29,Fredagen den 23 januari    Sid,44,7,2026-10-06
EK9O3,1959,3,1959-02-04,Onsdagen den 4 februari,19,0,2026-10-06
EK9O4,1959,4,1959-02-18,1959    ANDRA KAMMAREN    Nr 4,7,2,2026-10-06
EK9C4,1959,4,1959-02-18,Onsdagen den 18 februari    Sid,11,7,2026-10-06
EK9O2,1959,2,1959-01-29,ANDRA KAMMAREN    Nr 2,51,7,2026-10-06
EK9C5,1959,5,1959-02-23,1959    FÖRSTA KAMM AREN    Nr S,56,0,2026-10-06
EK9O5,1959,5,1959-02-24,1959    ANDRA KAMMAREN    Nr 5,63,0,2026-10-06
EK9O6,1959,6,1959-03-04,1959    ANDRA KAMMAREN    Nr 6,59,0,2026-10-06
EK9C7,1959,7,1959-03-09,Tisdagen den 10 mars    Sid,147,0,2026-10-06
EK9C8,1959,8,1959-03-18,1959    FÖRSTA KAMMAREN    Nr 8,73,1,2026-10-06
EK9O8,1959,8,1959-03-18,Svar på interpellation av herr Johansson i Stockholm i anledning av,148,2,2026-10-06
EK9O10,1959,10,1959-03-29,1959    ANDRA KAMMAREN    Nr 10,53,0,2026-10-06
EK9C10,1959,10,1959-04-03,Fredagen den 3 aprilTidpunkten för ordförandeval i kommunernas fullmäktige,43,2,2026-10-06
EK9O11,1959,11,1959-04-03,Svar på interpellationer av:,77,15,2026-10-06
EK9C11,1959,11,1959-04-08,siktningen,72,12,2026-10-06
EK9O12,1959,12,1959-04-15,Fredagen den 10 april,61,1,2026-10-06
EK9O13,1959,13,1959-04-17,ANDRA KAMMAREN    Nr 13,62,16,2026-10-06
EK9C14,1959,14,1959-04-29,FÖRSTA KAMMAREN    Nr 14,178,1,2026-10-06
EK9C15,1959,15,1959-05-12,1959    FÖRSTA KAMM AREN    N r 15,82,8,2026-10-06
EK9O15,1959,15,1959-05-12,1959    ANDRA KAMMAREN    Nr 15,107,6,2026-10-06
EK9O16,1959,16,1959-05-14,1959    ANDRA KAMMAREN    Nr 16,68,4,2026-10-06
EK9O17,1959,17,1959-05-19,1959    ANDRA KAMMAREN    Nr 17,47,2,2026-10-06
EK9C17,1959,17,1959-05-19,1959    FÖRSTA KAMM AREN    Nr 17,19,1,2026-10-06
EK9C16,1959,16,1959-05-14,FÖRSTA KAMMAHBN    Nr 16,101,1,2026-10-06
EK9O18,1959,18,1959-05-20,1959    ANDRA KAMMAREN    Nr 18,79,2,2026-10-06
EK9O20,1959,20,1959-05-26,ANDRA KAMMAREN    Nr 20,40,0,2026-10-06
EK9C20,1959,20,1959-05-26,Tisdagen den 26 maj    Sid,51,1,2026-10-06
EK9O21,1959,21,1959-05-27,1959    ANDRA KAMMAREN    Nr 21,83,0,2026-10-06
EK9C22,1959,22,1959-05-30,Torsdagen den 28 maj    Sid,35,4,2026-10-06
EK9C21,1959,21,1959-05-27,1959    FÖBSTAKAMMAREN    Nr 21,97,2,2026-10-06
EK9O22,1959,22,1959-06-23,1959    ANDRA KAMMAREN    Nr 22,39,5,2026-10-06
EK9C13,1959,13,1959-06-30,1959    FÖRSTA KAMMAREN    Nr 13,28,5,2026-10-06
ek9d31,1959,31,1959-09-21,Tisdagen    den 8    december    Sid,54,0,2026-10-06
ek9d23,1959,23,1959-10-09,1959    FÖ RSTA K AM M A RE N    N,0,0,2026-10-06
ek9p23,1959,23,1959-10-19,1959    ANDRA KAMMAREN    Nr 23,3,0,2026-10-06
ek9p25,1959,25,1959-11-01,Tisdagen den 3 november,18,3,2026-10-06
ek9d24,1959,24,1959-10-21,Onsdagen den 28 oktober    Sid,25,4,2026-10-06
ek9d25,1959,25,1959-11-11,1959    FÖRSTA KAMMAREN    Nr 25,4,1,2026-10-06
ek9p24,1959,24,1959-10-29,1939    ANDRA KAMMAREN    Nr 24,35,11,2026-10-06
ek9d26,1959,26,1959-11-18,Tisdagen den 17 november,35,1,2026-10-06
ek9p26,1959,26,1959-11-18,1959    ANDRA KAMMAREN    Nr 26,40,0,2026-10-06
ek9p29,1959,29,1959-12-01,1959    ANDRA KAMMAREN    Nr 29,32,0,2026-10-06
ek9d29,1959,29,1959-12-01,1959    F Ö R S TA K AM M A RE N    Nr 29,30,1,2026-10-06
ek9d28,1959,28,1959-11-26,1959    FÖRSTA KAMMAREN    Nr28,44,7,2026-10-06
ek9p30,1959,30,1959-12-02,Onsdagen den 2 december fm,55,2,2026-10-06
ek9p31,1959,31,1959-12-05,Tisdagen den 8 december,41,0,2026-10-06
ek9d32,1959,32,1959-12-16,1959    FÖRSTA KAMMAREN    Nr 32,58,4,2026-10-06
EL9C3,1960,3,1960-02-02,3    FÖRSTA KAMMAREN    1960,6,0,2026-10-06
EL9C4,1960,4,1960-02-16,Tisdagen den 16 februari    Sid,19,4,2026-10-06
ek9p32,1959,32,1959-12-22,Fredagen den 11 december,93,11,2026-10-06
EL9O4,1960,4,1960-02-12,Fredagen den 12 februari,30,6,2026-10-06
EL9O5,1960,5,1960-02-19,Nr 5    ANDRA KAMMAREN    1960,22,0,2026-10-06
EL9C5,1960,5,1960-02-19,5    FÖRSTA KAMM AREN    1960,15,0,2026-10-06
EL9O12,1960,12,1960-04-06,196»    ANDRA KAMMAREN    Nr 12,157,14,2026-10-06
EL9C18,1960,18,1960-05-20,Nr 18    FÖRSTA KAMMAREN    1960,77,5,2026-10-06
EL9O16,1960,16,1960-05-06,Nr 16    ANDRA KAMMAREN    1960,136,4,2026-10-06
EL9C19,1960,19,1960-05-23,Måndagen den 23 maj    Sid,99,13,2026-10-06
el9d23,1960,23,1960-11-02,Onsdagen den 2 november    Sid,21,3,2026-10-06
EL9O20,1960,20,1960-05-27,Nr 20    ANDRA KAMMAREN    1960,101,2,2026-10-06
EL9C1,1960,1,1960-01-13,1    FÖRSTA KAMMAREN    1960,1,0,2026-10-06
EL9O1,1960,1,1960-01-14,Debatter m. m.Måndagen den 11 januari,1,0,2026-10-06
EL9O3,1960,3,1960-02-10,Nr 3    ANDRA KAMMAREN    1960,13,0,2026-10-06
EL9C2,1960,2,1960-01-27,Onsdagen den    20 januari    Sid,41,11,2026-10-06
EL9C7,1960,7,1960-03-01,Nr 7    FÖRSTA KAMM AREN    1960,102,2,2026-10-06
EL9O2,1960,2,1960-01-25,Nr 2    ANDRA KAMMAREN    1960,58,13,2026-10-06
EL9O7,1960,7,1960-03-09,prot 1960:7,0,0,2026-10-06
EL9C6,1960,6,1960-03-02,Nr 6    FÖRSTA KAMM AREN    1960,61,7,2026-10-06
EL9O6,1960,6,1960-03-02,Fredagen den 26 februari,66,7,2026-10-06
EL9O8,1960,8,1960-03-16,Svar på interpellation av fru Wallerius-Gunne ang. fördelningen avkostnader i samband med trafikövervakning och handläggning avparkeringsförseelser...................................... 3,80,2,2026-10-06
EL9C8,1960,8,1960-03-16,FÖ R S TA KAMM A RE N    1960,43,2,2026-10-06
EL9O9,1960,9,1960-03-22,Nr 9    ANDRA KAMMAREN    1960,108,1,2026-10-06
EL9C9,1960,9,1960-03-23,Tisdagen den    22    mars    Sid,106,0,2026-10-06
EL9C10,1960,10,1960-03-28,Tisdagen den 29 mars    Sid,91,1,2026-10-06
EL9O11,1960,11,1960-03-31,Nr 11    ANDRA KAMMAREN    1960,42,0,2026-10-06
EL9O10,1960,10,1960-03-30,Minnesord över förre talmannen August Sävström.................. 5,113,7,2026-10-06
EL9C11,1960,11,1960-04-01,Fredagen den 1 april    Sid,85,1,2026-10-06
EL9C15,1960,15,1960-04-05,Nr 15    FÖRSTA K AMMA REN    1960,165,3,2026-10-06
EL9C12,1960,12,1960-04-08,Nr 12    FÖRSTA KAMMAREN    1960,81,14,2026-10-06
EL9O13,1960,13,1960-04-21,Onsdagen den 20 april,57,12,2026-10-06
EL9C13,1960,13,1960-04-22,FÖRSTA KAMM AREN    1960,54,7,2026-10-06
el9d28,1960,28,1960-04-22,Nr 28    FÖRSTA HAMMAKEN    1960,104,1,2026-10-06
EL9C14,1960,14,1960-04-28,Tisdagen den 26 april    Sid,91,3,2026-10-06
EL9O14,1960,14,1960-04-23,"i i    i- »' .~'V,:    u i ■<"".ui •/; {JOHkHo<1T9?»'«I",112,5,2026-10-06
EL9C16,1960,16,1960-05-01,KÖ RSTA K A M M A RE N    1960,100,2,2026-10-06
EL9O15,1960,15,1960-05-04,Fredagen den 29 april,139,6,2026-10-06
EL9C17,1960,17,1960-05-13,Fredagen den 13 maj    Sid,163,6,2026-10-06
EL9O18,1960,18,1960-05-18,Nr 18    ANDRA KAMMAREN    1960,113,4,2026-10-06
EL9O17,1960,17,1960-05-18,Nr 17    ANDRA KAMMAREN    1960,194,0,2026-10-06
el91beslut,1960,beslut,1960-06-22,SVERIGES RIKSDAGS BESLUT,0,1,2026-10-06
EL9O19,1960,19,1960-05-25,Nr 19    ANDRA KAMMAREN    1960,95,9,2026-10-06
EL9C20,1960,20,1960-05-28,Svar på fråga av herr Bengtson ang. bättre arbetsmöjligheter för,77,0,2026-10-06
el9d21,1960,21,1960-10-06,Nr 21    FÖRSTA KAMM AREN    1960,0,1,2026-10-06
EL9O21,1960,21,1960-06-23,herr Staxäng ang. militära övningar i norska farvatten där svenska,31,13,2026-10-06
el9p22,1960,22,1960-10-13,Måndagen den 17 oktober,1,0,2026-10-06
el9p23,1960,23,1960-10-20,Onsdagen den 26 oktober,6,0,2026-10-06
el9d22,1960,22,1960-10-20,Onsdagen den 26 oktober    Sid,3,0,2026-10-06
el9d24,1960,24,1960-11-08,Onsdagen den 9 november    Sid,15,0,2026-10-06
el9p25,1960,25,1960-11-09,Tisdagen den 8 november,31,0,2026-10-06
el9p24,1960,24,1960-11-03,Nr 24    ANDRA KAMMAREN    1960,48,13,2026-10-06
el9d25,1960,25,1960-11-16,Fredagen den 11 november    Sid,26,0,2026-10-06
el9p26,1960,26,1960-11-14,Nr 26    ANDRA KAMMAREN    1960,40,0,2026-10-06
el9p27,1960,27,1960-11-17,Nr 27    ANDRA KAMMAREN    1960,37,0,2026-10-06
el9d26,1960,26,1960-11-23,Fredagen den 18 november    Sid,17,0,2026-10-06
el9d27,1960,27,1960-11-30,Fredagen den 25 november    Sid,62,1,2026-10-06
el9p28,1960,28,1960-11-30,Nr 28    ANDRA KAMMAREN    1960,55,1,2026-10-06
el9p29,1960,29,1960-12-05,Fredagen den 2 december,91,5,2026-10-06
el9d29,1960,29,1960-12-09,Nr 29    FÖRSTA KAMMAREN    1960,48,0,2026-10-06
em91beslut,1961,beslut,1961-01-01,SVERIGES RIKSDAGS BESLUT,0,0,2026-10-06
EM9C2,1961,2,1961-01-20,Nr 2    FÖRSTA KAMMAREN,0,0,2026-10-06
el9p30,1960,30,1960-12-20,Fredagen den 9 december,80,1,2026-10-06
EM9C13,1961,13,1961-04-11,Tisdagen den 11 april,85,0,2026-10-06
EM9O17,1961,17,1961-05-05,Nr 17    ANDRA KAMMAREN    1961,25,0,2026-10-06
EM9O13,1961,13,1961-04-11,Tisdagen den 11 april,106,0,2026-10-06
EM9C19,1961,19,1961-05-12,Nr 19    FÖRSTA KAMMAREN    1961,53,0,2026-10-06
EM9C21,1961,21,1961-05-19,Nr 21    FÖRSTA KAMMAREN,19,0,2026-10-06
EM9O23,1961,23,1961-05-24,Onsdagen den 24 maj fin,72,5,2026-10-06
EM9C23,1961,23,1961-05-24,Svar på interpellation av herr Kaijser om byggande av en kanal,72,2,2026-10-06
EM9C24,1961,24,1961-05-26,Fredagen den 26 maj    Sid,49,0,2026-10-06
em9p29,1961,29,1961-11-03,Nr 29    ANDRA KAMMAREN    1961,8,0,2026-10-06
EM9C25,1961,25,1961-05-29,Måndagen den 29 maj fm,37,4,2026-10-06
em9d30,1961,30,1961-11-15,Onsdagen    den 15 november    Sid,28,0,2026-10-06
em9d32,1961,32,1961-11-24,Fredagen den 24 november    Sid,42,0,2026-10-06
em9d34,1961,34,1961-12-12,Tisdagen den 12    december    Sid,17,0,2026-10-06
em9p33,1961,33,1961-12-01,Fredagen den 1 december,47,4,2026-10-06
EM9C1,1961,1,1961-01-05,Nr 1    FÖRSTA KAMM AREN    1961,0,0,2026-10-06
EM9O1,1961,1,1961-01-09,Nr 1    ANDRA KAMMAREN    1961,1,0,2026-10-06
EM9O2,1961,2,1961-01-20,2    ANDRA KAMMAREN    1961,0,1,2026-10-06
EM9O8,1961,8,1961-01-30,Nr 8    ANDRA KAMMAREN    1961,53,2,2026-10-06
EM9C3,1961,3,1961-01-25,Tisdagen den 24 januari,33,12,2026-10-06
EM9C8,1961,8,1961-01-30,Nr 8    FÖRSTA KAMMAREN    1961,35,0,2026-10-06
EM9O4,1961,4,1961-01-31,Torsdagen den 26 januari fm,2,0,2026-10-06
EM9C4,1961,4,1961-01-31,Tisdagen den 31 januari    Sid,1,0,2026-10-06
EM9O5,1961,5,1961-02-05,Fredagen den 3 februari,3,0,2026-10-06
EM9O3,1961,3,1961-01-25,Tisdagen den 24 januari fm,49,12,2026-10-06
EM9C5,1961,5,1961-02-07,Nr 5    FÖRSTA KAMMAREN    1961,1,0,2026-10-06
EM9O6,1961,6,1961-02-15,Fredagen den 10 februari,20,0,2026-10-06
EM9C6,1961,6,1961-02-15,Nr 6    FÖRSTA KAMMAREN    1961,12,0,2026-10-06
EM9O7,1961,7,1961-02-21,Fredagen den 17 februari,24,3,2026-10-06
EM9C7,1961,7,1961-02-22,7    FÖRSTA KAMMAREN    1961,32,1,2026-10-06
EM9O22,1961,22,1961-02-20,Tisdagen den 23 maj fm,62,9,2026-10-06
EM9O9,1961,9,1961-03-08,Svar på fråga av herr Alemyr ang. skolskjutsfordons utrustande med,80,5,2026-10-06
EM9O10,1961,10,1961-03-15,Svar på fråga av fröken Bergegren ang. åtgärder mot föreskrivande av,76,3,2026-10-06
EM9C9,1961,9,1961-03-08,Nr 9    FÖRSTA KAMMAREN    1961,89,6,2026-10-06
EM9C10,1961,10,1961-03-15,Fredagen den 10 mars    Sid,73,3,2026-10-06
EM9C11,1961,11,1961-03-21,"Interpellation av herr Svanström om inrättande av en särskild institution för forskning beträffande tandsjukdomarnas uppkomst,m. ",51,3,2026-10-06
EM9O11,1961,11,1961-03-22,Nr 11    ANDRA KAMMAREN    1961,133,7,2026-10-06
EM9O12,1961,12,1961-04-07,Nr 12    ANDRA KAMMAREN    1961,52,2,2026-10-06
EM9C12,1961,12,1961-04-07,Nr 12    FÖRSTA KAMMAREN,62,3,2026-10-06
EM9C14,1961,14,1961-04-19,Fredagen den 14 april,122,14,2026-10-06
EM9O14,1961,14,1961-04-18,Fredagen den 14 april,92,13,2026-10-06
EM9O15,1961,15,1961-04-21,Fredagen den 21 april,110,13,2026-10-06
EM9C15,1961,15,1961-04-26,Fredagen den 21 april,76,7,2026-10-06
EM9C16,1961,16,1961-05-02,Fredagen den 28 april    Sld Beräkningen,55,3,2026-10-06
EM9O16,1961,16,1961-04-29,Nr 16    ANDRA KAMMAREN    1961,58,8,2026-10-06
EM9C17,1961,17,1961-05-05,prot 1961:17,27,0,2026-10-06
EM9O18,1961,18,1961-05-10,Svar på interpellationer av:,53,1,2026-10-06
EM9C18,1961,18,1961-05-10,Svar på interpellation av herr Svanström om inrättande av ensärskild institution för forskning beträffande tandsjukdomarnas,47,2,2026-10-06
EM9O19,1961,19,1961-05-15,Nr 19    ANDRA KAMMAREN    1961,63,0,2026-10-06
EM9O20,1961,20,1961-05-17,Nr 20    ANDRA KAMMAREN    1961,119,4,2026-10-06
EM9C20,1961,20,1961-05-17,prot 1961:20,103,1,2026-10-06
EM9O21,1961,21,1961-05-20,Riksdagens protokoll 18-20 maj 1961,31,0,2026-10-06
EM9C22,1961,22,1961-05-23,Nr 22    FÖRSTA KAMMAREN,81,8,2026-10-06
em9p26,1961,26,1961-09-11,Nr 26    ANDRA KAMMAREN    1961,1,0,2026-10-06
EM9O24,1961,24,1961-05-26,Svar på fråga av herr östlund ang. bidrag av regleringsmedel till kostnader för mjölkavkastningskontroll,84,0,2026-10-06
em9d26,1961,26,1961-10-07,Måndagen den    16 oktober    Sid,1,0,2026-10-06
EM9O25,1961,25,1961-06-22,29 maj—22 juniDebatter m. m.Måndagen den 29 maj fm,40,5,2026-10-06
em9d27,1961,27,1961-10-25,"Onsdagen den 25 oktoberDe västeuropeiska integrationssträvandena, m. m",16,0,2026-10-06
em9p28,1961,28,1961-11-01,27 oktober—1 november,10,0,2026-10-06
em9d29,1961,29,1961-11-08,FÖRSTA KAMMAREN    1961,8,1,2026-10-06
em9d28,1961,28,1961-11-01,27 oktober—1 november,13,0,2026-10-06
em9p27,1961,27,1961-10-21,Tisdagen den 24 oktober,46,1,2026-10-06
em9d31,1961,31,1961-11-19,Nr 31    F Ö R S TA K A M M A K E N    1961,25,0,2026-10-06
em9p31,1961,31,1961-11-22,Nr 31    ANDRA KAMMAREN    1961,25,0,2026-10-06
em9p30,1961,30,1961-11-14,Fredagen den 10 november,63,1,2026-10-06
em9p32,1961,32,1961-11-29,Fredagen den 24 november,34,0,2026-10-06
em9d33,1961,33,1961-12-06,Nr 33    FÖRSTA KAMMAREN    1961,24,1,2026-10-06
em9p34,1961,34,1961-12-12,Fredagen den 8 december,53,6,2026-10-06
em9d35,1961,35,1961-12-13,Onsdagen den 13 december    Sid,43,2,2026-10-06
em9d36,1961,36,1961-12-14,Nr 36    FÖRSTA KAMMAREN    1961,23,1,2026-10-06
em9p35,1961,35,1961-12-13,Onsdagen den 13 december fm,44,5,2026-10-06
en90beslut,1962,beslut,1962-01-01,SVERIGES RIKSDAGS BESLUT,0,1,2026-10-06
em9p36,1961,36,1961-12-22,Nr 36    ANDRA KAMMAREN    1961,50,1,2026-10-06
EN9O4,1962,4,1962-01-24,Nr 4    ANDRA KAMMAREN    1962,32,5,2026-10-06
EN9O9,1962,9,1962-02-23,Nr 9    ANDRÅ KAMMAREN    1962,43,0,2026-10-06
EN9O10,1962,10,1962-03-02,Svar på fråga av herr Carbell i anledning av pressuppgifter om att enfånge vid Långholmsfängelset avlidit efter matstrejk............ 5,96,1,2026-10-06
EN9O17,1962,17,1962-04-27,Nr 17    ANDRA KAMMAREN    1962,102,4,2026-10-06
EN9C18,1962,18,1962-05-03,Nr 18    FÖRSTA KAMMAREN    1962,118,8,2026-10-06
EN9O19,1962,19,1962-05-11,Nr 19    ANDRA KAMMAREN    1962,73,8,2026-10-06
EN9O23,1962,23,1962-05-23,Nr 23    ANDRA KAMMAREN    1962,111,6,2026-10-06
EN9O25,1962,25,1962-05-28,Nr 25    ANDRA KAMMAREN    1962,43,0,2026-10-06
en9d27,1962,27,1962-10-19,Nr 27    FÖRSTA KAMMAREN    1962,0,1,2026-10-06
en9p28,1962,28,1962-10-19,Nr 28    ANDRA KAMMAREN    1962,2,0,2026-10-06
EN9C25,1962,25,1962-05-28,Nr 25    FÖRSTA KAMMAREN    1962,63,0,2026-10-06
en9p30,1962,30,1962-11-06,Nr 30    ANDRA KAMMAREN    1962,4,0,2026-10-06
en9p34,1962,34,1962-11-23,Nr 34    ANDRA KAMMAREN    1962,56,1,2026-10-06
en9p31,1962,31,1962-11-13,Nr 31    A N D RA KAMMAREN    1962,40,0,2026-10-06
EN9O1,1962,1,1962-01-10,Nr 1    ANDRA KAMMAREN    1962,1,0,2026-10-06
EN9C1,1962,1,1962-01-08,Nr 1    FÖRSTA KAMMAREN    1962,0,1,2026-10-06
en9p32,1962,32,1962-11-15,Torsdagen den 15 november fm,22,11,2026-10-06
EN9O2,1962,2,1962-01-12,Nr 2    ANDRA KAMMAREN    1962,0,1,2026-10-06
EN9C2,1962,2,1962-01-17,Fredagen den 12 januari    Sid,0,1,2026-10-06
EN9O3,1962,3,1962-01-23,Nr 3    ANDRA KAMMAREN    1962,20,12,2026-10-06
EN9C4,1962,4,1962-01-24,FÖRSTA KAMMAREN    1962,19,3,2026-10-06
EN9O5,1962,5,1962-01-26,Torsdagen den 25 januari fm,0,1,2026-10-06
EN9C3,1962,3,1962-01-23,Nr 3    FÖRSTA KAMMAREN    1962,27,6,2026-10-06
EN9C5,1962,5,1962-01-26,Torsdagen den 25 januari em.Utsträckt motionstid i visst ärende,0,1,2026-10-06
EN9C6,1962,6,1962-02-07,Nr 6    FÖRSTA KAMMAREN    1962,17,0,2026-10-06
EN9O6,1962,6,1962-02-07,Nr 6    ANDRA KAMMAREN    1962,32,1,2026-10-06
EN9O7,1962,7,1962-02-14,Nr 7    ANDRA KAMMAREN    1962,14,0,2026-10-06
EN9C7,1962,7,1962-02-14,Nr 7    FÖRSTA KAMMAREN    1962,12,0,2026-10-06
EN9C9,1962,9,1962-02-28,Nr 9    FÖRSTA KAMMAREN    1962,43,2,2026-10-06
EN9O8,1962,8,1962-02-21,Fredagen den 16 februari,41,2,2026-10-06
EN9C8,1962,8,1962-02-21,FÖRSTA KAMMAREN    Nr,37,1,2026-10-06
EN9C10,1962,10,1962-03-01,Tisdagen den 6 mars    Sid,69,1,2026-10-06
EN9C11,1962,11,1962-03-12,Fredagen den 9 mars    Sid,40,2,2026-10-06
EN9C12,1962,12,1962-03-16,Nr 12    FÖRSTA KAMMAREN    1962,69,4,2026-10-06
EN9O11,1962,11,1962-03-06,Nr 11    ANDRA KAMMAREN    1962,79,2,2026-10-06
EN9O12,1962,12,1962-03-21,Nr 12    ANDRA KAMMAREN    1962,71,6,2026-10-06
EN9C13,1962,13,1962-03-28,Tisdagen den 27 mars    Sid,43,13,2026-10-06
EN9O13,1962,13,1962-03-26,Nr 13    ANDRA KAMMAREN    1962,53,19,2026-10-06
EN9O14,1962,14,1962-03-29,Svar på interpellation av herr Nilsson i Gävle ang. skärpning av den,164,1,2026-10-06
EN9C14,1962,14,1962-04-04,Fredagen den 30 mars    Sid,148,2,2026-10-06
EN9C16,1962,16,1962-04-16,Onsdagen don    2ö april    Sid,9,0,2026-10-06
EN9O15,1962,15,1962-04-11,Svar på fråga av herr Lindahl ang. utredningen om grunderna för en,150,1,2026-10-06
EN9C15,1962,15,1962-04-13,Tisdagen den    10    april    Sid,130,1,2026-10-06
EN9O16,1962,16,1962-04-26,Nr 16    ANDRA KAMMAREN    1962,32,2,2026-10-06
EN9C17,1962,17,1962-04-27,FÖRSTA KAMMAREN    1962,103,1,2026-10-06
EN9C19,1962,19,1962-05-11,Den ekonomiska politiken ,49,10,2026-10-06
EN9O18,1962,18,1962-05-09,Svar på fråga av herr Spångberg i anledning av återupptagandet av,132,11,2026-10-06
EN9O20,1962,20,1962-05-16,Nr 20    ANDRA KAMMAREN    1962,52,0,2026-10-06
EN9C20,1962,20,1962-05-16,Tisdagen den 15 maj    Sid,73,2,2026-10-06
EN9C21,1962,21,1962-05-16,FÖ HSTA K A M M A 11 E N    1962,74,1,2026-10-06
EN9O21,1962,21,1962-05-19,Fredagen den 18 maj fin,98,2,2026-10-06
EN9O22,1962,22,1962-05-21,Tisdagen den 22 maj fm,27,0,2026-10-06
EN9C22,1962,22,1962-05-22,Nr 22    FÖRSTA KAMMAREN    1962,19,1,2026-10-06
EN9C23,1962,23,1962-05-23,Onsdagen den 23 maj    Sid,94,0,2026-10-06
EN9C24,1962,24,1962-05-26,Torsdagen    den 24 mn.j    Sid,63,4,2026-10-06
EN9O24,1962,24,1962-05-26,Fredagen den 25 maj lin,64,5,2026-10-06
EN9O26,1962,26,1962-06-21,Nr 26    ANDRA KAMMAREN    1962,50,1,2026-10-06
en9d26,1962,26,1962-10-17,Nr 26    F Ö RS TA K A M M A RE N    1962,1,0,2026-10-06
en9p27,1962,27,1962-10-16,Tisdagen den 16 oktober,2,0,2026-10-06
en9p29,1962,29,1962-10-25,Nr 29    ANDRA KAMMAREN,3,0,2026-10-06
en9d29,1962,29,1962-11-07,Tisdagen den 6 november    Sid,8,0,2026-10-06
en9d28,1962,28,1962-10-26,Nr 28    FÖRSTA KAMMAREN    1962,0,1,2026-10-06
en9d30,1962,30,1962-11-14,Nr 30    FÖRSTA KAMMAREN    19 6 2,18,0,2026-10-06
en9d31,1962,31,1962-11-15,Nr 31    FÖRSTA KAMMAREN    196 2,20,5,2026-10-06
en9d32,1962,32,1962-11-21,Nr 32    FÖRSTA KAMMAREN    1962,52,8,2026-10-06
en9d33,1962,33,1962-11-23,Nr 33    FÖRSTA KAMM AREN    1962,20,3,2026-10-06
en9p33,1962,33,1962-11-21,Nr 33    ANDRA KAMMAREN    1962,39,0,2026-10-06
en9d34,1962,34,1962-11-28,30 november-5 december,40,0,2026-10-06
en9p35,1962,35,1962-11-30,Nr 35    ANDRA KAMMAREN    1962,60,1,2026-10-06
en9d35,1962,35,1962-12-11,Fredagen den 7 december    Sid,55,1,2026-10-06
en9p36,1962,36,1962-12-11,Nr 36    ANDRA KAMMAREN    1962,54,1,2026-10-06
en9d36,1962,36,1962-12-12,Onsdagen    den    12    december    Sid,27,0,2026-10-06
EO9O5,1963,5,1963-02-01,Nr 5    ANDRA KAMMAREN    1963,16,0,2026-10-06
en9p37,1962,37,1962-12-19,Onsdagen den 12 december fm,75,1,2026-10-06
EO9C4,1963,4,1963-01-23,Nr 4    FÖRSTA KAMMAREN    1963,21,4,2026-10-06
EO9C8,1963,8,1963-02-26,Tisdagen den 26 februari    Sid,24,2,2026-10-06
EO9C13,1963,13,1963-03-29,Nr 13    FÖRSTA KAMMAREN,36,3,2026-10-06
EO9O10,1963,10,1963-03-08,Svar på fråga av herr Ståhl ang. lagstiftning om juridisk ansvarighet,69,0,2026-10-06
EO9O18,1963,18,1963-04-26,Fredagen den 26 april,63,0,2026-10-06
EO9C19,1963,19,1963-05-02,Nr 19    FÖRSTA KAMMAREN    1963,25,3,2026-10-06
EO9O21,1963,21,1963-05-09,Svar på interpellationer av:,41,2,2026-10-06
EO9C21,1963,21,1963-05-10,Nr 21    FÖ RSTA KAMMAREN    1963,39,1,2026-10-06
EO9O23,1963,23,1963-05-16,Svar på fråga av herr Nordgren ang. folktandvårdskliniken i Edsbyn 3Svar på interpellationer av:,60,0,2026-10-06
EO9C23,1963,23,1963-05-17,Fredagen den 17 maj    Sid,34,8,2026-10-06
EO9O24,1963,24,1963-05-20,Nr 24    ANDRA KAMMAREN    1963,101,9,2026-10-06
EO9C24,1963,24,1963-05-21,Nr 24    FÖRSTA KAMMAREN    1963,108,6,2026-10-06
EO9O26,1963,26,1963-05-27,Svar på fråga av herr Antby ang. tillgrepp av vapen och ammunition,56,6,2026-10-06
EO9C27,1963,27,1963-05-29,29—30 majDebatter m. m,103,4,2026-10-06
eo9d30,1963,30,1963-10-29,Tisdagen den 29 oktober    Sid,25,4,2026-10-06
eo9p33,1963,33,1963-11-15,Nr 33    ANDRA KAMMAREN    1963,83,11,2026-10-06
eo9d36,1963,36,1963-12-10,Nr 36    FÖRSTA KAMMAREN    1963,91,0,2026-10-06
eo9p35,1963,35,1963-11-29,29 november — 6 december,129,10,2026-10-06
EO9O1,1963,1,1963-01-10,Nr 1    ANDRA KAMMAREN    1963,1,0,2026-10-06
EO9C1,1963,1,1963-01-11,Torsdagen den 10    januari    Sid,0,0,2026-10-06
EO9O2,1963,2,1963-01-12,Tisdagen den 15 januari,0,0,2026-10-06
eo9p37,1963,37,1963-12-12,Torsdagen den 12 december,60,14,2026-10-06
EO9C2,1963,2,1963-01-16,Tisdagen den 15 januari    Sid,0,0,2026-10-06
EO9O3,1963,3,1963-01-22,Nr 3    ANDRA KAMMAREN    1963,20,6,2026-10-06
EO9C3,1963,3,1963-01-22,Nr 3    FÖRSTA KAMMAREN    1963,22,12,2026-10-06
EO9O4,1963,4,1963-01-25,Onsdagen den 23 januari,36,5,2026-10-06
EO9O6,1963,6,1963-01-30,Nr 6    ANDRA KAMMAREN    1963,8,0,2026-10-06
EO9C5,1963,5,1963-02-07,Nr 5    FÖRSTA KAMMAREN    1963,0,0,2026-10-06
EO9C6,1963,6,1963-02-13,Nr 6    FÖRSTA KAMMAREN    1963,10,0,2026-10-06
EO9O7,1963,7,1963-02-20,Tisdagen den 19 februari,10,0,2026-10-06
EO9C7,1963,7,1963-02-20,Nr 7    FÖRSTA KAMMAREN    1963,6,1,2026-10-06
EO9O8,1963,8,1963-02-22,ANDRA KAMMAREN    1963,32,1,2026-10-06
EO9C9,1963,9,1963-03-06,Nr 9    FÖRSTA KAMMAREN    1963,38,2,2026-10-06
EO9O9,1963,9,1963-03-06,Nr 9    ANDRA KAMM AREN    1963,59,5,2026-10-06
EO9C10,1963,10,1963-03-13,Tisdagen den    12    mars    Sid,77,1,2026-10-06
EO9C11,1963,11,1963-03-20,Nr 11    FÖRSTA KAMMAREN    1963,50,3,2026-10-06
EO9O11,1963,11,1963-03-15,Nr 11    ANDRA KAMMAREN    1963,108,5,2026-10-06
EO9O12,1963,12,1963-03-26,Nr 12    ANDRA KAMMAREN    1963,88,6,2026-10-06
EO9O13,1963,13,1963-03-30,Svar på fråga av herr Gustavsson i Alvesta ang. tillämpningsföreskrifterna rörande beviljande av arealbidrag................. 3,60,0,2026-10-06
EO9C12,1963,12,1963-03-27,Nr 12    FÖRSTA KAMMAREN,116,3,2026-10-06
EO9C15,1963,15,1963-04-18,Nr 15    FÖRSTA KAMMAREN    1963,38,1,2026-10-06
EO9C14,1963,14,1963-04-04,"Höjning av skatterna på spritdrycker och vin, in. m",135,21,2026-10-06
EO9O14,1963,14,1963-04-04,Onsdagen den 3 april fm,125,17,2026-10-06
EO9O15,1963,15,1963-04-18,Nr 15    ANDRA KAMMAREN    1963,49,2,2026-10-06
EO9O16,1963,16,1963-04-18,Nr 16    ANDRA KAMMAREN    1963,97,1,2026-10-06
EO9C16,1963,16,1963-04-19,Nr 16    FÖRSTA KAMMAREN    1963,39,0,2026-10-06
EO9O17,1963,17,1963-04-24,Tisdagen den 23 april,75,2,2026-10-06
EO9C18,1963,18,1963-04-26,Nr 18    FÖRSTA KAMMAREN    1963,74,0,2026-10-06
EO9C17,1963,17,1963-04-24,Nr 17    FÖRSTA KAMMAREN    1963,58,3,2026-10-06
EO9O19,1963,19,1963-05-03,herr Svanberg ang. den fortsatta utbyggnaden av Aktiebolaget,27,2,2026-10-06
EO9O20,1963,20,1963-05-03,Nr 20    ANDRA KAMMAREN    1963,97,0,2026-10-06
EO9C20,1963,20,1963-05-08,Nr 20    FÖRSTA KAMMAREN    1963,112,0,2026-10-06
EO9O22,1963,22,1963-05-15,Nr 22    ANDRA KAMMAREN    1963,131,1,2026-10-06
EO9C22,1963,22,1963-05-15,Nr 22    FÖRSTA KAMMAREN    1963,98,0,2026-10-06
EO9O25,1963,25,1963-05-24,Fredagen den 24 maj fm,64,4,2026-10-06
EO9C25,1963,25,1963-05-24,Nr 25    FÖRSTAKAMMAREN    1963,37,1,2026-10-06
eo91beslut,1963,beslut,1963-09-10,SVERIGES RIKSDAGS BESLUT,0,1,2026-10-06
EO9C26,1963,26,1963-05-28,Nr 26    FÖRSTA KAMMAREN    1963,56,3,2026-10-06
eo9p28,1963,28,1963-10-17,Nr 28    ANDRA KAMMAREN    1963,1,0,2026-10-06
eo9d28,1963,28,1963-10-17,Onsdagen den 16 oktober    Sid,0,1,2026-10-06
eo9p29,1963,29,1963-10-21,Nr 29    ANDRA KAMMAREN    1963,0,0,2026-10-06
eo9d29,1963,29,1963-10-23,Nr 29    FÖRSTA KAMMAREN    1963,3,0,2026-10-06
eo9p30,1963,30,1963-10-29,Tisdagen den 29 oktober fm,17,7,2026-10-06
eo9d31,1963,31,1963-11-06,Nr 31    FÖRSTA KAMMAREN    1963,0,0,2026-10-06
eo9p31,1963,31,1963-11-06,30 oktober—6 november,50,3,2026-10-06
eo9p32,1963,32,1963-11-13,Nr 32    ANDRA KAMMAREN    1963,19,1,2026-10-06
eo9d32,1963,32,1963-11-13,Nr 32    FÖRSTA KAMMAREN    1963,21,1,2026-10-06
eo9d33,1963,33,1963-11-16,15—20 novemberDebatter in. m,63,10,2026-10-06
EO9O27,1963,27,1963-06-20,Nr 27    ANDRA KAMMAREN    1963,109,6,2026-10-06
eo9p34,1963,34,1963-11-20,Nr 34    ANDRA KAMMAREN    1963,85,2,2026-10-06
eo9d34,1963,34,1963-11-27,Tisdagen den 26    november    Sid,54,0,2026-10-06
eo9d37,1963,37,1963-12-12,Nr 37    FÖRSTA KAMMAREN    1963,36,7,2026-10-06
eo9p36,1963,36,1963-12-10,Måndagen den 9 december,84,5,2026-10-06
ep91beslut,1964,beslut,1964-01-01,SVERIGES RIKSDAGS BESLUT,0,1,2026-10-06
eo9d35,1963,35,1963-12-04,29 november—6 december,106,0,2026-10-06
EP9O7,1964,7,1964-02-11,Nr 7    ANDRA KAMMAREN    1964,21,0,2026-10-06
EP9O5,1964,5,1964-01-24,Nr 5    ANDRA KAMMAREN    1964,36,3,2026-10-06
EP9O9,1964,9,1964-02-25,Tisdagen den 25 februari,35,0,2026-10-06
EP9C10,1964,10,1964-03-04,Onsdagen den 4 mars    Sid,48,3,2026-10-06
EP9C18,1964,18,1964-04-17,Fredagen    den    17    april    Sid,45,1,2026-10-06
EP9O16,1964,16,1964-04-10,Nr 16    ANDRA KAMMAREN,74,2,2026-10-06
EP9O18,1964,18,1964-04-17,Nr 18    ANDRA KAMMAREN    1964,79,10,2026-10-06
EP9C19,1964,19,1964-04-22,Nr 19    FÖRSTA KAMMAREN    1964,113,10,2026-10-06
EP9O19,1964,19,1964-04-22,Nr 19    ANDRA KAMMAREN    1964,101,10,2026-10-06
EP9O20,1964,20,1964-04-24,Nr 20    ANDRA KAMMAREN    1961,100,2,2026-10-06
EP9C20,1964,20,1964-04-24,Nr 20    FÖRSTA KAMMAREN    1964,82,0,2026-10-06
EP9O22,1964,22,1964-05-05,Nr 22    ANDRA KAMMAREN    1964,83,22,2026-10-06
EP9C8,1964,8,1964-02-19,Samtliga avgjorda ärenden,0,0,2026-10-06
EP9O24,1964,24,1964-05-14,Förvärv av fastigheten tomten nr 1 i kvarteret Hästen i Täby köping,76,9,2026-10-06
EP9C26,1964,26,1964-05-21,Nr 26    FÖRSTA KAMMAREN    1964,94,2,2026-10-06
ep9p35,1964,35,1964-11-12,Torsdagen den 12 november,38,4,2026-10-06
ep9p39,1964,39,1964-12-08,Tisdagen den 8 december,76,7,2026-10-06
ep9d40,1964,40,1964-12-10,Torsdagen den 10 december    Sid,12,0,2026-10-06
EP9C1,1964,1,1964-01-10,Lördagen den 11 januari,0,1,2026-10-06
EP9C6,1964,6,1964-01-06,31 januari—7 februari,24,0,2026-10-06
EP9O1,1964,1,1964-01-10,Nr 1    ANDRA KAMMAREN    1964,1,0,2026-10-06
EP9O27,1964,27,1964-05-25,ANDRA KAMMAREN    1964,79,0,2026-10-06
EP9C2,1964,2,1964-01-12,Onsdagen den 15 januari    Sid,0,1,2026-10-06
EP9O2,1964,2,1964-01-17,Onsdagen den 15 januari,2,0,2026-10-06
EP9O3,1964,3,1964-01-22,Nr 3    ANDRA KAMMAREN    1964,11,6,2026-10-06
EP9C3,1964,3,1964-01-22,Tisdagen    den    21    januari    Sid,24,12,2026-10-06
EP9O4,1964,4,1964-01-23,Torsdagen den 23 januari fm,32,7,2026-10-06
EP9C4,1964,4,1964-01-23,Torsdagen den 23 januari,19,7,2026-10-06
EP9C5,1964,5,1964-01-29,Onsdagen den    29    januari    Sid,10,1,2026-10-06
EP9O6,1964,6,1964-02-05,Nr 6    ANDRA KAMMAREN    1964,12,0,2026-10-06
EP9C7,1964,7,1964-02-11,Tisdagen den 11 februari    Sid,14,0,2026-10-06
EP9C23,1964,23,1964-01-30,RIKSDAGENS W* PROTOKOLL,118,7,2026-10-06
EP9O8,1964,8,1964-02-14,Nr 8    ANDRA KAMMAREN    1964,23,0,2026-10-06
EP9C9,1964,9,1964-02-25,Nr 9    FÖRSTA KAMMAREN    1964,23,1,2026-10-06
EP9O10,1964,10,1964-03-04,Nr 10    ANDRA KAMMAREN    1964,87,5,2026-10-06
EP9C11,1964,11,1964-03-13,Svar på fråga av herr Isacson ang. riksskattenämndens anvisningar för år 19-64 års taxering ,59,2,2026-10-06
EP9O11,1964,11,1964-03-11,Svar på fråga av herr Lindström ang. reklamen för televisionsmotta gare,87,4,2026-10-06
EP9C12,1964,12,1964-03-20,Nr 12    FÖRSTA KAMMAREN    1964,104,4,2026-10-06
EP9C13,1964,13,1964-04-01,Nr 13    FÖRSTA KAMMAREN    1964,48,4,2026-10-06
EP9O12,1964,12,1964-03-20,Svar på interpellationer av:,130,1,2026-10-06
EP9O13,1964,13,1964-04-01,Meddelande ang. plenum fredagen den 3 april...................... 3,44,4,2026-10-06
EP9C14,1964,14,1964-04-03,Nr 14    FÖRSTA KAMMAREN    1964,83,3,2026-10-06
EP9O14,1964,14,1964-04-03,Nr 14    ANDRA KAMMAREN    1964,65,0,2026-10-06
EP9C15,1964,15,1964-04-08,Onsdagen den 8 april    sid*,43,1,2026-10-06
EP9O15,1964,15,1964-04-08,Svar på frågor av:    Sid,69,6,2026-10-06
EP9C16,1964,16,1964-04-10,Nr 16    FÖRSTA KAMMAREN    1964,73,2,2026-10-06
EP9O17,1964,17,1964-04-13,Tisdagen den 14 april,77,9,2026-10-06
EP9O21,1964,21,1964-04-29,Onsdagen den 29 april,75,1,2026-10-06
EP9C17,1964,17,1964-04-15,Tisdagen den    14 april    Sid,83,12,2026-10-06
EP9C21,1964,21,1964-04-30,Onsdagen den 29 april    Sid,94,3,2026-10-06
EP9C22,1964,22,1964-05-05,Nr 22    FÖRSTA KAMMAREN    1964,43,12,2026-10-06
EP9O23,1964,23,1964-05-13,Nr 23    ANDRA KAMMAREN    1964,112,1,2026-10-06
EP9C24,1964,24,1964-05-15,Torsdagen den 14 maj    Sid,90,2,2026-10-06
EP9C25,1964,25,1964-05-20,Nr 25    FÖRSTA KAMMAREN,104,9,2026-10-06
EP9O25,1964,25,1964-05-20,herr Westberg ang. inkallelser av värnpliktiga,109,3,2026-10-06
EP9O26,1964,26,1964-05-22,Nr 26    ANDRA KAMMAREN    1964,129,4,2026-10-06
EP9C27,1964,27,1964-05-26,Nr 27    FÖRSTA KAMMAREN    1964,62,3,2026-10-06
EP9C28,1964,28,1964-05-27,Onsdagen den 27 maj    Sid,67,4,2026-10-06
EP9O28,1964,28,1964-05-27,Onsdagen den 27 maj fm,64,2,2026-10-06
EP9C29,1964,29,1964-05-28,Torsdagen den 28 maj    Sid,23,0,2026-10-06
EP9O29,1964,29,1964-05-28,Torsdagen den 28 maj fm,11,0,2026-10-06
ep9p31,1964,31,1964-10-05,Nr 31    ANDRA KAMMAREN    1964,1,0,2026-10-06
EP9O30,1964,30,1964-05-29,Nr 30    AN DRA KAMMAREN    1964,96,2,2026-10-06
ep9d31,1964,31,1964-10-15,Nr 31    FÖRSTA KAMMAREN    1964,0,0,2026-10-06
EP9C30,1964,30,1964-05-29,Nr 30    FÖRSTA KAMMAREN    1964,63,2,2026-10-06
ep9p32,1964,32,1964-10-22,Tisdagen den 20 oktober,11,0,2026-10-06
ep9d32,1964,32,1964-10-27,Fredagen den 23 oktober    Sid,12,0,2026-10-06
ep9p33,1964,33,1964-10-29,29 oktober—4 november,35,0,2026-10-06
ep9d33,1964,33,1964-11-04,29 oktober—4 november,32,0,2026-10-06
ep9d35,1964,35,1964-11-12,Torsdagen den 12    november    Sid,33,0,2026-10-06
ep9d34,1964,34,1964-11-11,Fredagen den 6 november    Sid,32,6,2026-10-06
ep9p34,1964,34,1964-11-10,Fredagen den 6 november,28,9,2026-10-06
ep9d36,1964,36,1964-11-16,Nr 36    FÖRSTA KAMMAREN    1964,76,0,2026-10-06
ep9p36,1964,36,1964-11-16,Tisdagen den 17 november,89,5,2026-10-06
ep9p37,1964,37,1964-11-26,Tisdagen den 24 november,87,2,2026-10-06
ep9d38,1964,38,1964-11-28,Nr 38    FÖRSTA KAMMAREN    1964,34,1,2026-10-06
ep9d37,1964,37,1964-11-26,Tisdagen    den    24    november    Sid,72,1,2026-10-06
ep9p38,1964,38,1964-12-04,Tisdagen den 1 december,100,1,2026-10-06
ep9d39,1964,39,1964-12-09,Tisdagen den 8 december    Sid,78,4,2026-10-06
ep9p40,1964,40,1964-12-11,Nr 40    ANDRA KAMMAREN    1964,36,0,2026-10-06
ep9d41,1964,41,1964-12-11,Fredagen den 11 december    Sid,51,2,2026-10-06
ep9p41,1964,41,1964-12-15,Nr 41    ANDRA KAMMAREN,90,11,2026-10-06
ep9d42,1964,42,1964-12-16,Onsdagen den 16 december    Sid,31,4,2026-10-06
eq91beslut,1965,beslut,1965-01-01,SVERIGES RIKSDAGS BESLUT,0,1,2026-10-06
EQ9O8,1965,8,1965-02-16,Nr 8    ANDRA KAMMAREN    1965,17,6,2026-10-06
ep9p42,1964,42,1964-12-30,Onsdagen den 16 december fm,45,9,2026-10-06
EQ9O9,1965,9,1965-02-24,Nr 9    ANDRA KAMMAREN    1965,31,0,2026-10-06
EQ9O20,1965,20,1965-04-29,Nr 20    ANDRA KAMMAREN    1965,37,0,2026-10-06
EQ9O10,1965,10,1965-03-02,herr Andersson i Örebro ang. viss inskränkning av de militära övningarna inom fritidsområdet vid Kilsbergen........   5,58,5,2026-10-06
EQ9O22,1965,22,1965-05-07,Meddelande ang. plena........................................ 3,53,3,2026-10-06
eq9p34,1965,34,1965-11-03,Onsdagen den 3 november,55,3,2026-10-06
EQ9O25,1965,25,1965-05-18,Nr 25    ANDRA KAMMAREN,113,15,2026-10-06
EQ9C28,1965,28,1965-05-25,Tisdagen den 25 maj    Sid,60,0,2026-10-06
eq9d34,1965,34,1965-11-03,Onsdagen den 3 november    Sid,27,0,2026-10-06
eq9d35,1965,35,1965-11-09,Tisdagen den 9 november    Sid,34,4,2026-10-06
eq9d40,1965,40,1965-12-09,Torsdagen den 9 december    Sid,42,15,2026-10-06
eq9d36,1965,36,1965-11-12,Nr 36    FÖRSTA KAMMAREN    1965,49,4,2026-10-06
eq9p41,1965,41,1965-12-10,Nr 41    ANDRA KAMMAREN    1965,83,2,2026-10-06
EQ9C1,1965,1,1965-01-09,Måndagen den 11 januari    Sid,0,1,2026-10-06
eq9d42,1965,42,1965-12-15,":!<!»,(> 7.n -jtuiGvä",41,3,2026-10-06
EQ9O1,1965,1,1965-01-11,Måndagen den 11 januari,1,0,2026-10-06
eq9p42,1965,42,1965-12-15,Onsdagen den 15 december fin,89,3,2026-10-06
EQ9O2,1965,2,1965-01-15,"r, t ‘ -Jj) i'r f: i*    'i tf i 1 ‘ ‘ J Ö U < b",0,1,2026-10-06
EQ9C2,1965,2,1965-01-15,Nr 2    FÖRSTA KAMMAREN    1965,0,0,2026-10-06
EQ9O3,1965,3,1965-01-19,Nr 3    ANDRA KAMMAREN    1965,12,6,2026-10-06
EQ9C3,1965,3,1965-01-19,Tisdagen den 19 januari    Sid,27,10,2026-10-06
EQ9O4,1965,4,1965-01-20,Onsdagen den 20 januari fm,31,9,2026-10-06
EQ9C4,1965,4,1965-01-20,Onsdagen den 20 januari    Sid,15,4,2026-10-06
EQ9O5,1965,5,1965-01-22,I . ' i. • -i <. trii vbunnmi { ■»,19,2,2026-10-06
EQ9C5,1965,5,1965-01-27,Tisdagen den 26 januari    Sid,7,1,2026-10-06
EQ9O6,1965,6,1965-02-04,Nr 6    ANDRA KAMMAREN    1965,0,0,2026-10-06
EQ9C6,1965,6,1965-02-05,Nr 6    FÖRSTA KAMMAREN    1965,6,0,2026-10-06
EQ9C7,1965,7,1965-02-11,Tisdagen den 9 februari    Sid,1,0,2026-10-06
EQ9O7,1965,7,1965-02-05,Nr 7    ANDRA KAMMAREN    1965,11,0,2026-10-06
EQ9C8,1965,8,1965-02-18,Nr 8    FÖRSTA KAMMAREN    1965,5,0,2026-10-06
EQ9C10,1965,10,1965-03-01,Tisdagen den 2 mars    Sid,37,3,2026-10-06
EQ9C9,1965,9,1965-02-26,Tisdagen den 23 februari    Sid,16,0,2026-10-06
EQ9C11,1965,11,1965-03-05,Tisdagen den 9 mars    Sid,46,3,2026-10-06
EQ9O11,1965,11,1965-03-09,Nr 11    ANDRA KAMMAREN    1965,78,6,2026-10-06
EQ9C12,1965,12,1965-03-16,Onsdagen den 17 mars    Sid,112,1,2026-10-06
EQ9O12,1965,12,1965-03-09,Nr 12    ANDRA KAMMAREN    1965,107,6,2026-10-06
EQ9O13,1965,13,1965-03-24,herr Eliasson i Moholm ang. beskattningen av varor för användning,67,0,2026-10-06
EQ9C14,1965,14,1965-03-30, i-jd-jkn ! »i >l*nt,42,2,2026-10-06
EQ9C15,1965,15,1965-04-01,Fredagen den 2 april    Sid,67,1,2026-10-06
EQ9O14,1965,14,1965-03-30,Svar på interpellation av herr Wiklund ang. bestämmelserna om tyst -,98,3,2026-10-06
EQ9O15,1965,15,1965-04-02,Torsdagen den 1 april,108,4,2026-10-06
EQ9C13,1965,13,1965-04-06,Nr 13    FÖRSTA KAMMAREN    1965,65,0,2026-10-06
EQ9O16,1965,16,1965-04-07,Svar på fråga av herr Sjöholm ang. existensminimum vid avdrag för,68,22,2026-10-06
EQ9C16,1965,16,1965-04-07,Tisdagen den 6 april    Sid,67,18,2026-10-06
EQ9O17,1965,17,1965-04-08,Nr 17    ANDRA KAMMAREN    1965,96,0,2026-10-06
EQ9C17,1965,17,1965-04-09,Fredagen den 9 april    Sid,41,5,2026-10-06
EQ9O18,1965,18,1965-04-21,Onsdagen den 21 april,103,2,2026-10-06
EQ9C18,1965,18,1965-04-21,Onsdagen den 21 april    Sid,122,8,2026-10-06
EQ9O19,1965,19,1965-04-28,Nr 19    ANDRA KAMMAREN    1965,103,8,2026-10-06
EQ9C20,1965,20,1965-04-30,Torsdagen den 29 april,36,0,2026-10-06
EQ9C19,1965,19,1965-04-28,Tisdagen den 27 april    Sid,45,4,2026-10-06
EQ9O21,1965,21,1965-05-05,Nr 21    ANDRA KAMMAREN    1965,51,5,2026-10-06
EQ9C21,1965,21,1965-05-05,Tisdagen den 4 maj    Sid,44,3,2026-10-06
EQ9C23,1965,23,1965-05-05,Tisdagen den 11 maj    Sid,80,6,2026-10-06
EQ9C22,1965,22,1965-05-06,Fredagen den 7 maj    Sid,67,0,2026-10-06
EQ9O23,1965,23,1965-05-12,prot 1965:23,106,1,2026-10-06
EQ9C24,1965,24,1965-05-13,Torsdagen den 13 maj    Sid,86,7,2026-10-06
EQ9O24,1965,24,1965-05-14,Nr 24    ANDRA KAMMAREN    1965,81,4,2026-10-06
EQ9O26,1965,26,1965-05-19,Svar på interpellation av herr Hector ang. en svensk humanitär insats i,71,3,2026-10-06
EQ9C25,1965,25,1965-05-19,Tisdagen den 18 maj    Std,76,7,2026-10-06
EQ9C26,1965,26,1965-05-20,Torsdagen    den 20 maj    Sid,11,2,2026-10-06
EQ9O29,1965,29,1965-05-20,Nr 29    ANDRA KAMMAREN    1965,38,1,2026-10-06
EQ9C27,1965,27,1965-05-21,Fredagen den    21 maj    Sid,56,0,2026-10-06
EQ9O27,1965,27,1965-05-21,Nr 27    ANDRA KAMMAREN    1965,46,0,2026-10-06
EQ9C29,1965,29,1965-05-26,Nr 29    FÖRSTA KAMMAREN    1965,59,2,2026-10-06
EQ9O28,1965,28,1965-05-25,Nr 28    ANDRA KAMMAREN    1965,79,0,2026-10-06
EQ9C30,1965,30,1965-05-28,Fredagen    den    28    maj    förmiddagen    sid,25,8,2026-10-06
eq9p31,1965,31,1965-10-20,Nr 31    ANDRA KAMMAREN,1,0,2026-10-06
EQ9O30,1965,30,1965-06-22,Nr 30    ANDRA KAMMAREN    1965,42,4,2026-10-06
eq9d32,1965,32,1965-10-27,Fredagen den 22 oktober    Std,3,0,2026-10-06
eq9d31,1965,31,1965-10-20,Måndagen den 18 oktober    Sid,0,0,2026-10-06
eq9p32,1965,32,1965-10-28,Nr 32    ANDRA KAMMAREN    1965,19,0,2026-10-06
eq9d33,1965,33,1965-11-02,Tisdagen den 2 november,18,5,2026-10-06
eq9p35,1965,35,1965-11-10,Nr 35    ANDRA KAMMAREN    1965,64,4,2026-10-06
eq9p33,1965,33,1965-11-02,Tisdagen den 2 november {in,24,9,2026-10-06
eq9p36,1965,36,1965-11-17,Fredagen den 12 november,112,6,2026-10-06
eq9d37,1965,37,1965-11-24,Fredagen den 19 november    Sid,33,1,2026-10-06
eq9d38,1965,38,1965-11-26,Nr 38    FÖRSTA KAMMAREN    1965,73,1,2026-10-06
eq9p37,1965,37,1965-11-23,Fredagen den 19 november,62,5,2026-10-06
eq9p38,1965,38,1965-12-01,Nr 38    ANDRA KAMMAREN    1965,72,3,2026-10-06
eq9d39,1965,39,1965-12-01,Fredagen den 3 december    Sid,84,12,2026-10-06
eq9p39,1965,39,1965-12-08,Fredagen den 3 december,98,15,2026-10-06
er91beslut,1966,beslut,1966-01-01,SVERIGES RIKSDAGS BESLUT,0,1,2026-10-06
eq9d41,1965,41,1965-12-14,Fredagen den 10 december    Sid,86,1,2026-10-06
ER9C1,1966,1,1966-01-10,Nr 1    FÖRSTA KAMMAREN    1966,0,0,2026-10-06
eq9p40,1965,40,1965-12-09,Torsdagen den 9 december fm,61,20,2026-10-06
ER9O6,1966,6,1966-02-04,Nr 6    ANDRA KAMMAREN    1966,41,2,2026-10-06
ER9O9,1966,9,1966-02-24,Torsdagen den 24 februari,119,8,2026-10-06
ER9O10,1966,10,1966-03-03,prot 1966:10,111,0,2026-10-06
ER9C15,1966,15,1966-03-31,Torsdagen den 31 mars    Sid,146,3,2026-10-06
ER9O22,1966,22,1966-05-05,herr Nilsson i Bästekille ang. visst avdrag vid beskattningen av,50,10,2026-10-06
ER9C22,1966,22,1966-05-05,Torsdagen den 5 maj    sid,33,3,2026-10-06
ER9C25,1966,25,1966-05-23,Måndagen den 23 maj    Sid,85,2,2026-10-06
ER9O24,1966,24,1966-05-16,Meddelande ang. plena,83,3,2026-10-06
ER9O26,1966,26,1966-05-25,Onsdagen den 25 maj fm,71,2,2026-10-06
er9p29,1966,29,1966-10-25,Tisdagen den 25 oktober,12,1,2026-10-06
ER9C26,1966,26,1966-05-25,Onsdagen den 25 maj    Sid,63,5,2026-10-06
er9d31,1966,31,1966-11-02,Nr 31    FÖRSTA KAMMAREN    1966,27,6,2026-10-06
er9d36,1966,36,1966-12-07,Onsdagen den 7 december    Sid,45,4,2026-10-06
ER9O1,1966,1,1966-01-11,Måndagen den 10 januari,3,0,2026-10-06
ER9C2,1966,2,1966-01-19,Nr 2    FÖRSTA KAMMAREN    1966,25,9,2026-10-06
ER9O2,1966,2,1966-01-18,Tisdagen den 18 januari,28,8,2026-10-06
ER9O3,1966,3,1966-01-20,Nr 3    ANDRA KAMMAREN    1966,33,13,2026-10-06
ER9C3,1966,3,1966-01-20,Torsdagen den 20 januari    Sil,22,5,2026-10-06
ER9C5,1966,5,1966-01-24,31 januari—3 februari,19,1,2026-10-06
ER9C4,1966,4,1966-01-26,Fredagen den 21 januari    Sid,2,1,2026-10-06
ER9O4,1966,4,1966-01-26,Nr 4    ANDRA KAMMAREN    1966,31,7,2026-10-06
ER9C6,1966,6,1966-02-10,Tisdagen    den    8    februari    Sid,10,2,2026-10-06
ER9O5,1966,5,1966-02-02,31 januari—3 februari,24,2,2026-10-06
ER9O7,1966,7,1966-02-16,Tisdagen den 15 februari,56,0,2026-10-06
ER9C7,1966,7,1966-02-16,Nr 7    FÖRSTA KAMMAREN    1966,45,0,2026-10-06
ER9C8,1966,8,1966-02-23,Torsdagen den 17 februari    Sid,59,0,2026-10-06
ER9O8,1966,8,1966-02-23,Torsdagen den 17 februari,57,0,2026-10-06
ER9C9,1966,9,1966-02-23,FÖRSTA KAMMAREN    1966,78,8,2026-10-06
ER9C10,1966,10,1966-03-09,Nr 10    FÖRSTA KAMMAREN    1966,80,1,2026-10-06
ER9O27,1966,27,1966-02-28,Nr 27    ANDRA KAMMAREN    1966,76,8,2026-10-06
ER9O11,1966,11,1966-03-14,Torsdagen den 10 mars,112,2,2026-10-06
ER9C11,1966,11,1966-03-17,Nr 11    FÖRSTA KAMMAREN    1966,181,0,2026-10-06
ER9O12,1966,12,1966-03-22,Torsdagen den 17 mars,68,0,2026-10-06
ER9C12,1966,12,1966-03-23,Torsdagen den 17 mars,110,3,2026-10-06
ER9O13,1966,13,1966-03-24,Torsdagen den 24 mars,101,4,2026-10-06
ER9C13,1966,13,1966-03-25,Torsdagen den 24 mars    Sid,63,1,2026-10-06
ER9O14,1966,14,1966-03-29,AN DRA KAMMAREN    1966,152,6,2026-10-06
ER9C14,1966,14,1966-03-30,Tisdagen    den    29    mars    Sid,89,17,2026-10-06
ER9O15,1966,15,1966-04-01,Nr 15    ANDRA KAMMAREN    1%6,99,26,2026-10-06
ER9O16,1966,16,1966-04-13,Onsdagen den 13 april fm,130,15,2026-10-06
ER9C16,1966,16,1966-04-13,Onsdagen den 13 april    Sid,71,0,2026-10-06
ER9C17,1966,17,1966-04-14,Nr 17    FÖRSTA KAMMAREN    1966,55,2,2026-10-06
ER9O17,1966,17,1966-04-14,Torsdagen den 14 april fm,122,1,2026-10-06
ER9O18,1966,18,1966-04-19,Tisdagen den 19 april,67,1,2026-10-06
ER9C18,1966,18,1966-04-20,Tisdagen den 19 april    Sid,55,4,2026-10-06
ER9C19,1966,19,1966-04-20,Torsdagen den 21 april    sid,1,0,2026-10-06
ER9O19,1966,19,1966-04-20,Nr 19    ANDRA KAMMAREN    1966,84,6,2026-10-06
ER9C20,1966,20,1966-04-27,Tisdagen den 26 april,118,4,2026-10-06
ER9O20,1966,20,1966-04-29,Tisdagen den 26 april,149,6,2026-10-06
ER9O21,1966,21,1966-05-04,Nr 21    ANDRA KAMMAREN    1966,40,0,2026-10-06
ER9C21,1966,21,1966-05-04,Nr 21    FÖRSTA KAMMAREN    1966,37,0,2026-10-06
ER9C23,1966,23,1966-05-13,"Svar på interpellation av herr Larsson, Thorsten, ang. skolungdoms- och student- samt praktikantutbytet med utlandet",57,1,2026-10-06
ER9O23,1966,23,1966-05-09,Svar på interpellationer av:,59,3,2026-10-06
ER9C24,1966,24,1966-05-18,"Svar på interpellation av herr Andersson, Torsten, ang. utflyttning",53,5,2026-10-06
ER9O25,1966,25,1966-05-24,Nr 25    ANDRA KAMMAREN    1966,92,7,2026-10-06
ER9C27,1966,27,1966-05-27,Torsdagen den 26 maj    Sid,49,7,2026-10-06
er9p32,1966,32,1966-05-28,Nr 32    ANDRA KAMMAREN    1966,45,0,2026-10-06
er9p28,1966,28,1966-10-21,Tisdagen den 18 oktober,2,0,2026-10-06
er9d28,1966,28,1966-10-21,Nr 28    FÖRSTA KAMMAREN    1966,0,1,2026-10-06
er9d29,1966,29,1966-10-21,Nr 29    FÖRSTA KAMMAREN    1966,1,1,2026-10-06
er9p30,1966,30,1966-10-28,Nr 30    ANDRA KAMMAREN    1966,20,9,2026-10-06
er9d30,1966,30,1966-11-01,Tisdagen den 1 november,21,11,2026-10-06
er9d32,1966,32,1966-11-08,Onsdagen den 9 november,12,6,2026-10-06
er9p31,1966,31,1966-11-02,Nr 31    ANDRA KAMMAREN,50,7,2026-10-06
er9d33,1966,33,1966-11-17,Nr 33    FÖRSTA KAMMAREN    1966,40,12,2026-10-06
er9p33,1966,33,1966-11-18,Nr 33    ANDRA KAMMAREN    1966,72,15,2026-10-06
er9d34,1966,34,1966-11-22,Tisdagen den 22 november    Sid,51,5,2026-10-06
er9p34,1966,34,1966-11-25,Tisdagen den 22 november,98,4,2026-10-06
er9d35,1966,35,1966-11-29,Nr 35    FÖRSTA KAMMAREN    1966,70,4,2026-10-06
er9p35,1966,35,1966-11-29,29 november—2 december,66,1,2026-10-06
er9p36,1966,36,1966-12-06,Nr 36    ANDRA KAMMAREN    1966,64,0,2026-10-06
er9d37,1966,37,1966-12-07,Nr 37    FÖRSTA KAMMAREN    1966,31,0,2026-10-06
er9p37,1966,37,1966-12-09,Torsdagen den 8 december,87,5,2026-10-06
er9d38,1966,38,1966-12-13,Nr 38    FÖRSTA KAMMAREN    1966,62,13,2026-10-06
er9p38,1966,38,1966-12-13,Nr 38    ANDRA KAMMAREN    1966,86,12,2026-10-06
er9d39,1966,39,1966-12-15,Onsdagen den 14 december    Sid,50,1,2026-10-06
es91beslut,1967,beslut,1967-01-01,SVERIGES RIKSDAGS BESLUT,0,1,2026-10-06
er9p39,1966,39,1966-12-29,Nr 39    ANDRA KAMMAREN    1966,80,11,2026-10-06
ES9C5,1967,5,1967-01-31,31 januari—3 februari,3,2,2026-10-06
ES9C2,1967,2,1967-01-19,Nr 2    FÖRSTA KAMMAREN    1967,28,7,2026-10-06
ES9O5,1967,5,1967-01-31,Nr 5    ANDRA KAMMAREN    1967,15,0,2026-10-06
ES9C11,1967,11,1967-03-02,Torsdagen den 2    mars    Sid,20,0,2026-10-06
ES9O27,1967,27,1967-05-16,Svar på interpellation av herr Andersson i Storfors ang. tvättmedlensskadeverkningar i vattendragen............................... 3,58,1,2026-10-06
ES9O17,1967,17,1967-04-04,Svar på interpellationer av herr Andersson i Storfors ang. åtgärder,107,2,2026-10-06
ES9O31,1967,31,1967-05-24,Nr 31    ANDRA KAMMAREN    1967,62,2,2026-10-06
ES9O32,1967,32,1967-05-25,Nr 32    ANDRA KAMMAREN,68,1,2026-10-06
ES9O33,1967,33,1967-05-26,Nr 33    ANDRA KAMMAREN    1967,36,0,2026-10-06
es9d40,1967,40,1967-11-02,Nr 40    FÖRSTA KAMMAREN    1967,51,6,2026-10-06
es9d43,1967,43,1967-11-14,Nr 43    FÖRSTA KAMMAREN    1967,64,4,2026-10-06
es9d48,1967,48,1967-11-30,Nr 48    FÖRSTA KAMMAREN    1967,22,1,2026-10-06
es9p41,1967,41,1967-11-08,Onsdagen den 8 november £m,26,7,2026-10-06
es9d50,1967,50,1967-12-07,Nr 50    FÖRSTA KAMMAREN    1967,48,0,2026-10-06
es9d51,1967,51,1967-12-08,Nr 51    FÖRSTA KAMMAREN    1967,9,0,2026-10-06
ES9C1,1967,1,1967-01-17,Tisdagen den 10 januari    Sid,3,1,2026-10-06
ES9O1,1967,1,1967-01-10,Tisdagen den 10 januari,9,0,2026-10-06
es9d52,1967,52,1967-12-11,Nr 52    FÖRSTA KAMMAREN    1967,78,10,2026-10-06
ES9C3,1967,3,1967-01-20,Fredagen den 20 januari    Sid,28,2,2026-10-06
ES9O2,1967,2,1967-01-19,Nr 2    ANDRA KAMMAREN    1967,22,10,2026-10-06
ES9O4,1967,4,1967-01-21,Nr 4    ANDRA KAMMAREN    1967,39,4,2026-10-06
ES9O3,1967,3,1967-01-20,Fredagen den 20 januari fm,34,10,2026-10-06
ES9C4,1967,4,1967-01-26,Tisdagen den 24 januari    Sid,15,2,2026-10-06
ES9C6,1967,6,1967-02-07,Tisdagen den 7 februari    Sid,17,1,2026-10-06
ES9O6,1967,6,1967-02-10,Nr 6    ANDRA KAMMAREN    1967,39,0,2026-10-06
ES9O7,1967,7,1967-02-17,prot 1967:7,74,3,2026-10-06
ES9C7,1967,7,1967-02-15,Nr 7    FÖRSTA KAMMAREN    1967,53,12,2026-10-06
ES9C8,1967,8,1967-02-17,Tisdagen den 21 februari    Sid,58,15,2026-10-06
ES9C9,1967,9,1967-02-24,Torsdagen den 23 februari kl. 15.00    Sid,13,0,2026-10-06
ES9O8,1967,8,1967-02-22,Nr 8    ANDRA KAMMAREN    1967,55,23,2026-10-06
ES9O9,1967,9,1967-02-24,Nr 9    ANDRA KAMMAREN    1967,48,9,2026-10-06
ES9C10,1967,10,1967-02-24,FÖRSTA KAMMAREN    1967,83,2,2026-10-06
ES9O11,1967,11,1967-03-03,Nr 11    ANDRA KAMMAREN    1967,30,0,2026-10-06
ES9O10,1967,10,1967-03-01,Tisdagen den 28 februari,117,0,2026-10-06
ES9O12,1967,12,1967-03-08,Nr 12    ANDRA KAMMAREN    1967,65,9,2026-10-06
ES9C12,1967,12,1967-03-08,Tisdagen den 7 mars    Sid,79,9,2026-10-06
ES9C13,1967,13,1967-03-09,Nr 13    FÖRSTA KAMMAREN    1967,31,0,2026-10-06
ES9O13,1967,13,1967-03-10,Nr 13    ANDRA KAMMAREN    1967,25,0,2026-10-06
ES9C17,1967,17,1967-03-14,Nr 17    FÖRSTA KAMMAREN    1967,62,2,2026-10-06
ES9O14,1967,14,1967-03-14,herr Lundberg ang. försöksdjur för den medicinska forskningen. ...    5,110,1,2026-10-06
ES9C14,1967,14,1967-03-15,Nr 14    FÖRSTA KAMMAREN    1967,124,1,2026-10-06
ES9O15,1967,15,1967-03-15,Torsdagen den 16 mars,69,3,2026-10-06
ES9C15,1967,15,1967-03-17,Torsdagen den 16 mars    Sid,62,0,2026-10-06
ES9O16,1967,16,1967-03-31,Utgifterna inom försvarsdepartementets verksamhetsområde:,70,1,2026-10-06
ES9C16,1967,16,1967-03-31,Onsdagen den 29 mars    Sid,51,0,2026-10-06
ES9C18,1967,18,1967-04-07,Nr 18    FÖRSTA KAMMAREN    1967,52,2,2026-10-06
ES9O18,1967,18,1967-04-07,Nr 18    ANDRA KAMMAREN    1967,71,0,2026-10-06
ES9O19,1967,19,1967-04-12,Tisdagen den 11 april,81,5,2026-10-06
ES9C19,1967,19,1967-04-12,Nr 19    FÖRSTA KAMMAREN    1967,28,0,2026-10-06
ES9O20,1967,20,1967-04-14,Torsdagen den 13 april,78,1,2026-10-06
ES9C20,1967,20,1967-04-14,Torsdagen den 13 april    Sid,76,0,2026-10-06
ES9C21,1967,21,1967-04-19,Nr 21    FÖRSTA KAMMAREN    1967,58,0,2026-10-06
ES9C22,1967,22,1967-04-20,Torsdagen den 20 april    Sid,22,0,2026-10-06
ES9O21,1967,21,1967-04-19,Nr 21    ANDRA KAMMAREN    1967,47,1,2026-10-06
ES9O22,1967,22,1967-04-21,Nr 22    ANDRA KAMMAREN    1967,92,1,2026-10-06
ES9C23,1967,23,1967-04-26,Tisdagen den    25 april    Sid,61,2,2026-10-06
ES9O23,1967,23,1967-04-28,Nr 23    ANDRA KAMMAREN,74,2,2026-10-06
ES9C24,1967,24,1967-04-28,Tisdagen den 2 maj    Sid,40,1,2026-10-06
ES9C25,1967,25,1967-05-02,Nr 25    FÖRSTA KAMMAREN    1967,36,0,2026-10-06
ES9O24,1967,24,1967-05-03,Nr 24    ANDRA KAMMAREN    1967,56,0,2026-10-06
ES9C26,1967,26,1967-05-12,Nr 26    FÖRSTA KAMMAREN    1967,57,1,2026-10-06
ES9O25,1967,25,1967-05-08,Nr 25    ANDRA KAMMAREN    1967,55,0,2026-10-06
ES9O26,1967,26,1967-05-12,Nr 26    ANDRA KAMMAREN    1967,106,5,2026-10-06
ES9C28,1967,28,1967-05-18,Nr 28    FÖRSTA KAMMAREN    1967,30,3,2026-10-06
ES9O28,1967,28,1967-05-18,Nr 28    ANDRA KAMMAREN    1967,29,5,2026-10-06
ES9C27,1967,27,1967-05-17,Svar på interpellation av herr Eskilsson ang. den s. k. normaluppskattningen för ecklesiastika löneboställen ,69,1,2026-10-06
ES9C29,1967,29,1967-05-20,Fredagen den 19 maj    Sid,40,3,2026-10-06
ES9O29,1967,29,1967-05-20,Fredagen den 19 maj fm,59,7,2026-10-06
ES9C30,1967,30,1967-05-22,Måndagen den 22 maj    Sid,39,17,2026-10-06
ES9O30,1967,30,1967-05-22,Nr 30    ANDRA KAMMAREN    1967,70,26,2026-10-06
ES9C32,1967,32,1967-05-25,Torsdagen den 25 maj    Sid,55,0,2026-10-06
ES9C33,1967,33,1967-05-26,Nr 33    FORSTA KAMMAREN    1967,29,0,2026-10-06
ES9C31,1967,31,1967-05-24,Onsdagen den 24 maj    Sid,55,1,2026-10-06
ES9C34,1967,34,1967-05-29,Måndagen den 29 maj    Sid,51,2,2026-10-06
ES9O34,1967,34,1967-05-29,Måndagen den 29 maj fm,45,8,2026-10-06
ES9C35,1967,35,1967-05-31,Nr 35    FÖRSTA KAMMAREN    1967,43,4,2026-10-06
es9d36,1967,36,1967-10-17,Nr 36    FÖRSTA KAMMAREN    1967,0,0,2026-10-06
es9p36,1967,36,1967-10-17,Nr 36    ANDRA KAMMAREN    1967,1,0,2026-10-06
ES9O35,1967,35,1967-06-21,Nr 35    ANDRA KAMMAREN    1967,56,2,2026-10-06
es9p37,1967,37,1967-10-24,Nr 37    ANDRA KAMMAREN    1967,4,0,2026-10-06
es9d37,1967,37,1967-10-25,Fredagen den 20 oktober    Sid,0,1,2026-10-06
es9p38,1967,38,1967-10-26,Nr 38    ANDRA KAMMAREN    1967,35,0,2026-10-06
es9d38,1967,38,1967-10-27,Nr 38    FÖRSTA KAMMAREN    1967,24,1,2026-10-06
es9d39,1967,39,1967-10-31,Nr 39    FÖRSTA KAMMAREN    1967,69,2,2026-10-06
es9p39,1967,39,1967-11-01,31 oktober—1 november,98,14,2026-10-06
es9p40,1967,40,1967-11-03,Nr 40    ANDRA KAMMAREN    1967,37,0,2026-10-06
es9d41,1967,41,1967-11-08,Onsdagen den 8 november    Sid,31,10,2026-10-06
es9d42,1967,42,1967-11-09,Torsdagen den 9 november    Sid,70,2,2026-10-06
es9p42,1967,42,1967-11-09,Nr 42    ANDRA KAMMAREN    1967,78,8,2026-10-06
es9p44,1967,44,1967-11-16,Torsdagen den 16 november,42,0,2026-10-06
es9d44,1967,44,1967-11-17,Nr 44    FÖRSTA KAMMAREN    1967,12,1,2026-10-06
es9p43,1967,43,1967-11-15,Fredagen den 10 november,111,13,2026-10-06
es9d45,1967,45,1967-11-22,Nr 45    FÖRSTA KAMMAREN    1967,30,0,2026-10-06
es9p45,1967,45,1967-11-21,Nr 45    ANDRA KAMMAREN    1967,50,2,2026-10-06
es9p46,1967,46,1967-11-23,Nr 46    ANDRA KAMMAREN    1967,23,3,2026-10-06
es9d46,1967,46,1967-11-24,Torsdagen den    23 november    Sid,24,1,2026-10-06
es9d47,1967,47,1967-11-28,Tisdagen den 28 november    Sid,69,13,2026-10-06
es9p48,1967,48,1967-11-29,30 november—1 december,60,4,2026-10-06
es9p47,1967,47,1967-11-29,Nr 47    ANDRA KAMMAREN    1967,91,12,2026-10-06
es9d49,1967,49,1967-12-06,Tisdagen den 5 december    Sid,30,6,2026-10-06
es9p51,1967,51,1967-12-08,Nr 51    ANDRA KAMMAREN    1967,30,5,2026-10-06
es9p49,1967,49,1967-12-06,Nr 49    ANDRA KAMMAREN    1967,52,5,2026-10-06
es9p50,1967,50,1967-12-07,Nr 50    ANDRA KAMMAREN    1967,95,3,2026-10-06
es9d53,1967,53,1967-12-29,Nr 53    FÖRSTA KAMMAREN    1967,53,13,2026-10-06
es9p52,1967,52,1967-12-13,prot 1967:52,95,9,2026-10-06
et91beslut,1968,beslut,1968-01-01,SVERIGES RIKSDAGS RESLUT,0,1,2026-10-06
es9p53,1967,53,1967-12-29,Nr 53    ANDRA KAMMAREN    1967,90,27,2026-10-06
ET9O7,1968,7,1968-02-13,Nr'7    ANDRA KAMMAREN,19,0,2026-10-06
ET9O12,1968,12,1968-03-19,Tisdagen den 19 mars    Sid,110,0,2026-10-06
ET9C15,1968,15,1968-03-28,Nr 15    FÖRSTA KAMMAREN    1968,12,0,2026-10-06
ET9O13,1968,13,1968-03-21,Nr 13    ANDRA KAMMAREN    1968,28,0,2026-10-06
ET9C10,1968,10,1968-03-05,Nr 10    FÖRSTA KAMMAREN    1968,145,6,2026-10-06
ET9O23,1968,23,1968-05-10,Nr 23    ANDRA KAMMAREN    1968,68,20,2026-10-06
ET9C24,1968,24,1968-05-16,Nr 24    FÖRSTA KAMMAREN    1968,38,2,2026-10-06
ET9O24,1968,24,1968-05-16,Torsdagen den 16 maj fm,62,9,2026-10-06
ET9O25,1968,25,1968-05-17,Nr 25    ANDRA KAMMAREN    1968,36,1,2026-10-06
et9d32,1968,32,1968-10-18,Nr 32    FÖRSTA KAMMAREN    1968,13,0,2026-10-06
et9d33,1968,33,1968-10-29,Tisdagen den    29    oktober    Sid,17,0,2026-10-06
ET9O26,1968,26,1968-05-20,Svar på interpellationer av:,160,14,2026-10-06
et9p33,1968,33,1968-10-25,Nr 33    ANDRA KAMMAREN    1968,33,0,2026-10-06
et9p35,1968,35,1968-11-07,Nr 35    ANDRA KAMMAREN    1968,21,0,2026-10-06
et9d35,1968,35,1968-11-07,Nr 35    FÖRSTA KAMMAREN    1968,13,1,2026-10-06
et9p40,1968,40,1968-11-28,Nr 40    ANDRA KAMMAREN    1968,39,2,2026-10-06
et9d40,1968,40,1968-11-28,Torsdagen den 28 november    Sid,17,1,2026-10-06
et9p38,1968,38,1968-11-19,Nr 38    ANDRA KAMMAREN    1968,78,1,2026-10-06
et9d42,1968,42,1968-12-05,Torsdagen den 5 december    Sid,36,1,2026-10-06
et9d43,1968,43,1968-12-09,Måndagen den 9 december    Sid,21,1,2026-10-06
ET9O1,1968,1,1968-01-09,Onsdagen den 10 januari    Sid,1,0,2026-10-06
ET9C1,1968,1,1968-01-08,Nr 1    FÖRSTA KAMMAREN    1968,1,0,2026-10-06
ET9C2,1968,2,1968-01-18,FÖRSTA KAMMAREN    1968,20,4,2026-10-06
ET9O2,1968,2,1968-01-18,Torsdagen den 18 januari fm,16,5,2026-10-06
ET9C3,1968,3,1968-01-19,Fredagen den 19 januari    Sid,37,4,2026-10-06
ET9O3,1968,3,1968-01-19,Fredagen den 19 januari fm,69,13,2026-10-06
ET9C4,1968,4,1968-01-24,Nr 4    FÖRSTA KAMMAREN    1968,5,1,2026-10-06
ET9O4,1968,4,1968-01-25,Nr4    ANDRA KAMMAREN    1968,21,0,2026-10-06
ET9C5,1968,5,1968-01-30,Nr 5    FÖRSTA KAMMAREN    1968,24,0,2026-10-06
ET9C6,1968,6,1968-02-06,Onsdagen den 7 februari    Sid,4,1,2026-10-06
ET9O5,1968,5,1968-02-02,30 januari—2 februari,39,0,2026-10-06
ET9O6,1968,6,1968-02-09,Nr 6    ANDRA KAMMAREN,21,0,2026-10-06
ET9C7,1968,7,1968-02-13,Tisdagen den 13 februari    Sid,26,0,2026-10-06
ET9C8,1968,8,1968-02-21,Nr 8    FÖRSTA KAMMAREN    1968,23,0,2026-10-06
ET9O8,1968,8,1968-02-23,Tisdagen den 20 februari,39,0,2026-10-06
ET9C9,1968,9,1968-02-28,Nr 9    FÖRSTA KAMMAREN    1968,91,0,2026-10-06
ET9O9,1968,9,1968-03-01,Nr 9    ANDRA KAMMAREN    1968,148,1,2026-10-06
ET9C11,1968,11,1968-03-12,Onsdagen den 13 mars    Sid,98,2,2026-10-06
ET9O10,1968,10,1968-03-05,Nr 10    ANDRA KAMMAREN    1968,116,5,2026-10-06
ET9O11,1968,11,1968-03-15,Nr il    ANDRA KAMMAREN    1968,163,3,2026-10-06
ET9C12,1968,12,1968-03-20,Ändrad remiss av motionen 11:762,114,2,2026-10-06
ET9C13,1968,13,1968-03-21,Nr 13    FÖRSTA KAMMAREN,21,1,2026-10-06
ET9O14,1968,14,1968-03-27,Anslag till högre utbildning och forskning samt vuxenutbildning (forts.):,214,1,2026-10-06
ET9C14,1968,14,1968-03-27,Fredagen den 22 mars    Sid,172,0,2026-10-06
ET9O15,1968,15,1968-03-29,Nr 15    ANDRA KAMMAREN    1968,99,3,2026-10-06
ET9C16,1968,16,1968-04-04,Tisdagen den 2 april    Sid,87,3,2026-10-06
ET9O16,1968,16,1968-04-02,Nr 16    ANDRA KAMMAREN    1968,102,1,2026-10-06
ET9C17,1968,17,1968-04-17,Onsdagen    den    17 april    Sid,45,4,2026-10-06
ET9O17,1968,17,1968-04-18,Nr 17    ANDRA KAMMAREN    1968,50,1,2026-10-06
ET9O18,1968,18,1968-04-18,prot 1968:18,40,0,2026-10-06
ET9C18,1968,18,1968-04-20,Fredagen den 19 april    Sid,30,3,2026-10-06
ET9C19,1968,19,1968-04-24,Nr 19    FÖRSTA KAMMAREN    1968,48,2,2026-10-06
ET9O19,1968,19,1968-04-24,ANDRA KAMMAREN    1968,67,8,2026-10-06
ET9C20,1968,20,1968-04-24,Nr 20    FÖRSTA KAMMAREN,53,0,2026-10-06
ET9C21,1968,21,1968-05-02,Torsdagen den 2 maj    Sid,57,1,2026-10-06
ET9O20,1968,20,1968-04-26,Nr 20    ANDRA KAMMAREN    1968,71,0,2026-10-06
ET9O21,1968,21,1968-05-03,herr Hector (vpk) ang. upprättande av diplomatiska förbindelser,72,0,2026-10-06
ET9C22,1968,22,1968-05-06,Tisdagen den 7 maj    Sid,84,3,2026-10-06
ET9O22,1968,22,1968-05-09,herr Börjesson i Falköping (ep) ang. omläggningen av postdistributionen ................................................... 5,93,1,2026-10-06
ET9C25,1968,25,1968-05-17,Fredagen den 17 maj    Sid,55,1,2026-10-06
ET9C23,1968,23,1968-05-15,Fredagen den 10 maj    Sid,95,18,2026-10-06
ET9C26,1968,26,1968-05-21,Måndagen den 20 maj    Sid,73,15,2026-10-06
ET9C27,1968,27,1968-05-27,Onsdagen den 22 maj    Sid,63,5,2026-10-06
ET9O28,1968,28,1968-05-28,Tisdagen den 28 maj fm,58,34,2026-10-06
ET9O27,1968,27,1968-05-27,Nr 27    ANDRA KAMMAREN    1968,103,11,2026-10-06
ET9C28,1968,28,1968-05-28,Nr 28    FÖRSTA KAMMAREN    1968,93,14,2026-10-06
ET9C29,1968,29,1968-05-29,Onsdagen den 29 maj    Sjd,80,3,2026-10-06
ET9O29,1968,29,1968-05-29,ANDRA KAMMAREN    1968,40,3,2026-10-06
ET9C30,1968,30,1968-05-31,RIKSDAGENS ** PROTOKOLL,68,2,2026-10-06
et9p39,1968,39,1968-06-06,Nr 39    ANDRA KAMMAREN    1968,25,0,2026-10-06
et9p31,1968,31,1968-09-11,Nr 31    ANDRA KAMMAREN    1968,2,0,2026-10-06
et9d31,1968,31,1968-10-07,Onsdagen den 16 oktober    Sid,0,1,2026-10-06
et9p32,1968,32,1968-10-24,Nr 32    ANDRA KAMMAREN    1968,4,0,2026-10-06
ET9O30,1968,30,1968-06-20,Nr 30    ANDRA KAMMAREN    1968,95,1,2026-10-06
et9p34,1968,34,1968-11-03,31 oktober—6 november,111,3,2026-10-06
et9d34,1968,34,1968-11-05,Nr 34    FÖRSTA KAMMAREN    1968,70,6,2026-10-06
et9d36,1968,36,1968-11-12,Nr 36    FÖRSTA KAMMAREN    1968,30,6,2026-10-06
et9p36,1968,36,1968-11-14,Onsdagen den 13 november fm,26,7,2026-10-06
et9d37,1968,37,1968-11-15,Torsdagen den 14 november,44,1,2026-10-06
et9p37,1968,37,1968-11-15,Nr 37    ANDRA KAMMAREN    1968,104,3,2026-10-06
et9d39,1968,39,1968-11-20,Torsdagen den 21 november,35,0,2026-10-06
et9d38,1968,38,1968-11-20,Tisdagen den 19 november    Sid,50,1,2026-10-06
et9d41,1968,41,1968-12-04,Tisdagen den 3 december    Sid,58,5,2026-10-06
et9p41,1968,41,1968-12-04,Tisdagen den 3 december,86,5,2026-10-06
et9p42,1968,42,1968-12-06,Torsdagen den 5 december,88,2,2026-10-06
et9p43,1968,43,1968-12-09,Tisdagen den 10 december,16,0,2026-10-06
et9d45,1968,45,1968-12-11,Torsdagen den 12 december    Sid,59,1,2026-10-06
et9d44,1968,44,1968-12-10,Onsdagen den 11 december    Sid,60,3,2026-10-06
et9p45,1968,45,1968-12-30,Nr 45    ANDRA KAMMAREN    1968,73,7,2026-10-06
et9p44,1968,44,1968-12-11,Nr 44    ANDRA KAMMAREN    1968,71,0,2026-10-06
eu91beslut,1969,beslut,1969-01-01,SVERIGES RIKSDAGS BESLUT,0,1,2026-10-06
EU9C3,1969,3,1969-01-31,Nr 3    FÖRSTA KAMMAREN    1969,1,0,2026-10-06
EU9O7,1969,7,1969-02-18,Nr 7    ANDRA KAMMAREN    1969,40,0,2026-10-06
EU9C8,1969,8,1969-02-26,Nr 8    FÖRSTA KAMMAREN    1969,54,1,2026-10-06
EU9C18,1969,18,1969-04-17,Nr 18    FÖRSTA K AM MAR EN    1969,64,3,2026-10-06
EU9O24,1969,24,1969-05-14,Nr 24    ANDRA KAMMAREN    1969,50,0,2026-10-06
EU9O13,1969,13,1969-03-26,Onsdagen den 26 mars fm,46,0,2026-10-06
EU9C24,1969,24,1969-05-14,Nr 24    FÖRSTA KAMMAREN    1969,24,0,2026-10-06
eu9d37,1969,37,1969-11-18,Tisdagen den 18 november    Sid,89,4,2026-10-06
eu9p37,1969,37,1969-11-18,Tisdagen den 18 november,109,1,2026-10-06
EU9O29,1969,29,1969-05-29,Torsdagen den 29 maj fm,134,6,2026-10-06
eu9d40,1969,40,1969-12-04,Nr 40    FÖRSTA KAMMAREN    1969,59,5,2026-10-06
eu9d42,1969,42,1969-12-11,Nr 42    FÖRSTA KAMMAREN    1969,61,1,2026-10-06
eu9p40,1969,40,1969-12-04,Torsdagen den 4 december,88,1,2026-10-06
EU9O1,1969,1,1969-01-08,Fredagen den 10 januari,1,0,2026-10-06
eu9d41,1969,41,1969-12-09,Tisdagen den 9 december    Sid,98,1,2026-10-06
EU9C1,1969,1,1969-01-15,Fredagen den 10 januari    Sid,2,0,2026-10-06
EU9O2,1969,2,1969-01-20,Nr 2    ANDRA KAMMAREN    1969,28,1,2026-10-06
eu9p42,1969,42,1969-12-11,Nr 42    ANDRA KAMMAREN    1969,138,10,2026-10-06
EU9O3,1969,3,1969-01-22,3    ANDEA KAMMAREN    1969,16,0,2026-10-06
EU9C2,1969,2,1969-01-23,Fredagen den 17 januari    Sid,20,0,2026-10-06
EU9C4,1969,4,1969-02-05,Nr 4    FÖRSTA KAMMAREN    1969,19,2,2026-10-06
EU9O4,1969,4,1969-02-04,Nr 4    ANDRA KAMMAREN    1969,15,4,2026-10-06
EU9O5,1969,5,1969-02-07,Torsdagen den 6 februari fm,46,7,2026-10-06
EU9C6,1969,6,1969-02-11,Nr 6    FÖRSTA KAMMAREN    1969,20,0,2026-10-06
EU9C5,1969,5,1969-02-10,Torsdagen den 6 februari    Sid,19,2,2026-10-06
EU9O6,1969,6,1969-02-12,Nr6    ANDRA KAMMAREN    1969,31,0,2026-10-06
EU9C7,1969,7,1969-02-21,Nr 7    FÖRSTA KAMMAREN    1969,17,1,2026-10-06
EU9C9,1969,9,1969-03-06,Nr 9    FÖRSTA KAMMAREN    1969,46,0,2026-10-06
EU9O8,1969,8,1969-02-21,ANDRA KAMMAREN    1969,113,3,2026-10-06
EU9O9,1969,9,1969-03-07,Nr 9    ANDRA KAMMAREN    1969,104,2,2026-10-06
EU9O10,1969,10,1969-03-13,Nr 10    ANDRA KAMMAREN    1969,151,5,2026-10-06
EU9C10,1969,10,1969-03-13,Onsdagen den 12 mars    Sid,117,2,2026-10-06
EU9C11,1969,11,1969-03-20,Nr 11    FÖRSTA KAMMAREN    1969,92,1,2026-10-06
EU9O11,1969,11,1969-03-19,Nr 11    ANDRA KAMMAREN    1969,115,1,2026-10-06
EU9O12,1969,12,1969-03-24,prot 1969:12,104,1,2026-10-06
EU9C12,1969,12,1969-03-25,Nr 12    FÖRSTA KAMMAREN    1969,75,0,2026-10-06
EU9O14,1969,14,1969-03-27,Nr 14    ANDRA KAMMAREN    1969,150,3,2026-10-06
EU9C14,1969,14,1969-03-28,Nr 14    FÖRSTA KAMMAREN    1969,123,1,2026-10-06
EU9O15,1969,15,1969-04-09,Nr 15    ANDRA KAMMAREN    1969,92,2,2026-10-06
EU9C15,1969,15,1969-04-09,Onsdagen den 9 april    Sid,64,1,2026-10-06
EU9C16,1969,16,1969-04-10,Torsdagen den 10 april    Sid,57,1,2026-10-06
EU9O16,1969,16,1969-04-11,Nr 16    ANDRA KAMMAREN    1969,64,0,2026-10-06
EU9O17,1969,17,1969-04-16,Tisdagen den 15 april,99,2,2026-10-06
EU9C17,1969,17,1969-04-16,Nr 17    FÖRSTA KAMMAREN    1969,34,0,2026-10-06
EU9C13,1969,13,1969-04-22,Nr 13    FÖRSTA KAMMAREN    1969,70,0,2026-10-06
EU9O19,1969,19,1969-04-23,Nr 19    ANDRA KAMMAREN    1969,91,18,2026-10-06
EU9C19,1969,19,1969-04-23,Onsdagen den    23    april    Sid,83,16,2026-10-06
EU9O21,1969,21,1969-04-24,Nr 21    ANDRA KAMMAREN    1969,49,1,2026-10-06
EU9C20,1969,20,1969-04-28,Torsdagen den 24 april    Sid,53,1,2026-10-06
EU9O20,1969,20,1969-04-29,Torsdagen den 24 april,96,1,2026-10-06
EU9C21,1969,21,1969-05-06,Nr 21    FÖRSTA KAMMAREN    1969,29,0,2026-10-06
EU9O22,1969,22,1969-05-09,Nr 22    ANDRA KAMMAREN    1969,47,4,2026-10-06
EU9C22,1969,22,1969-05-08,Nr 22    FÖRSTA KAMMAREN,35,3,2026-10-06
EU9O23,1969,23,1969-05-12,Nr 23    ANDRA KAMMAREN    1969,79,3,2026-10-06
EU9C23,1969,23,1969-05-13,Nr 23    FÖRSTA KAMMAREN,61,0,2026-10-06
EU9O25,1969,25,1969-05-21,Nr 25    ANDRA KAMMAREN    1969,60,4,2026-10-06
EU9C25,1969,25,1969-05-21,Tisdagen den 20 maj    Sid,72,0,2026-10-06
EU9O26,1969,26,1969-05-22,Nr 26    ANDRA KAMMAREN    1969,111,0,2026-10-06
EU9C26,1969,26,1969-05-22,Nr 26    FÖRSTA KAMMAREN    1969,50,3,2026-10-06
EU9O27,1969,27,1969-05-23,Nr 27    ANDRA KAMMAREN    1969,77,0,2026-10-06
EU9C27,1969,27,1969-05-27,Fredagen    den 23 maj    Sid,52,1,2026-10-06
EU9C28,1969,28,1969-05-28,Nr 28    FÖRSTA KAMMAREN    1969,68,3,2026-10-06
EU9C29,1969,29,1969-05-29,Nr 29    FÖRSTA KAMMAREN    1969,54,0,2026-10-06
EU9O28,1969,28,1969-05-28,Onsdagen den 28 maj fm,60,4,2026-10-06
EU9O18,1969,18,1969-05-31,ANDRA KAMMAREN    1969,85,0,2026-10-06
EU9C30,1969,30,1969-06-25,Fredagen den 30 maj    Std,24,3,2026-10-06
eu9d31,1969,31,1969-10-16,Torsdagen den 16 oktober    Sid,1,1,2026-10-06
EU9O30,1969,30,1969-06-25,Nr 30    ANDRA KAMMAREN    1969,37,5,2026-10-06
eu9d32,1969,32,1969-10-23,Tisdagen den 21 oktober    sid,6,1,2026-10-06
eu9p31,1969,31,1969-10-16,Nr 31    ANDRA KAMMAREN    1969,2,0,2026-10-06
eu9p32,1969,32,1969-10-23,Tisdagen den 21 oktober,28,2,2026-10-06
eu9d33,1969,33,1969-10-26,Tisdagen den 28 oktober    Sid,21,6,2026-10-06
eu9d34,1969,34,1969-10-30,Torsdagen den 30 oktober,27,1,2026-10-06
eu9p33,1969,33,1969-10-26,Nr 33    ANDRA KAMMAREN    1969,36,3,2026-10-06
eu9d35,1969,35,1969-10-31,Nr 35    FÖRSTA KAMMAREN    1969,72,1,2026-10-06
eu9p34,1969,34,1969-10-31,Nr 34    ANDRA KAMMAREN    1969,57,1,2026-10-06
eu9p35,1969,35,1969-11-05,Nr 35    ANDRA KAMMAREN    1969,120,1,2026-10-06
eu9d36,1969,36,1969-11-07,Tisdagen den 11 november    Sid,52,0,2026-10-06
eu9p36,1969,36,1969-11-14,Nr 36    ANDRA KAMMAREN    1969,94,0,2026-10-06
eu9d38,1969,38,1969-11-24,Tisdagen den 25 november    Sid,77,1,2026-10-06
eu9p38,1969,38,1969-11-26,Nr 38    ANDRA KAMMAREN,115,2,2026-10-06
eu9d39,1969,39,1969-12-02,Nr 39    FÖRSTA KAMMAREN    1969,81,1,2026-10-06
eu9p39,1969,39,1969-12-02,Tisdagen den 2 december,64,0,2026-10-06
eu9d43,1969,43,1969-12-17,Måndagen den 15 december    Sid,82,2,2026-10-06
eu9p41,1969,41,1969-12-10,Nr 41    ANDRA KAMMAREN    1969,61,2,2026-10-06
ft91beslut,1970,beslut,1970-01-01,SVERIGES RIKSDAGS BESLUT,0,1,2026-10-06
eu9p43,1969,43,1969-12-30,Nr 43    ANDRA KAMMAREN    1969,108,1,2026-10-06
FT9O1,1970,1,1970-01-10,Nr 1    ANDRA KAMMAREN    1970,1,0,2026-10-06
FT9C1,1970,1,1970-01-13,Lördagen den 10 januari    Sid,0,1,2026-10-06
FT9C2,1970,2,1970-01-19,Tisdagen den    20 januari    Sid,25,8,2026-10-06
FT9C27,1970,27,1970-05-21,Nr 27    FÖRSTA KAMMAREN    1970,114,6,2026-10-06
FT9O2,1970,2,1970-01-20,Nr 2    ANDRA KAMMAREN    1970,17,5,2026-10-06
FT9O4,1970,4,1970-01-23,Nr 4    ANDRA KAMMAREN    1970,17,0,2026-10-06
FT9C3,1970,3,1970-01-23,Nr 3    FÖRSTA KAMMAREN    1970,60,10,2026-10-06
FT9C4,1970,4,1970-01-28,Nr 4    FÖRSTA KAMMAREN    1970,4,1,2026-10-06
FT9O3,1970,3,1970-01-22,Nr3    ANDRA KAMMAREN    1970,62,11,2026-10-06
FT9O5,1970,5,1970-02-03,Nr 5    ANDRA KAMMAREN    1970,28,0,2026-10-06
FT9O6,1970,6,1970-02-13,6    ANDRA KAMMAREN    1970,9,0,2026-10-06
FT9C5,1970,5,1970-02-04,Tisdagen den 3 februari    Sid,23,0,2026-10-06
FT9C6,1970,6,1970-02-13,Tiadagen den 10 februari    Sid,4,0,2026-10-06
FT9C23,1970,23,1970-02-16,Nr 23    FÖRSTA KAMMAREN    1970,39,0,2026-10-06
FT9O7,1970,7,1970-02-20,Tisdagen den 17 februari,78,0,2026-10-06
FT9C7,1970,7,1970-02-20,Tisdagen den 17 februari    Sid,38,3,2026-10-06
FT9C8,1970,8,1970-02-25,Tisdagen den 24 februari    Sid,78,0,2026-10-06
FT9O8,1970,8,1970-02-27,Tisdagen den 24 februari,68,1,2026-10-06
FT9C9,1970,9,1970-03-05,Nr 9    FÖRSTA KAMMAREN    1970,67,0,2026-10-06
FT9O9,1970,9,1970-03-06,Nr 9    ANDRA KAMMAREN    1970,113,1,2026-10-06
FT9O10,1970,10,1970-03-11,Svar på interpellation av herr Wachtmeister (m) ang. kompensationtill ungdomsorganisationerna för ökade kostnader på grund av,138,2,2026-10-06
FT9C10,1970,10,1970-03-12,Tisdagen den 10 mars    Sid,120,2,2026-10-06
FT9C11,1970,11,1970-03-18,Tisdagen den 17 mars    Sid,120,1,2026-10-06
FT9C12,1970,12,1970-03-19,RIKSDAGENS *0* PROTOKOLL,50,2,2026-10-06
FT9O11,1970,11,1970-03-18,Meddelande om enkel fråga av herr Wiklund i Stockholm (fp) ang.visst samråd rörande sexualupplysning m. m,142,2,2026-10-06
FT9O12,1970,12,1970-03-20,Torsdagen den 19 mars,51,4,2026-10-06
FT9O13,1970,13,1970-03-25,Nr 13    ANDRA KAMMAREN    1970,93,2,2026-10-06
FT9C13,1970,13,1970-04-01,Onsdagen den 1 april    Sid,58,3,2026-10-06
FT9O14,1970,14,1970-04-01,Nr 14    ANDRA KAMMAREN    1970,101,0,2026-10-06
FT9C14,1970,14,1970-04-02,Torsdagen den 2 april    Sid,63,0,2026-10-06
FT9C15,1970,15,1970-04-06,Tisdagen den    7 april    Sid,34,6,2026-10-06
FT9O15,1970,15,1970-04-06,herr Wikner (s) ang. bestämmelserna om utlåning av automatvapen,59,5,2026-10-06
FT9C16,1970,16,1970-04-09,Torsdagen den 9 april    Sid,40,0,2026-10-06
FT9O16,1970,16,1970-04-09,Nr 16    ANDRA KAMMAREN    1970,45,5,2026-10-06
FT9C17,1970,17,1970-04-15,RIKSDAGENS I»* PROTOKOLL,116,4,2026-10-06
FT9O20,1970,20,1970-04-15,Nr 20    ANDRÅ KAMMAREN    1970,44,0,2026-10-06
FT9O17,1970,17,1970-04-15,Nr IT    ANDRA KAMMAREN    1970,118,1,2026-10-06
FT9C18,1970,18,1970-04-17,Torsdagen den    16    april    Sid,10,1,2026-10-06
FT9O18,1970,18,1970-04-17,Nr 18    ANDRÅ KAMMAREN    1970,76,3,2026-10-06
FT9C19,1970,19,1970-04-21,Tisdagen den    21 april    Sid,63,12,2026-10-06
FT9O19,1970,19,1970-04-22,Nr 19    ANDRA KAMMAREN    1970,71,20,2026-10-06
FT9C29,1970,29,1970-04-22,Nr 29    FÖRSTA KAMMAREN    1970,94,7,2026-10-06
FT9C20,1970,20,1970-04-24,Nr 20    FÖRSTA KAMMAREN    1970,44,0,2026-10-06
FT9C21,1970,21,1970-04-29,RIKSDAGENS ** PROTOKOLL,73,0,2026-10-06
FT9C22,1970,22,1970-04-30,Torsdagen den 30 april    Sid,65,8,2026-10-06
FT9O21,1970,21,1970-04-29,Nr 21    ANDRA KAMMAREN    1970,50,0,2026-10-06
FT9C30,1970,30,1970-05-03,Torsdagen den 28 maj    Sid,52,2,2026-10-06
FT9O23,1970,23,1970-05-12,Nr 23    ANDRA KAMMAREN    1970,42,0,2026-10-06
FT9O22,1970,22,1970-05-05,Nr 22    ANDRA KAMMAREN    1970,70,14,2026-10-06
FT9C24,1970,24,1970-05-13,Onsdagen den    13    maj    Sid,103,0,2026-10-06
FT9O24,1970,24,1970-05-13,Nr 24    ANDRA KAMMAREN    1970,110,0,2026-10-06
FT9O25,1970,25,1970-05-14,Nr 25    ANDRA KAMMAREN    1970,70,4,2026-10-06
FT9C28,1970,28,1970-05-20,Nr 28    FÖRSTA KAMMAREN    1970,90,2,2026-10-06
FT9C25,1970,25,1970-05-15,Torsdagen den    14    maj    Sid,68,3,2026-10-06
FT9O29,1970,29,1970-05-27,Nr 29    ANDRA KAMMAREN    1970,92,9,2026-10-06
FT9O27,1970,27,1970-05-22,Torsdagen den 21 maj fm,111,3,2026-10-06
FT9O28,1970,28,1970-05-26,Nr 28    ANDRA KAMMAREN    1970,151,0,2026-10-06
FT9O30,1970,30,1970-05-28,Torsdagen den 28 maj fm,78,2,2026-10-06
FT9C31,1970,31,1970-05-29,Nr 31    FÖRSTA KAMMAREN    1970,47,5,2026-10-06
FT9C26,1970,26,1970-07-01,Tisdagen den 19 maj    Sid,42,1,2026-10-06
FT9O31,1970,31,1970-06-26,"Ekonomisk debatt, tillika svar på interpellation av herr Hedlund (ep)",47,5,2026-10-06
ft9p32,1970,32,1970-10-16,Nr 32    ANDRA KAMMAREN    1970,1,0,2026-10-06
ft9d32,1970,32,1970-10-19,Fredagen den 16 oktober    Sid,1,0,2026-10-06
FT9O26,1970,26,1970-07-01,Nr 26    ANDRA KAMMAREN    1970,94,1,2026-10-06
ft9d33,1970,33,1970-10-22,Nr 33    FÖRSTA KAMMAREN    1970,7,0,2026-10-06
ft9p33,1970,33,1970-10-21,Nr 33    ANDRA KAMMAREN    1970,31,0,2026-10-06
ft9p34,1970,34,1970-10-28,Nr 34    AN DRA KAMMAREN    1970,31,6,2026-10-06
ft9p35,1970,35,1970-10-30,Nr 35    ANDRA KAMMAREN    1970,51,3,2026-10-06
ft9d34,1970,34,1970-10-28,Onsdagen den 28 oktober    Sid,21,8,2026-10-06
ft9d35,1970,35,1970-10-30,Nr 35    FÖRSTA KAMMAREN    1970,38,1,2026-10-06
ft9d36,1970,36,1970-11-06,Tisdagen den 3 november    Sid,29,2,2026-10-06
ft9p36,1970,36,1970-11-06,Nr 36    ANDRA KAMMAREN    1970,91,0,2026-10-06
ft9d37,1970,37,1970-11-11,RIKSDAGENS W* PROTOKOLL,60,2,2026-10-06
ft9p37,1970,37,1970-11-13,Nr 37    ANDRA KAMMAREN    1970,96,1,2026-10-06
ft9d38,1970,38,1970-11-19,Tisdagen den 17 november    Sid,49,2,2026-10-06
ft9p38,1970,38,1970-11-20,Nr 38    ANDRA KAMMAREN    1970,94,13,2026-10-06
ft9d39,1970,39,1970-11-25,Tisdagen den 24 november    Sid,99,1,2026-10-06
ft9p39,1970,39,1970-11-27,Tisdagen den 24 november,128,0,2026-10-06
ft9d40,1970,40,1970-12-01,Nr 40    FÖRSTA KAMMAREN    1970,60,7,2026-10-06
ft9d41,1970,41,1970-12-04,Nr 41    FÖRSTA KAMMAREN,13,1,2026-10-06
ft9p40,1970,40,1970-12-01,Tisdagen den 1 december,72,11,2026-10-06
ft9p41,1970,41,1970-12-04,Nr 41    ANDRA KAMMAREN    1970,37,0,2026-10-06
ft9d42,1970,42,1970-12-08,Måndagen den 7 december    Sid,58,1,2026-10-06
ft9d43,1970,43,1970-12-09,Onsdagen den 9 december    Sid,36,0,2026-10-06
ft9p42,1970,42,1970-12-08,Måndagen den 7 december,79,2,2026-10-06
ft9p43,1970,43,1970-12-09,Nr 43    ANDRA KAMMAREN    1970,65,0,2026-10-06
ft9d44,1970,44,1970-12-10,Torsdagen den 10 december    Sid,83,1,2026-10-06
ft9d45,1970,45,1970-12-14,Fredagen den 11 december    Sid,40,0,2026-10-06
ft9p44,1970,44,1970-12-10,Nr 44    ANDRA KAMMAREN    1970,77,3,2026-10-06
ft9p45,1970,45,1970-12-14,Nr 45    ANDRA KAMMAREN    1970,25,1,2026-10-06
FU091,1971,1,1971-01-11,Riksdagens protokoll 1971:1 Måndagen den 11 januari,0,0,2026-10-06
ft9d46,1970,46,1970-12-16,Tisdagen den 15 december    Sid,70,1,2026-10-06
FU092,1971,2,1971-01-12,Riksdagens protokoll 1971:2 Tisdagen den 12 januari,0,2,2026-10-06
FU093,1971,3,1971-01-12,Riksdagens protokoll 1971:3 Tisdagen den 12 januari,1,0,2026-10-06
FU094,1971,4,1971-01-13,Riksdagens protokoll 1971:4 Onsdagen den 13 januari,1,0,2026-10-06
ft9p46,1970,46,1970-12-30,Nr 46    ANDRA KAMMAREN    1970,75,2,2026-10-06
FU095,1971,5,1971-01-13,Riksdagens protokoll 1971:5 Onsdagen den 13 januari,1,0,2026-10-06
FU096,1971,6,1971-01-14,Riksdagens protokoll 1971:6 Torsdagen den 14 januari,1,0,2026-10-06
FU097,1971,7,1971-01-15,Riksdagens protokoll 1971:7 Fredagen den 15 januari,5,0,2026-10-06
FU099,1971,9,1971-01-19,Riksdagens protokoll 1971:9 Tisdagen den 19 Januari,3,3,2026-10-06
FU098,1971,8,1971-01-19,Riksdagens protokoll 1971:8 Tisdagen den 19 januari,5,1,2026-10-06
FU0910,1971,10,1971-01-20,Riksdagens protokoll 1971:10 Onsdagen den 20 januari,6,1,2026-10-06
FU0911,1971,11,1971-01-20,Riksdagens protokoll 1971:11 Onsdagen den 20 januari,5,2,2026-10-06
FU0912,1971,12,1971-01-21,Riksdagens protokoll 1971:12 Torsdagen den 21 januari,26,3,2026-10-06
FU0913,1971,13,1971-01-21,Riksdagens protokoll 1971:13 Torsdagen den 21 januari,8,1,2026-10-06
FU0914,1971,14,1971-01-22,Riksdagens protokoll 1971:14 Fredagen den 22 januari,9,1,2026-10-06
FU0915,1971,15,1971-01-26,Riksdagens protokoll 1971:15 Tisdagen den 26 januari,11,0,2026-10-06
FU0916,1971,16,1971-01-27,Riksdagens protokoll 1971:16 Onsdagen den 27 januari,0,0,2026-10-06
FU0918,1971,18,1971-02-02,Riksdagens protokoll 1971:18 Tisdagen den 2 februari,0,0,2026-10-06
FU0917,1971,17,1971-01-27,Riksdagens protokoll 1971:17 Onsdagen den 27 januari,0,1,2026-10-06
FU0919,1971,19,1971-02-04,Riksdagens protokoll 1971:19 Torsdagen den 4 februari,33,2,2026-10-06
FU0920,1971,20,1971-02-05,Riksdagens protokoll 1971:20 Fredagen den 5 februari,0,0,2026-10-06
FU0921,1971,21,1971-02-09,Riksdagens protokoll 1971:21 Tisdagen den 9 februari,0,0,2026-10-06
FU0924,1971,24,1971-02-12,Riksdagens protokoll 1971:24 Fredagen den 12 februari,0,0,2026-10-06
FU0923,1971,23,1971-02-11,Riksdagens protokoll 1971:23 Torsdagen den 11 februari,25,0,2026-10-06
FU0922,1971,22,1971-02-10,Riksdagens protokoll 1971:22 Onsdagen den 10 februari,24,0,2026-10-06
FU0925,1971,25,1971-02-16,Riksdagens protokoll 1971:25 Tisdagen den 16 februari,9,0,2026-10-06
FU0926,1971,26,1971-02-17,Riksdagens protokoll 1971:26 Onsdagen den 17 februari,0,0,2026-10-06
FU0927,1971,27,1971-02-18,Riksdagens protokoll 1971:27 Torsdagen den 18 februari,28,0,2026-10-06
FU0928,1971,28,1971-02-19,Riksdagens protokoll 1971:28 Fredagen den 19 februari,0,0,2026-10-06
FU0929,1971,29,1971-02-23,Riksdagens protokoll 1971:29 Tisdagen den 23 februari,2,0,2026-10-06
FU0932,1971,32,1971-02-26,Riksdagens protokoll 1971:32 Fredagen den 26 februari,0,0,2026-10-06
FU0931,1971,31,1971-02-25,Riksdagens protokoll 1971:31 Torsdagen den 25 februari,29,1,2026-10-06
FU0930,1971,30,1971-02-24,Riksdagens protokoll 1971:30 Onsdagen den 24 februari,35,1,2026-10-06
FU0933,1971,33,1971-03-02,Riksdagens protokoll 1971:33 Tisdagen den 2 mars,2,0,2026-10-06
FU0934,1971,34,1971-03-03,Riksdagens protokoll 1971:34 Onsdagen den 3 mars,8,3,2026-10-06
FU0936,1971,36,1971-03-04,Riksdagens protokoll 1971:36 Torsdagen den 4 mars,10,0,2026-10-06
FU0935,1971,35,1971-03-03,Riksdagens protokoll 1971:35 Onsdagen den 3 mars,2,0,2026-10-06
FU0937,1971,37,1971-03-05,Riksdagens protokoll 1971:37 Fredagen den 5 mars,0,0,2026-10-06
FU0938,1971,38,1971-03-09,Riksdagens protokoll 1971:38 Tisdagen den 9 mars,0,1,2026-10-06
FU0940,1971,40,1971-03-10,Riksdagens protokoll 1971:40 Onsdagen den 10 mars,12,0,2026-10-06
FU0939,1971,39,1971-03-10,Riksdagens protokoll 1971:39 Onsdagen den 10 mars,27,0,2026-10-06
FU0942,1971,42,1971-03-12,Riksdagens protokoll 1971:42 Fredagen den 12 mars,0,0,2026-10-06
FU0941,1971,41,1971-03-11,Riksdagens protokoll 1971:41 Torsdagen den 11 mars,32,1,2026-10-06
FU0943,1971,43,1971-03-16,Riksdagens protokoll 1971:43 Tisdagen den 16 mars,0,1,2026-10-06
FU0946,1971,46,1971-03-18,Riksdagens protokoll 1971:46 Torsdagen den 18 mars,14,0,2026-10-06
FU0945,1971,45,1971-03-17,Riksdagens protokoll 1971:45 Onsdagen den 17 mars,15,0,2026-10-06
FU0944,1971,44,1971-03-17,Riksdagens protokoll 1971:44 Onsdagen den 17 mars,24,0,2026-10-06
FU0948,1971,48,1971-03-23,Riksdagens protokoll 1971:48 Tisdagen den 23 mars,4,0,2026-10-06
FU0947,1971,47,1971-03-19,Riksdagens protokoll 1971:47 Fredagen den 19 mars,24,0,2026-10-06
FU0949,1971,49,1971-03-24,Riksdagens protokoll 1971:49 Onsdagen den 24 mars,17,0,2026-10-06
FU0951,1971,51,1971-03-25,Riksdagens protokoll 1971:51 Torsdagen den 25 mars,29,1,2026-10-06
FU0950,1971,50,1971-03-24,Riksdagens protokoll 1971:50 Onsdagen den 24 mars,19,0,2026-10-06
FU0952,1971,52,1971-03-26,Riksdagens protokoll 1971:52 Fredagen den 26 mars,29,3,2026-10-06
FU0953,1971,53,1971-03-30,Riksdagens protokoll 1971:53 Tisdagen den 30 mars,15,1,2026-10-06
FU0954,1971,54,1971-03-31,Riksdagens protokoll 1971:54 Onsdagen den 31 mars,2,0,2026-10-06
FU0955,1971,55,1971-03-31,Riksdagens protokoll 1971:55 Onsdagen den 31 mars,6,0,2026-10-06
FU0956,1971,56,1971-04-01,Riksdagens protokoll 1971:56 Torsdagen den 1 april,13,0,2026-10-06
FU0957,1971,57,1971-04-01,Riksdagens protokoll 1971:57 Torsdagen den 1 april,4,2,2026-10-06
FU0959,1971,59,1971-04-13,Riksdagens protokoll 1971:59 Tisdagen den 13 april,3,0,2026-10-06
FU0958,1971,58,1971-04-02,Riksdagens protokoll 1971:58 Fredagen den 2 april,13,0,2026-10-06
FU0960,1971,60,1971-04-14,Riksdagens protokoll 1971:60 Onsdagen den 14 april,15,2,2026-10-06
FU0962,1971,62,1971-04-15,Riksdagens protokoll 1971:62 Torsdagen den 15 april,30,1,2026-10-06
FU0961,1971,61,1971-04-14,Riksdagens protokoll 1971:61 Onsdagen den 14 april,33,0,2026-10-06
FU0964,1971,64,1971-04-20,Riksdagens protokoll 1971:64 Tisdagen den 20 april,16,0,2026-10-06
FU0963,1971,63,1971-04-16,Riksdagens protokoll 1971:63 Fredagen den 16 april,28,1,2026-10-06
FU0965,1971,65,1971-04-21,Riksdagens protokoll 1971:65 Onsdagen den 21 april,81,0,2026-10-06
FU0966,1971,66,1971-04-21,Riksdagens protokoll 1971:66 Onsdagen den 21 april,34,0,2026-10-06
FU0967,1971,67,1971-04-22,Riksdagens protokoll 1971:67 Torsdagen den 22 april,32,8,2026-10-06
FU0969,1971,69,1971-04-23,Riksdagens protokoll 1971:69 Fredagen den 23 april,25,0,2026-10-06
FU0968,1971,68,1971-04-22,Riksdagens protokoll 1971:68 Torsdagen den 22 april,10,7,2026-10-06
FU0970,1971,70,1971-04-27,Riksdagens protokoll 1971:70 Tisdagen den 27 april,19,0,2026-10-06
FU0972,1971,72,1971-04-28,Riksdagens protokoll 1971:72 Onsdagen den 28 april,10,0,2026-10-06
FU0971,1971,71,1971-04-28,Riksdagens protokoll 1971:71 Onsdagen den 28 april,35,0,2026-10-06
FU0973,1971,73,1971-04-29,Riksdagens protokoll 1971:73 Torsdagen den 29 april,34,0,2026-10-06
FU0974,1971,74,1971-04-30,Riksdagens protokoll 1971:74 Fredagen den 30 april,13,0,2026-10-06
FU0975,1971,75,1971-05-04,Riksdagens protokoll 1971:75 Tisdagen den 4 maj,11,2,2026-10-06
FU0977,1971,77,1971-05-05,Riksdagens protokoll 1971:77 Onsdagen den 5 maj,13,1,2026-10-06
FU0976,1971,76,1971-05-05,Riksdagens protokoll 1971:76 Onsdagen den 5 maj,14,2,2026-10-06
FU0978,1971,78,1971-05-06,Riksdagens protokoll 1971:78 Torsdagen den 6 maj,17,5,2026-10-06
FU0980,1971,80,1971-05-07,Riksdagens protokoll 1971:80 Fredagen den 7 maj,0,1,2026-10-06
FU0979,1971,79,1971-05-06,Riksdagens protokoll 1971:79 Torsdagen den 6 maj,40,5,2026-10-06
FU0981,1971,81,1971-05-10,Riksdagens protokoll 1971:81 Måndagen den 10 maj,11,0,2026-10-06
FU0982,1971,82,1971-05-11,Riksdagens protokoll 1971:82 Tisdagen den 11 maj,3,0,2026-10-06
FU0984,1971,84,1971-05-12,Riksdagens protokoll 1971:84 Onsdagen den 12 maj,23,1,2026-10-06
FU0983,1971,83,1971-05-12,Riksdagens protokoll 1971:83 Onsdagen den 12 maj,9,0,2026-10-06
FU0985,1971,85,1971-05-13,Riksdagens protokoll 1971:85 Torsdagen den 13 maj,24,1,2026-10-06
FU0986,1971,86,1971-05-13,Riksdagens protokoll 1971:86 Torsdagen den 13 maj,18,0,2026-10-06
FU0987,1971,87,1971-05-14,Riksdagens protokoll 1971:87 Fredagen den 14 maj,19,2,2026-10-06
FU0988,1971,88,1971-05-17,Riksdagens protokoll 1971:88 Måndagen den 17 maj,12,1,2026-10-06
FU0989,1971,89,1971-05-18,Riksdagens protokoll 1971:89 Tisdagen den 18 maj,62,0,2026-10-06
FU0990,1971,90,1971-05-18,Riksdagens protokoll 1971:90 Tisdagen den 18 maj,16,0,2026-10-06
FU0991,1971,91,1971-05-19,Riksdagens protokoll 1971:91 Onsdagen den 19 maj,11,0,2026-10-06
FU0992,1971,92,1971-05-24,Riksdagens protokoll 1971:92 Måndagen den 24 maj,10,0,2026-10-06
FU0994,1971,94,1971-05-25,Riksdagens protokoll 1971:94 Tisdagen den 25 maj,11,6,2026-10-06
FU0993,1971,93,1971-05-25,Riksdagens protokoll 1971:93 Tisdagen den 25 maj,6,3,2026-10-06
FU0995,1971,95,1971-05-26,Riksdagens protokoll 1971:95 Onsdagen den 26 maj,9,1,2026-10-06
FU0996,1971,96,1971-05-26,Riksdagens protokoll 1971:96 Onsdagen den 26 maj,15,0,2026-10-06
FU0998,1971,98,1971-05-27,Riksdagens protokoll 1971:98 Torsdagen den 27 maj,5,2,2026-10-06
FU0997,1971,97,1971-05-27,Riksdagens protokoll 1971:97 Torsdagen den 27 maj,13,1,2026-10-06
FU0999,1971,99,1971-05-28,Riksdagens protokoll 1971:99 Fredagen den 28 maj,17,0,2026-10-06
FU09100,1971,100,1971-05-28,Riksdagens protokoll 1971:100 Fredagen den 28 maj,7,0,2026-10-06
FU09101,1971,101,1971-06-01,Riksdagens protokoll 1971:101 Tisdagen den 1 juni,25,2,2026-10-06
FU09102,1971,102,1971-06-01,Riksdagens protokoll 1971:102 Tisdagen den 1 juni,14,0,2026-10-06
FU09103,1971,103,1971-06-02,Riksdagens protokoll 1971:103 Onsdagen den 2 juni,12,0,2026-10-06
FU09104,1971,104,1971-06-02,Riksdagens protokoll 1971:104 Onsdagen den 2 juni,19,0,2026-10-06
FU09106,1971,106,1971-06-15,Riksdagens protokoll 1971:106 Tisdagen den 15 juni,0,0,2026-10-06
FU09107,1971,107,1971-06-29,Riksdagens protokoll 1971:107 Tisdagen den 29 juni,0,0,2026-10-06
FU09105,1971,105,1971-06-03,Riksdagens protokoll 1971:105 Torsdagen den 3 juni,15,1,2026-10-06
FU09108,1971,108,1971-10-14,Riksdagens protokoll 1971:108 Torsdagen den 14 oktober,1,0,2026-10-06
FU09109,1971,109,1971-10-15,Riksdagens protokoll 1971:109 Fredagen den 15 oktober,3,1,2026-10-06
FU09110,1971,110,1971-10-19,Riksdagens protokoll 1971:110 Tisdagen den 19 oktober,0,0,2026-10-06
FU09111,1971,111,1971-10-21,Riksdagens protokoll 1971:111 Torsdagen den 21 oktober,22,0,2026-10-06
FU09113,1971,113,1971-10-26,Riksdagens protokoll 1971:113 Tisdagen den 26 oktober,7,0,2026-10-06
FU09115,1971,115,1971-10-28,Riksdagens protokoll 1971:115 Torsdagen den 28 oktober,21,0,2026-10-06
FU09114,1971,114,1971-10-27,Riksdagens protokoll 1971:114 Onsdagen den 27 oktober,29,2,2026-10-06
FU09116,1971,116,1971-10-29,Riksdagens protokoll 1971:116 Fredagen den 29 oktober,0,0,2026-10-06
FU09112,1971,112,1971-10-22,Riksdagens protokoll 1971:112 Fredagen den 22 oktober,0,1,2026-10-06
FU09117,1971,117,1971-11-02,Riksdagens protokoll 1971:117 Tisdagen den 2 november,19,0,2026-10-06
FU09119,1971,119,1971-11-03,Riksdagens protokoll 1971:119 Onsdagen den 3 november,7,2,2026-10-06
FU09118,1971,118,1971-11-03,Riksdagens protokoll 1971:118 Onsdagen den 3 november,10,5,2026-10-06
FU09120,1971,120,1971-11-04,Riksdagens protokoll 1971:120 Torsdagen den 4 november,25,3,2026-10-06
FU09121,1971,121,1971-11-04,Riksdagens protokoll 1971:121 Torsdagen den 4 november,15,0,2026-10-06
FU09122,1971,122,1971-11-05,Riksdagens protokoll 1971:122 Fredagen den 5 november,24,1,2026-10-06
FU09123,1971,123,1971-11-09,Riksdagens protokoll 1971:123 Tisdagen den 9 november,6,0,2026-10-06
FU09124,1971,124,1971-11-10,Riksdagens protokoll 1971:124 Onsdagen den 10 november,31,1,2026-10-06
FU09126,1971,126,1971-11-12,Riksdagens protokoll 1971:126 Fredagen den 12 november,0,0,2026-10-06
FU09125,1971,125,1971-11-11,Riksdagens protokoll 1971:125 Torsdagen den 11 november,21,3,2026-10-06
FU09127,1971,127,1971-11-16,Riksdagens protokoll 1971:127 Tisdagen den 16 november,27,0,2026-10-06
FU09130,1971,130,1971-11-19,Riksdagens protokoll 1971:130 Fredagen den 19 november,0,0,2026-10-06
FU09128,1971,128,1971-11-17,Riksdagens protokoll 1971:128 Onsdagen den 17 november,37,0,2026-10-06
FU09129,1971,129,1971-11-18,Riksdagens protokoll 1971:129 Torsdagen den 18 november,45,1,2026-10-06
FU09131,1971,131,1971-11-23,Riksdagens protokoll 1971:131 Tisdagen den 23 november,12,2,2026-10-06
FU09132,1971,132,1971-11-24,Riksdagens protokoll 1971:132 Onsdagen den 24 november,37,0,2026-10-06
FU09134,1971,134,1971-11-26,Riksdagens protokoll 1971:134 Fredagen den 26 november,8,0,2026-10-06
FU09133,1971,133,1971-11-25,Riksdagens protokoll 1971:133 Torsdagen den 25 november,41,6,2026-10-06
FU09135,1971,135,1971-11-30,Riksdagens protokoll 1971:135 Tisdagen den 30 november,26,0,2026-10-06
FU09136,1971,136,1971-12-01,Riksdagens protokoll 1971:136 Onsdagen den 1 december,23,0,2026-10-06
FU09137,1971,137,1971-12-02,Riksdagens protokoll 1971:137 Torsdagen den 2 december,27,2,2026-10-06
FU09138,1971,138,1971-12-03,Riksdagens protokoll 1971:138 Fredagen den 3 december,9,0,2026-10-06
FU09139,1971,139,1971-12-06,Riksdagens protokoll 1971:139 Måndagen den 6 december,19,0,2026-10-06
FU09140,1971,140,1971-12-07,Riksdagens protokoll 1971:140 Tisdagen den 7 december,6,3,2026-10-06
FU09142,1971,142,1971-12-08,Riksdagens protokoll 1971:142 Onsdagen den 8 december,9,1,2026-10-06
FU09141,1971,141,1971-12-08,Riksdagens protokoll 1971:141 Onsdagen den 8 december,16,3,2026-10-06
FU09143,1971,143,1971-12-09,Riksdagens protokoll 1971:143 Torsdagen den 9 december,30,7,2026-10-06
FU09145,1971,145,1971-12-10,Riksdagens protokoll 1971:145 Fredagen den 10 december,58,1,2026-10-06
FU09146,1971,146,1971-12-13,Riksdagens protokoll 1971:146 Måndagen den 13 december,25,0,2026-10-06
FU09148,1971,148,1971-12-15,Riksdagens protokoll 1971:148 Onsdagen den 15 december,18,0,2026-10-06
FU09144,1971,144,1971-12-09,Riksdagens protokoll 1971:144 Torsdagen den 9 december,5,3,2026-10-06
FU09147,1971,147,1971-12-14,Riksdagens protokoll 1971:147 Tisdagen den 14 december,26,0,2026-10-06
FU09149,1971,149,1971-12-15,Riksdagens protokoll 1971:149 Onsdagen den 15 december,18,0,2026-10-06
FU09150,1971,150,1971-12-16,Riksdagens protokoll 1971:150 Torsdagen den 16 december,24,7,2026-10-06
FU09153,1971,153,1971-12-30,Riksdagens protokoll 1971:153 Torsdagen den 30 december,0,0,2026-10-06
FU09151,1971,151,1971-12-16,Riksdagens protokoll 1971:151 Torsdagen den 16 december,18,0,2026-10-06
FU09152,1971,152,1971-12-17,Riksdagens protokoll 1971:152 Fredagen den 17 december,40,2,2026-10-06
FV091,1972,1,1972-01-10,Riksdagens protokoll 1972:1 Måndagen den 10 januari,0,0,2026-10-06
FV092,1972,2,1972-01-11,Riksdagens protokoll 1972:2 Tisdagen den 11 januari,0,2,2026-10-06
FV093,1972,3,1972-01-11,Riksdagens protokoll 1972:3 Tisdagen den 11 januari,0,1,2026-10-06
FV095,1972,5,1972-01-13,Riksdagens protokoll 1972:5 Torsdagen den 13 januari,1,0,2026-10-06
FV096,1972,6,1972-01-18,Riksdagens protokoll 1972:6 Tisdagen den 18 januari,1,0,2026-10-06
FV094,1972,4,1972-01-12,Riksdagens protokoll 1972:4 Onsdagen den 12 januari,1,0,2026-10-06
FV097,1972,7,1972-01-19,Riksdagens protokoll 1972:7 Onsdagen den 19 januari,0,0,2026-10-06
FV099,1972,9,1972-01-21,Riksdagens protokoll 1972:9 Fredagen den 21 januari,0,0,2026-10-06
FV098,1972,8,1972-01-20,Riksdagens protokoll 1972:8 Torsdagen den 20 januari,23,2,2026-10-06
FV0910,1972,10,1972-01-25,Riksdagens protokoll 1972:10 Tisdagen den 25 januari,0,1,2026-10-06
FV0911,1972,11,1972-01-26,Riksdagens protokoll 1972:11 Onsdagen den 26 januari,9,0,2026-10-06
FV0912,1972,12,1972-01-26,Riksdagens protokoll 1972:12 Onsdagen den 26 januari,1,0,2026-10-06
FV0913,1972,13,1972-02-01,Riksdagens protokoll 1972:13 Tisdagen den 1 februari,1,0,2026-10-06
FV0915,1972,15,1972-02-02,Riksdagens protokoll 1972:15 Onsdagen den 2 februari,6,3,2026-10-06
FV0916,1972,16,1972-02-03,Riksdagens protokoll 1972:16 Torsdagen den 3 februari,12,1,2026-10-06
FV0914,1972,14,1972-02-02,Riksdagens protokoll 1972:14 Onsdagen den 2 februari,9,6,2026-10-06
FV0917,1972,17,1972-02-03,Riksdagens protokoll 1972:17 Torsdagen den 3 februari,6,1,2026-10-06
FV0919,1972,19,1972-02-08,Riksdagens protokoll 1972:19 Tisdagen den 8 februari,1,0,2026-10-06
FV0921,1972,21,1972-02-11,Riksdagens protokoll 1972:21 Fredagen den 11 februari,0,0,2026-10-06
FV0918,1972,18,1972-02-04,Riksdagens protokoll 1972:18 Fredagen den 4 februari,9,3,2026-10-06
FV0920,1972,20,1972-02-10,Riksdagens protokoll 1972:20 Torsdagen den 10 februari,17,0,2026-10-06
FV0922,1972,22,1972-02-15,Riksdagens protokoll 1972:22 Tisdagen den 15 februari,4,0,2026-10-06
FV0923,1972,23,1972-02-16,Riksdagens protokoll 1972:23 Onsdagen den 16 februari,3,0,2026-10-06
FV0924,1972,24,1972-02-17,Riksdagens protokoll 1972:24 Torsdagen den 17 februari,28,11,2026-10-06
FV0925,1972,25,1972-02-18,Riksdagens protokoll 1972:25 Fredagen den 18 februari,0,0,2026-10-06
FV0926,1972,26,1972-02-22,Riksdagens protokoll 1972:26 Tisdagen den 22 februari,0,0,2026-10-06
FV0928,1972,28,1972-02-24,Riksdagens protokoll 1972:28 Torsdagen den 24 februari,8,0,2026-10-06
FV0929,1972,29,1972-02-25,Riksdagens protokoll 1972:29 Fredagen den 25 februari,0,0,2026-10-06
FV0927,1972,27,1972-02-23,Riksdagens protokoll 1972:27 Onsdagen den 23 februari,28,1,2026-10-06
FV0930,1972,30,1972-02-29,Riksdagens protokoll 1972:30 Tisdagen den 29 februari,9,0,2026-10-06
FV0932,1972,32,1972-03-01,Riksdagens protokoll 1972:32 Onsdagen den 1 mars,11,2,2026-10-06
FV0931,1972,31,1972-03-01,Riksdagens protokoll 1972:31 Onsdagen den 1 mars,8,5,2026-10-06
FV0934,1972,34,1972-03-03,Riksdagens protokoll 1972:34 Fredagen den 3 mars,0,0,2026-10-06
FV0935,1972,35,1972-03-07,Riksdagens protokoll 1972:35 Tisdagen den 7 mars,0,0,2026-10-06
FV0933,1972,33,1972-03-02,Riksdagens protokoll 1972:33 Torsdagen den 2 mars,97,0,2026-10-06
FV0938,1972,38,1972-03-10,Riksdagens protokoll 1972:38 Fredagen den 10 mars,0,0,2026-10-06
FV0937,1972,37,1972-03-09,Riksdagens protokoll 1972:37 Torsdagen den 9 mars,69,1,2026-10-06
FV0936,1972,36,1972-03-08,Riksdagens protokoll 1972:36 Onsdagen den 8 mars,46,1,2026-10-06
FV0939,1972,39,1972-03-14,Riksdagens protokoll 1972:39 Tisdagen den 14 mars,18,0,2026-10-06
FV0940,1972,40,1972-03-15,Riksdagens protokoll 1972:40 Onsdagen den 15 mars,54,4,2026-10-06
FV0941,1972,41,1972-03-15,Riksdagens protokoll 1972:41 Onsdagen den 15 mars,41,0,2026-10-06
FV0943,1972,43,1972-03-17,Riksdagens protokoll 1972:43 Fredagen den 17 mars,9,0,2026-10-06
FV0942,1972,42,1972-03-16,Riksdagens protokoll 1972:42 Torsdagen den 16 mars,69,8,2026-10-06
FV0944,1972,44,1972-03-21,Riksdagens protokoll 1972:44 Tisdagen den 21 mars,25,4,2026-10-06
FV0946,1972,46,1972-03-22,Riksdagens protokoll 1972:46 Onsdagen den 22 mars,29,4,2026-10-06
FV0945,1972,45,1972-03-22,Riksdagens protokoll 1972:45 Onsdagen den 22 mars,36,5,2026-10-06
FV0947,1972,47,1972-03-23,Riksdagens protokoll 1972:47 Torsdagen den 23 mars,16,0,2026-10-06
FV0948,1972,48,1972-03-23,Riksdagens protokoll 1972:48 Torsdagen den 23 mars,23,0,2026-10-06
FV0949,1972,49,1972-03-24,Riksdagens protokoll 1972:49 Fredagen den 24 mars,13,0,2026-10-06
FV0950,1972,50,1972-04-04,Riksdagens protokoll 1972:50 Tisdagen den 4 april,8,0,2026-10-06
FV0951,1972,51,1972-04-05,Riksdagens protokoll 1972:51 Onsdagen den 5 april,42,0,2026-10-06
FV0952,1972,52,1972-04-05,Riksdagens protokoll 1972:52 Onsdagen den 5 april,29,1,2026-10-06
FV0953,1972,53,1972-04-06,Riksdagens protokoll 1972:53 Torsdagen den 6 april,72,4,2026-10-06
FV0955,1972,55,1972-04-11,Riksdagens protokoll 1972:55 Tisdagen den 11 april,12,0,2026-10-06
FV0954,1972,54,1972-04-07,Riksdagens protokoll 1972:54 Fredagen den 7 april,39,0,2026-10-06
FV0957,1972,57,1972-04-13,Riksdagens protokoll 1972:57 Torsdagen den 13 april,100,1,2026-10-06
FV0958,1972,58,1972-04-14,Riksdagens protokoll 1972:58 Fredagen den 14 april,58,1,2026-10-06
FV0956,1972,56,1972-04-12,Riksdagens protokoll 1972:56 Onsdagen den 12 april,47,0,2026-10-06
FV0959,1972,59,1972-04-18,Riksdagens protokoll 1972:59 Tisdagen den 18 april,25,0,2026-10-06
FV0962,1972,62,1972-04-20,Riksdagens protokoll 1972:62 Torsdagen den 20 april,51,0,2026-10-06
FV0960,1972,60,1972-04-19,Riksdagens protokoll 1972:60 Onsdagen den 19 april,33,31,2026-10-06
FV0961,1972,61,1972-04-19,Riksdagens protokoll 1972:61 Onsdagen den 19 april,46,6,2026-10-06
FV0965,1972,65,1972-04-25,Riksdagens protokoll 1972:65 Tisdagen den 25 april,0,0,2026-10-06
FV0963,1972,63,1972-04-21,Riksdagens protokoll 1972:63 Fredagen den 21 april,22,0,2026-10-06
FV0964,1972,64,1972-04-24,Riksdagens protokoll 1972:64 Måndagen den 24 april,30,0,2026-10-06
FV0966,1972,66,1972-04-26,Riksdagens protokoll 1972:66 Onsdagen den 26 april,33,5,2026-10-06
FV0967,1972,67,1972-04-26,Riksdagens protokoll 1972:67 Onsdagen den 26 april,28,0,2026-10-06
FV0968,1972,68,1972-04-27,Riksdagens protokoll 1972:68 Torsdagen den 27 april,67,0,2026-10-06
FV0970,1972,70,1972-05-02,Riksdagens protokoll 1972:70 Tisdagen den 2 maj,24,0,2026-10-06
FV0969,1972,69,1972-04-28,Riksdagens protokoll 1972:69 Fredagen den 28 april,20,0,2026-10-06
FV0971,1972,71,1972-05-03,Riksdagens protokoll 1972:71 Onsdagen den 3 maj,25,0,2026-10-06
FV0972,1972,72,1972-05-03,Riksdagens protokoll 1972:72 Onsdagen den 3 maj,41,0,2026-10-06
FV0973,1972,73,1972-05-04,Riksdagens protokoll 1972:73 Torsdagen den 4 maj,76,4,2026-10-06
FV0974,1972,74,1972-05-05,Riksdagens protokoll 1972:74 Fredagen den 5 maj,43,3,2026-10-06
FV0975,1972,75,1972-05-08,Riksdagens protokoll 1972:75 Måndagen den 8 maj,33,1,2026-10-06
FV0976,1972,76,1972-05-09,Riksdagens protokoll 1972:76 Tisdagen den 9 maj,57,8,2026-10-06
FV0977,1972,77,1972-05-10,Riksdagens protokoll 1972:77 Onsdagen den 10 maj,59,0,2026-10-06
FV0978,1972,78,1972-05-15,Riksdagens protokoll 1972:78 Måndagen den 15 maj,33,0,2026-10-06
FV0979,1972,79,1972-05-16,Riksdagens protokoll 1972:79 Tisdagen den 16 maj,70,3,2026-10-06
FV0981,1972,81,1972-05-18,Riksdagens protokoll 1972:81 Torsdagen den 18 maj,66,0,2026-10-06
FV0980,1972,80,1972-05-17,Riksdagens protokoll 1972:80 Onsdagen den 17 maj,29,1,2026-10-06
FV0982,1972,82,1972-05-18,Riksdagens protokoll 1972:82 Torsdagen den 18 maj,34,1,2026-10-06
FV0983,1972,83,1972-05-19,Riksdagens protokoll 1972:83 Fredagen den 19 maj,10,0,2026-10-06
FV0984,1972,84,1972-05-23,Riksdagens protokoll 1972:84 Tisdagen den 23 maj,67,0,2026-10-06
FV0985,1972,85,1972-05-24,Riksdagens protokoll 1972:85 Onsdagen den 24 maj,18,1,2026-10-06
FV0986,1972,86,1972-05-24,Riksdagens protokoll 1972:86 Onsdagen den 24 maj,27,1,2026-10-06
FV0987,1972,87,1972-05-25,Riksdagens protokoll 1972:87 Torsdagen den 25 maj,58,0,2026-10-06
FV0988,1972,88,1972-05-25,Riksdagens protokoll 1972:88 Torsdagen den 25 maj,45,0,2026-10-06
FV0990,1972,90,1972-05-26,Riksdagens protokoll 1972:90 Fredagen den 26 maj,3,0,2026-10-06
FV0989,1972,89,1972-05-26,Riksdagens protokoll 1972:89 Fredagen den 26 maj,50,12,2026-10-06
FV0991,1972,91,1972-05-29,Riksdagens protokoll 1972:91 Måndagen den 29 maj,16,0,2026-10-06
FV0992,1972,92,1972-05-29,Riksdagens protokoll 1972:92 Måndagen den 29 maj,18,0,2026-10-06
FV0993,1972,93,1972-05-30,Riksdagens protokoll 1972:93 Tisdagen den 30 maj,8,2,2026-10-06
FV0994,1972,94,1972-05-30,Riksdagens protokoll 1972:94 Tisdagen den 30 maj,11,2,2026-10-06
FV0996,1972,96,1972-06-13,Riksdagens protokoll 1972:96 Tisdagen den 13 juni,0,0,2026-10-06
FV0995,1972,95,1972-05-31,Riksdagens protokoll 1972:95 Onsdagen den 31 maj,26,0,2026-10-06
FV0997,1972,97,1972-06-27,Riksdagens protokoll 1972:97 Tisdagen den 27 juni,0,0,2026-10-06
FV0998,1972,98,1972-10-17,Riksdagens protokoll 1972:98 Tisdagen den 17 oktober,0,3,2026-10-06
FV09100,1972,100,1972-10-20,Riksdagens protokoll 1972:100 Fredagen den 20 oktober,0,0,2026-10-06
FV0999,1972,99,1972-10-18,Riksdagens protokoll 1972:99 Onsdagen den 18 oktober,0,0,2026-10-06
FV09101,1972,101,1972-10-24,Riksdagens protokoll 1972:101 Tisdagen den 24 oktober,0,0,2026-10-06
FV09102,1972,102,1972-10-25,Riksdagens protokoll 1972:102 Onsdagen den 25 oktober,23,0,2026-10-06
FV09104,1972,104,1972-10-27,Riksdagens protokoll 1972:104 Fredagen den 27 oktober,0,0,2026-10-06
FV09103,1972,103,1972-10-26,Riksdagens protokoll 1972:103 Torsdagen den 26 oktober,43,0,2026-10-06
FV09105,1972,105,1972-10-31,Riksdagens protokoll 1972:105 Tisdagen den 31 oktober,0,0,2026-10-06
FV09106,1972,106,1972-11-01,Riksdagens protokoll 1972:106 Onsdagen den 1 november,38,0,2026-10-06
FV09107,1972,107,1972-11-01,Riksdagens protokoll 1972:107 Onsdagen den 1 november,14,0,2026-10-06
FV09108,1972,108,1972-11-02,Riksdagens protokoll 1972:108 Torsdagen den 2 november,11,0,2026-10-06
FV09109,1972,109,1972-11-03,Riksdagens protokoll 1972:109 Fredagen den 3 november,0,0,2026-10-06
FV09112,1972,112,1972-11-08,Riksdagens protokoll 1972:112 Onsdagen den 8 november,9,4,2026-10-06
FV09111,1972,111,1972-11-08,Riksdagens protokoll 1972:111 Onsdagen den 8 november,5,4,2026-10-06
FV09110,1972,110,1972-11-07,Riksdagens protokoll 1972:110 Tisdagen den 7 november,18,0,2026-10-06
FV09114,1972,114,1972-11-09,Riksdagens protokoll 1972:114 Torsdagen den 9 november,5,2,2026-10-06
FV09113,1972,113,1972-11-09,Riksdagens protokoll 1972:113 Torsdagen den 9 november,31,3,2026-10-06
FV09115,1972,115,1972-11-10,Riksdagens protokoll 1972:115 Fredagen den 10 november,50,0,2026-10-06
FV09116,1972,116,1972-11-14,Riksdagens protokoll 1972:116 Tisdagen den 14 november,17,0,2026-10-06
FV09119,1972,119,1972-11-17,Riksdagens protokoll 1972:119 Fredagen den 17 november,0,0,2026-10-06
FV09117,1972,117,1972-11-15,Riksdagens protokoll 1972:117 Onsdagen den 15 november,64,0,2026-10-06
FV09118,1972,118,1972-11-16,Riksdagens protokoll 1972:118 Torsdagen den 16 november,46,7,2026-10-06
FV09120,1972,120,1972-11-21,Riksdagens protokoll 1972:120 Tisdagen den 21 november,27,0,2026-10-06
FV09121,1972,121,1972-11-22,Riksdagens protokoll 1972:121 Onsdagen den 22 november,45,0,2026-10-06
FV09122,1972,122,1972-11-22,Riksdagens protokoll 1972:122 Onsdagen den 22 november,26,2,2026-10-06
FV09124,1972,124,1972-11-24,Riksdagens protokoll 1972:124 Fredagen den 24 november,0,0,2026-10-06
FV09123,1972,123,1972-11-23,Riksdagens protokoll 1972:123 Torsdagen den 23 november,76,0,2026-10-06
FV09125,1972,125,1972-11-28,Riksdagens protokoll 1972:125 Tisdagen den 28 november,36,0,2026-10-06
FV09127,1972,127,1972-11-29,Riksdagens protokoll 1972:127 Onsdagen den 29 november,34,0,2026-10-06
FV09126,1972,126,1972-11-29,Riksdagens protokoll 1972:126 Onsdagen den 29 november,43,0,2026-10-06
FV09129,1972,129,1972-12-01,Riksdagens protokoll 1972:129 Fredagen den 1 december,24,3,2026-10-06
FV09128,1972,128,1972-11-30,Riksdagens protokoll 1972:128 Torsdagen den 30 november,62,1,2026-10-06
FV09130,1972,130,1972-12-04,Riksdagens protokoll 1972:130 Måndagen den 4 december,36,0,2026-10-06
FV09131,1972,131,1972-12-05,Riksdagens protokoll 1972:131 Tisdagen den 5 december,25,0,2026-10-06
FV09133,1972,133,1972-12-06,Riksdagens protokoll 1972:133 Onsdagen den 6 december,33,7,2026-10-06
FV09132,1972,132,1972-12-06,Riksdagens protokoll 1972:132 Onsdagen den 6 december,53,3,2026-10-06
FV09134,1972,134,1972-12-07,Riksdagens protokoll 1972:134 Torsdagen den 7 december,50,0,2026-10-06
FV09135,1972,135,1972-12-08,Riksdagens protokoll 1972:135 Fredagen den 8 december,26,0,2026-10-06
FV09137,1972,137,1972-12-11,Riksdagens protokoll 1972:137 Måndagen den 11 december,15,0,2026-10-06
FV09136,1972,136,1972-12-11,Riksdagens protokoll 1972:136 Måndagen den 11 december,55,0,2026-10-06
FV09138,1972,138,1972-12-12,Riksdagens protokoll 1972:138 Tisdagen den 12 december,16,0,2026-10-06
FV09139,1972,139,1972-12-12,Riksdagens protokoll 1972:139 Tisdagen den 12 december,23,0,2026-10-06
FV09140,1972,140,1972-12-13,Riksdagens protokoll 1972:140 Onsdagen den 13 december,16,6,2026-10-06
FV09141,1972,141,1972-12-13,Riksdagens protokoll 1972:141 Onsdagen den 13 december,29,0,2026-10-06
FV09142,1972,142,1972-12-14,Riksdagens protokoll 1972:142 Torsdagen den 14 december,41,2,2026-10-06
FV09143,1972,143,1972-12-14,Riksdagens protokoll 1972:143 Torsdagen den 14 december,45,6,2026-10-06
FV09144,1972,144,1972-12-15,Riksdagens protokoll 1972:144 Fredagen den 15 december,14,3,2026-10-06
FV09145,1972,145,1972-12-15,Riksdagens protokoll 1972:145 Fredagen den 15 december,12,4,2026-10-06
FV09148,1972,148,1972-12-29,Riksdagens protokoll 1972:148 Fredagen den 29 december,0,0,2026-10-06
FV09146,1972,146,1972-12-16,Riksdagens protokoll 1972:146 Lördagen den 16 december,33,4,2026-10-06
FV09147,1972,147,1972-12-16,Riksdagens protokoll 1972:147 Lördagen den 16 december,21,1,2026-10-06
FW092,1973,2,1973-01-11,Riksdagens protokoll 1973:2 Torsdagen den 11 januari,0,1,2026-10-06
FW091,1973,1,1973-01-10,Riksdagens protokoll 1973:1 Onsdagen den 10 januari,0,0,2026-10-06
FW093,1973,3,1973-01-11,Riksdagens protokoll 1973:3 Torsdagen den 11 januari,0,0,2026-10-06
FW094,1973,4,1973-01-12,Riksdagens protokoll 1973:4 Fredagen den 12 januari,0,0,2026-10-06
FW095,1973,5,1973-01-16,Riksdagens protokoll 1973:5 Tisdagen den 16 januari,1,0,2026-10-06
FW096,1973,6,1973-01-18,Riksdagens protokoll 1973:6 Torsdagen den 18 januari,16,0,2026-10-06
FW097,1973,7,1973-01-23,Riksdagens protokoll 1973:7 Tisdagen den 23 januari,0,0,2026-10-06
FW098,1973,8,1973-01-24,Riksdagens protokoll 1973:8 Onsdagen den 24 januari,0,0,2026-10-06
FW0910,1973,10,1973-01-26,Riksdagens protokoll 1973:10 Fredagen den 26 januari,0,0,2026-10-06
FW0911,1973,11,1973-01-26,Riksdagens protokoll 1973:11 Fredagen den 26 januari,0,1,2026-10-06
FW099,1973,9,1973-01-25,Riksdagens protokoll 1973:9 Torsdagen den 25 januari,33,0,2026-10-06
FW0912,1973,12,1973-01-30,Riksdagens protokoll 1973:12 Tisdagen den 30 januari,0,0,2026-10-06
FW0914,1973,14,1973-01-31,Riksdagens protokoll 1973:14 Onsdagen den 31 januari,12,3,2026-10-06
FW0915,1973,15,1973-02-01,Riksdagens protokoll 1973:15 Torsdagen den 1 februari,31,3,2026-10-06
FW0913,1973,13,1973-01-31,Riksdagens protokoll 1973:13 Onsdagen den 31 januari,8,5,2026-10-06
FW0916,1973,16,1973-02-01,Riksdagens protokoll 1973:16 Torsdagen den 1 februari,17,0,2026-10-06
FW0918,1973,18,1973-02-06,Riksdagens protokoll 1973:18 Tisdagen den 6 februari,3,0,2026-10-06
FW0919,1973,19,1973-02-07,Riksdagens protokoll 1973:19 Onsdagen den 7 februari,5,0,2026-10-06
FW0921,1973,21,1973-02-09,Riksdagens protokoll 1973:21 Fredagen den 9 februari,0,0,2026-10-06
FW0917,1973,17,1973-02-02,Riksdagens protokoll 1973:17 Fredagen den 2 februari,25,2,2026-10-06
FW0920,1973,20,1973-02-08,Riksdagens protokoll 1973:20 Torsdagen den 8 februari,13,0,2026-10-06
FW0922,1973,22,1973-02-13,Riksdagens protokoll 1973:22 Tisdagen den 13 februari,0,0,2026-10-06
FW0923,1973,23,1973-02-14,Riksdagens protokoll 1973:23 Onsdagen den 14 februari,25,0,2026-10-06
FW0925,1973,25,1973-02-16,Riksdagens protokoll 1973:25 Fredagen den 16 februari,0,1,2026-10-06
FW0924,1973,24,1973-02-15,Riksdagens protokoll 1973:24 Torsdagen den 15 februari,35,0,2026-10-06
FW0926,1973,26,1973-02-20,Riksdagens protokoll 1973:26 Tisdagen den 20 februari,0,0,2026-10-06
FW0928,1973,28,1973-02-22,Riksdagens protokoll 1973:28 Torsdagen den 22 februari,34,0,2026-10-06
FW0929,1973,29,1973-02-23,Riksdagens protokoll 1973:29 Fredagen den 23 februari,0,0,2026-10-06
FW0927,1973,27,1973-02-21,Riksdagens protokoll 1973:27 Onsdagen den 21 februari,41,0,2026-10-06
FW0930,1973,30,1973-02-27,Riksdagens protokoll 1973:30 Tisdagen den 27 februari,1,0,2026-10-06
FW0932,1973,32,1973-02-28,Riksdagens protokoll 1973:32 Onsdagen den 28 februari,31,2,2026-10-06
FW0933,1973,33,1973-03-01,Riksdagens protokoll 1973:33 Torsdagen den 1 mars,64,0,2026-10-06
FW0931,1973,31,1973-02-28,Riksdagens protokoll 1973:31 Onsdagen den 28 februari,13,4,2026-10-06
FW0934,1973,34,1973-03-01,Riksdagens protokoll 1973:34 Torsdagen den 1 mars,28,1,2026-10-06
FW0935,1973,35,1973-03-02,Riksdagens protokoll 1973:35 Fredagen den 2 mars,11,0,2026-10-06
FW0936,1973,36,1973-03-06,Riksdagens protokoll 1973:36 Tisdagen den 6 mars,0,0,2026-10-06
FW0939,1973,39,1973-03-08,Riksdagens protokoll 1973:39 Torsdagen den 8 mars,37,0,2026-10-06
FW0937,1973,37,1973-03-07,Riksdagens protokoll 1973:37 Onsdagen den 7 mars,73,6,2026-10-06
FW0938,1973,38,1973-03-07,Riksdagens protokoll 1973:38 Onsdagen den 7 mars,19,10,2026-10-06
FW0940,1973,40,1973-03-09,Riksdagens protokoll 1973:40 Fredagen den 9 mars,0,0,2026-10-06
FW0941,1973,41,1973-03-13,Riksdagens protokoll 1973:41 Tisdagen den 13 mars,23,1,2026-10-06
FW0942,1973,42,1973-03-14,Riksdagens protokoll 1973:42 Onsdagen den 14 mars,52,5,2026-10-06
FW0943,1973,43,1973-03-14,Riksdagens protokoll 1973:43 Onsdagen den 14 mars,37,0,2026-10-06
FW0944,1973,44,1973-03-15,Riksdagens protokoll 1973:44 Torsdagen den 15 mars,43,0,2026-10-06
FW0945,1973,45,1973-03-15,Riksdagens protokoll 1973:45 Torsdagen den 15 mars,27,1,2026-10-06
FW0946,1973,46,1973-03-16,Riksdagens protokoll 1973:46 Fredagen den 16 mars,23,0,2026-10-06
FW0947,1973,47,1973-03-20,Riksdagens protokoll 1973:47 Tisdagen den 20 mars,44,2,2026-10-06
FW0949,1973,49,1973-03-21,Riksdagens protokoll 1973:49 Onsdagen den 21 mars,27,0,2026-10-06
FW0948,1973,48,1973-03-21,Riksdagens protokoll 1973:48 Onsdagen den 21 mars,15,0,2026-10-06
FW0951,1973,51,1973-03-22,Riksdagens protokoll 1973:51 Torsdagen den 22 mars,46,1,2026-10-06
FW0950,1973,50,1973-03-22,Riksdagens protokoll 1973:50 Torsdagen den 22 mars,48,2,2026-10-06
FW0952,1973,52,1973-03-23,Riksdagens protokoll 1973:52 Fredagen den 23 mars,47,0,2026-10-06
FW0953,1973,53,1973-03-27,Riksdagens protokoll 1973:53 Tisdagen den 27 mars,20,2,2026-10-06
FW0955,1973,55,1973-03-28,Riksdagens protokoll 1973:55 Onsdagen den 28 mars,62,1,2026-10-06
FW0956,1973,56,1973-03-29,Riksdagens protokoll 1973:56 Torsdagen den 29 mars,69,0,2026-10-06
FW0954,1973,54,1973-03-28,Riksdagens protokoll 1973:54 Onsdagen den 28 mars,45,1,2026-10-06
FW0957,1973,57,1973-03-29,Riksdagens protokoll 1973:57 Torsdagen den 29 mars,66,0,2026-10-06
FW0958,1973,58,1973-03-30,Riksdagens protokoll 1973:58 Fredagen den 30 mars,20,0,2026-10-06
FW0959,1973,59,1973-04-03,Riksdagens protokoll 1973:59 Tisdagen den 3 april,0,0,2026-10-06
FW0961,1973,61,1973-04-04,Riksdagens protokoll 1973:61 Onsdagen den 4 april,38,2,2026-10-06
FW0962,1973,62,1973-04-05,Riksdagens protokoll 1973:62 Torsdagen den 5 april,76,2,2026-10-06
FW0960,1973,60,1973-04-04,Riksdagens protokoll 1973:60 Onsdagen den 4 april,46,9,2026-10-06
FW0963,1973,63,1973-04-05,Riksdagens protokoll 1973:63 Torsdagen den 5 april,65,1,2026-10-06
FW0965,1973,65,1973-04-10,Riksdagens protokoll 1973:65 Tisdagen den 10 april,18,0,2026-10-06
FW0964,1973,64,1973-04-06,Riksdagens protokoll 1973:64 Fredagen den 6 april,17,0,2026-10-06
FW0966,1973,66,1973-04-11,Riksdagens protokoll 1973:66 Onsdagen den 11 april,59,0,2026-10-06
FW0967,1973,67,1973-04-11,Riksdagens protokoll 1973:67 Onsdagen den 11 april,37,1,2026-10-06
FW0968,1973,68,1973-04-12,Riksdagens protokoll 1973:68 Torsdagen den 12 april,69,1,2026-10-06
FW0969,1973,69,1973-04-12,Riksdagens protokoll 1973:69 Torsdagen den 12 april,36,2,2026-10-06
FW0970,1973,70,1973-04-13,Riksdagens protokoll 1973:70 Fredagen den 13 april,56,0,2026-10-06
FW0971,1973,71,1973-04-24,Riksdagens protokoll 1973:71 Tisdagen den 24 april,0,0,2026-10-06
FW0972,1973,72,1973-04-25,Riksdagens protokoll 1973:72 Onsdagen den 25 april,12,0,2026-10-06
FW0973,1973,73,1973-04-25,Riksdagens protokoll 1973:73 Onsdagen den 25 april,35,0,2026-10-06
FW0974,1973,74,1973-04-26,Riksdagens protokoll 1973:74 Torsdagen den 26 april,89,0,2026-10-06
FW0975,1973,75,1973-04-26,Riksdagens protokoll 1973:75 Torsdagen den 26 april,16,3,2026-10-06
FW0976,1973,76,1973-04-27,Riksdagens protokoll 1973:76 Fredagen den 27 april,3,0,2026-10-06
FW0977,1973,77,1973-05-02,Riksdagens protokoll 1973:77 Onsdagen den 2 maj,8,0,2026-10-06
FW0980,1973,80,1973-05-04,Riksdagens protokoll 1973:80 Fredagen den 4 maj,0,0,2026-10-06
FW0979,1973,79,1973-05-03,Riksdagens protokoll 1973:79 Torsdagen den 3 maj,35,0,2026-10-06
FW0978,1973,78,1973-05-03,Riksdagens protokoll 1973:78 Torsdagen den 3 maj,49,1,2026-10-06
FW0982,1973,82,1973-05-08,Riksdagens protokoll 1973:82 Tisdagen den 8 maj,8,0,2026-10-06
FW0981,1973,81,1973-05-07,Riksdagens protokoll 1973:81 Måndagen den 7 maj,18,5,2026-10-06
FW0984,1973,84,1973-05-10,Riksdagens protokoll 1973:84 Torsdagen den 10 maj,35,1,2026-10-06
FW0985,1973,85,1973-05-11,Riksdagens protokoll 1973:85 Fredagen den 11 maj,0,0,2026-10-06
FW0983,1973,83,1973-05-09,Riksdagens protokoll 1973:83 Onsdagen den 9 maj,65,0,2026-10-06
FW0986,1973,86,1973-05-14,Riksdagens protokoll 1973:86 Måndagen den 14 maj,33,0,2026-10-06
FW0987,1973,87,1973-05-15,Riksdagens protokoll 1973:87 Tisdagen den 15 maj,28,0,2026-10-06
FW0989,1973,89,1973-05-16,Riksdagens protokoll 1973:89 Onsdagen den 16 maj,19,0,2026-10-06
FW0988,1973,88,1973-05-16,Riksdagens protokoll 1973:88 Onsdagen den 16 maj,39,0,2026-10-06
FW0991,1973,91,1973-05-17,Riksdagens protokoll 1973:91 Torsdagen den 17 maj,10,10,2026-10-06
FW0990,1973,90,1973-05-17,Riksdagens protokoll 1973:90 Torsdagen den 17 maj,50,13,2026-10-06
FW0992,1973,92,1973-05-18,Riksdagens protokoll 1973:92 Fredagen den 18 maj,38,1,2026-10-06
FW0994,1973,94,1973-05-22,Riksdagens protokoll 1973:94 Tisdagen den 22 maj,23,2,2026-10-06
FW0995,1973,95,1973-05-22,Riksdagens protokoll 1973:95 Tisdagen den 22 maj,27,1,2026-10-06
FW0993,1973,93,1973-05-21,Riksdagens protokoll 1973:93 Måndagen den 21 maj,32,1,2026-10-06
FW0996,1973,96,1973-05-23,Riksdagens protokoll 1973:96 Onsdagen den 23 maj,14,2,2026-10-06
FW0997,1973,97,1973-05-23,Riksdagens protokoll 1973:97 Onsdagen den 23 maj,25,1,2026-10-06
FW0998,1973,98,1973-05-24,Riksdagens protokoll 1973:98 Torsdagen den 24 maj,33,9,2026-10-06
FW0999,1973,99,1973-05-24,Riksdagens protokoll 1973:99 Torsdagen den 24 maj,20,9,2026-10-06
FW09100,1973,100,1973-05-25,Riksdagens protokoll 1973:100 Fredagen den 25 maj,62,2,2026-10-06
FW09101,1973,101,1973-05-28,Riksdagens protokoll 1973:101 Måndagen den 28 maj,17,0,2026-10-06
FW09102,1973,102,1973-05-28,Riksdagens protokoll 1973:102 Måndagen den 28 maj,16,2,2026-10-06
FW09103,1973,103,1973-05-29,Riksdagens protokoll 1973:103 Tisdagen den 29 maj,28,1,2026-10-06
FW09104,1973,104,1973-05-29,Riksdagens protokoll 1973:104 Tisdagen den 29 maj,19,0,2026-10-06
FW09105,1973,105,1973-05-30,Riksdagens protokoll 1973:105 Onsdagen den 30 maj,24,0,2026-10-06
FW09107,1973,107,1973-06-01,Riksdagens protokoll 1973:107 Fredagen den 1 juni,17,0,2026-10-06
FW09106,1973,106,1973-06-01,Riksdagens protokoll 1973:106 Fredagen den 1 juni,20,0,2026-10-06
FW09109,1973,109,1973-06-04,Riksdagens protokoll 1973:109 Måndagen den 4 juni,10,3,2026-10-06
FW09108,1973,108,1973-06-04,Riksdagens protokoll 1973:108 Måndagen den 4 juni,14,4,2026-10-06
FW09110,1973,110,1973-06-05,Riksdagens protokoll 1973:110 Tisdagen den 5 juni,15,0,2026-10-06
FW09111,1973,111,1973-06-05,Riksdagens protokoll 1973:111 Tisdagen den 5 juni,10,0,2026-10-06
FW09112,1973,112,1973-06-06,Riksdagens protokoll 1973:112 Onsdagen den 6 juni,16,0,2026-10-06
FW09113,1973,113,1973-06-19,Riksdagens protokoll 1973:113 Tisdagen den 19 juni,0,0,2026-10-06
FW09114,1973,114,1973-07-03,Riksdagens protokoll 1973:114 Tisdagen den 3 juli,0,0,2026-10-06
FW09116,1973,116,1973-10-17,Riksdagens protokoll 1973:116 Onsdagen den 17 oktober,0,1,2026-10-06
FW09115,1973,115,1973-10-16,Riksdagens protokoll 1973:115 Tisdagen den 16 oktober,1,0,2026-10-06
FW09117,1973,117,1973-10-19,Riksdagens protokoll 1973:117 Fredagen den 19 oktober,0,0,2026-10-06
FW09118,1973,118,1973-10-23,Riksdagens protokoll 1973:118 Tisdagen den 23 oktober,0,0,2026-10-06
FW09119,1973,119,1973-10-24,Riksdagens protokoll 1973:119 Onsdagen den 24 oktober,38,0,2026-10-06
FW09120,1973,120,1973-10-25,Riksdagens protokoll 1973:120 Torsdagen den 25 oktober,24,0,2026-10-06
FW09121,1973,121,1973-10-26,Riksdagens protokoll 1973:121 Fredagen den 26 oktober,29,0,2026-10-06
FW09122,1973,122,1973-10-30,Riksdagens protokoll 1973:122 Tisdagen den 30 oktober,4,0,2026-10-06
FW09123,1973,123,1973-10-31,Riksdagens protokoll 1973:123 Onsdagen den 31 oktober,22,0,2026-10-06
FW09125,1973,125,1973-11-02,Riksdagens protokoll 1973:125 Fredagen den 2 november,0,0,2026-10-06
FW09124,1973,124,1973-11-01,Riksdagens protokoll 1973:124 Torsdagen den 1 november,57,0,2026-10-06
FW09126,1973,126,1973-11-06,Riksdagens protokoll 1973:126 Tisdagen den 6 november,0,0,2026-10-06
FW09127,1973,127,1973-11-07,Riksdagens protokoll 1973:127 Onsdagen den 7 november,6,3,2026-10-06
FW09130,1973,130,1973-11-09,Riksdagens protokoll 1973:130 Fredagen den 9 november,0,0,2026-10-06
FW09128,1973,128,1973-11-07,Riksdagens protokoll 1973:128 Onsdagen den 7 november,6,3,2026-10-06
FW09129,1973,129,1973-11-08,Riksdagens protokoll 1973:129 Torsdagen den 8 november,87,2,2026-10-06
FW09132,1973,132,1973-11-14,Riksdagens protokoll 1973:132 Onsdagen den 14 november,23,0,2026-10-06
FW09133,1973,133,1973-11-14,Riksdagens protokoll 1973:133 Onsdagen den 14 november,25,1,2026-10-06
FW09131,1973,131,1973-11-13,Riksdagens protokoll 1973:131 Tisdagen den 13 november,27,1,2026-10-06
FW09135,1973,135,1973-11-16,Riksdagens protokoll 1973:135 Fredagen den 16 november,4,0,2026-10-06
FW09136,1973,136,1973-11-20,Riksdagens protokoll 1973:136 Tisdagen den 20 november,0,2,2026-10-06
FW09134,1973,134,1973-11-15,Riksdagens protokoll 1973:134 Torsdagen den 15 november,45,0,2026-10-06
FW09139,1973,139,1973-11-23,Riksdagens protokoll 1973:139 Fredagen den 23 november,3,0,2026-10-06
FW09138,1973,138,1973-11-22,Riksdagens protokoll 1973:138 Torsdagen den 22 november,24,0,2026-10-06
FW09137,1973,137,1973-11-21,Riksdagens protokoll 1973:137 Onsdagen den 21 november,50,1,2026-10-06
FW09140,1973,140,1973-11-27,Riksdagens protokoll 1973:140 Tisdagen den 27 november,11,0,2026-10-06
FW09141,1973,141,1973-11-28,Riksdagens protokoll 1973:141 Onsdagen den 28 november,44,0,2026-10-06
FW09143,1973,143,1973-11-30,Riksdagens protokoll 1973:143 Fredagen den 30 november,37,2,2026-10-06
FW09142,1973,142,1973-11-29,Riksdagens protokoll 1973:142 Torsdagen den 29 november,69,2,2026-10-06
FW09144,1973,144,1973-12-03,Riksdagens protokoll 1973:144 Måndagen den 3 december,16,5,2026-10-06
FW09145,1973,145,1973-12-04,Riksdagens protokoll 1973:145 Tisdagen den 4 december,29,7,2026-10-06
FW09146,1973,146,1973-12-05,Riksdagens protokoll 1973:146 Onsdagen den 5 december,17,0,2026-10-06
FW09147,1973,147,1973-12-06,Riksdagens protokoll 1973:147 Torsdagen den 6 december,31,2,2026-10-06
FW09148,1973,148,1973-12-06,Riksdagens protokoll 1973:148 Torsdagen den 6 december,39,0,2026-10-06
FW09149,1973,149,1973-12-07,Riksdagens protokoll 1973:149 Fredagen den 7 december,31,1,2026-10-06
FW09151,1973,151,1973-12-10,Riksdagens protokoll 1973:151 Måndagen den 10 december,26,0,2026-10-06
FW09150,1973,150,1973-12-10,Riksdagens protokoll 1973:150 Måndagen den 10 december,43,3,2026-10-06
FW09153,1973,153,1973-12-11,Riksdagens protokoll 1973:153 Tisdagen den 11 december,17,0,2026-10-06
FW09152,1973,152,1973-12-11,Riksdagens protokoll 1973:152 Tisdagen den 11 december,25,0,2026-10-06
FW09155,1973,155,1973-12-12,Riksdagens protokoll 1973:155 Onsdagen den 12 december,18,0,2026-10-06
FW09154,1973,154,1973-12-12,Riksdagens protokoll 1973:154 Onsdagen den 12 december,15,1,2026-10-06
FW09156,1973,156,1973-12-13,Riksdagens protokoll 1973:156 Torsdagen den 13 december,36,4,2026-10-06
FW09157,1973,157,1973-12-13,Riksdagens protokoll 1973:157 Torsdagen den 13 december,31,1,2026-10-06
FW09158,1973,158,1973-12-14,Riksdagens protokoll 1973:158 Fredagen den 14 december,32,0,2026-10-06
FW09159,1973,159,1973-12-14,Riksdagens protokoll 1973:159 Fredagen den 14 december,23,0,2026-10-06
FW09160,1973,160,1973-12-15,Riksdagens protokoll 1973:160 Lördagen den 15 december,17,1,2026-10-06
FW09161,1973,161,1973-12-28,Riksdagens protokoll 1973:161 Fredagen den 28 december,0,0,2026-10-06
FX091,1974,1,1974-01-10,Riksdagens protokoll 1974:1 Torsdagen den 10 januari,0,0,2026-10-06
FX092,1974,2,1974-01-11,Riksdagens protokoll 1974:2 Fredagen den 11 januari,0,0,2026-10-06
FX094,1974,4,1974-01-15,Riksdagens protokoll 1974:4 Tisdagen den 15 januari,1,0,2026-10-06
FX093,1974,3,1974-01-11,Riksdagens protokoll 1974:3 Fredagen den 11 januari,0,1,2026-10-06
FX095,1974,5,1974-01-16,Riksdagens protokoll 1974:5 Onsdagen den 16 januari,2,0,2026-10-06
FX096,1974,6,1974-01-17,Riksdagens protokoll 1974:6 Torsdagen den 17 januari,14,0,2026-10-06
FX097,1974,7,1974-01-18,Riksdagens protokoll 1974:7 Fredagen den 18 januari,0,0,2026-10-06
FX098,1974,8,1974-01-22,Riksdagens protokoll 1974:8 Tisdagen den 22 januari,3,0,2026-10-06
FX099,1974,9,1974-01-23,Riksdagens protokoll 1974:9 Onsdagen den 23 januari,1,0,2026-10-06
FX0910,1974,10,1974-01-24,Riksdagens protokoll 1974:10 Torsdagen den 24 januari,11,0,2026-10-06
FX0911,1974,11,1974-01-25,Riksdagens protokoll 1974:11 Fredagen den 25 januari,0,1,2026-10-06
FX0912,1974,12,1974-01-26,Riksdagens protokoll 1974:12 Lördagen den 26 januari,0,1,2026-10-06
FX0913,1974,13,1974-01-26,Riksdagens protokoll 1974:13 Lördagen den 26 januari,1,0,2026-10-06
FX0914,1974,14,1974-01-30,Riksdagens protokoll 1974:14 Onsdagen den 30 januari,8,6,2026-10-06
FX0915,1974,15,1974-01-30,Riksdagens protokoll 1974:15 Onsdagen den 30 januari,4,3,2026-10-06
FX0916,1974,16,1974-01-31,Riksdagens protokoll 1974:16 Torsdagen den 31 januari,27,2,2026-10-06
FX0918,1974,18,1974-02-01,Riksdagens protokoll 1974:18 Fredagen den 1 februari,7,0,2026-10-06
FX0917,1974,17,1974-01-31,Riksdagens protokoll 1974:17 Torsdagen den 31 januari,11,1,2026-10-06
FX0919,1974,19,1974-02-05,Riksdagens protokoll 1974:19 Tisdagen den 5 februari,0,0,2026-10-06
FX0920,1974,20,1974-02-06,Riksdagens protokoll 1974:20 Onsdagen den 6 februari,7,0,2026-10-06
FX0922,1974,22,1974-02-08,Riksdagens protokoll 1974:22 Fredagen den 8 februari,0,0,2026-10-06
FX0921,1974,21,1974-02-07,Riksdagens protokoll 1974:21 Torsdagen den 7 februari,27,1,2026-10-06
FX0923,1974,23,1974-02-12,Riksdagens protokoll 1974:23 Tisdagen den 12 februari,18,0,2026-10-06
FX0925,1974,25,1974-02-14,Riksdagens protokoll 1974:25 Torsdagen den 14 februari,18,0,2026-10-06
FX0926,1974,26,1974-02-15,Riksdagens protokoll 1974:26 Fredagen den 15 februari,0,0,2026-10-06
FX0927,1974,27,1974-02-21,Riksdagens protokoll 1974:27 Torsdagen den 21 februari,21,0,2026-10-06
FX0924,1974,24,1974-02-22,Riksdagens protokoll 1974:24 fredagen den 22 februari,0,0,2026-10-06
FX0928,1974,28,1974-02-22,Riksdagens protokoll 1974:28 Fredagen den 22 februari,0,1,2026-10-06
FX0929,1974,29,1974-02-26,Riksdagens protokoll 1974:29 Tisdagen den 26 februari,5,0,2026-10-06
FX0931,1974,31,1974-02-28,Riksdagens protokoll 1974:31 Torsdagen den 28 februari,31,0,2026-10-06
FX0932,1974,32,1974-03-01,Riksdagens protokoll 1974:32 Fredagen den 1 mars,3,0,2026-10-06
FX0933,1974,33,1974-03-05,Riksdagens protokoll 1974:33 Tisdagen den 5 mars,7,0,2026-10-06
FX0930,1974,30,1974-02-27,Riksdagens protokoll 1974:30 Onsdagen den 27 februari,30,1,2026-10-06
FX0935,1974,35,1974-03-07,Riksdagens protokoll 1974:35 Torsdagen den 7 mars,0,0,2026-10-06
FX0936,1974,36,1974-03-08,Riksdagens protokoll 1974:36 Fredagen den 8 mars,0,0,2026-10-06
FX0934,1974,34,1974-03-06,Riksdagens protokoll 1974:34 Onsdagen den 6 mars,55,12,2026-10-06
FX0937,1974,37,1974-03-12,Riksdagens protokoll 1974:37 Tisdagen den 12 mars,10,0,2026-10-06
FX0939,1974,39,1974-03-13,Riksdagens protokoll 1974:39 Onsdagen den 13 mars,6,1,2026-10-06
FX0940,1974,40,1974-03-14,Riksdagens protokoll 1974:40 Torsdagen den 14 mars,39,1,2026-10-06
FX0941,1974,41,1974-03-15,Riksdagens protokoll 1974:41 Fredagen den 15 mars,2,0,2026-10-06
FX0938,1974,38,1974-03-13,Riksdagens protokoll 1974:38 Onsdagen den 13 mars,12,5,2026-10-06
FX0942,1974,42,1974-03-19,Riksdagens protokoll 1974:42 Tisdagen den 19 mars,22,0,2026-10-06
FX0944,1974,44,1974-03-20,Riksdagens protokoll 1974:44 Onsdagen den 20 mars,20,1,2026-10-06
FX0943,1974,43,1974-03-20,Riksdagens protokoll 1974:43 Onsdagen den 20 mars,16,0,2026-10-06
FX0946,1974,46,1974-03-21,Riksdagens protokoll 1974:46 Torsdagen den 21 mars,22,0,2026-10-06
FX0945,1974,45,1974-03-21,Riksdagens protokoll 1974:45 Torsdagen den 21 mars,28,1,2026-10-06
FX0947,1974,47,1974-03-22,Riksdagens protokoll 1974:47 Fredagen den 22 mars,8,0,2026-10-06
FX0948,1974,48,1974-03-26,Riksdagens protokoll 1974:48 Tisdagen den 26 mars,11,3,2026-10-06
FX0950,1974,50,1974-03-27,Riksdagens protokoll 1974:50 Onsdagen den 27 mars,15,8,2026-10-06
FX0949,1974,49,1974-03-27,Riksdagens protokoll 1974:49 Onsdagen den 27 mars,56,0,2026-10-06
FX0952,1974,52,1974-03-29,Riksdagens protokoll 1974:52 Fredagen den 29 mars,0,1,2026-10-06
FX0951,1974,51,1974-03-28,Riksdagens protokoll 1974:51 Torsdagen den 28 mars,56,14,2026-10-06
FX0953,1974,53,1974-04-02,Riksdagens protokoll 1974:53 Tisdagen den 2 april,16,0,2026-10-06
FX0955,1974,55,1974-04-03,Riksdagens protokoll 1974:55 Onsdagen den 3 april,23,0,2026-10-06
FX0954,1974,54,1974-04-03,Riksdagens protokoll 1974:54 Onsdagen den 3 april,59,0,2026-10-06
FX0956,1974,56,1974-04-04,Riksdagens protokoll 1974:56 Torsdagen den 4 april,44,1,2026-10-06
FX0958,1974,58,1974-04-05,Riksdagens protokoll 1974:58 Fredagen den 5 april,0,1,2026-10-06
FX0957,1974,57,1974-04-04,Riksdagens protokoll 1974:57 Torsdagen den 4 april,32,0,2026-10-06
FX0959,1974,59,1974-04-16,Riksdagens protokoll 1974:59 Tisdagen den 16 april,0,1,2026-10-06
FX0962,1974,62,1974-04-18,Riksdagens protokoll 1974:62 Torsdagen den 18 april,17,0,2026-10-06
FX0960,1974,60,1974-04-17,Riksdagens protokoll 1974:60 Onsdagen den 17 april,93,0,2026-10-06
FX0963,1974,63,1974-04-19,Riksdagens protokoll 1974:63 Fredagen den 19 april,9,2,2026-10-06
FX0961,1974,61,1974-04-18,Riksdagens protokoll 1974:61 Torsdagen den 18 april,63,1,2026-10-06
FX0964,1974,64,1974-04-23,Riksdagens protokoll 1974:64 Tisdagen den 23 april,3,0,2026-10-06
FX0965,1974,65,1974-04-24,Riksdagens protokoll 1974:65 Onsdagen den 24 april,21,0,2026-10-06
FX0966,1974,66,1974-04-24,Riksdagens protokoll 1974:66 Onsdagen den 24 april,27,0,2026-10-06
FX0967,1974,67,1974-04-25,Riksdagens protokoll 1974:67 Torsdagen den 25 april,47,1,2026-10-06
FX0968,1974,68,1974-04-25,Riksdagens protokoll 1974:68 Torsdagen den 25 april,18,0,2026-10-06
FX0970,1974,70,1974-04-30,Riksdagens protokoll 1974:70 Tisdagen den 30 april,1,0,2026-10-06
FX0969,1974,69,1974-04-26,Riksdagens protokoll 1974:69 Fredagen den 26 april,13,1,2026-10-06
FX0972,1974,72,1974-05-03,Riksdagens protokoll 1974:72 Fredagen den 3 maj,18,8,2026-10-06
FX0973,1974,73,1974-05-06,Riksdagens protokoll 1974:73 Måndagen den 6 maj,11,5,2026-10-06
FX0974,1974,74,1974-05-07,Riksdagens protokoll 1974:74 Tisdagen den 7 maj,23,0,2026-10-06
FX0975,1974,75,1974-05-08,Riksdagens protokoll 1974:75 Onsdagen den 8 maj,21,0,2026-10-06
FX0971,1974,71,1974-05-02,Riksdagens protokoll 1974:71 Torsdagen den 2 maj,61,2,2026-10-06
FX0976,1974,76,1974-05-09,Riksdagens protokoll 1974:76 Torsdagen den 9 maj,63,0,2026-10-06
FX0978,1974,78,1974-05-10,Riksdagens protokoll 1974:78 Fredagen den 10 maj,15,0,2026-10-06
FX0977,1974,77,1974-05-09,Riksdagens protokoll 1974:77 Torsdagen den 9 maj,19,0,2026-10-06
FX0979,1974,79,1974-05-13,Riksdagens protokoll 1974:79 Måndagen den 13 maj,13,0,2026-10-06
FX0980,1974,80,1974-05-14,Riksdagens protokoll 1974:80 Tisdagen den 14 maj,30,0,2026-10-06
FX0982,1974,82,1974-05-15,Riksdagens protokoll 1974:82 Onsdagen den 15 maj,43,0,2026-10-06
FX0981,1974,81,1974-05-15,Riksdagens protokoll 1974:81 Onsdagen den 15 maj,39,1,2026-10-06
FX0983,1974,83,1974-05-16,Riksdagens protokoll 1974:83 Torsdagen den 16 maj,81,3,2026-10-06
FX0984,1974,84,1974-05-17,Riksdagens protokoll 1974:84 Fredagen den 17 maj,33,0,2026-10-06
FX0985,1974,85,1974-05-20,Riksdagens protokoll 1974:85 Måndagen den 20 maj,62,18,2026-10-06
FX0986,1974,86,1974-05-21,Riksdagens protokoll 1974:86 Tisdagen den 21 maj,59,0,2026-10-06
FX0987,1974,87,1974-05-21,Riksdagens protokoll 1974:87 Tisdagen den 21 maj,47,1,2026-10-06
FX0988,1974,88,1974-05-22,Riksdagens protokoll 1974:88 Onsdagen den 22 maj,29,4,2026-10-06
FX0989,1974,89,1974-05-27,Riksdagens protokoll 1974:89 Måndagen den 27 maj,32,6,2026-10-06
FX0990,1974,90,1974-05-27,Riksdagens protokoll 1974:90 Måndagen den 27 maj,11,0,2026-10-06
FX0992,1974,92,1974-05-28,Riksdagens protokoll 1974:92 Tisdagen den 28 maj,5,0,2026-10-06
FX0991,1974,91,1974-05-28,Riksdagens protokoll 1974:91 Tisdagen den 28 maj,24,0,2026-10-06
FX0993,1974,93,1974-05-29,Riksdagens protokoll 1974:93 Onsdagen den 29 maj,26,0,2026-10-06
FX0994,1974,94,1974-05-29,Riksdagens protokoll 1974:94 Onsdagen den 29 maj,39,0,2026-10-06
FX0995,1974,95,1974-05-30,Riksdagens protokoll 1974:95 Torsdagen den 30 maj,61,1,2026-10-06
FX0996,1974,96,1974-05-30,Riksdagens protokoll 1974:96 Torsdagen den 30 maj,70,1,2026-10-06
FX0999,1974,99,1974-06-14,Riksdagens protokoll 1974:99 Fredagen den 14 juni,0,0,2026-10-06
FX0997,1974,97,1974-05-31,Riksdagens protokoll 1974:97 Fredagen den 31 maj,19,8,2026-10-06
FX09100,1974,100,1974-06-28,Riksdagens protokoll 1974:100 Fredagen den 28 juni,0,0,2026-10-06
FX0998,1974,98,1974-05-31,Riksdagens protokoll 1974:98 Fredagen den 31 maj,27,1,2026-10-06
FX09101,1974,101,1974-10-16,Riksdagens protokoll 1974:101 Onsdagen den 16 oktober,3,0,2026-10-06
FX09102,1974,102,1974-10-17,Riksdagens protokoll 1974:102 Torsdagen den 17 oktober,0,0,2026-10-06
FX09103,1974,103,1974-10-18,Riksdagens protokoll 1974:103 Fredagen den 18 oktober,0,1,2026-10-06
FX09104,1974,104,1974-10-22,Riksdagens protokoll 1974:104 Tisdagen den 22 oktober,0,0,2026-10-06
FX09107,1974,107,1974-10-25,Riksdagens protokoll 1974:107 Fredagen den 25 oktober,0,0,2026-10-06
FX09106,1974,106,1974-10-24,Riksdagens protokoll 1974:106 Torsdagen den 24 oktober,53,0,2026-10-06
FX09105,1974,105,1974-10-23,Riksdagens protokoll 1974:105 Onsdagen den 23 oktober,61,1,2026-10-06
FX09108,1974,108,1974-10-29,Riksdagens protokoll 1974:108 Tisdagen den 29 oktober,6,0,2026-10-06
FX09110,1974,110,1974-10-30,Riksdagens protokoll 1974:110 Onsdagen den 30 oktober,17,0,2026-10-06
FX09109,1974,109,1974-10-30,Riksdagens protokoll 1974:109 Onsdagen den 30 oktober,40,0,2026-10-06
FX09111,1974,111,1974-10-31,Riksdagens protokoll 1974:111 Torsdagen den 31 oktober,42,0,2026-10-06
FX09112,1974,112,1974-11-01,Riksdagens protokoll 1974:112 Fredagen den 1 november,0,0,2026-10-06
FX09113,1974,113,1974-11-05,Riksdagens protokoll 1974:113 Tisdagen den 5 november,14,1,2026-10-06
FX09115,1974,115,1974-11-06,Riksdagens protokoll 1974:115 Onsdagen den 6 november,8,2,2026-10-06
FX09114,1974,114,1974-11-06,Riksdagens protokoll 1974:114 Onsdagen den 6 november,15,5,2026-10-06
FX09116,1974,116,1974-11-07,Riksdagens protokoll 1974:116 Torsdagen den 7 november,40,2,2026-10-06
FX09118,1974,118,1974-11-08,Riksdagens protokoll 1974:118 Fredagen den 8 november,0,0,2026-10-06
FX09117,1974,117,1974-11-07,Riksdagens protokoll 1974:117 Torsdagen den 7 november,44,0,2026-10-06
FX09119,1974,119,1974-11-12,Riksdagens protokoll 1974:119 Tisdagen den 12 november,28,5,2026-10-06
FX09121,1974,121,1974-11-13,Riksdagens protokoll 1974:121 Onsdagen den 13 november,7,4,2026-10-06
FX09120,1974,120,1974-11-13,Riksdagens protokoll 1974:120 Onsdagen den 13 november,89,1,2026-10-06
FX09122,1974,122,1974-11-14,Riksdagens protokoll 1974:122 Torsdagen den 14 november,41,1,2026-10-06
FX09123,1974,123,1974-11-15,Riksdagens protokoll 1974:123 Fredagen den 15 november,7,1,2026-10-06
FX09124,1974,124,1974-11-19,Riksdagens protokoll 1974:124 Tisdagen den 19 november,17,0,2026-10-06
FX09126,1974,126,1974-11-21,Riksdagens protokoll 1974:126 Torsdagen den 21 november,24,0,2026-10-06
FX09125,1974,125,1974-11-20,Riksdagens protokoll 1974:125 Onsdagen den 20 november,36,0,2026-10-06
FX09127,1974,127,1974-11-22,Riksdagens protokoll 1974:127 Fredagen den 22 november,8,0,2026-10-06
FX09128,1974,128,1974-11-26,Riksdagens protokoll 1974:128 Tisdagen den 26 november,19,4,2026-10-06
FX09130,1974,130,1974-11-28,Riksdagens protokoll 1974:130 Torsdagen den 28 november,49,0,2026-10-06
FX09129,1974,129,1974-11-27,Riksdagens protokoll 1974:129 Onsdagen den 27 november,30,1,2026-10-06
FX09131,1974,131,1974-11-29,Riksdagens protokoll 1974:131 Fredagen den 29 november,29,3,2026-10-06
FX09132,1974,132,1974-12-02,Riksdagens protokoll 1974:132 Måndagen den 2 december,16,0,2026-10-06
FX09133,1974,133,1974-12-03,Riksdagens protokoll 1974:133 Tisdagen den 3 december,3,1,2026-10-06
FX09135,1974,135,1974-12-04,Riksdagens protokoll 1974:135 Onsdagen den 4 december,6,0,2026-10-06
FX09134,1974,134,1974-12-04,Riksdagens protokoll 1974:134 Onsdagen den 4 december,17,1,2026-10-06
FX09137,1974,137,1974-12-06,Riksdagens protokoll 1974:137 Fredagen den 6 december,13,3,2026-10-06
FX09136,1974,136,1974-12-05,Riksdagens protokoll 1974:136 Torsdagen den 5 december,12,0,2026-10-06
FX09138,1974,138,1974-12-09,Riksdagens protokoll 1974:138 Måndagen den 9 december,65,0,2026-10-06
FX09139,1974,139,1974-12-10,Riksdagens protokoll 1974:139 Tisdagen den 10 december,65,4,2026-10-06
FX09141,1974,141,1974-12-11,Riksdagens protokoll 1974:141 Onsdagen den 11 december,18,7,2026-10-06
FX09140,1974,140,1974-12-11,Riksdagens protokoll 1974:140 Onsdagen den 11 december,17,17,2026-10-06
FX09143,1974,143,1974-12-12,Riksdagens protokoll 1974:143 Torsdagen den 12 december,30,0,2026-10-06
FX09142,1974,142,1974-12-12,Riksdagens protokoll 1974:142 Torsdagen den 12 december,14,0,2026-10-06
FX09144,1974,144,1974-12-13,Riksdagens protokoll 1974:144 Fredagen den 13 december,26,0,2026-10-06
FX09146,1974,146,1974-12-30,Riksdagens protokoll 1974:146 Måndagen den 30 december,0,0,2026-10-06
FX09145,1974,145,1974-12-14,Riksdagens protokoll 1974:145 Lördagen den 14 december,21,0,2026-10-06
FY091,1975,1,1975-01-10,Riksdagens protokoll 1975:1 Fredagen den 10 januari,0,0,2026-10-06
FY092,1975,2,1975-01-10,Riksdagens protokoll 1975:2 Fredagen den 10 januari,0,0,2026-10-06
FY093,1975,3,1975-01-10,Riksdagens protokoll 1975:3 Fredagen den 10 januari,0,0,2026-10-06
FY094,1975,4,1975-01-14,Riksdagens protokoll 1975:4 Tisdagen den 14 januari,0,0,2026-10-06
FY095,1975,5,1975-01-15,Riksdagens protokoll 1975:5 Onsdagen den 15 januari,0,0,2026-10-06
FY096,1975,6,1975-01-16,Riksdagens protokoll 1975:6 Torsdagen den 16 januari,3,0,2026-10-06
FY097,1975,7,1975-01-17,Riksdagens protokoll 1975:7 Fredagen den 17 januari,0,0,2026-10-06
FY098,1975,8,1975-01-21,Riksdagens protokoll 1975:8 Tisdagen den 21 januari,0,1,2026-10-06
FY099,1975,9,1975-01-22,Riksdagens protokoll 1975:9 Onsdagen den 22 januari,0,1,2026-10-06
FY0910,1975,10,1975-01-23,Riksdagens protokoll 1975:10 Torsdagen den 23 januari,14,0,2026-10-06
FY0911,1975,11,1975-01-24,Riksdagens protokoll 1975:11 Fredagen den 24 januari,0,1,2026-10-06
FY0912,1975,12,1975-01-27,Riksdagens protokoll 1975:12 Måndagen den 27 Januari,0,1,2026-10-06
FY0913,1975,13,1975-01-31,Riksdagens protokoll 1975:13 Fredagen den 31 januari,8,0,2026-10-06
FY0914,1975,14,1975-02-04,Riksdagens protokoll 1975:14 Tisdagen den 4 februari,22,0,2026-10-06
FY0915,1975,15,1975-02-05,Riksdagens protokoll 1975:15 Onsdagen den 5 februari,21,4,2026-10-06
FY0916,1975,16,1975-02-05,Riksdagens protokoll 1975:16 Onsdagen den 5 februari,13,1,2026-10-06
FY0917,1975,17,1975-02-06,Riksdagens protokoll 1975:17 Torsdagen den 6 februari,24,1,2026-10-06
FY0918,1975,18,1975-02-07,Riksdagens protokoll 1975:18 Fredagen den 7 februari,0,0,2026-10-06
FY0919,1975,19,1975-02-11,Riksdagens protokoll 1975:19 Tisdagen den 11 februari,19,0,2026-10-06
FY0920,1975,20,1975-02-12,Riksdagens protokoll 1975:20 Onsdagen den 12 februari,1,0,2026-10-06
FY0921,1975,21,1975-02-14,Riksdagens protokoll 1975:21 Fredagen den 14 februari,3,0,2026-10-06
FY0922,1975,22,1975-02-14,Riksdagens protokoll 1975:22 Fredagen den 14 februari,0,0,2026-10-06
FY0923,1975,23,1975-02-20,Riksdagens protokoll 1975:23 Torsdagen den 20 februari,26,0,2026-10-06
FY0924,1975,24,1975-02-21,Riksdagens protokoll 1975:24 Fredagen den 21 februari,7,0,2026-10-06
FY0925,1975,25,1975-02-25,Riksdagens protokoll 1975:25 Tisdagen den 25 februari,7,0,2026-10-06
FY0926,1975,26,1975-02-26,Riksdagens protokoll 1975:26 Onsdagen den 26 februari,7,0,2026-10-06
FY0928,1975,28,1975-02-28,Riksdagens protokoll 1975:28 Fredagen den 28 februari,1,1,2026-10-06
FY0927,1975,27,1975-02-27,Riksdagens protokoll 1975:27 Torsdagen den 27 februari,9,1,2026-10-06
FY0929,1975,29,1975-03-04,Riksdagens protokoll 1975:29 Tisdagen den 4 mars,12,1,2026-10-06
FY0931,1975,31,1975-03-06,Riksdagens protokoll 1975:31 Torsdagen den 6 mars,12,0,2026-10-06
FY0930,1975,30,1975-03-05,Riksdagens protokoll 1975:30 Onsdagen den 5 mars,13,0,2026-10-06
FY0932,1975,32,1975-03-07,Riksdagens protokoll 1975:32 Fredagen den 7 mars,1,0,2026-10-06
FY0933,1975,33,1975-03-11,Riksdagens protokoll 1975:33 Tisdagen den 11 mars,6,0,2026-10-06
FY0935,1975,35,1975-03-12,Riksdagens protokoll 1975:35 Onsdagen den 12 mars,8,0,2026-10-06
FY0936,1975,36,1975-03-13,Riksdagens protokoll 1975:36 Torsdagen den 13 mars,19,0,2026-10-06
FY0937,1975,37,1975-03-13,Riksdagens protokoll 1975:37 Torsdagen den 13 mars,10,1,2026-10-06
FY0934,1975,34,1975-03-12,Riksdagens protokoll 1975:34 Onsdagen den 12 mars,12,4,2026-10-06
FY0938,1975,38,1975-03-14,Riksdagens protokoll 1975:38 Fredagen den 14 mars,0,0,2026-10-06
FY0939,1975,39,1975-03-18,Riksdagens protokoll 1975:39 Tisdagen den 18 mars,19,0,2026-10-06
FY0940,1975,40,1975-03-19,Riksdagens protokoll 1975:40 Onsdagen den 19 mars,8,0,2026-10-06
FY0941,1975,41,1975-03-19,Riksdagens protokoll 1975:41 Onsdagen den 19 mars,7,0,2026-10-06
FY0942,1975,42,1975-03-20,Riksdagens protokoll 1975:42 Torsdagen den 20 mars,14,0,2026-10-06
FY0943,1975,43,1975-03-20,Riksdagens protokoll 1975:43 Torsdagen den 20 mars,12,4,2026-10-06
FY0944,1975,44,1975-03-21,Riksdagens protokoll 1975:44 Fredagen den 21 mars,10,0,2026-10-06
FY0945,1975,45,1975-04-01,Riksdagens protokoll 1975:45 Tisdagen den 1 april,5,0,2026-10-06
FY0946,1975,46,1975-04-02,Riksdagens protokoll 1975:46 Onsdagen den 2 april,6,2,2026-10-06
FY0947,1975,47,1975-04-02,Riksdagens protokoll 1975:47 Onsdagen den 2 april,14,0,2026-10-06
FY0948,1975,48,1975-04-03,Riksdagens protokoll 1975:48 Torsdagen den 3 april,13,0,2026-10-06
FY0950,1975,50,1975-04-04,Riksdagens protokoll 1975:50 Fredagen den 4 april,0,1,2026-10-06
FY0951,1975,51,1975-04-08,Riksdagens protokoll 1975:51 Tisdagen den 8 april,1,0,2026-10-06
FY0949,1975,49,1975-04-03,Riksdagens protokoll 1975:49 Torsdagen den 3 april,14,0,2026-10-06
FY0953,1975,53,1975-04-09,Riksdagens protokoll 1975:53 Onsdagen den 9 april,6,0,2026-10-06
FY0952,1975,52,1975-04-09,Riksdagens protokoll 1975:52 Onsdagen den 9 april,8,3,2026-10-06
FY0954,1975,54,1975-04-10,Riksdagens protokoll 1975:54 Torsdagen den 10 april,16,0,2026-10-06
FY0955,1975,55,1975-04-10,Riksdagens protokoll 1975:55 Torsdagen den 10 april,7,0,2026-10-06
FY0957,1975,57,1975-04-15,Riksdagens protokoll 1975:57 Tisdagen den 15 april,8,1,2026-10-06
FY0956,1975,56,1975-04-11,Riksdagens protokoll 1975:56 Fredagen den 11 april,11,0,2026-10-06
FY0958,1975,58,1975-04-16,Riksdagens protokoll 1975:58 Onsdagen den 16 april,14,0,2026-10-06
FY0961,1975,61,1975-04-18,Riksdagens protokoll 1975:61 Fredagen den 18 april,1,0,2026-10-06
FY0960,1975,60,1975-04-17,Riksdagens protokoll 1975:60 Torsdagen den 17 april,16,0,2026-10-06
FY0959,1975,59,1975-04-16,Riksdagens protokoll 1975:59 Onsdagen den 16 april,7,1,2026-10-06
FY0962,1975,62,1975-04-22,Riksdagens protokoll 1975:62 Tisdagen den 22 april,2,0,2026-10-06
FY0963,1975,63,1975-04-23,Riksdagens protokoll 1975:63 Onsdagen den 23 april,5,0,2026-10-06
FY0964,1975,64,1975-04-23,Riksdagens protokoll 1975:64 Onsdagen den 23 april,5,0,2026-10-06
FY0965,1975,65,1975-04-24,Riksdagens protokoll 1975:65 Torsdagen den 24 april,34,3,2026-10-06
FY0966,1975,66,1975-04-24,Riksdagens protokoll 1975:66 Torsdagen den 24 april,28,0,2026-10-06
FY0968,1975,68,1975-04-28,Riksdagens protokoll 1975:68 Måndagen den 28 april,11,7,2026-10-06
FY0967,1975,67,1975-04-25,Riksdagens protokoll 1975:67 Fredagen den 25 april,18,0,2026-10-06
FY0969,1975,69,1975-04-29,Riksdagens protokoll 1975:69 Tisdagen den 29 april,46,0,2026-10-06
FY0970,1975,70,1975-04-29,Riksdagens protokoll 1975:70 Tisdagen den 29 april,84,1,2026-10-06
FY0971,1975,71,1975-04-30,Riksdagens protokoll 1975:71 Onsdagen den 30 april,22,0,2026-10-06
FY0972,1975,72,1975-05-02,Riksdagens protokoll 1975:72 Fredagen den 2 maj,0,0,2026-10-06
FY0973,1975,73,1975-05-05,Riksdagens protokoll 1975:73 Måndagen den 5 maj,7,0,2026-10-06
FY0975,1975,75,1975-05-06,Riksdagens protokoll 1975:75 Tisdagen den 6 maj,10,4,2026-10-06
FY0974,1975,74,1975-05-06,Riksdagens protokoll 1975:74 Tisdagen den 6 maj,7,4,2026-10-06
FY0976,1975,76,1975-05-07,Riksdagens protokoll 1975:76 Onsdagen den 7 maj,32,2,2026-10-06
FY0977,1975,77,1975-05-12,Riksdagens protokoll 1975:77 Måndagen den 12 maj,14,0,2026-10-06
FY0978,1975,78,1975-05-13,Riksdagens protokoll 1975:78 Tisdagen den 13 maj,13,0,2026-10-06
FY0979,1975,79,1975-05-13,Riksdagens protokoll 1975:79 Tisdagen den 13 maj,8,0,2026-10-06
FY0981,1975,81,1975-05-15,Riksdagens protokoll 1975:81 Torsdagen den 15 maj,26,0,2026-10-06
FY0982,1975,82,1975-05-16,Riksdagens protokoll 1975:82 Fredagen den 16 maj,4,1,2026-10-06
FY0980,1975,80,1975-05-14,Riksdagens protokoll 1975:80 Onsdagen den 14 maj,21,1,2026-10-06
FY0983,1975,83,1975-05-20,Riksdagens protokoll 1975:83 Tisdagen den 20 maj,4,2,2026-10-06
FY0984,1975,84,1975-05-20,Riksdagens protokoll 1975:84 Tisdagen den 20 maj,11,0,2026-10-06
FY0985,1975,85,1975-05-21,Riksdagens protokoll 1975:85 Onsdagen den 21 maj,7,0,2026-10-06
FY0986,1975,86,1975-05-21,Riksdagens protokoll 1975:86 Onsdagen den 21 maj,5,0,2026-10-06
FY0987,1975,87,1975-05-22,Riksdagens protokoll 1975:87 Torsdagen den 22 maj,18,0,2026-10-06
FY0988,1975,88,1975-05-22,Riksdagens protokoll 1975:88 Torsdagen den 22 maj,17,2,2026-10-06
FY0990,1975,90,1975-05-26,Riksdagens protokoll 1975:90 Måndagen den 26 maj,33,0,2026-10-06
FY0989,1975,89,1975-05-23,Riksdagens protokoll 1975:89 Fredagen den 23 maj,18,0,2026-10-06
FY0991,1975,91,1975-05-27,Riksdagens protokoll 1975:91 Tisdagen den 27 maj,11,3,2026-10-06
FY0992,1975,92,1975-05-27,Riksdagens protokoll 1975:92 Tisdagen den 27 maj,10,2,2026-10-06
FY0993,1975,93,1975-05-28,Riksdagens protokoll 1975:93 Onsdagen den 28 maj,12,0,2026-10-06
FY0994,1975,94,1975-05-28,Riksdagens protokoll 1975:94 Onsdagen den 28 maj,11,0,2026-10-06
FY0995,1975,95,1975-05-29,Riksdagens protokoll 1975:95 Torsdagen den 29 maj,24,0,2026-10-06
FY0996,1975,96,1975-05-29,Riksdagens protokoll 1975:96 Torsdagen den 29 maj,23,1,2026-10-06
FY0998,1975,98,1975-05-30,Riksdagens protokoll 1975:98 Fredagen den 30 maj,4,0,2026-10-06
FY0997,1975,97,1975-05-30,Riksdagens protokoll 1975:97 Fredagen den 30 maj,8,2,2026-10-06
FY0999,1975,99,1975-05-31,Riksdagens protokoll 1975:99 Lördagen den 31 maj,13,5,2026-10-06
FY09100,1975,100,1975-06-13,Riksdagens protokoll 1975:100 Fredagen den 13 juni,0,0,2026-10-06
FY09101,1975,101,1975-06-27,Riksdagens protokoll 1975:101 Fredagen den 27 juni,0,0,2026-10-06
FZ091,1975/76,1,1975-10-15,Riksdagens protokoll 1975/76:1 Onsdagen den 15 oktober,1,0,2026-10-06
FZ092,1975/76,2,1975-10-15,Riksdagens protokoll 1975/76:2 Onsdagen den 15 oktober,0,0,2026-10-06
FZ093,1975/76,3,1975-10-15,Riksdagens protokoll 1975/76:3 Onsdagen den 15 oktober,1,0,2026-10-06
FZ094,1975/76,4,1975-10-16,Riksdagens protokoll 1975/76:4 Torsdagen den 16 oktober,1,0,2026-10-06
FZ095,1975/76,5,1975-10-17,Riksdagens protokoll 1975/76:5 Fredagen den 17 oktober,8,0,2026-10-06
FZ096,1975/76,6,1975-10-21,Riksdagens protokoll 1975/76:6 Tisdagen den 21 oktober,0,0,2026-10-06
FZ099,1975/76,9,1975-10-24,Riksdagens protokoll 1975/76:9 Fredagen den 24 oktober,0,0,2026-10-06
FZ097,1975/76,7,1975-10-22,Riksdagens protokoll 1975/76:7 Onsdagen den 22 oktober,63,0,2026-10-06
FZ0910,1975/76,10,1975-10-28,Riksdagens protokoll 1975/76:10 Tisdagen den 28 oktober,15,2,2026-10-06
FZ098,1975/76,8,1975-10-23,Riksdagens protokoll 1975/76:8 Torsdagen den 23 oktober,67,2,2026-10-06
FZ0911,1975/76,11,1975-10-29,Riksdagens protokoll 1975/76:11 Onsdagen den 29 oktober,26,4,2026-10-06
FZ0914,1975/76,14,1975-10-31,Riksdagens protokoll 1975/76:14 Fredagen den 31 oktober,0,0,2026-10-06
FZ0912,1975/76,12,1975-10-29,Riksdagens protokoll 1975/76:12 Onsdagen den 29 oktober,17,2,2026-10-06
FZ0913,1975/76,13,1975-10-30,Riksdagens protokoll 1975/76:13 Torsdagen den 30 oktober,72,2,2026-10-06
FZ0917,1975/76,17,1975-11-06,Riksdagens protokoll 1975/76:17 Torsdagen den 6 november,24,0,2026-10-06
FZ0915,1975/76,15,1975-11-04,Riksdagens protokoll 1975/76:15 Tisdagen den 4 november,31,3,2026-10-06
FZ0916,1975/76,16,1975-11-05,Riksdagens protokoll 1975/76:16 Onsdagen den 5 november,30,0,2026-10-06
FZ0918,1975/76,18,1975-11-07,Riksdagens protokoll 1975/76:18 Fredagen den 7 november,0,1,2026-10-06
FZ0919,1975/76,19,1975-11-11,Riksdagens protokoll 1975/76:19 Tisdagen den 11 november,11,0,2026-10-06
FZ0921,1975/76,21,1975-11-13,Riksdagens protokoll 1975/76:21 Torsdagen den 13 november,38,0,2026-10-06
FZ0922,1975/76,22,1975-11-14,Riksdagens protokoll 1975/76:22 Fredagen den 14 november,1,0,2026-10-06
FZ0920,1975/76,20,1975-11-12,Riksdagens protokoll 1975/76:20 Onsdagen den 12 november,22,1,2026-10-06
FZ0923,1975/76,23,1975-11-18,Riksdagens protokoll 1975/76:23 Tisdagen den 18 november,21,1,2026-10-06
FZ0925,1975/76,25,1975-11-19,Riksdagens protokoll 1975/76:25 Onsdagen den 19 november,22,0,2026-10-06
FZ0924,1975/76,24,1975-11-19,Riksdagens protokoll 1975/76:24 Onsdagen den 19 november,46,0,2026-10-06
FZ0927,1975/76,27,1975-11-21,Riksdagens protokoll 1975/76:27 Fredagen den 21 november,18,0,2026-10-06
FZ0926,1975/76,26,1975-11-20,Riksdagens protokoll 1975/76:26 Torsdagen den 20 november,70,1,2026-10-06
FZ0928,1975/76,28,1975-11-25,Riksdagens protokoll 1975/76:28 Tisdagen den 25 november,9,0,2026-10-06
FZ0929,1975/76,29,1975-11-26,Riksdagens protokoll 1975/76:29 Onsdagen den 26 november,31,0,2026-10-06
FZ0931,1975/76,31,1975-11-28,Riksdagens protokoll 1975/76:31 Fredagen den 28 november,7,0,2026-10-06
FZ0930,1975/76,30,1975-11-27,Riksdagens protokoll 1975/76:30 Torsdagen den 27 november,57,1,2026-10-06
FZ0932,1975/76,32,1975-12-02,Riksdagens protokoll 1975/76:32 Tisdagen den 2 december,31,0,2026-10-06
FZ0934,1975/76,34,1975-12-03,Riksdagens protokoll 1975/76:34 Onsdagen den 3 december,2,0,2026-10-06
FZ0933,1975/76,33,1975-12-03,Riksdagens protokoll 1975/76:33 Onsdagen den 3 december,19,3,2026-10-06
FZ0936,1975/76,36,1975-12-05,Riksdagens protokoll 1975/76:36 Fredagen den 5 december,5,0,2026-10-06
FZ0937,1975/76,37,1975-12-08,Riksdagens protokoll 1975/76:37 Måndagen den 8 december,0,0,2026-10-06
FZ0935,1975/76,35,1975-12-04,Riksdagens protokoll 1975/76:35 Torsdagen den 4 december,47,2,2026-10-06
FZ0939,1975/76,39,1975-12-09,Riksdagens protokoll 1975/76:39 Tisdagen den 9 december,18,0,2026-10-06
FZ0938,1975/76,38,1975-12-09,Riksdagens protokoll 1975/76:38 Tisdagen den 9 december,30,0,2026-10-06
FZ0941,1975/76,41,1975-12-10,Riksdagens protokoll 1975/76:41 Onsdagen den 10 december,11,3,2026-10-06
FZ0940,1975/76,40,1975-12-10,Riksdagens protokoll 1975/76:40 Onsdagen den 10 december,16,3,2026-10-06
FZ0942,1975/76,42,1975-12-11,Riksdagens protokoll 1975/76:42 Torsdagen den 11 december,77,3,2026-10-06
FZ0943,1975/76,43,1975-12-11,Riksdagens protokoll 1975/76:43 Torsdagen den 11 december,52,0,2026-10-06
FZ0944,1975/76,44,1975-12-12,Riksdagens protokoll 1975/76:44 Fredagen den 12 december,22,0,2026-10-06
FZ0945,1975/76,45,1975-12-12,Riksdagens protokoll 1975/76:45 Fredagen den 12 december,23,0,2026-10-06
FZ0947,1975/76,47,1976-01-12,Riksdagens protokoll 1975/76:47 Måndagen den 12 januari,0,1,2026-10-06
FZ0946,1975/76,46,1975-12-13,Riksdagens protokoll 1975/76:46 Lördagen den 13 december,16,0,2026-10-06
FZ0948,1975/76,48,1976-01-13,Riksdagens protokoll 1975/76:48 Tisdagen den 13 januari,11,0,2026-10-06
FZ0949,1975/76,49,1976-01-14,Riksdagens protokoll 1975/76:49 Onsdagen den 14 januari,13,0,2026-10-06
FZ0950,1975/76,50,1976-01-15,Riksdagens protokoll 1975/76:50 Torsdagen den 15 januari,6,0,2026-10-06
FZ0951,1975/76,51,1976-01-16,Riksdagens protokoll 1975/76:51 Fredagen den 16 januari,6,0,2026-10-06
FZ0952,1975/76,52,1976-01-20,Riksdagens protokoll 1975/76:52 Tisdagen den 20 januari,0,0,2026-10-06
FZ0953,1975/76,53,1976-01-21,Riksdagens protokoll 1975/76:53 Onsdagen den 21 januari,4,0,2026-10-06
FZ0955,1975/76,55,1976-01-23,Riksdagens protokoll 1975/76:55 Fredagen den 23 januari,6,0,2026-10-06
FZ0954,1975/76,54,1976-01-22,Riksdagens protokoll 1975/76:54 Torsdagen den 22 januari,49,0,2026-10-06
FZ0956,1975/76,56,1976-01-27,Riksdagens protokoll 1975/76:56 Tisdagen den 27 januari,1,0,2026-10-06
FZ0957,1975/76,57,1976-01-30,Riksdagens protokoll 1975/76:57 Fredagen den 30 januari,21,0,2026-10-06
FZ0958,1975/76,58,1976-02-03,Riksdagens protokoll 1975/76:58 Tisdagen den 3 februari,7,0,2026-10-06
FZ0960,1975/76,60,1976-02-04,Riksdagens protokoll 1975/76:60 Onsdagen den 4 februari,8,1,2026-10-06
FZ0959,1975/76,59,1976-02-04,Riksdagens protokoll 1975/76:59 Onsdagen den 4 februari,13,2,2026-10-06
FZ0961,1975/76,61,1976-02-05,Riksdagens protokoll 1975/76:61 Torsdagen den 5 februari,21,0,2026-10-06
FZ0962,1975/76,62,1976-02-06,Riksdagens protokoll 1975/76:62 Fredagen den 6 februari,3,0,2026-10-06
FZ0963,1975/76,63,1976-02-10,Riksdagens protokoll 1975/76:63 Tisdagen den 10 februari,38,3,2026-10-06
FZ0964,1975/76,64,1976-02-11,Riksdagens protokoll 1975/76:64 Onsdagen den 11 februari,13,0,2026-10-06
FZ0965,1975/76,65,1976-02-12,Riksdagens protokoll 1975/76:65 Torsdagen den 12 februari,49,0,2026-10-06
FZ0966,1975/76,66,1976-02-13,Riksdagens protokoll 1975/76:66 Fredagen den 13 februari,6,0,2026-10-06
FZ0967,1975/76,67,1976-02-17,Riksdagens protokoll 1975/76:67 Tisdagen den 17 februari,5,0,2026-10-06
FZ0968,1975/76,68,1976-02-18,Riksdagens protokoll 1975/76:68 Onsdagen den 18 februari,16,0,2026-10-06
FZ0970,1975/76,70,1976-02-20,Riksdagens protokoll 1975/76:70 Fredagen den 20 februari,0,0,2026-10-06
FZ0969,1975/76,69,1976-02-19,Riksdagens protokoll 1975/76:69 Torsdagen den 19 februari,24,0,2026-10-06
FZ0971,1975/76,71,1976-02-24,Riksdagens protokoll 1975/76:71 Tisdagen den 24 februari,9,1,2026-10-06
FZ0973,1975/76,73,1976-02-26,Riksdagens protokoll 1975/76:73 Torsdagen den 26 februari,40,1,2026-10-06
FZ0974,1975/76,74,1976-02-27,Riksdagens protokoll 1975/76:74 Fredagen den 27 februari,8,0,2026-10-06
FZ0972,1975/76,72,1976-02-25,Riksdagens protokoll 1975/76:72 Onsdagen den 25 februari,17,1,2026-10-06
FZ0975,1975/76,75,1976-03-04,Riksdagens protokoll 1975/76:75 Torsdagen den 4 mars,0,0,2026-10-06
FZ0977,1975/76,77,1976-03-09,Riksdagens protokoll 1975/76:77 Tisdagen den 9 mars,3,0,2026-10-06
FZ0976,1975/76,76,1976-03-05,Riksdagens protokoll 1975/76:76 Fredagen den 5 mars,22,0,2026-10-06
FZ0979,1975/76,79,1976-03-10,Riksdagens protokoll 1975/76:79 Onsdagen den 10 mars,6,0,2026-10-06
FZ0978,1975/76,78,1976-03-10,Riksdagens protokoll 1975/76:78 Onsdagen den 10 mars,4,1,2026-10-06
FZ0981,1975/76,81,1976-03-11,Riksdagens protokoll 1975/76:81 Torsdagen den 11 mars,7,0,2026-10-06
FZ0980,1975/76,80,1976-03-11,Riksdagens protokoll 1975/76:80 Torsdagen den 11 mars,28,1,2026-10-06
FZ0982,1975/76,82,1976-03-12,Riksdagens protokoll 1975/76:82 Fredagen den 12 mars,6,0,2026-10-06
FZ0983,1975/76,83,1976-03-16,Riksdagens protokoll 1975/76:83 Tisdagen den 16 mars,11,0,2026-10-06
FZ0984,1975/76,84,1976-03-17,Riksdagens protokoll 1975/76:84 Onsdagen den 17 mars,39,0,2026-10-06
FZ0986,1975/76,86,1976-03-18,Riksdagens protokoll 1975/76:86 Torsdagen den 18 mars,16,0,2026-10-06
FZ0985,1975/76,85,1976-03-18,Riksdagens protokoll 1975/76:85 Torsdagen den 18 mars,20,1,2026-10-06
FZ0988,1975/76,88,1976-03-23,Riksdagens protokoll 1975/76:88 Tisdagen den 23 mars,10,2,2026-10-06
FZ0987,1975/76,87,1976-03-19,Riksdagens protokoll 1975/76:87 Fredagen den 19 mars,18,0,2026-10-06
FZ0989,1975/76,89,1976-03-24,Riksdagens protokoll 1975/76:89 Onsdagen den 24 mars,21,0,2026-10-06
FZ0991,1975/76,91,1976-03-26,Riksdagens protokoll 1975/76:91 Fredagen den 26 mars,1,0,2026-10-06
FZ0990,1975/76,90,1976-03-25,Riksdagens protokoll 1975/76:90 Torsdagen den 25 mars,20,1,2026-10-06
FZ0992,1975/76,92,1976-03-30,Riksdagens protokoll 1975/76:92 Tisdagen den 30 mars,5,0,2026-10-06
FZ0994,1975/76,94,1976-03-31,Riksdagens protokoll 1975/76:94 Onsdagen den 31 mars,39,1,2026-10-06
FZ0993,1975/76,93,1976-03-31,Riksdagens protokoll 1975/76:93 Onsdagen den 31 mars,25,0,2026-10-06
FZ0995,1975/76,95,1976-04-01,Riksdagens protokoll 1975/76:95 Torsdagen den 1 april,43,4,2026-10-06
FZ0996,1975/76,96,1976-04-01,Riksdagens protokoll 1975/76:96 Torsdagen den 1 april,14,0,2026-10-06
FZ0997,1975/76,97,1976-04-02,Riksdagens protokoll 1975/76:97 Fredagen den 2 april,30,0,2026-10-06
FZ0998,1975/76,98,1976-04-05,Riksdagens protokoll 1975/76:98 Måndagen den 5 april,13,0,2026-10-06
FZ0999,1975/76,99,1976-04-06,Riksdagens protokoll 1975/76:99 Tisdagen den 6 april,27,0,2026-10-06
FZ09100,1975/76,100,1976-04-06,Riksdagens protokoll 1975/76:100 Tisdagen den 6 april,28,1,2026-10-06
FZ09102,1975/76,102,1976-04-07,Riksdagens protokoll 1975/76:102 Onsdagen den 7 april,31,0,2026-10-06
FZ09101,1975/76,101,1976-04-07,Riksdagens protokoll 1975/76:101 Onsdagen den 7 april,59,0,2026-10-06
FZ09103,1975/76,103,1976-04-08,Riksdagens protokoll 1975/76:103 Torsdagen den 8 april,54,0,2026-10-06
FZ09104,1975/76,104,1976-04-09,Riksdagens protokoll 1975/76:104 Fredagen den 9 april,47,1,2026-10-06
FZ09105,1975/76,105,1976-04-20,Riksdagens protokoll 1975/76:105 Tisdagen den 20 april,15,2,2026-10-06
FZ09108,1975/76,108,1976-04-22,Riksdagens protokoll 1975/76:108 Torsdagen den 22 april,4,0,2026-10-06
FZ09106,1975/76,106,1976-04-21,Riksdagens protokoll 1975/76:106 Onsdagen den 21 april,54,0,2026-10-06
FZ09107,1975/76,107,1976-04-21,Riksdagens protokoll 1975/76:107 Onsdagen den 21 april,25,2,2026-10-06
FZ09109,1975/76,109,1976-04-23,Riksdagens protokoll 1975/76:109 Fredagen den 23 april,6,0,2026-10-06
FZ09110,1975/76,110,1976-04-27,Riksdagens protokoll 1975/76:110 Tisdagen den 27 april,44,0,2026-10-06
FZ09112,1975/76,112,1976-04-28,Riksdagens protokoll 1975/76:112 Onsdagen den 28 april,23,0,2026-10-06
FZ09111,1975/76,111,1976-04-28,Riksdagens protokoll 1975/76:111 Onsdagen den 28 april,21,6,2026-10-06
FZ09113,1975/76,113,1976-04-29,Riksdagens protokoll 1975/76:113 Torsdagen den 29 april,51,0,2026-10-06
FZ09114,1975/76,114,1976-04-29,Riksdagens protokoll 1975/76:114 Torsdagen den 29 april,46,0,2026-10-06
FZ09115,1975/76,115,1976-04-30,Riksdagens protokoll 1975/76:115 Fredagen den 30 april,11,0,2026-10-06
FZ09116,1975/76,116,1976-05-04,Riksdagens protokoll 1975/76:116 Tisdagen den 4 maj,31,0,2026-10-06
FZ09118,1975/76,118,1976-05-05,Riksdagens protokoll 1975/76:118 Onsdagen den 5 maj,16,5,2026-10-06
FZ09117,1975/76,117,1976-05-05,Riksdagens protokoll 1975/76:117 Onsdagen den 5 maj,24,8,2026-10-06
FZ09119,1975/76,119,1976-05-06,Riksdagens protokoll 1975/76:119 Torsdagen den 6 maj,19,2,2026-10-06
FZ09122,1975/76,122,1976-05-11,Riksdagens protokoll 1975/76:122 Tisdagen den 11 maj,17,0,2026-10-06
FZ09120,1975/76,120,1976-05-06,Riksdagens protokoll 1975/76:120 Torsdagen den 6 maj,10,0,2026-10-06
FZ09121,1975/76,121,1976-05-07,Riksdagens protokoll 1975/76:121 Fredagen den 7 maj,19,5,2026-10-06
FZ09124,1975/76,124,1976-05-12,Riksdagens protokoll 1975/76:124 Onsdagen den 12 maj,7,0,2026-10-06
FZ09123,1975/76,123,1976-05-12,Riksdagens protokoll 1975/76:123 Onsdagen den 12 maj,20,0,2026-10-06
FZ09125,1975/76,125,1976-05-13,Riksdagens protokoll 1975/76:125 Torsdagen den 13 maj,16,0,2026-10-06
FZ09126,1975/76,126,1976-05-13,Riksdagens protokoll 1975/76:126 Torsdagen den 13 maj,17,0,2026-10-06
FZ09127,1975/76,127,1976-05-14,Riksdagens protokoll 1975/76:127 Fredagen den 14 maj,16,2,2026-10-06
FZ09128,1975/76,128,1976-05-17,Riksdagens protokoll 1975/76:128 Måndagen den 17 maj,2,0,2026-10-06
FZ09129,1975/76,129,1976-05-18,Riksdagens protokoll 1975/76:129 Tisdagen den 18 maj,12,0,2026-10-06
FZ09131,1975/76,131,1976-05-19,Riksdagens protokoll 1975/76:131 Onsdagen den 19 maj,11,0,2026-10-06
FZ09130,1975/76,130,1976-05-19,Riksdagens protokoll 1975/76:130 Onsdagen den 19 maj,13,0,2026-10-06
FZ09133,1975/76,133,1976-05-20,Riksdagens protokoll 1975/76:133 Torsdagen den 20 maj,13,1,2026-10-06
FZ09132,1975/76,132,1976-05-20,Riksdagens protokoll 1975/76:132 Torsdagen den 20 maj,16,0,2026-10-06
FZ09134,1975/76,134,1976-05-21,Riksdagens protokoll 1975/76:134 Fredagen den 21 maj,27,0,2026-10-06
FZ09135,1975/76,135,1976-05-24,Riksdagens protokoll 1975/76:135 Måndagen den 24 maj,35,0,2026-10-06
FZ09136,1975/76,136,1976-05-25,Riksdagens protokoll 1975/76:136 Tisdagen den 25 maj,14,0,2026-10-06
FZ09137,1975/76,137,1976-05-25,Riksdagens protokoll 1975/76:137 Tisdagen den 25 maj,17,0,2026-10-06
FZ09138,1975/76,138,1976-05-26,Riksdagens protokoll 1975/76:138 Onsdagen den 26 maj,35,0,2026-10-06
FZ09139,1975/76,139,1976-05-28,Riksdagens protokoll 1975/76:139 Fredagen den 28 maj,7,1,2026-10-06
FZ09140,1975/76,140,1976-05-28,Riksdagens protokoll 1975/76:140 Fredagen den 28 maj,4,2,2026-10-06
FZ09141,1975/76,141,1976-05-29,Riksdagens protokoll 1975/76:141 Lördagen den 29 maj,19,1,2026-10-06
FZ09144,1975/76,144,1976-06-01,Riksdagens protokoll 1975/76:144 Tisdagen den 1 juni,7,1,2026-10-06
FZ09142,1975/76,142,1976-05-31,Riksdagens protokoll 1975/76:142 Måndagen den 31 maj,21,0,2026-10-06
FZ09143,1975/76,143,1976-06-01,Riksdagens protokoll 1975/76:143 Tisdagen den 1 juni,25,0,2026-10-06
FZ09146,1975/76,146,1976-06-02,Riksdagens protokoll 1975/76:146 Onsdagen den 2 juni,7,0,2026-10-06
FZ09145,1975/76,145,1976-06-02,Riksdagens protokoll 1975/76:145 Onsdagen den 2 juni,8,0,2026-10-06
FZ09148,1975/76,148,1976-06-03,Riksdagens protokoll 1975/76:148 Torsdagen den 3 juni,21,1,2026-10-06
FZ09147,1975/76,147,1976-06-03,Riksdagens protokoll 1975/76:147 Torsdagen den 3 juni,11,4,2026-10-06
FZ09150,1975/76,150,1976-06-04,Riksdagens protokoll 1975/76:150 Fredagen den 4 juni,10,0,2026-10-06
FZ09151,1975/76,151,1976-06-18,Riksdagens protokoll 1975/76:151 Fredagen den 18 juni,0,0,2026-10-06
FZ09149,1975/76,149,1976-06-04,Riksdagens protokoll 1975/76:149 Fredagen den 4 juni,6,0,2026-10-06
FZ09152,1975/76,152,1976-07-02,Riksdagens protokoll 1975/76:152 Fredagen den 2 juli,0,0,2026-10-06
G0092,1976/77,2,1976-10-04,Riksdagens protokoll 1976/77:2 Måndagen den 4 oktober,0,0,2026-10-06
G0091,1976/77,1,1976-10-04,Riksdagens protokoll 1976/77:1 Måndagen den 4 oktober,2,0,2026-10-06
G0093,1976/77,3,1976-10-04,Riksdagens protokoll 1976/77:3 Måndagen den 4 oktober,0,0,2026-10-06
G0094,1976/77,4,1976-10-05,Riksdagens protokoll 1976/77:4 Tisdagen den 5 oktober,0,0,2026-10-06
G0096,1976/77,6,1976-10-07,Riksdagens protokoll 1976/77:6 Torsdagen den 7 oktober,0,0,2026-10-06
G0095,1976/77,5,1976-10-06,Riksdagens protokoll 1976/77:5 Onsdagen den 6 oktober,0,0,2026-10-06
G0099,1976/77,9,1976-10-12,Riksdagens protokoll 1976/77:9 Tisdagen den 12 oktober,1,0,2026-10-06
G0097,1976/77,7,1976-10-08,Riksdagens protokoll 1976/77:7 Fredagen den 8 oktober,1,1,2026-10-06
G0098,1976/77,8,1976-10-11,Riksdagens protokoll 1976/77:8 Måndagen den 11 oktober,2,0,2026-10-06
G00911,1976/77,11,1976-10-15,Riksdagens protokoll 1976/77:11 Fredagen den 15 oktober,2,0,2026-10-06
G00912,1976/77,12,1976-10-19,Riksdagens protokoll 1976/77:12 Tisdagen den 19 oktober,1,0,2026-10-06
G00910,1976/77,10,1976-10-14,Riksdagens protokoll 1976/77:10 Torsdagen den 14 oktober,9,0,2026-10-06
G00914,1976/77,14,1976-10-22,Riksdagens protokoll 1976/77:14 Fredagen den 22 oktober,1,0,2026-10-06
G00913,1976/77,13,1976-10-21,Riksdagens protokoll 1976/77:13 Torsdagen den 21 oktober,18,1,2026-10-06
G00915,1976/77,15,1976-10-26,Riksdagens protokoll 1976/77:15 Tisdagen den 26 oktober,0,0,2026-10-06
G00917,1976/77,17,1976-10-27,Riksdagens protokoll 1976/77:17 Onsdagen den 27 oktober,11,1,2026-10-06
G00916,1976/77,16,1976-10-27,Riksdagens protokoll 1976/77:16 Onsdagen den 27 oktober,16,0,2026-10-06
G00918,1976/77,18,1976-10-28,Riksdagens protokoll 1976/77:18 Torsdagen den 28 oktober,57,2,2026-10-06
G00919,1976/77,19,1976-10-28,Riksdagens protokoll 1976/77:19 Torsdagen den 28 oktober,25,1,2026-10-06
G00920,1976/77,20,1976-10-29,Riksdagens protokoll 1976/77:20 Fredagen den 29 oktober,24,1,2026-10-06
G00921,1976/77,21,1976-11-08,Riksdagens protokoll 1976/77:21 Måndagen den 8 november,29,3,2026-10-06
G00922,1976/77,22,1976-11-09,Riksdagens protokoll 1976/77:22 Tisdagen den 9 november,8,0,2026-10-06
G00923,1976/77,23,1976-11-10,Riksdagens protokoll 1976/77:23 Onsdagen den 10 november,61,0,2026-10-06
G00924,1976/77,24,1976-11-10,Riksdagens protokoll 1976/77:24 Onsdagen den 10 november,21,0,2026-10-06
G00925,1976/77,25,1976-11-11,Riksdagens protokoll 1976/77:25 Torsdagen den 11 november,51,1,2026-10-06
G00926,1976/77,26,1976-11-12,Riksdagens protokoll 1976/77:26 Fredagen den 12 november,9,0,2026-10-06
G00927,1976/77,27,1976-11-16,Riksdagens protokoll 1976/77:27 Tisdagen den 16 november,24,0,2026-10-06
G00928,1976/77,28,1976-11-17,Riksdagens protokoll 1976/77:28 Onsdagen den 17 november,22,1,2026-10-06
G00930,1976/77,30,1976-11-19,Riksdagens protokoll 1976/77:30 Fredagen den 19 november,20,2,2026-10-06
G00929,1976/77,29,1976-11-18,Riksdagens protokoll 1976/77:29 Torsdagen den 18 november,52,0,2026-10-06
G00931,1976/77,31,1976-11-23,Riksdagens protokoll 1976/77:31 Tisdagen den 23 november,14,0,2026-10-06
G00932,1976/77,32,1976-11-24,Riksdagens protokoll 1976/77:32 Onsdagen den 24 november,46,0,2026-10-06
G00934,1976/77,34,1976-11-26,Riksdagens protokoll 1976/77:34 Fredagen den 26 november,0,0,2026-10-06
G00933,1976/77,33,1976-11-25,Riksdagens protokoll 1976/77:33 Torsdagen den 25 november,68,0,2026-10-06
G00935,1976/77,35,1976-11-30,Riksdagens protokoll 1976/77:35 Tisdagen den 30 november,15,0,2026-10-06
G00937,1976/77,37,1976-12-01,Riksdagens protokoll 1976/77:37 Onsdagen den 1 december,19,0,2026-10-06
G00936,1976/77,36,1976-12-01,Riksdagens protokoll 1976/77:36 Onsdagen den 1 december,41,0,2026-10-06
G00939,1976/77,39,1976-12-03,Riksdagens protokoll 1976/77:39 Fredagen den 3 december,7,0,2026-10-06
G00938,1976/77,38,1976-12-02,Riksdagens protokoll 1976/77:38 Torsdagen den 2 december,63,4,2026-10-06
G00940,1976/77,40,1976-12-07,Riksdagens protokoll 1976/77:40 Tisdagen den 7 december,43,6,2026-10-06
G00941,1976/77,41,1976-12-08,Riksdagens protokoll 1976/77:41 Onsdagen den 8 december,48,1,2026-10-06
G00942,1976/77,42,1976-12-09,Riksdagens protokoll 1976/77:42 Torsdagen den 9 december,66,0,2026-10-06
G00943,1976/77,43,1976-12-10,Riksdagens protokoll 1976/77:43 Fredagen den 10 december,38,1,2026-10-06
G00944,1976/77,44,1976-12-13,Riksdagens protokoll 1976/77:44 Måndagen den 13 december,7,0,2026-10-06
G00945,1976/77,45,1976-12-14,Riksdagens protokoll 1976/77:45 Tisdagen den 14 december,21,2,2026-10-06
G00946,1976/77,46,1976-12-15,Riksdagens protokoll 1976/77:46 Onsdagen den 15 december,19,0,2026-10-06
G00947,1976/77,47,1976-12-16,Riksdagens protokoll 1976/77:47 Torsdagen den 16 december,21,5,2026-10-06
G00948,1976/77,48,1976-12-16,Riksdagens protokoll 1976/77:48 Torsdagen den 16 december,15,0,2026-10-06
G00950,1976/77,50,1976-12-18,Riksdagens protokoll 1976/77:50 Lördagen den 18 december,4,0,2026-10-06
G00951,1976/77,51,1977-01-10,Riksdagens protokoll 1976/77:51 Måndagen den 10 januari,3,0,2026-10-06
G00949,1976/77,49,1976-12-17,Riksdagens protokoll 1976/77:49 Fredagen den 17 december,22,3,2026-10-06
G00952,1976/77,52,1977-01-11,Riksdagens protokoll 1976/77:52 Tisdagen den 11 januari,15,0,2026-10-06
G00953,1976/77,53,1977-01-13,Riksdagens protokoll 1976/77:53 Torsdagen den 13 januari,1,0,2026-10-06
G00954,1976/77,54,1977-01-14,Riksdagens protokoll 1976/77:54 Fredagen den 14 januari,12,0,2026-10-06
G00955,1976/77,55,1977-01-18,Riksdagens protokoll 1976/77:55 Tisdagen den 18 januari,17,0,2026-10-06
G00956,1976/77,56,1977-01-19,Riksdagens protokoll 1976/77:56 Onsdagen den 19 januari,29,0,2026-10-06
G00957,1976/77,57,1977-01-20,Riksdagens protokoll 1976/77:57 Torsdagen den 20 januari,58,0,2026-10-06
G00958,1976/77,58,1977-01-21,Riksdagens protokoll 1976/77:58 Fredagen den 21 januari,14,0,2026-10-06
G00959,1976/77,59,1977-01-25,Riksdagens protokoll 1976/77:59 Tisdagen den 25 januari,1,0,2026-10-06
G00960,1976/77,60,1977-01-31,Riksdagens protokoll 1976/77:60 Måndagen den 31 januari,8,1,2026-10-06
G00961,1976/77,61,1977-02-01,Riksdagens protokoll 1976/77:61 Tisdagen den 1 februari,58,0,2026-10-06
G00963,1976/77,63,1977-02-02,Riksdagens protokoll 1976/77:63 Onsdagen den 2 februari,20,0,2026-10-06
G00962,1976/77,62,1977-02-02,Riksdagens protokoll 1976/77:62 Onsdagen den 2 februari,25,1,2026-10-06
G00966,1976/77,66,1977-02-04,Riksdagens protokoll 1976/77:66 Fredagen den 4 februari,1,0,2026-10-06
G00964,1976/77,64,1977-02-03,Riksdagens protokoll 1976/77:64 Torsdagen den 3 februari,34,3,2026-10-06
G00965,1976/77,65,1977-02-03,Riksdagens protokoll 1976/77:65 Torsdagen den 3 februari,7,0,2026-10-06
G00967,1976/77,67,1977-02-08,Riksdagens protokoll 1976/77:67 Tisdagen den 8 februari,38,1,2026-10-06
G00968,1976/77,68,1977-02-09,Riksdagens protokoll 1976/77:68 Onsdagen den 9 februari,26,0,2026-10-06
G00969,1976/77,69,1977-02-10,Riksdagens protokoll 1976/77:69 Torsdagen den 10 februari,10,0,2026-10-06
G00970,1976/77,70,1977-02-11,Riksdagens protokoll 1976/77:70 Fredagen den 11 februari,13,0,2026-10-06
G00971,1976/77,71,1977-02-15,Riksdagens protokoll 1976/77:71 Tisdagen den 15 februari,10,0,2026-10-06
G00972,1976/77,72,1977-02-16,Riksdagens protokoll 1976/77:72 Onsdagen den 16 februari,7,0,2026-10-06
G00973,1976/77,73,1977-02-17,Riksdagens protokoll 1976/77:73 Torsdagen den 17 februari,20,0,2026-10-06
G00974,1976/77,74,1977-02-18,Riksdagens protokoll 1976/77:74 Fredagen den 18 februari,6,0,2026-10-06
G00975,1976/77,75,1977-02-28,Riksdagens protokoll 1976/77:75 Måndagen den 28 februari,1,0,2026-10-06
G00976,1976/77,76,1977-03-01,Riksdagens protokoll 1976/77:76 Tisdagen den 1 mars,9,0,2026-10-06
G00978,1976/77,78,1977-03-03,Riksdagens protokoll 1976/77:78 Torsdagen den 3 mars,3,0,2026-10-06
G00977,1976/77,77,1977-03-02,Riksdagens protokoll 1976/77:77 Onsdagen den 2 mars,18,0,2026-10-06
G00979,1976/77,79,1977-03-04,Riksdagens protokoll 1976/77:79 Fredagen den 4 mars,0,0,2026-10-06
G00980,1976/77,80,1977-03-07,Riksdagens protokoll 1976/77:80 Måndagen den 7 mars,0,0,2026-10-06
G00981,1976/77,81,1977-03-08,Riksdagens protokoll 1976/77:81 Tisdagen den 8 mars,21,1,2026-10-06
G00983,1976/77,83,1977-03-09,Riksdagens protokoll 1976/77:83 Onsdagen den 9 mars,8,0,2026-10-06
G00985,1976/77,85,1977-03-11,Riksdagens protokoll 1976/77:85 Fredagen den 11 mars,9,0,2026-10-06
G00982,1976/77,82,1977-03-09,Riksdagens protokoll 1976/77:82 Onsdagen den 9 mars,9,0,2026-10-06
G00984,1976/77,84,1977-03-10,Riksdagens protokoll 1976/77:84 Torsdagen den 10 mars,10,0,2026-10-06
G00986,1976/77,86,1977-03-15,Riksdagens protokoll 1976/77:86 Tisdagen den 15 mars,34,0,2026-10-06
G00988,1976/77,88,1977-03-16,Riksdagens protokoll 1976/77:88 Onsdagen den 16 mars,33,1,2026-10-06
G00989,1976/77,89,1977-03-17,Riksdagens protokoll 1976/77:89 Torsdagen den 17 mars,34,0,2026-10-06
G00987,1976/77,87,1977-03-16,Riksdagens protokoll 1976/77:87 Onsdagen den 16 mars,38,0,2026-10-06
G00990,1976/77,90,1977-03-18,Riksdagens protokoll 1976/77:90 Fredagen den 18 mars,2,2,2026-10-06
G00991,1976/77,91,1977-03-22,Riksdagens protokoll 1976/77:91 Tisdagen den 22 mars,4,0,2026-10-06
G00993,1976/77,93,1977-03-23,Riksdagens protokoll 1976/77:93 Onsdagen den 23 mars,8,0,2026-10-06
G00992,1976/77,92,1977-03-23,Riksdagens protokoll 1976/77:92 Onsdagen den 23 mars,12,0,2026-10-06
G00994,1976/77,94,1977-03-24,Riksdagens protokoll 1976/77:94 Torsdagen den 24 mars,21,0,2026-10-06
G00995,1976/77,95,1977-03-24,Riksdagens protokoll 1976/77:95 Torsdagen den 24 mars,26,0,2026-10-06
G00996,1976/77,96,1977-03-25,Riksdagens protokoll 1976/77:96 Fredagen den 25 mars,9,0,2026-10-06
G00998,1976/77,98,1977-03-29,Riksdagens protokoll 1976/77:98 Tisdagen den 29 mars,5,0,2026-10-06
G00997,1976/77,97,1977-03-28,Riksdagens protokoll 1976/77:97 Måndagen den 28 mars,5,0,2026-10-06
G009100,1976/77,100,1977-03-30,Riksdagens protokoll 1976/77:100 Onsdagen den 30 mars,5,0,2026-10-06
G00999,1976/77,99,1977-03-30,Riksdagens protokoll 1976/77:99 Onsdagen den 30 mars,12,1,2026-10-06
G009101,1976/77,101,1977-03-31,Riksdagens protokoll 1976/77:101 Torsdagen den 31 mars,15,7,2026-10-06
G009102,1976/77,102,1977-03-31,Riksdagens protokoll 1976/77:102 Torsdagen den 31 mars,11,0,2026-10-06
G009103,1976/77,103,1977-04-01,Riksdagens protokoll 1976/77:103 Fredagen den 1 april,12,0,2026-10-06
G009104,1976/77,104,1977-04-12,Riksdagens protokoll 1976/77:104 Tisdagen den 12 april,23,0,2026-10-06
G009106,1976/77,106,1977-04-13,Riksdagens protokoll 1976/77:106 Onsdagen den 13 april,10,0,2026-10-06
G009105,1976/77,105,1977-04-13,Riksdagens protokoll 1976/77:105 Onsdagen den 13 april,13,1,2026-10-06
G009107,1976/77,107,1977-04-14,Riksdagens protokoll 1976/77:107 Torsdagen den 14 april,13,5,2026-10-06
G009108,1976/77,108,1977-04-14,Riksdagens protokoll 1976/77:108 Torsdagen den 14 april,4,0,2026-10-06
G009110,1976/77,110,1977-04-19,Riksdagens protokoll 1976/77:110 Tisdagen den 19 april,4,0,2026-10-06
G009109,1976/77,109,1977-04-15,Riksdagens protokoll 1976/77:109 Fredagen den 15 april,27,0,2026-10-06
G009111,1976/77,111,1977-04-20,Riksdagens protokoll 1976/77:111 Onsdagen den 20 april,74,0,2026-10-06
G009112,1976/77,112,1977-04-20,Riksdagens protokoll 1976/77:112 Onsdagen den 20 april,38,8,2026-10-06
G009113,1976/77,113,1977-04-21,Riksdagens protokoll 1976/77:113 Torsdagen den 21 april,51,7,2026-10-06
G009114,1976/77,114,1977-04-22,Riksdagens protokoll 1976/77:114 Fredagen den 22 april,36,1,2026-10-06
G009115,1976/77,115,1977-04-25,Riksdagens protokoll 1976/77:115 Måndagen den 25 april,5,0,2026-10-06
G009116,1976/77,116,1977-04-26,Riksdagens protokoll 1976/77:116 Tisdagen den 26 april,14,0,2026-10-06
G009118,1976/77,118,1977-04-27,Riksdagens protokoll 1976/77:118 Onsdagen den 27 april,32,0,2026-10-06
G009119,1976/77,119,1977-04-28,Riksdagens protokoll 1976/77:119 Torsdagen den 28 april,36,2,2026-10-06
G009120,1976/77,120,1977-04-28,Riksdagens protokoll 1976/77:120 Torsdagen den 28 april,8,2,2026-10-06
G009117,1976/77,117,1977-04-27,Riksdagens protokoll 1976/77:117 Onsdagen den 27 april,29,0,2026-10-06
G009122,1976/77,122,1977-05-03,Riksdagens protokoll 1976/77:122 Tisdagen den 3 maj,19,0,2026-10-06
G009121,1976/77,121,1977-04-29,Riksdagens protokoll 1976/77:121 Fredagen den 29 april,13,0,2026-10-06
G009123,1976/77,123,1977-05-04,Riksdagens protokoll 1976/77:123 Onsdagen den 4 maj,11,0,2026-10-06
G009124,1976/77,124,1977-05-04,Riksdagens protokoll 1976/77:124 Onsdagen den 4 maj,6,0,2026-10-06
G009126,1976/77,126,1977-05-06,Riksdagens protokoll 1976/77:126 Fredagen den 6 maj,0,0,2026-10-06
G009127,1976/77,127,1977-05-10,Riksdagens protokoll 1976/77:127 Tisdagen den 10 maj,14,0,2026-10-06
G009125,1976/77,125,1977-05-05,Riksdagens protokoll 1976/77:125 Torsdagen den 5 maj,9,0,2026-10-06
G009128,1976/77,128,1977-05-11,Riksdagens protokoll 1976/77:128 Onsdagen den 11 maj,17,0,2026-10-06
G009129,1976/77,129,1977-05-12,Riksdagens protokoll 1976/77:129 Torsdagen den 12 maj,23,1,2026-10-06
G009130,1976/77,130,1977-05-12,Riksdagens protokoll 1976/77:130 Torsdagen den 12 maj,18,0,2026-10-06
G009131,1976/77,131,1977-05-13,Riksdagens protokoll 1976/77:131 Fredagen den 13 maj,37,1,2026-10-06
G009132,1976/77,132,1977-05-16,Riksdagens protokoll 1976/77:132 Måndagen den 16 maj,54,0,2026-10-06
G009133,1976/77,133,1977-05-17,Riksdagens protokoll 1976/77:133 Tisdagen den 17 maj,14,0,2026-10-06
G009134,1976/77,134,1977-05-17,Riksdagens protokoll 1976/77:134 Tisdagen den 17 maj,11,0,2026-10-06
G009136,1976/77,136,1977-05-23,Riksdagens protokoll 1976/77:136 Måndagen den 23 maj,38,2,2026-10-06
G009135,1976/77,135,1977-05-18,Riksdagens protokoll 1976/77:135 Onsdagen den 18 maj,49,1,2026-10-06
G009137,1976/77,137,1977-05-24,Riksdagens protokoll 1976/77:137 Tisdagen den 24 maj,11,0,2026-10-06
G009139,1976/77,139,1977-05-25,Riksdagens protokoll 1976/77:139 Onsdagen den 25 maj,11,4,2026-10-06
G009138,1976/77,138,1977-05-25,Riksdagens protokoll 1976/77:138 Onsdagen den 25 maj,20,1,2026-10-06
G009141,1976/77,141,1977-05-26,Riksdagens protokoll 1976/77:141 Torsdagen den 26 maj,16,0,2026-10-06
G009140,1976/77,140,1977-05-26,Riksdagens protokoll 1976/77:140 Torsdagen den 26 maj,24,0,2026-10-06
G009142,1976/77,142,1977-05-27,Riksdagens protokoll 1976/77:142 Fredagen den 27 maj,30,1,2026-10-06
G009143,1976/77,143,1977-05-31,Riksdagens protokoll 1976/77:143 Tisdagen den 31 maj,23,0,2026-10-06
G009144,1976/77,144,1977-05-31,Riksdagens protokoll 1976/77:144 Tisdagen den 31 maj,16,0,2026-10-06
G009145,1976/77,145,1977-06-01,Riksdagens protokoll 1976/77:145 Onsdagen den 1 juni,20,2,2026-10-06
G009146,1976/77,146,1977-06-01,Riksdagens protokoll 1976/77:146 Onsdagen den 1 juni,10,2,2026-10-06
G009147,1976/77,147,1977-06-02,Riksdagens protokoll 1976/77:147 Torsdagen den 2 juni,48,4,2026-10-06
G009148,1976/77,148,1977-06-02,Riksdagens protokoll 1976/77:148 Torsdagen den 2 juni,71,0,2026-10-06
G009149,1976/77,149,1977-06-03,Riksdagens protokoll 1976/77:149 Fredagen den 3 juni,31,3,2026-10-06
G009150,1976/77,150,1977-06-03,Riksdagens protokoll 1976/77:150 Fredagen den 3 juni,39,1,2026-10-06
G009152,1976/77,152,1977-06-17,Riksdagens protokoll 1976/77:152 Fredagen den 17 juni,0,0,2026-10-06
G009151,1976/77,151,1977-06-04,Riksdagens protokoll 1976/77:151 Lördagen den 4 juni,57,0,2026-10-06
G009153,1976/77,153,1977-06-30,Riksdagens protokoll 1976/77:153 Torsdagen den 30 juni,0,0,2026-10-06
G1091,1977/78,1,1977-10-04,Riksdagens protokoll 1977/78:1 Tisdagen den 4 oktober,0,0,2026-10-06
G1092,1977/78,2,1977-10-04,Riksdagens protokoll 1977/78:2 Tisdagen den 4 oktober,0,1,2026-10-06
G1094,1977/78,4,1977-10-05,Riksdagens protokoll 1977/78:4 Onsdagen den 5 oktober,0,1,2026-10-06
G1093,1977/78,3,1977-10-04,Riksdagens protokoll 1977/78:3 Tisdagen den 4 oktober,0,2,2026-10-06
G1095,1977/78,5,1977-10-07,Riksdagens protokoll 1977/78:5 Fredagen den 7 oktober,0,1,2026-10-06
G1096,1977/78,6,1977-10-11,Riksdagens protokoll 1977/78:6 Tisdagen den 11 oktober,0,0,2026-10-06
G1098,1977/78,8,1977-10-14,Riksdagens protokoll 1977/78:8 Fredagen den 14 oktober,0,0,2026-10-06
G1099,1977/78,9,1977-10-17,Riksdagens protokoll 1977/78:9 Måndagen den 17 oktober,0,0,2026-10-06
G1097,1977/78,7,1977-10-13,Riksdagens protokoll 1977/78:7 Torsdagen den 13 oktober,0,3,2026-10-06
G10910,1977/78,10,1977-10-18,Riksdagens protokoll 1977/78:10 Tisdagen den 18 oktober,0,0,2026-10-06
G10911,1977/78,11,1977-10-19,Riksdagens protokoll 1977/78:11 Onsdagen den 19 oktober,0,0,2026-10-06
G10913,1977/78,13,1977-10-21,Riksdagens protokoll 1977/78:13 Fredagen den 21 oktober,0,0,2026-10-06
G10912,1977/78,12,1977-10-20,Riksdagens protokoll 1977/78:12 Torsdagen den 20 oktober,0,1,2026-10-06
G10914,1977/78,14,1977-10-25,Riksdagens protokoll 1977/78:14 Tisdagen den 25 oktober,0,1,2026-10-06
G10916,1977/78,16,1977-10-26,Riksdagens protokoll 1977/78:16 Onsdagen den 26 oktober,0,1,2026-10-06
G10915,1977/78,15,1977-10-26,Riksdagens protokoll 1977/78:15 Onsdagen den 26 oktober,0,1,2026-10-06
G10918,1977/78,18,1977-10-27,Riksdagens protokoll 1977/78:18 Torsdagen den 27 oktober,0,0,2026-10-06
G10917,1977/78,17,1977-10-27,Riksdagens protokoll 1977/78:17 Torsdagen den 27 oktober,0,1,2026-10-06
G10919,1977/78,19,1977-10-28,Riksdagens protokoll 1977/78:19 Fredagen den 28 oktober,0,1,2026-10-06
G10921,1977/78,21,1977-11-07,Riksdagens protokoll 1977/78:21 Måndagen den 7 november,0,0,2026-10-06
G10922,1977/78,22,1977-11-08,Riksdagens protokoll 1977/78:22 Tisdagen den 8 november,0,2,2026-10-06
G10920,1977/78,20,1977-11-07,Riksdagens protokoll 1977/78:20 Måndagen den 7 november,0,1,2026-10-06
G10923,1977/78,23,1977-11-09,Riksdagens protokoll 1977/78:23 Onsdagen den 9 november,0,3,2026-10-06
G10924,1977/78,24,1977-11-10,Riksdagens protokoll 1977/78:24 Torsdagen den 10 november,0,1,2026-10-06
G10926,1977/78,26,1977-11-14,Riksdagens protokoll 1977/78:26 Måndagen den 14 november,0,1,2026-10-06
G10927,1977/78,27,1977-11-15,Riksdagens protokoll 1977/78:27 Tisdagen den 15 november,0,1,2026-10-06
G10925,1977/78,25,1977-11-11,Riksdagens protokoll 1977/78:25 Fredagen den 11 november,0,3,2026-10-06
G10930,1977/78,30,1977-11-18,Riksdagens protokoll 1977/78:30 Fredagen den 18 november,0,3,2026-10-06
G10929,1977/78,29,1977-11-17,Riksdagens protokoll 1977/78:29 Torsdagen den 17 november,0,1,2026-10-06
G10928,1977/78,28,1977-11-16,Riksdagens protokoll 1977/78:28 Onsdagen den 16 november,0,2,2026-10-06
G10931,1977/78,31,1977-11-21,Riksdagens protokoll 1977/78:31 Måndagen den 21 november,0,0,2026-10-06
G10932,1977/78,32,1977-11-22,Riksdagens protokoll 1977/78:32 Tisdagen den 22 november,0,0,2026-10-06
G10934,1977/78,34,1977-11-24,Riksdagens protokoll 1977/78:34 Torsdagen den 24 november,0,1,2026-10-06
G10935,1977/78,35,1977-11-25,Riksdagens protokoll 1977/78:35 Fredagen den 25 november,0,0,2026-10-06
G10933,1977/78,33,1977-11-23,Riksdagens protokoll 1977/78:33 Onsdagen den 23 november,0,0,2026-10-06
G10936,1977/78,36,1977-11-29,Riksdagens protokoll 1977/78:36 Tisdagen den 29 november,0,1,2026-10-06
G10938,1977/78,38,1977-12-01,Riksdagens protokoll 1977/78:38 Torsdagen den 1 december,0,0,2026-10-06
G10937,1977/78,37,1977-11-30,Riksdagens protokoll 1977/78:37 Onsdagen den 30 november,0,2,2026-10-06
G10939,1977/78,39,1977-12-02,Riksdagens protokoll 1977/78:39 Fredagen den 2 december,0,2,2026-10-06
G10940,1977/78,40,1977-12-06,Riksdagens protokoll 1977/78:40 Tisdagen den 6 december,0,1,2026-10-06
G10941,1977/78,41,1977-12-07,Riksdagens protokoll 1977/78:41 Onsdagen den 7 december,0,1,2026-10-06
G10942,1977/78,42,1977-12-07,Riksdagens protokoll 1977/78:42 Onsdagen den 7 december,0,1,2026-10-06
G10943,1977/78,43,1977-12-08,Riksdagens protokoll 1977/78:43 Torsdagen den 8 december,0,3,2026-10-06
G10944,1977/78,44,1977-12-08,Riksdagens protokoll 1977/78:44 Torsdagen den 8 december,0,1,2026-10-06
G10945,1977/78,45,1977-12-09,Riksdagens protokoll 1977/78:45 Fredagen den 9 december,0,0,2026-10-06
G10947,1977/78,47,1977-12-12,Riksdagens protokoll 1977/78:47 Måndagen den 12 december,0,2,2026-10-06
G10946,1977/78,46,1977-12-12,Riksdagens protokoll 1977/78:46 Måndagen den 12 december,0,1,2026-10-06
G10949,1977/78,49,1977-12-13,Riksdagens protokoll 1977/78:49 Tisdagen den 13 december,0,0,2026-10-06
G10948,1977/78,48,1977-12-13,Riksdagens protokoll 1977/78:48 Tisdagen den 13 december,0,1,2026-10-06
G10951,1977/78,51,1977-12-14,Riksdagens protokoll 1977/78:51 Onsdagen den 14 december,0,1,2026-10-06
G10950,1977/78,50,1977-12-14,Riksdagens protokoll 1977/78:50 Onsdagen den 14 december,0,1,2026-10-06
G10952,1977/78,52,1977-12-15,Riksdagens protokoll 1977/78:52 Torsdagen den 15 december,0,3,2026-10-06
G10953,1977/78,53,1977-12-15,Riksdagens protokoll 1977/78:53 Torsdagen den 15 december,0,1,2026-10-06
G10954,1977/78,54,1977-12-16,Riksdagens protokoll 1977/78:54 Fredagen den 16 december,0,2,2026-10-06
G10955,1977/78,55,1977-12-16,Riksdagens protokoll 1977/78:55 Fredagen den 16 december,0,0,2026-10-06
G10957,1977/78,57,1978-01-10,Riksdagens protokoll 1977/78:57 Tisdagen den 10 januari,0,0,2026-10-06
G10956,1977/78,56,1977-12-17,Riksdagens protokoll 1977/78:56 Lördagen den 17 december,0,2,2026-10-06
G10958,1977/78,58,1978-01-11,Riksdagens protokoll 1977/78:58 Onsdagen den 11 januari,0,0,2026-10-06
G10959,1977/78,59,1978-01-12,Riksdagens protokoll 1977/78:59 Torsdagen den 12 januari,0,0,2026-10-06
G10961,1977/78,61,1978-01-17,Riksdagens protokoll 1977/78:61 Tisdagen den 17 januari,0,0,2026-10-06
G10960,1977/78,60,1978-01-13,Riksdagens protokoll 1977/78:60 Fredagen den 13 januari,0,2,2026-10-06
G10962,1977/78,62,1978-01-18,Riksdagens protokoll 1977/78:62 Onsdagen den 18 januari,0,0,2026-10-06
G10964,1977/78,64,1978-01-20,Riksdagens protokoll 1977/78:64 Fredagen den 20 januari,0,1,2026-10-06
G10963,1977/78,63,1978-01-19,Riksdagens protokoll 1977/78:63 Torsdagen den 19 januari,0,1,2026-10-06
G10965,1977/78,65,1978-01-24,Riksdagens protokoll 1977/78:65 Tisdagen den 24 januari,0,3,2026-10-06
G10966,1977/78,66,1978-01-25,Riksdagens protokoll 1977/78:66 Onsdagen den 25 januari,0,1,2026-10-06
G10967,1977/78,67,1978-01-31,Riksdagens protokoll 1977/78:67 Tisdagen den 31 januari,0,1,2026-10-06
G10969,1977/78,69,1978-02-01,Riksdagens protokoll 1977/78:69 Onsdagen den 1 februari,0,1,2026-10-06
G10968,1977/78,68,1978-02-01,Riksdagens protokoll 1977/78:68 Onsdagen den 1 februari,0,1,2026-10-06
G10971,1977/78,71,1978-02-02,Riksdagens protokoll 1977/78:71 Torsdagen den 2 februari,0,1,2026-10-06
G10970,1977/78,70,1978-02-02,Riksdagens protokoll 1977/78:70 Torsdagen den 2 februari,0,1,2026-10-06
G10973,1977/78,73,1978-02-06,Riksdagens protokoll 1977/78:73 Måndagen den 6 februari,0,1,2026-10-06
G10972,1977/78,72,1978-02-03,Riksdagens protokoll 1977/78:72 Fredagen den 3 februari,0,0,2026-10-06
G10974,1977/78,74,1978-02-07,Riksdagens protokoll 1977/78:74 Tisdagen den 7 februari,0,0,2026-10-06
G10975,1977/78,75,1978-02-08,Riksdagens protokoll 1977/78:75 Onsdagen den 8 februari,0,1,2026-10-06
G10977,1977/78,77,1978-02-10,Riksdagens protokoll 1977/78:77 Fredagen den 10 februari,0,0,2026-10-06
G10976,1977/78,76,1978-02-09,Riksdagens protokoll 1977/78:76 Torsdagen den 9 februari,0,2,2026-10-06
G10978,1977/78,78,1978-02-13,Riksdagens protokoll 1977/78:78 Måndagen den 13 februari,0,0,2026-10-06
G10979,1977/78,79,1978-02-14,Riksdagens protokoll 1977/78:79 Tisdagen den 14 februari,0,0,2026-10-06
G10981,1977/78,81,1978-02-16,Riksdagens protokoll 1977/78:81 Torsdagen den 16 februari,0,0,2026-10-06
G10980,1977/78,80,1978-02-15,Riksdagens protokoll 1977/78:80 Onsdagen den 15 februari,0,1,2026-10-06
G10982,1977/78,82,1978-02-17,Riksdagens protokoll 1977/78:82 Fredagen den 17 februari,0,0,2026-10-06
G10983,1977/78,83,1978-02-27,Riksdagens protokoll 1977/78:83 Måndagen den 27 februari,0,0,2026-10-06
G10984,1977/78,84,1978-02-28,Riksdagens protokoll 1977/78:84 Tisdagen den 28 februari,0,1,2026-10-06
G10985,1977/78,85,1978-03-01,Riksdagens protokoll 1977/78:85 Onsdagen den 1 mars,0,1,2026-10-06
G10987,1977/78,87,1978-03-03,Riksdagens protokoll 1977/78:87 Fredagen den 3 mars,0,0,2026-10-06
G10986,1977/78,86,1978-03-02,Riksdagens protokoll 1977/78:86 Torsdagen den 2 mars,0,1,2026-10-06
G10988,1977/78,88,1978-03-06,Riksdagens protokoll 1977/78:88 Måndagen den 6 mars,0,0,2026-10-06
G10989,1977/78,89,1978-03-07,Riksdagens protokoll 1977/78:89 Tisdagen den 7 mars,0,2,2026-10-06
G10990,1977/78,90,1978-03-08,Riksdagens protokoll 1977/78:90 Onsdagen den 8 mars,0,1,2026-10-06
G10991,1977/78,91,1978-03-08,Riksdagens protokoll 1977/78:91 Onsdagen den 8 mars,0,3,2026-10-06
G10992,1977/78,92,1978-03-09,Riksdagens protokoll 1977/78:92 Torsdagen den 9 mars,0,1,2026-10-06
G10994,1977/78,94,1978-03-13,Riksdagens protokoll 1977/78:94 Måndagen den 13 mars,0,0,2026-10-06
G10993,1977/78,93,1978-03-10,Riksdagens protokoll 1977/78:93 Fredagen den 10 mars,0,2,2026-10-06
G10995,1977/78,95,1978-03-14,Riksdagens protokoll 1977/78:95 Tisdagen den 14 mars,0,1,2026-10-06
G10997,1977/78,97,1978-03-15,Riksdagens protokoll 1977/78:97 Onsdagen den 15 mars,0,1,2026-10-06
G10996,1977/78,96,1978-03-15,Riksdagens protokoll 1977/78:96 Onsdagen den 15 mars,0,1,2026-10-06
G10998,1977/78,98,1978-03-16,Riksdagens protokoll 1977/78:98 Torsdagen den 16 mars,0,1,2026-10-06
G10999,1977/78,99,1978-03-16,Riksdagens protokoll 1977/78:99 Torsdagen den 16 mars,0,0,2026-10-06
G109100,1977/78,100,1978-03-17,Riksdagens protokoll 1977/78:100 Fredagen den 17 mars,0,0,2026-10-06
G109101,1977/78,101,1978-03-28,Riksdagens protokoll 1977/78:101 Tisdagen den 28 mars,0,2,2026-10-06
G109103,1977/78,103,1978-03-29,Riksdagens protokoll 1977/78:103 Onsdagen den 29 mars,0,0,2026-10-06
G109102,1977/78,102,1978-03-29,Riksdagens protokoll 1977/78:102 Onsdagen den 29 mars,0,1,2026-10-06
G109104,1977/78,104,1978-03-30,Riksdagens protokoll 1977/78:104 Torsdagen den 30 mars,0,1,2026-10-06
G109105,1977/78,105,1978-03-30,Riksdagens protokoll 1977/78:105 Torsdagen den 30 mars,0,0,2026-10-06
G109107,1977/78,107,1978-04-03,Riksdagens protokoll 1977/78:107 Måndagen den 3 april,0,2,2026-10-06
G109108,1977/78,108,1978-04-04,Riksdagens protokoll 1977/78:108 Tisdagen den 4 april,0,0,2026-10-06
G109106,1977/78,106,1978-03-31,Riksdagens protokoll 1977/78:106 Fredagen den 31 mars,0,1,2026-10-06
G109110,1977/78,110,1978-04-05,Riksdagens protokoll 1977/78:110 Onsdagen den 5 april,0,0,2026-10-06
G109109,1977/78,109,1978-04-05,Riksdagens protokoll 1977/78:109 Onsdagen den 5 april,0,2,2026-10-06
G109111,1977/78,111,1978-04-06,Riksdagens protokoll 1977/78:111 Torsdagen den 6 april,0,1,2026-10-06
G109112,1977/78,112,1978-04-06,Riksdagens protokoll 1977/78:112 Torsdagen den 6 april,0,0,2026-10-06
G109114,1977/78,114,1978-04-10,Riksdagens protokoll 1977/78:114 Måndagen den 10 april,0,0,2026-10-06
G109113,1977/78,113,1978-04-07,Riksdagens protokoll 1977/78:113 Fredagen den 7 april,0,0,2026-10-06
G109115,1977/78,115,1978-04-11,Riksdagens protokoll 1977/78:115 Tisdagen den 11 april,0,0,2026-10-06
G109117,1977/78,117,1978-04-12,Riksdagens protokoll 1977/78:117 Onsdagen den 12 april,0,1,2026-10-06
G109116,1977/78,116,1978-04-12,Riksdagens protokoll 1977/78:116 Onsdagen den 12 april,0,0,2026-10-06
G109118,1977/78,118,1978-04-13,Riksdagens protokoll 1977/78:118 Torsdagen den 13 april,0,1,2026-10-06
G109119,1977/78,119,1978-04-13,Riksdagens protokoll 1977/78:119 Torsdagen den 13 april,0,0,2026-10-06
G109120,1977/78,120,1978-04-14,Riksdagens protokoll 1977/78:120 Fredagen den 14 april,0,0,2026-10-06
G109122,1977/78,122,1978-04-18,Riksdagens protokoll 1977/78:122 Tisdagen den 18 april,0,1,2026-10-06
G109121,1977/78,121,1978-04-17,Riksdagens protokoll 1977/78:121 Måndagen den 17 april,0,1,2026-10-06
G109125,1977/78,125,1978-04-20,Riksdagens protokoll 1977/78:125 Torsdagen den 20 april,0,0,2026-10-06
G109124,1977/78,124,1978-04-19,Riksdagens protokoll 1977/78:124 Onsdagen den 19 april,0,1,2026-10-06
G109123,1977/78,123,1978-04-19,Riksdagens protokoll 1977/78:123 Onsdagen den 19 april,0,1,2026-10-06
G109126,1977/78,126,1978-04-20,Riksdagens protokoll 1977/78:126 Torsdagen den 20 april,0,0,2026-10-06
G109127,1977/78,127,1978-04-21,Riksdagens protokoll 1977/78:127 Fredagen den 21 april,0,0,2026-10-06
G109128,1977/78,128,1978-04-24,Riksdagens protokoll 1977/78:128 Måndagen den 24 april,0,0,2026-10-06
G109129,1977/78,129,1978-04-25,Riksdagens protokoll 1977/78:129 Tisdagen den 25 april,0,0,2026-10-06
G109131,1977/78,131,1978-04-26,Riksdagens protokoll 1977/78:131 Onsdagen den 26 april,0,0,2026-10-06
G109130,1977/78,130,1978-04-26,Riksdagens protokoll 1977/78:130 Onsdagen den 26 april,0,1,2026-10-06
G109132,1977/78,132,1978-04-27,Riksdagens protokoll 1977/78:132 Torsdagen den 27 april,0,2,2026-10-06
G109133,1977/78,133,1978-04-28,Riksdagens protokoll 1977/78:133 Fredagen den 28 april,0,1,2026-10-06
G109134,1977/78,134,1978-05-02,Riksdagens protokoll 1977/78:134 Tisdagen den 2 maj,0,0,2026-10-06
G109136,1977/78,136,1978-05-08,Riksdagens protokoll 1977/78:136 Måndagen den 8 maj,0,0,2026-10-06
G109137,1977/78,137,1978-05-09,Riksdagens protokoll 1977/78:137 Tisdagen den 9 maj,0,0,2026-10-06
G109135,1977/78,135,1978-05-03,Riksdagens protokoll 1977/78:135 Onsdagen den 3 maj,0,1,2026-10-06
G109139,1977/78,139,1978-05-10,Riksdagens protokoll 1977/78:139 Onsdagen den 10 maj,0,0,2026-10-06
G109138,1977/78,138,1978-05-10,Riksdagens protokoll 1977/78:138 Onsdagen den 10 maj,0,1,2026-10-06
G109141,1977/78,141,1978-05-12,Riksdagens protokoll 1977/78:141 Fredagen den 12 maj,0,0,2026-10-06
G109140,1977/78,140,1978-05-11,Riksdagens protokoll 1977/78:140 Torsdagen den 11 maj,0,0,2026-10-06
G109142,1977/78,142,1978-05-16,Riksdagens protokoll 1977/78:142 Tisdagen den 16 maj,0,1,2026-10-06
G109143,1977/78,143,1978-05-17,Riksdagens protokoll 1977/78:143 Onsdagen den 17 maj,0,1,2026-10-06
G109144,1977/78,144,1978-05-17,Riksdagens protokoll 1977/78:144 Onsdagen den 17 maj,0,0,2026-10-06
G109145,1977/78,145,1978-05-18,Riksdagens protokoll 1977/78:145 Torsdagen den 18 maj,0,1,2026-10-06
G109146,1977/78,146,1978-05-18,Riksdagens protokoll 1977/78:146 Torsdagen den 18 maj,0,1,2026-10-06
G109147,1977/78,147,1978-05-19,Riksdagens protokoll 1977/78:147 Fredagen den 19 maj,0,0,2026-10-06
G109148,1977/78,148,1978-05-22,Riksdagens protokoll 1977/78:148 Måndagen den 22 maj,0,0,2026-10-06
G109149,1977/78,149,1978-05-23,Riksdagens protokoll 1977/78:149 Tisdagen den 23 maj,0,1,2026-10-06
G109151,1977/78,151,1978-05-24,Riksdagens protokoll 1977/78:151 Onsdagen den 24 maj,0,0,2026-10-06
G109150,1977/78,150,1978-05-24,Riksdagens protokoll 1977/78:150 Onsdagen den 24 maj,0,0,2026-10-06
G109152,1977/78,152,1978-05-25,Riksdagens protokoll 1977/78:152 Torsdagen den 25 maj,0,2,2026-10-06
G109153,1977/78,153,1978-05-25,Riksdagens protokoll 1977/78:153 Torsdagen den 25 maj,0,0,2026-10-06
G109154,1977/78,154,1978-05-26,Riksdagens protokoll 1977/78:154 Fredagen den 26 maj,0,1,2026-10-06
G109156,1977/78,156,1978-05-29,Riksdagens protokoll 1977/78:156 Måndagen den 29 maj,0,0,2026-10-06
G109155,1977/78,155,1978-05-29,Riksdagens protokoll 1977/78:155 Måndagen den 29 maj,0,3,2026-10-06
G109157,1977/78,157,1978-05-30,Riksdagens protokoll 1977/78:157 Tisdagen den 30 maj,0,1,2026-10-06
G109158,1977/78,158,1978-05-31,Riksdagens protokoll 1977/78:158 Onsdagen den 31 maj,0,0,2026-10-06
G109159,1977/78,159,1978-05-31,Riksdagens protokoll 1977/78:159 Onsdagen den 31 maj,0,0,2026-10-06
G109160,1977/78,160,1978-06-01,Riksdagens protokoll 1977/78:160 Torsdagen den 1 juni,0,2,2026-10-06
G109162,1977/78,162,1978-06-02,Riksdagens protokoll 1977/78:162 Fredagen den 2 juni,0,2,2026-10-06
G109164,1977/78,164,1978-06-15,Riksdagens protokoll 1977/78:164 Torsdagen den 15 juni,0,0,2026-10-06
G109161,1977/78,161,1978-06-02,Riksdagens protokoll 1977/78:161 Fredagen den 2 juni,0,1,2026-10-06
G109165,1977/78,165,1978-06-29,Riksdagens protokoll 1977/78:165 Torsdagen den 29 juni,0,0,2026-10-06
G109163,1977/78,163,1978-06-03,Riksdagens protokoll 1977/78:163 Lördagen den 3 juni,0,1,2026-10-06
G2091,1978/79,1,1978-10-03,Riksdagens protokoll 1978/79:1 Tisdagen den 3 oktober,0,0,2026-10-06
G2092,1978/79,2,1978-10-03,Riksdagens protokoll 1978/79:2 Tisdagen den 3 oktober,0,1,2026-10-06
G2093,1978/79,3,1978-10-03,Riksdagens protokoll 1978/79:3 Tisdagen den 3 oktober,0,1,2026-10-06
G2094,1978/79,4,1978-10-04,Riksdagens protokoll 1978/79:4 Onsdagen den 4 oktober,0,0,2026-10-06
G2095,1978/79,5,1978-10-05,Riksdagens protokoll 1978/79:5 Torsdagen den 5 oktober,0,0,2026-10-06
G2096,1978/79,6,1978-10-05,Riksdagens protokoll 1978/79:6 Torsdagen den 5 oktober,0,0,2026-10-06
G2097,1978/79,7,1978-10-06,Riksdagens protokoll 1978/79:7 Fredagen den 6 oktober,0,0,2026-10-06
G2098,1978/79,8,1978-10-10,Riksdagens protokoll 1978/79:8 Tisdagen den 10 oktober,0,0,2026-10-06
G20911,1978/79,11,1978-10-12,Riksdagens protokoll 1978/79:11 Torsdagen den 12 oktober,0,0,2026-10-06
G2099,1978/79,9,1978-10-11,Riksdagens protokoll 1978/79:9 Onsdagen den 11 oktober,0,0,2026-10-06
G20910,1978/79,10,1978-10-12,Riksdagens protokoll 1978/79:10 Torsdagen den 12 oktober,0,0,2026-10-06
G20912,1978/79,12,1978-10-13,Riksdagens protokoll 1978/79:12 Fredagen den 13 oktober,0,0,2026-10-06
G20913,1978/79,13,1978-10-13,Riksdagens protokoll 1978/79:13 Fredagen den 13 oktober,0,0,2026-10-06
G20914,1978/79,14,1978-10-17,Riksdagens protokoll 1978/79:14 Torsdagen den 17 oktober,0,0,2026-10-06
G20917,1978/79,17,1978-10-19,Riksdagens protokoll 1978/79:17 Torsdagen den 19 oktober,0,0,2026-10-06
G20916,1978/79,16,1978-10-18,Riksdagens protokoll 1978/79:16 Onsdagen den 18 oktober,0,0,2026-10-06
G20918,1978/79,18,1978-10-20,Riksdagens protokoll 1978/79:18 Fredagen den 20 oktober,0,0,2026-10-06
G20919,1978/79,19,1978-10-23,Riksdagens protokoll 1978/79:19 Måndagen den 23 oktober,0,0,2026-10-06
G20920,1978/79,20,1978-10-24,Riksdagens protokoll 1978/79:20 Tisdagen den 24 oktober,0,0,2026-10-06
G20915,1978/79,15,1978-10-18,Riksdagens protokoll 1978/79:15 Onsdagen den 18 oktober,0,1,2026-10-06
G20921,1978/79,21,1978-10-25,Riksdagens protokoll 1978/79:21 Onsdagen den 25 oktober,0,1,2026-10-06
G20922,1978/79,22,1978-10-25,Riksdagens protokoll 1978/79:22 Onsdagen den 25 oktober,0,1,2026-10-06
G20923,1978/79,23,1978-10-26,Riksdagens protokoll 1978/79:23 Torsdagen den 26 oktober,0,2,2026-10-06
G20924,1978/79,24,1978-10-27,Riksdagens protokoll 1978/79:24 Fredagen den 27 oktober,0,0,2026-10-06
G20925,1978/79,25,1978-11-06,Riksdagens protokoll 1978/79:25 Måndagen den 6 november,0,0,2026-10-06
G20926,1978/79,26,1978-11-07,Riksdagens protokoll 1978/79:26 Tisdagen den 7 november,0,0,2026-10-06
G20928,1978/79,28,1978-11-08,Riksdagens protokoll 1978/79:28 Onsdagen den 8 november,0,0,2026-10-06
G20927,1978/79,27,1978-11-08,Riksdagens protokoll 1978/79:27 Onsdagen den 8 november,0,1,2026-10-06
G20930,1978/79,30,1978-11-10,Riksdagens protokoll 1978/79:30 Fredagen den 10 november,0,2,2026-10-06
G20929,1978/79,29,1978-11-09,Riksdagens protokoll 1978/79:29 Torsdagen den 9 november,0,0,2026-10-06
G20932,1978/79,32,1978-11-14,Riksdagens protokoll 1978/79:32 Tisdagen den 14 november,0,1,2026-10-06
G20933,1978/79,33,1978-11-15,Riksdagens protokoll 1978/79:33 Onsdagen den 15 november,0,0,2026-10-06
G20931,1978/79,31,1978-11-13,Riksdagens protokoll 1978/79:31 Måndagen den 13 november,0,3,2026-10-06
G20934,1978/79,34,1978-11-16,Riksdagens protokoll 1978/79:34 Torsdagen den 16 november,0,0,2026-10-06
G20935,1978/79,35,1978-11-17,Riksdagens protokoll 1978/79:35 Fredagen den 17 november,0,0,2026-10-06
G20936,1978/79,36,1978-11-20,Riksdagens protokoll 1978/79:36 Måndagen den 20 november,0,1,2026-10-06
G20937,1978/79,37,1978-11-21,Riksdagens protokoll 1978/79:37 Tisdagen den 21 november,0,0,2026-10-06
G20939,1978/79,39,1978-11-23,Riksdagens protokoll 1978/79:39 Torsdagen den 23 november,0,0,2026-10-06
G20940,1978/79,40,1978-11-24,Riksdagens protokoll 1978/79:40 Fredagen den 24 november,0,1,2026-10-06
G20938,1978/79,38,1978-11-22,Riksdagens protokoll 1978/79:38 Onsdagen den 22 november,0,0,2026-10-06
G20941,1978/79,41,1978-11-27,Riksdagens protokoll 1978/79:41 Måndagen den 27 november,0,0,2026-10-06
G20942,1978/79,42,1978-11-28,Riksdagens protokoll 1978/79:42 Tisdagen den 28 november,0,1,2026-10-06
G20944,1978/79,44,1978-11-30,Riksdagens protokoll 1978/79:44 Torsdagen den 30 november,0,1,2026-10-06
G20943,1978/79,43,1978-11-29,Riksdagens protokoll 1978/79:43 Onsdagen den 29 november,0,0,2026-10-06
G20945,1978/79,45,1978-12-01,Riksdagens protokoll 1978/79:45 Fredagen den 1 december,0,1,2026-10-06
G20946,1978/79,46,1978-12-04,Riksdagens protokoll 1978/79:46 Måndagen den 4 december,0,1,2026-10-06
G20947,1978/79,47,1978-12-05,Riksdagens protokoll 1978/79:47 Tisdagen den 5 december,0,1,2026-10-06
G20948,1978/79,48,1978-12-06,Riksdagens protokoll 1978/79:48 Onsdagen den 6 december,0,1,2026-10-06
G20949,1978/79,49,1978-12-07,Riksdagens protokoll 1978/79:49 Torsdagen den 7 december,0,3,2026-10-06
G20950,1978/79,50,1978-12-08,Riksdagens protokoll 1978/79:50 Fredagen den 8 december,0,1,2026-10-06
G20951,1978/79,51,1978-12-11,Riksdagens protokoll 1978/79:51 Måndagen den 11 december,0,3,2026-10-06
G20953,1978/79,53,1978-12-13,Riksdagens protokoll 1978/79:53 Onsdagen den 13 december,0,0,2026-10-06
G20952,1978/79,52,1978-12-12,Riksdagens protokoll 1978/79:52 Tisdagen den 12 december,0,2,2026-10-06
G20954,1978/79,54,1978-12-14,Riksdagens protokoll 1978/79:54 Torsdagen den 14 december,0,1,2026-10-06
G20955,1978/79,55,1978-12-14,Riksdagens protokoll 1978/79:55 Torsdagen den 14 december,0,0,2026-10-06
G20956,1978/79,56,1978-12-15,Riksdagens protokoll 1978/79:56 Fredagen den 15 december,0,2,2026-10-06
G20958,1978/79,58,1978-12-18,Riksdagens protokoll 1978/79:58 Måndagen den 18 december,0,0,2026-10-06
G20957,1978/79,57,1978-12-18,Riksdagens protokoll 1978/79:57 Måndagen den 18 december,0,2,2026-10-06
G20960,1978/79,60,1978-12-19,Riksdagens protokoll 1978/79:60 Tisdagen den 19 december,0,1,2026-10-06
G20959,1978/79,59,1978-12-19,Riksdagens protokoll 1978/79:59 Tisdagen den 19 december,0,2,2026-10-06
G20962,1978/79,62,1979-01-10,Riksdagens protokoll 1978/79:62 Onsdagen den 10 januari,0,0,2026-10-06
G20961,1978/79,61,1978-12-20,Riksdagens protokoll 1978/79:61 Onsdagen den 20 december,0,0,2026-10-06
G20963,1978/79,63,1979-01-11,Riksdagens protokoll 1978/79:63 Torsdagen den 11 januari,0,0,2026-10-06
G20965,1978/79,65,1979-01-15,Riksdagens protokoll 1978/79:65 Måndagen den 15 januari,0,0,2026-10-06
G20964,1978/79,64,1979-01-12,Riksdagens protokoll 1978/79:64 Fredagen den 12 januari,0,0,2026-10-06
G20966,1978/79,66,1979-01-16,Riksdagens protokoll 1978/79:66 Tisdagen den 16 januari,0,2,2026-10-06
G20967,1978/79,67,1979-01-17,Riksdagens protokoll 1978/79:67 Onsdagen den 17 januari,0,0,2026-10-06
G20968,1978/79,68,1979-01-18,Riksdagens protokoll 1978/79:68 Torsdagen den 18 januari,0,0,2026-10-06
G20969,1978/79,69,1979-01-19,Riksdagens protokoll 1978/79:69 Fredagen den 19 januari,0,0,2026-10-06
G20970,1978/79,70,1979-01-22,Riksdagens protokoll 1978/79:70 Måndagen den 22 januari,0,0,2026-10-06
G20971,1978/79,71,1979-01-23,Riksdagens protokoll 1978/79:71 Tisdagen den 23 januari,0,1,2026-10-06
G20972,1978/79,72,1979-01-24,Riksdagens protokoll 1978/79:72 Onsdagen den 24 januari,0,1,2026-10-06
G20974,1978/79,74,1979-01-29,Riksdagens protokoll 1978/79:74 Måndagen den 29 januari,0,0,2026-10-06
G20973,1978/79,73,1979-01-25,Riksdagens protokoll 1978/79:73 Torsdagen den 25 januari,0,1,2026-10-06
G20975,1978/79,75,1979-01-30,Riksdagens protokoll 1978/79:75 Tisdagen den 30 januari,0,0,2026-10-06
G20976,1978/79,76,1979-01-31,Riksdagens protokoll 1978/79:76 Onsdagen den 31 januari,0,1,2026-10-06
G20977,1978/79,77,1979-01-31,Riksdagens protokoll 1978/79:77 Onsdagen den 31 januari,0,1,2026-10-06
G20979,1978/79,79,1979-02-01,Riksdagens protokoll 1978/79:79 Torsdagen den 1 februari,0,1,2026-10-06
G20978,1978/79,78,1979-02-01,Riksdagens protokoll 1978/79:78 Torsdagen den 1 februari,0,2,2026-10-06
G20980,1978/79,80,1979-02-02,Riksdagens protokoll 1978/79:80 Fredagen den 2 februari,0,0,2026-10-06
G20981,1978/79,81,1979-02-06,Riksdagens protokoll 1978/79:81 Tisdagen den 6 februari,0,0,2026-10-06
G20982,1978/79,82,1979-02-08,Riksdagens protokoll 1978/79:82 Torsdagen den 8 februari,0,1,2026-10-06
G20983,1978/79,83,1979-02-09,Riksdagens protokoll 1978/79:83 Fredagen den 9 februari,0,0,2026-10-06
G20984,1978/79,84,1979-02-12,Riksdagens protokoll 1978/79:84 Måndagen den 12 februari,0,1,2026-10-06
G20985,1978/79,85,1979-02-13,Riksdagens protokoll 1978/79:85 Tisdagen den 13 februari,0,0,2026-10-06
G20987,1978/79,87,1979-02-15,Riksdagens protokoll 1978/79:87 Torsdagen den 15 februari,0,0,2026-10-06
G20988,1978/79,88,1979-02-16,Riksdagens protokoll 1978/79:88 Fredagen den 16 februari,0,0,2026-10-06
G20986,1978/79,86,1979-02-14,Riksdagens protokoll 1978/79:86 Onsdagen den 14 februari,0,0,2026-10-06
G20989,1978/79,89,1979-02-26,Riksdagens protokoll 1978/79:89 Måndagen den 26 februari,0,1,2026-10-06
G20990,1978/79,90,1979-02-27,Riksdagens protokoll 1978/79:90 Tisdagen den 27 februari,0,0,2026-10-06
G20992,1978/79,92,1979-02-28,Riksdagens protokoll 1978/79:92 Onsdagen den 28 februari,0,1,2026-10-06
G20991,1978/79,91,1979-02-28,Riksdagens protokoll 1978/79:91 Onsdagen den 28 februari,0,2,2026-10-06
G20993,1978/79,93,1979-03-01,Riksdagens protokoll 1978/79:93 Torsdagen den 1 mars,0,0,2026-10-06
G20995,1978/79,95,1979-03-05,Riksdagens protokoll 1978/79:95 Måndagen den 5 mars,0,0,2026-10-06
G20994,1978/79,94,1979-03-02,Riksdagens protokoll 1978/79:94 Fredagen den 2 mars,0,1,2026-10-06
G20996,1978/79,96,1979-03-06,Riksdagens protokoll 1978/79:96 Tisdagen den 6 mars,0,0,2026-10-06
G20998,1978/79,98,1979-03-08,Riksdagens protokoll 1978/79:98 Torsdagen den 8 mars,0,1,2026-10-06
G20999,1978/79,99,1979-03-09,Riksdagens protokoll 1978/79:99 Fredagen den 9 mars,0,0,2026-10-06
G209100,1978/79,100,1979-03-12,Riksdagens protokoll 1978/79:100 Måndagen den 12 mars,0,0,2026-10-06
G20997,1978/79,97,1979-03-07,Riksdagens protokoll 1978/79:97 Onsdagen den 7 mars,0,5,2026-10-06
G209101,1978/79,101,1979-03-13,Riksdagens protokoll 1978/79:101 Tisdagen den 13 mars,0,0,2026-10-06
G209103,1978/79,103,1979-03-14,Riksdagens protokoll 1978/79:103 Onsdagen den 14 mars,0,0,2026-10-06
G209102,1978/79,102,1979-03-14,Riksdagens protokoll 1978/79:102 Onsdagen den 14 mars,0,0,2026-10-06
G209104,1978/79,104,1979-03-15,Riksdagens protokoll 1978/79:104 Torsdagen den 15 mars,0,3,2026-10-06
G209105,1978/79,105,1979-03-15,Riksdagens protokoll 1978/79:105 Torsdagen den 15 mars,0,0,2026-10-06
G209106,1978/79,106,1979-03-16,Riksdagens protokoll 1978/79:107 Fredagen den 16 mars,0,0,2026-10-06
G209107,1978/79,107,1979-03-19,Riksdagens protokoll 1978/79:107 Måndagen den 19 mars,0,0,2026-10-06
G209108,1978/79,108,1979-03-20,Riksdagens protokoll 1978/79:108 Tisdagen den 20 mars,0,1,2026-10-06
G209110,1978/79,110,1979-03-22,Riksdagens protokoll 1978/79:110 Torsdagen den 22 mars,0,1,2026-10-06
G209111,1978/79,111,1979-03-23,Riksdagens protokoll 1978/79:111 Fredagen den 23 mars,0,0,2026-10-06
G209109,1978/79,109,1979-03-21,Riksdagens protokoll 1978/79:109 Onsdagen den 21 mars,0,1,2026-10-06
G209112,1978/79,112,1979-03-26,Riksdagens protokoll 1978/79:112 Måndagen den 26 mars,0,0,2026-10-06
G209113,1978/79,113,1979-03-27,Riksdagens protokoll 1978/79:113 Tisdagen den 27 mars,0,2,2026-10-06
G209115,1978/79,115,1979-03-28,Riksdagens protokoll 1978/79:115 Onsdagen den 28 mars,0,0,2026-10-06
G209114,1978/79,114,1979-03-28,Riksdagens protokoll 1978/79:114 Onsdagen den 28 mars,0,2,2026-10-06
G209117,1978/79,117,1979-03-30,Riksdagens protokoll 1978/79:117 Fredagen den 30 mars,0,0,2026-10-06
G209116,1978/79,116,1979-03-29,Riksdagens protokoll 1978/79:116 Torsdagen den 29 mars,0,1,2026-10-06
G209119,1978/79,119,1979-04-03,Riksdagens protokoll 1978/79:119 Tisdagen den 3 april,0,1,2026-10-06
G209121,1978/79,121,1979-04-04,Riksdagens protokoll 1978/79:121 Onsdagen den 4 april,0,0,2026-10-06
G209118,1978/79,118,1979-04-02,Riksdagens protokoll 1978/79:118 Måndagen den 2 april,0,0,2026-10-06
G209122,1978/79,122,1979-04-05,Riksdagens protokoll 1978/79:122 Torsdagen den 5 april,0,1,2026-10-06
G209123,1978/79,123,1979-04-05,Riksdagens protokoll 1978/79:123 Torsdagen den 5 april,0,1,2026-10-06
G209120,1978/79,120,1979-04-04,Riksdagens protokoll 1978/79:120 Onsdagen den 4 april,0,0,2026-10-06
G209124,1978/79,124,1979-04-06,Riksdagens protokoll 1978/79:124 Fredagen den 6 april,0,0,2026-10-06
G209125,1978/79,125,1979-04-17,Riksdagens protokoll 1978/79:125 Tisdagen den 17 april,0,1,2026-10-06
G209128,1978/79,128,1979-04-20,Riksdagens protokoll 1978/79:128 Fredagen den 20 april,0,0,2026-10-06
G209126,1978/79,126,1979-04-18,Riksdagens protokoll 1978/79:126 Onsdagen den 18 april,0,0,2026-10-06
G209129,1978/79,129,1979-04-23,Riksdagens protokoll 1978/79:129 Måndagen den 23 april,0,1,2026-10-06
G209127,1978/79,127,1979-04-19,Riksdagens protokoll 1978/79:127 Torsdagen den 19 april,0,0,2026-10-06
G209130,1978/79,130,1979-04-24,Riksdagens protokoll 1978/79:130 Tisdagen den 24 april,0,0,2026-10-06
G209132,1978/79,132,1979-04-25,Riksdagens protokoll 1978/79:132 Onsdagen den 25 april,0,0,2026-10-06
G209134,1978/79,134,1979-04-27,Riksdagens protokoll 1978/79:134 Fredagen den 27 april,0,0,2026-10-06
G209133,1978/79,133,1979-04-26,Riksdagens protokoll 1978/79:133 Torsdagen den 26 april,0,0,2026-10-06
G209131,1978/79,131,1979-04-25,Riksdagens protokoll 1978/79:131 Onsdagen den 25 april,0,1,2026-10-06
G209136,1978/79,136,1979-05-02,Riksdagens protokoll 1978/79:136 Onsdagen den 2 maj,0,0,2026-10-06
G209135,1978/79,135,1979-05-02,Riksdagens protokoll 1978/79:135 Onsdagen den 2 maj,0,0,2026-10-06
G209137,1978/79,137,1979-05-03,Riksdagens protokoll 1978/79:137 Torsdagen den 3 maj,0,1,2026-10-06
G209138,1978/79,138,1979-05-04,Riksdagens protokoll 1978/79:138 Fredagen den 4 maj,0,0,2026-10-06
G209139,1978/79,139,1979-05-07,Riksdagens protokoll 1978/79:139 Måndagen den 7 maj,0,0,2026-10-06
G209140,1978/79,140,1979-05-08,Riksdagens protokoll 1978/79:140 Tisdagen den 8 maj,0,0,2026-10-06
G209141,1978/79,141,1979-05-09,Riksdagens protokoll 1978/79:141 Onsdagen den 9 maj,0,3,2026-10-06
G209142,1978/79,142,1979-05-10,Riksdagens protokoll 1978/79:142 Torsdagen den 10 maj,0,0,2026-10-06
G209143,1978/79,143,1979-05-11,Riksdagens protokoll 1978/79:143 Fredagen den 11 maj,0,0,2026-10-06
G209145,1978/79,145,1979-05-15,Riksdagens protokoll 1978/79:145 Tisdagen den 15 maj,0,0,2026-10-06
G209144,1978/79,144,1979-05-14,Riksdagens protokoll 1978/79:144 Måndagen den 14 maj,0,1,2026-10-06
G209146,1978/79,146,1979-05-16,Riksdagens protokoll 1978/79:146 Onsdagen den 16 maj,0,1,2026-10-06
G209147,1978/79,147,1979-05-16,Riksdagens protokoll 1978/79:147 Onsdagen den 16 maj,0,2,2026-10-06
G209148,1978/79,148,1979-05-17,Riksdagens protokoll 1978/79:148 Torsdagen den 17 maj,0,0,2026-10-06
G209149,1978/79,149,1979-05-17,Riksdagens protokoll 1978/79:149 Torsdagen den 17 maj,0,0,2026-10-06
G209151,1978/79,151,1979-05-21,Riksdagens protokoll 1978/79:151 Måndagen den 21 maj,0,1,2026-10-06
G209150,1978/79,150,1979-05-18,Riksdagens protokoll 1978/79:150 Fredagen den 18 maj,0,1,2026-10-06
G209152,1978/79,152,1979-05-22,Riksdagens protokoll 1978/79:152 Tisdagen den 22 maj,0,0,2026-10-06
G209155,1978/79,155,1979-05-25,Riksdagens protokoll 1978/79:155 Fredagen den 25 maj,0,0,2026-10-06
G209153,1978/79,153,1979-05-23,Riksdagens protokoll 1978/79:153 Onsdagen den 23 maj,0,3,2026-10-06
G209154,1978/79,154,1979-05-25,Riksdagens protokoll 1978/79:154 Fredagen den 25 maj,0,3,2026-10-06
G209156,1978/79,156,1979-05-26,Riksdagens protokoll 1978/79:156 Lördagen den 26 maj,0,0,2026-10-06
G209158,1978/79,158,1979-05-28,Riksdagens protokoll 1978/79:158 Måndagen den 28 maj,0,0,2026-10-06
G209157,1978/79,157,1979-05-28,Riksdagens protokoll 1978/79:157 Måndagen den 28 maj,0,0,2026-10-06
G209159,1978/79,159,1979-05-29,Riksdagens protokoll 1978/79:159 Tisdagen den 29 maj,0,1,2026-10-06
G209160,1978/79,160,1979-05-29,Riksdagens protokoll 1978/79:160 Tisdagen den 29 maj,0,3,2026-10-06
G209161,1978/79,161,1979-05-30,Riksdagens protokoll 1978/79:161 Onsdagen den 30 maj,0,2,2026-10-06
G209163,1978/79,163,1979-05-31,Riksdagens protokoll 1978/79:163 Torsdagen den 31 maj,0,0,2026-10-06
G209165,1978/79,165,1979-06-01,Riksdagens protokoll 1978/79:165 Fredagen den 1 juni,0,0,2026-10-06
G209162,1978/79,162,1979-05-31,Riksdagens protokoll 1978/79:162 Torsdagen den 31 maj,0,1,2026-10-06
G209164,1978/79,164,1979-06-01,Riksdagens protokoll 1978/79:164 Fredagen den 1 juni,0,0,2026-10-06
G209167,1978/79,167,1979-06-05,Riksdagens protokoll 1978/79:167 Tisdagen den 5 juni,0,1,2026-10-06
G209166,1978/79,166,1979-06-05,Riksdagens protokoll 1978/79:166 Tisdagen den 5 juni,0,1,2026-10-06
G209169,1978/79,169,1979-06-06,Riksdagens protokoll 1978/79:169 Onsdagen den 6 juni,0,0,2026-10-06
G209168,1978/79,168,1979-06-06,Riksdagens protokoll 1978/79:168 Onsdagen den 6 juni,0,1,2026-10-06
G209171,1978/79,171,1979-06-07,Riksdagens protokoll 1978/79:171 Torsdagen den 7 juni,0,1,2026-10-06
G209170,1978/79,170,1979-06-07,Riksdagens protokoll 1978/79:170 Torsdagen den 7 juni,0,3,2026-10-06
G209173,1978/79,173,1979-06-08,Riksdagens protokoll 1978/79:172 Fredagen den 8 juni,0,1,2026-10-06
G209175,1978/79,175,1979-06-20,Riksdagens protokoll 1978/79:175 Onsdagen den 20 juni,0,0,2026-10-06
G209172,1978/79,172,1979-06-08,Riksdagens protokoll 1978/79:172 Fredagen den 8 juni,0,1,2026-10-06
G209174,1978/79,174,1979-06-09,Riksdagens protokoll 1978/79:174 Lördagen den 9 juni,0,1,2026-10-06
G209176,1978/79,176,1979-07-04,Riksdagens protokoll 1978/79:176 Onsdagen den 4 juli,0,0,2026-10-06
G3091,1979/80,1,1979-10-01,Riksdagens protokoll 1979/80:1 Måndagen den 1 oktober,0,0,2026-10-06
G3092,1979/80,2,1979-10-01,Riksdagens protokoll 1979/80:2 Måndagen den 1 oktober,0,0,2026-10-06
G3093,1979/80,3,1979-10-01,Riksdagens protokoll 1979/80:3 Måndagen den 1 oktober,0,1,2026-10-06
G3095,1979/80,5,1979-10-03,Riksdagens protokoll 1979/80:5 Onsdagen den 3 oktober,0,1,2026-10-06
G3094,1979/80,4,1979-10-02,Riksdagens protokoll 1979/80:4 Tisdagen den 2 oktober,0,0,2026-10-06
G3096,1979/80,6,1979-10-08,Riksdagens protokoll 1979/80:6 Måndagen den 8 oktober,0,0,2026-10-06
G3097,1979/80,7,1979-10-09,Riksdagens protokoll 1979/80:7 Tisdagen den 9 oktober,0,0,2026-10-06
G3098,1979/80,8,1979-10-10,Riksdagens protokoll 1979/80:8 Onsdagen den 10 oktober,0,0,2026-10-06
G3099,1979/80,9,1979-10-11,Riksdagens protokoll 1979/80:9 Torsdagen den 11 oktober,0,0,2026-10-06
G30911,1979/80,11,1979-10-15,Riksdagens protokoll 1979/80:11 Måndagen den 15 oktober,0,1,2026-10-06
G30912,1979/80,12,1979-10-16,Riksdagens protokoll 1979/80:12 Tisdagen den 16 oktober,0,0,2026-10-06
G30913,1979/80,13,1979-10-18,Riksdagens protokoll 1979/80:13 Torsdagen den 18 oktober,0,0,2026-10-06
G30914,1979/80,14,1979-10-19,Riksdagens protokoll 1979/80:14 Fredagen den 19 oktober,0,0,2026-10-06
G30910,1979/80,10,1979-10-12,Riksdagens protokoll 1979/80:10 Fredagen den 12 oktober,0,1,2026-10-06
G30915,1979/80,15,1979-10-22,Riksdagens protokoll 1979/80:15 Måndagen den 22 oktober,0,1,2026-10-06
G30916,1979/80,16,1979-10-23,Riksdagens protokoll 1979/80:16 Tisdagen den 23 oktober,0,1,2026-10-06
G30918,1979/80,18,1979-10-24,Riksdagens protokoll 1979/80:18 Onsdagen den 24 oktober,0,1,2026-10-06
G30920,1979/80,20,1979-10-26,Riksdagens protokoll 1979/80:20 Fredagen den 26 oktober,0,0,2026-10-06
G30917,1979/80,17,1979-10-24,Riksdagens protokoll 1979/80:17 Onsdagen den 24 oktober,0,1,2026-10-06
G30919,1979/80,19,1979-10-25,Riksdagens protokoll 1979/80:19 Torsdagen den 25 oktober,0,1,2026-10-06
G30921,1979/80,21,1979-11-05,Riksdagens protokoll 1979/80:21 Måndagen den 5 november,0,2,2026-10-06
G30922,1979/80,22,1979-11-06,Riksdagens protokoll 1979/80:22 Tisdagen den 6 november,0,1,2026-10-06
G30924,1979/80,24,1979-11-08,Riksdagens protokoll 1979/80:24 Torsdagen den 8 november,0,0,2026-10-06
G30923,1979/80,23,1979-11-07,Riksdagens protokoll 1979/80:23 Onsdagen den 7 november,0,2,2026-10-06
G30925,1979/80,25,1979-11-09,Riksdagens protokoll 1979/80:25 Fredagen den 9 november,0,0,2026-10-06
G30927,1979/80,27,1979-11-13,Riksdagens protokoll 1979/80:27 Tisdagen den 13 november,0,0,2026-10-06
G30926,1979/80,26,1979-11-12,Riksdagens protokoll 1979/80:26 Måndagen den 12 november,0,1,2026-10-06
G30929,1979/80,29,1979-11-15,Riksdagens protokoll 1979/80:29 Torsdagen den 15 november,0,1,2026-10-06
G30928,1979/80,28,1979-11-14,Riksdagens protokoll 1979/80:28 Onsdagen den 14 november,0,2,2026-10-06
G30931,1979/80,31,1979-11-19,Riksdagens protokoll 1979/80:31 Måndagen den 19 november,0,0,2026-10-06
G30930,1979/80,30,1979-11-16,Riksdagens protokoll 1979/80:30 Fredagen den 16 november,0,1,2026-10-06
G30932,1979/80,32,1979-11-20,Riksdagens protokoll 1979/80:32 Tisdagen den 20 november,0,0,2026-10-06
G30933,1979/80,33,1979-11-21,Riksdagens protokoll 1979/80:33 Onsdagen den 21 november,0,0,2026-10-06
G30934,1979/80,34,1979-11-21,Riksdagens protokoll 1979/80:34 Onsdagen den 21 november,0,0,2026-10-06
G30935,1979/80,35,1979-11-22,Riksdagens protokoll 1979/80:35 Torsdagen den 22 november,0,2,2026-10-06
G30937,1979/80,37,1979-11-26,Riksdagens protokoll 1979/80:37 Måndagen den 26 november,0,0,2026-10-06
G30936,1979/80,36,1979-11-23,Riksdagens protokoll 1979/80:36 Fredagen den 23 november,0,0,2026-10-06
G30939,1979/80,39,1979-11-28,Riksdagens protokoll 1979/80:39 Onsdagen den 28 november,0,2,2026-10-06
G30940,1979/80,40,1979-11-29,Riksdagens protokoll 1979/80:40 Torsdagen den 29 november,0,1,2026-10-06
G30942,1979/80,42,1979-12-03,Riksdagens protokoll 1979/80:42 Måndagen den 3 december,0,0,2026-10-06
G30938,1979/80,38,1979-11-27,Riksdagens protokoll 1979/80:38 Tisdagen den 27 november,0,1,2026-10-06
G30941,1979/80,41,1979-11-30,Riksdagens protokoll 1979/80:41 Fredagen den 30 november,0,1,2026-10-06
G30943,1979/80,43,1979-12-04,Riksdagens protokoll 1979/80:43 Tisdagen den 4 december,0,1,2026-10-06
G30944,1979/80,44,1979-12-05,Riksdagens protokoll 1979/80:44 Onsdagen den 5 december,0,1,2026-10-06
G30946,1979/80,46,1979-12-06,Riksdagens protokoll 1979/80:46 Torsdagen den 6 december,0,2,2026-10-06
G30945,1979/80,45,1979-12-05,Riksdagens protokoll 1979/80:45 Onsdagen den 5 december,0,0,2026-10-06
G30947,1979/80,47,1979-12-07,Riksdagens protokoll 1979/80:47 Fredagen den 7 december,0,1,2026-10-06
G30948,1979/80,48,1979-12-10,Riksdagens protokoll 1979/80:48 Måndagen den 10 december,0,1,2026-10-06
G30949,1979/80,49,1979-12-11,Riksdagens protokoll 1979/80:49 Tisdagen den 11 december,0,3,2026-10-06
G30950,1979/80,50,1979-12-12,Riksdagens protokoll 1979/80:50 Onsdagen den 12 december,0,0,2026-10-06
G30952,1979/80,52,1979-12-13,Riksdagens protokoll 1979/80:52 Torsdagen den 13 december,0,0,2026-10-06
G30951,1979/80,51,1979-12-13,Riksdagens protokoll 1979/80:51 Torsdagen den 13 december,0,2,2026-10-06
G30953,1979/80,53,1979-12-14,Riksdagens protokoll 1979/80:53 Fredagen den 14 december,0,0,2026-10-06
G30955,1979/80,55,1979-12-17,Riksdagens protokoll 1979/80:55 Måndagen den 17 december,0,0,2026-10-06
G30954,1979/80,54,1979-12-17,Riksdagens protokoll 1979/80:54 Måndagen den 17 december,0,1,2026-10-06
G30956,1979/80,56,1979-12-18,Riksdagens protokoll 1979/80:56 Tisdagen den 18 december,0,3,2026-10-06
G30957,1979/80,57,1979-12-18,Riksdagens protokoll 1979/80:57 Tisdagen den 18 december,0,2,2026-10-06
G30959,1979/80,59,1980-01-03,Riksdagens protokoll 1979/80:59 Torsdagen den 3 januari,0,0,2026-10-06
G30960,1979/80,60,1980-01-10,Riksdagens protokoll 1979/80:60 Torsdagen den 10 januari,0,0,2026-10-06
G30958,1979/80,58,1979-12-19,Riksdagens protokoll 1979/80:58 Onsdagen den 19 december,0,1,2026-10-06
G30961,1979/80,61,1980-01-11,Riksdagens protokoll 1979/80:61 Fredagen den 11 januari,0,2,2026-10-06
G30963,1979/80,63,1980-01-15,Riksdagens protokoll 1979/80:63 Tisdagen den 15 Januari,0,0,2026-10-06
G30964,1979/80,64,1980-01-16,Riksdagens protokoll 1979/80:64 Onsdagen den 16 januari,0,0,2026-10-06
G30962,1979/80,62,1980-01-14,Riksdagens protokoll 1979/80:62 Måndagen den 14 januari,0,1,2026-10-06
G30965,1979/80,65,1980-01-17,Riksdagens protokoll 1979/80:65 Torsdagen den 17 januari,0,1,2026-10-06
G30966,1979/80,66,1980-01-18,Riksdagens protokoll 1979/80:66 Fredagen den 18 januari,0,1,2026-10-06
G30968,1979/80,68,1980-01-22,Riksdagens protokoll 1979/80:68 Tisdagen den 22 januari,1,0,2026-10-06
G30967,1979/80,67,1980-01-21,Riksdagens protokoll 1979/80:67 Måndagen den 21 januari,0,1,2026-10-06
G30969,1979/80,69,1980-01-23,Riksdagens protokoll 1979/80:69 Onsdagen den 23 januari,0,1,2026-10-06
G30970,1979/80,70,1980-01-24,Riksdagens protokoll 1979/80:70 Torsdagen den 24 januari,0,1,2026-10-06
G30972,1979/80,72,1980-01-29,Riksdagens protokoll 1979/80:72 Tisdagen den 29 januari,0,0,2026-10-06
G30971,1979/80,71,1980-01-25,Riksdagens protokoll 1979/80:71 Fredagen den 25 januari,0,1,2026-10-06
G30974,1979/80,74,1980-01-30,Riksdagens protokoll 1979/80:74 Onsdagen den 30 januari,0,1,2026-10-06
G30973,1979/80,73,1980-01-30,Riksdagens protokoll 1979/80:73 Onsdagen den 30 januari,0,1,2026-10-06
G30976,1979/80,76,1980-02-01,Riksdagens protokoll 1979/80:76 Fredagen den 1 februari,0,0,2026-10-06
G30977,1979/80,77,1980-02-04,Riksdagens protokoll 1979/80:77 Måndagen den 4 februari,0,0,2026-10-06
G30975,1979/80,75,1980-01-31,Riksdagens protokoll 1979/80:75 Torsdagen den 31 januari,0,1,2026-10-06
G30978,1979/80,78,1980-02-05,Riksdagens protokoll 1979/80:78 Tisdagen den 5 februari,0,0,2026-10-06
G30979,1979/80,79,1980-02-06,Riksdagens protokoll 1979/80:79 Onsdagen den 6 februari,0,0,2026-10-06
G30980,1979/80,80,1980-02-07,Riksdagens protokoll 1979/80:80 Torsdagen den 7 februari,0,0,2026-10-06
G30981,1979/80,81,1980-02-08,Riksdagens protokoll 1979/80:81 Fredagen den 8 februari,0,0,2026-10-06
G30982,1979/80,82,1980-02-11,Riksdagens protokoll 1979/80:82 Måndagen den 11 februari,0,0,2026-10-06
G30983,1979/80,83,1980-02-12,Riksdagens protokoll 1979/80:83 Tisdagen den 12 februari,0,0,2026-10-06
G30984,1979/80,84,1980-02-13,Riksdagens protokoll 1979/80:84 Onsdagen den 13 februari,0,0,2026-10-06
G30985,1979/80,85,1980-02-14,Riksdagens protokoll 1979/80:85 Torsdagen den 14 februari,0,0,2026-10-06
G30987,1979/80,87,1980-02-18,Riksdagens protokoll 1979/80:87 Måndagen den 18 februari,0,0,2026-10-06
G30986,1979/80,86,1980-02-15,Riksdagens protokoll 1979/80:86 Fredagen den 15 februari,0,0,2026-10-06
G30988,1979/80,88,1980-02-19,Riksdagens protokoll 1979/80:88 Tisdagen den 19 februari,0,0,2026-10-06
G30991,1979/80,91,1980-02-22,Riksdagens protokoll 1979/80:91 Fredagen den 22 februari,0,0,2026-10-06
G30990,1979/80,90,1980-02-21,Riksdagens protokoll 1979/80:90 Torsdagen den 21 februari,0,1,2026-10-06
G30992,1979/80,92,1980-02-25,Riksdagens protokoll 1979/80:92 Måndagen den 25 februari,0,0,2026-10-06
G30993,1979/80,93,1980-02-26,Riksdagens protokoll 1979/80:93 Tisdagen den 26 februari,0,1,2026-10-06
G30989,1979/80,89,1980-02-28,Riksdagens protokoll 1979/80:89 Onsdagen den 28 februari,0,0,2026-10-06
G30995,1979/80,95,1980-02-27,Riksdagens protokoll 1979/80:95 Onsdagen den 27 februari,0,1,2026-10-06
G30997,1979/80,97,1980-02-29,Riksdagens protokoll 1979/80:97 Fredagen den 29 februari,0,1,2026-10-06
G30996,1979/80,96,1980-02-28,Riksdagens protokoll 1979/80:96 Torsdagen den 28 februari,0,4,2026-10-06
G30994,1979/80,94,1980-02-27,Riksdagens protokoll 1979/80:94 Onsdagen den 27 februari,0,1,2026-10-06
G30998,1979/80,98,1980-03-10,Riksdagens protokoll 1979/80:98 Måndagen den 10 mars,0,1,2026-10-06
G309101,1979/80,101,1980-03-12,Riksdagens protokoll 1979/80:101 Onsdagen den 12 mars,0,0,2026-10-06
G30999,1979/80,99,1980-03-11,Riksdagens protokoll 1979/80:99 Tisdagen den 11 mars,0,0,2026-10-06
G309100,1979/80,100,1980-03-12,Riksdagens protokoll 1979/80:100 Onsdagen den 12 mars,0,0,2026-10-06
G309103,1979/80,103,1980-03-13,Riksdagens protokoll 1979/80:103 Torsdagen den 13 mars,0,2,2026-10-06
G309104,1979/80,104,1980-03-14,Riksdagens protokoll 1979/80:104 Fredagen den 14 mars,0,0,2026-10-06
G309102,1979/80,102,1980-03-13,Riksdagens protokoll 1979/80:102 Torsdagen den 13 mars,0,1,2026-10-06
G309105,1979/80,105,1980-03-19,Riksdagens protokoll 1979/80:105 Onsdagen den 19 mars,0,1,2026-10-06
G309106,1979/80,106,1980-03-20,Riksdagens protokoll 1979/80:106 Torsdagen den 20 mars,0,3,2026-10-06
G309107,1979/80,107,1980-03-24,Riksdagens protokoll 1979/80:107 Måndagen den 24 mars,0,1,2026-10-06
G309108,1979/80,108,1980-03-25,Riksdagens protokoll 1979/80:108 Tisdagen den 25 mars,0,0,2026-10-06
G309109,1979/80,109,1980-03-26,Riksdagens protokoll 1979/80:109 Onsdagen den 26 mars,0,0,2026-10-06
G309110,1979/80,110,1980-03-26,Riksdagens protokoll 1979/80:110 Onsdagen den 26 mars,0,0,2026-10-06
G309111,1979/80,111,1980-03-27,Riksdagens protokoll 1979/80:111 Torsdagen den 27 mars,0,1,2026-10-06
G309112,1979/80,112,1980-03-27,Riksdagens protokoll 1979/80:112 Torsdagen den 27 mars,0,1,2026-10-06
G309114,1979/80,114,1980-04-08,Riksdagens protokoll 1979/80:114 Tisdagen den 8 april,0,0,2026-10-06
G309113,1979/80,113,1980-03-28,Riksdagens protokoll 1979/80:113 Fredagen den 28 mars,0,1,2026-10-06
G309115,1979/80,115,1980-04-09,Riksdagens protokoll 1979/80:115 Onsdagen den 9 april,0,2,2026-10-06
G309116,1979/80,116,1980-04-09,Riksdagens protokoll 1979/80:116 Onsdagen den 9 april,0,0,2026-10-06
G309117,1979/80,117,1980-04-10,Riksdagens protokoll 1979/80:117 Torsdagen den 10 april,0,2,2026-10-06
G309118,1979/80,118,1980-04-11,Riksdagens protokoll 1979/80:118 Fredagen den 11 april,0,1,2026-10-06
G309119,1979/80,119,1980-04-14,Riksdagens protokoll 1979/80:119 Måndagen den 14 april,0,0,2026-10-06
G309120,1979/80,120,1980-04-15,Riksdagens protokoll 1979/80:120 Tisdagen den 15 april,0,1,2026-10-06
G309122,1979/80,122,1980-04-16,Riksdagens protokoll 1979/80:122 Onsdagen den 16 april,0,1,2026-10-06
G309121,1979/80,121,1980-04-16,Riksdagens protokoll 1979/80:121 Onsdagen den 16 april,0,1,2026-10-06
G309124,1979/80,124,1980-04-18,Riksdagens protokoll 1979/80:124 Fredagen den 18 april,0,0,2026-10-06
G309123,1979/80,123,1980-04-17,Riksdagens protokoll 1979/80:123 Torsdagen den 17 april,0,0,2026-10-06
G309125,1979/80,125,1980-04-21,Riksdagens protokoll 1979/80:125 Måndagen den 21 april,0,0,2026-10-06
G309126,1979/80,126,1980-04-22,Riksdagens protokoll 1979/80:126 Tisdagen den 22 april,0,0,2026-10-06
G309128,1979/80,128,1980-04-23,Riksdagens protokoll 1979/80:128 Onsdagen den 23 april,0,0,2026-10-06
G309130,1979/80,130,1980-04-25,Riksdagens protokoll 1979/80:130 Fredagen den 25 april,0,1,2026-10-06
G309127,1979/80,127,1980-04-23,Riksdagens protokoll 1979/80:127 Onsdagen den 23 april,0,1,2026-10-06
G309129,1979/80,129,1980-04-24,Riksdagens protokoll 1979/80:129 Torsdagen den 24 april,0,0,2026-10-06
G309131,1979/80,131,1980-04-28,Riksdagens protokoll 1979/80:131 Måndagen den 28 april,0,0,2026-10-06
G309132,1979/80,132,1980-04-29,Riksdagens protokoll 1979/80:132 Tisdagen den 29 april,0,1,2026-10-06
G309134,1979/80,134,1980-04-30,Riksdagens protokoll 1979/80:134 Onsdagen den 30 april,0,1,2026-10-06
G309135,1979/80,135,1980-05-05,Riksdagens protokoll 1979/80:135 Måndagen den 5 maj,0,0,2026-10-06
G309133,1979/80,133,1980-04-29,Riksdagens protokoll 1979/80:133 Tisdagen den 29 april,0,0,2026-10-06
G309136,1979/80,136,1980-05-06,Riksdagens protokoll 1979/80:136 Tisdagen den 6 maj,0,0,2026-10-06
G309138,1979/80,138,1980-05-07,Riksdagens protokoll 1979/80:138 Onsdagen den 7 maj,0,0,2026-10-06
G309137,1979/80,137,1980-05-07,Riksdagens protokoll 1979/80:137 Onsdagen den 7 maj,0,1,2026-10-06
G309139,1979/80,139,1980-05-08,Riksdagens protokoll 1979/80:139 Torsdagen den 8 maj,0,1,2026-10-06
G309140,1979/80,140,1980-05-08,Riksdagens protokoll 1979/80:140 Torsdagen den 8 maj,0,0,2026-10-06
G309141,1979/80,141,1980-05-09,Riksdagens protokoll 1979/80:141 Fredagen den 9 maj,0,1,2026-10-06
G309142,1979/80,142,1980-05-12,Riksdagens protokoll 1979/80:142 Måndagen den 12 maj,0,0,2026-10-06
G309143,1979/80,143,1980-05-13,Riksdagens protokoll 1979/80:143 Tisdagen den 13 maj,0,0,2026-10-06
G309146,1979/80,146,1980-05-19,Riksdagens protokoll 1979/80:146 Måndagen den 19 maj,0,2,2026-10-06
G309145,1979/80,145,1980-05-14,Riksdagens protokoll 1979/80:145 Onsdagen den 14 maj,0,2,2026-10-06
G309144,1979/80,144,1980-05-13,Riksdagens protokoll 1979/80:144 Tisdagen den 13 maj,0,0,2026-10-06
G309148,1979/80,148,1980-05-21,Riksdagens protokoll 1979/80:148 Onsdagen den 21 maj,0,1,2026-10-06
G309147,1979/80,147,1980-05-20,Riksdagens protokoll 1979/80:147 Tisdagen den 20 maj,0,0,2026-10-06
G309149,1979/80,149,1980-05-21,Riksdagens protokoll 1979/80:149 Onsdagen den 21 maj,0,1,2026-10-06
G309150,1979/80,150,1980-05-22,Riksdagens protokoll 1979/80:150 Torsdagen den 22 maj,0,1,2026-10-06
G309151,1979/80,151,1980-05-22,Riksdagens protokoll 1979/80:151 Torsdagen den 22 maj,0,0,2026-10-06
G309152,1979/80,152,1980-05-23,Riksdagens protokoll 1979/80:152 Fredagen den 23 maj,0,0,2026-10-06
G309153,1979/80,153,1980-05-27,Riksdagens protokoll 1979/80:153 Tisdagen den 27 maj,0,0,2026-10-06
G309154,1979/80,154,1980-05-28,Riksdagens protokoll 1979/80:154 Onsdagen den 28 maj,0,2,2026-10-06
G309155,1979/80,155,1980-05-28,Riksdagens protokoll 1979/80:155 Onsdagen den 28 maj,0,2,2026-10-06
G309157,1979/80,157,1980-05-29,Riksdagens protokoll 1979/80:157 Torsdagen den 29 maj,0,1,2026-10-06
G309156,1979/80,156,1980-05-29,Riksdagens protokoll 1979/80:156 Torsdagen den 29 maj,0,3,2026-10-06
G309158,1979/80,158,1980-05-30,Riksdagens protokoll 1979/80:158 Fredagen den 30 maj,0,1,2026-10-06
G309159,1979/80,159,1980-06-02,Riksdagens protokoll 1979/80:159 Måndagen den 2 juni,0,0,2026-10-06
G309161,1979/80,161,1980-06-03,Riksdagens protokoll 1979/80:161 Tisdagen den 3 juni,0,1,2026-10-06
G309160,1979/80,160,1980-06-03,Riksdagens protokoll 1979/80:160 Tisdagen den 3 juni,0,1,2026-10-06
G309164,1979/80,164,1980-06-05,Riksdagens protokoll 1979/80:164 Torsdagen den 5 juni,0,1,2026-10-06
G309163,1979/80,163,1980-06-04,Riksdagens protokoll 1979/80:163 Onsdagen den 4 juni,0,2,2026-10-06
G309162,1979/80,162,1980-06-04,Riksdagens protokoll 1979/80:162 Onsdagen den 4 juni,0,1,2026-10-06
G309165,1979/80,165,1980-06-05,Riksdagens protokoll 1979/80:165 Torsdagen den 5 juni,0,1,2026-10-06
G309166,1979/80,166,1980-06-06,Riksdagens protokoll 1979/80:166 Fredagen den 6 juni,0,0,2026-10-06
G309167,1979/80,167,1980-06-09,Riksdagens protokoll 1979/80:167 Måndagen den 9 juni,0,2,2026-10-06
G309168,1979/80,168,1980-06-10,Riksdagens protokoll 1979/80:168 Tisdagen den 10 juni,0,1,2026-10-06
G309169,1979/80,169,1980-06-11,Riksdagens protokoll 1979/80:169 Onsdagen den 11 juni,0,1,2026-10-06
G309171,1979/80,171,1980-06-19,Riksdagens protokoll 1979/80:171 Torsdagen den 19 juni,0,0,2026-10-06
G309170,1979/80,170,1980-06-11,Riksdagens protokoll 1979/80:170 Onsdagen den 11 juni ,0,1,2026-10-06
G4091,1980/81,1,1980-10-07,Riksdagens protokoll 1980/81:1 Tisdagen den 7 oktober,2,0,2026-10-06
G309172,1979/80,172,1980-07-03,Riksdagens protokoll 1979/80:172 Torsdagen den 3 juli,0,0,2026-10-06
G4092,1980/81,2,1980-10-07,Riksdagens protokoll 1980/81:2 Tisdagen den 7 oktober,0,1,2026-10-06
G4093,1980/81,3,1980-10-07,Riksdagens protokoll 1980/81:3 Tisdagen den 7 oktober,0,0,2026-10-06
G4094,1980/81,4,1980-10-08,Riksdagens protokoll 1980/81:4 Onsdagen den 8 oktober,1,0,2026-10-06
G4095,1980/81,5,1980-10-09,Riksdagens protokoll 1980/81:5 Torsdagen den 9 oktober,1,0,2026-10-06
G4096,1980/81,6,1980-10-14,Riksdagens protokoll 1980/81:6 Tisdagen den 14 oktober,45,0,2026-10-06
G4098,1980/81,8,1980-10-15,Riksdagens protokoll 1980/81:8 Onsdagen den 15 oktober,37,2,2026-10-06
G40910,1980/81,10,1980-10-17,Riksdagens protokoll 1980/81:10 Fredagen den 17 oktober,0,0,2026-10-06
G4097,1980/81,7,1980-10-15,Riksdagens protokoll 1980/81:7 Onsdagen den 15 oktober,46,4,2026-10-06
G40911,1980/81,11,1980-10-21,Riksdagens protokoll 1980/81:11 Tisdagen den 21 oktober,52,0,2026-10-06
G4099,1980/81,9,1980-10-16,Riksdagens protokoll 1980/81:9 Torsdagen den 16 oktober,0,1,2026-10-06
G40912,1980/81,12,1980-10-22,Riksdagens protokoll 1980/81:12 Onsdagen den 22 oktober,28,0,2026-10-06
G40914,1980/81,14,1980-10-24,Riksdagens protokoll 1980/81:14 Fredagen den 24 oktober,29,0,2026-10-06
G40913,1980/81,13,1980-10-23,Riksdagens protokoll 1980/81:13 Torsdagen den 23 oktober,71,0,2026-10-06
G40915,1980/81,15,1980-11-03,Riksdagens protokoll 1980/81:15 Måndagen den 3 november,36,0,2026-10-06
G40916,1980/81,16,1980-11-04,Riksdagens protokoll 1980/81:16 Tisdagen den 4 november,33,0,2026-10-06
G40918,1980/81,18,1980-11-06,Riksdagens protokoll 1980/81:18 Torsdagen den 6 november,46,0,2026-10-06
G40917,1980/81,17,1980-11-05,Riksdagens protokoll 1980/81:17 Onsdagen den 5 november,52,1,2026-10-06
G40920,1980/81,20,1980-11-10,Riksdagens protokoll 1980/81:20 Måndagen den 10 november,6,1,2026-10-06
G40919,1980/81,19,1980-11-07,Riksdagens protokoll 1980/81:19 Fredagen den 7 november,104,0,2026-10-06
G40921,1980/81,21,1980-11-11,Riksdagens protokoll 1980/81:21 Tisdagen den 11 november,20,0,2026-10-06
G40922,1980/81,22,1980-11-12,Riksdagens protokoll 1980/81:22 Onsdagen den 12 november,71,0,2026-10-06
G40924,1980/81,24,1980-11-14,Riksdagens protokoll 1980/81:24 Fredagen den 14 november,12,0,2026-10-06
G40923,1980/81,23,1980-11-13,Riksdagens protokoll 1980/81:23 Torsdagen den 13 november,54,0,2026-10-06
G40925,1980/81,25,1980-11-17,Riksdagens protokoll 1980/81:25 Måndagen den 17 november,4,0,2026-10-06
G40926,1980/81,26,1980-11-18,Riksdagens protokoll 1980/81:26 Tisdagen den 18 november,5,0,2026-10-06
G40927,1980/81,27,1980-11-19,Riksdagens protokoll 1980/81:27 Onsdagen den 19 november,55,0,2026-10-06
G40928,1980/81,28,1980-11-19,Riksdagens protokoll 1980/81:28 Onsdagen den 19 november,44,0,2026-10-06
G40931,1980/81,31,1980-11-21,Riksdagens protokoll 1980/81:31 Fredagen den 21 november,0,1,2026-10-06
G40930,1980/81,30,1980-11-20,Riksdagens protokoll 1980/81:30 Torsdagen den 20 november,24,2,2026-10-06
G40929,1980/81,29,1980-11-20,Riksdagens protokoll 1980/81:29 Torsdagen den 20 november,68,6,2026-10-06
G40932,1980/81,32,1980-11-24,Riksdagens protokoll 1980/81:32 Måndagen den 24 november,48,0,2026-10-06
G40933,1980/81,33,1980-11-25,Riksdagens protokoll 1980/81:33 Tisdagen den 25 november,47,0,2026-10-06
G40934,1980/81,34,1980-11-26,Riksdagens protokoll 1980/81:34 Onsdagen den 26 november,93,0,2026-10-06
G40935,1980/81,35,1980-11-26,Riksdagens protokoll 1980/81:35 Onsdagen den 26 november,41,0,2026-10-06
G40936,1980/81,36,1980-11-27,Riksdagens protokoll 1980/81:36 Torsdagen den 27 november,77,0,2026-10-06
G40938,1980/81,38,1980-12-01,Riksdagens protokoll 1980/81:38 Måndagen den 1 december,19,0,2026-10-06
G40939,1980/81,39,1980-12-02,Riksdagens protokoll 1980/81:39 Tisdagen den 2 december,65,0,2026-10-06
G40937,1980/81,37,1980-11-28,Riksdagens protokoll 1980/81:37 Fredagen den 28 november,86,5,2026-10-06
G40940,1980/81,40,1980-12-03,Riksdagens protokoll 1980/81:40 Onsdagen den 3 december,73,0,2026-10-06
G40942,1980/81,42,1980-12-05,Riksdagens protokoll 1980/81:42 Fredagen den 5 december,60,0,2026-10-06
G40941,1980/81,41,1980-12-04,Riksdagens protokoll 1980/81:41 Torsdagen den 4 december,101,6,2026-10-06
G40943,1980/81,43,1980-12-08,Riksdagens protokoll 1980/81:43 Måndagen den 8 december,54,2,2026-10-06
G40944,1980/81,44,1980-12-09,Riksdagens protokoll 1980/81:44 Tisdagen den 9 december,96,3,2026-10-06
G40945,1980/81,45,1980-12-10,Riksdagens protokoll 1980/81:45 Onsdagen den 10 december,75,0,2026-10-06
G40946,1980/81,46,1980-12-11,Riksdagens protokoll 1980/81:46 Torsdagen den 11 december,107,4,2026-10-06
G40947,1980/81,47,1980-12-11,Riksdagens protokoll 1980/81:47 Torsdagen den 11 december,47,9,2026-10-06
G40948,1980/81,48,1980-12-12,Riksdagens protokoll 1980/81:48 Fredagen den 12 december,101,17,2026-10-06
G40950,1980/81,50,1980-12-15,Riksdagens protokoll 1980/81:50 Måndagen den 15 december,57,2,2026-10-06
G40949,1980/81,49,1980-12-15,Riksdagens protokoll 1980/81:49 Måndagen den 15 december,182,0,2026-10-06
G40952,1980/81,52,1980-12-16,Riksdagens protokoll 1980/81:52 Tisdagen den 16 december,66,1,2026-10-06
G40951,1980/81,51,1980-12-16,Riksdagens protokoll 1980/81:51 Tisdagen den 16 december,96,20,2026-10-06
G40953,1980/81,53,1980-12-17,Riksdagens protokoll 1980/81:53 Onsdagen den 17 december,119,8,2026-10-06
G40955,1980/81,55,1980-12-18,Riksdagens protokoll 1980/81:55 Torsdagen den 18 december,68,0,2026-10-06
G40954,1980/81,54,1980-12-18,Riksdagens protokoll 1980/81:54 Torsdagen den 18 december,76,2,2026-10-06
G40956,1980/81,56,1980-12-19,Riksdagens protokoll 1980/81:56 Fredagen den 19 december,56,0,2026-10-06
G40957,1980/81,57,1981-01-12,Riksdagens protokoll 1980/81:57 Måndagen den 12 januari,28,0,2026-10-06
G40958,1980/81,58,1981-01-13,Riksdagens protokoll 1980/81:58 Tisdagen den 13 januari,32,0,2026-10-06
G40959,1980/81,59,1981-01-14,Riksdagens protokoll 1980/81:59 Onsdagen den 14 januari,0,0,2026-10-06
G40960,1980/81,60,1981-01-15,Riksdagens protokoll 1980/81:60 Torsdagen den 15 januari,19,0,2026-10-06
G40961,1980/81,61,1981-01-16,Riksdagens protokoll 1980/81:61 Fredagen den 16 januari,24,0,2026-10-06
G40963,1980/81,63,1981-01-20,Riksdagens protokoll 1980/81:63 Tisdagen den 20 januari,23,0,2026-10-06
G40962,1980/81,62,1981-01-19,Riksdagens protokoll 1980/81:62 Måndagen den 19 januari,0,0,2026-10-06
G40964,1980/81,64,1981-01-21,Riksdagens protokoll 1980/81:64 Onsdagen den 21 januari,28,0,2026-10-06
G40965,1980/81,65,1981-01-22,Riksdagens protokoll 1980/81:65 Torsdagen den 22 januari,56,1,2026-10-06
G40966,1980/81,66,1981-01-23,Riksdagens protokoll 1980/81:66 Fredagen den 23 januari,35,0,2026-10-06
G40967,1980/81,67,1981-01-26,Riksdagens protokoll 1980/81:67 Måndagen den 26 januari,37,2,2026-10-06
G40968,1980/81,68,1981-01-27,Riksdagens protokoll 1980/81:68 Tisdagen den 27 januari,1,0,2026-10-06
G40969,1980/81,69,1981-02-02,Riksdagens protokoll 1980/81:69 Måndagen den 2 februari,25,0,2026-10-06
G40970,1980/81,70,1981-02-03,Riksdagens protokoll 1980/81:70 Tisdagen den 3 februari,22,0,2026-10-06
G40972,1980/81,72,1981-02-04,Riksdagens protokoll 1980/81:72 Onsdagen den 4 februari,36,3,2026-10-06
G40974,1980/81,74,1981-02-06,Riksdagens protokoll 1980/81:74 Fredagen den 6 februari,35,0,2026-10-06
G40973,1980/81,73,1981-02-05,Riksdagens protokoll 1980/81:73 Torsdagen den 5 februari,78,7,2026-10-06
G40971,1980/81,71,1981-02-04,Riksdagens protokoll 1980/81:71 Onsdagen den 4 februari,45,7,2026-10-06
G40977,1980/81,77,1981-02-11,Riksdagens protokoll 1980/81:77 Onsdagen den 11 februari,6,0,2026-10-06
G40976,1980/81,76,1981-02-10,Riksdagens protokoll 1980/81:76 Tisdagen den 10 februari,41,1,2026-10-06
G40975,1980/81,75,1981-02-09,Riksdagens protokoll 1980/81:75 Måndagen den 9 februari,18,0,2026-10-06
G40978,1980/81,78,1981-02-12,Riksdagens protokoll 1980/81:78 Torsdagen den 12 februari,3,3,2026-10-06
G40979,1980/81,79,1981-02-13,Riksdagens protokoll 1980/81:79 Fredagen den 13 februari,54,0,2026-10-06
G40980,1980/81,80,1981-02-16,Riksdagens protokoll 1980/81:80 Måndagen den 16 februari,36,0,2026-10-06
G40981,1980/81,81,1981-02-17,Riksdagens protokoll 1980/81:81 Tisdagen den 17 februari,69,0,2026-10-06
G40982,1980/81,82,1981-02-18,Riksdagens protokoll 1980/81:82 Onsdagen den 18 februari,25,0,2026-10-06
G40983,1980/81,83,1981-02-19,Riksdagens protokoll 1980/81:83 Torsdagen den 19 februari,31,0,2026-10-06
G40984,1980/81,84,1981-02-20,Riksdagens protokoll 1980/81:84 Fredagen den 20 februari,21,0,2026-10-06
G40985,1980/81,85,1981-02-23,Riksdagens protokoll 1980/81:85 Måndagen den 23 februari,32,0,2026-10-06
G40986,1980/81,86,1981-02-24,Riksdagens protokoll 1980/81:86 Tisdagen den 24 februari,20,0,2026-10-06
G40988,1980/81,88,1981-02-25,Riksdagens protokoll 1980/81:88 Onsdagen den 25 februari,28,5,2026-10-06
G40989,1980/81,89,1981-02-26,Riksdagens protokoll 1980/81:89 Torsdagen den 26 februari,54,11,2026-10-06
G40987,1980/81,87,1981-02-25,Riksdagens protokoll 1980/81:87 Onsdagen den 25 februari,54,9,2026-10-06
G40990,1980/81,90,1981-02-27,Riksdagens protokoll 1980/81:90 Fredagen den 27 februari,14,0,2026-10-06
G40992,1980/81,92,1981-03-10,Riksdagens protokoll 1980/81:92 Tisdagen den 10 mars,21,6,2026-10-06
G40991,1980/81,91,1981-03-09,Riksdagens protokoll 1980/81:91 Måndagen den 9 mars,43,0,2026-10-06
G40994,1980/81,94,1981-03-12,Riksdagens protokoll 1980/81:94 Torsdagen den 12 mars,61,0,2026-10-06
G40995,1980/81,95,1981-03-13,Riksdagens protokoll 1980/81:95 Fredagen den 13 mars,27,0,2026-10-06
G40993,1980/81,93,1981-03-11,Riksdagens protokoll 1980/81:93 Onsdagen den 11 mars,105,14,2026-10-06
G40996,1980/81,96,1981-03-16,Riksdagens protokoll 1980/81:96 Måndagen den 16 mars,15,0,2026-10-06
G40997,1980/81,97,1981-03-17,Riksdagens protokoll 1980/81:97 Tisdagen den 17 mars,24,0,2026-10-06
G40999,1980/81,99,1981-03-19,Riksdagens protokoll 1980/81:99 Torsdagen den 19 mars,80,2,2026-10-06
G409101,1980/81,101,1981-03-23,Riksdagens protokoll 1980/81:101 Måndagen den 23 mars,0,0,2026-10-06
G40998,1980/81,98,1981-03-18,Riksdagens protokoll 1980/81:98 Onsdagen den 18 mars,54,0,2026-10-06
G409100,1980/81,100,1981-03-20,Riksdagens protokoll 1980/81:100 Fredagen den 20 mars,18,2,2026-10-06
G409102,1980/81,102,1981-03-24,Riksdagens protokoll 1980/81:102 Tisdagen den 24 mars,39,0,2026-10-06
G409104,1980/81,104,1981-03-26,Riksdagens protokoll 1980/81:104 Torsdagen den 26 mars,70,0,2026-10-06
G409105,1980/81,105,1981-03-27,Riksdagens protokoll 1980/81:105 Fredagen den 27 mars,12,0,2026-10-06
G409103,1980/81,103,1981-03-25,Riksdagens protokoll 1980/81:103 Onsdagen den 25 mars,116,4,2026-10-06
G409106,1980/81,106,1981-03-30,Riksdagens protokoll 1980/81:106 Måndagen den 30 mars,8,0,2026-10-06
G409109,1980/81,109,1981-04-01,Riksdagens protokoll 1980/81:109 Onsdagen den 1 april,60,4,2026-10-06
G409108,1980/81,108,1981-04-01,Riksdagens protokoll 1980/81:108 Onsdagen den 1 april,92,0,2026-10-06
G409107,1980/81,107,1981-03-31,Riksdagens protokoll 1980/81:107 Tisdagen den 31 mars,66,2,2026-10-06
G409110,1980/81,110,1981-04-02,Riksdagens protokoll 1980/81:110 Torsdagen den 2 april,105,3,2026-10-06
G409112,1980/81,112,1981-04-06,Riksdagens protokoll 1980/81:112 Måndagen den 6 april,39,3,2026-10-06
G409111,1980/81,111,1981-04-03,Riksdagens protokoll 1980/81:111 Fredagen den 3 april,24,0,2026-10-06
G409113,1980/81,113,1981-04-07,Riksdagens protokoll 1980/81:113 Tisdagen den 7 april,24,0,2026-10-06
G409115,1980/81,115,1981-04-08,Riksdagens protokoll 1980/81:115 Onsdagen den 8 april,50,2,2026-10-06
G409114,1980/81,114,1981-04-08,Riksdagens protokoll 1980/81:114 Onsdagen den 8 april,86,4,2026-10-06
G409116,1980/81,116,1981-04-09,Riksdagens protokoll 1980/81:116 Torsdagen den 9 april,82,1,2026-10-06
G409117,1980/81,117,1981-04-09,Riksdagens protokoll 1980/81:117 Torsdagen den 9 april,69,0,2026-10-06
G409118,1980/81,118,1981-04-10,Riksdagens protokoll 1980/81:118 Fredagen den 10 april,44,28,2026-10-06
G409119,1980/81,119,1981-04-21,Riksdagens protokoll 1980/81:119 Tisdagen den 21 april,48,0,2026-10-06
G409120,1980/81,120,1981-04-22,Riksdagens protokoll 1980/81:120 Onsdagen den 22 april,108,0,2026-10-06
G409121,1980/81,121,1981-04-22,Riksdagens protokoll 1980/81:121 Onsdagen den 22 april,40,0,2026-10-06
G409122,1980/81,122,1981-04-23,Riksdagens protokoll 1980/81:122 Torsdagen den 23 april,95,0,2026-10-06
G409123,1980/81,123,1981-04-24,Riksdagens protokoll 1980/81:123 Fredagen den 24 april,17,6,2026-10-06
G409124,1980/81,124,1981-04-27,Riksdagens protokoll 1980/81:124 Måndagen den 27 april,72,0,2026-10-06
G409125,1980/81,125,1981-04-28,Riksdagens protokoll 1980/81:125 Tisdagen den 28 april,27,0,2026-10-06
G409126,1980/81,126,1981-04-29,Riksdagens protokoll 1980/81:126 Onsdagen den 29 april,75,0,2026-10-06
G409127,1980/81,127,1981-04-29,Riksdagens protokoll 1980/81:127 Onsdagen den 29 april,43,1,2026-10-06
G409128,1980/81,128,1981-04-30,Riksdagens protokoll 1980/81:128 Torsdagen den 30 april,59,0,2026-10-06
G409129,1980/81,129,1981-05-04,Riksdagens protokoll 1980/81:129 Måndagen den 4 maj,17,1,2026-10-06
G409130,1980/81,130,1981-05-05,Riksdagens protokoll 1980/81:130 Tisdagen den 5 maj,10,0,2026-10-06
G409132,1980/81,132,1981-05-06,Riksdagens protokoll 1980/81:132 Onsdagen den 6 maj,54,9,2026-10-06
G409131,1980/81,131,1981-05-06,Riksdagens protokoll 1980/81:131 Onsdagen den 6 maj,84,3,2026-10-06
G409133,1980/81,133,1981-05-07,Riksdagens protokoll 1980/81:133 Torsdagen den 7 maj,53,0,2026-10-06
G409134,1980/81,134,1981-05-07,Riksdagens protokoll 1980/81:134 Torsdagen den 7 maj,56,0,2026-10-06
G409136,1980/81,136,1981-05-11,Riksdagens protokoll 1980/81:136 Måndagen den 11 maj,1,0,2026-10-06
G409135,1980/81,135,1981-05-08,Riksdagens protokoll 1980/81:135 Fredagen den 8 maj,39,0,2026-10-06
G409137,1980/81,137,1981-05-12,Riksdagens protokoll 1980/81:137 Tisdagen den 12 maj,0,0,2026-10-06
G409139,1980/81,139,1981-05-13,Riksdagens protokoll 1980/81:139 Onsdagen den 13 maj,67,0,2026-10-06
G409138,1980/81,138,1981-05-13,Riksdagens protokoll 1980/81:138 Onsdagen den 13 maj,93,1,2026-10-06
G409141,1980/81,141,1981-05-15,Riksdagens protokoll 1980/81:141 Fredagen den 15 maj,0,0,2026-10-06
G409140,1980/81,140,1981-05-14,Riksdagens protokoll 1980/81:140 Torsdagen den 14 maj,0,2,2026-10-06
G409142,1980/81,142,1981-05-18,Riksdagens protokoll 1980/81:142 Måndagen den 18 maj,0,0,2026-10-06
G409143,1980/81,143,1981-05-19,Riksdagens protokoll 1980/81:143 Tisdagen den 19 maj,0,0,2026-10-06
G409144,1980/81,144,1981-05-19,Riksdagens protokoll 1980/81:144 Tisdagen den 19 maj,0,1,2026-10-06
G409146,1980/81,146,1981-05-20,Riksdagens protokoll 1980/81:146 Onsdagen den 20 maj,0,0,2026-10-06
G409145,1980/81,145,1981-05-20,Riksdagens protokoll 1980/81:145 Onsdagen den 20 maj,1,0,2026-10-06
G409147,1980/81,147,1981-05-21,Riksdagens protokoll 1980/81:147 Torsdagen den 21 maj,0,0,2026-10-06
G409148,1980/81,148,1981-05-21,Riksdagens protokoll 1980/81:148 Torsdagen den 21 maj,0,1,2026-10-06
G409149,1980/81,149,1981-05-22,Riksdagens protokoll 1980/81:149 Fredagen den 22 maj,0,0,2026-10-06
G409150,1980/81,150,1981-05-25,Riksdagens protokoll 1980/81:150 Måndagen den 25 maj,3,0,2026-10-06
G409152,1980/81,152,1981-05-27,Riksdagens protokoll 1980/81:152 Onsdagen den 27 maj,0,0,2026-10-06
G409151,1980/81,151,1981-05-26,Riksdagens protokoll 1980/81:151 Tisdagen den 26 maj,1,0,2026-10-06
G409153,1980/81,153,1981-06-01,Riksdagens protokoll 1980/81:153 Måndagen den 1 juni,2,0,2026-10-06
G409154,1980/81,154,1981-06-01,Riksdagens protokoll 1980/81:154 Måndagen den 1 juni,5,0,2026-10-06
G409155,1980/81,155,1981-06-02,Riksdagens protokoll 1980/81:155 Tisdagen den 2 juni,58,0,2026-10-06
G409157,1980/81,157,1981-06-03,Riksdagens protokoll 1980/81:157 Onsdagen den 3 juni,80,2,2026-10-06
G409156,1980/81,156,1981-06-03,Riksdagens protokoll 1980/81:156 Onsdagen den 3 juni,107,11,2026-10-06
G409158,1980/81,158,1981-06-04,Riksdagens protokoll 1980/81:158 Torsdagen den 4 juni,65,5,2026-10-06
G409159,1980/81,159,1981-06-04,Riksdagens protokoll 1980/81:159 Torsdagen den 4 juni,0,1,2026-10-06
G409160,1980/81,160,1981-06-05,Riksdagens protokoll 1980/81:160 Fredagen den 5 juni,0,0,2026-10-06
G409161,1980/81,161,1981-06-09,Riksdagens protokoll 1980/81:161 Tisdagen den 9 juni,1,1,2026-10-06
G409162,1980/81,162,1981-06-09,Riksdagens protokoll 1980/81:162 Tisdagen den 9 juni,0,1,2026-10-06
G409163,1980/81,163,1981-06-10,Riksdagens protokoll 1980/81:163 Onsdagen den 10 juni,2,1,2026-10-06
G409164,1980/81,164,1981-06-10,Riksdagens protokoll 1980/81:164 Onsdagen den 10 juni,0,0,2026-10-06
G409165,1980/81,165,1981-06-18,Riksdagens protokoll 1980/81:165 Torsdagen den 18 juni,0,0,2026-10-06
G5091,1981/82,1,1981-10-06,Riksdagens protokoll 1981/82:1 Tisdagen den 6 oktober,2,0,2026-10-06
G5092,1981/82,2,1981-10-06,Riksdagens protokoll 1981/82:2 Tisdagen den 6 oktober,0,1,2026-10-06
G5093,1981/82,3,1981-10-06,Riksdagens protokoll 1981/82:3 Tisdagen den 6 oktober,10,0,2026-10-06
G5094,1981/82,4,1981-10-07,Riksdagens protokoll 1981/82:4 Onsdagen den 7 oktober,2,0,2026-10-06
G5095,1981/82,5,1981-10-08,Riksdagens protokoll 1981/82:5 Torsdagen den 8 oktober,3,0,2026-10-06
G5096,1981/82,6,1981-10-13,Riksdagens protokoll 1981/82:6 Tisdagen den 13 oktober,44,4,2026-10-06
G5098,1981/82,8,1981-10-14,Riksdagens protokoll 1981/82:8 Onsdagen den 14 oktober,32,2,2026-10-06
G50910,1981/82,10,1981-10-16,Riksdagens protokoll 1981/82:10 Fredagen den 16 oktober,10,0,2026-10-06
G5097,1981/82,7,1981-10-14,Riksdagens protokoll 1981/82:7 Onsdagen den 14 oktober,49,4,2026-10-06
G5099,1981/82,9,1981-10-15,Riksdagens protokoll 1981/82:9 Torsdagen den 15 oktober,88,4,2026-10-06
G50911,1981/82,11,1981-10-26,Riksdagens protokoll 1981/82:11 Måndagen den 26 oktober,7,0,2026-10-06
G50913,1981/82,13,1981-10-28,Riksdagens protokoll 1981/82:13 Onsdagen den 28 oktober,39,2,2026-10-06
G50914,1981/82,14,1981-10-29,Riksdagens protokoll 1981/82:14 Torsdagen den 29 oktober,49,0,2026-10-06
G50912,1981/82,12,1981-10-27,Riksdagens protokoll 1981/82:12 Tisdagen den 27 oktober,129,10,2026-10-06
G50915,1981/82,15,1981-10-30,Riksdagens protokoll 1981/82:15 Fredagen den 30 oktober,31,0,2026-10-06
G50916,1981/82,16,1981-11-02,Riksdagens protokoll 1981/82:16 Måndagen den 2 november,18,7,2026-10-06
G50917,1981/82,17,1981-11-03,Riksdagens protokoll 1981/82:17 Tisdagen den 3 november,38,0,2026-10-06
G50919,1981/82,19,1981-11-05,Riksdagens protokoll 1981/82:19 Torsdagen den 5 november,0,0,2026-10-06
G50918,1981/82,18,1981-11-04,Riksdagens protokoll 1981/82:18 Onsdagen den 4 november,73,0,2026-10-06
G50921,1981/82,21,1981-11-09,Riksdagens protokoll 1981/82:21 Måndagen den 9 november,21,1,2026-10-06
G50920,1981/82,20,1981-11-06,Riksdagens protokoll 1981/82:20 Fredagen den 6 november,92,8,2026-10-06
G50922,1981/82,22,1981-11-10,Riksdagens protokoll 1981/82:22 Tisdagen den 10 november,32,0,2026-10-06
G50923,1981/82,23,1981-11-11,Riksdagens protokoll 1981/82:23 Onsdagen den 11 november,67,18,2026-10-06
G50924,1981/82,24,1981-11-11,Riksdagens protokoll 1981/82:24 Onsdagen den 11 november,0,1,2026-10-06
G50925,1981/82,25,1981-11-12,Riksdagens protokoll 1981/82:25 Torsdagen den 12 november,96,14,2026-10-06
G50926,1981/82,26,1981-11-13,Riksdagens protokoll 1981/82:26 Fredagen den 13 november,48,0,2026-10-06
G50927,1981/82,27,1981-11-16,Riksdagens protokoll 1981/82:27 Måndagen den 16 november,35,0,2026-10-06
G50928,1981/82,28,1981-11-17,Riksdagens protokoll 1981/82:28 Tisdagen den 17 november,33,0,2026-10-06
G50930,1981/82,30,1981-11-18,Riksdagens protokoll 1981/82:30 Onsdagen den 18 november,56,19,2026-10-06
G50931,1981/82,31,1981-11-19,Riksdagens protokoll 1981/82:31 Torsdagen den 19 november,34,0,2026-10-06
G50929,1981/82,29,1981-11-18,Riksdagens protokoll 1981/82:29 Onsdagen den 18 november,87,2,2026-10-06
G50932,1981/82,32,1981-11-20,Riksdagens protokoll 1981/82:32 Fredagen den 20 november,31,1,2026-10-06
G50934,1981/82,34,1981-11-24,Riksdagens protokoll 1981/82:34 Tisdagen den 24 november,72,0,2026-10-06
G50933,1981/82,33,1981-11-23,Riksdagens protokoll 1981/82:33 Måndagen den 23 november,80,11,2026-10-06
G50936,1981/82,36,1981-11-25,Riksdagens protokoll 1981/82:36 Onsdagen den 25 november,63,0,2026-10-06
G50935,1981/82,35,1981-11-25,Riksdagens protokoll 1981/82:35 Onsdagen den 25 november,100,1,2026-10-06
G50937,1981/82,37,1981-11-26,Riksdagens protokoll 1981/82:37 Torsdagen den 26 november,102,1,2026-10-06
G50939,1981/82,39,1981-11-30,Riksdagens protokoll 1981/82:39 Måndagen den 30 november,0,1,2026-10-06
G50940,1981/82,40,1981-12-01,Riksdagens protokoll 1981/82:40 Tisdagen den 1 december,21,0,2026-10-06
G50938,1981/82,38,1981-11-27,Riksdagens protokoll 1981/82:38 Fredagen den 27 november,81,0,2026-10-06
G50941,1981/82,41,1981-12-02,Riksdagens protokoll 1981/82:41 Onsdagen den 2 december,114,15,2026-10-06
G50942,1981/82,42,1981-12-03,Riksdagens protokoll 1981/82:42 Torsdagen den 3 december,59,0,2026-10-06
G50943,1981/82,43,1981-12-04,Riksdagens protokoll 1981/82:43 Fredagen den 4 december,68,0,2026-10-06
G50944,1981/82,44,1981-12-07,Riksdagens protokoll 1981/82:44 Måndagen den 7 december,7,0,2026-10-06
G50947,1981/82,47,1981-12-09,Riksdagens protokoll 1981/82:47 Onsdagen den 9 december,16,0,2026-10-06
G50945,1981/82,45,1981-12-08,Riksdagens protokoll 1981/82:45 Tisdagen den 8 december,112,0,2026-10-06
G50946,1981/82,46,1981-12-09,Riksdagens protokoll 1981/82:46 Onsdagen den 9 december,104,0,2026-10-06
G50948,1981/82,48,1981-12-10,Riksdagens protokoll 1981/82:48 Torsdagen den 10 december,101,3,2026-10-06
G50949,1981/82,49,1981-12-10,Riksdagens protokoll 1981/82:49 Torsdagen den 10 december,69,0,2026-10-06
G50950,1981/82,50,1981-12-11,Riksdagens protokoll 1981/82:50 Fredagen den 11 december,95,0,2026-10-06
G50951,1981/82,51,1981-12-14,Riksdagens protokoll 1981/82:51 Måndagen den 14 december,127,0,2026-10-06
G50952,1981/82,52,1981-12-15,Riksdagens protokoll 1981/82:52 Tisdagen den 15 december,101,1,2026-10-06
G50954,1981/82,54,1981-12-16,Riksdagens protokoll 1981/82:54 Onsdagen den 16 december,28,0,2026-10-06
G50953,1981/82,53,1981-12-16,Riksdagens protokoll 1981/82:53 Onsdagen den 16 december,156,2,2026-10-06
G50957,1981/82,57,1982-01-12,Riksdagens protokoll 1981/82:57 Tisdagen den 12 januari,1,0,2026-10-06
G50955,1981/82,55,1981-12-17,Riksdagens protokoll 1981/82:55 Torsdagen den 17 december,91,2,2026-10-06
G50956,1981/82,56,1982-01-11,Riksdagens protokoll 1981/82:56 Måndagen den 11 januari,30,0,2026-10-06
G50958,1981/82,58,1982-01-13,Riksdagens protokoll 1981/82:58 Onsdagen den 13 januari,58,1,2026-10-06
G50959,1981/82,59,1982-01-14,Riksdagens protokoll 1981/82:59 Torsdagen den 14 januari,54,1,2026-10-06
G50960,1981/82,60,1982-01-15,Riksdagens protokoll 1981/82:60 Fredagen den 15 januari,24,0,2026-10-06
G50962,1981/82,62,1982-01-19,Riksdagens protokoll 1981/82:62 Tisdagen den 19 januari,20,0,2026-10-06
G50963,1981/82,63,1982-01-20,Riksdagens protokoll 1981/82:63 Onsdagen den 20 januari,0,0,2026-10-06
G50961,1981/82,61,1982-01-18,Riksdagens protokoll 1981/82:61 Måndagen den 18 januari,6,0,2026-10-06
G50964,1981/82,64,1982-01-21,Riksdagens protokoll 1981/82:64 Torsdagen den 21 januari,13,0,2026-10-06
G50965,1981/82,65,1982-01-22,Riksdagens protokoll 1981/82:65 Fredagen den 22 januari,11,0,2026-10-06
G50966,1981/82,66,1982-01-25,Riksdagens protokoll 1981/82:66 Måndagen den 25 januari,13,0,2026-10-06
G50967,1981/82,67,1982-01-26,Riksdagens protokoll 1981/82:67 Tisdagen den 26 januari,0,1,2026-10-06
G50969,1981/82,69,1982-02-02,Riksdagens protokoll 1981/82:69 Tisdagen den 2 februari,77,0,2026-10-06
G50968,1981/82,68,1982-02-01,Riksdagens protokoll 1981/82:68 Måndagen den 1 februari,60,0,2026-10-06
G50970,1981/82,70,1982-02-03,Riksdagens protokoll 1981/82:70 Onsdagen den 3 februari,47,5,2026-10-06
G50971,1981/82,71,1982-02-03,Riksdagens protokoll 1981/82:71 Onsdagen den 3 februari,34,3,2026-10-06
G50972,1981/82,72,1982-02-04,Riksdagens protokoll 1981/82:72 Torsdagen den 4 februari,97,6,2026-10-06
G50973,1981/82,73,1982-02-04,Riksdagens protokoll 1981/82:73 Torsdagen den 4 februari,30,4,2026-10-06
G50974,1981/82,74,1982-02-05,Riksdagens protokoll 1981/82:74 Fredagen den 5 februari,13,1,2026-10-06
G50975,1981/82,75,1982-02-08,Riksdagens protokoll 1981/82:75 Måndagen den 8 februari,38,0,2026-10-06
G50976,1981/82,76,1982-02-09,Riksdagens protokoll 1981/82:76 Tisdagen den 9 februari,22,4,2026-10-06
G50977,1981/82,77,1982-02-10,Riksdagens protokoll 1981/82:77 Onsdagen den 10 februari,12,0,2026-10-06
G50978,1981/82,78,1982-02-11,Riksdagens protokoll 1981/82:78 Torsdagen den 11 februari,40,0,2026-10-06
G50979,1981/82,79,1982-02-12,Riksdagens protokoll 1981/82:79 Fredagen den 12 februari,15,1,2026-10-06
G50981,1981/82,81,1982-02-16,Riksdagens protokoll 1981/82:81 Tisdagen den 16 februari,48,2,2026-10-06
G50980,1981/82,80,1982-02-15,Riksdagens protokoll 1981/82:80 Måndagen den 15 februari,63,11,2026-10-06
G50983,1981/82,83,1982-02-18,Riksdagens protokoll 1981/82:83 Torsdagen den 18 februari,30,0,2026-10-06
G50982,1981/82,82,1982-02-17,Riksdagens protokoll 1981/82:82 Onsdagen den 17 februari,62,0,2026-10-06
G50984,1981/82,84,1982-02-19,Riksdagens protokoll 1981/82:84 Fredagen den 19 februari,7,0,2026-10-06
G50986,1981/82,86,1982-02-23,Riksdagens protokoll 1981/82:86 Tisdagen den 23 februari,16,0,2026-10-06
G50985,1981/82,85,1982-02-22,Riksdagens protokoll 1981/82:85 Måndagen den 22 februari,10,0,2026-10-06
G50989,1981/82,89,1982-02-26,Riksdagens protokoll 1981/82:89 Fredagen den 26 februari,0,0,2026-10-06
G50987,1981/82,87,1982-02-24,Riksdagens protokoll 1981/82:87 Onsdagen den 24 februari,109,0,2026-10-06
G50988,1981/82,88,1982-02-25,Riksdagens protokoll 1981/82:88 Torsdagen den 25 februari,36,0,2026-10-06
G50990,1981/82,90,1982-03-08,Riksdagens protokoll 1981/82:90 Måndagen den 8 mars,12,0,2026-10-06
G50991,1981/82,91,1982-03-09,Riksdagens protokoll 1981/82:91 Tisdagen den 9 mars,26,3,2026-10-06
G50992,1981/82,92,1982-03-10,Riksdagens protokoll 1981/82:92 Onsdagen den 10 mars,51,4,2026-10-06
G50993,1981/82,93,1982-03-10,Riksdagens protokoll 1981/82:93 Onsdagen den 10 mars,39,3,2026-10-06
G50994,1981/82,94,1982-03-11,Riksdagens protokoll 1981/82:94 Torsdagen den 11 mars,108,1,2026-10-06
G50996,1981/82,96,1982-03-12,Riksdagens protokoll 1981/82:96 Fredagen den 12 mars,9,0,2026-10-06
G50995,1981/82,95,1982-03-11,Riksdagens protokoll 1981/82:95 Torsdagen den 11 mars,55,6,2026-10-06
G50997,1981/82,97,1982-03-15,Riksdagens protokoll 1981/82:97 Måndagen den 15 mars,3,0,2026-10-06
G50998,1981/82,98,1982-03-16,Riksdagens protokoll 1981/82:98 Tisdagen den 16 mars,28,0,2026-10-06
G509100,1981/82,100,1982-03-17,Riksdagens protokoll 1981/82:100 Onsdagen den 17 mars,62,4,2026-10-06
G50999,1981/82,99,1982-03-17,Riksdagens protokoll 1981/82:99 Onsdagen den 17 mars,59,2,2026-10-06
G509101,1981/82,101,1982-03-18,Riksdagens protokoll 1981/82:101 Torsdagen den 18 mars,72,1,2026-10-06
G509102,1981/82,102,1982-03-19,Riksdagens protokoll 1981/82:102 Fredagen den 19 mars,34,4,2026-10-06
G509103,1981/82,103,1982-03-22,Riksdagens protokoll 1981/82:103 Måndagen den 22 mars,19,4,2026-10-06
G509104,1981/82,104,1982-03-23,Riksdagens protokoll 1981/82:104 Tisdagen den 23 mars,3,0,2026-10-06
G509106,1981/82,106,1982-03-24,Riksdagens protokoll 1981/82:106 Onsdagen den 24 mars,4,0,2026-10-06
G509105,1981/82,105,1982-03-24,Riksdagens protokoll 1981/82:105 Onsdagen den 24 mars,5,2,2026-10-06
G509107,1981/82,107,1982-03-25,Riksdagens protokoll 1981/82:107 Torsdagen den 25 mars,2,0,2026-10-06
G509109,1981/82,109,1982-03-26,Riksdagens protokoll 1981/82:109 Fredagen den 26 mars,0,0,2026-10-06
G509108,1981/82,108,1982-03-25,Riksdagens protokoll 1981/82:108 Torsdagen den 25 mars,1,0,2026-10-06
G509110,1981/82,110,1982-03-29,Riksdagens protokoll 1981/82:110 Måndagen den 29 mars,0,1,2026-10-06
G509111,1981/82,111,1982-03-30,Riksdagens protokoll 1981/82:111 Tisdagen den 30 mars,1,0,2026-10-06
G509113,1981/82,113,1982-03-31,Riksdagens protokoll 1981/82:113 Onsdagen den 31 mars,1,0,2026-10-06
G509112,1981/82,112,1982-03-31,Riksdagens protokoll 1981/82:112 Onsdagen den 31 mars,4,0,2026-10-06
G509116,1981/82,116,1982-04-02,Riksdagens protokoll 1981/82:116 Fredagen den 2 april,19,0,2026-10-06
G509115,1981/82,115,1982-04-01,Riksdagens protokoll 1981/82:115 Torsdagen den 1 april,38,1,2026-10-06
G509114,1981/82,114,1982-04-01,Riksdagens protokoll 1981/82:114 Torsdagen den 1 april,87,1,2026-10-06
G509117,1981/82,117,1982-04-13,Riksdagens protokoll 1981/82:117 Tisdagen den 13 april,23,0,2026-10-06
G509119,1981/82,119,1982-04-14,Riksdagens protokoll 1981/82:119 Onsdagen den 14 april,70,0,2026-10-06
G509118,1981/82,118,1982-04-14,Riksdagens protokoll 1981/82:118 Onsdagen den 14 april,100,0,2026-10-06
G509120,1981/82,120,1982-04-15,Riksdagens protokoll 1981/82:120 Torsdagen den 15 april,93,1,2026-10-06
G509122,1981/82,122,1982-04-16,Riksdagens protokoll 1981/82:122 Fredagen den 16 april,7,0,2026-10-06
G509121,1981/82,121,1982-04-15,Riksdagens protokoll 1981/82:121 Torsdagen den 15 april,54,2,2026-10-06
G509124,1981/82,124,1982-04-20,Riksdagens protokoll 1981/82:124 Tisdagen den 20 april,40,0,2026-10-06
G509123,1981/82,123,1982-04-19,Riksdagens protokoll 1981/82:123 Måndagen den 19 april,22,0,2026-10-06
G509125,1981/82,125,1982-04-21,Riksdagens protokoll 1981/82:125 Onsdagen den 21 april,75,29,2026-10-06
G509126,1981/82,126,1982-04-21,Riksdagens protokoll 1981/82:126 Onsdagen den 21 april,56,0,2026-10-06
G509127,1981/82,127,1982-04-22,Riksdagens protokoll 1981/82:127 Torsdagen den 22 april,74,0,2026-10-06
G509128,1981/82,128,1982-04-22,Riksdagens protokoll 1981/82:128 Torsdagen den 22 april,40,0,2026-10-06
G509129,1981/82,129,1982-04-23,Riksdagens protokoll 1981/82:129 Fredagen den 23 april,0,0,2026-10-06
G509130,1981/82,130,1982-04-26,Riksdagens protokoll 1981/82:130 Måndagen den 26 april,0,0,2026-10-06
G509131,1981/82,131,1982-04-27,Riksdagens protokoll 1981/82:131 Tisdagen den 27 april,56,0,2026-10-06
G509133,1981/82,133,1982-04-28,Riksdagens protokoll 1981/82:133 Onsdagen den 28 april,60,0,2026-10-06
G509132,1981/82,132,1982-04-28,Riksdagens protokoll 1981/82:132 Onsdagen den 28 april,106,0,2026-10-06
G509135,1981/82,135,1982-04-30,Riksdagens protokoll 1981/82:135 Fredagen den 30 april,0,1,2026-10-06
G509134,1981/82,134,1982-04-29,Riksdagens protokoll 1981/82:134 Torsdagen den 29 april,79,14,2026-10-06
G509137,1981/82,137,1982-05-04,Riksdagens protokoll 1981/82:137 Tisdagen den 4 maj,25,0,2026-10-06
G509136,1981/82,136,1982-05-03,Riksdagens protokoll 1981/82:136 Måndagen den 3 maj,13,0,2026-10-06
G509138,1981/82,138,1982-05-05,Riksdagens protokoll 1981/82:138 Onsdagen den 5 maj,72,0,2026-10-06
G509139,1981/82,139,1982-05-05,Riksdagens protokoll 1981/82:139 Onsdagen den 5 maj,55,0,2026-10-06
G509140,1981/82,140,1982-05-06,Riksdagens protokoll 1981/82:140 Torsdagen den 6 maj,97,5,2026-10-06
G509142,1981/82,142,1982-05-07,Riksdagens protokoll 1981/82:142 Fredagen den 7 maj,0,1,2026-10-06
G509141,1981/82,141,1982-05-06,Riksdagens protokoll 1981/82:141 Torsdagen den 6 maj,30,4,2026-10-06
G509144,1981/82,144,1982-05-11,Riksdagens protokoll 1981/82:144 Tisdagen den 11 maj,33,0,2026-10-06
G509143,1981/82,143,1982-05-10,Riksdagens protokoll 1981/82:143 Måndagen den 10 maj,48,1,2026-10-06
G509145,1981/82,145,1982-05-12,Riksdagens protokoll 1981/82:145 Onsdagen den 12 maj,102,0,2026-10-06
G509146,1981/82,146,1982-05-12,Riksdagens protokoll 1981/82:146 Onsdagen den 12 maj,80,0,2026-10-06
G509147,1981/82,147,1982-05-13,Riksdagens protokoll 1981/82:147 Torsdagen den 13 maj,82,0,2026-10-06
G509149,1981/82,149,1982-05-14,Riksdagens protokoll 1981/82:149 Fredagen den 14 maj,0,1,2026-10-06
G509148,1981/82,148,1982-05-13,Riksdagens protokoll 1981/82:148 Torsdagen den 13 maj,49,2,2026-10-06
G509150,1981/82,150,1982-05-17,Riksdagens protokoll 1981/82:150 Måndagen den 17 maj,32,2,2026-10-06
G509152,1981/82,152,1982-05-18,Riksdagens protokoll 1981/82:152 Tisdagen den 18 maj,47,3,2026-10-06
G509151,1981/82,151,1982-05-18,Riksdagens protokoll 1981/82:151 Tisdagen den 18 maj,93,0,2026-10-06
G509153,1981/82,153,1982-05-19,Riksdagens protokoll 1981/82:153 Onsdagen den 19 maj,59,6,2026-10-06
G509154,1981/82,154,1982-05-24,Riksdagens protokoll 1981/82:154 Måndagen den 24 maj,103,4,2026-10-06
G509155,1981/82,155,1982-05-25,Riksdagens protokoll 1981/82:155 Tisdagen den 25 maj,97,1,2026-10-06
G509157,1981/82,157,1982-05-26,Riksdagens protokoll 1981/82:157 Onsdagen den 26 maj,42,2,2026-10-06
G509156,1981/82,156,1982-05-26,Riksdagens protokoll 1981/82:156 Onsdagen den 26 maj,63,1,2026-10-06
G509158,1981/82,158,1982-05-27,Riksdagens protokoll 1981/82:158 Torsdagen den 27 maj,93,0,2026-10-06
G509160,1981/82,160,1982-05-28,Riksdagens protokoll 1981/82:160 Fredagen den 28 maj,47,0,2026-10-06
G509159,1981/82,159,1982-05-27,Riksdagens protokoll 1981/82:159 Torsdagen den 27 maj,49,33,2026-10-06
G509161,1981/82,161,1982-06-01,Riksdagens protokoll 1981/82:161 Tisdagen den 1 juni,93,0,2026-10-06
G509163,1981/82,163,1982-06-02,Riksdagens protokoll 1981/82:163 Onsdagen den 2 juni,68,8,2026-10-06
G509162,1981/82,162,1982-06-02,Riksdagens protokoll 1981/82:162 Onsdagen den 2 juni,109,9,2026-10-06
G509165,1981/82,165,1982-06-03,Riksdagens protokoll 1981/82:165 Torsdagen den 3 juni,42,0,2026-10-06
G509164,1981/82,164,1982-06-03,Riksdagens protokoll 1981/82:164 Torsdagen den 3 juni,53,2,2026-10-06
G509166,1981/82,166,1982-06-04,Riksdagens protokoll 1981/82:166 Fredagen den 4 juni,63,1,2026-10-06
G509167,1981/82,167,1982-06-07,Riksdagens protokoll 1981/82:167 Måndagen den 7 juni,92,0,2026-10-06
G509168,1981/82,168,1982-06-07,Riksdagens protokoll 1981/82:168 Måndagen den 7 juni,54,0,2026-10-06
G509169,1981/82,169,1982-06-08,Riksdagens protokoll 1981/82:169 Tisdagen den 8 juni,83,1,2026-10-06
G509170,1981/82,170,1982-06-08,Riksdagens protokoll 1981/82:170 Tisdagen den 8 juni,41,1,2026-10-06
G509171,1981/82,171,1982-06-09,Riksdagens protokoll 1981/82:171 Onsdagen den 9 juni,70,5,2026-10-06
G509173,1981/82,173,1982-06-10,Riksdagens protokoll 1981/82:173 Torsdagen den 10 juni,47,7,2026-10-06
G509172,1981/82,172,1982-06-10,Riksdagens protokoll 1981/82:172 Torsdagen den 10 juni,53,3,2026-10-06
G509174,1981/82,174,1982-06-11,Riksdagens protokoll 1981/82:174 Fredagen den 11 juni,101,1,2026-10-06
G509176,1981/82,176,1982-06-12,Riksdagens protokoll 1981/82:176 Lördagen den 12 juni,57,3,2026-10-06
G509175,1981/82,175,1982-06-11,Riksdagens protokoll 1981/82:175 Fredagen den 11 juni,52,3,2026-10-06
G509177,1981/82,177,1982-06-12,Riksdagens protokoll 1981/82:177 Lördagen den 12 juni,4,0,2026-10-06
G509178,1981/82,178,1982-06-22,Riksdagens protokoll 1981/82:178 Tisdagen den 22 juni,0,0,2026-10-06
G6092,1982/83,2,1982-10-05,Riksdagens protokoll 1982/83:2 Tisdagen den 5 oktober,0,0,2026-10-06
G6093,1982/83,3,1982-10-05,Riksdagens protokoll 1982/83:3 Tisdagen den 5 oktober,2,0,2026-10-06
G6091,1982/83,1,1982-10-04,Riksdagens protokoll 1982/83:1 Måndagen den 4 oktober,12,0,2026-10-06
G6094,1982/83,4,1982-10-06,Riksdagens protokoll 1982/83:4 Onsdagen den 6 oktober,0,0,2026-10-06
G6095,1982/83,5,1982-10-07,Riksdagens protokoll 1982/83:5 Torsdagen den 7 oktober,4,0,2026-10-06
G6096,1982/83,6,1982-10-08,Riksdagens protokoll 1982/83:6 Fredagen den 8 oktober,1,1,2026-10-06
G6097,1982/83,7,1982-10-11,Riksdagens protokoll 1982/83:7 Måndagen den 11 oktober,2,0,2026-10-06
G6098,1982/83,8,1982-10-12,Riksdagens protokoll 1982/83:8 Tisdagen den 12 oktober,5,0,2026-10-06
G6099,1982/83,9,1982-10-13,Riksdagens protokoll 1982/83:9 Onsdagen den 13 oktober,1,0,2026-10-06
G60910,1982/83,10,1982-10-14,Riksdagens protokoll 1982/83:10 Torsdagen den 14 oktober,1,0,2026-10-06
G60911,1982/83,11,1982-10-18,Riksdagens protokoll 1982/83:11 Måndagen den 18 oktober,1,0,2026-10-06
G60913,1982/83,13,1982-10-20,Riksdagens protokoll 1982/83:13 Onsdagen den 20 oktober,1,0,2026-10-06
G60912,1982/83,12,1982-10-19,Riksdagens protokoll 1982/83:12 Tisdagen den 19 oktober,14,0,2026-10-06
G60914,1982/83,14,1982-10-21,Riksdagens protokoll 1982/83:14 Torsdagen den 21 oktober,13,1,2026-10-06
G60915,1982/83,15,1982-10-26,Riksdagens protokoll 1982/83:15 Tisdagen den 26 oktober,0,0,2026-10-06
G60917,1982/83,17,1982-10-27,Riksdagens protokoll 1982/83:17 Onsdagen den 27 oktober,1,1,2026-10-06
G60918,1982/83,18,1982-10-28,Riksdagens protokoll 1982/83:18 Torsdagen den 28 oktober,3,0,2026-10-06
G60916,1982/83,16,1982-10-27,Riksdagens protokoll 1982/83:16 Onsdagen den 27 oktober,0,1,2026-10-06
G60920,1982/83,20,1982-10-29,Riksdagens protokoll 1982/83:20 Fredagen den 29 oktober,0,0,2026-10-06
G60921,1982/83,21,1982-11-08,Riksdagens protokoll 1982/83:21 Måndagen den 8 november,4,0,2026-10-06
G60922,1982/83,22,1982-11-09,Riksdagens protokoll 1982/83:22 Tisdagen den 9 november,5,1,2026-10-06
G60923,1982/83,23,1982-11-10,Riksdagens protokoll 1982/83:23 Onsdagen den 10 november,0,0,2026-10-06
G60924,1982/83,24,1982-11-11,Riksdagens protokoll 1982/83:24 Torsdagen den 11 november,1,0,2026-10-06
G60925,1982/83,25,1982-11-12,Riksdagens protokoll 1982/83:25 Fredagen den 12 november,0,0,2026-10-06
G60927,1982/83,27,1982-11-16,Riksdagens protokoll 1982/83:27 Tisdagen den 16 november,1,0,2026-10-06
G60926,1982/83,26,1982-11-15,Riksdagens protokoll 1982/83:26 Måndagen den 15 november,2,0,2026-10-06
G60928,1982/83,28,1982-11-17,Riksdagens protokoll 1982/83:28 Onsdagen den 17 november,0,2,2026-10-06
G60929,1982/83,29,1982-11-18,Riksdagens protokoll 1982/83:29 Torsdagen den 18 november,2,0,2026-10-06
G60930,1982/83,30,1982-11-19,Riksdagens protokoll 1982/83:30 Fredagen den 19 november,0,0,2026-10-06
G60932,1982/83,32,1982-11-23,Riksdagens protokoll 1982/83:32 Tisdagen den 23 november,1,0,2026-10-06
G60931,1982/83,31,1982-11-22,Riksdagens protokoll 1982/83:31 Måndagen den 22 november,0,0,2026-10-06
G60934,1982/83,34,1982-11-25,Riksdagens protokoll 1982/83:34 Torsdagen den 25 november,1,0,2026-10-06
G60933,1982/83,33,1982-11-24,Riksdagens protokoll 1982/83:33 Onsdagen den 24 november,2,0,2026-10-06
G60936,1982/83,36,1982-11-29,Riksdagens protokoll 1982/83:36 Måndagen den 29 november,0,0,2026-10-06
G60935,1982/83,35,1982-11-26,Riksdagens protokoll 1982/83:35 Fredagen den 26 november,2,0,2026-10-06
G60937,1982/83,37,1982-11-30,Riksdagens protokoll 1982/83:37 Tisdagen den 30 november,1,0,2026-10-06
G60940,1982/83,40,1982-12-03,Riksdagens protokoll 1982/83:40 Fredagen den 3 december,0,0,2026-10-06
G60939,1982/83,39,1982-12-02,Riksdagens protokoll 1982/83:39 Torsdagen den 2 december,2,0,2026-10-06
G60938,1982/83,38,1982-12-01,Riksdagens protokoll 1982/83:38 Onsdagen den 1 december,0,0,2026-10-06
G60941,1982/83,41,1982-12-06,Riksdagens protokoll 1982/83:41 Måndagen den 6 december,2,0,2026-10-06
G60942,1982/83,42,1982-12-07,Riksdagens protokoll 1982/83:42 Tisdagen den 7 december,5,0,2026-10-06
G60944,1982/83,44,1982-12-08,Riksdagens protokoll 1982/83:44 Onsdagen den 8 december,1,0,2026-10-06
G60945,1982/83,45,1982-12-09,Riksdagens protokoll 1982/83:45 Torsdagen den 9 december,2,1,2026-10-06
G60946,1982/83,46,1982-12-09,Riksdagens protokoll 1982/83:46 Torsdagen den 9 december,0,0,2026-10-06
G60943,1982/83,43,1982-12-08,Riksdagens protokoll 1982/83:43 Onsdagen den 8 december,1,0,2026-10-06
G60947,1982/83,47,1982-12-10,Riksdagens protokoll 1982/83:47 Fredagen den 10 december,0,0,2026-10-06
G60948,1982/83,48,1982-12-13,Riksdagens protokoll 1982/83:48 Måndagen den 13 december,7,0,2026-10-06
G60949,1982/83,49,1982-12-14,Riksdagens protokoll 1982/83:49 Tisdagen den 14 december,1,0,2026-10-06
G60952,1982/83,52,1982-12-16,Riksdagens protokoll 1982/83:52 Torsdagen den 16 december,6,2,2026-10-06
G60951,1982/83,51,1982-12-15,Riksdagens protokoll 1982/83:51 Onsdagen den 15 december,0,0,2026-10-06
G60953,1982/83,53,1982-12-16,Riksdagens protokoll 1982/83:53 Torsdagen den 16 december,2,2,2026-10-06
G60950,1982/83,50,1982-12-15,Riksdagens protokoll 1982/83:50 Onsdagen den 15 december,4,1,2026-10-06
G60955,1982/83,55,1982-12-17,Riksdagens protokoll 1982/83:55 Fredagen den 17 december,8,0,2026-10-06
G60954,1982/83,54,1982-12-17,Riksdagens protokoll 1982/83:54 Fredagen den 17 december,117,10,2026-10-06
G60956,1982/83,56,1983-01-10,Riksdagens protokoll 1982/83:56 Måndagen den 10 januari,2,0,2026-10-06
G60919,1982/83,19,1982-12-31,Riksdagens protokoll 1982/83:19,0,0,2026-10-06
G60957,1982/83,57,1983-01-11,Riksdagens protokoll 1982/83:57 Tisdagen den 11 januari,1,0,2026-10-06
G60958,1982/83,58,1983-01-12,Riksdagens protokoll 1982/83:58 Onsdagen den 12 januari,26,1,2026-10-06
G60959,1982/83,59,1983-01-13,Riksdagens protokoll 1982/83:59 Torsdagen den 13 januari,50,16,2026-10-06
G60960,1982/83,60,1983-01-14,Riksdagens protokoll 1982/83:60 Fredagen den 14 januari,17,0,2026-10-06
G60961,1982/83,61,1983-01-17,Riksdagens protokoll 1982/83:61 Måndagen den 17 januari,69,0,2026-10-06
G60962,1982/83,62,1983-01-18,Riksdagens protokoll 1982/83:62 Tisdagen den 18 januari,40,0,2026-10-06
G60963,1982/83,63,1983-01-19,Riksdagens protokoll 1982/83:63 Onsdagen den 19 januari,33,0,2026-10-06
G60964,1982/83,64,1983-01-20,Riksdagens protokoll 1982/83:64 Torsdagen den 20 januari,71,0,2026-10-06
G60965,1982/83,65,1983-01-21,Riksdagens protokoll 1982/83:65 Fredagen den 21 januari,27,0,2026-10-06
G60966,1982/83,66,1983-01-24,Riksdagens protokoll 1982/83:66 Måndagen den 24 januari,43,0,2026-10-06
G60967,1982/83,67,1983-01-25,Riksdagens protokoll 1982/83:67 Tisdagen den 25 januari,0,0,2026-10-06
G60968,1982/83,68,1983-01-25,Riksdagens protokoll 1982/83:68 Tisdagen den 25 januari,1,0,2026-10-06
G60969,1982/83,69,1983-01-31,Riksdagens protokoll 1982/83:69 Måndagen den 31 januari,46,5,2026-10-06
G60970,1982/83,70,1983-02-01,Riksdagens protokoll 1982/83:70 Tisdagen den 1 februari,89,0,2026-10-06
G60972,1982/83,72,1983-02-02,Riksdagens protokoll 1982/83:72 Onsdagen den 2 februari,43,1,2026-10-06
G60971,1982/83,71,1983-02-02,Riksdagens protokoll 1982/83:71 Onsdagen den 2 februari,43,3,2026-10-06
G60974,1982/83,74,1983-02-03,Riksdagens protokoll 1982/83:74 Torsdagen den 3 februari,9,0,2026-10-06
G60975,1982/83,75,1983-02-04,Riksdagens protokoll 1982/83:75 Fredagen den 4 februari,9,0,2026-10-06
G60973,1982/83,73,1983-02-03,Riksdagens protokoll 1982/83:73 Torsdagen den 3 februari,92,1,2026-10-06
G60976,1982/83,76,1983-02-07,Riksdagens protokoll 1982/83:76 Måndagen den 7 februari,22,0,2026-10-06
G60977,1982/83,77,1983-02-08,Riksdagens protokoll 1982/83:77 Tisdagen den 8 februari,9,0,2026-10-06
G60978,1982/83,78,1983-02-09,Riksdagens protokoll 1982/83:78 Onsdagen den 9 februari,11,0,2026-10-06
G60980,1982/83,80,1983-02-11,Riksdagens protokoll 1982/83:80 Fredagen den 11 februari,5,0,2026-10-06
G60979,1982/83,79,1983-02-10,Riksdagens protokoll 1982/83:79 Torsdagen den 10 februari,54,0,2026-10-06
G60982,1982/83,82,1983-02-15,Riksdagens protokoll 1982/83:82 Tisdagen den 15 februari,24,0,2026-10-06
G60984,1982/83,84,1983-02-17,Riksdagens protokoll 1982/83:84 Torsdagen den 17 februari,29,0,2026-10-06
G60981,1982/83,81,1983-02-14,Riksdagens protokoll 1982/83:81 Måndagen den 14 februari,11,0,2026-10-06
G60983,1982/83,83,1983-02-16,Riksdagens protokoll 1982/83:83 Onsdagen den 16 februari,48,0,2026-10-06
G60985,1982/83,85,1983-02-18,Riksdagens protokoll 1982/83:85 Fredagen den 18 februari,17,0,2026-10-06
G60987,1982/83,87,1983-03-01,Riksdagens protokoll 1982/83:87 Tisdagen den 1 mars,47,1,2026-10-06
G60986,1982/83,86,1983-02-28,Riksdagens protokoll 1982/83:86 Måndagen den 28 februari,33,0,2026-10-06
G60989,1982/83,89,1983-03-03,Riksdagens protokoll 1982/83:89 Torsdagen den 3 mars,24,0,2026-10-06
G60991,1982/83,91,1983-03-07,Riksdagens protokoll 1982/83:91 Måndagen den 7 mars,20,0,2026-10-06
G60988,1982/83,88,1983-03-02,Riksdagens protokoll 1982/83:88 Onsdagen den 2 mars,65,4,2026-10-06
G60990,1982/83,90,1983-03-04,Riksdagens protokoll 1982/83:90 Fredagen den 4 mars,48,26,2026-10-06
G60992,1982/83,92,1983-03-08,Riksdagens protokoll 1982/83:92 Tisdagen den 8 mars,11,0,2026-10-06
G60995,1982/83,95,1983-03-11,Riksdagens protokoll 1982/83:95 Fredagen den 11 mars,6,0,2026-10-06
G60993,1982/83,93,1983-03-09,Riksdagens protokoll 1982/83:93 Onsdagen den 9 mars,133,1,2026-10-06
G60994,1982/83,94,1983-03-10,Riksdagens protokoll 1982/83:94 Torsdagen den 10 mars,87,0,2026-10-06
G60996,1982/83,96,1983-03-14,Riksdagens protokoll 1982/83:96 Måndagen den 14 mars,57,2,2026-10-06
G60997,1982/83,97,1983-03-15,Riksdagens protokoll 1982/83:97 Tisdagen den 15 mars,6,0,2026-10-06
G60999,1982/83,99,1983-03-16,Riksdagens protokoll 1982/83:99 Onsdagen den 16 mars,41,1,2026-10-06
G60998,1982/83,98,1983-03-16,Riksdagens protokoll 1982/83:98 Onsdagen den 16 mars,42,1,2026-10-06
G609100,1982/83,100,1983-03-17,Riksdagens protokoll 1982/83:100 Torsdagen den 17 mars,113,0,2026-10-06
G609101,1982/83,101,1983-03-17,Riksdagens protokoll 1982/83:101 Torsdagen den 17 mars,48,0,2026-10-06
G609102,1982/83,102,1983-03-18,Riksdagens protokoll 1982/83:102 Fredagen den 18 mars,43,1,2026-10-06
G609103,1982/83,103,1983-03-21,Riksdagens protokoll 1982/83:103 Måndagen den 21 mars,21,0,2026-10-06
G609104,1982/83,104,1983-03-22,Riksdagens protokoll 1982/83:104 Tisdagen den 22 mars,58,6,2026-10-06
G609106,1982/83,106,1983-03-23,Riksdagens protokoll 1982/83:106 Onsdagen den 23 mars,66,1,2026-10-06
G609105,1982/83,105,1983-03-23,Riksdagens protokoll 1982/83:105 Onsdagen den 23 mars,113,4,2026-10-06
G609108,1982/83,108,1983-03-24,Riksdagens protokoll 1982/83:108 Torsdagen den 24 mars,72,0,2026-10-06
G609107,1982/83,107,1983-03-24,Riksdagens protokoll 1982/83:107 Torsdagen den 24 mars,117,0,2026-10-06
G609109,1982/83,109,1983-03-25,Riksdagens protokoll 1982/83:109 Fredagen den 25 mars,101,7,2026-10-06
G609110,1982/83,110,1983-04-05,Riksdagens protokoll 1982/83:110 Tisdagen den 5 april,60,0,2026-10-06
G609112,1982/83,112,1983-04-06,Riksdagens protokoll 1982/83:112 Onsdagen den 6 april,34,1,2026-10-06
G609111,1982/83,111,1983-04-06,Riksdagens protokoll 1982/83:111 Onsdagen den 6 april,109,0,2026-10-06
G609113,1982/83,113,1983-04-07,Riksdagens protokoll 1982/83:113 Torsdagen den 7 april,75,7,2026-10-06
G609114,1982/83,114,1983-04-08,Riksdagens protokoll 1982/83:114 Fredagen den 8 april,45,5,2026-10-06
G609115,1982/83,115,1983-04-11,Riksdagens protokoll 1982/83:115 Måndagen den 11 april,31,0,2026-10-06
G609116,1982/83,116,1983-04-12,Riksdagens protokoll 1982/83:116 Tisdagen den 12 april,85,8,2026-10-06
G609117,1982/83,117,1983-04-13,Riksdagens protokoll 1982/83:117 Onsdagen den 13 april,68,1,2026-10-06
G609120,1982/83,120,1983-04-14,Riksdagens protokoll 1982/83:120 Torsdagen den 14 april,43,3,2026-10-06
G609121,1982/83,121,1983-04-15,Riksdagens protokoll 1982/83:121 Fredagen den 15 april,0,0,2026-10-06
G609118,1982/83,118,1983-04-13,Riksdagens protokoll 1982/83:118 Onsdagen den 13 april,43,17,2026-10-06
G609122,1982/83,122,1983-04-18,Riksdagens protokoll 1982/83:122 Måndagen den 18 april,18,1,2026-10-06
G609119,1982/83,119,1983-04-14,Riksdagens protokoll 1982/83:119 Torsdagen den 14 april,115,7,2026-10-06
G609123,1982/83,123,1983-04-19,Riksdagens protokoll 1982/83:123 Tisdagen den 19 april,30,0,2026-10-06
G609125,1982/83,125,1983-04-20,Riksdagens protokoll 1982/83:125 Onsdagen den 20 april,43,0,2026-10-06
G609127,1982/83,127,1983-04-22,Riksdagens protokoll 1982/83:127 Fredagen den 22 april,6,0,2026-10-06
G609124,1982/83,124,1983-04-20,Riksdagens protokoll 1982/83:124 Onsdagen den 20 april,120,13,2026-10-06
G609126,1982/83,126,1983-04-21,Riksdagens protokoll 1982/83:126 Torsdagen den 21 april,0,1,2026-10-06
G609128,1982/83,128,1983-04-25,Riksdagens protokoll 1982/83:128 Måndagen den 25 april,56,1,2026-10-06
G609129,1982/83,129,1983-04-26,Riksdagens protokoll 1982/83:129 Tisdagen den 26 april,0,1,2026-10-06
G609130,1982/83,130,1983-04-27,Riksdagens protokoll 1982/83:130 Onsdagen den 27 april,92,1,2026-10-06
G609131,1982/83,131,1983-04-27,Riksdagens protokoll 1982/83:131 Onsdagen den 27 april,66,1,2026-10-06
G609132,1982/83,132,1983-04-28,Riksdagens protokoll 1982/83:132 Torsdagen den 28 april,89,0,2026-10-06
G609133,1982/83,133,1983-04-28,Riksdagens protokoll 1982/83:133 Torsdagen den 28 april,57,9,2026-10-06
G609134,1982/83,134,1983-04-29,Riksdagens protokoll 1982/83:134 Fredagen den 29 april,85,2,2026-10-06
G609136,1982/83,136,1983-05-03,Riksdagens protokoll 1982/83:136 Tisdagen den 3 maj,42,0,2026-10-06
G609135,1982/83,135,1983-05-02,Riksdagens protokoll 1982/83:135 Måndagen den 2 maj,69,6,2026-10-06
G609138,1982/83,138,1983-05-04,Riksdagens protokoll 1982/83:138 Onsdagen den 4 maj,44,1,2026-10-06
G609137,1982/83,137,1983-05-04,Riksdagens protokoll 1982/83:137 Onsdagen den 4 maj,83,1,2026-10-06
G609139,1982/83,139,1983-05-05,Riksdagens protokoll 1982/83:139 Torsdagen den 5 maj,87,0,2026-10-06
G609140,1982/83,140,1983-05-05,Riksdagens protokoll 1982/83:140 Torsdagen den 5 maj,46,0,2026-10-06
G609141,1982/83,141,1983-05-06,Riksdagens protokoll 1982/83:141 Fredagen den 6 maj,52,2,2026-10-06
G609142,1982/83,142,1983-05-09,Riksdagens protokoll 1982/83:142 Måndagen den 9 maj,20,0,2026-10-06
G609143,1982/83,143,1983-05-10,Riksdagens protokoll 1982/83:143 Tisdagen den 10 maj,95,2,2026-10-06
G609144,1982/83,144,1983-05-10,Riksdagens protokoll 1982/83:144 Tisdagen den 10 maj,50,2,2026-10-06
G609145,1982/83,145,1983-05-11,Riksdagens protokoll 1982/83:145 Onsdagen den 11 maj,58,1,2026-10-06
G609146,1982/83,146,1983-05-16,Riksdagens protokoll 1982/83:146 Måndagen den 16 maj,70,0,2026-10-06
G609147,1982/83,147,1983-05-17,Riksdagens protokoll 1982/83:147 Tisdagen den 17 maj,88,7,2026-10-06
G609149,1982/83,149,1983-05-18,Riksdagens protokoll 1982/83:149 Onsdagen den 18 maj,58,1,2026-10-06
G609148,1982/83,148,1983-05-18,Riksdagens protokoll 1982/83:148 Onsdagen den 18 maj,92,0,2026-10-06
G609150,1982/83,150,1983-05-19,Riksdagens protokoll 1982/83:150 Torsdagen den 19 maj,97,1,2026-10-06
G609151,1982/83,151,1983-05-19,Riksdagens protokoll 1982/83:151 Torsdagen den 19 maj,86,0,2026-10-06
G609152,1982/83,152,1983-05-20,Riksdagens protokoll 1982/83:152 Fredagen den 20 maj,102,0,2026-10-06
G609153,1982/83,153,1983-05-24,Riksdagens protokoll 1982/83:153 Tisdagen den 24 maj,106,9,2026-10-06
G609154,1982/83,154,1983-05-25,Riksdagens protokoll 1982/83:154 Onsdagen den 25 maj,170,0,2026-10-06
G609155,1982/83,155,1983-05-25,Riksdagens protokoll 1982/83:155 Onsdagen den 25 maj,61,1,2026-10-06
G609156,1982/83,156,1983-05-26,Riksdagens protokoll 1982/83:156 Torsdagen den 26 maj,87,0,2026-10-06
G609158,1982/83,158,1983-05-30,Riksdagens protokoll 1982/83:158 Måndagen den 30 maj,98,0,2026-10-06
G609159,1982/83,159,1983-05-30,Riksdagens protokoll 1982/83:159 Måndagen den 30 maj,90,0,2026-10-06
G609157,1982/83,157,1983-05-27,Riksdagens protokoll 1982/83:157 Fredagen den 27 maj,228,26,2026-10-06
G609160,1982/83,160,1983-05-31,Riksdagens protokoll 1982/83:160 Tisdagen den 31 maj,93,2,2026-10-06
G609162,1982/83,162,1983-06-01,Riksdagens protokoll 1982/83:162 Onsdagen den 1 juni,61,2,2026-10-06
G609161,1982/83,161,1983-06-01,Riksdagens protokoll 1982/83:161 Onsdagen den 1 juni,128,1,2026-10-06
G609164,1982/83,164,1983-06-02,Riksdagens protokoll 1982/83:164 Torsdagen den 2 juni,44,1,2026-10-06
G609166,1982/83,166,1983-06-03,Riksdagens protokoll 1982/83:166 Fredagen den 3 juni,4,0,2026-10-06
G609163,1982/83,163,1983-06-02,Riksdagens protokoll 1982/83:163 Torsdagen den 2 juni,53,8,2026-10-06
G609165,1982/83,165,1983-06-03,Riksdagens protokoll 1982/83:165 Fredagen den 3 juni,72,0,2026-10-06
G609167,1982/83,167,1983-06-14,Riksdagens protokoll 1982/83:167 Tisdagen den 14 juni,0,0,2026-10-06
G7091,1983/84,1,1983-10-04,Riksdagens protokoll 1983/84:1 Tisdagen den 4 oktober,3,0,2026-10-06
G7093,1983/84,3,1983-10-05,Riksdagens protokoll 1983/84:3 Onsdagen den 5 oktober,0,0,2026-10-06
G7092,1983/84,2,1983-10-04,Riksdagens protokoll 1983/84:2 Tisdagen den 4 oktober,5,0,2026-10-06
G7094,1983/84,4,1983-10-06,Riksdagens protokoll 1983/84:4 Torsdagen den 6 oktober,3,0,2026-10-06
G7095,1983/84,5,1983-10-11,Riksdagens protokoll 1983/84:5 Tisdagen den 11 oktober,25,0,2026-10-06
G7096,1983/84,6,1983-10-13,Riksdagens protokoll 1983/84:6 Torsdagen den 13 oktober,67,0,2026-10-06
G7097,1983/84,7,1983-10-14,Riksdagens protokoll 1983/84:7 Fredagen den 14 oktober,11,0,2026-10-06
G7098,1983/84,8,1983-10-18,Riksdagens protokoll 1983/84:8 Tisdagen den 18 oktober,46,2,2026-10-06
G70910,1983/84,10,1983-10-19,Riksdagens protokoll 1983/84:10 Onsdagen den 19 oktober,30,1,2026-10-06
G7099,1983/84,9,1983-10-19,Riksdagens protokoll 1983/84:9 Onsdagen den 19 oktober,53,3,2026-10-06
G70912,1983/84,12,1983-10-20,Riksdagens protokoll 1983/84:12 Torsdagen den 20 oktober,11,0,2026-10-06
G70913,1983/84,13,1983-10-21,Riksdagens protokoll 1983/84:13 Fredagen den 21 oktober,12,0,2026-10-06
G70911,1983/84,11,1983-10-20,Riksdagens protokoll 1983/84:11 Torsdagen den 20 oktober,94,6,2026-10-06
G70914,1983/84,14,1983-10-24,Riksdagens protokoll 1983/84:14 Måndagen den 24 oktober,20,0,2026-10-06
G70915,1983/84,15,1983-10-26,Riksdagens protokoll 1983/84:15 Onsdagen den 26 oktober,36,0,2026-10-06
G70917,1983/84,17,1983-10-28,Riksdagens protokoll 1983/84:17 Fredagen den 28 oktober,28,0,2026-10-06
G70916,1983/84,16,1983-10-27,Riksdagens protokoll 1983/84:16 Torsdagen den 27 oktober,144,17,2026-10-06
G70918,1983/84,18,1983-11-07,Riksdagens protokoll 1983/84:18 Måndagen den 7 november,64,1,2026-10-06
G70920,1983/84,20,1983-11-09,Riksdagens protokoll 1983/84:20 Onsdagen den 9 november,120,0,2026-10-06
G70921,1983/84,21,1983-11-10,Riksdagens protokoll 1983/84:21 Torsdagen den 10 november,118,1,2026-10-06
G70919,1983/84,19,1983-11-08,Riksdagens protokoll 1983/84:19 Tisdagen den 8 november,81,1,2026-10-06
G70922,1983/84,22,1983-11-11,Riksdagens protokoll 1983/84:22 Fredagen den 11 november,52,16,2026-10-06
G70923,1983/84,23,1983-11-14,Riksdagens protokoll 1983/84:23 Måndagen den 14 november,12,0,2026-10-06
G70924,1983/84,24,1983-11-15,Riksdagens protokoll 1983/84:24 Tisdagen den 15 november,24,0,2026-10-06
G70925,1983/84,25,1983-11-16,Riksdagens protokoll 1983/84:25 Onsdagen den 16 november,32,0,2026-10-06
G70926,1983/84,26,1983-11-17,Riksdagens protokoll 1983/84:26 Torsdagen den 17 november,38,1,2026-10-06
G70927,1983/84,27,1983-11-18,Riksdagens protokoll 1983/84:27 Fredagen den 18 november,33,0,2026-10-06
G70928,1983/84,28,1983-11-21,Riksdagens protokoll 1983/84:28 Måndagen den 21 november,24,0,2026-10-06
G70929,1983/84,29,1983-11-22,Riksdagens protokoll 1983/84:29 Tisdagen den 22 november,42,0,2026-10-06
G70931,1983/84,31,1983-11-23,Riksdagens protokoll 1983/84:31 Onsdagen den 23 november,81,0,2026-10-06
G70930,1983/84,30,1983-11-23,Riksdagens protokoll 1983/84:30 Onsdagen den 23 november,125,7,2026-10-06
G70932,1983/84,32,1983-11-24,Riksdagens protokoll 1983/84:32 Torsdagen den 24 november,92,8,2026-10-06
G70933,1983/84,33,1983-11-25,Riksdagens protokoll 1983/84:33 Fredagen den 25 november,19,0,2026-10-06
G70934,1983/84,34,1983-11-28,Riksdagens protokoll 1983/84:34 Måndagen den 28 november,13,0,2026-10-06
G70935,1983/84,35,1983-11-29,Riksdagens protokoll 1983/84:35 Tisdagen den 29 november,68,0,2026-10-06
G70936,1983/84,36,1983-11-30,Riksdagens protokoll 1983/84:36 Onsdagen den 30 november,95,0,2026-10-06
G70938,1983/84,38,1983-12-02,Riksdagens protokoll 1983/84:38 Fredagen den 2 december,31,0,2026-10-06
G70937,1983/84,37,1983-12-01,Riksdagens protokoll 1983/84:37 Torsdagen den 1 december,69,0,2026-10-06
G70939,1983/84,39,1983-12-05,Riksdagens protokoll 1983/84:39 Måndagen den 5 december,40,0,2026-10-06
G70940,1983/84,40,1983-12-06,Riksdagens protokoll 1983/84:40 Tisdagen den 6 december,58,0,2026-10-06
G70941,1983/84,41,1983-12-07,Riksdagens protokoll 1983/84:41 Onsdagen den 7 december,101,2,2026-10-06
G70943,1983/84,43,1983-12-09,Riksdagens protokoll 1983/84:43 Fredagen den 9 december,96,5,2026-10-06
G70942,1983/84,42,1983-12-08,Riksdagens protokoll 1983/84:42 Torsdagen den 8 december,76,0,2026-10-06
G70944,1983/84,44,1983-12-12,Riksdagens protokoll 1983/84:44 Måndagen den 12 december,184,8,2026-10-06
G70945,1983/84,45,1983-12-13,Riksdagens protokoll 1983/84:45 Tisdagen den 13 december,85,25,2026-10-06
G70947,1983/84,47,1983-12-14,Riksdagens protokoll 1983/84:47 Onsdagen den 14 december,72,0,2026-10-06
G70946,1983/84,46,1983-12-14,Riksdagens protokoll 1983/84:46 Onsdagen den 14 december,101,7,2026-10-06
G70948,1983/84,48,1983-12-15,Riksdagens protokoll 1983/84:48 Torsdagen den 15 december,126,5,2026-10-06
G70949,1983/84,49,1983-12-15,Riksdagens protokoll 1983/84:49 Torsdagen den 15 december,64,0,2026-10-06
G70950,1983/84,50,1983-12-16,Riksdagens protokoll 1983/84:50 Fredagen den 16 december,105,12,2026-10-06
G70951,1983/84,51,1983-12-19,Riksdagens protokoll 1983/84:51 Måndagen den 19 december,105,0,2026-10-06
G70952,1983/84,52,1983-12-19,Riksdagens protokoll 1983/84:52 Måndagen den 19 december,84,0,2026-10-06
G70953,1983/84,53,1983-12-20,Riksdagens protokoll 1983/84:53 Tisdagen den 20 december,53,0,2026-10-06
G70954,1983/84,54,1983-12-20,Riksdagens protokoll 1983/84:54 Tisdagen den 20 december,36,1,2026-10-06
G70955,1983/84,55,1983-12-21,Riksdagens protokoll 1983/84:55 Onsdagen den 21 december,85,1,2026-10-06
G70957,1983/84,57,1984-01-11,Riksdagens protokoll 1983/84:57 Onsdagen den 11 januari,81,4,2026-10-06
G70959,1983/84,59,1984-01-13,Riksdagens protokoll 1983/84:59 Fredagen den 13 januari,0,0,2026-10-06
G70958,1983/84,58,1984-01-12,Riksdagens protokoll 1983/84:58 Torsdagen den 12 januari,92,1,2026-10-06
G70956,1983/84,56,1984-01-10,Riksdagens protokoll 1983/84:56 Tisdagen den 10 januari,175,5,2026-10-06
G70960,1983/84,60,1984-01-16,Riksdagens protokoll 1983/84:60 Måndagen den 16 januari,24,0,2026-10-06
G70961,1983/84,61,1984-01-17,Riksdagens protokoll 1983/84:61 Tisdagen den 17 januari,73,0,2026-10-06
G70962,1983/84,62,1984-01-18,Riksdagens protokoll 1983/84:62 Onsdagen den 18 januari,0,0,2026-10-06
G70963,1983/84,63,1984-01-19,Riksdagens protokoll 1983/84:63 Torsdagen den 19 januari,82,5,2026-10-06
G70964,1983/84,64,1984-01-20,Riksdagens protokoll 1983/84:64 Fredagen den 20 januari,13,0,2026-10-06
G70965,1983/84,65,1984-01-23,Riksdagens protokoll 1983/84:65 Måndagen den 23 januari,35,0,2026-10-06
G70966,1983/84,66,1984-01-24,Riksdagens protokoll 1983/84:66 Tisdagen den 24 januari,38,0,2026-10-06
G70967,1983/84,67,1984-01-25,Riksdagens protokoll 1983/84:67 Onsdagen den 25 januari,1,0,2026-10-06
G70968,1983/84,68,1984-01-30,Riksdagens protokoll 1983/84:68 Måndagen den 30 januari,47,0,2026-10-06
G70969,1983/84,69,1984-01-31,Riksdagens protokoll 1983/84:69 Tisdagen den 31 januari,71,0,2026-10-06
G70970,1983/84,70,1984-02-01,Riksdagens protokoll 1983/84:70 Onsdagen den 1 februari,48,9,2026-10-06
G70971,1983/84,71,1984-02-01,Riksdagens protokoll 1983/84:71 Onsdagen den 1 februari,40,3,2026-10-06
G70972,1983/84,72,1984-02-02,Riksdagens protokoll 1983/84:72 Torsdagen den 2 februari,85,16,2026-10-06
G70974,1983/84,74,1984-02-03,Riksdagens protokoll 1983/84:74 Fredagen den 3 februari,7,2,2026-10-06
G70973,1983/84,73,1984-02-02,Riksdagens protokoll 1983/84:73 Torsdagen den 2 februari,19,1,2026-10-06
G70975,1983/84,75,1984-02-06,Riksdagens protokoll 1983/84:75 Måndagen den 6 februari,5,0,2026-10-06
G70978,1983/84,78,1984-02-09,Riksdagens protokoll 1983/84:78 Torsdagen den 9 februari,35,0,2026-10-06
G70976,1983/84,76,1984-02-07,Riksdagens protokoll 1983/84:76 Tisdagen den 7 februari,28,0,2026-10-06
G70977,1983/84,77,1984-02-08,Riksdagens protokoll 1983/84:77 Onsdagen den 8 februari,64,0,2026-10-06
G70981,1983/84,81,1984-02-14,Riksdagens protokoll 1983/84:81 Tisdagen den 14 februari,15,0,2026-10-06
G70980,1983/84,80,1984-02-13,Riksdagens protokoll 1983/84:80 Måndagen den 13 februari,7,0,2026-10-06
G70979,1983/84,79,1984-02-10,Riksdagens protokoll 1983/84:79 Fredagen den 10 februari,22,0,2026-10-06
G70982,1983/84,82,1984-02-15,Riksdagens protokoll 1983/84:82 Onsdagen den 15 februari,1,0,2026-10-06
G70984,1983/84,84,1984-02-17,Riksdagens protokoll 1983/84:84 Fredagen den 17 februari,4,0,2026-10-06
G70983,1983/84,83,1984-02-16,Riksdagens protokoll 1983/84:83 Torsdagen den 16 februari,36,0,2026-10-06
G70985,1983/84,85,1984-02-20,Riksdagens protokoll 1983/84:85 Måndagen den 20 februari,1,0,2026-10-06
G70987,1983/84,87,1984-02-22,Riksdagens protokoll 1983/84:87 Onsdagen den 22 februari,1,0,2026-10-06
G70986,1983/84,86,1984-02-21,Riksdagens protokoll 1983/84:86 Tisdagen den 21 februari,44,0,2026-10-06
G70988,1983/84,88,1984-02-23,Riksdagens protokoll 1983/84:88 Torsdagen den 23 februari,58,6,2026-10-06
G70990,1983/84,90,1984-03-05,Riksdagens protokoll 1983/84:90 Måndagen den 5 mars,9,0,2026-10-06
G70989,1983/84,89,1984-02-24,Riksdagens protokoll 1983/84:89 Fredagen den 24 februari,54,0,2026-10-06
G70991,1983/84,91,1984-03-06,Riksdagens protokoll 1983/84:91 Tisdagen den 6 mars,63,0,2026-10-06
G70993,1983/84,93,1984-03-07,Riksdagens protokoll 1983/84:93 Onsdagen den 7 mars,19,0,2026-10-06
G70992,1983/84,92,1984-03-07,Riksdagens protokoll 1983/84:92 Onsdagen den 7 mars,65,1,2026-10-06
G70994,1983/84,94,1984-03-08,Riksdagens protokoll 1983/84:94 Torsdagen den 8 mars,81,0,2026-10-06
G70995,1983/84,95,1984-03-09,Riksdagens protokoll 1983/84:95 Fredagen den 9 mars,30,0,2026-10-06
G70997,1983/84,97,1984-03-13,Riksdagens protokoll 1983/84:97 Tisdagen den 13 mars,0,0,2026-10-06
G70996,1983/84,96,1984-03-12,Riksdagens protokoll 1983/84:96 Måndagen den 12 mars,10,0,2026-10-06
G709100,1983/84,100,1984-03-16,Riksdagens protokoll 1983/84:100 Fredagen den 16 mars,41,2,2026-10-06
G70998,1983/84,98,1984-03-14,Riksdagens protokoll 1983/84:98 Onsdagen den 14 mars,97,6,2026-10-06
G70999,1983/84,99,1984-03-15,Riksdagens protokoll 1983/84:99 Torsdagen den 15 mars,45,19,2026-10-06
G709101,1983/84,101,1984-03-19,Riksdagens protokoll 1983/84:101 Måndagen den 19 mars,11,0,2026-10-06
G709102,1983/84,102,1984-03-20,Riksdagens protokoll 1983/84:102 Tisdagen den 20 mars,44,0,2026-10-06
G709104,1983/84,104,1984-03-21,Riksdagens protokoll 1983/84:104 Onsdagen den 21 mars,60,8,2026-10-06
G709103,1983/84,103,1984-03-21,Riksdagens protokoll 1983/84:103 Onsdagen den 21 mars,51,0,2026-10-06
G709106,1983/84,106,1984-03-22,Riksdagens protokoll 1983/84:106 Torsdagen den 22 mars,49,0,2026-10-06
G709105,1983/84,105,1984-03-22,Riksdagens protokoll 1983/84:105 Torsdagen den 22 mars,110,3,2026-10-06
G709107,1983/84,107,1984-03-23,Riksdagens protokoll 1983/84:107 Fredagen den 23 mars,35,0,2026-10-06
G709108,1983/84,108,1984-03-26,Riksdagens protokoll 1983/84:108 Måndagen den 26 mars,15,0,2026-10-06
G709109,1983/84,109,1984-03-27,Riksdagens protokoll 1983/84:109 Tisdagen den 27 mars,44,0,2026-10-06
G709110,1983/84,110,1984-03-28,Riksdagens protokoll 1983/84:110 Onsdagen den 28 mars,128,5,2026-10-06
G709111,1983/84,111,1984-03-28,Riksdagens protokoll 1983/84:111 Onsdagen den 28 mars,48,0,2026-10-06
G709112,1983/84,112,1984-03-29,Riksdagens protokoll 1983/84:112 Torsdagen den 29 mars,76,0,2026-10-06
G709113,1983/84,113,1984-03-30,Riksdagens protokoll 1983/84:113 Fredagen den 30 mars,0,0,2026-10-06
G709114,1983/84,114,1984-04-02,Riksdagens protokoll 1983/84:114 Måndagen den 2 april,27,0,2026-10-06
G709115,1983/84,115,1984-04-03,Riksdagens protokoll 1983/84:115 Tisdagen den 3 april,64,2,2026-10-06
G709116,1983/84,116,1984-04-04,Riksdagens protokoll 1983/84:116 Onsdagen den 4 april,89,0,2026-10-06
G709117,1983/84,117,1984-04-04,Riksdagens protokoll 1983/84:117 Onsdagen den 4 april,46,0,2026-10-06
G709118,1983/84,118,1984-04-05,Riksdagens protokoll 1983/84:118 Torsdagen den 5 april,75,0,2026-10-06
G709119,1983/84,119,1984-04-06,Riksdagens protokoll 1983/84:119 Fredagen den 6 april,58,0,2026-10-06
G709120,1983/84,120,1984-04-09,Riksdagens protokoll 1983/84:120 Måndagen den 9 april,28,0,2026-10-06
G709121,1983/84,121,1984-04-10,Riksdagens protokoll 1983/84:121 Tisdagen den 10 april,35,0,2026-10-06
G709123,1983/84,123,1984-04-11,Riksdagens protokoll 1983/84:123 Onsdagen den 11 april,64,0,2026-10-06
G709122,1983/84,122,1984-04-11,Riksdagens protokoll 1983/84:122 Onsdagen den 11 april,71,1,2026-10-06
G709124,1983/84,124,1984-04-12,Riksdagens protokoll 1983/84:124 Torsdagen den 12 april,100,0,2026-10-06
G709125,1983/84,125,1984-04-12,Riksdagens protokoll 1983/84:125 Torsdagen den 12 april,54,0,2026-10-06
G709127,1983/84,127,1984-04-24,Riksdagens protokoll 1983/84:127 Tisdagen den 24 april,24,0,2026-10-06
G709126,1983/84,126,1984-04-13,Riksdagens protokoll 1983/84:126 Fredagen den 13 april,130,0,2026-10-06
G709128,1983/84,128,1984-04-25,Riksdagens protokoll 1983/84:128 Onsdagen den 25 april,88,0,2026-10-06
G709129,1983/84,129,1984-04-25,Riksdagens protokoll 1983/84:129 Onsdagen den 25 april,51,0,2026-10-06
G709130,1983/84,130,1984-04-26,Riksdagens protokoll 1983/84:130 Torsdagen den 26 april,66,6,2026-10-06
G709131,1983/84,131,1984-04-26,Riksdagens protokoll 1983/84:131 Torsdagen den 26 april,70,0,2026-10-06
G709132,1983/84,132,1984-04-27,Riksdagens protokoll 1983/84:132 Fredagen den 27 april,67,31,2026-10-06
G709134,1983/84,134,1984-05-02,Riksdagens protokoll 1983/84:134 Onsdagen den 2 maj,75,0,2026-10-06
G709135,1983/84,135,1984-05-03,Riksdagens protokoll 1983/84:135 Torsdagen den 3 maj,72,0,2026-10-06
G709133,1983/84,133,1984-05-02,Riksdagens protokoll 1983/84:133 Onsdagen den 2 maj,87,0,2026-10-06
G709136,1983/84,136,1984-05-04,Riksdagens protokoll 1983/84:136 Fredagen den 4 maj,42,0,2026-10-06
G709137,1983/84,137,1984-05-07,Riksdagens protokoll 1983/84:137 Måndagen den 7 maj,10,7,2026-10-06
G709138,1983/84,138,1984-05-08,Riksdagens protokoll 1983/84:138 Tisdagen den 8 maj,73,4,2026-10-06
G709141,1983/84,141,1984-05-11,Riksdagens protokoll 1983/84:141 Fredagen den 11 maj,11,0,2026-10-06
G709139,1983/84,139,1984-05-09,Riksdagens protokoll 1983/84:139 Onsdagen den 9 maj,119,5,2026-10-06
G709140,1983/84,140,1984-05-10,Riksdagens protokoll 1983/84:140 Torsdagen den 10 maj,68,0,2026-10-06
G709142,1983/84,142,1984-05-14,Riksdagens protokoll 1983/84:142 Måndagen den 14 maj,15,1,2026-10-06
G709143,1983/84,143,1984-05-15,Riksdagens protokoll 1983/84:143 Tisdagen den 15 maj,46,0,2026-10-06
G709145,1983/84,145,1984-05-16,Riksdagens protokoll 1983/84:145 Onsdagen den 16 maj,66,40,2026-10-06
G709144,1983/84,144,1984-05-16,Riksdagens protokoll 1983/84:144 Onsdagen den 16 maj,89,6,2026-10-06
G709146,1983/84,146,1984-05-17,Riksdagens protokoll 1983/84:146 Torsdagen den 17 maj,98,1,2026-10-06
G709147,1983/84,147,1984-05-17,Riksdagens protokoll 1983/84:147 Torsdagen den 17 maj,30,0,2026-10-06
G709148,1983/84,148,1984-05-18,Riksdagens protokoll 1983/84:148 Fredagen den 18 maj,72,1,2026-10-06
G709149,1983/84,149,1984-05-21,Riksdagens protokoll 1983/84:149 Måndagen den 21 maj,30,0,2026-10-06
G709150,1983/84,150,1984-05-22,Riksdagens protokoll 1983/84:150 Tisdagen den 22 maj,50,0,2026-10-06
G709152,1983/84,152,1984-05-23,Riksdagens protokoll 1983/84:152 Onsdagen den 23 maj,52,0,2026-10-06
G709151,1983/84,151,1984-05-23,Riksdagens protokoll 1983/84:151 Onsdagen den 23 maj,149,0,2026-10-06
G709154,1983/84,154,1984-05-24,Riksdagens protokoll 1983/84:154 Torsdagen den 24 maj,66,0,2026-10-06
G709153,1983/84,153,1984-05-24,Riksdagens protokoll 1983/84:153 Torsdagen den 24 maj,86,0,2026-10-06
G709155,1983/84,155,1984-05-25,Riksdagens protokoll 1983/84:155 Fredagen den 25 maj,116,0,2026-10-06
G709156,1983/84,156,1984-05-28,Riksdagens protokoll 1983/84:156 Måndagen den 28 maj,167,21,2026-10-06
G709157,1983/84,157,1984-05-29,Riksdagens protokoll 1983/84:157 Tisdagen den 29 maj,94,1,2026-10-06
G709158,1983/84,158,1984-05-30,Riksdagens protokoll 1983/84:158 Onsdagen den 30 maj,55,0,2026-10-06
G709159,1983/84,159,1984-06-01,Riksdagens protokoll 1983/84:159 Fredagen den 1 juni,153,0,2026-10-06
G709160,1983/84,160,1984-06-01,Riksdagens protokoll 1983/84:160 Fredagen den 1 juni,62,8,2026-10-06
G709161,1983/84,161,1984-06-04,Riksdagens protokoll 1983/84:161 Måndagen den 4 juni,110,0,2026-10-06
G709162,1983/84,162,1984-06-04,Riksdagens protokoll 1983/84:162 Måndagen den 4 juni,26,0,2026-10-06
G709163,1983/84,163,1984-06-05,Riksdagens protokoll 1983/84:163 Tisdagen den 5 juni,85,0,2026-10-06
G709164,1983/84,164,1984-06-05,Riksdagens protokoll 1983/84:164 Tisdagen den 5 juni,51,0,2026-10-06
G709165,1983/84,165,1984-06-06,Riksdagens protokoll 1983/84:165 Onsdagen den 6 juni,117,10,2026-10-06
G709167,1983/84,167,1984-06-07,Riksdagens protokoll 1983/84:167 Torsdagen den 7 juni,67,5,2026-10-06
G709166,1983/84,166,1984-06-07,Riksdagens protokoll 1983/84:166 Torsdagen den 7 juni,96,0,2026-10-06
G709169,1983/84,169,1984-06-08,Riksdagens protokoll 1983/84:169 Fredagen den 8 juni,4,0,2026-10-06
G709170,1983/84,170,1984-06-20,Riksdagens protokoll 1983/84:170 Onsdagen den 20 juni,0,0,2026-10-06
G709168,1983/84,168,1984-06-08,Riksdagens protokoll 1983/84:168 Fredagen den 8 juni,57,2,2026-10-06
G8091,1984/85,1,1984-10-02,Riksdagens protokoll 1984/85:1 Tisdagen den 2 oktober,0,0,2026-10-06
G8092,1984/85,2,1984-10-02,Riksdagens protokoll 1984/85:2 Tisdagen den 2 oktober,0,1,2026-10-06
G8093,1984/85,3,1984-10-03,Riksdagens protokoll 1984/85:3 Onsdagen den 3 oktober,0,1,2026-10-06
G8094,1984/85,4,1984-10-04,Riksdagens protokoll 1984/85:4 Torsdagen den 4 oktober,0,1,2026-10-06
G8095,1984/85,5,1984-10-08,Riksdagens protokoll 1984/85:5 Måndagen den 8 oktober,0,2,2026-10-06
G8096,1984/85,6,1984-10-09,Riksdagens protokoll 1984/85:6 Tisdagen den 9 oktober,0,0,2026-10-06
G8098,1984/85,8,1984-10-12,Riksdagens protokoll 1984/85:8 Fredagen den 12 oktober,0,0,2026-10-06
G8097,1984/85,7,1984-10-11,Riksdagens protokoll 1984/85:7 Torsdagen den 11 oktober,0,1,2026-10-06
G8099,1984/85,9,1984-10-16,Riksdagens protokoll 1984/85:9 Tisdagen den 16 oktober,0,0,2026-10-06
G80910,1984/85,10,1984-10-17,Riksdagens protokoll 1984/85:10 Onsdagen den 17 oktober,1,0,2026-10-06
G80912,1984/85,12,1984-10-19,Riksdagens protokoll 1984/85:12 Fredagen den 19 oktober,0,0,2026-10-06
G80911,1984/85,11,1984-10-18,Riksdagens protokoll 1984/85:11 Torsdagen den 18 oktober,0,0,2026-10-06
G80914,1984/85,14,1984-10-23,Riksdagens protokoll 1984/85:14 Tisdagen den 23 oktober,0,0,2026-10-06
G80913,1984/85,13,1984-10-22,Riksdagens protokoll 1984/85:13 Måndagen den 22 oktober,0,0,2026-10-06
G80915,1984/85,15,1984-10-24,Riksdagens protokoll 1984/85:15 Onsdagen den 24 oktober,0,2,2026-10-06
G80916,1984/85,16,1984-10-24,Riksdagens protokoll 1984/85:16 Onsdagen den 24 oktober,0,1,2026-10-06
G80918,1984/85,18,1984-10-26,Riksdagens protokoll 1984/85:18 Fredagen den 26 oktober,6,0,2026-10-06
G80917,1984/85,17,1984-10-25,Riksdagens protokoll 1984/85:17 Torsdagen den 25 oktober,100,2,2026-10-06
G80920,1984/85,20,1984-11-05,Riksdagens protokoll 1984/85:20 Måndagen den 5 november,30,0,2026-10-06
G80921,1984/85,21,1984-11-06,Riksdagens protokoll 1984/85:21 Tisdagen den 6 november,17,0,2026-10-06
G80919,1984/85,19,1984-11-05,Riksdagens protokoll 1984/85:19 Måndagen den 5 november,59,0,2026-10-06
G80922,1984/85,22,1984-11-07,Riksdagens protokoll 1984/85:22 Onsdagen den 7 november,113,1,2026-10-06
G80923,1984/85,23,1984-11-08,Riksdagens protokoll 1984/85:23 Torsdagen den 8 november,139,0,2026-10-06
G80924,1984/85,24,1984-11-09,Riksdagens protokoll 1984/85:24 Fredagen den 9 november,37,0,2026-10-06
G80925,1984/85,25,1984-11-12,Riksdagens protokoll 1984/85:25 Måndagen den 12 november,18,5,2026-10-06
G80926,1984/85,26,1984-11-13,Riksdagens protokoll 1984/85:26 Tisdagen den 13 november,115,24,2026-10-06
G80927,1984/85,27,1984-11-14,Riksdagens protokoll 1984/85:27 Onsdagen den 14 november,107,10,2026-10-06
G80928,1984/85,28,1984-11-15,Riksdagens protokoll 1984/85:28 Torsdagen den 15 november,61,3,2026-10-06
G80929,1984/85,29,1984-11-16,Riksdagens protokoll 1984/85:29 Fredagen den 16 november,57,2,2026-10-06
G80930,1984/85,30,1984-11-19,Riksdagens protokoll 1984/85:30 Måndagen den 19 november,45,8,2026-10-06
G80931,1984/85,31,1984-11-20,Riksdagens protokoll 1984/85:31 Tisdagen den 20 november,20,0,2026-10-06
G80933,1984/85,33,1984-11-21,Riksdagens protokoll 1984/85:33 Onsdagen den 21 november,31,3,2026-10-06
G80932,1984/85,32,1984-11-21,Riksdagens protokoll 1984/85:32 Onsdagen den 21 november,115,0,2026-10-06
G80935,1984/85,35,1984-11-23,Riksdagens protokoll 1984/85:35 Fredagen den 23 november,11,0,2026-10-06
G80934,1984/85,34,1984-11-22,Riksdagens protokoll 1984/85:34 Torsdagen den 22 november,89,1,2026-10-06
G80936,1984/85,36,1984-11-26,Riksdagens protokoll 1984/85:36 Måndagen den 26 november,47,0,2026-10-06
G80937,1984/85,37,1984-11-27,Riksdagens protokoll 1984/85:37 Tisdagen den 27 november,62,0,2026-10-06
G80938,1984/85,38,1984-11-28,Riksdagens protokoll 1984/85:38 Onsdagen den 28 november,84,2,2026-10-06
G80939,1984/85,39,1984-11-28,Riksdagens protokoll 1984/85:39 Onsdagen den 28 november,67,0,2026-10-06
G80940,1984/85,40,1984-11-29,Riksdagens protokoll 1984/85:40 Torsdagen den 29 november,111,0,2026-10-06
G80941,1984/85,41,1984-11-30,Riksdagens protokoll 1984/85:41 Fredagen den 30 november,8,0,2026-10-06
G80942,1984/85,42,1984-12-03,Riksdagens protokoll 1984/85:42 Måndagen den 3 december,14,6,2026-10-06
G80943,1984/85,43,1984-12-04,Riksdagens protokoll 1984/85:43 Tisdagen den 4 december,51,0,2026-10-06
G80945,1984/85,45,1984-12-06,Riksdagens protokoll 1984/85:45 Torsdagen den 6 december,63,0,2026-10-06
G80944,1984/85,44,1984-12-05,Riksdagens protokoll 1984/85:44 Onsdagen den 5 december,120,0,2026-10-06
G80946,1984/85,46,1984-12-07,Riksdagens protokoll 1984/85:46 Fredagen den 7 december,57,0,2026-10-06
G80948,1984/85,48,1984-12-11,Riksdagens protokoll 1984/85:48 Tisdagen den 11 december,93,32,2026-10-06
G80947,1984/85,47,1984-12-10,Riksdagens protokoll 1984/85:47 Måndagen den 10 december,86,3,2026-10-06
G80949,1984/85,49,1984-12-12,Riksdagens protokoll 1984/85:49 Onsdagen den 12 december,96,1,2026-10-06
G80950,1984/85,50,1984-12-12,Riksdagens protokoll 1984/85:50 Onsdagen den 12 december,57,0,2026-10-06
G80952,1984/85,52,1984-12-13,Riksdagens protokoll 1984/85:52 Torsdagen den 13 december,49,0,2026-10-06
G80953,1984/85,53,1984-12-14,Riksdagens protokoll 1984/85:53 Fredagen den 14 december,135,11,2026-10-06
G80951,1984/85,51,1984-12-13,Riksdagens protokoll 1984/85:51 Torsdagen den 13 december,160,0,2026-10-06
G80954,1984/85,54,1984-12-17,Riksdagens protokoll 1984/85:54 Måndagen den 17 december,69,0,2026-10-06
G80955,1984/85,55,1984-12-17,Riksdagens protokoll 1984/85:55 Måndagen den 17 december,56,0,2026-10-06
G80957,1984/85,57,1984-12-18,Riksdagens protokoll 1984/85:57 Tisdagen den 18 december,53,4,2026-10-06
G80956,1984/85,56,1984-12-18,Riksdagens protokoll 1984/85:56 Tisdagen den 18 december,86,10,2026-10-06
G80958,1984/85,58,1985-01-10,Riksdagens protokoll 1984/85:58 Torsdagen den 10 januari,1,0,2026-10-06
G809138,1984/85,138,1984-12-31,Riksdagens protokoll 1984/85:138,103,1,2026-10-06
G80960,1984/85,60,1985-01-14,Riksdagens protokoll 1984/85:60 Måndagen den 14 januari,29,5,2026-10-06
G80959,1984/85,59,1985-01-11,Riksdagens protokoll 1984/85:59 Fredagen den 11 januari,103,0,2026-10-06
G80961,1984/85,61,1985-01-15,Riksdagens protokoll 1984/85:61 Tisdagen den 15 januari,67,0,2026-10-06
G80962,1984/85,62,1985-01-16,Riksdagens protokoll 1984/85:62 Onsdagen den 16 januari,88,0,2026-10-06
G80964,1984/85,64,1985-01-18,Riksdagens protokoll 1984/85:64 Fredagen den 18 januari,22,0,2026-10-06
G80963,1984/85,63,1985-01-17,Riksdagens protokoll 1984/85:63 Torsdagen den 17 januari,70,0,2026-10-06
G80965,1984/85,65,1985-01-21,Riksdagens protokoll 1984/85:65 Måndagen den 21 januari,7,0,2026-10-06
G80966,1984/85,66,1985-01-22,Riksdagens protokoll 1984/85:66 Tisdagen den 22 januari,44,0,2026-10-06
G80967,1984/85,67,1985-01-23,Riksdagens protokoll 1984/85:67 Onsdagen den 23 januari,0,1,2026-10-06
G80968,1984/85,68,1985-01-24,Riksdagens protokoll 1984/85:68 Torsdagen den 24 januari,70,0,2026-10-06
G80970,1984/85,70,1985-01-30,Riksdagens protokoll 1984/85:70 Onsdagen den 30 januari,4,0,2026-10-06
G80969,1984/85,69,1985-01-25,Riksdagens protokoll 1984/85:69 Fredagen den 25 januari,1,0,2026-10-06
G80971,1984/85,71,1985-01-31,Riksdagens protokoll 1984/85:71 Torsdagen den 31 januari,62,0,2026-10-06
G80972,1984/85,72,1985-02-04,Riksdagens protokoll 1984/85:72 Måndagen den 4 februari,48,0,2026-10-06
G80973,1984/85,73,1985-02-05,Riksdagens protokoll 1984/85:73 Tisdagen den 5 februari,37,4,2026-10-06
G80975,1984/85,75,1985-02-06,Riksdagens protokoll 1984/85:75 Onsdagen den 6 februari,38,0,2026-10-06
G80974,1984/85,74,1985-02-06,Riksdagens protokoll 1984/85:74 Onsdagen den 6 februari,51,3,2026-10-06
G80976,1984/85,76,1985-02-07,Riksdagens protokoll 1984/85:76 Torsdagen den 7 februari,111,14,2026-10-06
G80978,1984/85,78,1985-02-08,Riksdagens protokoll 1984/85:78 Fredagen den 8 februari,16,0,2026-10-06
G80977,1984/85,77,1985-02-07,Riksdagens protokoll 1984/85:77 Torsdagen den 7 februari,31,1,2026-10-06
G80979,1984/85,79,1985-02-11,Riksdagens protokoll 1984/85:79 Måndagen den 11 februari,4,0,2026-10-06
G80980,1984/85,80,1985-02-12,Riksdagens protokoll 1984/85:80 Tisdagen den 12 februari,12,0,2026-10-06
G80981,1984/85,81,1985-02-13,Riksdagens protokoll 1984/85:81 Onsdagen den 13 februari,56,0,2026-10-06
G80983,1984/85,83,1985-02-15,Riksdagens protokoll 1984/85:83 Fredagen den 15 februari,8,0,2026-10-06
G80982,1984/85,82,1985-02-14,Riksdagens protokoll 1984/85:82 Torsdagen den 14 februari,45,0,2026-10-06
G80984,1984/85,84,1985-02-18,Riksdagens protokoll 1984/85:84 Måndagen den 18 februari,4,0,2026-10-06
G80985,1984/85,85,1985-02-19,Riksdagens protokoll 1984/85:85 Tisdagen den 19 februari,13,0,2026-10-06
G80987,1984/85,87,1985-02-21,Riksdagens protokoll 1984/85:87 Torsdagen den 21 februari,58,0,2026-10-06
G80988,1984/85,88,1985-02-22,Riksdagens protokoll 1984/85:88 Fredagen den 22 februari,20,0,2026-10-06
G80986,1984/85,86,1985-02-20,Riksdagens protokoll 1984/85:86 Onsdagen den 20 februari,72,0,2026-10-06
G80989,1984/85,89,1985-02-25,Riksdagens protokoll 1984/85:89 Måndagen den 25 februari,4,0,2026-10-06
G80990,1984/85,90,1985-02-26,Riksdagens protokoll 1984/85:90 Tisdagen den 26 februari,10,0,2026-10-06
G80992,1984/85,92,1985-02-28,Riksdagens protokoll 1984/85:92 Torsdagen den 28 februari,70,0,2026-10-06
G80993,1984/85,93,1985-03-01,Riksdagens protokoll 1984/85:93 Fredagen den 1 mars,10,0,2026-10-06
G80991,1984/85,91,1985-02-27,Riksdagens protokoll 1984/85:91 Onsdagen den 27 februari,71,7,2026-10-06
G80995,1984/85,95,1985-03-12,Riksdagens protokoll 1984/85:95 Tisdagen den 12 mars,30,0,2026-10-06
G80994,1984/85,94,1985-03-11,Riksdagens protokoll 1984/85:94 Måndagen den 11 mars,33,0,2026-10-06
G80997,1984/85,97,1985-03-14,Riksdagens protokoll 1984/85:97 Torsdagen den 14 mars,60,8,2026-10-06
G80998,1984/85,98,1985-03-15,Riksdagens protokoll 1984/85:98 Fredagen den 15 mars,39,0,2026-10-06
G80996,1984/85,96,1985-03-13,Riksdagens protokoll 1984/85:96 Onsdagen den 13 mars,108,0,2026-10-06
G80999,1984/85,99,1985-03-18,Riksdagens protokoll 1984/85:99 Måndagen den 18 mars,4,0,2026-10-06
G809100,1984/85,100,1985-03-19,Riksdagens protokoll 1984/85:100 Tisdagen den 19 mars,25,0,2026-10-06
G809102,1984/85,102,1985-03-20,Riksdagens protokoll 1984/85:102 Onsdagen den 20 mars,44,7,2026-10-06
G809101,1984/85,101,1985-03-20,Riksdagens protokoll 1984/85:101 Onsdagen den 20 mars,119,1,2026-10-06
G809103,1984/85,103,1985-03-21,Riksdagens protokoll 1984/85:103 Torsdagen den 21 mars,86,5,2026-10-06
G809104,1984/85,104,1985-03-22,Riksdagens protokoll 1984/85:104 Fredagen den 22 mars,28,0,2026-10-06
G809105,1984/85,105,1985-03-25,Riksdagens protokoll 1984/85:105 Måndagen den 25 mars,50,0,2026-10-06
G809106,1984/85,106,1985-03-26,Riksdagens protokoll 1984/85:106 Tisdagen den 26 mars,59,0,2026-10-06
G809107,1984/85,107,1985-03-27,Riksdagens protokoll 1984/85:107 Onsdagen den 27 mars,48,0,2026-10-06
G809108,1984/85,108,1985-03-27,Riksdagens protokoll 1984/85:108 Onsdagen den 27 mars,10,2,2026-10-06
G809109,1984/85,109,1985-03-28,Riksdagens protokoll 1984/85:109 Torsdagen den 28 mars,0,2,2026-10-06
G809110,1984/85,110,1985-03-28,Riksdagens protokoll 1984/85:110 Torsdagen den 28 mars,0,0,2026-10-06
G809112,1984/85,112,1985-04-09,Riksdagens protokoll 1984/85:112 Tisdagen den 9 april,0,0,2026-10-06
G809111,1984/85,111,1985-03-29,Riksdagens protokoll 1984/85:111 Fredagen den 29 mars,0,4,2026-10-06
G809113,1984/85,113,1985-04-10,Riksdagens protokoll 1984/85:113 Onsdagen den 10 april,1,0,2026-10-06
G809114,1984/85,114,1985-04-10,Riksdagens protokoll 1984/85:114 Onsdagen den 10 april,2,0,2026-10-06
G809116,1984/85,116,1985-04-11,Riksdagens protokoll 1984/85:116 Torsdagen den 11 april,0,0,2026-10-06
G809115,1984/85,115,1985-04-11,Riksdagens protokoll 1984/85:115 Torsdagen den 11 april,0,1,2026-10-06
G809117,1984/85,117,1985-04-12,Riksdagens protokoll 1984/85:117 Fredagen den 12 april,51,0,2026-10-06
G809118,1984/85,118,1985-04-15,Riksdagens protokoll 1984/85:118 Måndagen den 15 april,19,3,2026-10-06
G809119,1984/85,119,1985-04-16,Riksdagens protokoll 1984/85:119 Tisdagen den 16 april,82,1,2026-10-06
G809122,1984/85,122,1985-04-18,Riksdagens protokoll 1984/85:122 Torsdagen den 18 april,4,0,2026-10-06
G809121,1984/85,121,1985-04-17,Riksdagens protokoll 1984/85:121 Onsdagen den 17 april,55,0,2026-10-06
G809124,1984/85,124,1985-04-22,Riksdagens protokoll 1984/85:124 Måndagen den 22 april,1,0,2026-10-06
G809120,1984/85,120,1985-04-17,Riksdagens protokoll 1984/85:120 Onsdagen den 17 april,72,0,2026-10-06
G809123,1984/85,123,1985-04-19,Riksdagens protokoll 1984/85:123 Fredagen den 19 april,59,53,2026-10-06
G809125,1984/85,125,1985-04-23,Riksdagens protokoll 1984/85:125 Tisdagen den 23 april,15,0,2026-10-06
G809126,1984/85,126,1985-04-24,Riksdagens protokoll 1984/85:126 Onsdagen den 24 april,93,1,2026-10-06
G809127,1984/85,127,1985-04-24,Riksdagens protokoll 1984/85:127 Onsdagen den 24 april,54,0,2026-10-06
G809128,1984/85,128,1985-04-25,Riksdagens protokoll 1984/85:128 Torsdagen den 25 april,103,3,2026-10-06
G809129,1984/85,129,1985-04-25,Riksdagens protokoll 1984/85:129 Torsdagen den 25 april,53,3,2026-10-06
G809130,1984/85,130,1985-04-26,Riksdagens protokoll 1984/85:130 Fredagen den 26 april,33,0,2026-10-06
G809132,1984/85,132,1985-04-30,Riksdagens protokoll 1984/85:132 Tisdagen den 30 april,0,0,2026-10-06
G809131,1984/85,131,1985-04-29,Riksdagens protokoll 1984/85:131 Måndagen den 29 april,79,0,2026-10-06
G809134,1984/85,134,1985-05-02,Riksdagens protokoll 1984/85:134 Torsdagen den 2 maj,55,1,2026-10-06
G809133,1984/85,133,1985-05-02,Riksdagens protokoll 1984/85:133 Torsdagen den 2 maj,97,1,2026-10-06
G809136,1984/85,136,1985-05-06,Riksdagens protokoll 1984/85:136 Måndagen den 6 maj,11,8,2026-10-06
G809135,1984/85,135,1985-05-03,Riksdagens protokoll 1984/85:135 Fredagen den 3 maj,66,0,2026-10-06
G809137,1984/85,137,1985-05-07,Riksdagens protokoll 1984/85:137 Tisdagen den 7 maj,29,0,2026-10-06
G809139,1984/85,139,1985-05-08,Riksdagens protokoll 1984/85:139 Onsdagen den 8 maj,59,0,2026-10-06
G809141,1984/85,141,1985-05-09,Riksdagens protokoll 1984/85:141 Torsdagen den 9 maj,30,0,2026-10-06
G809142,1984/85,142,1985-05-10,Riksdagens protokoll 1984/85:142 Fredagen den 10 maj,23,0,2026-10-06
G809140,1984/85,140,1985-05-09,Riksdagens protokoll 1984/85:140 Torsdagen den 9 maj,113,0,2026-10-06
G809143,1984/85,143,1985-05-13,Riksdagens protokoll 1984/85:143 Måndagen den 13 maj,36,0,2026-10-06
G809144,1984/85,144,1985-05-14,Riksdagens protokoll 1984/85:144 Tisdagen den 14 maj,0,0,2026-10-06
G809145,1984/85,145,1985-05-15,Riksdagens protokoll 1984/85:145 Onsdagen den 15 maj,102,5,2026-10-06
G809146,1984/85,146,1985-05-20,Riksdagens protokoll 1984/85:146 Måndagen den 20 maj,55,0,2026-10-06
G809153,1984/85,153,1985-05-19,Riksdagens protokoll 1984/85:153 Onsdagen den 19 maj,78,1,2026-10-06
G809147,1984/85,147,1985-05-21,Riksdagens protokoll 1984/85:147 Tisdagen den 21 maj,77,7,2026-10-06
G809148,1984/85,148,1985-05-22,Riksdagens protokoll 1984/85:148 Onsdagen den 22 maj,149,1,2026-10-06
G809149,1984/85,149,1985-05-22,Riksdagens protokoll 1984/85:149 Onsdagen den 22 maj,67,17,2026-10-06
G809150,1984/85,150,1985-05-23,Riksdagens protokoll 1984/85:150 Torsdagen den 23 maj,114,0,2026-10-06
G809151,1984/85,151,1985-05-28,Riksdagens protokoll 1984/85:151 Tisdagen den 28 maj,120,1,2026-10-06
G809152,1984/85,152,1985-05-28,Riksdagens protokoll 1984/85:152 Tisdagen den 28 maj,42,11,2026-10-06
G809154,1984/85,154,1985-05-29,Riksdagens protokoll 1984/85:154 Onsdagen den 29 maj,47,0,2026-10-06
G809155,1984/85,155,1985-05-30,Riksdagens protokoll 1984/85:155 Torsdagen den 30 maj,90,0,2026-10-06
G809156,1984/85,156,1985-05-30,Riksdagens protokoll 1984/85:156 Torsdagen den 30 maj,39,0,2026-10-06
G809157,1984/85,157,1985-05-31,Riksdagens protokoll 1984/85:157 Fredagen den 31 maj,129,7,2026-10-06
G809159,1984/85,159,1985-06-03,Riksdagens protokoll 1984/85:159 Måndagen den 3 juni,55,0,2026-10-06
G809158,1984/85,158,1985-06-03,Riksdagens protokoll 1984/85:158 Måndagen den 3 juni,62,0,2026-10-06
G809160,1984/85,160,1985-06-04,Riksdagens protokoll 1984/85:160 Tisdagen den 4 juni,104,1,2026-10-06
G809161,1984/85,161,1985-06-04,Riksdagens protokoll 1984/85:161 Tisdagen den 4 juni,59,0,2026-10-06
G809162,1984/85,162,1985-06-05,Riksdagens protokoll 1984/85:162 Onsdagen den 5 juni,82,2,2026-10-06
G809164,1984/85,164,1985-06-06,Riksdagens protokoll 1984/85:164 Torsdagen den 6 juni,63,0,2026-10-06
G809163,1984/85,163,1985-06-06,Riksdagens protokoll 1984/85:163 Torsdagen den 6 juni,87,1,2026-10-06
G809165,1984/85,165,1985-06-07,Riksdagens protokoll 1984/85:165 Fredagen den 7 juni,73,0,2026-10-06
G809166,1984/85,166,1985-06-10,Riksdagens protokoll 1984/85:166 Måndagen den 10 juni,59,0,2026-10-06
G809168,1984/85,168,1985-06-11,Riksdagens protokoll 1984/85:168 Tisdagen den 11 juni,3,0,2026-10-06
G809169,1984/85,169,1985-06-20,Riksdagens protokoll 1984/85:169 Torsdagen den 20 juni,0,0,2026-10-06
G9091,1985/86,1,1985-09-30,Riksdagens protokoll 1985/86:1 Måndagen den 30 september,12,0,2026-10-06
G9092,1985/86,2,1985-10-01,Riksdagens protokoll 1985/86:2 tisdagen den 1 oktober,0,0,2026-10-06
G9094,1985/86,4,1985-10-03,Riksdagens protokoll 1985/86:4 Torsdagen den 3 oktober,1,0,2026-10-06
G809167,1984/85,167,1985-06-11,Riksdagens protokoll 1984/85:167 Tisdagen den 11 juni,59,5,2026-10-06
G9093,1985/86,3,1985-10-02,Riksdagens protokoll 1985/86:3 Onsdagen den 2 oktober,2,0,2026-10-06
G9095,1985/86,5,1985-10-08,Riksdagens protokoll 1985/86:5 Tisdagen den 8 oktober,3,0,2026-10-06
G9096,1985/86,6,1985-10-09,Riksdagens protokoll 1985/86:6 Onsdagen den 9 oktober,1,0,2026-10-06
G9098,1985/86,8,1985-10-14,Riksdagens protokoll 1985/86:8 Måndagen den 14 oktober,1,0,2026-10-06
G9097,1985/86,7,1985-10-10,Riksdagens protokoll 1985/86:7 Torsdagen den 10 oktober,149,0,2026-10-06
G9099,1985/86,9,1985-10-15,Riksdagens protokoll 1985/86:9 Tisdagen den 15 oktober,54,4,2026-10-06
G90910,1985/86,10,1985-10-15,Riksdagens protokoll 1985/86:10 Tisdagen den 15 oktober,26,2,2026-10-06
G90911,1985/86,11,1985-10-16,Riksdagens protokoll 1985/86:11 Onsdagen den 16 oktober,70,2,2026-10-06
G90912,1985/86,12,1985-10-16,Riksdagens protokoll 1985/86:12 Onsdagen den 16 oktober,16,0,2026-10-06
G90913,1985/86,13,1985-10-17,Riksdagens protokoll 1985/86:13 Torsdagen den 17 oktober,92,4,2026-10-06
G90914,1985/86,14,1985-10-18,Riksdagens protokoll 1985/86:14 Fredagen den 18 oktober,1,0,2026-10-06
G90915,1985/86,15,1985-10-22,Riksdagens protokoll 1985/86:15 Tisdagen den 22 oktober,14,0,2026-10-06
G90916,1985/86,16,1985-10-23,Riksdagens protokoll 1985/86:16 Onsdagen den 23 oktober,14,0,2026-10-06
G90917,1985/86,17,1985-10-24,Riksdagens protokoll 1985/86:17 Torsdagen den 24 oktober,130,0,2026-10-06
G90918,1985/86,18,1985-10-25,Riksdagens protokoll 1985/86:18 Fredagen den 25 oktober,24,0,2026-10-06
G90919,1985/86,19,1985-11-04,Riksdagens protokoll 1985/86:19 Måndagen den 4 november,27,0,2026-10-06
G90920,1985/86,20,1985-11-05,Riksdagens protokoll 1985/86:20 Tisdagen den 5 november,59,2,2026-10-06
G90921,1985/86,21,1985-11-06,Riksdagens protokoll 1985/86:21 Onsdagen den 6 november,32,2,2026-10-06
G90922,1985/86,22,1985-11-07,Riksdagens protokoll 1985/86:22 Torsdagen den 7 november,134,0,2026-10-06
G90923,1985/86,23,1985-11-08,Riksdagens protokoll 1985/86:23 Fredagen den 8 november,14,0,2026-10-06
G90924,1985/86,24,1985-11-11,Riksdagens protokoll 1985/86:24 Måndagen den 11 november,7,0,2026-10-06
G90925,1985/86,25,1985-11-12,Riksdagens protokoll 1985/86:25 Tisdagen den 12 november,10,0,2026-10-06
G90926,1985/86,26,1985-11-13,Riksdagens protokoll 1985/86:26 Onsdagen den 13 november,34,0,2026-10-06
G90927,1985/86,27,1985-11-14,Riksdagens protokoll 1985/86:27 Torsdagen den 14 november,121,0,2026-10-06
G90928,1985/86,28,1985-11-15,Riksdagens protokoll 1985/86:28 Fredagen den 15 november,11,0,2026-10-06
G90929,1985/86,29,1985-11-18,Riksdagens protokoll 1985/86:29 Måndagen den 18 november,1,0,2026-10-06
G90930,1985/86,30,1985-11-19,Riksdagens protokoll 1985/86:30 Tisdagen den 19 november,21,0,2026-10-06
G90932,1985/86,32,1985-11-20,Riksdagens protokoll 1985/86:32 Onsdagen den 20 november,53,1,2026-10-06
G90931,1985/86,31,1985-11-20,Riksdagens protokoll 1985/86:31 Onsdagen den 20 november,99,0,2026-10-06
G90934,1985/86,34,1985-11-22,Riksdagens protokoll 1985/86:34 Fredagen den 22 november,4,0,2026-10-06
G90933,1985/86,33,1985-11-21,Riksdagens protokoll 1985/86:33 Torsdagen den 21 november,143,0,2026-10-06
G90935,1985/86,35,1985-11-25,Riksdagens protokoll 1985/86:35 Måndagen den 25 november,0,0,2026-10-06
G90936,1985/86,36,1985-11-26,Riksdagens protokoll 1985/86:36 Tisdagen den 26 november,34,0,2026-10-06
G90938,1985/86,38,1985-11-27,Riksdagens protokoll 1985/86:38 Onsdagen den 27 november,50,4,2026-10-06
G90939,1985/86,39,1985-11-28,Riksdagens protokoll 1985/86:39 Torsdagen den 28 november,80,0,2026-10-06
G90937,1985/86,37,1985-11-27,Riksdagens protokoll 1985/86:37 Onsdagen den 27 november,103,4,2026-10-06
G90940,1985/86,40,1985-11-29,Riksdagens protokoll 1985/86:40 Fredagen den 29 november,11,0,2026-10-06
G90941,1985/86,41,1985-12-02,Riksdagens protokoll 1985/86:41 Måndagen den 2 december,10,0,2026-10-06
G90942,1985/86,42,1985-12-03,Riksdagens protokoll 1985/86:42 Tisdagen den 3 december,20,7,2026-10-06
G90944,1985/86,44,1985-12-04,Riksdagens protokoll 1985/86:44 Onsdagen den 4 december,69,0,2026-10-06
G90943,1985/86,43,1985-12-04,Riksdagens protokoll 1985/86:43 Onsdagen den 4 december,136,0,2026-10-06
G90945,1985/86,45,1985-12-05,Riksdagens protokoll 1985/86:45 Torsdagen den 5 december,101,0,2026-10-06
G90946,1985/86,46,1985-12-06,Riksdagens protokoll 1985/86:46 Fredagen den 6 december,6,0,2026-10-06
G90947,1985/86,47,1985-12-09,Riksdagens protokoll 1985/86:47 Måndagen den 9 december,49,1,2026-10-06
G90948,1985/86,48,1985-12-10,Riksdagens protokoll 1985/86:48 Tisdagen den 10 december,18,0,2026-10-06
G90949,1985/86,49,1985-12-11,Riksdagens protokoll 1985/86:49 Onsdagen den 11 december,0,4,2026-10-06
G90951,1985/86,51,1985-12-13,Riksdagens protokoll 1985/86:51 Fredagen den 13 december,1,0,2026-10-06
G90950,1985/86,50,1985-12-12,Riksdagens protokoll 1985/86:50 Torsdagen den 12 december,9,0,2026-10-06
G90952,1985/86,52,1985-12-16,Riksdagens protokoll 1985/86:52 Måndagen den 16 december,0,1,2026-10-06
G90954,1985/86,54,1985-12-17,Riksdagens protokoll 1985/86:54 Tisdagen den 17 december,0,1,2026-10-06
G90953,1985/86,53,1985-12-17,Riksdagens protokoll 1985/86:53 Tisdagen den 17 december,0,2,2026-10-06
G90955,1985/86,55,1985-12-18,Riksdagens protokoll 1985/86:55 Onsdagen den 18 december,0,0,2026-10-06
G909123,1985/86,123,1985-12-31,Riksdagens protokoll 1985/86:123,23,0,2026-10-06
G90968,1985/86,68,1985-12-31,Riksdagens protokoll 1985/86:68,25,0,2026-10-06
G90956,1985/86,56,1986-01-10,Riksdagens protokoll 1985/86:56 Fredagen den 10 januari,0,0,2026-10-06
G90957,1985/86,57,1986-01-13,Riksdagens protokoll 1985/86:57 Måndagen den 13 januari,0,0,2026-10-06
G909157,1985/86,157,1985-12-31,Riksdagens protokoll 1985/86:157,129,0,2026-10-06
G90958,1985/86,58,1986-01-14,Riksdagens protokoll 1985/86:58 Tisdagen den 14 januari,0,1,2026-10-06
G90959,1985/86,59,1986-01-15,Riksdagens protokoll 1985/86:59 Onsdagen den 15 januari,0,0,2026-10-06
G90960,1985/86,60,1986-01-16,Riksdagens protokoll 1985/86:60 Torsdagen den 16 januari,0,0,2026-10-06
G90961,1985/86,61,1986-01-17,Riksdagens protokoll 1985/86:61 Fredagen den 17 januari,0,1,2026-10-06
G90963,1985/86,63,1986-01-22,Riksdagens protokoll 1985/86:63 Onsdagen den 22 januari,0,0,2026-10-06
G90962,1985/86,62,1986-01-21,Riksdagens protokoll 1985/86:62 Tisdagen den 21 januari,0,1,2026-10-06
G90964,1985/86,64,1986-01-23,Riksdagens protokoll 1985/86:64 Torsdagen den 23 januari,0,0,2026-10-06
G90965,1985/86,65,1986-01-27,Riksdagens protokoll 1985/86:65 Måndagen den 27 januari,0,0,2026-10-06
G90966,1985/86,66,1986-01-28,Riksdagens protokoll 1985/86:66 Tisdagen den 28 januari,0,0,2026-10-06
G90967,1985/86,67,1986-01-30,Riksdagens protokoll 1985/86:67 Torsdagen den 30 januari,0,0,2026-10-06
G90969,1985/86,69,1986-02-04,Riksdagens protokoll 1985/86:69 Tisdagen den 4 februari,46,0,2026-10-06
G90971,1985/86,71,1986-02-05,Riksdagens protokoll 1985/86:71 Onsdagen den 5 februari,43,1,2026-10-06
G90970,1985/86,70,1986-02-05,Riksdagens protokoll 1985/86:70 Onsdagen den 5 februari,48,6,2026-10-06
G90973,1985/86,73,1986-02-06,Riksdagens protokoll 1985/86:73 Torsdagen den 6 februari,32,3,2026-10-06
G90972,1985/86,72,1986-02-06,Riksdagens protokoll 1985/86:72 Torsdagen den 6 februari,106,3,2026-10-06
G90975,1985/86,75,1986-02-10,Riksdagens protokoll 1985/86:75 Måndagen den 10 februari,12,0,2026-10-06
G90974,1985/86,74,1986-02-07,Riksdagens protokoll 1985/86:74 Fredagen den 7 februari,31,3,2026-10-06
G90976,1985/86,76,1986-02-11,Riksdagens protokoll 1985/86:76 Tisdagen den 11 februari,28,0,2026-10-06
G90977,1985/86,77,1986-02-12,Riksdagens protokoll 1985/86:77 Onsdagen den 12 februari,0,0,2026-10-06
G90978,1985/86,78,1986-02-13,Riksdagens protokoll 1985/86:78 Torsdagen den 13 februari,72,1,2026-10-06
G90979,1985/86,79,1986-02-14,Riksdagens protokoll 1985/86:79 Fredagen den 14 februari,11,0,2026-10-06
G90980,1985/86,80,1986-02-17,Riksdagens protokoll 1985/86:80 Måndagen den 17 februari,2,0,2026-10-06
G90981,1985/86,81,1986-02-18,Riksdagens protokoll 1985/86:81 Tisdagen den 18 februari,0,0,2026-10-06
G90982,1985/86,82,1986-02-19,Riksdagens protokoll 1985/86:82 Onsdagen den 19 februari,31,0,2026-10-06
G90983,1985/86,83,1986-02-20,Riksdagens protokoll 1985/86:83 Torsdagen den 20 februari,75,1,2026-10-06
G90984,1985/86,84,1986-02-21,Riksdagens protokoll 1985/86:84 Fredagen den 21 februari,0,0,2026-10-06
G90985,1985/86,85,1986-02-24,Riksdagens protokoll 1985/86:85 Måndagen den 24 februari,4,0,2026-10-06
G90986,1985/86,86,1986-02-25,Riksdagens protokoll 1985/86:86 Tisdagen den 25 februari,2,0,2026-10-06
G90988,1985/86,88,1986-02-27,Riksdagens protokoll 1985/86:88 Torsdagen den 27 februari,49,0,2026-10-06
G90989,1985/86,89,1986-02-28,Riksdagens protokoll 1985/86:89 Fredagen den 28 februari,23,0,2026-10-06
G90987,1985/86,87,1986-02-26,Riksdagens protokoll 1985/86:87 Onsdagen den 26 februari,63,3,2026-10-06
G90990,1985/86,90,1986-03-10,Riksdagens protokoll 1985/86:90 Måndagen den 10 mars,6,0,2026-10-06
G90991,1985/86,91,1986-03-11,Riksdagens protokoll 1985/86:91 Tisdagen den 11 mars,3,0,2026-10-06
G90992,1985/86,92,1986-03-11,Riksdagens protokoll 1985/86:92 Tisdagen den 11 mars,18,0,2026-10-06
G90994,1985/86,94,1986-03-12,Riksdagens protokoll 1985/86:94 Onsdagen den 12 mars,65,12,2026-10-06
G90995,1985/86,95,1986-03-13,Riksdagens protokoll 1985/86:95 Torsdagen den 13 mars,52,0,2026-10-06
G90993,1985/86,93,1986-03-12,Riksdagens protokoll 1985/86:93 Onsdagen den 12 mars,62,6,2026-10-06
G90996,1985/86,96,1986-03-14,Riksdagens protokoll 1985/86:96 Fredagen den 14 mars,10,9,2026-10-06
G90997,1985/86,97,1986-03-17,Riksdagens protokoll 1985/86:97 Måndagen den 17 mars,15,1,2026-10-06
G90998,1985/86,98,1986-03-18,Riksdagens protokoll 1985/86:98 Tisdagen den 18 mars,22,0,2026-10-06
G909100,1985/86,100,1986-03-19,Riksdagens protokoll 1985/86:100 Onsdagen den 19 mars,88,0,2026-10-06
G90999,1985/86,99,1986-03-19,Riksdagens protokoll 1985/86:99 Onsdagen den 19 mars,58,0,2026-10-06
G909102,1985/86,102,1986-03-21,Riksdagens protokoll 1985/86:102 Fredagen den 21 mars,0,0,2026-10-06
G909101,1985/86,101,1986-03-20,Riksdagens protokoll 1985/86:101 Torsdagen den 20 mars,54,0,2026-10-06
G909104,1985/86,104,1986-04-01,Riksdagens protokoll 1985/86:104 Tisdagen den 1 april,54,4,2026-10-06
G909103,1985/86,103,1986-04-01,Riksdagens protokoll 1985/86:103 Tisdagen den 1 april,69,0,2026-10-06
G909106,1985/86,106,1986-04-02,Riksdagens protokoll 1985/86:106 Onsdagen den 2 april,68,0,2026-10-06
G909105,1985/86,105,1986-04-02,Riksdagens protokoll 1985/86:105 Onsdagen den 2 april,108,3,2026-10-06
G909107,1985/86,107,1986-04-03,Riksdagens protokoll 1985/86:107 Torsdagen den 3 april,143,4,2026-10-06
G909108,1985/86,108,1986-04-03,Riksdagens protokoll 1985/86:108 Torsdagen den 3 april,39,0,2026-10-06
G909109,1985/86,109,1986-04-04,Riksdagens protokoll 1985/86:109 Fredagen den 4 april,44,1,2026-10-06
G909110,1985/86,110,1986-04-07,Riksdagens protokoll 1985/86:110 Måndagen den 7 april,31,1,2026-10-06
G909111,1985/86,111,1986-04-08,Riksdagens protokoll 1985/86:111 Tisdagen den 8 april,29,0,2026-10-06
G909114,1985/86,114,1986-04-11,Riksdagens protokoll 1985/86:114 Fredagen den 11 april,16,9,2026-10-06
G909115,1985/86,115,1986-04-14,Riksdagens protokoll 1985/86:115 Måndagen den 14 april,5,0,2026-10-06
G909113,1985/86,113,1986-04-10,Riksdagens protokoll 1985/86:113 Torsdagen den 10 april,71,3,2026-10-06
G909112,1985/86,112,1986-04-09,Riksdagens protokoll 1985/86:112 Onsdagen den 9 april,96,3,2026-10-06
G909116,1985/86,116,1986-04-15,Riksdagens protokoll 1985/86:116 Tisdagen den 15 april,41,2,2026-10-06
G909118,1985/86,118,1986-04-16,Riksdagens protokoll 1985/86:118 Onsdagen den 16 april,43,0,2026-10-06
G909117,1985/86,117,1986-04-16,Riksdagens protokoll 1985/86:117 Onsdagen den 16 april,76,0,2026-10-06
G909121,1985/86,121,1986-04-18,Riksdagens protokoll 1985/86:121 Fredagen den 18 april,1,0,2026-10-06
G909120,1985/86,120,1986-04-17,Riksdagens protokoll 1985/86:120 Torsdagen den 17 april,53,14,2026-10-06
G909119,1985/86,119,1986-04-17,Riksdagens protokoll 1985/86:119 Torsdagen den 17 april,105,26,2026-10-06
G909122,1985/86,122,1986-04-21,Riksdagens protokoll 1985/86:122 Måndagen den 21 april,5,0,2026-10-06
G909125,1985/86,125,1986-04-23,Riksdagens protokoll 1985/86:125 Onsdagen den 23 april,54,0,2026-10-06
G909124,1985/86,124,1986-04-23,Riksdagens protokoll 1985/86:124 Onsdagen den 23 april,68,5,2026-10-06
G909126,1985/86,126,1986-04-24,Riksdagens protokoll 1985/86:126 Torsdagen den 24 april,118,0,2026-10-06
G909127,1985/86,127,1986-04-24,Riksdagens protokoll 1985/86:127 Torsdagen den 24 april,70,0,2026-10-06
G909128,1985/86,128,1986-04-25,Riksdagens protokoll 1985/86:128 Fredagen den 25 april,70,1,2026-10-06
G909129,1985/86,129,1986-04-28,Riksdagens protokoll 1985/86:129 Måndagen den 28 april,33,4,2026-10-06
G909130,1985/86,130,1986-04-29,Riksdagens protokoll 1985/86:130 Tisdagen den 29 april,75,0,2026-10-06
G909131,1985/86,131,1986-04-29,Riksdagens protokoll 1985/86:131 Tisdagen den 29 april,41,0,2026-10-06
G909133,1985/86,133,1986-05-05,Riksdagens protokoll 1985/86:133 Måndagen den 5 maj,8,0,2026-10-06
G909132,1985/86,132,1986-04-30,Riksdagens protokoll 1985/86:132 Onsdagen den 30 april,62,0,2026-10-06
G909134,1985/86,134,1986-05-06,Riksdagens protokoll 1985/86:134 Tisdagen den 6 maj,78,0,2026-10-06
G909135,1985/86,135,1986-05-06,Riksdagens protokoll 1985/86:135 Tisdagen den 6 maj,57,2,2026-10-06
G909136,1985/86,136,1986-05-07,Riksdagens protokoll 1985/86:136 Onsdagen den 7 maj,72,6,2026-10-06
G909138,1985/86,138,1986-05-12,Riksdagens protokoll 1985/86:138 Måndagen den 12 maj,11,0,2026-10-06
G909137,1985/86,137,1986-05-12,Riksdagens protokoll 1985/86:137 Måndagen den 12 maj,71,1,2026-10-06
G909139,1985/86,139,1986-05-13,Riksdagens protokoll 1985/86:139 Tisdagen den 13 maj,86,0,2026-10-06
G909140,1985/86,140,1986-05-14,Riksdagens protokoll 1985/86:140 Onsdagen den 14 maj,159,9,2026-10-06
G909141,1985/86,141,1986-05-14,Riksdagens protokoll 1985/86:141 Onsdagen den 14 maj,62,0,2026-10-06
G909142,1985/86,142,1986-05-15,Riksdagens protokoll 1985/86:142 Torsdagen den 15 maj,173,0,2026-10-06
G909143,1985/86,143,1986-05-15,Riksdagens protokoll 1985/86:143 Torsdagen den 15 maj,56,0,2026-10-06
G909144,1985/86,144,1986-05-16,Riksdagens protokoll 1985/86:144 Fredagen den 16 maj,99,0,2026-10-06
G909145,1985/86,145,1986-05-20,Riksdagens protokoll 1985/86:145 Tisdagen den 20 maj,76,0,2026-10-06
G909146,1985/86,146,1986-05-21,Riksdagens protokoll 1985/86:146 Onsdagen den 21 maj,147,1,2026-10-06
G909147,1985/86,147,1986-05-21,Riksdagens protokoll 1985/86:147 Onsdagen den 21 maj,73,3,2026-10-06
G909148,1985/86,148,1986-05-22,Riksdagens protokoll 1985/86:148 Torsdagen den 22 maj,110,2,2026-10-06
G909149,1985/86,149,1986-05-22,Riksdagens protokoll 1985/86:149 Torsdagen den 22 maj,32,0,2026-10-06
G909150,1985/86,150,1986-05-23,Riksdagens protokoll 1985/86:150 Fredagen den 23 maj,76,4,2026-10-06
G909151,1985/86,151,1986-05-26,Riksdagens protokoll 1985/86:151 Måndagen den 26 maj,79,2,2026-10-06
G909152,1985/86,152,1986-05-27,Riksdagens protokoll 1985/86:152 Tisdagen den 27 maj,77,0,2026-10-06
G909154,1985/86,154,1986-05-28,Riksdagens protokoll 1985/86:154 Onsdagen den 28 maj,69,0,2026-10-06
G909153,1985/86,153,1986-05-28,Riksdagens protokoll 1985/86:153 Onsdagen den 28 maj,110,1,2026-10-06
G909156,1985/86,156,1986-05-29,Riksdagens protokoll 1985/86:156 Torsdagen den 29 maj,51,0,2026-10-06
G909155,1985/86,155,1986-05-29,Riksdagens protokoll 1985/86:155 Torsdagen den 29 maj,201,5,2026-10-06
G909159,1985/86,159,1986-06-02,Riksdagens protokoll 1985/86:159 Måndagen den 2 juni,57,0,2026-10-06
G909158,1985/86,158,1986-06-02,Riksdagens protokoll 1985/86:158 Måndagen den 2 juni,79,1,2026-10-06
G909160,1985/86,160,1986-06-03,Riksdagens protokoll 1985/86:160 Tisdagen den 3 juni,107,0,2026-10-06
G909161,1985/86,161,1986-06-04,Riksdagens protokoll 1985/86:161 Onsdagen den 4 juni,127,2,2026-10-06
G909162,1985/86,162,1986-06-04,Riksdagens protokoll 1985/86:162 Onsdagen den 4 juni,72,0,2026-10-06
G909163,1985/86,163,1986-06-05,Riksdagens protokoll 1985/86:163 Torsdagen den 5 juni,60,10,2026-10-06
G909165,1985/86,165,1986-06-06,Riksdagens protokoll 1985/86:165 Fredagen den 6 juni,8,0,2026-10-06
G909164,1985/86,164,1986-06-05,Riksdagens protokoll 1985/86:164 Torsdagen den 5 juni,60,0,2026-10-06
G909167,1985/86,167,1986-06-17,Riksdagens protokoll 1985/86:167 Tisdagen den 17 juni,0,0,2026-10-06
GA091,1986/87,1,1986-10-07,Riksdagens protokoll 1986/87:1 Tisdagen den 7 oktober,2,0,2026-10-06
G909166,1985/86,166,1986-06-06,Riksdagens protokoll 1985/86:166 Fredagen den 6 juni,4,0,2026-10-06
GA092,1986/87,2,1986-10-07,Riksdagens protokoll 1986/87:2 Tisdagen den 7 oktober,4,0,2026-10-06
GA093,1986/87,3,1986-10-08,Riksdagens protokoll 1986/87:3 Onsdagen den 8 oktober,1,0,2026-10-06
GA094,1986/87,4,1986-10-09,Riksdagens protokoll 1986/87:4 Torsdagen den 9 oktober,5,0,2026-10-06
GA095,1986/87,5,1986-10-13,Riksdagens protokoll 1986/87:5 Måndagen den 13 oktober,2,0,2026-10-06
GA096,1986/87,6,1986-10-14,Riksdagens protokoll 1986/87:6 Tisdagen den 14 oktober,1,0,2026-10-06
GA099,1986/87,9,1986-10-17,Riksdagens protokoll 1986/87:9 Fredagen den 17 oktober,0,0,2026-10-06
GA098,1986/87,8,1986-10-16,Riksdagens protokoll 1986/87:8 Torsdagen den 16 oktober,115,0,2026-10-06
GA0910,1986/87,10,1986-10-20,Riksdagens protokoll 1986/87:10 Måndagen den 20 oktober,1,0,2026-10-06
GA097,1986/87,7,1986-10-15,Riksdagens protokoll 1986/87:7 Onsdagen den 15 oktober,118,0,2026-10-06
GA0911,1986/87,11,1986-10-21,Riksdagens protokoll 1986/87:11 Tisdagen den 21 oktober,1,0,2026-10-06
GA0913,1986/87,13,1986-10-22,Riksdagens protokoll 1986/87:13 Onsdagen den 22 oktober,37,0,2026-10-06
GA0912,1986/87,12,1986-10-22,Riksdagens protokoll 1986/87:12 Onsdagen den 22 oktober,46,1,2026-10-06
GA0914,1986/87,14,1986-10-23,Riksdagens protokoll 1986/87:14 Torsdagen den 23 oktober,167,0,2026-10-06
GA0915,1986/87,15,1986-10-23,Riksdagens protokoll 1986/87:15 Torsdagen den 23 oktober,50,5,2026-10-06
GA0916,1986/87,16,1986-10-24,Riksdagens protokoll 1986/87:16 Fredagen den 24 oktober,16,0,2026-10-06
GA0917,1986/87,17,1986-11-03,Riksdagens protokoll 1986/87:17 Måndagen den 3 november,63,0,2026-10-06
GA0918,1986/87,18,1986-11-04,Riksdagens protokoll 1986/87:18 Tisdagen den 4 november,50,0,2026-10-06
GA0920,1986/87,20,1986-11-06,Riksdagens protokoll 1986/87:20 Torsdagen den 6 november,88,5,2026-10-06
GA0919,1986/87,19,1986-11-05,Riksdagens protokoll 1986/87:19 Onsdagen den 5 november,99,0,2026-10-06
GA0921,1986/87,21,1986-11-07,Riksdagens protokoll 1986/87:21 Fredagen den 7 november,99,4,2026-10-06
GA0923,1986/87,23,1986-11-11,Riksdagens protokoll 1986/87:23 Tisdagen den 11 november,27,3,2026-10-06
GA0922,1986/87,22,1986-11-10,Riksdagens protokoll 1986/87:22 Måndagen den 10 november,74,2,2026-10-06
GA0924,1986/87,24,1986-11-12,Riksdagens protokoll 1986/87:24 Onsdagen den 12 november,50,0,2026-10-06
GA0925,1986/87,25,1986-11-13,Riksdagens protokoll 1986/87:25 Torsdagen den 13 november,65,0,2026-10-06
GA0926,1986/87,26,1986-11-14,Riksdagens protokoll 1986/87:26 Fredagen den 14 november,1,0,2026-10-06
GA0927,1986/87,27,1986-11-17,Riksdagens protokoll 1986/87:27 Måndagen den 17 november,8,1,2026-10-06
GA0928,1986/87,28,1986-11-18,Riksdagens protokoll 1986/87:28 Tisdagen den 18 november,9,0,2026-10-06
GA0929,1986/87,29,1986-11-19,Riksdagens protokoll 1986/87:29 Onsdagen den 19 november,116,0,2026-10-06
GA0930,1986/87,30,1986-11-19,Riksdagens protokoll 1986/87:30 Onsdagen den 19 november,63,1,2026-10-06
GA0931,1986/87,31,1986-11-20,Riksdagens protokoll 1986/87:31 Torsdagen den 20 november,165,2,2026-10-06
GA0932,1986/87,32,1986-11-20,Riksdagens protokoll 1986/87:32 Torsdagen den 20 november,57,0,2026-10-06
GA0933,1986/87,33,1986-11-21,Riksdagens protokoll 1986/87:33 Fredagen den 21 november,46,2,2026-10-06
GA0934,1986/87,34,1986-11-24,Riksdagens protokoll 1986/87:34 Måndagen den 24 november,7,0,2026-10-06
GA0935,1986/87,35,1986-11-25,Riksdagens protokoll 1986/87:35 Tisdagen den 25 november,12,9,2026-10-06
GA0938,1986/87,38,1986-11-28,Riksdagens protokoll 1986/87:38 Fredagen den 28 november,0,0,2026-10-06
GA0937,1986/87,37,1986-11-27,Riksdagens protokoll 1986/87:37 Torsdagen den 27 november,0,0,2026-10-06
GA0939,1986/87,39,1986-12-01,Riksdagens protokoll 1986/87:39 Måndagen den 1 december,0,0,2026-10-06
GA0936,1986/87,36,1986-11-26,Riksdagens protokoll 1986/87:36 Onsdagen den 26 november,72,29,2026-10-06
GA0940,1986/87,40,1986-12-02,Riksdagens protokoll 1986/87:40 Tisdagen den 2 december,0,0,2026-10-06
GA0942,1986/87,42,1986-12-04,Riksdagens protokoll 1986/87:42 Torsdagen den 4 december,1,0,2026-10-06
GA0943,1986/87,43,1986-12-05,Riksdagens protokoll 1986/87:43 Fredagen den 5 december,0,0,2026-10-06
GA0941,1986/87,41,1986-12-03,Riksdagens protokoll 1986/87:41 Onsdagen den 3 december,0,1,2026-10-06
GA0944,1986/87,44,1986-12-08,Riksdagens protokoll 1986/87:44 Måndagen den 8 december,0,2,2026-10-06
GA0945,1986/87,45,1986-12-09,Riksdagens protokoll 1986/87:45 Tisdagen den 9 december,0,1,2026-10-06
GA0946,1986/87,46,1986-12-10,Riksdagens protokoll 1986/87:46 Onsdagen den 10 december,0,1,2026-10-06
GA0948,1986/87,48,1986-12-12,Riksdagens protokoll 1986/87:48 Fredagen den 12 december,0,1,2026-10-06
GA0947,1986/87,47,1986-12-11,Riksdagens protokoll 1986/87:47 Torsdagen den 11 december,1,0,2026-10-06
GA0949,1986/87,49,1986-12-15,Riksdagens protokoll 1986/87:49 Måndagen den 15 december,1,1,2026-10-06
GA0983,1986/87,83,1986-12-31,Riksdagens protokoll 1986/87:83,16,0,2026-10-06
GA0951,1986/87,51,1986-12-17,Riksdagens protokoll 1986/87:51 Onsdagen den 17 december,1,0,2026-10-06
GA0997,1986/87,97,1986-12-31,Riksdagens protokoll 1986/87:97,18,0,2026-10-06
GA0952,1986/87,52,1987-01-12,Riksdagens protokoll 1986/87:52 Måndagen den 12 januari,0,0,2026-10-06
GA0950,1986/87,50,1986-12-16,Riksdagens protokoll 1986/87:50 Tisdagen den 16 december,0,1,2026-10-06
GA0953,1986/87,53,1987-01-13,Riksdagens protokoll 1986/87:53 Tisdagen den 13 januari,1,0,2026-10-06
GA0955,1986/87,55,1987-01-15,Riksdagens protokoll 1986/87:55 Torsdagen den 15 januari,0,1,2026-10-06
GA0954,1986/87,54,1987-01-14,Riksdagens protokoll 1986/87:54 Onsdagen den 14 januari,0,1,2026-10-06
GA0956,1986/87,56,1987-01-20,Riksdagens protokoll 1986/87:56 Tisdagen den 20 januari,0,0,2026-10-06
GA0957,1986/87,57,1987-01-21,Riksdagens protokoll 1986/87:57 Onsdagen den 21 januari,0,0,2026-10-06
GA0958,1986/87,58,1987-01-22,Riksdagens protokoll 1986/87:58 Torsdagen den 22 januari,0,0,2026-10-06
GA0959,1986/87,59,1987-01-26,Riksdagens protokoll 1986/87:59 Måndagen den 26 januari,1,0,2026-10-06
GA0960,1986/87,60,1987-01-27,Riksdagens protokoll 1986/87:60 Tisdagen den 27 januari,0,1,2026-10-06
GA0961,1986/87,61,1987-01-29,Riksdagens protokoll 1986/87:61 Torsdagen den 29 januari,0,1,2026-10-06
GA0963,1986/87,63,1987-02-03,Riksdagens protokoll 1986/87:63 Tisdagen den 3 februari,0,0,2026-10-06
GA0962,1986/87,62,1987-02-02,Riksdagens protokoll 1986/87:62 Måndagen den 2 februari,0,1,2026-10-06
GA0966,1986/87,66,1987-02-06,Riksdagens protokoll 1986/87:66 Fredagen den 6 februari,0,0,2026-10-06
GA0965,1986/87,65,1987-02-05,Riksdagens protokoll 1986/87:65 Torsdagen den 5 februari,1,1,2026-10-06
GA0964,1986/87,64,1987-02-04,Riksdagens protokoll 1986/87:64 Onsdagen den 4 februari,0,2,2026-10-06
GA0967,1986/87,67,1987-02-09,Riksdagens protokoll 1986/87:67 Måndagen den 9 februari,0,1,2026-10-06
GA0968,1986/87,68,1987-02-10,Riksdagens protokoll 1986/87:68 Tisdagen den 10 februari,0,1,2026-10-06
GA0969,1986/87,69,1987-02-11,Riksdagens protokoll 1986/87:69 Onsdagen den 11 februari,0,0,2026-10-06
GA0971,1986/87,71,1987-02-13,Riksdagens protokoll 1986/87:71 Fredagen den 13 februari,18,0,2026-10-06
GA0972,1986/87,72,1987-02-16,Riksdagens protokoll 1986/87:72 Måndagen den 16 februari,7,0,2026-10-06
GA0970,1986/87,70,1987-02-12,Riksdagens protokoll 1986/87:70 Torsdagen den 12 februari,79,10,2026-10-06
GA0973,1986/87,73,1987-02-17,Riksdagens protokoll 1986/87:73 Tisdagen den 17 februari,28,0,2026-10-06
GA0974,1986/87,74,1987-02-18,Riksdagens protokoll 1986/87:74 Onsdagen den 18 februari,37,0,2026-10-06
GA0975,1986/87,75,1987-02-19,Riksdagens protokoll 1986/87:75 Torsdagen den 19 februari,98,7,2026-10-06
GA0976,1986/87,76,1987-02-20,Riksdagens protokoll 1986/87:76 Fredagen den 20 februari,0,0,2026-10-06
GA0977,1986/87,77,1987-03-02,Riksdagens protokoll 1986/87:77 Måndagen den 2 mars,1,0,2026-10-06
GA0979,1986/87,79,1987-03-04,Riksdagens protokoll 1986/87:79 Onsdagen den 4 mars,30,5,2026-10-06
GA0978,1986/87,78,1987-03-03,Riksdagens protokoll 1986/87:78 Tisdagen den 3 mars,50,0,2026-10-06
GA0980,1986/87,80,1987-03-05,Riksdagens protokoll 1986/87:80 Torsdagen den 5 mars,95,0,2026-10-06
GA0981,1986/87,81,1987-03-06,Riksdagens protokoll 1986/87:81 Fredagen den 6 mars,0,0,2026-10-06
GA0982,1986/87,82,1987-03-09,Riksdagens protokoll 1986/87:82 Måndagen den 9 mars,15,0,2026-10-06
GA0985,1986/87,85,1987-03-12,Riksdagens protokoll 1986/87:85 Torsdagen den 12 mars,93,3,2026-10-06
GA0984,1986/87,84,1987-03-11,Riksdagens protokoll 1986/87:84 Onsdagen den 11 mars,54,23,2026-10-06
GA0987,1986/87,87,1987-03-16,Riksdagens protokoll 1986/87:87 Måndagen den 16 mars,1,0,2026-10-06
GA0986,1986/87,86,1987-03-13,Riksdagens protokoll 1986/87:86 Fredagen den 13 mars,22,0,2026-10-06
GA0988,1986/87,88,1987-03-17,Riksdagens protokoll 1986/87:88 Tisdagen den 17 mars,60,0,2026-10-06
GA0990,1986/87,90,1987-03-19,Riksdagens protokoll 1986/87:90 Torsdagen den 19 mars,119,5,2026-10-06
GA0991,1986/87,91,1987-03-20,Riksdagens protokoll 1986/87:91 Fredagen den 20 mars,9,0,2026-10-06
GA0989,1986/87,89,1987-03-18,Riksdagens protokoll 1986/87:89 Onsdagen den 18 mars,124,0,2026-10-06
GA0992,1986/87,92,1987-03-23,Riksdagens protokoll 1986/87:92 Måndagen den 23 mars,16,0,2026-10-06
GA0993,1986/87,93,1987-03-24,Riksdagens protokoll 1986/87:93 Tisdagen den 24 mars,28,0,2026-10-06
GA0996,1986/87,96,1987-03-27,Riksdagens protokoll 1986/87:96 Fredagen den 27 mars,1,0,2026-10-06
GA0995,1986/87,95,1987-03-26,Riksdagens protokoll 1986/87:95 Torsdagen den 26 mars,79,2,2026-10-06
GA0998,1986/87,98,1987-03-31,Riksdagens protokoll 1986/87:98 Tisdagen den 31 mars,33,0,2026-10-06
GA0994,1986/87,94,1987-03-25,Riksdagens protokoll 1986/87:94 Onsdagen den 25 mars,138,1,2026-10-06
GA09101,1986/87,101,1987-04-03,Riksdagens protokoll 1986/87:101 Fredagen den 3 april,8,0,2026-10-06
GA0999,1986/87,99,1987-04-01,Riksdagens protokoll 1986/87:99 Onsdagen den 1 april,146,0,2026-10-06
GA09102,1986/87,102,1987-04-06,Riksdagens protokoll 1986/87:102 Måndagen den 6 april,21,0,2026-10-06
GA09100,1986/87,100,1987-04-02,Riksdagens protokoll 1986/87:100 Torsdagen den 2 april,168,15,2026-10-06
GA09103,1986/87,103,1987-04-07,Riksdagens protokoll 1986/87:103 Tisdagen den 7 april,35,0,2026-10-06
GA09106,1986/87,106,1987-04-10,Riksdagens protokoll 1986/87:106 Fredagen den 10 april,0,0,2026-10-06
GA09107,1986/87,107,1987-04-21,Riksdagens protokoll 1986/87:107 Tisdagen den 21 april,9,4,2026-10-06
GA09105,1986/87,105,1987-04-09,Riksdagens protokoll 1986/87:105 Torsdagen den 9 april,161,7,2026-10-06
GA09104,1986/87,104,1987-04-08,Riksdagens protokoll 1986/87:104 Onsdagen den 8 april,162,15,2026-10-06
GA09108,1986/87,108,1987-04-22,Riksdagens protokoll 1986/87:108 Onsdagen den 22 april,131,0,2026-10-06
GA09111,1986/87,111,1987-04-27,Riksdagens protokoll 1986/87:111 Måndagen den 27 april,6,0,2026-10-06
GA09110,1986/87,110,1987-04-24,Riksdagens protokoll 1986/87:110 Fredagen den 24 april,56,0,2026-10-06
GA09109,1986/87,109,1987-04-23,Riksdagens protokoll 1986/87:109 Torsdagen den 23 april,194,0,2026-10-06
GA09112,1986/87,112,1987-04-28,Riksdagens protokoll 1986/87:112 Tisdagen den 28 april,10,0,2026-10-06
GA09114,1986/87,114,1987-04-30,Riksdagens protokoll 1986/87:114 Torsdagen den 30 april,42,0,2026-10-06
GA09115,1986/87,115,1987-05-04,Riksdagens protokoll 1986/87:115 Måndagen den 4 maj,23,0,2026-10-06
GA09116,1986/87,116,1987-05-05,Riksdagens protokoll 1986/87:116 Tisdagen den 5 maj,2,0,2026-10-06
GA09113,1986/87,113,1987-04-29,Riksdagens protokoll 1986/87:113 Onsdagen den 29 april,194,5,2026-10-06
GA09117,1986/87,117,1987-05-06,Riksdagens protokoll 1986/87:117 Onsdagen den 6 maj,144,2,2026-10-06
GA09119,1986/87,119,1987-05-08,Riksdagens protokoll 1986/87:119 Fredagen den 8 maj,87,0,2026-10-06
GA09120,1986/87,120,1987-05-11,Riksdagens protokoll 1986/87:120 Måndagen den 11 maj,1,0,2026-10-06
GA09118,1986/87,118,1987-05-07,Riksdagens protokoll 1986/87:118 Torsdagen den 7 maj,270,8,2026-10-06
GA09121,1986/87,121,1987-05-12,Riksdagens protokoll 1986/87:121 Tisdagen den 12 maj,20,0,2026-10-06
GA09123,1986/87,123,1987-05-14,Riksdagens protokoll 1986/87:123 Torsdagen den 14 maj,100,53,2026-10-06
GA09124,1986/87,124,1987-05-15,Riksdagens protokoll 1986/87:124 Fredagen den 15 maj,84,1,2026-10-06
GA09122,1986/87,122,1987-05-13,Riksdagens protokoll 1986/87:122 Onsdagen den 13 maj,173,25,2026-10-06
GA09125,1986/87,125,1987-05-18,Riksdagens protokoll 1986/87:125 Måndagen den 18 maj,46,6,2026-10-06
GA09126,1986/87,126,1987-05-19,Riksdagens protokoll 1986/87:126 Tisdagen den 19 maj,30,0,2026-10-06
GA09129,1986/87,129,1987-05-22,Riksdagens protokoll 1986/87:129 Fredagen den 22 maj,156,4,2026-10-06
GA09127,1986/87,127,1987-05-20,Riksdagens protokoll 1986/87:127 Onsdagen den 20 maj,0,1,2026-10-06
GA09128,1986/87,128,1987-05-21,Riksdagens protokoll 1986/87:128 Torsdagen den 21 maj,110,9,2026-10-06
GA09131,1986/87,131,1987-05-26,Riksdagens protokoll 1986/87:131 Tisdagen den 26 maj,113,5,2026-10-06
GA09130,1986/87,130,1987-05-25,Riksdagens protokoll 1986/87:130 Måndagen den 25 maj,172,2,2026-10-06
GA09132,1986/87,132,1987-05-27,Riksdagens protokoll 1986/87:132 Onsdagen den 27 maj,107,15,2026-10-06
GA09133,1986/87,133,1987-06-01,Riksdagens protokoll 1986/87:133 Måndagen den 1 juni,143,0,2026-10-06
GA09134,1986/87,134,1987-06-02,Riksdagens protokoll 1986/87:134 Tisdagen den 2 juni,98,0,2026-10-06
GA09135,1986/87,135,1987-06-03,Riksdagens protokoll 1986/87:135 Onsdagen den 3 juni,168,0,2026-10-06
GA09138,1986/87,138,1987-06-05,Riksdagens protokoll 1986/87:138 Fredagen den 5 juni,4,0,2026-10-06
GA09137,1986/87,137,1987-06-05,Riksdagens protokoll 1986/87:137 Fredagen den 5 juni,41,8,2026-10-06
GA09139,1986/87,139,1987-06-16,Riksdagens protokoll 1986/87:139 Tisdagen den 16 juni,0,0,2026-10-06
GA09136,1986/87,136,1987-06-04,Riksdagens protokoll 1986/87:136 Torsdagen den 4 juni,158,8,2026-10-06
GB091,1987/88,1,1987-10-06,Riksdagens protokoll 1987/88:1 Tisdagen den 6 oktober,4,0,2026-10-06
GB092,1987/88,2,1987-10-06,Riksdagens protokoll 1987/88:2 Tisdagen den 6 oktober,4,1,2026-10-06
GB093,1987/88,3,1987-10-07,Riksdagens protokoll 1987/88:3 Onsdagen den 7 oktober,2,0,2026-10-06
GB095,1987/88,5,1987-10-12,Riksdagens protokoll 1987/88:5 Måndagen den 12 oktober,1,0,2026-10-06
GB094,1987/88,4,1987-10-08,Riksdagens protokoll 1987/88:4 Torsdagen den 8 oktober,77,9,2026-10-06
GB096,1987/88,6,1987-10-13,Riksdagens protokoll 1987/88:6 Tisdagen den 13 oktober,11,0,2026-10-06
GB097,1987/88,7,1987-10-15,Riksdagens protokoll 1987/88:7 Torsdagen den 15 oktober,58,0,2026-10-06
GB098,1987/88,8,1987-10-16,Riksdagens protokoll 1987/88:8 Fredagen den 16 oktober,14,0,2026-10-06
GB099,1987/88,9,1987-10-19,Riksdagens protokoll 1987/88:9 Måndagen den 19 oktober,2,0,2026-10-06
GB0910,1987/88,10,1987-10-20,Riksdagens protokoll 1987/88:10 Tisdagen den 20 oktober,65,4,2026-10-06
GB0913,1987/88,13,1987-10-23,Riksdagens protokoll 1987/88:13 Fredagen den 23 oktober,40,0,2026-10-06
GB0912,1987/88,12,1987-10-22,Riksdagens protokoll 1987/88:12 Torsdagen den 22 oktober,194,18,2026-10-06
GB0911,1987/88,11,1987-10-21,Riksdagens protokoll 1987/88:11 Onsdagen den 21 oktober,87,9,2026-10-06
GB0914,1987/88,14,1987-10-26,Riksdagens protokoll 1987/88:14 Måndagen den 26 oktober,0,0,2026-10-06
GB0915,1987/88,15,1987-10-27,Riksdagens protokoll 1987/88:15 Tisdagen den 27 oktober,55,8,2026-10-06
GB0917,1987/88,17,1987-10-29,Riksdagens protokoll 1987/88:17 Torsdagen den 29 oktober,83,2,2026-10-06
GB0916,1987/88,16,1987-10-28,Riksdagens protokoll 1987/88:16 Onsdagen den 28 oktober,179,0,2026-10-06
GB0919,1987/88,19,1987-11-09,Riksdagens protokoll 1987/88:19 Måndagen den 9 november,50,1,2026-10-06
GB0918,1987/88,18,1987-10-30,Riksdagens protokoll 1987/88:18 Fredagen den 30 oktober,95,4,2026-10-06
GB0920,1987/88,20,1987-11-10,Riksdagens protokoll 1987/88:20 Tisdagen den 10 november,18,0,2026-10-06
GB0923,1987/88,23,1987-11-13,Riksdagens protokoll 1987/88:23 Fredagen den 13 november,17,0,2026-10-06
GB0922,1987/88,22,1987-11-12,Riksdagens protokoll 1987/88:22 Torsdagen den 12 november,129,1,2026-10-06
GB0924,1987/88,24,1987-11-16,Riksdagens protokoll 1987/88:24 Måndagen den 16 november,12,0,2026-10-06
GB0925,1987/88,25,1987-11-17,Riksdagens protokoll 1987/88:25 Tisdagen den 17 november,8,0,2026-10-06
GB0921,1987/88,21,1987-11-11,Riksdagens protokoll 1987/88:21 Onsdagen den 11 november,185,0,2026-10-06
GB0926,1987/88,26,1987-11-18,Riksdagens protokoll 1987/88:26 Onsdagen den 18 november,61,0,2026-10-06
GB0928,1987/88,28,1987-11-20,Riksdagens protokoll 1987/88:28 Fredagen den 20 november,49,0,2026-10-06
GB0929,1987/88,29,1987-11-23,Riksdagens protokoll 1987/88:29 Måndagen den 23 november,28,1,2026-10-06
GB0927,1987/88,27,1987-11-19,Riksdagens protokoll 1987/88:27 Torsdagen den 19 november,144,0,2026-10-06
GB0930,1987/88,30,1987-11-24,Riksdagens protokoll 1987/88:30 Tisdagen den 24 november,13,0,2026-10-06
GB0933,1987/88,33,1987-11-27,Riksdagens protokoll 1987/88:33 Fredagen den 27 november,154,4,2026-10-06
GB0932,1987/88,32,1987-11-26,Riksdagens protokoll 1987/88:32 Torsdagen den 26 november,98,27,2026-10-06
GB0931,1987/88,31,1987-11-25,Riksdagens protokoll 1987/88:31 Onsdagen den 25 november,185,1,2026-10-06
GB0935,1987/88,35,1987-12-01,Riksdagens protokoll 1987/88:35 Tisdagen den 1 december,13,0,2026-10-06
GB0934,1987/88,34,1987-11-30,Riksdagens protokoll 1987/88:34 Måndagen den 30 november,75,0,2026-10-06
GB0937,1987/88,37,1987-12-03,Riksdagens protokoll 1987/88:37 Torsdagen den 3 december,24,0,2026-10-06
GB0936,1987/88,36,1987-12-02,Riksdagens protokoll 1987/88:36 Onsdagen den 2 december,94,0,2026-10-06
GB0938,1987/88,38,1987-12-04,Riksdagens protokoll 1987/88:38 Fredagen den 4 december,89,0,2026-10-06
GB0939,1987/88,39,1987-12-07,Riksdagens protokoll 1987/88:39 Måndagen den 7 december,70,19,2026-10-06
GB0940,1987/88,40,1987-12-08,Riksdagens protokoll 1987/88:40 Tisdagen den 8 december,50,0,2026-10-06
GB0941,1987/88,41,1987-12-09,Riksdagens protokoll 1987/88:41 Onsdagen den 9 december,149,0,2026-10-06
GB0942,1987/88,42,1987-12-10,Riksdagens protokoll 1987/88:42 Torsdagen den 10 december,81,0,2026-10-06
GB0943,1987/88,43,1987-12-11,Riksdagens protokoll 1987/88:43 Fredagen den 11 december,190,1,2026-10-06
GB0944,1987/88,44,1987-12-14,Riksdagens protokoll 1987/88:44 Måndagen den 14 december,97,4,2026-10-06
GB0945,1987/88,45,1987-12-15,Riksdagens protokoll 1987/88:45 Tisdagen den 15 december,148,3,2026-10-06
GB0948,1987/88,48,1988-01-11,Riksdagens protokoll 1987/88:48 Måndagen den 11 januari,4,0,2026-10-06
GB0946,1987/88,46,1987-12-16,Riksdagens protokoll 1987/88:46 Onsdagen den 16 december,157,51,2026-10-06
GB0949,1987/88,49,1988-01-12,Riksdagens protokoll 1987/88:49 Tisdagen den 12 januari,14,4,2026-10-06
GB0947,1987/88,47,1987-12-17,Riksdagens protokoll 1987/88:47 Torsdagen den 17 december,115,6,2026-10-06
GB0950,1987/88,50,1988-01-13,Riksdagens protokoll 1987/88:50 Onsdagen den 13 januari,27,0,2026-10-06
GB0951,1987/88,51,1988-01-14,Riksdagens protokoll 1987/88:51 Torsdagen den 14 januari,64,0,2026-10-06
GB0953,1987/88,53,1988-01-19,Riksdagens protokoll 1987/88:53 Tisdagen den 19 januari,3,0,2026-10-06
GB0952,1987/88,52,1988-01-15,Riksdagens protokoll 1987/88:52 Fredagen den 15 januari,43,0,2026-10-06
GB0954,1987/88,54,1988-01-20,Riksdagens protokoll 1987/88:54 Onsdagen den 20 januari,8,0,2026-10-06
GB0955,1987/88,55,1988-01-21,Riksdagens protokoll 1987/88:55 Torsdagen den 21 januari,23,0,2026-10-06
GB0956,1987/88,56,1988-01-25,Riksdagens protokoll 1987/88:56 Måndagen den 25 januari,4,0,2026-10-06
GB0957,1987/88,57,1988-01-26,Riksdagens protokoll 1987/88:57 Tisdagen den 26 januari,1,0,2026-10-06
GB0958,1987/88,58,1988-01-28,Riksdagens protokoll 1987/88:58 Torsdagen den 28 januari,23,0,2026-10-06
GB0960,1987/88,60,1988-02-02,Riksdagens protokoll 1987/88:60 Tisdagen den 2 februari,5,0,2026-10-06
GB0959,1987/88,59,1988-02-01,Riksdagens protokoll 1987/88:59 Måndagen den 1 februari,1,0,2026-10-06
GB0963,1987/88,63,1988-02-05,Riksdagens protokoll 1987/88:63 Fredagen den 5 februari,33,5,2026-10-06
GB0961,1987/88,61,1988-02-03,Riksdagens protokoll 1987/88:61 Onsdagen den 3 februari,82,9,2026-10-06
GB0964,1987/88,64,1988-02-08,Riksdagens protokoll 1987/88:64 Måndagen den 8 februari,11,0,2026-10-06
GB0962,1987/88,62,1988-02-04,Riksdagens protokoll 1987/88:62 Torsdagen den 4 februari,141,1,2026-10-06
GB0965,1987/88,65,1988-02-09,Riksdagens protokoll 1987/88:65 Tisdagen den 9 februari,48,0,2026-10-06
GB0966,1987/88,66,1988-02-10,Riksdagens protokoll 1987/88:66 Onsdagen den 10 februari,14,0,2026-10-06
GB0967,1987/88,67,1988-02-11,Riksdagens protokoll 1987/88:67 Torsdagen den 11 februari,58,3,2026-10-06
GB0969,1987/88,69,1988-02-15,Riksdagens protokoll 1987/88:69 Måndagen den 15 februari,0,0,2026-10-06
GB0968,1987/88,68,1988-02-12,Riksdagens protokoll 1987/88:68 Fredagen den 12 februari,14,0,2026-10-06
GB0970,1987/88,70,1988-02-16,Riksdagens protokoll 1987/88:70 Tisdagen den 16 februari,36,4,2026-10-06
GB0972,1987/88,72,1988-02-19,Riksdagens protokoll 1987/88:72 Fredagen den 19 februari,1,0,2026-10-06
GB0971,1987/88,71,1988-02-18,Riksdagens protokoll 1987/88:71 Torsdagen den 18 februari,60,2,2026-10-06
GB0974,1987/88,74,1988-02-23,Riksdagens protokoll 1987/88:74 Tisdagen den 23 februari,4,0,2026-10-06
GB0973,1987/88,73,1988-02-22,Riksdagens protokoll 1987/88:73 Måndagen den 22 februari,19,1,2026-10-06
GB0975,1987/88,75,1988-02-24,Riksdagens protokoll 1987/88:75 Onsdagen den 24 februari,11,0,2026-10-06
GB0976,1987/88,76,1988-02-25,Riksdagens protokoll 1987/88:76 Torsdagen den 25 februari,46,1,2026-10-06
GB0978,1987/88,78,1988-02-29,Riksdagens protokoll 1987/88:78 Måndagen den 29 februari,18,0,2026-10-06
GB0977,1987/88,77,1988-02-26,Riksdagens protokoll 1987/88:77 Fredagen den 26 februari,29,0,2026-10-06
GB0979,1987/88,79,1988-03-01,Riksdagens protokoll 1987/88:79 Tisdagen den 1 mars,20,0,2026-10-06
GB0982,1987/88,82,1988-03-04,Riksdagens protokoll 1987/88:82 Fredagen den 4 mars,4,0,2026-10-06
GB0981,1987/88,81,1988-03-03,Riksdagens protokoll 1987/88:81 Torsdagen den 3 mars,79,0,2026-10-06
GB0980,1987/88,80,1988-03-02,Riksdagens protokoll 1987/88:80 Onsdagen den 2 mars,36,2,2026-10-06
GB0983,1987/88,83,1988-03-14,Riksdagens protokoll 1987/88:83 Måndagen den 14 mars,27,0,2026-10-06
GB0984,1987/88,84,1988-03-15,Riksdagens protokoll 1987/88:84 Tisdagen den 15 mars,19,8,2026-10-06
GB0987,1987/88,87,1988-03-18,Riksdagens protokoll 1987/88:87 Fredagen den 18 mars,17,1,2026-10-06
GB0988,1987/88,88,1988-03-21,Riksdagens protokoll 1987/88:88 Måndagen den 21 mars,14,2,2026-10-06
GB0986,1987/88,86,1988-03-17,Riksdagens protokoll 1987/88:86 Torsdagen den 17 mars,103,1,2026-10-06
GB0985,1987/88,85,1988-03-16,Riksdagens protokoll 1987/88:85 Onsdagen den 16 mars,124,0,2026-10-06
GB0989,1987/88,89,1988-03-22,Riksdagens protokoll 1987/88:89 Tisdagen den 22 mars,32,0,2026-10-06
GB0990,1987/88,90,1988-03-23,Riksdagens protokoll 1987/88:90 Onsdagen den 23 mars,109,1,2026-10-06
GB0991,1987/88,91,1988-03-24,Riksdagens protokoll 1987/88:91 Torsdagen den 24 mars,102,2,2026-10-06
GB0993,1987/88,93,1988-04-05,Riksdagens protokoll 1987/88:93 Tisdagen den 5 april,38,0,2026-10-06
GB0992,1987/88,92,1988-03-25,Riksdagens protokoll 1987/88:92 Fredagen den 25 mars,42,1,2026-10-06
GB0994,1987/88,94,1988-04-06,Riksdagens protokoll 1987/88:94 Onsdagen den 6 april,161,0,2026-10-06
GB0995,1987/88,95,1988-04-07,Riksdagens protokoll 1987/88:95 Torsdagen den 7 april,121,0,2026-10-06
GB0996,1987/88,96,1988-04-08,Riksdagens protokoll 1987/88:96 Fredagen den 8 april,81,0,2026-10-06
GB0997,1987/88,97,1988-04-11,Riksdagens protokoll 1987/88:97 Måndagen den 11 april,13,0,2026-10-06
GB0998,1987/88,98,1988-04-12,Riksdagens protokoll 1987/88:98 Tisdagen den 12 april,8,0,2026-10-06
GB09101,1987/88,101,1988-04-15,Riksdagens protokoll 1987/88:101 Fredagen den 15 april,82,0,2026-10-06
GB09102,1987/88,102,1988-04-18,Riksdagens protokoll 1987/88:102 Måndagen den 18 april,8,0,2026-10-06
GB09100,1987/88,100,1988-04-14,Riksdagens protokoll 1987/88:100 Torsdagen den 14 april,91,4,2026-10-06
GB09103,1987/88,103,1988-04-19,Riksdagens protokoll 1987/88:103 Tisdagen den 19 april,13,0,2026-10-06
GB0999,1987/88,99,1988-04-13,Riksdagens protokoll 1987/88:99 Onsdagen den 13 april,144,1,2026-10-06
GB09106,1987/88,106,1988-04-22,Riksdagens protokoll 1987/88:106 Fredagen den 22 april,81,4,2026-10-06
GB09104,1987/88,104,1988-04-20,Riksdagens protokoll 1987/88:104 Onsdagen den 20 april,113,41,2026-10-06
GB09105,1987/88,105,1988-04-21,Riksdagens protokoll 1987/88:105 Torsdagen den 21 april,70,1,2026-10-06
GB09107,1987/88,107,1988-04-25,Riksdagens protokoll 1987/88:107 Måndagen den 25 april,8,0,2026-10-06
GB09108,1987/88,108,1988-04-26,Riksdagens protokoll 1987/88:108 Tisdagen den 26 april,49,0,2026-10-06
GB09110,1987/88,110,1988-04-28,Riksdagens protokoll 1987/88:110 Torsdagen den 28 april,116,35,2026-10-06
GB09112,1987/88,112,1988-05-02,Riksdagens protokoll 1987/88:112 Måndagen den 2 maj,17,0,2026-10-06
GB09109,1987/88,109,1988-04-27,Riksdagens protokoll 1987/88:109 Onsdagen den 27 april,131,2,2026-10-06
GB09111,1987/88,111,1988-04-29,Riksdagens protokoll 1987/88:111 Fredagen den 29 april,91,1,2026-10-06
GB09113,1987/88,113,1988-05-03,Riksdagens protokoll 1987/88:113 Tisdagen den 3 maj,22,0,2026-10-06
GB09115,1987/88,115,1988-05-05,Riksdagens protokoll 1987/88:115 Torsdagen den 5 maj,119,3,2026-10-06
GB09116,1987/88,116,1988-05-06,Riksdagens protokoll 1987/88:116 Fredagen den 6 maj,90,0,2026-10-06
GB09114,1987/88,114,1988-05-04,Riksdagens protokoll 1987/88:114 Onsdagen den 4 maj,129,0,2026-10-06
GB09117,1987/88,117,1988-05-09,Riksdagens protokoll 1987/88:117 Måndagen den 9 maj,20,0,2026-10-06
GB09118,1987/88,118,1988-05-10,Riksdagens protokoll 1987/88:118 Tisdagen den 10 maj,110,35,2026-10-06
GB09119,1987/88,119,1988-05-11,Riksdagens protokoll 1987/88:119 Onsdagen den 11 maj,49,0,2026-10-06
GB09120,1987/88,120,1988-05-16,Riksdagens protokoll 1987/88:120 Måndagen den 16 maj,40,1,2026-10-06
GB09121,1987/88,121,1988-05-17,Riksdagens protokoll 1987/88:121 Tisdagen den 17 maj,32,0,2026-10-06
GB09123,1987/88,123,1988-05-19,Riksdagens protokoll 1987/88:123 Torsdagen den 19 maj,129,0,2026-10-06
GB09122,1987/88,122,1988-05-18,Riksdagens protokoll 1987/88:122 Onsdagen den 18 maj,165,0,2026-10-06
GB09124,1987/88,124,1988-05-20,Riksdagens protokoll 1987/88:124 Fredagen den 20 maj,152,4,2026-10-06
GB09125,1987/88,125,1988-05-24,Riksdagens protokoll 1987/88:125 Tisdagen den 24 maj,42,5,2026-10-06
GB09126,1987/88,126,1988-05-25,Riksdagens protokoll 1987/88:126 Onsdagen den 25 maj,173,15,2026-10-06
GB09128,1987/88,128,1988-05-27,Riksdagens protokoll 1987/88:128 Fredagen den 27 maj,110,0,2026-10-06
GB09127,1987/88,127,1988-05-26,Riksdagens protokoll 1987/88:127 Torsdagen den 26 maj,99,4,2026-10-06
GB09129,1987/88,129,1988-05-30,Riksdagens protokoll 1987/88:129 Måndagen den 30 maj,170,23,2026-10-06
GB09131,1987/88,131,1988-06-01,Riksdagens protokoll 1987/88:131 Onsdagen den 1 juni,94,1,2026-10-06
GB09130,1987/88,130,1988-05-31,Riksdagens protokoll 1987/88:130 Tisdagen den 31 maj,151,22,2026-10-06
GB09132,1987/88,132,1988-06-02,Riksdagens protokoll 1987/88:132 Torsdagen den 2 juni,178,1,2026-10-06
GB09133,1987/88,133,1988-06-03,Riksdagens protokoll 1987/88:133 Fredagen den 3 juni,148,2,2026-10-06
GB09134,1987/88,134,1988-06-06,Riksdagens protokoll 1987/88:134 Måndagen den 6 juni,50,0,2026-10-06
GB09135,1987/88,135,1988-06-07,Riksdagens protokoll 1987/88:135 Tisdagen den 7 juni,1,0,2026-10-06
GB09138,1987/88,138,1988-06-10,Riksdagens protokoll 1987/88:138 Fredagen den 10 juni,0,0,2026-10-06
GB09139,1987/88,139,1988-06-10,Riksdagens protokoll 1987/88:139 Fredagen den 10 juni,0,0,2026-10-06
GB09136,1987/88,136,1988-06-08,Riksdagens protokoll 1987/88:136 Onsdagen den 8 juni,0,1,2026-10-06
GB09140,1987/88,140,1988-06-21,Riksdagens protokoll 1987/88:140 Tisdagen den 21 juni,0,0,2026-10-06
GB09137,1987/88,137,1988-06-09,Riksdagens protokoll 1987/88:137 Torsdagen den 9 juni,0,3,2026-10-06
GC091,1988/89,1,1988-10-03,Riksdagens protokoll 1988/89:1 Måndagen den 3 oktober,7,0,2026-10-06
GC092,1988/89,2,1988-10-04,Riksdagens protokoll 1988/89:2 Tisdagen den 4 oktober,4,1,2026-10-06
GC093,1988/89,3,1988-10-05,Riksdagens protokoll 1988/89:3 Onsdagen den 5 oktober,2,0,2026-10-06
GC094,1988/89,4,1988-10-05,Riksdagens protokoll 1988/89:4 Onsdagen den 5 oktober,0,0,2026-10-06
GC095,1988/89,5,1988-10-06,Riksdagens protokoll 1988/89:5 Torsdagen den 6 oktober,17,0,2026-10-06
GC097,1988/89,7,1988-10-11,Riksdagens protokoll 1988/89:7 Tisdagen den 11 oktober,1,0,2026-10-06
GC096,1988/89,6,1988-10-06,Riksdagens protokoll 1988/89:6 Torsdagen den 6 oktober,65,0,2026-10-06
GC098,1988/89,8,1988-10-12,Riksdagens protokoll 1988/89:8 Onsdagen den 12 oktober,0,1,2026-10-06
GC0910,1988/89,10,1988-10-18,Riksdagens protokoll 1988/89:10 Tisdagen den 18 oktober,4,0,2026-10-06
GC099,1988/89,9,1988-10-13,Riksdagens protokoll 1988/89:9 Torsdagen den 13 oktober,217,14,2026-10-06
GC0913,1988/89,13,1988-10-21,Riksdagens protokoll 1988/89:13 Fredagen den 21 oktober,13,6,2026-10-06
GC0914,1988/89,14,1988-10-25,Riksdagens protokoll 1988/89:14 Tisdagen den 25 oktober,12,0,2026-10-06
GC0911,1988/89,11,1988-10-19,Riksdagens protokoll 1988/89:11 Onsdagen den 19 oktober,91,4,2026-10-06
GC0912,1988/89,12,1988-10-20,Riksdagens protokoll 1988/89:12 Torsdagen den 20 oktober,205,5,2026-10-06
GC0915,1988/89,15,1988-10-26,Riksdagens protokoll 1988/89:15 Onsdagen den 26 oktober,0,0,2026-10-06
GC0916,1988/89,16,1988-10-27,Riksdagens protokoll 1988/89:16 Torsdagen den 27 oktober,134,0,2026-10-06
GC0917,1988/89,17,1988-10-28,Riksdagens protokoll 1988/89:17 Fredagen den 28 oktober,38,0,2026-10-06
GC0918,1988/89,18,1988-11-07,Riksdagens protokoll 1988/89:18 Måndagen den 7 november,1,0,2026-10-06
GC0919,1988/89,19,1988-11-08,Riksdagens protokoll 1988/89:19 Tisdagen den 8 november,0,3,2026-10-06
GC0921,1988/89,21,1988-11-10,Riksdagens protokoll 1988/89:21 Torsdagen den 10 november,1,0,2026-10-06
GC0920,1988/89,20,1988-11-09,Riksdagens protokoll 1988/89:20 Onsdagen den 9 november,0,1,2026-10-06
GC0922,1988/89,22,1988-11-11,Riksdagens protokoll 1988/89:22 Fredagen den 11 november,0,0,2026-10-06
GC0924,1988/89,24,1988-11-15,Riksdagens protokoll 1988/89:24 Tisdagen den 15 november,0,1,2026-10-06
GC0923,1988/89,23,1988-11-14,Riksdagens protokoll 1988/89:23 Måndagen den 14 november,0,0,2026-10-06
GC0925,1988/89,25,1988-11-16,Riksdagens protokoll 1988/89:25 Onsdagen den 16 november,1,0,2026-10-06
GC0926,1988/89,26,1988-11-17,Riksdagens protokoll 1988/89:26 Torsdagen den 17 november,6,0,2026-10-06
GC0928,1988/89,28,1988-11-21,Riksdagens protokoll 1988/89:28 Måndagen den 21 november,2,0,2026-10-06
GC0927,1988/89,27,1988-11-18,Riksdagens protokoll 1988/89:27 Fredagen den 18 november,0,0,2026-10-06
GC0929,1988/89,29,1988-11-22,Riksdagens protokoll 1988/89:29 Tisdagen den 22 november,0,1,2026-10-06
GC0930,1988/89,30,1988-11-23,Riksdagens protokoll 1988/89:30 Onsdagen den 23 november,1,0,2026-10-06
GC0931,1988/89,31,1988-11-24,Riksdagens protokoll 1988/89:31 Torsdagen den 24 november,0,0,2026-10-06
GC0932,1988/89,32,1988-11-25,Riksdagens protokoll 1988/89:32 Fredagen den 25 november,1,0,2026-10-06
GC0933,1988/89,33,1988-11-28,Riksdagens protokoll 1988/89:33 Måndagen den 28 november,0,0,2026-10-06
GC0934,1988/89,34,1988-11-29,Riksdagens protokoll 1988/89:34 Tisdagen den 29 november,0,0,2026-10-06
GC0935,1988/89,35,1988-11-30,Riksdagens protokoll 1988/89:35 Onsdagen den 30 november,0,0,2026-10-06
GC0937,1988/89,37,1988-12-02,Riksdagens protokoll 1988/89:37 Fredagen den 2 december,0,0,2026-10-06
GC0936,1988/89,36,1988-12-01,Riksdagens protokoll 1988/89:36 Torsdagen den 1 december,0,2,2026-10-06
GC0938,1988/89,38,1988-12-05,Riksdagens protokoll 1988/89:38 Måndagen den 5 december,0,1,2026-10-06
GC0939,1988/89,39,1988-12-06,Riksdagens protokoll 1988/89:39 Tisdagen den 6 december,1,0,2026-10-06
GC0940,1988/89,40,1988-12-07,Riksdagens protokoll 1988/89:40 Onsdagen den 7 december,1,0,2026-10-06
GC0943,1988/89,43,1988-12-12,Riksdagens protokoll 1988/89:43 Måndagen den 12 december,17,0,2026-10-06
GC0941,1988/89,41,1988-12-08,Riksdagens protokoll 1988/89:41 Torsdagen den 8 december,0,0,2026-10-06
GC0942,1988/89,42,1988-12-09,Riksdagens protokoll 1988/89:42 Fredagen den 9 december,143,0,2026-10-06
GC0944,1988/89,44,1988-12-13,Riksdagens protokoll 1988/89:44 Tisdagen den 13 december,159,3,2026-10-06
GC0945,1988/89,45,1988-12-14,Riksdagens protokoll 1988/89:45 Onsdagen den 14 december,134,3,2026-10-06
GC0948,1988/89,48,1989-01-10,Riksdagens protokoll 1988/89:48 Tisdagen den 10 januari,19,0,2026-10-06
GC0946,1988/89,46,1988-12-15,Riksdagens protokoll 1988/89:46 Torsdagen den 15 december,232,1,2026-10-06
GC0947,1988/89,47,1988-12-16,Riksdagens protokoll 1988/89:47 Fredagen den 16 december,63,24,2026-10-06
GC0949,1988/89,49,1989-01-11,Riksdagens protokoll 1988/89:49 Onsdagen den 11 januari,33,0,2026-10-06
GC0951,1988/89,51,1989-01-17,Riksdagens protokoll 1988/89:51 Tisdagen den 17 januari,45,0,2026-10-06
GC0952,1988/89,52,1989-01-18,Riksdagens protokoll 1988/89:52 Onsdagen den 18 januari,20,0,2026-10-06
GC0954,1988/89,54,1989-01-24,Riksdagens protokoll 1988/89:54 Tisdagen den 24 januari,9,0,2026-10-06
GC0953,1988/89,53,1989-01-19,Riksdagens protokoll 1988/89:53 Torsdagen den 19 januari,84,0,2026-10-06
GC0950,1988/89,50,1989-01-13,Riksdagens protokoll 1988/89:50 Fredagen den 13 januari,46,0,2026-10-06
GC0956,1988/89,56,1989-01-27,Riksdagens protokoll 1988/89:56 Fredagen den 27 januari,13,0,2026-10-06
GC0955,1988/89,55,1989-01-26,Riksdagens protokoll 1988/89:55 Torsdagen den 26 januari,38,1,2026-10-06
GC0957,1988/89,57,1989-01-30,Riksdagens protokoll 1988/89:57 Måndagen den 30 januari,0,0,2026-10-06
GC0958,1988/89,58,1989-01-31,Riksdagens protokoll 1988/89:58 Tisdagen den 31 januari,7,0,2026-10-06
GC0961,1988/89,61,1989-02-06,Riksdagens protokoll 1988/89:61 Måndagen den 6 februari,0,0,2026-10-06
GC0962,1988/89,62,1989-02-07,Riksdagens protokoll 1988/89:62 Tisdagen den 7 februari,17,0,2026-10-06
GC0960,1988/89,60,1989-02-02,Riksdagens protokoll 1988/89:60 Torsdagen den 2 februari,200,2,2026-10-06
GC0963,1988/89,63,1989-02-08,Riksdagens protokoll 1988/89:63 Onsdagen den 8 februari,87,0,2026-10-06
GC0964,1988/89,64,1989-02-09,Riksdagens protokoll 1988/89:64 Torsdagen den 9 februari,54,1,2026-10-06
GC0959,1988/89,59,1989-02-01,Riksdagens protokoll 1988/89:59 Onsdagen den 1 februari,81,1,2026-10-06
GC0965,1988/89,65,1989-02-10,Riksdagens protokoll 1988/89:65 Fredagen den 10 februari,0,0,2026-10-06
GC0967,1988/89,67,1989-02-15,Riksdagens protokoll 1988/89:67 Onsdagen den 15 februari,14,0,2026-10-06
GC0966,1988/89,66,1989-02-14,Riksdagens protokoll 1988/89:66 Tisdagen den 14 februari,25,1,2026-10-06
GC0969,1988/89,69,1989-02-20,Riksdagens protokoll 1988/89:69 Måndagen den 20 februari,0,2,2026-10-06
GC0968,1988/89,68,1989-02-16,Riksdagens protokoll 1988/89:68 Torsdagen den 16 februari,134,1,2026-10-06
GC0970,1988/89,70,1989-02-21,Riksdagens protokoll 1988/89:70 Tisdagen den 21 februari,65,1,2026-10-06
GC0971,1988/89,71,1989-02-22,Riksdagens protokoll 1988/89:71 Onsdagen den 22 februari,35,0,2026-10-06
GC0972,1988/89,72,1989-02-23,Riksdagens protokoll 1988/89:72 Torsdagen den 23 februari,107,2,2026-10-06
GC0973,1988/89,73,1989-02-24,Riksdagens protokoll 1988/89:73 Fredagen den 24 februari,19,0,2026-10-06
GC0974,1988/89,74,1989-03-06,Riksdagens protokoll 1988/89:74 Måndagen den 6 mars,0,0,2026-10-06
GC0975,1988/89,75,1989-03-07,Riksdagens protokoll 1988/89:75 Tisdagen den 7 mars,29,0,2026-10-06
GC0977,1988/89,77,1989-03-09,Riksdagens protokoll 1988/89:77 Torsdagen den 9 mars,71,0,2026-10-06
GC0978,1988/89,78,1989-03-10,Riksdagens protokoll 1988/89:78 Fredagen den 10 mars,14,0,2026-10-06
GC0979,1988/89,79,1989-03-13,Riksdagens protokoll 1988/89:79 Måndagen den 13 mars,0,0,2026-10-06
GC0976,1988/89,76,1989-03-08,Riksdagens protokoll 1988/89:76 Onsdagen den 8 mars,109,5,2026-10-06
GC0980,1988/89,80,1989-03-14,Riksdagens protokoll 1988/89:80 Tisdagen den 14 mars,43,5,2026-10-06
GC0983,1988/89,83,1989-03-17,Riksdagens protokoll 1988/89:83 Fredagen den 17 mars,23,0,2026-10-06
GC0981,1988/89,81,1989-03-15,Riksdagens protokoll 1988/89:81 Onsdagen den 15 mars,172,8,2026-10-06
GC0982,1988/89,82,1989-03-16,Riksdagens protokoll 1988/89:82 Torsdagen den 16 mars,126,0,2026-10-06
GC0984,1988/89,84,1989-03-20,Riksdagens protokoll 1988/89:84 Måndagen den 20 mars,23,0,2026-10-06
GC0985,1988/89,85,1989-03-21,Riksdagens protokoll 1988/89:85 Tisdagen den 21 mars,65,0,2026-10-06
GC0987,1988/89,87,1989-03-23,Riksdagens protokoll 1988/89:87 Torsdagen den 23 mars,52,0,2026-10-06
GC0988,1988/89,88,1989-04-03,Riksdagens protokoll 1988/89:88 Måndagen den 3 april,0,0,2026-10-06
GC0989,1988/89,89,1989-04-04,Riksdagens protokoll 1988/89:89 Tisdagen den 4 april,62,0,2026-10-06
GC0986,1988/89,86,1989-03-22,Riksdagens protokoll 1988/89:86 Onsdagen den 22 mars,170,3,2026-10-06
GC0990,1988/89,90,1989-04-05,Riksdagens protokoll 1988/89:90 Onsdagen den 5 april,155,3,2026-10-06
GC0993,1988/89,93,1989-04-10,Riksdagens protokoll 1988/89:93 Måndagen den 10 april,0,0,2026-10-06
GC0992,1988/89,92,1989-04-07,Riksdagens protokoll 1988/89:92 Fredagen den 7 april,156,1,2026-10-06
GC0991,1988/89,91,1989-04-06,Riksdagens protokoll 1988/89:91 Torsdagen den 6 april,128,1,2026-10-06
GC0994,1988/89,94,1989-04-11,Riksdagens protokoll 1988/89:94 Tisdagen den 11 april,9,0,2026-10-06
GC0997,1988/89,97,1989-04-14,Riksdagens protokoll 1988/89:97 Fredagen den 14 april,117,1,2026-10-06
GC0996,1988/89,96,1989-04-13,Riksdagens protokoll 1988/89:96 Torsdagen den 13 april,128,1,2026-10-06
GC0995,1988/89,95,1989-04-12,Riksdagens protokoll 1988/89:95 Onsdagen den 12 april,184,0,2026-10-06
GC0998,1988/89,98,1989-04-18,Riksdagens protokoll 1988/89:98 Tisdagen den 18 april,33,0,2026-10-06
GC09101,1988/89,101,1989-04-21,Riksdagens protokoll 1988/89:101 Fredagen den 21 april,67,0,2026-10-06
GC09102,1988/89,102,1989-04-24,Riksdagens protokoll 1988/89:102 Måndagen den 24 april,4,0,2026-10-06
GC09100,1988/89,100,1989-04-20,Riksdagens protokoll 1988/89:100 Torsdagen den 20 april,121,22,2026-10-06
GC0999,1988/89,99,1989-04-19,Riksdagens protokoll 1988/89:99 Onsdagen den 19 april,147,0,2026-10-06
GC09103,1988/89,103,1989-04-25,Riksdagens protokoll 1988/89:103 Tisdagen den 25 april,121,0,2026-10-06
GC09104,1988/89,104,1989-04-26,Riksdagens protokoll 1988/89:104 Onsdagen den 26 april,167,6,2026-10-06
GC09105,1988/89,105,1989-04-27,Riksdagens protokoll 1988/89:105 Torsdagen den 27 april,122,0,2026-10-06
GC09106,1988/89,106,1989-04-28,Riksdagens protokoll 1988/89:106 Fredagen den 28 april,144,1,2026-10-06
GC09107,1988/89,107,1989-05-02,Riksdagens protokoll 1988/89:107 Tisdagen den 2 maj,93,2,2026-10-06
GC09109,1988/89,109,1989-05-08,Riksdagens protokoll 1988/89:109 Måndagen den 8 maj,54,8,2026-10-06
GC09108,1988/89,108,1989-05-03,Riksdagens protokoll 1988/89:108 Onsdagen den 3 maj,63,1,2026-10-06
GC09110,1988/89,110,1989-05-09,Riksdagens protokoll 1988/89:110 Tisdagen den 9 maj,132,2,2026-10-06
GC09112,1988/89,112,1989-05-11,Riksdagens protokoll 1988/89:112 Torsdagen den 11 maj,70,1,2026-10-06
GC09111,1988/89,111,1989-05-10,Riksdagens protokoll 1988/89:111 Onsdagen den 10 maj,92,0,2026-10-06
GC09113,1988/89,113,1989-05-12,Riksdagens protokoll 1988/89:113 Fredagen den 12 maj,97,5,2026-10-06
GC09114,1988/89,114,1989-05-16,Riksdagens protokoll 1988/89:114 Tisdagen den 16 maj,140,1,2026-10-06
GC09116,1988/89,116,1989-05-18,Riksdagens protokoll 1988/89:116 Torsdagen den 18 maj,55,0,2026-10-06
GC09117,1988/89,117,1989-05-19,Riksdagens protokoll 1988/89:117 Fredagen den 19 maj,84,9,2026-10-06
GC09115,1988/89,115,1989-05-17,Riksdagens protokoll 1988/89:115 Onsdagen den 17 maj,144,0,2026-10-06
GC09118,1988/89,118,1989-05-22,Riksdagens protokoll 1988/89:118 Måndagen den 22 maj,72,10,2026-10-06
GC09119,1988/89,119,1989-05-23,Riksdagens protokoll 1988/89:119 Tisdagen den 23 maj,67,0,2026-10-06
GC09121,1988/89,121,1989-05-25,Riksdagens protokoll 1988/89:121 Torsdagen den 25 maj,86,0,2026-10-06
GC09120,1988/89,120,1989-05-24,Riksdagens protokoll 1988/89:120 Onsdagen den 24 maj,149,0,2026-10-06
GC09122,1988/89,122,1989-05-26,Riksdagens protokoll 1988/89:122 Fredagen den 26 maj,184,0,2026-10-06
GC09123,1988/89,123,1989-05-29,Riksdagens protokoll 1988/89:123 Måndagen den 29 maj,67,0,2026-10-06
GC09124,1988/89,124,1989-05-30,Riksdagens protokoll 1988/89:124 Tisdagen den 30 maj,87,4,2026-10-06
GC09126,1988/89,126,1989-06-01,Riksdagens protokoll 1988/89:126 Torsdagen den 1 juni,167,0,2026-10-06
GC09128,1988/89,128,1989-06-05,Riksdagens protokoll 1988/89:128 Måndagen den 5 juni,0,0,2026-10-06
GC09127,1988/89,127,1989-06-02,Riksdagens protokoll 1988/89:127 Fredagen den 2 juni,56,3,2026-10-06
GC09125,1988/89,125,1989-05-31,Riksdagens protokoll 1988/89:125 Onsdagen den 31 maj,134,9,2026-10-06
GC09131,1988/89,131,1989-06-08,Riksdagens protokoll 1988/89:131 Torsdagen den 8 juni,42,0,2026-10-06
GC09132,1988/89,132,1989-06-08,Riksdagens protokoll 1988/89:132 Torsdagen den 8 juni,4,0,2026-10-06
GC09129,1988/89,129,1989-06-06,Riksdagens protokoll 1988/89:129 Tisdagen den 6 juni,146,4,2026-10-06
GC09133,1988/89,133,1989-06-21,Riksdagens protokoll 1988/89:133 Onsdagen den 21 juni,0,0,2026-10-06
GC09130,1988/89,130,1989-06-07,Riksdagens protokoll 1988/89:130 Onsdagen den 7 juni,104,21,2026-10-06
GD091,1989/90,1,1989-10-03,Riksdagens protokoll 1989/90:1 Tisdagen den 3 oktober,0,1,2026-10-06
GD092,1989/90,2,1989-10-03,Riksdagens protokoll 1989/90:2 Tisdagen den 3 oktober,0,1,2026-10-06
GD094,1989/90,4,1989-10-05,Riksdagens protokoll 1989/90:4 Torsdagen den 5 oktober,0,1,2026-10-06
GD095,1989/90,5,1989-10-09,Riksdagens protokoll 1989/90:5 Måndagen den 9 oktober,0,0,2026-10-06
GD093,1989/90,3,1989-10-04,Riksdagens protokoll 1989/90:3 Onsdagen den 4 oktober,0,0,2026-10-06
GD096,1989/90,6,1989-10-10,Riksdagens protokoll 1989/90:6 Tisdagen den 10 oktober,0,4,2026-10-06
GD099,1989/90,9,1989-10-13,Riksdagens protokoll 1989/90:9 Fredagen den 13 oktober,0,0,2026-10-06
GD097,1989/90,7,1989-10-11,Riksdagens protokoll 1989/90:7 Onsdagen den 11 oktober,0,3,2026-10-06
GD0910,1989/90,10,1989-10-16,Riksdagens protokoll 1989/90:10 Måndagen den 16 oktober,0,0,2026-10-06
GD098,1989/90,8,1989-10-12,Riksdagens protokoll 1989/90:8 Torsdagen den 12 oktober,0,2,2026-10-06
GD0911,1989/90,11,1989-10-17,Riksdagens protokoll 1989/90:11 Tisdagen den 17 oktober,0,0,2026-10-06
GD0912,1989/90,12,1989-10-18,Riksdagens protokoll 1989/90:12 Onsdagen den 18 oktober,0,3,2026-10-06
GD0913,1989/90,13,1989-10-19,Riksdagens protokoll 1989/90:13 Torsdagen den 19 oktober,0,5,2026-10-06
GD0914,1989/90,14,1989-10-20,Riksdagens protokoll 1989/90:14 Fredagen den 20 oktober,0,1,2026-10-06
GD0915,1989/90,15,1989-10-23,Riksdagens protokoll 1989/90:15 Måndagen den 23 oktober,0,0,2026-10-06
GD0916,1989/90,16,1989-10-24,Riksdagens protokoll 1989/90:16 Tisdagen den 24 oktober,0,0,2026-10-06
GD0919,1989/90,19,1989-11-06,Riksdagens protokoll 1989/90:19 Måndagen den 6 november,0,0,2026-10-06
GD0917,1989/90,17,1989-10-25,Riksdagens protokoll 1989/90:17 Onsdagen den 25 oktober,0,2,2026-10-06
GD0918,1989/90,18,1989-10-27,Riksdagens protokoll 1989/90:18 Fredagen den 27 oktober,0,1,2026-10-06
GD0920,1989/90,20,1989-11-07,Riksdagens protokoll 1989/90:20 Tisdagen den 7 november,0,4,2026-10-06
GD0922,1989/90,22,1989-11-09,Riksdagens protokoll 1989/90:22 Torsdagen den 9 november,0,0,2026-10-06
GD0924,1989/90,24,1989-11-13,Riksdagens protokoll 1989/90:24 Måndagen den 13 november,0,1,2026-10-06
GD0923,1989/90,23,1989-11-10,Riksdagens protokoll 1989/90:23 Fredagen den 10 november,0,1,2026-10-06
GD0921,1989/90,21,1989-11-08,Riksdagens protokoll 1989/90:21 Onsdagen den 8 november,0,3,2026-10-06
GD0925,1989/90,25,1989-11-14,Riksdagens protokoll 1989/90:25 Tisdagen den 14 november,0,0,2026-10-06
GD0928,1989/90,28,1989-11-17,Riksdagens protokoll 1989/90:28 Fredagen den 17 november,0,0,2026-10-06
GD0927,1989/90,27,1989-11-16,Riksdagens protokoll 1989/90:27 Torsdagen den 16 november,0,1,2026-10-06
GD0929,1989/90,29,1989-11-20,Riksdagens protokoll 1989/90:29 Måndagen den 20 november,0,0,2026-10-06
GD0926,1989/90,26,1989-11-15,Riksdagens protokoll 1989/90:26 Onsdagen den 15 november,0,0,2026-10-06
GD0930,1989/90,30,1989-11-21,Riksdagens protokoll 1989/90:30 Tisdagen den 21 november,0,5,2026-10-06
GD0931,1989/90,31,1989-11-22,Riksdagens protokoll 1989/90:31 Onsdagen den 22 november,0,0,2026-10-06
GD0933,1989/90,33,1989-11-27,Riksdagens protokoll 1989/90:33 Måndagen den 27 november,0,0,2026-10-06
GD0932,1989/90,32,1989-11-24,Riksdagens protokoll 1989/90:32 Fredagen den 24 november,0,2,2026-10-06
GD0934,1989/90,34,1989-11-28,Riksdagens protokoll 1989/90:34 Tisdagen den 28 november,0,3,2026-10-06
GD0935,1989/90,35,1989-11-29,Riksdagens protokoll 1989/90:35 Onsdagen den 29 november,0,4,2026-10-06
GD0937,1989/90,37,1989-12-01,Riksdagens protokoll 1989/90:37 Fredagen den 1 december,0,1,2026-10-06
GD0936,1989/90,36,1989-11-30,Riksdagens protokoll 1989/90:36 Torsdagen den 30 november,0,3,2026-10-06
GD0938,1989/90,38,1989-12-04,Riksdagens protokoll 1989/90:38 Måndagen den 4 december,0,0,2026-10-06
GD0939,1989/90,39,1989-12-05,Riksdagens protokoll 1989/90:39 Tisdagen den 5 december,0,2,2026-10-06
GD0941,1989/90,41,1989-12-07,Riksdagens protokoll 1989/90:41 Torsdagen den 7 december,0,1,2026-10-06
GD0940,1989/90,40,1989-12-06,Riksdagens protokoll 1989/90:40 Onsdagen den 6 december,0,1,2026-10-06
GD0942,1989/90,42,1989-12-08,Riksdagens protokoll 1989/90:42 Fredagen den 8 december,0,2,2026-10-06
GD0943,1989/90,43,1989-12-11,Riksdagens protokoll 1989/90:43 Måndagen den 11 december,0,2,2026-10-06
GD0944,1989/90,44,1989-12-12,Riksdagens protokoll 1989/90:44 Tisdagen den 12 december,0,3,2026-10-06
GD0945,1989/90,45,1989-12-13,Riksdagens protokoll 1989/90:45 Onsdagen den 13 december,0,5,2026-10-06
GE0922,1990/91,22,1990-11-12,Protokoll 1990/91:22,0,0,2026-10-06
GD0946,1989/90,46,1989-12-14,Riksdagens protokoll 1989/90:46 Torsdagen den 14 december,0,4,2026-10-06
GD0947,1989/90,47,1989-12-15,Riksdagens protokoll 1989/90:47 Fredagen den 15 december,0,2,2026-10-06
GE0994,1990/91,94,1990-04-15,Protokoll 1990/91:94,23,0,2026-10-06
GE0988,1990/91,88,1990-03-28,Protokoll 1990/91:88,34,0,2026-10-06
GE09133,1990/91,133,1990-06-20,Protokoll 1990/91:133,0,0,2026-10-06
GD0948,1989/90,48,1990-01-10,Riksdagens protokoll 1989/90:48 Onsdagen den 10 januari,17,0,2026-10-06
GD0949,1989/90,49,1990-01-11,Riksdagens protokoll 1989/90:49 Torsdagen den 11 januari,57,0,2026-10-06
GD0950,1989/90,50,1990-01-12,Riksdagens protokoll 1989/90:50 Fredagen den 12 januari,52,1,2026-10-06
GD0951,1989/90,51,1990-01-16,Riksdagens protokoll 1989/90:51 Tisdagen den 16 januari,124,0,2026-10-06
GD0952,1989/90,52,1990-01-17,Riksdagens protokoll 1989/90:52 Onsdagen den 17 januari,19,0,2026-10-06
GD0953,1989/90,53,1990-01-18,Riksdagens protokoll 1989/90:53 Torsdagen den 18 januari,12,0,2026-10-06
GD0955,1989/90,55,1990-01-24,Riksdagens protokoll 1989/90:55 Onsdagen den 24 januari,20,0,2026-10-06
GD0956,1989/90,56,1990-01-25,Riksdagens protokoll 1989/90:56 Torsdagen den 25 januari,0,0,2026-10-06
GD0954,1989/90,54,1990-01-23,Riksdagens protokoll 1989/90:54 Tisdagen den 23 januari,152,0,2026-10-06
GD0957,1989/90,57,1990-01-29,Riksdagens protokoll 1989/90:57 Måndagen den 29 januari,0,0,2026-10-06
GD0958,1989/90,58,1990-01-30,Riksdagens protokoll 1989/90:58 Tisdagen den 30 januari,57,0,2026-10-06
GD0959,1989/90,59,1990-01-31,Riksdagens protokoll 1989/90:59 Onsdagen den 31 januari,51,0,2026-10-06
GD0960,1989/90,60,1990-02-01,Riksdagens protokoll 1989/90:60 Torsdagen den 1 februari,43,0,2026-10-06
GD0961,1989/90,61,1990-02-06,Riksdagens protokoll 1989/90:61 Tisdagen den 6 februari,42,0,2026-10-06
GD0964,1989/90,64,1990-02-09,Riksdagens protokoll 1989/90:64 Fredagen den 9 februari,12,0,2026-10-06
GD0962,1989/90,62,1990-02-07,Riksdagens protokoll 1989/90:62 Onsdagen den 7 februari,64,6,2026-10-06
GD0963,1989/90,63,1990-02-08,Riksdagens protokoll 1989/90:63 Torsdagen den 8 februari,46,3,2026-10-06
GD0965,1989/90,65,1990-02-12,Riksdagens protokoll 1989/90:65 Måndagen den 12 februari,1,0,2026-10-06
GD0966,1989/90,66,1990-02-13,Riksdagens protokoll 1989/90:66 Tisdagen den 13 februari,89,1,2026-10-06
GD0969,1989/90,69,1990-02-16,Riksdagens protokoll 1989/90:69 Fredagen den 16 februari,0,0,2026-10-06
GD0967,1989/90,67,1990-02-14,Riksdagens protokoll 1989/90:67 Onsdagen den 14 februari,30,0,2026-10-06
GD0970,1989/90,70,1990-02-19,Riksdagens protokoll 1989/90:70 Måndagen den 19 februari,0,0,2026-10-06
GD0968,1989/90,68,1990-02-15,Riksdagens protokoll 1989/90:68 Torsdagen den 15 februari,19,0,2026-10-06
GD0971,1989/90,71,1990-02-20,Riksdagens protokoll 1989/90:71 Tisdagen den 20 februari,0,0,2026-10-06
GD0973,1989/90,73,1990-02-22,Riksdagens protokoll 1989/90:73 Torsdagen den 22 februari,0,0,2026-10-06
GD0974,1989/90,74,1990-02-23,Riksdagens protokoll 1989/90:74 Fredagen den 23 februari,0,0,2026-10-06
GD0972,1989/90,72,1990-02-21,Riksdagens protokoll 1989/90:72 Onsdagen den 21 februari,18,0,2026-10-06
GD0975,1989/90,75,1990-02-24,Riksdagens protokoll 1989/90:75 Lördagen den 24 februari,0,0,2026-10-06
GD0976,1989/90,76,1990-02-26,Riksdagens protokoll 1989/90:76 Måndagen den 26 februari,2,0,2026-10-06
GD0977,1989/90,77,1990-02-27,Riksdagens protokoll 1989/90:77 Tisdagen den 27 februari,1,0,2026-10-06
GD0978,1989/90,78,1990-03-05,Riksdagens protokoll 1989/90:78 Måndagen den 5 mars,0,0,2026-10-06
GD0979,1989/90,79,1990-03-06,Riksdagens protokoll 1989/90:79 Tisdagen den 6 mars,0,0,2026-10-06
GD0982,1989/90,82,1990-03-09,Riksdagens protokoll 1989/90:82 Fredagen den 9 mars,0,0,2026-10-06
GD0980,1989/90,80,1990-03-07,Riksdagens protokoll 1989/90:80 Onsdagen den 7 mars,53,3,2026-10-06
GD0983,1989/90,83,1990-03-12,Riksdagens protokoll 1989/90:83 Måndagen den 12 mars,0,0,2026-10-06
GD0981,1989/90,81,1990-03-08,Riksdagens protokoll 1989/90:81 Torsdagen den 8 mars,24,1,2026-10-06
GD0984,1989/90,84,1990-03-13,Riksdagens protokoll 1989/90:84 Tisdagen den 13 mars,25,0,2026-10-06
GD0986,1989/90,86,1990-03-15,Riksdagens protokoll 1989/90:86 Torsdagen den 15 mars,28,2,2026-10-06
GD0988,1989/90,88,1990-03-19,Riksdagens protokoll 1989/90:88 Måndagen den 19 mars,0,0,2026-10-06
GD0987,1989/90,87,1990-03-16,Riksdagens protokoll 1989/90:87 Fredagen den 16 mars,17,1,2026-10-06
GD0985,1989/90,85,1990-03-14,Riksdagens protokoll 1989/90:85 Onsdagen den 14 mars,57,7,2026-10-06
GD0989,1989/90,89,1990-03-20,Riksdagens protokoll 1989/90:89 Tisdagen den 20 mars,8,2,2026-10-06
GD0991,1989/90,91,1990-03-22,Riksdagens protokoll 1989/90:91 Torsdagen den 22 mars,23,0,2026-10-06
GD0992,1989/90,92,1990-03-23,Riksdagens protokoll 1989/90:92 Fredagen den 23 mars,0,0,2026-10-06
GD0993,1989/90,93,1990-03-26,Riksdagens protokoll 1989/90:93 Måndagen den 26 mars,16,0,2026-10-06
GD0994,1989/90,94,1990-03-27,Riksdagens protokoll 1989/90:94 Tisdagen den 27 mars,37,0,2026-10-06
GD0996,1989/90,96,1990-03-29,Riksdagens protokoll 1989/90:96 Torsdagen den 29 mars,33,11,2026-10-06
GD0995,1989/90,95,1990-03-28,Riksdagens protokoll 1989/90:95 Onsdagen den 28 mars,55,9,2026-10-06
GD0997,1989/90,97,1990-03-30,Riksdagens protokoll 1989/90:97 Fredagen den 30 mars,62,0,2026-10-06
GD0998,1989/90,98,1990-04-02,Riksdagens protokoll 1989/90:98 Måndagen den 2 april,10,0,2026-10-06
GD0999,1989/90,99,1990-04-03,Riksdagens protokoll 1989/90:99 Tisdagen den 3 april,40,1,2026-10-06
GD09101,1989/90,101,1990-04-05,Riksdagens protokoll 1989/90:101 Torsdagen den 5 april,61,0,2026-10-06
GD09102,1989/90,102,1990-04-06,Riksdagens protokoll 1989/90:102 Fredagen den 6 april,26,0,2026-10-06
GD09100,1989/90,100,1990-04-04,Riksdagens protokoll 1989/90:100 Onsdagen den 4 april,83,3,2026-10-06
GD09103,1989/90,103,1990-04-17,Riksdagens protokoll 1989/90:103 Tisdagen den 17 april,78,1,2026-10-06
GD09106,1989/90,106,1990-04-20,Riksdagens protokoll 1989/90:106 Fredagen den 20 april,10,0,2026-10-06
GD09104,1989/90,104,1990-04-18,Riksdagens protokoll 1989/90:104 Onsdagen den 18 april,63,4,2026-10-06
GD09105,1989/90,105,1990-04-19,Riksdagens protokoll 1989/90:105 Torsdagen den 19 april,59,8,2026-10-06
GD09107,1989/90,107,1990-04-23,Riksdagens protokoll 1989/90:107 Måndagen den 23 april,11,0,2026-10-06
GD09108,1989/90,108,1990-04-24,Riksdagens protokoll 1989/90:108 Tisdagen den 24 april,16,0,2026-10-06
GD09111,1989/90,111,1990-04-27,Riksdagens protokoll 1989/90:111 Fredagen den 27 april,0,0,2026-10-06
GD09112,1989/90,112,1990-04-30,Riksdagens protokoll 1989/90:112 Måndagen den 30 april,0,0,2026-10-06
GD09110,1989/90,110,1990-04-26,Riksdagens protokoll 1989/90:110 Torsdagen den 26 april,45,0,2026-10-06
GD09109,1989/90,109,1990-04-25,Riksdagens protokoll 1989/90:109 Onsdagen den 25 april,49,3,2026-10-06
GD09113,1989/90,113,1990-05-02,Riksdagens protokoll 1989/90:113 Onsdagen den 2 maj,49,0,2026-10-06
GD09115,1989/90,115,1990-05-04,Riksdagens protokoll 1989/90:115 Fredagen den 4 maj,22,1,2026-10-06
GD09114,1989/90,114,1990-05-03,Riksdagens protokoll 1989/90:114 Torsdagen den 3 maj,48,0,2026-10-06
GD09116,1989/90,116,1990-05-07,Riksdagens protokoll 1989/90:116 Måndagen den 7 maj,19,0,2026-10-06
GD09119,1989/90,119,1990-05-10,Riksdagens protokoll 1989/90:119 Torsdagen den 10 maj,7,0,2026-10-06
GD09117,1989/90,117,1990-05-08,Riksdagens protokoll 1989/90:117 Tisdagen den 8 maj,71,1,2026-10-06
GD09118,1989/90,118,1990-05-09,Riksdagens protokoll 1989/90:118 Onsdagen den 9 maj,66,1,2026-10-06
GD09120,1989/90,120,1990-05-11,Riksdagens protokoll 1989/90:120 Fredagen den 11 maj,11,0,2026-10-06
GD09121,1989/90,121,1990-05-14,Riksdagens protokoll 1989/90:121 Måndagen den 14 maj,6,0,2026-10-06
GD09122,1989/90,122,1990-05-15,Riksdagens protokoll 1989/90:122 Tisdagen den 15 maj,30,0,2026-10-06
GD09124,1989/90,124,1990-05-17,Riksdagens protokoll 1989/90:124 Torsdagen den 17 maj,13,0,2026-10-06
GD09123,1989/90,123,1990-05-16,Riksdagens protokoll 1989/90:123 Onsdagen den 16 maj,64,1,2026-10-06
GD09125,1989/90,125,1990-05-18,Riksdagens protokoll 1989/90:125 Fredagen den 18 maj,22,2,2026-10-06
GD09126,1989/90,126,1990-05-21,Riksdagens protokoll 1989/90:126 Måndagen den 21 maj,11,0,2026-10-06
GD09128,1989/90,128,1990-05-23,Riksdagens protokoll 1989/90:128 Onsdagen den 23 maj,41,0,2026-10-06
GD09127,1989/90,127,1990-05-22,Riksdagens protokoll 1989/90:127 Tisdagen den 22 maj,278,15,2026-10-06
GD09129,1989/90,129,1990-05-28,Riksdagens protokoll 1989/90:129 Måndagen den 28 maj,15,0,2026-10-06
GD09130,1989/90,130,1990-05-29,Riksdagens protokoll 1989/90:130 Tisdagen den 29 maj,199,0,2026-10-06
GD09133,1989/90,133,1990-06-01,Riksdagens protokoll 1989/90:133 Fredagen den 1 juni,39,1,2026-10-06
GD09134,1989/90,134,1990-06-06,Riksdagens protokoll 1989/90:134 Onsdagen den 6 juni,0,0,2026-10-06
GD09131,1989/90,131,1990-05-30,Riksdagens protokoll 1989/90:131 Onsdagen den 30 maj,176,2,2026-10-06
GD09132,1989/90,132,1990-05-31,Riksdagens protokoll 1989/90:132 Torsdagen den 31 maj,180,2,2026-10-06
GD09135,1989/90,135,1990-06-07,Riksdagens protokoll 1989/90:135 Torsdagen den 7 juni,58,1,2026-10-06
GD09136,1989/90,136,1990-06-08,Riksdagens protokoll 1989/90:136 Fredagen den 8 juni,131,1,2026-10-06
GD09137,1989/90,137,1990-06-09,Riksdagens protokoll 1989/90:137 Lördagen den 9 juni,55,16,2026-10-06
GD09138,1989/90,138,1990-06-11,Riksdagens protokoll 1989/90:138 Måndagen den 11 juni,64,2,2026-10-06
GD09139,1989/90,139,1990-06-12,Riksdagens protokoll 1989/90:139 Tisdagen den 12 juni,71,3,2026-10-06
GD0990,1989/90,90,1990-06-13,Riksdagens protokoll 1989/90:90 onsdagen den 13 juni,34,0,2026-10-06
GD09141,1989/90,141,1990-06-13,Riksdagens protokoll 1989/90:141 Onsdagen den 13 juni,1,0,2026-10-06
GD09142,1989/90,142,1990-06-19,Riksdagens protokoll 1989/90:142 Tisdagen den 19 juni,0,0,2026-10-06
GD09140,1989/90,140,1990-06-13,Riksdagens protokoll 1989/90:140 Onsdagen den 13 juni,70,7,2026-10-06
GE091,1990/91,1,1990-10-02,Riksdagens snabbprotokoll 1990/91:1 Tisdagen den 2 oktober,2,0,2026-10-06
GE094,1990/91,4,1990-10-04,Riksdagens snabbprotokoll 1990/91:4 Torsdagen den 4 oktober,6,0,2026-10-06
GE093,1990/91,3,1990-10-03,Riksdagens snabbprotokoll 1990/91:3 Onsdagen den 3 oktober,25,2,2026-10-06
GE092,1990/91,2,1990-10-02,Riksdagens snabbprotokoll 1990/91:2 Tisdagen den 2 oktober,3,1,2026-10-06
GE095,1990/91,5,1990-10-09,Riksdagens snabbprotokoll 1990/91:5 Tisdagen den 9 oktober,210,0,2026-10-06
GE098,1990/91,8,1990-10-12,Riksdagens snabbprotokoll 1990/91:8 Fredagen den 12 oktober,0,0,2026-10-06
GE099,1990/91,9,1990-10-15,Riksdagens snabbprotokoll 1990/91:9 Måndagen den 15 oktober,0,0,2026-10-06
GE096,1990/91,6,1990-10-10,Riksdagens snabbprotokoll 1990/91:6 Onsdagen den 10 oktober,145,0,2026-10-06
GE097,1990/91,7,1990-10-11,Riksdagens snabbprotokoll 1990/91:7 Torsdagen den 11 oktober,183,11,2026-10-06
GE0910,1990/91,10,1990-10-16,Riksdagens snabbprotokoll 1990/91:10 Tisdagen den 16 oktober,186,8,2026-10-06
GE0912,1990/91,12,1990-10-22,Riksdagens snabbprotokoll 1990/91:12 Måndagen den 22 oktober,57,10,2026-10-06
GE0913,1990/91,13,1990-10-23,Riksdagens snabbprotokoll 1990/91:13 Tisdagen den 23 oktober,109,0,2026-10-06
GE0911,1990/91,11,1990-10-17,Riksdagens snabbprotokoll 1990/91:11 Onsdagen den 17 oktober,177,0,2026-10-06
GE0915,1990/91,15,1990-10-25,Riksdagens snabbprotokoll 1990/91:15 Torsdagen den 25 oktober,0,0,2026-10-06
GE0914,1990/91,14,1990-10-24,Riksdagens snabbprotokoll 1990/91:14 Onsdagen den 24 oktober,144,20,2026-10-06
GE0916,1990/91,16,1990-10-26,Riksdagens snabbprotokoll 1990/91:16 Fredagen den 26 oktober,50,0,2026-10-06
GE0917,1990/91,17,1990-11-05,Riksdagens snabbprotokoll 1990/91:17 Måndagen den 5 november,1,0,2026-10-06
GE0920,1990/91,20,1990-11-08,Riksdagens snabbprotokoll 1990/91:20 Torsdagen den 8 november,25,0,2026-10-06
GE0919,1990/91,19,1990-11-07,Riksdagens snabbprotokoll 1990/91:19 Onsdagen den 7 november,225,2,2026-10-06
GE0918,1990/91,18,1990-11-06,Riksdagens snabbprotokoll 1990/91:18 Tisdagen den 6 november,137,7,2026-10-06
GE0921,1990/91,21,1990-11-09,Riksdagens snabbprotokoll 1990/91:21 Fredagen den 9 november,135,2,2026-10-06
GE0923,1990/91,23,1990-11-13,Riksdagens snabbprotokoll 1990/91:23 Tisdagen den 13 november,173,22,2026-10-06
GE0925,1990/91,25,1990-11-15,Riksdagens snabbprotokoll 1990/91:25 Torsdagen den 15 november,52,0,2026-10-06
GE0927,1990/91,27,1990-11-19,Riksdagens snabbprotokoll 1990/91:27 Måndagen den 19 november,0,0,2026-10-06
GE0924,1990/91,24,1990-11-14,Riksdagens snabbprotokoll 1990/91:24 Onsdagen den 14 november,167,0,2026-10-06
GE0926,1990/91,26,1990-11-16,Riksdagens snabbprotokoll 1990/91:26 Fredagen den 16 november,97,18,2026-10-06
GE0928,1990/91,28,1990-11-20,Riksdagens snabbprotokoll 1990/91:28 Tisdagen den 20 november,166,1,2026-10-06
GE0930,1990/91,30,1990-11-22,Riksdagens snabbprotokoll 1990/91:30 Torsdagen den 22 november,26,0,2026-10-06
GE0929,1990/91,29,1990-11-21,Riksdagens snabbprotokoll 1990/91:29 Onsdagen den 21 november,127,0,2026-10-06
GE0931,1990/91,31,1990-11-23,Riksdagens snabbprotokoll 1990/91:31 Fredagen den 23 november,63,2,2026-10-06
GE0932,1990/91,32,1990-11-26,Riksdagens snabbprotokoll 1990/91:32 Måndagen den 26 november,0,0,2026-10-06
GE0933,1990/91,33,1990-11-27,Riksdagens snabbprotokoll 1990/91:33 Tisdagen den 27 november,147,0,2026-10-06
GE0934,1990/91,34,1990-11-28,Riksdagens snabbprotokoll 1990/91:34 Onsdagen den 28 november,203,0,2026-10-06
GE0935,1990/91,35,1990-11-29,Riksdagens snabbprotokoll 1990/91:35 Torsdagen den 29 november,91,1,2026-10-06
GE0936,1990/91,36,1990-11-30,Riksdagens snabbprotokoll 1990/91:36 Fredagen den 30 november,63,7,2026-10-06
GE0937,1990/91,37,1990-12-03,Riksdagens snabbprotokoll 1990/91:37 Måndagen den 3 december,17,1,2026-10-06
GE0938,1990/91,38,1990-12-04,Riksdagens snabbprotokoll 1990/91:38 Tisdagen den 4 december,149,2,2026-10-06
GE0940,1990/91,40,1990-12-06,Riksdagens snabbprotokoll 1990/91:40 Torsdagen den 6 december,70,0,2026-10-06
GE0941,1990/91,41,1990-12-07,Riksdagens snabbprotokoll 1990/91:41 Fredagen den 7 december,28,4,2026-10-06
GE0942,1990/91,42,1990-12-10,Riksdagens snabbprotokoll 1990/91:42 Måndagen den 10 december,39,0,2026-10-06
GE0939,1990/91,39,1990-12-05,Riksdagens snabbprotokoll 1990/91:39 Onsdagen den 5 december,176,7,2026-10-06
GE0943,1990/91,43,1990-12-11,Riksdagens snabbprotokoll 1990/91:43 Tisdagen den 11 december,316,1,2026-10-06
GE0944,1990/91,44,1990-12-12,Riksdagens snabbprotokoll 1990/91:44 Onsdagen den 12 december,168,1,2026-10-06
GF0976,1991/92,76,1991-03-13,Protokoll 1991/92:76,0,0,2026-10-06
GE0945,1990/91,45,1990-12-13,Riksdagens snabbprotokoll 1990/91:45 Torsdagen den 13 december,142,50,2026-10-06
GF0977,1991/92,77,1991-03-16,Protokoll 1991/92:77,0,0,2026-10-06
GF09131,1991/92,131,1991-06-23,Protokoll 1991/92:131,0,0,2026-10-06
GE0946,1990/91,46,1990-12-14,Riksdagens snabbprotokoll 1990/91:46 Fredagen den 14 december,128,8,2026-10-06
GF0978,1991/92,78,1991-03-17,Protokoll 1991/92:78,147,7,2026-10-06
GE0947,1990/91,47,1991-01-10,Riksdagens snabbprotokoll 1990/91:47 Torsdagen den 10 januari,17,2,2026-10-06
GE0948,1990/91,48,1991-01-11,Riksdagens snabbprotokoll 1990/91:48 Fredagen den 11 januari,60,1,2026-10-06
GE0949,1990/91,49,1991-01-15,Riksdagens snabbprotokoll 1990/91:49 Tisdagen den 15 januari,115,0,2026-10-06
GE0950,1990/91,50,1991-01-16,Riksdagens snabbprotokoll 1990/91:50 Onsdagen den 16 januari,52,1,2026-10-06
GE0951,1990/91,51,1991-01-17,Riksdagens snabbprotokoll 1990/91:51 Torsdagen den 17 januari,64,0,2026-10-06
GE0952,1990/91,52,1991-01-22,Riksdagens snabbprotokoll 1990/91:52 Tisdagen den 22 januari,102,0,2026-10-06
GE0953,1990/91,53,1991-01-23,Riksdagens snabbprotokoll 1990/91:53 Onsdagen den 23 januari,33,0,2026-10-06
GE0954,1990/91,54,1991-01-24,Riksdagens snabbprotokoll 1990/91:54 Torsdagen den 24 januari,20,0,2026-10-06
GE0955,1990/91,55,1991-02-04,Riksdagens snabbprotokoll 1990/91:55 Måndagen den 4 februari,0,1,2026-10-06
GE0956,1990/91,56,1991-02-05,Riksdagens snabbprotokoll 1990/91:56 Tisdagen den 5 februari,71,8,2026-10-06
GE0957,1990/91,57,1991-02-06,Riksdagens snabbprotokoll 1990/91:57 Onsdagen den 6 februari,114,2,2026-10-06
GE0959,1990/91,59,1991-02-08,Riksdagens snabbprotokoll 1990/91:59 Fredagen den 8 februari,64,1,2026-10-06
GE0960,1990/91,60,1991-02-11,Riksdagens snabbprotokoll 1990/91:60 Måndagen den 11 februari,1,0,2026-10-06
GE0958,1990/91,58,1991-02-07,Riksdagens snabbprotokoll 1990/91:58 Torsdagen den 7 februari,136,5,2026-10-06
GE0962,1990/91,62,1991-02-13,Riksdagens snabbprotokoll 1990/91:62 Onsdagen den 13 februari,15,0,2026-10-06
GE0961,1990/91,61,1991-02-12,Riksdagens snabbprotokoll 1990/91:61 Tisdagen den 12 februari,125,6,2026-10-06
GE0963,1990/91,63,1991-02-14,Riksdagens snabbprotokoll 1990/91:63 Torsdagen den 14 februari,66,1,2026-10-06
GE0964,1990/91,64,1991-02-15,Riksdagens snabbprotokoll 1990/91:64 Fredagen den 15 februari,1,0,2026-10-06
GE0965,1990/91,65,1991-02-18,Riksdagens snabbprotokoll 1990/91:65 Måndagen den 18 februari,0,0,2026-10-06
GE0966,1990/91,66,1991-02-19,Riksdagens snabbprotokoll 1990/91:66 Tisdagen den 19 februari,139,0,2026-10-06
GE0968,1990/91,68,1991-02-21,Riksdagens snabbprotokoll 1990/91:68 Torsdagen den 21 februari,50,0,2026-10-06
GE0967,1990/91,67,1991-02-20,Riksdagens snabbprotokoll 1990/91:67 Onsdagen den 20 februari,39,0,2026-10-06
GE0969,1990/91,69,1991-02-22,Riksdagens snabbprotokoll 1990/91:69 Fredagen den 22 februari,25,0,2026-10-06
GE0970,1990/91,70,1991-03-04,Riksdagens snabbprotokoll 1990/91:70 Måndagen den 4 mars,0,1,2026-10-06
GE0971,1990/91,71,1991-03-05,Riksdagens snabbprotokoll 1990/91:71 Tisdagen den 5 mars,30,0,2026-10-06
GE0972,1990/91,72,1991-03-06,Riksdagens snabbprotokoll 1990/91:72 Onsdagen den 6 mars,52,1,2026-10-06
GE0973,1990/91,73,1991-03-07,Riksdagens snabbprotokoll 1990/91:73 Torsdagen den 7 mars,70,1,2026-10-06
GE0974,1990/91,74,1991-03-08,Riksdagens snabbprotokoll 1990/91:74 Fredagen den 8 mars,0,0,2026-10-06
GE0975,1990/91,75,1991-03-11,Riksdagens snabbprotokoll 1990/91:75 Måndagen den 11 mars,1,0,2026-10-06
GE0978,1990/91,78,1991-03-14,Riksdagens snabbprotokoll 1990/91:78 Torsdagen den 14 mars,0,0,2026-10-06
GE0976,1990/91,76,1991-03-12,Riksdagens snabbprotokoll 1990/91:76 Tisdagen den 12 mars,128,1,2026-10-06
GE0980,1990/91,80,1991-03-18,Riksdagens snabbprotokoll 1990/91:80 Måndagen den 18 mars,0,0,2026-10-06
GE0977,1990/91,77,1991-03-13,Riksdagens snabbprotokoll 1990/91:77 Onsdagen den 13 mars,123,1,2026-10-06
GE0979,1990/91,79,1991-03-15,Riksdagens snabbprotokoll 1990/91:79 Fredagen den 15 mars,42,0,2026-10-06
GE0981,1990/91,81,1991-03-19,Riksdagens snabbprotokoll 1990/91:81 Tisdagen den 19 mars,125,0,2026-10-06
GE0983,1990/91,83,1991-03-21,Riksdagens snabbprotokoll 1990/91:83 Torsdagen den 21 mars,171,3,2026-10-06
GE0984,1990/91,84,1991-03-22,Riksdagens snabbprotokoll 1990/91:84 Fredagen den 22 mars,30,0,2026-10-06
GE0982,1990/91,82,1991-03-20,Riksdagens snabbprotokoll 1990/91:82 Onsdagen den 20 mars,167,0,2026-10-06
GE0985,1990/91,85,1991-03-25,Riksdagens snabbprotokoll 1990/91:85 Måndagen den 25 mars,36,0,2026-10-06
GE0986,1990/91,86,1991-03-26,Riksdagens snabbprotokoll 1990/91:86 Tisdagen den 26 mars,108,0,2026-10-06
GE0990,1990/91,90,1991-04-09,Riksdagens snabbprotokoll 1990/91:90 Tisdagen den 9 april,58,0,2026-10-06
GE0989,1990/91,89,1991-04-08,Riksdagens snabbprotokoll 1990/91:89 Måndagen den 8 april,39,2,2026-10-06
GE0987,1990/91,87,1991-03-27,Riksdagens snabbprotokoll 1990/91:87 Onsdagen den 27 mars,162,11,2026-10-06
GE0992,1990/91,92,1991-04-11,Riksdagens snabbprotokoll 1990/91:92 Torsdagen den 11 april,120,27,2026-10-06
GE0993,1990/91,93,1991-04-12,Riksdagens snabbprotokoll 1990/91:93 Fredagen den 12 april,17,1,2026-10-06
GE0995,1990/91,95,1991-04-16,Riksdagens snabbprotokoll 1990/91:95 Tisdagen den 16 april,85,0,2026-10-06
GE0991,1990/91,91,1991-04-10,Riksdagens snabbprotokoll 1990/91:91 Onsdagen den 10 april,202,3,2026-10-06
GE0998,1990/91,98,1991-04-19,Riksdagens snabbprotokoll 1990/91:98 Fredagen den 19 april,31,0,2026-10-06
GE0997,1990/91,97,1991-04-18,Riksdagens snabbprotokoll 1990/91:97 Torsdagen den 18 april,113,4,2026-10-06
GE0999,1990/91,99,1991-04-22,Riksdagens snabbprotokoll 1990/91:99 Måndagen den 22 april,41,0,2026-10-06
GE0996,1990/91,96,1991-04-17,Riksdagens snabbprotokoll 1990/91:96 Onsdagen den 17 april,168,29,2026-10-06
GE09100,1990/91,100,1991-04-23,Riksdagens snabbprotokoll 1990/91:100 Tisdagen den 23 april,185,1,2026-10-06
GE09103,1990/91,103,1991-04-26,Riksdagens snabbprotokoll 1990/91:103 Fredagen den 26 april,2,0,2026-10-06
GE09104,1990/91,104,1991-04-29,Riksdagens snabbprotokoll 1990/91:104 Måndagen den 29 april,1,0,2026-10-06
GE09102,1990/91,102,1991-04-25,Riksdagens snabbprotokoll 1990/91:102 Torsdagen den 25 april,155,1,2026-10-06
GE09101,1990/91,101,1991-04-24,Riksdagens snabbprotokoll 1990/91:101 Onsdagen den 24 april,143,4,2026-10-06
GE09107,1990/91,107,1991-05-06,Riksdagens snabbprotokoll 1990/91:107 Måndagen den 6 maj,4,0,2026-10-06
GE09105,1990/91,105,1991-05-02,Riksdagens snabbprotokoll 1990/91:105 Torsdagen den 2 maj,127,13,2026-10-06
GE09106,1990/91,106,1991-05-03,Riksdagens snabbprotokoll 1990/91:106 Fredagen den 3 maj,83,1,2026-10-06
GE09110,1990/91,110,1991-05-13,Riksdagens snabbprotokoll 1990/91:110 Måndagen den 13 maj,35,1,2026-10-06
GE09108,1990/91,108,1991-05-07,Riksdagens snabbprotokoll 1990/91:108 Tisdagen den 7 maj,106,0,2026-10-06
GE09109,1990/91,109,1991-05-08,Riksdagens snabbprotokoll 1990/91:109 Onsdagen den 8 maj,102,1,2026-10-06
GE09111,1990/91,111,1991-05-14,Riksdagens snabbprotokoll 1990/91:111 Tisdagen den 14 maj,82,0,2026-10-06
GE09114,1990/91,114,1991-05-17,Riksdagens snabbprotokoll 1990/91:114 Fredagen den 17 maj,36,0,2026-10-06
GE09112,1990/91,112,1991-05-15,Riksdagens snabbprotokoll 1990/91:112 Onsdagen den 15 maj,161,10,2026-10-06
GE09113,1990/91,113,1991-05-16,Riksdagens snabbprotokoll 1990/91:113 Torsdagen den 16 maj,109,2,2026-10-06
GE09115,1990/91,115,1991-05-21,Riksdagens snabbprotokoll 1990/91:115 Tisdagen den 21 maj,230,7,2026-10-06
GE09116,1990/91,116,1991-05-22,Riksdagens snabbprotokoll 1990/91:116 Onsdagen den 22 maj,97,0,2026-10-06
GE09117,1990/91,117,1991-05-23,Riksdagens snabbprotokoll 1990/91:117 Torsdagen den 23 maj,149,17,2026-10-06
GE09118,1990/91,118,1991-05-24,Riksdagens snabbprotokoll 1990/91:118 Fredagen den 24 maj,54,17,2026-10-06
GE09119,1990/91,119,1991-05-27,Riksdagens snabbprotokoll 1990/91:119 Måndagen den 27 maj,103,0,2026-10-06
GE09120,1990/91,120,1991-05-28,Riksdagens snabbprotokoll 1990/91:120 Tisdagen den 28 maj,289,3,2026-10-06
GE09121,1990/91,121,1991-05-29,Riksdagens snabbprotokoll 1990/91:121 Onsdagen den 29 maj,171,1,2026-10-06
GE09122,1990/91,122,1991-05-30,Riksdagens snabbprotokoll 1990/91:122 Torsdagen den 30 maj,134,4,2026-10-06
GE09123,1990/91,123,1991-05-31,Riksdagens snabbprotokoll 1990/91:123 Fredagen den 31 maj,134,0,2026-10-06
GE09124,1990/91,124,1991-06-03,Riksdagens snabbprotokoll 1990/91:124 Måndagen den 3 juni,136,2,2026-10-06
GE09125,1990/91,125,1991-06-04,Riksdagens snabbprotokoll 1990/91:125 Tisdagen den 4 juni,178,2,2026-10-06
GE09127,1990/91,127,1991-06-07,Riksdagens snabbprotokoll 1990/91:127 Fredagen den 7 juni,1,0,2026-10-06
GE09126,1990/91,126,1991-06-05,Riksdagens snabbprotokoll 1990/91:126 Onsdagen den 5 juni,126,6,2026-10-06
GE09128,1990/91,128,1991-06-10,Riksdagens snabbprotokoll 1990/91:128 Måndagen den 10 juni,152,1,2026-10-06
GE09129,1990/91,129,1991-06-11,Riksdagens snabbprotokoll 1990/91:129 Tisdagen den 11 juni,152,1,2026-10-06
GE09132,1990/91,132,1991-06-14,Riksdagens snabbprotokoll 1990/91:132 Fredagen den 14 juni,11,0,2026-10-06
GE09130,1990/91,130,1991-06-12,Riksdagens snabbprotokoll 1990/91:130 Onsdagen den 12 juni,189,34,2026-10-06
GF091,1991/92,1,1991-09-30,Protokoll 1991/92:1 Måndagen den 30 september,14,0,2026-10-06
GE09131,1990/91,131,1991-06-13,Riksdagens snabbprotokoll 1990/91:131 Torsdagen den 13 juni,58,3,2026-10-06
GF092,1991/92,2,1991-10-01,Protokoll 1991/92:2 Tisdagen den 1 oktober,2,0,2026-10-06
GF095,1991/92,5,1991-10-03,Riksdagens snabbprotokoll 1991/92:5 Torsdagen den 3 oktober,5,0,2026-10-06
GF096,1991/92,6,1991-10-04,Riksdagens snabbprotokoll 1991/92:6 Fredagen den 4 oktober,3,1,2026-10-06
GF097,1991/92,7,1991-10-08,Riksdagens snabbprotokoll 1991/92:7 Tisdagen den 8 oktober,3,0,2026-10-06
GF099,1991/92,9,1991-10-10,Riksdagens snabbprotokoll 1991/92:9 Torsdagen den 10 oktober,0,0,2026-10-06
GF098,1991/92,8,1991-10-09,Riksdagens snabbprotokoll 1991/92:8 Onsdagen den 9 oktober,20,2,2026-10-06
GF0910,1991/92,10,1991-10-15,Riksdagens snabbprotokoll 1991/92:10 Tisdagen den 15 oktober,156,0,2026-10-06
GF0913,1991/92,13,1991-10-18,Riksdagens snabbprotokoll 1991/92:13 Fredagen den 18 oktober,27,1,2026-10-06
GF0911,1991/92,11,1991-10-16,Riksdagens snabbprotokoll 1991/92:11 Onsdagen den 16 oktober,125,5,2026-10-06
GF0912,1991/92,12,1991-10-17,Riksdagens snabbprotokoll 1991/92:12 Torsdagen den 17 oktober,162,1,2026-10-06
GF0915,1991/92,15,1991-10-24,Riksdagens snabbprotokoll 1991/92:15 Torsdagen den 24 oktober,61,1,2026-10-06
GF0914,1991/92,14,1991-10-22,Riksdagens snabbprotokoll 1991/92:14 Tisdagen den 22 oktober,143,2,2026-10-06
GF0916,1991/92,16,1991-10-25,Riksdagens snabbprotokoll 1991/92:16 Fredagen den 25 oktober,0,2,2026-10-06
GF0917,1991/92,17,1991-11-04,Riksdagens snabbprotokoll 1991/92:17 Måndagen den 4 november,0,3,2026-10-06
GF0918,1991/92,18,1991-11-05,Riksdagens snabbprotokoll 1991/92:18 Tisdagen den 5 november,239,16,2026-10-06
GF0920,1991/92,20,1991-11-07,Riksdagens snabbprotokoll 1991/92:20 Torsdagen den 7 november,33,6,2026-10-06
GF0919,1991/92,19,1991-11-06,Riksdagens snabbprotokoll 1991/92:19 Onsdagen den 6 november,30,0,2026-10-06
GF0921,1991/92,21,1991-11-08,Riksdagens snabbprotokoll 1991/92:21 Fredagen den 8 november,0,2,2026-10-06
GF0922,1991/92,22,1991-11-11,Riksdagens snabbprotokoll 1991/92:22 Måndagen den 11 november,0,0,2026-10-06
GF0923,1991/92,23,1991-11-12,Riksdagens snabbprotokoll 1991/92:23 Tisdagen den 12 november,148,17,2026-10-06
GF0924,1991/92,24,1991-11-13,Riksdagens snabbprotokoll 1991/92:24 Onsdagen den 13 november,54,0,2026-10-06
GF0926,1991/92,26,1991-11-18,Riksdagens snabbprotokoll 1991/92:26 Måndagen den 18 november,0,1,2026-10-06
GF0925,1991/92,25,1991-11-14,Riksdagens snabbprotokoll 1991/92:25 Torsdagen den 14 november,84,6,2026-10-06
GF0927,1991/92,27,1991-11-19,Riksdagens snabbprotokoll 1991/92:27 Tisdagen den 19 november,173,5,2026-10-06
GF0929,1991/92,29,1991-11-21,Riksdagens snabbprotokoll 1991/92:29 Torsdagen den 21 november,20,0,2026-10-06
GF0931,1991/92,31,1991-11-25,Riksdagens snabbprotokoll 1991/92:31 Måndagen den 25 november,0,0,2026-10-06
GF0928,1991/92,28,1991-11-20,Riksdagens snabbprotokoll 1991/92:28 Onsdagen den 20 november,83,1,2026-10-06
GF0932,1991/92,32,1991-11-26,Riksdagens snabbprotokoll 1991/92:32 Tisdagen den 26 november,173,5,2026-10-06
GF0934,1991/92,34,1991-11-28,Riksdagens snabbprotokoll 1991/92:34 Torsdagen den 28 november,37,0,2026-10-06
GF0933,1991/92,33,1991-11-27,Riksdagens snabbprotokoll 1991/92:33 Onsdagen den 27 november,61,4,2026-10-06
GF0935,1991/92,35,1991-11-29,Riksdagens snabbprotokoll 1991/92:35 Fredagen den 29 november,69,0,2026-10-06
GF0930,1991/92,30,1991-11-30,Riksdagens snabbprotokoll 1991/92:30 Lördagen den 30 november,39,9,2026-10-06
GF0936,1991/92,36,1991-12-02,Riksdagens snabbprotokoll 1991/92:36 Måndagen den 2 december,0,0,2026-10-06
GF0937,1991/92,37,1991-12-03,Riksdagens snabbprotokoll 1991/92:37 Tisdagen den 3 december,227,3,2026-10-06
GF0938,1991/92,38,1991-12-04,Riksdagens snabbprotokoll 1991/92:38 Onsdagen den 4 december,68,0,2026-10-06
GF0939,1991/92,39,1991-12-05,Riksdagens snabbprotokoll 1991/92:39 Torsdagen den 5 december,57,3,2026-10-06
GF0940,1991/92,40,1991-12-06,Riksdagens snabbprotokoll 1991/92:40 Fredagen den 6 december,47,0,2026-10-06
GF0941,1991/92,41,1991-12-09,Riksdagens snabbprotokoll 1991/92:41 Måndagen den 9 december,26,0,2026-10-06
GF0942,1991/92,42,1991-12-10,Riksdagens snabbprotokoll 1991/92:42 Tisdagen den 10 december,351,29,2026-10-06
GF0943,1991/92,43,1991-12-11,Riksdagens snabbprotokoll 1991/92:43 Onsdagen den 11 december,132,1,2026-10-06
GF0946,1991/92,46,1991-12-16,Riksdagens snabbprotokoll 1991/92:46 Måndagen den 16 december,7,0,2026-10-06
GF0944,1991/92,44,1991-12-12,Riksdagens snabbprotokoll 1991/92:44 Torsdagen den 12 december,196,2,2026-10-06
GF0945,1991/92,45,1991-12-13,Riksdagens snabbprotokoll 1991/92:45 Fredagen den 13 december,82,6,2026-10-06
GF0947,1991/92,47,1991-12-17,Riksdagens snabbprotokoll 1991/92:47 Tisdagen den 17 december,187,35,2026-10-06
GF0948,1991/92,48,1991-12-18,Riksdagens snabbprotokoll 1991/92:48 Onsdagen den 18 december,257,10,2026-10-06
GF0949,1991/92,49,1991-12-19,Riksdagens snabbprotokoll 1991/92:49 Torsdagen den 19 december,114,9,2026-10-06
GG094,1992/93,4,1992-10-08,Protokoll 1992/93:4,34,0,2026-10-06
GG093,1992/93,3,1992-10-07,Protokoll 1992/93:3,21,2,2026-10-06
GG099,1992/93,9,1992-10-19,Protokoll 1992/93:9,1,0,2026-10-06
GG09127,1992/93,127,1992-06-21,Protokoll 1992/93:127,0,0,2026-10-06
GF0950,1991/92,50,1992-01-10,Riksdagens snabbprotokoll 1991/92:50 Fredagen den 10 januari,13,1,2026-10-06
GF0952,1991/92,52,1992-01-15,Riksdagens snabbprotokoll 1991/92:52 Onsdagen den 15 januari,66,1,2026-10-06
GF0951,1991/92,51,1992-01-14,Riksdagens snabbprotokoll 1991/92:51 Tisdagen den 14 januari,48,10,2026-10-06
GF0953,1991/92,53,1992-01-16,Riksdagens snabbprotokoll 1991/92:53 Torsdagen den 16 januari,38,0,2026-10-06
GF0956,1991/92,56,1992-01-23,Riksdagens snabbprotokoll 1991/92:56 Torsdagen den 23 januari,69,2,2026-10-06
GF0954,1991/92,54,1992-01-21,Riksdagens snabbprotokoll 1991/92:54 Tisdagen den 21 januari,214,17,2026-10-06
GF0955,1991/92,55,1992-01-22,Riksdagens snabbprotokoll 1991/92:55 Onsdagen den 22 januari,56,0,2026-10-06
GF0958,1991/92,58,1992-02-05,Riksdagens snabbprotokoll 1991/92:58 Onsdagen den 5 februari,17,1,2026-10-06
GF0957,1991/92,57,1992-02-04,Riksdagens snabbprotokoll 1991/92:57 Tisdagen den 4 februari,183,1,2026-10-06
GF0960,1991/92,60,1992-02-10,Riksdagens snabbprotokoll 1991/92:60 Måndagen den 10 februari,7,0,2026-10-06
GF0959,1991/92,59,1992-02-06,Riksdagens snabbprotokoll 1991/92:59 Torsdagen den 6 februari,40,0,2026-10-06
GF0961,1991/92,61,1992-02-11,Riksdagens snabbprotokoll 1991/92:61 Tisdagen den 11 februari,122,2,2026-10-06
GF0964,1991/92,64,1992-02-14,Riksdagens snabbprotokoll 1991/92:64 Fredagen den 14 februari,79,9,2026-10-06
GF0962,1991/92,62,1992-02-12,Riksdagens snabbprotokoll 1991/92:62 Onsdagen den 12 februari,175,11,2026-10-06
GF0963,1991/92,63,1992-02-13,Riksdagens snabbprotokoll 1991/92:63 Torsdagen den 13 februari,234,26,2026-10-06
GF0965,1991/92,65,1992-02-18,Riksdagens snabbprotokoll 1991/92:65 Tisdagen den 18 februari,160,0,2026-10-06
GF0968,1991/92,68,1992-02-21,Riksdagens snabbprotokoll 1991/92:68 Fredagen den 21 februari,0,1,2026-10-06
GF0966,1991/92,66,1992-02-19,Riksdagens snabbprotokoll 1991/92:66 Onsdagen den 19 februari,64,50,2026-10-06
GF0967,1991/92,67,1992-02-20,Riksdagens snabbprotokoll 1991/92:67 Torsdagen den 20 februari,125,3,2026-10-06
GF0969,1991/92,69,1992-02-25,Riksdagens snabbprotokoll 1991/92:69 Tisdagen den 25 februari,172,3,2026-10-06
GF0972,1991/92,72,1992-03-09,Riksdagens snabbprotokoll 1991/92:72 Måndagen den 9 mars,1,0,2026-10-06
GF0970,1991/92,70,1992-02-26,Riksdagens snabbprotokoll 1991/92:70 Onsdagen den 26 februari,105,0,2026-10-06
GF0971,1991/92,71,1992-02-27,Riksdagens snabbprotokoll 1991/92:71 Torsdagen den 27 februari,87,0,2026-10-06
GF0973,1991/92,73,1992-03-10,Riksdagens snabbprotokoll 1991/92:73 Tisdagen den 10 mars,268,3,2026-10-06
GF0975,1991/92,75,1992-03-12,Riksdagens snabbprotokoll 1991/92:75 Torsdagen den 12 mars,118,0,2026-10-06
GF0974,1991/92,74,1992-03-11,Riksdagens snabbprotokoll 1991/92:74 Onsdagen den 11 mars,143,16,2026-10-06
GF0979,1991/92,79,1992-03-18,Riksdagens snabbprotokoll 1991/92:79 Onsdagen den 18 mars,95,10,2026-10-06
GF0980,1991/92,80,1992-03-19,Riksdagens snabbprotokoll 1991/92:80 Torsdagen den 19 mars,55,1,2026-10-06
GF0981,1991/92,81,1992-03-20,Riksdagens snabbprotokoll 1991/92:81 Fredagen den 20 mars,39,0,2026-10-06
GF0982,1991/92,82,1992-03-23,Riksdagens snabbprotokoll 1991/92:82 Måndagen den 23 mars,1,0,2026-10-06
GF0983,1991/92,83,1992-03-24,Riksdagens snabbprotokoll 1991/92:83 Tisdagen den 24 mars,310,19,2026-10-06
GF0984,1991/92,84,1992-03-25,Riksdagens snabbprotokoll 1991/92:84 Onsdagen den 25 mars,127,1,2026-10-06
GF0985,1991/92,85,1992-03-26,Riksdagens snabbprotokoll 1991/92:85 Torsdagen den 26 mars,154,2,2026-10-06
GF0987,1991/92,87,1992-03-30,Riksdagens snabbprotokoll 1991/92:87 Måndagen den 30 mars,31,0,2026-10-06
GF0986,1991/92,86,1992-03-27,Riksdagens snabbprotokoll 1991/92:86 Fredagen den 27 mars,57,13,2026-10-06
GF0988,1991/92,88,1992-03-31,Riksdagens snabbprotokoll 1991/92:88 Tisdagen den 31 mars,322,8,2026-10-06
GF0991,1991/92,91,1992-04-03,Riksdagens snabbprotokoll 1991/92:91 Fredagen den 3 april,0,0,2026-10-06
GF0990,1991/92,90,1992-04-02,Riksdagens snabbprotokoll 1991/92:90 Torsdagen den 2 april,105,5,2026-10-06
GF0989,1991/92,89,1992-04-01,Riksdagens snabbprotokoll 1991/92:89 Onsdagen den 1 april,161,3,2026-10-06
GF0992,1991/92,92,1992-04-06,Riksdagens snabbprotokoll 1991/92:92 Måndagen den 6 april,40,0,2026-10-06
GF0993,1991/92,93,1992-04-07,Riksdagens snabbprotokoll 1991/92:93 Tisdagen den 7 april,104,0,2026-10-06
GF0994,1991/92,94,1992-04-08,Riksdagens snabbprotokoll 1991/92:94 Onsdagen den 8 april,245,3,2026-10-06
GF0996,1991/92,96,1992-04-10,Riksdagens snabbprotokoll 1991/92:96 Fredagen den 10 april,59,2,2026-10-06
GF0995,1991/92,95,1992-04-09,Riksdagens snabbprotokoll 1991/92:95 Torsdagen den 9 april,121,18,2026-10-06
GF0997,1991/92,97,1992-04-21,Riksdagens snabbprotokoll 1991/92:97 Tisdagen den 21 april,256,10,2026-10-06
GF0999,1991/92,99,1992-04-23,Riksdagens snabbprotokoll 1991/92:99 Torsdagen den 23 april,188,3,2026-10-06
GF0998,1991/92,98,1992-04-22,Riksdagens snabbprotokoll 1991/92:98 Onsdagen den 22 april,209,2,2026-10-06
GF09100,1991/92,100,1992-04-24,Riksdagens snabbprotokoll 1991/92:100 Fredagen den 24 april,107,0,2026-10-06
GF09101,1991/92,101,1992-04-27,Riksdagens snabbprotokoll 1991/92:101 Måndagen den 27 april,21,0,2026-10-06
GF09102,1991/92,102,1992-04-28,Riksdagens snabbprotokoll 1991/92:102 Tisdagen den 28 april,125,0,2026-10-06
GF09104,1991/92,104,1992-05-04,Riksdagens snabbprotokoll 1991/92:104 Måndagen den 4 maj,67,8,2026-10-06
GF09103,1991/92,103,1992-04-29,Riksdagens snabbprotokoll 1991/92:103 Onsdagen den 29 april,57,0,2026-10-06
GF09105,1991/92,105,1992-05-05,Riksdagens snabbprotokoll 1991/92:105 Tisdagen den 5 maj,36,0,2026-10-06
GF09107,1991/92,107,1992-05-07,Riksdagens snabbprotokoll 1991/92:107 Torsdagen den 7 maj,65,0,2026-10-06
GF09108,1991/92,108,1992-05-08,Riksdagens snabbprotokoll 1991/92:108 Fredagen den 8 maj,32,0,2026-10-06
GF09109,1991/92,109,1992-05-11,Riksdagens snabbprotokoll 1991/92:109 Måndagen den 11 maj,74,4,2026-10-06
GF09106,1991/92,106,1992-05-06,Riksdagens snabbprotokoll 1991/92:106 Onsdagen den 6 maj,219,23,2026-10-06
GF09110,1991/92,110,1992-05-12,Riksdagens snabbprotokoll 1991/92:110 Tisdagen den 12 maj,161,1,2026-10-06
GF09112,1991/92,112,1992-05-14,Riksdagens snabbprotokoll 1991/92:112 Torsdagen den 14 maj,104,0,2026-10-06
GF09113,1991/92,113,1992-05-15,Riksdagens snabbprotokoll 1991/92:113 Fredagen den 15 maj,7,0,2026-10-06
GF09111,1991/92,111,1992-05-13,Riksdagens snabbprotokoll 1991/92:111 Onsdagen den 13 maj,145,3,2026-10-06
GF09114,1991/92,114,1992-05-18,Riksdagens snabbprotokoll 1991/92:114 Måndagen den 18 maj,36,0,2026-10-06
GF09115,1991/92,115,1992-05-19,Riksdagens snabbprotokoll 1991/92:115 Tisdagen den 19 maj,213,4,2026-10-06
GF09116,1991/92,116,1992-05-20,Riksdagens snabbprotokoll 1991/92:116 Onsdagen den 20 maj,164,0,2026-10-06
GF09118,1991/92,118,1992-05-22,Riksdagens snabbprotokoll 1991/92:118 Fredagen den 22 maj,36,0,2026-10-06
GF09117,1991/92,117,1992-05-21,Riksdagens snabbprotokoll 1991/92:117 Torsdagen den 21 maj,175,0,2026-10-06
GF09119,1991/92,119,1992-05-25,Riksdagens snabbprotokoll 1991/92:119 Måndagen den 25 maj,40,1,2026-10-06
GF09122,1991/92,122,1992-05-29,Riksdagens snabbprotokoll 1991/92:122 Fredagen den 29 maj,0,1,2026-10-06
GF09121,1991/92,121,1992-05-27,Riksdagens snabbprotokoll 1991/92:121 Onsdagen den 27 maj,121,12,2026-10-06
GF09120,1991/92,120,1992-05-26,Riksdagens snabbprotokoll 1991/92:120 Tisdagen den 26 maj,416,1,2026-10-06
GF09123,1991/92,123,1992-06-01,Riksdagens snabbprotokoll 1991/92:123 Måndagen den 1 juni,223,0,2026-10-06
GF09126,1991/92,126,1992-06-05,Riksdagens snabbprotokoll 1991/92:126 Fredagen den 5 juni,0,0,2026-10-06
GF09124,1991/92,124,1992-06-02,Riksdagens snabbprotokoll 1991/92:124 Tisdagen den 2 juni,172,8,2026-10-06
GF09125,1991/92,125,1992-06-03,Riksdagens snabbprotokoll 1991/92:125 Onsdagen den 3 juni,176,1,2026-10-06
GF09129,1991/92,129,1992-06-10,Riksdagens snabbprotokoll 1991/92:129 Onsdagen den 10 juni,4,0,2026-10-06
GF09130,1991/92,130,1992-06-15,Riksdagens snabbprotokoll 1991/92:130 Måndagen den 15 juni,25,0,2026-10-06
GF09128,1991/92,128,1992-06-10,Riksdagens snabbprotokoll 1991/92:128 Onsdagen den 10 juni,171,9,2026-10-06
GF09127,1991/92,127,1992-06-09,Riksdagens snabbprotokoll 1991/92:127 Tisdagen den 9 juni,249,57,2026-10-06
GG091,1992/93,1,1992-10-06,Riksdagens snabbprotokoll 1992/93:1 Tisdagen den 6 oktober,3,0,2026-10-06
GF093,1991/92,3,1992-10-07,Riksdagens snabbprotokoll 1991/92:3 Onsdagen den 7 oktober,1,0,2026-10-06
GG092,1992/93,2,1992-10-06,Riksdagens snabbprotokoll 1992/93:2 Tisdagen den 6 oktober,3,1,2026-10-06
GF094,1991/92,4,1992-10-08,Riksdagens snabbprotokoll 1991/92:4 Torsdagen den 8 oktober,0,0,2026-10-06
GG095,1992/93,5,1992-10-13,Riksdagens snabbprotokoll 1992/93:5 Tisdagen den 13 oktober,178,0,2026-10-06
GG096,1992/93,6,1992-10-14,Riksdagens snabbprotokoll 1992/93:6 Onsdagen den 14 oktober,200,6,2026-10-06
GG098,1992/93,8,1992-10-16,Riksdagens snabbprotokoll 1992/93:8 Fredagen den 16 oktober,62,1,2026-10-06
GG097,1992/93,7,1992-10-15,Riksdagens snabbprotokoll 1992/93:7 Torsdagen den 15 oktober,223,8,2026-10-06
GG0911,1992/93,11,1992-10-21,Riksdagens snabbprotokoll 1992/93:11 Onsdagen den 21 oktober,1,0,2026-10-06
GG0910,1992/93,10,1992-10-20,Riksdagens snabbprotokoll 1992/93:10 Tisdagen den 20 oktober,228,0,2026-10-06
GG0912,1992/93,12,1992-10-22,Riksdagens snabbprotokoll 1992/93:12 Torsdagen den 22 oktober,63,0,2026-10-06
GG0913,1992/93,13,1992-10-23,Riksdagens snabbprotokoll 1992/93:13 Fredagen den 23 oktober,0,0,2026-10-06
GG0914,1992/93,14,1992-11-02,Riksdagens snabbprotokoll 1992/93:14 Måndagen den 2 november,0,1,2026-10-06
GG0917,1992/93,17,1992-11-05,Riksdagens snabbprotokoll 1992/93:17 Torsdagen den 5 november,43,0,2026-10-06
GG0916,1992/93,16,1992-11-04,Riksdagens snabbprotokoll 1992/93:16 Onsdagen den 4 november,116,0,2026-10-06
GG0915,1992/93,15,1992-11-03,Riksdagens snabbprotokoll 1992/93:15 Tisdagen den 3 november,222,7,2026-10-06
GG0918,1992/93,18,1992-11-06,Riksdagens snabbprotokoll 1992/93:18 Fredagen den 6 november,34,0,2026-10-06
GG0919,1992/93,19,1992-11-09,Riksdagens snabbprotokoll 1992/93:19 Måndagen den 9 november,1,0,2026-10-06
GG0920,1992/93,20,1992-11-10,Riksdagens snabbprotokoll 1992/93:20 Tisdagen den 10 november,102,9,2026-10-06
GG0922,1992/93,22,1992-11-12,Riksdagens snabbprotokoll 1992/93:22 Torsdagen den 12 november,98,0,2026-10-06
GG0921,1992/93,21,1992-11-11,Riksdagens snabbprotokoll 1992/93:21 Onsdagen den 11 november,112,0,2026-10-06
GG0923,1992/93,23,1992-11-13,Riksdagens snabbprotokoll 1992/93:23 Fredagen den 13 november,47,0,2026-10-06
GG0924,1992/93,24,1992-11-16,Riksdagens snabbprotokoll 1992/93:24 Måndagen den 16 november,0,0,2026-10-06
GG0925,1992/93,25,1992-11-17,Riksdagens snabbprotokoll 1992/93:25 Tisdagen den 17 november,335,0,2026-10-06
GG0927,1992/93,27,1992-11-19,Riksdagens snabbprotokoll 1992/93:27 Torsdagen den 19 november,148,0,2026-10-06
GG0929,1992/93,29,1992-11-23,Riksdagens snabbprotokoll 1992/93:29 Måndagen den 23 november,1,0,2026-10-06
GG0926,1992/93,26,1992-11-18,Riksdagens snabbprotokoll 1992/93:26 Onsdagen den 18 november,143,0,2026-10-06
GG0928,1992/93,28,1992-11-20,Riksdagens snabbprotokoll 1992/93:28 Fredagen den 20 november,78,0,2026-10-06
GG0930,1992/93,30,1992-11-24,Riksdagens snabbprotokoll 1992/93:30 Tisdagen den 24 november,141,0,2026-10-06
GG0932,1992/93,32,1992-11-26,Riksdagens snabbprotokoll 1992/93:32 Torsdagen den 26 november,0,0,2026-10-06
GG0931,1992/93,31,1992-11-25,Riksdagens snabbprotokoll 1992/93:31 Onsdagen den 25 november,145,0,2026-10-06
GG0934,1992/93,34,1992-11-30,Riksdagens snabbprotokoll 1992/93:34 Måndagen den 30 november,24,3,2026-10-06
GG0933,1992/93,33,1992-11-27,Riksdagens snabbprotokoll 1992/93:33 Fredagen den 27 november,73,5,2026-10-06
GG0935,1992/93,35,1992-12-01,Riksdagens snabbprotokoll 1992/93:35 Tisdagen den 1 december,222,14,2026-10-06
GG0936,1992/93,36,1992-12-02,Riksdagens snabbprotokoll 1992/93:36 Onsdagen den 2 december,120,45,2026-10-06
GG0937,1992/93,37,1992-12-03,Riksdagens snabbprotokoll 1992/93:37 Torsdagen den 3 december,134,0,2026-10-06
GG0938,1992/93,38,1992-12-04,Riksdagens snabbprotokoll 1992/93:38 Fredagen den 4 december,67,0,2026-10-06
GG0939,1992/93,39,1992-12-07,Riksdagens snabbprotokoll 1992/93:39 Måndagen den 7 december,23,2,2026-10-06
GG0940,1992/93,40,1992-12-08,Riksdagens snabbprotokoll 1992/93:40 Tisdagen den 8 december,267,9,2026-10-06
GG0943,1992/93,43,1992-12-11,Riksdagens snabbprotokoll 1992/93:43 Fredagen den 11 december,0,1,2026-10-06
GG0941,1992/93,41,1992-12-09,Riksdagens snabbprotokoll 1992/93:41 Onsdagen den 9 december,159,1,2026-10-06
GG0942,1992/93,42,1992-12-10,Riksdagens snabbprotokoll 1992/93:42 Torsdagen den 10 december,70,19,2026-10-06
GG0944,1992/93,44,1992-12-14,Riksdagens snabbprotokoll 1992/93:44 Måndagen den 14 december,145,0,2026-10-06
GG0945,1992/93,45,1992-12-15,Riksdagens snabbprotokoll 1992/93:45 Tisdagen den 15 december,189,9,2026-10-06
GG0946,1992/93,46,1992-12-16,Riksdagens snabbprotokoll 1992/93:46 Onsdagen den 16 december,169,11,2026-10-06
GG0947,1992/93,47,1992-12-17,Riksdagens snabbprotokoll 1992/93:47 Torsdagen den 17 december,158,0,2026-10-06
GG0949,1992/93,49,1993-01-11,Riksdagens snabbprotokoll 1992/93:49 Måndagen den 11 januari,13,0,2026-10-06
GG0950,1992/93,50,1993-01-12,Riksdagens snabbprotokoll 1992/93:50 Tisdagen den 12 januari,52,0,2026-10-06
GG0948,1992/93,48,1992-12-18,Riksdagens snabbprotokoll 1992/93:48 Fredagen den 18 december,131,2,2026-10-06
GG0951,1992/93,51,1993-01-13,Riksdagens snabbprotokoll 1992/93:51 Onsdagen den 13 januari,66,0,2026-10-06
GG0952,1992/93,52,1993-01-14,Riksdagens snabbprotokoll 1992/93:52 Torsdagen den 14 januari,12,0,2026-10-06
GG0953,1992/93,53,1993-01-19,Riksdagens snabbprotokoll 1992/93:53 Tisdagen den 19 januari,106,0,2026-10-06
GG0954,1992/93,54,1993-01-20,Riksdagens snabbprotokoll 1992/93:54 Onsdagen den 20 januari,43,10,2026-10-06
GG0956,1992/93,56,1993-01-26,Riksdagens snabbprotokoll 1992/93:56 Tisdagen den 26 januari,1,0,2026-10-06
GG0955,1992/93,55,1993-01-21,Riksdagens snabbprotokoll 1992/93:55 Torsdagen den 21 januari,67,0,2026-10-06
GG0957,1992/93,57,1993-01-28,Riksdagens snabbprotokoll 1992/93:57 Torsdagen den 28 januari,11,0,2026-10-06
GG0958,1992/93,58,1993-02-09,Riksdagens snabbprotokoll 1992/93:58 Tisdagen den 9 februari,172,0,2026-10-06
GG0960,1992/93,60,1993-02-11,Riksdagens snabbprotokoll 1992/93:60 Torsdagen den 11 februari,262,27,2026-10-06
GG0961,1992/93,61,1993-02-12,Riksdagens snabbprotokoll 1992/93:61 Fredagen den 12 februari,69,2,2026-10-06
GG0959,1992/93,59,1993-02-10,Riksdagens snabbprotokoll 1992/93:59 Onsdagen den 10 februari,184,4,2026-10-06
GG0962,1992/93,62,1993-02-16,Riksdagens snabbprotokoll 1992/93:62 Tisdagen den 16 februari,128,0,2026-10-06
GG0963,1992/93,63,1993-02-17,Riksdagens snabbprotokoll 1992/93:63 Onsdagen den 17 februari,62,0,2026-10-06
GG0964,1992/93,64,1993-02-18,Riksdagens snabbprotokoll 1992/93:64 Torsdagen den 18 februari,74,0,2026-10-06
GG0965,1992/93,65,1993-02-19,Riksdagens snabbprotokoll 1992/93:65 Fredagen den 19 februari,15,0,2026-10-06
GG0966,1992/93,66,1993-02-23,Riksdagens snabbprotokoll 1992/93:66 Tisdagen den 23 februari,140,0,2026-10-06
GG0968,1992/93,68,1993-02-25,Riksdagens snabbprotokoll 1992/93:68 Torsdagen den 25 februari,40,0,2026-10-06
GG0969,1992/93,69,1993-02-26,Riksdagens snabbprotokoll 1992/93:69 Fredagen den 26 februari,6,0,2026-10-06
GH0970,1993/94,70,1993-03-04,Riksdagens snabbprotokoll 1993/94:70 Tisdagen den 4 mars,30,0,2026-10-06
GG0967,1992/93,67,1993-02-24,Riksdagens snabbprotokoll 1992/93:67 Onsdagen den 24 februari,117,1,2026-10-06
GG0970,1992/93,70,1993-03-08,Riksdagens snabbprotokoll 1992/93:70 Måndagen den 8 mars,1,0,2026-10-06
GG0971,1992/93,71,1993-03-09,Riksdagens snabbprotokoll 1992/93:71 Tisdagen den 9 mars,150,0,2026-10-06
GG0973,1992/93,73,1993-03-11,Riksdagens snabbprotokoll 1992/93:73 Torsdagen den 11 mars,70,0,2026-10-06
GG0975,1992/93,75,1993-03-15,Riksdagens snabbprotokoll 1992/93:75 Måndagen den 15 mars,0,0,2026-10-06
GG0972,1992/93,72,1993-03-10,Riksdagens snabbprotokoll 1992/93:72 Onsdagen den 10 mars,169,2,2026-10-06
GG0974,1992/93,74,1993-03-12,Riksdagens snabbprotokoll 1992/93:74 Fredagen den 12 mars,68,0,2026-10-06
GG0976,1992/93,76,1993-03-16,Riksdagens snabbprotokoll 1992/93:76 Tisdagen den 16 mars,130,9,2026-10-06
GG0978,1992/93,78,1993-03-18,Riksdagens snabbprotokoll 1992/93:78 Torsdagen den 18 mars,16,0,2026-10-06
GG0980,1992/93,80,1993-03-22,Riksdagens snabbprotokoll 1992/93:80 Måndagen den 22 mars,0,0,2026-10-06
GG0979,1992/93,79,1993-03-19,Riksdagens snabbprotokoll 1992/93:79 Fredagen den 19 mars,34,1,2026-10-06
GG0977,1992/93,77,1993-03-17,Riksdagens snabbprotokoll 1992/93:77 Onsdagen den 17 mars,71,1,2026-10-06
GG0981,1992/93,81,1993-03-23,Riksdagens snabbprotokoll 1992/93:81 Tisdagen den 23 mars,147,6,2026-10-06
GG0984,1992/93,84,1993-03-26,Riksdagens snabbprotokoll 1992/93:84 Fredagen den 26 mars,0,0,2026-10-06
GG0983,1992/93,83,1993-03-25,Riksdagens snabbprotokoll 1992/93:83 Torsdagen den 25 mars,122,4,2026-10-06
GG0982,1992/93,82,1993-03-24,Riksdagens snabbprotokoll 1992/93:82 Onsdagen den 24 mars,152,6,2026-10-06
GG0985,1992/93,85,1993-03-29,Riksdagens snabbprotokoll 1992/93:85 Måndagen den 29 mars,0,0,2026-10-06
GG0986,1992/93,86,1993-03-30,Riksdagens snabbprotokoll 1992/93:86 Tisdagen den 30 mars,139,0,2026-10-06
GG0988,1992/93,88,1993-04-01,Riksdagens snabbprotokoll 1992/93:88 Torsdagen den 1 april,110,3,2026-10-06
GG0987,1992/93,87,1993-03-31,Riksdagens snabbprotokoll 1992/93:87 Onsdagen den 31 mars,210,2,2026-10-06
GG0989,1992/93,89,1993-04-02,Riksdagens snabbprotokoll 1992/93:89 Fredagen den 2 april,46,0,2026-10-06
GG0990,1992/93,90,1993-04-13,Riksdagens snabbprotokoll 1992/93:90 Tisdagen den 13 april,287,7,2026-10-06
GG0993,1992/93,93,1993-04-16,Riksdagens snabbprotokoll 1992/93:93 Fredagen den 16 april,62,1,2026-10-06
GG0992,1992/93,92,1993-04-15,Riksdagens snabbprotokoll 1992/93:92 Torsdagen den 15 april,125,19,2026-10-06
GG0994,1992/93,94,1993-04-19,Riksdagens snabbprotokoll 1992/93:94 Måndagen den 19 april,23,0,2026-10-06
GG0991,1992/93,91,1993-04-14,Riksdagens snabbprotokoll 1992/93:91 Onsdagen den 14 april,212,5,2026-10-06
GG0995,1992/93,95,1993-04-20,Riksdagens snabbprotokoll 1992/93:95 Tisdagen den 20 april,138,0,2026-10-06
GG0998,1992/93,98,1993-04-23,Riksdagens snabbprotokoll 1992/93:98 Fredagen den 23 april,105,0,2026-10-06
GG0996,1992/93,96,1993-04-21,Riksdagens snabbprotokoll 1992/93:96 Onsdagen den 21 april,234,1,2026-10-06
GG0999,1992/93,99,1993-04-26,Riksdagens snabbprotokoll 1992/93:99 Måndagen den 26 april,47,0,2026-10-06
GG0997,1992/93,97,1993-04-22,Riksdagens snabbprotokoll 1992/93:97 Torsdagen den 22 april,151,1,2026-10-06
GG09100,1992/93,100,1993-04-27,Riksdagens snabbprotokoll 1992/93:100 Tisdagen den 27 april,172,0,2026-10-06
GG09101,1992/93,101,1993-04-28,Riksdagens snabbprotokoll 1992/93:101 Onsdagen den 28 april,119,6,2026-10-06
GG09103,1992/93,103,1993-05-03,Riksdagens snabbprotokoll 1992/93:103 Måndagen den 3 maj,0,1,2026-10-06
GG09102,1992/93,102,1993-04-29,Riksdagens snabbprotokoll 1992/93:102 Torsdagen den 29 april,105,0,2026-10-06
GG09104,1992/93,104,1993-05-04,Riksdagens snabbprotokoll 1992/93:104 Tisdagen den 4 maj,162,0,2026-10-06
GG09105,1992/93,105,1993-05-05,Riksdagens snabbprotokoll 1992/93:105 Onsdagen den 5 maj,145,1,2026-10-06
GG09106,1992/93,106,1993-05-06,Riksdagens snabbprotokoll 1992/93:106 Torsdagen den 6 maj,62,0,2026-10-06
GG09107,1992/93,107,1993-05-07,Riksdagens snabbprotokoll 1992/93:107 Fredagen den 7 maj,72,0,2026-10-06
GG09108,1992/93,108,1993-05-11,Riksdagens snabbprotokoll 1992/93:108 Tisdagen den 11 maj,0,0,2026-10-06
GG09110,1992/93,110,1993-05-13,Riksdagens snabbprotokoll 1992/93:110 Torsdagen den 13 maj,62,4,2026-10-06
GG09111,1992/93,111,1993-05-17,Riksdagens snabbprotokoll 1992/93:111 Måndagen den 17 maj,62,0,2026-10-06
GG09109,1992/93,109,1993-05-12,Riksdagens snabbprotokoll 1992/93:109 Onsdagen den 12 maj,142,0,2026-10-06
GG09113,1992/93,113,1993-05-19,Riksdagens snabbprotokoll 1992/93:113 Onsdagen den 19 maj,145,1,2026-10-06
GG09112,1992/93,112,1993-05-18,Riksdagens snabbprotokoll 1992/93:112 Tisdagen den 18 maj,310,0,2026-10-06
GG09114,1992/93,114,1993-05-24,Riksdagens snabbprotokoll 1992/93:114 Måndagen den 24 maj,163,11,2026-10-06
GG09115,1992/93,115,1993-05-25,Riksdagens snabbprotokoll 1992/93:115 Tisdagen den 25 maj,251,11,2026-10-06
GG09116,1992/93,116,1993-05-26,Riksdagens snabbprotokoll 1992/93:116 Onsdagen den 26 maj,163,10,2026-10-06
GG09117,1992/93,117,1993-05-27,Riksdagens snabbprotokoll 1992/93:117 Torsdagen den 27 maj,166,0,2026-10-06
GG09118,1992/93,118,1993-05-28,Riksdagens snabbprotokoll 1992/93:118 Fredagen den 28 maj,130,1,2026-10-06
GG09119,1992/93,119,1993-06-01,Riksdagens snabbprotokoll 1992/93:119 Tisdagen den 1 juni,353,18,2026-10-06
GG09120,1992/93,120,1993-06-02,Riksdagens snabbprotokoll 1992/93:120 Onsdagen den 2 juni,158,10,2026-10-06
GG09121,1992/93,121,1993-06-03,Riksdagens snabbprotokoll 1992/93:121 Torsdagen den 3 juni,243,1,2026-10-06
GG09122,1992/93,122,1993-06-04,Riksdagens snabbprotokoll 1992/93:122 Fredagen den 4 juni,161,0,2026-10-06
GG09123,1992/93,123,1993-06-07,Riksdagens snabbprotokoll 1992/93:123 Måndagen den 7 juni,225,10,2026-10-06
GG09126,1992/93,126,1993-06-10,Riksdagens snabbprotokoll 1992/93:126 Torsdagen den 10 juni,4,0,2026-10-06
GG09124,1992/93,124,1993-06-08,Riksdagens snabbprotokoll 1992/93:124 Tisdagen den 8 juni,243,2,2026-10-06
GH091,1993/94,1,1993-10-05,Riksdagens snabbprotokoll 1993/94:1 Tisdagen den 5 oktober,3,0,2026-10-06
GG09125,1992/93,125,1993-06-09,Riksdagens snabbprotokoll 1992/93:125 Onsdagen den 9 juni,196,23,2026-10-06
GH093,1993/94,3,1993-10-06,Riksdagens snabbprotokoll 1993/94:3 Onsdagen den 6 oktober,22,0,2026-10-06
GH092,1993/94,2,1993-10-05,Riksdagens snabbprotokoll 1993/94:2 Tisdagen den 5 oktober,3,0,2026-10-06
GH094,1993/94,4,1993-10-07,Riksdagens snabbprotokoll 1993/94:4 Torsdagen den 7 oktober,42,0,2026-10-06
GH095,1993/94,5,1993-10-12,Riksdagens snabbprotokoll 1993/94:5 Tisdagen den 12 oktober,111,5,2026-10-06
GH096,1993/94,6,1993-10-13,Riksdagens snabbprotokoll 1993/94:6 Onsdagen den 13 oktober,275,7,2026-10-06
GH099,1993/94,9,1993-10-18,Riksdagens snabbprotokoll 1993/94:9 Måndagen den 18 oktober,2,0,2026-10-06
GH098,1993/94,8,1993-10-15,Riksdagens snabbprotokoll 1993/94:8 Fredagen den 15 oktober,173,3,2026-10-06
GH097,1993/94,7,1993-10-14,Riksdagens snabbprotokoll 1993/94:7 Torsdagen den 14 oktober,179,4,2026-10-06
GH0910,1993/94,10,1993-10-19,Riksdagens snabbprotokoll 1993/94:10 Tisdagen den 19 oktober,210,1,2026-10-06
GH0911,1993/94,11,1993-10-20,Riksdagens snabbprotokoll 1993/94:11 Onsdagen den 20 oktober,70,0,2026-10-06
GH0912,1993/94,12,1993-10-21,Riksdagens snabbprotokoll 1993/94:12 Torsdagen den 21 oktober,47,0,2026-10-06
GH0913,1993/94,13,1993-10-22,Riksdagens snabbprotokoll 1993/94:13 Fredagen den 22 oktober,0,0,2026-10-06
GH0914,1993/94,14,1993-10-25,Riksdagens snabbprotokoll 1993/94:14 Måndagen den 25 oktober,0,0,2026-10-06
GH0915,1993/94,15,1993-10-26,Riksdagens snabbprotokoll 1993/94:15 Tisdagen den 26 oktober,142,5,2026-10-06
GH0918,1993/94,18,1993-10-29,Riksdagens snabbprotokoll 1993/94:18 Fredagen den 29 oktober,0,0,2026-10-06
GH0919,1993/94,19,1993-11-08,Riksdagens snabbprotokoll 1993/94:19 Måndagen den 8 november,0,1,2026-10-06
GH0917,1993/94,17,1993-10-28,Riksdagens snabbprotokoll 1993/94:17 Torsdagen den 28 oktober,130,18,2026-10-06
GH0916,1993/94,16,1993-10-27,Riksdagens snabbprotokoll 1993/94:16 Onsdagen den 27 oktober,217,4,2026-10-06
GH0920,1993/94,20,1993-11-09,Riksdagens snabbprotokoll 1993/94:20 Tisdagen den 9 november,92,0,2026-10-06
GH0921,1993/94,21,1993-11-10,Riksdagens snabbprotokoll 1993/94:21 Onsdagen den 10 november,135,10,2026-10-06
GH0923,1993/94,23,1993-11-12,Riksdagens snabbprotokoll 1993/94:23 Fredagen den 12 november,36,0,2026-10-06
GH0922,1993/94,22,1993-11-11,Riksdagens snabbprotokoll 1993/94:22 Torsdagen den 11 november,117,4,2026-10-06
GH0925,1993/94,25,1993-11-17,Riksdagens snabbprotokoll 1993/94:25 Onsdagen den 17 november,53,0,2026-10-06
GH0924,1993/94,24,1993-11-16,Riksdagens snabbprotokoll 1993/94:24 Tisdagen den 16 november,272,1,2026-10-06
GH0926,1993/94,26,1993-11-18,Riksdagens snabbprotokoll 1993/94:26 Torsdagen den 18 november,44,0,2026-10-06
GH0927,1993/94,27,1993-11-19,Riksdagens snabbprotokoll 1993/94:27 Fredagen den 19 november,62,0,2026-10-06
GH0928,1993/94,28,1993-11-23,Riksdagens snabbprotokoll 1993/94:28 Tisdagen den 23 november,207,7,2026-10-06
GH0929,1993/94,29,1993-11-24,Riksdagens snabbprotokoll 1993/94:29 Onsdagen den 24 november,102,0,2026-10-06
GH0930,1993/94,30,1993-11-25,Riksdagens snabbprotokoll 1993/94:30 Torsdagen den 25 november,131,4,2026-10-06
GH0931,1993/94,31,1993-11-26,Riksdagens snabbprotokoll 1993/94:31 Fredagen den 26 november,32,0,2026-10-06
GH0932,1993/94,32,1993-11-29,Riksdagens snabbprotokoll 1993/94:32 Måndagen den 29 november,17,0,2026-10-06
GH0934,1993/94,34,1993-12-01,Riksdagens snabbprotokoll 1993/94:34 Onsdagen den 1 december,104,15,2026-10-06
GH0933,1993/94,33,1993-11-30,Riksdagens snabbprotokoll 1993/94:33 Tisdagen den 30 november,249,11,2026-10-06
GH0935,1993/94,35,1993-12-02,Riksdagens snabbprotokoll 1993/94:35 Torsdagen den 2 december,80,8,2026-10-06
GH0936,1993/94,36,1993-12-03,Riksdagens snabbprotokoll 1993/94:36 Fredagen den 3 december,25,0,2026-10-06
GH0937,1993/94,37,1993-12-06,Riksdagens snabbprotokoll 1993/94:37 Måndagen den 6 december,8,0,2026-10-06
GH0938,1993/94,38,1993-12-07,Riksdagens snabbprotokoll 1993/94:38 Tisdagen den 7 december,226,11,2026-10-06
GH0940,1993/94,40,1993-12-09,Riksdagens snabbprotokoll 1993/94:40 Torsdagen den 9 december,99,1,2026-10-06
GH0939,1993/94,39,1993-12-08,Riksdagens snabbprotokoll 1993/94:39 Onsdagen den 8 december,174,1,2026-10-06
GH0941,1993/94,41,1993-12-10,Riksdagens snabbprotokoll 1993/94:41 Fredagen den 10 december,44,26,2026-10-06
GH0942,1993/94,42,1993-12-13,Riksdagens snabbprotokoll 1993/94:42 Måndagen den 13 december,45,3,2026-10-06
GH0943,1993/94,43,1993-12-14,Riksdagens snabbprotokoll 1993/94:43 Tisdagen den 14 december,230,0,2026-10-06
GH0944,1993/94,44,1993-12-15,Riksdagens snabbprotokoll 1993/94:44 Onsdagen den 15 december,189,3,2026-10-06
GH0945,1993/94,45,1993-12-16,Riksdagens snabbprotokoll 1993/94:45 Torsdagen den 16 december,251,5,2026-10-06
GH0946,1993/94,46,1993-12-17,Riksdagens snabbprotokoll 1993/94:46 Fredagen den 17 december,72,0,2026-10-06
GH0948,1993/94,48,1994-01-10,Riksdagens snabbprotokoll 1993/94:48 Måndagen den 10 januari,13,2,2026-10-06
GH0947,1993/94,47,1993-12-17,Riksdagens snabbprotokoll 1993/94:47 Fredagen den 17 december,128,20,2026-10-06
GH0949,1993/94,49,1994-01-11,Riksdagens snabbprotokoll 1993/94:49 Tisdagen den 11 januari,54,0,2026-10-06
GH0952,1993/94,52,1994-01-17,Riksdagens snabbprotokoll 1993/94:52 Måndagen den 17 januari,0,0,2026-10-06
GH0950,1993/94,50,1994-01-12,Riksdagens snabbprotokoll 1993/94:50 Onsdagen den 12 januari,29,0,2026-10-06
GH0951,1993/94,51,1994-01-13,Riksdagens snabbprotokoll 1993/94:51 Torsdagen den 13 januari,54,0,2026-10-06
GH0953,1993/94,53,1994-01-18,Riksdagens snabbprotokoll 1993/94:53 Tisdagen den 18 januari,205,0,2026-10-06
GH0954,1993/94,54,1994-01-20,Riksdagens snabbprotokoll 1993/94:54 Torsdagen den 20 januari,75,0,2026-10-06
GH0955,1993/94,55,1994-01-27,Riksdagens snabbprotokoll 1993/94:55 Torsdagen den 27 januari,30,2,2026-10-06
GH0956,1993/94,56,1994-02-08,Riksdagens snabbprotokoll 1993/94:56 Tisdagen den 8 februari,159,1,2026-10-06
GH0957,1993/94,57,1994-02-09,Riksdagens snabbprotokoll 1993/94:57 Onsdagen den 9 februari,210,6,2026-10-06
GH0958,1993/94,58,1994-02-10,Riksdagens snabbprotokoll 1993/94:58 Torsdagen den 10 februari,246,11,2026-10-06
GH0959,1993/94,59,1994-02-11,Riksdagens snabbprotokoll 1993/94:59 Fredagen den 11 februari,103,1,2026-10-06
GH0960,1993/94,60,1994-02-15,Riksdagens snabbprotokoll 1993/94:60 Tisdagen den 15 februari,93,0,2026-10-06
GH0961,1993/94,61,1994-02-16,Riksdagens snabbprotokoll 1993/94:61 Onsdagen den 16 februari,20,0,2026-10-06
GH0962,1993/94,62,1994-02-17,Riksdagens snabbprotokoll 1993/94:62 Torsdagen den 17 februari,70,1,2026-10-06
GH0964,1993/94,64,1994-02-22,Riksdagens snabbprotokoll 1993/94:64 Tisdagen den 22 februari,43,0,2026-10-06
GH0963,1993/94,63,1994-02-18,Riksdagens snabbprotokoll 1993/94:63 Fredagen den 18 februari,59,0,2026-10-06
GH0966,1993/94,66,1994-02-25,Riksdagens snabbprotokoll 1993/94:66 Fredagen den 25 februari,0,0,2026-10-06
GH0965,1993/94,65,1994-02-23,Riksdagens snabbprotokoll 1993/94:65 Onsdagen den 23 februari,140,0,2026-10-06
GH0967,1993/94,67,1994-03-01,Riksdagens snabbprotokoll 1993/94:67 Tisdagen den 1 mars,87,0,2026-10-06
GH0969,1993/94,69,1994-03-03,Riksdagens snabbprotokoll 1993/94:69 Torsdagen den 3 mars,30,1,2026-10-06
GH0971,1993/94,71,1994-03-14,Riksdagens snabbprotokoll 1993/94:71 Måndagen den 14 mars,0,0,2026-10-06
GH0972,1993/94,72,1994-03-15,Riksdagens snabbprotokoll 1993/94:72 Tisdagen den 15 mars,41,0,2026-10-06
GH0968,1993/94,68,1994-03-02,Riksdagens snabbprotokoll 1993/94:68 Onsdagen den 2 mars,219,7,2026-10-06
GH0975,1993/94,75,1994-03-18,Riksdagens snabbprotokoll 1993/94:75 Fredagen den 18 mars,11,0,2026-10-06
GH0974,1993/94,74,1994-03-17,Riksdagens snabbprotokoll 1993/94:74 Torsdagen den 17 mars,74,0,2026-10-06
GH0973,1993/94,73,1994-03-16,Riksdagens snabbprotokoll 1993/94:73 Onsdagen den 16 mars,231,2,2026-10-06
GH0976,1993/94,76,1994-03-21,Riksdagens snabbprotokoll 1993/94:76 Måndagen den 21 mars,26,0,2026-10-06
GH0979,1993/94,79,1994-03-24,Riksdagens snabbprotokoll 1993/94:79 Torsdagen den 24 mars,0,0,2026-10-06
GH0977,1993/94,77,1994-03-22,Riksdagens snabbprotokoll 1993/94:77 Tisdagen den 22 mars,154,21,2026-10-06
GH0980,1993/94,80,1994-03-25,Riksdagens snabbprotokoll 1993/94:80 Fredagen den 25 mars,18,6,2026-10-06
GH0978,1993/94,78,1994-03-23,Riksdagens snabbprotokoll 1993/94:78 Onsdagen den 23 mars,154,0,2026-10-06
GH0981,1993/94,81,1994-03-28,Riksdagens snabbprotokoll 1993/94:81 Måndagen den 28 mars,134,1,2026-10-06
GH0983,1993/94,83,1994-03-30,Riksdagens snabbprotokoll 1993/94:83 Onsdagen den 30 mars,78,1,2026-10-06
GH0984,1993/94,84,1994-03-31,Riksdagens snabbprotokoll 1993/94:84 Torsdagen den 31 mars,1,0,2026-10-06
GH0982,1993/94,82,1994-03-29,Riksdagens snabbprotokoll 1993/94:82 Tisdagen den 29 mars,101,0,2026-10-06
GH0985,1993/94,85,1994-04-11,Riksdagens snabbprotokoll 1993/94:85 Måndagen den 11 april,0,1,2026-10-06
GH0986,1993/94,86,1994-04-12,Riksdagens snabbprotokoll 1993/94:86 Tisdagen den 12 april,132,0,2026-10-06
GH0988,1993/94,88,1994-04-14,Riksdagens snabbprotokoll 1993/94:88 Torsdagen den 14 april,83,2,2026-10-06
GH0987,1993/94,87,1994-04-13,Riksdagens snabbprotokoll 1993/94:87 Onsdagen den 13 april,169,0,2026-10-06
GH0989,1993/94,89,1994-04-15,Riksdagens snabbprotokoll 1993/94:89 Fredagen den 15 april,54,10,2026-10-06
GH0990,1993/94,90,1994-04-18,Riksdagens snabbprotokoll 1993/94:90 Måndagen den 18 april,36,3,2026-10-06
GH0991,1993/94,91,1994-04-19,Riksdagens snabbprotokoll 1993/94:91 Tisdagen den 19 april,112,1,2026-10-06
GH0993,1993/94,93,1994-04-21,Riksdagens snabbprotokoll 1993/94:93 Torsdagen den 21 april,87,42,2026-10-06
GH0992,1993/94,92,1994-04-20,Riksdagens snabbprotokoll 1993/94:92 Onsdagen den 20 april,176,0,2026-10-06
GH0995,1993/94,95,1994-04-25,Riksdagens snabbprotokoll 1993/94:95 Måndagen den 25 april,15,0,2026-10-06
GH0994,1993/94,94,1994-04-22,Riksdagens snabbprotokoll 1993/94:94 Fredagen den 22 april,105,1,2026-10-06
GH0996,1993/94,96,1994-04-26,Riksdagens snabbprotokoll 1993/94:96 Tisdagen den 26 april,81,2,2026-10-06
GH0999,1993/94,99,1994-04-29,Riksdagens snabbprotokoll 1993/94:99 Fredagen den 29 april,42,0,2026-10-06
GH0997,1993/94,97,1994-04-27,Riksdagens snabbprotokoll 1993/94:97 Onsdagen den 27 april,161,0,2026-10-06
GH0998,1993/94,98,1994-04-28,Riksdagens snabbprotokoll 1993/94:98 Torsdagen den 28 april,198,2,2026-10-06
GH09100,1993/94,100,1994-05-02,Riksdagens snabbprotokoll 1993/94:100 Måndagen den 2 maj,57,0,2026-10-06
GH09101,1993/94,101,1994-05-03,Riksdagens snabbprotokoll 1993/94:101 Tisdagen den 3 maj,114,0,2026-10-06
GH09103,1993/94,103,1994-05-05,Riksdagens snabbprotokoll 1993/94:103 Torsdagen den 5 maj,131,24,2026-10-06
GH09102,1993/94,102,1994-05-04,Riksdagens snabbprotokoll 1993/94:102 Onsdagen den 4 maj,198,16,2026-10-06
GH09104,1993/94,104,1994-05-16,Riksdagens snabbprotokoll 1993/94:104 Måndagen den 16 maj,132,9,2026-10-06
GH09105,1993/94,105,1994-05-17,Riksdagens snabbprotokoll 1993/94:105 Tisdagen den 17 maj,150,0,2026-10-06
GH09108,1993/94,108,1994-05-20,Riksdagens snabbprotokoll 1993/94:108 Fredagen den 20 maj,17,0,2026-10-06
GH09107,1993/94,107,1994-05-19,Riksdagens snabbprotokoll 1993/94:107 Torsdagen den 19 maj,115,0,2026-10-06
GH09109,1993/94,109,1994-05-24,Riksdagens snabbprotokoll 1993/94:109 Tisdagen den 24 maj,99,0,2026-10-06
GH09106,1993/94,106,1994-05-18,Riksdagens snabbprotokoll 1993/94:106 Onsdagen den 18 maj,206,0,2026-10-06
GH09111,1993/94,111,1994-05-26,Riksdagens snabbprotokoll 1993/94:111 Torsdagen den 26 maj,165,1,2026-10-06
GH09112,1993/94,112,1994-05-27,Riksdagens snabbprotokoll 1993/94:112 Fredagen den 27 maj,30,3,2026-10-06
GH09110,1993/94,110,1994-05-25,Riksdagens snabbprotokoll 1993/94:110 Onsdagen den 25 maj,174,7,2026-10-06
GH09113,1993/94,113,1994-05-30,Riksdagens snabbprotokoll 1993/94:113 Måndagen den 30 maj,138,0,2026-10-06
GH09114,1993/94,114,1994-05-31,Riksdagens snabbprotokoll 1993/94:114 Tisdagen den 31 maj,254,10,2026-10-06
GH09115,1993/94,115,1994-06-01,Riksdagens snabbprotokoll 1993/94:115 Onsdagen den 1 juni,173,40,2026-10-06
GH09118,1993/94,118,1994-06-06,Riksdagens snabbprotokoll 1993/94:118 Måndagen den 6 juni,0,0,2026-10-06
GH09117,1993/94,117,1994-06-03,Riksdagens snabbprotokoll 1993/94:117 Fredagen den 3 juni,154,1,2026-10-06
GH09116,1993/94,116,1994-06-02,Riksdagens snabbprotokoll 1993/94:116 Torsdagen den 2 juni,184,0,2026-10-06
GH09119,1993/94,119,1994-06-07,Riksdagens snabbprotokoll 1993/94:119 Tisdagen den 7 juni,217,2,2026-10-06
GH09120,1993/94,120,1994-06-08,Riksdagens snabbprotokoll 1993/94:120 Onsdagen den 8 juni,121,1,2026-10-06
GH09123,1993/94,123,1994-06-11,Riksdagens snabbprotokoll 1993/94:123 Lördagen den 11 juni,0,0,2026-10-06
GH09121,1993/94,121,1994-06-09,Riksdagens snabbprotokoll 1993/94:121 Torsdagen den 9 juni,212,0,2026-10-06
GH09125,1993/94,125,1994-06-21,Riksdagens snabbprotokoll 1993/94:125 Tisdagen den 21 juni,0,0,2026-10-06
GH09122,1993/94,122,1994-06-10,Riksdagens snabbprotokoll 1993/94:122 Fredagen den 10 juni,171,7,2026-10-06
GI091,1994/95,1,1994-10-03,Riksdagens snabbprotokoll 1994/95:1 Måndagen den 3 oktober,14,0,2026-10-06
GH09124,1993/94,124,1994-06-11,Riksdagens snabbprotokoll 1993/94:124 Lördagen den 11 juni,97,2,2026-10-06
GI092,1994/95,2,1994-10-04,Riksdagens snabbprotokoll 1994/95:2 Tisdagen den 4 oktober,4,0,2026-10-06
GI093,1994/95,3,1994-10-04,Riksdagens snabbprotokoll 1994/95:3 Tisdagen den 4 oktober,4,0,2026-10-06
GI094,1994/95,4,1994-10-05,Riksdagens snabbprotokoll 1994/95:4 Onsdagen den 5 oktober,0,0,2026-10-06
GI095,1994/95,5,1994-10-06,Riksdagens snabbprotokoll 1994/95:5 Torsdagen den 6 oktober,16,0,2026-10-06
GI096,1994/95,6,1994-10-07,Riksdagens snabbprotokoll 1994/95:6 Fredagen den 7 oktober,16,0,2026-10-06
GI098,1994/95,8,1994-10-12,Riksdagens snabbprotokoll 1994/95:8 Onsdagen den 12 oktober,78,0,2026-10-06
GI099,1994/95,9,1994-10-13,Riksdagens snabbprotokoll 1994/95:9 Torsdagen den 13 oktober,0,0,2026-10-06
GI097,1994/95,7,1994-10-11,Riksdagens snabbprotokoll 1994/95:7 Tisdagen den 11 oktober,147,0,2026-10-06
GI0910,1994/95,10,1994-10-18,Riksdagens snabbprotokoll 1994/95:10 Tisdagen den 18 oktober,772,30,2026-10-06
GI0911,1994/95,11,1994-10-19,Riksdagens snabbprotokoll 1994/95:11 Onsdagen den 19 oktober,293,0,2026-10-06
GI0913,1994/95,13,1994-10-21,Riksdagens snabbprotokoll 1994/95:13 Fredagen den 21 oktober,97,3,2026-10-06
GI0915,1994/95,15,1994-10-26,Riksdagens snabbprotokoll 1994/95:15 Onsdagen den 26 oktober,0,1,2026-10-06
GI0914,1994/95,14,1994-10-25,Riksdagens snabbprotokoll 1994/95:14 Tisdagen den 25 oktober,256,0,2026-10-06
GI0912,1994/95,12,1994-10-20,Riksdagens snabbprotokoll 1994/95:12 Torsdagen den 20 oktober,366,2,2026-10-06
GI0916,1994/95,16,1994-10-27,Riksdagens snabbprotokoll 1994/95:16 Torsdagen den 27 oktober,128,0,2026-10-06
GI0918,1994/95,18,1994-11-01,Riksdagens snabbprotokoll 1994/95:18 Tisdagen den 1 november,0,0,2026-10-06
GI0917,1994/95,17,1994-10-28,Riksdagens snabbprotokoll 1994/95:17 Fredagen den 28 oktober,0,0,2026-10-06
GI0919,1994/95,19,1994-11-02,Riksdagens snabbprotokoll 1994/95:19 Onsdagen den 2 november,0,0,2026-10-06
GI0921,1994/95,21,1994-11-14,Riksdagens snabbprotokoll 1994/95:21 Måndagen den 14 november,0,0,2026-10-06
GI0920,1994/95,20,1994-11-04,Riksdagens snabbprotokoll 1994/95:20 Fredagen den 4 november,0,0,2026-10-06
GI0922,1994/95,22,1994-11-15,Riksdagens snabbprotokoll 1994/95:22 Tisdagen den 15 november,217,0,2026-10-06
GI0923,1994/95,23,1994-11-16,Riksdagens snabbprotokoll 1994/95:23 Onsdagen den 16 november,149,0,2026-10-06
GI0924,1994/95,24,1994-11-17,Riksdagens snabbprotokoll 1994/95:24 Torsdagen den 17 november,209,0,2026-10-06
GI0925,1994/95,25,1994-11-18,Riksdagens snabbprotokoll 1994/95:25 Fredagen den 18 november,87,6,2026-10-06
GI0926,1994/95,26,1994-11-21,Riksdagens snabbprotokoll 1994/95:26 Måndagen den 21 november,0,0,2026-10-06
GI0927,1994/95,27,1994-11-22,Riksdagens snabbprotokoll 1994/95:27 Tisdagen den 22 november,313,0,2026-10-06
GI0929,1994/95,29,1994-11-25,Riksdagens snabbprotokoll 1994/95:29 Fredagen den 25 november,56,0,2026-10-06
GI0930,1994/95,30,1994-11-28,Riksdagens snabbprotokoll 1994/95:30 Måndagen den 28 november,14,0,2026-10-06
GI0928,1994/95,28,1994-11-23,Riksdagens snabbprotokoll 1994/95:28 Onsdagen den 23 november,228,0,2026-10-06
GI0931,1994/95,31,1994-11-29,Riksdagens snabbprotokoll 1994/95:31 Tisdagen den 29 november,167,0,2026-10-06
GI0933,1994/95,33,1994-12-01,Riksdagens snabbprotokoll 1994/95:33 Torsdagen den 1 december,40,4,2026-10-06
GI0934,1994/95,34,1994-12-02,Riksdagens snabbprotokoll 1994/95:34 Fredagen den 2 december,0,0,2026-10-06
GI0935,1994/95,35,1994-12-05,Riksdagens snabbprotokoll 1994/95:35 Måndagen den 5 december,14,0,2026-10-06
GI0932,1994/95,32,1994-11-30,Riksdagens snabbprotokoll 1994/95:32 Onsdagen den 30 november,278,2,2026-10-06
GI0936,1994/95,36,1994-12-06,Riksdagens snabbprotokoll 1994/95:36 Tisdagen den 6 december,256,0,2026-10-06
GI0939,1994/95,39,1994-12-09,Riksdagens snabbprotokoll 1994/95:39 Fredagen den 9 december,0,0,2026-10-06
GI0938,1994/95,38,1994-12-08,Riksdagens snabbprotokoll 1994/95:38 Torsdagen den 8 december,173,0,2026-10-06
GI0937,1994/95,37,1994-12-07,Riksdagens snabbprotokoll 1994/95:37 Onsdagen den 7 december,194,1,2026-10-06
GI0940,1994/95,40,1994-12-12,Riksdagens snabbprotokoll 1994/95:40 Måndagen den 12 december,118,3,2026-10-06
GI0941,1994/95,41,1994-12-13,Riksdagens snabbprotokoll 1994/95:41 Tisdagen den 13 december,278,0,2026-10-06
GI0942,1994/95,42,1994-12-14,Riksdagens snabbprotokoll 1994/95:42 Onsdagen den 14 december,370,1,2026-10-06
GI0943,1994/95,43,1994-12-15,Riksdagens snabbprotokoll 1994/95:43 Torsdagen den 15 december,254,0,2026-10-06
GI0944,1994/95,44,1994-12-16,Riksdagens snabbprotokoll 1994/95:44 Fredagen den 16 december,315,0,2026-10-06
GI0947,1994/95,47,1994-12-21,Riksdagens snabbprotokoll 1994/95:47 Onsdagen den 21 december,44,0,2026-10-06
GI0945,1994/95,45,1994-12-19,Riksdagens snabbprotokoll 1994/95:45 Måndagen den 19 december,449,0,2026-10-06
GI0949,1994/95,49,1995-01-11,Riksdagens snabbprotokoll 1994/95:49 Onsdagen den 11 januari,64,0,2026-10-06
GI0948,1994/95,48,1995-01-10,Riksdagens snabbprotokoll 1994/95:48 Tisdagen den 10 januari,38,0,2026-10-06
GI0946,1994/95,46,1994-12-20,Riksdagens snabbprotokoll 1994/95:46 Tisdagen den 20 december,390,8,2026-10-06
GI0951,1994/95,51,1995-01-16,Riksdagens snabbprotokoll 1994/95:51 Måndagen den 16 januari,0,0,2026-10-06
GI0950,1994/95,50,1995-01-12,Riksdagens snabbprotokoll 1994/95:50 Torsdagen den 12 januari,110,0,2026-10-06
GI0952,1994/95,52,1995-01-17,Riksdagens snabbprotokoll 1994/95:52 Tisdagen den 17 januari,157,9,2026-10-06
GI0954,1994/95,54,1995-01-20,Riksdagens snabbprotokoll 1994/95:54 Fredagen den 20 januari,0,0,2026-10-06
GI0953,1994/95,53,1995-01-19,Riksdagens snabbprotokoll 1994/95:53 Torsdagen den 19 januari,126,0,2026-10-06
GI0955,1994/95,55,1995-01-26,Riksdagens snabbprotokoll 1994/95:55 Torsdagen den 26 januari,31,0,2026-10-06
GI0956,1994/95,56,1995-02-07,Riksdagens snabbprotokoll 1994/95:56 Tisdagen den 7 februari,113,1,2026-10-06
GI0958,1994/95,58,1995-02-09,Riksdagens snabbprotokoll 1994/95:58 Torsdagen den 9 februari,165,29,2026-10-06
GI0959,1994/95,59,1995-02-10,Riksdagens snabbprotokoll 1994/95:59 Fredagen den 10 februari,63,2,2026-10-06
GI0960,1994/95,60,1995-02-14,Riksdagens snabbprotokoll 1994/95:60 Tisdagen den 14 februari,116,0,2026-10-06
GI0961,1994/95,61,1995-02-16,Riksdagens snabbprotokoll 1994/95:61 Torsdagen den 16 februari,93,1,2026-10-06
GI0957,1994/95,57,1995-02-08,Riksdagens snabbprotokoll 1994/95:57 Onsdagen den 8 februari,307,2,2026-10-06
GI0962,1994/95,62,1995-02-17,Riksdagens snabbprotokoll 1994/95:62 Fredagen den 17 februari,41,0,2026-10-06
GI0963,1994/95,63,1995-02-21,Riksdagens snabbprotokoll 1994/95:63 Tisdagen den 21 februari,58,0,2026-10-06
GI0965,1994/95,65,1995-02-23,Riksdagens snabbprotokoll 1994/95:65 Torsdagen den 23 februari,15,0,2026-10-06
GI0966,1994/95,66,1995-02-24,Riksdagens snabbprotokoll 1994/95:66 Fredagen den 24 februari,0,0,2026-10-06
GI0967,1994/95,67,1995-03-06,Riksdagens snabbprotokoll 1994/95:67 Måndagen den 6 mars,0,0,2026-10-06
GI0964,1994/95,64,1995-02-22,Riksdagens snabbprotokoll 1994/95:64 Onsdagen den 22 februari,177,0,2026-10-06
GI0968,1994/95,68,1995-03-07,Riksdagens snabbprotokoll 1994/95:68 Tisdagen den 7 mars,144,0,2026-10-06
GI0970,1994/95,70,1995-03-09,Riksdagens snabbprotokoll 1994/95:70 Torsdagen den 9 mars,87,0,2026-10-06
GI0971,1994/95,71,1995-03-10,Riksdagens snabbprotokoll 1994/95:71 Fredagen den 10 mars,7,0,2026-10-06
GI0969,1994/95,69,1995-03-08,Riksdagens snabbprotokoll 1994/95:69 Onsdagen den 8 mars,232,6,2026-10-06
GI0972,1994/95,72,1995-03-14,Riksdagens snabbprotokoll 1994/95:72 Tisdagen den 14 mars,120,0,2026-10-06
GI0973,1994/95,73,1995-03-15,Riksdagens snabbprotokoll 1994/95:73 Onsdagen den 15 mars,57,0,2026-10-06
GI0974,1994/95,74,1995-03-16,Riksdagens snabbprotokoll 1994/95:74 Torsdagen den 16 mars,47,0,2026-10-06
GI0975,1994/95,75,1995-03-17,Riksdagens snabbprotokoll 1994/95:75 Fredagen den 17 mars,10,1,2026-10-06
GI0976,1994/95,76,1995-03-21,Riksdagens snabbprotokoll 1994/95:76 Tisdagen den 21 mars,115,0,2026-10-06
GI0977,1994/95,77,1995-03-22,Riksdagens snabbprotokoll 1994/95:77 Onsdagen den 22 mars,122,1,2026-10-06
GI0979,1994/95,79,1995-03-24,Riksdagens snabbprotokoll 1994/95:79 Fredagen den 24 mars,12,0,2026-10-06
GI0978,1994/95,78,1995-03-23,Riksdagens snabbprotokoll 1994/95:78 Torsdagen den 23 mars,12,0,2026-10-06
GI0980,1994/95,80,1995-03-28,Riksdagens snabbprotokoll 1994/95:80 Tisdagen den 28 mars,149,2,2026-10-06
GI0983,1994/95,83,1995-03-31,Riksdagens snabbprotokoll 1994/95:83 Fredagen den 31 mars,36,1,2026-10-06
GI0982,1994/95,82,1995-03-30,Riksdagens snabbprotokoll 1994/95:82 Torsdagen den 30 mars,248,4,2026-10-06
GI0981,1994/95,81,1995-03-29,Riksdagens snabbprotokoll 1994/95:81 Onsdagen den 29 mars,217,8,2026-10-06
GI0984,1994/95,84,1995-04-03,Riksdagens snabbprotokoll 1994/95:84 Måndagen den 3 april,43,0,2026-10-06
GI0985,1994/95,85,1995-04-04,Riksdagens snabbprotokoll 1994/95:85 Tisdagen den 4 april,107,0,2026-10-06
GI0988,1994/95,88,1995-04-07,Riksdagens snabbprotokoll 1994/95:88 Fredagen den 7 april,50,0,2026-10-06
GI0986,1994/95,86,1995-04-05,Riksdagens snabbprotokoll 1994/95:86 Onsdagen den 5 april,177,0,2026-10-06
GI0987,1994/95,87,1995-04-06,Riksdagens snabbprotokoll 1994/95:87 Torsdagen den 6 april,206,1,2026-10-06
GI0989,1994/95,89,1995-04-18,Riksdagens snabbprotokoll 1994/95:89 Tisdagen den 18 april,135,0,2026-10-06
GI0990,1994/95,90,1995-04-19,Riksdagens snabbprotokoll 1994/95:90 Onsdagen den 19 april,189,13,2026-10-06
GI0992,1994/95,92,1995-04-21,Riksdagens snabbprotokoll 1994/95:92 Fredagen den 21 april,96,1,2026-10-06
GI0991,1994/95,91,1995-04-20,Riksdagens snabbprotokoll 1994/95:91 Torsdagen den 20 april,253,0,2026-10-06
GI0993,1994/95,93,1995-04-24,Riksdagens snabbprotokoll 1994/95:93 Måndagen den 24 april,38,1,2026-10-06
GI0994,1994/95,94,1995-04-25,Riksdagens snabbprotokoll 1994/95:94 Tisdagen den 25 april,37,0,2026-10-06
GI0996,1994/95,96,1995-04-27,Riksdagens snabbprotokoll 1994/95:96 Torsdagen den 27 april,154,0,2026-10-06
GI0997,1994/95,97,1995-04-28,Riksdagens snabbprotokoll 1994/95:97 Fredagen den 28 april,57,0,2026-10-06
GI0998,1994/95,98,1995-05-02,Riksdagens snabbprotokoll 1994/95:98 Tisdagen den 2 maj,61,0,2026-10-06
GI0995,1994/95,95,1995-04-26,Riksdagens snabbprotokoll 1994/95:95 Onsdagen den 26 april,229,4,2026-10-06
GI0999,1994/95,99,1995-05-03,Riksdagens snabbprotokoll 1994/95:99 Onsdagen den 3 maj,120,35,2026-10-06
GI09101,1994/95,101,1995-05-09,Riksdagens snabbprotokoll 1994/95:101 Tisdagen den 9 maj,109,0,2026-10-06
GI09100,1994/95,100,1995-05-08,Riksdagens snabbprotokoll 1994/95:100 Måndagen den 8 maj,86,6,2026-10-06
GI09102,1994/95,102,1995-05-10,Riksdagens snabbprotokoll 1994/95:102 Onsdagen den 10 maj,147,0,2026-10-06
GI09104,1994/95,104,1995-05-12,Riksdagens snabbprotokoll 1994/95:104 Fredagen den 12 maj,59,3,2026-10-06
GI09103,1994/95,103,1995-05-11,Riksdagens snabbprotokoll 1994/95:103 Torsdagen den 11 maj,122,0,2026-10-06
GI09105,1994/95,105,1995-05-15,Riksdagens snabbprotokoll 1994/95:105 Måndagen den 15 maj,84,1,2026-10-06
GI09106,1994/95,106,1995-05-16,Riksdagens snabbprotokoll 1994/95:106 Tisdagen den 16 maj,80,0,2026-10-06
GI09107,1994/95,107,1995-05-17,Riksdagens snabbprotokoll 1994/95:107 Onsdagen den 17 maj,213,3,2026-10-06
GI09109,1994/95,109,1995-05-19,Riksdagens snabbprotokoll 1994/95:109 Fredagen den 19 maj,84,0,2026-10-06
GI09108,1994/95,108,1995-05-18,Riksdagens snabbprotokoll 1994/95:108 Torsdagen den 18 maj,273,0,2026-10-06
GI09111,1994/95,111,1995-05-30,Riksdagens snabbprotokoll 1994/95:111 Tisdagen den 30 maj,239,2,2026-10-06
GI09110,1994/95,110,1995-05-29,Riksdagens snabbprotokoll 1994/95:110 Måndagen den 29 maj,133,7,2026-10-06
GI09112,1994/95,112,1995-05-31,Riksdagens snabbprotokoll 1994/95:112 Onsdagen den 31 maj,201,1,2026-10-06
GI09113,1994/95,113,1995-06-01,Riksdagens snabbprotokoll 1994/95:113 Torsdagen den 1 juni,235,0,2026-10-06
GI09114,1994/95,114,1995-06-02,Riksdagens snabbprotokoll 1994/95:114 Fredagen den 2 juni,128,106,2026-10-06
GI09115,1994/95,115,1995-06-07,Riksdagens snabbprotokoll 1994/95:115 Onsdagen den 7 juni,232,0,2026-10-06
GI09117,1994/95,117,1995-06-09,Riksdagens snabbprotokoll 1994/95:117 Fredagen den 9 juni,85,0,2026-10-06
GI09118,1994/95,118,1995-06-12,Riksdagens snabbprotokoll 1994/95:118 Måndagen den 12 juni,119,15,2026-10-06
GI09116,1994/95,116,1995-06-08,Riksdagens snabbprotokoll 1994/95:116 Torsdagen den 8 juni,184,0,2026-10-06
GI09119,1994/95,119,1995-06-13,Riksdagens snabbprotokoll 1994/95:119 Tisdagen den 13 juni,132,2,2026-10-06
GI09121,1994/95,121,1995-06-15,Riksdagens snabbprotokoll 1994/95:121 Torsdagen den 15 juni,51,1,2026-10-06
GI09122,1994/95,122,1995-06-15,Riksdagens snabbprotokoll 1994/95:122 Torsdagen den 15 juni,3,0,2026-10-06
GI09123,1994/95,123,1995-06-30,Riksdagens protokoll 1994/95:123 Fredagen den 30 juni,0,0,2026-10-06
GI09120,1994/95,120,1995-06-14,Riksdagens snabbprotokoll 1994/95:120 Onsdagen den 14 juni,127,2,2026-10-06
GJ091,1995/96,1,1995-10-03,Riksdagens snabbprotokoll 1995/96:1 Tisdagen den 3 oktober,0,0,2026-10-06
GJ092,1995/96,2,1995-10-03,Riksdagens snabbprotokoll 1995/96:2 Tisdagen den 3 oktober,3,1,2026-10-06
GJ093,1995/96,3,1995-10-04,Riksdagens snabbprotokoll 1995/96:3 Onsdagen den 4 oktober,61,0,2026-10-06
GJ094,1995/96,4,1995-10-05,Riksdagens snabbprotokoll 1995/96:4 Torsdagen den 5 oktober,40,0,2026-10-06
GJ095,1995/96,5,1995-10-10,Riksdagens snabbprotokoll 1995/96:5 Tisdagen den 10 oktober,82,0,2026-10-06
GJ096,1995/96,6,1995-10-11,Riksdagens snabbprotokoll 1995/96:6 Onsdagen den 11 oktober,210,1,2026-10-06
GJ098,1995/96,8,1995-10-13,Riksdagens snabbprotokoll 1995/96:8 Fredagen den 13 oktober,93,2,2026-10-06
GJ097,1995/96,7,1995-10-12,Riksdagens snabbprotokoll 1995/96:7 Torsdagen den 12 oktober,204,5,2026-10-06
GJ0910,1995/96,10,1995-10-18,Riksdagens snabbprotokoll 1995/96:10 Onsdagen den 18 oktober,0,0,2026-10-06
GJ099,1995/96,9,1995-10-17,Riksdagens snabbprotokoll 1995/96:9 Tisdagen den 17 oktober,73,1,2026-10-06
GJ0912,1995/96,12,1995-10-20,Riksdagens snabbprotokoll 1995/96:12 Fredagen den 20 oktober,0,0,2026-10-06
GJ0911,1995/96,11,1995-10-19,Riksdagens snabbprotokoll 1995/96:11 Torsdagen den 19 oktober,69,0,2026-10-06
GJ0913,1995/96,13,1995-10-23,Riksdagens snabbprotokoll 1995/96:13 Måndagen den 23 oktober,0,0,2026-10-06
GJ0916,1995/96,16,1995-10-27,Riksdagens snabbprotokoll 1995/96:16 Fredagen den 27 oktober,0,0,2026-10-06
GJ0915,1995/96,15,1995-10-26,Riksdagens snabbprotokoll 1995/96:15 Torsdagen den 26 oktober,39,0,2026-10-06
GJ0917,1995/96,17,1995-11-06,Riksdagens snabbprotokoll 1995/96:17 Måndagen den 6 november,1,0,2026-10-06
GJ0914,1995/96,14,1995-10-25,Riksdagens snabbprotokoll 1995/96:14 Onsdagen den 25 oktober,43,0,2026-10-06
GJ0920,1995/96,20,1995-11-09,Riksdagens snabbprotokoll 1995/96:20 Torsdagen den 9 november,20,3,2026-10-06
GJ0918,1995/96,18,1995-11-07,Riksdagens snabbprotokoll 1995/96:18 Tisdagen den 7 november,222,11,2026-10-06
GJ0919,1995/96,19,1995-11-08,Riksdagens snabbprotokoll 1995/96:19 Onsdagen den 8 november,172,0,2026-10-06
GJ0921,1995/96,21,1995-11-10,Riksdagens snabbprotokoll 1995/96:21 Fredagen den 10 november,24,0,2026-10-06
GJ0922,1995/96,22,1995-11-14,Riksdagens snabbprotokoll 1995/96:22 Tisdagen den 14 november,137,0,2026-10-06
GJ0923,1995/96,23,1995-11-15,Riksdagens snabbprotokoll 1995/96:23 Onsdagen den 15 november,109,0,2026-10-06
GJ0925,1995/96,25,1995-11-17,Riksdagens snabbprotokoll 1995/96:25 Fredagen den 17 november,25,0,2026-10-06
GJ0924,1995/96,24,1995-11-16,Riksdagens snabbprotokoll 1995/96:24 Torsdagen den 16 november,139,2,2026-10-06
GJ0926,1995/96,26,1995-11-21,Riksdagens snabbprotokoll 1995/96:26 Tisdagen den 21 november,158,0,2026-10-06
GJ0929,1995/96,29,1995-11-24,Riksdagens snabbprotokoll 1995/96:29 Fredagen den 24 november,24,0,2026-10-06
GJ0927,1995/96,27,1995-11-22,Riksdagens snabbprotokoll 1995/96:27 Onsdagen den 22 november,250,43,2026-10-06
GJ0928,1995/96,28,1995-11-23,Riksdagens snabbprotokoll 1995/96:28 Torsdagen den 23 november,146,0,2026-10-06
GJ0930,1995/96,30,1995-12-04,Riksdagens snabbprotokoll 1995/96:30 Måndagen den 4 december,35,0,2026-10-06
GJ0931,1995/96,31,1995-12-05,Riksdagens snabbprotokoll 1995/96:31 Tisdagen den 5 december,164,0,2026-10-06
GJ0933,1995/96,33,1995-12-07,Riksdagens snabbprotokoll 1995/96:33 Torsdagen den 7 december,134,0,2026-10-06
GJ0935,1995/96,35,1995-12-11,Riksdagens snabbprotokoll 1995/96:35 Måndagen den 11 december,41,0,2026-10-06
GJ0934,1995/96,34,1995-12-08,Riksdagens snabbprotokoll 1995/96:34 Fredagen den 8 december,91,0,2026-10-06
GJ0932,1995/96,32,1995-12-06,Riksdagens snabbprotokoll 1995/96:32 Onsdagen den 6 december,205,0,2026-10-06
GJ0936,1995/96,36,1995-12-12,Riksdagens snabbprotokoll 1995/96:36 Tisdagen den 12 december,58,1,2026-10-06
GJ0938,1995/96,38,1995-12-14,Riksdagens snabbprotokoll 1995/96:38 Torsdagen den 14 december,138,1,2026-10-06
GJ0937,1995/96,37,1995-12-13,Riksdagens snabbprotokoll 1995/96:37 Onsdagen den 13 december,211,10,2026-10-06
GJ0939,1995/96,39,1995-12-15,Riksdagens snabbprotokoll 1995/96:39 Fredagen den 15 december,104,1,2026-10-06
GJ0940,1995/96,40,1995-12-18,Riksdagens snabbprotokoll 1995/96:40 Måndagen den 18 december,142,6,2026-10-06
GJ0942,1995/96,42,1996-01-22,Riksdagens snabbprotokoll 1995/96:42 Måndagen den 22 januari,0,0,2026-10-06
GJ0943,1995/96,43,1996-01-23,Riksdagens snabbprotokoll 1995/96:43 Tisdagen den 23 januari,60,0,2026-10-06
GJ0945,1995/96,45,1996-01-25,Riksdagens snabbprotokoll 1995/96:45 Torsdagen den 25 januari,14,0,2026-10-06
GJ0941,1995/96,41,1995-12-19,Riksdagens snabbprotokoll 1995/96:41 Tisdagen den 19 december,222,2,2026-10-06
GJ0944,1995/96,44,1996-01-24,Riksdagens snabbprotokoll 1995/96:44 Onsdagen den 24 januari,60,0,2026-10-06
GJ0946,1995/96,46,1996-01-26,Riksdagens snabbprotokoll 1995/96:46 Fredagen den 26 januari,18,0,2026-10-06
GJ0947,1995/96,47,1996-01-30,Riksdagens snabbprotokoll 1995/96:47 Tisdagen den 30 januari,72,9,2026-10-06
GJ0948,1995/96,48,1996-01-31,Riksdagens snabbprotokoll 1995/96:48 Onsdagen den 31 januari,131,0,2026-10-06
GJ0950,1995/96,50,1996-02-06,Riksdagens snabbprotokoll 1995/96:50 Tisdagen den 6 februari,55,2,2026-10-06
GJ0951,1995/96,51,1996-02-07,Riksdagens snabbprotokoll 1995/96:51 Onsdagen den 7 februari,0,0,2026-10-06
GJ0949,1995/96,49,1996-02-01,Riksdagens snabbprotokoll 1995/96:49 Torsdagen den 1 februari,171,2,2026-10-06
GJ0953,1995/96,53,1996-02-09,Riksdagens snabbprotokoll 1995/96:53 Fredagen den 9 februari,22,0,2026-10-06
GJ0952,1995/96,52,1996-02-08,Riksdagens snabbprotokoll 1995/96:52 Torsdagen den 8 februari,192,0,2026-10-06
GJ0954,1995/96,54,1996-02-13,Riksdagens snabbprotokoll 1995/96:54 Tisdagen den 13 februari,46,0,2026-10-06
GJ0957,1995/96,57,1996-02-16,Riksdagens snabbprotokoll 1995/96:57 Fredagen den 16 februari,0,0,2026-10-06
GJ0956,1995/96,56,1996-02-15,Riksdagens snabbprotokoll 1995/96:56 Torsdagen den 15 februari,171,8,2026-10-06
GJ0955,1995/96,55,1996-02-14,Riksdagens snabbprotokoll 1995/96:55 Onsdagen den 14 februari,172,1,2026-10-06
GJ0958,1995/96,58,1996-02-20,Riksdagens snabbprotokoll 1995/96:58 Tisdagen den 20 februari,56,0,2026-10-06
GJ0959,1995/96,59,1996-02-21,Riksdagens snabbprotokoll 1995/96:59 Onsdagen den 21 februari,161,0,2026-10-06
GJ0961,1995/96,61,1996-02-23,Riksdagens snabbprotokoll 1995/96:61 Fredagen den 23 februari,14,0,2026-10-06
GJ0962,1995/96,62,1996-03-04,Riksdagens snabbprotokoll 1995/96:62 Måndagen den 4 mars,0,0,2026-10-06
GJ0960,1995/96,60,1996-02-22,Riksdagens snabbprotokoll 1995/96:60 Torsdagen den 22 februari,177,0,2026-10-06
GJ0963,1995/96,63,1996-03-05,Riksdagens snabbprotokoll 1995/96:63 Tisdagen den 5 mars,33,1,2026-10-06
GJ0965,1995/96,65,1996-03-07,Riksdagens snabbprotokoll 1995/96:65 Torsdagen den 7 mars,159,0,2026-10-06
GJ0966,1995/96,66,1996-03-08,Riksdagens snabbprotokoll 1995/96:66 Fredagen den 8 mars,13,0,2026-10-06
GJ0964,1995/96,64,1996-03-06,Riksdagens snabbprotokoll 1995/96:64 Onsdagen den 6 mars,191,1,2026-10-06
GJ0967,1995/96,67,1996-03-12,Riksdagens snabbprotokoll 1995/96:67 Tisdagen den 12 mars,45,0,2026-10-06
GJ0968,1995/96,68,1996-03-13,Riksdagens snabbprotokoll 1995/96:68 Onsdagen den 13 mars,90,1,2026-10-06
GJ0969,1995/96,69,1996-03-14,Riksdagens snabbprotokoll 1995/96:69 Torsdagen den 14 mars,132,0,2026-10-06
GJ0970,1995/96,70,1996-03-15,Riksdagens snabbprotokoll 1995/96:70 Fredagen den 15 mars,7,0,2026-10-06
GJ0971,1995/96,71,1996-03-19,Riksdagens snabbprotokoll 1995/96:71 Tisdagen den 19 mars,2,0,2026-10-06
GJ0972,1995/96,72,1996-03-20,Riksdagens snabbprotokoll 1995/96:72 Onsdagen den 20 mars,0,0,2026-10-06
GJ0973,1995/96,73,1996-03-21,Riksdagens snabbprotokoll 1995/96:73 Torsdagen den 21 mars,8,0,2026-10-06
GJ0974,1995/96,74,1996-03-22,Riksdagens snabbprotokoll 1995/96:74 Fredagen den 22 mars,2,0,2026-10-06
GJ0975,1995/96,75,1996-03-26,Riksdagens snabbprotokoll 1995/96:75 Tisdagen den 26 mars,0,0,2026-10-06
GJ0978,1995/96,78,1996-03-29,Riksdagens snabbprotokoll 1995/96:78 Fredagen den 29 mars,108,0,2026-10-06
GJ0976,1995/96,76,1996-03-27,Riksdagens snabbprotokoll 1995/96:76 Onsdagen den 27 mars,220,1,2026-10-06
GJ0979,1995/96,79,1996-04-15,Riksdagens snabbprotokoll 1995/96:79 Måndagen den 15 april,0,0,2026-10-06
GJ0977,1995/96,77,1996-03-28,Riksdagens snabbprotokoll 1995/96:77 Torsdagen den 28 mars,263,0,2026-10-06
GJ0980,1995/96,80,1996-04-16,Riksdagens snabbprotokoll 1995/96:80 Tisdagen den 16 april,97,0,2026-10-06
GJ0982,1995/96,82,1996-04-18,Riksdagens snabbprotokoll 1995/96:82 Torsdagen den 18 april,157,0,2026-10-06
GJ0981,1995/96,81,1996-04-17,Riksdagens snabbprotokoll 1995/96:81 Onsdagen den 17 april,112,0,2026-10-06
GJ0983,1995/96,83,1996-04-19,Riksdagens snabbprotokoll 1995/96:83 Fredagen den 19 april,109,2,2026-10-06
GJ0984,1995/96,84,1996-04-23,Riksdagens snabbprotokoll 1995/96:84 Tisdagen den 23 april,69,2,2026-10-06
GJ0985,1995/96,85,1996-04-24,Riksdagens snabbprotokoll 1995/96:85 Onsdagen den 24 april,13,0,2026-10-06
GJ0986,1995/96,86,1996-04-25,Riksdagens snabbprotokoll 1995/96:86 Torsdagen den 25 april,129,0,2026-10-06
GJ0988,1995/96,88,1996-04-29,Riksdagens snabbprotokoll 1995/96:88 Måndagen den 29 april,0,0,2026-10-06
GJ0987,1995/96,87,1996-04-26,Riksdagens snabbprotokoll 1995/96:87 Fredagen den 26 april,41,2,2026-10-06
GJ0990,1995/96,90,1996-05-03,Riksdagens snabbprotokoll 1995/96:90 Fredagen den 3 maj,38,0,2026-10-06
GJ0991,1995/96,91,1996-05-06,Riksdagens snabbprotokoll 1995/96:91 Måndagen den 6 maj,22,1,2026-10-06
GJ0992,1995/96,92,1996-05-07,Riksdagens snabbprotokoll 1995/96:92 Tisdagen den 7 maj,32,0,2026-10-06
GJ0989,1995/96,89,1996-05-02,Riksdagens snabbprotokoll 1995/96:89 Torsdagen den 2 maj,234,4,2026-10-06
GJ0994,1995/96,94,1996-05-09,Riksdagens snabbprotokoll 1995/96:94 Torsdagen den 9 maj,114,1,2026-10-06
GJ0995,1995/96,95,1996-05-20,Riksdagens snabbprotokoll 1995/96:95 Måndagen den 20 maj,43,0,2026-10-06
GJ0993,1995/96,93,1996-05-08,Riksdagens snabbprotokoll 1995/96:93 Onsdagen den 8 maj,175,66,2026-10-06
GJ0996,1995/96,96,1996-05-21,Riksdagens snabbprotokoll 1995/96:96 Tisdagen den 21 maj,39,1,2026-10-06
GJ0998,1995/96,98,1996-05-23,Riksdagens snabbprotokoll 1995/96:98 Torsdagen den 23 maj,174,0,2026-10-06
GJ0999,1995/96,99,1996-05-24,Riksdagens snabbprotokoll 1995/96:99 Fredagen den 24 maj,80,0,2026-10-06
GJ0997,1995/96,97,1996-05-22,Riksdagens snabbprotokoll 1995/96:97 Onsdagen den 22 maj,235,1,2026-10-06
GJ09100,1995/96,100,1996-05-28,Riksdagens snabbprotokoll 1995/96:100 Tisdagen den 28 maj,33,13,2026-10-06
GJ09102,1995/96,102,1996-05-30,Riksdagens snabbprotokoll 1995/96:102 Torsdagen den 30 maj,133,13,2026-10-06
GJ09101,1995/96,101,1996-05-29,Riksdagens snabbprotokoll 1995/96:101 Onsdagen den 29 maj,210,2,2026-10-06
GJ09103,1995/96,103,1996-05-31,Riksdagens snabbprotokoll 1995/96:103 Fredagen den 31 maj,135,1,2026-10-06
GJ09104,1995/96,104,1996-06-03,Riksdagens snabbprotokoll 1995/96:104 Måndagen den 3 juni,188,1,2026-10-06
GJ09107,1995/96,107,1996-06-07,Riksdagens snabbprotokoll 1995/96:107 Fredagen den 7 juni,0,0,2026-10-06
GJ09105,1995/96,105,1996-06-04,Riksdagens snabbprotokoll 1995/96:105 Tisdagen den 4 juni,107,0,2026-10-06
GJ09106,1995/96,106,1996-06-05,Riksdagens snabbprotokoll 1995/96:106 Onsdagen den 5 juni,93,11,2026-10-06
GJ09110,1995/96,110,1996-06-12,Riksdagens snabbprotokoll 1995/96:110 Onsdagen den 12 juni,36,0,2026-10-06
GJ09108,1995/96,108,1996-06-10,Riksdagens snabbprotokoll 1995/96:108 Måndagen den 10 juni,107,0,2026-10-06
GJ09111,1995/96,111,1996-06-13,Riksdagens snabbprotokoll 1995/96:111 Torsdagen den 13 juni,0,0,2026-10-06
GJ09112,1995/96,112,1996-06-19,Riksdagens snabbprotokoll 1995/96:112 Onsdagen den 19 juni,0,0,2026-10-06
GJ09113,1995/96,113,1996-07-10,Riksdagens snabbprotokoll 1995/96:113 Onsdagen den 10 juli,0,0,2026-10-06
GJ09109,1995/96,109,1996-06-11,Riksdagens snabbprotokoll 1995/96:109 Tisdagen den 11 juni,292,5,2026-10-06
GJ09114,1995/96,114,1996-07-11,Riksdagens snabbprotokoll 1995/96:114 Torsdagen den 11 juli,1,0,2026-10-06
GJ09116,1995/96,116,1996-07-24,Riksdagens protokoll 1995/96:116 Onsdagen den 24 juli,0,0,2026-10-06
GK091,1996/97,1,1996-09-17,Riksdagens snabbprotokoll 1996/97:1 Tisdagen den 17 september,1,0,2026-10-06
GK092,1996/97,2,1996-09-17,Riksdagens snabbprotokoll 1996/97:2 Tisdagen den 17 september,3,1,2026-10-06
GK093,1996/97,3,1996-09-19,Riksdagens snabbprotokoll 1996/97:3 Torsdagen den 19 september,93,1,2026-10-06
GJ09115,1995/96,115,1996-07-12,Riksdagens snabbprotokoll 1995/96:115 Fredagen den 12 juli,272,2,2026-10-06
GK094,1996/97,4,1996-09-20,Riksdagens snabbprotokoll 1996/97:4 Fredagen den 20 september,45,1,2026-10-06
GK095,1996/97,5,1996-09-24,Riksdagens snabbprotokoll 1996/97:5 Tisdagen den 24 september,1,0,2026-10-06
GK097,1996/97,7,1996-09-27,Riksdagens snabbprotokoll 1996/97:7 Fredagen den 27 september,0,0,2026-10-06
GK096,1996/97,6,1996-09-26,Riksdagens snabbprotokoll 1996/97:6 Torsdagen den 26 september,65,0,2026-10-06
GK098,1996/97,8,1996-10-02,Riksdagens snabbprotokoll 1996/97:8 Onsdagen den 2 oktober,6,0,2026-10-06
GK0910,1996/97,10,1996-10-04,Riksdagens snabbprotokoll 1996/97:10 Fredagen den 4 oktober,0,0,2026-10-06
GK099,1996/97,9,1996-10-03,Riksdagens snabbprotokoll 1996/97:9 Torsdagen den 3 oktober,104,2,2026-10-06
GK0911,1996/97,11,1996-10-08,Riksdagens snabbprotokoll 1996/97:11 Tisdagen den 8 oktober,24,0,2026-10-06
GK0913,1996/97,13,1996-10-10,Riksdagens snabbprotokoll 1996/97:13 Torsdagen den 10 oktober,107,0,2026-10-06
GK0914,1996/97,14,1996-10-11,Riksdagens snabbprotokoll 1996/97:14 Fredagen den 11 oktober,17,2,2026-10-06
GK0915,1996/97,15,1996-10-21,Riksdagens snabbprotokoll 1996/97:15 Måndagen den 21 oktober,0,1,2026-10-06
GK0912,1996/97,12,1996-10-09,Riksdagens snabbprotokoll 1996/97:12 Onsdagen den 9 oktober,158,1,2026-10-06
GK0916,1996/97,16,1996-10-22,Riksdagens snabbprotokoll 1996/97:16 Tisdagen den 22 oktober,0,0,2026-10-06
GK0918,1996/97,18,1996-10-24,Riksdagens snabbprotokoll 1996/97:18 Torsdagen den 24 oktober,113,0,2026-10-06
GK0919,1996/97,19,1996-10-25,Riksdagens snabbprotokoll 1996/97:19 Fredagen den 25 oktober,0,0,2026-10-06
GK0920,1996/97,20,1996-10-29,Riksdagens snabbprotokoll 1996/97:20 Tisdagen den 29 oktober,58,0,2026-10-06
GK0921,1996/97,21,1996-10-30,Riksdagens snabbprotokoll 1996/97:21 Onsdagen den 30 oktober,21,1,2026-10-06
GK0917,1996/97,17,1996-10-23,Riksdagens snabbprotokoll 1996/97:17 Onsdagen den 23 oktober,245,0,2026-10-06
GK0923,1996/97,23,1996-11-01,Riksdagens snabbprotokoll 1996/97:23 Fredagen den 1 november,0,0,2026-10-06
GK0924,1996/97,24,1996-11-05,Riksdagens snabbprotokoll 1996/97:24 Tisdagen den 5 november,13,0,2026-10-06
GK0922,1996/97,22,1996-10-31,Riksdagens snabbprotokoll 1996/97:22 Torsdagen den 31 oktober,121,0,2026-10-06
GK0927,1996/97,27,1996-11-08,Riksdagens snabbprotokoll 1996/97:27 Fredagen den 8 november,13,0,2026-10-06
GK0928,1996/97,28,1996-11-18,Riksdagens snabbprotokoll 1996/97:28 Måndagen den 18 november,0,0,2026-10-06
GK0926,1996/97,26,1996-11-07,Riksdagens snabbprotokoll 1996/97:26 Torsdagen den 7 november,176,2,2026-10-06
GK0925,1996/97,25,1996-11-06,Riksdagens snabbprotokoll 1996/97:25 Onsdagen den 6 november,157,1,2026-10-06
GK0929,1996/97,29,1996-11-19,Riksdagens snabbprotokoll 1996/97:29 Tisdagen den 19 november,107,0,2026-10-06
GK0930,1996/97,30,1996-11-20,Riksdagens snabbprotokoll 1996/97:30 Onsdagen den 20 november,178,4,2026-10-06
GK0931,1996/97,31,1996-11-21,Riksdagens snabbprotokoll 1996/97:31 Torsdagen den 21 november,204,9,2026-10-06
GK0932,1996/97,32,1996-11-22,Riksdagens snabbprotokoll 1996/97:32 Fredagen den 22 november,138,2,2026-10-06
GK0933,1996/97,33,1996-11-26,Riksdagens snabbprotokoll 1996/97:33 Tisdagen den 26 november,75,0,2026-10-06
GK0936,1996/97,36,1996-11-29,Riksdagens snabbprotokoll 1996/97:36 Fredagen den 29 november,44,0,2026-10-06
GK0934,1996/97,34,1996-11-27,Riksdagens snabbprotokoll 1996/97:34 Onsdagen den 27 november,107,7,2026-10-06
GK0935,1996/97,35,1996-11-28,Riksdagens snabbprotokoll 1996/97:35 Torsdagen den 28 november,197,4,2026-10-06
GK0937,1996/97,37,1996-12-03,Riksdagens snabbprotokoll 1996/97:37 Tisdagen den 3 december,74,0,2026-10-06
GK0940,1996/97,40,1996-12-06,Riksdagens snabbprotokoll 1996/97:40 Fredagen den 6 december,75,0,2026-10-06
GK0939,1996/97,39,1996-12-05,Riksdagens snabbprotokoll 1996/97:39 Torsdagen den 5 december,191,34,2026-10-06
GK0938,1996/97,38,1996-12-04,Riksdagens snabbprotokoll 1996/97:38 Onsdagen den 4 december,282,69,2026-10-06
GK0941,1996/97,41,1996-12-09,Riksdagens snabbprotokoll 1996/97:41 Måndagen den 9 december,139,0,2026-10-06
GK0942,1996/97,42,1996-12-10,Riksdagens snabbprotokoll 1996/97:42 Tisdagen den 10 december,156,63,2026-10-06
GK0943,1996/97,43,1996-12-11,Riksdagens snabbprotokoll 1996/97:43 Onsdagen den 11 december,202,0,2026-10-06
GK0944,1996/97,44,1996-12-12,Riksdagens snabbprotokoll 1996/97:44 Torsdagen den 12 december,316,3,2026-10-06
GK0945,1996/97,45,1996-12-13,Riksdagens snabbprotokoll 1996/97:45 Fredagen den 13 december,191,1,2026-10-06
GK0946,1996/97,46,1996-12-16,Riksdagens snabbprotokoll 1996/97:46 Måndagen den 16 december,224,0,2026-10-06
GK0947,1996/97,47,1996-12-17,Riksdagens snabbprotokoll 1996/97:47 Tisdagen den 17 december,235,0,2026-10-06
GK0948,1996/97,48,1996-12-18,Riksdagens snabbprotokoll 1996/97:48 Onsdagen den 18 december,285,1,2026-10-06
GK0951,1996/97,51,1996-12-20,Riksdagens snabbprotokoll 1996/97:51 Fredagen den 20 december,1,0,2026-10-06
GK0949,1996/97,49,1996-12-19,Riksdagens snabbprotokoll 1996/97:49 Torsdagen den 19 december,256,4,2026-10-06
GK0950,1996/97,50,1996-12-20,Riksdagens snabbprotokoll 1996/97:50 Fredagen den 20 december,155,2,2026-10-06
GK0952,1996/97,52,1997-01-21,Riksdagens snabbprotokoll 1996/97:52 Tisdagen den 21 januari,50,1,2026-10-06
GK0955,1996/97,55,1997-01-28,Riksdagens snabbprotokoll 1996/97:55 Tisdagen den 28 januari,52,3,2026-10-06
GK0954,1996/97,54,1997-01-23,Riksdagens snabbprotokoll 1996/97:54 Torsdagen den 23 januari,213,0,2026-10-06
GK0956,1996/97,56,1997-01-29,Riksdagens snabbprotokoll 1996/97:56 Onsdagen den 29 januari,25,0,2026-10-06
GK0953,1996/97,53,1997-01-22,Riksdagens snabbprotokoll 1996/97:53 Onsdagen den 22 januari,260,5,2026-10-06
GK0958,1996/97,58,1997-01-31,Riksdagens snabbprotokoll 1996/97:58 Fredagen den 31 januari,0,0,2026-10-06
GK0957,1996/97,57,1997-01-30,Riksdagens snabbprotokoll 1996/97:57 Torsdagen den 30 januari,110,0,2026-10-06
GK0959,1996/97,59,1997-02-04,Riksdagens snabbprotokoll 1996/97:59 Tisdagen den 4 februari,69,0,2026-10-06
GK0961,1996/97,61,1997-02-06,Riksdagens snabbprotokoll 1996/97:61 Torsdagen den 6 februari,108,0,2026-10-06
GK0962,1996/97,62,1997-02-07,Riksdagens snabbprotokoll 1996/97:62 Fredagen den 7 februari,0,0,2026-10-06
GK0960,1996/97,60,1997-02-05,Riksdagens snabbprotokoll 1996/97:60 Onsdagen den 5 februari,162,6,2026-10-06
GK0963,1996/97,63,1997-02-11,Riksdagens snabbprotokoll 1996/97:63 Tisdagen den 11 februari,21,8,2026-10-06
GK0964,1996/97,64,1997-02-12,Riksdagens snabbprotokoll 1996/97:64 Onsdagen den 12 februari,142,0,2026-10-06
GK0965,1996/97,65,1997-02-13,Riksdagens snabbprotokoll 1996/97:65 Torsdagen den 13 februari,136,2,2026-10-06
GK0966,1996/97,66,1997-02-14,Riksdagens snabbprotokoll 1996/97:66 Fredagen den 14 februari,84,1,2026-10-06
GK0967,1996/97,67,1997-02-24,Riksdagens snabbprotokoll 1996/97:67 Måndagen den 24 februari,0,0,2026-10-06
GK0968,1996/97,68,1997-02-25,Riksdagens snabbprotokoll 1996/97:68 Tisdagen den 25 februari,93,20,2026-10-06
GK0969,1996/97,69,1997-02-26,Riksdagens snabbprotokoll 1996/97:69 Onsdagen den 26 februari,114,4,2026-10-06
GK0971,1996/97,71,1997-02-28,Riksdagens snabbprotokoll 1996/97:71 Fredagen den 28 februari,25,0,2026-10-06
GK0970,1996/97,70,1997-02-27,Riksdagens snabbprotokoll 1996/97:70 Torsdagen den 27 februari,141,2,2026-10-06
GK0972,1996/97,72,1997-03-04,Riksdagens snabbprotokoll 1996/97:72 Tisdagen den 4 mars,41,0,2026-10-06
GK0975,1996/97,75,1997-03-07,Riksdagens snabbprotokoll 1996/97:75 Fredagen den 7 mars,64,0,2026-10-06
GK0974,1996/97,74,1997-03-06,Riksdagens snabbprotokoll 1996/97:74 Torsdagen den 6 mars,178,2,2026-10-06
GK0976,1996/97,76,1997-03-11,Riksdagens snabbprotokoll 1996/97:76 Tisdagen den 11 mars,39,0,2026-10-06
GK0973,1996/97,73,1997-03-05,Riksdagens snabbprotokoll 1996/97:73 Onsdagen den 5 mars,239,28,2026-10-06
GK0979,1996/97,79,1997-03-14,Riksdagens snabbprotokoll 1996/97:79 Fredagen den 14 mars,0,0,2026-10-06
GK0978,1996/97,78,1997-03-13,Riksdagens snabbprotokoll 1996/97:78 Torsdagen den 13 mars,194,1,2026-10-06
GK0980,1996/97,80,1997-03-18,Riksdagens snabbprotokoll 1996/97:80 Tisdagen den 18 mars,131,0,2026-10-06
GK0982,1996/97,82,1997-03-20,Riksdagens snabbprotokoll 1996/97:82 Torsdagen den 20 mars,167,5,2026-10-06
GK0977,1996/97,77,1997-03-12,Riksdagens snabbprotokoll 1996/97:77 Onsdagen den 12 mars,232,2,2026-10-06
GK0981,1996/97,81,1997-03-19,Riksdagens snabbprotokoll 1996/97:81 Onsdagen den 19 mars,237,38,2026-10-06
GK0984,1996/97,84,1997-04-07,Riksdagens snabbprotokoll 1996/97:84 Måndagen den 7 april,0,0,2026-10-06
GK0983,1996/97,83,1997-03-21,Riksdagens snabbprotokoll 1996/97:83 Fredagen den 21 mars,96,0,2026-10-06
GK0985,1996/97,85,1997-04-08,Riksdagens snabbprotokoll 1996/97:85 Tisdagen den 8 april,70,0,2026-10-06
GK0988,1996/97,88,1997-04-11,Riksdagens snabbprotokoll 1996/97:88 Fredagen den 11 april,6,0,2026-10-06
GK0987,1996/97,87,1997-04-10,Riksdagens snabbprotokoll 1996/97:87 Torsdagen den 10 april,180,3,2026-10-06
GK0986,1996/97,86,1997-04-09,Riksdagens snabbprotokoll 1996/97:86 Onsdagen den 9 april,201,1,2026-10-06
GK0989,1996/97,89,1997-04-15,Riksdagens snabbprotokoll 1996/97:89 Tisdagen den 15 april,45,0,2026-10-06
GK0992,1996/97,92,1997-04-18,Riksdagens snabbprotokoll 1996/97:92 Fredagen den 18 april,7,0,2026-10-06
GK0990,1996/97,90,1997-04-16,Riksdagens snabbprotokoll 1996/97:90 Onsdagen den 16 april,138,0,2026-10-06
GK0991,1996/97,91,1997-04-17,Riksdagens snabbprotokoll 1996/97:91 Torsdagen den 17 april,161,0,2026-10-06
GK0993,1996/97,93,1997-04-22,Riksdagens snabbprotokoll 1996/97:93 Tisdagen den 22 april,34,0,2026-10-06
GK0994,1996/97,94,1997-04-23,Riksdagens snabbprotokoll 1996/97:94 Onsdagen den 23 april,118,0,2026-10-06
GK0995,1996/97,95,1997-04-24,Riksdagens snabbprotokoll 1996/97:95 Torsdagen den 24 april,126,6,2026-10-06
GK0996,1996/97,96,1997-04-25,Riksdagens snabbprotokoll 1996/97:96 Fredagen den 25 april,56,0,2026-10-06
GK0997,1996/97,97,1997-04-29,Riksdagens snabbprotokoll 1996/97:97 Tisdagen den 29 april,108,0,2026-10-06
GK0998,1996/97,98,1997-04-30,Riksdagens snabbprotokoll 1996/97:98 Onsdagen den 30 april,2,0,2026-10-06
GK0999,1996/97,99,1997-05-07,Riksdagens snabbprotokoll 1996/97:99 Onsdagen den 7 maj,0,0,2026-10-06
GK09100,1996/97,100,1997-05-12,Riksdagens snabbprotokoll 1996/97:100 Måndagen den 12 maj,0,0,2026-10-06
GK09101,1996/97,101,1997-05-13,Riksdagens snabbprotokoll 1996/97:101 Tisdagen den 13 maj,37,0,2026-10-06
GK09104,1996/97,104,1997-05-16,Riksdagens snabbprotokoll 1996/97:104 Fredagen den 16 maj,50,0,2026-10-06
GK09103,1996/97,103,1997-05-15,Riksdagens snabbprotokoll 1996/97:103 Torsdagen den 15 maj,195,2,2026-10-06
GK09105,1996/97,105,1997-05-20,Riksdagens snabbprotokoll 1996/97:105 Tisdagen den 20 maj,164,0,2026-10-06
GK09102,1996/97,102,1997-05-14,Riksdagens snabbprotokoll 1996/97:102 Onsdagen den 14 maj,239,0,2026-10-06
GK09107,1996/97,107,1997-05-26,Riksdagens snabbprotokoll 1996/97:107 Måndagen den 26 maj,20,7,2026-10-06
GK09106,1996/97,106,1997-05-21,Riksdagens snabbprotokoll 1996/97:106 Onsdagen den 21 maj,186,0,2026-10-06
GK09108,1996/97,108,1997-05-27,Riksdagens snabbprotokoll 1996/97:108 Tisdagen den 27 maj,60,0,2026-10-06
GK09109,1996/97,109,1997-05-28,Riksdagens snabbprotokoll 1996/97:109 Onsdagen den 28 maj,155,0,2026-10-06
GK09110,1996/97,110,1997-05-29,Riksdagens snabbprotokoll 1996/97:110 Torsdagen den 29 maj,142,0,2026-10-06
GK09111,1996/97,111,1997-05-30,Riksdagens snabbprotokoll 1996/97:111 Fredagen den 30 maj,133,1,2026-10-06
GK09112,1996/97,112,1997-06-02,Riksdagens snabbprotokoll 1996/97:112 Måndagen den 2 juni,121,0,2026-10-06
GK09113,1996/97,113,1997-06-03,Riksdagens snabbprotokoll 1996/97:113 Tisdagen den 3 juni,154,0,2026-10-06
GK09115,1996/97,115,1997-06-05,Riksdagens snabbprotokoll 1996/97:115 Torsdagen den 5 juni,205,1,2026-10-06
GK09114,1996/97,114,1997-06-04,Riksdagens snabbprotokoll 1996/97:114 Onsdagen den 4 juni,246,0,2026-10-06
GK09116,1996/97,116,1997-06-09,Riksdagens snabbprotokoll 1996/97:116 Måndagen den 9 juni,185,0,2026-10-06
GK09117,1996/97,117,1997-06-10,Riksdagens snabbprotokoll 1996/97:117 Tisdagen den 10 juni,222,9,2026-10-06
GK09119,1996/97,119,1997-06-12,Riksdagens snabbprotokoll 1996/97:119 Torsdagen den 12 juni,45,0,2026-10-06
GK09120,1996/97,120,1997-06-30,Riksdagens protokoll 1996/97:120 Måndagen den 30 juni ,0,0,2026-10-06
GL091,1997/98,1,1997-09-16,Riksdagens snabbprotokoll 1997/98:1 Tisdagen den 16 september,1,0,2026-10-06
GK09118,1996/97,118,1997-06-11,Riksdagens snabbprotokoll 1996/97:118 Onsdagen den 11 juni,266,12,2026-10-06
GL092,1997/98,2,1997-09-16,Riksdagens snabbprotokoll 1997/98:2 Tisdagen den 16 september,3,0,2026-10-06
GL093,1997/98,3,1997-09-18,Riksdagens snabbprotokoll 1997/98:3 Torsdagen den 18 september,65,0,2026-10-06
GL095,1997/98,5,1997-09-23,Riksdagens snabbprotokoll 1997/98:5 Tisdagen den 23 september,0,0,2026-10-06
GL094,1997/98,4,1997-09-19,Riksdagens snabbprotokoll 1997/98:4 Fredagen den 19 september,36,0,2026-10-06
GL096,1997/98,6,1997-09-25,Riksdagens snabbprotokoll 1997/98:6 Torsdagen den 25 september,67,0,2026-10-06
GL097,1997/98,7,1997-09-26,Riksdagens snabbprotokoll 1997/98:7 Fredagen den 26 september,0,0,2026-10-06
GL098,1997/98,8,1997-10-01,Riksdagens snabbprotokoll 1997/98:8 Onsdagen den 1 oktober,0,0,2026-10-06
GL0910,1997/98,10,1997-10-03,Riksdagens snabbprotokoll 1997/98:10 Fredagen den 3 oktober,0,0,2026-10-06
GL099,1997/98,9,1997-10-02,Riksdagens snabbprotokoll 1997/98:9 Torsdagen den 2 oktober,88,0,2026-10-06
GL0911,1997/98,11,1997-10-07,Riksdagens snabbprotokoll 1997/98:11 Tisdagen den 7 oktober,20,0,2026-10-06
GL0914,1997/98,14,1997-10-10,Riksdagens snabbprotokoll 1997/98:14 Fredagen den 10 oktober,0,1,2026-10-06
GL0915,1997/98,15,1997-10-20,Riksdagens snabbprotokoll 1997/98:15 Måndagen den 20 oktober,0,1,2026-10-06
GL0912,1997/98,12,1997-10-08,Riksdagens snabbprotokoll 1997/98:12 Onsdagen den 8 oktober,193,1,2026-10-06
GL0913,1997/98,13,1997-10-09,Riksdagens snabbprotokoll 1997/98:13 Torsdagen den 9 oktober,209,0,2026-10-06
GL0916,1997/98,16,1997-10-21,Riksdagens snabbprotokoll 1997/98:16 Tisdagen den 21 oktober,50,0,2026-10-06
GL0919,1997/98,19,1997-10-24,Riksdagens snabbprotokoll 1997/98:19 Fredagen den 24 oktober,0,0,2026-10-06
GL0917,1997/98,17,1997-10-22,Riksdagens snabbprotokoll 1997/98:17 Onsdagen den 22 oktober,101,0,2026-10-06
GL0918,1997/98,18,1997-10-23,Riksdagens snabbprotokoll 1997/98:18 Torsdagen den 23 oktober,141,0,2026-10-06
GL0920,1997/98,20,1997-10-28,Riksdagens snabbprotokoll 1997/98:20 Tisdagen den 28 oktober,18,0,2026-10-06
GL0921,1997/98,21,1997-10-29,Riksdagens snabbprotokoll 1997/98:21 Onsdagen den 29 oktober,120,0,2026-10-06
GL0923,1997/98,23,1997-11-03,Riksdagens snabbprotokoll 1997/98:23 Måndagen den 3 november,0,0,2026-10-06
GL0922,1997/98,22,1997-10-30,Riksdagens snabbprotokoll 1997/98:22 Torsdagen den 30 oktober,103,0,2026-10-06
GL0924,1997/98,24,1997-11-04,Riksdagens snabbprotokoll 1997/98:24 Tisdagen den 4 november,51,0,2026-10-06
GL0925,1997/98,25,1997-11-05,Riksdagens snabbprotokoll 1997/98:25 Onsdagen den 5 november,70,0,2026-10-06
GL0926,1997/98,26,1997-11-06,Riksdagens snabbprotokoll 1997/98:26 Torsdagen den 6 november,128,0,2026-10-06
GL0927,1997/98,27,1997-11-07,Riksdagens snabbprotokoll 1997/98:27 Fredagen den 7 november,30,0,2026-10-06
GL0928,1997/98,28,1997-11-17,Riksdagens snabbprotokoll 1997/98:28 Måndagen den 17 november,0,0,2026-10-06
GL0929,1997/98,29,1997-11-18,Riksdagens snabbprotokoll 1997/98:29 Tisdagen den 18 november,65,0,2026-10-06
GL0931,1997/98,31,1997-11-20,Riksdagens snabbprotokoll 1997/98:31 Torsdagen den 20 november,92,0,2026-10-06
GL0932,1997/98,32,1997-11-21,Riksdagens snabbprotokoll 1997/98:32 Fredagen den 21 november,0,0,2026-10-06
GL0930,1997/98,30,1997-11-19,Riksdagens snabbprotokoll 1997/98:30 Onsdagen den 19 november,196,1,2026-10-06
GL0933,1997/98,33,1997-11-25,Riksdagens snabbprotokoll 1997/98:33 Tisdagen den 25 november,101,1,2026-10-06
GL0934,1997/98,34,1997-11-26,Riksdagens snabbprotokoll 1997/98:34 Onsdagen den 26 november,176,2,2026-10-06
GL0936,1997/98,36,1997-11-28,Riksdagens snabbprotokoll 1997/98:36 Fredagen den 28 november,50,10,2026-10-06
GL0935,1997/98,35,1997-11-27,Riksdagens snabbprotokoll 1997/98:35 Torsdagen den 27 november,267,7,2026-10-06
GL0937,1997/98,37,1997-12-01,Riksdagens snabbprotokoll 1997/98:37 Måndagen den 1 december,57,0,2026-10-06
GL0938,1997/98,38,1997-12-02,Riksdagens snabbprotokoll 1997/98:38 Tisdagen den 2 december,74,1,2026-10-06
GL0939,1997/98,39,1997-12-03,Riksdagens snabbprotokoll 1997/98:39 Onsdagen den 3 december,168,0,2026-10-06
GL0941,1997/98,41,1997-12-05,Riksdagens snabbprotokoll 1997/98:41 Fredagen den 5 december,99,0,2026-10-06
GL0940,1997/98,40,1997-12-04,Riksdagens snabbprotokoll 1997/98:40 Torsdagen den 4 december,247,53,2026-10-06
GL0942,1997/98,42,1997-12-08,Riksdagens snabbprotokoll 1997/98:42 Måndagen den 8 december,135,0,2026-10-06
GL0943,1997/98,43,1997-12-09,Riksdagens snabbprotokoll 1997/98:43 Tisdagen den 9 december,118,0,2026-10-06
GL0944,1997/98,44,1997-12-10,Riksdagens snabbprotokoll 1997/98:44 Onsdagen den 10 december,154,0,2026-10-06
GL0945,1997/98,45,1997-12-11,Riksdagens snabbprotokoll 1997/98:45 Torsdagen den 11 december,217,0,2026-10-06
GL0946,1997/98,46,1997-12-12,Riksdagens snabbprotokoll 1997/98:46 Fredagen den 12 december,143,1,2026-10-06
GL0947,1997/98,47,1997-12-15,Riksdagens snabbprotokoll 1997/98:47 Måndagen den 15 december,255,2,2026-10-06
GL0948,1997/98,48,1997-12-16,Riksdagens snabbprotokoll 1997/98:48 Tisdagen den 16 december,212,5,2026-10-06
GL0949,1997/98,49,1997-12-17,Riksdagens snabbprotokoll 1997/98:49 Onsdagen den 17 december,228,1,2026-10-06
GL0952,1997/98,52,1998-01-20,Riksdagens snabbprotokoll 1997/98:52 Tisdagen den 20 januari,42,0,2026-10-06
GL0950,1997/98,50,1997-12-18,Riksdagens snabbprotokoll 1997/98:50 Torsdagen den 18 december,222,1,2026-10-06
GL0955,1997/98,55,1998-01-23,Riksdagens snabbprotokoll 1997/98:55 Fredagen den 23 januari,0,0,2026-10-06
GL0953,1997/98,53,1998-01-21,Riksdagens snabbprotokoll 1997/98:53 Onsdagen den 21 januari,301,1,2026-10-06
GL0956,1997/98,56,1998-01-27,Riksdagens snabbprotokoll 1997/98:56 Tisdagen den 27 januari,61,0,2026-10-06
GL0954,1997/98,54,1998-01-22,Riksdagens snabbprotokoll 1997/98:54 Torsdagen den 22 januari,350,6,2026-10-06
GL0957,1997/98,57,1998-01-28,Riksdagens snabbprotokoll 1997/98:57 Onsdagen den 28 januari,114,0,2026-10-06
GL0959,1997/98,59,1998-01-30,Riksdagens snabbprotokoll 1997/98:59 Fredagen den 30 januari,0,0,2026-10-06
GL0958,1997/98,58,1998-01-29,Riksdagens snabbprotokoll 1997/98:58 Torsdagen den 29 januari,178,0,2026-10-06
GL0960,1997/98,60,1998-02-03,Riksdagens snabbprotokoll 1997/98:60 Tisdagen den 3 februari,72,0,2026-10-06
GL0962,1997/98,62,1998-02-05,Riksdagens snabbprotokoll 1997/98:62 Torsdagen den 5 februari,128,7,2026-10-06
GL0963,1997/98,63,1998-02-06,Riksdagens snabbprotokoll 1997/98:63 Fredagen den 6 februari,7,0,2026-10-06
GL0961,1997/98,61,1998-02-04,Riksdagens snabbprotokoll 1997/98:61 Onsdagen den 4 februari,158,24,2026-10-06
GL0964,1997/98,64,1998-02-10,Riksdagens snabbprotokoll 1997/98:64 Tisdagen den 10 februari,45,1,2026-10-06
GL0965,1997/98,65,1998-02-11,Riksdagens snabbprotokoll 1997/98:65 Onsdagen den 11 februari,108,0,2026-10-06
GL0967,1997/98,67,1998-02-13,Riksdagens snabbprotokoll 1997/98:67 Fredagen den 13 februari,25,0,2026-10-06
GL0966,1997/98,66,1998-02-12,Riksdagens snabbprotokoll 1997/98:66 Torsdagen den 12 februari,182,2,2026-10-06
GL0968,1997/98,68,1998-02-17,Riksdagens snabbprotokoll 1997/98:68 Tisdagen den 17 februari,59,5,2026-10-06
GL0969,1997/98,69,1998-02-18,Riksdagens snabbprotokoll 1997/98:69 Onsdagen den 18 februari,215,5,2026-10-06
GL0970,1997/98,70,1998-02-19,Riksdagens snabbprotokoll 1997/98:70 Torsdagen den 19 februari,152,2,2026-10-06
GL0971,1997/98,71,1998-02-20,Riksdagens snabbprotokoll 1997/98:71 Fredagen den 20 februari,31,0,2026-10-06
GL0972,1997/98,72,1998-03-02,Riksdagens snabbprotokoll 1997/98:72 Måndagen den 2 mars,0,0,2026-10-06
GL0973,1997/98,73,1998-03-03,Riksdagens snabbprotokoll 1997/98:73 Tisdagen den 3 mars,103,0,2026-10-06
GL0975,1997/98,75,1998-03-05,Riksdagens snabbprotokoll 1997/98:75 Torsdagen den 5 mars,151,9,2026-10-06
GL0976,1997/98,76,1998-03-06,Riksdagens snabbprotokoll 1997/98:76 Fredagen den 6 mars,12,0,2026-10-06
GL0977,1997/98,77,1998-03-10,Riksdagens snabbprotokoll 1997/98:77 Tisdagen den 10 mars,24,0,2026-10-06
GL0974,1997/98,74,1998-03-04,Riksdagens snabbprotokoll 1997/98:74 Onsdagen den 4 mars,238,0,2026-10-06
GL0980,1997/98,80,1998-03-13,Riksdagens snabbprotokoll 1997/98:80 Fredagen den 13 mars,0,0,2026-10-06
GL0978,1997/98,78,1998-03-11,Riksdagens snabbprotokoll 1997/98:78 Onsdagen den 11 mars,238,45,2026-10-06
GL0979,1997/98,79,1998-03-12,Riksdagens snabbprotokoll 1997/98:79 Torsdagen den 12 mars,128,0,2026-10-06
GL0981,1997/98,81,1998-03-17,Riksdagens snabbprotokoll 1997/98:81 Tisdagen den 17 mars,38,1,2026-10-06
GL0984,1997/98,84,1998-03-23,Riksdagens snabbprotokoll 1997/98:84 Måndagen den 23 mars,0,0,2026-10-06
GL0983,1997/98,83,1998-03-19,Riksdagens snabbprotokoll 1997/98:83 Torsdagen den 19 mars,140,1,2026-10-06
GL0982,1997/98,82,1998-03-18,Riksdagens snabbprotokoll 1997/98:82 Onsdagen den 18 mars,167,0,2026-10-06
GL0985,1997/98,85,1998-03-24,Riksdagens snabbprotokoll 1997/98:85 Tisdagen den 24 mars,87,0,2026-10-06
GL0987,1997/98,87,1998-03-26,Riksdagens snabbprotokoll 1997/98:87 Torsdagen den 26 mars,187,4,2026-10-06
GL0988,1997/98,88,1998-03-27,Riksdagens snabbprotokoll 1997/98:88 Fredagen den 27 mars,70,0,2026-10-06
GL0986,1997/98,86,1998-03-25,Riksdagens snabbprotokoll 1997/98:86 Onsdagen den 25 mars,276,2,2026-10-06
GL0989,1997/98,89,1998-04-14,Riksdagens snabbprotokoll 1997/98:89 Tisdagen den 14 april,37,0,2026-10-06
GL0990,1997/98,90,1998-04-15,Riksdagens snabbprotokoll 1997/98:90 Onsdagen den 15 april,0,0,2026-10-06
GL0993,1997/98,93,1998-04-21,Riksdagens snabbprotokoll 1997/98:93 Tisdagen den 21 april,9,0,2026-10-06
GL0992,1997/98,92,1998-04-17,Riksdagens snabbprotokoll 1997/98:92 Fredagen den 17 april,76,0,2026-10-06
GL0991,1997/98,91,1998-04-16,Riksdagens snabbprotokoll 1997/98:91 Torsdagen den 16 april,268,0,2026-10-06
GL0995,1997/98,95,1998-04-23,Riksdagens snabbprotokoll 1997/98:95 Torsdagen den 23 april,107,0,2026-10-06
GL0996,1997/98,96,1998-04-24,Riksdagens snabbprotokoll 1997/98:96 Fredagen den 24 april,0,0,2026-10-06
GL0994,1997/98,94,1998-04-22,Riksdagens snabbprotokoll 1997/98:94 Onsdagen den 22 april,209,1,2026-10-06
GL0997,1997/98,97,1998-04-27,Riksdagens snabbprotokoll 1997/98:97 Måndagen den 27 april,28,0,2026-10-06
GL0998,1997/98,98,1998-04-28,Riksdagens snabbprotokoll 1997/98:98 Tisdagen den 28 april,51,0,2026-10-06
GL09100,1997/98,100,1998-05-04,Riksdagens snabbprotokoll 1997/98:100 Måndagen den 4 maj,0,0,2026-10-06
GL09101,1997/98,101,1998-05-05,Riksdagens snabbprotokoll 1997/98:101 Tisdagen den 5 maj,45,0,2026-10-06
GL0999,1997/98,99,1998-04-29,Riksdagens snabbprotokoll 1997/98:99 Onsdagen den 29 april,247,0,2026-10-06
GL09103,1997/98,103,1998-05-07,Riksdagens snabbprotokoll 1997/98:103 Torsdagen den 7 maj,199,0,2026-10-06
GL09102,1997/98,102,1998-05-06,Riksdagens snabbprotokoll 1997/98:102 Onsdagen den 6 maj,152,0,2026-10-06
GL09104,1997/98,104,1998-05-08,Riksdagens snabbprotokoll 1997/98:104 Fredagen den 8 maj,107,0,2026-10-06
GL09105,1997/98,105,1998-05-11,Riksdagens snabbprotokoll 1997/98:105 Måndagen den 11 maj,62,0,2026-10-06
GL09106,1997/98,106,1998-05-12,Riksdagens snabbprotokoll 1997/98:106 Tisdagen den 12 maj,52,4,2026-10-06
GL09107,1997/98,107,1998-05-13,Riksdagens snabbprotokoll 1997/98:107 Onsdagen den 13 maj,221,8,2026-10-06
GL09109,1997/98,109,1998-05-15,Riksdagens snabbprotokoll 1997/98:109 Fredagen den 15 maj,83,0,2026-10-06
GL09110,1997/98,110,1998-05-22,Riksdagens snabbprotokoll 1997/98:110 Fredagen den 22 maj,0,0,2026-10-06
GL09108,1997/98,108,1998-05-14,Riksdagens snabbprotokoll 1997/98:108 Torsdagen den 14 maj,226,0,2026-10-06
GL09112,1997/98,112,1998-05-26,Riksdagens snabbprotokoll 1997/98:112 Tisdagen den 26 maj,132,0,2026-10-06
GL09111,1997/98,111,1998-05-25,Riksdagens snabbprotokoll 1997/98:111 Måndagen den 25 maj,179,0,2026-10-06
GL09113,1997/98,113,1998-05-27,Riksdagens snabbprotokoll 1997/98:113 Onsdagen den 27 maj,238,0,2026-10-06
GL09114,1997/98,114,1998-05-28,Riksdagens snabbprotokoll 1997/98:114 Torsdagen den 28 maj,227,2,2026-10-06
GL09115,1997/98,115,1998-05-29,Riksdagens snabbprotokoll 1997/98:115 Fredagen den 29 maj,208,0,2026-10-06
GL09116,1997/98,116,1998-06-02,Riksdagens snabbprotokoll 1997/98:116 Tisdagen den 2 juni,216,1,2026-10-06
GL09118,1997/98,118,1998-06-04,Riksdagens snabbprotokoll 1997/98:118 Torsdagen den 4 juni,235,1,2026-10-06
GL09117,1997/98,117,1998-06-03,Riksdagens snabbprotokoll 1997/98:117 Onsdagen den 3 juni,210,0,2026-10-06
GL09119,1997/98,119,1998-06-05,Riksdagens snabbprotokoll 1997/98:119 Fredagen den 5 juni,189,94,2026-10-06
GL09120,1997/98,120,1998-06-08,Riksdagens snabbprotokoll 1997/98:120 Måndagen den 8 juni,187,1,2026-10-06
GL09123,1997/98,123,1998-06-25,Riksdagens protokoll 1997/98:123 Torsdagen den 25 juni ,0,0,2026-10-06
GL09122,1997/98,122,1998-06-10,Riksdagens snabbprotokoll 1997/98:122 Onsdagen den 10 juni,67,1,2026-10-06
GM092,1998/99,2,1998-10-06,Riksdagens snabbprotokoll 1998/99:2 Tisdagen den 6 oktober,5,1,2026-10-06
GM091,1998/99,1,1998-10-05,Riksdagens snabbprotokoll 1998/99:1 Måndagen den 5 oktober,8,0,2026-10-06
GL09121,1997/98,121,1998-06-09,Riksdagens snabbprotokoll 1997/98:121 Tisdagen den 9 juni,219,1,2026-10-06
GM093,1998/99,3,1998-10-07,Riksdagens snabbprotokoll 1998/99:3 Onsdagen den 7 oktober,0,0,2026-10-06
GM094,1998/99,4,1998-10-08,Riksdagens snabbprotokoll 1998/99:4 Torsdagen den 8 oktober,7,0,2026-10-06
GM095,1998/99,5,1998-10-13,Riksdagens snabbprotokoll 1998/99:5 Tisdagen den 13 oktober,46,0,2026-10-06
GM096,1998/99,6,1998-10-15,Riksdagens snabbprotokoll 1998/99:6 Torsdagen den 15 oktober,90,0,2026-10-06
GM097,1998/99,7,1998-10-20,Riksdagens snabbprotokoll 1998/99:7 Tisdagen den 20 oktober,25,0,2026-10-06
GM098,1998/99,8,1998-10-22,Riksdagens snabbprotokoll 1998/99:8 Torsdagen den 22 oktober,89,3,2026-10-06
GM099,1998/99,9,1998-10-27,Riksdagens protokoll 1998/99:9 Tisdagen den 27 oktober,0,0,2026-10-06
GM0911,1998/99,11,1998-10-30,Riksdagens snabbprotokoll 1998/99:11 Fredagen den 30 oktober,0,0,2026-10-06
GM0910,1998/99,10,1998-10-29,Riksdagens snabbprotokoll 1998/99:10 Torsdagen den 29 oktober,37,1,2026-10-06
GM0913,1998/99,13,1998-11-10,Riksdagens snabbprotokoll 1998/99:13 Tisdagen den 10 november,10,0,2026-10-06
GM0915,1998/99,15,1998-11-13,Riksdagens snabbprotokoll 1998/99:15 Fredagen den 13 november,7,0,2026-10-06
GM0914,1998/99,14,1998-11-12,Riksdagens snabbprotokoll 1998/99:14 Torsdagen den 12 november,84,0,2026-10-06
GM0916,1998/99,16,1998-11-17,Riksdagens snabbprotokoll 1998/99:16 Tisdagen den 17 november,32,0,2026-10-06
GM0917,1998/99,17,1998-11-18,Riksdagens snabbprotokoll 1998/99:17 Onsdagen den 18 november,59,0,2026-10-06
GM0919,1998/99,19,1998-11-20,Riksdagens snabbprotokoll 1998/99:19 Fredagen den 20 november,0,0,2026-10-06
GM0918,1998/99,18,1998-11-19,Riksdagens snabbprotokoll 1998/99:18 Torsdagen den 19 november,58,0,2026-10-06
GM0920,1998/99,20,1998-11-23,Riksdagens snabbprotokoll 1998/99:20 Måndagen den 23 november,0,0,2026-10-06
GM0921,1998/99,21,1998-11-24,Riksdagens snabbprotokoll 1998/99:21 Tisdagen den 24 november,22,0,2026-10-06
GM0924,1998/99,24,1998-11-27,Riksdagens snabbprotokoll 1998/99:24 Fredagen den 27 november,56,6,2026-10-06
GM0922,1998/99,22,1998-11-25,Riksdagens snabbprotokoll 1998/99:22 Onsdagen den 25 november,210,3,2026-10-06
GM0925,1998/99,25,1998-11-30,Riksdagens snabbprotokoll 1998/99:25 Måndagen den 30 november,0,0,2026-10-06
GM0923,1998/99,23,1998-11-26,Riksdagens snabbprotokoll 1998/99:23 Torsdagen den 26 november,212,5,2026-10-06
GM0926,1998/99,26,1998-12-01,Riksdagens snabbprotokoll 1998/99:26 Tisdagen den 1 december,67,0,2026-10-06
GM0928,1998/99,28,1998-12-03,Riksdagens snabbprotokoll 1998/99:28 Torsdagen den 3 december,156,0,2026-10-06
GM0929,1998/99,29,1998-12-04,Riksdagens snabbprotokoll 1998/99:29 Fredagen den 4 december,36,0,2026-10-06
GM0927,1998/99,27,1998-12-02,Riksdagens snabbprotokoll 1998/99:27 Onsdagen den 2 december,140,1,2026-10-06
GM0930,1998/99,30,1998-12-07,Riksdagens snabbprotokoll 1998/99:30 Måndagen den 7 december,65,3,2026-10-06
GM0932,1998/99,32,1998-12-09,Riksdagens snabbprotokoll 1998/99:32 Onsdagen den 9 december,94,0,2026-10-06
GM0931,1998/99,31,1998-12-08,Riksdagens snabbprotokoll 1998/99:31 Tisdagen den 8 december,190,71,2026-10-06
GM0933,1998/99,33,1998-12-10,Riksdagens snabbprotokoll 1998/99:33 Torsdagen den 10 december,223,0,2026-10-06
GM0934,1998/99,34,1998-12-11,Riksdagens snabbprotokoll 1998/99:34 Fredagen den 11 december,218,1,2026-10-06
GM0935,1998/99,35,1998-12-14,Riksdagens snabbprotokoll 1998/99:35 Måndagen den 14 december,113,1,2026-10-06
GM0936,1998/99,36,1998-12-15,Riksdagens snabbprotokoll 1998/99:36 Tisdagen den 15 december,231,0,2026-10-06
GM0937,1998/99,37,1998-12-16,Riksdagens snabbprotokoll 1998/99:37 Onsdagen den 16 december,248,1,2026-10-06
GM0938,1998/99,38,1998-12-17,Riksdagens snabbprotokoll 1998/99:38 Torsdagen den 17 december,216,2,2026-10-06
GM0939,1998/99,39,1998-12-18,Riksdagens snabbprotokoll 1998/99:39 Fredagen den 18 december,81,0,2026-10-06
GM0940,1998/99,40,1998-12-18,Riksdagens snabbprotokoll 1998/99:40 Fredagen den 18 december,11,0,2026-10-06
GL0951,1997/98,51,1998-12-18,Riksdagens snabbprotokoll 1997/98:51 Fredagen den 18 december,1,0,2026-10-06
GM0941,1998/99,41,1999-01-19,Riksdagens snabbprotokoll 1998/99:41 Tisdagen den 19 januari,101,3,2026-10-06
GM0942,1998/99,42,1999-01-20,Riksdagens snabbprotokoll 1998/99:42 Onsdagen den 20 januari,270,1,2026-10-06
GM0944,1998/99,44,1999-01-22,Riksdagens snabbprotokoll 1998/99:44 Fredagen den 22 januari,128,4,2026-10-06
GM0943,1998/99,43,1999-01-21,Riksdagens snabbprotokoll 1998/99:43 Torsdagen den 21 januari,413,6,2026-10-06
GM0945,1998/99,45,1999-01-26,Riksdagens snabbprotokoll 1998/99:45 Tisdagen den 26 januari,79,2,2026-10-06
GM0947,1998/99,47,1999-01-29,Riksdagens snabbprotokoll 1998/99:47 Fredagen den 29 januari,0,0,2026-10-06
GM0946,1998/99,46,1999-01-28,Riksdagens snabbprotokoll 1998/99:46 Torsdagen den 28 januari,178,9,2026-10-06
GM0948,1998/99,48,1999-02-02,Riksdagens snabbprotokoll 1998/99:48 Tisdagen den 2 februari,19,0,2026-10-06
GM0949,1998/99,49,1999-02-03,Riksdagens snabbprotokoll 1998/99:49 Onsdagen den 3 februari,29,0,2026-10-06
GM0951,1998/99,51,1999-02-05,Riksdagens snabbprotokoll 1998/99:51 Fredagen den 5 februari,6,0,2026-10-06
GM0950,1998/99,50,1999-02-04,Riksdagens snabbprotokoll 1998/99:50 Torsdagen den 4 februari,76,0,2026-10-06
GM0952,1998/99,52,1999-02-09,Riksdagens snabbprotokoll 1998/99:52 Tisdagen den 9 februari,12,0,2026-10-06
GM0955,1998/99,55,1999-02-12,Riksdagens snabbprotokoll 1998/99:55 Fredagen den 12 februari,4,0,2026-10-06
GM0954,1998/99,54,1999-02-11,Riksdagens snabbprotokoll 1998/99:54 Torsdagen den 11 februari,146,0,2026-10-06
GM0953,1998/99,53,1999-02-10,Riksdagens snabbprotokoll 1998/99:53 Onsdagen den 10 februari,152,0,2026-10-06
GM0956,1998/99,56,1999-02-16,Riksdagens snabbprotokoll 1998/99:56 Tisdagen den 16 februari,84,2,2026-10-06
GM0957,1998/99,57,1999-02-17,Riksdagens snabbprotokoll 1998/99:57 Onsdagen den 17 februari,173,65,2026-10-06
GM0958,1998/99,58,1999-02-18,Riksdagens snabbprotokoll 1998/99:58 Torsdagen den 18 februari,132,1,2026-10-06
GM0959,1998/99,59,1999-02-19,Riksdagens snabbprotokoll 1998/99:59 Fredagen den 19 februari,67,5,2026-10-06
GM0960,1998/99,60,1999-03-01,Riksdagens snabbprotokoll 1998/99:60 Måndagen den 1 mars,0,0,2026-10-06
GM0961,1998/99,61,1999-03-02,Riksdagens snabbprotokoll 1998/99:61 Tisdagen den 2 mars,42,0,2026-10-06
GM0963,1998/99,63,1999-03-04,Riksdagens snabbprotokoll 1998/99:63 Torsdagen den 4 mars,145,5,2026-10-06
GM0964,1998/99,64,1999-03-05,Riksdagens snabbprotokoll 1998/99:64 Fredagen den 5 mars,26,6,2026-10-06
GM0965,1998/99,65,1999-03-09,Riksdagens snabbprotokoll 1998/99:65 Tisdagen den 9 mars,0,1,2026-10-06
GM0962,1998/99,62,1999-03-03,Riksdagens snabbprotokoll 1998/99:62 Onsdagen den 3 mars,245,0,2026-10-06
GM0966,1998/99,66,1999-03-10,Riksdagens snabbprotokoll 1998/99:66 Onsdagen den 10 mars,191,5,2026-10-06
GM0967,1998/99,67,1999-03-11,Riksdagens snabbprotokoll 1998/99:67 Torsdagen den 11 mars,148,0,2026-10-06
GM0968,1998/99,68,1999-03-12,Riksdagens snabbprotokoll 1998/99:68 Fredagen den 12 mars,63,0,2026-10-06
GM0969,1998/99,69,1999-03-16,Riksdagens snabbprotokoll 1998/99:69 Tisdagen den 16 mars,89,0,2026-10-06
GM0971,1998/99,71,1999-03-18,Riksdagens snabbprotokoll 1998/99:71 Torsdagen den 18 mars,256,1,2026-10-06
GM0972,1998/99,72,1999-03-19,Riksdagens snabbprotokoll 1998/99:72 Fredagen den 19 mars,43,0,2026-10-06
GM0970,1998/99,70,1999-03-17,Riksdagens snabbprotokoll 1998/99:70 Onsdagen den 17 mars,212,1,2026-10-06
GM0973,1998/99,73,1999-03-23,Riksdagens snabbprotokoll 1998/99:73 Tisdagen den 23 mars,13,0,2026-10-06
GM0975,1998/99,75,1999-03-25,Riksdagens snabbprotokoll 1998/99:75 Torsdagen den 25 mars,264,2,2026-10-06
GM0977,1998/99,77,1999-04-12,Riksdagens snabbprotokoll 1998/99:77 Måndagen den 12 april,0,0,2026-10-06
GM0974,1998/99,74,1999-03-24,Riksdagens snabbprotokoll 1998/99:74 Onsdagen den 24 mars,206,6,2026-10-06
GM0976,1998/99,76,1999-03-26,Riksdagens snabbprotokoll 1998/99:76 Fredagen den 26 mars,106,1,2026-10-06
GM0978,1998/99,78,1999-04-13,Riksdagens snabbprotokoll 1998/99:78 Tisdagen den 13 april,127,0,2026-10-06
GM0980,1998/99,80,1999-04-15,Riksdagens snabbprotokoll 1998/99:80 Torsdagen den 15 april,154,10,2026-10-06
GM0979,1998/99,79,1999-04-14,Riksdagens snabbprotokoll 1998/99:79 Onsdagen den 14 april,136,2,2026-10-06
GM0981,1998/99,81,1999-04-16,Riksdagens snabbprotokoll 1998/99:81 Fredagen den 16 april,41,0,2026-10-06
GM0982,1998/99,82,1999-04-20,Riksdagens snabbprotokoll 1998/99:82 Tisdagen den 20 april,16,0,2026-10-06
GM0985,1998/99,85,1999-04-23,Riksdagens snabbprotokoll 1998/99:85 Fredagen den 23 april,17,0,2026-10-06
GM0984,1998/99,84,1999-04-22,Riksdagens snabbprotokoll 1998/99:84 Torsdagen den 22 april,90,7,2026-10-06
GM0983,1998/99,83,1999-04-21,Riksdagens snabbprotokoll 1998/99:83 Onsdagen den 21 april,210,1,2026-10-06
GM0986,1998/99,86,1999-04-27,Riksdagens snabbprotokoll 1998/99:86 Tisdagen den 27 april,84,3,2026-10-06
GM0989,1998/99,89,1999-04-30,Riksdagens snabbprotokoll 1998/99:89 Fredagen den 30 april,0,0,2026-10-06
GM0987,1998/99,87,1999-04-28,Riksdagens snabbprotokoll 1998/99:87 Onsdagen den 28 april,252,3,2026-10-06
GM0988,1998/99,88,1999-04-29,Riksdagens snabbprotokoll 1998/99:88 Torsdagen den 29 april,168,70,2026-10-06
GM0990,1998/99,90,1999-05-04,Riksdagens snabbprotokoll 1998/99:90 Tisdagen den 4 maj,81,0,2026-10-06
GM0993,1998/99,93,1999-05-07,Riksdagens snabbprotokoll 1998/99:93 Fredagen den 7 maj,51,0,2026-10-06
GM0992,1998/99,92,1999-05-06,Riksdagens snabbprotokoll 1998/99:92 Torsdagen den 6 maj,214,0,2026-10-06
GM0991,1998/99,91,1999-05-05,Riksdagens snabbprotokoll 1998/99:91 Onsdagen den 5 maj,224,2,2026-10-06
GM0994,1998/99,94,1999-05-17,Riksdagens snabbprotokoll 1998/99:94 Måndagen den 17 maj,0,0,2026-10-06
GM0995,1998/99,95,1999-05-18,Riksdagens snabbprotokoll 1998/99:95 Tisdagen den 18 maj,82,0,2026-10-06
GM0997,1998/99,97,1999-05-20,Riksdagens snabbprotokoll 1998/99:97 Torsdagen den 20 maj,189,66,2026-10-06
GM0996,1998/99,96,1999-05-19,Riksdagens snabbprotokoll 1998/99:96 Onsdagen den 19 maj,234,2,2026-10-06
GM0999,1998/99,99,1999-05-25,Riksdagens snabbprotokoll 1998/99:99 Tisdagen den 25 maj,59,4,2026-10-06
GM0998,1998/99,98,1999-05-21,Riksdagens snabbprotokoll 1998/99:98 Fredagen den 21 maj,209,2,2026-10-06
GM09100,1998/99,100,1999-05-26,Riksdagens snabbprotokoll 1998/99:100 Onsdagen den 26 maj,107,0,2026-10-06
GM09102,1998/99,102,1999-05-28,Riksdagens snabbprotokoll 1998/99:102 Fredagen den 28 maj,151,0,2026-10-06
GM09101,1998/99,101,1999-05-27,Riksdagens snabbprotokoll 1998/99:101 Torsdagen den 27 maj,249,0,2026-10-06
GM09103,1998/99,103,1999-05-31,Riksdagens snabbprotokoll 1998/99:103 Måndagen den 31 maj,225,9,2026-10-06
GM09104,1998/99,104,1999-06-01,Riksdagens snabbprotokoll 1998/99:104 Tisdagen den 1 juni,147,0,2026-10-06
GM09105,1998/99,105,1999-06-02,Riksdagens snabbprotokoll 1998/99:105 Onsdagen den 2 juni,133,21,2026-10-06
GM09107,1998/99,107,1999-06-10,Riksdagens snabbprotokoll 1998/99:107 Torsdagen den 10 juni,0,0,2026-10-06
GM09106,1998/99,106,1999-06-03,Riksdagens snabbprotokoll 1998/99:106 Torsdagen den 3 juni,159,17,2026-10-06
GM09108,1998/99,108,1999-06-11,Riksdagens snabbprotokoll 1998/99:108 Fredagen den 11 juni,0,0,2026-10-06
GM09111,1998/99,111,1999-06-16,Riksdagens snabbprotokoll 1998/99:111 Onsdagen den 16 juni,58,0,2026-10-06
GM09112,1998/99,112,1999-08-17,Riksdagens snabbprotokoll 1998/99:112 Tisdagen den 17 augusti,0,0,2026-10-06
GM09113,1998/99,113,1999-08-25,Riksdagens snabbprotokoll 1998/99:113 Onsdagen den 25 augusti,0,0,2026-10-06
GN091,1999/2000,1,1999-09-14,Riksdagens snabbprotokoll 1999/2000:1 Tisdagen den 14 september,1,0,2026-10-06
GM09109,1998/99,109,1999-06-14,Riksdagens snabbprotokoll 1998/99:109 Måndagen den 14 juni,284,132,2026-10-06
GM09110,1998/99,110,1999-06-15,Riksdagens snabbprotokoll 1998/99:110 Tisdagen den 15 juni,272,2,2026-10-06
GN092,1999/2000,2,1999-09-14,Riksdagens snabbprotokoll 1999/2000:2 Tisdagen den 14 september,3,1,2026-10-06
GN093,1999/2000,3,1999-09-15,Riksdagens snabbprotokoll 1999/2000:3 Onsdagen den 15 september,24,0,2026-10-06
GN094,1999/2000,4,1999-09-16,Riksdagens snabbprotokoll 1999/2000:4 Torsdagen den 16 september,72,0,2026-10-06
GN096,1999/2000,6,1999-09-21,Riksdagens snabbprotokoll 1999/2000:6 Tisdagen den 21 september,0,0,2026-10-06
GN095,1999/2000,5,1999-09-20,Riksdagens snabbprotokoll 1999/2000:5 Måndagen den 20 september,35,1,2026-10-06
GN097,1999/2000,7,1999-09-23,Riksdagens snabbprotokoll 1999/2000:7 Torsdagen den 23 september,41,1,2026-10-06
GN098,1999/2000,8,1999-09-28,Riksdagens snabbprotokoll 1999/2000:8 Tisdagen den 28 september,30,0,2026-10-06
GN099,1999/2000,9,1999-09-30,Riksdagens snabbprotokoll 1999/2000:9 Torsdagen den 30 september,18,0,2026-10-06
GN0910,1999/2000,10,1999-10-11,Riksdagens snabbprotokoll 1999/2000:10 Måndagen den 11 oktober,0,0,2026-10-06
GN0911,1999/2000,11,1999-10-12,Riksdagens snabbprotokoll 1999/2000:11 Tisdagen den 12 oktober,73,0,2026-10-06
GN0913,1999/2000,13,1999-10-14,Riksdagens snabbprotokoll 1999/2000:13 Torsdagen den 14 oktober,90,0,2026-10-06
GN0914,1999/2000,14,1999-10-18,Riksdagens snabbprotokoll 1999/2000:14 Måndagen den 18 oktober,0,0,2026-10-06
GN0915,1999/2000,15,1999-10-19,Riksdagens snabbprotokoll 1999/2000:15 Tisdagen den 19 oktober,0,0,2026-10-06
GN0912,1999/2000,12,1999-10-13,Riksdagens snabbprotokoll 1999/2000:12 Onsdagen den 13 oktober,214,0,2026-10-06
GN0917,1999/2000,17,1999-10-21,Riksdagens snabbprotokoll 1999/2000:17 Torsdagen den 21 oktober,91,0,2026-10-06
GN0918,1999/2000,18,1999-10-22,Riksdagens snabbprotokoll 1999/2000:18 Fredagen den 22 oktober,13,0,2026-10-06
GN0916,1999/2000,16,1999-10-20,Riksdagens snabbprotokoll 1999/2000:16 Onsdagen den 20 oktober,61,0,2026-10-06
GN0919,1999/2000,19,1999-10-26,Riksdagens snabbprotokoll 1999/2000:19 Tisdagen den 26 oktober,35,0,2026-10-06
GN0921,1999/2000,21,1999-10-28,Riksdagens snabbprotokoll 1999/2000:21 Torsdagen den 28 oktober,145,1,2026-10-06
GN0922,1999/2000,22,1999-10-29,Riksdagens snabbprotokoll 1999/2000:22 Fredagen den 29 oktober,14,0,2026-10-06
GN0923,1999/2000,23,1999-11-02,Riksdagens snabbprotokoll 1999/2000:23 Tisdagen den 2 november,27,1,2026-10-06
GM0912,1998/99,12,1999-11-03,Riksdagens snabbprotokoll 1998/99:12 Onsdagen den 3 november,0,0,2026-10-06
GN0920,1999/2000,20,1999-10-27,Riksdagens snabbprotokoll 1999/2000:20 Onsdagen den 27 oktober,250,9,2026-10-06
GN0926,1999/2000,26,1999-11-05,Riksdagens snabbprotokoll 1999/2000:26 Fredagen den 5 november,1,0,2026-10-06
GN0927,1999/2000,27,1999-11-15,Riksdagens snabbprotokoll 1999/2000:27 Måndagen den 15 november,0,0,2026-10-06
GN0925,1999/2000,25,1999-11-04,Riksdagens snabbprotokoll 1999/2000:25 Torsdagen den 4 november,149,36,2026-10-06
GN0924,1999/2000,24,1999-11-03,Riksdagens snabbprotokoll 1999/2000:24 Onsdagen den 3 november,168,0,2026-10-06
GN0928,1999/2000,28,1999-11-16,Riksdagens snabbprotokoll 1999/2000:28 Tisdagen den 16 november,34,0,2026-10-06
GN0930,1999/2000,30,1999-11-19,Riksdagens snabbprotokoll 1999/2000:30 Fredagen den 19 november,90,0,2026-10-06
GN0929,1999/2000,29,1999-11-18,Riksdagens snabbprotokoll 1999/2000:29 Torsdagen den 18 november,211,1,2026-10-06
GN0932,1999/2000,32,1999-11-24,Riksdagens snabbprotokoll 1999/2000:32 Onsdagen den 24 november,103,0,2026-10-06
GN0931,1999/2000,31,1999-11-23,Riksdagens snabbprotokoll 1999/2000:31 Tisdagen den 23 november,141,2,2026-10-06
GN0934,1999/2000,34,1999-11-26,Riksdagens snabbprotokoll 1999/2000:34 Fredagen den 26 november,38,0,2026-10-06
GN0933,1999/2000,33,1999-11-25,Riksdagens snabbprotokoll 1999/2000:33 Torsdagen den 25 november,258,4,2026-10-06
GN0935,1999/2000,35,1999-11-29,Riksdagens snabbprotokoll 1999/2000:35 Måndagen den 29 november,44,1,2026-10-06
GN0936,1999/2000,36,1999-11-30,Riksdagens snabbprotokoll 1999/2000:36 Tisdagen den 30 november,124,1,2026-10-06
GN0937,1999/2000,37,1999-12-01,Riksdagens snabbprotokoll 1999/2000:37 Onsdagen den 1 december,85,0,2026-10-06
GN0938,1999/2000,38,1999-12-02,Riksdagens snabbprotokoll 1999/2000:38 Torsdagen den 2 december,241,58,2026-10-06
GN0939,1999/2000,39,1999-12-03,Riksdagens snabbprotokoll 1999/2000:39 Fredagen den 3 december,158,0,2026-10-06
GN0940,1999/2000,40,1999-12-06,Riksdagens snabbprotokoll 1999/2000:40 Måndagen den 6 december,111,0,2026-10-06
GN0941,1999/2000,41,1999-12-07,Riksdagens snabbprotokoll 1999/2000:41 Tisdagen den 7 december,91,0,2026-10-06
GN0942,1999/2000,42,1999-12-08,Riksdagens snabbprotokoll 1999/2000:42 Onsdagen den 8 december,260,1,2026-10-06
GN0944,1999/2000,44,1999-12-10,Riksdagens snabbprotokoll 1999/2000:44 Fredagen den 10 december,128,0,2026-10-06
GN0943,1999/2000,43,1999-12-09,Riksdagens snabbprotokoll 1999/2000:43 Torsdagen den 9 december,210,3,2026-10-06
GN0945,1999/2000,45,1999-12-13,Riksdagens snabbprotokoll 1999/2000:45 Måndagen den 13 december,197,1,2026-10-06
GN0947,1999/2000,47,1999-12-15,Riksdagens snabbprotokoll 1999/2000:47 Onsdagen den 15 december,219,2,2026-10-06
GN0946,1999/2000,46,1999-12-14,Riksdagens snabbprotokoll 1999/2000:46 Tisdagen den 14 december,214,2,2026-10-06
GN0948,1999/2000,48,1999-12-16,Riksdagens snabbprotokoll 1999/2000:48 Torsdagen den 16 december,152,1,2026-10-06
GN0949,1999/2000,49,1999-12-16,Riksdagens snabbprotokoll 1999/2000:49 Torsdagen den 16 december,35,0,2026-10-06
GN0950,1999/2000,50,1999-12-20,Riksdagens snabbprotokoll 1999/2000:50 Måndagen den 20 december,26,0,2026-10-06
GN0951,1999/2000,51,2000-01-18,Riksdagens snabbprotokoll 1999/2000:51 Tisdagen den 18 januari,138,0,2026-10-06
GN0952,1999/2000,52,2000-01-19,Riksdagens snabbprotokoll 1999/2000:52 Onsdagen den 19 januari,306,4,2026-10-06
GN0954,1999/2000,54,2000-01-21,Riksdagens snabbprotokoll 1999/2000:54 Fredagen den 21 januari,106,7,2026-10-06
GN0953,1999/2000,53,2000-01-20,Riksdagens snabbprotokoll 1999/2000:53 Torsdagen den 20 januari,432,2,2026-10-06
GN0955,1999/2000,55,2000-01-25,Riksdagens snabbprotokoll 1999/2000:55 Tisdagen den 25 januari,116,0,2026-10-06
GN0957,1999/2000,57,2000-01-28,Riksdagens snabbprotokoll 1999/2000:57 Fredagen den 28 januari,0,0,2026-10-06
GN0956,1999/2000,56,2000-01-26,Riksdagens snabbprotokoll 1999/2000:56 Onsdagen den 26 januari,116,47,2026-10-06
GN0958,1999/2000,58,2000-02-01,Riksdagens snabbprotokoll 1999/2000:58 Tisdagen den 1 februari,132,5,2026-10-06
GN0959,1999/2000,59,2000-02-02,Riksdagens snabbprotokoll 1999/2000:59 Onsdagen den 2 februari,144,0,2026-10-06
GN0960,1999/2000,60,2000-02-03,Riksdagens snabbprotokoll 1999/2000:60 Torsdagen den 3 februari,172,1,2026-10-06
GN0961,1999/2000,61,2000-02-04,Riksdagens snabbprotokoll 1999/2000:61 Fredagen den 4 februari,9,6,2026-10-06
GN0962,1999/2000,62,2000-02-08,Riksdagens snabbprotokoll 1999/2000:62 Tisdagen den 8 februari,64,0,2026-10-06
GN0965,1999/2000,65,2000-02-11,Riksdagens snabbprotokoll 1999/2000:65 Fredagen den 11 februari,0,0,2026-10-06
GN0966,1999/2000,66,2000-02-15,Riksdagens snabbprotokoll 1999/2000:66 Tisdagen den 15 februari,37,2,2026-10-06
GN0963,1999/2000,63,2000-02-09,Riksdagens snabbprotokoll 1999/2000:63 Onsdagen den 9 februari,189,0,2026-10-06
GN0964,1999/2000,64,2000-02-10,Riksdagens snabbprotokoll 1999/2000:64 Torsdagen den 10 februari,151,0,2026-10-06
GN0967,1999/2000,67,2000-02-16,Riksdagens snabbprotokoll 1999/2000:67 Onsdagen den 16 februari,39,0,2026-10-06
GN0969,1999/2000,69,2000-02-18,Riksdagens snabbprotokoll 1999/2000:69 Fredagen den 18 februari,6,0,2026-10-06
GN0968,1999/2000,68,2000-02-17,Riksdagens snabbprotokoll 1999/2000:68 Torsdagen den 17 februari,196,0,2026-10-06
GN0970,1999/2000,70,2000-02-22,Riksdagens snabbprotokoll 1999/2000:70 Tisdagen den 22 februari,111,0,2026-10-06
GN0971,1999/2000,71,2000-02-23,Riksdagens snabbprotokoll 1999/2000:71 Onsdagen den 23 februari,161,1,2026-10-06
GN0972,1999/2000,72,2000-02-24,Riksdagens snabbprotokoll 1999/2000:72 Torsdagen den 24 februari,93,0,2026-10-06
GN0973,1999/2000,73,2000-02-25,Riksdagens snabbprotokoll 1999/2000:73 Fredagen den 25 februari,0,0,2026-10-06
GN0974,1999/2000,74,2000-03-06,Riksdagens snabbprotokoll 1999/2000:74 Måndagen den 6 mars,0,0,2026-10-06
GN0975,1999/2000,75,2000-03-07,Riksdagens snabbprotokoll 1999/2000:75 Tisdagen den 7 mars,107,1,2026-10-06
GN0977,1999/2000,77,2000-03-09,Riksdagens snabbprotokoll 1999/2000:77 Torsdagen den 9 mars,168,16,2026-10-06
GN0978,1999/2000,78,2000-03-10,Riksdagens snabbprotokoll 1999/2000:78 Fredagen den 10 mars,72,0,2026-10-06
GN0976,1999/2000,76,2000-03-08,Riksdagens snabbprotokoll 1999/2000:76 Onsdagen den 8 mars,238,0,2026-10-06
GN0979,1999/2000,79,2000-03-14,Riksdagens snabbprotokoll 1999/2000:79 Tisdagen den 14 mars,75,5,2026-10-06
GN0981,1999/2000,81,2000-03-17,Riksdagens snabbprotokoll 1999/2000:81 Fredagen den 17 mars,30,0,2026-10-06
GN0980,1999/2000,80,2000-03-15,Riksdagens snabbprotokoll 1999/2000:80 Onsdagen den 15 mars,177,1,2026-10-06
GN0982,1999/2000,82,2000-03-21,Riksdagens snabbprotokoll 1999/2000:82 Tisdagen den 21 mars,97,0,2026-10-06
GN0983,1999/2000,83,2000-03-22,Riksdagens snabbprotokoll 1999/2000:83 Onsdagen den 22 mars,262,0,2026-10-06
GN0985,1999/2000,85,2000-03-24,Riksdagens snabbprotokoll 1999/2000:85 Fredagen den 24 mars,84,0,2026-10-06
GN0986,1999/2000,86,2000-03-27,Riksdagens snabbprotokoll 1999/2000:86 Måndagen den 27 mars,7,0,2026-10-06
GN0984,1999/2000,84,2000-03-23,Riksdagens snabbprotokoll 1999/2000:84 Torsdagen den 23 mars,225,6,2026-10-06
GN0987,1999/2000,87,2000-03-28,Riksdagens snabbprotokoll 1999/2000:87 Tisdagen den 28 mars,143,1,2026-10-06
GN0990,1999/2000,90,2000-04-03,Riksdagens snabbprotokoll 1999/2000:90 Måndagen den 3 april,0,0,2026-10-06
GN0989,1999/2000,89,2000-03-30,Riksdagens snabbprotokoll 1999/2000:89 Torsdagen den 30 mars,282,0,2026-10-06
GN0988,1999/2000,88,2000-03-29,Riksdagens snabbprotokoll 1999/2000:88 Onsdagen den 29 mars,217,0,2026-10-06
GN0991,1999/2000,91,2000-04-04,Riksdagens snabbprotokoll 1999/2000:91 Tisdagen den 4 april,63,0,2026-10-06
GN0994,1999/2000,94,2000-04-07,Riksdagens snabbprotokoll 1999/2000:94 Fredagen den 7 april,7,0,2026-10-06
GN0995,1999/2000,95,2000-04-11,Riksdagens snabbprotokoll 1999/2000:95 Tisdagen den 11 april,53,10,2026-10-06
GN0993,1999/2000,93,2000-04-06,Riksdagens snabbprotokoll 1999/2000:93 Torsdagen den 6 april,233,0,2026-10-06
GN0992,1999/2000,92,2000-04-05,Riksdagens snabbprotokoll 1999/2000:92 Onsdagen den 5 april,231,5,2026-10-06
GN0998,1999/2000,98,2000-04-14,Riksdagens snabbprotokoll 1999/2000:98 Fredagen den 14 april,0,0,2026-10-06
GN0996,1999/2000,96,2000-04-12,Riksdagens snabbprotokoll 1999/2000:96 Onsdagen den 12 april,168,40,2026-10-06
GN0997,1999/2000,97,2000-04-13,Riksdagens snabbprotokoll 1999/2000:97 Torsdagen den 13 april,69,11,2026-10-06
GN0999,1999/2000,99,2000-04-25,Riksdagens snabbprotokoll 1999/2000:99 Tisdagen den 25 april,91,14,2026-10-06
GN09100,1999/2000,100,2000-04-26,Riksdagens snabbprotokoll 1999/2000:100 Onsdagen den 26 april,0,0,2026-10-06
GN09103,1999/2000,103,2000-05-03,Riksdagens snabbprotokoll 1999/2000:103 Onsdagen den 3 maj,0,1,2026-10-06
GN09102,1999/2000,102,2000-04-28,Riksdagens snabbprotokoll 1999/2000:102 Fredagen den 28 april,44,0,2026-10-06
GN09101,1999/2000,101,2000-04-27,Riksdagens snabbprotokoll 1999/2000:101 Torsdagen den 27 april,271,4,2026-10-06
GN09104,1999/2000,104,2000-05-08,Riksdagens snabbprotokoll 1999/2000:104 Måndagen den 8 maj,38,0,2026-10-06
GN09105,1999/2000,105,2000-05-09,Riksdagens snabbprotokoll 1999/2000:105 Tisdagen den 9 maj,94,0,2026-10-06
GN09107,1999/2000,107,2000-05-11,Riksdagens snabbprotokoll 1999/2000:107 Torsdagen den 11 maj,204,4,2026-10-06
GN09109,1999/2000,109,2000-05-15,Riksdagens snabbprotokoll 1999/2000:109 Måndagen den 15 maj,49,11,2026-10-06
GN09108,1999/2000,108,2000-05-12,Riksdagens snabbprotokoll 1999/2000:108 Fredagen den 12 maj,143,0,2026-10-06
GN09106,1999/2000,106,2000-05-10,Riksdagens snabbprotokoll 1999/2000:106 Onsdagen den 10 maj,246,0,2026-10-06
GN09110,1999/2000,110,2000-05-16,Riksdagens snabbprotokoll 1999/2000:110 Tisdagen den 16 maj,60,0,2026-10-06
GN09112,1999/2000,112,2000-05-18,Riksdagens snabbprotokoll 1999/2000:112 Torsdagen den 18 maj,47,0,2026-10-06
GN09111,1999/2000,111,2000-05-17,Riksdagens snabbprotokoll 1999/2000:111 Onsdagen den 17 maj,61,0,2026-10-06
GN09113,1999/2000,113,2000-05-19,Riksdagens snabbprotokoll 1999/2000:113 Fredagen den 19 maj,27,0,2026-10-06
GN09115,1999/2000,115,2000-05-24,Riksdagens snabbprotokoll 1999/2000:115 Onsdagen den 24 maj,142,38,2026-10-06
GN09117,1999/2000,117,2000-05-26,Riksdagens snabbprotokoll 1999/2000:117 Fredagen den 26 maj,17,0,2026-10-06
GN09116,1999/2000,116,2000-05-25,Riksdagens snabbprotokoll 1999/2000:116 Torsdagen den 25 maj,158,0,2026-10-06
GN09114,1999/2000,114,2000-05-23,Riksdagens snabbprotokoll 1999/2000:114 Tisdagen den 23 maj,165,8,2026-10-06
GN09118,1999/2000,118,2000-05-29,Riksdagens snabbprotokoll 1999/2000:118 Måndagen den 29 maj,82,0,2026-10-06
GN09120,1999/2000,120,2000-05-31,Riksdagens snabbprotokoll 1999/2000:120 Onsdagen den 31 maj,92,1,2026-10-06
GN09121,1999/2000,121,2000-06-05,Riksdagens snabbprotokoll 1999/2000:121 Måndagen den 5 juni,0,0,2026-10-06
GN09119,1999/2000,119,2000-05-30,Riksdagens snabbprotokoll 1999/2000:119 Tisdagen den 30 maj,135,1,2026-10-06
GN09122,1999/2000,122,2000-06-06,Riksdagens snabbprotokoll 1999/2000:122 Tisdagen den 6 juni,0,0,2026-10-06
GN09125,1999/2000,125,2000-06-09,Riksdagens snabbprotokoll 1999/2000:125 Fredagen den 9 juni,0,1,2026-10-06
GN09123,1999/2000,123,2000-06-07,Riksdagens snabbprotokoll 1999/2000:123 Onsdagen den 7 juni,236,0,2026-10-06
GN09124,1999/2000,124,2000-06-08,Riksdagens snabbprotokoll 1999/2000:124 Torsdagen den 8 juni,231,1,2026-10-06
GN09126,1999/2000,126,2000-06-13,Riksdagens snabbprotokoll 1999/2000:126 Tisdagen den 13 juni,213,1,2026-10-06
GN09128,1999/2000,128,2000-06-15,Riksdagens snabbprotokoll 1999/2000:128 Torsdagen den 15 juni,56,0,2026-10-06
GN09127,1999/2000,127,2000-06-14,Riksdagens snabbprotokoll 1999/2000:127 Onsdagen den 14 juni,160,2,2026-10-06
GO091,2000/01,1,2000-09-19,Riksdagens snabbprotokoll 2000/01:1 Tisdagen den 19 september,1,0,2026-10-06
GN09129,1999/2000,129,2000-07-04,Riksdagens protokoll 1999/2000:129 Tisdagen den 4 juli ,0,0,2026-10-06
GO092,2000/01,2,2000-09-19,Riksdagens snabbprotokoll 2000/01:2 Tisdagen den 19 september,3,1,2026-10-06
GO095,2000/01,5,2000-09-26,Riksdagens snabbprotokoll 2000/01:5 Tisdagen den 26 september,0,0,2026-10-06
GO094,2000/01,4,2000-09-21,Riksdagens snabbprotokoll 2000/01:4 Torsdagen den 21 september,78,1,2026-10-06
GO093,2000/01,3,2000-09-20,Riksdagens snabbprotokoll 2000/01:3 Onsdagen den 20 september,19,1,2026-10-06
GO097,2000/01,7,2000-10-09,Riksdagens snabbprotokoll 2000/01:7 Måndagen den 9 oktober,0,0,2026-10-06
GO096,2000/01,6,2000-10-03,Riksdagens snabbprotokoll 2000/01:6 Tisdagen den 3 oktober,9,9,2026-10-06
GO098,2000/01,8,2000-10-10,Riksdagens snabbprotokoll 2000/01:8 Tisdagen den 10 oktober,46,0,2026-10-06
GO0910,2000/01,10,2000-10-12,Riksdagens snabbprotokoll 2000/01:10 Torsdagen den 12 oktober,87,0,2026-10-06
GO0911,2000/01,11,2000-10-13,Riksdagens snabbprotokoll 2000/01:11 Fredagen den 13 oktober,19,0,2026-10-06
GO0912,2000/01,12,2000-10-16,Riksdagens snabbprotokoll 2000/01:12 Måndagen den 16 oktober,0,0,2026-10-06
GO099,2000/01,9,2000-10-11,Riksdagens snabbprotokoll 2000/01:9 Onsdagen den 11 oktober,149,1,2026-10-06
GO0913,2000/01,13,2000-10-17,Riksdagens snabbprotokoll 2000/01:13 Tisdagen den 17 oktober,62,1,2026-10-06
GO0916,2000/01,16,2000-10-20,Riksdagens snabbprotokoll 2000/01:16 Fredagen den 20 oktober,0,1,2026-10-06
GO0915,2000/01,15,2000-10-19,Riksdagens snabbprotokoll 2000/01:15 Torsdagen den 19 oktober,103,0,2026-10-06
GO0914,2000/01,14,2000-10-18,Riksdagens snabbprotokoll 2000/01:14 Onsdagen den 18 oktober,120,0,2026-10-06
GO0917,2000/01,17,2000-10-24,Riksdagens snabbprotokoll 2000/01:17 Tisdagen den 24 oktober,74,45,2026-10-06
GO0919,2000/01,19,2000-10-26,Riksdagens snabbprotokoll 2000/01:19 Torsdagen den 26 oktober,60,9,2026-10-06
GO0918,2000/01,18,2000-10-25,Riksdagens snabbprotokoll 2000/01:18 Onsdagen den 25 oktober,121,1,2026-10-06
GO0920,2000/01,20,2000-10-27,Riksdagens snabbprotokoll 2000/01:20 Fredagen den 27 oktober,71,0,2026-10-06
GO0921,2000/01,21,2000-11-06,Riksdagens snabbprotokoll 2000/01:21 Måndagen den 6 november,0,2,2026-10-06
GO0922,2000/01,22,2000-11-07,Riksdagens snabbprotokoll 2000/01:22 Tisdagen den 7 november,114,0,2026-10-06
GO0923,2000/01,23,2000-11-08,Riksdagens snabbprotokoll 2000/01:23 Onsdagen den 8 november,102,2,2026-10-06
GO0924,2000/01,24,2000-11-09,Riksdagens snabbprotokoll 2000/01:24 Torsdagen den 9 november,124,0,2026-10-06
GO0925,2000/01,25,2000-11-10,Riksdagens snabbprotokoll 2000/01:25 Fredagen den 10 november,56,2,2026-10-06
GO0926,2000/01,26,2000-11-14,Riksdagens snabbprotokoll 2000/01:26 Tisdagen den 14 november,94,0,2026-10-06
GO0927,2000/01,27,2000-11-15,Riksdagens snabbprotokoll 2000/01:27 Onsdagen den 15 november,76,1,2026-10-06
GO0929,2000/01,29,2000-11-17,Riksdagens snabbprotokoll 2000/01:29 Fredagen den 17 november,0,1,2026-10-06
GO0928,2000/01,28,2000-11-16,Riksdagens snabbprotokoll 2000/01:28 Torsdagen den 16 november,180,3,2026-10-06
GO0930,2000/01,30,2000-11-21,Riksdagens snabbprotokoll 2000/01:30 Tisdagen den 21 november,41,10,2026-10-06
GO0933,2000/01,33,2000-11-24,Riksdagens snabbprotokoll 2000/01:33 Fredagen den 24 november,60,0,2026-10-06
GO0932,2000/01,32,2000-11-23,Riksdagens snabbprotokoll 2000/01:32 Torsdagen den 23 november,245,11,2026-10-06
GO0931,2000/01,31,2000-11-22,Riksdagens snabbprotokoll 2000/01:31 Onsdagen den 22 november,240,76,2026-10-06
GO0934,2000/01,34,2000-11-27,Riksdagens snabbprotokoll 2000/01:34 Måndagen den 27 november,53,1,2026-10-06
GO0935,2000/01,35,2000-11-28,Riksdagens snabbprotokoll 2000/01:35 Tisdagen den 28 november,149,0,2026-10-06
GO0937,2000/01,37,2000-11-30,Riksdagens snabbprotokoll 2000/01:37 Torsdagen den 30 november,183,2,2026-10-06
GO0938,2000/01,38,2000-12-01,Riksdagens snabbprotokoll 2000/01:38 Fredagen den 1 december,58,0,2026-10-06
GO0936,2000/01,36,2000-11-29,Riksdagens snabbprotokoll 2000/01:36 Onsdagen den 29 november,191,1,2026-10-06
GO0939,2000/01,39,2000-12-04,Riksdagens snabbprotokoll 2000/01:39 Måndagen den 4 december,142,0,2026-10-06
GO0940,2000/01,40,2000-12-05,Riksdagens snabbprotokoll 2000/01:40 Tisdagen den 5 december,179,0,2026-10-06
GO0941,2000/01,41,2000-12-06,Riksdagens snabbprotokoll 2000/01:41 Onsdagen den 6 december,178,1,2026-10-06
GO0942,2000/01,42,2000-12-07,Riksdagens snabbprotokoll 2000/01:42 Torsdagen den 7 december,272,76,2026-10-06
GO0943,2000/01,43,2000-12-08,Riksdagens snabbprotokoll 2000/01:43 Fredagen den 8 december,168,0,2026-10-06
GO0944,2000/01,44,2000-12-11,Riksdagens snabbprotokoll 2000/01:44 Måndagen den 11 december,125,2,2026-10-06
GO0945,2000/01,45,2000-12-12,Riksdagens snabbprotokoll 2000/01:45 Tisdagen den 12 december,198,1,2026-10-06
GO0946,2000/01,46,2000-12-13,Riksdagens snabbprotokoll 2000/01:46 Onsdagen den 13 december,224,1,2026-10-06
GO0948,2000/01,48,2000-12-15,Riksdagens snabbprotokoll 2000/01:48 Fredagen den 15 december,84,0,2026-10-06
GO0947,2000/01,47,2000-12-14,Riksdagens snabbprotokoll 2000/01:47 Torsdagen den 14 december,286,0,2026-10-06
GO0949,2000/01,49,2000-12-15,Riksdagens snabbprotokoll 2000/01:49 Fredagen den 15 december,1,0,2026-10-06
GO0950,2000/01,50,2001-01-16,Riksdagens snabbprotokoll 2000/01:50 Tisdagen den 16 januari,120,6,2026-10-06
GO0951,2000/01,51,2001-01-17,Riksdagens snabbprotokoll 2000/01:51 Onsdagen den 17 januari,289,16,2026-10-06
GO0953,2000/01,53,2001-01-19,Riksdagens snabbprotokoll 2000/01:53 Fredagen den 19 januari,131,7,2026-10-06
GO0952,2000/01,52,2001-01-18,Riksdagens snabbprotokoll 2000/01:52 Torsdagen den 18 januari,418,7,2026-10-06
GO0954,2000/01,54,2001-01-23,Riksdagens snabbprotokoll 2000/01:54 Tisdagen den 23 januari,80,9,2026-10-06
GO0955,2000/01,55,2001-01-24,Riksdagens snabbprotokoll 2000/01:55 Onsdagen den 24 januari,163,2,2026-10-06
GO0957,2000/01,57,2001-01-26,Riksdagens snabbprotokoll 2000/01:57 Fredagen den 26 januari,94,7,2026-10-06
GO0956,2000/01,56,2001-01-25,Riksdagens snabbprotokoll 2000/01:56 Torsdagen den 25 januari,252,13,2026-10-06
GO0958,2000/01,58,2001-01-31,Riksdagens snabbprotokoll 2000/01:58 Onsdagen den 31 januari,116,0,2026-10-06
GO0960,2000/01,60,2001-02-02,Riksdagens snabbprotokoll 2000/01:60 Fredagen den 2 februari,7,0,2026-10-06
GO0959,2000/01,59,2001-02-01,Riksdagens snabbprotokoll 2000/01:59 Torsdagen den 1 februari,202,1,2026-10-06
GO0961,2000/01,61,2001-02-06,Riksdagens snabbprotokoll 2000/01:61 Tisdagen den 6 februari,135,4,2026-10-06
GO0963,2000/01,63,2001-02-08,Riksdagens snabbprotokoll 2000/01:63 Torsdagen den 8 februari,140,0,2026-10-06
GO0964,2000/01,64,2001-02-09,Riksdagens snabbprotokoll 2000/01:64 Fredagen den 9 februari,6,0,2026-10-06
GO0962,2000/01,62,2001-02-07,Riksdagens snabbprotokoll 2000/01:62 Onsdagen den 7 februari,144,2,2026-10-06
GO0965,2000/01,65,2001-02-13,Riksdagens snabbprotokoll 2000/01:65 Tisdagen den 13 februari,65,0,2026-10-06
GO0966,2000/01,66,2001-02-14,Riksdagens snabbprotokoll 2000/01:66 Onsdagen den 14 februari,31,0,2026-10-06
GO0968,2000/01,68,2001-02-16,Riksdagens snabbprotokoll 2000/01:68 Fredagen den 16 februari,16,0,2026-10-06
GO0967,2000/01,67,2001-02-15,Riksdagens snabbprotokoll 2000/01:67 Torsdagen den 15 februari,117,0,2026-10-06
GO0969,2000/01,69,2001-02-20,Riksdagens snabbprotokoll 2000/01:69 Tisdagen den 20 februari,23,0,2026-10-06
GO0972,2000/01,72,2001-02-23,Riksdagens snabbprotokoll 2000/01:72 Fredagen den 23 februari,9,7,2026-10-06
GO0971,2000/01,71,2001-02-22,Riksdagens snabbprotokoll 2000/01:71 Torsdagen den 22 februari,143,0,2026-10-06
GO0973,2000/01,73,2001-03-05,Riksdagens snabbprotokoll 2000/01:73 Måndagen den 5 mars,0,0,2026-10-06
GO0970,2000/01,70,2001-02-21,Riksdagens snabbprotokoll 2000/01:70 Onsdagen den 21 februari,192,0,2026-10-06
GO0974,2000/01,74,2001-03-06,Riksdagens snabbprotokoll 2000/01:74 Tisdagen den 6 mars,164,3,2026-10-06
GO0975,2000/01,75,2001-03-07,Riksdagens snabbprotokoll 2000/01:75 Onsdagen den 7 mars,239,5,2026-10-06
GO0977,2000/01,77,2001-03-09,Riksdagens snabbprotokoll 2000/01:77 Fredagen den 9 mars,82,0,2026-10-06
GO0976,2000/01,76,2001-03-08,Riksdagens snabbprotokoll 2000/01:76 Torsdagen den 8 mars,246,8,2026-10-06
GO0978,2000/01,78,2001-03-13,Riksdagens snabbprotokoll 2000/01:78 Tisdagen den 13 mars,125,1,2026-10-06
GO0980,2000/01,80,2001-03-15,Riksdagens snabbprotokoll 2000/01:80 Torsdagen den 15 mars,83,1,2026-10-06
GO0979,2000/01,79,2001-03-14,Riksdagens snabbprotokoll 2000/01:79 Onsdagen den 14 mars,135,0,2026-10-06
GO0981,2000/01,81,2001-03-16,Riksdagens snabbprotokoll 2000/01:81 Fredagen den 16 mars,25,2,2026-10-06
GO0982,2000/01,82,2001-03-20,Riksdagens snabbprotokoll 2000/01:82 Tisdagen den 20 mars,102,3,2026-10-06
GO0985,2000/01,85,2001-03-23,Riksdagens snabbprotokoll 2000/01:85 Fredagen den 23 mars,10,0,2026-10-06
GO0983,2000/01,83,2001-03-21,Riksdagens snabbprotokoll 2000/01:83 Onsdagen den 21 mars,220,0,2026-10-06
GO0984,2000/01,84,2001-03-22,Riksdagens snabbprotokoll 2000/01:84 Torsdagen den 22 mars,242,4,2026-10-06
GO0986,2000/01,86,2001-03-27,Riksdagens snabbprotokoll 2000/01:86 Tisdagen den 27 mars,85,21,2026-10-06
GO0989,2000/01,89,2001-03-30,Riksdagens snabbprotokoll 2000/01:89 Fredagen den 30 mars,33,0,2026-10-06
GO0987,2000/01,87,2001-03-28,Riksdagens snabbprotokoll 2000/01:87 Onsdagen den 28 mars,204,0,2026-10-06
GO0988,2000/01,88,2001-03-29,Riksdagens snabbprotokoll 2000/01:88 Torsdagen den 29 mars,244,8,2026-10-06
GO0990,2000/01,90,2001-04-03,Riksdagens snabbprotokoll 2000/01:90 Tisdagen den 3 april,78,0,2026-10-06
GO0993,2000/01,93,2001-04-06,Riksdagens snabbprotokoll 2000/01:93 Fredagen den 6 april,58,0,2026-10-06
GO0991,2000/01,91,2001-04-04,Riksdagens snabbprotokoll 2000/01:91 Onsdagen den 4 april,265,6,2026-10-06
GO0992,2000/01,92,2001-04-05,Riksdagens snabbprotokoll 2000/01:92 Torsdagen den 5 april,215,1,2026-10-06
GO0995,2000/01,95,2001-04-18,Riksdagens snabbprotokoll 2000/01:95 Onsdagen den 18 april,65,0,2026-10-06
GO0994,2000/01,94,2001-04-17,Riksdagens snabbprotokoll 2000/01:94 Tisdagen den 17 april,37,3,2026-10-06
GO0996,2000/01,96,2001-04-19,Riksdagens snabbprotokoll 2000/01:96 Torsdagen den 19 april,137,5,2026-10-06
GO0997,2000/01,97,2001-04-20,Riksdagens snabbprotokoll 2000/01:97 Fredagen den 20 april,78,0,2026-10-06
GO0998,2000/01,98,2001-04-24,Riksdagens snabbprotokoll 2000/01:98 Tisdagen den 24 april,107,20,2026-10-06
GO09100,2000/01,100,2001-04-26,Riksdagens snabbprotokoll 2000/01:100 Torsdagen den 26 april,122,0,2026-10-06
GO09101,2000/01,101,2001-04-27,Riksdagens snabbprotokoll 2000/01:101 Fredagen den 27 april,32,0,2026-10-06
GO0999,2000/01,99,2001-04-25,Riksdagens snabbprotokoll 2000/01:99 Onsdagen den 25 april,117,20,2026-10-06
GO09102,2000/01,102,2001-05-02,Riksdagens snabbprotokoll 2000/01:102 Onsdagen den 2 maj,138,0,2026-10-06
GO09103,2000/01,103,2001-05-03,Riksdagens snabbprotokoll 2000/01:103 Torsdagen den 3 maj,144,0,2026-10-06
GO09104,2000/01,104,2001-05-04,Riksdagens snabbprotokoll 2000/01:104 Fredagen den 4 maj,96,2,2026-10-06
GO09105,2000/01,105,2001-05-07,Riksdagens snabbprotokoll 2000/01:105 Måndagen den 7 maj,79,0,2026-10-06
GO09106,2000/01,106,2001-05-08,Riksdagens snabbprotokoll 2000/01:106 Tisdagen den 8 maj,93,0,2026-10-06
GO09108,2000/01,108,2001-05-10,Riksdagens snabbprotokoll 2000/01:108 Torsdagen den 10 maj,138,0,2026-10-06
GO09109,2000/01,109,2001-05-11,Riksdagens snabbprotokoll 2000/01:109 Fredagen den 11 maj,51,0,2026-10-06
GO09107,2000/01,107,2001-05-09,Riksdagens snabbprotokoll 2000/01:107 Onsdagen den 9 maj,150,0,2026-10-06
GO09110,2000/01,110,2001-05-14,Riksdagens snabbprotokoll 2000/01:110 Måndagen den 14 maj,78,0,2026-10-06
GO09111,2000/01,111,2001-05-15,Riksdagens snabbprotokoll 2000/01:111 Tisdagen den 15 maj,44,4,2026-10-06
GO09114,2000/01,114,2001-05-18,Riksdagens snabbprotokoll 2000/01:114 Fredagen den 18 maj,78,0,2026-10-06
GO09113,2000/01,113,2001-05-17,Riksdagens snabbprotokoll 2000/01:113 Torsdagen den 17 maj,227,27,2026-10-06
GO09112,2000/01,112,2001-05-16,Riksdagens snabbprotokoll 2000/01:112 Onsdagen den 16 maj,229,1,2026-10-06
GO09115,2000/01,115,2001-05-28,Riksdagens snabbprotokoll 2000/01:115 Måndagen den 28 maj,36,0,2026-10-06
GO09117,2000/01,117,2001-05-30,Riksdagens snabbprotokoll 2000/01:117 Onsdagen den 30 maj,179,0,2026-10-06
GO09118,2000/01,118,2001-05-31,Riksdagens snabbprotokoll 2000/01:118 Torsdagen den 31 maj,245,85,2026-10-06
GO09120,2000/01,120,2001-06-06,Riksdagens snabbprotokoll 2000/01:120 Onsdagen den 6 juni,0,0,2026-10-06
GO09116,2000/01,116,2001-05-29,Riksdagens snabbprotokoll 2000/01:116 Tisdagen den 29 maj,154,6,2026-10-06
GO09119,2000/01,119,2001-06-01,Riksdagens snabbprotokoll 2000/01:119 Fredagen den 1 juni,115,1,2026-10-06
GO09121,2000/01,121,2001-06-07,Riksdagens snabbprotokoll 2000/01:121 Torsdagen den 7 juni,0,0,2026-10-06
GO09122,2000/01,122,2001-06-11,Riksdagens snabbprotokoll 2000/01:122 Måndagen den 11 juni,164,0,2026-10-06
GO09123,2000/01,123,2001-06-12,Riksdagens snabbprotokoll 2000/01:123 Tisdagen den 12 juni,154,1,2026-10-06
GO09124,2000/01,124,2001-06-13,Riksdagens snabbprotokoll 2000/01:124 Onsdagen den 13 juni,247,5,2026-10-06
GO09126,2000/01,126,2001-06-18,Riksdagens snabbprotokoll 2000/01:126 Måndagen den 18 juni,0,0,2026-10-06
GO09125,2000/01,125,2001-06-14,Riksdagens snabbprotokoll 2000/01:125 Torsdagen den 14 juni,98,2,2026-10-06
GO09127,2000/01,127,2001-06-28,Riksdagens snabbprotokoll 2000/01:127 Torsdagen den 28 juni,0,0,2026-10-06
GP091,2001/02,1,2001-09-18,Riksdagens snabbprotokoll 2001/02:1 Tisdagen den 18 september,1,0,2026-10-06
GP092,2001/02,2,2001-09-18,Riksdagens snabbprotokoll 2001/02:2 Tisdagen den 18 september,3,1,2026-10-06
GP094,2001/02,4,2001-09-25,Riksdagens snabbprotokoll 2001/02:4 Tisdagen den 25 september,0,0,2026-10-06
GP093,2001/02,3,2001-09-20,Riksdagens snabbprotokoll 2001/02:3 Torsdagen den 20 september,25,4,2026-10-06
GP095,2001/02,5,2001-09-26,Riksdagens snabbprotokoll 2001/02:5 Onsdagen den 26 september,0,0,2026-10-06
GP098,2001/02,8,2001-10-03,Riksdagens snabbprotokoll 2001/02:8 Onsdagen den 3 oktober,0,0,2026-10-06
GP096,2001/02,6,2001-09-27,Riksdagens snabbprotokoll 2001/02:6 Torsdagen den 27 september,98,2,2026-10-06
GP097,2001/02,7,2001-10-02,Riksdagens snabbprotokoll 2001/02:7 Tisdagen den 2 oktober,40,2,2026-10-06
GP0910,2001/02,10,2001-10-05,Riksdagens snabbprotokoll 2001/02:10 Fredagen den 5 oktober,0,0,2026-10-06
GP0911,2001/02,11,2001-10-11,Riksdagens snabbprotokoll 2001/02:11 Torsdagen den 11 oktober,0,0,2026-10-06
GP099,2001/02,9,2001-10-04,Riksdagens snabbprotokoll 2001/02:9 Torsdagen den 4 oktober,43,0,2026-10-06
GP0912,2001/02,12,2001-10-16,Riksdagens snabbprotokoll 2001/02:12 Tisdagen den 16 oktober,30,0,2026-10-06
GP0914,2001/02,14,2001-10-18,Riksdagens snabbprotokoll 2001/02:14 Torsdagen den 18 oktober,261,1,2026-10-06
GP0915,2001/02,15,2001-10-19,Riksdagens snabbprotokoll 2001/02:15 Fredagen den 19 oktober,133,1,2026-10-06
GP0913,2001/02,13,2001-10-17,Riksdagens snabbprotokoll 2001/02:13 Onsdagen den 17 oktober,295,5,2026-10-06
GP0916,2001/02,16,2001-10-23,Riksdagens snabbprotokoll 2001/02:16 Tisdagen den 23 oktober,81,0,2026-10-06
GP0917,2001/02,17,2001-10-24,Riksdagens snabbprotokoll 2001/02:17 Onsdagen den 24 oktober,102,0,2026-10-06
GP0918,2001/02,18,2001-10-25,Riksdagens snabbprotokoll 2001/02:18 Torsdagen den 25 oktober,80,0,2026-10-06
GP0919,2001/02,19,2001-10-26,Riksdagens snabbprotokoll 2001/02:19 Fredagen den 26 oktober,16,0,2026-10-06
GP0920,2001/02,20,2001-10-30,Riksdagens snabbprotokoll 2001/02:20 Tisdagen den 30 oktober,56,12,2026-10-06
GP0923,2001/02,23,2001-11-02,Riksdagens snabbprotokoll 2001/02:23 Fredagen den 2 november,11,0,2026-10-06
GP0922,2001/02,22,2001-11-01,Riksdagens snabbprotokoll 2001/02:22 Torsdagen den 1 november,78,0,2026-10-06
GP0924,2001/02,24,2001-11-12,Riksdagens snabbprotokoll 2001/02:24 Måndagen den 12 november,42,0,2026-10-06
GP0925,2001/02,25,2001-11-13,Riksdagens snabbprotokoll 2001/02:25 Tisdagen den 13 november,35,0,2026-10-06
GP0926,2001/02,26,2001-11-14,Riksdagens snabbprotokoll 2001/02:26 Onsdagen den 14 november,73,0,2026-10-06
GP0928,2001/02,28,2001-11-16,Riksdagens snabbprotokoll 2001/02:28 Fredagen den 16 november,10,0,2026-10-06
GP0927,2001/02,27,2001-11-15,Riksdagens snabbprotokoll 2001/02:27 Torsdagen den 15 november,142,13,2026-10-06
GP0929,2001/02,29,2001-11-19,Riksdagens snabbprotokoll 2001/02:29 Måndagen den 19 november,21,0,2026-10-06
GP0930,2001/02,30,2001-11-20,Riksdagens snabbprotokoll 2001/02:30 Tisdagen den 20 november,51,1,2026-10-06
GP0931,2001/02,31,2001-11-21,Riksdagens snabbprotokoll 2001/02:31 Onsdagen den 21 november,119,2,2026-10-06
GP0933,2001/02,33,2001-11-23,Riksdagens snabbprotokoll 2001/02:33 Fredagen den 23 november,49,0,2026-10-06
GP0932,2001/02,32,2001-11-22,Riksdagens snabbprotokoll 2001/02:32 Torsdagen den 22 november,223,3,2026-10-06
GP0934,2001/02,34,2001-11-26,Riksdagens snabbprotokoll 2001/02:34 Måndagen den 26 november,64,2,2026-10-06
GP0935,2001/02,35,2001-11-27,Riksdagens snabbprotokoll 2001/02:35 Tisdagen den 27 november,98,0,2026-10-06
GP0936,2001/02,36,2001-11-28,Riksdagens snabbprotokoll 2001/02:36 Onsdagen den 28 november,150,7,2026-10-06
GP0937,2001/02,37,2001-11-29,Riksdagens snabbprotokoll 2001/02:37 Torsdagen den 29 november,212,88,2026-10-06
GP0939,2001/02,39,2001-12-03,Riksdagens snabbprotokoll 2001/02:39 Måndagen den 3 december,22,0,2026-10-06
GP0938,2001/02,38,2001-11-30,Riksdagens snabbprotokoll 2001/02:38 Fredagen den 30 november,128,1,2026-10-06
GP0940,2001/02,40,2001-12-04,Riksdagens snabbprotokoll 2001/02:40 Tisdagen den 4 december,97,2,2026-10-06
GP0941,2001/02,41,2001-12-05,Riksdagens snabbprotokoll 2001/02:41 Onsdagen den 5 december,208,3,2026-10-06
GP0942,2001/02,42,2001-12-06,Riksdagens snabbprotokoll 2001/02:42 Torsdagen den 6 december,268,0,2026-10-06
GP0943,2001/02,43,2001-12-07,Riksdagens snabbprotokoll 2001/02:43 Fredagen den 7 december,119,1,2026-10-06
GP0944,2001/02,44,2001-12-10,Riksdagens snabbprotokoll 2001/02:44 Måndagen den 10 december,124,0,2026-10-06
GP0946,2001/02,46,2001-12-12,Riksdagens snabbprotokoll 2001/02:46 Onsdagen den 12 december,150,5,2026-10-06
GP0945,2001/02,45,2001-12-11,Riksdagens snabbprotokoll 2001/02:45 Tisdagen den 11 december,178,0,2026-10-06
GP0949,2001/02,49,2001-12-14,Riksdagens snabbprotokoll 2001/02:49 Fredagen den 14 december,1,0,2026-10-06
GP0947,2001/02,47,2001-12-13,Riksdagens snabbprotokoll 2001/02:47 Torsdagen den 13 december,192,1,2026-10-06
GP0948,2001/02,48,2001-12-14,Riksdagens snabbprotokoll 2001/02:48 Fredagen den 14 december,92,0,2026-10-06
GP0951,2001/02,51,2002-01-15,Riksdagens snabbprotokoll 2001/02:51 Tisdagen den 15 januari,139,1,2026-10-06
GP0952,2001/02,52,2002-01-16,Riksdagens snabbprotokoll 2001/02:52 Onsdagen den 16 januari,62,2,2026-10-06
GP0954,2001/02,54,2002-01-18,Riksdagens snabbprotokoll 2001/02:54 Fredagen den 18 januari,12,0,2026-10-06
GP0953,2001/02,53,2002-01-17,Riksdagens snabbprotokoll 2001/02:53 Torsdagen den 17 januari,174,0,2026-10-06
GP0955,2001/02,55,2002-01-22,Riksdagens snabbprotokoll 2001/02:55 Tisdagen den 22 januari,87,0,2026-10-06
GP0956,2001/02,56,2002-01-23,Riksdagens snabbprotokoll 2001/02:56 Onsdagen den 23 januari,119,1,2026-10-06
GP0958,2001/02,58,2002-01-25,Riksdagens snabbprotokoll 2001/02:58 Fredagen den 25 januari,45,1,2026-10-06
GP0957,2001/02,57,2002-01-24,Riksdagens snabbprotokoll 2001/02:57 Torsdagen den 24 januari,210,0,2026-10-06
GP0959,2001/02,59,2002-01-29,Riksdagens snabbprotokoll 2001/02:59 Tisdagen den 29 januari,60,0,2026-10-06
GP0962,2001/02,62,2002-02-01,Riksdagens snabbprotokoll 2001/02:62 Fredagen den 1 februari,0,0,2026-10-06
GP0960,2001/02,60,2002-01-30,Riksdagens snabbprotokoll 2001/02:60 Onsdagen den 30 januari,165,45,2026-10-06
GP0961,2001/02,61,2002-01-31,Riksdagens snabbprotokoll 2001/02:61 Torsdagen den 31 januari,127,0,2026-10-06
GP0963,2001/02,63,2002-02-05,Riksdagens snabbprotokoll 2001/02:63 Tisdagen den 5 februari,126,3,2026-10-06
GP0965,2001/02,65,2002-02-07,Riksdagens snabbprotokoll 2001/02:65 Torsdagen den 7 februari,99,4,2026-10-06
GP0964,2001/02,64,2002-02-06,Riksdagens snabbprotokoll 2001/02:64 Onsdagen den 6 februari,136,3,2026-10-06
GP0966,2001/02,66,2002-02-08,Riksdagens snabbprotokoll 2001/02:66 Fredagen den 8 februari,14,0,2026-10-06
GP0967,2001/02,67,2002-02-12,Riksdagens snabbprotokoll 2001/02:67 Tisdagen den 12 februari,78,0,2026-10-06
GP0969,2001/02,69,2002-02-14,Riksdagens snabbprotokoll 2001/02:69 Torsdagen den 14 februari,111,7,2026-10-06
GP0970,2001/02,70,2002-02-15,Riksdagens snabbprotokoll 2001/02:70 Fredagen den 15 februari,13,0,2026-10-06
GP0968,2001/02,68,2002-02-13,Riksdagens snabbprotokoll 2001/02:68 Onsdagen den 13 februari,66,0,2026-10-06
GP0971,2001/02,71,2002-02-19,Riksdagens snabbprotokoll 2001/02:71 Tisdagen den 19 februari,65,0,2026-10-06
GP0973,2001/02,73,2002-02-21,Riksdagens snabbprotokoll 2001/02:73 Torsdagen den 21 februari,101,9,2026-10-06
GP0974,2001/02,74,2002-02-22,Riksdagens snabbprotokoll 2001/02:74 Fredagen den 22 februari,18,0,2026-10-06
GP0975,2001/02,75,2002-03-04,Riksdagens snabbprotokoll 2001/02:75 Måndagen den 4 mars,0,1,2026-10-06
GP0972,2001/02,72,2002-02-20,Riksdagens snabbprotokoll 2001/02:72 Onsdagen den 20 februari,224,1,2026-10-06
GP0976,2001/02,76,2002-03-05,Riksdagens snabbprotokoll 2001/02:76 Tisdagen den 5 mars,145,16,2026-10-06
GP0978,2001/02,78,2002-03-07,Riksdagens snabbprotokoll 2001/02:78 Torsdagen den 7 mars,202,0,2026-10-06
GP0977,2001/02,77,2002-03-06,Riksdagens snabbprotokoll 2001/02:77 Onsdagen den 6 mars,271,116,2026-10-06
GP0979,2001/02,79,2002-03-08,Riksdagens snabbprotokoll 2001/02:79 Fredagen den 8 mars,105,14,2026-10-06
GP0980,2001/02,80,2002-03-12,Riksdagens snabbprotokoll 2001/02:80 Tisdagen den 12 mars,24,0,2026-10-06
GP0983,2001/02,83,2002-03-15,Riksdagens snabbprotokoll 2001/02:83 Fredagen den 15 mars,0,0,2026-10-06
GP0984,2001/02,84,2002-03-19,Riksdagens snabbprotokoll 2001/02:84 Tisdagen den 19 mars,25,0,2026-10-06
GP0982,2001/02,82,2002-03-14,Riksdagens snabbprotokoll 2001/02:82 Torsdagen den 14 mars,223,1,2026-10-06
GP0981,2001/02,81,2002-03-13,Riksdagens snabbprotokoll 2001/02:81 Onsdagen den 13 mars,221,5,2026-10-06
GP0986,2001/02,86,2002-03-21,Riksdagens snabbprotokoll 2001/02:86 Torsdagen den 21 mars,237,8,2026-10-06
GP0987,2001/02,87,2002-03-22,Riksdagens snabbprotokoll 2001/02:87 Fredagen den 22 mars,115,1,2026-10-06
GP0985,2001/02,85,2002-03-20,Riksdagens snabbprotokoll 2001/02:85 Onsdagen den 20 mars,247,0,2026-10-06
GP0988,2001/02,88,2002-04-02,Riksdagens snabbprotokoll 2001/02:88 Tisdagen den 2 april,115,7,2026-10-06
GP0989,2001/02,89,2002-04-03,Riksdagens snabbprotokoll 2001/02:89 Onsdagen den 3 april,25,0,2026-10-06
GP0991,2001/02,91,2002-04-05,Riksdagens snabbprotokoll 2001/02:91 Fredagen den 5 april,106,0,2026-10-06
GP0990,2001/02,90,2002-04-04,Riksdagens snabbprotokoll 2001/02:90 Torsdagen den 4 april,288,0,2026-10-06
GP0992,2001/02,92,2002-04-09,Riksdagens snabbprotokoll 2001/02:92 Tisdagen den 9 april,62,0,2026-10-06
GP0993,2001/02,93,2002-04-10,Riksdagens snabbprotokoll 2001/02:93 Onsdagen den 10 april,245,20,2026-10-06
GP0995,2001/02,95,2002-04-15,Riksdagens snabbprotokoll 2001/02:95 Måndagen den 15 april,58,1,2026-10-06
GP0994,2001/02,94,2002-04-12,Riksdagens snabbprotokoll 2001/02:94 Fredagen den 12 april,91,2,2026-10-06
GP0996,2001/02,96,2002-04-16,Riksdagens snabbprotokoll 2001/02:96 Tisdagen den 16 april,106,9,2026-10-06
GP0998,2001/02,98,2002-04-18,Riksdagens snabbprotokoll 2001/02:98 Torsdagen den 18 april,123,2,2026-10-06
GP0997,2001/02,97,2002-04-17,Riksdagens snabbprotokoll 2001/02:97 Onsdagen den 17 april,162,3,2026-10-06
GP0999,2001/02,99,2002-04-19,Riksdagens snabbprotokoll 2001/02:99 Fredagen den 19 april,174,1,2026-10-06
GP09100,2001/02,100,2002-04-23,Riksdagens snabbprotokoll 2001/02:100 Tisdagen den 23 april,93,7,2026-10-06
GP09102,2001/02,102,2002-04-25,Riksdagens snabbprotokoll 2001/02:102 Torsdagen den 25 april,109,4,2026-10-06
GP09103,2001/02,103,2002-04-26,Riksdagens snabbprotokoll 2001/02:103 Fredagen den 26 april,70,0,2026-10-06
GP09101,2001/02,101,2002-04-24,Riksdagens snabbprotokoll 2001/02:101 Onsdagen den 24 april,232,0,2026-10-06
GP09104,2001/02,104,2002-05-13,Riksdagens snabbprotokoll 2001/02:104 Måndagen den 13 maj,84,0,2026-10-06
GP09105,2001/02,105,2002-05-14,Riksdagens snabbprotokoll 2001/02:105 Tisdagen den 14 maj,131,1,2026-10-06
GP09107,2001/02,107,2002-05-16,Riksdagens snabbprotokoll 2001/02:107 Torsdagen den 16 maj,97,1,2026-10-06
GP09106,2001/02,106,2002-05-15,Riksdagens snabbprotokoll 2001/02:106 Onsdagen den 15 maj,265,21,2026-10-06
GP09108,2001/02,108,2002-05-17,Riksdagens snabbprotokoll 2001/02:108 Fredagen den 17 maj,53,1,2026-10-06
GP09109,2001/02,109,2002-05-21,Riksdagens snabbprotokoll 2001/02:109 Tisdagen den 21 maj,153,7,2026-10-06
GP09110,2001/02,110,2002-05-22,Riksdagens snabbprotokoll 2001/02:110 Onsdagen den 22 maj,166,0,2026-10-06
GP09111,2001/02,111,2002-05-23,Riksdagens snabbprotokoll 2001/02:111 Torsdagen den 23 maj,154,0,2026-10-06
GP09112,2001/02,112,2002-05-24,Riksdagens snabbprotokoll 2001/02:112 Fredagen den 24 maj,43,34,2026-10-06
GP09113,2001/02,113,2002-05-27,Riksdagens snabbprotokoll 2001/02:113 Måndagen den 27 maj,186,5,2026-10-06
GP09114,2001/02,114,2002-05-28,Riksdagens snabbprotokoll 2001/02:114 Tisdagen den 28 maj,123,0,2026-10-06
GP09115,2001/02,115,2002-05-29,Riksdagens snabbprotokoll 2001/02:115 Onsdagen den 29 maj,188,0,2026-10-06
GP09116,2001/02,116,2002-05-30,Riksdagens snabbprotokoll 2001/02:116 Torsdagen den 30 maj,211,0,2026-10-06
GP09117,2001/02,117,2002-05-31,Riksdagens snabbprotokoll 2001/02:117 Fredagen den 31 maj,115,12,2026-10-06
GP09118,2001/02,118,2002-06-03,Riksdagens snabbprotokoll 2001/02:118 Måndagen den 3 juni,135,0,2026-10-06
GP09119,2001/02,119,2002-06-04,Riksdagens snabbprotokoll 2001/02:119 Tisdagen den 4 juni,159,0,2026-10-06
GP09121,2001/02,121,2002-06-10,Riksdagens snabbprotokoll 2001/02:121 Måndagen den 10 juni,116,2,2026-10-06
GP09120,2001/02,120,2002-06-05,Riksdagens snabbprotokoll 2001/02:120 Onsdagen den 5 juni,204,0,2026-10-06
GP09122,2001/02,122,2002-06-11,Riksdagens snabbprotokoll 2001/02:122 Tisdagen den 11 juni,198,1,2026-10-06
GP09124,2001/02,124,2002-06-13,Riksdagens snabbprotokoll 2001/02:124 Torsdagen den 13 juni,215,1,2026-10-06
GP09125,2001/02,125,2002-06-14,Riksdagens snabbprotokoll 2001/02:125 Fredagen den 14 juni,76,2,2026-10-06
GP09126,2001/02,126,2002-07-11,Riksdagens protokoll 2001/02:126 Torsdagen den 11 juli ,0,0,2026-10-06
GP09123,2001/02,123,2002-06-12,Riksdagens snabbprotokoll 2001/02:123 Onsdagen den 12 juni,258,7,2026-10-06
GQ091,2002/03,1,2002-09-30,Riksdagens snabbprotokoll 2002/03:1 Måndagen den 30 september,9,0,2026-10-06
GQ092,2002/03,2,2002-10-01,Riksdagens snabbprotokoll 2002/03:2 Tisdagen den 1 oktober,3,1,2026-10-06
GQ093,2002/03,3,2002-10-02,Riksdagens snabbprotokoll 2002/03:3 Onsdagen den 2 oktober,7,0,2026-10-06
GQ095,2002/03,5,2002-10-10,Riksdagens snabbprotokoll 2002/03:5 Torsdagen den 10 oktober,60,4,2026-10-06
GQ094,2002/03,4,2002-10-08,Riksdagens snabbprotokoll 2002/03:4 Tisdagen den 8 oktober,31,1,2026-10-06
GQ096,2002/03,6,2002-10-15,Riksdagens snabbprotokoll 2002/03:6 Tisdagen den 15 oktober,28,0,2026-10-06
GQ097,2002/03,7,2002-10-17,Riksdagens snabbprotokoll 2002/03:7 Torsdagen den 17 oktober,68,1,2026-10-06
GQ098,2002/03,8,2002-10-22,Riksdagens snabbprotokoll 2002/03:8 Tisdagen den 22 oktober,7,0,2026-10-06
GQ0910,2002/03,10,2002-10-30,Riksdagens snabbprotokoll 2002/03:10 Onsdagen den 30 oktober,0,0,2026-10-06
GQ099,2002/03,9,2002-10-24,Riksdagens snabbprotokoll 2002/03:9 Torsdagen den 24 oktober,84,3,2026-10-06
GP0921,2001/02,21,2002-10-31,Riksdagens snabbprotokoll 2001/02:21 Torsdagen den 31 oktober,74,21,2026-10-06
GQ0911,2002/03,11,2002-11-05,Riksdagens snabbprotokoll 2002/03:11 Tisdagen den 5 november,30,0,2026-10-06
GQ0912,2002/03,12,2002-11-06,Riksdagens snabbprotokoll 2002/03:12 Onsdagen den 6 november,324,1,2026-10-06
GQ0914,2002/03,14,2002-11-08,Riksdagens snabbprotokoll 2002/03:14 Fredagen den 8 november,209,2,2026-10-06
GQ0915,2002/03,15,2002-11-12,Riksdagens snabbprotokoll 2002/03:15 Tisdagen den 12 november,19,4,2026-10-06
GQ0913,2002/03,13,2002-11-07,Riksdagens snabbprotokoll 2002/03:13 Torsdagen den 7 november,425,46,2026-10-06
GQ0916,2002/03,16,2002-11-13,Riksdagens snabbprotokoll 2002/03:16 Onsdagen den 13 november,166,0,2026-10-06
GQ0918,2002/03,18,2002-11-15,Riksdagens snabbprotokoll 2002/03:18 Fredagen den 15 november,8,0,2026-10-06
GQ0917,2002/03,17,2002-11-14,Riksdagens snabbprotokoll 2002/03:17 Torsdagen den 14 november,75,0,2026-10-06
GQ0919,2002/03,19,2002-11-19,Riksdagens snabbprotokoll 2002/03:19 Tisdagen den 19 november,29,0,2026-10-06
GQ0921,2002/03,21,2002-11-21,Riksdagens snabbprotokoll 2002/03:21 Torsdagen den 21 november,65,0,2026-10-06
GQ0922,2002/03,22,2002-11-22,Riksdagens snabbprotokoll 2002/03:22 Fredagen den 22 november,25,0,2026-10-06
GQ0923,2002/03,23,2002-11-26,Riksdagens snabbprotokoll 2002/03:23 Tisdagen den 26 november,20,0,2026-10-06
GQ0920,2002/03,20,2002-11-20,Riksdagens snabbprotokoll 2002/03:20 Onsdagen den 20 november,144,0,2026-10-06
GQ0924,2002/03,24,2002-11-27,Riksdagens snabbprotokoll 2002/03:24 Onsdagen den 27 november,24,0,2026-10-06
GQ0925,2002/03,25,2002-11-28,Riksdagens snabbprotokoll 2002/03:25 Torsdagen den 28 november,106,2,2026-10-06
GQ0926,2002/03,26,2002-11-29,Riksdagens snabbprotokoll 2002/03:26 Fredagen den 29 november,32,0,2026-10-06
GQ0927,2002/03,27,2002-12-02,Riksdagens snabbprotokoll 2002/03:27 Måndagen den 2 december,0,0,2026-10-06
GQ0928,2002/03,28,2002-12-03,Riksdagens snabbprotokoll 2002/03:28 Tisdagen den 3 december,128,11,2026-10-06
GQ0929,2002/03,29,2002-12-04,Riksdagens snabbprotokoll 2002/03:29 Onsdagen den 4 december,110,1,2026-10-06
GQ0930,2002/03,30,2002-12-05,Riksdagens snabbprotokoll 2002/03:30 Torsdagen den 5 december,217,2,2026-10-06
GQ0931,2002/03,31,2002-12-06,Riksdagens snabbprotokoll 2002/03:31 Fredagen den 6 december,106,2,2026-10-06
GQ0932,2002/03,32,2002-12-09,Riksdagens snabbprotokoll 2002/03:32 Måndagen den 9 december,115,0,2026-10-06
GQ0933,2002/03,33,2002-12-10,Riksdagens snabbprotokoll 2002/03:33 Tisdagen den 10 december,137,2,2026-10-06
GQ0934,2002/03,34,2002-12-11,Riksdagens snabbprotokoll 2002/03:34 Onsdagen den 11 december,128,0,2026-10-06
GQ0935,2002/03,35,2002-12-12,Riksdagens snabbprotokoll 2002/03:35 Torsdagen den 12 december,188,2,2026-10-06
GQ0936,2002/03,36,2002-12-13,Riksdagens snabbprotokoll 2002/03:36 Fredagen den 13 december,80,80,2026-10-06
GQ0937,2002/03,37,2002-12-16,Riksdagens snabbprotokoll 2002/03:37 Tisdagen den 16 december,191,2,2026-10-06
GQ0938,2002/03,38,2002-12-17,Riksdagens snabbprotokoll 2002/03:38 Tisdagen den 17 december,142,3,2026-10-06
GQ0939,2002/03,39,2002-12-18,Riksdagens snabbprotokoll 2002/03:39 Onsdagen den 18 december,205,1,2026-10-06
GQ0941,2002/03,41,2002-12-20,Riksdagens snabbprotokoll 2002/03:41 Fredagen den 20 december,68,1,2026-10-06
GQ0940,2002/03,40,2002-12-19,Riksdagens snabbprotokoll 2002/03:40 Torsdagen den 19 december,181,0,2026-10-06
GQ0942,2002/03,42,2002-12-20,Riksdagens snabbprotokoll 2002/03:42 Fredagen den 20 december,3,0,2026-10-06
GP0950,2001/02,50,2002-12-28,Riksdagens snabbprotokoll 2001/02:50 Lördagen den 28 december,0,0,2026-10-06
GQ0943,2002/03,43,2003-01-21,Riksdagens snabbprotokoll 2002/03:43 Tisdagen den 21 januari,139,0,2026-10-06
GQ0945,2002/03,45,2003-01-23,Riksdagens snabbprotokoll 2002/03:45 Torsdagen den 23 januari,96,1,2026-10-06
GQ0944,2002/03,44,2003-01-22,Riksdagens snabbprotokoll 2002/03:44 Onsdagen den 22 januari,57,1,2026-10-06
GQ0946,2002/03,46,2003-01-24,Riksdagens snabbprotokoll 2002/03:46 Fredagen den 24 januari,75,1,2026-10-06
GQ0947,2002/03,47,2003-01-28,Riksdagens snabbprotokoll 2002/03:47 Tisdagen den 28 januari,106,4,2026-10-06
GQ0949,2002/03,49,2003-01-30,Riksdagens snabbprotokoll 2002/03:49 Torsdagen den 30 januari,77,0,2026-10-06
GQ0948,2002/03,48,2003-01-29,Riksdagens snabbprotokoll 2002/03:48 Onsdagen den 29 januari,142,55,2026-10-06
GQ0950,2002/03,50,2003-01-31,Riksdagens snabbprotokoll 2002/03:50 Fredagen den 31 januari,105,3,2026-10-06
GQ0951,2002/03,51,2003-02-04,Riksdagens snabbprotokoll 2002/03:51 Tisdagen den 4 februari,47,0,2026-10-06
GQ0952,2002/03,52,2003-02-05,Riksdagens snabbprotokoll 2002/03:52 Onsdagen den 5 februari,61,0,2026-10-06
GQ0953,2002/03,53,2003-02-06,Riksdagens snabbprotokoll 2002/03:53 Torsdagen den 6 februari,94,0,2026-10-06
GQ0954,2002/03,54,2003-02-07,Riksdagens snabbprotokoll 2002/03:54 Fredagen den 7 februari,0,0,2026-10-06
GQ0955,2002/03,55,2003-02-11,Riksdagens snabbprotokoll 2002/03:55 Tisdagen den 11 februari,34,0,2026-10-06
GQ0957,2002/03,57,2003-02-13,Riksdagens snabbprotokoll 2002/03:57 Torsdagen den 13 februari,125,7,2026-10-06
GQ0956,2002/03,56,2003-02-12,Riksdagens snabbprotokoll 2002/03:56 Onsdagen den 12 februari,60,0,2026-10-06
GQ0958,2002/03,58,2003-02-14,Riksdagens snabbprotokoll 2002/03:58 Fredagen den 14 februari,48,7,2026-10-06
GQ0959,2002/03,59,2003-02-17,Riksdagens snabbprotokoll 2002/03:59 Måndagen den 17 februari,0,0,2026-10-06
GQ0960,2002/03,60,2003-02-18,Riksdagens snabbprotokoll 2002/03:60 Tisdagen den 18 februari,76,0,2026-10-06
GQ0962,2002/03,62,2003-02-20,Riksdagens snabbprotokoll 2002/03:62 Torsdagen den 20 februari,83,3,2026-10-06
GQ0963,2002/03,63,2003-02-21,Riksdagens snabbprotokoll 2002/03:63 Fredagen den 21 februari,0,1,2026-10-06
GQ0964,2002/03,64,2003-03-03,Riksdagens snabbprotokoll 2002/03:64 Måndagen den 3 mars,0,1,2026-10-06
GQ0961,2002/03,61,2003-02-19,Riksdagens snabbprotokoll 2002/03:61 Onsdagen den 19 februari,208,0,2026-10-06
GQ0965,2002/03,65,2003-03-04,Riksdagens snabbprotokoll 2002/03:65 Tisdagen den 4 mars,67,11,2026-10-06
GQ0968,2002/03,68,2003-03-07,Riksdagens snabbprotokoll 2002/03:68 Fredagen den 7 mars,64,1,2026-10-06
GQ0967,2002/03,67,2003-03-06,Riksdagens snabbprotokoll 2002/03:67 Torsdagen den 6 mars,189,18,2026-10-06
GQ0969,2002/03,69,2003-03-11,Riksdagens snabbprotokoll 2002/03:69 Tisdagen den 11 mars,28,0,2026-10-06
GQ0966,2002/03,66,2003-03-05,Riksdagens snabbprotokoll 2002/03:66 Onsdagen den 5 mars,277,16,2026-10-06
GQ0971,2002/03,71,2003-03-13,Riksdagens snabbprotokoll 2002/03:71 Torsdagen den 13 mars,86,0,2026-10-06
GQ0970,2002/03,70,2003-03-12,Riksdagens snabbprotokoll 2002/03:70 Onsdagen den 12 mars,183,8,2026-10-06
GQ0972,2002/03,72,2003-03-14,Riksdagens snabbprotokoll 2002/03:72 Fredagen den 14 mars,72,21,2026-10-06
GQ0973,2002/03,73,2003-03-18,Riksdagens snabbprotokoll 2002/03:73 Tisdagen den 18 mars,65,0,2026-10-06
GQ0974,2002/03,74,2003-03-19,Riksdagens snabbprotokoll 2002/03:74 Onsdagen den 19 mars,191,2,2026-10-06
GQ0976,2002/03,76,2003-03-21,Riksdagens snabbprotokoll 2002/03:76 Fredagen den 21 mars,94,51,2026-10-06
GQ0977,2002/03,77,2003-03-24,Riksdagens snabbprotokoll 2002/03:77 Måndagen den 24 mars,0,0,2026-10-06
GQ0975,2002/03,75,2003-03-20,Riksdagens snabbprotokoll 2002/03:75 Torsdagen den 20 mars,113,0,2026-10-06
GQ0978,2002/03,78,2003-03-25,Riksdagens snabbprotokoll 2002/03:78 Tisdagen den 25 mars,112,0,2026-10-06
GQ0981,2002/03,81,2003-03-28,Riksdagens snabbprotokoll 2002/03:81 Fredagen den 28 mars,23,0,2026-10-06
GQ0980,2002/03,80,2003-03-27,Riksdagens snabbprotokoll 2002/03:80 Torsdagen den 27 mars,237,2,2026-10-06
GQ0979,2002/03,79,2003-03-26,Riksdagens snabbprotokoll 2002/03:79 Onsdagen den 26 mars,220,3,2026-10-06
GQ0982,2002/03,82,2003-04-01,Riksdagens snabbprotokoll 2002/03:82 Tisdagen den 1 april,36,0,2026-10-06
GQ0985,2002/03,85,2003-04-04,Riksdagens snabbprotokoll 2002/03:85 Fredagen den 4 april,68,0,2026-10-06
GQ0984,2002/03,84,2003-04-03,Riksdagens snabbprotokoll 2002/03:84 Torsdagen den 3 april,161,3,2026-10-06
GQ0986,2002/03,86,2003-04-08,Riksdagens snabbprotokoll 2002/03:86 Tisdagen den 8 april,102,0,2026-10-06
GQ0983,2002/03,83,2003-04-02,Riksdagens snabbprotokoll 2002/03:83 Onsdagen den 2 april,249,2,2026-10-06
GQ0987,2002/03,87,2003-04-09,Riksdagens snabbprotokoll 2002/03:87 Onsdagen den 9 april,240,4,2026-10-06
GQ0990,2002/03,90,2003-04-14,Riksdagens snabbprotokoll 2002/03:90 Måndagen den 14 april,0,0,2026-10-06
GQ0989,2002/03,89,2003-04-11,Riksdagens snabbprotokoll 2002/03:89 Fredagen den 11 april,100,0,2026-10-06
GQ0988,2002/03,88,2003-04-10,Riksdagens snabbprotokoll 2002/03:88 Torsdagen den 10 april,173,0,2026-10-06
GQ0993,2002/03,93,2003-04-24,Riksdagens snabbprotokoll 2002/03:93 Torsdagen den 24 april,0,1,2026-10-06
GQ0991,2002/03,91,2003-04-15,Riksdagens snabbprotokoll 2002/03:91 Tisdagen den 15 april,35,0,2026-10-06
GQ0992,2002/03,92,2003-04-16,Riksdagens snabbprotokoll 2002/03:92 Onsdagen den 16 april,133,41,2026-10-06
GQ0994,2002/03,94,2003-04-28,Riksdagens snabbprotokoll 2002/03:94 Måndagen den 28 april,0,0,2026-10-06
GQ0996,2002/03,96,2003-05-05,Riksdagens snabbprotokoll 2002/03:96 Måndagen den 5 maj,55,1,2026-10-06
GQ0995,2002/03,95,2003-04-29,Riksdagens snabbprotokoll 2002/03:95 Tisdagen den 29 april,132,16,2026-10-06
GQ0997,2002/03,97,2003-05-06,Riksdagens snabbprotokoll 2002/03:97 Tisdagen den 6 maj,49,0,2026-10-06
GQ09100,2002/03,100,2003-05-09,Riksdagens snabbprotokoll 2002/03:100 Fredagen den 9 maj,0,1,2026-10-06
GQ0999,2002/03,99,2003-05-08,Riksdagens snabbprotokoll 2002/03:99 Torsdagen den 8 maj,145,11,2026-10-06
GQ09101,2002/03,101,2003-05-12,Riksdagens snabbprotokoll 2002/03:101 Måndagen den 12 maj,40,0,2026-10-06
GQ0998,2002/03,98,2003-05-07,Riksdagens snabbprotokoll 2002/03:98 Onsdagen den 7 maj,269,0,2026-10-06
GQ09102,2002/03,102,2003-05-13,Riksdagens snabbprotokoll 2002/03:102 Tisdagen den 13 maj,69,0,2026-10-06
GQ09103,2002/03,103,2003-05-14,Riksdagens snabbprotokoll 2002/03:103 Onsdagen den 14 maj,149,0,2026-10-06
GQ09104,2002/03,104,2003-05-15,Riksdagens snabbprotokoll 2002/03:104 Torsdagen den 15 maj,146,0,2026-10-06
GQ09105,2002/03,105,2003-05-16,Riksdagens snabbprotokoll 2002/03:105 Fredagen den 16 maj,50,0,2026-10-06
GQ09106,2002/03,106,2003-05-19,Riksdagens snabbprotokoll 2002/03:106 Måndagen den 19 maj,57,9,2026-10-06
GQ09107,2002/03,107,2003-05-20,Riksdagens snabbprotokoll 2002/03:107 Tisdagen den 20 maj,110,1,2026-10-06
GQ09108,2002/03,108,2003-05-21,Riksdagens snabbprotokoll 2002/03:108 Onsdagen den 21 maj,26,0,2026-10-06
GQ09109,2002/03,109,2003-05-22,Riksdagens snabbprotokoll 2002/03:109 Torsdagen den 22 maj,239,31,2026-10-06
GQ09110,2002/03,110,2003-05-23,Riksdagens snabbprotokoll 2002/03:110 Fredagen den 23 maj,94,3,2026-10-06
GQ09111,2002/03,111,2003-05-26,Riksdagens snabbprotokoll 2002/03:111 Måndagen den 26 maj,239,9,2026-10-06
GQ09113,2002/03,113,2003-05-28,Riksdagens snabbprotokoll 2002/03:113 Onsdagen den 28 maj,192,0,2026-10-06
GQ09112,2002/03,112,2003-05-27,Riksdagens snabbprotokoll 2002/03:112 Tisdagen den 27 maj,160,0,2026-10-06
GQ09114,2002/03,114,2003-06-02,Riksdagens snabbprotokoll 2002/03:114 Måndagen den 2 juni,105,13,2026-10-06
GQ09115,2002/03,115,2003-06-03,Riksdagens snabbprotokoll 2002/03:115 Tisdagen den 3 juni,218,66,2026-10-06
GQ09118,2002/03,118,2003-06-06,Riksdagens snabbprotokoll 2002/03:118 Fredagen den 6 juni,0,0,2026-10-06
GQ09117,2002/03,117,2003-06-05,Riksdagens snabbprotokoll 2002/03:117 Torsdagen den 5 juni,190,1,2026-10-06
GQ09116,2002/03,116,2003-06-04,Riksdagens snabbprotokoll 2002/03:116 Onsdagen den 4 juni,290,2,2026-10-06
GQ09119,2002/03,119,2003-06-10,Riksdagens snabbprotokoll 2002/03:119 Tisdagen den 10 juni,165,0,2026-10-06
GQ09120,2002/03,120,2003-06-11,Riksdagens snabbprotokoll 2002/03:120 Onsdagen den 11 juni,134,0,2026-10-06
GQ09123,2002/03,123,2003-06-24,Riksdagens protokoll 2002/03:123 Tisdagen den 24 juni,0,0,2026-10-06
GQ09121,2002/03,121,2003-06-12,Riksdagens snabbprotokoll 2002/03:121 Torsdagen den 12 juni,141,1,2026-10-06
GQ09122,2002/03,122,2003-06-13,Riksdagens snabbprotokoll 2002/03:122 Fredagen den 13 juni,80,0,2026-10-06
GR09133,2003/04,133,2003-07-02,Riksdagens protokoll 2003/04:133 Fredagen den 2 juli,0,0,2026-10-06
GR09134,2003/04,134,2003-07-08,Riksdagens protokoll 2003/04:134 Torsdagen den 8 juli,0,0,2026-10-06
GR091,2003/04,1,2003-09-16,Riksdagens protokoll 2003/04:1 Tisdagen den 16 september,2,0,2026-10-06
GR093,2003/04,3,2003-09-17,Riksdagens protokoll 2003/04:3 Onsdagen den 17 september,0,0,2026-10-06
GR092,2003/04,2,2003-09-16,Riksdagens protokoll 2003/04:2 Tisdagen den 16 september,3,1,2026-10-06
GR094,2003/04,4,2003-09-18,Riksdagens protokoll 2003/04:4 Torsdagen den 18 september,32,0,2026-10-06
GR096,2003/04,6,2003-09-23,Riksdagens protokoll 2003/04:6 Tisdagen den 23 september,0,0,2026-10-06
GR095,2003/04,5,2003-09-22,Riksdagens protokoll 2003/04:5 Måndagen den 22 september,41,0,2026-10-06
GR097,2003/04,7,2003-09-25,Riksdagens protokoll 2003/04:7 Torsdagen den 25 september,51,0,2026-10-06
GR0910,2003/04,10,2003-10-03,Riksdagens protokoll 2003/04:10 Fredagen den 3 oktober,0,0,2026-10-06
GR099,2003/04,9,2003-10-02,Riksdagens protokoll 2003/04:9 Torsdagen den 2 oktober,94,0,2026-10-06
GR098,2003/04,8,2003-09-30,Riksdagens protokoll 2003/04:8 Tisdagen den 30 september,19,0,2026-10-06
GR0911,2003/04,11,2003-10-06,Riksdagens protokoll 2003/04:11 Måndagen den 6 oktober,36,0,2026-10-06
GR0912,2003/04,12,2003-10-14,Riksdagens protokoll 2003/04:12 Tisdagen den 14 oktober,36,3,2026-10-06
GR0913,2003/04,13,2003-10-15,Riksdagens protokoll 2003/04:13 Onsdagen den 15 oktober,173,0,2026-10-06
GR0915,2003/04,15,2003-10-17,Riksdagens protokoll 2003/04:15 Fredagen den 17 oktober,96,1,2026-10-06
GR0914,2003/04,14,2003-10-16,Riksdagens protokoll 2003/04:14 Torsdagen den 16 oktober,311,96,2026-10-06
GR0916,2003/04,16,2003-10-21,Riksdagens protokoll 2003/04:16 Tisdagen den 21 oktober,101,0,2026-10-06
GR0917,2003/04,17,2003-10-22,Riksdagens protokoll 2003/04:17 Onsdagen den 22 oktober,167,20,2026-10-06
GR0918,2003/04,18,2003-10-23,Riksdagens protokoll 2003/04:18 Torsdagen den 23 oktober,80,0,2026-10-06
GR0919,2003/04,19,2003-10-24,Riksdagens protokoll 2003/04:19 Fredagen den 24 oktober,37,0,2026-10-06
GR0920,2003/04,20,2003-10-28,Riksdagens protokoll 2003/04:20 Tisdagen den 28 oktober,24,0,2026-10-06
GR0921,2003/04,21,2003-10-29,Riksdagens protokoll 2003/04:21 Onsdagen den 29 oktober,104,0,2026-10-06
GR0923,2003/04,23,2003-10-31,Riksdagens protokoll 2003/04:23 Fredagen den 31 oktober,0,1,2026-10-06
GR0922,2003/04,22,2003-10-30,Riksdagens protokoll 2003/04:22 Torsdagen den 30 oktober,108,0,2026-10-06
GR0924,2003/04,24,2003-11-10,Riksdagens protokoll 2003/04:24 Måndagen den 10 november,34,2,2026-10-06
GR0925,2003/04,25,2003-11-11,Riksdagens protokoll 2003/04:25 Tisdagen den 11 november,144,33,2026-10-06
GR0926,2003/04,26,2003-11-12,Riksdagens protokoll 2003/04:26 Onsdagen den 12 november,223,9,2026-10-06
GR0927,2003/04,27,2003-11-13,Riksdagens protokoll 2003/04:27 Torsdagen den 13 november,126,18,2026-10-06
GR0928,2003/04,28,2003-11-14,Riksdagens protokoll 2003/04:28 Fredagen den 14 november,68,0,2026-10-06
GR0929,2003/04,29,2003-11-17,Riksdagens protokoll 2003/04:29 Måndagen den 17 november,39,0,2026-10-06
GR0930,2003/04,30,2003-11-18,Riksdagens protokoll 2003/04:30 Tisdagen den 18 november,59,0,2026-10-06
GR0933,2003/04,33,2003-11-21,Riksdagens protokoll 2003/04:33 Fredagen den 21 november,9,0,2026-10-06
GR0931,2003/04,31,2003-11-19,Riksdagens protokoll 2003/04:31 Onsdagen den 19 november,118,2,2026-10-06
GR0932,2003/04,32,2003-11-20,Riksdagens protokoll 2003/04:32 Torsdagen den 20 november,254,16,2026-10-06
GR0935,2003/04,35,2003-11-25,Riksdagens protokoll 2003/04:35 Tisdagen den 25 november,76,10,2026-10-06
GR0934,2003/04,34,2003-11-24,Riksdagens protokoll 2003/04:34 Måndagen den 24 november,94,4,2026-10-06
GR0937,2003/04,37,2003-11-27,Riksdagens protokoll 2003/04:37 Torsdagen den 27 november,73,0,2026-10-06
GR0936,2003/04,36,2003-11-26,Riksdagens protokoll 2003/04:36 Onsdagen den 26 november,190,1,2026-10-06
GR0938,2003/04,38,2003-11-28,Riksdagens protokoll 2003/04:38 Fredagen den 28 november,44,0,2026-10-06
GR0939,2003/04,39,2003-12-01,Riksdagens protokoll 2003/04:39 Måndagen den 1 december,36,0,2026-10-06
GR0940,2003/04,40,2003-12-02,Riksdagens protokoll 2003/04:40 Tisdagen den 2 december,55,0,2026-10-06
GR0941,2003/04,41,2003-12-03,Riksdagens protokoll 2003/04:41 Onsdagen den 3 december,212,56,2026-10-06
GR0943,2003/04,43,2003-12-05,Riksdagens protokoll 2003/04:43 Fredagen den 5 december,144,0,2026-10-06
GR0942,2003/04,42,2003-12-04,Riksdagens protokoll 2003/04:42 Torsdagen den 4 december,233,43,2026-10-06
GR0944,2003/04,44,2003-12-08,Riksdagens protokoll 2003/04:44 Måndagen den 8 december,108,0,2026-10-06
GR0946,2003/04,46,2003-12-10,Riksdagens protokoll 2003/04:46 Onsdagen den 10 december,117,1,2026-10-06
GR0945,2003/04,45,2003-12-09,Riksdagens protokoll 2003/04:45 Tisdagen den 9 december,167,0,2026-10-06
GR0947,2003/04,47,2003-12-11,Riksdagens protokoll 2003/04:47 Torsdagen den 11 december,214,2,2026-10-06
GR0948,2003/04,48,2003-12-12,Riksdagens protokoll 2003/04:48 Fredagen den 12 december,108,22,2026-10-06
GR0949,2003/04,49,2003-12-15,Riksdagens protokoll 2003/04:49 Måndagen den 15 december,129,0,2026-10-06
GR0950,2003/04,50,2003-12-16,Riksdagens protokoll 2003/04:50 Tisdagen den 16 december,233,1,2026-10-06
GR0953,2003/04,53,2003-12-18,Riksdagens protokoll 2003/04:53 Torsdagen den 18 december,1,0,2026-10-06
GR0951,2003/04,51,2003-12-17,Riksdagens protokoll 2003/04:51 Onsdagen den 17 december,173,38,2026-10-06
GR0952,2003/04,52,2003-12-18,Riksdagens protokoll 2003/04:52 Torsdagen den 18 december,87,1,2026-10-06
GR0955,2003/04,55,2004-01-21,Riksdagens protokoll 2003/04:55 Onsdagen den 21 januari,64,1,2026-10-06
GR0956,2003/04,56,2004-01-22,Riksdagens protokoll 2003/04:56 Torsdagen den 22 januari,81,0,2026-10-06
GR0954,2003/04,54,2004-01-20,Riksdagens protokoll 2003/04:54 Tisdagen den 20 januari,136,0,2026-10-06
GR0959,2003/04,59,2004-01-28,Riksdagens protokoll 2003/04:59 Onsdagen den 28 januari,35,0,2026-10-06
GR0957,2003/04,57,2004-01-23,Riksdagens protokoll 2003/04:57 Fredagen den 23 januari,32,0,2026-10-06
GR0958,2003/04,58,2004-01-27,Riksdagens protokoll 2003/04:58 Tisdagen den 27 januari,131,21,2026-10-06
GR0961,2003/04,61,2004-01-30,Riksdagens protokoll 2003/04:61 Fredagen den 30 januari,19,0,2026-10-06
GR0960,2003/04,60,2004-01-29,Riksdagens protokoll 2003/04:60 Torsdagen den 29 januari,143,13,2026-10-06
GR0962,2003/04,62,2004-02-03,Riksdagens protokoll 2003/04:62 Tisdagen den 3 februari,81,0,2026-10-06
GR0963,2003/04,63,2004-02-04,Riksdagens protokoll 2003/04:63 Onsdagen den 4 februari,39,0,2026-10-06
GR0964,2003/04,64,2004-02-05,Riksdagens protokoll 2003/04:64 Torsdagen den 5 februari,111,0,2026-10-06
GR0965,2003/04,65,2004-02-06,Riksdagens protokoll 2003/04:65 Fredagen den 6 februari,51,0,2026-10-06
GR0966,2003/04,66,2004-02-10,Riksdagens protokoll 2003/04:66 Tisdagen den 10 februari,76,0,2026-10-06
GR0968,2003/04,68,2004-02-12,Riksdagens protokoll 2003/04:68 Torsdagen den 12 februari,71,0,2026-10-06
GR0969,2003/04,69,2004-02-13,Riksdagens protokoll 2003/04:69 Fredagen den 13 februari,16,0,2026-10-06
GR0967,2003/04,67,2004-02-11,Riksdagens protokoll 2003/04:67 Onsdagen den 11 februari,51,0,2026-10-06
GR0970,2003/04,70,2004-02-17,Riksdagens protokoll 2003/04:70 Tisdagen den 17 februari,64,0,2026-10-06
GR0972,2003/04,72,2004-02-19,Riksdagens protokoll 2003/04:72 Torsdagen den 19 februari,113,15,2026-10-06
GR0973,2003/04,73,2004-02-20,Riksdagens protokoll 2003/04:73 Fredagen den 20 februari,12,0,2026-10-06
GR0974,2003/04,74,2004-03-01,Riksdagens protokoll 2003/04:74 Måndagen den 1 mars,0,0,2026-10-06
GR0971,2003/04,71,2004-02-18,Riksdagens protokoll 2003/04:71 Onsdagen den 18 februari,178,0,2026-10-06
GR0975,2003/04,75,2004-03-02,Riksdagens protokoll 2003/04:75 Tisdagen den 2 mars,72,1,2026-10-06
GR0978,2003/04,78,2004-03-05,Riksdagens protokoll 2003/04:78 Fredagen den 5 mars,16,0,2026-10-06
GR0976,2003/04,76,2004-03-03,Riksdagens protokoll 2003/04:76 Onsdagen den 3 mars,211,5,2026-10-06
GR0979,2003/04,79,2004-03-09,Riksdagens protokoll 2003/04:79 Tisdagen den 9 mars,39,0,2026-10-06
GR0977,2003/04,77,2004-03-04,Riksdagens protokoll 2003/04:77 Torsdagen den 4 mars,229,4,2026-10-06
GR0981,2003/04,81,2004-03-11,Riksdagens protokoll 2003/04:81 Torsdagen den 11 mars,131,32,2026-10-06
GR0982,2003/04,82,2004-03-12,Riksdagens protokoll 2003/04:82 Fredagen den 12 mars,33,0,2026-10-06
GR0980,2003/04,80,2004-03-10,Riksdagens protokoll 2003/04:80 Onsdagen den 10 mars,111,0,2026-10-06
GR0983,2003/04,83,2004-03-16,Riksdagens protokoll 2003/04:83 Tisdagen den 16 mars,85,0,2026-10-06
GR0985,2003/04,85,2004-03-18,Riksdagens protokoll 2003/04:85 Torsdagen den 18 mars,164,0,2026-10-06
GR0986,2003/04,86,2004-03-23,Riksdagens protokoll 2003/04:86 Tisdagen den 23 mars,106,1,2026-10-06
GR0984,2003/04,84,2004-03-17,Riksdagens protokoll 2003/04:84 Onsdagen den 17 mars,254,11,2026-10-06
GR0987,2003/04,87,2004-03-24,Riksdagens protokoll 2003/04:87 Onsdagen den 24 mars,252,4,2026-10-06
GR0988,2003/04,88,2004-03-25,Riksdagens protokoll 2003/04:88 Torsdagen den 25 mars,221,0,2026-10-06
GR0989,2003/04,89,2004-03-26,Riksdagens protokoll 2003/04:89 Fredagen den 26 mars,80,0,2026-10-06
GR0990,2003/04,90,2004-03-30,Riksdagens protokoll 2003/04:90 Tisdagen den 30 mars,91,23,2026-10-06
GR0992,2003/04,92,2004-04-01,Riksdagens protokoll 2003/04:92 Torsdagen den 1 april,203,0,2026-10-06
GR0993,2003/04,93,2004-04-02,Riksdagens protokoll 2003/04:93 Fredagen den 2 april,81,0,2026-10-06
GR0991,2003/04,91,2004-03-31,Riksdagens protokoll 2003/04:91 Onsdagen den 31 mars,248,0,2026-10-06
GR0995,2003/04,95,2004-04-14,Riksdagens protokoll 2003/04:95 Onsdagen den 14 april,97,9,2026-10-06
GR0994,2003/04,94,2004-04-13,Riksdagens protokoll 2003/04:94 Tisdagen den 13 april,119,3,2026-10-06
GR0997,2003/04,97,2004-04-16,Riksdagens protokoll 2003/04:97 Fredagen den 16 april,5,1,2026-10-06
GR0996,2003/04,96,2004-04-15,Riksdagens protokoll 2003/04:96 Torsdagen den 15 april,234,70,2026-10-06
GR0998,2003/04,98,2004-04-20,Riksdagens protokoll 2003/04:98 Tisdagen den 20 april,110,0,2026-10-06
GR0999,2003/04,99,2004-04-21,Riksdagens protokoll 2003/04:99 Onsdagen den 21 april,164,0,2026-10-06
GR09101,2003/04,101,2004-04-23,Riksdagens protokoll 2003/04:101 Fredagen den 23 april,34,0,2026-10-06
GR09100,2003/04,100,2004-04-22,Riksdagens protokoll 2003/04:100 Torsdagen den 22 april,197,5,2026-10-06
GR09102,2003/04,102,2004-04-26,Riksdagens protokoll 2003/04:102 Måndagen den 26 april,0,0,2026-10-06
GR09103,2003/04,103,2004-04-27,Riksdagens protokoll 2003/04:103 Tisdagen den 27 april,42,0,2026-10-06
GR09106,2003/04,106,2004-04-30,Riksdagens protokoll 2003/04:106 Fredagen den 30 april,65,0,2026-10-06
GR09107,2003/04,107,2004-05-03,Riksdagens protokoll 2003/04:107 Måndagen den 3 maj,7,0,2026-10-06
GR09105,2003/04,105,2004-04-29,Riksdagens protokoll 2003/04:105 Torsdagen den 29 april,176,4,2026-10-06
GR09104,2003/04,104,2004-04-28,Riksdagens protokoll 2003/04:104 Onsdagen den 28 april,274,1,2026-10-06
GR09108,2003/04,108,2004-05-04,Riksdagens protokoll 2003/04:108 Tisdagen den 4 maj,58,0,2026-10-06
GR09111,2003/04,111,2004-05-07,Riksdagens protokoll 2003/04:111 Fredagen den 7 maj,23,0,2026-10-06
GR09110,2003/04,110,2004-05-06,Riksdagens protokoll 2003/04:110 Torsdagen den 6 maj,126,2,2026-10-06
GR09109,2003/04,109,2004-05-05,Riksdagens protokoll 2003/04:109 Onsdagen den 5 maj,213,30,2026-10-06
GR09112,2003/04,112,2004-05-10,Riksdagens protokoll 2003/04:112 Måndagen den 10 maj,7,0,2026-10-06
GR09113,2003/04,113,2004-05-11,Riksdagens protokoll 2003/04:113 Tisdagen den 11 maj,41,15,2026-10-06
GR09116,2003/04,116,2004-05-14,Riksdagens protokoll 2003/04:116 Fredagen den 14 maj,12,0,2026-10-06
GR09114,2003/04,114,2004-05-12,Riksdagens protokoll 2003/04:114 Onsdagen den 12 maj,238,1,2026-10-06
GR09117,2003/04,117,2004-05-18,Riksdagens protokoll 2003/04:117 Tisdagen den 18 maj,50,0,2026-10-06
GR09119,2003/04,119,2004-05-21,Riksdagens protokoll 2003/04:119 Fredagen den 21 maj,0,0,2026-10-06
GR09115,2003/04,115,2004-05-13,Riksdagens protokoll 2003/04:115 Torsdagen den 13 maj,183,0,2026-10-06
GR09118,2003/04,118,2004-05-19,Riksdagens protokoll 2003/04:118 Onsdagen den 19 maj,102,0,2026-10-06
GR09121,2003/04,121,2004-05-25,Riksdagens protokoll 2003/04:121 Tisdagen den 25 maj,148,9,2026-10-06
GR09120,2003/04,120,2004-05-24,Riksdagens protokoll 2003/04:120 Måndagen den 24 maj,154,45,2026-10-06
GR09122,2003/04,122,2004-05-26,Riksdagens protokoll 2003/04:122 Onsdagen den 26 maj,159,0,2026-10-06
GR09123,2003/04,123,2004-05-27,Riksdagens protokoll 2003/04:123 Torsdagen den 27 maj,146,0,2026-10-06
GR09124,2003/04,124,2004-05-28,Riksdagens protokoll 2003/04:124 Fredagen den 28 maj,58,0,2026-10-06
GR09126,2003/04,126,2004-06-02,Riksdagens protokoll 2003/04:126 Onsdagen den 2 juni,38,0,2026-10-06
GR09125,2003/04,125,2004-06-01,Riksdagens protokoll 2003/04:125 Tisdagen den 1 juni,155,17,2026-10-06
GR09128,2003/04,128,2004-06-15,Riksdagens protokoll 2003/04:128 Tisdagen den 15 juni,105,0,2026-10-06
GR09127,2003/04,127,2004-06-14,Riksdagens protokoll 2003/04:127 Måndagen den 14 juni,216,2,2026-10-06
GR09129,2003/04,129,2004-06-16,Riksdagens protokoll 2003/04:129 Onsdagen den 16 juni,226,9,2026-10-06
GR09132,2003/04,132,2004-06-19,Riksdagens protokoll 2003/04:132 Lördagen den 19 juni,63,0,2026-10-06
GR09130,2003/04,130,2004-06-17,Riksdagens protokoll 2003/04:130 Torsdagen den 17 juni,270,15,2026-10-06
GR09131,2003/04,131,2004-06-18,Riksdagens protokoll 2003/04:131 Fredagen den 18 juni,78,1,2026-10-06
GS091,2004/05,1,2004-09-14,Riksdagens protokoll 2004/05:1 Tisdagen den 14 september,1,0,2026-10-06
GS093,2004/05,3,2004-09-15,Riksdagens protokoll 2004/05:3 Onsdagen den 15 september,0,0,2026-10-06
GS092,2004/05,2,2004-09-14,Riksdagens protokoll 2004/05:2 Tisdagen den 14 september,3,1,2026-10-06
GS094,2004/05,4,2004-09-17,Riksdagens protokoll 2004/05:4 Fredagen den 17 september,0,0,2026-10-06
GS096,2004/05,6,2004-09-21,Riksdagens protokoll 2004/05:6 Tisdagen den 21 september,0,0,2026-10-06
GS097,2004/05,7,2004-09-23,Riksdagens protokoll 2004/05:7 Torsdagen den 23 september,41,0,2026-10-06
GS098,2004/05,8,2004-09-24,Riksdagens protokoll 2004/05:8 Fredagen den 24 september,48,0,2026-10-06
GS099,2004/05,9,2004-09-28,Riksdagens protokoll 2004/05:9 Tisdagen den 28 september,31,0,2026-10-06
GS0910,2004/05,10,2004-09-30,Riksdagens protokoll 2004/05:10 Torsdagen den 30 september,87,0,2026-10-06
GS095,2004/05,5,2004-09-20,Riksdagens protokoll 2004/05:5 Måndagen den 20 september,29,1,2026-10-06
GS0911,2004/05,11,2004-10-01,Riksdagens protokoll 2004/05:11 Fredagen den 1 oktober,33,0,2026-10-06
GS0912,2004/05,12,2004-10-12,Riksdagens protokoll 2004/05:12 Tisdagen den 12 oktober,109,1,2026-10-06
GS0913,2004/05,13,2004-10-13,Riksdagens protokoll 2004/05:13 Onsdagen den 13 oktober,400,3,2026-10-06
GS0914,2004/05,14,2004-10-14,Riksdagens protokoll 2004/05:14 Torsdagen den 14 oktober,403,0,2026-10-06
GS0915,2004/05,15,2004-10-15,Riksdagens protokoll 2004/05:15 Fredagen den 15 oktober,271,150,2026-10-06
GS0916,2004/05,16,2004-10-19,Riksdagens protokoll 2004/05:16 Tisdagen den 19 oktober,76,3,2026-10-06
GS0918,2004/05,18,2004-10-21,Riksdagens protokoll 2004/05:18 Torsdagen den 21 oktober,125,0,2026-10-06
GS0919,2004/05,19,2004-10-22,Riksdagens protokoll 2004/05:19 Fredagen den 22 oktober,38,0,2026-10-06
GS0920,2004/05,20,2004-10-26,Riksdagens protokoll 2004/05:20 Tisdagen den 26 oktober,34,0,2026-10-06
GS0917,2004/05,17,2004-10-20,Riksdagens protokoll 2004/05:17 Onsdagen den 20 oktober,324,2,2026-10-06
GS0921,2004/05,21,2004-10-27,Riksdagens protokoll 2004/05:21 Onsdagen den 27 oktober,172,5,2026-10-06
GS0923,2004/05,23,2004-10-29,Riksdagens protokoll 2004/05:23 Fredagen den 29 oktober,24,0,2026-10-06
GS0922,2004/05,22,2004-10-28,Riksdagens protokoll 2004/05:22 Torsdagen den 28 oktober,152,2,2026-10-06
GS0924,2004/05,24,2004-11-08,Riksdagens protokoll 2004/05:24 Måndagen den 8 november,37,0,2026-10-06
GS0925,2004/05,25,2004-11-09,Riksdagens protokoll 2004/05:25 Tisdagen den 9 november,112,0,2026-10-06
GS0928,2004/05,28,2004-11-12,Riksdagens protokoll 2004/05:28 Fredagen den 12 november,0,0,2026-10-06
GS0926,2004/05,26,2004-11-10,Riksdagens protokoll 2004/05:26 Onsdagen den 10 november,163,4,2026-10-06
GS0927,2004/05,27,2004-11-11,Riksdagens protokoll 2004/05:27 Torsdagen den 11 november,161,1,2026-10-06
GS0929,2004/05,29,2004-11-15,Riksdagens protokoll 2004/05:29 Måndagen den 15 november,159,34,2026-10-06
GS0930,2004/05,30,2004-11-16,Riksdagens protokoll 2004/05:30 Tisdagen den 16 november,97,0,2026-10-06
GS0931,2004/05,31,2004-11-17,Riksdagens protokoll 2004/05:31 Onsdagen den 17 november,115,2,2026-10-06
GS0932,2004/05,32,2004-11-18,Riksdagens protokoll 2004/05:32 Torsdagen den 18 november,134,13,2026-10-06
GS0934,2004/05,34,2004-11-22,Riksdagens protokoll 2004/05:34 Måndagen den 22 november,48,4,2026-10-06
GS0933,2004/05,33,2004-11-19,Riksdagens protokoll 2004/05:33 Fredagen den 19 november,18,0,2026-10-06
GS0935,2004/05,35,2004-11-23,Riksdagens protokoll 2004/05:35 Tisdagen den 23 november,124,13,2026-10-06
GS0937,2004/05,37,2004-11-25,Riksdagens protokoll 2004/05:37 Torsdagen den 25 november,220,4,2026-10-06
GS0936,2004/05,36,2004-11-24,Riksdagens protokoll 2004/05:36 Onsdagen den 24 november,146,1,2026-10-06
GS0938,2004/05,38,2004-11-26,Riksdagens protokoll 2004/05:38 Fredagen den 26 november,45,16,2026-10-06
GS0940,2004/05,40,2004-11-30,Riksdagens protokoll 2004/05:40 Tisdagen den 30 november,88,1,2026-10-06
GS0939,2004/05,39,2004-11-29,Riksdagens protokoll 2004/05:39 Måndagen den 29 november,44,0,2026-10-06
GS0941,2004/05,41,2004-12-01,Riksdagens protokoll 2004/05:41 Onsdagen den 1 december,154,10,2026-10-06
GS0943,2004/05,43,2004-12-03,Riksdagens protokoll 2004/05:43 Fredagen den 3 december,64,0,2026-10-06
GS0942,2004/05,42,2004-12-02,Riksdagens protokoll 2004/05:42 Torsdagen den 2 december,167,0,2026-10-06
GS0944,2004/05,44,2004-12-06,Riksdagens protokoll 2004/05:44 Måndagen den 6 december,178,91,2026-10-06
GS0945,2004/05,45,2004-12-07,Riksdagens protokoll 2004/05:45 Tisdagen den 7 december,139,1,2026-10-06
GS0946,2004/05,46,2004-12-08,Riksdagens protokoll 2004/05:46 Onsdagen den 8 december,260,3,2026-10-06
GS0948,2004/05,48,2004-12-10,Riksdagens protokoll 2004/05:48 Fredagen den 10 december,103,30,2026-10-06
GS0947,2004/05,47,2004-12-09,Riksdagens protokoll 2004/05:47 Torsdagen den 9 december,242,0,2026-10-06
GS0949,2004/05,49,2004-12-13,Riksdagens protokoll 2004/05:49 Måndagen den 13 december,223,1,2026-10-06
GS0950,2004/05,50,2004-12-14,Riksdagens protokoll 2004/05:50 Tisdagen den 14 december,177,11,2026-10-06
GS0952,2004/05,52,2004-12-16,Riksdagens protokoll 2004/05:52 Torsdagen den 16 december,155,4,2026-10-06
GS0953,2004/05,53,2004-12-16,Riksdagens protokoll 2004/05:53 Torsdagen den 16 december,39,0,2026-10-06
GS0951,2004/05,51,2004-12-15,Riksdagens protokoll 2004/05:51 Onsdagen den 15 december,203,0,2026-10-06
GS0956,2004/05,56,2005-01-07,Riksdagens protokoll 2004/05:56 Fredagen den 7 januari,0,0,2026-10-06
GS0955,2004/05,55,2004-12-18,Riksdagens protokoll 2004/05:55 Lördagen den 18 december,88,0,2026-10-06
GS0957,2004/05,57,2005-01-08,Riksdagens protokoll 2004/05:57 Lördagen den 8 januari,1,0,2026-10-06
GS0958,2004/05,58,2005-01-17,Riksdagens protokoll 2004/05:58 Måndagen den 17 januari,0,1,2026-10-06
GS0954,2004/05,54,2004-12-17,Riksdagens protokoll 2004/05:54 Fredagen den 17 december,137,1,2026-10-06
GS0959,2004/05,59,2005-01-18,Riksdagens protokoll 2004/05:59 Tisdagen den 18 januari,115,0,2026-10-06
GS0961,2004/05,61,2005-01-20,Riksdagens protokoll 2004/05:61 Torsdagen den 20 januari,171,0,2026-10-06
GS0960,2004/05,60,2005-01-19,Riksdagens protokoll 2004/05:60 Onsdagen den 19 januari,168,54,2026-10-06
GS0962,2004/05,62,2005-01-21,Riksdagens protokoll 2004/05:62 Fredagen den 21 januari,130,1,2026-10-06
GS0964,2004/05,64,2005-01-26,Riksdagens protokoll 2004/05:64 Onsdagen den 26 januari,66,0,2026-10-06
GS0963,2004/05,63,2005-01-25,Riksdagens protokoll 2004/05:63 Tisdagen den 25 januari,139,18,2026-10-06
GS0965,2004/05,65,2005-01-27,Riksdagens protokoll 2004/05:65 Torsdagen den 27 januari,181,0,2026-10-06
GS0966,2004/05,66,2005-01-28,Riksdagens protokoll 2004/05:66 Fredagen den 28 januari,55,5,2026-10-06
GS0967,2004/05,67,2005-02-01,Riksdagens protokoll 2004/05:67 Tisdagen den 1 februari,77,0,2026-10-06
GS0970,2004/05,70,2005-02-04,Riksdagens protokoll 2004/05:70 Fredagen den 4 februari,0,0,2026-10-06
GS0968,2004/05,68,2005-02-02,Riksdagens protokoll 2004/05:68 Onsdagen den 2 februari,141,4,2026-10-06
GS0969,2004/05,69,2005-02-03,Riksdagens protokoll 2004/05:69 Torsdagen den 3 februari,132,5,2026-10-06
GS0971,2004/05,71,2005-02-08,Riksdagens protokoll 2004/05:71 Tisdagen den 8 februari,151,31,2026-10-06
GS0973,2004/05,73,2005-02-10,Riksdagens protokoll 2004/05:73 Torsdagen den 10 februari,139,5,2026-10-06
GS0974,2004/05,74,2005-02-11,Riksdagens protokoll 2004/05:74 Fredagen den 11 februari,9,0,2026-10-06
GS0975,2004/05,75,2005-02-14,Riksdagens protokoll 2004/05:75 Måndagen den 14 februari,0,0,2026-10-06
GS0972,2004/05,72,2005-02-09,Riksdagens protokoll 2004/05:72 Onsdagen den 9 februari,222,0,2026-10-06
GS0976,2004/05,76,2005-02-15,Riksdagens protokoll 2004/05:76 Tisdagen den 15 februari,59,3,2026-10-06
GS0978,2004/05,78,2005-02-17,Riksdagens protokoll 2004/05:78 Torsdagen den 17 februari,130,0,2026-10-06
GS0979,2004/05,79,2005-02-18,Riksdagens protokoll 2004/05:79 Fredagen den 18 februari,32,0,2026-10-06
GS0977,2004/05,77,2005-02-16,Riksdagens protokoll 2004/05:77 Onsdagen den 16 februari,124,0,2026-10-06
GS0980,2004/05,80,2005-02-25,Riksdagens protokoll 2004/05:80 Fredagen den 25 februari,0,0,2026-10-06
GS0981,2004/05,81,2005-02-28,Riksdagens protokoll 2004/05:81 Måndagen den 28 februari,0,0,2026-10-06
GS0982,2004/05,82,2005-03-01,Riksdagens protokoll 2004/05:82 Tisdagen den 1 mars,68,2,2026-10-06
GS0985,2004/05,85,2005-03-04,Riksdagens protokoll 2004/05:85 Fredagen den 4 mars,9,1,2026-10-06
GS0984,2004/05,84,2005-03-03,Riksdagens protokoll 2004/05:84 Torsdagen den 3 mars,165,20,2026-10-06
GS0983,2004/05,83,2005-03-02,Riksdagens protokoll 2004/05:83 Onsdagen den 2 mars,172,0,2026-10-06
GS0986,2004/05,86,2005-03-08,Riksdagens protokoll 2004/05:86 Tisdagen den 8 mars,51,0,2026-10-06
GS0987,2004/05,87,2005-03-09,Riksdagens protokoll 2004/05:87 Onsdagen den 9 mars,192,2,2026-10-06
GS0989,2004/05,89,2005-03-11,Riksdagens protokoll 2004/05:89 Fredagen den 11 mars,54,1,2026-10-06
GS0988,2004/05,88,2005-03-10,Riksdagens protokoll 2004/05:88 Torsdagen den 10 mars,149,1,2026-10-06
GS0990,2004/05,90,2005-03-15,Riksdagens protokoll 2004/05:90 Tisdagen den 15 mars,129,0,2026-10-06
GS0992,2004/05,92,2005-03-17,Riksdagens protokoll 2004/05:92 Torsdagen den 17 mars,158,0,2026-10-06
GS0993,2004/05,93,2005-03-18,Riksdagens protokoll 2004/05:93 Fredagen den 18 mars,32,0,2026-10-06
GS0991,2004/05,91,2005-03-16,Riksdagens protokoll 2004/05:91 Onsdagen den 16 mars,211,0,2026-10-06
GS0994,2004/05,94,2005-03-22,Riksdagens protokoll 2004/05:94 Tisdagen den 22 mars,109,17,2026-10-06
GS0996,2004/05,96,2005-03-24,Riksdagens protokoll 2004/05:96 Torsdagen den 24 mars,69,0,2026-10-06
GS0997,2004/05,97,2005-04-04,Riksdagens protokoll 2004/05:97 Måndagen den 4 april,21,0,2026-10-06
GS0995,2004/05,95,2005-03-23,Riksdagens protokoll 2004/05:95 Onsdagen den 23 mars,188,3,2026-10-06
GS0998,2004/05,98,2005-04-05,Riksdagens protokoll 2004/05:98 Tisdagen den 5 april,95,0,2026-10-06
GS09100,2004/05,100,2005-04-07,Riksdagens protokoll 2004/05:100 Torsdagen den 7 april,127,0,2026-10-06
GS09101,2004/05,101,2005-04-08,Riksdagens protokoll 2004/05:101 Fredagen den 8 april,77,0,2026-10-06
GS0999,2004/05,99,2005-04-06,Riksdagens protokoll 2004/05:99 Onsdagen den 6 april,235,3,2026-10-06
GS09102,2004/05,102,2005-04-11,Riksdagens protokoll 2004/05:102 Måndagen den 11 april,45,7,2026-10-06
GS09103,2004/05,103,2005-04-12,Riksdagens protokoll 2004/05:103 Tisdagen den 12 april,125,1,2026-10-06
GS09105,2004/05,105,2005-04-14,Riksdagens protokoll 2004/05:105 Torsdagen den 14 april,172,8,2026-10-06
GS09104,2004/05,104,2005-04-13,Riksdagens protokoll 2004/05:104 Onsdagen den 13 april,276,0,2026-10-06
GS09107,2004/05,107,2005-04-19,Riksdagens protokoll 2004/05:107 Tisdagen den 19 april,33,0,2026-10-06
GS09106,2004/05,106,2005-04-15,Riksdagens protokoll 2004/05:106 Fredagen den 15 april,127,0,2026-10-06
GS09108,2004/05,108,2005-04-20,Riksdagens protokoll 2004/05:108 Onsdagen den 20 april,50,0,2026-10-06
GS09110,2004/05,110,2005-04-22,Riksdagens protokoll 2004/05:110 Fredagen den 22 april,70,0,2026-10-06
GS09111,2004/05,111,2005-04-25,Riksdagens protokoll 2004/05:111 Måndagen den 25 april,0,0,2026-10-06
GS09112,2004/05,112,2005-04-26,Riksdagens protokoll 2004/05:112 Tisdagen den 26 april,68,0,2026-10-06
GS09109,2004/05,109,2005-04-21,Riksdagens protokoll 2004/05:109 Torsdagen den 21 april,194,27,2026-10-06
GS09113,2004/05,113,2005-04-27,Riksdagens protokoll 2004/05:113 Onsdagen den 27 april,100,0,2026-10-06
GS09114,2004/05,114,2005-04-28,Riksdagens protokoll 2004/05:114 Torsdagen den 28 april,124,0,2026-10-06
GS09115,2004/05,115,2005-04-29,Riksdagens protokoll 2004/05:115 Fredagen den 29 april,158,0,2026-10-06
GS09116,2004/05,116,2005-05-09,Riksdagens protokoll 2004/05:116 Måndagen den 9 maj,58,8,2026-10-06
GS09117,2004/05,117,2005-05-10,Riksdagens protokoll 2004/05:117 Tisdagen den 10 maj,71,4,2026-10-06
GS09119,2004/05,119,2005-05-12,Riksdagens protokoll 2004/05:119 Torsdagen den 12 maj,110,7,2026-10-06
GS09118,2004/05,118,2005-05-11,Riksdagens protokoll 2004/05:118 Onsdagen den 11 maj,172,1,2026-10-06
GS09121,2004/05,121,2005-05-17,Riksdagens snabbprotokoll 2004/05:121 Tisdagen den 17 maj,39,2,2026-10-06
GS09120,2004/05,120,2005-05-13,Riksdagens protokoll 2004/05:120 Fredagen den 13 maj,107,0,2026-10-06
GS09122,2004/05,122,2005-05-18,Riksdagens snabbprotokoll 2004/05:122 Onsdagen den 18 maj,134,3,2026-10-06
GS09124,2004/05,124,2005-05-20,Riksdagens protokoll 2004/05:124 Fredagen den 20 maj,43,0,2026-10-06
GS09123,2004/05,123,2005-05-19,Riksdagens protokoll 2004/05:123 Torsdagen den 19 maj,131,0,2026-10-06
GS09125,2004/05,125,2005-05-24,Riksdagens protokoll 2004/05:125 Tisdagen den 24 maj,76,2,2026-10-06
GS09127,2004/05,127,2005-05-26,Riksdagens protokoll 2004/05:127 Torsdagen den 26 maj,169,45,2026-10-06
GS09128,2004/05,128,2005-05-27,Riksdagens protokoll 2004/05:128 Fredagen den 27 maj,49,0,2026-10-06
GS09129,2004/05,129,2005-05-30,Riksdagens protokoll 2004/05:129 Måndagen den 30 maj,42,0,2026-10-06
GS09126,2004/05,126,2005-05-25,Riksdagens protokoll 2004/05:126 Onsdagen den 25 maj,212,51,2026-10-06
GS09130,2004/05,130,2005-05-31,Riksdagens protokoll 2004/05:130 Tisdagen den 31 maj,110,8,2026-10-06
GS09132,2004/05,132,2005-06-02,Riksdagens protokoll 2004/05:132 Torsdagen den 2 juni,193,34,2026-10-06
GS09131,2004/05,131,2005-06-01,Riksdagens protokoll 2004/05:131 Onsdagen den 1 juni,292,0,2026-10-06
GS09133,2004/05,133,2005-06-03,Riksdagens protokoll 2004/05:133 Fredagen den 3 juni,91,0,2026-10-06
GS09134,2004/05,134,2005-06-07,Riksdagens protokoll 2004/05:134 Tisdagen den 7 juni,180,10,2026-10-06
GS09136,2004/05,136,2005-06-09,Riksdagens protokoll 2004/05:136 Torsdagen den 9 juni,101,0,2026-10-06
GS09135,2004/05,135,2005-06-08,Riksdagens protokoll 2004/05:135 Onsdagen den 8 juni,253,7,2026-10-06
GS09137,2004/05,137,2005-06-10,Riksdagens protokoll 2004/05:137 Fredagen den 10 juni,131,0,2026-10-06
GS09138,2004/05,138,2005-06-13,Riksdagens protokoll 2004/05:138 Måndagen den 13 juni,144,1,2026-10-06
GS09139,2004/05,139,2005-06-14,Riksdagens protokoll 2004/05:139 Tisdagen den 14 juni,86,0,2026-10-06
GS09140,2004/05,140,2005-06-15,Riksdagens protokoll 2004/05:140 Onsdagen den 15 juni,167,1,2026-10-06
GS09142,2004/05,142,2005-06-17,Riksdagens protokoll 2004/05:142 Fredagen den 17 juni,64,1,2026-10-06
GS09141,2004/05,141,2005-06-16,Riksdagens protokoll 2004/05:141 Torsdagen den 16 juni,116,0,2026-10-06
GS09143,2004/05,143,2005-06-18,Riksdagens protokoll 2004/05:143 Lördagen den 18 juni,83,0,2026-10-06
GS09144,2004/05,144,2005-06-28,Riksdagens snabbprotokoll 2004/05:144 Tisdagen den 28 juni,0,0,2026-10-06
GT091,2005/06,1,2005-09-13,Riksdagens protokoll 2005/06:1 Tisdagen den 13 september,1,0,2026-10-06
GT092,2005/06,2,2005-09-13,Riksdagens protokoll 2005/06:2 Tisdagen den 13 september,3,1,2026-10-06
GT094,2005/06,4,2005-09-16,Riksdagens protokoll 2005/06:4 Fredagen den 16 september,0,0,2026-10-06
GT096,2005/06,6,2005-09-21,Riksdagens protokoll 2005/06:6 Onsdagen den 21 september,42,0,2026-10-06
GT095,2005/06,5,2005-09-20,Riksdagens protokoll 2005/06:5 Tisdagen den 20 september,29,2,2026-10-06
GT093,2005/06,3,2005-09-14,Riksdagens protokoll 2005/06:3 Onsdagen den 14 september,91,0,2026-10-06
GT097,2005/06,7,2005-09-22,Riksdagens protokoll 2005/06:7 Torsdagen den 22 september,68,0,2026-10-06
GT098,2005/06,8,2005-09-27,Riksdagens protokoll 2005/06:8 Tisdagen den 27 september,7,0,2026-10-06
GT099,2005/06,9,2005-09-29,Riksdagens protokoll 2005/06:9 Torsdagen den 29 september,42,2,2026-10-06
GT0911,2005/06,11,2005-10-10,Riksdagens protokoll 2005/06:11 Måndagen den 10 oktober,0,0,2026-10-06
GT0910,2005/06,10,2005-09-30,Riksdagens protokoll 2005/06:10 Fredagen den 30 september,17,0,2026-10-06
GT0912,2005/06,12,2005-10-11,Riksdagens protokoll 2005/06:12 Tisdagen den 11 oktober,24,0,2026-10-06
GT0915,2005/06,15,2005-10-14,Riksdagens protokoll 2005/06:15 Fredagen den 14 oktober,160,24,2026-10-06
GT0913,2005/06,13,2005-10-12,Riksdagens protokoll 2005/06:13 Onsdagen den 12 oktober,393,6,2026-10-06
GT0914,2005/06,14,2005-10-13,Riksdagens protokoll 2005/06:14 Torsdagen den 13 oktober,316,75,2026-10-06
GT0916,2005/06,16,2005-10-18,Riksdagens protokoll 2005/06:16 Tisdagen den 18 oktober,77,1,2026-10-06
GT0917,2005/06,17,2005-10-19,Riksdagens protokoll 2005/06:17 Onsdagen den 19 oktober,120,1,2026-10-06
GT0918,2005/06,18,2005-10-20,Riksdagens protokoll 2005/06:18 Torsdagen den 20 oktober,87,0,2026-10-06
GT0919,2005/06,19,2005-10-21,Riksdagens protokoll 2005/06:19 Fredagen den 21 oktober,34,0,2026-10-06
GT0921,2005/06,21,2005-10-26,Riksdagens protokoll 2005/06:21 Onsdagen den 26 oktober,39,0,2026-10-06
GT0920,2005/06,20,2005-10-25,Riksdagens protokoll 2005/06:20 Tisdagen den 25 oktober,78,9,2026-10-06
GT0922,2005/06,22,2005-10-27,Riksdagens protokoll 2005/06:22 Torsdagen den 27 oktober,100,0,2026-10-06
GT0924,2005/06,24,2005-11-07,Riksdagens protokoll 2005/06:24 Måndagen den 7 november,24,11,2026-10-06
GT0923,2005/06,23,2005-10-28,Riksdagens protokoll 2005/06:23 Fredagen den 28 oktober,41,0,2026-10-06
GT0925,2005/06,25,2005-11-08,Riksdagens protokoll 2005/06:25 Tisdagen den 8 november,32,0,2026-10-06
GT0928,2005/06,28,2005-11-11,Riksdagens protokoll 2005/06:28 Fredagen den 11 november,41,1,2026-10-06
GT0926,2005/06,26,2005-11-09,Riksdagens protokoll 2005/06:26 Onsdagen den 9 november,164,14,2026-10-06
GT0927,2005/06,27,2005-11-10,Riksdagens protokoll 2005/06:27 Torsdagen den 10 november,74,0,2026-10-06
GT0929,2005/06,29,2005-11-14,Riksdagens protokoll 2005/06:29 Måndagen den 14 november,17,2,2026-10-06
GT0930,2005/06,30,2005-11-15,Riksdagens protokoll 2005/06:30 Tisdagen den 15 november,69,0,2026-10-06
GT0931,2005/06,31,2005-11-16,Riksdagens protokoll 2005/06:31 Onsdagen den 16 november,155,0,2026-10-06
GT0933,2005/06,33,2005-11-18,Riksdagens protokoll 2005/06:33 Fredagen den 18 november,27,0,2026-10-06
GT0932,2005/06,32,2005-11-17,Riksdagens protokoll 2005/06:32 Torsdagen den 17 november,154,0,2026-10-06
GT0934,2005/06,34,2005-11-21,Riksdagens protokoll 2005/06:34 Måndagen den 21 november,58,7,2026-10-06
GT0935,2005/06,35,2005-11-22,Riksdagens protokoll 2005/06:35 Tisdagen den 22 november,103,0,2026-10-06
GT0936,2005/06,36,2005-11-23,Riksdagens protokoll 2005/06:36 Onsdagen den 23 november,101,0,2026-10-06
GT0938,2005/06,38,2005-11-25,Riksdagens protokoll 2005/06:38 Fredagen den 25 november,54,0,2026-10-06
GT0937,2005/06,37,2005-11-24,Riksdagens protokoll 2005/06:37 Torsdagen den 24 november,194,1,2026-10-06
GT0939,2005/06,39,2005-11-28,Riksdagens protokoll 2005/06:39 Måndagen den 28 november,16,0,2026-10-06
GT0940,2005/06,40,2005-11-29,Riksdagens protokoll 2005/06:40 Tisdagen den 29 november,85,4,2026-10-06
GT0942,2005/06,42,2005-12-01,Riksdagens protokoll 2005/06:42 Torsdagen den 1 december,110,2,2026-10-06
GT0941,2005/06,41,2005-11-30,Riksdagens protokoll 2005/06:41 Onsdagen den 30 november,130,0,2026-10-06
GT0943,2005/06,43,2005-12-02,Riksdagens protokoll 2005/06:43 Fredagen den 2 december,33,7,2026-10-06
GT0944,2005/06,44,2005-12-05,Riksdagens protokoll 2005/06:44 Måndagen den 5 december,147,0,2026-10-06
GT0945,2005/06,45,2005-12-06,Riksdagens protokoll 2005/06:45 Tisdagen den 6 december,216,2,2026-10-06
GT0946,2005/06,46,2005-12-07,Riksdagens protokoll 2005/06:46 Onsdagen den 7 december,216,1,2026-10-06
GT0947,2005/06,47,2005-12-08,Riksdagens protokoll 2005/06:47 Torsdagen den 8 december,278,100,2026-10-06
GT0948,2005/06,48,2005-12-09,Riksdagens protokoll 2005/06:48 Fredagen den 9 december,124,2,2026-10-06
GT0949,2005/06,49,2005-12-12,Riksdagens protokoll 2005/06:49 Måndagen den 12 december,170,0,2026-10-06
GT0950,2005/06,50,2005-12-13,Riksdagens protokoll 2005/06:50 Tisdagen den 13 december,178,1,2026-10-06
GT0951,2005/06,51,2005-12-14,Riksdagens protokoll 2005/06:51 Onsdagen den 14 december,151,1,2026-10-06
GT0952,2005/06,52,2005-12-15,Riksdagens protokoll 2005/06:52 Torsdagen den 15 december,137,2,2026-10-06
GT0953,2005/06,53,2005-12-16,Riksdagens protokoll 2005/06:53 Fredagen den 16 december,114,6,2026-10-06
GT0954,2005/06,54,2005-12-16,Riksdagens protokoll 2005/06:54 Fredagen den 16 december,0,0,2026-10-06
GT0955,2005/06,55,2005-12-17,Riksdagens protokoll 2005/06:55 Lördagen den 17 december,2,0,2026-10-06
GT0956,2005/06,56,2006-01-17,Riksdagens protokoll 2005/06:56 Tisdagen den 17 januari,59,0,2026-10-06
GT0957,2005/06,57,2006-01-18,Riksdagens protokoll 2005/06:57 Onsdagen den 18 januari,67,1,2026-10-06
GT0958,2005/06,58,2006-01-19,Riksdagens protokoll 2005/06:58 Torsdagen den 19 januari,186,1,2026-10-06
GT0959,2005/06,59,2006-01-20,Riksdagens protokoll 2005/06:59 Fredagen den 20 januari,35,3,2026-10-06
GT0960,2005/06,60,2006-01-24,Riksdagens protokoll 2005/06:60 Tisdagen den 24 januari,114,2,2026-10-06
GT0962,2005/06,62,2006-01-26,Riksdagens protokoll 2005/06:62 Torsdagen den 26 januari,105,0,2026-10-06
GT0963,2005/06,63,2006-01-27,Riksdagens protokoll 2005/06:63 Fredagen den 27 januari,79,0,2026-10-06
GT0964,2005/06,64,2006-01-31,Riksdagens protokoll 2005/06:64 Tisdagen den 31 januari,43,0,2026-10-06
GT0961,2005/06,61,2006-01-25,Riksdagens protokoll 2005/06:61 Onsdagen den 25 januari,98,0,2026-10-06
GT0965,2005/06,65,2006-02-01,Riksdagens protokoll 2005/06:65 Onsdagen den 1 februari,116,0,2026-10-06
GT0966,2005/06,66,2006-02-02,Riksdagens protokoll 2005/06:66 Torsdagen den 2 februari,43,0,2026-10-06
GT0967,2005/06,67,2006-02-03,Riksdagens protokoll 2005/06:67 Fredagen den 3 februari,44,10,2026-10-06
GT0968,2005/06,68,2006-02-07,Riksdagens protokoll 2005/06:68 Tisdagen den 7 februari,49,0,2026-10-06
GT0970,2005/06,70,2006-02-09,Riksdagens protokoll 2005/06:70 Torsdagen den 9 februari,68,0,2026-10-06
GT0969,2005/06,69,2006-02-08,Riksdagens protokoll 2005/06:69 Onsdagen den 8 februari,80,0,2026-10-06
GT0971,2005/06,71,2006-02-10,Riksdagens protokoll 2005/06:71 Fredagen den 10 februari,22,0,2026-10-06
GT0972,2005/06,72,2006-02-14,Riksdagens protokoll 2005/06:72 Tisdagen den 14 februari,11,0,2026-10-06
GT0974,2005/06,74,2006-02-16,Riksdagens protokoll 2005/06:74 Torsdagen den 16 februari,102,1,2026-10-06
GT0975,2005/06,75,2006-02-17,Riksdagens protokoll 2005/06:75 Fredagen den 17 februari,73,20,2026-10-06
GT0973,2005/06,73,2006-02-15,Riksdagens protokoll 2005/06:73 Onsdagen den 15 februari,119,0,2026-10-06
GT0976,2005/06,76,2006-02-21,Riksdagens protokoll 2005/06:76 Tisdagen den 21 februari,51,0,2026-10-06
GT0977,2005/06,77,2006-02-22,Riksdagens protokoll 2005/06:77 Onsdagen den 22 februari,166,1,2026-10-06
GT0979,2005/06,79,2006-02-24,Riksdagens protokoll 2005/06:79 Fredagen den 24 februari,90,0,2026-10-06
GT0980,2005/06,80,2006-03-06,Riksdagens protokoll 2005/06:80 Måndagen den 6 mars,24,0,2026-10-06
GT0978,2005/06,78,2006-02-23,Riksdagens protokoll 2005/06:78 Torsdagen den 23 februari,199,21,2026-10-06
GT0981,2005/06,81,2006-03-07,Riksdagens protokoll 2005/06:81 Tisdagen den 7 mars,50,0,2026-10-06
GT0983,2005/06,83,2006-03-09,Riksdagens protokoll 2005/06:83 Torsdagen den 9 mars,182,4,2026-10-06
GT0984,2005/06,84,2006-03-10,Riksdagens protokoll 2005/06:84 Fredagen den 10 mars,54,6,2026-10-06
GT0985,2005/06,85,2006-03-13,Riksdagens protokoll 2005/06:85 Måndagen den 13 mars,41,0,2026-10-06
GT0982,2005/06,82,2006-03-08,Riksdagens protokoll 2005/06:82 Onsdagen den 8 mars,239,0,2026-10-06
GT0986,2005/06,86,2006-03-14,Riksdagens protokoll 2005/06:86 Tisdagen den 14 mars,85,0,2026-10-06
GT0989,2005/06,89,2006-03-17,Riksdagens protokoll 2005/06:89 Fredagen den 17 mars,31,0,2026-10-06
GT0988,2005/06,88,2006-03-16,Riksdagens protokoll 2005/06:88 Torsdagen den 16 mars,145,4,2026-10-06
GT0990,2005/06,90,2006-03-20,Riksdagens protokoll 2005/06:90 Måndagen den 20 mars,51,0,2026-10-06
GT0987,2005/06,87,2006-03-15,Riksdagens protokoll 2005/06:87 Onsdagen den 15 mars,233,40,2026-10-06
GT0991,2005/06,91,2006-03-21,Riksdagens protokoll 2005/06:91 Tisdagen den 21 mars,65,6,2026-10-06
GT0994,2005/06,94,2006-03-24,Riksdagens protokoll 2005/06:94 Fredagen den 24 mars,7,0,2026-10-06
GT0995,2005/06,95,2006-03-27,Riksdagens protokoll 2005/06:95 Måndagen den 27 mars,0,0,2026-10-06
GT0993,2005/06,93,2006-03-23,Riksdagens protokoll 2005/06:93 Torsdagen den 23 mars,167,2,2026-10-06
GT0992,2005/06,92,2006-03-22,Riksdagens protokoll 2005/06:92 Onsdagen den 22 mars,285,1,2026-10-06
GT0996,2005/06,96,2006-03-28,Riksdagens protokoll 2005/06:96 Tisdagen den 28 mars,62,0,2026-10-06
GT0997,2005/06,97,2006-03-29,Riksdagens protokoll 2005/06:97 Onsdagen den 29 mars,175,0,2026-10-06
GT0999,2005/06,99,2006-03-31,Riksdagens protokoll 2005/06:99 Fredagen den 31 mars,43,0,2026-10-06
GT0998,2005/06,98,2006-03-30,Riksdagens protokoll 2005/06:98 Torsdagen den 30 mars,111,6,2026-10-06
GT09100,2005/06,100,2006-04-03,Riksdagens protokoll 2005/06:100 Måndagen den 3 april,14,0,2026-10-06
GT09101,2005/06,101,2006-04-04,Riksdagens protokoll 2005/06:101 Tisdagen den 4 april,67,14,2026-10-06
GT09103,2005/06,103,2006-04-06,Riksdagens protokoll 2005/06:103 Torsdagen den 6 april,126,0,2026-10-06
GT09104,2005/06,104,2006-04-07,Riksdagens protokoll 2005/06:104 Fredagen den 7 april,11,0,2026-10-06
GT09102,2005/06,102,2006-04-05,Riksdagens protokoll 2005/06:102 Onsdagen den 5 april,199,4,2026-10-06
GT09105,2005/06,105,2006-04-18,Riksdagens protokoll 2005/06:105 Tisdagen den 18 april,35,2,2026-10-06
GT09106,2005/06,106,2006-04-19,Riksdagens protokoll 2005/06:106 Onsdagen den 19 april,39,0,2026-10-06
GT09107,2005/06,107,2006-04-20,Riksdagens protokoll 2005/06:107 Torsdagen den 20 april,139,2,2026-10-06
GT09109,2005/06,109,2006-04-24,Riksdagens protokoll 2005/06:109 Måndagen den 24 april,16,0,2026-10-06
GT09108,2005/06,108,2006-04-21,Riksdagens protokoll 2005/06:108 Fredagen den 21 april,46,0,2026-10-06
GT09110,2005/06,110,2006-04-25,Riksdagens protokoll 2005/06:110 Tisdagen den 25 april,66,0,2026-10-06
GT09112,2005/06,112,2006-04-27,Riksdagens protokoll 2005/06:112 Torsdagen den 27 april,106,25,2026-10-06
GT09113,2005/06,113,2006-04-28,Riksdagens protokoll 2005/06:113 Fredagen den 28 april,58,0,2026-10-06
GT09111,2005/06,111,2006-04-26,Riksdagens protokoll 2005/06:111 Onsdagen den 26 april,206,3,2026-10-06
GT09114,2005/06,114,2006-05-02,Riksdagens protokoll 2005/06:114 Tisdagen den 2 maj,58,1,2026-10-06
GT09116,2005/06,116,2006-05-04,Riksdagens protokoll 2005/06:116 Torsdagen den 4 maj,92,1,2026-10-06
GT09115,2005/06,115,2006-05-03,Riksdagens protokoll 2005/06:115 Onsdagen den 3 maj,70,2,2026-10-06
GT09117,2005/06,117,2006-05-05,Riksdagens protokoll 2005/06:117 Fredagen den 5 maj,121,1,2026-10-06
GT09119,2005/06,119,2006-05-09,Riksdagens protokoll 2005/06:119 Tisdagen den 9 maj,38,0,2026-10-06
GT09118,2005/06,118,2006-05-08,Riksdagens protokoll 2005/06:118 Måndagen den 8 maj,70,0,2026-10-06
GT09122,2005/06,122,2006-05-12,Riksdagens protokoll 2005/06:122 Fredagen den 12 maj,60,0,2026-10-06
GT09120,2005/06,120,2006-05-10,Riksdagens protokoll 2005/06:120 Onsdagen den 10 maj,187,56,2026-10-06
GT09123,2005/06,123,2006-05-15,Riksdagens protokoll 2005/06:123 Måndagen den 15 maj,33,0,2026-10-06
GT09121,2005/06,121,2006-05-11,Riksdagens protokoll 2005/06:121 Torsdagen den 11 maj,175,0,2026-10-06
GT09124,2005/06,124,2006-05-16,Riksdagens protokoll 2005/06:124 Tisdagen den 16 maj,106,3,2026-10-06
GT09126,2005/06,126,2006-05-18,Riksdagens protokoll 2005/06:126 Torsdagen den 18 maj,157,0,2026-10-06
GT09127,2005/06,127,2006-05-19,Riksdagens protokoll 2005/06:127 Fredagen den 19 maj,79,0,2026-10-06
GT09125,2005/06,125,2006-05-17,Riksdagens protokoll 2005/06:125 Onsdagen den 17 maj,191,2,2026-10-06
GT09128,2005/06,128,2006-05-24,Riksdagens protokoll 2005/06:128 Onsdagen den 24 maj,0,1,2026-10-06
GT09129,2005/06,129,2006-05-26,Riksdagens protokoll 2005/06:129 Fredagen den 26 maj,0,0,2026-10-06
GT09130,2005/06,130,2006-05-29,Riksdagens protokoll 2005/06:130 Måndagen den 29 maj,99,0,2026-10-06
GT09131,2005/06,131,2006-05-30,Riksdagens protokoll 2005/06:131 Tisdagen den 30 maj,115,1,2026-10-06
GT09132,2005/06,132,2006-05-31,Riksdagens protokoll 2005/06:132 Onsdagen den 31 maj,188,0,2026-10-06
GT09134,2005/06,134,2006-06-02,Riksdagens protokoll 2005/06:134 Fredagen den 2 juni,91,6,2026-10-06
GT09133,2005/06,133,2006-06-01,Riksdagens protokoll 2005/06:133 Torsdagen den 1 juni,200,11,2026-10-06
GT09135,2005/06,135,2006-06-05,Riksdagens protokoll 2005/06:135 Måndagen den 5 juni,102,0,2026-10-06
GT09138,2005/06,138,2006-06-09,Riksdagens protokoll 2005/06:138 Fredagen den 9 juni,97,0,2026-10-06
GT09136,2005/06,136,2006-06-07,Riksdagens protokoll 2005/06:136 Onsdagen den 7 juni,235,0,2026-10-06
GT09137,2005/06,137,2006-06-08,Riksdagens protokoll 2005/06:137 Torsdagen den 8 juni,206,0,2026-10-06
GT09139,2005/06,139,2006-06-12,Riksdagens protokoll 2005/06:139 Måndagen den 12 juni,207,25,2026-10-06
GT09140,2005/06,140,2006-06-13,Riksdagens protokoll 2005/06:140 Tisdagen den 13 juni,159,7,2026-10-06
GT09141,2005/06,141,2006-06-14,Riksdagens protokoll 2005/06:141 Onsdagen den 14 juni,86,0,2026-10-06
GT09142,2005/06,142,2006-06-15,Riksdagens protokoll 2005/06:142 Torsdagen den 15 juni,180,2,2026-10-06
GT09144,2005/06,144,2006-06-17,Riksdagens protokoll 2005/06:144 Lördagen den 17 juni,56,1,2026-10-06
GT09145,2005/06,145,2006-06-27,Riksdagens protokoll 2005/06:145 Tisdagen den 27 juni,0,0,2026-10-06
GT09143,2005/06,143,2006-06-16,Riksdagens protokoll 2005/06:143 Fredagen den 16 juni,128,0,2026-10-06
GU092,2006/07,2,2006-10-03,Riksdagens protokoll 2006/07:2 Tisdagen den 3 oktober,2,0,2026-10-06
GU091,2006/07,1,2006-10-02,Riksdagens protokoll 2006/07:1 Måndagen den 2 oktober,8,0,2026-10-06
GU093,2006/07,3,2006-10-03,Riksdagens protokoll 2006/07:3 Tisdagen den 3 oktober,1,0,2026-10-06
GU095,2006/07,5,2006-10-05,Riksdagens protokoll 2006/07:5 Torsdagen den 5 oktober,6,0,2026-10-06
GU094,2006/07,4,2006-10-04,Riksdagens protokoll 2006/07:4 Onsdagen den 4 oktober,0,0,2026-10-06
GU096,2006/07,6,2006-10-06,Riksdagens protokoll 2006/07:6 Fredagen den 6 oktober,2,0,2026-10-06
GU097,2006/07,7,2006-10-10,Riksdagens protokoll 2006/07:7 Tisdagen den 10 oktober,1,0,2026-10-06
GU099,2006/07,9,2006-10-12,Riksdagens protokoll 2006/07:9 Torsdagen den 12 oktober,0,0,2026-10-06
GU098,2006/07,8,2006-10-11,Riksdagens protokoll 2006/07:8 Onsdagen den 11 oktober,61,1,2026-10-06
GU0910,2006/07,10,2006-10-13,Riksdagens protokoll 2006/07:10 Fredagen den 13 oktober,1,0,2026-10-06
GU0912,2006/07,12,2006-10-17,Riksdagens protokoll 2006/07:12 Tisdagen den 17 oktober,1,0,2026-10-06
GU0913,2006/07,13,2006-10-19,Riksdagens protokoll 2006/07:13 Torsdagen den 19 oktober,64,0,2026-10-06
GU0911,2006/07,11,2006-10-16,Riksdagens protokoll 2006/07:11 Måndagen den 16 oktober,31,0,2026-10-06
GU0916,2006/07,16,2006-11-07,Riksdagens protokoll 2006/07:16 Tisdagen den 7 november,40,0,2026-10-06
GU0914,2006/07,14,2006-10-24,Riksdagens protokoll 2006/07:14 Tisdagen den 24 oktober,175,8,2026-10-06
GU0915,2006/07,15,2006-10-26,Riksdagens protokoll 2006/07:15 Torsdagen den 26 oktober,122,0,2026-10-06
GU0919,2006/07,19,2006-11-10,Riksdagens protokoll 2006/07:19 Fredagen den 10 november,195,0,2026-10-06
GU0918,2006/07,18,2006-11-09,Riksdagens protokoll 2006/07:18 Torsdagen den 9 november,356,3,2026-10-06
GU0921,2006/07,21,2006-11-15,Riksdagens protokoll 2006/07:21 Onsdagen den 15 november,5,0,2026-10-06
GU0917,2006/07,17,2006-11-08,Riksdagens protokoll 2006/07:17 Onsdagen den 8 november,477,66,2026-10-06
GU0920,2006/07,20,2006-11-14,Riksdagens protokoll 2006/07:20 Tisdagen den 14 november,86,11,2026-10-06
GU0922,2006/07,22,2006-11-16,Riksdagens protokoll 2006/07:22 Torsdagen den 16 november,56,0,2026-10-06
GU0924,2006/07,24,2006-11-21,Riksdagens protokoll 2006/07:24 Tisdagen den 21 november,60,0,2026-10-06
GU0923,2006/07,23,2006-11-17,Riksdagens protokoll 2006/07:23 Fredagen den 17 november,70,0,2026-10-06
GU0925,2006/07,25,2006-11-22,Riksdagens protokoll 2006/07:25 Onsdagen den 22 november,31,13,2026-10-06
GU0927,2006/07,27,2006-11-24,Riksdagens protokoll 2006/07:27 Fredagen den 24 november,32,0,2026-10-06
GU0926,2006/07,26,2006-11-23,Riksdagens protokoll 2006/07:26 Torsdagen den 23 november,158,7,2026-10-06
GU0928,2006/07,28,2006-11-28,Riksdagens protokoll 2006/07:28 Tisdagen den 28 november,44,0,2026-10-06
GU0929,2006/07,29,2006-11-29,Riksdagens protokoll 2006/07:29 Onsdagen den 29 november,99,17,2026-10-06
GU0931,2006/07,31,2006-12-01,Riksdagens protokoll 2006/07:31 Fredagen den 1 december,25,0,2026-10-06
GU0930,2006/07,30,2006-11-30,Riksdagens protokoll 2006/07:30 Torsdagen den 30 november,167,7,2026-10-06
GU0932,2006/07,32,2006-12-04,Riksdagens protokoll 2006/07:32 Måndagen den 4 december,25,0,2026-10-06
GU0933,2006/07,33,2006-12-05,Riksdagens protokoll 2006/07:33 Tisdagen den 5 december,51,16,2026-10-06
GU0934,2006/07,34,2006-12-06,Riksdagens protokoll 2006/07:34 Onsdagen den 6 december,117,14,2026-10-06
GU0936,2006/07,36,2006-12-08,Riksdagens protokoll 2006/07:36 Fredagen den 8 december,58,0,2026-10-06
GU0935,2006/07,35,2006-12-07,Riksdagens protokoll 2006/07:35 Torsdagen den 7 december,144,2,2026-10-06
GU0937,2006/07,37,2006-12-11,Riksdagens protokoll 2006/07:37 Måndagen den 11 december,205,2,2026-10-06
GU0938,2006/07,38,2006-12-12,Riksdagens protokoll 2006/07:38 Tisdagen den 12 december,110,0,2026-10-06
GU0939,2006/07,39,2006-12-13,Riksdagens protokoll 2006/07:39 Onsdagen den 13 december,195,0,2026-10-06
GU0941,2006/07,41,2006-12-15,Riksdagens protokoll 2006/07:41 Fredagen den 15 december,74,2,2026-10-06
GU0940,2006/07,40,2006-12-14,Riksdagens protokoll 2006/07:40 Torsdagen den 14 december,217,1,2026-10-06
GU0942,2006/07,42,2006-12-18,Riksdagens protokoll 2006/07:42 Måndagen den 18 december,159,3,2026-10-06
GU0945,2006/07,45,2006-12-21,Riksdagens protokoll 2006/07:45 Torsdagen den 21 december,70,1,2026-10-06
GU0943,2006/07,43,2006-12-19,Riksdagens protokoll 2006/07:43 Tisdagen den 19 december,272,80,2026-10-06
GU0944,2006/07,44,2006-12-20,Riksdagens protokoll 2006/07:44 Onsdagen den 20 december,252,1,2026-10-06
GU0946,2006/07,46,2006-12-21,Riksdagens protokoll 2006/07:46 Torsdagen den 21 december,87,0,2026-10-06
GU0947,2006/07,47,2006-12-22,Riksdagens protokoll 2006/07:47 Fredagen den 22 december,111,11,2026-10-06
GU0949,2006/07,49,2007-01-17,Riksdagens protokoll 2006/07:49 Onsdagen den 17 januari,94,0,2026-10-06
GU0948,2006/07,48,2007-01-16,Riksdagens protokoll 2006/07:48 Tisdagen den 16 januari,109,6,2026-10-06
GU0950,2006/07,50,2007-01-18,Riksdagens protokoll 2006/07:50 Torsdagen den 18 januari,140,0,2026-10-06
GU0951,2006/07,51,2007-01-19,Riksdagens protokoll 2006/07:51 Fredagen den 19 januari,97,9,2026-10-06
GU0952,2006/07,52,2007-01-23,Riksdagens protokoll 2006/07:52 Tisdagen den 23 januari,123,7,2026-10-06
GU0953,2006/07,53,2007-01-24,Riksdagens protokoll 2006/07:53 Onsdagen den 24 januari,95,0,2026-10-06
GU0954,2006/07,54,2007-01-25,Riksdagens protokoll 2006/07:54 Torsdagen den 25 januari,62,0,2026-10-06
GU0955,2006/07,55,2007-01-26,Riksdagens protokoll 2006/07:55 Fredagen den 26 januari,57,0,2026-10-06
GU0956,2006/07,56,2007-01-30,Riksdagens protokoll 2006/07:56 Tisdagen den 30 januari,80,0,2026-10-06
GU0957,2006/07,57,2007-02-01,Riksdagens protokoll 2006/07:57 Torsdagen den 1 februari,104,0,2026-10-06
GU0958,2006/07,58,2007-02-02,Riksdagens protokoll 2006/07:58 Fredagen den 2 februari,56,0,2026-10-06
GU0959,2006/07,59,2007-02-13,Riksdagens protokoll 2006/07:59 Tisdagen den 13 februari,52,0,2026-10-06
GU0960,2006/07,60,2007-02-14,Riksdagens protokoll 2006/07:60 Onsdagen den 14 februari,134,0,2026-10-06
GU0962,2006/07,62,2007-02-16,Riksdagens protokoll 2006/07:62 Fredagen den 16 februari,56,0,2026-10-06
GU0961,2006/07,61,2007-02-15,Riksdagens protokoll 2006/07:61 Torsdagen den 15 februari,162,0,2026-10-06
GU0963,2006/07,63,2007-02-20,Riksdagens protokoll 2006/07:63 Tisdagen den 20 februari,106,0,2026-10-06
GU0964,2006/07,64,2007-02-21,Riksdagens protokoll 2006/07:64 Onsdagen den 21 februari,125,3,2026-10-06
GU0965,2006/07,65,2007-02-22,Riksdagens protokoll 2006/07:65 Torsdagen den 22 februari,175,0,2026-10-06
GU0967,2006/07,67,2007-02-26,Riksdagens protokoll 2006/07:67 Måndagen den 26 februari,21,0,2026-10-06
GU0966,2006/07,66,2007-02-23,Riksdagens protokoll 2006/07:66 Fredagen den 23 februari,119,3,2026-10-06
GU0968,2006/07,68,2007-02-27,Riksdagens protokoll 2006/07:68 Tisdagen den 27 februari,116,0,2026-10-06
GU0971,2006/07,71,2007-03-02,Riksdagens protokoll 2006/07:71 Fredagen den 2 mars,46,15,2026-10-06
GU0970,2006/07,70,2007-03-01,Riksdagens protokoll 2006/07:70 Torsdagen den 1 mars,218,0,2026-10-06
GU0969,2006/07,69,2007-02-28,Riksdagens protokoll 2006/07:69 Onsdagen den 28 februari,200,9,2026-10-06
GU0972,2006/07,72,2007-03-12,Riksdagens protokoll 2006/07:72 Måndagen den 12 mars,40,0,2026-10-06
GU0973,2006/07,73,2007-03-13,Riksdagens protokoll 2006/07:73 Tisdagen den 13 mars,123,7,2026-10-06
GU0974,2006/07,74,2007-03-14,Riksdagens protokoll 2006/07:74 Onsdagen den 14 mars,202,7,2026-10-06
GU0975,2006/07,75,2007-03-15,Riksdagens protokoll 2006/07:75 Torsdagen den 15 mars,173,0,2026-10-06
GU0976,2006/07,76,2007-03-16,Riksdagens protokoll 2006/07:76 Fredagen den 16 mars,72,1,2026-10-06
GU0977,2006/07,77,2007-03-19,Riksdagens protokoll 2006/07:77 Måndagen den 19 mars,59,20,2026-10-06
GU0978,2006/07,78,2007-03-20,Riksdagens protokoll 2006/07:78 Tisdagen den 20 mars,129,0,2026-10-06
GU0980,2006/07,80,2007-03-22,Riksdagens protokoll 2006/07:80 Torsdagen den 22 mars,103,0,2026-10-06
GU0979,2006/07,79,2007-03-21,Riksdagens protokoll 2006/07:79 Onsdagen den 21 mars,171,75,2026-10-06
GU0981,2006/07,81,2007-03-26,Riksdagens protokoll 2006/07:81 Måndagen den 26 mars,168,1,2026-10-06
GU0982,2006/07,82,2007-03-27,Riksdagens protokoll 2006/07:82 Tisdagen den 27 mars,154,0,2026-10-06
GU0985,2006/07,85,2007-03-30,Riksdagens protokoll 2006/07:85 Fredagen den 30 mars,21,0,2026-10-06
GU0983,2006/07,83,2007-03-28,Riksdagens protokoll 2006/07:83 Onsdagen den 28 mars,230,1,2026-10-06
GU0986,2006/07,86,2007-04-04,Riksdagens protokoll 2006/07:86 Onsdagen den 4 april,0,1,2026-10-06
GU0984,2006/07,84,2007-03-29,Riksdagens protokoll 2006/07:84 Torsdagen den 29 mars,154,2,2026-10-06
GU0987,2006/07,87,2007-04-10,Riksdagens protokoll 2006/07:87 Tisdagen den 10 april,138,0,2026-10-06
GU0989,2006/07,89,2007-04-12,Riksdagens protokoll 2006/07:89 Torsdagen den 12 april,171,2,2026-10-06
GU0990,2006/07,90,2007-04-13,Riksdagens protokoll 2006/07:90 Fredagen den 13 april,68,1,2026-10-06
GU0988,2006/07,88,2007-04-11,Riksdagens protokoll 2006/07:88 Onsdagen den 11 april,234,1,2026-10-06
GU0992,2006/07,92,2007-04-17,Riksdagens protokoll 2006/07:92 Tisdagen den 17 april,41,0,2026-10-06
GU0991,2006/07,91,2007-04-16,Riksdagens protokoll 2006/07:91 Måndagen den 16 april,89,3,2026-10-06
GU0994,2006/07,94,2007-04-19,Riksdagens protokoll 2006/07:94 Torsdagen den 19 april,98,0,2026-10-06
GU0995,2006/07,95,2007-04-20,Riksdagens protokoll 2006/07:95 Fredagen den 20 april,67,0,2026-10-06
GU0996,2006/07,96,2007-04-23,Riksdagens protokoll 2006/07:96 Måndagen den 23 april,50,0,2026-10-06
GU0993,2006/07,93,2007-04-18,Riksdagens protokoll 2006/07:93 Onsdagen den 18 april,225,15,2026-10-06
GU0997,2006/07,97,2007-04-24,Riksdagens protokoll 2006/07:97 Tisdagen den 24 april,40,1,2026-10-06
GU0998,2006/07,98,2007-04-25,Riksdagens protokoll 2006/07:98 Onsdagen den 25 april,83,1,2026-10-06
GU09100,2006/07,100,2007-04-27,Riksdagens protokoll 2006/07:100 Fredagen den 27 april,37,1,2026-10-06
GU0999,2006/07,99,2007-04-26,Riksdagens protokoll 2006/07:99 Torsdagen den 26 april,87,8,2026-10-06
GU09101,2006/07,101,2007-05-04,Riksdagens protokoll 2006/07:101 Fredagen den 4 maj,0,0,2026-10-06
GU09102,2006/07,102,2007-05-08,Riksdagens protokoll 2006/07:102 Tisdagen den 8 maj,43,16,2026-10-06
GU09104,2006/07,104,2007-05-10,Riksdagens protokoll 2006/07:104 Torsdagen den 10 maj,97,0,2026-10-06
GU09105,2006/07,105,2007-05-11,Riksdagens protokoll 2006/07:105 Fredagen den 11 maj,83,2,2026-10-06
GU09106,2006/07,106,2007-05-14,Riksdagens protokoll 2006/07:106 Måndagen den 14 maj,49,1,2026-10-06
GU09103,2006/07,103,2007-05-09,Riksdagens protokoll 2006/07:103 Onsdagen den 9 maj,189,1,2026-10-06
GU09107,2006/07,107,2007-05-15,Riksdagens protokoll 2006/07:107 Tisdagen den 15 maj,97,0,2026-10-06
GU09109,2006/07,109,2007-05-21,Riksdagens protokoll 2006/07:109 Måndagen den 21 maj,14,0,2026-10-06
GU09108,2006/07,108,2007-05-16,Riksdagens protokoll 2006/07:108 Onsdagen den 16 maj,106,1,2026-10-06
GU09110,2006/07,110,2007-05-22,Riksdagens protokoll 2006/07:110 Tisdagen den 22 maj,84,0,2026-10-06
GU09111,2006/07,111,2007-05-23,Riksdagens protokoll 2006/07:111 Onsdagen den 23 maj,239,3,2026-10-06
GU09113,2006/07,113,2007-05-25,Riksdagens protokoll 2006/07:113 Fredagen den 25 maj,22,15,2026-10-06
GU09112,2006/07,112,2007-05-24,Riksdagens protokoll 2006/07:112 Torsdagen den 24 maj,166,0,2026-10-06
GU09114,2006/07,114,2007-05-28,Riksdagens protokoll 2006/07:114 Måndagen den 28 maj,23,0,2026-10-06
GU09115,2006/07,115,2007-05-29,Riksdagens protokoll 2006/07:115 Tisdagen den 29 maj,84,3,2026-10-06
GU09117,2006/07,117,2007-05-31,Riksdagens protokoll 2006/07:117 Torsdagen den 31 maj,173,40,2026-10-06
GU09118,2006/07,118,2007-06-01,Riksdagens protokoll 2006/07:118 Fredagen den 1 juni,69,0,2026-10-06
GU09119,2006/07,119,2007-06-04,Riksdagens protokoll 2006/07:119 Måndagen den 4 juni,60,0,2026-10-06
GU09116,2006/07,116,2007-05-30,Riksdagens protokoll 2006/07:116 Onsdagen den 30 maj,276,1,2026-10-06
GU09120,2006/07,120,2007-06-05,Riksdagens protokoll 2006/07:120 Tisdagen den 5 juni,91,0,2026-10-06
GU09122,2006/07,122,2007-06-08,Riksdagens protokoll 2006/07:122 Fredagen den 8 juni,20,0,2026-10-06
GU09121,2006/07,121,2007-06-07,Riksdagens protokoll 2006/07:121 Torsdagen den 7 juni,142,0,2026-10-06
GU09123,2006/07,123,2007-06-11,Riksdagens protokoll 2006/07:123 Måndagen den 11 juni,73,10,2026-10-06
GU09124,2006/07,124,2007-06-12,Riksdagens protokoll 2006/07:124 Tisdagen den 12 juni,129,2,2026-10-06
GU09125,2006/07,125,2007-06-13,Riksdagens protokoll 2006/07:125 Onsdagen den 13 juni,153,3,2026-10-06
GU09127,2006/07,127,2007-06-15,Riksdagens protokoll 2006/07:127 Fredagen den 15 juni,105,1,2026-10-06
GU09126,2006/07,126,2007-06-14,Riksdagens protokoll 2006/07:126 Torsdagen den 14 juni,251,24,2026-10-06
GU09128,2006/07,128,2007-06-18,Riksdagens protokoll 2006/07:128 Måndagen den 18 juni,138,0,2026-10-06
GU09129,2006/07,129,2007-06-19,Riksdagens protokoll 2006/07:129 Tisdagen den 19 juni,219,0,2026-10-06
GU09130,2006/07,130,2007-06-20,Riksdagens protokoll 2006/07:130 Onsdagen den 20 juni,169,6,2026-10-06
GU09131,2006/07,131,2007-06-21,Riksdagens protokoll 2006/07:131 Torsdagen den 21 juni,129,0,2026-10-06
GU09132,2006/07,132,2007-08-16,Riksdagens protokoll 2006/07:132 Torsdagen den 16 augusti,97,2,2026-10-06
GU09133,2006/07,133,2007-08-23,Riksdagens protokoll 2006/07:133 Torsdagen den 23 augusti,71,0,2026-10-06
GU09134,2006/07,134,2007-08-30,Riksdagens protokoll 2006/07:134 Torsdagen den 30 augusti,88,0,2026-10-06
GU09136,2006/07,136,2007-09-13,Riksdagens protokoll 2006/07:136 Torsdagen den 13 september,14,0,2026-10-06
GU09135,2006/07,135,2007-09-06,Riksdagens protokoll 2006/07:135 Torsdagen den 6 september,59,2,2026-10-06
GV091,2007/08,1,2007-09-18,Riksdagens protokoll 2007/08:1 Tisdagen den 18 september,2,0,2026-10-06
GV092,2007/08,2,2007-09-18,Riksdagens protokoll 2007/08:2 Tisdagen den 18 september,3,0,2026-10-06
GV094,2007/08,4,2007-09-21,Riksdagens protokoll 2007/08:4 Fredagen den 21 september,0,0,2026-10-06
GV093,2007/08,3,2007-09-20,Riksdagens protokoll 2007/08:3 Torsdagen den 20 september,27,0,2026-10-06
GV095,2007/08,5,2007-09-25,Riksdagens protokoll 2007/08:5 Tisdagen den 25 september,0,0,2026-10-06
GV097,2007/08,7,2007-09-27,Riksdagens protokoll 2007/08:7 Torsdagen den 27 september,66,0,2026-10-06
GV096,2007/08,6,2007-09-26,Riksdagens protokoll 2007/08:6 Onsdagen den 26 september,58,0,2026-10-06
GV098,2007/08,8,2007-10-02,Riksdagens protokoll 2007/08:8 Tisdagen den 2 oktober,30,1,2026-10-06
GV099,2007/08,9,2007-10-04,Riksdagens protokoll 2007/08:9 Torsdagen den 4 oktober,46,0,2026-10-06
GV0910,2007/08,10,2007-10-16,Riksdagens protokoll 2007/08:10 Tisdagen den 16 oktober,148,0,2026-10-06
GV0911,2007/08,11,2007-10-17,Riksdagens protokoll 2007/08:11 Onsdagen den 17 oktober,495,10,2026-10-06
GV0912,2007/08,12,2007-10-18,Riksdagens protokoll 2007/08:12 Torsdagen den 18 oktober,548,2,2026-10-06
GV0913,2007/08,13,2007-10-19,Riksdagens protokoll 2007/08:13 Fredagen den 19 oktober,336,43,2026-10-06
GV0915,2007/08,15,2007-10-24,Riksdagens protokoll 2007/08:15 Onsdagen den 24 oktober,21,1,2026-10-06
GV0916,2007/08,16,2007-10-25,Riksdagens protokoll 2007/08:16 Torsdagen den 25 oktober,60,0,2026-10-06
GV0917,2007/08,17,2007-10-26,Riksdagens protokoll 2007/08:17 Fredagen den 26 oktober,83,1,2026-10-06
GV0918,2007/08,18,2007-10-30,Riksdagens protokoll 2007/08:18 Tisdagen den 30 oktober,65,10,2026-10-06
GV0914,2007/08,14,2007-10-23,Riksdagens protokoll 2007/08:14 Tisdagen den 23 oktober,150,0,2026-10-06
GV0920,2007/08,20,2007-11-01,Riksdagens protokoll 2007/08:20 Torsdagen den 1 november,48,0,2026-10-06
GV0919,2007/08,19,2007-10-31,Riksdagens protokoll 2007/08:19 Onsdagen den 31 oktober,135,0,2026-10-06
GV0921,2007/08,21,2007-11-02,Riksdagens protokoll 2007/08:21 Fredagen den 2 november,41,20,2026-10-06
GV0922,2007/08,22,2007-11-12,Riksdagens protokoll 2007/08:22 Måndagen den 12 november,0,1,2026-10-06
GV0923,2007/08,23,2007-11-13,Riksdagens protokoll 2007/08:23 Tisdagen den 13 november,128,1,2026-10-06
GV0925,2007/08,25,2007-11-15,Riksdagens protokoll 2007/08:25 Torsdagen den 15 november,106,2,2026-10-06
GV0924,2007/08,24,2007-11-14,Riksdagens protokoll 2007/08:24 Onsdagen den 14 november,214,17,2026-10-06
GV0926,2007/08,26,2007-11-16,Riksdagens protokoll 2007/08:26 Fredagen den 16 november,127,22,2026-10-06
GV0927,2007/08,27,2007-11-20,Riksdagens protokoll 2007/08:27 Tisdagen den 20 november,121,1,2026-10-06
GV0929,2007/08,29,2007-11-22,Riksdagens protokoll 2007/08:29 Torsdagen den 22 november,92,0,2026-10-06
GV0928,2007/08,28,2007-11-21,Riksdagens protokoll 2007/08:28 Onsdagen den 21 november,152,2,2026-10-06
GV0930,2007/08,30,2007-11-23,Riksdagens protokoll 2007/08:30 Fredagen den 23 november,118,0,2026-10-06
GV0931,2007/08,31,2007-11-27,Riksdagens protokoll 2007/08:31 Tisdagen den 27 november,131,14,2026-10-06
GV0933,2007/08,33,2007-11-29,Riksdagens protokoll 2007/08:33 Torsdagen den 29 november,69,4,2026-10-06
GV0934,2007/08,34,2007-11-30,Riksdagens protokoll 2007/08:34 Fredagen den 30 november,63,7,2026-10-06
GV0932,2007/08,32,2007-11-28,Riksdagens protokoll 2007/08:32 Onsdagen den 28 november,230,1,2026-10-06
GV0935,2007/08,35,2007-12-03,Riksdagens protokoll 2007/08:35 Måndagen den 3 december,59,0,2026-10-06
GV0936,2007/08,36,2007-12-04,Riksdagens protokoll 2007/08:36 Tisdagen den 4 december,117,31,2026-10-06
GV0937,2007/08,37,2007-12-05,Riksdagens protokoll 2007/08:37 Onsdagen den 5 december,137,15,2026-10-06
GV0938,2007/08,38,2007-12-06,Riksdagens protokoll 2007/08:38 Torsdagen den 6 december,188,1,2026-10-06
GV0939,2007/08,39,2007-12-07,Riksdagens protokoll 2007/08:39 Fredagen den 7 december,115,0,2026-10-06
GV0941,2007/08,41,2007-12-11,Riksdagens protokoll 2007/08:41 Tisdagen den 11 december,132,0,2026-10-06
GV0940,2007/08,40,2007-12-10,Riksdagens protokoll 2007/08:40 Måndagen den 10 december,145,2,2026-10-06
GV0942,2007/08,42,2007-12-12,Riksdagens protokoll 2007/08:42 Onsdagen den 12 december,206,3,2026-10-06
GV0944,2007/08,44,2007-12-14,Riksdagens protokoll 2007/08:44 Fredagen den 14 december,141,12,2026-10-06
GV0943,2007/08,43,2007-12-13,Riksdagens protokoll 2007/08:43 Torsdagen den 13 december,215,7,2026-10-06
GV0945,2007/08,45,2007-12-17,Riksdagens protokoll 2007/08:45 Måndagen den 17 december,216,2,2026-10-06
GV0947,2007/08,47,2007-12-19,Riksdagens protokoll 2007/08:47 Onsdagen den 19 december,111,48,2026-10-06
GV0946,2007/08,46,2007-12-18,Riksdagens protokoll 2007/08:46 Tisdagen den 18 december,293,0,2026-10-06
GV0948,2007/08,48,2007-12-20,Riksdagens protokoll 2007/08:48 Torsdagen den 20 december,63,1,2026-10-06
GV0950,2007/08,50,2007-12-21,Riksdagens protokoll 2007/08:50 Fredagen den 21 december,21,0,2026-10-06
GV0949,2007/08,49,2007-12-20,Riksdagens protokoll 2007/08:49 Torsdagen den 20 december,128,0,2026-10-06
GV0951,2007/08,51,2008-01-15,Riksdagens protokoll 2007/08:51 Tisdagen den 15 januari,95,0,2026-10-06
GV0952,2007/08,52,2008-01-16,Riksdagens protokoll 2007/08:52 Onsdagen den 16 januari,91,0,2026-10-06
GV0953,2007/08,53,2008-01-17,Riksdagens protokoll 2007/08:53 Torsdagen den 17 januari,140,4,2026-10-06
GV0954,2007/08,54,2008-01-18,Riksdagens protokoll 2007/08:54 Fredagen den 18 januari,72,0,2026-10-06
GV0955,2007/08,55,2008-01-22,Riksdagens protokoll 2007/08:55 Tisdagen den 22 januari,63,0,2026-10-06
GV0956,2007/08,56,2008-01-23,Riksdagens protokoll 2007/08:56 Onsdagen den 23 januari,95,0,2026-10-06
GV0958,2007/08,58,2008-01-25,Riksdagens protokoll 2007/08:58 Fredagen den 25 januari,7,0,2026-10-06
GV0957,2007/08,57,2008-01-24,Riksdagens protokoll 2007/08:57 Torsdagen den 24 januari,169,0,2026-10-06
GV0960,2007/08,60,2008-01-31,Riksdagens protokoll 2007/08:60 Torsdagen den 31 januari,64,0,2026-10-06
GV0959,2007/08,59,2008-01-29,Riksdagens protokoll 2007/08:59 Tisdagen den 29 januari,85,20,2026-10-06
GV0961,2007/08,61,2008-02-01,Riksdagens protokoll 2007/08:61 Fredagen den 1 februari,20,0,2026-10-06
GV0962,2007/08,62,2008-02-12,Riksdagens protokoll 2007/08:62 Tisdagen den 12 februari,103,10,2026-10-06
GV0963,2007/08,63,2008-02-13,Riksdagens protokoll 2007/08:63 Onsdagen den 13 februari,48,0,2026-10-06
GV0964,2007/08,64,2008-02-14,Riksdagens protokoll 2007/08:64 Torsdagen den 14 februari,127,12,2026-10-06
GV0965,2007/08,65,2008-02-15,Riksdagens protokoll 2007/08:65 Fredagen den 15 februari,51,0,2026-10-06
GV0966,2007/08,66,2008-02-18,Riksdagens snabbprotokoll 2007/08:66 Måndagen den 18 februari,0,1,2026-10-06
GV0968,2007/08,68,2008-02-20,Riksdagens snabbprotokoll 2007/08:68 Onsdagen den 20 februari,74,0,2026-10-06
GV0967,2007/08,67,2008-02-19,Riksdagens snabbprotokoll 2007/08:67 Tisdagen den 19 februari,149,20,2026-10-06
GV0969,2007/08,69,2008-02-21,Riksdagens protokoll 2007/08:69 Torsdagen den 21 februari,128,8,2026-10-06
GV0971,2007/08,71,2008-03-03,Riksdagens protokoll 2007/08:71 Måndagen den 3 mars,0,0,2026-10-06
GV0970,2007/08,70,2008-02-22,Riksdagens protokoll 2007/08:70 Fredagen den 22 februari,51,3,2026-10-06
GV0972,2007/08,72,2008-03-04,Riksdagens protokoll 2007/08:72 Tisdagen den 4 mars,132,0,2026-10-06
GV0973,2007/08,73,2008-03-05,Riksdagens protokoll 2007/08:73 Onsdagen den 5 mars,144,1,2026-10-06
GV0974,2007/08,74,2008-03-06,Riksdagens protokoll 2007/08:74 Torsdagen den 6 mars,217,5,2026-10-06
GV0975,2007/08,75,2008-03-07,Riksdagens protokoll 2007/08:75 Fredagen den 7 mars,61,10,2026-10-06
GV0976,2007/08,76,2008-03-11,Riksdagens protokoll 2007/08:76 Tisdagen den 11 mars,149,0,2026-10-06
GV0977,2007/08,77,2008-03-12,Riksdagens protokoll 2007/08:77 Onsdagen den 12 mars,115,1,2026-10-06
GV0978,2007/08,78,2008-03-13,Riksdagens protokoll 2007/08:78 Torsdagen den 13 mars,108,4,2026-10-06
GV0980,2007/08,80,2008-03-18,Riksdagens protokoll 2007/08:80 Tisdagen den 18 mars,0,0,2026-10-06
GV0981,2007/08,81,2008-03-20,Riksdagens protokoll 2007/08:81 Torsdagen den 20 mars,0,0,2026-10-06
GV0979,2007/08,79,2008-03-14,Riksdagens protokoll 2007/08:79 Fredagen den 14 mars,114,0,2026-10-06
GV0982,2007/08,82,2008-03-25,Riksdagens protokoll 2007/08:82 Tisdagen den 25 mars,162,14,2026-10-06
GV0984,2007/08,84,2008-03-27,Riksdagens protokoll 2007/08:84 Torsdagen den 27 mars,172,0,2026-10-06
GV0983,2007/08,83,2008-03-26,Riksdagens protokoll 2007/08:83 Onsdagen den 26 mars,209,8,2026-10-06
GV0986,2007/08,86,2008-04-01,Riksdagens protokoll 2007/08:86 Tisdagen den 1 april,146,0,2026-10-06
GV0985,2007/08,85,2008-03-28,Riksdagens protokoll 2007/08:85 Fredagen den 28 mars,130,12,2026-10-06
GV0989,2007/08,89,2008-04-04,Riksdagens protokoll 2007/08:89 Fredagen den 4 april,14,0,2026-10-06
GV0987,2007/08,87,2008-04-02,Riksdagens protokoll 2007/08:87 Onsdagen den 2 april,244,6,2026-10-06
GV0988,2007/08,88,2008-04-03,Riksdagens protokoll 2007/08:88 Torsdagen den 3 april,171,0,2026-10-06
GV0990,2007/08,90,2008-04-07,Riksdagens protokoll 2007/08:90 Måndagen den 7 april,21,0,2026-10-06
GV0991,2007/08,91,2008-04-08,Riksdagens protokoll 2007/08:91 Tisdagen den 8 april,136,3,2026-10-06
GV0993,2007/08,93,2008-04-10,Riksdagens protokoll 2007/08:93 Torsdagen den 10 april,75,0,2026-10-06
GV0992,2007/08,92,2008-04-09,Riksdagens protokoll 2007/08:92 Onsdagen den 9 april,132,0,2026-10-06
GV0995,2007/08,95,2008-04-14,Riksdagens protokoll 2007/08:95 Måndagen den 14 april,24,0,2026-10-06
GV0994,2007/08,94,2008-04-11,Riksdagens protokoll 2007/08:94 Fredagen den 11 april,132,2,2026-10-06
GV0996,2007/08,96,2008-04-15,Riksdagens protokoll 2007/08:96 Tisdagen den 15 april,31,1,2026-10-06
GV0998,2007/08,98,2008-04-17,Riksdagens protokoll 2007/08:98 Torsdagen den 17 april,89,0,2026-10-06
GV0999,2007/08,99,2008-04-21,Riksdagens protokoll 2007/08:99 Måndagen den 21 april,25,0,2026-10-06
GV0997,2007/08,97,2008-04-16,Riksdagens protokoll 2007/08:97 Onsdagen den 16 april,156,2,2026-10-06
GV09100,2007/08,100,2008-04-22,Riksdagens protokoll 2007/08:100 Tisdagen den 22 april,147,1,2026-10-06
GV09101,2007/08,101,2008-04-23,Riksdagens protokoll 2007/08:101 Onsdagen den 23 april,133,0,2026-10-06
GV09102,2007/08,102,2008-04-24,Riksdagens protokoll 2007/08:102 Torsdagen den 24 april,208,9,2026-10-06
GV09103,2007/08,103,2008-04-25,Riksdagens protokoll 2007/08:103 Fredagen den 25 april,70,7,2026-10-06
GV09104,2007/08,104,2008-05-05,Riksdagens protokoll 2007/08:104 Måndagen den 5 maj,28,0,2026-10-06
GV09105,2007/08,105,2008-05-06,Riksdagens protokoll 2007/08:105 Tisdagen den 6 maj,85,1,2026-10-06
GV09106,2007/08,106,2008-05-07,Riksdagens protokoll 2007/08:106 Onsdagen den 7 maj,163,0,2026-10-06
GV09107,2007/08,107,2008-05-08,Riksdagens protokoll 2007/08:107 Torsdagen den 8 maj,149,8,2026-10-06
GV09108,2007/08,108,2008-05-09,Riksdagens protokoll 2007/08:108 Fredagen den 9 maj,136,0,2026-10-06
GV09109,2007/08,109,2008-05-12,Riksdagens protokoll 2007/08:109 Måndagen den 12 maj,72,0,2026-10-06
GV09110,2007/08,110,2008-05-13,Riksdagens protokoll 2007/08:110 Tisdagen den 13 maj,108,0,2026-10-06
GV09111,2007/08,111,2008-05-14,Riksdagens protokoll 2007/08:111 Onsdagen den 14 maj,99,0,2026-10-06
GV09113,2007/08,113,2008-05-16,Riksdagens protokoll 2007/08:113 Fredagen den 16 maj,32,0,2026-10-06
GV09112,2007/08,112,2008-05-15,Riksdagens protokoll 2007/08:112 Torsdagen den 15 maj,197,0,2026-10-06
GV09114,2007/08,114,2008-05-19,Riksdagens protokoll 2007/08:114 Måndagen den 19 maj,82,0,2026-10-06
GV09115,2007/08,115,2008-05-20,Riksdagens protokoll 2007/08:115 Tisdagen den 20 maj,162,0,2026-10-06
GV09116,2007/08,116,2008-05-21,Riksdagens protokoll 2007/08:116 Onsdagen den 21 maj,184,1,2026-10-06
GV09117,2007/08,117,2008-05-22,Riksdagens protokoll 2007/08:117 Torsdagen den 22 maj,130,0,2026-10-06
GV09118,2007/08,118,2008-05-23,Riksdagens protokoll 2007/08:118 Fredagen den 23 maj,58,3,2026-10-06
GV09119,2007/08,119,2008-05-28,Riksdagens protokoll 2007/08:119 Onsdagen den 28 maj,31,0,2026-10-06
GV09121,2007/08,121,2008-06-03,Riksdagens protokoll 2007/08:121 Tisdagen den 3 juni,145,5,2026-10-06
GV09120,2007/08,120,2008-06-02,Riksdagens protokoll 2007/08:120 Måndagen den 2 juni,220,12,2026-10-06
GV09122,2007/08,122,2008-06-04,Riksdagens protokoll 2007/08:122 Onsdagen den 4 juni,237,0,2026-10-06
GV09123,2007/08,123,2008-06-05,Riksdagens protokoll 2007/08:123 Torsdagen den 5 juni,144,27,2026-10-06
GV09124,2007/08,124,2008-06-09,Riksdagens protokoll 2007/08:124 Måndagen den 9 juni,168,0,2026-10-06
GV09125,2007/08,125,2008-06-10,Riksdagens protokoll 2007/08:125 Tisdagen den 10 juni,144,7,2026-10-06
GV09126,2007/08,126,2008-06-11,Riksdagens protokoll 2007/08:126 Onsdagen den 11 juni,181,0,2026-10-06
GV09127,2007/08,127,2008-06-12,Riksdagens protokoll 2007/08:127 Torsdagen den 12 juni,245,0,2026-10-06
GV09128,2007/08,128,2008-06-13,Riksdagens protokoll 2007/08:128 Fredagen den 13 juni,81,35,2026-10-06
GV09129,2007/08,129,2008-06-16,Riksdagens protokoll 2007/08:129 Måndagen den 16 juni,121,11,2026-10-06
GV09131,2007/08,131,2008-06-18,Riksdagens protokoll 2007/08:131 Onsdagen den 18 juni,107,2,2026-10-06
GV09132,2007/08,132,2008-06-18,Riksdagens protokoll 2007/08:132 Onsdagen den 18 juni,41,0,2026-10-06
GV09130,2007/08,130,2008-06-17,Riksdagens protokoll 2007/08:130 Tisdagen den 17 juni,236,0,2026-10-06
GV09133,2007/08,133,2008-06-19,Riksdagens protokoll 2007/08:133 Torsdagen den 19 juni,100,3,2026-10-06
GV09134,2007/08,134,2008-06-23,Riksdagens protokoll 2007/08:134 Måndagen den 23 juni,68,9,2026-10-06
GV09137,2007/08,137,2008-08-21,Riksdagens protokoll 2007/08:137 Torsdagen den 21 augusti,27,0,2026-10-06
GV09135,2007/08,135,2008-06-24,Riksdagens protokoll 2007/08:135 Tisdagen den 24 juni,141,7,2026-10-06
GV09136,2007/08,136,2008-08-14,Riksdagens protokoll 2007/08:136 Torsdagen den 14 augusti,72,0,2026-10-06
GV09139,2007/08,139,2008-09-02,Riksdagens protokoll 2007/08:139 Tisdagen den 2 september,55,0,2026-10-06
GV09140,2007/08,140,2008-09-04,Riksdagens protokoll 2007/08:140 Torsdagen den 4 september,11,0,2026-10-06
GW091,2008/09,1,2008-09-16,Riksdagens protokoll 2008/09:1 Tisdagen den 16 september,1,0,2026-10-06
GV09138,2007/08,138,2008-08-28,Riksdagens protokoll 2007/08:138 Torsdagen den 28 augusti,180,16,2026-10-06
GV09141,2007/08,141,2008-09-11,Riksdagens protokoll 2007/08:141 Torsdagen den 11 september,65,0,2026-10-06
GW092,2008/09,2,2008-09-16,Riksdagens protokoll 2008/09:2 Tisdagen den 16 september,3,0,2026-10-06
GW093,2008/09,3,2008-09-17,Riksdagens protokoll 2008/09:3 Onsdagen den 17 september,0,0,2026-10-06
GW094,2008/09,4,2008-09-22,Riksdagens protokoll 2008/09:4 Måndagen den 22 september,26,1,2026-10-06
GW095,2008/09,5,2008-09-25,Riksdagens protokoll 2008/09:5 Torsdagen den 25 september,46,0,2026-10-06
GW096,2008/09,6,2008-09-26,Riksdagens protokoll 2008/09:6 Fredagen den 26 september,10,0,2026-10-06
GW098,2008/09,8,2008-10-01,Riksdagens protokoll 2008/09:8 Onsdagen den 1 oktober,0,0,2026-10-06
GW097,2008/09,7,2008-09-30,Riksdagens protokoll 2008/09:7 Tisdagen den 30 september,11,11,2026-10-06
GW099,2008/09,9,2008-10-02,Riksdagens protokoll 2008/09:9 Torsdagen den 2 oktober,54,0,2026-10-06
GW0911,2008/09,11,2008-10-07,Riksdagens protokoll 2008/09:11 Tisdagen den 7 oktober,0,0,2026-10-06
GW0910,2008/09,10,2008-10-03,Riksdagens protokoll 2008/09:10 Fredagen den 3 oktober,26,0,2026-10-06
GW0912,2008/09,12,2008-10-14,Riksdagens protokoll 2008/09:12 Tisdagen den 14 oktober,78,17,2026-10-06
GW0913,2008/09,13,2008-10-15,Riksdagens protokoll 2008/09:13 Onsdagen den 15 oktober,402,98,2026-10-06
GW0914,2008/09,14,2008-10-16,Riksdagens protokoll 2008/09:14 Torsdagen den 16 oktober,490,2,2026-10-06
GW0915,2008/09,15,2008-10-17,Riksdagens protokoll 2008/09:15 Fredagen den 17 oktober,351,2,2026-10-06
GW0916,2008/09,16,2008-10-21,Riksdagens protokoll 2008/09:16 Tisdagen den 21 oktober,74,0,2026-10-06
GW0918,2008/09,18,2008-10-23,Riksdagens protokoll 2008/09:18 Torsdagen den 23 oktober,70,0,2026-10-06
GW0920,2008/09,20,2008-10-27,Riksdagens protokoll 2008/09:20 Måndagen den 27 oktober,14,0,2026-10-06
GW0919,2008/09,19,2008-10-24,Riksdagens protokoll 2008/09:19 Fredagen den 24 oktober,32,0,2026-10-06
GW0917,2008/09,17,2008-10-22,Riksdagens protokoll 2008/09:17 Onsdagen den 22 oktober,193,0,2026-10-06
GW0922,2008/09,22,2008-10-29,Riksdagens protokoll 2008/09:22 Onsdagen den 29 oktober,44,2,2026-10-06
GW0923,2008/09,23,2008-10-30,Riksdagens protokoll 2008/09:23 Torsdagen den 30 oktober,98,12,2026-10-06
GW0921,2008/09,21,2008-10-28,Riksdagens protokoll 2008/09:21 Tisdagen den 28 oktober,73,2,2026-10-06
GW0924,2008/09,24,2008-11-10,Riksdagens protokoll 2008/09:24 Måndagen den 10 november,0,0,2026-10-06
GW0927,2008/09,27,2008-11-13,Riksdagens protokoll 2008/09:27 Torsdagen den 13 november,118,5,2026-10-06
GW0928,2008/09,28,2008-11-14,Riksdagens protokoll 2008/09:28 Fredagen den 14 november,62,3,2026-10-06
GW0926,2008/09,26,2008-11-12,Riksdagens protokoll 2008/09:26 Onsdagen den 12 november,134,3,2026-10-06
GW0925,2008/09,25,2008-11-11,Riksdagens protokoll 2008/09:25 Tisdagen den 11 november,148,1,2026-10-06
GW0929,2008/09,29,2008-11-17,Riksdagens protokoll 2008/09:29 Måndagen den 17 november,0,0,2026-10-06
GW0930,2008/09,30,2008-11-18,Riksdagens protokoll 2008/09:30 Tisdagen den 18 november,61,0,2026-10-06
GW0931,2008/09,31,2008-11-19,Riksdagens protokoll 2008/09:31 Onsdagen den 19 november,203,24,2026-10-06
GW0933,2008/09,33,2008-11-21,Riksdagens protokoll 2008/09:33 Fredagen den 21 november,75,2,2026-10-06
GW0932,2008/09,32,2008-11-20,Riksdagens protokoll 2008/09:32 Torsdagen den 20 november,215,3,2026-10-06
GW0934,2008/09,34,2008-11-24,Riksdagens protokoll 2008/09:34 Måndagen den 24 november,40,0,2026-10-06
GW0935,2008/09,35,2008-11-25,Riksdagens protokoll 2008/09:35 Tisdagen den 25 november,112,0,2026-10-06
GW0936,2008/09,36,2008-11-26,Riksdagens protokoll 2008/09:36 Onsdagen den 26 november,100,19,2026-10-06
GW0937,2008/09,37,2008-11-27,Riksdagens protokoll 2008/09:37 Torsdagen den 27 november,182,8,2026-10-06
GW0938,2008/09,38,2008-11-28,Riksdagens protokoll 2008/09:38 Fredagen den 28 november,67,0,2026-10-06
GW0939,2008/09,39,2008-12-01,Riksdagens protokoll 2008/09:39 Måndagen den 1 december,151,0,2026-10-06
GW0940,2008/09,40,2008-12-02,Riksdagens protokoll 2008/09:40 Tisdagen den 2 december,129,10,2026-10-06
GW0942,2008/09,42,2008-12-04,Riksdagens protokoll 2008/09:42 Torsdagen den 4 december,46,1,2026-10-06
GW0941,2008/09,41,2008-12-03,Riksdagens protokoll 2008/09:41 Onsdagen den 3 december,165,3,2026-10-06
GW0943,2008/09,43,2008-12-05,Riksdagens protokoll 2008/09:43 Fredagen den 5 december,47,1,2026-10-06
GW0945,2008/09,45,2008-12-09,Riksdagens protokoll 2008/09:45 Tisdagen den 9 december,120,31,2026-10-06
GW0946,2008/09,46,2008-12-10,Riksdagens protokoll 2008/09:46 Onsdagen den 10 december,90,0,2026-10-06
GW0944,2008/09,44,2008-12-08,Riksdagens protokoll 2008/09:44 Måndagen den 8 december,120,1,2026-10-06
GW0948,2008/09,48,2008-12-12,Riksdagens protokoll 2008/09:48 Fredagen den 12 december,63,0,2026-10-06
GW0947,2008/09,47,2008-12-11,Riksdagens protokoll 2008/09:47 Torsdagen den 11 december,196,45,2026-10-06
GW0949,2008/09,49,2008-12-15,Riksdagens protokoll 2008/09:49 Måndagen den 15 december,160,5,2026-10-06
GW0950,2008/09,50,2008-12-16,Riksdagens protokoll 2008/09:50 Tisdagen den 16 december,243,12,2026-10-06
GW0951,2008/09,51,2008-12-17,Riksdagens protokoll 2008/09:51 Onsdagen den 17 december,228,5,2026-10-06
GW0954,2008/09,54,2008-12-19,Riksdagens protokoll 2008/09:54 Fredagen den 19 december,1,0,2026-10-06
GW0953,2008/09,53,2008-12-19,Riksdagens protokoll 2008/09:53 Fredagen den 19 december,101,8,2026-10-06
GW0952,2008/09,52,2008-12-18,Riksdagens protokoll 2008/09:52 Torsdagen den 18 december,191,2,2026-10-06
GW0955,2008/09,55,2009-01-13,Riksdagens protokoll 2008/09:55 Tisdagen den 13 januari,82,10,2026-10-06
GW0956,2008/09,56,2009-01-14,Riksdagens protokoll 2008/09:56 Onsdagen den 14 januari,87,4,2026-10-06
GW0958,2008/09,58,2009-01-16,Riksdagens protokoll 2008/09:58 Fredagen den 16 januari,74,0,2026-10-06
GW0959,2008/09,59,2009-01-20,Riksdagens protokoll 2008/09:59 Tisdagen den 20 januari,53,0,2026-10-06
GW0957,2008/09,57,2009-01-15,Riksdagens protokoll 2008/09:57 Torsdagen den 15 januari,147,2,2026-10-06
GW0961,2008/09,61,2009-01-22,Riksdagens protokoll 2008/09:61 Torsdagen den 22 januari,62,1,2026-10-06
GW0960,2008/09,60,2009-01-21,Riksdagens protokoll 2008/09:60 Onsdagen den 21 januari,154,2,2026-10-06
GW0962,2008/09,62,2009-01-23,Riksdagens protokoll 2008/09:62 Fredagen den 23 januari,116,9,2026-10-06
GW0963,2008/09,63,2009-01-27,Riksdagens protokoll 2008/09:63 Tisdagen den 27 januari,107,7,2026-10-06
GW0964,2008/09,64,2009-01-28,Riksdagens protokoll 2008/09:64 Onsdagen den 28 januari,83,0,2026-10-06
GW0966,2008/09,66,2009-02-09,Riksdagens protokoll 2008/09:66 Måndagen den 9 februari,0,3,2026-10-06
GW0965,2008/09,65,2009-01-29,Riksdagens protokoll 2008/09:65 Torsdagen den 29 januari,89,0,2026-10-06
GW0967,2008/09,67,2009-02-10,Riksdagens protokoll 2008/09:67 Tisdagen den 10 februari,129,13,2026-10-06
GW0968,2008/09,68,2009-02-11,Riksdagens protokoll 2008/09:68 Onsdagen den 11 februari,112,9,2026-10-06
GW0969,2008/09,69,2009-02-12,Riksdagens protokoll 2008/09:69 Torsdagen den 12 februari,124,0,2026-10-06
GW0970,2008/09,70,2009-02-13,Riksdagens protokoll 2008/09:70 Fredagen den 13 februari,125,10,2026-10-06
GW0971,2008/09,71,2009-02-17,Riksdagens protokoll 2008/09:71 Tisdagen den 17 februari,89,0,2026-10-06
GW0972,2008/09,72,2009-02-18,Riksdagens protokoll 2008/09:72 Onsdagen den 18 februari,120,33,2026-10-06
GW0973,2008/09,73,2009-02-19,Riksdagens protokoll 2008/09:73 Torsdagen den 19 februari,143,4,2026-10-06
GW0974,2008/09,74,2009-02-20,Riksdagens protokoll 2008/09:74 Fredagen den 20 februari,51,0,2026-10-06
GW0975,2008/09,75,2009-02-23,Riksdagens protokoll 2008/09:75 Måndagen den 23 februari,21,0,2026-10-06
GW0976,2008/09,76,2009-02-24,Riksdagens protokoll 2008/09:76 Tisdagen den 24 februari,11,0,2026-10-06
GW0978,2008/09,78,2009-02-26,Riksdagens protokoll 2008/09:78 Torsdagen den 26 februari,136,0,2026-10-06
GW0979,2008/09,79,2009-02-27,Riksdagens protokoll 2008/09:79 Fredagen den 27 februari,46,0,2026-10-06
GW0977,2008/09,77,2009-02-25,Riksdagens protokoll 2008/09:77 Onsdagen den 25 februari,211,0,2026-10-06
GW0981,2008/09,81,2009-03-10,Riksdagens protokoll 2008/09:81 Tisdagen den 10 mars,37,3,2026-10-06
GW0980,2008/09,80,2009-03-09,Riksdagens protokoll 2008/09:80 Måndagen den 9 mars,78,0,2026-10-06
GW0982,2008/09,82,2009-03-11,Riksdagens protokoll 2008/09:82 Onsdagen den 11 mars,138,2,2026-10-06
GW0984,2008/09,84,2009-03-13,Riksdagens protokoll 2008/09:84 Fredagen den 13 mars,62,2,2026-10-06
GW0983,2008/09,83,2009-03-12,Riksdagens protokoll 2008/09:83 Torsdagen den 12 mars,165,0,2026-10-06
GW0985,2008/09,85,2009-03-17,Riksdagens protokoll 2008/09:85 Tisdagen den 17 mars,110,33,2026-10-06
GW0988,2008/09,88,2009-03-20,Riksdagens protokoll 2008/09:88 Fredagen den 20 mars,24,0,2026-10-06
GW0987,2008/09,87,2009-03-19,Riksdagens protokoll 2008/09:87 Torsdagen den 19 mars,134,0,2026-10-06
GW0986,2008/09,86,2009-03-18,Riksdagens protokoll 2008/09:86 Onsdagen den 18 mars,223,3,2026-10-06
GW0989,2008/09,89,2009-03-23,Riksdagens protokoll 2008/09:89 Måndagen den 23 mars,83,1,2026-10-06
GW0990,2008/09,90,2009-03-24,Riksdagens protokoll 2008/09:90 Tisdagen den 24 mars,167,16,2026-10-06
GW0993,2008/09,93,2009-03-27,Riksdagens protokoll 2008/09:93 Fredagen den 27 mars,0,0,2026-10-06
GW0991,2008/09,91,2009-03-25,Riksdagens protokoll 2008/09:91 Onsdagen den 25 mars,175,1,2026-10-06
GW0994,2008/09,94,2009-03-31,Riksdagens protokoll 2008/09:94 Tisdagen den 31 mars,0,0,2026-10-06
GW0992,2008/09,92,2009-03-26,Riksdagens protokoll 2008/09:92 Torsdagen den 26 mars,188,6,2026-10-06
GW0996,2008/09,96,2009-04-02,Riksdagens protokoll 2008/09:96 Torsdagen den 2 april,158,11,2026-10-06
GW0998,2008/09,98,2009-04-08,Riksdagens protokoll 2008/09:98 Onsdagen den 8 april,21,3,2026-10-06
GW0997,2008/09,97,2009-04-03,Riksdagens protokoll 2008/09:97 Fredagen den 3 april,129,3,2026-10-06
GW0995,2008/09,95,2009-04-01,Riksdagens protokoll 2008/09:95 Onsdagen den 1 april,184,0,2026-10-06
GW0999,2008/09,99,2009-04-14,Riksdagens protokoll 2008/09:99 Tisdagen den 14 april,22,0,2026-10-06
GW09101,2008/09,101,2009-04-16,Riksdagens protokoll 2008/09:101 Torsdagen den 16 april,121,2,2026-10-06
GW09100,2008/09,100,2009-04-15,Riksdagens protokoll 2008/09:100 Onsdagen den 15 april,93,4,2026-10-06
GW09102,2008/09,102,2009-04-17,Riksdagens protokoll 2008/09:102 Fredagen den 17 april,53,0,2026-10-06
GW09103,2008/09,103,2009-04-21,Riksdagens protokoll 2008/09:103 Tisdagen den 21 april,117,1,2026-10-06
GW09105,2008/09,105,2009-04-23,Riksdagens protokoll 2008/09:105 Torsdagen den 23 april,106,0,2026-10-06
GW09106,2008/09,106,2009-04-24,Riksdagens protokoll 2008/09:106 Fredagen den 24 april,9,0,2026-10-06
GW09104,2008/09,104,2009-04-22,Riksdagens protokoll 2008/09:104 Onsdagen den 22 april,110,0,2026-10-06
GW09107,2008/09,107,2009-04-27,Riksdagens protokoll 2008/09:107 Måndagen den 27 april,67,2,2026-10-06
GW09108,2008/09,108,2009-04-28,Riksdagens protokoll 2008/09:108 Tisdagen den 28 april,70,0,2026-10-06
GW09110,2008/09,110,2009-05-04,Riksdagens protokoll 2008/09:110 Måndagen den 4 maj,15,0,2026-10-06
GW09109,2008/09,109,2009-04-29,Riksdagens protokoll 2008/09:109 Onsdagen den 29 april,129,6,2026-10-06
GW09111,2008/09,111,2009-05-05,Riksdagens protokoll 2008/09:111 Tisdagen den 5 maj,47,0,2026-10-06
GW09112,2008/09,112,2009-05-06,Riksdagens protokoll 2008/09:112 Onsdagen den 6 maj,97,0,2026-10-06
GW09114,2008/09,114,2009-05-08,Riksdagens protokoll 2008/09:114 Fredagen den 8 maj,89,13,2026-10-06
GW09115,2008/09,115,2009-05-11,Riksdagens protokoll 2008/09:115 Måndagen den 11 maj,40,1,2026-10-06
GW09113,2008/09,113,2009-05-07,Riksdagens protokoll 2008/09:113 Torsdagen den 7 maj,151,2,2026-10-06
GW09116,2008/09,116,2009-05-12,Riksdagens protokoll 2008/09:116 Tisdagen den 12 maj,25,0,2026-10-06
GW09118,2008/09,118,2009-05-14,Riksdagens protokoll 2008/09:118 Torsdagen den 14 maj,110,55,2026-10-06
GW09117,2008/09,117,2009-05-13,Riksdagens protokoll 2008/09:117 Onsdagen den 13 maj,168,19,2026-10-06
GW09119,2008/09,119,2009-05-15,Riksdagens protokoll 2008/09:119 Fredagen den 15 maj,72,1,2026-10-06
GW09121,2008/09,121,2009-05-19,Riksdagens protokoll 2008/09:121 Tisdagen den 19 maj,62,1,2026-10-06
GW09120,2008/09,120,2009-05-18,Riksdagens protokoll 2008/09:120 Måndagen den 18 maj,77,2,2026-10-06
GW09123,2008/09,123,2009-05-25,Riksdagens protokoll 2008/09:123 Måndagen den 25 maj,35,0,2026-10-06
GW09124,2008/09,124,2009-05-26,Riksdagens protokoll 2008/09:124 Tisdagen den 26 maj,81,0,2026-10-06
GW09122,2008/09,122,2009-05-20,Riksdagens protokoll 2008/09:122 Onsdagen den 20 maj,269,2,2026-10-06
GW09126,2008/09,126,2009-06-05,Riksdagens protokoll 2008/09:126 Fredagen den 5 juni,0,0,2026-10-06
GW09125,2008/09,125,2009-06-01,Riksdagens protokoll 2008/09:125 Måndagen den 1 juni,128,4,2026-10-06
GW09128,2008/09,128,2009-06-09,Riksdagens protokoll 2008/09:128 Tisdagen den 9 juni,0,0,2026-10-06
GW09127,2008/09,127,2009-06-08,Riksdagens protokoll 2008/09:127 Måndagen den 8 juni,115,1,2026-10-06
GW09129,2008/09,129,2009-06-10,Riksdagens protokoll 2008/09:129 Onsdagen den 10 juni,166,1,2026-10-06
GW09130,2008/09,130,2009-06-11,Riksdagens protokoll 2008/09:130 Torsdagen den 11 juni,174,0,2026-10-06
GW09131,2008/09,131,2009-06-12,Riksdagens protokoll 2008/09:131 Fredagen den 12 juni,144,13,2026-10-06
GW09133,2008/09,133,2009-06-16,Riksdagens protokoll 2008/09:133 Tisdagen den 16 juni,57,2,2026-10-06
GW09132,2008/09,132,2009-06-15,Riksdagens protokoll 2008/09:132 Måndagen den 15 juni,182,3,2026-10-06
GW09135,2008/09,135,2009-06-18,Riksdagens protokoll 2008/09:135 Torsdagen den 18 juni,46,0,2026-10-06
GW09136,2008/09,136,2009-06-22,Riksdagens protokoll 2008/09:136 Måndagen den 22 juni,26,0,2026-10-06
GW09134,2008/09,134,2009-06-17,Riksdagens protokoll 2008/09:134 Onsdagen den 17 juni,155,13,2026-10-06
GW09137,2008/09,137,2009-06-23,Riksdagens protokoll 2008/09:137 Tisdagen den 23 juni,120,0,2026-10-06
GW09138,2008/09,138,2009-08-13,Riksdagens protokoll 2008/09:138 Torsdagen den 13 augusti,30,0,2026-10-06
GW09139,2008/09,139,2009-08-20,Riksdagens protokoll 2008/09:139 Torsdagen den 20 augusti,70,0,2026-10-06
GW09140,2008/09,140,2009-09-03,Riksdagens protokoll 2008/09:140 Torsdagen den 3 september,80,3,2026-10-06
GX091,2009/10,1,2009-09-15,Riksdagens protokoll 2009/10:1 Tisdagen den 15 september,1,0,2026-10-06
GW09141,2008/09,141,2009-09-10,Riksdagens protokoll 2008/09:141 Torsdagen den 10 september,75,0,2026-10-06
GX092,2009/10,2,2009-09-15,Riksdagens protokoll 2009/10:2 Tisdagen den 15 september,3,0,2026-10-06
GX093,2009/10,3,2009-09-16,Riksdagens protokoll 2009/10:3 Onsdagen den 16 september,81,0,2026-10-06
GX095,2009/10,5,2009-09-24,Riksdagens protokoll 2009/10:5 Torsdagen den 24 september,66,0,2026-10-06
GX094,2009/10,4,2009-09-21,Riksdagens protokoll 2009/10:4 Måndagen den 21 september,80,0,2026-10-06
GX096,2009/10,6,2009-09-25,Riksdagens protokoll 2009/10:6 Fredagen den 25 september,7,0,2026-10-06
GX097,2009/10,7,2009-09-29,Riksdagens protokoll 2009/10:7 Tisdagen den 29 september,7,0,2026-10-06
GX098,2009/10,8,2009-09-30,Riksdagens protokoll 2009/10:8 Onsdagen den 30 september,0,0,2026-10-06
GX0910,2009/10,10,2009-10-08,Riksdagens protokoll 2009/10:10 Torsdagen den 8 oktober,7,0,2026-10-06
GX0911,2009/10,11,2009-10-12,Riksdagens protokoll 2009/10:11 Måndagen den 12 oktober,0,0,2026-10-06
GX0912,2009/10,12,2009-10-13,Riksdagens protokoll 2009/10:12 Tisdagen den 13 oktober,0,0,2026-10-06
GX099,2009/10,9,2009-10-01,Riksdagens protokoll 2009/10:9 Torsdagen den 1 oktober,107,0,2026-10-06
GX0914,2009/10,14,2009-10-15,Riksdagens protokoll 2009/10:14 Torsdagen den 15 oktober,0,0,2026-10-06
GX0915,2009/10,15,2009-10-16,Riksdagens protokoll 2009/10:15 Fredagen den 16 oktober,7,0,2026-10-06
GX0916,2009/10,16,2009-10-19,Riksdagens protokoll 2009/10:16 Måndagen den 19 oktober,0,0,2026-10-06
GX0913,2009/10,13,2009-10-14,Riksdagens protokoll 2009/10:13 Onsdagen den 14 oktober,207,9,2026-10-06
GX0917,2009/10,17,2009-10-20,Riksdagens protokoll 2009/10:17 Tisdagen den 20 oktober,37,0,2026-10-06
GX0919,2009/10,19,2009-10-22,Riksdagens protokoll 2009/10:19 Torsdagen den 22 oktober,85,7,2026-10-06
GX0918,2009/10,18,2009-10-21,Riksdagens protokoll 2009/10:18 Onsdagen den 21 oktober,156,0,2026-10-06
GX0920,2009/10,20,2009-10-23,Riksdagens protokoll 2009/10:20 Fredagen den 23 oktober,71,5,2026-10-06
GX0921,2009/10,21,2009-11-02,Riksdagens protokoll 2009/10:21 Måndagen den 2 november,7,0,2026-10-06
GX0922,2009/10,22,2009-11-03,Riksdagens protokoll 2009/10:22 Tisdagen den 3 november,71,0,2026-10-06
GX0924,2009/10,24,2009-11-05,Riksdagens protokoll 2009/10:24 Torsdagen den 5 november,71,1,2026-10-06
GX0923,2009/10,23,2009-11-04,Riksdagens protokoll 2009/10:23 Onsdagen den 4 november,186,1,2026-10-06
GX0925,2009/10,25,2009-11-06,Riksdagens protokoll 2009/10:25 Fredagen den 6 november,78,0,2026-10-06
GX0927,2009/10,27,2009-11-11,Riksdagens protokoll 2009/10:27 Onsdagen den 11 november,0,1,2026-10-06
GX0926,2009/10,26,2009-11-10,Riksdagens protokoll 2009/10:26 Tisdagen den 10 november,73,0,2026-10-06
GX0928,2009/10,28,2009-11-12,Riksdagens protokoll 2009/10:28 Torsdagen den 12 november,95,0,2026-10-06
GX0930,2009/10,30,2009-11-16,Riksdagens protokoll 2009/10:30 Måndagen den 16 november,0,0,2026-10-06
GX0929,2009/10,29,2009-11-13,Riksdagens protokoll 2009/10:29 Fredagen den 13 november,22,0,2026-10-06
GX0931,2009/10,31,2009-11-17,Riksdagens protokoll 2009/10:31 Tisdagen den 17 november,81,0,2026-10-06
GX0933,2009/10,33,2009-11-19,Riksdagens protokoll 2009/10:33 Torsdagen den 19 november,85,0,2026-10-06
GX0935,2009/10,35,2009-11-23,Riksdagens protokoll 2009/10:35 Måndagen den 23 november,0,0,2026-10-06
GX0932,2009/10,32,2009-11-18,Riksdagens protokoll 2009/10:32 Onsdagen den 18 november,217,18,2026-10-06
GX0934,2009/10,34,2009-11-20,Riksdagens protokoll 2009/10:34 Fredagen den 20 november,82,0,2026-10-06
GX0936,2009/10,36,2009-11-24,Riksdagens protokoll 2009/10:36 Tisdagen den 24 november,97,0,2026-10-06
GX0938,2009/10,38,2009-11-26,Riksdagens protokoll 2009/10:38 Torsdagen den 26 november,98,0,2026-10-06
GX0937,2009/10,37,2009-11-25,Riksdagens protokoll 2009/10:37 Onsdagen den 25 november,149,0,2026-10-06
GX0939,2009/10,39,2009-11-30,Riksdagens protokoll 2009/10:39 Måndagen den 30 november,7,0,2026-10-06
GX0940,2009/10,40,2009-12-01,Riksdagens protokoll 2009/10:40 Tisdagen den 1 december,48,0,2026-10-06
GX0942,2009/10,42,2009-12-03,Riksdagens protokoll 2009/10:42 Torsdagen den 3 december,194,2,2026-10-06
GX0944,2009/10,44,2009-12-07,Riksdagens protokoll 2009/10:44 Måndagen den 7 december,20,4,2026-10-06
GX0941,2009/10,41,2009-12-02,Riksdagens protokoll 2009/10:41 Onsdagen den 2 december,174,11,2026-10-06
GX0943,2009/10,43,2009-12-04,Riksdagens protokoll 2009/10:43 Fredagen den 4 december,117,0,2026-10-06
GX0945,2009/10,45,2009-12-08,Riksdagens protokoll 2009/10:45 Tisdagen den 8 december,96,5,2026-10-06
GX0946,2009/10,46,2009-12-09,Riksdagens protokoll 2009/10:46 Onsdagen den 9 december,158,3,2026-10-06
GX0947,2009/10,47,2009-12-10,Riksdagens protokoll 2009/10:47 Torsdagen den 10 december,268,0,2026-10-06
GX0948,2009/10,48,2009-12-11,Riksdagens protokoll 2009/10:48 Fredagen den 11 december,157,3,2026-10-06
GX0950,2009/10,50,2009-12-15,Riksdagens protokoll 2009/10:50 Tisdagen den 15 december,119,12,2026-10-06
GX0949,2009/10,49,2009-12-14,Riksdagens protokoll 2009/10:49 Måndagen den 14 december,195,20,2026-10-06
GX0953,2009/10,53,2009-12-17,Riksdagens protokoll 2009/10:53 Torsdagen den 17 december,1,0,2026-10-06
GX0952,2009/10,52,2009-12-17,Riksdagens protokoll 2009/10:52 Torsdagen den 17 december,112,0,2026-10-06
GX0951,2009/10,51,2009-12-16,Riksdagens protokoll 2009/10:51 Onsdagen den 16 december,145,6,2026-10-06
GX0954,2009/10,54,2009-12-18,Riksdagens protokoll 2009/10:54 Fredagen den 18 december,7,0,2026-10-06
GX0956,2009/10,56,2009-12-22,Riksdagens protokoll 2009/10:56 Tisdagen den 22 december,20,0,2026-10-06
GX0957,2009/10,57,2010-01-18,Riksdagens protokoll 2009/10:57 Måndagen den 18 januari,0,0,2026-10-06
GX0955,2009/10,55,2009-12-21,Riksdagens protokoll 2009/10:55 Måndagen den 21 december,74,0,2026-10-06
GX0958,2009/10,58,2010-01-19,Riksdagens protokoll 2009/10:58 Tisdagen den 19 januari,34,0,2026-10-06
GX0960,2009/10,60,2010-01-21,Riksdagens protokoll 2009/10:60 Torsdagen den 21 januari,66,0,2026-10-06
GX0962,2009/10,62,2010-01-25,Riksdagens protokoll 2009/10:62 Måndagen den 25 januari,0,0,2026-10-06
GX0961,2009/10,61,2010-01-22,Riksdagens protokoll 2009/10:61 Fredagen den 22 januari,52,0,2026-10-06
GX0963,2009/10,63,2010-01-26,Riksdagens protokoll 2009/10:63 Tisdagen den 26 januari,0,0,2026-10-06
GX0959,2009/10,59,2010-01-20,Riksdagens protokoll 2009/10:59 Onsdagen den 20 januari,177,40,2026-10-06
GX0965,2009/10,65,2010-01-28,Riksdagens protokoll 2009/10:65 Torsdagen den 28 januari,62,2,2026-10-06
GX0966,2009/10,66,2010-01-29,Riksdagens protokoll 2009/10:66 Fredagen den 29 januari,29,0,2026-10-06
GX0964,2009/10,64,2010-01-27,Riksdagens protokoll 2009/10:64 Onsdagen den 27 januari,61,5,2026-10-06
GX0967,2009/10,67,2010-02-02,Riksdagens protokoll 2009/10:67 Tisdagen den 2 februari,68,7,2026-10-06
GX0968,2009/10,68,2010-02-03,Riksdagens protokoll 2009/10:68 Onsdagen den 3 februari,35,0,2026-10-06
GX0969,2009/10,69,2010-02-04,Riksdagens protokoll 2009/10:69 Torsdagen den 4 februari,72,2,2026-10-06
GX0970,2009/10,70,2010-02-05,Riksdagens protokoll 2009/10:70 Fredagen den 5 februari,25,0,2026-10-06
GX0971,2009/10,71,2010-02-09,Riksdagens protokoll 2009/10:71 Tisdagen den 9 februari,88,0,2026-10-06
GX0973,2009/10,73,2010-02-11,Riksdagens protokoll 2009/10:73 Torsdagen den 11 februari,81,0,2026-10-06
GX0972,2009/10,72,2010-02-10,Riksdagens protokoll 2009/10:72 Onsdagen den 10 februari,103,8,2026-10-06
GX0975,2009/10,75,2010-02-16,Riksdagens protokoll 2009/10:75 Tisdagen den 16 februari,74,0,2026-10-06
GX0974,2009/10,74,2010-02-12,Riksdagens protokoll 2009/10:74 Fredagen den 12 februari,121,0,2026-10-06
GX0978,2009/10,78,2010-02-19,Riksdagens protokoll 2009/10:78 Fredagen den 19 februari,32,0,2026-10-06
GX0977,2009/10,77,2010-02-18,Riksdagens protokoll 2009/10:77 Torsdagen den 18 februari,130,0,2026-10-06
GX0976,2009/10,76,2010-02-17,Riksdagens protokoll 2009/10:76 Onsdagen den 17 februari,157,0,2026-10-06
GX0979,2009/10,79,2010-03-01,Riksdagens protokoll 2009/10:79 Måndagen den 1 mars,0,1,2026-10-06
GX0980,2009/10,80,2010-03-02,Riksdagens protokoll 2009/10:80 Tisdagen den 2 mars,99,0,2026-10-06
GX0981,2009/10,81,2010-03-03,Riksdagens protokoll 2009/10:81 Onsdagen den 3 mars,179,1,2026-10-06
GX0983,2009/10,83,2010-03-05,Riksdagens protokoll 2009/10:83 Fredagen den 5 mars,43,0,2026-10-06
GX0982,2009/10,82,2010-03-04,Riksdagens protokoll 2009/10:82 Torsdagen den 4 mars,181,4,2026-10-06
GX0984,2009/10,84,2010-03-09,Riksdagens protokoll 2009/10:84 Tisdagen den 9 mars,43,1,2026-10-06
GX0987,2009/10,87,2010-03-12,Riksdagens protokoll 2009/10:87 Fredagen den 12 mars,23,0,2026-10-06
GX0986,2009/10,86,2010-03-11,Riksdagens protokoll 2009/10:86 Torsdagen den 11 mars,165,0,2026-10-06
GX0985,2009/10,85,2010-03-10,Riksdagens protokoll 2009/10:85 Onsdagen den 10 mars,186,2,2026-10-06
GX0988,2009/10,88,2010-03-16,Riksdagens protokoll 2009/10:88 Tisdagen den 16 mars,92,0,2026-10-06
GX0991,2009/10,91,2010-03-19,Riksdagens protokoll 2009/10:91 Fredagen den 19 mars,50,0,2026-10-06
GX0990,2009/10,90,2010-03-18,Riksdagens protokoll 2009/10:90 Torsdagen den 18 mars,131,0,2026-10-06
GX0989,2009/10,89,2010-03-17,Riksdagens protokoll 2009/10:89 Onsdagen den 17 mars,132,8,2026-10-06
GX0992,2009/10,92,2010-03-22,Riksdagens protokoll 2009/10:92 Måndagen den 22 mars,0,0,2026-10-06
GX0993,2009/10,93,2010-03-23,Riksdagens protokoll 2009/10:93 Tisdagen den 23 mars,34,2,2026-10-06
GX0995,2009/10,95,2010-03-25,Riksdagens protokoll 2009/10:95 Torsdagen den 25 mars,116,5,2026-10-06
GX0996,2009/10,96,2010-03-26,Riksdagens protokoll 2009/10:96 Fredagen den 26 mars,21,0,2026-10-06
GX0997,2009/10,97,2010-04-01,Riksdagens protokoll 2009/10:97 Torsdagen den 1 april,0,0,2026-10-06
GX0994,2009/10,94,2010-03-24,Riksdagens protokoll 2009/10:94 Onsdagen den 24 mars,235,17,2026-10-06
GX0998,2009/10,98,2010-04-06,Riksdagens protokoll 2009/10:98 Tisdagen den 6 april,68,0,2026-10-06
GX09100,2009/10,100,2010-04-08,Riksdagens protokoll 2009/10:100 Torsdagen den 8 april,78,0,2026-10-06
GX09101,2009/10,101,2010-04-09,Riksdagens protokoll 2009/10:101 Fredagen den 9 april,62,0,2026-10-06
GX0999,2009/10,99,2010-04-07,Riksdagens protokoll 2009/10:99 Onsdagen den 7 april,74,4,2026-10-06
GX09102,2009/10,102,2010-04-13,Riksdagens protokoll 2009/10:102 Tisdagen den 13 april,30,0,2026-10-06
GX09105,2009/10,105,2010-04-16,Riksdagens protokoll 2009/10:105 Fredagen den 16 april,0,0,2026-10-06
GX09104,2009/10,104,2010-04-15,Riksdagens protokoll 2009/10:104 Torsdagen den 15 april,88,1,2026-10-06
GX09103,2009/10,103,2010-04-14,Riksdagens protokoll 2009/10:103 Onsdagen den 14 april,163,0,2026-10-06
GX09106,2009/10,106,2010-04-20,Riksdagens protokoll 2009/10:106 Tisdagen den 20 april,102,0,2026-10-06
GX09108,2009/10,108,2010-04-22,Riksdagens protokoll 2009/10:108 Torsdagen den 22 april,74,1,2026-10-06
GX09107,2009/10,107,2010-04-21,Riksdagens protokoll 2009/10:107 Onsdagen den 21 april,88,0,2026-10-06
GX09109,2009/10,109,2010-04-23,Riksdagens protokoll 2009/10:109 Fredagen den 23 april,48,0,2026-10-06
GX09110,2009/10,110,2010-04-27,Riksdagens protokoll 2009/10:110 Tisdagen den 27 april,53,0,2026-10-06
GX09112,2009/10,112,2010-04-29,Riksdagens protokoll 2009/10:112 Torsdagen den 29 april,100,0,2026-10-06
GX09113,2009/10,113,2010-04-30,Riksdagens protokoll 2009/10:113 Fredagen den 30 april,17,0,2026-10-06
GX09114,2009/10,114,2010-05-03,Riksdagens protokoll 2009/10:114 Måndagen den 3 maj,0,0,2026-10-06
GX09111,2009/10,111,2010-04-28,Riksdagens protokoll 2009/10:111 Onsdagen den 28 april,120,0,2026-10-06
GX09115,2009/10,115,2010-05-04,Riksdagens protokoll 2009/10:115 Tisdagen den 4 maj,0,0,2026-10-06
GX09117,2009/10,117,2010-05-06,Riksdagens protokoll 2009/10:117 Torsdagen den 6 maj,112,0,2026-10-06
GX09118,2009/10,118,2010-05-07,Riksdagens protokoll 2009/10:118 Fredagen den 7 maj,52,0,2026-10-06
GX09119,2009/10,119,2010-05-17,Riksdagens protokoll 2009/10:119 Måndagen den 17 maj,0,0,2026-10-06
GX09116,2009/10,116,2010-05-05,Riksdagens protokoll 2009/10:116 Onsdagen den 5 maj,108,0,2026-10-06
GX09120,2009/10,120,2010-05-18,Riksdagens protokoll 2009/10:120 Tisdagen den 18 maj,37,1,2026-10-06
GX09122,2009/10,122,2010-05-20,Riksdagens protokoll 2009/10:122 Torsdagen den 20 maj,112,4,2026-10-06
GX09121,2009/10,121,2010-05-19,Riksdagens protokoll 2009/10:121 Onsdagen den 19 maj,111,0,2026-10-06
GX09123,2009/10,123,2010-05-21,Riksdagens protokoll 2009/10:123 Fredagen den 21 maj,104,0,2026-10-06
GX09124,2009/10,124,2010-05-24,Riksdagens protokoll 2009/10:124 Måndagen den 24 maj,71,2,2026-10-06
GX09125,2009/10,125,2010-05-25,Riksdagens protokoll 2009/10:125 Tisdagen den 25 maj,107,0,2026-10-06
GX09126,2009/10,126,2010-05-26,Riksdagens protokoll 2009/10:126 Onsdagen den 26 maj,108,0,2026-10-06
GX09127,2009/10,127,2010-05-27,Riksdagens protokoll 2009/10:127 Torsdagen den 27 maj,132,0,2026-10-06
GX09129,2009/10,129,2010-06-01,Riksdagens protokoll 2009/10:129 Tisdagen den 1 juni,57,12,2026-10-06
GX09128,2009/10,128,2010-05-28,Riksdagens protokoll 2009/10:128 Fredagen den 28 maj,89,43,2026-10-06
GX09130,2009/10,130,2010-06-02,Riksdagens protokoll 2009/10:130 Onsdagen den 2 juni,147,1,2026-10-06
GX09132,2009/10,132,2010-06-04,Riksdagens protokoll 2009/10:132 Fredagen den 4 juni,88,9,2026-10-06
GX09133,2009/10,133,2010-06-07,Riksdagens protokoll 2009/10:133 Måndagen den 7 juni,61,0,2026-10-06
GX09131,2009/10,131,2010-06-03,Riksdagens protokoll 2009/10:131 Torsdagen den 3 juni,127,0,2026-10-06
GX09134,2009/10,134,2010-06-08,Riksdagens protokoll 2009/10:134 Tisdagen den 8 juni,179,1,2026-10-06
GX09136,2009/10,136,2010-06-14,Riksdagens protokoll 2009/10:136 Måndagen den 14 juni,115,0,2026-10-06
GX09135,2009/10,135,2010-06-09,Riksdagens protokoll 2009/10:135 Onsdagen den 9 juni,144,4,2026-10-06
GX09137,2009/10,137,2010-06-15,Riksdagens protokoll 2009/10:137 Tisdagen den 15 juni,94,9,2026-10-06
GX09140,2009/10,140,2010-06-18,Riksdagens protokoll 2009/10:140 Fredagen den 18 juni,48,0,2026-10-06
GX09138,2009/10,138,2010-06-16,Riksdagens protokoll 2009/10:138 Onsdagen den 16 juni,221,1,2026-10-06
GX09139,2009/10,139,2010-06-17,Riksdagens protokoll 2009/10:139 Torsdagen den 17 juni,244,16,2026-10-06
GX09141,2009/10,141,2010-06-21,Riksdagens protokoll 2009/10:141 Måndagen den 21 juni,157,39,2026-10-06
GX09142,2009/10,142,2010-06-22,Riksdagens protokoll 2009/10:142 Tisdagen den 22 juni,179,0,2026-10-06
GX09143,2009/10,143,2010-06-23,Riksdagens protokoll 2009/10:143 Onsdagen den 23 juni,91,1,2026-10-06
GX09144,2009/10,144,2010-06-28,Riksdagens protokoll 2009/10:144 Måndagen den 28 juni,120,1,2026-10-06
GX09146,2009/10,146,2010-07-23,Riksdagens protokoll 2009/10:146 Fredagen den 23 juli,0,0,2026-10-06
GX09147,2009/10,147,2010-08-06,Riksdagens protokoll 2009/10:147 Fredagen den 6 augusti,0,0,2026-10-06
GY091,2010/11,1,2010-10-04,Riksdagens protokoll 2010/11:1 Måndagen den 4 oktober,8,0,2026-10-06
GY092,2010/11,2,2010-10-05,Riksdagens protokoll 2010/11:2 Tisdagen den 5 oktober,3,0,2026-10-06
GY093,2010/11,3,2010-10-06,Riksdagens protokoll 2010/11:3 Onsdagen den 6 oktober,9,0,2026-10-06
GX09145,2009/10,145,2010-06-29,Riksdagens protokoll 2009/10:145 Tisdagen den 29 juni,216,0,2026-10-06
GY095,2010/11,5,2010-10-19,Riksdagens protokoll 2010/11:5 Tisdagen den 19 oktober,1,0,2026-10-06
GY094,2010/11,4,2010-10-12,Riksdagens protokoll 2010/11:4 Tisdagen den 12 oktober,93,0,2026-10-06
GY096,2010/11,6,2010-10-21,Riksdagens protokoll 2010/11:6 Torsdagen den 21 oktober,100,0,2026-10-06
GY097,2010/11,7,2010-10-26,Riksdagens protokoll 2010/11:7 Tisdagen den 26 oktober,71,0,2026-10-06
GY098,2010/11,8,2010-11-02,Riksdagens protokoll 2010/11:8 Tisdagen den 2 november,18,0,2026-10-06
GY0911,2010/11,11,2010-11-09,Riksdagens protokoll 2010/11:11 Tisdagen den 9 november,24,0,2026-10-06
GY0912,2010/11,12,2010-11-10,Riksdagens protokoll 2010/11:12 Onsdagen den 10 november,0,0,2026-10-06
GY0913,2010/11,13,2010-11-11,Riksdagens protokoll 2010/11:13 Torsdagen den 11 november,44,0,2026-10-06
GY099,2010/11,9,2010-11-03,Riksdagens protokoll 2010/11:9 Onsdagen den 3 november,349,3,2026-10-06
GY0910,2010/11,10,2010-11-04,Riksdagens protokoll 2010/11:10 Torsdagen den 4 november,391,4,2026-10-06
GY0914,2010/11,14,2010-11-12,Riksdagens protokoll 2010/11:14 Fredagen den 12 november,19,0,2026-10-06
GY0915,2010/11,15,2010-11-16,Riksdagens protokoll 2010/11:15 Tisdagen den 16 november,56,0,2026-10-06
GY0916,2010/11,16,2010-11-17,Riksdagens protokoll 2010/11:16 Onsdagen den 17 november,17,0,2026-10-06
GY0918,2010/11,18,2010-11-22,Riksdagens protokoll 2010/11:18 Måndagen den 22 november,0,0,2026-10-06
GY0917,2010/11,17,2010-11-18,Riksdagens protokoll 2010/11:17 Torsdagen den 18 november,142,0,2026-10-06
GY0919,2010/11,19,2010-11-23,Riksdagens protokoll 2010/11:19 Tisdagen den 23 november,83,0,2026-10-06
GY0920,2010/11,20,2010-11-24,Riksdagens protokoll 2010/11:20 Onsdagen den 24 november,84,0,2026-10-06
GY0921,2010/11,21,2010-11-25,Riksdagens protokoll 2010/11:21 Torsdagen den 25 november,84,0,2026-10-06
GY0922,2010/11,22,2010-11-26,Riksdagens protokoll 2010/11:22 Fredagen den 26 november,47,16,2026-10-06
GY0923,2010/11,23,2010-11-29,Riksdagens protokoll 2010/11:23 Måndagen den 29 november,0,0,2026-10-06
GY0924,2010/11,24,2010-11-30,Riksdagens protokoll 2010/11:24 Tisdagen den 30 november,39,4,2026-10-06
GY0926,2010/11,26,2010-12-02,Riksdagens protokoll 2010/11:26 Torsdagen den 2 december,111,4,2026-10-06
GY0928,2010/11,28,2010-12-06,Riksdagens protokoll 2010/11:28 Måndagen den 6 december,0,0,2026-10-06
GY0925,2010/11,25,2010-12-01,Riksdagens protokoll 2010/11:25 Onsdagen den 1 december,168,14,2026-10-06
GY0927,2010/11,27,2010-12-03,Riksdagens protokoll 2010/11:27 Fredagen den 3 december,81,0,2026-10-06
GY0929,2010/11,29,2010-12-07,Riksdagens protokoll 2010/11:29 Tisdagen den 7 december,71,0,2026-10-06
GY0930,2010/11,30,2010-12-08,Riksdagens protokoll 2010/11:30 Onsdagen den 8 december,155,6,2026-10-06
GY0932,2010/11,32,2010-12-10,Riksdagens protokoll 2010/11:32 Fredagen den 10 december,45,3,2026-10-06
GY0931,2010/11,31,2010-12-09,Riksdagens protokoll 2010/11:31 Torsdagen den 9 december,141,1,2026-10-06
GY0934,2010/11,34,2010-12-14,Riksdagens protokoll 2010/11:34 Tisdagen den 14 december,104,0,2026-10-06
GY0933,2010/11,33,2010-12-13,Riksdagens protokoll 2010/11:33 Måndagen den 13 december,154,2,2026-10-06
GY0935,2010/11,35,2010-12-15,Riksdagens protokoll 2010/11:35 Onsdagen den 15 december,225,2,2026-10-06
GY0936,2010/11,36,2010-12-16,Riksdagens protokoll 2010/11:36 Torsdagen den 16 december,268,3,2026-10-06
GY0937,2010/11,37,2010-12-17,Riksdagens protokoll 2010/11:37 Fredagen den 17 december,118,0,2026-10-06
GY0938,2010/11,38,2010-12-20,Riksdagens protokoll 2010/11:38 Måndagen den 20 december,158,45,2026-10-06
GY0940,2010/11,40,2010-12-21,Riksdagens protokoll 2010/11:40 Tisdagen den 21 december,2,0,2026-10-06
GY0939,2010/11,39,2010-12-21,Riksdagens protokoll 2010/11:39 Tisdagen den 21 december,142,0,2026-10-06
GY0942,2010/11,42,2011-01-18,Riksdagens protokoll 2010/11:42 Tisdagen den 18 januari,82,0,2026-10-06
GY0941,2010/11,41,2010-12-22,Riksdagens protokoll 2010/11:41 Onsdagen den 22 december,170,1,2026-10-06
GY0943,2010/11,43,2011-01-19,Riksdagens protokoll 2010/11:43 Onsdagen den 19 januari,106,0,2026-10-06
GY0944,2010/11,44,2011-01-20,Riksdagens protokoll 2010/11:44 Torsdagen den 20 januari,83,0,2026-10-06
GY0946,2010/11,46,2011-01-24,Riksdagens protokoll 2010/11:46 Måndagen den 24 januari,0,0,2026-10-06
GY0945,2010/11,45,2011-01-21,Riksdagens protokoll 2010/11:45 Fredagen den 21 januari,92,0,2026-10-06
GY0947,2010/11,47,2011-01-25,Riksdagens protokoll 2010/11:47 Tisdagen den 25 januari,22,0,2026-10-06
GY0949,2010/11,49,2011-01-27,Riksdagens protokoll 2010/11:49 Torsdagen den 27 januari,62,0,2026-10-06
GY0948,2010/11,48,2011-01-26,Riksdagens protokoll 2010/11:48 Onsdagen den 26 januari,109,3,2026-10-06
GY0950,2010/11,50,2011-01-28,Riksdagens protokoll 2010/11:50 Fredagen den 28 januari,37,0,2026-10-06
GY0951,2010/11,51,2011-02-01,Riksdagens protokoll 2010/11:51 Tisdagen den 1 februari,65,3,2026-10-06
GY0952,2010/11,52,2011-02-02,Riksdagens protokoll 2010/11:52 Onsdagen den 2 februari,57,0,2026-10-06
GY0954,2010/11,54,2011-02-04,Riksdagens protokoll 2010/11:54 Fredagen den 4 februari,14,0,2026-10-06
GY0953,2010/11,53,2011-02-03,Riksdagens protokoll 2010/11:53 Torsdagen den 3 februari,93,10,2026-10-06
GY0955,2010/11,55,2011-02-08,Riksdagens protokoll 2010/11:55 Tisdagen den 8 februari,75,0,2026-10-06
GY0956,2010/11,56,2011-02-09,Riksdagens protokoll 2010/11:56 Onsdagen den 9 februari,26,0,2026-10-06
GY0957,2010/11,57,2011-02-10,Riksdagens protokoll 2010/11:57 Torsdagen den 10 februari,110,11,2026-10-06
GY0958,2010/11,58,2011-02-11,Riksdagens protokoll 2010/11:58 Fredagen den 11 februari,23,0,2026-10-06
GY0959,2010/11,59,2011-02-15,Riksdagens protokoll 2010/11:59 Tisdagen den 15 februari,84,9,2026-10-06
GY0962,2010/11,62,2011-02-18,Riksdagens protokoll 2010/11:62 Fredagen den 18 februari,22,0,2026-10-06
GY0961,2010/11,61,2011-02-17,Riksdagens protokoll 2010/11:61 Torsdagen den 17 februari,132,15,2026-10-06
GY0963,2010/11,63,2011-02-28,Riksdagens protokoll 2010/11:63 Måndagen den 28 februari,0,1,2026-10-06
GY0960,2010/11,60,2011-02-16,Riksdagens protokoll 2010/11:60 Onsdagen den 16 februari,192,0,2026-10-06
GY0964,2010/11,64,2011-03-01,Riksdagens protokoll 2010/11:64 Tisdagen den 1 mars,72,9,2026-10-06
GY0967,2010/11,67,2011-03-04,Riksdagens protokoll 2010/11:67 Fredagen den 4 mars,31,0,2026-10-06
GY0966,2010/11,66,2011-03-03,Riksdagens protokoll 2010/11:66 Torsdagen den 3 mars,141,4,2026-10-06
GY0968,2010/11,68,2011-03-08,Riksdagens protokoll 2010/11:68 Tisdagen den 8 mars,50,7,2026-10-06
GY0965,2010/11,65,2011-03-02,Riksdagens protokoll 2010/11:65 Onsdagen den 2 mars,200,1,2026-10-06
GY0970,2010/11,70,2011-03-10,Riksdagens protokoll 2010/11:70 Torsdagen den 10 mars,160,0,2026-10-06
GY0969,2010/11,69,2011-03-09,Riksdagens protokoll 2010/11:69 Onsdagen den 9 mars,136,0,2026-10-06
GY0971,2010/11,71,2011-03-11,Riksdagens protokoll 2010/11:71 Fredagen den 11 mars,134,20,2026-10-06
GY0972,2010/11,72,2011-03-15,Riksdagens protokoll 2010/11:72 Tisdagen den 15 mars,116,2,2026-10-06
GY0975,2010/11,75,2011-03-18,Riksdagens protokoll 2010/11:75 Fredagen den 18 mars,23,0,2026-10-06
GY0976,2010/11,76,2011-03-23,Riksdagens protokoll 2010/11:76 Onsdagen den 23 mars,0,0,2026-10-06
GY0973,2010/11,73,2011-03-16,Riksdagens protokoll 2010/11:73 Onsdagen den 16 mars,246,22,2026-10-06
GY0974,2010/11,74,2011-03-17,Riksdagens protokoll 2010/11:74 Torsdagen den 17 mars,180,6,2026-10-06
GY0977,2010/11,77,2011-03-28,Riksdagens protokoll 2010/11:77 Måndagen den 28 mars,0,1,2026-10-06
GY0980,2010/11,80,2011-03-31,Riksdagens protokoll 2010/11:80 Torsdagen den 31 mars,94,0,2026-10-06
GY0978,2010/11,78,2011-03-29,Riksdagens protokoll 2010/11:78 Tisdagen den 29 mars,149,21,2026-10-06
GY0979,2010/11,79,2011-03-30,Riksdagens protokoll 2010/11:79 Onsdagen den 30 mars,132,5,2026-10-06
GY0982,2010/11,82,2011-04-05,Riksdagens protokoll 2010/11:82 Tisdagen den 5 april,93,1,2026-10-06
GY0981,2010/11,81,2011-04-01,Riksdagens protokoll 2010/11:81 Fredagen den 1 april,85,0,2026-10-06
GY0985,2010/11,85,2011-04-08,Riksdagens protokoll 2010/11:85 Fredagen den 8 april,41,6,2026-10-06
GY0983,2010/11,83,2011-04-06,Riksdagens protokoll 2010/11:83 Onsdagen den 6 april,169,12,2026-10-06
GY0984,2010/11,84,2011-04-07,Riksdagens protokoll 2010/11:84 Torsdagen den 7 april,206,0,2026-10-06
GY0986,2010/11,86,2011-04-12,Riksdagens protokoll 2010/11:86 Tisdagen den 12 april,86,7,2026-10-06
GY0989,2010/11,89,2011-04-15,Riksdagens protokoll 2010/11:89 Fredagen den 15 april,28,0,2026-10-06
GY0987,2010/11,87,2011-04-13,Riksdagens protokoll 2010/11:87 Onsdagen den 13 april,234,2,2026-10-06
GY0990,2010/11,90,2011-04-21,Riksdagens protokoll 2010/11:90 Torsdagen den 21 april,0,1,2026-10-06
GY0988,2010/11,88,2011-04-14,Riksdagens protokoll 2010/11:88 Torsdagen den 14 april,200,2,2026-10-06
GY0991,2010/11,91,2011-04-26,Riksdagens protokoll 2010/11:91 Tisdagen den 26 april,65,3,2026-10-06
GY0994,2010/11,94,2011-04-29,Riksdagens protokoll 2010/11:94 Fredagen den 29 april,34,0,2026-10-06
GY0993,2010/11,93,2011-04-28,Riksdagens protokoll 2010/11:93 Torsdagen den 28 april,110,0,2026-10-06
GY0992,2010/11,92,2011-04-27,Riksdagens protokoll 2010/11:92 Onsdagen den 27 april,228,7,2026-10-06
GY0995,2010/11,95,2011-05-03,Riksdagens protokoll 2010/11:95 Tisdagen den 3 maj,57,7,2026-10-06
GY0998,2010/11,98,2011-05-06,Riksdagens protokoll 2010/11:98 Fredagen den 6 maj,0,0,2026-10-06
GY0997,2010/11,97,2011-05-05,Riksdagens protokoll 2010/11:97 Torsdagen den 5 maj,84,0,2026-10-06
GY0999,2010/11,99,2011-05-10,Riksdagens protokoll 2010/11:99 Tisdagen den 10 maj,0,0,2026-10-06
GY0996,2010/11,96,2011-05-04,Riksdagens protokoll 2010/11:96 Onsdagen den 4 maj,111,0,2026-10-06
GY09102,2010/11,102,2011-05-13,Riksdagens protokoll 2010/11:102 Fredagen den 13 maj,32,1,2026-10-06
GY09100,2010/11,100,2011-05-11,Riksdagens protokoll 2010/11:100 Onsdagen den 11 maj,97,2,2026-10-06
GY09101,2010/11,101,2011-05-12,Riksdagens protokoll 2010/11:101 Torsdagen den 12 maj,106,0,2026-10-06
GY09103,2010/11,103,2011-05-17,Riksdagens protokoll 2010/11:103 Tisdagen den 17 maj,75,0,2026-10-06
GY09104,2010/11,104,2011-05-18,Riksdagens protokoll 2010/11:104 Onsdagen den 18 maj,81,0,2026-10-06
GY09106,2010/11,106,2011-05-20,Riksdagens protokoll 2010/11:106 Fredagen den 20 maj,22,0,2026-10-06
GY09107,2010/11,107,2011-05-30,Riksdagens protokoll 2010/11:107 Måndagen den 30 maj,0,0,2026-10-06
GY09105,2010/11,105,2011-05-19,Riksdagens protokoll 2010/11:105 Torsdagen den 19 maj,150,0,2026-10-06
GY09108,2010/11,108,2011-05-31,Riksdagens protokoll 2010/11:108 Tisdagen den 31 maj,118,7,2026-10-06
GY09109,2010/11,109,2011-06-01,Riksdagens protokoll 2010/11:109 Onsdagen den 1 juni,118,1,2026-10-06
GY09110,2010/11,110,2011-06-07,Riksdagens protokoll 2010/11:110 Tisdagen den 7 juni,163,1,2026-10-06
GY09111,2010/11,111,2011-06-08,Riksdagens protokoll 2010/11:111 Onsdagen den 8 juni,147,2,2026-10-06
GY09113,2010/11,113,2011-06-10,Riksdagens protokoll 2010/11:113 Fredagen den 10 juni,144,0,2026-10-06
GY09112,2010/11,112,2011-06-09,Riksdagens protokoll 2010/11:112 Torsdagen den 9 juni,184,13,2026-10-06
GY09114,2010/11,114,2011-06-13,Riksdagens protokoll 2010/11:114 Måndagen den 13 juni,114,0,2026-10-06
GY09115,2010/11,115,2011-06-14,Riksdagens protokoll 2010/11:115 Tisdagen den 14 juni,69,7,2026-10-06
GY09116,2010/11,116,2011-06-15,Riksdagens protokoll 2010/11:116 Onsdagen den 15 juni,188,5,2026-10-06
GY09119,2010/11,119,2011-06-20,Riksdagens protokoll 2010/11:119 Måndagen den 20 juni,0,0,2026-10-06
GY09117,2010/11,117,2011-06-16,Riksdagens protokoll 2010/11:117 Torsdagen den 16 juni,109,0,2026-10-06
GY09118,2010/11,118,2011-06-17,Riksdagens protokoll 2010/11:118 Fredagen den 17 juni,109,0,2026-10-06
GY09122,2010/11,122,2011-06-27,Riksdagens protokoll 2010/11:122 Måndagen den 27 juni,29,0,2026-10-06
GY09121,2010/11,121,2011-06-22,Riksdagens protokoll 2010/11:121 Onsdagen den 22 juni,118,5,2026-10-06
GY09124,2010/11,124,2011-06-30,Riksdagens protokoll 2010/11:124 Torsdagen den 30 juni,0,0,2026-10-06
GY09123,2010/11,123,2011-06-28,Riksdagens protokoll 2010/11:123 Tisdagen den 28 juni,76,0,2026-10-06
GY09120,2010/11,120,2011-06-21,Riksdagens protokoll 2010/11:120 Tisdagen den 21 juni,184,9,2026-10-06
GY09125,2010/11,125,2011-07-01,Riksdagens protokoll 2010/11:125 Fredagen den 1 juli,10,0,2026-10-06
GY09126,2010/11,126,2011-08-25,Riksdagens protokoll 2010/11:126 Torsdagen den 25 augusti,14,0,2026-10-06
GY09127,2010/11,127,2011-09-01,Riksdagens snabbprotokoll 2010/11:127 Torsdagen den 1 september,19,0,2026-10-06
GY09128,2010/11,128,2011-09-08,Riksdagens snabbprotokoll 2010/11:128 Torsdagen den 8 september,40,26,2026-10-06
GZ091,2011/12,1,2011-09-15,Riksdagens protokoll 2011/12:1 Torsdagen den 15 september,1,0,2026-10-06
GZ092,2011/12,2,2011-09-15,Riksdagens protokoll 2011/12:2 Torsdagen den 15 september,3,0,2026-10-06
GZ093,2011/12,3,2011-09-19,Riksdagens protokoll 2011/12:3 Måndagen den 19 september,0,0,2026-10-06
GZ094,2011/12,4,2011-09-20,Riksdagens protokoll 2011/12:4 Tisdagen den 20 september,109,3,2026-10-06
GZ095,2011/12,5,2011-09-21,Riksdagens protokoll 2011/12:5 Onsdagen den 21 september,33,0,2026-10-06
GZ096,2011/12,6,2011-09-22,Riksdagens protokoll 2011/12:6 Torsdagen den 22 september,64,0,2026-10-06
GZ097,2011/12,7,2011-09-23,Riksdagens protokoll 2011/12:7 Fredagen den 23 september,0,0,2026-10-06
GZ099,2011/12,9,2011-09-28,Riksdagens protokoll 2011/12:9 Onsdagen den 28 september,2,0,2026-10-06
GZ098,2011/12,8,2011-09-27,Riksdagens protokoll 2011/12:8 Tisdagen den 27 september,40,0,2026-10-06
GZ0910,2011/12,10,2011-09-29,Riksdagens protokoll 2011/12:10 Torsdagen den 29 september,49,2,2026-10-06
GZ0911,2011/12,11,2011-09-30,Riksdagens protokoll 2011/12:11 Fredagen den 30 september,9,0,2026-10-06
GZ0912,2011/12,12,2011-10-03,Riksdagens protokoll 2011/12:12 Måndagen den 3 oktober,0,0,2026-10-06
GZ0913,2011/12,13,2011-10-10,Riksdagens protokoll 2011/12:13 Måndagen den 10 oktober,0,0,2026-10-06
GZ0914,2011/12,14,2011-10-11,Riksdagens protokoll 2011/12:14 Tisdagen den 11 oktober,34,9,2026-10-06
GZ0916,2011/12,16,2011-10-13,Riksdagens protokoll 2011/12:16 Torsdagen den 13 oktober,66,0,2026-10-06
GZ0917,2011/12,17,2011-10-14,Riksdagens protokoll 2011/12:17 Fredagen den 14 oktober,14,0,2026-10-06
GZ0915,2011/12,15,2011-10-12,Riksdagens protokoll 2011/12:15 Onsdagen den 12 oktober,137,6,2026-10-06
GZ0919,2011/12,19,2011-10-19,Riksdagens protokoll 2011/12:19 Onsdagen den 19 oktober,2,0,2026-10-06
GZ0920,2011/12,20,2011-10-20,Riksdagens protokoll 2011/12:20 Torsdagen den 20 oktober,66,7,2026-10-06
GZ0918,2011/12,18,2011-10-18,Riksdagens protokoll 2011/12:18 Tisdagen den 18 oktober,53,0,2026-10-06
GZ0921,2011/12,21,2011-10-21,Riksdagens protokoll 2011/12:21 Fredagen den 21 oktober,21,7,2026-10-06
GZ0922,2011/12,22,2011-10-25,Riksdagens protokoll 2011/12:22 Tisdagen den 25 oktober,61,1,2026-10-06
GZ0923,2011/12,23,2011-10-26,Riksdagens protokoll 2011/12:23 Onsdagen den 26 oktober,39,0,2026-10-06
GZ0924,2011/12,24,2011-10-27,Riksdagens protokoll 2011/12:24 Torsdagen den 27 oktober,81,0,2026-10-06
GZ0925,2011/12,25,2011-10-28,Riksdagens protokoll 2011/12:25 Fredagen den 28 oktober,64,1,2026-10-06
GZ0926,2011/12,26,2011-11-07,Riksdagens protokoll 2011/12:26 Måndagen den 7 november,0,0,2026-10-06
GZ0928,2011/12,28,2011-11-09,Riksdagens protokoll 2011/12:28 Onsdagen den 9 november,30,0,2026-10-06
GZ0927,2011/12,27,2011-11-08,Riksdagens protokoll 2011/12:27 Tisdagen den 8 november,58,0,2026-10-06
GZ0931,2011/12,31,2011-11-15,Riksdagens protokoll 2011/12:31 Tisdagen den 15 november,9,0,2026-10-06
GZ0929,2011/12,29,2011-11-10,Riksdagens protokoll 2011/12:29 Torsdagen den 10 november,155,2,2026-10-06
GZ0930,2011/12,30,2011-11-11,Riksdagens protokoll 2011/12:30 Fredagen den 11 november,69,1,2026-10-06
GZ0932,2011/12,32,2011-11-17,Riksdagens protokoll 2011/12:32 Torsdagen den 17 november,93,0,2026-10-06
GZ0933,2011/12,33,2011-11-18,Riksdagens protokoll 2011/12:33 Fredagen den 18 november,81,0,2026-10-06
GZ0934,2011/12,34,2011-11-22,Riksdagens protokoll 2011/12:34 Tisdagen den 22 november,121,8,2026-10-06
GZ0937,2011/12,37,2011-11-25,Riksdagens protokoll 2011/12:37 Fredagen den 25 november,7,0,2026-10-06
GZ0935,2011/12,35,2011-11-23,Riksdagens protokoll 2011/12:35 Onsdagen den 23 november,164,8,2026-10-06
GZ0936,2011/12,36,2011-11-24,Riksdagens protokoll 2011/12:36 Torsdagen den 24 november,186,3,2026-10-06
GZ0939,2011/12,39,2011-11-30,Riksdagens protokoll 2011/12:39 Onsdagen den 30 november,33,0,2026-10-06
GZ0938,2011/12,38,2011-11-29,Riksdagens protokoll 2011/12:38 Tisdagen den 29 november,134,0,2026-10-06
GZ0941,2011/12,41,2011-12-02,Riksdagens protokoll 2011/12:41 Fredagen den 2 december,14,1,2026-10-06
GZ0940,2011/12,40,2011-12-01,Riksdagens protokoll 2011/12:40 Torsdagen den 1 december,122,8,2026-10-06
GZ0942,2011/12,42,2011-12-06,Riksdagens protokoll 2011/12:42 Tisdagen den 6 december,84,0,2026-10-06
GZ0943,2011/12,43,2011-12-07,Riksdagens protokoll 2011/12:43 Onsdagen den 7 december,170,6,2026-10-06
GZ0944,2011/12,44,2011-12-08,Riksdagens protokoll 2011/12:44 Torsdagen den 8 december,169,1,2026-10-06
GZ0945,2011/12,45,2011-12-09,Riksdagens protokoll 2011/12:45 Fredagen den 9 december,81,0,2026-10-06
GZ0947,2011/12,47,2011-12-13,Riksdagens protokoll 2011/12:47 Tisdagen den 13 december,95,0,2026-10-06
GZ0946,2011/12,46,2011-12-12,Riksdagens protokoll 2011/12:46 Måndagen den 12 december,190,3,2026-10-06
GZ0948,2011/12,48,2011-12-14,Riksdagens protokoll 2011/12:48 Onsdagen den 14 december,209,25,2026-10-06
GZ0950,2011/12,50,2011-12-16,Riksdagens protokoll 2011/12:50 Fredagen den 16 december,86,0,2026-10-06
GZ0949,2011/12,49,2011-12-15,Riksdagens protokoll 2011/12:49 Torsdagen den 15 december,190,1,2026-10-06
GZ0953,2011/12,53,2011-12-20,Riksdagens protokoll 2011/12:53 Tisdagen den 20 december,2,0,2026-10-06
GZ0952,2011/12,52,2011-12-20,Riksdagens protokoll 2011/12:52 Tisdagen den 20 december,60,0,2026-10-06
GZ0951,2011/12,51,2011-12-19,Riksdagens protokoll 2011/12:51 Måndagen den 19 december,180,2,2026-10-06
GZ0955,2011/12,55,2012-01-16,Riksdagens protokoll 2011/12:55 Måndagen den 16 januari,0,0,2026-10-06
GZ0954,2011/12,54,2011-12-21,Riksdagens protokoll 2011/12:54 Onsdagen den 21 december,36,0,2026-10-06
GZ0956,2011/12,56,2012-01-17,Riksdagens protokoll 2011/12:56 Tisdagen den 17 januari,8,0,2026-10-06
GZ0958,2011/12,58,2012-01-19,Riksdagens protokoll 2011/12:58 Torsdagen den 19 januari,62,4,2026-10-06
GZ0959,2011/12,59,2012-01-20,Riksdagens protokoll 2011/12:59 Fredagen den 20 januari,16,0,2026-10-06
GZ0957,2011/12,57,2012-01-18,Riksdagens protokoll 2011/12:57 Onsdagen den 18 januari,145,5,2026-10-06
GZ0960,2011/12,60,2012-01-24,Riksdagens protokoll 2011/12:60 Tisdagen den 24 januari,57,0,2026-10-06
GZ0963,2011/12,63,2012-01-27,Riksdagens protokoll 2011/12:63 Fredagen den 27 januari,11,0,2026-10-06
GZ0961,2011/12,61,2012-01-25,Riksdagens protokoll 2011/12:61 Onsdagen den 25 januari,175,10,2026-10-06
GZ0962,2011/12,62,2012-01-26,Riksdagens protokoll 2011/12:62 Torsdagen den 26 januari,142,8,2026-10-06
GZ0964,2011/12,64,2012-01-31,Riksdagens protokoll 2011/12:64 Tisdagen den 31 januari,61,0,2026-10-06
GZ0965,2011/12,65,2012-02-01,Riksdagens protokoll 2011/12:65 Onsdagen den 1 februari,95,0,2026-10-06
GZ0966,2011/12,66,2012-02-02,Riksdagens protokoll 2011/12:66 Torsdagen den 2 februari,60,0,2026-10-06
GZ0967,2011/12,67,2012-02-03,Riksdagens protokoll 2011/12:67 Fredagen den 3 februari,26,1,2026-10-06
GZ0968,2011/12,68,2012-02-13,Riksdagens protokoll 2011/12:68 Måndagen den 13 februari,0,0,2026-10-06
GZ0969,2011/12,69,2012-02-14,Riksdagens protokoll 2011/12:69 Tisdagen den 14 februari,104,1,2026-10-06
GZ0971,2011/12,71,2012-02-16,Riksdagens protokoll 2011/12:71 Torsdagen den 16 februari,107,4,2026-10-06
GZ0970,2011/12,70,2012-02-15,Riksdagens protokoll 2011/12:70 Onsdagen den 15 februari,146,0,2026-10-06
GZ0972,2011/12,72,2012-02-17,Riksdagens protokoll 2011/12:72 Fredagen den 17 februari,45,1,2026-10-06
GZ0973,2011/12,73,2012-02-21,Riksdagens protokoll 2011/12:73 Tisdagen den 21 februari,52,1,2026-10-06
GZ0975,2011/12,75,2012-02-23,Riksdagens protokoll 2011/12:75 Torsdagen den 23 februari,73,4,2026-10-06
GZ0976,2011/12,76,2012-02-24,Riksdagens protokoll 2011/12:76 Fredagen den 24 februari,23,0,2026-10-06
GZ0974,2011/12,74,2012-02-22,Riksdagens protokoll 2011/12:74 Onsdagen den 22 februari,161,0,2026-10-06
GZ0977,2011/12,77,2012-02-28,Riksdagens protokoll 2011/12:77 Tisdagen den 28 februari,88,0,2026-10-06
GZ0978,2011/12,78,2012-02-29,Riksdagens protokoll 2011/12:78 Onsdagen den 29 februari,40,0,2026-10-06
GZ0980,2011/12,80,2012-03-12,Riksdagens protokoll 2011/12:80 Måndagen den 12 mars,0,0,2026-10-06
GZ0979,2011/12,79,2012-03-01,Riksdagens protokoll 2011/12:79 Torsdagen den 1 mars,214,15,2026-10-06
GZ0981,2011/12,81,2012-03-13,Riksdagens protokoll 2011/12:81 Tisdagen den 13 mars,134,7,2026-10-06
GZ0984,2011/12,84,2012-03-19,Riksdagens protokoll 2011/12:84 Måndagen den 19 mars,0,0,2026-10-06
GZ0982,2011/12,82,2012-03-14,Riksdagens protokoll 2011/12:82 Onsdagen den 14 mars,148,29,2026-10-06
GZ0983,2011/12,83,2012-03-15,Riksdagens protokoll 2011/12:83 Torsdagen den 15 mars,184,1,2026-10-06
GZ0985,2011/12,85,2012-03-20,Riksdagens protokoll 2011/12:85 Tisdagen den 20 mars,102,5,2026-10-06
GZ0987,2011/12,87,2012-03-22,Riksdagens protokoll 2011/12:87 Torsdagen den 22 mars,131,0,2026-10-06
GZ0988,2011/12,88,2012-03-23,Riksdagens protokoll 2011/12:88 Fredagen den 23 mars,56,0,2026-10-06
GZ0986,2011/12,86,2012-03-21,Riksdagens protokoll 2011/12:86 Onsdagen den 21 mars,201,0,2026-10-06
GZ0989,2011/12,89,2012-03-27,Riksdagens protokoll 2011/12:89 Tisdagen den 27 mars,65,0,2026-10-06
GZ0991,2011/12,91,2012-03-29,Riksdagens protokoll 2011/12:91 Torsdagen den 29 mars,92,2,2026-10-06
GZ0992,2011/12,92,2012-03-30,Riksdagens protokoll 2011/12:92 Fredagen den 30 mars,16,0,2026-10-06
GZ0990,2011/12,90,2012-03-28,Riksdagens protokoll 2011/12:90 Onsdagen den 28 mars,190,14,2026-10-06
GZ0993,2011/12,93,2012-04-10,Riksdagens protokoll 2011/12:93 Tisdagen den 10 april,88,5,2026-10-06
GZ0994,2011/12,94,2012-04-11,Riksdagens protokoll 2011/12:94 Onsdagen den 11 april,150,1,2026-10-06
GZ0996,2011/12,96,2012-04-13,Riksdagens protokoll 2011/12:96 Fredagen den 13 april,7,0,2026-10-06
GZ0995,2011/12,95,2012-04-12,Riksdagens protokoll 2011/12:95 Torsdagen den 12 april,187,13,2026-10-06
GZ0998,2011/12,98,2012-04-17,Riksdagens protokoll 2011/12:98 Tisdagen den 17 april,62,8,2026-10-06
GZ0997,2011/12,97,2012-04-16,Riksdagens protokoll 2011/12:97 Måndagen den 16 april,119,8,2026-10-06
GZ09101,2011/12,101,2012-04-20,Riksdagens protokoll 2011/12:101 Fredagen den 20 april,7,0,2026-10-06
GZ09102,2011/12,102,2012-04-24,Riksdagens protokoll 2011/12:102 Tisdagen den 24 april,8,0,2026-10-06
GZ0999,2011/12,99,2012-04-18,Riksdagens protokoll 2011/12:99 Onsdagen den 18 april,199,0,2026-10-06
GZ09100,2011/12,100,2012-04-19,Riksdagens protokoll 2011/12:100 Torsdagen den 19 april,164,14,2026-10-06
GZ09104,2011/12,104,2012-04-26,Riksdagens protokoll 2011/12:104 Torsdagen den 26 april,87,4,2026-10-06
GZ09106,2011/12,106,2012-04-27,Riksdagens protokoll 2011/12:106 Fredagen den 27 april,0,0,2026-10-06
GZ09103,2011/12,103,2012-04-25,Riksdagens protokoll 2011/12:103 Onsdagen den 25 april,101,0,2026-10-06
GZ09105,2011/12,105,2012-04-27,Riksdagens protokoll 2011/12:105 Fredagen den 27 april,94,7,2026-10-06
GZ09109,2011/12,109,2012-05-04,Riksdagens protokoll 2011/12:109 Fredagen den 4 maj,49,2,2026-10-06
GZ09108,2011/12,108,2012-05-03,Riksdagens protokoll 2011/12:108 Torsdagen den 3 maj,136,1,2026-10-06
GZ09107,2011/12,107,2012-05-02,Riksdagens protokoll 2011/12:107 Onsdagen den 2 maj,146,1,2026-10-06
GZ09110,2011/12,110,2012-05-08,Riksdagens protokoll 2011/12:110 Tisdagen den 8 maj,82,0,2026-10-06
GZ09111,2011/12,111,2012-05-09,Riksdagens protokoll 2011/12:111 Onsdagen den 9 maj,118,1,2026-10-06
GZ09114,2011/12,114,2012-05-21,Riksdagens protokoll 2011/12:114 Måndagen den 21 maj,0,0,2026-10-06
GZ09112,2011/12,112,2012-05-10,Riksdagens protokoll 2011/12:112 Torsdagen den 10 maj,168,0,2026-10-06
GZ09113,2011/12,113,2012-05-11,Riksdagens protokoll 2011/12:113 Fredagen den 11 maj,89,1,2026-10-06
GZ09115,2011/12,115,2012-05-22,Riksdagens protokoll 2011/12:115 Tisdagen den 22 maj,16,0,2026-10-06
GZ09118,2011/12,118,2012-05-25,Riksdagens protokoll 2011/12:118 Fredagen den 25 maj,43,0,2026-10-06
GZ09117,2011/12,117,2012-05-24,Riksdagens protokoll 2011/12:117 Torsdagen den 24 maj,126,2,2026-10-06
GZ09116,2011/12,116,2012-05-23,Riksdagens protokoll 2011/12:116 Onsdagen den 23 maj,179,1,2026-10-06
GZ09119,2011/12,119,2012-05-29,Riksdagens protokoll 2011/12:119 Tisdagen den 29 maj,78,18,2026-10-06
GZ09122,2011/12,122,2012-06-01,Riksdagens protokoll 2011/12:122 Fredagen den 1 juni,14,0,2026-10-06
GZ09123,2011/12,123,2012-06-04,Riksdagens protokoll 2011/12:123 Måndagen den 4 juni,0,0,2026-10-06
GZ09121,2011/12,121,2012-05-31,Riksdagens protokoll 2011/12:121 Torsdagen den 31 maj,160,1,2026-10-06
GZ09124,2011/12,124,2012-06-05,Riksdagens protokoll 2011/12:124 Tisdagen den 5 juni,23,0,2026-10-06
GZ09120,2011/12,120,2012-05-30,Riksdagens protokoll 2011/12:120 Onsdagen den 30 maj,193,1,2026-10-06
GZ09126,2011/12,126,2012-06-08,Riksdagens protokoll 2011/12:126 Fredagen den 8 juni,48,0,2026-10-06
GZ09125,2011/12,125,2012-06-07,Riksdagens protokoll 2011/12:125 Torsdagen den 7 juni,181,0,2026-10-06
GZ09127,2011/12,127,2012-06-11,Riksdagens protokoll 2011/12:127 Måndagen den 11 juni,130,0,2026-10-06
GZ09128,2011/12,128,2012-06-12,Riksdagens protokoll 2011/12:128 Tisdagen den 12 juni,84,0,2026-10-06
GZ09131,2011/12,131,2012-06-15,Riksdagens protokoll 2011/12:131 Fredagen den 15 juni,30,0,2026-10-06
GZ09130,2011/12,130,2012-06-14,Riksdagens protokoll 2011/12:130 Torsdagen den 14 juni,194,0,2026-10-06
GZ09129,2011/12,129,2012-06-13,Riksdagens protokoll 2011/12:129 Onsdagen den 13 juni,264,3,2026-10-06
GZ09132,2011/12,132,2012-06-18,Riksdagens protokoll 2011/12:132 Måndagen den 18 juni,98,9,2026-10-06
GZ09133,2011/12,133,2012-06-19,Riksdagens protokoll 2011/12:133 Tisdagen den 19 juni,131,16,2026-10-06
GZ09135,2011/12,135,2012-06-25,Riksdagens protokoll 2011/12:135 Måndagen den 25 juni,77,0,2026-10-06
GZ09137,2011/12,137,2012-08-16,Riksdagens protokoll 2011/12:137 Torsdagen den 16 augusti,56,1,2026-10-06
GZ09136,2011/12,136,2012-06-28,Riksdagens protokoll 2011/12:136 Torsdagen den 28 juni,74,5,2026-10-06
GZ09134,2011/12,134,2012-06-20,Riksdagens protokoll 2011/12:134 Onsdagen den 20 juni,189,12,2026-10-06
GZ09139,2011/12,139,2012-09-06,Riksdagens protokoll 2011/12:139 Torsdagen den 6 september,9,0,2026-10-06
GZ09138,2011/12,138,2012-08-23,Riksdagens protokoll 2011/12:138 Torsdagen den 23 augusti,56,1,2026-10-06
GZ09140,2011/12,140,2012-09-13,Riksdagens protokoll 2011/12:140 Torsdagen den 13 september,58,1,2026-10-06
H0091,2012/13,1,2012-09-18,Riksdagens protokoll 2012/13:1 Tisdagen den 18 september,2,1,2026-10-06
H0092,2012/13,2,2012-09-18,Riksdagens protokoll 2012/13:2 Tisdagen den 18 september,3,1,2026-10-06
H0093,2012/13,3,2012-09-19,Riksdagens protokoll 2012/13:3 Onsdagen den 19 september,12,1,2026-10-06
H0095,2012/13,5,2012-09-27,Riksdagens protokoll 2012/13:5 Torsdagen den 27 september,80,0,2026-10-06
H0096,2012/13,6,2012-09-28,Riksdagens protokoll 2012/13:6 Fredagen den 28 september,7,0,2026-10-06
H0094,2012/13,4,2012-09-20,Riksdagens protokoll 2012/13:4 Torsdagen den 20 september,125,5,2026-10-06
H0097,2012/13,7,2012-10-02,Riksdagens protokoll 2012/13:7 Tisdagen den 2 oktober,31,1,2026-10-06
H0098,2012/13,8,2012-10-04,Riksdagens protokoll 2012/13:8 Torsdagen den 4 oktober,58,0,2026-10-06
H0099,2012/13,9,2012-10-15,Riksdagens protokoll 2012/13:9 Måndagen den 15 oktober,0,0,2026-10-06
H00910,2012/13,10,2012-10-16,Riksdagens protokoll 2012/13:10 Tisdagen den 16 oktober,14,0,2026-10-06
H00911,2012/13,11,2012-10-17,Riksdagens protokoll 2012/13:11 Onsdagen den 17 oktober,121,3,2026-10-06
H00913,2012/13,13,2012-10-19,Riksdagens protokoll 2012/13:13 Fredagen den 19 oktober,0,0,2026-10-06
H00912,2012/13,12,2012-10-18,Riksdagens protokoll 2012/13:12 Torsdagen den 18 oktober,79,4,2026-10-06
H00915,2012/13,15,2012-10-24,Riksdagens protokoll 2012/13:15 Onsdagen den 24 oktober,2,0,2026-10-06
H00914,2012/13,14,2012-10-23,Riksdagens protokoll 2012/13:14 Tisdagen den 23 oktober,109,2,2026-10-06
H00916,2012/13,16,2012-10-25,Riksdagens protokoll 2012/13:16 Torsdagen den 25 oktober,74,0,2026-10-06
H00917,2012/13,17,2012-10-26,Riksdagens protokoll 2012/13:17 Fredagen den 26 oktober,10,0,2026-10-06
H00918,2012/13,18,2012-11-05,Riksdagens protokoll 2012/13:18 Måndagen den 5 november,0,0,2026-10-06
H00921,2012/13,21,2012-11-08,Riksdagens protokoll 2012/13:21 Torsdagen den 8 november,96,7,2026-10-06
H00920,2012/13,20,2012-11-07,Riksdagens protokoll 2012/13:20 Onsdagen den 7 november,104,0,2026-10-06
H00919,2012/13,19,2012-11-06,Riksdagens protokoll 2012/13:19 Tisdagen den 6 november,139,3,2026-10-06
H00922,2012/13,22,2012-11-09,Riksdagens protokoll 2012/13:22 Fredagen den 9 november,43,1,2026-10-06
H00924,2012/13,24,2012-11-14,Riksdagens protokoll 2012/13:24 Onsdagen den 14 november,40,0,2026-10-06
H00923,2012/13,23,2012-11-13,Riksdagens protokoll 2012/13:23 Tisdagen den 13 november,71,6,2026-10-06
H00925,2012/13,25,2012-11-15,Riksdagens protokoll 2012/13:25 Torsdagen den 15 november,151,55,2026-10-06
H00927,2012/13,27,2012-11-20,Riksdagens protokoll 2012/13:27 Tisdagen den 20 november,56,0,2026-10-06
H00926,2012/13,26,2012-11-16,Riksdagens protokoll 2012/13:26 Fredagen den 16 november,95,5,2026-10-06
H00930,2012/13,30,2012-11-23,Riksdagens protokoll 2012/13:30 Fredagen den 23 november,7,0,2026-10-06
H00928,2012/13,28,2012-11-21,Riksdagens protokoll 2012/13:28 Onsdagen den 21 november,147,5,2026-10-06
H00929,2012/13,29,2012-11-22,Riksdagens protokoll 2012/13:29 Torsdagen den 22 november,124,0,2026-10-06
H00933,2012/13,33,2012-11-29,Riksdagens protokoll 2012/13:33 Torsdagen den 29 november,61,1,2026-10-06
H00931,2012/13,31,2012-11-27,Riksdagens protokoll 2012/13:31 Tisdagen den 27 november,169,2,2026-10-06
H00934,2012/13,34,2012-11-30,Riksdagens protokoll 2012/13:34 Fredagen den 30 november,21,0,2026-10-06
H00935,2012/13,35,2012-12-03,Riksdagens protokoll 2012/13:35 Måndagen den 3 december,26,1,2026-10-06
H00932,2012/13,32,2012-11-28,Riksdagens protokoll 2012/13:32 Onsdagen den 28 november,180,46,2026-10-06
H00936,2012/13,36,2012-12-04,Riksdagens protokoll 2012/13:36 Tisdagen den 4 december,85,13,2026-10-06
H00938,2012/13,38,2012-12-06,Riksdagens protokoll 2012/13:38 Torsdagen den 6 december,181,22,2026-10-06
H00940,2012/13,40,2012-12-10,Riksdagens protokoll 2012/13:40 Måndagen den 10 december,7,0,2026-10-06
H00937,2012/13,37,2012-12-05,Riksdagens protokoll 2012/13:37 Onsdagen den 5 december,208,1,2026-10-06
H00939,2012/13,39,2012-12-07,Riksdagens protokoll 2012/13:39 Fredagen den 7 december,105,5,2026-10-06
H00941,2012/13,41,2012-12-11,Riksdagens protokoll 2012/13:41 Tisdagen den 11 december,185,4,2026-10-06
H00943,2012/13,43,2012-12-13,Riksdagens protokoll 2012/13:43 Torsdagen den 13 december,277,4,2026-10-06
H00942,2012/13,42,2012-12-12,Riksdagens protokoll 2012/13:42 Onsdagen den 12 december,231,4,2026-10-06
H00944,2012/13,44,2012-12-14,Riksdagens protokoll 2012/13:44 Fredagen den 14 december,99,1,2026-10-06
H00947,2012/13,47,2012-12-19,Riksdagens protokoll 2012/13:47 Onsdagen den 19 december,65,0,2026-10-06
H00945,2012/13,45,2012-12-17,Riksdagens protokoll 2012/13:45 Måndagen den 17 december,166,23,2026-10-06
H00946,2012/13,46,2012-12-18,Riksdagens protokoll 2012/13:46 Tisdagen den 18 december,260,16,2026-10-06
H00950,2012/13,50,2013-01-14,Riksdagens protokoll 2012/13:50 Måndagen den 14 januari,0,0,2026-10-06
H00949,2012/13,49,2012-12-20,Riksdagens protokoll 2012/13:49 Torsdagen den 20 december,28,0,2026-10-06
H00948,2012/13,48,2012-12-19,Riksdagens protokoll 2012/13:48 Onsdagen den 19 december,70,0,2026-10-06
H00951,2012/13,51,2013-01-15,Riksdagens protokoll 2012/13:51 Tisdagen den 15 januari,16,1,2026-10-06
H00953,2012/13,53,2013-01-17,Riksdagens protokoll 2012/13:53 Torsdagen den 17 januari,85,0,2026-10-06
H00954,2012/13,54,2013-01-18,Riksdagens protokoll 2012/13:54 Fredagen den 18 januari,7,0,2026-10-06
H00952,2012/13,52,2013-01-16,Riksdagens protokoll 2012/13:52 Onsdagen den 16 januari,130,5,2026-10-06
H00955,2012/13,55,2013-01-22,Riksdagens protokoll 2012/13:55 Tisdagen den 22 januari,9,0,2026-10-06
H00958,2012/13,58,2013-01-25,Riksdagens protokoll 2012/13:58 Fredagen den 25 januari,0,0,2026-10-06
H00956,2012/13,56,2013-01-23,Riksdagens protokoll 2012/13:56 Onsdagen den 23 januari,67,0,2026-10-06
H00957,2012/13,57,2013-01-24,Riksdagens protokoll 2012/13:57 Torsdagen den 24 januari,94,1,2026-10-06
H00960,2012/13,60,2013-01-30,Riksdagens protokoll 2012/13:60 Onsdagen den 30 januari,63,1,2026-10-06
H00961,2012/13,61,2013-01-31,Riksdagens protokoll 2012/13:61 Torsdagen den 31 januari,90,7,2026-10-06
H00959,2012/13,59,2013-01-29,Riksdagens protokoll 2012/13:59 Tisdagen den 29 januari,88,3,2026-10-06
H00962,2012/13,62,2013-02-01,Riksdagens protokoll 2012/13:62 Fredagen den 1 februari,21,0,2026-10-06
H00963,2012/13,63,2013-02-12,Riksdagens protokoll 2012/13:63 Tisdagen den 12 februari,90,0,2026-10-06
H00964,2012/13,64,2013-02-13,Riksdagens protokoll 2012/13:64 Onsdagen den 13 februari,111,0,2026-10-06
H00965,2012/13,65,2013-02-14,Riksdagens protokoll 2012/13:65 Torsdagen den 14 februari,160,3,2026-10-06
H00966,2012/13,66,2013-02-15,Riksdagens protokoll 2012/13:66 Fredagen den 15 februari,85,0,2026-10-06
H00967,2012/13,67,2013-02-19,Riksdagens protokoll 2012/13:67 Tisdagen den 19 februari,107,0,2026-10-06
H00968,2012/13,68,2013-02-20,Riksdagens protokoll 2012/13:68 Onsdagen den 20 februari,134,0,2026-10-06
H00969,2012/13,69,2013-02-21,Riksdagens protokoll 2012/13:69 Torsdagen den 21 februari,122,1,2026-10-06
H00970,2012/13,70,2013-02-22,Riksdagens protokoll 2012/13:70 Fredagen den 22 februari,51,4,2026-10-06
H00971,2012/13,71,2013-03-04,Riksdagens protokoll 2012/13:71 Måndagen den 4 mars,0,0,2026-10-06
H00972,2012/13,72,2013-03-05,Riksdagens protokoll 2012/13:72 Tisdagen den 5 mars,92,19,2026-10-06
H00973,2012/13,73,2013-03-06,Riksdagens protokoll 2012/13:73 Onsdagen den 6 mars,208,2,2026-10-06
H00974,2012/13,74,2013-03-07,Riksdagens protokoll 2012/13:74 Torsdagen den 7 mars,176,5,2026-10-06
H00975,2012/13,75,2013-03-08,Riksdagens protokoll 2012/13:75 Fredagen den 8 mars,69,5,2026-10-06
H00976,2012/13,76,2013-03-12,Riksdagens protokoll 2012/13:76 Tisdagen den 12 mars,139,0,2026-10-06
H00978,2012/13,78,2013-03-14,Riksdagens protokoll 2012/13:78 Torsdagen den 14 mars,151,2,2026-10-06
H00979,2012/13,79,2013-03-15,Riksdagens protokoll 2012/13:79 Fredagen den 15 mars,46,7,2026-10-06
H00977,2012/13,77,2013-03-13,Riksdagens protokoll 2012/13:77 Onsdagen den 13 mars,173,0,2026-10-06
H00980,2012/13,80,2013-03-19,Riksdagens protokoll 2012/13:80 Tisdagen den 19 mars,77,0,2026-10-06
H00983,2012/13,83,2013-03-22,Riksdagens protokoll 2012/13:83 Fredagen den 22 mars,66,0,2026-10-06
H00981,2012/13,81,2013-03-20,Riksdagens protokoll 2012/13:81 Onsdagen den 20 mars,203,22,2026-10-06
H00982,2012/13,82,2013-03-21,Riksdagens protokoll 2012/13:82 Torsdagen den 21 mars,125,1,2026-10-06
H00986,2012/13,86,2013-04-08,Riksdagens protokoll 2012/13:86 Måndagen den 8 april,0,0,2026-10-06
H00984,2012/13,84,2013-03-26,Riksdagens protokoll 2012/13:84 Tisdagen den 26 mars,75,2,2026-10-06
H00985,2012/13,85,2013-03-27,Riksdagens protokoll 2012/13:85 Onsdagen den 27 mars,170,0,2026-10-06
H00987,2012/13,87,2013-04-09,Riksdagens protokoll 2012/13:87 Tisdagen den 9 april,167,2,2026-10-06
H00988,2012/13,88,2013-04-10,Riksdagens protokoll 2012/13:88 Onsdagen den 10 april,133,0,2026-10-06
H00989,2012/13,89,2013-04-11,Riksdagens protokoll 2012/13:89 Torsdagen den 11 april,160,26,2026-10-06
H00991,2012/13,91,2013-04-15,Riksdagens protokoll 2012/13:91 Måndagen den 15 april,104,5,2026-10-06
H00992,2012/13,92,2013-04-16,Riksdagens protokoll 2012/13:92 Tisdagen den 16 april,16,0,2026-10-06
H00990,2012/13,90,2013-04-12,Riksdagens protokoll 2012/13:90 Fredagen den 12 april,84,1,2026-10-06
H00995,2012/13,95,2013-04-19,Riksdagens protokoll 2012/13:95 Fredagen den 19 april,56,0,2026-10-06
H00994,2012/13,94,2013-04-18,Riksdagens protokoll 2012/13:94 Torsdagen den 18 april,102,1,2026-10-06
H00993,2012/13,93,2013-04-17,Riksdagens protokoll 2012/13:93 Onsdagen den 17 april,209,3,2026-10-06
H00996,2012/13,96,2013-04-23,Riksdagens protokoll 2012/13:96 Tisdagen den 23 april,140,25,2026-10-06
H00997,2012/13,97,2013-04-24,Riksdagens protokoll 2012/13:97 Onsdagen den 24 april,183,1,2026-10-06
H00999,2012/13,99,2013-04-26,Riksdagens protokoll 2012/13:99 Fredagen den 26 april,9,0,2026-10-06
H009100,2012/13,100,2013-04-29,Riksdagens protokoll 2012/13:100 Måndagen den 29 april,0,0,2026-10-06
H00998,2012/13,98,2013-04-25,Riksdagens protokoll 2012/13:98 Torsdagen den 25 april,195,0,2026-10-06
H009103,2012/13,103,2013-05-13,Riksdagens protokoll 2012/13:103 Måndagen den 13 maj,0,0,2026-10-06
H009102,2012/13,102,2013-05-03,Riksdagens protokoll 2012/13:102 Fredagen den 3 maj,63,1,2026-10-06
H009101,2012/13,101,2013-05-02,Riksdagens protokoll 2012/13:101 Torsdagen den 2 maj,158,0,2026-10-06
H009104,2012/13,104,2013-05-14,Riksdagens protokoll 2012/13:104 Tisdagen den 14 maj,31,0,2026-10-06
H009107,2012/13,107,2013-05-17,Riksdagens protokoll 2012/13:107 Fredagen den 17 maj,54,0,2026-10-06
H009105,2012/13,105,2013-05-15,Riksdagens protokoll 2012/13:105 Onsdagen den 15 maj,126,2,2026-10-06
H009106,2012/13,106,2013-05-16,Riksdagens protokoll 2012/13:106 Torsdagen den 16 maj,155,0,2026-10-06
H009108,2012/13,108,2013-05-21,Riksdagens protokoll 2012/13:108 Tisdagen den 21 maj,76,2,2026-10-06
H009111,2012/13,111,2013-05-24,Riksdagens protokoll 2012/13:111 Fredagen den 24 maj,58,1,2026-10-06
H009109,2012/13,109,2013-05-22,Riksdagens protokoll 2012/13:109 Onsdagen den 22 maj,207,2,2026-10-06
H009110,2012/13,110,2013-05-23,Riksdagens protokoll 2012/13:110 Torsdagen den 23 maj,145,6,2026-10-06
H009112,2012/13,112,2013-05-28,Riksdagens protokoll 2012/13:112 Tisdagen den 28 maj,52,0,2026-10-06
H009113,2012/13,113,2013-05-29,Riksdagens protokoll 2012/13:113 Onsdagen den 29 maj,51,0,2026-10-06
H009115,2012/13,115,2013-05-31,Riksdagens protokoll 2012/13:115 Fredagen den 31 maj,42,4,2026-10-06
H009114,2012/13,114,2013-05-30,Riksdagens protokoll 2012/13:114 Torsdagen den 30 maj,203,29,2026-10-06
H009116,2012/13,116,2013-06-04,Riksdagens protokoll 2012/13:116 Tisdagen den 4 juni,95,0,2026-10-06
H009118,2012/13,118,2013-06-07,Riksdagens protokoll 2012/13:118 Fredagen den 7 juni,49,0,2026-10-06
H009117,2012/13,117,2013-06-05,Riksdagens protokoll 2012/13:117 Onsdagen den 5 juni,94,3,2026-10-06
H009119,2012/13,119,2013-06-10,Riksdagens protokoll 2012/13:119 Måndagen den 10 juni,65,0,2026-10-06
H009120,2012/13,120,2013-06-11,Riksdagens protokoll 2012/13:120 Tisdagen den 11 juni,105,1,2026-10-06
H009121,2012/13,121,2013-06-12,Riksdagens protokoll 2012/13:121 Onsdagen den 12 juni,177,3,2026-10-06
H009123,2012/13,123,2013-06-14,Riksdagens protokoll 2012/13:123 Fredagen den 14 juni,44,0,2026-10-06
H009122,2012/13,122,2013-06-13,Riksdagens protokoll 2012/13:122 Torsdagen den 13 juni,168,2,2026-10-06
H009124,2012/13,124,2013-06-17,Riksdagens protokoll 2012/13:124 Måndagen den 17 juni,153,1,2026-10-06
H009127,2012/13,127,2013-06-24,Riksdagens protokoll 2012/13:127 Måndagen den 24 juni,14,0,2026-10-06
H009125,2012/13,125,2013-06-18,Riksdagens protokoll 2012/13:125 Tisdagen den 18 juni,147,0,2026-10-06
H009126,2012/13,126,2013-06-19,Riksdagens protokoll 2012/13:126 Onsdagen den 19 juni,124,6,2026-10-06
H009128,2012/13,128,2013-06-25,Riksdagens protokoll 2012/13:128 Tisdagen den 25 juni,45,0,2026-10-06
H009129,2012/13,129,2013-06-26,Riksdagens protokoll 2012/13:129 Onsdagen den 26 juni,66,2,2026-10-06
H009131,2012/13,131,2013-06-28,Riksdagens protokoll 2012/13:131 Fredagen den 28 juni,7,0,2026-10-06
H009130,2012/13,130,2013-06-27,Riksdagens protokoll 2012/13:130 Torsdagen den 27 juni,108,0,2026-10-06
H009132,2012/13,132,2013-08-15,Riksdagens protokoll 2012/13:132 Torsdagen den 15 augusti,39,0,2026-10-06
H009133,2012/13,133,2013-08-22,Riksdagens protokoll 2012/13:133 Torsdagen den 22 augusti,65,7,2026-10-06
H009134,2012/13,134,2013-08-29,Riksdagens protokoll 2012/13:134 Torsdagen den 29 augusti,16,0,2026-10-06
H009135,2012/13,135,2013-09-05,Riksdagens snabbprotokoll 2012/13:135 Torsdagen den 5 september,25,0,2026-10-06
H1091,2013/14,1,2013-09-17,Riksdagens protokoll 2013/14:1 Tisdagen den 17 september,0,0,2026-10-06
H009136,2012/13,136,2013-09-12,Riksdagens snabbprotokoll 2012/13:136 Torsdagen den 12 september,44,0,2026-10-06
H1092,2013/14,2,2013-09-17,Riksdagens protokoll 2013/14:2 Tisdagen den 17 september,3,1,2026-10-06
H1094,2013/14,4,2013-09-19,Riksdagens protokoll 2013/14:4 Torsdagen den 19 september,82,0,2026-10-06
H1095,2013/14,5,2013-09-26,Riksdagens protokoll 2013/14:5 Torsdagen den 26 september,64,3,2026-10-06
H1093,2013/14,3,2013-09-18,Riksdagens protokoll 2013/14:3 Onsdagen den 18 september,121,3,2026-10-06
H1096,2013/14,6,2013-09-27,Riksdagens protokoll 2013/14:6 Fredagen den 27 september,18,2,2026-10-06
H1097,2013/14,7,2013-10-01,Riksdagens protokoll 2013/14:7 Tisdagen den 1 oktober,0,0,2026-10-06
H1099,2013/14,9,2013-10-03,Riksdagens protokoll 2013/14:9 Torsdagen den 3 oktober,60,0,2026-10-06
H1098,2013/14,8,2013-10-02,Riksdagens protokoll 2013/14:8 Onsdagen den 2 oktober,83,4,2026-10-06
H10910,2013/14,10,2013-10-04,Riksdagens protokoll 2013/14:10 Fredagen den 4 oktober,17,0,2026-10-06
H10911,2013/14,11,2013-10-14,Riksdagens protokoll 2013/14:11 Måndagen den 14 oktober,271,4,2026-10-06
H10912,2013/14,12,2013-10-15,Riksdagens protokoll 2013/14:12 Tisdagen den 15 oktober,354,1,2026-10-06
H10915,2013/14,15,2013-10-18,Riksdagens protokoll 2013/14:15 Fredagen den 18 oktober,0,0,2026-10-06
H10914,2013/14,14,2013-10-17,Riksdagens protokoll 2013/14:14 Torsdagen den 17 oktober,111,8,2026-10-06
H10913,2013/14,13,2013-10-16,Riksdagens protokoll 2013/14:13 Onsdagen den 16 oktober,530,35,2026-10-06
H10916,2013/14,16,2013-10-22,Riksdagens protokoll 2013/14:16 Tisdagen den 22 oktober,46,11,2026-10-06
H10918,2013/14,18,2013-10-24,Riksdagens protokoll 2013/14:18 Torsdagen den 24 oktober,92,7,2026-10-06
H10919,2013/14,19,2013-10-25,Riksdagens protokoll 2013/14:19 Fredagen den 25 oktober,24,0,2026-10-06
H10920,2013/14,20,2013-11-04,Riksdagens protokoll 2013/14:20 Måndagen den 4 november,0,0,2026-10-06
H10917,2013/14,17,2013-10-23,Riksdagens protokoll 2013/14:17 Onsdagen den 23 oktober,161,0,2026-10-06
H10921,2013/14,21,2013-11-05,Riksdagens protokoll 2013/14:21 Tisdagen den 5 november,159,11,2026-10-06
H10923,2013/14,23,2013-11-07,Riksdagens protokoll 2013/14:23 Torsdagen den 7 november,76,6,2026-10-06
H10922,2013/14,22,2013-11-06,Riksdagens protokoll 2013/14:22 Onsdagen den 6 november,65,0,2026-10-06
H10924,2013/14,24,2013-11-08,Riksdagens protokoll 2013/14:24 Fredagen den 8 november,100,1,2026-10-06
H10926,2013/14,26,2013-11-13,Riksdagens protokoll 2013/14:26 Onsdagen den 13 november,54,6,2026-10-06
H10925,2013/14,25,2013-11-12,Riksdagens protokoll 2013/14:25 Tisdagen den 12 november,150,31,2026-10-06
H10928,2013/14,28,2013-11-15,Riksdagens protokoll 2013/14:28 Fredagen den 15 november,6,0,2026-10-06
H10927,2013/14,27,2013-11-14,Riksdagens protokoll 2013/14:27 Torsdagen den 14 november,85,8,2026-10-06
H10929,2013/14,29,2013-11-18,Riksdagens protokoll 2013/14:29 Måndagen den 18 november,0,0,2026-10-06
H10930,2013/14,30,2013-11-19,Riksdagens protokoll 2013/14:30 Tisdagen den 19 november,58,2,2026-10-06
H10932,2013/14,32,2013-11-21,Riksdagens protokoll 2013/14:32 Torsdagen den 21 november,92,6,2026-10-06
H10931,2013/14,31,2013-11-20,Riksdagens protokoll 2013/14:31 Onsdagen den 20 november,146,14,2026-10-06
H10933,2013/14,33,2013-11-22,Riksdagens protokoll 2013/14:33 Fredagen den 22 november,138,33,2026-10-06
H10934,2013/14,34,2013-11-26,Riksdagens protokoll 2013/14:34 Tisdagen den 26 november,122,5,2026-10-06
H10935,2013/14,35,2013-11-27,Riksdagens protokoll 2013/14:35 Onsdagen den 27 november,105,1,2026-10-06
H10937,2013/14,37,2013-11-29,Riksdagens protokoll 2013/14:37 Fredagen den 29 november,52,0,2026-10-06
H10936,2013/14,36,2013-11-28,Riksdagens protokoll 2013/14:36 Torsdagen den 28 november,114,0,2026-10-06
H10938,2013/14,38,2013-12-03,Riksdagens protokoll 2013/14:38 Tisdagen den 3 december,112,0,2026-10-06
H10940,2013/14,40,2013-12-05,Riksdagens protokoll 2013/14:40 Torsdagen den 5 december,184,7,2026-10-06
H10939,2013/14,39,2013-12-04,Riksdagens protokoll 2013/14:39 Onsdagen den 4 december,221,4,2026-10-06
H10941,2013/14,41,2013-12-06,Riksdagens protokoll 2013/14:41 Fredagen den 6 december,114,1,2026-10-06
H10942,2013/14,42,2013-12-09,Riksdagens protokoll 2013/14:42 Måndagen den 9 december,96,0,2026-10-06
H10943,2013/14,43,2013-12-10,Riksdagens protokoll 2013/14:43 Tisdagen den 10 december,147,1,2026-10-06
H10944,2013/14,44,2013-12-11,Riksdagens protokoll 2013/14:44 Onsdagen den 11 december,202,5,2026-10-06
H10945,2013/14,45,2013-12-12,Riksdagens protokoll 2013/14:45 Torsdagen den 12 december,173,57,2026-10-06
H10946,2013/14,46,2013-12-13,Riksdagens protokoll 2013/14:46 Fredagen den 13 december,110,0,2026-10-06
H10949,2013/14,49,2013-12-18,Riksdagens protokoll 2013/14:49 Onsdagen den 18 december,9,0,2026-10-06
H10947,2013/14,47,2013-12-16,Riksdagens protokoll 2013/14:47 Måndagen den 16 december,204,1,2026-10-06
H10948,2013/14,48,2013-12-17,Riksdagens protokoll 2013/14:48 Tisdagen den 17 december,149,1,2026-10-06
H10951,2013/14,51,2013-12-20,Riksdagens protokoll 2013/14:51 Fredagen den 20 december,23,0,2026-10-06
H10950,2013/14,50,2013-12-18,Riksdagens protokoll 2013/14:50 Onsdagen den 18 december,147,17,2026-10-06
H10952,2013/14,52,2014-01-13,Riksdagens protokoll 2013/14:52 Måndagen den 13 januari,0,1,2026-10-06
H10955,2013/14,55,2014-01-16,Riksdagens protokoll 2013/14:55 Torsdagen den 16 januari,97,8,2026-10-06
H10953,2013/14,53,2014-01-14,Riksdagens protokoll 2013/14:53 Tisdagen den 14 januari,148,1,2026-10-06
H10954,2013/14,54,2014-01-15,Riksdagens protokoll 2013/14:54 Onsdagen den 15 januari,124,2,2026-10-06
H10956,2013/14,56,2014-01-17,Riksdagens protokoll 2013/14:56 Fredagen den 17 januari,34,0,2026-10-06
H10957,2013/14,57,2014-01-21,Riksdagens protokoll 2013/14:57 Tisdagen den 21 januari,47,0,2026-10-06
H10958,2013/14,58,2014-01-22,Riksdagens protokoll 2013/14:58 Onsdagen den 22 januari,101,0,2026-10-06
H10960,2013/14,60,2014-01-24,Riksdagens protokoll 2013/14:60 Fredagen den 24 januari,16,0,2026-10-06
H10959,2013/14,59,2014-01-23,Riksdagens protokoll 2013/14:59 Torsdagen den 23 januari,100,0,2026-10-06
H10961,2013/14,61,2014-01-28,Riksdagens protokoll 2013/14:61 Tisdagen den 28 januari,21,0,2026-10-06
H10963,2013/14,63,2014-01-30,Riksdagens protokoll 2013/14:63 Torsdagen den 30 januari,95,1,2026-10-06
H10962,2013/14,62,2014-01-29,Riksdagens protokoll 2013/14:62 Onsdagen den 29 januari,148,0,2026-10-06
H10964,2013/14,64,2014-02-04,Riksdagens protokoll 2013/14:64 Tisdagen den 4 februari,98,1,2026-10-06
H10967,2013/14,67,2014-02-07,Riksdagens protokoll 2013/14:67 Fredagen den 7 februari,7,0,2026-10-06
H10965,2013/14,65,2014-02-05,Riksdagens protokoll 2013/14:65 Onsdagen den 5 februari,168,49,2026-10-06
H10968,2013/14,68,2014-02-17,Riksdagens protokoll 2013/14:68 Måndagen den 17 februari,0,0,2026-10-06
H10966,2013/14,66,2014-02-06,Riksdagens protokoll 2013/14:66 Torsdagen den 6 februari,99,4,2026-10-06
H10969,2013/14,69,2014-02-18,Riksdagens protokoll 2013/14:69 Tisdagen den 18 februari,82,4,2026-10-06
H10971,2013/14,71,2014-02-20,Riksdagens protokoll 2013/14:71 Torsdagen den 20 februari,111,16,2026-10-06
H10972,2013/14,72,2014-02-21,Riksdagens protokoll 2013/14:72 Fredagen den 21 februari,7,0,2026-10-06
H10970,2013/14,70,2014-02-19,Riksdagens protokoll 2013/14:70 Onsdagen den 19 februari,271,0,2026-10-06
H10973,2013/14,73,2014-02-25,Riksdagens protokoll 2013/14:73 Tisdagen den 25 februari,139,0,2026-10-06
H10974,2013/14,74,2014-02-26,Riksdagens protokoll 2013/14:74 Onsdagen den 26 februari,115,3,2026-10-06
H10976,2013/14,76,2014-02-28,Riksdagens protokoll 2013/14:76 Fredagen den 28 februari,38,0,2026-10-06
H10975,2013/14,75,2014-02-27,Riksdagens protokoll 2013/14:75 Torsdagen den 27 februari,167,3,2026-10-06
H10977,2013/14,77,2014-03-04,Riksdagens protokoll 2013/14:77 Tisdagen den 4 mars,125,0,2026-10-06
H10980,2013/14,80,2014-03-10,Riksdagens protokoll 2013/14:80 Måndagen den 10 mars,0,0,2026-10-06
H10979,2013/14,79,2014-03-06,Riksdagens protokoll 2013/14:79 Torsdagen den 6 mars,188,2,2026-10-06
H10978,2013/14,78,2014-03-05,Riksdagens protokoll 2013/14:78 Onsdagen den 5 mars,166,1,2026-10-06
H10981,2013/14,81,2014-03-11,Riksdagens protokoll 2013/14:81 Tisdagen den 11 mars,66,0,2026-10-06
H10982,2013/14,82,2014-03-12,Riksdagens protokoll 2013/14:82 Onsdagen den 12 mars,114,6,2026-10-06
H10984,2013/14,84,2014-03-14,Riksdagens protokoll 2013/14:84 Fredagen den 14 mars,106,0,2026-10-06
H10983,2013/14,83,2014-03-13,Riksdagens protokoll 2013/14:83 Torsdagen den 13 mars,163,0,2026-10-06
H10985,2013/14,85,2014-03-18,Riksdagens protokoll 2013/14:85 Tisdagen den 18 mars,119,1,2026-10-06
H10988,2013/14,88,2014-03-21,Riksdagens protokoll 2013/14:88 Fredagen den 21 mars,8,0,2026-10-06
H10987,2013/14,87,2014-03-20,Riksdagens protokoll 2013/14:87 Torsdagen den 20 mars,110,0,2026-10-06
H10986,2013/14,86,2014-03-19,Riksdagens protokoll 2013/14:86 Onsdagen den 19 mars,207,8,2026-10-06
H10989,2013/14,89,2014-03-25,Riksdagens protokoll 2013/14:89 Tisdagen den 25 mars,165,1,2026-10-06
H10990,2013/14,90,2014-03-26,Riksdagens protokoll 2013/14:90 Onsdagen den 26 mars,146,21,2026-10-06
H10992,2013/14,92,2014-03-28,Riksdagens protokoll 2013/14:92 Fredagen den 28 mars,75,0,2026-10-06
H10991,2013/14,91,2014-03-27,Riksdagens protokoll 2013/14:91 Torsdagen den 27 mars,157,5,2026-10-06
H10993,2013/14,93,2014-04-01,Riksdagens protokoll 2013/14:93 Tisdagen den 1 april,83,0,2026-10-06
H10996,2013/14,96,2014-04-04,Riksdagens protokoll 2013/14:96 Fredagen den 4 april,14,0,2026-10-06
H10995,2013/14,95,2014-04-03,Riksdagens protokoll 2013/14:95 Torsdagen den 3 april,138,4,2026-10-06
H10997,2013/14,97,2014-04-08,Riksdagens protokoll 2013/14:97 Tisdagen den 8 april,88,0,2026-10-06
H10994,2013/14,94,2014-04-02,Riksdagens protokoll 2013/14:94 Onsdagen den 2 april,171,1,2026-10-06
H10998,2013/14,98,2014-04-09,Riksdagens protokoll 2013/14:98 Onsdagen den 9 april,176,24,2026-10-06
H10999,2013/14,99,2014-04-10,Riksdagens protokoll 2013/14:99 Torsdagen den 10 april,105,5,2026-10-06
H109100,2013/14,100,2014-04-11,Riksdagens protokoll 2013/14:100 Fredagen den 11 april,62,0,2026-10-06
H109101,2013/14,101,2014-04-15,Riksdagens protokoll 2013/14:101 Tisdagen den 15 april,135,6,2026-10-06
H109103,2013/14,103,2014-04-25,Riksdagens protokoll 2013/14:103 Fredagen den 25 april,67,2,2026-10-06
H109102,2013/14,102,2014-04-16,Riksdagens protokoll 2013/14:102 Onsdagen den 16 april,95,5,2026-10-06
H109104,2013/14,104,2014-04-28,Riksdagens protokoll 2013/14:104 Måndagen den 28 april,88,4,2026-10-06
H109105,2013/14,105,2014-04-29,Riksdagens protokoll 2013/14:105 Tisdagen den 29 april,65,0,2026-10-06
H109107,2013/14,107,2014-05-06,Riksdagens protokoll 2013/14:107 Tisdagen den 6 maj,21,0,2026-10-06
H109106,2013/14,106,2014-05-05,Riksdagens protokoll 2013/14:106 Måndagen den 5 maj,125,6,2026-10-06
H109109,2013/14,109,2014-05-08,Riksdagens protokoll 2013/14:109 Torsdagen den 8 maj,60,0,2026-10-06
H109108,2013/14,108,2014-05-07,Riksdagens protokoll 2013/14:108 Onsdagen den 7 maj,162,16,2026-10-06
H109111,2013/14,111,2014-05-12,Riksdagens protokoll 2013/14:111 Måndagen den 12 maj,18,0,2026-10-06
H109110,2013/14,110,2014-05-09,Riksdagens protokoll 2013/14:110 Fredagen den 9 maj,98,0,2026-10-06
H109112,2013/14,112,2014-05-13,Riksdagens protokoll 2013/14:112 Tisdagen den 13 maj,92,0,2026-10-06
H109113,2013/14,113,2014-05-19,Riksdagens protokoll 2013/14:113 Måndagen den 19 maj,106,0,2026-10-06
H109115,2013/14,115,2014-05-27,Riksdagens protokoll 2013/14:115 Tisdagen den 27 maj,80,1,2026-10-06
H109114,2013/14,114,2014-05-26,Riksdagens protokoll 2013/14:114 Måndagen den 26 maj,93,1,2026-10-06
H109116,2013/14,116,2014-05-28,Riksdagens protokoll 2013/14:116 Onsdagen den 28 maj,138,1,2026-10-06
H109117,2013/14,117,2014-06-02,Riksdagens protokoll 2013/14:117 Måndagen den 2 juni,68,0,2026-10-06
H109118,2013/14,118,2014-06-03,Riksdagens protokoll 2013/14:118 Tisdagen den 3 juni,142,3,2026-10-06
H109119,2013/14,119,2014-06-04,Riksdagens protokoll 2013/14:119 Onsdagen den 4 juni,121,29,2026-10-06
H109120,2013/14,120,2014-06-05,Riksdagens protokoll 2013/14:120 Torsdagen den 5 juni,159,2,2026-10-06
H109121,2013/14,121,2014-06-09,Riksdagens protokoll 2013/14:121 Måndagen den 9 juni,137,1,2026-10-06
H109122,2013/14,122,2014-06-10,Riksdagens protokoll 2013/14:122 Tisdagen den 10 juni,79,0,2026-10-06
H109125,2013/14,125,2014-06-13,Riksdagens protokoll 2013/14:125 Fredagen den 13 juni,42,3,2026-10-06
H109124,2013/14,124,2014-06-12,Riksdagens protokoll 2013/14:124 Torsdagen den 12 juni,187,7,2026-10-06
H109123,2013/14,123,2014-06-11,Riksdagens protokoll 2013/14:123 Onsdagen den 11 juni,172,1,2026-10-06
H109126,2013/14,126,2014-06-16,Riksdagens protokoll 2013/14:126 Måndagen den 16 juni,105,8,2026-10-06
H109127,2013/14,127,2014-06-17,Riksdagens protokoll 2013/14:127 Tisdagen den 17 juni,140,8,2026-10-06
H109128,2013/14,128,2014-06-18,Riksdagens protokoll 2013/14:128 Onsdagen den 18 juni,204,5,2026-10-06
H109129,2013/14,129,2014-06-23,Riksdagens protokoll 2013/14:129 Måndagen den 23 juni,152,35,2026-10-06
H109130,2013/14,130,2014-06-24,Riksdagens protokoll 2013/14:130 Tisdagen den 24 juni,146,13,2026-10-06
H109131,2013/14,131,2014-06-25,Riksdagens protokoll 2013/14:131 Onsdagen den 25 juni,222,4,2026-10-06
H109133,2013/14,133,2014-06-27,Riksdagens protokoll 2013/14:133 Fredagen den 27 juni,49,0,2026-10-06
H109132,2013/14,132,2014-06-26,Riksdagens protokoll 2013/14:132 Torsdagen den 26 juni,147,3,2026-10-06
H109134,2013/14,134,2014-08-14,Riksdagens protokoll 2013/14:134 Torsdagen den 14 augusti,0,2,2026-10-06
H2092,2014/15,2,2014-09-30,Protokoll 2014/15:2 Tisdagen den 30 september,2,0,2026-10-06
H2091,2014/15,1,2014-09-29,Protokoll 2014/15:1 Måndagen den 29 september,8,0,2026-10-06
H2093,2014/15,3,2014-09-30,Protokoll 2014/15:3 Tisdagen den 30 september,1,0,2026-10-06
H2094,2014/15,4,2014-10-01,Protokoll 2014/15:4 Onsdagen den 1 oktober,0,0,2026-10-06
H2095,2014/15,5,2014-10-02,Protokoll 2014/15:5 Torsdagen den 2 oktober,8,0,2026-10-06
H2096,2014/15,6,2014-10-03,Protokoll 2014/15:6 Fredagen den 3 oktober,3,1,2026-10-06
H2097,2014/15,7,2014-10-07,Protokoll 2014/15:7 Tisdagen den 7 oktober,1,0,2026-10-06
H2098,2014/15,8,2014-10-08,Protokoll 2014/15:8 Onsdagen den 8 oktober,104,1,2026-10-06
H2099,2014/15,9,2014-10-14,Protokoll 2014/15:9 Tisdagen den 14 oktober,1,0,2026-10-06
H20910,2014/15,10,2014-10-16,Protokoll 2014/15:10 Torsdagen den 16 oktober,75,4,2026-10-06
H20912,2014/15,12,2014-10-22,Protokoll 2014/15:12 Onsdagen den 22 oktober,0,0,2026-10-06
H20911,2014/15,11,2014-10-21,Protokoll 2014/15:11 Tisdagen den 21 oktober,133,19,2026-10-06
H20913,2014/15,13,2014-10-23,Protokoll 2014/15:13 Torsdagen den 23 oktober,93,2,2026-10-06
H20914,2014/15,14,2014-10-24,Protokoll 2014/15:14 Fredagen den 24 oktober,51,0,2026-10-06
H20915,2014/15,15,2014-11-04,Protokoll 2014/15:15 Tisdagen den 4 november,107,0,2026-10-06
H20917,2014/15,17,2014-11-06,Protokoll 2014/15:17 Torsdagen den 6 november,163,8,2026-10-06
H20916,2014/15,16,2014-11-05,Protokoll 2014/15:16 Onsdagen den 5 november,26,0,2026-10-06
H20918,2014/15,18,2014-11-07,Protokoll 2014/15:18 Fredagen den 7 november,29,0,2026-10-06
H20919,2014/15,19,2014-11-11,Protokoll 2014/15:19 Tisdagen den 11 november,381,8,2026-10-06
H20921,2014/15,21,2014-11-13,Protokoll 2014/15:21 Torsdagen den 13 november,146,10,2026-10-06
H20920,2014/15,20,2014-11-12,Protokoll 2014/15:20 Onsdagen den 12 november,447,5,2026-10-06
H20922,2014/15,22,2014-11-14,Protokoll 2014/15:22 Fredagen den 14 november,67,0,2026-10-06
H20923,2014/15,23,2014-11-18,Protokoll 2014/15:23 Tisdagen den 18 november,107,0,2026-10-06
H20924,2014/15,24,2014-11-19,Protokoll 2014/15:24 Onsdagen den 19 november,22,1,2026-10-06
H20925,2014/15,25,2014-11-20,Protokoll 2014/15:25 Torsdagen den 20 november,146,5,2026-10-06
H20926,2014/15,26,2014-11-25,Protokoll 2014/15:26 Tisdagen den 25 november,50,0,2026-10-06
H20927,2014/15,27,2014-11-26,Protokoll 2014/15:27 Onsdagen den 26 november,109,1,2026-10-06
H20929,2014/15,29,2014-11-28,Protokoll 2014/15:29 Fredagen den 28 november,99,1,2026-10-06
H20928,2014/15,28,2014-11-27,Protokoll 2014/15:28 Torsdagen den 27 november,178,7,2026-10-06
H20930,2014/15,30,2014-12-02,Protokoll 2014/15:30 Tisdagen den 2 december,93,9,2026-10-06
H20932,2014/15,32,2014-12-04,Protokoll 2014/15:32 Torsdagen den 4 december,86,1,2026-10-06
H20934,2014/15,34,2014-12-08,Protokoll 2014/15:34 Måndagen den 8 december,1,1,2026-10-06
H20933,2014/15,33,2014-12-05,Protokoll 2014/15:33 Fredagen den 5 december,33,0,2026-10-06
H20931,2014/15,31,2014-12-03,Protokoll 2014/15:31 Onsdagen den 3 december,124,4,2026-10-06
H20935,2014/15,35,2014-12-10,Protokoll 2014/15:35 Onsdagen den 10 december,0,1,2026-10-06
H20936,2014/15,36,2014-12-11,Protokoll 2014/15:36 Torsdagen den 11 december,157,57,2026-10-06
H20938,2014/15,38,2014-12-15,Protokoll 2014/15:38 Måndagen den 15 december,105,7,2026-10-06
H20937,2014/15,37,2014-12-12,Protokoll 2014/15:37 Fredagen den 12 december,160,4,2026-10-06
H20939,2014/15,39,2014-12-16,Protokoll 2014/15:39 Tisdagen den 16 december,143,1,2026-10-06
H20940,2014/15,40,2014-12-17,Protokoll 2014/15:40 Onsdagen den 17 december,174,2,2026-10-06
H20943,2014/15,43,2015-01-12,Protokoll 2014/15:43 Måndagen den 12 januari,0,0,2026-10-06
H20941,2014/15,41,2014-12-18,Protokoll 2014/15:41 Torsdagen den 18 december,328,35,2026-10-06
H20942,2014/15,42,2014-12-19,Protokoll 2014/15:42 Fredagen den 19 december,161,1,2026-10-06
H20944,2014/15,44,2015-01-13,Protokoll 2014/15:44 Tisdagen den 13 januari,126,1,2026-10-06
H20945,2014/15,45,2015-01-14,Protokoll 2014/15:45 Onsdagen den 14 januari,195,7,2026-10-06
H20947,2014/15,47,2015-01-16,Protokoll 2014/15:47 Fredagen den 16 januari,9,0,2026-10-06
H20946,2014/15,46,2015-01-15,Protokoll 2014/15:46 Torsdagen den 15 januari,107,6,2026-10-06
H20949,2014/15,49,2015-01-21,Protokoll 2014/15:49 Onsdagen den 21 januari,9,0,2026-10-06
H20948,2014/15,48,2015-01-20,Protokoll 2014/15:48 Tisdagen den 20 januari,68,18,2026-10-06
H20952,2014/15,52,2015-01-28,Protokoll 2014/15:52 Onsdagen den 28 januari,13,0,2026-10-06
H20950,2014/15,50,2015-01-22,Protokoll 2014/15:50 Torsdagen den 22 januari,201,0,2026-10-06
H20951,2014/15,51,2015-01-27,Protokoll 2014/15:51 Tisdagen den 27 januari,96,7,2026-10-06
H20953,2014/15,53,2015-01-29,Protokoll 2014/15:53 Torsdagen den 29 januari,60,1,2026-10-06
H20954,2014/15,54,2015-02-03,Protokoll 2014/15:54 Tisdagen den 3 februari,48,0,2026-10-06
H20956,2014/15,56,2015-02-06,Protokoll 2014/15:56 Fredagen den 6 februari,7,1,2026-10-06
H20955,2014/15,55,2015-02-05,Protokoll 2014/15:55 Torsdagen den 5 februari,100,3,2026-10-06
H20957,2014/15,57,2015-02-10,Protokoll 2014/15:57 Tisdagen den 10 februari,159,24,2026-10-06
H20959,2014/15,59,2015-02-12,Protokoll 2014/15:59 Torsdagen den 12 februari,173,0,2026-10-06
H20958,2014/15,58,2015-02-11,Protokoll 2014/15:58 Onsdagen den 11 februari,210,0,2026-10-06
H20960,2014/15,60,2015-02-13,Protokoll 2014/15:60 Fredagen den 13 februari,43,0,2026-10-06
H20962,2014/15,62,2015-02-18,Protokoll 2014/15:62 Onsdagen den 18 februari,61,0,2026-10-06
H20961,2014/15,61,2015-02-17,Protokoll 2014/15:61 Tisdagen den 17 februari,72,11,2026-10-06
H20963,2014/15,63,2015-02-19,Protokoll 2014/15:63 Torsdagen den 19 februari,138,1,2026-10-06
H20964,2014/15,64,2015-02-20,Protokoll 2014/15:64 Fredagen den 20 februari,58,0,2026-10-06
H20965,2014/15,65,2015-03-03,Protokoll 2014/15:65 Tisdagen den 3 mars,119,0,2026-10-06
H20967,2014/15,67,2015-03-05,Protokoll 2014/15:67 Torsdagen den 5 mars,159,1,2026-10-06
H20966,2014/15,66,2015-03-04,Protokoll 2014/15:66 Onsdagen den 4 mars,191,1,2026-10-06
H20968,2014/15,68,2015-03-06,Protokoll 2014/15:68 Fredagen den 6 mars,115,0,2026-10-06
H20969,2014/15,69,2015-03-10,Protokoll 2014/15:69 Tisdagen den 10 mars,97,0,2026-10-06
H20971,2014/15,71,2015-03-12,Protokoll 2014/15:71 Torsdagen den 12 mars,147,2,2026-10-06
H20972,2014/15,72,2015-03-13,Protokoll 2014/15:72 Fredagen den 13 mars,50,3,2026-10-06
H20973,2014/15,73,2015-03-17,Protokoll 2014/15:73 Tisdagen den 17 mars,69,30,2026-10-06
H20970,2014/15,70,2015-03-11,Protokoll 2014/15:70 Onsdagen den 11 mars,182,60,2026-10-06
H20974,2014/15,74,2015-03-18,Protokoll 2014/15:74 Onsdagen den 18 mars,200,4,2026-10-06
H20975,2014/15,75,2015-03-19,Protokoll 2014/15:75 Torsdagen den 19 mars,184,11,2026-10-06
H20976,2014/15,76,2015-03-20,Protokoll 2014/15:76 Fredagen den 20 mars,170,0,2026-10-06
H20977,2014/15,77,2015-03-24,Protokoll 2014/15:77 Tisdagen den 24 mars,113,11,2026-10-06
H20979,2014/15,79,2015-03-26,Protokoll 2014/15:79 Torsdagen den 26 mars,149,6,2026-10-06
H20980,2014/15,80,2015-03-27,Protokoll 2014/15:80 Fredagen den 27 mars,45,3,2026-10-06
H20978,2014/15,78,2015-03-25,Protokoll 2014/15:78 Onsdagen den 25 mars,208,12,2026-10-06
H20981,2014/15,81,2015-04-07,Protokoll 2014/15:81 Tisdagen den 7 april,142,10,2026-10-06
H20982,2014/15,82,2015-04-08,Protokoll 2014/15:82 Onsdagen den 8 april,146,6,2026-10-06
H20983,2014/15,83,2015-04-09,Protokoll 2014/15:83 Torsdagen den 9 april,156,7,2026-10-06
H20984,2014/15,84,2015-04-10,Protokoll 2014/15:84 Fredagen den 10 april,65,7,2026-10-06
H20985,2014/15,85,2015-04-14,Protokoll 2014/15:85 Tisdagen den 14 april,63,2,2026-10-06
H20987,2014/15,87,2015-04-16,Protokoll 2014/15:87 Torsdagen den 16 april,139,2,2026-10-06
H20986,2014/15,86,2015-04-15,Protokoll 2014/15:86 Onsdagen den 15 april,211,22,2026-10-06
H20989,2014/15,89,2015-04-21,Protokoll 2014/15:89 Tisdagen den 21 april,94,5,2026-10-06
H20988,2014/15,88,2015-04-17,Protokoll 2014/15:88 Fredagen den 17 april,190,17,2026-10-06
H20990,2014/15,90,2015-04-22,Protokoll 2014/15:90 Onsdagen den 22 april,132,2,2026-10-06
H20992,2014/15,92,2015-04-24,Protokoll 2014/15:92 Fredagen den 24 april,50,2,2026-10-06
H20991,2014/15,91,2015-04-23,Protokoll 2014/15:91 Torsdagen den 23 april,129,8,2026-10-06
H20993,2014/15,93,2015-04-28,Protokoll 2014/15:93 Tisdagen den 28 april,155,5,2026-10-06
H20994,2014/15,94,2015-04-29,Protokoll 2014/15:94 Onsdagen den 29 april,104,21,2026-10-06
H20995,2014/15,95,2015-05-05,Protokoll 2014/15:95 Tisdagen den 5 maj,108,0,2026-10-06
H20996,2014/15,96,2015-05-06,Protokoll 2014/15:96 Onsdagen den 6 maj,107,2,2026-10-06
H20998,2014/15,98,2015-05-08,Protokoll 2014/15:98 Fredagen den 8 maj,69,0,2026-10-06
H20999,2014/15,99,2015-05-19,Protokoll 2014/15:99 Tisdagen den 19 maj,34,0,2026-10-06
H20997,2014/15,97,2015-05-07,Protokoll 2014/15:97 Torsdagen den 7 maj,201,10,2026-10-06
H209100,2014/15,100,2015-05-20,Protokoll 2014/15:100 Onsdagen den 20 maj,125,0,2026-10-06
H209101,2014/15,101,2015-05-21,Protokoll 2014/15:101 Torsdagen den 21 maj,96,3,2026-10-06
H209102,2014/15,102,2015-05-22,Protokoll 2014/15:102 Fredagen den 22 maj,122,14,2026-10-06
H209104,2014/15,104,2015-05-27,Protokoll 2014/15:104 Onsdagen den 27 maj,79,1,2026-10-06
H209103,2014/15,103,2015-05-26,Protokoll 2014/15:103 Tisdagen den 26 maj,106,0,2026-10-06
H209105,2014/15,105,2015-05-28,Protokoll 2014/15:105 Torsdagen den 28 maj,190,0,2026-10-06
H209106,2014/15,106,2015-05-29,Protokoll 2014/15:106 Fredagen den 29 maj,68,0,2026-10-06
H209107,2014/15,107,2015-06-02,Protokoll 2014/15:107 Tisdagen den 2 juni,109,4,2026-10-06
H209109,2014/15,109,2015-06-04,Protokoll 2014/15:109 Torsdagen den 4 juni,96,6,2026-10-06
H209108,2014/15,108,2015-06-03,Protokoll 2014/15:108 Onsdagen den 3 juni,130,2,2026-10-06
H209111,2014/15,111,2015-06-08,Protokoll 2014/15:111 Måndagen den 8 juni,76,16,2026-10-06
H209110,2014/15,110,2015-06-05,Protokoll 2014/15:110 Fredagen den 5 juni,151,11,2026-10-06
H209112,2014/15,112,2015-06-09,Protokoll 2014/15:112 Tisdagen den 9 juni,108,26,2026-10-06
H209113,2014/15,113,2015-06-10,Protokoll 2014/15:113 Onsdagen den 10 juni,148,16,2026-10-06
H209115,2014/15,115,2015-06-12,Protokoll 2014/15:115 Fredagen den 12 juni,53,0,2026-10-06
H209114,2014/15,114,2015-06-11,Protokoll 2014/15:114 Torsdagen den 11 juni,213,12,2026-10-06
H209117,2014/15,117,2015-06-16,Protokoll 2014/15:117 Tisdagen den 16 juni,120,14,2026-10-06
H209118,2014/15,118,2015-06-17,Protokoll 2014/15:118 Onsdagen den 17 juni,32,0,2026-10-06
H209116,2014/15,116,2015-06-15,Protokoll 2014/15:116 Måndagen den 15 juni,291,13,2026-10-06
H209120,2014/15,120,2015-06-23,Protokoll 2014/15:120 Tisdagen den 23 juni,95,0,2026-10-06
H209119,2014/15,119,2015-06-22,Protokoll 2014/15:119 Måndagen den 22 juni,155,8,2026-10-06
H209121,2014/15,121,2015-08-27,Protokoll 2014/15:121 Torsdagen den 27 augusti,77,8,2026-10-06
H209123,2014/15,123,2015-09-10,Protokoll 2014/15:123 Torsdagen den 10 september,42,3,2026-10-06
H3091,2015/16,1,2015-09-15,Protokoll 2015/16:1 Tisdagen den 15 september,1,0,2026-10-06
H3092,2015/16,2,2015-09-15,Protokoll 2015/16:2 Tisdagen den 15 september,4,1,2026-10-06
H209122,2014/15,122,2015-09-03,Protokoll 2014/15:122 Torsdagen den 3 september,159,6,2026-10-06
H3094,2015/16,4,2015-09-18,Protokoll 2015/16:4 Fredagen den 18 september,16,3,2026-10-06
H3093,2015/16,3,2015-09-17,Protokoll 2015/16:3 Torsdagen den 17 september,162,4,2026-10-06
H3095,2015/16,5,2015-09-21,Protokoll 2015/16:5 Måndagen den 21 september,84,9,2026-10-06
H3096,2015/16,6,2015-09-22,Protokoll 2015/16:6 Tisdagen den 22 september,82,0,2026-10-06
H3097,2015/16,7,2015-09-24,Protokoll 2015/16:7 Torsdagen den 24 september,96,2,2026-10-06
H3098,2015/16,8,2015-09-25,Protokoll 2015/16:8 Fredagen den 25 september,24,5,2026-10-06
H3099,2015/16,9,2015-09-29,Protokoll 2015/16:9 Tisdagen den 29 september,17,0,2026-10-06
H30911,2015/16,11,2015-10-02,Protokoll 2015/16:11 Fredagen den 2 oktober,23,0,2026-10-06
H30910,2015/16,10,2015-10-01,Protokoll 2015/16:10 Torsdagen den 1 oktober,101,2,2026-10-06
H30912,2015/16,12,2015-10-13,Protokoll 2015/16:12 Tisdagen den 13 oktober,40,0,2026-10-06
H30915,2015/16,15,2015-10-16,Protokoll 2015/16:15 Fredagen den 16 oktober,7,0,2026-10-06
H30913,2015/16,13,2015-10-14,Protokoll 2015/16:13 Onsdagen den 14 oktober,155,17,2026-10-06
H30914,2015/16,14,2015-10-15,Protokoll 2015/16:14 Torsdagen den 15 oktober,105,10,2026-10-06
H30916,2015/16,16,2015-10-20,Protokoll 2015/16:16 Tisdagen den 20 oktober,130,4,2026-10-06
H30917,2015/16,17,2015-10-21,Protokoll 2015/16:17 Onsdagen den 21 oktober,22,0,2026-10-06
H30918,2015/16,18,2015-10-22,Protokoll 2015/16:18 Torsdagen den 22 oktober,67,4,2026-10-06
H30919,2015/16,19,2015-10-23,Protokoll 2015/16:19 Fredagen den 23 oktober,37,9,2026-10-06
H30920,2015/16,20,2015-11-03,Protokoll 2015/16:20 Tisdagen den 3 november,58,3,2026-10-06
H30921,2015/16,21,2015-11-04,Protokoll 2015/16:21 Onsdagen den 4 november,65,33,2026-10-06
H30922,2015/16,22,2015-11-05,Protokoll 2015/16:22 Torsdagen den 5 november,97,13,2026-10-06
H30923,2015/16,23,2015-11-06,Protokoll 2015/16:23 Fredagen den 6 november,27,0,2026-10-06
H30925,2015/16,25,2015-11-11,Protokoll 2015/16:25 Onsdagen den 11 november,91,4,2026-10-06
H30924,2015/16,24,2015-11-10,Protokoll 2015/16:24 Tisdagen den 10 november,98,3,2026-10-06
H30926,2015/16,26,2015-11-12,Protokoll 2015/16:26 Torsdagen den 12 november,184,5,2026-10-06
H30927,2015/16,27,2015-11-13,Protokoll 2015/16:27 Fredagen den 13 november,43,0,2026-10-06
H30930,2015/16,30,2015-11-19,Protokoll 2015/16:30 Torsdagen den 19 november,138,1,2026-10-06
H30929,2015/16,29,2015-11-18,Protokoll 2015/16:29 Onsdagen den 18 november,108,5,2026-10-06
H30928,2015/16,28,2015-11-17,Protokoll 2015/16:28 Tisdagen den 17 november,134,1,2026-10-06
H30931,2015/16,31,2015-11-20,Protokoll 2015/16:31 Fredagen den 20 november,63,2,2026-10-06
H30932,2015/16,32,2015-11-24,Protokoll 2015/16:32 Tisdagen den 24 november,98,5,2026-10-06
H30934,2015/16,34,2015-11-26,Protokoll 2015/16:34 Torsdagen den 26 november,68,0,2026-10-06
H30933,2015/16,33,2015-11-25,Protokoll 2015/16:33 Onsdagen den 25 november,127,13,2026-10-06
H30936,2015/16,36,2015-12-01,Protokoll 2015/16:36 Tisdagen den 1 december,80,3,2026-10-06
H30935,2015/16,35,2015-11-27,Protokoll 2015/16:35 Fredagen den 27 november,106,4,2026-10-06
H30938,2015/16,38,2015-12-03,Protokoll 2015/16:38 Torsdagen den 3 december,147,7,2026-10-06
H30939,2015/16,39,2015-12-04,Protokoll 2015/16:39 Fredagen den 4 december,20,0,2026-10-06
H30937,2015/16,37,2015-12-02,Protokoll 2015/16:37 Onsdagen den 2 december,210,13,2026-10-06
H30941,2015/16,41,2015-12-08,Protokoll 2015/16:41 Tisdagen den 8 december,61,1,2026-10-06
H30940,2015/16,40,2015-12-07,Protokoll 2015/16:40 Måndagen den 7 december,234,102,2026-10-06
H30943,2015/16,43,2015-12-10,Protokoll 2015/16:43 Torsdagen den 10 december,219,11,2026-10-06
H30942,2015/16,42,2015-12-09,Protokoll 2015/16:42 Onsdagen den 9 december,229,4,2026-10-06
H30944,2015/16,44,2015-12-11,Protokoll 2015/16:44 Fredagen den 11 december,129,2,2026-10-06
H30945,2015/16,45,2015-12-14,Protokoll 2015/16:45 Måndagen den 14 december,254,3,2026-10-06
H30946,2015/16,46,2015-12-15,Protokoll 2015/16:46 Tisdagen den 15 december,217,3,2026-10-06
H30948,2015/16,48,2015-12-17,Protokoll 2015/16:48 Torsdagen den 17 december,166,3,2026-10-06
H30947,2015/16,47,2015-12-16,Protokoll 2015/16:47 Onsdagen den 16 december,285,1,2026-10-06
H30949,2015/16,49,2015-12-18,Protokoll 2015/16:49 Fredagen den 18 december,103,1,2026-10-06
H30950,2015/16,50,2016-01-12,Protokoll 2015/16:50 Tisdagen den 12 januari,63,2,2026-10-06
H30952,2015/16,52,2016-01-14,Protokoll 2015/16:52 Torsdagen den 14 januari,155,4,2026-10-06
H30951,2015/16,51,2016-01-13,Protokoll 2015/16:51 Onsdagen den 13 januari,145,17,2026-10-06
H30953,2015/16,53,2016-01-15,Protokoll 2015/16:53 Fredagen den 15 januari,42,0,2026-10-06
H30954,2015/16,54,2016-01-19,Protokoll 2015/16:54 Tisdagen den 19 januari,37,1,2026-10-06
H30955,2015/16,55,2016-01-20,Protokoll 2015/16:55 Onsdagen den 20 januari,27,1,2026-10-06
H30956,2015/16,56,2016-01-21,Protokoll 2015/16:56 Torsdagen den 21 januari,145,3,2026-10-06
H30957,2015/16,57,2016-01-22,Protokoll 2015/16:57 Fredagen den 22 januari,26,0,2026-10-06
H30958,2015/16,58,2016-01-26,Protokoll 2015/16:58 Tisdagen den 26 januari,122,0,2026-10-06
H30960,2015/16,60,2016-01-28,Protokoll 2015/16:60 Torsdagen den 28 januari,79,4,2026-10-06
H30959,2015/16,59,2016-01-27,Protokoll 2015/16:59 Onsdagen den 27 januari,80,14,2026-10-06
H30961,2015/16,61,2016-02-02,Protokoll 2015/16:61 Tisdagen den 2 februari,81,0,2026-10-06
H30963,2015/16,63,2016-02-04,Protokoll 2015/16:63 Torsdagen den 4 februari,120,14,2026-10-06
H30962,2015/16,62,2016-02-03,Protokoll 2015/16:62 Onsdagen den 3 februari,155,2,2026-10-06
H30964,2015/16,64,2016-02-09,Protokoll 2015/16:64 Tisdagen den 9 februari,68,0,2026-10-06
H30965,2015/16,65,2016-02-10,Protokoll 2015/16:65 Onsdagen den 10 februari,126,1,2026-10-06
H30967,2015/16,67,2016-02-12,Protokoll 2015/16:67 Fredagen den 12 februari,28,2,2026-10-06
H30966,2015/16,66,2016-02-11,Protokoll 2015/16:66 Torsdagen den 11 februari,193,1,2026-10-06
H30968,2015/16,68,2016-02-23,Protokoll 2015/16:68 Tisdagen den 23 februari,178,0,2026-10-06
H30969,2015/16,69,2016-02-24,Protokoll 2015/16:69 Onsdagen den 24 februari,132,1,2026-10-06
H30970,2015/16,70,2016-02-25,Protokoll 2015/16:70 Torsdagen den 25 februari,258,6,2026-10-06
H30971,2015/16,71,2016-02-26,Protokoll 2015/16:71 Fredagen den 26 februari,40,0,2026-10-06
H30972,2015/16,72,2016-03-01,Protokoll 2015/16:72 Tisdagen den 1 mars,182,7,2026-10-06
H30974,2015/16,74,2016-03-03,Protokoll 2015/16:74 Torsdagen den 3 mars,223,45,2026-10-06
H30975,2015/16,75,2016-03-04,Protokoll 2015/16:75 Fredagen den 4 mars,30,1,2026-10-06
H30973,2015/16,73,2016-03-02,Protokoll 2015/16:73 Onsdagen den 2 mars,194,2,2026-10-06
H30976,2015/16,76,2016-03-08,Protokoll 2015/16:76 Tisdagen den 8 mars,107,1,2026-10-06
H30978,2015/16,78,2016-03-10,Protokoll 2015/16:78 Torsdagen den 10 mars,105,0,2026-10-06
H30979,2015/16,79,2016-03-11,Protokoll 2015/16:79 Fredagen den 11 mars,65,0,2026-10-06
H30977,2015/16,77,2016-03-09,Protokoll 2015/16:77 Onsdagen den 9 mars,120,2,2026-10-06
H30980,2015/16,80,2016-03-15,Protokoll 2015/16:80 Tisdagen den 15 mars,138,26,2026-10-06
H30982,2015/16,82,2016-03-17,Protokoll 2015/16:82 Torsdagen den 17 mars,204,1,2026-10-06
H30983,2015/16,83,2016-03-18,Protokoll 2015/16:83 Fredagen den 18 mars,65,1,2026-10-06
H30981,2015/16,81,2016-03-16,Protokoll 2015/16:81 Onsdagen den 16 mars,194,9,2026-10-06
H30984,2015/16,84,2016-03-22,Protokoll 2015/16:84 Tisdagen den 22 mars,132,3,2026-10-06
H30986,2015/16,86,2016-04-05,Protokoll 2015/16:86 Tisdagen den 5 april,142,1,2026-10-06
H30985,2015/16,85,2016-03-23,Protokoll 2015/16:85 Onsdagen den 23 mars,187,44,2026-10-06
H30987,2015/16,87,2016-04-06,Protokoll 2015/16:87 Onsdagen den 6 april,151,2,2026-10-06
H30989,2015/16,89,2016-04-08,Protokoll 2015/16:89 Fredagen den 8 april,44,10,2026-10-06
H30988,2015/16,88,2016-04-07,Protokoll 2015/16:88 Torsdagen den 7 april,184,12,2026-10-06
H30990,2015/16,90,2016-04-12,Protokoll 2015/16:90 Tisdagen den 12 april,121,16,2026-10-06
H30991,2015/16,91,2016-04-13,Protokoll 2015/16:91 Onsdagen den 13 april,142,11,2026-10-06
H30992,2015/16,92,2016-04-14,Protokoll 2015/16:92 Torsdagen den 14 april,182,0,2026-10-06
H30993,2015/16,93,2016-04-15,Protokoll 2015/16:93 Fredagen den 15 april,48,0,2026-10-06
H30994,2015/16,94,2016-04-19,Protokoll 2015/16:94 Tisdagen den 19 april,53,1,2026-10-06
H30997,2015/16,97,2016-04-22,Protokoll 2015/16:97 Fredagen den 22 april,61,1,2026-10-06
H30996,2015/16,96,2016-04-21,Protokoll 2015/16:96 Torsdagen den 21 april,171,1,2026-10-06
H30995,2015/16,95,2016-04-20,Protokoll 2015/16:95 Onsdagen den 20 april,181,2,2026-10-06
H30998,2015/16,98,2016-04-26,Protokoll 2015/16:98 Tisdagen den 26 april,106,1,2026-10-06
H309100,2015/16,100,2016-04-28,Protokoll 2015/16:100 Torsdagen den 28 april,140,0,2026-10-06
H30999,2015/16,99,2016-04-27,Protokoll 2015/16:99 Onsdagen den 27 april,68,1,2026-10-06
H309101,2015/16,101,2016-04-29,Protokoll 2015/16:101 Fredagen den 29 april,82,2,2026-10-06
H309102,2015/16,102,2016-05-10,Protokoll 2015/16:102 Tisdagen den 10 maj,102,5,2026-10-06
H309104,2015/16,104,2016-05-12,Protokoll 2015/16:104 Torsdagen den 12 maj,180,6,2026-10-06
H309105,2015/16,105,2016-05-13,Protokoll 2015/16:105 Fredagen den 13 maj,36,0,2026-10-06
H309103,2015/16,103,2016-05-11,Protokoll 2015/16:103 Onsdagen den 11 maj,175,7,2026-10-06
H309107,2015/16,107,2016-05-18,Protokoll 2015/16:107 Onsdagen den 18 maj,94,0,2026-10-06
H309106,2015/16,106,2016-05-17,Protokoll 2015/16:106 Tisdagen den 17 maj,143,16,2026-10-06
H309108,2015/16,108,2016-05-19,Protokoll 2015/16:108 Torsdagen den 19 maj,217,1,2026-10-06
H309109,2015/16,109,2016-05-20,Protokoll 2015/16:109 Fredagen den 20 maj,14,4,2026-10-06
H309110,2015/16,110,2016-05-24,Protokoll 2015/16:110 Tisdagen den 24 maj,132,0,2026-10-06
H309111,2015/16,111,2016-05-25,Protokoll 2015/16:111 Onsdagen den 25 maj,139,0,2026-10-06
H309113,2015/16,113,2016-05-27,Protokoll 2015/16:113 Fredagen den 27 maj,38,7,2026-10-06
H309112,2015/16,112,2016-05-26,Protokoll 2015/16:112 Torsdagen den 26 maj,169,5,2026-10-06
H309114,2015/16,114,2016-06-07,Protokoll 2015/16:114 Tisdagen den 7 juni,134,1,2026-10-06
H309117,2015/16,117,2016-06-10,Protokoll 2015/16:117 Fredagen den 10 juni,17,0,2026-10-06
H309115,2015/16,115,2016-06-08,Protokoll 2015/16:115 Onsdagen den 8 juni,140,1,2026-10-06
H309116,2015/16,116,2016-06-09,Protokoll 2015/16:116 Torsdagen den 9 juni,238,3,2026-10-06
H309118,2015/16,118,2016-06-13,Protokoll 2015/16:118 Måndagen den 13 juni,69,1,2026-10-06
H309119,2015/16,119,2016-06-14,Protokoll 2015/16:119 Tisdagen den 14 juni,135,10,2026-10-06
H309120,2015/16,120,2016-06-15,Protokoll 2015/16:120 Onsdagen den 15 juni,271,7,2026-10-06
H309121,2015/16,121,2016-06-16,Protokoll 2015/16:121 Torsdagen den 16 juni,173,0,2026-10-06
H309122,2015/16,122,2016-06-17,Protokoll 2015/16:122 Fredagen den 17 juni,138,13,2026-10-06
H309123,2015/16,123,2016-06-20,Protokoll 2015/16:123 Måndagen den 20 juni,165,3,2026-10-06
H309125,2015/16,125,2016-06-22,Protokoll 2015/16:125 Onsdagen den 22 juni,14,1,2026-10-06
H309124,2015/16,124,2016-06-21,Protokoll 2015/16:124 Tisdagen den 21 juni,93,15,2026-10-06
H309126,2015/16,126,2016-06-27,Protokoll 2015/16:126 Måndagen den 27 juni,36,0,2026-10-06
H309127,2015/16,127,2016-06-28,Protokoll 2015/16:127 Tisdagen den 28 juni,96,23,2026-10-06
H309128,2015/16,128,2016-08-25,Protokoll 2015/16:128 Torsdagen den 25 augusti,28,0,2026-10-06
H4091,2016/17,1,2016-09-13,Protokoll 2016/17:1 Tisdagen den 13 september,1,0,2026-10-06
H309130,2015/16,130,2016-09-08,Protokoll 2015/16:130 Torsdagen den 8 september,72,1,2026-10-06
H309129,2015/16,129,2016-09-01,Protokoll 2015/16:129 Torsdagen den 1 september,96,4,2026-10-06
H4092,2016/17,2,2016-09-13,Protokoll 2016/17:2 Tisdagen den 13 september,4,1,2026-10-06
H4093,2016/17,3,2016-09-15,Protokoll 2016/17:3 Torsdagen den 15 september,161,9,2026-10-06
H4094,2016/17,4,2016-09-16,Protokoll 2016/17:4 Fredagen den 16 september,22,0,2026-10-06
H4095,2016/17,5,2016-09-20,Protokoll 2016/17:5 Tisdagen den 20 september,89,5,2026-10-06
H4096,2016/17,6,2016-09-21,Protokoll 2016/17:6 Onsdagen den 21 september,0,0,2026-10-06
H4097,2016/17,7,2016-09-22,Protokoll 2016/17:7 Torsdagen den 22 september,135,5,2026-10-06
H4099,2016/17,9,2016-09-27,Protokoll 2016/17:9 Tisdagen den 27 september,57,13,2026-10-06
H4098,2016/17,8,2016-09-23,Protokoll 2016/17:8 Fredagen den 23 september,16,1,2026-10-06
H40910,2016/17,10,2016-09-28,Protokoll 2016/17:10 Onsdagen den 28 september,64,0,2026-10-06
H40912,2016/17,12,2016-10-11,Protokoll 2016/17:12 Tisdagen den 11 oktober,61,9,2026-10-06
H40911,2016/17,11,2016-09-29,Protokoll 2016/17:11 Torsdagen den 29 september,213,11,2026-10-06
H40913,2016/17,13,2016-10-12,Protokoll 2016/17:13 Onsdagen den 12 oktober,144,9,2026-10-06
H40915,2016/17,15,2016-10-14,Protokoll 2016/17:15 Fredagen den 14 oktober,14,0,2026-10-06
H40914,2016/17,14,2016-10-13,Protokoll 2016/17:14 Torsdagen den 13 oktober,128,0,2026-10-06
H40917,2016/17,17,2016-10-19,Protokoll 2016/17:17 Onsdagen den 19 oktober,0,0,2026-10-06
H40916,2016/17,16,2016-10-18,Protokoll 2016/17:16 Tisdagen den 18 oktober,33,0,2026-10-06
H40918,2016/17,18,2016-10-20,Protokoll 2016/17:18 Torsdagen den 20 oktober,169,1,2026-10-06
H40919,2016/17,19,2016-10-21,Protokoll 2016/17:19 Fredagen den 21 oktober,65,2,2026-10-06
H40920,2016/17,20,2016-10-25,Protokoll 2016/17:20 Tisdagen den 25 oktober,28,0,2026-10-06
H40921,2016/17,21,2016-10-26,Protokoll 2016/17:21 Onsdagen den 26 oktober,103,9,2026-10-06
H40923,2016/17,23,2016-10-28,Protokoll 2016/17:23 Fredagen den 28 oktober,50,0,2026-10-06
H40922,2016/17,22,2016-10-27,Protokoll 2016/17:22 Torsdagen den 27 oktober,181,7,2026-10-06
H40924,2016/17,24,2016-11-08,Protokoll 2016/17:24 Tisdagen den 8 november,46,0,2026-10-06
H40925,2016/17,25,2016-11-09,Protokoll 2016/17:25 Onsdagen den 9 november,46,4,2026-10-06
H40926,2016/17,26,2016-11-10,Protokoll 2016/17:26 Torsdagen den 10 november,184,6,2026-10-06
H40927,2016/17,27,2016-11-11,Protokoll 2016/17:27 Fredagen den 11 november,33,0,2026-10-06
H40928,2016/17,28,2016-11-15,Protokoll 2016/17:28 Tisdagen den 15 november,105,4,2026-10-06
H40929,2016/17,29,2016-11-16,Protokoll 2016/17:29 Onsdagen den 16 november,72,0,2026-10-06
H40930,2016/17,30,2016-11-17,Protokoll 2016/17:30 Torsdagen den 17 november,89,2,2026-10-06
H40931,2016/17,31,2016-11-18,Protokoll 2016/17:31 Fredagen den 18 november,7,1,2026-10-06
H40932,2016/17,32,2016-11-22,Protokoll 2016/17:32 Tisdagen den 22 november,48,8,2026-10-06
H40934,2016/17,34,2016-11-24,Protokoll 2016/17:34 Torsdagen den 24 november,185,1,2026-10-06
H40933,2016/17,33,2016-11-23,Protokoll 2016/17:33 Onsdagen den 23 november,163,14,2026-10-06
H40935,2016/17,35,2016-11-25,Protokoll 2016/17:35 Fredagen den 25 november,54,9,2026-10-06
H40936,2016/17,36,2016-11-29,Protokoll 2016/17:36 Tisdagen den 29 november,56,7,2026-10-06
H40939,2016/17,39,2016-12-02,Protokoll 2016/17:39 Fredagen den 2 december,7,0,2026-10-06
H40938,2016/17,38,2016-12-01,Protokoll 2016/17:38 Torsdagen den 1 december,207,16,2026-10-06
H40937,2016/17,37,2016-11-30,Protokoll 2016/17:37 Onsdagen den 30 november,216,105,2026-10-06
H40940,2016/17,40,2016-12-06,Protokoll 2016/17:40 Tisdagen den 6 december,68,1,2026-10-06
H40941,2016/17,41,2016-12-07,Protokoll 2016/17:41 Onsdagen den 7 december,248,19,2026-10-06
H40943,2016/17,43,2016-12-09,Protokoll 2016/17:43 Fredagen den 9 december,115,7,2026-10-06
H40942,2016/17,42,2016-12-08,Protokoll 2016/17:42 Torsdagen den 8 december,229,0,2026-10-06
H40944,2016/17,44,2016-12-12,Protokoll 2016/17:44 Måndagen den 12 december,185,9,2026-10-06
H40945,2016/17,45,2016-12-13,Protokoll 2016/17:45 Tisdagen den 13 december,168,0,2026-10-06
H40946,2016/17,46,2016-12-14,Protokoll 2016/17:46 Onsdagen den 14 december,287,15,2026-10-06
H40948,2016/17,48,2016-12-16,Protokoll 2016/17:48 Fredagen den 16 december,141,19,2026-10-06
H40947,2016/17,47,2016-12-15,Protokoll 2016/17:47 Torsdagen den 15 december,275,8,2026-10-06
H40949,2016/17,49,2016-12-19,Protokoll 2016/17:49 Måndagen den 19 december,53,0,2026-10-06
H40950,2016/17,50,2016-12-20,Protokoll 2016/17:50 Tisdagen den 20 december,105,3,2026-10-06
H40951,2016/17,51,2017-01-10,Protokoll 2016/17:51 Tisdagen den 10 januari,54,0,2026-10-06
H40954,2016/17,54,2017-01-13,Protokoll 2016/17:54 Fredagen den 13 januari,7,2,2026-10-06
H40952,2016/17,52,2017-01-11,Protokoll 2016/17:52 Onsdagen den 11 januari,154,3,2026-10-06
H40953,2016/17,53,2017-01-12,Protokoll 2016/17:53 Torsdagen den 12 januari,160,13,2026-10-06
H40957,2016/17,57,2017-01-19,Protokoll 2016/17:57 Torsdagen den 19 januari,112,0,2026-10-06
H40955,2016/17,55,2017-01-17,Protokoll 2016/17:55 Tisdagen den 17 januari,39,0,2026-10-06
H40956,2016/17,56,2017-01-18,Protokoll 2016/17:56 Onsdagen den 18 januari,158,0,2026-10-06
H40958,2016/17,58,2017-01-20,Protokoll 2016/17:58 Fredagen den 20 januari,82,7,2026-10-06
H40959,2016/17,59,2017-01-24,Protokoll 2016/17:59 Tisdagen den 24 januari,15,0,2026-10-06
H40960,2016/17,60,2017-01-25,Protokoll 2016/17:60 Onsdagen den 25 januari,53,0,2026-10-06
H40961,2016/17,61,2017-01-26,Protokoll 2016/17:61 Torsdagen den 26 januari,121,9,2026-10-06
H40962,2016/17,62,2017-01-27,Protokoll 2016/17:62 Fredagen den 27 januari,44,0,2026-10-06
H40963,2016/17,63,2017-01-31,Protokoll 2016/17:63 Tisdagen den 31 januari,31,0,2026-10-06
H40964,2016/17,64,2017-02-01,Protokoll 2016/17:64 Onsdagen den 1 februari,45,0,2026-10-06
H40965,2016/17,65,2017-02-02,Protokoll 2016/17:65 Torsdagen den 2 februari,107,0,2026-10-06
H40966,2016/17,66,2017-02-03,Protokoll 2016/17:66 Fredagen den 3 februari,16,0,2026-10-06
H40967,2016/17,67,2017-02-14,Protokoll 2016/17:67 Tisdagen den 14 februari,117,4,2026-10-06
H40968,2016/17,68,2017-02-15,Protokoll 2016/17:68 Onsdagen den 15 februari,178,0,2026-10-06
H40969,2016/17,69,2017-02-16,Protokoll 2016/17:69 Torsdagen den 16 februari,152,4,2026-10-06
H40970,2016/17,70,2017-02-17,Protokoll 2016/17:70 Fredagen den 17 februari,37,0,2026-10-06
H40971,2016/17,71,2017-02-21,Protokoll 2016/17:71 Tisdagen den 21 februari,120,7,2026-10-06
H40973,2016/17,73,2017-02-23,Protokoll 2016/17:73 Torsdagen den 23 februari,192,0,2026-10-06
H40972,2016/17,72,2017-02-22,Protokoll 2016/17:72 Onsdagen den 22 februari,139,2,2026-10-06
H40974,2016/17,74,2017-02-24,Protokoll 2016/17:74 Fredagen den 24 februari,108,6,2026-10-06
H40975,2016/17,75,2017-02-28,Protokoll 2016/17:75 Tisdagen den 28 februari,46,0,2026-10-06
H40978,2016/17,78,2017-03-03,Protokoll 2016/17:78 Fredagen den 3 mars,23,0,2026-10-06
H40977,2016/17,77,2017-03-02,Protokoll 2016/17:77 Torsdagen den 2 mars,210,1,2026-10-06
H40979,2016/17,79,2017-03-14,Protokoll 2016/17:79 Tisdagen den 14 mars,108,1,2026-10-06
H40976,2016/17,76,2017-03-01,Protokoll 2016/17:76 Onsdagen den 1 mars,191,12,2026-10-06
H40980,2016/17,80,2017-03-15,Protokoll 2016/17:80 Onsdagen den 15 mars,121,6,2026-10-06
H40982,2016/17,82,2017-03-17,Protokoll 2016/17:82 Fredagen den 17 mars,55,1,2026-10-06
H40981,2016/17,81,2017-03-16,Protokoll 2016/17:81 Torsdagen den 16 mars,221,3,2026-10-06
H40983,2016/17,83,2017-03-21,Protokoll 2016/17:83 Tisdagen den 21 mars,108,4,2026-10-06
H40984,2016/17,84,2017-03-22,Protokoll 2016/17:84 Onsdagen den 22 mars,80,1,2026-10-06
H40986,2016/17,86,2017-03-24,Protokoll 2016/17:86 Fredagen den 24 mars,14,0,2026-10-06
H40985,2016/17,85,2017-03-23,Protokoll 2016/17:85 Torsdagen den 23 mars,170,3,2026-10-06
H40987,2016/17,87,2017-03-28,Protokoll 2016/17:87 Tisdagen den 28 mars,59,2,2026-10-06
H40988,2016/17,88,2017-03-29,Protokoll 2016/17:88 Onsdagen den 29 mars,162,1,2026-10-06
H40990,2016/17,90,2017-03-31,Protokoll 2016/17:90 Fredagen den 31 mars,30,2,2026-10-06
H40989,2016/17,89,2017-03-30,Protokoll 2016/17:89 Torsdagen den 30 mars,111,1,2026-10-06
H40991,2016/17,91,2017-04-04,Protokoll 2016/17:91 Tisdagen den 4 april,89,0,2026-10-06
H40994,2016/17,94,2017-04-07,Protokoll 2016/17:94 Fredagen den 7 april,14,0,2026-10-06
H40993,2016/17,93,2017-04-06,Protokoll 2016/17:93 Torsdagen den 6 april,201,16,2026-10-06
H40992,2016/17,92,2017-04-05,Protokoll 2016/17:92 Onsdagen den 5 april,212,16,2026-10-06
H40995,2016/17,95,2017-04-18,Protokoll 2016/17:95 Tisdagen den 18 april,88,9,2026-10-06
H40998,2016/17,98,2017-04-21,Protokoll 2016/17:98 Fredagen den 21 april,53,4,2026-10-06
H40997,2016/17,97,2017-04-20,Protokoll 2016/17:97 Torsdagen den 20 april,162,2,2026-10-06
H40996,2016/17,96,2017-04-19,Protokoll 2016/17:96 Onsdagen den 19 april,142,4,2026-10-06
H40999,2016/17,99,2017-04-25,Protokoll 2016/17:99 Tisdagen den 25 april,79,0,2026-10-06
H409100,2016/17,100,2017-04-26,Protokoll 2016/17:100 Onsdagen den 26 april,129,40,2026-10-06
H409102,2016/17,102,2017-04-28,Protokoll 2016/17:102 Fredagen den 28 april,40,0,2026-10-06
H409101,2016/17,101,2017-04-27,Protokoll 2016/17:101 Torsdagen den 27 april,255,5,2026-10-06
H409103,2016/17,103,2017-05-02,Protokoll 2016/17:103 Tisdagen den 2 maj,157,7,2026-10-06
H409104,2016/17,104,2017-05-03,Protokoll 2016/17:104 Onsdagen den 3 maj,104,1,2026-10-06
H409106,2016/17,106,2017-05-05,Protokoll 2016/17:106 Fredagen den 5 maj,42,0,2026-10-06
H409105,2016/17,105,2017-05-04,Protokoll 2016/17:105 Torsdagen den 4 maj,190,5,2026-10-06
H409107,2016/17,107,2017-05-09,Protokoll 2016/17:107 Tisdagen den 9 maj,116,5,2026-10-06
H409109,2016/17,109,2017-05-11,Protokoll 2016/17:109 Torsdagen den 11 maj,138,0,2026-10-06
H409110,2016/17,110,2017-05-12,Protokoll 2016/17:110 Fredagen den 12 maj,49,1,2026-10-06
H409111,2016/17,111,2017-05-16,Protokoll 2016/17:111 Tisdagen den 16 maj,34,0,2026-10-06
H409108,2016/17,108,2017-05-10,Protokoll 2016/17:108 Onsdagen den 10 maj,110,1,2026-10-06
H409112,2016/17,112,2017-05-17,Protokoll 2016/17:112 Onsdagen den 17 maj,82,46,2026-10-06
H409115,2016/17,115,2017-05-29,Protokoll 2016/17:115 Måndagen den 29 maj,19,0,2026-10-06
H409113,2016/17,113,2017-05-18,Protokoll 2016/17:113 Torsdagen den 18 maj,123,2,2026-10-06
H409114,2016/17,114,2017-05-19,Protokoll 2016/17:114 Fredagen den 19 maj,40,0,2026-10-06
H409116,2016/17,116,2017-05-30,Protokoll 2016/17:116 Tisdagen den 30 maj,154,3,2026-10-06
H409117,2016/17,117,2017-05-31,Protokoll 2016/17:117 Onsdagen den 31 maj,119,4,2026-10-06
H409118,2016/17,118,2017-06-01,Protokoll 2016/17:118 Torsdagen den 1 juni,187,3,2026-10-06
H409119,2016/17,119,2017-06-02,Protokoll 2016/17:119 Fredagen den 2 juni,56,5,2026-10-06
H409120,2016/17,120,2017-06-07,Protokoll 2016/17:120 Onsdagen den 7 juni,71,0,2026-10-06
H409121,2016/17,121,2017-06-08,Protokoll 2016/17:121 Torsdagen den 8 juni,179,0,2026-10-06
H409122,2016/17,122,2017-06-09,Protokoll 2016/17:122 Fredagen den 9 juni,28,5,2026-10-06
H409123,2016/17,123,2017-06-12,Protokoll 2016/17:123 Måndagen den 12 juni,56,0,2026-10-06
H409124,2016/17,124,2017-06-13,Protokoll 2016/17:124 Tisdagen den 13 juni,106,4,2026-10-06
H409126,2016/17,126,2017-06-15,Protokoll 2016/17:126 Torsdagen den 15 juni,236,18,2026-10-06
H409127,2016/17,127,2017-06-16,Protokoll 2016/17:127 Fredagen den 16 juni,31,0,2026-10-06
H409125,2016/17,125,2017-06-14,Protokoll 2016/17:125 Onsdagen den 14 juni,261,4,2026-10-06
H409130,2016/17,130,2017-06-21,Protokoll 2016/17:130 Onsdagen den 21 juni,54,6,2026-10-06
H409128,2016/17,128,2017-06-19,Protokoll 2016/17:128 Måndagen den 19 juni,130,0,2026-10-06
H409129,2016/17,129,2017-06-20,Protokoll 2016/17:129 Tisdagen den 20 juni,129,1,2026-10-06
H409131,2016/17,131,2017-06-26,Protokoll 2016/17:131 Måndagen den 26 juni,35,0,2026-10-06
H409132,2016/17,132,2017-06-27,Protokoll 2016/17:132 Tisdagen den 27 juni,77,1,2026-10-06
H409134,2016/17,134,2017-09-07,Protokoll 2016/17:134 Torsdagen den 7 september,14,0,2026-10-06
H409133,2016/17,133,2017-08-31,Protokoll 2016/17:133 Torsdagen den 31 augusti,97,21,2026-10-06
H5091,2017/18,1,2017-09-12,Protokoll 2017/18:1 Tisdagen den 12 september,1,0,2026-10-06
H5092,2017/18,2,2017-09-12,Protokoll 2017/18:2 Tisdagen den 12 september,4,1,2026-10-06
H5093,2017/18,3,2017-09-13,Protokoll 2017/18:3 Onsdagen den 13 september,28,0,2026-10-06
H5094,2017/18,4,2017-09-14,Protokoll 2017/18:4 Torsdagen den 14 september,191,6,2026-10-06
H5095,2017/18,5,2017-09-15,Protokoll 2017/18:5 Fredagen den 15 september,77,0,2026-10-06
H5096,2017/18,6,2017-09-19,Protokoll 2017/18:6 Tisdagen den 19 september,51,2,2026-10-06
H5097,2017/18,7,2017-09-20,Protokoll 2017/18:7 Onsdagen den 20 september,96,2,2026-10-06
H5098,2017/18,8,2017-09-21,Protokoll 2017/18:8 Torsdagen den 21 september,141,3,2026-10-06
H5099,2017/18,9,2017-09-22,Protokoll 2017/18:9 Fredagen den 22 september,7,0,2026-10-06
H50910,2017/18,10,2017-09-26,Protokoll 2017/18:10 Tisdagen den 26 september,45,0,2026-10-06
H50911,2017/18,11,2017-09-27,Protokoll 2017/18:11 Onsdagen den 27 september,34,0,2026-10-06
H50912,2017/18,12,2017-09-28,Protokoll 2017/18:12 Torsdagen den 28 september,129,8,2026-10-06
H50913,2017/18,13,2017-09-29,Protokoll 2017/18:13 Fredagen den 29 september,21,0,2026-10-06
H50914,2017/18,14,2017-10-10,Protokoll 2017/18:14 Tisdagen den 10 oktober,15,0,2026-10-06
H50915,2017/18,15,2017-10-11,Protokoll 2017/18:15 Onsdagen den 11 oktober,137,3,2026-10-06
H50916,2017/18,16,2017-10-12,Protokoll 2017/18:16 Torsdagen den 12 oktober,80,0,2026-10-06
H50917,2017/18,17,2017-10-13,Protokoll 2017/18:17 Fredagen den 13 oktober,9,0,2026-10-06
H50918,2017/18,18,2017-10-17,Protokoll 2017/18:18 Tisdagen den 17 oktober,62,2,2026-10-06
H50919,2017/18,19,2017-10-18,Protokoll 2017/18:19 Onsdagen den 18 oktober,17,0,2026-10-06
H50920,2017/18,20,2017-10-19,Protokoll 2017/18:20 Torsdagen den 19 oktober,139,0,2026-10-06
H50921,2017/18,21,2017-10-20,Protokoll 2017/18:21 Fredagen den 20 oktober,28,0,2026-10-06
H50922,2017/18,22,2017-10-24,Protokoll 2017/18:22 Tisdagen den 24 oktober,99,3,2026-10-06
H50923,2017/18,23,2017-10-25,Protokoll 2017/18:23 Onsdagen den 25 oktober,62,4,2026-10-06
H50924,2017/18,24,2017-10-26,Protokoll 2017/18:24 Torsdagen den 26 oktober,116,2,2026-10-06
H50925,2017/18,25,2017-10-27,Protokoll 2017/18:25 Fredagen den 27 oktober,45,0,2026-10-06
H50926,2017/18,26,2017-11-07,Protokoll 2017/18:26 Tisdagen den 7 november,80,1,2026-10-06
H50928,2017/18,28,2017-11-09,Protokoll 2017/18:28 Torsdagen den 9 november,148,2,2026-10-06
H50929,2017/18,29,2017-11-10,Protokoll 2017/18:29 Fredagen den 10 november,23,0,2026-10-06
H50927,2017/18,27,2017-11-08,Protokoll 2017/18:27 Onsdagen den 8 november,118,1,2026-10-06
H50930,2017/18,30,2017-11-14,Protokoll 2017/18:30 Tisdagen den 14 november,89,0,2026-10-06
H50931,2017/18,31,2017-11-15,Protokoll 2017/18:31 Onsdagen den 15 november,122,5,2026-10-06
H50933,2017/18,33,2017-11-17,Protokoll 2017/18:33 Fredagen den 17 november,33,0,2026-10-06
H50932,2017/18,32,2017-11-16,Protokoll 2017/18:32 Torsdagen den 16 november,172,10,2026-10-06
H50934,2017/18,34,2017-11-21,Protokoll 2017/18:34 Tisdagen den 21 november,151,21,2026-10-06
H50935,2017/18,35,2017-11-22,Protokoll 2017/18:35 Onsdagen den 22 november,129,7,2026-10-06
H50936,2017/18,36,2017-11-23,Protokoll 2017/18:36 Torsdagen den 23 november,189,0,2026-10-06
H50937,2017/18,37,2017-11-24,Protokoll 2017/18:37 Fredagen den 24 november,53,3,2026-10-06
H50938,2017/18,38,2017-11-28,Protokoll 2017/18:38 Tisdagen den 28 november,85,7,2026-10-06
H50940,2017/18,40,2017-11-30,Protokoll 2017/18:40 Torsdagen den 30 november,148,0,2026-10-06
H50939,2017/18,39,2017-11-29,Protokoll 2017/18:39 Onsdagen den 29 november,146,53,2026-10-06
H50941,2017/18,41,2017-12-01,Protokoll 2017/18:41 Fredagen den 1 december,110,0,2026-10-06
H50942,2017/18,42,2017-12-04,Protokoll 2017/18:42 Måndagen den 4 december,53,0,2026-10-06
H50943,2017/18,43,2017-12-05,Protokoll 2017/18:43 Tisdagen den 5 december,146,3,2026-10-06
H50944,2017/18,44,2017-12-06,Protokoll 2017/18:44 Onsdagen den 6 december,171,2,2026-10-06
H50945,2017/18,45,2017-12-07,Protokoll 2017/18:45 Torsdagen den 7 december,200,1,2026-10-06
H50946,2017/18,46,2017-12-08,Protokoll 2017/18:46 Fredagen den 8 december,96,6,2026-10-06
H50948,2017/18,48,2017-12-12,Protokoll 2017/18:48 Tisdagen den 12 december,101,2,2026-10-06
H50947,2017/18,47,2017-12-11,Protokoll 2017/18:47 Måndagen den 11 december,171,5,2026-10-06
H50949,2017/18,49,2017-12-13,Protokoll 2017/18:49 Onsdagen den 13 december,163,12,2026-10-06
H50951,2017/18,51,2017-12-15,Protokoll 2017/18:51 Fredagen den 15 december,77,1,2026-10-06
H50950,2017/18,50,2017-12-14,Protokoll 2017/18:50 Torsdagen den 14 december,221,0,2026-10-06
H50952,2017/18,52,2017-12-18,Protokoll 2017/18:52 Måndagen den 18 december,72,0,2026-10-06
H50953,2017/18,53,2017-12-19,Protokoll 2017/18:53 Tisdagen den 19 december,143,2,2026-10-06
H50954,2017/18,54,2017-12-20,Protokoll 2017/18:54 Onsdagen den 20 december,123,4,2026-10-06
H50955,2017/18,55,2018-01-16,Protokoll 2017/18:55 Tisdagen den 16 januari,137,10,2026-10-06
H50957,2017/18,57,2018-01-18,Protokoll 2017/18:57 Torsdagen den 18 januari,118,0,2026-10-06
H50956,2017/18,56,2018-01-17,Protokoll 2017/18:56 Onsdagen den 17 januari,175,1,2026-10-06
H50958,2017/18,58,2018-01-19,Protokoll 2017/18:58 Fredagen den 19 januari,93,0,2026-10-06
H50959,2017/18,59,2018-01-23,Protokoll 2017/18:59 Tisdagen den 23 januari,116,14,2026-10-06
H50960,2017/18,60,2018-01-24,Protokoll 2017/18:60 Onsdagen den 24 januari,92,0,2026-10-06
H50962,2017/18,62,2018-01-26,Protokoll 2017/18:62 Fredagen den 26 januari,16,0,2026-10-06
H50961,2017/18,61,2018-01-25,Protokoll 2017/18:61 Torsdagen den 25 januari,120,11,2026-10-06
H50964,2017/18,64,2018-01-31,Protokoll 2017/18:64 Onsdagen den 31 januari,64,0,2026-10-06
H50963,2017/18,63,2018-01-30,Protokoll 2017/18:63 Tisdagen den 30 januari,134,0,2026-10-06
H50965,2017/18,65,2018-02-01,Protokoll 2017/18:65 Torsdagen den 1 februari,118,0,2026-10-06
H50966,2017/18,66,2018-02-02,Protokoll 2017/18:66 Fredagen den 2 februari,44,1,2026-10-06
H50968,2017/18,68,2018-02-07,Protokoll 2017/18:68 Onsdagen den 7 februari,101,8,2026-10-06
H50969,2017/18,69,2018-02-08,Protokoll 2017/18:69 Torsdagen den 8 februari,112,4,2026-10-06
H50967,2017/18,67,2018-02-06,Protokoll 2017/18:67 Tisdagen den 6 februari,115,13,2026-10-06
H50970,2017/18,70,2018-02-09,Protokoll 2017/18:70 Fredagen den 9 februari,31,0,2026-10-06
H50971,2017/18,71,2018-02-13,Protokoll 2017/18:71 Tisdagen den 13 februari,69,0,2026-10-06
H50972,2017/18,72,2018-02-14,Protokoll 2017/18:72 Onsdagen den 14 februari,164,0,2026-10-06
H50973,2017/18,73,2018-02-15,Protokoll 2017/18:73 Torsdagen den 15 februari,125,0,2026-10-06
H50974,2017/18,74,2018-02-16,Protokoll 2017/18:74 Fredagen den 16 februari,42,0,2026-10-06
H50975,2017/18,75,2018-02-27,Protokoll 2017/18:75 Tisdagen den 27 februari,27,0,2026-10-06
H50978,2017/18,78,2018-03-02,Protokoll 2017/18:78 Fredagen den 2 mars,10,1,2026-10-06
H50977,2017/18,77,2018-03-01,Protokoll 2017/18:77 Torsdagen den 1 mars,215,0,2026-10-06
H50979,2017/18,79,2018-03-06,Protokoll 2017/18:79 Tisdagen den 6 mars,50,7,2026-10-06
H50976,2017/18,76,2018-02-28,Protokoll 2017/18:76 Onsdagen den 28 februari,178,0,2026-10-06
H50981,2017/18,81,2018-03-08,Protokoll 2017/18:81 Torsdagen den 8 mars,169,29,2026-10-06
H50980,2017/18,80,2018-03-07,Protokoll 2017/18:80 Onsdagen den 7 mars,140,2,2026-10-06
H50982,2017/18,82,2018-03-09,Protokoll 2017/18:82 Fredagen den 9 mars,48,0,2026-10-06
H50984,2017/18,84,2018-03-14,Protokoll 2017/18:84 Onsdagen den 14 mars,29,0,2026-10-06
H50985,2017/18,85,2018-03-15,Protokoll 2017/18:85 Torsdagen den 15 mars,116,0,2026-10-06
H50983,2017/18,83,2018-03-13,Protokoll 2017/18:83 Tisdagen den 13 mars,111,0,2026-10-06
H50986,2017/18,86,2018-03-16,Protokoll 2017/18:86 Fredagen den 16 mars,51,0,2026-10-06
H50987,2017/18,87,2018-03-20,Protokoll 2017/18:87 Tisdagen den 20 mars,30,0,2026-10-06
H50990,2017/18,90,2018-03-23,Protokoll 2017/18:90 Fredagen den 23 mars,37,0,2026-10-06
H50988,2017/18,88,2018-03-21,Protokoll 2017/18:88 Onsdagen den 21 mars,146,9,2026-10-06
H50989,2017/18,89,2018-03-22,Protokoll 2017/18:89 Torsdagen den 22 mars,195,17,2026-10-06
H50991,2017/18,91,2018-03-26,Protokoll 2017/18:91 Måndagen den 26 mars,80,1,2026-10-06
H50992,2017/18,92,2018-03-27,Protokoll 2017/18:92 Tisdagen den 27 mars,66,8,2026-10-06
H50994,2017/18,94,2018-04-10,Protokoll 2017/18:94 Tisdagen den 10 april,64,1,2026-10-06
H50993,2017/18,93,2018-03-28,Protokoll 2017/18:93 Onsdagen den 28 mars,89,2,2026-10-06
H50997,2017/18,97,2018-04-13,Protokoll 2017/18:97 Fredagen den 13 april,28,5,2026-10-06
H50995,2017/18,95,2018-04-11,Protokoll 2017/18:95 Onsdagen den 11 april,178,38,2026-10-06
H50998,2017/18,98,2018-04-16,Protokoll 2017/18:98 Måndagen den 16 april,84,12,2026-10-06
H50996,2017/18,96,2018-04-12,Protokoll 2017/18:96 Torsdagen den 12 april,152,0,2026-10-06
H50999,2017/18,99,2018-04-17,Protokoll 2017/18:99 Tisdagen den 17 april,123,5,2026-10-06
H509101,2017/18,101,2018-04-19,Protokoll 2017/18:101 Torsdagen den 19 april,163,3,2026-10-06
H509100,2017/18,100,2018-04-18,Protokoll 2017/18:100 Onsdagen den 18 april,123,2,2026-10-06
H509102,2017/18,102,2018-04-20,Protokoll 2017/18:102 Fredagen den 20 april,46,0,2026-10-06
H509103,2017/18,103,2018-04-24,Protokoll 2017/18:103 Tisdagen den 24 april,30,0,2026-10-06
H509106,2017/18,106,2018-04-27,Protokoll 2017/18:106 Fredagen den 27 april,35,0,2026-10-06
H509104,2017/18,104,2018-04-25,Protokoll 2017/18:104 Onsdagen den 25 april,117,0,2026-10-06
H509107,2017/18,107,2018-05-02,Protokoll 2017/18:107 Onsdagen den 2 maj,130,1,2026-10-06
H509108,2017/18,108,2018-05-03,Protokoll 2017/18:108 Torsdagen den 3 maj,111,0,2026-10-06
H509105,2017/18,105,2018-04-26,Protokoll 2017/18:105 Torsdagen den 26 april,176,0,2026-10-06
H509110,2017/18,110,2018-05-14,Protokoll 2017/18:110 Måndagen den 14 maj,0,1,2026-10-06
H509109,2017/18,109,2018-05-04,Protokoll 2017/18:109 Fredagen den 4 maj,80,0,2026-10-06
H509111,2017/18,111,2018-05-15,Protokoll 2017/18:111 Tisdagen den 15 maj,41,0,2026-10-06
H509112,2017/18,112,2018-05-16,Protokoll 2017/18:112 Onsdagen den 16 maj,132,0,2026-10-06
H509113,2017/18,113,2018-05-17,Protokoll 2017/18:113 Torsdagen den 17 maj,173,0,2026-10-06
H509115,2017/18,115,2018-05-21,Protokoll 2017/18:115 Måndagen den 21 maj,69,11,2026-10-06
H509116,2017/18,116,2018-05-22,Protokoll 2017/18:116 Tisdagen den 22 maj,66,0,2026-10-06
H509117,2017/18,117,2018-05-23,Protokoll 2017/18:117 Onsdagen den 23 maj,112,0,2026-10-06
H509114,2017/18,114,2018-05-18,Protokoll 2017/18:114 Fredagen den 18 maj,58,14,2026-10-06
H509118,2017/18,118,2018-05-24,Protokoll 2017/18:118 Torsdagen den 24 maj,185,17,2026-10-06
H509119,2017/18,119,2018-05-25,Protokoll 2017/18:119 Fredagen den 25 maj,56,0,2026-10-06
H509121,2017/18,121,2018-05-29,Protokoll 2017/18:121 Tisdagen den 29 maj,88,0,2026-10-06
H509120,2017/18,120,2018-05-28,Protokoll 2017/18:120 Måndagen den 28 maj,52,9,2026-10-06
H509122,2017/18,122,2018-05-30,Protokoll 2017/18:122 Onsdagen den 30 maj,96,3,2026-10-06
H509123,2017/18,123,2018-05-31,Protokoll 2017/18:123 Torsdagen den 31 maj,171,18,2026-10-06
H509124,2017/18,124,2018-06-01,Protokoll 2017/18:124 Fredagen den 1 juni,35,0,2026-10-06
H509125,2017/18,125,2018-06-04,Protokoll 2017/18:125 Måndagen den 4 juni,124,1,2026-10-06
H509126,2017/18,126,2018-06-05,Protokoll 2017/18:126 Tisdagen den 5 juni,43,6,2026-10-06
H509128,2017/18,128,2018-06-08,Protokoll 2017/18:128 Fredagen den 8 juni,115,0,2026-10-06
H509127,2017/18,127,2018-06-07,Protokoll 2017/18:127 Torsdagen den 7 juni,122,2,2026-10-06
H509129,2017/18,129,2018-06-11,Protokoll 2017/18:129 Måndagen den 11 juni,86,13,2026-10-06
H509130,2017/18,130,2018-06-12,Protokoll 2017/18:130 Tisdagen den 12 juni,96,2,2026-10-06
H509133,2017/18,133,2018-06-15,Protokoll 2017/18:133 Fredagen den 15 juni,67,2,2026-10-06
H509132,2017/18,132,2018-06-14,Protokoll 2017/18:132 Torsdagen den 14 juni,193,3,2026-10-06
H509131,2017/18,131,2018-06-13,Protokoll 2017/18:131 Onsdagen den 13 juni,234,6,2026-10-06
H509134,2017/18,134,2018-06-18,Protokoll 2017/18:134 Måndagen den 18 juni,117,3,2026-10-06
H509135,2017/18,135,2018-06-19,Protokoll 2017/18:135 Tisdagen den 19 juni,114,0,2026-10-06
H509137,2017/18,137,2018-06-25,Protokoll 2017/18:137 Måndagen den 25 juni,39,6,2026-10-06
H509138,2017/18,138,2018-06-26,Protokoll 2017/18:138 Tisdagen den 26 juni,15,0,2026-10-06
H509136,2017/18,136,2018-06-20,Protokoll 2017/18:136 Onsdagen den 20 juni,131,13,2026-10-06
H509139,2017/18,139,2018-06-27,Protokoll 2017/18:139 Onsdagen den 27 juni,65,0,2026-10-06
H509140,2017/18,140,2018-06-28,Protokoll 2017/18:140 Torsdagen den 28 juni,7,0,2026-10-06
H509142,2017/18,142,2018-08-30,Protokoll 2017/18:142 Torsdagen den 30 augusti,26,0,2026-10-06
H509141,2017/18,141,2018-08-09,Protokoll 2017/18:141 Torsdagen den 9 augusti,0,0,2026-10-06
H6091,2018/19,1,2018-09-24,Protokoll 2018/19:1 Måndagen den 24 september,21,0,2026-10-06
H6092,2018/19,2,2018-09-25,Protokoll 2018/19:2 Tisdagen den 25 september,6,0,2026-10-06
H6094,2018/19,4,2018-09-26,Protokoll 2018/19:4 Onsdagen den 26 september,1,0,2026-10-06
H6093,2018/19,3,2018-09-25,Protokoll 2018/19:3 Tisdagen den 25 september,2,0,2026-10-06
H6095,2018/19,5,2018-10-02,Protokoll 2018/19:5 Tisdagen den 2 oktober,1,0,2026-10-06
H6096,2018/19,6,2018-10-09,Protokoll 2018/19:6 Tisdagen den 9 oktober,1,0,2026-10-06
H6097,2018/19,7,2018-10-16,Protokoll 2018/19:7 Tisdagen den 16 oktober,162,4,2026-10-06
H6099,2018/19,9,2018-10-18,Protokoll 2018/19:9 Torsdagen den 18 oktober,153,0,2026-10-06
H60910,2018/19,10,2018-10-23,Protokoll 2018/19:10 Tisdagen den 23 oktober,48,0,2026-10-06
H60911,2018/19,11,2018-10-24,Protokoll 2018/19:11 Onsdagen den 24 oktober,4,0,2026-10-06
H60912,2018/19,12,2018-11-06,Protokoll 2018/19:12 Tisdagen den 6 november,0,0,2026-10-06
H6098,2018/19,8,2018-10-17,Protokoll 2018/19:8 Onsdagen den 17 oktober,410,21,2026-10-06
H60913,2018/19,13,2018-11-07,Protokoll 2018/19:13 Onsdagen den 7 november,56,14,2026-10-06
H60914,2018/19,14,2018-11-12,Protokoll 2018/19:14 Måndagen den 12 november,1,0,2026-10-06
H60915,2018/19,15,2018-11-13,Protokoll 2018/19:15 Tisdagen den 13 november,0,0,2026-10-06
H60918,2018/19,18,2018-11-20,Protokoll 2018/19:18 Tisdagen den 20 november,0,0,2026-10-06
H60917,2018/19,17,2018-11-15,Protokoll 2018/19:17 Torsdagen den 15 november,13,2,2026-10-06
H60916,2018/19,16,2018-11-14,Protokoll 2018/19:16 Onsdagen den 14 november,53,6,2026-10-06
H60921,2018/19,21,2018-11-27,Protokoll 2018/19:21 Tisdagen den 27 november,0,0,2026-10-06
H60919,2018/19,19,2018-11-21,Protokoll 2018/19:19 Onsdagen den 21 november,102,2,2026-10-06
H60920,2018/19,20,2018-11-22,Protokoll 2018/19:20 Torsdagen den 22 november,14,0,2026-10-06
H60923,2018/19,23,2018-12-04,Protokoll 2018/19:23 Tisdagen den 4 december,0,0,2026-10-06
H60922,2018/19,22,2018-11-28,Protokoll 2018/19:22 Onsdagen den 28 november,68,3,2026-10-06
H60926,2018/19,26,2018-12-11,Protokoll 2018/19:26 Tisdagen den 11 december,30,0,2026-10-06
H60925,2018/19,25,2018-12-10,Protokoll 2018/19:25 Måndagen den 10 december,0,0,2026-10-06
H60928,2018/19,28,2018-12-13,Protokoll 2018/19:28 Torsdagen den 13 december,0,0,2026-10-06
H60924,2018/19,24,2018-12-05,Protokoll 2018/19:24 Onsdagen den 5 december,33,0,2026-10-06
H60927,2018/19,27,2018-12-12,Protokoll 2018/19:27 Onsdagen den 12 december,63,3,2026-10-06
H60929,2018/19,29,2018-12-14,Protokoll 2018/19:29 Fredagen den 14 december,96,3,2026-10-06
H60930,2018/19,30,2018-12-15,Protokoll 2018/19:30 Lördagen den 15 december,95,53,2026-10-06
H60931,2018/19,31,2018-12-17,Protokoll 2018/19:31 Måndagen den 17 december,189,0,2026-10-06
H60932,2018/19,32,2018-12-18,Protokoll 2018/19:32 Tisdagen den 18 december,206,4,2026-10-06
H60935,2018/19,35,2018-12-21,Protokoll 2018/19:35 Fredagen den 21 december,42,2,2026-10-06
H60933,2018/19,33,2018-12-19,Protokoll 2018/19:33 Onsdagen den 19 december,237,6,2026-10-06
H60936,2018/19,36,2019-01-14,Protokoll 2018/19:36 Måndagen den 14 januari,0,0,2026-10-06
H60934,2018/19,34,2018-12-20,Protokoll 2018/19:34 Torsdagen den 20 december,183,0,2026-10-06
H60938,2018/19,38,2019-01-17,Protokoll 2018/19:38 Torsdagen den 17 januari,0,0,2026-10-06
H60937,2018/19,37,2019-01-16,Protokoll 2018/19:37 Onsdagen den 16 januari,2,0,2026-10-06
H60939,2018/19,39,2019-01-18,Protokoll 2018/19:39 Fredagen den 18 januari,10,0,2026-10-06
H60940,2018/19,40,2019-01-21,Protokoll 2018/19:40 Måndagen den 21 januari,3,1,2026-10-06
H60941,2018/19,41,2019-01-22,Protokoll 2018/19:41 Tisdagen den 22 januari,0,0,2026-10-06
H60943,2018/19,43,2019-01-24,Protokoll 2018/19:43 Torsdagen den 24 januari,107,1,2026-10-06
H60942,2018/19,42,2019-01-23,Protokoll 2018/19:42 Onsdagen den 23 januari,24,0,2026-10-06
H60944,2018/19,44,2019-01-30,Protokoll 2018/19:44 Onsdagen den 30 januari,131,14,2026-10-06
H60945,2018/19,45,2019-01-31,Protokoll 2018/19:45 Torsdagen den 31 januari,120,7,2026-10-06
H60946,2018/19,46,2019-02-01,Protokoll 2018/19:46 Fredagen den 1 februari,25,0,2026-10-06
H60948,2018/19,48,2019-02-06,Protokoll 2018/19:48 Onsdagen den 6 februari,8,8,2026-10-06
H60947,2018/19,47,2019-02-05,Protokoll 2018/19:47 Tisdagen den 5 februari,44,0,2026-10-06
H60949,2018/19,49,2019-02-07,Protokoll 2018/19:49 Torsdagen den 7 februari,124,0,2026-10-06
H60950,2018/19,50,2019-02-08,Protokoll 2018/19:50 Fredagen den 8 februari,9,0,2026-10-06
H60951,2018/19,51,2019-02-12,Protokoll 2018/19:51 Tisdagen den 12 februari,140,17,2026-10-06
H60952,2018/19,52,2019-02-13,Protokoll 2018/19:52 Onsdagen den 13 februari,172,0,2026-10-06
H60954,2018/19,54,2019-02-15,Protokoll 2018/19:54 Fredagen den 15 februari,81,3,2026-10-06
H60953,2018/19,53,2019-02-14,Protokoll 2018/19:53 Torsdagen den 14 februari,218,1,2026-10-06
H60955,2018/19,55,2019-02-26,Protokoll 2018/19:55 Tisdagen den 26 februari,23,0,2026-10-06
H60958,2018/19,58,2019-03-01,Protokoll 2018/19:58 Fredagen den 1 mars,28,0,2026-10-06
H60956,2018/19,56,2019-02-27,Protokoll 2018/19:56 Onsdagen den 27 februari,159,2,2026-10-06
H60957,2018/19,57,2019-02-28,Protokoll 2018/19:57 Torsdagen den 28 februari,191,0,2026-10-06
H60959,2018/19,59,2019-03-05,Protokoll 2018/19:59 Tisdagen den 5 mars,96,6,2026-10-06
H60960,2018/19,60,2019-03-06,Protokoll 2018/19:60 Onsdagen den 6 mars,91,34,2026-10-06
H60961,2018/19,61,2019-03-07,Protokoll 2018/19:61 Torsdagen den 7 mars,126,2,2026-10-06
H60962,2018/19,62,2019-03-08,Protokoll 2018/19:62 Fredagen den 8 mars,87,0,2026-10-06
H60963,2018/19,63,2019-03-12,Protokoll 2018/19:63 Tisdagen den 12 mars,112,0,2026-10-06
H60965,2018/19,65,2019-03-14,Protokoll 2018/19:65 Torsdagen den 14 mars,113,2,2026-10-06
H60964,2018/19,64,2019-03-13,Protokoll 2018/19:64 Onsdagen den 13 mars,124,2,2026-10-06
H60966,2018/19,66,2019-03-15,Protokoll 2018/19:66 Fredagen den 15 mars,14,0,2026-10-06
H60967,2018/19,67,2019-03-26,Protokoll 2018/19:67 Tisdagen den 26 mars,77,1,2026-10-06
H60970,2018/19,70,2019-03-29,Protokoll 2018/19:70 Fredagen den 29 mars,42,2,2026-10-06
H60968,2018/19,68,2019-03-27,Protokoll 2018/19:68 Onsdagen den 27 mars,148,14,2026-10-06
H60969,2018/19,69,2019-03-28,Protokoll 2018/19:69 Torsdagen den 28 mars,193,3,2026-10-06
H60971,2018/19,71,2019-04-02,Protokoll 2018/19:71 Tisdagen den 2 april,40,1,2026-10-06
H60972,2018/19,72,2019-04-03,Protokoll 2018/19:72 Onsdagen den 3 april,152,2,2026-10-06
H60973,2018/19,73,2019-04-04,Protokoll 2018/19:73 Torsdagen den 4 april,223,20,2026-10-06
H60974,2018/19,74,2019-04-05,Protokoll 2018/19:74 Fredagen den 5 april,87,0,2026-10-06
H60975,2018/19,75,2019-04-09,Protokoll 2018/19:75 Tisdagen den 9 april,66,16,2026-10-06
H60976,2018/19,76,2019-04-10,Protokoll 2018/19:76 Onsdagen den 10 april,199,55,2026-10-06
H60978,2018/19,78,2019-04-12,Protokoll 2018/19:78 Fredagen den 12 april,66,1,2026-10-06
H60977,2018/19,77,2019-04-11,Protokoll 2018/19:77 Torsdagen den 11 april,206,0,2026-10-06
H60979,2018/19,79,2019-04-23,Protokoll 2018/19:79 Tisdagen den 23 april,89,4,2026-10-06
H60980,2018/19,80,2019-04-24,Protokoll 2018/19:80 Onsdagen den 24 april,94,1,2026-10-06
H60981,2018/19,81,2019-04-25,Protokoll 2018/19:81 Torsdagen den 25 april,178,2,2026-10-06
H60983,2018/19,83,2019-04-30,Protokoll 2018/19:83 Tisdagen den 30 april,49,0,2026-10-06
H60982,2018/19,82,2019-04-26,Protokoll 2018/19:82 Fredagen den 26 april,58,0,2026-10-06
H60985,2018/19,85,2019-05-03,Protokoll 2018/19:85 Fredagen den 3 maj,102,3,2026-10-06
H60986,2018/19,86,2019-05-06,Protokoll 2018/19:86 Måndagen den 6 maj,28,0,2026-10-06
H60984,2018/19,84,2019-05-02,Protokoll 2018/19:84 Torsdagen den 2 maj,251,40,2026-10-06
H60987,2018/19,87,2019-05-07,Protokoll 2018/19:87 Tisdagen den 7 maj,137,0,2026-10-06
H60988,2018/19,88,2019-05-08,Protokoll 2018/19:88 Onsdagen den 8 maj,284,2,2026-10-06
H60990,2018/19,90,2019-05-10,Protokoll 2018/19:90 Fredagen den 10 maj,107,1,2026-10-06
H60989,2018/19,89,2019-05-09,Protokoll 2018/19:89 Torsdagen den 9 maj,133,2,2026-10-06
H60991,2018/19,91,2019-05-13,Protokoll 2018/19:91 Måndagen den 13 maj,71,4,2026-10-06
H60992,2018/19,92,2019-05-14,Protokoll 2018/19:92 Tisdagen den 14 maj,46,0,2026-10-06
H60995,2018/19,95,2019-05-27,Protokoll 2018/19:95 Måndagen den 27 maj,21,0,2026-10-06
H60993,2018/19,93,2019-05-15,Protokoll 2018/19:93 Onsdagen den 15 maj,165,2,2026-10-06
H60994,2018/19,94,2019-05-16,Protokoll 2018/19:94 Torsdagen den 16 maj,140,1,2026-10-06
H60997,2018/19,97,2019-05-29,Protokoll 2018/19:97 Onsdagen den 29 maj,53,1,2026-10-06
H60996,2018/19,96,2019-05-28,Protokoll 2018/19:96 Tisdagen den 28 maj,123,1,2026-10-06
H60998,2018/19,98,2019-06-03,Protokoll 2018/19:98 Måndagen den 3 juni,84,7,2026-10-06
H609100,2018/19,100,2019-06-05,Protokoll 2018/19:100 Onsdagen den 5 juni,47,0,2026-10-06
H60999,2018/19,99,2019-06-04,Protokoll 2018/19:99 Tisdagen den 4 juni,115,5,2026-10-06
H609101,2018/19,101,2019-06-10,Protokoll 2018/19:101 Måndagen den 10 juni,215,1,2026-10-06
H609102,2018/19,102,2019-06-11,Protokoll 2018/19:102 Tisdagen den 11 juni,114,12,2026-10-06
H609103,2018/19,103,2019-06-12,Protokoll 2018/19:103 Onsdagen den 12 juni,188,0,2026-10-06
H609105,2018/19,105,2019-06-14,Protokoll 2018/19:105 Fredagen den 14 juni,148,3,2026-10-06
H609104,2018/19,104,2019-06-13,Protokoll 2018/19:104 Torsdagen den 13 juni,264,34,2026-10-06
H609106,2018/19,106,2019-06-17,Protokoll 2018/19:106 Måndagen den 17 juni,86,0,2026-10-06
H609108,2018/19,108,2019-06-19,Protokoll 2018/19:108 Onsdagen den 19 juni,49,1,2026-10-06
H609109,2018/19,109,2019-06-24,Protokoll 2018/19:109 Måndagen den 24 juni,21,0,2026-10-06
H609107,2018/19,107,2019-06-18,Protokoll 2018/19:107 Tisdagen den 18 juni,185,7,2026-10-06
H609111,2018/19,111,2019-08-29,Protokoll 2018/19:111 Torsdagen den 29 augusti,63,7,2026-10-06
H609110,2018/19,110,2019-06-25,Protokoll 2018/19:110 Tisdagen den 25 juni,163,0,2026-10-06
H609112,2018/19,112,2019-09-05,Protokoll 2018/19:112 Torsdagen den 5 september,7,0,2026-10-06
H7091,2019/20,1,2019-09-10,Protokoll 2019/20:1 Tisdagen den 10 september,1,0,2026-10-06
H7092,2019/20,2,2019-09-10,Protokoll 2019/20:2 Tisdagen den 10 september,4,1,2026-10-06
H7094,2019/20,4,2019-09-13,Protokoll 2019/20:4 Fredagen den 13 september,7,0,2026-10-06
H7093,2019/20,3,2019-09-12,Protokoll 2019/20:3 Torsdagen den 12 september,136,1,2026-10-06
H7095,2019/20,5,2019-09-17,Protokoll 2019/20:5 Tisdagen den 17 september,14,0,2026-10-06
H7096,2019/20,6,2019-09-18,Protokoll 2019/20:6 Onsdagen den 18 september,89,8,2026-10-06
H7097,2019/20,7,2019-09-19,Protokoll 2019/20:7 Torsdagen den 19 september,112,0,2026-10-06
H7098,2019/20,8,2019-09-20,Protokoll 2019/20:8 Fredagen den 20 september,28,0,2026-10-06
H7099,2019/20,9,2019-09-24,Protokoll 2019/20:9 Tisdagen den 24 september,46,2,2026-10-06
H70911,2019/20,11,2019-09-27,Protokoll 2019/20:11 Fredagen den 27 september,16,0,2026-10-06
H70910,2019/20,10,2019-09-26,Protokoll 2019/20:10 Torsdagen den 26 september,120,19,2026-10-06
H70912,2019/20,12,2019-10-01,Protokoll 2019/20:12 Tisdagen den 1 oktober,30,0,2026-10-06
H70913,2019/20,13,2019-10-02,Protokoll 2019/20:13 Onsdagen den 2 oktober,4,0,2026-10-06
H70915,2019/20,15,2019-10-04,Protokoll 2019/20:15 Fredagen den 4 oktober,36,0,2026-10-06
H70914,2019/20,14,2019-10-03,Protokoll 2019/20:14 Torsdagen den 3 oktober,130,0,2026-10-06
H70916,2019/20,16,2019-10-08,Protokoll 2019/20:16 Tisdagen den 8 oktober,14,0,2026-10-06
H70917,2019/20,17,2019-10-10,Protokoll 2019/20:17 Torsdagen den 10 oktober,128,0,2026-10-06
H70919,2019/20,19,2019-10-15,Protokoll 2019/20:19 Tisdagen den 15 oktober,31,0,2026-10-06
H70918,2019/20,18,2019-10-11,Protokoll 2019/20:18 Fredagen den 11 oktober,28,0,2026-10-06
H70922,2019/20,22,2019-10-18,Protokoll 2019/20:22 Fredagen den 18 oktober,7,0,2026-10-06
H70921,2019/20,21,2019-10-17,Protokoll 2019/20:21 Torsdagen den 17 oktober,111,0,2026-10-06
H70920,2019/20,20,2019-10-16,Protokoll 2019/20:20 Onsdagen den 16 oktober,194,3,2026-10-06
H70923,2019/20,23,2019-10-22,Protokoll 2019/20:23 Tisdagen den 22 oktober,98,22,2026-10-06
H70925,2019/20,25,2019-10-24,Protokoll 2019/20:25 Torsdagen den 24 oktober,86,0,2026-10-06
H70924,2019/20,24,2019-10-23,Protokoll 2019/20:24 Onsdagen den 23 oktober,121,2,2026-10-06
H70926,2019/20,26,2019-10-25,Protokoll 2019/20:26 Fredagen den 25 oktober,57,0,2026-10-06
H70927,2019/20,27,2019-11-05,Protokoll 2019/20:27 Tisdagen den 5 november,83,0,2026-10-06
H70929,2019/20,29,2019-11-08,Protokoll 2019/20:29 Fredagen den 8 november,35,0,2026-10-06
H70928,2019/20,28,2019-11-07,Protokoll 2019/20:28 Torsdagen den 7 november,176,0,2026-10-06
H70930,2019/20,30,2019-11-12,Protokoll 2019/20:30 Tisdagen den 12 november,59,3,2026-10-06
H70931,2019/20,31,2019-11-13,Protokoll 2019/20:31 Onsdagen den 13 november,188,0,2026-10-06
H70932,2019/20,32,2019-11-14,Protokoll 2019/20:32 Torsdagen den 14 november,119,3,2026-10-06
H70933,2019/20,33,2019-11-15,Protokoll 2019/20:33 Fredagen den 15 november,54,0,2026-10-06
H70934,2019/20,34,2019-11-19,Protokoll 2019/20:34 Tisdagen den 19 november,54,11,2026-10-06
H70936,2019/20,36,2019-11-21,Protokoll 2019/20:36 Torsdagen den 21 november,93,13,2026-10-06
H70937,2019/20,37,2019-11-22,Protokoll 2019/20:37 Fredagen den 22 november,53,0,2026-10-06
H70935,2019/20,35,2019-11-20,Protokoll 2019/20:35 Onsdagen den 20 november,127,9,2026-10-06
H70938,2019/20,38,2019-11-26,Protokoll 2019/20:38 Tisdagen den 26 november,127,9,2026-10-06
H70940,2019/20,40,2019-11-28,Protokoll 2019/20:40 Torsdagen den 28 november,94,4,2026-10-06
H70939,2019/20,39,2019-11-27,Protokoll 2019/20:39 Onsdagen den 27 november,167,8,2026-10-06
H70942,2019/20,42,2019-12-02,Protokoll 2019/20:42 Måndagen den 2 december,14,0,2026-10-06
H70941,2019/20,41,2019-11-29,Protokoll 2019/20:41 Fredagen den 29 november,170,8,2026-10-06
H70943,2019/20,43,2019-12-03,Protokoll 2019/20:43 Tisdagen den 3 december,41,0,2026-10-06
H70945,2019/20,45,2019-12-05,Protokoll 2019/20:45 Torsdagen den 5 december,152,0,2026-10-06
H70946,2019/20,46,2019-12-06,Protokoll 2019/20:46 Fredagen den 6 december,89,3,2026-10-06
H70947,2019/20,47,2019-12-09,Protokoll 2019/20:47 Måndagen den 9 december,7,0,2026-10-06
H70944,2019/20,44,2019-12-04,Protokoll 2019/20:44 Onsdagen den 4 december,209,74,2026-10-06
H70948,2019/20,48,2019-12-10,Protokoll 2019/20:48 Tisdagen den 10 december,30,1,2026-10-06
H70950,2019/20,50,2019-12-12,Protokoll 2019/20:50 Torsdagen den 12 december,223,3,2026-10-06
H70949,2019/20,49,2019-12-11,Protokoll 2019/20:49 Onsdagen den 11 december,232,0,2026-10-06
H70951,2019/20,51,2019-12-13,Protokoll 2019/20:51 Fredagen den 13 december,115,2,2026-10-06
H70952,2019/20,52,2019-12-16,Protokoll 2019/20:52 Måndagen den 16 december,204,1,2026-10-06
H70953,2019/20,53,2019-12-17,Protokoll 2019/20:53 Tisdagen den 17 december,160,4,2026-10-06
H70954,2019/20,54,2019-12-18,Protokoll 2019/20:54 Onsdagen den 18 december,153,1,2026-10-06
H70955,2019/20,55,2019-12-19,Protokoll 2019/20:55 Torsdagen den 19 december,79,0,2026-10-06
H70956,2019/20,56,2019-12-20,Protokoll 2019/20:56 Fredagen den 20 december,47,0,2026-10-06
H70957,2019/20,57,2020-01-14,Protokoll 2019/20:57 Tisdagen den 14 januari,147,0,2026-10-06
H70959,2019/20,59,2020-01-16,Protokoll 2019/20:59 Torsdagen den 16 januari,162,7,2026-10-06
H70960,2019/20,60,2020-01-17,Protokoll 2019/20:60 Fredagen den 17 januari,23,10,2026-10-06
H70958,2019/20,58,2020-01-15,Protokoll 2019/20:58 Onsdagen den 15 januari,215,12,2026-10-06
H70961,2019/20,61,2020-01-21,Protokoll 2019/20:61 Tisdagen den 21 januari,21,0,2026-10-06
H70963,2019/20,63,2020-01-23,Protokoll 2019/20:63 Torsdagen den 23 januari,133,0,2026-10-06
H70964,2019/20,64,2020-01-28,Protokoll 2019/20:64 Tisdagen den 28 januari,84,5,2026-10-06
H70962,2019/20,62,2020-01-22,Protokoll 2019/20:62 Onsdagen den 22 januari,86,0,2026-10-06
H70965,2019/20,65,2020-01-29,Protokoll 2019/20:65 Onsdagen den 29 januari,67,0,2026-10-06
H70966,2019/20,66,2020-01-30,Protokoll 2019/20:66 Torsdagen den 30 januari,140,0,2026-10-06
H70967,2019/20,67,2020-01-31,Protokoll 2019/20:67 Fredagen den 31 januari,67,0,2026-10-06
H70968,2019/20,68,2020-02-04,Protokoll 2019/20:68 Tisdagen den 4 februari,37,0,2026-10-06
H70969,2019/20,69,2020-02-05,Protokoll 2019/20:69 Onsdagen den 5 februari,77,0,2026-10-06
H70970,2019/20,70,2020-02-06,Protokoll 2019/20:70 Torsdagen den 6 februari,131,1,2026-10-06
H70971,2019/20,71,2020-02-07,Protokoll 2019/20:71 Fredagen den 7 februari,46,0,2026-10-06
H70972,2019/20,72,2020-02-11,Protokoll 2019/20:72 Tisdagen den 11 februari,93,5,2026-10-06
H70974,2019/20,74,2020-02-13,Protokoll 2019/20:74 Torsdagen den 13 februari,143,17,2026-10-06
H70973,2019/20,73,2020-02-12,Protokoll 2019/20:73 Onsdagen den 12 februari,180,0,2026-10-06
H70975,2019/20,75,2020-02-14,Protokoll 2019/20:75 Fredagen den 14 februari,71,1,2026-10-06
H70976,2019/20,76,2020-02-18,Protokoll 2019/20:76 Tisdagen den 18 februari,103,0,2026-10-06
H70978,2019/20,78,2020-02-20,Protokoll 2019/20:78 Torsdagen den 20 februari,140,1,2026-10-06
H70979,2019/20,79,2020-02-21,Protokoll 2019/20:79 Fredagen den 21 februari,14,0,2026-10-06
H70977,2019/20,77,2020-02-19,Protokoll 2019/20:77 Onsdagen den 19 februari,147,27,2026-10-06
H70980,2019/20,80,2020-03-03,Protokoll 2019/20:80 Tisdagen den 3 mars,131,15,2026-10-06
H70981,2019/20,81,2020-03-04,Protokoll 2019/20:81 Onsdagen den 4 mars,79,0,2026-10-06
H70982,2019/20,82,2020-03-05,Protokoll 2019/20:82 Torsdagen den 5 mars,128,0,2026-10-06
H70984,2019/20,84,2020-03-10,Protokoll 2019/20:84 Tisdagen den 10 mars,46,0,2026-10-06
H70983,2019/20,83,2020-03-06,Protokoll 2019/20:83 Fredagen den 6 mars,109,2,2026-10-06
H70985,2019/20,85,2020-03-11,Protokoll 2019/20:85 Onsdagen den 11 mars,126,5,2026-10-06
H70987,2019/20,87,2020-03-17,Protokoll 2019/20:87 Tisdagen den 17 mars,64,0,2026-10-06
H70986,2019/20,86,2020-03-12,Protokoll 2019/20:86 Torsdagen den 12 mars,171,1,2026-10-06
H70989,2019/20,89,2020-03-19,Protokoll 2019/20:89 Torsdagen den 19 mars,0,0,2026-10-06
H70988,2019/20,88,2020-03-18,Protokoll 2019/20:88 Onsdagen den 18 mars,90,5,2026-10-06
H70991,2019/20,91,2020-03-20,Protokoll 2019/20:91 Fredagen den 20 mars,7,0,2026-10-06
H70990,2019/20,90,2020-03-19,Protokoll 2019/20:90 Torsdagen den 19 mars,100,0,2026-10-06
H70992,2019/20,92,2020-03-24,Protokoll 2019/20:92 Tisdagen den 24 mars,0,0,2026-10-06
H70993,2019/20,93,2020-03-25,Protokoll 2019/20:93 Onsdagen den 25 mars,50,0,2026-10-06
H70995,2019/20,95,2020-03-27,Protokoll 2019/20:95 Fredagen den 27 mars,46,0,2026-10-06
H70994,2019/20,94,2020-03-26,Protokoll 2019/20:94 Torsdagen den 26 mars,115,0,2026-10-06
H70996,2019/20,96,2020-03-30,Protokoll 2019/20:96 Måndagen den 30 mars,0,0,2026-10-06
H70997,2019/20,97,2020-03-31,Protokoll 2019/20:97 Tisdagen den 31 mars,7,0,2026-10-06
H70998,2019/20,98,2020-04-01,Protokoll 2019/20:98 Onsdagen den 1 april,85,1,2026-10-06
H70999,2019/20,99,2020-04-02,Protokoll 2019/20:99 Torsdagen den 2 april,124,0,2026-10-06
H709100,2019/20,100,2020-04-03,Protokoll 2019/20:100 Fredagen den 3 april,53,0,2026-10-06
H709101,2019/20,101,2020-04-07,Protokoll 2019/20:101 Tisdagen den 7 april,0,0,2026-10-06
H709102,2019/20,102,2020-04-08,Protokoll 2019/20:102 Onsdagen den 8 april,9,0,2026-10-06
H709104,2019/20,104,2020-04-14,Protokoll 2019/20:104 Tisdagen den 14 april,14,0,2026-10-06
H709103,2019/20,103,2020-04-09,Protokoll 2019/20:103 Torsdagen den 9 april,0,0,2026-10-06
H709107,2019/20,107,2020-04-17,Protokoll 2019/20:107 Fredagen den 17 april,14,4,2026-10-06
H709108,2019/20,108,2020-04-21,Protokoll 2019/20:108 Tisdagen den 21 april,0,0,2026-10-06
H709105,2019/20,105,2020-04-15,Protokoll 2019/20:105 Onsdagen den 15 april,74,0,2026-10-06
H709106,2019/20,106,2020-04-16,Protokoll 2019/20:106 Torsdagen den 16 april,148,0,2026-10-06
H709111,2019/20,111,2020-04-24,Protokoll 2019/20:111 Fredagen den 24 april,7,0,2026-10-06
H709110,2019/20,110,2020-04-23,Protokoll 2019/20:110 Torsdagen den 23 april,144,1,2026-10-06
H709112,2019/20,112,2020-04-27,Protokoll 2019/20:112 Måndagen den 27 april,0,0,2026-10-06
H709109,2019/20,109,2020-04-22,Protokoll 2019/20:109 Onsdagen den 22 april,116,3,2026-10-06
H709113,2019/20,113,2020-04-28,Protokoll 2019/20:113 Tisdagen den 28 april,29,0,2026-10-06
H709115,2019/20,115,2020-04-30,Protokoll 2019/20:115 Torsdagen den 30 april,0,0,2026-10-06
H709116,2019/20,116,2020-05-05,Protokoll 2019/20:116 Tisdagen den 5 maj,7,0,2026-10-06
H709114,2019/20,114,2020-04-29,Protokoll 2019/20:114 Onsdagen den 29 april,83,2,2026-10-06
H709117,2019/20,117,2020-05-06,Protokoll 2019/20:117 Onsdagen den 6 maj,69,25,2026-10-06
H709119,2019/20,119,2020-05-12,Protokoll 2019/20:119 Tisdagen den 12 maj,0,0,2026-10-06
H709118,2019/20,118,2020-05-07,Protokoll 2019/20:118 Torsdagen den 7 maj,127,1,2026-10-06
H709122,2019/20,122,2020-05-19,Protokoll 2019/20:122 Tisdagen den 19 maj,0,0,2026-10-06
H709123,2019/20,123,2020-05-20,Protokoll 2019/20:123 Onsdagen den 20 maj,0,0,2026-10-06
H709120,2019/20,120,2020-05-13,Protokoll 2019/20:120 Onsdagen den 13 maj,68,5,2026-10-06
H709121,2019/20,121,2020-05-14,Protokoll 2019/20:121 Torsdagen den 14 maj,126,0,2026-10-06
H709124,2019/20,124,2020-05-25,Protokoll 2019/20:124 Måndagen den 25 maj,7,0,2026-10-06
H709125,2019/20,125,2020-05-26,Protokoll 2019/20:125 Tisdagen den 26 maj,35,0,2026-10-06
H709127,2019/20,127,2020-05-28,Protokoll 2019/20:127 Torsdagen den 28 maj,78,0,2026-10-06
H709126,2019/20,126,2020-05-27,Protokoll 2019/20:126 Onsdagen den 27 maj,93,0,2026-10-06
H709128,2019/20,128,2020-05-29,Protokoll 2019/20:128 Fredagen den 29 maj,66,0,2026-10-06
H709129,2019/20,129,2020-06-01,Protokoll 2019/20:129 Måndagen den 1 juni,17,1,2026-10-06
H709130,2019/20,130,2020-06-02,Protokoll 2019/20:130 Tisdagen den 2 juni,41,0,2026-10-06
H709133,2019/20,133,2020-06-05,Protokoll 2019/20:133 Fredagen den 5 juni,7,0,2026-10-06
H709131,2019/20,131,2020-06-03,Protokoll 2019/20:131 Onsdagen den 3 juni,86,0,2026-10-06
H709132,2019/20,132,2020-06-04,Protokoll 2019/20:132 Torsdagen den 4 juni,174,3,2026-10-06
H709134,2019/20,134,2020-06-08,Protokoll 2019/20:134 Måndagen den 8 juni,35,0,2026-10-06
H709135,2019/20,135,2020-06-09,Protokoll 2019/20:135 Tisdagen den 9 juni,60,2,2026-10-06
H709138,2019/20,138,2020-06-12,Protokoll 2019/20:138 Fredagen den 12 juni,30,7,2026-10-06
H709136,2019/20,136,2020-06-10,Protokoll 2019/20:136 Onsdagen den 10 juni,196,1,2026-10-06
H709137,2019/20,137,2020-06-11,Protokoll 2019/20:137 Torsdagen den 11 juni,179,5,2026-10-06
H709139,2019/20,139,2020-06-15,Protokoll 2019/20:139 Måndagen den 15 juni,126,1,2026-10-06
H709140,2019/20,140,2020-06-16,Protokoll 2019/20:140 Tisdagen den 16 juni,89,8,2026-10-06
H709141,2019/20,141,2020-06-17,Protokoll 2019/20:141 Onsdagen den 17 juni,52,8,2026-10-06
H709142,2019/20,142,2020-06-22,Protokoll 2019/20:142 Måndagen den 22 juni,65,0,2026-10-06
H709144,2019/20,144,2020-06-29,Protokoll 2019/20:144 Måndagen den 29 juni,0,0,2026-10-06
H709143,2019/20,143,2020-06-23,Protokoll 2019/20:143 Tisdagen den 23 juni,68,1,2026-10-06
H709145,2019/20,145,2020-06-30,Protokoll 2019/20:145 Tisdagen den 30 juni,0,0,2026-10-06
H709146,2019/20,146,2020-08-20,Protokoll 2019/20:146 Torsdagen den 20 augusti,77,0,2026-10-06
H709147,2019/20,147,2020-08-27,Protokoll 2019/20:147 Torsdagen den 27 augusti,21,0,2026-10-06
H709148,2019/20,148,2020-09-03,Protokoll 2019/20:148 Torsdagen den 3 september,30,1,2026-10-06
H8091,2020/21,1,2020-09-08,Protokoll 2020/21:1 Tisdagen den 8 september,1,0,2026-10-06
H8092,2020/21,2,2020-09-08,Protokoll 2020/21:2 Tisdagen den 8 september,4,1,2026-10-06
H8093,2020/21,3,2020-09-08,Protokoll 2020/21:3 Tisdagen den 8 september,30,0,2026-10-06
H8094,2020/21,4,2020-09-09,Protokoll 2020/21:4 Onsdagen den 9 september,110,2,2026-10-06
H8096,2020/21,6,2020-09-11,Protokoll 2020/21:6 Fredagen den 11 september,14,0,2026-10-06
H8095,2020/21,5,2020-09-10,Protokoll 2020/21:5 Torsdagen den 10 september,190,4,2026-10-06
H8098,2020/21,8,2020-09-16,Protokoll 2020/21:8 Onsdagen den 16 september,78,1,2026-10-06
H8097,2020/21,7,2020-09-15,Protokoll 2020/21:7 Tisdagen den 15 september,47,0,2026-10-06
H8099,2020/21,9,2020-09-17,Protokoll 2020/21:9 Torsdagen den 17 september,107,2,2026-10-06
H80910,2020/21,10,2020-09-18,Protokoll 2020/21:10 Fredagen den 18 september,40,0,2026-10-06
H80912,2020/21,12,2020-09-22,Protokoll 2020/21:12 Tisdagen den 22 september,7,0,2026-10-06
H80911,2020/21,11,2020-09-21,Protokoll 2020/21:11 Måndagen den 21 september,81,4,2026-10-06
H80913,2020/21,13,2020-09-23,Protokoll 2020/21:13 Onsdagen den 23 september,8,1,2026-10-06
H80916,2020/21,16,2020-09-29,Protokoll 2020/21:16 Tisdagen den 29 september,0,0,2026-10-06
H80915,2020/21,15,2020-09-25,Protokoll 2020/21:15 Fredagen den 25 september,32,0,2026-10-06
H80914,2020/21,14,2020-09-24,Protokoll 2020/21:14 Torsdagen den 24 september,151,1,2026-10-06
H80917,2020/21,17,2020-09-30,Protokoll 2020/21:17 Onsdagen den 30 september,59,0,2026-10-06
H80918,2020/21,18,2020-10-01,Protokoll 2020/21:18 Torsdagen den 1 oktober,97,1,2026-10-06
H80919,2020/21,19,2020-10-02,Protokoll 2020/21:19 Fredagen den 2 oktober,7,0,2026-10-06
H80921,2020/21,21,2020-10-14,Protokoll 2020/21:21 Onsdagen den 14 oktober,3,0,2026-10-06
H80922,2020/21,22,2020-10-15,Protokoll 2020/21:22 Torsdagen den 15 oktober,123,0,2026-10-06
H80920,2020/21,20,2020-10-13,Protokoll 2020/21:20 Tisdagen den 13 oktober,52,1,2026-10-06
H80923,2020/21,23,2020-10-16,Protokoll 2020/21:23 Fredagen den 16 oktober,75,0,2026-10-06
H80924,2020/21,24,2020-10-20,Protokoll 2020/21:24 Tisdagen den 20 oktober,37,0,2026-10-06
H80925,2020/21,25,2020-10-21,Protokoll 2020/21:25 Onsdagen den 21 oktober,72,0,2026-10-06
H80927,2020/21,27,2020-10-23,Protokoll 2020/21:27 Fredagen den 23 oktober,42,7,2026-10-06
H80926,2020/21,26,2020-10-22,Protokoll 2020/21:26 Torsdagen den 22 oktober,169,0,2026-10-06
H80929,2020/21,29,2020-11-04,Protokoll 2020/21:29 Onsdagen den 4 november,21,0,2026-10-06
H80928,2020/21,28,2020-11-03,Protokoll 2020/21:28 Tisdagen den 3 november,74,0,2026-10-06
H80930,2020/21,30,2020-11-05,Protokoll 2020/21:30 Torsdagen den 5 november,103,1,2026-10-06
H80932,2020/21,32,2020-11-10,Protokoll 2020/21:32 Tisdagen den 10 november,118,0,2026-10-06
H80931,2020/21,31,2020-11-06,Protokoll 2020/21:31 Fredagen den 6 november,35,1,2026-10-06
H80933,2020/21,33,2020-11-11,Protokoll 2020/21:33 Onsdagen den 11 november,73,1,2026-10-06
H80934,2020/21,34,2020-11-12,Protokoll 2020/21:34 Torsdagen den 12 november,91,14,2026-10-06
H80935,2020/21,35,2020-11-13,Protokoll 2020/21:35 Fredagen den 13 november,65,8,2026-10-06
H80937,2020/21,37,2020-11-18,Protokoll 2020/21:37 Onsdagen den 18 november,56,0,2026-10-06
H80938,2020/21,38,2020-11-19,Protokoll 2020/21:38 Torsdagen den 19 november,77,0,2026-10-06
H80936,2020/21,36,2020-11-17,Protokoll 2020/21:36 Tisdagen den 17 november,92,5,2026-10-06
H80939,2020/21,39,2020-11-20,Protokoll 2020/21:39 Fredagen den 20 november,42,6,2026-10-06
H80941,2020/21,41,2020-11-25,Protokoll 2020/21:41 Onsdagen den 25 november,131,2,2026-10-06
H80940,2020/21,40,2020-11-24,Protokoll 2020/21:40 Tisdagen den 24 november,137,3,2026-10-06
H80942,2020/21,42,2020-11-26,Protokoll 2020/21:42 Torsdagen den 26 november,206,6,2026-10-06
H80943,2020/21,43,2020-11-27,Protokoll 2020/21:43 Fredagen den 27 november,63,0,2026-10-06
H80944,2020/21,44,2020-12-01,Protokoll 2020/21:44 Tisdagen den 1 december,62,1,2026-10-06
H80945,2020/21,45,2020-12-02,Protokoll 2020/21:45 Onsdagen den 2 december,165,61,2026-10-06
H80947,2020/21,47,2020-12-04,Protokoll 2020/21:47 Fredagen den 4 december,91,0,2026-10-06
H80948,2020/21,48,2020-12-07,Protokoll 2020/21:48 Måndagen den 7 december,50,0,2026-10-06
H80946,2020/21,46,2020-12-03,Protokoll 2020/21:46 Torsdagen den 3 december,205,1,2026-10-06
H80949,2020/21,49,2020-12-08,Protokoll 2020/21:49 Tisdagen den 8 december,77,0,2026-10-06
H80952,2020/21,52,2020-12-11,Protokoll 2020/21:52 Fredagen den 11 december,145,2,2026-10-06
H80950,2020/21,50,2020-12-09,Protokoll 2020/21:50 Onsdagen den 9 december,195,0,2026-10-06
H80951,2020/21,51,2020-12-10,Protokoll 2020/21:51 Torsdagen den 10 december,286,3,2026-10-06
H80954,2020/21,54,2020-12-15,Protokoll 2020/21:54 Tisdagen den 15 december,235,3,2026-10-06
H80953,2020/21,53,2020-12-14,Protokoll 2020/21:53 Måndagen den 14 december,233,0,2026-10-06
H80955,2020/21,55,2020-12-16,Protokoll 2020/21:55 Onsdagen den 16 december,289,4,2026-10-06
H80956,2020/21,56,2020-12-17,Protokoll 2020/21:56 Torsdagen den 17 december,61,0,2026-10-06
H80957,2020/21,57,2020-12-18,Protokoll 2020/21:57 Fredagen den 18 december,65,6,2026-10-06
H80958,2020/21,58,2021-01-04,Protokoll 2020/21:58 Måndagen den 4 januari,0,0,2026-10-06
H80959,2020/21,59,2021-01-05,Protokoll 2020/21:59 Tisdagen den 5 januari,0,0,2026-10-06
H80960,2020/21,60,2021-01-07,Protokoll 2020/21:60 Torsdagen den 7 januari,0,0,2026-10-06
H80961,2020/21,61,2021-01-08,Protokoll 2020/21:61 Fredagen den 8 januari,30,0,2026-10-06
H80962,2020/21,62,2021-01-12,Protokoll 2020/21:62 Tisdagen den 12 januari,91,1,2026-10-06
H80963,2020/21,63,2021-01-13,Protokoll 2020/21:63 Onsdagen den 13 januari,128,1,2026-10-06
H80966,2020/21,66,2021-01-19,Protokoll 2020/21:66 Tisdagen den 19 januari,28,0,2026-10-06
H80964,2020/21,64,2021-01-14,Protokoll 2020/21:64 Torsdagen den 14 januari,245,19,2026-10-06
H80965,2020/21,65,2021-01-15,Protokoll 2020/21:65 Fredagen den 15 januari,102,0,2026-10-06
H80967,2020/21,67,2021-01-20,Protokoll 2020/21:67 Onsdagen den 20 januari,198,0,2026-10-06
H80968,2020/21,68,2021-01-21,Protokoll 2020/21:68 Torsdagen den 21 januari,139,1,2026-10-06
H80969,2020/21,69,2021-01-22,Protokoll 2020/21:69 Fredagen den 22 januari,102,0,2026-10-06
H80970,2020/21,70,2021-01-26,Protokoll 2020/21:70 Tisdagen den 26 januari,33,0,2026-10-06
H80971,2020/21,71,2021-01-27,Protokoll 2020/21:71 Onsdagen den 27 januari,125,0,2026-10-06
H80973,2020/21,73,2021-01-29,Protokoll 2020/21:73 Fredagen den 29 januari,52,0,2026-10-06
H80972,2020/21,72,2021-01-28,Protokoll 2020/21:72 Torsdagen den 28 januari,189,1,2026-10-06
H80974,2020/21,74,2021-02-02,Protokoll 2020/21:74 Tisdagen den 2 februari,112,0,2026-10-06
H80976,2020/21,76,2021-02-04,Protokoll 2020/21:76 Torsdagen den 4 februari,152,1,2026-10-06
H80975,2020/21,75,2021-02-03,Protokoll 2020/21:75 Onsdagen den 3 februari,115,0,2026-10-06
H80977,2020/21,77,2021-02-05,Protokoll 2020/21:77 Fredagen den 5 februari,81,0,2026-10-06
H80978,2020/21,78,2021-02-09,Protokoll 2020/21:78 Tisdagen den 9 februari,81,4,2026-10-06
H80979,2020/21,79,2021-02-10,Protokoll 2020/21:79 Onsdagen den 10 februari,58,0,2026-10-06
H80980,2020/21,80,2021-02-11,Protokoll 2020/21:80 Torsdagen den 11 februari,168,31,2026-10-06
H80981,2020/21,81,2021-02-12,Protokoll 2020/21:81 Fredagen den 12 februari,50,0,2026-10-06
H80982,2020/21,82,2021-02-23,Protokoll 2020/21:82 Tisdagen den 23 februari,136,2,2026-10-06
H80983,2020/21,83,2021-02-24,Protokoll 2020/21:83 Onsdagen den 24 februari,196,1,2026-10-06
H80985,2020/21,85,2021-02-26,Protokoll 2020/21:85 Fredagen den 26 februari,96,7,2026-10-06
H80984,2020/21,84,2021-02-25,Protokoll 2020/21:84 Torsdagen den 25 februari,231,1,2026-10-06
H80986,2020/21,86,2021-03-02,Protokoll 2020/21:86 Tisdagen den 2 mars,148,0,2026-10-06
H80988,2020/21,88,2021-03-04,Protokoll 2020/21:88 Torsdagen den 4 mars,159,2,2026-10-06
H80987,2020/21,87,2021-03-03,Protokoll 2020/21:87 Onsdagen den 3 mars,216,2,2026-10-06
H80989,2020/21,89,2021-03-05,Protokoll 2020/21:89 Fredagen den 5 mars,191,8,2026-10-06
H80990,2020/21,90,2021-03-09,Protokoll 2020/21:90 Tisdagen den 9 mars,112,0,2026-10-06
H80991,2020/21,91,2021-03-10,Protokoll 2020/21:91 Onsdagen den 10 mars,47,0,2026-10-06
H80993,2020/21,93,2021-03-12,Protokoll 2020/21:93 Fredagen den 12 mars,16,0,2026-10-06
H80992,2020/21,92,2021-03-11,Protokoll 2020/21:92 Torsdagen den 11 mars,180,0,2026-10-06
H80994,2020/21,94,2021-03-16,Protokoll 2020/21:94 Tisdagen den 16 mars,111,0,2026-10-06
H80995,2020/21,95,2021-03-17,Protokoll 2020/21:95 Onsdagen den 17 mars,127,40,2026-10-06
H80997,2020/21,97,2021-03-19,Protokoll 2020/21:97 Fredagen den 19 mars,102,14,2026-10-06
H80996,2020/21,96,2021-03-18,Protokoll 2020/21:96 Torsdagen den 18 mars,151,14,2026-10-06
H80998,2020/21,98,2021-03-23,Protokoll 2020/21:98 Tisdagen den 23 mars,96,0,2026-10-06
H809100,2020/21,100,2021-03-25,Protokoll 2020/21:100 Torsdagen den 25 mars,155,6,2026-10-06
H80999,2020/21,99,2021-03-24,Protokoll 2020/21:99 Onsdagen den 24 mars,136,0,2026-10-06
H809102,2020/21,102,2021-04-06,Protokoll 2020/21:102 Tisdagen den 6 april,85,0,2026-10-06
H809101,2020/21,101,2021-03-26,Protokoll 2020/21:101 Fredagen den 26 mars,136,45,2026-10-06
H809103,2020/21,103,2021-04-07,Protokoll 2020/21:103 Onsdagen den 7 april,189,0,2026-10-06
H809104,2020/21,104,2021-04-08,Protokoll 2020/21:104 Torsdagen den 8 april,170,1,2026-10-06
H809105,2020/21,105,2021-04-09,Protokoll 2020/21:105 Fredagen den 9 april,91,8,2026-10-06
H809106,2020/21,106,2021-04-13,Protokoll 2020/21:106 Tisdagen den 13 april,107,3,2026-10-06
H809108,2020/21,108,2021-04-15,Protokoll 2020/21:108 Torsdagen den 15 april,72,1,2026-10-06
H809107,2020/21,107,2021-04-14,Protokoll 2020/21:107 Onsdagen den 14 april,129,1,2026-10-06
H809109,2020/21,109,2021-04-16,Protokoll 2020/21:109 Fredagen den 16 april,137,8,2026-10-06
H809110,2020/21,110,2021-04-20,Protokoll 2020/21:110 Tisdagen den 20 april,118,0,2026-10-06
H809113,2020/21,113,2021-04-23,Protokoll 2020/21:113 Fredagen den 23 april,9,0,2026-10-06
H809111,2020/21,111,2021-04-21,Protokoll 2020/21:111 Onsdagen den 21 april,217,0,2026-10-06
H809112,2020/21,112,2021-04-22,Protokoll 2020/21:112 Torsdagen den 22 april,212,2,2026-10-06
H809114,2020/21,114,2021-04-27,Protokoll 2020/21:114 Tisdagen den 27 april,106,0,2026-10-06
H809115,2020/21,115,2021-04-28,Protokoll 2020/21:115 Onsdagen den 28 april,153,28,2026-10-06
H809117,2020/21,117,2021-04-30,Protokoll 2020/21:117 Fredagen den 30 april,79,0,2026-10-06
H809116,2020/21,116,2021-04-30,Protokoll 2020/21:116 Fredagen den 30 april,221,0,2026-10-06
H809118,2020/21,118,2021-05-04,Protokoll 2020/21:118 Tisdagen den 4 maj,77,2,2026-10-06
H809119,2020/21,119,2021-05-05,Protokoll 2020/21:119 Onsdagen den 5 maj,128,1,2026-10-06
H809121,2020/21,121,2021-05-07,Protokoll 2020/21:121 Fredagen den 7 maj,72,1,2026-10-06
H809120,2020/21,120,2021-05-06,Protokoll 2020/21:120 Torsdagen den 6 maj,176,3,2026-10-06
H809122,2020/21,122,2021-05-18,Protokoll 2020/21:122 Tisdagen den 18 maj,127,0,2026-10-06
H809123,2020/21,123,2021-05-19,Protokoll 2020/21:123 Onsdagen den 19 maj,123,2,2026-10-06
H809125,2020/21,125,2021-05-21,Protokoll 2020/21:125 Fredagen den 21 maj,41,0,2026-10-06
H809124,2020/21,124,2021-05-20,Protokoll 2020/21:124 Torsdagen den 20 maj,195,7,2026-10-06
H809126,2020/21,126,2021-05-25,Protokoll 2020/21:126 Tisdagen den 25 maj,89,3,2026-10-06
H809127,2020/21,127,2021-05-26,Protokoll 2020/21:127 Onsdagen den 26 maj,113,2,2026-10-06
H809128,2020/21,128,2021-05-27,Protokoll 2020/21:128 Torsdagen den 27 maj,194,0,2026-10-06
H809129,2020/21,129,2021-05-28,Protokoll 2020/21:129 Fredagen den 28 maj,153,1,2026-10-06
H809130,2020/21,130,2021-05-31,Protokoll 2020/21:130 Måndagen den 31 maj,95,2,2026-10-06
H809131,2020/21,131,2021-06-01,Protokoll 2020/21:131 Tisdagen den 1 juni,88,7,2026-10-06
H809132,2020/21,132,2021-06-02,Protokoll 2020/21:132 Onsdagen den 2 juni,166,2,2026-10-06
H809133,2020/21,133,2021-06-03,Protokoll 2020/21:133 Torsdagen den 3 juni,163,3,2026-10-06
H809134,2020/21,134,2021-06-04,Protokoll 2020/21:134 Fredagen den 4 juni,41,0,2026-10-06
H809136,2020/21,136,2021-06-08,Protokoll 2020/21:136 Tisdagen den 8 juni,81,3,2026-10-06
H809135,2020/21,135,2021-06-07,Protokoll 2020/21:135 Måndagen den 7 juni,118,0,2026-10-06
H809137,2020/21,137,2021-06-09,Protokoll 2020/21:137 Onsdagen den 9 juni,222,12,2026-10-06
H809139,2020/21,139,2021-06-11,Protokoll 2020/21:139 Fredagen den 11 juni,37,0,2026-10-06
H809138,2020/21,138,2021-06-10,Protokoll 2020/21:138 Torsdagen den 10 juni,175,2,2026-10-06
H809140,2020/21,140,2021-06-14,Protokoll 2020/21:140 Måndagen den 14 juni,115,0,2026-10-06
H809141,2020/21,141,2021-06-15,Protokoll 2020/21:141 Tisdagen den 15 juni,94,0,2026-10-06
H809142,2020/21,142,2021-06-16,Protokoll 2020/21:142 Onsdagen den 16 juni,117,17,2026-10-06
H809143,2020/21,143,2021-06-17,Protokoll 2020/21:143 Torsdagen den 17 juni,131,2,2026-10-06
H809144,2020/21,144,2021-06-18,Protokoll 2020/21:144 Fredagen den 18 juni,129,10,2026-10-06
H809145,2020/21,145,2021-06-21,Protokoll 2020/21:145 Måndagen den 21 juni,150,25,2026-10-06
H809147,2020/21,147,2021-06-23,Protokoll 2020/21:147 Onsdagen den 23 juni,89,0,2026-10-06
H809148,2020/21,148,2021-06-28,Protokoll 2020/21:148 Måndagen den 28 juni,0,0,2026-10-06
H809149,2020/21,149,2021-06-29,Protokoll 2020/21:149 Tisdagen den 29 juni,0,0,2026-10-06
H809146,2020/21,146,2021-06-22,Protokoll 2020/21:146 Tisdagen den 22 juni,156,2,2026-10-06
H809150,2020/21,150,2021-07-05,Protokoll 2020/21:150 Måndagen den 5 juli,1,0,2026-10-06
H809151,2020/21,151,2021-07-06,Protokoll 2020/21:151 Tisdagen den 6 juli,0,0,2026-10-06
H809152,2020/21,152,2021-07-07,Protokoll 2020/21:152 Onsdagen den 7 juli,12,0,2026-10-06
H809153,2020/21,153,2021-07-09,Protokoll 2020/21:153 Fredagen den 9 juli,2,0,2026-10-06
H809154,2020/21,154,2021-08-17,Protokoll 2020/21:154 Tisdagen den 17 augusti,0,1,2026-10-06
H809155,2020/21,155,2021-09-02,Protokoll 2020/21:155 Torsdagen den 2 september,50,11,2026-10-06
H809156,2020/21,156,2021-09-08,Protokoll 2020/21:156 Onsdagen den 8 september,114,0,2026-10-06
H9091,2021/22,1,2021-09-14,Protokoll 2021/22:1 Tisdagen den 14 september,1,0,2026-10-06
H809158,2020/21,158,2021-09-13,Protokoll 2020/21:158 Måndagen den 13 september,105,0,2026-10-06
H809157,2020/21,157,2021-09-09,Protokoll 2020/21:157 Torsdagen den 9 september,152,9,2026-10-06
H9092,2021/22,2,2021-09-14,Protokoll 2021/22:2 Tisdagen den 14 september,4,1,2026-10-06
H9093,2021/22,3,2021-09-15,Protokoll 2021/22:3 Onsdagen den 15 september,90,3,2026-10-06
H9095,2021/22,5,2021-09-17,Protokoll 2021/22:5 Fredagen den 17 september,21,0,2026-10-06
H9094,2021/22,4,2021-09-16,Protokoll 2021/22:4 Torsdagen den 16 september,154,0,2026-10-06
H9096,2021/22,6,2021-09-20,Protokoll 2021/22:6 Måndagen den 20 september,105,2,2026-10-06
H9097,2021/22,7,2021-09-21,Protokoll 2021/22:7 Tisdagen den 21 september,68,0,2026-10-06
H9098,2021/22,8,2021-09-22,Protokoll 2021/22:8 Onsdagen den 22 september,64,0,2026-10-06
H9099,2021/22,9,2021-09-23,Protokoll 2021/22:9 Torsdagen den 23 september,120,0,2026-10-06
H90910,2021/22,10,2021-09-24,Protokoll 2021/22:10 Fredagen den 24 september,21,0,2026-10-06
H90911,2021/22,11,2021-09-28,Protokoll 2021/22:11 Tisdagen den 28 september,0,0,2026-10-06
H90913,2021/22,13,2021-09-30,Protokoll 2021/22:13 Torsdagen den 30 september,134,9,2026-10-06
H90912,2021/22,12,2021-09-29,Protokoll 2021/22:12 Onsdagen den 29 september,115,3,2026-10-06
H90915,2021/22,15,2021-10-13,Protokoll 2021/22:15 Onsdagen den 13 oktober,15,0,2026-10-06
H90914,2021/22,14,2021-10-12,Protokoll 2021/22:14 Tisdagen den 12 oktober,84,3,2026-10-06
H90916,2021/22,16,2021-10-14,Protokoll 2021/22:16 Torsdagen den 14 oktober,111,0,2026-10-06
H90917,2021/22,17,2021-10-19,Protokoll 2021/22:17 Tisdagen den 19 oktober,55,0,2026-10-06
H90918,2021/22,18,2021-10-20,Protokoll 2021/22:18 Onsdagen den 20 oktober,16,0,2026-10-06
H90919,2021/22,19,2021-10-21,Protokoll 2021/22:19 Torsdagen den 21 oktober,145,16,2026-10-06
H90921,2021/22,21,2021-10-26,Protokoll 2021/22:21 Tisdagen den 26 oktober,51,0,2026-10-06
H90922,2021/22,22,2021-10-27,Protokoll 2021/22:22 Onsdagen den 27 oktober,54,0,2026-10-06
H90920,2021/22,20,2021-10-22,Protokoll 2021/22:20 Fredagen den 22 oktober,21,0,2026-10-06
H90923,2021/22,23,2021-10-28,Protokoll 2021/22:23 Torsdagen den 28 oktober,76,0,2026-10-06
H90925,2021/22,25,2021-11-04,Protokoll 2021/22:25 Torsdagen den 4 november,0,0,2026-10-06
H90924,2021/22,24,2021-10-29,Protokoll 2021/22:24 Fredagen den 29 oktober,76,0,2026-10-06
H90926,2021/22,26,2021-11-09,Protokoll 2021/22:26 Tisdagen den 9 november,74,1,2026-10-06
H90927,2021/22,27,2021-11-10,Protokoll 2021/22:27 Onsdagen den 10 november,19,0,2026-10-06
H90928,2021/22,28,2021-11-16,Protokoll 2021/22:28 Tisdagen den 16 november,0,0,2026-10-06
H90931,2021/22,31,2021-11-22,Protokoll 2021/22:31 Måndagen den 22 november,1,0,2026-10-06
H90930,2021/22,30,2021-11-18,Protokoll 2021/22:30 Torsdagen den 18 november,43,12,2026-10-06
H90929,2021/22,29,2021-11-17,Protokoll 2021/22:29 Onsdagen den 17 november,108,0,2026-10-06
H90932,2021/22,32,2021-11-23,Protokoll 2021/22:32 Tisdagen den 23 november,21,0,2026-10-06
H90935,2021/22,35,2021-11-26,Protokoll 2021/22:35 Fredagen den 26 november,0,0,2026-10-06
H90933,2021/22,33,2021-11-24,Protokoll 2021/22:33 Onsdagen den 24 november,131,4,2026-10-06
H90936,2021/22,36,2021-11-29,Protokoll 2021/22:36 Måndagen den 29 november,11,0,2026-10-06
H90934,2021/22,34,2021-11-25,Protokoll 2021/22:34 Torsdagen den 25 november,56,7,2026-10-06
H90937,2021/22,37,2021-11-30,Protokoll 2021/22:37 Tisdagen den 30 november,2,1,2026-10-06
H90939,2021/22,39,2021-12-02,Protokoll 2021/22:39 Torsdagen den 2 december,40,0,2026-10-06
H90940,2021/22,40,2021-12-07,Protokoll 2021/22:40 Tisdagen den 7 december,0,0,2026-10-06
H90938,2021/22,38,2021-12-01,Protokoll 2021/22:38 Onsdagen den 1 december,155,51,2026-10-06
H90943,2021/22,43,2021-12-10,Protokoll 2021/22:43 Fredagen den 10 december,28,0,2026-10-06
H90941,2021/22,41,2021-12-08,Protokoll 2021/22:41 Onsdagen den 8 december,330,4,2026-10-06
H90942,2021/22,42,2021-12-09,Protokoll 2021/22:42 Torsdagen den 9 december,263,3,2026-10-06
H90944,2021/22,44,2021-12-13,Protokoll 2021/22:44 Måndagen den 13 december,175,2,2026-10-06
H90945,2021/22,45,2021-12-14,Protokoll 2021/22:45 Tisdagen den 14 december,149,1,2026-10-06
H90946,2021/22,46,2021-12-15,Protokoll 2021/22:46 Onsdagen den 15 december,184,2,2026-10-06
H90949,2021/22,49,2021-12-20,Protokoll 2021/22:49 Måndagen den 20 december,0,0,2026-10-06
H90947,2021/22,47,2021-12-16,Protokoll 2021/22:47 Torsdagen den 16 december,196,1,2026-10-06
H90948,2021/22,48,2021-12-17,Protokoll 2021/22:48 Fredagen den 17 december,143,0,2026-10-06
H90950,2021/22,50,2022-01-11,Protokoll 2021/22:50 Tisdagen den 11 januari,71,2,2026-10-06
H90951,2021/22,51,2022-01-12,Protokoll 2021/22:51 Onsdagen den 12 januari,120,4,2026-10-06
H90952,2021/22,52,2022-01-13,Protokoll 2021/22:52 Torsdagen den 13 januari,151,2,2026-10-06
H90953,2021/22,53,2022-01-14,Protokoll 2021/22:53 Fredagen den 14 januari,96,0,2026-10-06
H90954,2021/22,54,2022-01-18,Protokoll 2021/22:54 Tisdagen den 18 januari,38,1,2026-10-06
H90955,2021/22,55,2022-01-19,Protokoll 2021/22:55 Onsdagen den 19 januari,96,0,2026-10-06
H90956,2021/22,56,2022-01-20,Protokoll 2021/22:56 Torsdagen den 20 januari,143,0,2026-10-06
H90957,2021/22,57,2022-01-21,Protokoll 2021/22:57 Fredagen den 21 januari,63,17,2026-10-06
H90960,2021/22,60,2022-01-27,Protokoll 2021/22:60 Torsdagen den 27 januari,122,2,2026-10-06
H90958,2021/22,58,2022-01-25,Protokoll 2021/22:58 Tisdagen den 25 januari,97,0,2026-10-06
H90959,2021/22,59,2022-01-26,Protokoll 2021/22:59 Onsdagen den 26 januari,163,0,2026-10-06
H90961,2021/22,61,2022-01-28,Protokoll 2021/22:61 Fredagen den 28 januari,147,0,2026-10-06
H90962,2021/22,62,2022-02-01,Protokoll 2021/22:62 Tisdagen den 1 februari,125,6,2026-10-06
H90964,2021/22,64,2022-02-03,Protokoll 2021/22:64 Torsdagen den 3 februari,121,1,2026-10-06
H90963,2021/22,63,2022-02-02,Protokoll 2021/22:63 Onsdagen den 2 februari,103,0,2026-10-06
H90965,2021/22,65,2022-02-04,Protokoll 2021/22:65 Fredagen den 4 februari,145,1,2026-10-06
H90966,2021/22,66,2022-02-15,Protokoll 2021/22:66 Tisdagen den 15 februari,147,1,2026-10-06
H90968,2021/22,68,2022-02-17,Protokoll 2021/22:68 Torsdagen den 17 februari,183,4,2026-10-06
H90967,2021/22,67,2022-02-16,Protokoll 2021/22:67 Onsdagen den 16 februari,297,1,2026-10-06
H90969,2021/22,69,2022-02-18,Protokoll 2021/22:69 Fredagen den 18 februari,75,0,2026-10-06
H90970,2021/22,70,2022-02-22,Protokoll 2021/22:70 Tisdagen den 22 februari,91,0,2026-10-06
H90971,2021/22,71,2022-02-23,Protokoll 2021/22:71 Onsdagen den 23 februari,130,0,2026-10-06
H90973,2021/22,73,2022-02-25,Protokoll 2021/22:73 Fredagen den 25 februari,35,0,2026-10-06
H90974,2021/22,74,2022-02-28,Protokoll 2021/22:74 Måndagen den 28 februari,0,0,2026-10-06
H90972,2021/22,72,2022-02-24,Protokoll 2021/22:72 Torsdagen den 24 februari,165,0,2026-10-06
H90975,2021/22,75,2022-02-28,Protokoll 2021/22:75 Måndagen den 28 februari,16,0,2026-10-06
H90976,2021/22,76,2022-03-01,Protokoll 2021/22:76 Tisdagen den 1 mars,93,14,2026-10-06
H90978,2021/22,78,2022-03-03,Protokoll 2021/22:78 Torsdagen den 3 mars,129,1,2026-10-06
H90980,2021/22,80,2022-03-14,Protokoll 2021/22:80 Måndagen den 14 mars,0,0,2026-10-06
H90977,2021/22,77,2022-03-02,Protokoll 2021/22:77 Onsdagen den 2 mars,112,1,2026-10-06
H90979,2021/22,79,2022-03-04,Protokoll 2021/22:79 Fredagen den 4 mars,115,0,2026-10-06
H90983,2021/22,83,2022-03-17,Protokoll 2021/22:83 Torsdagen den 17 mars,149,8,2026-10-06
H90981,2021/22,81,2022-03-15,Protokoll 2021/22:81 Tisdagen den 15 mars,102,4,2026-10-06
H90982,2021/22,82,2022-03-16,Protokoll 2021/22:82 Onsdagen den 16 mars,149,1,2026-10-06
H90984,2021/22,84,2022-03-18,Protokoll 2021/22:84 Fredagen den 18 mars,71,0,2026-10-06
H90985,2021/22,85,2022-03-22,Protokoll 2021/22:85 Tisdagen den 22 mars,54,0,2026-10-06
H90988,2021/22,88,2022-03-25,Protokoll 2021/22:88 Fredagen den 25 mars,24,0,2026-10-06
H90986,2021/22,86,2022-03-23,Protokoll 2021/22:86 Onsdagen den 23 mars,145,0,2026-10-06
H90987,2021/22,87,2022-03-24,Protokoll 2021/22:87 Torsdagen den 24 mars,153,1,2026-10-06
H90989,2021/22,89,2022-03-29,Protokoll 2021/22:89 Tisdagen den 29 mars,85,0,2026-10-06
H90992,2021/22,92,2022-04-01,Protokoll 2021/22:92 Fredagen den 1 april,45,8,2026-10-06
H90990,2021/22,90,2022-03-30,Protokoll 2021/22:90 Onsdagen den 30 mars,172,23,2026-10-06
H90993,2021/22,93,2022-04-05,Protokoll 2021/22:93 Tisdagen den 5 april,14,0,2026-10-06
H90991,2021/22,91,2022-03-31,Protokoll 2021/22:91 Torsdagen den 31 mars,179,4,2026-10-06
H90996,2021/22,96,2022-04-08,Protokoll 2021/22:96 Fredagen den 8 april,42,1,2026-10-06
H90994,2021/22,94,2022-04-06,Protokoll 2021/22:94 Onsdagen den 6 april,105,0,2026-10-06
H90997,2021/22,97,2022-04-13,Protokoll 2021/22:97 Onsdagen den 13 april,0,0,2026-10-06
H90995,2021/22,95,2022-04-07,Protokoll 2021/22:95 Torsdagen den 7 april,192,0,2026-10-06
H90998,2021/22,98,2022-04-19,Protokoll 2021/22:98 Tisdagen den 19 april,171,7,2026-10-06
H90999,2021/22,99,2022-04-20,Protokoll 2021/22:99 Onsdagen den 20 april,120,9,2026-10-06
H909101,2021/22,101,2022-04-22,Protokoll 2021/22:101 Fredagen den 22 april,46,19,2026-10-06
H909100,2021/22,100,2022-04-21,Protokoll 2021/22:100 Torsdagen den 21 april,164,8,2026-10-06
H909102,2021/22,102,2022-04-26,Protokoll 2021/22:102 Tisdagen den 26 april,35,0,2026-10-06
H909105,2021/22,105,2022-04-29,Protokoll 2021/22:105 Fredagen den 29 april,91,0,2026-10-06
H909103,2021/22,103,2022-04-27,Protokoll 2021/22:103 Onsdagen den 27 april,175,29,2026-10-06
H909104,2021/22,104,2022-04-28,Protokoll 2021/22:104 Torsdagen den 28 april,167,1,2026-10-06
H909106,2021/22,106,2022-05-03,Protokoll 2021/22:106 Tisdagen den 3 maj,14,3,2026-10-06
H909109,2021/22,109,2022-05-06,Protokoll 2021/22:109 Fredagen den 6 maj,100,1,2026-10-06
H909108,2021/22,108,2022-05-05,Protokoll 2021/22:108 Torsdagen den 5 maj,152,0,2026-10-06
H909110,2021/22,110,2022-05-10,Protokoll 2021/22:110 Tisdagen den 10 maj,77,0,2026-10-06
H909107,2021/22,107,2022-05-04,Protokoll 2021/22:107 Onsdagen den 4 maj,130,6,2026-10-06
H909113,2021/22,113,2022-05-13,Protokoll 2021/22:113 Fredagen den 13 maj,21,0,2026-10-06
H909111,2021/22,111,2022-05-11,Protokoll 2021/22:111 Onsdagen den 11 maj,63,2,2026-10-06
H909112,2021/22,112,2022-05-12,Protokoll 2021/22:112 Torsdagen den 12 maj,168,6,2026-10-06
H909114,2021/22,114,2022-05-16,Protokoll 2021/22:114 Måndagen den 16 maj,33,0,2026-10-06
H909115,2021/22,115,2022-05-17,Protokoll 2021/22:115 Tisdagen den 17 maj,12,0,2026-10-06
H909118,2021/22,118,2022-05-20,Protokoll 2021/22:118 Fredagen den 20 maj,14,7,2026-10-06
H909117,2021/22,117,2022-05-19,Protokoll 2021/22:117 Torsdagen den 19 maj,137,0,2026-10-06
H909119,2021/22,119,2022-05-25,Protokoll 2021/22:119 Onsdagen den 25 maj,0,0,2026-10-06
H909116,2021/22,116,2022-05-18,Protokoll 2021/22:116 Onsdagen den 18 maj,187,0,2026-10-06
H909120,2021/22,120,2022-05-30,Protokoll 2021/22:120 Måndagen den 30 maj,122,0,2026-10-06
H909121,2021/22,121,2022-05-31,Protokoll 2021/22:121 Tisdagen den 31 maj,73,3,2026-10-06
H909122,2021/22,122,2022-06-01,Protokoll 2021/22:122 Onsdagen den 1 juni,78,1,2026-10-06
H909123,2021/22,123,2022-06-02,Protokoll 2021/22:123 Torsdagen den 2 juni,160,4,2026-10-06
H909124,2021/22,124,2022-06-03,Protokoll 2021/22:124 Fredagen den 3 juni,49,0,2026-10-06
H909125,2021/22,125,2022-06-07,Protokoll 2021/22:125 Tisdagen den 7 juni,88,0,2026-10-06
H909127,2021/22,127,2022-06-09,Protokoll 2021/22:127 Torsdagen den 9 juni,128,9,2026-10-06
H909126,2021/22,126,2022-06-08,Protokoll 2021/22:126 Onsdagen den 8 juni,214,0,2026-10-06
H909128,2021/22,128,2022-06-10,Protokoll 2021/22:128 Fredagen den 10 juni,200,0,2026-10-06
H909129,2021/22,129,2022-06-13,Protokoll 2021/22:129 Måndagen den 13 juni,90,0,2026-10-06
H909130,2021/22,130,2022-06-14,Protokoll 2021/22:130 Tisdagen den 14 juni,115,0,2026-10-06
H909131,2021/22,131,2022-06-15,Protokoll 2021/22:131 Onsdagen den 15 juni,125,2,2026-10-06
H909132,2021/22,132,2022-06-16,Protokoll 2021/22:132 Torsdagen den 16 juni,166,1,2026-10-06
H909133,2021/22,133,2022-06-17,Protokoll 2021/22:133 Fredagen den 17 juni,71,1,2026-10-06
H909134,2021/22,134,2022-06-20,Protokoll 2021/22:134 Måndagen den 20 juni,126,0,2026-10-06
H909136,2021/22,136,2022-06-22,Protokoll 2021/22:136 Onsdagen den 22 juni,170,8,2026-10-06
H909135,2021/22,135,2022-06-21,Protokoll 2021/22:135 Tisdagen den 21 juni,94,8,2026-10-06
H909137,2021/22,137,2022-06-27,Protokoll 2021/22:137 Måndagen den 27 juni,125,1,2026-10-06
H909138,2021/22,138,2022-06-28,Protokoll 2021/22:138 Tisdagen den 28 juni,81,7,2026-10-06
H909139,2021/22,139,2022-06-29,Protokoll 2021/22:139 Onsdagen den 29 juni,68,0,2026-10-06
H909140,2021/22,140,2022-09-05,Protokoll 2021/22:140 Måndagen den 5 september,0,2,2026-10-06
H909141,2021/22,141,2022-09-05,Protokoll 2021/22:141 Måndagen den 5 september,21,0,2026-10-06
H909142,2021/22,142,2022-09-21,Protokoll 2021/22:142 Onsdagen den 21 september,43,0,2026-10-06
HA091,2022/23,1,2022-09-26,Protokoll 2022/23:1 Måndagen den 26 september,25,0,2026-10-06
HA092,2022/23,2,2022-09-27,Protokoll 2022/23:2 Tisdagen den 27 september,2,0,2026-10-06
HA093,2022/23,3,2022-09-28,Protokoll 2022/23:3 Onsdagen den 28 september,0,0,2026-10-06
HA094,2022/23,4,2022-10-04,Protokoll 2022/23:4 Tisdagen den 4 oktober,1,0,2026-10-06
HA095,2022/23,5,2022-10-11,Protokoll 2022/23:5 Tisdagen den 11 oktober,0,0,2026-10-06
HA097,2022/23,7,2022-10-14,Protokoll 2022/23:7 Fredagen den 14 oktober,1,0,2026-10-06
HA098,2022/23,8,2022-10-15,Protokoll 2022/23:8 Lördagen den 15 oktober,0,0,2026-10-06
HA096,2022/23,6,2022-10-12,Protokoll 2022/23:6 Onsdagen den 12 oktober,40,0,2026-10-06
HA099,2022/23,9,2022-10-17,Protokoll 2022/23:9 Måndagen den 17 oktober,11,1,2026-10-06
HA0910,2022/23,10,2022-10-18,Protokoll 2022/23:10 Tisdagen den 18 oktober,3,0,2026-10-06
HA0913,2022/23,13,2022-10-25,Protokoll 2022/23:13 Tisdagen den 25 oktober,0,0,2026-10-06
HA0911,2022/23,11,2022-10-19,Protokoll 2022/23:11 Onsdagen den 19 oktober,322,11,2026-10-06
HA0912,2022/23,12,2022-10-20,Protokoll 2022/23:12 Torsdagen den 20 oktober,200,2,2026-10-06
HA0914,2022/23,14,2022-10-26,Protokoll 2022/23:14 Onsdagen den 26 oktober,143,0,2026-10-06
HA0915,2022/23,15,2022-10-27,Protokoll 2022/23:15 Torsdagen den 27 oktober,115,0,2026-10-06
HA0917,2022/23,17,2022-11-09,Protokoll 2022/23:17 Onsdagen den 9 november,0,0,2026-10-06
HA0918,2022/23,18,2022-11-10,Protokoll 2022/23:18 Torsdagen den 10 november,112,2,2026-10-06
HA0916,2022/23,16,2022-11-08,Protokoll 2022/23:16 Tisdagen den 8 november,111,2,2026-10-06
HA0919,2022/23,19,2022-11-11,Protokoll 2022/23:19 Fredagen den 11 november,12,0,2026-10-06
HA0920,2022/23,20,2022-11-15,Protokoll 2022/23:20 Tisdagen den 15 november,76,0,2026-10-06
HA0922,2022/23,22,2022-11-17,Protokoll 2022/23:22 Torsdagen den 17 november,114,0,2026-10-06
HA0923,2022/23,23,2022-11-18,Protokoll 2022/23:23 Fredagen den 18 november,23,0,2026-10-06
HA0921,2022/23,21,2022-11-16,Protokoll 2022/23:21 Onsdagen den 16 november,151,0,2026-10-06
HA0924,2022/23,24,2022-11-22,Protokoll 2022/23:24 Tisdagen den 22 november,32,0,2026-10-06
HA0926,2022/23,26,2022-11-24,Protokoll 2022/23:26 Torsdagen den 24 november,78,2,2026-10-06
HA0927,2022/23,27,2022-11-29,Protokoll 2022/23:27 Tisdagen den 29 november,32,2,2026-10-06
HA0925,2022/23,25,2022-11-23,Protokoll 2022/23:25 Onsdagen den 23 november,116,0,2026-10-06
HA0928,2022/23,28,2022-11-30,Protokoll 2022/23:28 Onsdagen den 30 november,99,1,2026-10-06
HA0930,2022/23,30,2022-12-02,Protokoll 2022/23:30 Fredagen den 2 december,16,1,2026-10-06
HA0929,2022/23,29,2022-12-01,Protokoll 2022/23:29 Torsdagen den 1 december,108,0,2026-10-06
HA0931,2022/23,31,2022-12-05,Protokoll 2022/23:31 Måndagen den 5 december,14,0,2026-10-06
HA0933,2022/23,33,2022-12-07,Protokoll 2022/23:33 Onsdagen den 7 december,14,0,2026-10-06
HA0934,2022/23,34,2022-12-08,Protokoll 2022/23:34 Torsdagen den 8 december,120,0,2026-10-06
HA0932,2022/23,32,2022-12-06,Protokoll 2022/23:32 Tisdagen den 6 december,111,3,2026-10-06
HA0936,2022/23,36,2022-12-12,Protokoll 2022/23:36 Måndagen den 12 december,8,0,2026-10-06
HA0935,2022/23,35,2022-12-09,Protokoll 2022/23:35 Fredagen den 9 december,56,14,2026-10-06
HA0937,2022/23,37,2022-12-13,Protokoll 2022/23:37 Tisdagen den 13 december,177,3,2026-10-06
HA0938,2022/23,38,2022-12-14,Protokoll 2022/23:38 Onsdagen den 14 december,159,0,2026-10-06
HA0939,2022/23,39,2022-12-15,Protokoll 2022/23:39 Torsdagen den 15 december,352,46,2026-10-06
HA0940,2022/23,40,2022-12-16,Protokoll 2022/23:40 Fredagen den 16 december,114,3,2026-10-06
HA0941,2022/23,41,2022-12-17,Protokoll 2022/23:41 Lördagen den 17 december,164,1,2026-10-06
HA0942,2022/23,42,2022-12-19,Protokoll 2022/23:42 Måndagen den 19 december,275,2,2026-10-06
HA0944,2022/23,44,2022-12-21,Protokoll 2022/23:44 Onsdagen den 21 december,113,0,2026-10-06
HA0945,2022/23,45,2023-01-13,Protokoll 2022/23:45 Fredagen den 13 januari,0,1,2026-10-06
HA0943,2022/23,43,2022-12-20,Protokoll 2022/23:43 Tisdagen den 20 december,275,3,2026-10-06
HA0946,2022/23,46,2023-01-17,Protokoll 2022/23:46 Tisdagen den 17 januari,63,0,2026-10-06
HA0947,2022/23,47,2023-01-18,Protokoll 2022/23:47 Onsdagen den 18 januari,110,1,2026-10-06
HA0948,2022/23,48,2023-01-19,Protokoll 2022/23:48 Torsdagen den 19 januari,119,3,2026-10-06
HA0949,2022/23,49,2023-01-20,Protokoll 2022/23:49 Fredagen den 20 januari,21,0,2026-10-06
HA0950,2022/23,50,2023-01-24,Protokoll 2022/23:50 Tisdagen den 24 januari,103,15,2026-10-06
HA0952,2022/23,52,2023-01-26,Protokoll 2022/23:52 Torsdagen den 26 januari,134,7,2026-10-06
HA0951,2022/23,51,2023-01-25,Protokoll 2022/23:51 Onsdagen den 25 januari,99,5,2026-10-06
HA0953,2022/23,53,2023-01-27,Protokoll 2022/23:53 Fredagen den 27 januari,76,1,2026-10-06
HA0955,2022/23,55,2023-02-01,Protokoll 2022/23:55 Onsdagen den 1 februari,0,0,2026-10-06
HA0954,2022/23,54,2023-01-31,Protokoll 2022/23:54 Tisdagen den 31 januari,120,4,2026-10-06
HA0956,2022/23,56,2023-02-02,Protokoll 2022/23:56 Torsdagen den 2 februari,109,0,2026-10-06
HA0957,2022/23,57,2023-02-03,Protokoll 2022/23:57 Fredagen den 3 februari,7,0,2026-10-06
HA0958,2022/23,58,2023-02-07,Protokoll 2022/23:58 Tisdagen den 7 februari,71,0,2026-10-06
HA0960,2022/23,60,2023-02-09,Protokoll 2022/23:60 Torsdagen den 9 februari,136,1,2026-10-06
HA0959,2022/23,59,2023-02-08,Protokoll 2022/23:59 Onsdagen den 8 februari,84,1,2026-10-06
HA0961,2022/23,61,2023-02-10,Protokoll 2022/23:61 Fredagen den 10 februari,35,1,2026-10-06
HA0962,2022/23,62,2023-02-14,Protokoll 2022/23:62 Tisdagen den 14 februari,96,0,2026-10-06
HA0963,2022/23,63,2023-02-15,Protokoll 2022/23:63 Onsdagen den 15 februari,182,1,2026-10-06
HA0964,2022/23,64,2023-02-16,Protokoll 2022/23:64 Torsdagen den 16 februari,177,2,2026-10-06
HA0965,2022/23,65,2023-02-17,Protokoll 2022/23:65 Fredagen den 17 februari,118,15,2026-10-06
HA0966,2022/23,66,2023-02-21,Protokoll 2022/23:66 Tisdagen den 21 februari,63,0,2026-10-06
HA0967,2022/23,67,2023-02-22,Protokoll 2022/23:67 Onsdagen den 22 februari,155,4,2026-10-06
HA0969,2022/23,69,2023-02-24,Protokoll 2022/23:69 Fredagen den 24 februari,120,0,2026-10-06
HA0968,2022/23,68,2023-02-23,Protokoll 2022/23:68 Torsdagen den 23 februari,219,0,2026-10-06
HA0970,2022/23,70,2023-03-07,Protokoll 2022/23:70 Tisdagen den 7 mars,114,6,2026-10-06
HA0971,2022/23,71,2023-03-08,Protokoll 2022/23:71 Onsdagen den 8 mars,151,8,2026-10-06
HA0973,2022/23,73,2023-03-10,Protokoll 2022/23:73 Fredagen den 10 mars,28,0,2026-10-06
HA0972,2022/23,72,2023-03-09,Protokoll 2022/23:72 Torsdagen den 9 mars,164,0,2026-10-06
HA0975,2022/23,75,2023-03-15,Protokoll 2022/23:75 Onsdagen den 15 mars,63,1,2026-10-06
HA0976,2022/23,76,2023-03-16,Protokoll 2022/23:76 Torsdagen den 16 mars,163,0,2026-10-06
HA0974,2022/23,74,2023-03-14,Protokoll 2022/23:74 Tisdagen den 14 mars,125,0,2026-10-06
HA0977,2022/23,77,2023-03-17,Protokoll 2022/23:77 Fredagen den 17 mars,35,9,2026-10-06
HA0978,2022/23,78,2023-03-21,Protokoll 2022/23:78 Tisdagen den 21 mars,37,0,2026-10-06
HA0980,2022/23,80,2023-03-23,Protokoll 2022/23:80 Torsdagen den 23 mars,162,0,2026-10-06
HA0981,2022/23,81,2023-03-24,Protokoll 2022/23:81 Fredagen den 24 mars,18,0,2026-10-06
HA0979,2022/23,79,2023-03-22,Protokoll 2022/23:79 Onsdagen den 22 mars,285,0,2026-10-06
HA0982,2022/23,82,2023-03-28,Protokoll 2022/23:82 Tisdagen den 28 mars,113,10,2026-10-06
HA0983,2022/23,83,2023-03-29,Protokoll 2022/23:83 Onsdagen den 29 mars,146,12,2026-10-06
HA0985,2022/23,85,2023-03-31,Protokoll 2022/23:85 Fredagen den 31 mars,95,0,2026-10-06
HA0984,2022/23,84,2023-03-30,Protokoll 2022/23:84 Torsdagen den 30 mars,202,1,2026-10-06
HA0986,2022/23,86,2023-04-11,Protokoll 2022/23:86 Tisdagen den 11 april,115,6,2026-10-06
HA0989,2022/23,89,2023-04-14,Protokoll 2022/23:89 Fredagen den 14 april,11,0,2026-10-06
HA0990,2022/23,90,2023-04-17,Protokoll 2022/23:90 Måndagen den 17 april,61,2,2026-10-06
HA0988,2022/23,88,2023-04-13,Protokoll 2022/23:88 Torsdagen den 13 april,198,25,2026-10-06
HA0987,2022/23,87,2023-04-12,Protokoll 2022/23:87 Onsdagen den 12 april,202,46,2026-10-06
HA0991,2022/23,91,2023-04-18,Protokoll 2022/23:91 Tisdagen den 18 april,99,1,2026-10-06
HA0994,2022/23,94,2023-04-21,Protokoll 2022/23:94 Fredagen den 21 april,45,0,2026-10-06
HA0993,2022/23,93,2023-04-20,Protokoll 2022/23:93 Torsdagen den 20 april,243,1,2026-10-06
HA0995,2022/23,95,2023-04-23,Protokoll 2022/23:95 Söndagen den 23 april,0,0,2026-10-06
HA0996,2022/23,96,2023-04-23,Protokoll 2022/23:96 Söndagen den 23 april,10,0,2026-10-06
HA0992,2022/23,92,2023-04-19,Protokoll 2022/23:92 Onsdagen den 19 april,241,3,2026-10-06
HA0997,2022/23,97,2023-04-25,Protokoll 2022/23:97 Tisdagen den 25 april,36,10,2026-10-06
HA09100,2022/23,100,2023-04-28,Protokoll 2022/23:100 Fredagen den 28 april,137,7,2026-10-06
HA09101,2022/23,101,2023-05-02,Protokoll 2022/23:101 Tisdagen den 2 maj,21,0,2026-10-06
HA0999,2022/23,99,2023-04-27,Protokoll 2022/23:99 Torsdagen den 27 april,235,3,2026-10-06
HA0998,2022/23,98,2023-04-26,Protokoll 2022/23:98 Onsdagen den 26 april,204,1,2026-10-06
HA09104,2022/23,104,2023-05-05,Protokoll 2022/23:104 Fredagen den 5 maj,14,0,2026-10-06
HA09103,2022/23,103,2023-05-04,Protokoll 2022/23:103 Torsdagen den 4 maj,254,1,2026-10-06
HA09102,2022/23,102,2023-05-03,Protokoll 2022/23:102 Onsdagen den 3 maj,122,2,2026-10-06
HA09105,2022/23,105,2023-05-09,Protokoll 2022/23:105 Tisdagen den 9 maj,121,3,2026-10-06
HA09108,2022/23,108,2023-05-12,Protokoll 2022/23:108 Fredagen den 12 maj,25,7,2026-10-06
HA09106,2022/23,106,2023-05-10,Protokoll 2022/23:106 Onsdagen den 10 maj,196,1,2026-10-06
HA09107,2022/23,107,2023-05-11,Protokoll 2022/23:107 Torsdagen den 11 maj,258,4,2026-10-06
HA09109,2022/23,109,2023-05-22,Protokoll 2022/23:109 Måndagen den 22 maj,58,14,2026-10-06
HA09110,2022/23,110,2023-05-23,Protokoll 2022/23:110 Tisdagen den 23 maj,99,0,2026-10-06
HA09112,2022/23,112,2023-05-25,Protokoll 2022/23:112 Torsdagen den 25 maj,160,2,2026-10-06
HA09111,2022/23,111,2023-05-24,Protokoll 2022/23:111 Onsdagen den 24 maj,93,0,2026-10-06
HA09113,2022/23,113,2023-05-26,Protokoll 2022/23:113 Fredagen den 26 maj,76,8,2026-10-06
HA09114,2022/23,114,2023-05-29,Protokoll 2022/23:114 Måndagen den 29 maj,33,0,2026-10-06
HA09115,2022/23,115,2023-05-30,Protokoll 2022/23:115 Tisdagen den 30 maj,66,0,2026-10-06
HA09117,2022/23,117,2023-06-01,Protokoll 2022/23:117 Torsdagen den 1 juni,136,0,2026-10-06
HA09118,2022/23,118,2023-06-02,Protokoll 2022/23:118 Fredagen den 2 juni,84,2,2026-10-06
HA09119,2022/23,119,2023-06-07,Protokoll 2022/23:119 Onsdagen den 7 juni,126,0,2026-10-06
HA09116,2022/23,116,2023-05-31,Protokoll 2022/23:116 Onsdagen den 31 maj,191,17,2026-10-06
HA09121,2022/23,121,2023-06-09,Protokoll 2022/23:121 Fredagen den 9 juni,17,0,2026-10-06
HA09120,2022/23,120,2023-06-08,Protokoll 2022/23:120 Torsdagen den 8 juni,186,12,2026-10-06
HA09123,2022/23,123,2023-06-13,Protokoll 2022/23:123 Tisdagen den 13 juni,37,0,2026-10-06
HA09122,2022/23,122,2023-06-12,Protokoll 2022/23:122 Måndagen den 12 juni,53,3,2026-10-06
HA09124,2022/23,124,2023-06-14,Protokoll 2022/23:124 Onsdagen den 14 juni,148,1,2026-10-06
HA09125,2022/23,125,2023-06-15,Protokoll 2022/23:125 Torsdagen den 15 juni,112,1,2026-10-06
HA09126,2022/23,126,2023-06-16,Protokoll 2022/23:126 Fredagen den 16 juni,107,3,2026-10-06
HA09127,2022/23,127,2023-06-19,Protokoll 2022/23:127 Måndagen den 19 juni,143,2,2026-10-06
HA09129,2022/23,129,2023-06-21,Protokoll 2022/23:129 Onsdagen den 21 juni,118,17,2026-10-06
HA09128,2022/23,128,2023-06-20,Protokoll 2022/23:128 Tisdagen den 20 juni,218,2,2026-10-06
HA09131,2022/23,131,2023-06-27,Protokoll 2022/23:131 Tisdagen den 27 juni,18,9,2026-10-06
HA09130,2022/23,130,2023-06-26,Protokoll 2022/23:130 Måndagen den 26 juni,66,0,2026-10-06
HA09133,2022/23,133,2023-08-17,Protokoll 2022/23:133 Torsdagen den 17 augusti,9,0,2026-10-06
HA09132,2022/23,132,2023-08-16,Protokoll 2022/23:132 Onsdagen den 16 augusti,0,0,2026-10-06
HA09134,2022/23,134,2023-08-22,Protokoll 2022/23:134 Tisdagen den 22 augusti,86,0,2026-10-06
HB091,2023/24,1,2023-09-12,Protokoll 2023/24:1 Tisdagen den 12 september,1,0,2026-10-06
HA09135,2022/23,135,2023-08-31,Protokoll 2022/23:135 Torsdagen den 31 augusti,25,5,2026-10-06
HB092,2023/24,2,2023-09-12,Protokoll 2023/24:2 Tisdagen den 12 september,4,1,2026-10-06
HB094,2023/24,4,2023-09-14,Protokoll 2023/24:4 Torsdagen den 14 september,143,1,2026-10-06
HB095,2023/24,5,2023-09-15,Protokoll 2023/24:5 Fredagen den 15 september,22,0,2026-10-06
HB093,2023/24,3,2023-09-13,Protokoll 2023/24:3 Onsdagen den 13 september,134,0,2026-10-06
HB096,2023/24,6,2023-09-19,Protokoll 2023/24:6 Tisdagen den 19 september,142,0,2026-10-06
HB097,2023/24,7,2023-09-20,Protokoll 2023/24:7 Onsdagen den 20 september,64,2,2026-10-06
HB098,2023/24,8,2023-09-21,Protokoll 2023/24:8 Torsdagen den 21 september,141,1,2026-10-06
HB099,2023/24,9,2023-09-26,Protokoll 2023/24:9 Tisdagen den 26 september,18,0,2026-10-06
HB0910,2023/24,10,2023-09-27,Protokoll 2023/24:10 Onsdagen den 27 september,0,0,2026-10-06
HB0913,2023/24,13,2023-10-03,Protokoll 2023/24:13 Tisdagen den 3 oktober,7,0,2026-10-06
HB0912,2023/24,12,2023-09-29,Protokoll 2023/24:12 Fredagen den 29 september,46,0,2026-10-06
HB0911,2023/24,11,2023-09-28,Protokoll 2023/24:11 Torsdagen den 28 september,186,0,2026-10-06
HB0914,2023/24,14,2023-10-04,Protokoll 2023/24:14 Onsdagen den 4 oktober,0,0,2026-10-06
HB0915,2023/24,15,2023-10-05,Protokoll 2023/24:15 Torsdagen den 5 oktober,166,6,2026-10-06
HB0916,2023/24,16,2023-10-06,Protokoll 2023/24:16 Fredagen den 6 oktober,26,1,2026-10-06
HB0918,2023/24,18,2023-10-18,Protokoll 2023/24:18 Onsdagen den 18 oktober,33,0,2026-10-06
HB0919,2023/24,19,2023-10-19,Protokoll 2023/24:19 Torsdagen den 19 oktober,134,0,2026-10-06
HB0917,2023/24,17,2023-10-17,Protokoll 2023/24:17 Tisdagen den 17 oktober,92,0,2026-10-06
HB0920,2023/24,20,2023-10-20,Protokoll 2023/24:20 Fredagen den 20 oktober,54,5,2026-10-06
HB0921,2023/24,21,2023-10-24,Protokoll 2023/24:21 Tisdagen den 24 oktober,50,2,2026-10-06
HB0922,2023/24,22,2023-10-25,Protokoll 2023/24:22 Onsdagen den 25 oktober,51,0,2026-10-06
HB0923,2023/24,23,2023-10-26,Protokoll 2023/24:23 Torsdagen den 26 oktober,130,2,2026-10-06
HB0924,2023/24,24,2023-10-27,Protokoll 2023/24:24 Fredagen den 27 oktober,116,2,2026-10-06
HB0926,2023/24,26,2023-11-08,Protokoll 2023/24:26 Onsdagen den 8 november,117,4,2026-10-06
HB0925,2023/24,25,2023-11-07,Protokoll 2023/24:25 Tisdagen den 7 november,165,5,2026-10-06
HB0927,2023/24,27,2023-11-09,Protokoll 2023/24:27 Torsdagen den 9 november,176,36,2026-10-06
HB0928,2023/24,28,2023-11-10,Protokoll 2023/24:28 Fredagen den 10 november,65,0,2026-10-06
HB0929,2023/24,29,2023-11-14,Protokoll 2023/24:29 Tisdagen den 14 november,63,2,2026-10-06
HB0930,2023/24,30,2023-11-15,Protokoll 2023/24:30 Onsdagen den 15 november,139,8,2026-10-06
HB0931,2023/24,31,2023-11-16,Protokoll 2023/24:31 Torsdagen den 16 november,111,0,2026-10-06
HB0932,2023/24,32,2023-11-17,Protokoll 2023/24:32 Fredagen den 17 november,39,0,2026-10-06
HB0933,2023/24,33,2023-11-21,Protokoll 2023/24:33 Tisdagen den 21 november,96,0,2026-10-06
HB0934,2023/24,34,2023-11-22,Protokoll 2023/24:34 Onsdagen den 22 november,56,0,2026-10-06
HB0935,2023/24,35,2023-11-23,Protokoll 2023/24:35 Torsdagen den 23 november,149,0,2026-10-06
HB0936,2023/24,36,2023-11-24,Protokoll 2023/24:36 Fredagen den 24 november,23,0,2026-10-06
HB0937,2023/24,37,2023-11-28,Protokoll 2023/24:37 Tisdagen den 28 november,118,7,2026-10-06
HB0939,2023/24,39,2023-11-30,Protokoll 2023/24:39 Torsdagen den 30 november,264,3,2026-10-06
HB0940,2023/24,40,2023-12-01,Protokoll 2023/24:40 Fredagen den 1 december,54,0,2026-10-06
HB0938,2023/24,38,2023-11-29,Protokoll 2023/24:38 Onsdagen den 29 november,238,4,2026-10-06
HB0941,2023/24,41,2023-12-04,Protokoll 2023/24:41 Måndagen den 4 december,78,1,2026-10-06
HB0942,2023/24,42,2023-12-05,Protokoll 2023/24:42 Tisdagen den 5 december,7,0,2026-10-06
HB0945,2023/24,45,2023-12-08,Protokoll 2023/24:45 Fredagen den 8 december,43,1,2026-10-06
HB0944,2023/24,44,2023-12-07,Protokoll 2023/24:44 Torsdagen den 7 december,202,4,2026-10-06
HB0943,2023/24,43,2023-12-06,Protokoll 2023/24:43 Onsdagen den 6 december,177,4,2026-10-06
HB0946,2023/24,46,2023-12-11,Protokoll 2023/24:46 Måndagen den 11 december,206,55,2026-10-06
HB0947,2023/24,47,2023-12-12,Protokoll 2023/24:47 Tisdagen den 12 december,136,68,2026-10-06
HB0948,2023/24,48,2023-12-13,Protokoll 2023/24:48 Onsdagen den 13 december,223,2,2026-10-06
HB0949,2023/24,49,2023-12-14,Protokoll 2023/24:49 Torsdagen den 14 december,282,2,2026-10-06
HB0951,2023/24,51,2023-12-18,Protokoll 2023/24:51 Måndagen den 18 december,108,0,2026-10-06
HB0950,2023/24,50,2023-12-15,Protokoll 2023/24:50 Fredagen den 15 december,265,5,2026-10-06
HB0954,2023/24,54,2023-12-21,Protokoll 2023/24:54 Torsdagen den 21 december,2,0,2026-10-06
HB0952,2023/24,52,2023-12-19,Protokoll 2023/24:52 Tisdagen den 19 december,196,6,2026-10-06
HB0953,2023/24,53,2023-12-20,Protokoll 2023/24:53 Onsdagen den 20 december,259,37,2026-10-06
HB0955,2023/24,55,2024-01-16,Protokoll 2023/24:55 Tisdagen den 16 januari,108,0,2026-10-06
HB0956,2023/24,56,2024-01-17,Protokoll 2023/24:56 Onsdagen den 17 januari,188,3,2026-10-06
HB0958,2023/24,58,2024-01-19,Protokoll 2023/24:58 Fredagen den 19 januari,51,0,2026-10-06
HB0957,2023/24,57,2024-01-18,Protokoll 2023/24:57 Torsdagen den 18 januari,166,0,2026-10-06
HB0959,2023/24,59,2024-01-23,Protokoll 2023/24:59 Tisdagen den 23 januari,155,1,2026-10-06
HB0960,2023/24,60,2024-01-24,Protokoll 2023/24:60 Onsdagen den 24 januari,57,0,2026-10-06
HB0961,2023/24,61,2024-01-25,Protokoll 2023/24:61 Torsdagen den 25 januari,122,0,2026-10-06
HB0962,2023/24,62,2024-01-30,Protokoll 2023/24:62 Tisdagen den 30 januari,156,2,2026-10-06
HB0964,2023/24,64,2024-02-01,Protokoll 2023/24:64 Torsdagen den 1 februari,144,21,2026-10-06
HB0963,2023/24,63,2024-01-31,Protokoll 2023/24:63 Onsdagen den 31 januari,205,1,2026-10-06
HB0965,2023/24,65,2024-02-02,Protokoll 2023/24:65 Fredagen den 2 februari,64,2,2026-10-06
HB0966,2023/24,66,2024-02-06,Protokoll 2023/24:66 Tisdagen den 6 februari,131,2,2026-10-06
HB0967,2023/24,67,2024-02-07,Protokoll 2023/24:67 Onsdagen den 7 februari,68,0,2026-10-06
HB0968,2023/24,68,2024-02-08,Protokoll 2023/24:68 Torsdagen den 8 februari,151,0,2026-10-06
HB0969,2023/24,69,2024-02-09,Protokoll 2023/24:69 Fredagen den 9 februari,70,0,2026-10-06
HB0970,2023/24,70,2024-02-13,Protokoll 2023/24:70 Tisdagen den 13 februari,84,3,2026-10-06
HB0971,2023/24,71,2024-02-14,Protokoll 2023/24:71 Onsdagen den 14 februari,272,0,2026-10-06
HB0974,2023/24,74,2024-02-22,Protokoll 2023/24:74 Torsdagen den 22 februari,0,1,2026-10-06
HB0973,2023/24,73,2024-02-16,Protokoll 2023/24:73 Fredagen den 16 februari,99,2,2026-10-06
HB0972,2023/24,72,2024-02-15,Protokoll 2023/24:72 Torsdagen den 15 februari,240,2,2026-10-06
HB0976,2023/24,76,2024-02-28,Protokoll 2023/24:76 Onsdagen den 28 februari,85,1,2026-10-06
HB0975,2023/24,75,2024-02-27,Protokoll 2023/24:75 Tisdagen den 27 februari,153,0,2026-10-06
HB0977,2023/24,77,2024-02-29,Protokoll 2023/24:77 Torsdagen den 29 februari,194,2,2026-10-06
HB0978,2023/24,78,2024-03-01,Protokoll 2023/24:78 Fredagen den 1 mars,98,1,2026-10-06
HB0979,2023/24,79,2024-03-05,Protokoll 2023/24:79 Tisdagen den 5 mars,134,6,2026-10-06
HB0980,2023/24,80,2024-03-06,Protokoll 2023/24:80 Onsdagen den 6 mars,158,41,2026-10-06
HB0981,2023/24,81,2024-03-07,Protokoll 2023/24:81 Torsdagen den 7 mars,181,0,2026-10-06
HB0982,2023/24,82,2024-03-08,Protokoll 2023/24:82 Fredagen den 8 mars,146,47,2026-10-06
HB0983,2023/24,83,2024-03-12,Protokoll 2023/24:83 Tisdagen den 12 mars,86,2,2026-10-06
HB0984,2023/24,84,2024-03-14,Protokoll 2023/24:84 Torsdagen den 14 mars,236,1,2026-10-06
HB0985,2023/24,85,2024-03-15,Protokoll 2023/24:85 Fredagen den 15 mars,127,7,2026-10-06
HB0986,2023/24,86,2024-03-19,Protokoll 2023/24:86 Tisdagen den 19 mars,105,1,2026-10-06
HB0989,2023/24,89,2024-03-22,Protokoll 2023/24:89 Fredagen den 22 mars,37,0,2026-10-06
HB0987,2023/24,87,2024-03-20,Protokoll 2023/24:87 Onsdagen den 20 mars,193,23,2026-10-06
HB0988,2023/24,88,2024-03-21,Protokoll 2023/24:88 Torsdagen den 21 mars,254,1,2026-10-06
HB0990,2023/24,90,2024-04-02,Protokoll 2023/24:90 Tisdagen den 2 april,133,18,2026-10-06
HB0992,2023/24,92,2024-04-04,Protokoll 2023/24:92 Torsdagen den 4 april,146,7,2026-10-06
HB0991,2023/24,91,2024-04-03,Protokoll 2023/24:91 Onsdagen den 3 april,187,2,2026-10-06
HB0993,2023/24,93,2024-04-05,Protokoll 2023/24:93 Fredagen den 5 april,113,1,2026-10-06
HB0994,2023/24,94,2024-04-09,Protokoll 2023/24:94 Tisdagen den 9 april,109,2,2026-10-06
HB0995,2023/24,95,2024-04-10,Protokoll 2023/24:95 Onsdagen den 10 april,197,4,2026-10-06
HB0997,2023/24,97,2024-04-12,Protokoll 2023/24:97 Fredagen den 12 april,93,4,2026-10-06
HB0996,2023/24,96,2024-04-11,Protokoll 2023/24:96 Torsdagen den 11 april,165,0,2026-10-06
HB0998,2023/24,98,2024-04-15,Protokoll 2023/24:98 Måndagen den 15 april,68,5,2026-10-06
HB0999,2023/24,99,2024-04-16,Protokoll 2023/24:99 Tisdagen den 16 april,32,0,2026-10-06
HB09101,2023/24,101,2024-04-18,Protokoll 2023/24:101 Torsdagen den 18 april,245,0,2026-10-06
HB09102,2023/24,102,2024-04-19,Protokoll 2023/24:102 Fredagen den 19 april,156,18,2026-10-06
HB09100,2023/24,100,2024-04-17,Protokoll 2023/24:100 Onsdagen den 17 april,257,2,2026-10-06
HB09103,2023/24,103,2024-04-22,Protokoll 2023/24:103 Måndagen den 22 april,96,1,2026-10-06
HB09104,2023/24,104,2024-04-23,Protokoll 2023/24:104 Tisdagen den 23 april,44,0,2026-10-06
HB09105,2023/24,105,2024-04-24,Protokoll 2023/24:105 Onsdagen den 24 april,139,0,2026-10-06
HB09107,2023/24,107,2024-04-26,Protokoll 2023/24:107 Fredagen den 26 april,125,0,2026-10-06
HB09108,2023/24,108,2024-04-29,Protokoll 2023/24:108 Måndagen den 29 april,39,0,2026-10-06
HB09106,2023/24,106,2024-04-25,Protokoll 2023/24:106 Torsdagen den 25 april,222,0,2026-10-06
HB09110,2023/24,110,2024-05-03,Protokoll 2023/24:110 Fredagen den 3 maj,16,0,2026-10-06
HB09111,2023/24,111,2024-05-07,Protokoll 2023/24:111 Tisdagen den 7 maj,38,0,2026-10-06
HB09109,2023/24,109,2024-05-02,Protokoll 2023/24:109 Torsdagen den 2 maj,185,5,2026-10-06
HB09112,2023/24,112,2024-05-08,Protokoll 2023/24:112 Onsdagen den 8 maj,97,6,2026-10-06
HB09113,2023/24,113,2024-05-14,Protokoll 2023/24:113 Tisdagen den 14 maj,79,1,2026-10-06
HB09114,2023/24,114,2024-05-15,Protokoll 2023/24:114 Onsdagen den 15 maj,171,3,2026-10-06
HB09115,2023/24,115,2024-05-16,Protokoll 2023/24:115 Torsdagen den 16 maj,185,2,2026-10-06
HB09116,2023/24,116,2024-05-17,Protokoll 2023/24:116 Fredagen den 17 maj,92,6,2026-10-06
HB09118,2023/24,118,2024-05-21,Protokoll 2023/24:118 Tisdagen den 21 maj,9,0,2026-10-06
HB09117,2023/24,117,2024-05-20,Protokoll 2023/24:117 Måndagen den 20 maj,167,22,2026-10-06
HB09119,2023/24,119,2024-05-22,Protokoll 2023/24:119 Onsdagen den 22 maj,148,1,2026-10-06
HB09121,2023/24,121,2024-05-24,Protokoll 2023/24:121 Fredagen den 24 maj,121,0,2026-10-06
HB09120,2023/24,120,2024-05-23,Protokoll 2023/24:120 Torsdagen den 23 maj,200,0,2026-10-06
HB09122,2023/24,122,2024-05-27,Protokoll 2023/24:122 Måndagen den 27 maj,78,2,2026-10-06
HB09123,2023/24,123,2024-05-28,Protokoll 2023/24:123 Tisdagen den 28 maj,59,1,2026-10-06
HB09124,2023/24,124,2024-05-29,Protokoll 2023/24:124 Onsdagen den 29 maj,84,5,2026-10-06
HB09127,2023/24,127,2024-06-07,Protokoll 2023/24:127 Fredagen den 7 juni,0,0,2026-10-06
HB09126,2023/24,126,2024-05-31,Protokoll 2023/24:126 Fredagen den 31 maj,63,1,2026-10-06
HB09125,2023/24,125,2024-05-30,Protokoll 2023/24:125 Torsdagen den 30 maj,251,1,2026-10-06
HB09129,2023/24,129,2024-06-11,Protokoll 2023/24:129 Tisdagen den 11 juni,125,1,2026-10-06
HB09130,2023/24,130,2024-06-12,Protokoll 2023/24:130 Onsdagen den 12 juni,96,2,2026-10-06
HB09128,2023/24,128,2024-06-10,Protokoll 2023/24:128 Måndagen den 10 juni,175,2,2026-10-06
HB09131,2023/24,131,2024-06-13,Protokoll 2023/24:131 Torsdagen den 13 juni,166,9,2026-10-06
HB09132,2023/24,132,2024-06-14,Protokoll 2023/24:132 Fredagen den 14 juni,43,0,2026-10-06
HB09133,2023/24,133,2024-06-15,Protokoll 2023/24:133 Lördagen den 15 juni,67,1,2026-10-06
HB09134,2023/24,134,2024-06-17,Protokoll 2023/24:134 Måndagen den 17 juni,133,2,2026-10-06
HB09136,2023/24,136,2024-06-19,Protokoll 2023/24:136 Onsdagen den 19 juni,65,7,2026-10-06
HB09137,2023/24,137,2024-06-24,Protokoll 2023/24:137 Måndagen den 24 juni,116,6,2026-10-06
HB09138,2023/24,138,2024-06-25,Protokoll 2023/24:138 Tisdagen den 25 juni,31,0,2026-10-06
HB09135,2023/24,135,2024-06-18,Protokoll 2023/24:135 Tisdagen den 18 juni,205,3,2026-10-06
HB09140,2023/24,140,2024-08-29,Protokoll 2023/24:140 Torsdagen den 29 augusti,7,0,2026-10-06
HB09139,2023/24,139,2024-08-20,Protokoll 2023/24:139 Tisdagen den 20 augusti,83,0,2026-10-06
HC091,2024/25,1,2024-09-10,Protokoll 2024/25:1 Tisdagen den 10 september,1,0,2026-10-06
HB09141,2023/24,141,2024-09-05,Protokoll 2023/24:141 Torsdagen den 5 september,49,0,2026-10-06
HC092,2024/25,2,2024-09-10,Protokoll 2024/25:2 Tisdagen den 10 september,4,1,2026-10-06
HC094,2024/25,4,2024-09-12,Protokoll 2024/25:4 Torsdagen den 12 september,101,0,2026-10-06
HC095,2024/25,5,2024-09-13,Protokoll 2024/25:5 Fredagen den 13 september,7,0,2026-10-06
HC093,2024/25,3,2024-09-11,Protokoll 2024/25:3 Onsdagen den 11 september,120,1,2026-10-06
HC096,2024/25,6,2024-09-17,Protokoll 2024/25:6 Tisdagen den 17 september,16,7,2026-10-06
HC097,2024/25,7,2024-09-19,Protokoll 2024/25:7 Torsdagen den 19 september,68,4,2026-10-06
HC098,2024/25,8,2024-09-20,Protokoll 2024/25:8 Fredagen den 20 september,43,2,2026-10-06
HC099,2024/25,9,2024-09-24,Protokoll 2024/25:9 Tisdagen den 24 september,37,1,2026-10-06
HC0910,2024/25,10,2024-09-25,Protokoll 2024/25:10 Onsdagen den 25 september,44,0,2026-10-06
HC0911,2024/25,11,2024-09-26,Protokoll 2024/25:11 Torsdagen den 26 september,127,4,2026-10-06
HC0912,2024/25,12,2024-10-01,Protokoll 2024/25:12 Tisdagen den 1 oktober,117,3,2026-10-06
HC0913,2024/25,13,2024-10-02,Protokoll 2024/25:13 Onsdagen den 2 oktober,99,1,2026-10-06
HC0914,2024/25,14,2024-10-03,Protokoll 2024/25:14 Torsdagen den 3 oktober,142,0,2026-10-06
HC0915,2024/25,15,2024-10-04,Protokoll 2024/25:15 Fredagen den 4 oktober,30,1,2026-10-06
HC0917,2024/25,17,2024-10-16,Protokoll 2024/25:17 Onsdagen den 16 oktober,47,0,2026-10-06
HC0918,2024/25,18,2024-10-17,Protokoll 2024/25:18 Torsdagen den 17 oktober,126,0,2026-10-06
HC0919,2024/25,19,2024-10-18,Protokoll 2024/25:19 Fredagen den 18 oktober,34,9,2026-10-06
HC0916,2024/25,16,2024-10-15,Protokoll 2024/25:16 Tisdagen den 15 oktober,124,3,2026-10-06
HC0921,2024/25,21,2024-10-23,Protokoll 2024/25:21 Onsdagen den 23 oktober,75,3,2026-10-06
HC0920,2024/25,20,2024-10-22,Protokoll 2024/25:20 Tisdagen den 22 oktober,134,2,2026-10-06
HC0922,2024/25,22,2024-10-24,Protokoll 2024/25:22 Torsdagen den 24 oktober,176,2,2026-10-06
HC0924,2024/25,24,2024-11-05,Protokoll 2024/25:24 Tisdagen den 5 november,76,0,2026-10-06
HC0923,2024/25,23,2024-10-25,Protokoll 2024/25:23 Fredagen den 25 oktober,134,7,2026-10-06
HC0925,2024/25,25,2024-11-06,Protokoll 2024/25:25 Onsdagen den 6 november,0,2,2026-10-06
HC0928,2024/25,28,2024-11-12,Protokoll 2024/25:28 Tisdagen den 12 november,57,0,2026-10-06
HC0926,2024/25,26,2024-11-07,Protokoll 2024/25:26 Torsdagen den 7 november,189,11,2026-10-06
HC0927,2024/25,27,2024-11-08,Protokoll 2024/25:27 Fredagen den 8 november,128,3,2026-10-06
HC0929,2024/25,29,2024-11-13,Protokoll 2024/25:29 Onsdagen den 13 november,123,2,2026-10-06
HC0930,2024/25,30,2024-11-14,Protokoll 2024/25:30 Torsdagen den 14 november,148,2,2026-10-06
HC0931,2024/25,31,2024-11-15,Protokoll 2024/25:31 Fredagen den 15 november,66,1,2026-10-06
HC0932,2024/25,32,2024-11-19,Protokoll 2024/25:32 Tisdagen den 19 november,65,0,2026-10-06
HC0934,2024/25,34,2024-11-21,Protokoll 2024/25:34 Torsdagen den 21 november,146,2,2026-10-06
HC0935,2024/25,35,2024-11-22,Protokoll 2024/25:35 Fredagen den 22 november,56,4,2026-10-06
HC0933,2024/25,33,2024-11-20,Protokoll 2024/25:33 Onsdagen den 20 november,127,0,2026-10-06
HC0936,2024/25,36,2024-11-25,Protokoll 2024/25:36 Måndagen den 25 november,49,0,2026-10-06
HC0937,2024/25,37,2024-11-26,Protokoll 2024/25:37 Tisdagen den 26 november,54,0,2026-10-06
HC0940,2024/25,40,2024-11-29,Protokoll 2024/25:40 Fredagen den 29 november,14,0,2026-10-06
HC0938,2024/25,38,2024-11-27,Protokoll 2024/25:38 Onsdagen den 27 november,129,6,2026-10-06
HC0939,2024/25,39,2024-11-28,Protokoll 2024/25:39 Torsdagen den 28 november,179,0,2026-10-06
HC0941,2024/25,41,2024-12-02,Protokoll 2024/25:41 Måndagen den 2 december,34,7,2026-10-06
HC0942,2024/25,42,2024-12-03,Protokoll 2024/25:42 Tisdagen den 3 december,74,0,2026-10-06
HC0944,2024/25,44,2024-12-05,Protokoll 2024/25:44 Torsdagen den 5 december,235,8,2026-10-06
HC0945,2024/25,45,2024-12-06,Protokoll 2024/25:45 Fredagen den 6 december,124,1,2026-10-06
HC0943,2024/25,43,2024-12-04,Protokoll 2024/25:43 Onsdagen den 4 december,166,3,2026-10-06
HC0946,2024/25,46,2024-12-09,Protokoll 2024/25:46 Måndagen den 9 december,67,0,2026-10-06
HC0947,2024/25,47,2024-12-10,Protokoll 2024/25:47 Tisdagen den 10 december,160,71,2026-10-06
HC0950,2024/25,50,2024-12-13,Protokoll 2024/25:50 Fredagen den 13 december,61,0,2026-10-06
HC0948,2024/25,48,2024-12-11,Protokoll 2024/25:48 Onsdagen den 11 december,212,5,2026-10-06
HC0949,2024/25,49,2024-12-12,Protokoll 2024/25:49 Torsdagen den 12 december,289,8,2026-10-06
HC0951,2024/25,51,2024-12-16,Protokoll 2024/25:51 Måndagen den 16 december,243,6,2026-10-06
HC0952,2024/25,52,2024-12-17,Protokoll 2024/25:52 Tisdagen den 17 december,178,4,2026-10-06
HC0953,2024/25,53,2024-12-18,Protokoll 2024/25:53 Onsdagen den 18 december,131,3,2026-10-06
HC0954,2024/25,54,2024-12-19,Protokoll 2024/25:54 Torsdagen den 19 december,88,10,2026-10-06
HC0956,2024/25,56,2025-01-15,Protokoll 2024/25:56 Onsdagen den 15 januari,137,2,2026-10-06
HC0955,2024/25,55,2025-01-14,Protokoll 2024/25:55 Tisdagen den 14 januari,118,1,2026-10-06
HC0957,2024/25,57,2025-01-16,Protokoll 2024/25:57 Torsdagen den 16 januari,124,0,2026-10-06
HC0959,2024/25,59,2025-01-21,Protokoll 2024/25:59 Tisdagen den 21 januari,28,0,2026-10-06
HC0958,2024/25,58,2025-01-17,Protokoll 2024/25:58 Fredagen den 17 januari,51,3,2026-10-06
HC0961,2024/25,61,2025-01-23,Protokoll 2024/25:61 Torsdagen den 23 januari,152,0,2026-10-06
HC0962,2024/25,62,2025-01-24,Protokoll 2024/25:62 Fredagen den 24 januari,64,0,2026-10-06
HC0960,2024/25,60,2025-01-22,Protokoll 2024/25:60 Onsdagen den 22 januari,101,1,2026-10-06
HC0963,2024/25,63,2025-01-28,Protokoll 2024/25:63 Tisdagen den 28 januari,81,4,2026-10-06
HC0965,2024/25,65,2025-01-30,Protokoll 2024/25:65 Torsdagen den 30 januari,116,1,2026-10-06
HC0966,2024/25,66,2025-01-31,Protokoll 2024/25:66 Fredagen den 31 januari,50,0,2026-10-06
HC0964,2024/25,64,2025-01-29,Protokoll 2024/25:64 Onsdagen den 29 januari,189,39,2026-10-06
HC0967,2024/25,67,2025-02-10,Protokoll 2024/25:67 Måndagen den 10 februari,33,0,2026-10-06
HC0968,2024/25,68,2025-02-11,Protokoll 2024/25:68 Tisdagen den 11 februari,120,2,2026-10-06
HC0970,2024/25,70,2025-02-13,Protokoll 2024/25:70 Torsdagen den 13 februari,207,10,2026-10-06
HC0969,2024/25,69,2025-02-12,Protokoll 2024/25:69 Onsdagen den 12 februari,181,0,2026-10-06
HC0971,2024/25,71,2025-02-14,Protokoll 2024/25:71 Fredagen den 14 februari,69,14,2026-10-06
HC0972,2024/25,72,2025-02-18,Protokoll 2024/25:72 Tisdagen den 18 februari,80,0,2026-10-06
HC0975,2024/25,75,2025-02-21,Protokoll 2024/25:75 Fredagen den 21 februari,83,2,2026-10-06
HC0974,2024/25,74,2025-02-20,Protokoll 2024/25:74 Torsdagen den 20 februari,167,1,2026-10-06
HC0973,2024/25,73,2025-02-19,Protokoll 2024/25:73 Onsdagen den 19 februari,189,6,2026-10-06
HC0976,2024/25,76,2025-02-25,Protokoll 2024/25:76 Tisdagen den 25 februari,99,2,2026-10-06
HC0979,2024/25,79,2025-02-28,Protokoll 2024/25:79 Fredagen den 28 februari,21,0,2026-10-06
HC0977,2024/25,77,2025-02-26,Protokoll 2024/25:77 Onsdagen den 26 februari,204,0,2026-10-06
HC0978,2024/25,78,2025-02-27,Protokoll 2024/25:78 Torsdagen den 27 februari,140,1,2026-10-06
HC0980,2024/25,80,2025-03-06,Protokoll 2024/25:80 Torsdagen den 6 mars,0,2,2026-10-06
HC0981,2024/25,81,2025-03-11,Protokoll 2024/25:81 Tisdagen den 11 mars,132,0,2026-10-06
HC0983,2024/25,83,2025-03-13,Protokoll 2024/25:83 Torsdagen den 13 mars,249,5,2026-10-06
HC0982,2024/25,82,2025-03-12,Protokoll 2024/25:82 Onsdagen den 12 mars,194,2,2026-10-06
HC0984,2024/25,84,2025-03-14,Protokoll 2024/25:84 Fredagen den 14 mars,97,0,2026-10-06
HC0985,2024/25,85,2025-03-18,Protokoll 2024/25:85 Tisdagen den 18 mars,102,2,2026-10-06
HC0987,2024/25,87,2025-03-20,Protokoll 2024/25:87 Torsdagen den 20 mars,214,0,2026-10-06
HC0988,2024/25,88,2025-03-21,Protokoll 2024/25:88 Fredagen den 21 mars,104,20,2026-10-06
HC0986,2024/25,86,2025-03-19,Protokoll 2024/25:86 Onsdagen den 19 mars,132,2,2026-10-06
HC0989,2024/25,89,2025-03-25,Protokoll 2024/25:89 Tisdagen den 25 mars,131,0,2026-10-06
HC0990,2024/25,90,2025-03-26,Protokoll 2024/25:90 Onsdagen den 26 mars,136,5,2026-10-06
HC0992,2024/25,92,2025-03-28,Protokoll 2024/25:92 Fredagen den 28 mars,26,0,2026-10-06
HC0991,2024/25,91,2025-03-27,Protokoll 2024/25:91 Torsdagen den 27 mars,224,0,2026-10-06
HC0993,2024/25,93,2025-04-01,Protokoll 2024/25:93 Tisdagen den 1 april,79,2,2026-10-06
HC0995,2024/25,95,2025-04-03,Protokoll 2024/25:95 Torsdagen den 3 april,99,0,2026-10-06
HC0994,2024/25,94,2025-04-02,Protokoll 2024/25:94 Onsdagen den 2 april,120,20,2026-10-06
HC0996,2024/25,96,2025-04-04,Protokoll 2024/25:96 Fredagen den 4 april,62,0,2026-10-06
HC0997,2024/25,97,2025-04-08,Protokoll 2024/25:97 Tisdagen den 8 april,122,2,2026-10-06
HC0998,2024/25,98,2025-04-09,Protokoll 2024/25:98 Onsdagen den 9 april,228,55,2026-10-06
HC0999,2024/25,99,2025-04-10,Protokoll 2024/25:99 Torsdagen den 10 april,139,4,2026-10-06
HC09100,2024/25,100,2025-04-11,Protokoll 2024/25:100 Fredagen den 11 april,87,0,2026-10-06
HC09101,2024/25,101,2025-04-15,Protokoll 2024/25:101 Tisdagen den 15 april,72,2,2026-10-06
HC09102,2024/25,102,2025-04-22,Protokoll 2024/25:102 Tisdagen den 22 april,61,21,2026-10-06
HC09105,2024/25,105,2025-04-25,Protokoll 2024/25:105 Fredagen den 25 april,115,1,2026-10-06
HC09103,2024/25,103,2025-04-23,Protokoll 2024/25:103 Onsdagen den 23 april,223,4,2026-10-06
HC09104,2024/25,104,2025-04-24,Protokoll 2024/25:104 Torsdagen den 24 april,237,0,2026-10-06
HC09106,2024/25,106,2025-04-28,Protokoll 2024/25:106 Måndagen den 28 april,68,0,2026-10-06
HC09108,2024/25,108,2025-04-30,Protokoll 2024/25:108 Onsdagen den 30 april,16,0,2026-10-06
HC09107,2024/25,107,2025-04-29,Protokoll 2024/25:107 Tisdagen den 29 april,111,1,2026-10-06
HC09109,2024/25,109,2025-05-06,Protokoll 2024/25:109 Tisdagen den 6 maj,94,0,2026-10-06
HC09112,2024/25,112,2025-05-09,Protokoll 2024/25:112 Fredagen den 9 maj,116,2,2026-10-06
HC09111,2024/25,111,2025-05-08,Protokoll 2024/25:111 Torsdagen den 8 maj,205,29,2026-10-06
HC09110,2024/25,110,2025-05-07,Protokoll 2024/25:110 Onsdagen den 7 maj,178,14,2026-10-06
HC09113,2024/25,113,2025-05-12,Protokoll 2024/25:113 Måndagen den 12 maj,49,0,2026-10-06
HC09114,2024/25,114,2025-05-13,Protokoll 2024/25:114 Tisdagen den 13 maj,76,6,2026-10-06
HC09116,2024/25,116,2025-05-15,Protokoll 2024/25:116 Torsdagen den 15 maj,138,0,2026-10-06
HC09115,2024/25,115,2025-05-14,Protokoll 2024/25:115 Onsdagen den 14 maj,230,4,2026-10-06
HC09117,2024/25,117,2025-05-16,Protokoll 2024/25:117 Fredagen den 16 maj,112,1,2026-10-06
HC09118,2024/25,118,2025-05-19,Protokoll 2024/25:118 Måndagen den 19 maj,94,0,2026-10-06
HC09119,2024/25,119,2025-05-20,Protokoll 2024/25:119 Tisdagen den 20 maj,127,31,2026-10-06
HC09121,2024/25,121,2025-05-22,Protokoll 2024/25:121 Torsdagen den 22 maj,185,0,2026-10-06
HC09123,2024/25,123,2025-05-28,Protokoll 2024/25:123 Onsdagen den 28 maj,0,1,2026-10-06
HC09122,2024/25,122,2025-05-23,Protokoll 2024/25:122 Fredagen den 23 maj,58,2,2026-10-06
HC09120,2024/25,120,2025-05-21,Protokoll 2024/25:120 Onsdagen den 21 maj,239,1,2026-10-06
HC09124,2024/25,124,2025-06-02,Protokoll 2024/25:124 Måndagen den 2 juni,37,0,2026-10-06
HC09125,2024/25,125,2025-06-03,Protokoll 2024/25:125 Tisdagen den 3 juni,138,1,2026-10-06
HC09126,2024/25,126,2025-06-04,Protokoll 2024/25:126 Onsdagen den 4 juni,148,1,2026-10-06
HC09127,2024/25,127,2025-06-05,Protokoll 2024/25:127 Torsdagen den 5 juni,202,1,2026-10-06
HC09128,2024/25,128,2025-06-09,Protokoll 2024/25:128 Måndagen den 9 juni,100,7,2026-10-06
HC09129,2024/25,129,2025-06-10,Protokoll 2024/25:129 Tisdagen den 10 juni,63,0,2026-10-06
HC09130,2024/25,130,2025-06-11,Protokoll 2024/25:130 Onsdagen den 11 juni,110,2,2026-10-06
HC09132,2024/25,132,2025-06-13,Protokoll 2024/25:132 Fredagen den 13 juni,7,0,2026-10-06
HC09131,2024/25,131,2025-06-12,Protokoll 2024/25:131 Torsdagen den 12 juni,164,1,2026-10-06
HC09133,2024/25,133,2025-06-16,Protokoll 2024/25:133 Måndagen den 16 juni,93,1,2026-10-06
HC09134,2024/25,134,2025-06-17,Protokoll 2024/25:134 Tisdagen den 17 juni,157,1,2026-10-06
HC09136,2024/25,136,2025-06-23,Protokoll 2024/25:136 Måndagen den 23 juni,37,0,2026-10-06
HC09135,2024/25,135,2025-06-18,Protokoll 2024/25:135 Onsdagen den 18 juni,105,1,2026-10-06
HC09138,2024/25,138,2025-08-26,Protokoll 2024/25:138 Tisdagen den 26 augusti,46,8,2026-10-06
HC09137,2024/25,137,2025-08-21,Protokoll 2024/25:137 Torsdagen den 21 augusti,106,0,2026-10-06
HC09139,2024/25,139,2025-09-04,Protokoll 2024/25:139 Torsdagen den 4 september,36,0,2026-10-06
HD091,2025/26,1,2025-09-09,Protokoll 2025/26:1 Tisdagen den 9 september,1,0,2026-10-06
HD092,2025/26,2,2025-09-09,Protokoll 2025/26:2 Tisdagen den 9 september,4,1,2026-10-06
HD094,2025/26,4,2025-09-11,Protokoll 2025/26:4 Torsdagen den 11 september,120,0,2026-10-06
HD093,2025/26,3,2025-09-10,Protokoll 2025/26:3 Onsdagen den 10 september,105,2,2026-10-06
HD095,2025/26,5,2025-09-12,Protokoll 2025/26:5 Fredagen den 12 september,14,0,2026-10-06
HD096,2025/26,6,2025-09-16,Protokoll 2025/26:6 Tisdagen den 16 september,0,0,2026-10-06
HD097,2025/26,7,2025-09-17,Protokoll 2025/26:7 Onsdagen den 17 september,23,0,2026-10-06
HD099,2025/26,9,2025-09-19,Protokoll 2025/26:9 Fredagen den 19 september,18,0,2026-10-06
HD098,2025/26,8,2025-09-18,Protokoll 2025/26:8 Torsdagen den 18 september,137,0,2026-10-06
HD0910,2025/26,10,2025-09-22,Protokoll 2025/26:10 Måndagen den 22 september,64,3,2026-10-06
HD0911,2025/26,11,2025-09-23,Protokoll 2025/26:11 Tisdagen den 23 september,37,2,2026-10-06
HD0912,2025/26,12,2025-09-25,Protokoll 2025/26:12 Torsdagen den 25 september,124,0,2026-10-06
HD0913,2025/26,13,2025-09-26,Protokoll 2025/26:13 Fredagen den 26 september,36,3,2026-10-06
HD0914,2025/26,14,2025-09-30,Protokoll 2025/26:14 Tisdagen den 30 september,0,0,2026-10-06
HD0915,2025/26,15,2025-10-01,Protokoll 2025/26:15 Onsdagen den 1 oktober,21,0,2026-10-06
HD0917,2025/26,17,2025-10-03,Protokoll 2025/26:17 Fredagen den 3 oktober,47,0,2026-10-06
HD0916,2025/26,16,2025-10-02,Protokoll 2025/26:16 Torsdagen den 2 oktober,113,0,2026-10-06
HD0918,2025/26,18,2025-10-14,Protokoll 2025/26:18 Tisdagen den 14 oktober,57,1,2026-10-06
HD0920,2025/26,20,2025-10-16,Protokoll 2025/26:20 Torsdagen den 16 oktober,113,1,2026-10-06
HD0919,2025/26,19,2025-10-15,Protokoll 2025/26:19 Onsdagen den 15 oktober,20,0,2026-10-06
HD0921,2025/26,21,2025-10-17,Protokoll 2025/26:21 Fredagen den 17 oktober,39,0,2026-10-06
HD0922,2025/26,22,2025-10-21,Protokoll 2025/26:22 Tisdagen den 21 oktober,72,0,2026-10-06
HD0924,2025/26,24,2025-10-23,Protokoll 2025/26:24 Torsdagen den 23 oktober,145,4,2026-10-06
HD0923,2025/26,23,2025-10-22,Protokoll 2025/26:23 Onsdagen den 22 oktober,70,26,2026-10-06
HD0925,2025/26,25,2025-10-24,Protokoll 2025/26:25 Fredagen den 24 oktober,57,8,2026-10-06
HD0926,2025/26,26,2025-11-04,Protokoll 2025/26:26 Tisdagen den 4 november,174,1,2026-10-06
HD0927,2025/26,27,2025-11-05,Protokoll 2025/26:27 Onsdagen den 5 november,120,0,2026-10-06
HD0928,2025/26,28,2025-11-06,Protokoll 2025/26:28 Torsdagen den 6 november,182,2,2026-10-06
HD0929,2025/26,29,2025-11-07,Protokoll 2025/26:29 Fredagen den 7 november,56,4,2026-10-06
HD0930,2025/26,30,2025-11-11,Protokoll 2025/26:30 Tisdagen den 11 november,39,0,2026-10-06
HD0931,2025/26,31,2025-11-12,Protokoll 2025/26:31 Onsdagen den 12 november,102,4,2026-10-06
HD0932,2025/26,32,2025-11-13,Protokoll 2025/26:32 Torsdagen den 13 november,115,0,2026-10-06
HD0933,2025/26,33,2025-11-14,Protokoll 2025/26:33 Fredagen den 14 november,68,1,2026-10-06
HD0934,2025/26,34,2025-11-17,Protokoll 2025/26:34 Måndagen den 17 november,45,3,2026-10-06
HD0936,2025/26,36,2025-11-19,Protokoll 2025/26:36 Onsdagen den 19 november,70,16,2026-10-06
HD0937,2025/26,37,2025-11-20,Protokoll 2025/26:37 Torsdagen den 20 november,92,0,2026-10-06
HD0935,2025/26,35,2025-11-18,Protokoll 2025/26:35 Tisdagen den 18 november,99,1,2026-10-06
HD0938,2025/26,38,2025-11-25,Protokoll 2025/26:38 Tisdagen den 25 november,32,1,2026-10-06
HD0940,2025/26,40,2025-11-27,Protokoll 2025/26:40 Torsdagen den 27 november,116,0,2026-10-06
HD0939,2025/26,39,2025-11-26,Protokoll 2025/26:39 Onsdagen den 26 november,102,3,2026-10-06
HD0941,2025/26,41,2025-11-28,Protokoll 2025/26:41 Fredagen den 28 november,44,0,2026-10-06
HD0942,2025/26,42,2025-12-01,Protokoll 2025/26:42 Måndagen den 1 december,45,7,2026-10-06
HD0943,2025/26,43,2025-12-02,Protokoll 2025/26:43 Tisdagen den 2 december,54,2,2026-10-06
HD0944,2025/26,44,2025-12-03,Protokoll 2025/26:44 Onsdagen den 3 december,125,0,2026-10-06
HD0945,2025/26,45,2025-12-04,Protokoll 2025/26:45 Torsdagen den 4 december,219,1,2026-10-06
HD0946,2025/26,46,2025-12-05,Protokoll 2025/26:46 Fredagen den 5 december,153,3,2026-10-06
HD0947,2025/26,47,2025-12-08,Protokoll 2025/26:47 Måndagen den 8 december,66,0,2026-10-06
HD0948,2025/26,48,2025-12-09,Protokoll 2025/26:48 Tisdagen den 9 december,131,75,2026-10-06
HD0949,2025/26,49,2025-12-10,Protokoll 2025/26:49 Onsdagen den 10 december,137,0,2026-10-06
HD0951,2025/26,51,2025-12-12,Protokoll 2025/26:51 Fredagen den 12 december,43,0,2026-10-06
HD0950,2025/26,50,2025-12-11,Protokoll 2025/26:50 Torsdagen den 11 december,236,4,2026-10-06
HD0954,2025/26,54,2025-12-17,Protokoll 2025/26:54 Onsdagen den 17 december,142,0,2026-10-06
HD0953,2025/26,53,2025-12-16,Protokoll 2025/26:53 Tisdagen den 16 december,200,2,2026-10-06
HD0952,2025/26,52,2025-12-15,Protokoll 2025/26:52 Måndagen den 15 december,242,1,2026-10-06
HD0955,2025/26,55,2025-12-18,Protokoll 2025/26:55 Torsdagen den 18 december,54,0,2026-10-06
HD0956,2025/26,56,2026-01-13,Protokoll 2025/26:56 Tisdagen den 13 januari,38,0,2026-10-06
HD0957,2025/26,57,2026-01-14,Protokoll 2025/26:57 Onsdagen den 14 januari,175,3,2026-10-06
HD0959,2025/26,59,2026-01-16,Protokoll 2025/26:59 Fredagen den 16 januari,83,7,2026-10-06
HD0958,2025/26,58,2026-01-15,Protokoll 2025/26:58 Torsdagen den 15 januari,212,4,2026-10-06
HD0960,2025/26,60,2026-01-20,Protokoll 2025/26:60 Tisdagen den 20 januari,42,0,2026-10-06
HD0962,2025/26,62,2026-01-22,Protokoll 2025/26:62 Torsdagen den 22 januari,168,0,2026-10-06
HD0963,2025/26,63,2026-01-23,Protokoll 2025/26:63 Fredagen den 23 januari,78,1,2026-10-06
HD0964,2025/26,64,2026-01-27,Protokoll 2025/26:64 Tisdagen den 27 januari,59,1,2026-10-06
HD0961,2025/26,61,2026-01-21,Protokoll 2025/26:61 Onsdagen den 21 januari,220,0,2026-10-06
HD0965,2025/26,65,2026-01-28,Protokoll 2025/26:65 Onsdagen den 28 januari,168,7,2026-10-06
HD0966,2025/26,66,2026-01-29,Protokoll 2025/26:66 Torsdagen den 29 januari,142,0,2026-10-06
HD0967,2025/26,67,2026-02-03,Protokoll 2025/26:67 Tisdagen den 3 februari,50,0,2026-10-06
HD0970,2025/26,70,2026-02-06,Protokoll 2025/26:70 Fredagen den 6 februari,56,3,2026-10-06
HD0969,2025/26,69,2026-02-05,Protokoll 2025/26:69 Torsdagen den 5 februari,185,11,2026-10-06
HD0968,2025/26,68,2026-02-04,Protokoll 2025/26:68 Onsdagen den 4 februari,241,3,2026-10-06
HD0971,2025/26,71,2026-02-16,Protokoll 2025/26:71 Måndagen den 16 februari,79,1,2026-10-06
HD0972,2025/26,72,2026-02-17,Protokoll 2025/26:72 Tisdagen den 17 februari,98,0,2026-10-06
HD0973,2025/26,73,2026-02-18,Protokoll 2025/26:73 Onsdagen den 18 februari,175,1,2026-10-06
HD0975,2025/26,75,2026-02-20,Protokoll 2025/26:75 Fredagen den 20 februari,71,3,2026-10-06
HD0974,2025/26,74,2026-02-19,Protokoll 2025/26:74 Torsdagen den 19 februari,161,1,2026-10-06
HD0976,2025/26,76,2026-02-23,Protokoll 2025/26:76 Måndagen den 23 februari,7,7,2026-10-06
HD0977,2025/26,77,2026-02-24,Protokoll 2025/26:77 Tisdagen den 24 februari,80,8,2026-10-06
HD0980,2025/26,80,2026-02-27,Protokoll 2025/26:80 Fredagen den 27 februari,7,0,2026-10-06
HD0979,2025/26,79,2026-02-26,Protokoll 2025/26:79 Torsdagen den 26 februari,245,1,2026-10-06
HD0981,2025/26,81,2026-03-03,Protokoll 2025/26:81 Tisdagen den 3 mars,52,0,2026-10-06
HD0978,2025/26,78,2026-02-25,Protokoll 2025/26:78 Onsdagen den 25 februari,225,1,2026-10-06
HD0984,2025/26,84,2026-03-06,Protokoll 2025/26:84 Fredagen den 6 mars,22,0,2026-10-06
HD0982,2025/26,82,2026-03-04,Protokoll 2025/26:82 Onsdagen den 4 mars,147,7,2026-10-06
HD0985,2025/26,85,2026-03-09,Protokoll 2025/26:85 Måndagen den 9 mars,84,0,2026-10-06
HD0983,2025/26,83,2026-03-05,Protokoll 2025/26:83 Torsdagen den 5 mars,234,0,2026-10-06
HD0986,2025/26,86,2026-03-10,Protokoll 2025/26:86 Tisdagen den 10 mars,112,2,2026-10-06
HD0989,2025/26,89,2026-03-13,Protokoll 2025/26:89 Fredagen den 13 mars,23,0,2026-10-06
HD0988,2025/26,88,2026-03-12,Protokoll 2025/26:88 Torsdagen den 12 mars,143,1,2026-10-06
HD0990,2025/26,90,2026-03-16,Protokoll 2025/26:90 Måndagen den 16 mars,7,0,2026-10-06
HD0987,2025/26,87,2026-03-11,Protokoll 2025/26:87 Onsdagen den 11 mars,218,55,2026-10-06
HD0991,2025/26,91,2026-03-17,Protokoll 2025/26:91 Tisdagen den 17 mars,101,8,2026-10-06
HD0993,2025/26,93,2026-03-19,Protokoll 2025/26:93 Torsdagen den 19 mars,214,1,2026-10-06
HD0992,2025/26,92,2026-03-18,Protokoll 2025/26:92 Onsdagen den 18 mars,179,1,2026-10-06
HD0994,2025/26,94,2026-03-20,Protokoll 2025/26:94 Fredagen den 20 mars,89,0,2026-10-06
HD0996,2025/26,96,2026-03-24,Protokoll 2025/26:96 Tisdagen den 24 mars,66,0,2026-10-06
HD0995,2025/26,95,2026-03-23,Protokoll 2025/26:95 Måndagen den 23 mars,113,5,2026-10-06
HD0997,2025/26,97,2026-03-25,Protokoll 2025/26:97 Onsdagen den 25 mars,128,0,2026-10-06
HD0999,2025/26,99,2026-03-27,Protokoll 2025/26:99 Fredagen den 27 mars,21,0,2026-10-06
HD09100,2025/26,100,2026-03-30,Protokoll 2025/26:100 Måndagen den 30 mars,29,0,2026-10-06
HD0998,2025/26,98,2026-03-26,Protokoll 2025/26:98 Torsdagen den 26 mars,257,1,2026-10-06
HD09101,2025/26,101,2026-03-31,Protokoll 2025/26:101 Tisdagen den 31 mars,78,0,2026-10-06
HD09102,2025/26,102,2026-04-01,Protokoll 2025/26:102 Onsdagen den 1 april,115,30,2026-10-06
HD09104,2025/26,104,2026-04-14,Protokoll 2025/26:104 Tisdagen den 14 april,95,0,2026-10-06
HD09103,2025/26,103,2026-04-13,Protokoll 2025/26:103 Måndagen den 13 april,163,0,2026-10-06
HD09107,2025/26,107,2026-04-21,Protokoll 2025/26:107 Tisdagen den 21 april,7,0,2026-10-06
HD09105,2025/26,105,2026-04-15,Protokoll 2025/26:105 Onsdagen den 15 april,214,5,2026-10-06
HD09106,2025/26,106,2026-04-16,Protokoll 2025/26:106 Torsdagen den 16 april,198,0,2026-10-06
HD09109,2025/26,109,2026-04-23,Protokoll 2025/26:109 Torsdagen den 23 april,115,0,2026-10-06
HD09108,2025/26,108,2026-04-22,Protokoll 2025/26:108 Onsdagen den 22 april,107,12,2026-10-06
HD09111,2025/26,111,2026-04-27,Protokoll 2025/26:111 Måndagen den 27 april,14,1,2026-10-06
HD09110,2025/26,110,2026-04-24,Protokoll 2025/26:110 Fredagen den 24 april,42,0,2026-10-06
HD09112,2025/26,112,2026-04-28,Protokoll 2025/26:112 Tisdagen den 28 april,100,3,2026-10-06
HD09114,2025/26,114,2026-04-30,Protokoll 2025/26:114 Torsdagen den 30 april,40,8,2026-10-06
HD09113,2025/26,113,2026-04-29,Protokoll 2025/26:113 Onsdagen den 29 april,132,1,2026-10-06
HD09115,2025/26,115,2026-05-05,Protokoll 2025/26:115 Tisdagen den 5 maj,20,0,2026-10-06
HD09118,2025/26,118,2026-05-08,Protokoll 2025/26:118 Fredagen den 8 maj,21,0,2026-10-06
HD09116,2025/26,116,2026-05-06,Protokoll 2025/26:116 Onsdagen den 6 maj,95,8,2026-10-06
HD09117,2025/26,117,2026-05-07,Protokoll 2025/26:117 Torsdagen den 7 maj,145,11,2026-10-06
HD09119,2025/26,119,2026-05-18,Protokoll 2025/26:119 Måndagen den 18 maj,73,7,2026-10-06
HD09120,2025/26,120,2026-05-19,Protokoll 2025/26:120 Tisdagen den 19 maj,90,0,2026-10-06
HD09121,2025/26,121,2026-05-20,Protokoll 2025/26:121 Onsdagen den 20 maj,105,20,2026-10-06
HD09123,2025/26,123,2026-05-22,Protokoll 2025/26:123 Fredagen den 22 maj,70,13,2026-10-06
HD09122,2025/26,122,2026-05-21,Protokoll 2025/26:122 Torsdagen den 21 maj,179,0,2026-10-06
HD09124,2025/26,124,2026-05-25,Protokoll 2025/26:124 Måndagen den 25 maj,118,0,2026-10-06
HD09125,2025/26,125,2026-05-26,Protokoll 2025/26:125 Tisdagen den 26 maj,106,9,2026-10-06
HD09127,2025/26,127,2026-05-28,Protokoll 2025/26:127 Torsdagen den 28 maj,109,0,2026-10-06
HD09126,2025/26,126,2026-05-27,Protokoll 2025/26:126 Onsdagen den 27 maj,183,0,2026-10-06
HD09128,2025/26,128,2026-05-29,Protokoll 2025/26:128 Fredagen den 29 maj,86,1,2026-10-06
HD09129,2025/26,129,2026-06-01,Protokoll 2025/26:129 Måndagen den 1 juni,93,4,2026-10-06
HD09130,2025/26,130,2026-06-02,Protokoll 2025/26:130 Tisdagen den 2 juni,44,0,2026-10-06
HD09131,2025/26,131,2026-06-03,Protokoll 2025/26:131 Onsdagen den 3 juni,121,0,2026-10-06
HD09133,2025/26,133,2026-06-05,Protokoll 2025/26:133 Fredagen den 5 juni,73,1,2026-10-06
HD09132,2025/26,132,2026-06-04,Protokoll 2025/26:132 Torsdagen den 4 juni,187,2,2026-10-06
HD09134,2025/26,134,2026-06-08,Protokoll 2025/26:134 Måndagen den 8 juni,156,0,2026-10-06
HD09135,2025/26,135,2026-06-09,Protokoll 2025/26:135 Tisdagen den 9 juni,84,4,2026-10-06
HD09136,2025/26,136,2026-06-10,Protokoll 2025/26:136 Onsdagen den 10 juni,199,3,2026-10-06
HD09137,2025/26,137,2026-06-11,Protokoll 2025/26:137 Torsdagen den 11 juni,226,3,2026-10-06
HD09139,2025/26,139,2026-06-13,Protokoll 2025/26:139 Lördagen den 13 juni,63,0,2026-10-06
HD09138,2025/26,138,2026-06-12,Protokoll 2025/26:138 Fredagen den 12 juni,168,1,2026-10-06
HD09140,2025/26,140,2026-06-14,Protokoll 2025/26:140 Söndagen den 14 juni,200,0,2026-10-06
HD09141,2025/26,141,2026-06-15,Protokoll 2025/26:141 Måndagen den 15 juni,200,1,2026-10-06
HD09142,2025/26,142,2026-06-16,Protokoll 2025/26:142 Tisdagen den 16 juni,206,3,2026-10-06
HD09143,2025/26,143,2026-06-17,Protokoll 2025/26:143 Onsdagen den 17 juni,158,0,2026-10-06
HD09145,2025/26,145,2026-06-22,Protokoll 2025/26:145 Måndagen den 22 juni,44,0,2026-10-06
HD09144,2025/26,144,2026-06-18,Protokoll 2025/26:144 Torsdagen den 18 juni,115,1,2026-10-06
HD09146,2025/26,146,2026-06-23,Protokoll 2025/26:146 Tisdagen den 23 juni,27,0,2026-10-06
HD09147,2025/26,147,2026-06-25,Protokoll 2025/26:147 Torsdagen den 25 juni,0,0,2026-10-06
HD09148,2025/26,148,2026-06-26,Protokoll 2025/26:148 Fredagen den 26 juni,0,0,2026-10-06
HD09149,2025/26,149,2026-06-30,Protokoll 2025/26:149 Tisdagen den 30 juni,0,0,2026-10-06
HD09150,2025/26,150,2026-07-02,Protokoll 2025/26:150 Torsdagen den 2 juli,0,0,2026-10-06
HD09151,2025/26,151,2026-07-07,Protokoll 2025/26:151 Tisdagen den 7 juli,0,0,2026-10-06
HD09152,2025/26,152,2026-07-09,Protokoll 2025/26:152 Torsdagen den 9 juli,0,0,2026-10-06
HD09153,2025/26,153,2026-07-21,Protokoll 2025/26:153 Tisdagen den 21 juli,0,0,2026-10-06
HD09154,2025/26,154,2026-07-22,Protokoll 2025/26:154 Onsdagen den 22 juli,0,0,2026-10-06
HD09157,2025/26,157,2026-08-13,Protokoll 2025/26:157 Torsdagen den 13 augusti,124,0,2026-10-06
HE091,2026/27,1,2026-09-28,Protokoll 2026/27:1 Måndagen den 28 september,17,0,2026-10-06
HE092,2026/27,2,2026-09-29,Protokoll 2026/27:2 Tisdagen den 29 september,2,0,2026-10-06
HD09156,2025/26,156,2026-08-12,Protokoll 2025/26:156 Onsdagen den 12 augusti,197,0,2026-10-06
HD09155,2025/26,155,2026-08-11,Protokoll 2025/26:155 Tisdagen den 11 augusti,264,10,2026-10-06
HE093,2026/27,3,2026-09-30,Protokoll 2026/27:3 Onsdagen den 30 september,0,0,2026-10-06
HE094,2026/27,4,2026-10-06,Protokoll 2026/27:4 Tisdagen den 6 oktober,1,0,2026-10-06
