kontroll,tabell,dimension,period,kon,medelfel_procentenheter,maxfel_procentenheter,grupp,psu_skattad,register,diff
psu_vikter_återskapar_total,TAB3255,bakgrund,2006M05,alla,0.13952891097890394,0.4120644795511481,,,,
psu_vikter_återskapar_total,TAB3255,bakgrund,2006M05,kvinnor,0.09537468023156949,0.2776056129101079,,,,
psu_vikter_återskapar_total,TAB3255,bakgrund,2006M05,män,0.10804611884360625,0.2563770239971177,,,,
psu_vikter_återskapar_total,TAB3255,bakgrund,2006M11,alla,0.08765656445178786,0.22262638744470564,,,,
psu_vikter_återskapar_total,TAB3255,bakgrund,2006M11,kvinnor,0.05483740664796878,0.15515855396073164,,,,
psu_vikter_återskapar_total,TAB3255,bakgrund,2006M11,män,0.053743368922501186,0.1279482596369661,,,,
psu_vikter_återskapar_total,TAB3255,bakgrund,2007M05,alla,0.055215737517007035,0.16067969603944476,,,,
psu_vikter_återskapar_total,TAB3255,bakgrund,2007M05,kvinnor,0.06226986332596139,0.1043371172426788,,,,
psu_vikter_återskapar_total,TAB3255,bakgrund,2007M05,män,0.11962365539446511,0.3596567395360353,,,,
psu_vikter_återskapar_total,TAB3255,bakgrund,2007M11,alla,0.07251267955123655,0.20724261289591084,,,,
psu_vikter_återskapar_total,TAB3255,bakgrund,2007M11,kvinnor,0.05648149474212578,0.11719186301844786,,,,
psu_vikter_återskapar_total,TAB3255,bakgrund,2007M11,män,0.06746411422810926,0.22916780885512367,,,,
psu_vikter_återskapar_total,TAB3255,bakgrund,2008M05,alla,0.10062238737216779,0.2641571824590372,,,,
psu_vikter_återskapar_total,TAB3255,bakgrund,2008M05,kvinnor,0.08830383355249236,0.33479534100022335,,,,
psu_vikter_återskapar_total,TAB3255,bakgrund,2008M05,män,0.07168658213992586,0.24371451733295402,,,,
psu_vikter_återskapar_total,TAB3255,bakgrund,2008M11,alla,0.11333363203602939,0.3215103807934483,,,,
psu_vikter_återskapar_total,TAB3255,bakgrund,2008M11,kvinnor,0.07152040740876549,0.13833754507140128,,,,
psu_vikter_återskapar_total,TAB3255,bakgrund,2008M11,män,0.07310672613416111,0.20172320583861847,,,,
psu_vikter_återskapar_total,TAB3255,bakgrund,2009M05,alla,0.10565581857480907,0.2857214773885701,,,,
psu_vikter_återskapar_total,TAB3255,bakgrund,2009M05,kvinnor,0.11010513335433776,0.30019793832890684,,,,
psu_vikter_återskapar_total,TAB3255,bakgrund,2009M05,män,0.14900687179184763,0.39918466810124187,,,,
psu_vikter_återskapar_total,TAB3255,bakgrund,2009M11,alla,0.07578749135416007,0.21781593824162826,,,,
psu_vikter_återskapar_total,TAB3255,bakgrund,2009M11,kvinnor,0.09525300790750661,0.3636093485705487,,,,
psu_vikter_återskapar_total,TAB3255,bakgrund,2009M11,män,0.12059046839240432,0.3345892859789288,,,,
psu_vikter_återskapar_total,TAB3255,bakgrund,2010M05,alla,0.10004651340525036,0.3372219421788998,,,,
psu_vikter_återskapar_total,TAB3255,bakgrund,2010M05,kvinnor,0.09156580397526438,0.298213840667259,,,,
psu_vikter_återskapar_total,TAB3255,bakgrund,2010M05,män,0.13608043548372084,0.4484565431054506,,,,
psu_vikter_återskapar_total,TAB3255,bakgrund,2010M11,alla,0.27473082227016643,0.9274525587896001,,,,
psu_vikter_återskapar_total,TAB3255,bakgrund,2010M11,kvinnor,0.14736918716785002,0.6005607169998299,,,,
psu_vikter_återskapar_total,TAB3255,bakgrund,2010M11,män,0.2381597080522374,0.7035972803257629,,,,
psu_vikter_återskapar_total,TAB3255,bakgrund,2011M05,alla,0.2110988652600448,0.7943954610401818,,,,
psu_vikter_återskapar_total,TAB3255,bakgrund,2011M05,kvinnor,0.08330995759658866,0.44198715417223866,,,,
psu_vikter_återskapar_total,TAB3255,bakgrund,2011M05,män,0.17521735621438467,0.6158063301186196,,,,
psu_vikter_återskapar_total,TAB3255,bakgrund,2011M11,alla,0.2307928761823158,0.7371788338350065,,,,
psu_vikter_återskapar_total,TAB3255,bakgrund,2011M11,kvinnor,0.07571802532155164,0.2777404674637438,,,,
psu_vikter_återskapar_total,TAB3255,bakgrund,2011M11,män,0.14666783541914297,0.4352418211858371,,,,
psu_vikter_återskapar_total,TAB3255,bakgrund,2012M05,alla,0.24125777091679845,0.9177151044774376,,,,
psu_vikter_återskapar_total,TAB3255,bakgrund,2012M05,kvinnor,0.1574253655051669,0.39560765173065704,,,,
psu_vikter_återskapar_total,TAB3255,bakgrund,2012M05,män,0.12850560260245614,0.44668676177099087,,,,
psu_vikter_återskapar_total,TAB3255,bakgrund,2012M11,alla,0.23506220628494107,0.8708463956065629,,,,
psu_vikter_återskapar_total,TAB3255,bakgrund,2012M11,kvinnor,0.13460642014470947,0.5380049782138556,,,,
psu_vikter_återskapar_total,TAB3255,bakgrund,2012M11,män,0.1765916529093834,0.5574922747900786,,,,
psu_vikter_återskapar_total,TAB3255,bakgrund,2013M05,alla,0.22911379233040524,0.6993323688185242,,,,
psu_vikter_återskapar_total,TAB3255,bakgrund,2013M05,kvinnor,0.1447256771880447,0.6074809512873429,,,,
psu_vikter_återskapar_total,TAB3255,bakgrund,2013M05,män,0.17430096632248682,0.3926934253120038,,,,
psu_vikter_återskapar_total,TAB3255,bakgrund,2013M11,alla,0.19569526941252952,0.6255295868748547,,,,
psu_vikter_återskapar_total,TAB3255,bakgrund,2013M11,kvinnor,0.14510762155655077,0.6206457293393015,,,,
psu_vikter_återskapar_total,TAB3255,bakgrund,2013M11,män,0.11136743495959328,0.3845422764238009,,,,
psu_vikter_återskapar_total,TAB3255,bakgrund,2014M05,alla,0.19836450969631836,0.6914443416660561,,,,
psu_vikter_återskapar_total,TAB3255,bakgrund,2014M05,kvinnor,0.21347583918028246,0.6787131582995087,,,,
psu_vikter_återskapar_total,TAB3255,bakgrund,2014M05,män,0.1406465219177926,0.5483045510856002,,,,
psu_vikter_återskapar_total,TAB3255,bakgrund,2014M11,alla,0.42082298475354557,1.4847980464127133,,,,
psu_vikter_återskapar_total,TAB3255,bakgrund,2014M11,kvinnor,0.3266701004064776,1.1742068402831407,,,,
psu_vikter_återskapar_total,TAB3255,bakgrund,2014M11,män,0.26901047198573613,0.8807033677263831,,,,
psu_vikter_återskapar_total,TAB3255,bakgrund,2015M05,alla,0.2720638111061039,0.8153260846111827,,,,
psu_vikter_återskapar_total,TAB3255,bakgrund,2015M05,kvinnor,0.2033388278277286,0.6720971884868447,,,,
psu_vikter_återskapar_total,TAB3255,bakgrund,2015M05,män,0.20073066662496614,0.5108523388473465,,,,
psu_vikter_återskapar_total,TAB3255,bakgrund,2015M11,alla,0.24002864803880053,0.7144460888969313,,,,
psu_vikter_återskapar_total,TAB3255,bakgrund,2015M11,kvinnor,0.12120960934402414,0.266196122262393,,,,
psu_vikter_återskapar_total,TAB3255,bakgrund,2015M11,män,0.23763746375911032,0.7086553528875825,,,,
psu_vikter_återskapar_total,TAB3255,bakgrund,2016M05,alla,0.3234802563650054,1.1658644878741633,,,,
psu_vikter_återskapar_total,TAB3255,bakgrund,2016M05,kvinnor,0.23680356931940805,0.7921581708968048,,,,
psu_vikter_återskapar_total,TAB3255,bakgrund,2016M05,män,0.22030169090683438,0.7600225252520794,,,,
psu_vikter_återskapar_total,TAB3255,bakgrund,2016M11,alla,0.2982089831759255,1.137951080699544,,,,
psu_vikter_återskapar_total,TAB3255,bakgrund,2016M11,kvinnor,0.2618402184130272,1.0765027040145867,,,,
psu_vikter_återskapar_total,TAB3255,bakgrund,2016M11,män,0.23433088256585227,0.7647370250850258,,,,
psu_vikter_återskapar_total,TAB3255,bakgrund,2017M05,alla,0.25232853363686847,0.7855951345005714,,,,
psu_vikter_återskapar_total,TAB3255,bakgrund,2017M05,kvinnor,0.21566390975336547,0.616636524137002,,,,
psu_vikter_återskapar_total,TAB3255,bakgrund,2017M05,män,0.16230655619358703,0.5454113542795795,,,,
psu_vikter_återskapar_total,TAB3255,bakgrund,2017M11,alla,0.22880724089815346,0.7512903526403036,,,,
psu_vikter_återskapar_total,TAB3255,bakgrund,2017M11,kvinnor,0.17864853534908537,0.551433080153906,,,,
psu_vikter_återskapar_total,TAB3255,bakgrund,2017M11,män,0.15349668688352647,0.5380489599542138,,,,
psu_vikter_återskapar_total,TAB3255,bakgrund,2018M05,alla,0.21323545837889607,0.7419443624931645,,,,
psu_vikter_återskapar_total,TAB3255,bakgrund,2018M05,kvinnor,0.18869832579805818,0.5152203775859867,,,,
psu_vikter_återskapar_total,TAB3255,bakgrund,2018M05,män,0.17465564781220244,0.5387150334506288,,,,
psu_vikter_återskapar_total,TAB3255,bakgrund,2018M11,alla,0.4230305994643353,1.5337816847392887,,,,
psu_vikter_återskapar_total,TAB3255,bakgrund,2018M11,kvinnor,0.20059482124481864,0.725967563639685,,,,
psu_vikter_återskapar_total,TAB3255,bakgrund,2018M11,män,0.3907398465605637,1.1405503252131126,,,,
psu_vikter_återskapar_total,TAB3255,bakgrund,2019M05,alla,0.30749988035461495,1.1378877231487792,,,,
psu_vikter_återskapar_total,TAB3255,bakgrund,2019M05,kvinnor,0.190170569821707,0.7191756231798365,,,,
psu_vikter_återskapar_total,TAB3255,bakgrund,2019M05,män,0.3213443883239301,1.2332504560281912,,,,
psu_vikter_återskapar_total,TAB3255,bakgrund,2019M11,alla,0.3565669441065823,1.2257878568464555,,,,
psu_vikter_återskapar_total,TAB3255,bakgrund,2019M11,kvinnor,0.25898839206137325,0.555244988821979,,,,
psu_vikter_återskapar_total,TAB3255,bakgrund,2019M11,män,0.38996370921733875,1.305255653443787,,,,
psu_vikter_återskapar_total,TAB3255,bakgrund,2020M05,alla,0.27538963041643755,0.8542246649012064,,,,
psu_vikter_återskapar_total,TAB3255,bakgrund,2020M05,kvinnor,0.1361037379419202,0.24360719899925343,,,,
psu_vikter_återskapar_total,TAB3255,bakgrund,2020M05,män,0.3498415933895171,1.3242255169009738,,,,
psu_vikter_återskapar_total,TAB3255,bakgrund,2020M11,alla,0.3214679921044678,1.2033783091510628,,,,
psu_vikter_återskapar_total,TAB3255,bakgrund,2020M11,kvinnor,0.16369953023602146,0.5992643620679985,,,,
psu_vikter_återskapar_total,TAB3255,bakgrund,2020M11,män,0.3071905786129789,1.0654582508100212,,,,
psu_vikter_återskapar_total,TAB3255,bakgrund,2021M05,alla,0.3201130149334449,1.1655103512514629,,,,
psu_vikter_återskapar_total,TAB3255,bakgrund,2021M05,kvinnor,0.2532504581596172,0.8111746133976894,,,,
psu_vikter_återskapar_total,TAB3255,bakgrund,2021M05,män,0.336658346834562,1.1460160799026156,,,,
psu_vikter_återskapar_total,TAB3255,bakgrund,2021M11,alla,0.4383668443562272,1.3450570604402614,,,,
psu_vikter_återskapar_total,TAB3255,bakgrund,2021M11,kvinnor,0.27025373876453995,0.8168964462779158,,,,
psu_vikter_återskapar_total,TAB3255,bakgrund,2021M11,män,0.2775578469138812,0.827918204359495,,,,
psu_vikter_återskapar_total,TAB3255,bakgrund,2022M05,alla,0.36778078960133703,1.2827490427326325,,,,
psu_vikter_återskapar_total,TAB3255,bakgrund,2022M05,kvinnor,0.1994852703013008,0.5593483120444347,,,,
psu_vikter_återskapar_total,TAB3255,bakgrund,2022M05,män,0.38620222258260706,1.3325030424432747,,,,
psu_vikter_återskapar_total,TAB3255,bakgrund,2022M11,alla,0.468512526425091,0.9387511868115368,,,,
psu_vikter_återskapar_total,TAB3255,bakgrund,2022M11,kvinnor,0.3310519587282369,0.6935121314417838,,,,
psu_vikter_återskapar_total,TAB3255,bakgrund,2022M11,män,0.34733718134625907,0.7729313063308751,,,,
psu_vikter_återskapar_total,TAB3255,bakgrund,2023M05,alla,0.36358740787815924,0.9428831843169476,,,,
psu_vikter_återskapar_total,TAB3255,bakgrund,2023M05,kvinnor,0.2366168007354169,0.3840818263493109,,,,
psu_vikter_återskapar_total,TAB3255,bakgrund,2023M05,män,0.3849328760207828,1.1204229150826492,,,,
psu_vikter_återskapar_total,TAB3255,bakgrund,2024M05,alla,0.4855964879567771,1.0973762640815963,,,,
psu_vikter_återskapar_total,TAB3255,bakgrund,2024M05,kvinnor,0.1681596775698071,0.3560677331279596,,,,
psu_vikter_återskapar_total,TAB3255,bakgrund,2024M05,män,0.5058552296143264,1.385085327623159,,,,
psu_vikter_återskapar_total,TAB3255,bakgrund,2025M05,alla,0.32233072970251764,0.8673889918321649,,,,
psu_vikter_återskapar_total,TAB3255,bakgrund,2025M05,kvinnor,0.21969175977615418,0.5802165648942434,,,,
psu_vikter_återskapar_total,TAB3255,bakgrund,2025M05,män,0.39054555412898473,1.1197820913252166,,,,
psu_vikter_återskapar_total,TAB3255,bakgrund,2026M05,alla,0.40537676977234355,1.1936933755614163,,,,
psu_vikter_återskapar_total,TAB3255,bakgrund,2026M05,kvinnor,0.23110087335272478,0.5987781966045347,,,,
psu_vikter_återskapar_total,TAB3255,bakgrund,2026M05,män,0.3712441113097438,1.0010237648336577,,,,
psu_vikter_återskapar_total,TAB3226,ålder (7 klasser),2006M05,alla,0.08583660132174417,0.18542203541325364,,,,
psu_vikter_återskapar_total,TAB3226,ålder (7 klasser),2006M05,kvinnor,0.1397344729563153,0.2198313033953916,,,,
psu_vikter_återskapar_total,TAB3226,ålder (7 klasser),2006M05,män,0.07438200775609863,0.1327343978747244,,,,
psu_vikter_återskapar_total,TAB3226,ålder (7 klasser),2006M11,alla,0.055094165304689344,0.0952407267266624,,,,
psu_vikter_återskapar_total,TAB3226,ålder (7 klasser),2006M11,kvinnor,0.11594781150728638,0.23646012035205644,,,,
psu_vikter_återskapar_total,TAB3226,ålder (7 klasser),2006M11,män,0.03677267676287377,0.08005345483153636,,,,
psu_vikter_återskapar_total,TAB3226,ålder (7 klasser),2007M05,alla,0.041854855938010846,0.08381131802230701,,,,
psu_vikter_återskapar_total,TAB3226,ålder (7 klasser),2007M05,kvinnor,0.08653647169631373,0.14790452818023425,,,,
psu_vikter_återskapar_total,TAB3226,ålder (7 klasser),2007M05,män,0.0373382103520815,0.0809337563437893,,,,
psu_vikter_återskapar_total,TAB3226,ålder (7 klasser),2007M11,alla,0.04911578834407645,0.09285919282594524,,,,
psu_vikter_återskapar_total,TAB3226,ålder (7 klasser),2007M11,kvinnor,0.07890863649883986,0.14722430531591524,,,,
psu_vikter_återskapar_total,TAB3226,ålder (7 klasser),2007M11,män,0.03227992407599884,0.0673293773703918,,,,
psu_vikter_återskapar_total,TAB3226,ålder (7 klasser),2008M05,alla,0.04663777351650911,0.09436903875992542,,,,
psu_vikter_återskapar_total,TAB3226,ålder (7 klasser),2008M05,kvinnor,0.07592153957311291,0.15409199805600338,,,,
psu_vikter_återskapar_total,TAB3226,ålder (7 klasser),2008M05,män,0.04355396307032976,0.08798918392036281,,,,
psu_vikter_återskapar_total,TAB3226,ålder (7 klasser),2008M11,alla,0.051066887154526404,0.1629295423036048,,,,
psu_vikter_återskapar_total,TAB3226,ålder (7 klasser),2008M11,kvinnor,0.07662875133467636,0.17125211989609568,,,,
psu_vikter_återskapar_total,TAB3226,ålder (7 klasser),2008M11,män,0.029673555135017095,0.05934543358331368,,,,
psu_vikter_återskapar_total,TAB3226,ålder (7 klasser),2009M05,alla,0.06759698163831336,0.1265789554318104,,,,
psu_vikter_återskapar_total,TAB3226,ålder (7 klasser),2009M05,kvinnor,0.08638614171333422,0.1908480613300858,,,,
psu_vikter_återskapar_total,TAB3226,ålder (7 klasser),2009M05,män,0.07600835820102565,0.23243373682176838,,,,
psu_vikter_återskapar_total,TAB3226,ålder (7 klasser),2009M11,alla,0.06124703769464267,0.10093922015132151,,,,
psu_vikter_återskapar_total,TAB3226,ålder (7 klasser),2009M11,kvinnor,0.09282221157938915,0.2550263657037295,,,,
psu_vikter_återskapar_total,TAB3226,ålder (7 klasser),2009M11,män,0.023346194767636774,0.046829425686063075,,,,
psu_vikter_återskapar_total,TAB3226,ålder (7 klasser),2010M05,alla,0.07254527055189897,0.12135807187878811,,,,
psu_vikter_återskapar_total,TAB3226,ålder (7 klasser),2010M05,kvinnor,0.10431476388693779,0.1901669940579831,,,,
psu_vikter_återskapar_total,TAB3226,ålder (7 klasser),2010M05,män,0.04664202554176481,0.0809870853214818,,,,
psu_vikter_återskapar_total,TAB3226,ålder (7 klasser),2010M11,alla,0.04221296777886174,0.13208834992804075,,,,
psu_vikter_återskapar_total,TAB3226,ålder (7 klasser),2010M11,kvinnor,0.07680376290679297,0.21588277554106083,,,,
psu_vikter_återskapar_total,TAB3226,ålder (7 klasser),2010M11,män,0.10325857393250937,0.2900293871215496,,,,
psu_vikter_återskapar_total,TAB3226,ålder (7 klasser),2011M05,alla,0.06414207917312686,0.12816098721643598,,,,
psu_vikter_återskapar_total,TAB3226,ålder (7 klasser),2011M05,kvinnor,0.08149114654726636,0.303871815659281,,,,
psu_vikter_återskapar_total,TAB3226,ålder (7 klasser),2011M05,män,0.08514223064437915,0.2708337548015427,,,,
psu_vikter_återskapar_total,TAB3226,ålder (7 klasser),2011M11,alla,0.0821213378681237,0.2062165045494524,,,,
psu_vikter_återskapar_total,TAB3226,ålder (7 klasser),2011M11,kvinnor,0.1542011798608074,0.5454210260812413,,,,
psu_vikter_återskapar_total,TAB3226,ålder (7 klasser),2011M11,män,0.054276277425360675,0.13297891176048893,,,,
psu_vikter_återskapar_total,TAB3226,ålder (7 klasser),2012M05,alla,0.09508644194192045,0.2484642033388731,,,,
psu_vikter_återskapar_total,TAB3226,ålder (7 klasser),2012M05,kvinnor,0.12376606412785252,0.3206517565753586,,,,
psu_vikter_återskapar_total,TAB3226,ålder (7 klasser),2012M05,män,0.09251988885496343,0.2544475700294493,,,,
psu_vikter_återskapar_total,TAB3226,ålder (7 klasser),2012M11,alla,0.050114829027058716,0.11571194652451222,,,,
psu_vikter_återskapar_total,TAB3226,ålder (7 klasser),2012M11,kvinnor,0.12424234703855408,0.23546431931603706,,,,
psu_vikter_återskapar_total,TAB3226,ålder (7 klasser),2012M11,män,0.11067152597661584,0.18625386236655928,,,,
psu_vikter_återskapar_total,TAB3226,ålder (7 klasser),2013M05,alla,0.1066766321909936,0.21470252197980955,,,,
psu_vikter_återskapar_total,TAB3226,ålder (7 klasser),2013M05,kvinnor,0.09584526101078389,0.23301761533221077,,,,
psu_vikter_återskapar_total,TAB3226,ålder (7 klasser),2013M05,män,0.07613210498646916,0.2065149137297979,,,,
psu_vikter_återskapar_total,TAB3226,ålder (7 klasser),2013M11,alla,0.07086634710542489,0.18326278899571768,,,,
psu_vikter_återskapar_total,TAB3226,ålder (7 klasser),2013M11,kvinnor,0.1587707736250914,0.3754828693754675,,,,
psu_vikter_återskapar_total,TAB3226,ålder (7 klasser),2013M11,män,0.09542239156634896,0.3011716420453827,,,,
psu_vikter_återskapar_total,TAB3226,ålder (7 klasser),2014M05,alla,0.11828700763980682,0.2683774147199074,,,,
psu_vikter_återskapar_total,TAB3226,ålder (7 klasser),2014M05,kvinnor,0.18709719420317816,0.478881046616765,,,,
psu_vikter_återskapar_total,TAB3226,ålder (7 klasser),2014M05,män,0.12479617685000127,0.3495307248796786,,,,
psu_vikter_återskapar_total,TAB3226,ålder (7 klasser),2014M11,alla,0.14026425238448964,0.3968295506376336,,,,
psu_vikter_återskapar_total,TAB3226,ålder (7 klasser),2014M11,kvinnor,0.23524992300829628,0.5867966339385262,,,,
psu_vikter_återskapar_total,TAB3226,ålder (7 klasser),2014M11,män,0.10235946456229778,0.34321252081301346,,,,
psu_vikter_återskapar_total,TAB3226,ålder (7 klasser),2015M05,alla,0.236973393564134,0.6794169077798351,,,,
psu_vikter_återskapar_total,TAB3226,ålder (7 klasser),2015M05,kvinnor,0.21712828269367468,0.5937602747364608,,,,
psu_vikter_återskapar_total,TAB3226,ålder (7 klasser),2015M05,män,0.25153139193777274,0.7819801506940216,,,,
psu_vikter_återskapar_total,TAB3226,ålder (7 klasser),2015M11,alla,0.15439549024193372,0.5519148845648125,,,,
psu_vikter_återskapar_total,TAB3226,ålder (7 klasser),2015M11,kvinnor,0.5070944849884217,0.9685064696337076,,,,
psu_vikter_återskapar_total,TAB3226,ålder (7 klasser),2015M11,män,0.239003666068494,0.5796171539675994,,,,
psu_vikter_återskapar_total,TAB3226,ålder (7 klasser),2016M05,alla,0.19434764715112657,0.881173996963323,,,,
psu_vikter_återskapar_total,TAB3226,ålder (7 klasser),2016M05,kvinnor,0.4637432115423803,1.0419114396049238,,,,
psu_vikter_återskapar_total,TAB3226,ålder (7 klasser),2016M05,män,0.2629237760221142,0.9324323192351933,,,,
psu_vikter_återskapar_total,TAB3226,ålder (7 klasser),2016M11,alla,0.15433193104536552,0.44396478439744413,,,,
psu_vikter_återskapar_total,TAB3226,ålder (7 klasser),2016M11,kvinnor,0.2583081786281559,0.5194921761009912,,,,
psu_vikter_återskapar_total,TAB3226,ålder (7 klasser),2016M11,män,0.1904661173397979,0.6594672447915535,,,,
psu_vikter_återskapar_total,TAB3226,ålder (7 klasser),2017M05,alla,0.12100054654152997,0.4184373178917937,,,,
psu_vikter_återskapar_total,TAB3226,ålder (7 klasser),2017M05,kvinnor,0.3617955707735713,1.0853789307490587,,,,
psu_vikter_återskapar_total,TAB3226,ålder (7 klasser),2017M05,män,0.38783058718622543,1.0899453761216762,,,,
psu_vikter_återskapar_total,TAB3226,ålder (7 klasser),2017M11,alla,0.14814775544338127,0.563444718370981,,,,
psu_vikter_återskapar_total,TAB3226,ålder (7 klasser),2017M11,kvinnor,0.5319359239124797,1.9208656300045348,,,,
psu_vikter_återskapar_total,TAB3226,ålder (7 klasser),2017M11,män,0.252291569783712,1.0266965313289624,,,,
psu_vikter_återskapar_total,TAB3226,ålder (7 klasser),2018M05,alla,0.3041334136837393,1.1081543387162078,,,,
psu_vikter_återskapar_total,TAB3226,ålder (7 klasser),2018M05,kvinnor,0.5581019828387301,1.4312509858591476,,,,
psu_vikter_återskapar_total,TAB3226,ålder (7 klasser),2018M05,män,0.36124813670880734,1.4343174076027339,,,,
psu_vikter_återskapar_total,TAB3226,ålder (7 klasser),2018M11,alla,0.27447053792654696,0.7239018928574978,,,,
psu_vikter_återskapar_total,TAB3226,ålder (7 klasser),2018M11,kvinnor,0.8340300730845979,1.5567536366577421,,,,
psu_vikter_återskapar_total,TAB3226,ålder (7 klasser),2018M11,män,0.6192457006073916,1.7829167088980569,,,,
psu_vikter_återskapar_total,TAB3226,ålder (7 klasser),2019M05,alla,0.2483060411114023,0.4301280627369337,,,,
psu_vikter_återskapar_total,TAB3226,ålder (7 klasser),2019M05,kvinnor,0.45210474842674553,0.782577223548584,,,,
psu_vikter_återskapar_total,TAB3226,ålder (7 klasser),2019M05,män,0.7744928179082675,1.3965573744844875,,,,
psu_vikter_återskapar_total,TAB3226,ålder (7 klasser),2019M11,alla,0.36739583015575616,0.7101947958706596,,,,
psu_vikter_återskapar_total,TAB3226,ålder (7 klasser),2019M11,kvinnor,0.8984324540448531,1.631777498284798,,,,
psu_vikter_återskapar_total,TAB3226,ålder (7 klasser),2019M11,män,0.7414735637353691,1.4712561348992281,,,,
psu_vikter_återskapar_total,TAB3226,ålder (7 klasser),2020M05,alla,0.3470151806153061,0.8268278489095522,,,,
psu_vikter_återskapar_total,TAB3226,ålder (7 klasser),2020M05,kvinnor,0.7242899916811804,1.5295786620475127,,,,
psu_vikter_återskapar_total,TAB3226,ålder (7 klasser),2020M05,män,0.7194534889618961,1.6678657747668595,,,,
psu_vikter_återskapar_total,TAB3226,ålder (7 klasser),2020M11,alla,0.20124599543061805,0.3805560301560291,,,,
psu_vikter_återskapar_total,TAB3226,ålder (7 klasser),2020M11,kvinnor,0.5564996232387472,0.8911846818208611,,,,
psu_vikter_återskapar_total,TAB3226,ålder (7 klasser),2020M11,män,0.4267208612390153,1.6920550086432975,,,,
psu_vikter_återskapar_total,TAB3226,ålder (7 klasser),2021M05,alla,0.2512614535984087,0.8897348686760935,,,,
psu_vikter_återskapar_total,TAB3226,ålder (7 klasser),2021M05,kvinnor,0.7066981947083917,1.664684285548887,,,,
psu_vikter_återskapar_total,TAB3226,ålder (7 klasser),2021M05,män,0.41354438861771275,1.732748124161109,,,,
psu_vikter_återskapar_total,TAB3226,ålder (7 klasser),2021M11,alla,0.2116559777842103,0.5519322702973426,,,,
psu_vikter_återskapar_total,TAB3226,ålder (7 klasser),2021M11,kvinnor,0.5011633784120026,0.9952418689864544,,,,
psu_vikter_återskapar_total,TAB3226,ålder (7 klasser),2021M11,män,0.24405354590185863,0.7880167613615789,,,,
psu_vikter_återskapar_total,TAB3226,ålder (7 klasser),2022M05,alla,0.24616933963734838,0.7754296893766224,,,,
psu_vikter_återskapar_total,TAB3226,ålder (7 klasser),2022M05,kvinnor,0.4846852108231442,1.4601407999384577,,,,
psu_vikter_återskapar_total,TAB3226,ålder (7 klasser),2022M05,män,0.5291734468450532,1.1894720861627484,,,,
psu_vikter_återskapar_total,TAB3226,ålder (7 klasser),2022M11,alla,0.1906039918713328,0.5165636652982926,,,,
psu_vikter_återskapar_total,TAB3226,ålder (7 klasser),2022M11,kvinnor,0.6498488145751219,1.7111550650657463,,,,
psu_vikter_återskapar_total,TAB3226,ålder (7 klasser),2022M11,män,0.5692685568750404,1.3538798975769417,,,,
psu_vikter_återskapar_total,TAB3226,ålder (7 klasser),2023M05,alla,0.09553508976570657,0.22088821823250893,,,,
psu_vikter_återskapar_total,TAB3226,ålder (7 klasser),2023M05,kvinnor,0.38927390557914626,0.8849234470093315,,,,
psu_vikter_återskapar_total,TAB3226,ålder (7 klasser),2023M05,män,0.2319583417079984,0.7287506168694691,,,,
psu_vikter_återskapar_total,TAB3226,ålder (7 klasser),2024M05,alla,0.15074004612436742,0.3796032717434059,,,,
psu_vikter_återskapar_total,TAB3226,ålder (7 klasser),2024M05,kvinnor,0.3103599388041637,1.0035691305761834,,,,
psu_vikter_återskapar_total,TAB3226,ålder (7 klasser),2024M05,män,0.5848968954810856,1.5016369291561773,,,,
psu_vikter_återskapar_total,TAB3226,ålder (7 klasser),2025M05,alla,0.12464127832776223,0.38612795863417126,,,,
psu_vikter_återskapar_total,TAB3226,ålder (7 klasser),2025M05,kvinnor,0.20873945325882637,0.8868679581861922,,,,
psu_vikter_återskapar_total,TAB3226,ålder (7 klasser),2025M05,män,0.4064990261286088,0.9553705557184031,,,,
psu_vikter_återskapar_total,TAB3226,ålder (7 klasser),2026M05,alla,0.14093468459865421,0.4764257052083387,,,,
psu_vikter_återskapar_total,TAB3226,ålder (7 klasser),2026M05,kvinnor,0.30012082442418464,1.1129771221552964,,,,
psu_vikter_återskapar_total,TAB3226,ålder (7 klasser),2026M05,män,0.4286551866652148,0.7557969384311143,,,,
psu_vikter_återskapar_total,TAB3227,ålder (4 klasser),2006M05,alla,0.07746811291487539,0.12982455972434792,,,,
psu_vikter_återskapar_total,TAB3227,ålder (4 klasser),2006M05,kvinnor,0.13392380261952738,0.22127139262600437,,,,
psu_vikter_återskapar_total,TAB3227,ålder (4 klasser),2006M05,män,0.06277878535985762,0.10675096206322365,,,,
psu_vikter_återskapar_total,TAB3227,ålder (4 klasser),2006M11,alla,0.05464712600005558,0.09687480816764094,,,,
psu_vikter_återskapar_total,TAB3227,ålder (4 klasser),2006M11,kvinnor,0.11258626080675452,0.22116981636842326,,,,
psu_vikter_återskapar_total,TAB3227,ålder (4 klasser),2006M11,män,0.03168479341636189,0.06885554918432879,,,,
psu_vikter_återskapar_total,TAB3227,ålder (4 klasser),2007M05,alla,0.039022958222537686,0.08644120286852175,,,,
psu_vikter_återskapar_total,TAB3227,ålder (4 klasser),2007M05,kvinnor,0.059044916742870664,0.098260076686147,,,,
psu_vikter_återskapar_total,TAB3227,ålder (4 klasser),2007M05,män,0.05655443958158944,0.08924259127360301,,,,
psu_vikter_återskapar_total,TAB3227,ålder (4 klasser),2007M11,alla,0.0482728843715256,0.11105058677478397,,,,
psu_vikter_återskapar_total,TAB3227,ålder (4 klasser),2007M11,kvinnor,0.055619020319270795,0.14844470881663074,,,,
psu_vikter_återskapar_total,TAB3227,ålder (4 klasser),2007M11,män,0.03099172985597993,0.061388168962096756,,,,
psu_vikter_återskapar_total,TAB3227,ålder (4 klasser),2008M05,alla,0.043701969563591944,0.07590835078281977,,,,
psu_vikter_återskapar_total,TAB3227,ålder (4 klasser),2008M05,kvinnor,0.05963296059095275,0.1010353288932464,,,,
psu_vikter_återskapar_total,TAB3227,ålder (4 klasser),2008M05,män,0.05218756934014124,0.10160326655040652,,,,
psu_vikter_återskapar_total,TAB3227,ålder (4 klasser),2008M11,alla,0.0521124686849675,0.1414715898860237,,,,
psu_vikter_återskapar_total,TAB3227,ålder (4 klasser),2008M11,kvinnor,0.05741553518343486,0.12111978665285505,,,,
psu_vikter_återskapar_total,TAB3227,ålder (4 klasser),2008M11,män,0.04432581706369471,0.10098242317612716,,,,
psu_vikter_återskapar_total,TAB3227,ålder (4 klasser),2009M05,alla,0.04035391423966393,0.07403560968551037,,,,
psu_vikter_återskapar_total,TAB3227,ålder (4 klasser),2009M05,kvinnor,0.06903243840969608,0.15011205229868452,,,,
psu_vikter_återskapar_total,TAB3227,ålder (4 klasser),2009M05,män,0.040255205226322054,0.10463804014894151,,,,
psu_vikter_återskapar_total,TAB3227,ålder (4 klasser),2009M11,alla,0.024562358979181464,0.06105008450123961,,,,
psu_vikter_återskapar_total,TAB3227,ålder (4 klasser),2009M11,kvinnor,0.05990657013151145,0.13123910378157255,,,,
psu_vikter_återskapar_total,TAB3227,ålder (4 klasser),2009M11,män,0.03181167284379433,0.06667735542913533,,,,
psu_vikter_återskapar_total,TAB3227,ålder (4 klasser),2010M05,alla,0.04561396218205343,0.08702528091403572,,,,
psu_vikter_återskapar_total,TAB3227,ålder (4 klasser),2010M05,kvinnor,0.0747347577417041,0.18612076008940903,,,,
psu_vikter_återskapar_total,TAB3227,ålder (4 klasser),2010M05,män,0.04852132420440863,0.08561438743146255,,,,
psu_vikter_återskapar_total,TAB3227,ålder (4 klasser),2010M11,alla,0.07867342939060151,0.25634794699229246,,,,
psu_vikter_återskapar_total,TAB3227,ålder (4 klasser),2010M11,kvinnor,0.05504019283526207,0.18838493483027907,,,,
psu_vikter_återskapar_total,TAB3227,ålder (4 klasser),2010M11,män,0.08300505884430243,0.3119402563013125,,,,
psu_vikter_återskapar_total,TAB3227,ålder (4 klasser),2011M05,alla,0.04584862083357949,0.09204774226747858,,,,
psu_vikter_återskapar_total,TAB3227,ålder (4 klasser),2011M05,kvinnor,0.06841009254579977,0.16041675443871384,,,,
psu_vikter_återskapar_total,TAB3227,ålder (4 klasser),2011M05,män,0.07759194180252721,0.1544195040449976,,,,
psu_vikter_återskapar_total,TAB3227,ålder (4 klasser),2011M11,alla,0.06153568783908425,0.16435697680703854,,,,
psu_vikter_återskapar_total,TAB3227,ålder (4 klasser),2011M11,kvinnor,0.09130049177799454,0.2340942436508442,,,,
psu_vikter_återskapar_total,TAB3227,ålder (4 klasser),2011M11,män,0.036510172211612346,0.07520872190727701,,,,
psu_vikter_återskapar_total,TAB3227,ålder (4 klasser),2012M05,alla,0.1125435067859033,0.28511478822336045,,,,
psu_vikter_återskapar_total,TAB3227,ålder (4 klasser),2012M05,kvinnor,0.09231602643437459,0.23262785195603186,,,,
psu_vikter_återskapar_total,TAB3227,ålder (4 klasser),2012M05,män,0.07535188242068303,0.2097083026814417,,,,
psu_vikter_återskapar_total,TAB3227,ålder (4 klasser),2012M11,alla,0.05156594029089734,0.10848283951788495,,,,
psu_vikter_återskapar_total,TAB3227,ålder (4 klasser),2012M11,kvinnor,0.06627360216387496,0.14338022940896877,,,,
psu_vikter_återskapar_total,TAB3227,ålder (4 klasser),2012M11,män,0.05694991657321158,0.13711948395102525,,,,
psu_vikter_återskapar_total,TAB3227,ålder (4 klasser),2013M05,alla,0.14400210701333943,0.29310663640417367,,,,
psu_vikter_återskapar_total,TAB3227,ålder (4 klasser),2013M05,kvinnor,0.06232072838095515,0.18028657595831277,,,,
psu_vikter_återskapar_total,TAB3227,ålder (4 klasser),2013M05,män,0.13973628463318938,0.2887489988086145,,,,
psu_vikter_återskapar_total,TAB3227,ålder (4 klasser),2013M11,alla,0.12634672833670302,0.2687658481166153,,,,
psu_vikter_återskapar_total,TAB3227,ålder (4 klasser),2013M11,kvinnor,0.10992496633793492,0.32332817509411527,,,,
psu_vikter_återskapar_total,TAB3227,ålder (4 klasser),2013M11,män,0.05663804303486564,0.12977351146217586,,,,
psu_vikter_återskapar_total,TAB3227,ålder (4 klasser),2014M05,alla,0.12421593450473711,0.3297053016122389,,,,
psu_vikter_återskapar_total,TAB3227,ålder (4 klasser),2014M05,kvinnor,0.2900919373356684,0.7214182697526574,,,,
psu_vikter_återskapar_total,TAB3227,ålder (4 klasser),2014M05,män,0.1527967715059364,0.3196287222353149,,,,
psu_vikter_återskapar_total,TAB3227,ålder (4 klasser),2014M11,alla,0.07807020835848255,0.26803450963507736,,,,
psu_vikter_återskapar_total,TAB3227,ålder (4 klasser),2014M11,kvinnor,0.21722529883387054,0.6009255695366349,,,,
psu_vikter_återskapar_total,TAB3227,ålder (4 klasser),2014M11,män,0.09441265472086036,0.24042035924534755,,,,
psu_vikter_återskapar_total,TAB3227,ålder (4 klasser),2015M05,alla,0.1458481302853356,0.45699820764617627,,,,
psu_vikter_återskapar_total,TAB3227,ålder (4 klasser),2015M05,kvinnor,0.15222115401534686,0.5845621323314631,,,,
psu_vikter_återskapar_total,TAB3227,ålder (4 klasser),2015M05,män,0.25089548282841606,0.7932936120027456,,,,
psu_vikter_återskapar_total,TAB3227,ålder (4 klasser),2015M11,alla,0.1665166443818516,0.7051352051923274,,,,
psu_vikter_återskapar_total,TAB3227,ålder (4 klasser),2015M11,kvinnor,0.1400297153287252,0.3680599772734858,,,,
psu_vikter_återskapar_total,TAB3227,ålder (4 klasser),2015M11,män,0.3000615782384737,1.0481256486232766,,,,
psu_vikter_återskapar_total,TAB3227,ålder (4 klasser),2016M05,alla,0.1873766077493622,0.7952831616727991,,,,
psu_vikter_återskapar_total,TAB3227,ålder (4 klasser),2016M05,kvinnor,0.15168291395683864,0.3262862843456489,,,,
psu_vikter_återskapar_total,TAB3227,ålder (4 klasser),2016M05,män,0.2642307023646634,0.8842733606710205,,,,
psu_vikter_återskapar_total,TAB3227,ålder (4 klasser),2016M11,alla,0.1479747139799113,0.5021664638924292,,,,
psu_vikter_återskapar_total,TAB3227,ålder (4 klasser),2016M11,kvinnor,0.13158995204099633,0.3254182024910257,,,,
psu_vikter_återskapar_total,TAB3227,ålder (4 klasser),2016M11,män,0.17269951874528738,0.514018395510444,,,,
psu_vikter_återskapar_total,TAB3227,ålder (4 klasser),2017M05,alla,0.16627935635790447,0.6066209758497934,,,,
psu_vikter_återskapar_total,TAB3227,ålder (4 klasser),2017M05,kvinnor,0.12377407693703191,0.5063499802326064,,,,
psu_vikter_återskapar_total,TAB3227,ålder (4 klasser),2017M05,män,0.1793940910576156,0.6498878312846728,,,,
psu_vikter_återskapar_total,TAB3227,ålder (4 klasser),2017M11,alla,0.18915297280269217,0.7369124964077614,,,,
psu_vikter_återskapar_total,TAB3227,ålder (4 klasser),2017M11,kvinnor,0.21467560028015403,0.8448595627428759,,,,
psu_vikter_återskapar_total,TAB3227,ålder (4 klasser),2017M11,män,0.22117462257006226,0.8936853302460825,,,,
psu_vikter_återskapar_total,TAB3227,ålder (4 klasser),2018M05,alla,0.34779160238679485,1.3612769715225426,,,,
psu_vikter_återskapar_total,TAB3227,ålder (4 klasser),2018M05,kvinnor,0.2704644411373608,1.0280781053644965,,,,
psu_vikter_återskapar_total,TAB3227,ålder (4 klasser),2018M05,män,0.32995070242395463,1.302306214269521,,,,
psu_vikter_återskapar_total,TAB3227,ålder (4 klasser),2018M11,alla,0.15870735324727492,0.5310974149831509,,,,
psu_vikter_återskapar_total,TAB3227,ålder (4 klasser),2018M11,kvinnor,0.29146281971254084,0.8904203157947705,,,,
psu_vikter_återskapar_total,TAB3227,ålder (4 klasser),2018M11,män,0.23165417141716,0.8270892424119474,,,,
psu_vikter_återskapar_total,TAB3227,ålder (4 klasser),2019M05,alla,0.24443176585387683,0.5366312684001251,,,,
psu_vikter_återskapar_total,TAB3227,ålder (4 klasser),2019M05,kvinnor,0.15083291057182624,0.288249879003752,,,,
psu_vikter_återskapar_total,TAB3227,ålder (4 klasser),2019M05,män,0.30583661749726504,0.6987072399733734,,,,
psu_vikter_återskapar_total,TAB3227,ålder (4 klasser),2019M11,alla,0.3225470532949749,0.7270097378710609,,,,
psu_vikter_återskapar_total,TAB3227,ålder (4 klasser),2019M11,kvinnor,0.4293298338671807,0.7940677505503189,,,,
psu_vikter_återskapar_total,TAB3227,ålder (4 klasser),2019M11,män,0.3117830497155594,0.8358955395523964,,,,
psu_vikter_återskapar_total,TAB3227,ålder (4 klasser),2020M05,alla,0.30762148822599167,0.8793616536496813,,,,
psu_vikter_återskapar_total,TAB3227,ålder (4 klasser),2020M05,kvinnor,0.2506967810865537,0.679735720952948,,,,
psu_vikter_återskapar_total,TAB3227,ålder (4 klasser),2020M05,män,0.4194874105202421,1.098256212537649,,,,
psu_vikter_återskapar_total,TAB3227,ålder (4 klasser),2020M11,alla,0.17310816858647188,0.4659668894072553,,,,
psu_vikter_återskapar_total,TAB3227,ålder (4 klasser),2020M11,kvinnor,0.286947038734159,0.47797277978408204,,,,
psu_vikter_återskapar_total,TAB3227,ålder (4 klasser),2020M11,män,0.09182221022402573,0.42707078055012815,,,,
psu_vikter_återskapar_total,TAB3227,ålder (4 klasser),2021M05,alla,0.36594385502292853,1.2482784286097868,,,,
psu_vikter_återskapar_total,TAB3227,ålder (4 klasser),2021M05,kvinnor,0.39980767390410366,0.9698888978305078,,,,
psu_vikter_återskapar_total,TAB3227,ålder (4 klasser),2021M05,män,0.3137709255987867,1.3584525838010535,,,,
psu_vikter_återskapar_total,TAB3227,ålder (4 klasser),2021M11,alla,0.2752262660887993,0.8365977048028057,,,,
psu_vikter_återskapar_total,TAB3227,ålder (4 klasser),2021M11,kvinnor,0.3435819243093977,0.7737701721633883,,,,
psu_vikter_återskapar_total,TAB3227,ålder (4 klasser),2021M11,män,0.1799093646077916,0.66789377005707,,,,
psu_vikter_återskapar_total,TAB3227,ålder (4 klasser),2022M05,alla,0.22557128606914417,0.6672264290002659,,,,
psu_vikter_återskapar_total,TAB3227,ålder (4 klasser),2022M05,kvinnor,0.23363594094309026,0.7825856831420026,,,,
psu_vikter_återskapar_total,TAB3227,ålder (4 klasser),2022M05,män,0.2757854673674895,0.6097041416445883,,,,
psu_vikter_återskapar_total,TAB3227,ålder (4 klasser),2022M11,alla,0.1937057096941015,0.5207094860233781,,,,
psu_vikter_återskapar_total,TAB3227,ålder (4 klasser),2022M11,kvinnor,0.28682001761256415,0.8035517043139109,,,,
psu_vikter_återskapar_total,TAB3227,ålder (4 klasser),2022M11,män,0.28465297489438346,0.6711415208302789,,,,
psu_vikter_återskapar_total,TAB3227,ålder (4 klasser),2023M05,alla,0.13629950886087994,0.29663955396640773,,,,
psu_vikter_återskapar_total,TAB3227,ålder (4 klasser),2023M05,kvinnor,0.14421644442016113,0.3297851132993035,,,,
psu_vikter_återskapar_total,TAB3227,ålder (4 klasser),2023M05,män,0.1635634539194729,0.3880467041456157,,,,
psu_vikter_återskapar_total,TAB3227,ålder (4 klasser),2024M05,alla,0.15667520499689847,0.4209992346013074,,,,
psu_vikter_återskapar_total,TAB3227,ålder (4 klasser),2024M05,kvinnor,0.15992706628026487,0.4573215734213498,,,,
psu_vikter_återskapar_total,TAB3227,ålder (4 klasser),2024M05,män,0.19979355467694726,0.4691659109140609,,,,
psu_vikter_återskapar_total,TAB3227,ålder (4 klasser),2025M05,alla,0.13585011404515668,0.31953040303610436,,,,
psu_vikter_återskapar_total,TAB3227,ålder (4 klasser),2025M05,kvinnor,0.06814534518363013,0.14192742646966394,,,,
psu_vikter_återskapar_total,TAB3227,ålder (4 klasser),2025M05,män,0.10172269048950033,0.22333993861883084,,,,
psu_vikter_återskapar_total,TAB3227,ålder (4 klasser),2026M05,alla,0.14556899947190338,0.4252017593528876,,,,
psu_vikter_återskapar_total,TAB3227,ålder (4 klasser),2026M05,kvinnor,0.15689619199883864,0.4311044525222112,,,,
psu_vikter_återskapar_total,TAB3227,ålder (4 klasser),2026M05,män,0.182865746358076,0.55408329547679,,,,
psu_vikter_återskapar_total,TAB3230,civilstånd,2006M05,alla,0.05008914293917969,0.09854826686446483,,,,
psu_vikter_återskapar_total,TAB3230,civilstånd,2006M05,kvinnor,0.042748524990512085,0.10287017053344982,,,,
psu_vikter_återskapar_total,TAB3230,civilstånd,2006M05,män,0.028476486848766074,0.06006049662425994,,,,
psu_vikter_återskapar_total,TAB3230,civilstånd,2006M11,alla,0.056254906715387624,0.09347595919533536,,,,
psu_vikter_återskapar_total,TAB3230,civilstånd,2006M11,kvinnor,0.02540253919225918,0.05799857173545675,,,,
psu_vikter_återskapar_total,TAB3230,civilstånd,2006M11,män,0.032881110944469896,0.08010324714541106,,,,
psu_vikter_återskapar_total,TAB3230,civilstånd,2007M05,alla,0.037578880858849875,0.11004014515325977,,,,
psu_vikter_återskapar_total,TAB3230,civilstånd,2007M05,kvinnor,0.02092161879230733,0.05741597855378444,,,,
psu_vikter_återskapar_total,TAB3230,civilstånd,2007M05,män,0.011570805417893253,0.03823658096649485,,,,
psu_vikter_återskapar_total,TAB3230,civilstånd,2007M11,alla,0.04259073347693481,0.08302252238975694,,,,
psu_vikter_återskapar_total,TAB3230,civilstånd,2007M11,kvinnor,0.07066612528479091,0.1473867045634023,,,,
psu_vikter_återskapar_total,TAB3230,civilstånd,2007M11,män,0.031868533515658486,0.0873880459445946,,,,
psu_vikter_återskapar_total,TAB3230,civilstånd,2008M05,alla,0.03182826261134616,0.06139891913971329,,,,
psu_vikter_återskapar_total,TAB3230,civilstånd,2008M05,kvinnor,0.09371348318905134,0.18974178920620943,,,,
psu_vikter_återskapar_total,TAB3230,civilstånd,2008M05,män,0.02390630133401991,0.04489728905376911,,,,
psu_vikter_återskapar_total,TAB3230,civilstånd,2008M11,alla,0.08257537695932703,0.16308731171646684,,,,
psu_vikter_återskapar_total,TAB3230,civilstånd,2008M11,kvinnor,0.09695088121964826,0.20721125711549604,,,,
psu_vikter_återskapar_total,TAB3230,civilstånd,2008M11,män,0.027077394332540892,0.04371187672918708,,,,
psu_vikter_återskapar_total,TAB3230,civilstånd,2009M05,alla,0.017844518284603175,0.052035591639995715,,,,
psu_vikter_återskapar_total,TAB3230,civilstånd,2009M05,kvinnor,0.029167748578592168,0.07528674396741053,,,,
psu_vikter_återskapar_total,TAB3230,civilstånd,2009M05,män,0.03563341780465328,0.08689810643386409,,,,
psu_vikter_återskapar_total,TAB3230,civilstånd,2009M11,alla,0.044148155680080806,0.0957234901816939,,,,
psu_vikter_återskapar_total,TAB3230,civilstånd,2009M11,kvinnor,0.027184789400221097,0.0537428174292085,,,,
psu_vikter_återskapar_total,TAB3230,civilstånd,2009M11,män,0.024111852162432675,0.08038093372466903,,,,
psu_vikter_återskapar_total,TAB3230,civilstånd,2010M05,alla,0.047020340978786886,0.09516614271190527,,,,
psu_vikter_återskapar_total,TAB3230,civilstånd,2010M05,kvinnor,0.05103846929669663,0.1226001659728908,,,,
psu_vikter_återskapar_total,TAB3230,civilstånd,2010M05,män,0.04620595676721579,0.07210018959036546,,,,
psu_vikter_återskapar_total,TAB3230,civilstånd,2010M11,alla,0.04483021921193764,0.10176510275735762,,,,
psu_vikter_återskapar_total,TAB3230,civilstånd,2010M11,kvinnor,0.06171418617741631,0.14660345910676575,,,,
psu_vikter_återskapar_total,TAB3230,civilstånd,2010M11,män,0.03736462149448738,0.07848800549178758,,,,
psu_vikter_återskapar_total,TAB3230,civilstånd,2011M05,alla,0.026771593662838822,0.03687474322576989,,,,
psu_vikter_återskapar_total,TAB3230,civilstånd,2011M05,kvinnor,0.035854874352581556,0.07988387872664582,,,,
psu_vikter_återskapar_total,TAB3230,civilstånd,2011M05,män,0.01801527802321462,0.03330215072764986,,,,
psu_vikter_återskapar_total,TAB3230,civilstånd,2011M11,alla,0.03780082640013405,0.07690770003908654,,,,
psu_vikter_återskapar_total,TAB3230,civilstånd,2011M11,kvinnor,0.07098327144953787,0.2301012298583771,,,,
psu_vikter_återskapar_total,TAB3230,civilstånd,2011M11,män,0.04244446878631336,0.08514405095282385,,,,
psu_vikter_återskapar_total,TAB3230,civilstånd,2012M05,alla,0.08872875775185729,0.2043980250749975,,,,
psu_vikter_återskapar_total,TAB3230,civilstånd,2012M05,kvinnor,0.05973620231827809,0.1280689567967208,,,,
psu_vikter_återskapar_total,TAB3230,civilstånd,2012M05,män,0.04623704444049015,0.085488959357364,,,,
psu_vikter_återskapar_total,TAB3230,civilstånd,2012M11,alla,0.06973910140226974,0.17087474959457793,,,,
psu_vikter_återskapar_total,TAB3230,civilstånd,2012M11,kvinnor,0.07649029145798908,0.16656458966811627,,,,
psu_vikter_återskapar_total,TAB3230,civilstånd,2012M11,män,0.02862722025175307,0.0920059760047156,,,,
psu_vikter_återskapar_total,TAB3230,civilstånd,2013M05,alla,0.07878136089123877,0.1777722607337111,,,,
psu_vikter_återskapar_total,TAB3230,civilstånd,2013M05,kvinnor,0.04193783426270681,0.11412881179943568,,,,
psu_vikter_återskapar_total,TAB3230,civilstånd,2013M05,män,0.08288087739839645,0.16934875960389206,,,,
psu_vikter_återskapar_total,TAB3230,civilstånd,2013M11,alla,0.0453885209487056,0.0972331125692234,,,,
psu_vikter_återskapar_total,TAB3230,civilstånd,2013M11,kvinnor,0.048802371963718616,0.09220726801130752,,,,
psu_vikter_återskapar_total,TAB3230,civilstånd,2013M11,män,0.06834832365604848,0.1369552280278672,,,,
psu_vikter_återskapar_total,TAB3230,civilstånd,2014M05,alla,0.1437098992365463,0.23027164063992522,,,,
psu_vikter_återskapar_total,TAB3230,civilstånd,2014M05,kvinnor,0.0840911252768366,0.1437777792679178,,,,
psu_vikter_återskapar_total,TAB3230,civilstånd,2014M05,män,0.07374650302214103,0.1642790533755072,,,,
psu_vikter_återskapar_total,TAB3230,civilstånd,2014M11,alla,0.051326377821001024,0.10560095742978604,,,,
psu_vikter_återskapar_total,TAB3230,civilstånd,2014M11,kvinnor,0.05744925889871866,0.12857630341755666,,,,
psu_vikter_återskapar_total,TAB3230,civilstånd,2014M11,män,0.06875580786767632,0.11559044973265209,,,,
psu_vikter_återskapar_total,TAB3230,civilstånd,2015M05,alla,0.05580695170267208,0.13371042755400708,,,,
psu_vikter_återskapar_total,TAB3230,civilstånd,2015M05,kvinnor,0.09871215761585661,0.223697039144092,,,,
psu_vikter_återskapar_total,TAB3230,civilstånd,2015M05,män,0.120670245049876,0.2302897715997716,,,,
psu_vikter_återskapar_total,TAB3230,civilstånd,2015M11,alla,0.16158007925684503,0.3038233344743766,,,,
psu_vikter_återskapar_total,TAB3230,civilstånd,2015M11,kvinnor,0.056319889851021654,0.11411236769598787,,,,
psu_vikter_återskapar_total,TAB3230,civilstånd,2015M11,män,0.21726901263813542,0.6276336214688207,,,,
psu_vikter_återskapar_total,TAB3230,civilstånd,2016M05,alla,0.08537509255651055,0.20518200730160885,,,,
psu_vikter_återskapar_total,TAB3230,civilstånd,2016M05,kvinnor,0.08865973068064492,0.18639640194232499,,,,
psu_vikter_återskapar_total,TAB3230,civilstånd,2016M05,män,0.16770897178028743,0.5045677883025164,,,,
psu_vikter_återskapar_total,TAB3230,civilstånd,2016M11,alla,0.0674270466421224,0.16200042439652407,,,,
psu_vikter_återskapar_total,TAB3230,civilstånd,2016M11,kvinnor,0.055554424526287116,0.14233977460022018,,,,
psu_vikter_återskapar_total,TAB3230,civilstånd,2016M11,män,0.1132565507324268,0.3610461195026886,,,,
psu_vikter_återskapar_total,TAB3230,civilstånd,2017M05,alla,0.13869620673818633,0.2523635892176195,,,,
psu_vikter_återskapar_total,TAB3230,civilstånd,2017M05,kvinnor,0.07244641011318476,0.1858094837027231,,,,
psu_vikter_återskapar_total,TAB3230,civilstånd,2017M05,män,0.07541180098063388,0.23658462535372493,,,,
psu_vikter_återskapar_total,TAB3230,civilstånd,2017M11,alla,0.08140301928138355,0.19544203584465158,,,,
psu_vikter_återskapar_total,TAB3230,civilstånd,2017M11,kvinnor,0.06863436053009542,0.21596610161973828,,,,
psu_vikter_återskapar_total,TAB3230,civilstånd,2017M11,män,0.10221969893769356,0.4341459980311484,,,,
psu_vikter_återskapar_total,TAB3230,civilstånd,2018M05,alla,0.15590799519749238,0.259936173741238,,,,
psu_vikter_återskapar_total,TAB3230,civilstånd,2018M05,kvinnor,0.045877985500257124,0.09967626580535516,,,,
psu_vikter_återskapar_total,TAB3230,civilstånd,2018M05,män,0.16609670562230328,0.49373991192148026,,,,
psu_vikter_återskapar_total,TAB3230,civilstånd,2018M11,alla,0.06435715064047975,0.13446102013381278,,,,
psu_vikter_återskapar_total,TAB3230,civilstånd,2018M11,kvinnor,0.08402105803416682,0.2171075288133828,,,,
psu_vikter_återskapar_total,TAB3230,civilstånd,2018M11,män,0.1550235416970286,0.38029128707819027,,,,
psu_vikter_återskapar_total,TAB3230,civilstånd,2019M05,alla,0.18638866873553506,0.37210078289272097,,,,
psu_vikter_återskapar_total,TAB3230,civilstånd,2019M05,kvinnor,0.05300304599778494,0.10430945752595377,,,,
psu_vikter_återskapar_total,TAB3230,civilstånd,2019M05,män,0.28321244719044725,0.5164248943808971,,,,
psu_vikter_återskapar_total,TAB3230,civilstånd,2019M11,alla,0.12036281105026247,0.27076767889792563,,,,
psu_vikter_återskapar_total,TAB3230,civilstånd,2019M11,kvinnor,0.06369386749016648,0.15451348686584687,,,,
psu_vikter_återskapar_total,TAB3230,civilstånd,2019M11,män,0.150753703905044,0.33831721456073893,,,,
psu_vikter_återskapar_total,TAB3230,civilstånd,2020M05,alla,0.10312826308007328,0.23280953117773606,,,,
psu_vikter_återskapar_total,TAB3230,civilstånd,2020M05,kvinnor,0.05956986631145067,0.12848182543480746,,,,
psu_vikter_återskapar_total,TAB3230,civilstånd,2020M05,män,0.1625683959594259,0.3677424857903304,,,,
psu_vikter_återskapar_total,TAB3230,civilstånd,2020M11,alla,0.04258113475172226,0.10273393282472298,,,,
psu_vikter_återskapar_total,TAB3230,civilstånd,2020M11,kvinnor,0.06885914238714552,0.16403340915741715,,,,
psu_vikter_återskapar_total,TAB3230,civilstånd,2020M11,män,0.19371887243508856,0.5112756491134895,,,,
psu_vikter_återskapar_total,TAB3230,civilstånd,2021M05,alla,0.051824764884481345,0.11279654513141679,,,,
psu_vikter_återskapar_total,TAB3230,civilstånd,2021M05,kvinnor,0.029449341416481423,0.057135143956891454,,,,
psu_vikter_återskapar_total,TAB3230,civilstånd,2021M05,män,0.10015980951524578,0.30434770986322945,,,,
psu_vikter_återskapar_total,TAB3230,civilstånd,2021M11,alla,0.16166835187477396,0.28824622717805326,,,,
psu_vikter_återskapar_total,TAB3230,civilstånd,2021M11,kvinnor,0.06768545335895182,0.18574752944260275,,,,
psu_vikter_återskapar_total,TAB3230,civilstånd,2021M11,män,0.294145742358078,0.8078602620087345,,,,
psu_vikter_återskapar_total,TAB3230,civilstånd,2022M05,alla,0.13753393697201044,0.26930386424740504,,,,
psu_vikter_återskapar_total,TAB3230,civilstånd,2022M05,kvinnor,0.0705915309060674,0.16273132126150358,,,,
psu_vikter_återskapar_total,TAB3230,civilstånd,2022M05,män,0.2375920950475644,0.7226024439190404,,,,
psu_vikter_återskapar_total,TAB3230,civilstånd,2022M11,alla,0.0414453384394976,0.09811943075978746,,,,
psu_vikter_återskapar_total,TAB3230,civilstånd,2022M11,kvinnor,0.05687294996940062,0.129258222766218,,,,
psu_vikter_återskapar_total,TAB3230,civilstånd,2022M11,män,0.1468416463088036,0.5385710739806875,,,,
psu_vikter_återskapar_total,TAB3230,civilstånd,2023M05,alla,0.06143690762326931,0.12423810021438086,,,,
psu_vikter_återskapar_total,TAB3230,civilstånd,2023M05,kvinnor,0.04367898247077051,0.1222973137811838,,,,
psu_vikter_återskapar_total,TAB3230,civilstånd,2023M05,män,0.19771439025898396,0.41143145096788913,,,,
psu_vikter_återskapar_total,TAB3230,civilstånd,2024M05,alla,0.10156377168803854,0.2555163435188419,,,,
psu_vikter_återskapar_total,TAB3230,civilstånd,2024M05,kvinnor,0.14419187295140273,0.473624993496518,,,,
psu_vikter_återskapar_total,TAB3230,civilstånd,2024M05,män,0.10538127035225098,0.28978686121957153,,,,
psu_vikter_återskapar_total,TAB3230,civilstånd,2025M05,alla,0.08184950489724585,0.18876310057910217,,,,
psu_vikter_återskapar_total,TAB3230,civilstånd,2025M05,kvinnor,0.05706482780124461,0.149974645998471,,,,
psu_vikter_återskapar_total,TAB3230,civilstånd,2025M05,män,0.2902372320711373,0.7065554092913828,,,,
psu_vikter_återskapar_total,TAB3230,civilstånd,2026M05,alla,0.02934289518436317,0.0486550888549413,,,,
psu_vikter_återskapar_total,TAB3230,civilstånd,2026M05,kvinnor,0.07215094465425603,0.17805515755592083,,,,
psu_vikter_återskapar_total,TAB3230,civilstånd,2026M05,män,0.03716506642104339,0.09475259223434307,,,,
psu_vikter_återskapar_total,TAB3232,barn,2006M05,alla,0.036815295005571916,0.05457007469481212,,,,
psu_vikter_återskapar_total,TAB3232,barn,2006M05,kvinnor,0.033163808629812434,0.0976774280601358,,,,
psu_vikter_återskapar_total,TAB3232,barn,2006M05,män,0.052355855810026074,0.09747881205042574,,,,
psu_vikter_återskapar_total,TAB3232,barn,2006M11,alla,0.01930378740499794,0.04086220969058729,,,,
psu_vikter_återskapar_total,TAB3232,barn,2006M11,kvinnor,0.02488082585910334,0.04562271079053737,,,,
psu_vikter_återskapar_total,TAB3232,barn,2006M11,män,0.02851378228989443,0.05189979669399669,,,,
psu_vikter_återskapar_total,TAB3232,barn,2007M05,alla,0.02413787341998917,0.05689651139399299,,,,
psu_vikter_återskapar_total,TAB3232,barn,2007M05,kvinnor,0.03428762776468781,0.06367838976225837,,,,
psu_vikter_återskapar_total,TAB3232,barn,2007M05,män,0.020511314935787044,0.04709961888158709,,,,
psu_vikter_återskapar_total,TAB3232,barn,2007M11,alla,0.03508828389956881,0.07586516979532654,,,,
psu_vikter_återskapar_total,TAB3232,barn,2007M11,kvinnor,0.04736767717682141,0.06659484654031633,,,,
psu_vikter_återskapar_total,TAB3232,barn,2007M11,män,0.03622933750573137,0.07512396452648673,,,,
psu_vikter_återskapar_total,TAB3232,barn,2008M05,alla,0.03212312549329229,0.07888921198022558,,,,
psu_vikter_återskapar_total,TAB3232,barn,2008M05,kvinnor,0.027370862342348725,0.06558488096638548,,,,
psu_vikter_återskapar_total,TAB3232,barn,2008M05,män,0.037289855469928704,0.13806872720292063,,,,
psu_vikter_återskapar_total,TAB3232,barn,2008M11,alla,0.03627712167880194,0.08208772012562093,,,,
psu_vikter_återskapar_total,TAB3232,barn,2008M11,kvinnor,0.029399177197559974,0.05879835439511982,,,,
psu_vikter_återskapar_total,TAB3232,barn,2008M11,män,0.037884111443084754,0.07969772240223616,,,,
psu_vikter_återskapar_total,TAB3232,barn,2009M05,alla,0.018810801020426458,0.03291890178574608,,,,
psu_vikter_återskapar_total,TAB3232,barn,2009M05,kvinnor,0.024019225684545602,0.0413098467233306,,,,
psu_vikter_återskapar_total,TAB3232,barn,2009M05,män,0.024121830774486597,0.05553300963838126,,,,
psu_vikter_återskapar_total,TAB3232,barn,2009M11,alla,0.030695219134114993,0.06078364096460653,,,,
psu_vikter_återskapar_total,TAB3232,barn,2009M11,kvinnor,0.03483122131186762,0.05372555988731165,,,,
psu_vikter_återskapar_total,TAB3232,barn,2009M11,män,0.04082878953107923,0.13541984732824375,,,,
psu_vikter_återskapar_total,TAB3232,barn,2010M05,alla,0.017462174228513483,0.03822118243203221,,,,
psu_vikter_återskapar_total,TAB3232,barn,2010M05,kvinnor,0.022216745471218578,0.045067053014092195,,,,
psu_vikter_återskapar_total,TAB3232,barn,2010M05,män,0.03741214564233365,0.07657379766043881,,,,
psu_vikter_återskapar_total,TAB3232,barn,2010M11,alla,0.07491054276846743,0.17340111679702375,,,,
psu_vikter_återskapar_total,TAB3232,barn,2010M11,kvinnor,0.019414126438664747,0.04266452752729677,,,,
psu_vikter_återskapar_total,TAB3232,barn,2010M11,män,0.0356015702372976,0.09357000990374065,,,,
psu_vikter_återskapar_total,TAB3232,barn,2011M05,alla,0.08090809401923643,0.1982298298896623,,,,
psu_vikter_återskapar_total,TAB3232,barn,2011M05,kvinnor,0.03967892375740795,0.07655346494234294,,,,
psu_vikter_återskapar_total,TAB3232,barn,2011M05,män,0.03324688796680558,0.10871369294605415,,,,
psu_vikter_återskapar_total,TAB3232,barn,2011M11,alla,0.055644159725072084,0.0961194399638643,,,,
psu_vikter_återskapar_total,TAB3232,barn,2011M11,kvinnor,0.055751789333790325,0.11463327522552191,,,,
psu_vikter_återskapar_total,TAB3232,barn,2011M11,män,0.0278460733401385,0.0633117944321624,,,,
psu_vikter_återskapar_total,TAB3232,barn,2012M05,alla,0.02039915273031745,0.04362959608813277,,,,
psu_vikter_återskapar_total,TAB3232,barn,2012M05,kvinnor,0.019326451728094385,0.0396815105091779,,,,
psu_vikter_återskapar_total,TAB3232,barn,2012M05,män,0.023746147320567734,0.0540004741759299,,,,
psu_vikter_återskapar_total,TAB3232,barn,2012M11,alla,0.0844695109162325,0.2213492195288005,,,,
psu_vikter_återskapar_total,TAB3232,barn,2012M11,kvinnor,0.03490481304102805,0.07064575264502437,,,,
psu_vikter_återskapar_total,TAB3232,barn,2012M11,män,0.04039483337847072,0.13283349590651028,,,,
psu_vikter_återskapar_total,TAB3232,barn,2013M05,alla,0.05762230614193675,0.18993419896225916,,,,
psu_vikter_återskapar_total,TAB3232,barn,2013M05,kvinnor,0.038192968752817635,0.12866088712149804,,,,
psu_vikter_återskapar_total,TAB3232,barn,2013M05,män,0.05683044862331221,0.09721020259713242,,,,
psu_vikter_återskapar_total,TAB3232,barn,2013M11,alla,0.04512633025571061,0.12776718693193345,,,,
psu_vikter_återskapar_total,TAB3232,barn,2013M11,kvinnor,0.040275911472435755,0.07017779603482666,,,,
psu_vikter_återskapar_total,TAB3232,barn,2013M11,män,0.0647598475695863,0.260603900134214,,,,
psu_vikter_återskapar_total,TAB3232,barn,2014M05,alla,0.04982063342099885,0.21957355959158775,,,,
psu_vikter_återskapar_total,TAB3232,barn,2014M05,kvinnor,0.05061732930072188,0.11473330142986526,,,,
psu_vikter_återskapar_total,TAB3232,barn,2014M05,män,0.03231327800829853,0.07489626556016571,,,,
psu_vikter_återskapar_total,TAB3232,barn,2014M11,alla,0.09493419160192079,0.24658593995737732,,,,
psu_vikter_återskapar_total,TAB3232,barn,2014M11,kvinnor,0.047316631978943424,0.10478770999951337,,,,
psu_vikter_återskapar_total,TAB3232,barn,2014M11,män,0.03182768591094459,0.07417542853392689,,,,
psu_vikter_återskapar_total,TAB3232,barn,2015M05,alla,0.07931313671639911,0.1589323894654413,,,,
psu_vikter_återskapar_total,TAB3232,barn,2015M05,kvinnor,0.03924922821140653,0.09012384231711046,,,,
psu_vikter_återskapar_total,TAB3232,barn,2015M05,män,0.030456307935050775,0.09259901650123581,,,,
psu_vikter_återskapar_total,TAB3232,barn,2015M11,alla,0.05138628542667051,0.14100597052585329,,,,
psu_vikter_återskapar_total,TAB3232,barn,2015M11,kvinnor,0.06505936831299741,0.16308900612330746,,,,
psu_vikter_återskapar_total,TAB3232,barn,2015M11,män,0.05584558812641727,0.149513756659168,,,,
psu_vikter_återskapar_total,TAB3232,barn,2016M05,alla,0.12829363931644527,0.4359787977214893,,,,
psu_vikter_återskapar_total,TAB3232,barn,2016M05,kvinnor,0.05607332004182286,0.13450955932932374,,,,
psu_vikter_återskapar_total,TAB3232,barn,2016M05,män,0.03897429858351603,0.06267115620240205,,,,
psu_vikter_återskapar_total,TAB3232,barn,2016M11,alla,0.06536030147729294,0.17202681252442176,,,,
psu_vikter_återskapar_total,TAB3232,barn,2016M11,kvinnor,0.01655363894511197,0.04992699733050898,,,,
psu_vikter_återskapar_total,TAB3232,barn,2016M11,män,0.0794966125004199,0.221898158524084,,,,
psu_vikter_återskapar_total,TAB3232,barn,2017M05,alla,0.05494442304994979,0.1434822895127894,,,,
psu_vikter_återskapar_total,TAB3232,barn,2017M05,kvinnor,0.03139118115150441,0.09598418057945679,,,,
psu_vikter_återskapar_total,TAB3232,barn,2017M05,män,0.03415182974422054,0.055133967421369334,,,,
psu_vikter_återskapar_total,TAB3232,barn,2017M11,alla,0.0902704577948466,0.19789745171148,,,,
psu_vikter_återskapar_total,TAB3232,barn,2017M11,kvinnor,0.03508395867680553,0.09951298477005466,,,,
psu_vikter_återskapar_total,TAB3232,barn,2017M11,män,0.05148877208536773,0.09759724721482499,,,,
psu_vikter_återskapar_total,TAB3232,barn,2018M05,alla,0.07283559980793142,0.20751062268407594,,,,
psu_vikter_återskapar_total,TAB3232,barn,2018M05,kvinnor,0.06763942816638091,0.20325172039423833,,,,
psu_vikter_återskapar_total,TAB3232,barn,2018M05,män,0.029420555413099514,0.111845078062629,,,,
psu_vikter_återskapar_total,TAB3232,barn,2018M11,alla,0.0935851716318733,0.25482771769125634,,,,
psu_vikter_återskapar_total,TAB3232,barn,2018M11,kvinnor,0.1374834010562166,0.42135566347868547,,,,
psu_vikter_återskapar_total,TAB3232,barn,2018M11,män,0.023756326924750715,0.06719919838221156,,,,
psu_vikter_återskapar_total,TAB3232,barn,2019M05,alla,0.03508289368323625,0.11086661328396197,,,,
psu_vikter_återskapar_total,TAB3232,barn,2019M05,kvinnor,0.05579491921132218,0.12046415103696972,,,,
psu_vikter_återskapar_total,TAB3232,barn,2019M05,män,0.10878385859225964,0.284218392517424,,,,
psu_vikter_återskapar_total,TAB3232,barn,2019M11,alla,0.09135962005780607,0.18748059864206468,,,,
psu_vikter_återskapar_total,TAB3232,barn,2019M11,kvinnor,0.06988439223382348,0.16831658300434515,,,,
psu_vikter_återskapar_total,TAB3232,barn,2019M11,män,0.033259694829088304,0.07447800134309457,,,,
psu_vikter_återskapar_total,TAB3232,barn,2020M05,alla,0.07119904708046593,0.15001007520654142,,,,
psu_vikter_återskapar_total,TAB3232,barn,2020M05,kvinnor,0.07469044731933361,0.11701620908202504,,,,
psu_vikter_återskapar_total,TAB3232,barn,2020M05,män,0.027913431265993327,0.07870196927977346,,,,
psu_vikter_återskapar_total,TAB3232,barn,2020M11,alla,0.08901853383313202,0.24613228100563234,,,,
psu_vikter_återskapar_total,TAB3232,barn,2020M11,kvinnor,0.08027685776480342,0.18427335149661417,,,,
psu_vikter_återskapar_total,TAB3232,barn,2020M11,män,0.029966936442390624,0.07697911380993716,,,,
psu_vikter_återskapar_total,TAB3232,barn,2021M05,alla,0.07842197372315407,0.27452895986411363,,,,
psu_vikter_återskapar_total,TAB3232,barn,2021M05,kvinnor,0.08540942726199285,0.1688349822442845,,,,
psu_vikter_återskapar_total,TAB3232,barn,2021M05,män,0.08760545902175554,0.22377755063942573,,,,
psu_vikter_återskapar_total,TAB3232,barn,2021M11,alla,0.06302483227992922,0.16023131482145558,,,,
psu_vikter_återskapar_total,TAB3232,barn,2021M11,kvinnor,0.05535747019249726,0.1836858949566036,,,,
psu_vikter_återskapar_total,TAB3232,barn,2021M11,män,0.0339038938631247,0.07939935241613227,,,,
psu_vikter_återskapar_total,TAB3232,barn,2022M05,alla,0.03610479357143437,0.06858205042860277,,,,
psu_vikter_återskapar_total,TAB3232,barn,2022M05,kvinnor,0.03082961227045622,0.06636898163656646,,,,
psu_vikter_återskapar_total,TAB3232,barn,2022M05,män,0.020442654498710244,0.05208341163823915,,,,
psu_vikter_återskapar_total,TAB3232,barn,2022M11,alla,0.1505923354921641,0.32861448324863574,,,,
psu_vikter_återskapar_total,TAB3232,barn,2022M11,kvinnor,0.034881837215595346,0.10080757465057388,,,,
psu_vikter_återskapar_total,TAB3232,barn,2022M11,män,0.05241612188370193,0.11278750877204402,,,,
psu_vikter_återskapar_total,TAB3232,barn,2023M05,alla,0.08251672644950003,0.23620016555246082,,,,
psu_vikter_återskapar_total,TAB3232,barn,2023M05,kvinnor,0.0411174526599839,0.09719194950398347,,,,
psu_vikter_återskapar_total,TAB3232,barn,2023M05,män,0.023102581280588286,0.06060717399021165,,,,
psu_vikter_återskapar_total,TAB3232,barn,2024M05,alla,0.0773766082399388,0.2626158392187641,,,,
psu_vikter_återskapar_total,TAB3232,barn,2024M05,kvinnor,0.07792173371493222,0.20016639251521262,,,,
psu_vikter_återskapar_total,TAB3232,barn,2024M05,män,0.040375017664177504,0.10507925129421736,,,,
psu_vikter_återskapar_total,TAB3232,barn,2025M05,alla,0.0219731846374292,0.05035473159329218,,,,
psu_vikter_återskapar_total,TAB3232,barn,2025M05,kvinnor,0.03366706542694753,0.04983859394288537,,,,
psu_vikter_återskapar_total,TAB3232,barn,2025M05,män,0.02497347370109515,0.04962863181533006,,,,
psu_vikter_återskapar_total,TAB3232,barn,2026M05,alla,0.032645174955519884,0.07646699991527761,,,,
psu_vikter_återskapar_total,TAB3232,barn,2026M05,kvinnor,0.03511757941761773,0.10135785950650167,,,,
psu_vikter_återskapar_total,TAB3232,barn,2026M05,män,0.0341131181894751,0.07011153953687099,,,,
psu_vikter_återskapar_total,TAB3234,inkomst (kvintil),2007M11,alla,0.03637963644352592,0.06558333923087645,,,,
psu_vikter_återskapar_total,TAB3234,inkomst (kvintil),2007M11,kvinnor,0.14837533263811967,0.2893405790617365,,,,
psu_vikter_återskapar_total,TAB3234,inkomst (kvintil),2007M11,män,0.13515733745514266,0.21621682079977234,,,,
psu_vikter_återskapar_total,TAB3234,inkomst (kvintil),2008M05,alla,0.06628475886814014,0.17166715374170138,,,,
psu_vikter_återskapar_total,TAB3234,inkomst (kvintil),2008M05,kvinnor,0.1796853046925627,0.4943582000679019,,,,
psu_vikter_återskapar_total,TAB3234,inkomst (kvintil),2008M05,män,0.11642913198841066,0.4157634590178034,,,,
psu_vikter_återskapar_total,TAB3234,inkomst (kvintil),2008M11,alla,0.07978858222525499,0.2312623034319259,,,,
psu_vikter_återskapar_total,TAB3234,inkomst (kvintil),2008M11,kvinnor,0.1138841796496038,0.23040172365477485,,,,
psu_vikter_återskapar_total,TAB3234,inkomst (kvintil),2008M11,män,0.13833223765364716,0.4555281202626844,,,,
psu_vikter_återskapar_total,TAB3234,inkomst (kvintil),2009M05,alla,0.1091776864177165,0.35887070603548565,,,,
psu_vikter_återskapar_total,TAB3234,inkomst (kvintil),2009M05,kvinnor,0.160778079865498,0.4100392509698132,,,,
psu_vikter_återskapar_total,TAB3234,inkomst (kvintil),2009M05,män,0.23520522184177026,0.8161204928103487,,,,
psu_vikter_återskapar_total,TAB3234,inkomst (kvintil),2009M11,alla,0.06052019841895368,0.19009878697245597,,,,
psu_vikter_återskapar_total,TAB3234,inkomst (kvintil),2009M11,kvinnor,0.13931108624454921,0.27695441684041455,,,,
psu_vikter_återskapar_total,TAB3234,inkomst (kvintil),2009M11,män,0.2305952525307495,0.7273360299802292,,,,
psu_vikter_återskapar_total,TAB3234,inkomst (kvintil),2010M05,alla,0.16759486282249078,0.5591722427580734,,,,
psu_vikter_återskapar_total,TAB3234,inkomst (kvintil),2010M05,kvinnor,0.22089700081578975,0.6060310618243925,,,,
psu_vikter_återskapar_total,TAB3234,inkomst (kvintil),2010M05,män,0.21356811677132054,0.7355524448936848,,,,
psu_vikter_återskapar_total,TAB3234,inkomst (kvintil),2010M11,alla,0.2181837693436336,0.8295367183113811,,,,
psu_vikter_återskapar_total,TAB3234,inkomst (kvintil),2010M11,kvinnor,0.27728268691257507,0.9546750424117612,,,,
psu_vikter_återskapar_total,TAB3234,inkomst (kvintil),2010M11,män,0.3903957609374965,1.4785064438841573,,,,
psu_vikter_återskapar_total,TAB3234,inkomst (kvintil),2011M05,alla,0.24545557528300838,0.8686519331720461,,,,
psu_vikter_återskapar_total,TAB3234,inkomst (kvintil),2011M05,kvinnor,0.2570313456686502,0.6944809143032415,,,,
psu_vikter_återskapar_total,TAB3234,inkomst (kvintil),2011M05,män,0.42003009687196874,1.4417117731224565,,,,
psu_vikter_återskapar_total,TAB3234,inkomst (kvintil),2011M11,alla,0.2491521457725427,0.8608611446725902,,,,
psu_vikter_återskapar_total,TAB3234,inkomst (kvintil),2011M11,kvinnor,0.2706881819651416,0.7691642024692005,,,,
psu_vikter_återskapar_total,TAB3234,inkomst (kvintil),2011M11,män,0.39373813529695256,1.4592852476559202,,,,
psu_vikter_återskapar_total,TAB3234,inkomst (kvintil),2012M05,alla,0.23632773297114262,0.9318279296492804,,,,
psu_vikter_återskapar_total,TAB3234,inkomst (kvintil),2012M05,kvinnor,0.19251003258594074,0.49596189024181214,,,,
psu_vikter_återskapar_total,TAB3234,inkomst (kvintil),2012M05,män,0.3517375814013931,1.4058519117058097,,,,
psu_vikter_återskapar_total,TAB3234,inkomst (kvintil),2012M11,alla,0.15933339793216195,0.5087996652142905,,,,
psu_vikter_återskapar_total,TAB3234,inkomst (kvintil),2012M11,kvinnor,0.2888356847399229,0.7884926002353403,,,,
psu_vikter_återskapar_total,TAB3234,inkomst (kvintil),2012M11,män,0.2932789632589401,0.9856395704877592,,,,
psu_vikter_återskapar_total,TAB3234,inkomst (kvintil),2013M05,alla,0.20968057573469262,0.7264047102431768,,,,
psu_vikter_återskapar_total,TAB3234,inkomst (kvintil),2013M05,kvinnor,0.2161446640697846,0.7496698977431357,,,,
psu_vikter_återskapar_total,TAB3234,inkomst (kvintil),2013M05,män,0.20706945164221274,0.5953226940027356,,,,
psu_vikter_återskapar_total,TAB3234,inkomst (kvintil),2013M11,alla,0.1918127896233745,0.676891772671425,,,,
psu_vikter_återskapar_total,TAB3234,inkomst (kvintil),2013M11,kvinnor,0.361417169428671,0.8922856605935436,,,,
psu_vikter_återskapar_total,TAB3234,inkomst (kvintil),2013M11,män,0.3083423045747733,1.1023992739726083,,,,
psu_vikter_återskapar_total,TAB3234,inkomst (kvintil),2014M05,alla,0.18845929339502576,0.6638830471813506,,,,
psu_vikter_återskapar_total,TAB3234,inkomst (kvintil),2014M05,kvinnor,0.36939639028194077,1.037041228820108,,,,
psu_vikter_återskapar_total,TAB3234,inkomst (kvintil),2014M05,män,0.2712943874440368,0.9394274203670001,,,,
psu_vikter_återskapar_total,TAB3234,inkomst (kvintil),2014M11,alla,0.30260340589930473,0.9663801838340298,,,,
psu_vikter_återskapar_total,TAB3234,inkomst (kvintil),2014M11,kvinnor,0.26629631798260023,0.5909637487532216,,,,
psu_vikter_återskapar_total,TAB3234,inkomst (kvintil),2014M11,män,0.37164310679237184,1.2352456838515913,,,,
psu_vikter_återskapar_total,TAB3234,inkomst (kvintil),2015M05,alla,0.22506804642205314,0.7272975273559545,,,,
psu_vikter_återskapar_total,TAB3234,inkomst (kvintil),2015M05,kvinnor,0.18992289492887438,0.48253494927008234,,,,
psu_vikter_återskapar_total,TAB3234,inkomst (kvintil),2015M05,män,0.25846500735249756,0.5057901495932597,,,,
psu_vikter_återskapar_total,TAB3234,inkomst (kvintil),2015M11,alla,0.20788187150600396,0.7551995470510171,,,,
psu_vikter_återskapar_total,TAB3234,inkomst (kvintil),2015M11,kvinnor,0.2771519867161679,0.8250494795411178,,,,
psu_vikter_återskapar_total,TAB3234,inkomst (kvintil),2015M11,män,0.3397628440564172,0.6202242682659289,,,,
psu_vikter_återskapar_total,TAB3234,inkomst (kvintil),2016M05,alla,0.29417182828936106,1.0016480864286947,,,,
psu_vikter_återskapar_total,TAB3234,inkomst (kvintil),2016M05,kvinnor,0.3182736835799333,1.0442018983927248,,,,
psu_vikter_återskapar_total,TAB3234,inkomst (kvintil),2016M05,män,0.3688372375631543,1.0989727870611397,,,,
psu_vikter_återskapar_total,TAB3234,inkomst (kvintil),2016M11,alla,0.241022677606199,0.814632835482076,,,,
psu_vikter_återskapar_total,TAB3234,inkomst (kvintil),2016M11,kvinnor,0.2938188796105322,0.6769296659738089,,,,
psu_vikter_återskapar_total,TAB3234,inkomst (kvintil),2016M11,män,0.2815527168617387,0.6695995162673114,,,,
psu_vikter_återskapar_total,TAB3234,inkomst (kvintil),2017M05,alla,0.1885793696417722,0.6660059962634683,,,,
psu_vikter_återskapar_total,TAB3234,inkomst (kvintil),2017M05,kvinnor,0.10777295860180591,0.23874852359428012,,,,
psu_vikter_återskapar_total,TAB3234,inkomst (kvintil),2017M05,män,0.08275683009326212,0.24757704891709764,,,,
psu_vikter_återskapar_total,TAB3234,inkomst (kvintil),2017M11,alla,0.19420149338606146,0.6316291941207766,,,,
psu_vikter_återskapar_total,TAB3234,inkomst (kvintil),2017M11,kvinnor,0.10477152721333521,0.30492253442348627,,,,
psu_vikter_återskapar_total,TAB3234,inkomst (kvintil),2017M11,män,0.26522872396706326,0.8480789094644337,,,,
psu_vikter_återskapar_total,TAB3234,inkomst (kvintil),2018M05,alla,0.22989136211450756,0.7731859815341124,,,,
psu_vikter_återskapar_total,TAB3234,inkomst (kvintil),2018M05,kvinnor,0.17800593587341534,0.3549387574472078,,,,
psu_vikter_återskapar_total,TAB3234,inkomst (kvintil),2018M05,män,0.2778240762016557,0.9527954512642332,,,,
psu_vikter_återskapar_total,TAB3234,inkomst (kvintil),2018M11,alla,0.31665251499764957,1.1353093494082565,,,,
psu_vikter_återskapar_total,TAB3234,inkomst (kvintil),2018M11,kvinnor,0.26460115465347456,0.842922794775582,,,,
psu_vikter_återskapar_total,TAB3234,inkomst (kvintil),2018M11,män,0.3141126875789838,0.9683313142877452,,,,
psu_vikter_återskapar_total,TAB3234,inkomst (kvintil),2019M05,alla,0.3028386322402884,0.6491809447534536,,,,
psu_vikter_återskapar_total,TAB3234,inkomst (kvintil),2019M05,kvinnor,0.2650583686077852,0.5389872484836005,,,,
psu_vikter_återskapar_total,TAB3234,inkomst (kvintil),2019M05,män,0.6010728513870371,1.118366470154811,,,,
psu_vikter_återskapar_total,TAB3234,inkomst (kvintil),2019M11,alla,0.2661862988897731,0.8088240313968775,,,,
psu_vikter_återskapar_total,TAB3234,inkomst (kvintil),2019M11,kvinnor,0.22122264673524106,0.5745057124236688,,,,
psu_vikter_återskapar_total,TAB3234,inkomst (kvintil),2019M11,män,0.3829526221095998,1.2008631104318646,,,,
psu_vikter_återskapar_total,TAB3234,inkomst (kvintil),2020M05,alla,0.30578746034889664,0.8886544042887685,,,,
psu_vikter_återskapar_total,TAB3234,inkomst (kvintil),2020M05,kvinnor,0.24375305100325773,0.5341995032403304,,,,
psu_vikter_återskapar_total,TAB3234,inkomst (kvintil),2020M05,män,0.39393477163322377,1.2318374129965086,,,,
psu_vikter_återskapar_total,TAB3234,inkomst (kvintil),2020M11,alla,0.2975243962749674,1.1538517284493786,,,,
psu_vikter_återskapar_total,TAB3234,inkomst (kvintil),2020M11,kvinnor,0.3406569498511936,1.3458267172039058,,,,
psu_vikter_återskapar_total,TAB3234,inkomst (kvintil),2020M11,män,0.40739303647268066,1.3376148054607313,,,,
psu_vikter_återskapar_total,TAB3234,inkomst (kvintil),2021M05,alla,0.33667947134500287,1.0443484884200949,,,,
psu_vikter_återskapar_total,TAB3234,inkomst (kvintil),2021M05,kvinnor,0.22328285389611957,0.6930026139890089,,,,
psu_vikter_återskapar_total,TAB3234,inkomst (kvintil),2021M05,män,0.5163659217775544,1.5460455198499332,,,,
psu_vikter_återskapar_total,TAB3234,inkomst (kvintil),2021M11,alla,0.31021133993348726,0.8670360576164278,,,,
psu_vikter_återskapar_total,TAB3234,inkomst (kvintil),2021M11,kvinnor,0.2337328743968773,0.5466145434926695,,,,
psu_vikter_återskapar_total,TAB3234,inkomst (kvintil),2021M11,män,0.3392526971302526,1.1786291886075944,,,,
psu_vikter_återskapar_total,TAB3234,inkomst (kvintil),2022M05,alla,0.2952607576535881,0.6903488198382117,,,,
psu_vikter_återskapar_total,TAB3234,inkomst (kvintil),2022M05,kvinnor,0.24595189697415126,0.7221120445189939,,,,
psu_vikter_återskapar_total,TAB3234,inkomst (kvintil),2022M05,män,0.3694329625025813,0.9115779302230003,,,,
psu_vikter_återskapar_total,TAB3234,inkomst (kvintil),2022M11,alla,0.47931784516611564,1.030072959840112,,,,
psu_vikter_återskapar_total,TAB3234,inkomst (kvintil),2022M11,kvinnor,0.4648556366450043,0.9716849380595072,,,,
psu_vikter_återskapar_total,TAB3234,inkomst (kvintil),2022M11,män,0.4129580367620025,0.9509450649520037,,,,
psu_vikter_återskapar_total,TAB3234,inkomst (kvintil),2023M05,alla,0.3231928602650511,1.074858504340888,,,,
psu_vikter_återskapar_total,TAB3234,inkomst (kvintil),2023M05,kvinnor,0.36850381012706424,0.770480318813334,,,,
psu_vikter_återskapar_total,TAB3234,inkomst (kvintil),2023M05,män,0.38511172474561756,0.9896132957395523,,,,
psu_vikter_återskapar_total,TAB3234,inkomst (kvintil),2024M05,alla,0.3213850299710534,1.0390454726647214,,,,
psu_vikter_återskapar_total,TAB3234,inkomst (kvintil),2024M05,kvinnor,0.27419194336047015,0.666363439069741,,,,
psu_vikter_återskapar_total,TAB3234,inkomst (kvintil),2024M05,män,0.34756974298150684,1.066787344223762,,,,
psu_vikter_återskapar_total,TAB3234,inkomst (kvintil),2025M05,alla,0.30945042803066736,0.9005300224378949,,,,
psu_vikter_återskapar_total,TAB3234,inkomst (kvintil),2025M05,kvinnor,0.20204449010851655,0.3990438862463357,,,,
psu_vikter_återskapar_total,TAB3234,inkomst (kvintil),2025M05,män,0.47183028703732754,1.4171501269912632,,,,
psu_vikter_återskapar_total,TAB3234,inkomst (kvintil),2026M05,alla,0.34606273052505854,0.7446517338884586,,,,
psu_vikter_återskapar_total,TAB3234,inkomst (kvintil),2026M05,kvinnor,0.2517758517497067,0.7154327547046577,,,,
psu_vikter_återskapar_total,TAB3234,inkomst (kvintil),2026M05,män,0.4793281090961896,1.1999929524173467,,,,
psu_vikter_återskapar_total,TAB3238,region (8),2006M05,alla,0.09418855438887926,0.24996092218341914,,,,
psu_vikter_återskapar_total,TAB3238,region (8),2006M05,kvinnor,0.050892194018643595,0.07942851113504901,,,,
psu_vikter_återskapar_total,TAB3238,region (8),2006M05,män,0.13357662109596438,0.3678201754720014,,,,
psu_vikter_återskapar_total,TAB3238,region (8),2006M11,alla,0.06639703519320607,0.16422518761799054,,,,
psu_vikter_återskapar_total,TAB3238,region (8),2006M11,kvinnor,0.09122054736550668,0.15155697066388996,,,,
psu_vikter_återskapar_total,TAB3238,region (8),2006M11,män,0.0846051310038184,0.2284064435056159,,,,
psu_vikter_återskapar_total,TAB3238,region (8),2007M05,alla,0.07909098290669903,0.22400217595863126,,,,
psu_vikter_återskapar_total,TAB3238,region (8),2007M05,kvinnor,0.08261174664379085,0.1824053489485138,,,,
psu_vikter_återskapar_total,TAB3238,region (8),2007M05,män,0.09497018043373881,0.24195700252280972,,,,
psu_vikter_återskapar_total,TAB3238,region (8),2007M11,alla,0.0708382645144811,0.09327034227942832,,,,
psu_vikter_återskapar_total,TAB3238,region (8),2007M11,kvinnor,0.07953377294990739,0.14818877407061137,,,,
psu_vikter_återskapar_total,TAB3238,region (8),2007M11,män,0.08320326697535155,0.2107467461669721,,,,
psu_vikter_återskapar_total,TAB3238,region (8),2008M05,alla,0.07664057378505225,0.20190213963100234,,,,
psu_vikter_återskapar_total,TAB3238,region (8),2008M05,kvinnor,0.05793654159866752,0.0903353127084845,,,,
psu_vikter_återskapar_total,TAB3238,region (8),2008M05,män,0.09350803966298672,0.19762344443082824,,,,
psu_vikter_återskapar_total,TAB3238,region (8),2008M11,alla,0.06658984014504364,0.1602335180696599,,,,
psu_vikter_återskapar_total,TAB3238,region (8),2008M11,kvinnor,0.06387357382561541,0.12628998120134582,,,,
psu_vikter_återskapar_total,TAB3238,region (8),2008M11,män,0.07052558905139288,0.1708969214506233,,,,
psu_vikter_återskapar_total,TAB3238,region (8),2009M05,alla,0.10979498917774093,0.27098058271241854,,,,
psu_vikter_återskapar_total,TAB3238,region (8),2009M05,kvinnor,0.10190260149365457,0.27992375448350515,,,,
psu_vikter_återskapar_total,TAB3238,region (8),2009M05,män,0.09293251933853337,0.20771934040372741,,,,
psu_vikter_återskapar_total,TAB3238,region (8),2009M11,alla,0.064172481344513,0.14237595436600614,,,,
psu_vikter_återskapar_total,TAB3238,region (8),2009M11,kvinnor,0.0671370601504793,0.1392556350728249,,,,
psu_vikter_återskapar_total,TAB3238,region (8),2009M11,män,0.08813250932405392,0.23634164355444298,,,,
psu_vikter_återskapar_total,TAB3238,region (8),2010M05,alla,0.059507733414902377,0.10716834952410181,,,,
psu_vikter_återskapar_total,TAB3238,region (8),2010M05,kvinnor,0.11080729188949816,0.19335755666867271,,,,
psu_vikter_återskapar_total,TAB3238,region (8),2010M05,män,0.08119859179836755,0.22104911581207887,,,,
psu_vikter_återskapar_total,TAB3238,region (8),2010M11,alla,0.09722436075915775,0.22460005770055602,,,,
psu_vikter_återskapar_total,TAB3238,region (8),2010M11,kvinnor,0.12125402710738176,0.28751602405590937,,,,
psu_vikter_återskapar_total,TAB3238,region (8),2010M11,män,0.050565012452829516,0.12964272667162646,,,,
psu_vikter_återskapar_total,TAB3238,region (8),2011M05,alla,0.05139230400338057,0.14804878307364078,,,,
psu_vikter_återskapar_total,TAB3238,region (8),2011M05,kvinnor,0.08375444136173404,0.2779775932024888,,,,
psu_vikter_återskapar_total,TAB3238,region (8),2011M05,män,0.061897033599556006,0.20744322990659647,,,,
psu_vikter_återskapar_total,TAB3238,region (8),2011M11,alla,0.07780995231979176,0.16270133673716103,,,,
psu_vikter_återskapar_total,TAB3238,region (8),2011M11,kvinnor,0.07387533565531504,0.3811422183128885,,,,
psu_vikter_återskapar_total,TAB3238,region (8),2011M11,män,0.09109619410499065,0.16339002524038193,,,,
psu_vikter_återskapar_total,TAB3238,region (8),2012M05,alla,0.11247056003289191,0.2075832971418805,,,,
psu_vikter_återskapar_total,TAB3238,region (8),2012M05,kvinnor,0.11053680114157005,0.35275928752444363,,,,
psu_vikter_återskapar_total,TAB3238,region (8),2012M05,män,0.15120982738791816,0.44970814520827673,,,,
psu_vikter_återskapar_total,TAB3238,region (8),2012M11,alla,0.04864821485854909,0.11572022974541873,,,,
psu_vikter_återskapar_total,TAB3238,region (8),2012M11,kvinnor,0.04684635178554003,0.1266576098753074,,,,
psu_vikter_återskapar_total,TAB3238,region (8),2012M11,män,0.08049732205065352,0.16757823707406772,,,,
psu_vikter_återskapar_total,TAB3238,region (8),2013M05,alla,0.05812758390669531,0.11434831825803826,,,,
psu_vikter_återskapar_total,TAB3238,region (8),2013M05,kvinnor,0.12169637974800351,0.23020589173630412,,,,
psu_vikter_återskapar_total,TAB3238,region (8),2013M05,män,0.09870933554110539,0.35791394964186907,,,,
psu_vikter_återskapar_total,TAB3238,region (8),2013M11,alla,0.054530690938814186,0.1477048345780574,,,,
psu_vikter_återskapar_total,TAB3238,region (8),2013M11,kvinnor,0.05159639616290873,0.1370601411807142,,,,
psu_vikter_återskapar_total,TAB3238,region (8),2013M11,män,0.10357194166079442,0.2025386565677323,,,,
psu_vikter_återskapar_total,TAB3238,region (8),2014M05,alla,0.06908895747755078,0.2006193752603238,,,,
psu_vikter_återskapar_total,TAB3238,region (8),2014M05,kvinnor,0.6456298906716509,1.79264286494017,,,,
psu_vikter_återskapar_total,TAB3238,region (8),2014M05,män,0.13404720167334966,0.2992811780263209,,,,
psu_vikter_återskapar_total,TAB3238,region (8),2014M11,alla,0.08442004806508252,0.1947342260918603,,,,
psu_vikter_återskapar_total,TAB3238,region (8),2014M11,kvinnor,0.12932044104221357,0.39941819453372673,,,,
psu_vikter_återskapar_total,TAB3238,region (8),2014M11,män,0.07665350371398821,0.2539893412407679,,,,
psu_vikter_återskapar_total,TAB3238,region (8),2015M05,alla,0.05384815428432982,0.16320771010218849,,,,
psu_vikter_återskapar_total,TAB3238,region (8),2015M05,kvinnor,0.05261500545524089,0.1562426924650886,,,,
psu_vikter_återskapar_total,TAB3238,region (8),2015M05,män,0.036951813392939625,0.07962149929214846,,,,
psu_vikter_återskapar_total,TAB3238,region (8),2015M11,alla,0.04563919380798148,0.12448817130226786,,,,
psu_vikter_återskapar_total,TAB3238,region (8),2015M11,kvinnor,0.18724539681623165,0.47853198756571746,,,,
psu_vikter_återskapar_total,TAB3238,region (8),2015M11,män,0.1642822670808431,0.3792148775955688,,,,
psu_vikter_återskapar_total,TAB3238,region (8),2016M05,alla,0.027434678726074302,0.058187749916100984,,,,
psu_vikter_återskapar_total,TAB3238,region (8),2016M05,kvinnor,0.4289504760936006,0.9298503576109489,,,,
psu_vikter_återskapar_total,TAB3238,region (8),2016M05,män,0.13518485980323186,0.26872359714804617,,,,
psu_vikter_återskapar_total,TAB3238,region (8),2016M11,alla,0.028041394083284543,0.07406769426298876,,,,
psu_vikter_återskapar_total,TAB3238,region (8),2016M11,kvinnor,0.17598026666753896,0.4071116122802856,,,,
psu_vikter_återskapar_total,TAB3238,region (8),2016M11,män,0.09510526372031702,0.2721772582256392,,,,
psu_vikter_återskapar_total,TAB3238,region (8),2017M05,alla,0.06642995484683745,0.20857773731746931,,,,
psu_vikter_återskapar_total,TAB3238,region (8),2017M05,kvinnor,0.22576996788944037,0.4998627701983267,,,,
psu_vikter_återskapar_total,TAB3238,region (8),2017M05,män,0.06076118085561366,0.18754102218200153,,,,
psu_vikter_återskapar_total,TAB3238,region (8),2017M11,alla,0.08627687476153562,0.18006844479500117,,,,
psu_vikter_återskapar_total,TAB3238,region (8),2017M11,kvinnor,0.4485048194012259,0.9070535060435603,,,,
psu_vikter_återskapar_total,TAB3238,region (8),2017M11,män,0.058140210932076386,0.12179536109927014,,,,
psu_vikter_återskapar_total,TAB3238,region (8),2018M05,alla,0.0403718611252587,0.07090500029358182,,,,
psu_vikter_återskapar_total,TAB3238,region (8),2018M05,kvinnor,0.7107285320961891,2.250887665176201,,,,
psu_vikter_återskapar_total,TAB3238,region (8),2018M05,män,0.11428589473069894,0.19631159210624816,,,,
psu_vikter_återskapar_total,TAB3238,region (8),2018M11,alla,0.10983728547777039,0.38690352443011733,,,,
psu_vikter_återskapar_total,TAB3238,region (8),2018M11,kvinnor,0.728351941647083,1.1573996189387579,,,,
psu_vikter_återskapar_total,TAB3238,region (8),2018M11,män,0.14908700534611985,0.3121337956706327,,,,
psu_vikter_återskapar_total,TAB3238,region (8),2019M05,alla,0.07182031273859191,0.20749294693939646,,,,
psu_vikter_återskapar_total,TAB3238,region (8),2019M05,kvinnor,0.498653339380849,0.9047093366670467,,,,
psu_vikter_återskapar_total,TAB3238,region (8),2019M05,män,0.24504767840346675,0.4463846773210669,,,,
psu_vikter_återskapar_total,TAB3238,region (8),2019M11,alla,0.03710313121886366,0.08564389694414487,,,,
psu_vikter_återskapar_total,TAB3238,region (8),2019M11,kvinnor,0.44752806429354974,0.8359980885702534,,,,
psu_vikter_återskapar_total,TAB3238,region (8),2019M11,män,0.3419477838778698,0.8670907655590447,,,,
psu_vikter_återskapar_total,TAB3238,region (8),2020M05,alla,0.04065746670016418,0.15383705977730244,,,,
psu_vikter_återskapar_total,TAB3238,region (8),2020M05,kvinnor,0.5558175599781656,1.5819339601065536,,,,
psu_vikter_återskapar_total,TAB3238,region (8),2020M05,män,0.04970338734130392,0.13530103318545983,,,,
psu_vikter_återskapar_total,TAB3238,region (8),2020M11,alla,0.07199246415206478,0.19238809517334232,,,,
psu_vikter_återskapar_total,TAB3238,region (8),2020M11,kvinnor,0.3273586990944042,0.6867123387378626,,,,
psu_vikter_återskapar_total,TAB3238,region (8),2020M11,män,0.046155610126766555,0.16679968100453557,,,,
psu_vikter_återskapar_total,TAB3238,region (8),2021M05,alla,0.03757086827012435,0.10817608856728445,,,,
psu_vikter_återskapar_total,TAB3238,region (8),2021M05,kvinnor,0.383892480441646,1.0469828686146911,,,,
psu_vikter_återskapar_total,TAB3238,region (8),2021M05,män,0.09367725997220827,0.19989770776410154,,,,
psu_vikter_återskapar_total,TAB3238,region (8),2021M11,alla,0.053994974500464865,0.12497407440682196,,,,
psu_vikter_återskapar_total,TAB3238,region (8),2021M11,kvinnor,0.8559352511058824,2.8252550726546346,,,,
psu_vikter_återskapar_total,TAB3238,region (8),2021M11,män,0.23207467536082071,0.44818234336501916,,,,
psu_vikter_återskapar_total,TAB3238,region (8),2022M05,alla,0.04584509763684358,0.08946774500755339,,,,
psu_vikter_återskapar_total,TAB3238,region (8),2022M05,kvinnor,0.7443581621421286,1.7265151667609828,,,,
psu_vikter_återskapar_total,TAB3238,region (8),2022M05,män,0.7308997023500097,1.8962681711980345,,,,
psu_vikter_återskapar_total,TAB3238,region (8),2022M11,alla,0.05251777119816892,0.208447671100231,,,,
psu_vikter_återskapar_total,TAB3238,region (8),2022M11,kvinnor,0.9907750774842602,1.889084322955604,,,,
psu_vikter_återskapar_total,TAB3238,region (8),2022M11,män,0.6396076018251762,1.3642655472735257,,,,
psu_vikter_återskapar_total,TAB3238,region (8),2023M05,alla,0.07221148807933642,0.20674900875109614,,,,
psu_vikter_återskapar_total,TAB3238,region (8),2023M05,kvinnor,0.8719401434313878,2.3614532319740604,,,,
psu_vikter_återskapar_total,TAB3238,region (8),2023M05,män,0.5006148793156487,1.0886800371494267,,,,
psu_vikter_återskapar_total,TAB3238,region (8),2024M05,alla,0.05479867566786051,0.0994849423034978,,,,
psu_vikter_återskapar_total,TAB3238,region (8),2024M05,kvinnor,0.5027084829335766,1.1619671620300611,,,,
psu_vikter_återskapar_total,TAB3238,region (8),2024M05,män,0.22727496711238232,0.5284624902747908,,,,
psu_vikter_återskapar_total,TAB3238,region (8),2025M05,alla,0.07600317512309912,0.15879148464929926,,,,
psu_vikter_återskapar_total,TAB3238,region (8),2025M05,kvinnor,0.5587063236126988,0.8473731240279037,,,,
psu_vikter_återskapar_total,TAB3238,region (8),2025M05,män,0.21790402497876088,0.5016549479046484,,,,
psu_vikter_återskapar_total,TAB3238,region (8),2026M05,alla,0.019502805566463777,0.04175836116255649,,,,
psu_vikter_återskapar_total,TAB3238,region (8),2026M05,kvinnor,0.5281205491057812,1.2325593000999362,,,,
psu_vikter_återskapar_total,TAB3238,region (8),2026M05,män,0.14242974196318287,0.2896021972216971,,,,
psu_vikter_återskapar_total,TAB3239,region (10),2006M05,alla,0.09967202396003248,0.22718715223853891,,,,
psu_vikter_återskapar_total,TAB3239,region (10),2006M11,alla,0.07969606083746505,0.19394432356098434,,,,
psu_vikter_återskapar_total,TAB3239,region (10),2007M05,alla,0.0882788771576144,0.2387816457471459,,,,
psu_vikter_återskapar_total,TAB3239,region (10),2007M11,alla,0.09168776923149043,0.17712535199871127,,,,
psu_vikter_återskapar_total,TAB3239,region (10),2008M05,alla,0.09674440322652103,0.23981980774841816,,,,
psu_vikter_återskapar_total,TAB3239,region (10),2008M11,alla,0.08162808044259709,0.20808229348144636,,,,
psu_vikter_återskapar_total,TAB3239,region (10),2009M05,alla,0.11547721793633173,0.2785087216444282,,,,
psu_vikter_återskapar_total,TAB3239,region (10),2009M11,alla,0.11977568257482966,0.2405312745998529,,,,
psu_vikter_återskapar_total,TAB3239,region (10),2010M05,alla,0.09049697353083161,0.18881193338827273,,,,
psu_vikter_återskapar_total,TAB3239,region (10),2010M11,alla,0.11364651526101532,0.25798159701873047,,,,
psu_vikter_återskapar_total,TAB3239,region (10),2011M05,alla,0.08236061552033846,0.2188394824507327,,,,
psu_vikter_återskapar_total,TAB3239,region (10),2011M11,alla,0.030183201545451344,0.06673478669770816,,,,
psu_vikter_återskapar_total,TAB3239,region (10),2012M05,alla,0.09090896295787199,0.23046709091242423,,,,
psu_vikter_återskapar_total,TAB3239,region (10),2012M11,alla,0.03955578905312507,0.08823705346926491,,,,
psu_vikter_återskapar_total,TAB3239,region (10),2013M05,alla,0.0832787181885104,0.15683498562094655,,,,
psu_vikter_återskapar_total,TAB3239,region (10),2013M11,alla,0.0757725322154646,0.1710930792098182,,,,
psu_vikter_återskapar_total,TAB3239,region (10),2014M05,alla,0.04455763841612892,0.08178005328846094,,,,
psu_vikter_återskapar_total,TAB3239,region (10),2014M11,alla,0.04327813574553957,0.09809913465469222,,,,
psu_vikter_återskapar_total,TAB3239,region (10),2015M05,alla,0.035255188919904146,0.05734505908387533,,,,
psu_vikter_återskapar_total,TAB3239,region (10),2015M11,alla,0.058082015575387114,0.14610495034388293,,,,
psu_vikter_återskapar_total,TAB3239,region (10),2016M05,alla,0.06473220752909992,0.16009346784599288,,,,
psu_vikter_återskapar_total,TAB3239,region (10),2016M11,alla,0.07988073573376908,0.1948017646363489,,,,
psu_vikter_återskapar_total,TAB3239,region (10),2017M05,alla,0.06462292385047708,0.1418928972166107,,,,
psu_vikter_återskapar_total,TAB3239,region (10),2017M11,alla,0.10304058005813427,0.25168236863958526,,,,
psu_vikter_återskapar_total,TAB3239,region (10),2018M05,alla,0.07086817208799895,0.17202550692110208,,,,
psu_vikter_återskapar_total,TAB3239,region (10),2018M11,alla,0.10992154197983517,0.34408517409073625,,,,
psu_vikter_återskapar_total,TAB3239,region (10),2019M05,alla,0.06946018433733614,0.18748198127124738,,,,
psu_vikter_återskapar_total,TAB3239,region (10),2019M11,alla,0.03860471984871017,0.07716138538097539,,,,
psu_vikter_återskapar_total,TAB3239,region (10),2020M05,alla,0.02111107218396785,0.06049346479526463,,,,
psu_vikter_återskapar_total,TAB3239,region (10),2020M11,alla,0.058666258990182074,0.12419665418357262,,,,
psu_vikter_återskapar_total,TAB3239,region (10),2021M05,alla,0.06326640908117848,0.20884858599849565,,,,
psu_vikter_återskapar_total,TAB3239,region (10),2021M11,alla,0.04208767223527349,0.12155222270001786,,,,
psu_vikter_återskapar_total,TAB3239,region (10),2022M05,alla,0.08892468200332138,0.1939052964230612,,,,
psu_vikter_återskapar_total,TAB3239,region (10),2022M11,alla,0.04104005799046251,0.133681676969573,,,,
psu_vikter_återskapar_total,TAB3239,region (10),2023M05,alla,0.0929867091999298,0.16303993085248436,,,,
psu_vikter_återskapar_total,TAB3239,region (10),2024M05,alla,0.09731905525787721,0.2407144471124587,,,,
psu_vikter_återskapar_total,TAB3239,region (10),2025M05,alla,0.05461240200111411,0.07467275624488678,,,,
psu_vikter_återskapar_total,TAB3239,region (10),2026M05,alla,0.0645453028388338,0.16282624452383843,,,,
psu_vikter_återskapar_total,TAB3243,sysselsättning,2006M05,alla,0.06259100130399105,0.12731998587748095,,,,
psu_vikter_återskapar_total,TAB3243,sysselsättning,2006M05,kvinnor,0.10828133886689528,0.2633676928534783,,,,
psu_vikter_återskapar_total,TAB3243,sysselsättning,2006M05,män,0.05085169545916398,0.08712906448895552,,,,
psu_vikter_återskapar_total,TAB3243,sysselsättning,2006M11,alla,0.05832667522025289,0.1703496562407878,,,,
psu_vikter_återskapar_total,TAB3243,sysselsättning,2006M11,kvinnor,0.04013020513450322,0.19282029234737053,,,,
psu_vikter_återskapar_total,TAB3243,sysselsättning,2006M11,män,0.048732469900130075,0.12417653537934825,,,,
psu_vikter_återskapar_total,TAB3243,sysselsättning,2007M05,alla,0.04802816610664954,0.09784127100354922,,,,
psu_vikter_återskapar_total,TAB3243,sysselsättning,2007M05,kvinnor,0.05233644859813121,0.11931464174455186,,,,
psu_vikter_återskapar_total,TAB3243,sysselsättning,2007M05,män,0.04147797224085746,0.10701452253634258,,,,
psu_vikter_återskapar_total,TAB3243,sysselsättning,2007M11,alla,0.052062280002349456,0.09458808087206627,,,,
psu_vikter_återskapar_total,TAB3243,sysselsättning,2007M11,kvinnor,0.030099422995113097,0.05363009772533456,,,,
psu_vikter_återskapar_total,TAB3243,sysselsättning,2007M11,män,0.03528576913228872,0.06719907857756935,,,,
psu_vikter_återskapar_total,TAB3243,sysselsättning,2008M05,alla,0.03814526828121841,0.05843966867570316,,,,
psu_vikter_återskapar_total,TAB3243,sysselsättning,2008M05,kvinnor,0.038871295903415745,0.09164695393839395,,,,
psu_vikter_återskapar_total,TAB3243,sysselsättning,2008M05,män,0.06657175867340374,0.12467316212467949,,,,
psu_vikter_återskapar_total,TAB3243,sysselsättning,2008M11,alla,0.037028836177315796,0.12917997849510954,,,,
psu_vikter_återskapar_total,TAB3243,sysselsättning,2008M11,kvinnor,0.08495838048936058,0.13077082968040799,,,,
psu_vikter_återskapar_total,TAB3243,sysselsättning,2008M11,män,0.05340657438190689,0.09705582380686906,,,,
psu_vikter_återskapar_total,TAB3243,sysselsättning,2009M05,alla,0.051851494524277494,0.18400789751520819,,,,
psu_vikter_återskapar_total,TAB3243,sysselsättning,2009M05,kvinnor,0.04392545875912975,0.0787667935384917,,,,
psu_vikter_återskapar_total,TAB3243,sysselsättning,2009M05,män,0.032997236637316414,0.08800711187808474,,,,
psu_vikter_återskapar_total,TAB3243,sysselsättning,2009M11,alla,0.03621458490628214,0.07340673830549349,,,,
psu_vikter_återskapar_total,TAB3243,sysselsättning,2009M11,kvinnor,0.037429624350367216,0.08480294818102863,,,,
psu_vikter_återskapar_total,TAB3243,sysselsättning,2009M11,män,0.031172743088284247,0.12029972678942613,,,,
psu_vikter_återskapar_total,TAB3243,sysselsättning,2010M05,alla,0.06686236701567161,0.1675305626254655,,,,
psu_vikter_återskapar_total,TAB3243,sysselsättning,2010M05,kvinnor,0.060827224231102255,0.12240647049047837,,,,
psu_vikter_återskapar_total,TAB3243,sysselsättning,2010M05,män,0.03205944347600192,0.09633185902590924,,,,
psu_vikter_återskapar_total,TAB3243,sysselsättning,2010M11,alla,0.21051955151717505,0.7534921887358124,,,,
psu_vikter_återskapar_total,TAB3243,sysselsättning,2010M11,kvinnor,0.11092933956075957,0.2642961685602643,,,,
psu_vikter_återskapar_total,TAB3243,sysselsättning,2010M11,män,0.1600057661540919,0.5688288626416202,,,,
psu_vikter_återskapar_total,TAB3243,sysselsättning,2011M05,alla,0.15368275734873982,0.5948984994620403,,,,
psu_vikter_återskapar_total,TAB3243,sysselsättning,2011M05,kvinnor,0.09843496933051221,0.4034392382652001,,,,
psu_vikter_återskapar_total,TAB3243,sysselsättning,2011M05,män,0.1357811030507446,0.4655372302400522,,,,
psu_vikter_återskapar_total,TAB3243,sysselsättning,2011M11,alla,0.1570553487203008,0.5104216547095852,,,,
psu_vikter_återskapar_total,TAB3243,sysselsättning,2011M11,kvinnor,0.08493614526254545,0.21098779843616455,,,,
psu_vikter_återskapar_total,TAB3243,sysselsättning,2011M11,män,0.0702310144901318,0.16867109320035212,,,,
psu_vikter_återskapar_total,TAB3243,sysselsättning,2012M05,alla,0.1395006025639347,0.4830366436775648,,,,
psu_vikter_återskapar_total,TAB3243,sysselsättning,2012M05,kvinnor,0.11657127654910393,0.43029599877693414,,,,
psu_vikter_återskapar_total,TAB3243,sysselsättning,2012M05,män,0.04417607941654611,0.09729937843579961,,,,
psu_vikter_återskapar_total,TAB3243,sysselsättning,2012M11,alla,0.12226510322491946,0.3754957004993855,,,,
psu_vikter_återskapar_total,TAB3243,sysselsättning,2012M11,kvinnor,0.1700421930950654,0.5345126352405742,,,,
psu_vikter_återskapar_total,TAB3243,sysselsättning,2012M11,män,0.06594970089753266,0.18994178281562313,,,,
psu_vikter_återskapar_total,TAB3243,sysselsättning,2013M05,alla,0.09655294658683805,0.2969116021878335,,,,
psu_vikter_återskapar_total,TAB3243,sysselsättning,2013M05,kvinnor,0.09564348147761992,0.15302957036419151,,,,
psu_vikter_återskapar_total,TAB3243,sysselsättning,2013M05,män,0.034895810246211134,0.11429546684328784,,,,
psu_vikter_återskapar_total,TAB3243,sysselsättning,2013M11,alla,0.10411617351415797,0.32392076989644636,,,,
psu_vikter_återskapar_total,TAB3243,sysselsättning,2013M11,kvinnor,0.09408525165027548,0.22428187405252942,,,,
psu_vikter_återskapar_total,TAB3243,sysselsättning,2013M11,män,0.10145289466396368,0.25490078601575306,,,,
psu_vikter_återskapar_total,TAB3243,sysselsättning,2014M05,alla,0.09611279736991118,0.3367143307735887,,,,
psu_vikter_återskapar_total,TAB3243,sysselsättning,2014M05,kvinnor,0.06236427793222976,0.1570464961164859,,,,
psu_vikter_återskapar_total,TAB3243,sysselsättning,2014M05,män,0.038188036980625784,0.06808343585862442,,,,
psu_vikter_återskapar_total,TAB3243,sysselsättning,2014M11,alla,0.3037592247641927,0.8792936205007038,,,,
psu_vikter_återskapar_total,TAB3243,sysselsättning,2014M11,kvinnor,0.1456972753098299,0.3044509149938932,,,,
psu_vikter_återskapar_total,TAB3243,sysselsättning,2014M11,män,0.11919189269800912,0.3959638429540355,,,,
psu_vikter_återskapar_total,TAB3243,sysselsättning,2015M05,alla,0.1681355394684551,0.5748939558661235,,,,
psu_vikter_återskapar_total,TAB3243,sysselsättning,2015M05,kvinnor,0.0637842055430431,0.128754490978519,,,,
psu_vikter_återskapar_total,TAB3243,sysselsättning,2015M05,män,0.09605476041703342,0.28174751653321906,,,,
psu_vikter_återskapar_total,TAB3243,sysselsättning,2015M11,alla,0.10586965576243335,0.41509918738456975,,,,
psu_vikter_återskapar_total,TAB3243,sysselsättning,2015M11,kvinnor,0.04235620745471469,0.1310609475691038,,,,
psu_vikter_återskapar_total,TAB3243,sysselsättning,2015M11,män,0.10398633656594092,0.4305068271085766,,,,
psu_vikter_återskapar_total,TAB3243,sysselsättning,2016M05,alla,0.08205329809068462,0.22992536382149353,,,,
psu_vikter_återskapar_total,TAB3243,sysselsättning,2016M05,kvinnor,0.03957431766004038,0.09021247548145794,,,,
psu_vikter_återskapar_total,TAB3243,sysselsättning,2016M05,män,0.05953488160212134,0.10420929818767632,,,,
psu_vikter_återskapar_total,TAB3243,sysselsättning,2016M11,alla,0.08476677243471925,0.30611374492990606,,,,
psu_vikter_återskapar_total,TAB3243,sysselsättning,2016M11,kvinnor,0.041927561563820825,0.12834922671858706,,,,
psu_vikter_återskapar_total,TAB3243,sysselsättning,2016M11,män,0.04457182405739335,0.13231338421429584,,,,
psu_vikter_återskapar_total,TAB3243,sysselsättning,2017M05,alla,0.10510690897335973,0.339065793500545,,,,
psu_vikter_återskapar_total,TAB3243,sysselsättning,2017M05,kvinnor,0.14878545161225676,0.39339510783210585,,,,
psu_vikter_återskapar_total,TAB3243,sysselsättning,2017M05,män,0.017288838965187903,0.08220211321085458,,,,
psu_vikter_återskapar_total,TAB3243,sysselsättning,2017M11,alla,0.113698686295715,0.3975299467132558,,,,
psu_vikter_återskapar_total,TAB3243,sysselsättning,2017M11,kvinnor,0.018634242538068724,0.054250435821125986,,,,
psu_vikter_återskapar_total,TAB3243,sysselsättning,2017M11,män,0.12576293031058905,0.4437255553906674,,,,
psu_vikter_återskapar_total,TAB3243,sysselsättning,2018M05,alla,0.08080561555388477,0.3063560916581203,,,,
psu_vikter_återskapar_total,TAB3243,sysselsättning,2018M05,kvinnor,0.048121740048534256,0.10378320844818312,,,,
psu_vikter_återskapar_total,TAB3243,sysselsättning,2018M05,män,0.11181665515728184,0.32737242886283724,,,,
psu_vikter_återskapar_total,TAB3243,sysselsättning,2018M11,alla,0.3634866536085346,1.3910879655212511,,,,
psu_vikter_återskapar_total,TAB3243,sysselsättning,2018M11,kvinnor,0.1940897840188588,0.5574514551988798,,,,
psu_vikter_återskapar_total,TAB3243,sysselsättning,2018M11,män,0.1671834660846085,0.6686001502110486,,,,
psu_vikter_återskapar_total,TAB3243,sysselsättning,2019M05,alla,0.19978498602356398,0.5733179335340282,,,,
psu_vikter_återskapar_total,TAB3243,sysselsättning,2019M05,kvinnor,0.08575064830019086,0.24033299931017638,,,,
psu_vikter_återskapar_total,TAB3243,sysselsättning,2019M05,män,0.06726867711050444,0.2767398751275856,,,,
psu_vikter_återskapar_total,TAB3243,sysselsättning,2019M11,alla,0.07649055669448268,0.3000231206832922,,,,
psu_vikter_återskapar_total,TAB3243,sysselsättning,2019M11,kvinnor,0.06209649859976407,0.10733017570806425,,,,
psu_vikter_återskapar_total,TAB3243,sysselsättning,2019M11,män,0.04867878728131875,0.11834429171569028,,,,
psu_vikter_återskapar_total,TAB3243,sysselsättning,2020M05,alla,0.16379215628976712,0.5882384704310937,,,,
psu_vikter_återskapar_total,TAB3243,sysselsättning,2020M05,kvinnor,0.18689214361071954,0.5506936061433407,,,,
psu_vikter_återskapar_total,TAB3243,sysselsättning,2020M05,män,0.03295489477554986,0.06727216835911953,,,,
psu_vikter_återskapar_total,TAB3243,sysselsättning,2020M11,alla,0.1251714205443663,0.4506171139597157,,,,
psu_vikter_återskapar_total,TAB3243,sysselsättning,2020M11,kvinnor,0.018055342527687424,0.05507982765416575,,,,
psu_vikter_återskapar_total,TAB3243,sysselsättning,2020M11,män,0.06676270633152093,0.18500787714492262,,,,
psu_vikter_återskapar_total,TAB3243,sysselsättning,2021M05,alla,0.08097039702700437,0.1680156154618757,,,,
psu_vikter_återskapar_total,TAB3243,sysselsättning,2021M05,kvinnor,0.06993564261491891,0.16029761749091165,,,,
psu_vikter_återskapar_total,TAB3243,sysselsättning,2021M05,män,0.06823905197417257,0.12040984110328523,,,,
psu_vikter_återskapar_total,TAB3243,sysselsättning,2021M11,alla,0.12858998068545435,0.44365445287242267,,,,
psu_vikter_återskapar_total,TAB3243,sysselsättning,2021M11,kvinnor,0.04207642010536794,0.16406111208667085,,,,
psu_vikter_återskapar_total,TAB3243,sysselsättning,2021M11,män,0.061465998927666465,0.13962085192287788,,,,
psu_vikter_återskapar_total,TAB3243,sysselsättning,2022M05,alla,0.06998073739874322,0.16315203539045342,,,,
psu_vikter_återskapar_total,TAB3243,sysselsättning,2022M05,kvinnor,0.05764529840020721,0.114883182935543,,,,
psu_vikter_återskapar_total,TAB3243,sysselsättning,2022M05,män,0.04538760921445867,0.07507007789778442,,,,
psu_vikter_återskapar_total,TAB3243,sysselsättning,2022M11,alla,0.16110813071632413,0.5704403463011971,,,,
psu_vikter_återskapar_total,TAB3243,sysselsättning,2022M11,kvinnor,0.0972553138288692,0.30698209211519156,,,,
psu_vikter_återskapar_total,TAB3243,sysselsättning,2022M11,män,0.11271879138264401,0.4646898631912286,,,,
psu_vikter_återskapar_total,TAB3243,sysselsättning,2023M05,alla,0.14023876231367843,0.5019736131872037,,,,
psu_vikter_återskapar_total,TAB3243,sysselsättning,2023M05,kvinnor,0.12215330964232118,0.23135249519621226,,,,
psu_vikter_återskapar_total,TAB3243,sysselsättning,2023M05,män,0.07507028107297503,0.20233944162589523,,,,
psu_vikter_återskapar_total,TAB3243,sysselsättning,2024M05,alla,0.11247337018910558,0.3745565241782245,,,,
psu_vikter_återskapar_total,TAB3243,sysselsättning,2024M05,kvinnor,0.08371735109844713,0.2531070072162933,,,,
psu_vikter_återskapar_total,TAB3243,sysselsättning,2024M05,män,0.09914249346932702,0.3317794559430425,,,,
psu_vikter_återskapar_total,TAB3243,sysselsättning,2025M05,alla,0.17491525263486596,0.6002266068169391,,,,
psu_vikter_återskapar_total,TAB3243,sysselsättning,2025M05,kvinnor,0.12909360730334313,0.24835201327880618,,,,
psu_vikter_återskapar_total,TAB3243,sysselsättning,2025M05,män,0.1485069989129843,0.487127962615574,,,,
psu_vikter_återskapar_total,TAB3243,sysselsättning,2026M05,alla,0.12893322868872237,0.5009418014972198,,,,
psu_vikter_återskapar_total,TAB3243,sysselsättning,2026M05,kvinnor,0.08006883490879496,0.18469962123550232,,,,
psu_vikter_återskapar_total,TAB3243,sysselsättning,2026M05,män,0.06653707667244596,0.18942423067374747,,,,
psu_vikter_återskapar_total,TAB3247,sektor (sysselsatta),2006M05,alla,0.11935440014947243,0.4413357401455009,,,,
psu_vikter_återskapar_total,TAB3247,sektor (sysselsatta),2006M05,kvinnor,0.5741136614638405,1.6832356038123493,,,,
psu_vikter_återskapar_total,TAB3247,sektor (sysselsatta),2006M05,män,0.09235778312651569,0.24343655931149044,,,,
psu_vikter_återskapar_total,TAB3247,sektor (sysselsatta),2006M11,alla,0.06299384581910392,0.19420871542071438,,,,
psu_vikter_återskapar_total,TAB3247,sektor (sysselsatta),2006M11,kvinnor,0.5036152260326135,1.4224637703202774,,,,
psu_vikter_återskapar_total,TAB3247,sektor (sysselsatta),2006M11,män,0.07534726988339122,0.16568299924605157,,,,
psu_vikter_återskapar_total,TAB3247,sektor (sysselsatta),2007M05,alla,0.028109135976669388,0.05282666189808527,,,,
psu_vikter_återskapar_total,TAB3247,sektor (sysselsatta),2007M05,kvinnor,0.4573832164468689,1.5413085217707874,,,,
psu_vikter_återskapar_total,TAB3247,sektor (sysselsatta),2007M05,män,0.08526239556283029,0.21486349222008272,,,,
psu_vikter_återskapar_total,TAB3247,sektor (sysselsatta),2007M11,alla,0.06752411725248329,0.1694124548675262,,,,
psu_vikter_återskapar_total,TAB3247,sektor (sysselsatta),2007M11,kvinnor,0.5068243378362309,1.519435335104255,,,,
psu_vikter_återskapar_total,TAB3247,sektor (sysselsatta),2007M11,män,0.03823461081288247,0.10792809508708245,,,,
psu_vikter_återskapar_total,TAB3247,sektor (sysselsatta),2008M05,alla,0.044201795759039646,0.08218243709249151,,,,
psu_vikter_återskapar_total,TAB3247,sektor (sysselsatta),2008M05,kvinnor,0.5867518000805466,1.6745843037483041,,,,
psu_vikter_återskapar_total,TAB3247,sektor (sysselsatta),2008M05,män,0.043143573560489666,0.08829618618243984,,,,
psu_vikter_återskapar_total,TAB3247,sektor (sysselsatta),2008M11,alla,0.038940457400403784,0.07726866363937823,,,,
psu_vikter_återskapar_total,TAB3247,sektor (sysselsatta),2008M11,kvinnor,0.7591538149310973,2.369448817049971,,,,
psu_vikter_återskapar_total,TAB3247,sektor (sysselsatta),2008M11,män,0.043017095701417,0.07514668247004153,,,,
psu_vikter_återskapar_total,TAB3247,sektor (sysselsatta),2009M05,alla,0.06284088528546754,0.19815134644135668,,,,
psu_vikter_återskapar_total,TAB3247,sektor (sysselsatta),2009M05,kvinnor,0.739220203573536,1.9674321815591327,,,,
psu_vikter_återskapar_total,TAB3247,sektor (sysselsatta),2009M05,män,0.020526108390252724,0.03683614803760804,,,,
psu_vikter_återskapar_total,TAB3247,sektor (sysselsatta),2009M11,alla,0.0608148158752012,0.13740559276965314,,,,
psu_vikter_återskapar_total,TAB3247,sektor (sysselsatta),2009M11,kvinnor,0.04461489987247878,0.08625124560161623,,,,
psu_vikter_återskapar_total,TAB3247,sektor (sysselsatta),2009M11,män,0.05202312422891575,0.175484854819274,,,,
psu_vikter_återskapar_total,TAB3247,sektor (sysselsatta),2010M05,alla,0.04503061871706177,0.12290545511412887,,,,
psu_vikter_återskapar_total,TAB3247,sektor (sysselsatta),2010M05,kvinnor,0.6161395636671564,1.7224454488150869,,,,
psu_vikter_återskapar_total,TAB3247,sektor (sysselsatta),2010M05,män,0.028714734235340305,0.05039875644101599,,,,
psu_vikter_återskapar_total,TAB3247,sektor (sysselsatta),2010M11,alla,0.13630864221041955,0.38224132013636236,,,,
psu_vikter_återskapar_total,TAB3247,sektor (sysselsatta),2010M11,kvinnor,0.4493183206055606,1.4843262666975576,,,,
psu_vikter_återskapar_total,TAB3247,sektor (sysselsatta),2010M11,män,0.12271187016620166,0.3679726608441598,,,,
psu_vikter_återskapar_total,TAB3247,sektor (sysselsatta),2011M05,alla,0.08342564504197214,0.17743971273301895,,,,
psu_vikter_återskapar_total,TAB3247,sektor (sysselsatta),2011M05,kvinnor,0.6305934072833135,1.6215713837355423,,,,
psu_vikter_återskapar_total,TAB3247,sektor (sysselsatta),2011M05,män,0.0788323617652637,0.19195665241913318,,,,
psu_vikter_återskapar_total,TAB3247,sektor (sysselsatta),2011M11,alla,0.12624949999210516,0.35872535075679934,,,,
psu_vikter_återskapar_total,TAB3247,sektor (sysselsatta),2011M11,kvinnor,0.39420661024398895,1.2576787481828084,,,,
psu_vikter_återskapar_total,TAB3247,sektor (sysselsatta),2011M11,män,0.07126351804748432,0.2355097728489639,,,,
psu_vikter_återskapar_total,TAB3247,sektor (sysselsatta),2012M05,alla,0.10976182733732509,0.2665639935580586,,,,
psu_vikter_återskapar_total,TAB3247,sektor (sysselsatta),2012M05,kvinnor,0.4252732144894261,1.1640337665300748,,,,
psu_vikter_återskapar_total,TAB3247,sektor (sysselsatta),2012M05,män,0.12572530734198628,0.2840692111102783,,,,
psu_vikter_återskapar_total,TAB3247,sektor (sysselsatta),2012M11,alla,0.0687650227825482,0.2309428336400572,,,,
psu_vikter_återskapar_total,TAB3247,sektor (sysselsatta),2012M11,kvinnor,0.49459963139018276,1.673424757537795,,,,
psu_vikter_återskapar_total,TAB3247,sektor (sysselsatta),2012M11,män,0.12618731460536953,0.3701976422239994,,,,
psu_vikter_återskapar_total,TAB3247,sektor (sysselsatta),2013M05,alla,0.06338472490786295,0.2179567470006205,,,,
psu_vikter_återskapar_total,TAB3247,sektor (sysselsatta),2013M05,kvinnor,0.5847499510709508,1.8087537582636628,,,,
psu_vikter_återskapar_total,TAB3247,sektor (sysselsatta),2013M05,män,0.08741803163685036,0.36258599296895255,,,,
psu_vikter_återskapar_total,TAB3247,sektor (sysselsatta),2013M11,alla,0.05009786730679261,0.177020799768556,,,,
psu_vikter_återskapar_total,TAB3247,sektor (sysselsatta),2013M11,kvinnor,0.45962540744755415,1.6241875625955515,,,,
psu_vikter_återskapar_total,TAB3247,sektor (sysselsatta),2013M11,män,0.11527474831853818,0.3865320587871395,,,,
psu_vikter_återskapar_total,TAB3247,sektor (sysselsatta),2014M05,alla,0.10835997653319762,0.3214557919250822,,,,
psu_vikter_återskapar_total,TAB3247,sektor (sysselsatta),2014M05,kvinnor,0.5805176541602786,1.8080855687382211,,,,
psu_vikter_återskapar_total,TAB3247,sektor (sysselsatta),2014M05,män,0.12888455369874197,0.2397378409237909,,,,
psu_vikter_återskapar_total,TAB3247,sektor (sysselsatta),2014M11,alla,0.09354139806472067,0.16898943012524725,,,,
psu_vikter_återskapar_total,TAB3247,sektor (sysselsatta),2014M11,kvinnor,0.3200883558207776,0.802191713777745,,,,
psu_vikter_återskapar_total,TAB3247,sektor (sysselsatta),2014M11,män,0.0632192380732074,0.1641005004144951,,,,
psu_vikter_återskapar_total,TAB3247,sektor (sysselsatta),2015M05,alla,0.07418635812352697,0.13960800716393607,,,,
psu_vikter_återskapar_total,TAB3247,sektor (sysselsatta),2015M05,kvinnor,0.037227987832524456,0.1316123670464684,,,,
psu_vikter_återskapar_total,TAB3247,sektor (sysselsatta),2015M05,män,0.06436438547152723,0.1711006579791281,,,,
psu_vikter_återskapar_total,TAB3247,sektor (sysselsatta),2015M11,alla,0.08030913491285602,0.14839304010379806,,,,
psu_vikter_återskapar_total,TAB3247,sektor (sysselsatta),2015M11,kvinnor,0.5303108513296436,1.733928403017174,,,,
psu_vikter_återskapar_total,TAB3247,sektor (sysselsatta),2015M11,män,0.18011400497286417,0.4647780780045814,,,,
psu_vikter_återskapar_total,TAB3247,sektor (sysselsatta),2016M05,alla,0.12720878348047704,0.3313112108092824,,,,
psu_vikter_återskapar_total,TAB3247,sektor (sysselsatta),2016M05,kvinnor,0.745303142022731,2.634189212758926,,,,
psu_vikter_återskapar_total,TAB3247,sektor (sysselsatta),2016M05,män,0.1426809094806813,0.30863044153239017,,,,
psu_vikter_återskapar_total,TAB3247,sektor (sysselsatta),2016M11,alla,0.04437337332496766,0.06682386482135882,,,,
psu_vikter_återskapar_total,TAB3247,sektor (sysselsatta),2016M11,kvinnor,0.08619610038571934,0.21496874455372605,,,,
psu_vikter_återskapar_total,TAB3247,sektor (sysselsatta),2016M11,män,0.032178133628955274,0.06765731429168742,,,,
psu_vikter_återskapar_total,TAB3247,sektor (sysselsatta),2017M05,alla,0.03935434618563477,0.05447607238863306,,,,
psu_vikter_återskapar_total,TAB3247,sektor (sysselsatta),2017M05,kvinnor,0.4236213140587477,0.9936162691469761,,,,
psu_vikter_återskapar_total,TAB3247,sektor (sysselsatta),2017M05,män,0.030840776829154037,0.05185832239785437,,,,
psu_vikter_återskapar_total,TAB3247,sektor (sysselsatta),2017M11,alla,0.03642091783256818,0.09292900541490923,,,,
psu_vikter_återskapar_total,TAB3247,sektor (sysselsatta),2017M11,kvinnor,0.3502051099855488,0.9395446692316369,,,,
psu_vikter_återskapar_total,TAB3247,sektor (sysselsatta),2017M11,män,0.033778985071439505,0.07890262680921722,,,,
psu_vikter_återskapar_total,TAB3247,sektor (sysselsatta),2018M05,alla,0.031195503958631687,0.057917978876469434,,,,
psu_vikter_återskapar_total,TAB3247,sektor (sysselsatta),2018M05,kvinnor,0.36453403902374343,0.8825574439019075,,,,
psu_vikter_återskapar_total,TAB3247,sektor (sysselsatta),2018M05,män,0.0902888386110755,0.23430204920079767,,,,
psu_vikter_återskapar_total,TAB3247,sektor (sysselsatta),2018M11,alla,0.043244618017866276,0.06624811111462048,,,,
psu_vikter_återskapar_total,TAB3247,sektor (sysselsatta),2018M11,kvinnor,0.03953242916354327,0.06639636707725138,,,,
psu_vikter_återskapar_total,TAB3247,sektor (sysselsatta),2018M11,män,0.035234721118827694,0.06489827382146096,,,,
psu_vikter_återskapar_total,TAB3247,sektor (sysselsatta),2019M05,alla,0.07164408778306752,0.18164018260907966,,,,
psu_vikter_återskapar_total,TAB3247,sektor (sysselsatta),2019M05,kvinnor,0.40895311603460294,1.3030973445233798,,,,
psu_vikter_återskapar_total,TAB3247,sektor (sysselsatta),2019M05,män,0.1472182926001359,0.3927588867577505,,,,
psu_vikter_återskapar_total,TAB3247,sektor (sysselsatta),2019M11,alla,0.05128739932557713,0.15540047852853078,,,,
psu_vikter_återskapar_total,TAB3247,sektor (sysselsatta),2019M11,kvinnor,0.02684640471656441,0.06251782712815768,,,,
psu_vikter_återskapar_total,TAB3247,sektor (sysselsatta),2019M11,män,0.16022494993852548,0.43354362140880554,,,,
psu_vikter_återskapar_total,TAB3247,sektor (sysselsatta),2020M05,alla,0.05574831461062657,0.1578157795867554,,,,
psu_vikter_återskapar_total,TAB3247,sektor (sysselsatta),2020M05,kvinnor,0.5589712395436388,1.7581985548806927,,,,
psu_vikter_återskapar_total,TAB3247,sektor (sysselsatta),2020M05,män,0.16218675549497907,0.49598822397928544,,,,
psu_vikter_återskapar_total,TAB3247,sektor (sysselsatta),2020M11,alla,0.22956190278741723,0.5652703135702062,,,,
psu_vikter_återskapar_total,TAB3247,sektor (sysselsatta),2020M11,kvinnor,0.6728315769556836,1.5315227128430955,,,,
psu_vikter_återskapar_total,TAB3247,sektor (sysselsatta),2020M11,män,0.12645632689680575,0.3691861457073671,,,,
psu_vikter_återskapar_total,TAB3247,sektor (sysselsatta),2021M05,alla,0.10509489338323758,0.2565538374421479,,,,
psu_vikter_återskapar_total,TAB3247,sektor (sysselsatta),2021M05,kvinnor,0.09519031045508669,0.39632904311933714,,,,
psu_vikter_återskapar_total,TAB3247,sektor (sysselsatta),2021M05,män,0.12088125696508811,0.2734154632657635,,,,
psu_vikter_återskapar_total,TAB3247,sektor (sysselsatta),2021M11,alla,0.06753187607042183,0.20942233150260137,,,,
psu_vikter_återskapar_total,TAB3247,sektor (sysselsatta),2021M11,kvinnor,0.6871405515351944,1.7167708288851564,,,,
psu_vikter_återskapar_total,TAB3247,sektor (sysselsatta),2021M11,män,0.06067938949563323,0.1500222662026367,,,,
psu_vikter_återskapar_total,TAB3247,sektor (sysselsatta),2022M05,alla,0.1346931067253676,0.3379928968035095,,,,
psu_vikter_återskapar_total,TAB3247,sektor (sysselsatta),2022M05,kvinnor,0.5651600973677058,1.5363961584460455,,,,
psu_vikter_återskapar_total,TAB3247,sektor (sysselsatta),2022M05,män,0.15237527396642636,0.31807793849929666,,,,
psu_vikter_återskapar_total,TAB3247,sektor (sysselsatta),2022M11,alla,0.03611854146874316,0.06410284566478808,,,,
psu_vikter_återskapar_total,TAB3247,sektor (sysselsatta),2022M11,kvinnor,0.36922363728235374,0.9909300702271366,,,,
psu_vikter_återskapar_total,TAB3247,sektor (sysselsatta),2022M11,män,0.1293311829484981,0.2982457289141287,,,,
psu_vikter_återskapar_total,TAB3247,sektor (sysselsatta),2023M05,alla,0.08110409322427753,0.19144517446767395,,,,
psu_vikter_återskapar_total,TAB3247,sektor (sysselsatta),2023M05,kvinnor,0.3673088736052388,0.7846901773529424,,,,
psu_vikter_återskapar_total,TAB3247,sektor (sysselsatta),2023M05,män,0.059780535221361564,0.17883965707571292,,,,
psu_vikter_återskapar_total,TAB3247,sektor (sysselsatta),2024M05,alla,0.1370176329439406,0.36485530325680315,,,,
psu_vikter_återskapar_total,TAB3247,sektor (sysselsatta),2024M05,kvinnor,0.3753882293511351,1.214182327188258,,,,
psu_vikter_återskapar_total,TAB3247,sektor (sysselsatta),2024M05,män,0.08221496940808054,0.15158722292979476,,,,
psu_vikter_återskapar_total,TAB3247,sektor (sysselsatta),2025M05,alla,0.06606178442848887,0.21533051578769147,,,,
psu_vikter_återskapar_total,TAB3247,sektor (sysselsatta),2025M05,kvinnor,0.040872617417812396,0.14359875502059438,,,,
psu_vikter_återskapar_total,TAB3247,sektor (sysselsatta),2025M05,män,0.08849033592540528,0.1572690883154415,,,,
psu_vikter_återskapar_total,TAB3247,sektor (sysselsatta),2026M05,alla,0.07287640242091659,0.18870860971666303,,,,
psu_vikter_återskapar_total,TAB3247,sektor (sysselsatta),2026M05,kvinnor,0.08959069092091965,0.22494609403629795,,,,
psu_vikter_återskapar_total,TAB3247,sektor (sysselsatta),2026M05,män,0.11055622770184814,0.22374504604523793,,,,
psu_vikter_återskapar_total,TAB3249,fack (anställda),2006M05,alla,0.16917956812524018,0.3632198087886138,,,,
psu_vikter_återskapar_total,TAB3249,fack (anställda),2006M05,kvinnor,0.13838288506260682,0.24851135048178108,,,,
psu_vikter_återskapar_total,TAB3249,fack (anställda),2006M05,män,0.13750484125254062,0.16867041205950084,,,,
psu_vikter_återskapar_total,TAB3249,fack (anställda),2006M11,alla,0.08504592769251675,0.18977632229796626,,,,
psu_vikter_återskapar_total,TAB3249,fack (anställda),2006M11,kvinnor,0.1462246367595255,0.2375862120853709,,,,
psu_vikter_återskapar_total,TAB3249,fack (anställda),2006M11,män,0.16018952510856163,0.502077668320851,,,,
psu_vikter_återskapar_total,TAB3249,fack (anställda),2007M05,alla,0.11306399384700473,0.4216483145927832,,,,
psu_vikter_återskapar_total,TAB3249,fack (anställda),2007M05,kvinnor,0.16699290273184073,0.5629478650210444,,,,
psu_vikter_återskapar_total,TAB3249,fack (anställda),2007M05,män,0.17612957589009387,0.45627522171844603,,,,
psu_vikter_återskapar_total,TAB3249,fack (anställda),2007M11,alla,0.1451119311203938,0.4419429813784248,,,,
psu_vikter_återskapar_total,TAB3249,fack (anställda),2007M11,kvinnor,0.05727912425229288,0.09905593615073549,,,,
psu_vikter_återskapar_total,TAB3249,fack (anställda),2007M11,män,0.1945087902517534,0.7376944847630185,,,,
psu_vikter_återskapar_total,TAB3249,fack (anställda),2008M05,alla,0.1666562667673554,0.4338232924447283,,,,
psu_vikter_återskapar_total,TAB3249,fack (anställda),2008M05,kvinnor,0.1467141831064415,0.26141397538558486,,,,
psu_vikter_återskapar_total,TAB3249,fack (anställda),2008M05,män,0.1145315403897447,0.20066766222726073,,,,
psu_vikter_återskapar_total,TAB3249,fack (anställda),2008M11,alla,0.16431485101615953,0.4969320643046302,,,,
psu_vikter_återskapar_total,TAB3249,fack (anställda),2008M11,kvinnor,0.22567491706097975,0.6862321623917609,,,,
psu_vikter_återskapar_total,TAB3249,fack (anställda),2008M11,män,0.1707829397193788,0.45535443112690643,,,,
psu_vikter_återskapar_total,TAB3249,fack (anställda),2009M05,alla,0.19638275981728828,0.4495759855286856,,,,
psu_vikter_återskapar_total,TAB3249,fack (anställda),2009M05,kvinnor,0.17093778833898096,0.3442061447196636,,,,
psu_vikter_återskapar_total,TAB3249,fack (anställda),2009M05,män,0.24454189903316875,0.5609848962904564,,,,
psu_vikter_återskapar_total,TAB3249,fack (anställda),2009M11,alla,0.13567396165069714,0.38157391225718484,,,,
psu_vikter_återskapar_total,TAB3249,fack (anställda),2009M11,kvinnor,0.213948818231083,0.5450974359183292,,,,
psu_vikter_återskapar_total,TAB3249,fack (anställda),2009M11,män,0.10158057240293239,0.2666145422279129,,,,
psu_vikter_återskapar_total,TAB3249,fack (anställda),2010M05,alla,0.1983638883551476,0.5556937961067945,,,,
psu_vikter_återskapar_total,TAB3249,fack (anställda),2010M05,kvinnor,0.1802369862875934,0.427002871132494,,,,
psu_vikter_återskapar_total,TAB3249,fack (anställda),2010M05,män,0.18712389171765872,0.5095269561564315,,,,
psu_vikter_återskapar_total,TAB3249,fack (anställda),2010M11,alla,0.1147713101565736,0.31544552314646523,,,,
psu_vikter_återskapar_total,TAB3249,fack (anställda),2010M11,kvinnor,0.12752765740965988,0.33953555916802003,,,,
psu_vikter_återskapar_total,TAB3249,fack (anställda),2010M11,män,0.3997447667342343,0.8583350825663416,,,,
psu_vikter_återskapar_total,TAB3249,fack (anställda),2011M05,alla,0.1482030645834186,0.33228818864211007,,,,
psu_vikter_återskapar_total,TAB3249,fack (anställda),2011M05,kvinnor,0.19305112005098202,0.5812439585601008,,,,
psu_vikter_återskapar_total,TAB3249,fack (anställda),2011M05,män,0.40817673450259934,0.9767420198474994,,,,
psu_vikter_återskapar_total,TAB3249,fack (anställda),2011M11,alla,0.263959322585275,0.6729582145644741,,,,
psu_vikter_återskapar_total,TAB3249,fack (anställda),2011M11,kvinnor,0.4080636406503111,1.0967387888205238,,,,
psu_vikter_återskapar_total,TAB3249,fack (anställda),2011M11,män,0.4284233042232131,1.0131341272802246,,,,
psu_vikter_återskapar_total,TAB3249,fack (anställda),2012M05,alla,0.2709468285245435,0.6564678473692425,,,,
psu_vikter_återskapar_total,TAB3249,fack (anställda),2012M05,kvinnor,0.2658685122105607,0.5472376351944703,,,,
psu_vikter_återskapar_total,TAB3249,fack (anställda),2012M05,män,0.5563994660268736,1.4369250585456683,,,,
psu_vikter_återskapar_total,TAB3249,fack (anställda),2012M11,alla,0.17624830352741622,0.4861246612776231,,,,
psu_vikter_återskapar_total,TAB3249,fack (anställda),2012M11,kvinnor,0.1585123487405375,0.46200666929760104,,,,
psu_vikter_återskapar_total,TAB3249,fack (anställda),2012M11,män,0.5925931072363515,1.4129351116096558,,,,
psu_vikter_återskapar_total,TAB3249,fack (anställda),2013M05,alla,0.09197300931543867,0.30483404209955545,,,,
psu_vikter_återskapar_total,TAB3249,fack (anställda),2013M05,kvinnor,0.27158477089499256,0.6023096638017691,,,,
psu_vikter_återskapar_total,TAB3249,fack (anställda),2013M05,män,0.9176821746161448,2.125667378130288,,,,
psu_vikter_återskapar_total,TAB3249,fack (anställda),2013M11,alla,0.15888931824728464,0.3172371285197446,,,,
psu_vikter_återskapar_total,TAB3249,fack (anställda),2013M11,kvinnor,0.19933952700187707,0.5584435337619595,,,,
psu_vikter_återskapar_total,TAB3249,fack (anställda),2013M11,män,0.2006666812471095,0.43466592794417735,,,,
psu_vikter_återskapar_total,TAB3249,fack (anställda),2014M05,alla,0.3338780657080929,0.8458532891433226,,,,
psu_vikter_återskapar_total,TAB3249,fack (anställda),2014M05,kvinnor,0.2315364453624209,0.565753941226177,,,,
psu_vikter_återskapar_total,TAB3249,fack (anställda),2014M05,män,0.8619166880877616,2.4606136535427154,,,,
psu_vikter_återskapar_total,TAB3249,fack (anställda),2014M11,alla,0.21161239787881714,0.6262566613380152,,,,
psu_vikter_återskapar_total,TAB3249,fack (anställda),2014M11,kvinnor,0.379686580556935,0.6519068829349735,,,,
psu_vikter_återskapar_total,TAB3249,fack (anställda),2014M11,män,0.4343387158674195,1.1514553372975893,,,,
psu_vikter_återskapar_total,TAB3249,fack (anställda),2015M05,alla,0.34855028483743755,0.8510934928102749,,,,
psu_vikter_återskapar_total,TAB3249,fack (anställda),2015M05,kvinnor,0.3244455443175097,0.8730018241681918,,,,
psu_vikter_återskapar_total,TAB3249,fack (anställda),2015M05,män,0.4228376084057888,0.7280510977674357,,,,
psu_vikter_återskapar_total,TAB3249,fack (anställda),2015M11,alla,0.42923484779867566,1.4200627220126023,,,,
psu_vikter_återskapar_total,TAB3249,fack (anställda),2015M11,kvinnor,0.7115566359720956,2.1347670618593497,,,,
psu_vikter_återskapar_total,TAB3249,fack (anställda),2015M11,män,1.0161617825432105,3.7981860465364434,,,,
psu_vikter_återskapar_total,TAB3249,fack (anställda),2016M05,alla,0.2960627805504415,0.93620061545748,,,,
psu_vikter_återskapar_total,TAB3249,fack (anställda),2016M05,kvinnor,0.5714998147321484,0.9616916002174793,,,,
psu_vikter_återskapar_total,TAB3249,fack (anställda),2016M05,män,0.5865971292650185,1.3327053544202876,,,,
psu_vikter_återskapar_total,TAB3249,fack (anställda),2016M11,alla,0.16182398934286635,0.37781723309593573,,,,
psu_vikter_återskapar_total,TAB3249,fack (anställda),2016M11,kvinnor,0.24055288589357676,0.46848859363427664,,,,
psu_vikter_återskapar_total,TAB3249,fack (anställda),2016M11,män,0.5071672369301322,1.8901267892831193,,,,
psu_vikter_återskapar_total,TAB3249,fack (anställda),2017M05,alla,0.30839137743526696,0.6559278637457293,,,,
psu_vikter_återskapar_total,TAB3249,fack (anställda),2017M05,kvinnor,0.36319872577631274,0.6553019750396007,,,,
psu_vikter_återskapar_total,TAB3249,fack (anställda),2017M05,män,0.6679064712601209,1.8849216769846961,,,,
psu_vikter_återskapar_total,TAB3249,fack (anställda),2017M11,alla,0.30499065242865087,0.852962405161712,,,,
psu_vikter_återskapar_total,TAB3249,fack (anställda),2017M11,kvinnor,0.39468334659958787,0.9881334720409036,,,,
psu_vikter_återskapar_total,TAB3249,fack (anställda),2017M11,män,0.7163713587418201,1.2439476337886681,,,,
psu_vikter_återskapar_total,TAB3249,fack (anställda),2018M05,alla,0.3035538740802832,0.9608116368897477,,,,
psu_vikter_återskapar_total,TAB3249,fack (anställda),2018M05,kvinnor,0.3653148442689464,0.7450060592202381,,,,
psu_vikter_återskapar_total,TAB3249,fack (anställda),2018M05,män,0.6942195903350467,1.8788666370302707,,,,
psu_vikter_återskapar_total,TAB3249,fack (anställda),2018M11,alla,0.344595515745566,0.9210244595030854,,,,
psu_vikter_återskapar_total,TAB3249,fack (anställda),2018M11,kvinnor,0.4112675206814921,1.0491143028036047,,,,
psu_vikter_återskapar_total,TAB3249,fack (anställda),2018M11,män,0.8529932910417838,2.5774823917169662,,,,
psu_vikter_återskapar_total,TAB3249,fack (anställda),2019M05,alla,0.3941027684290288,1.350082321078979,,,,
psu_vikter_återskapar_total,TAB3249,fack (anställda),2019M05,kvinnor,0.4752800020260267,1.0274156825007612,,,,
psu_vikter_återskapar_total,TAB3249,fack (anställda),2019M05,män,0.9733037928907682,2.2568772418299012,,,,
psu_vikter_återskapar_total,TAB3249,fack (anställda),2019M11,alla,0.3485729536135783,0.7482368756307309,,,,
psu_vikter_återskapar_total,TAB3249,fack (anställda),2019M11,kvinnor,0.47187571545897256,1.1096433689549503,,,,
psu_vikter_återskapar_total,TAB3249,fack (anställda),2019M11,män,0.4889368035719748,1.7744298580253428,,,,
psu_vikter_återskapar_total,TAB3249,fack (anställda),2020M05,alla,0.22480310457729902,0.90342309027608,,,,
psu_vikter_återskapar_total,TAB3249,fack (anställda),2020M05,kvinnor,0.2502956320781111,0.6070612789497627,,,,
psu_vikter_återskapar_total,TAB3249,fack (anställda),2020M05,män,0.4470013096261161,1.6502108422105124,,,,
psu_vikter_återskapar_total,TAB3249,fack (anställda),2020M11,alla,0.3784666252454775,1.3536324191333051,,,,
psu_vikter_återskapar_total,TAB3249,fack (anställda),2020M11,kvinnor,0.27678212825777515,0.5488604166291537,,,,
psu_vikter_återskapar_total,TAB3249,fack (anställda),2020M11,män,0.57910363064765,1.250656782993552,,,,
psu_vikter_återskapar_total,TAB3249,fack (anställda),2021M05,alla,0.3321255088197471,1.017480218825387,,,,
psu_vikter_återskapar_total,TAB3249,fack (anställda),2021M05,kvinnor,1.3174742095551542,2.7990251895414264,,,,
psu_vikter_återskapar_total,TAB3249,fack (anställda),2021M05,män,0.493391245862062,1.8479058010074567,,,,
psu_vikter_återskapar_total,TAB3249,fack (anställda),2021M11,alla,0.4667263896423141,1.476192310899032,,,,
psu_vikter_återskapar_total,TAB3249,fack (anställda),2021M11,kvinnor,1.8505583077042789,5.16999768820394,,,,
psu_vikter_återskapar_total,TAB3249,fack (anställda),2021M11,män,0.546734501163637,1.6575499452639733,,,,
psu_vikter_återskapar_total,TAB3249,fack (anställda),2022M05,alla,0.30368452037714155,0.828502620026839,,,,
psu_vikter_återskapar_total,TAB3249,fack (anställda),2022M05,kvinnor,1.1412990515966013,3.7281307663153846,,,,
psu_vikter_återskapar_total,TAB3249,fack (anställda),2022M05,män,0.3022295680145908,0.5879991020329598,,,,
psu_vikter_återskapar_total,TAB3249,fack (anställda),2022M11,alla,0.4930119565073223,1.3544498702214476,,,,
psu_vikter_återskapar_total,TAB3249,fack (anställda),2022M11,kvinnor,1.2485400579079817,3.011897259612489,,,,
psu_vikter_återskapar_total,TAB3249,fack (anställda),2022M11,män,0.6155225495695433,2.1728820728263614,,,,
psu_vikter_återskapar_total,TAB3249,fack (anställda),2023M05,alla,0.34557987922517996,0.599135087686653,,,,
psu_vikter_återskapar_total,TAB3249,fack (anställda),2023M05,kvinnor,1.0231281111899173,2.5633786937528384,,,,
psu_vikter_återskapar_total,TAB3249,fack (anställda),2023M05,män,0.23064490155458678,0.6422862679113024,,,,
psu_vikter_återskapar_total,TAB3249,fack (anställda),2024M05,alla,0.25767350751591567,0.6296597106302961,,,,
psu_vikter_återskapar_total,TAB3249,fack (anställda),2024M05,kvinnor,1.1180879941081536,3.506397346854328,,,,
psu_vikter_återskapar_total,TAB3249,fack (anställda),2024M05,män,0.7912583893812808,2.2400511553968094,,,,
psu_vikter_återskapar_total,TAB3249,fack (anställda),2025M05,alla,0.42049074155097405,1.307881627171188,,,,
psu_vikter_återskapar_total,TAB3249,fack (anställda),2025M05,kvinnor,0.48313073388698413,0.8329290081957108,,,,
psu_vikter_återskapar_total,TAB3249,fack (anställda),2025M05,män,0.5084081533205709,1.2755726933729683,,,,
psu_vikter_återskapar_total,TAB3249,fack (anställda),2026M05,alla,0.3578333663556379,1.130644141536422,,,,
psu_vikter_återskapar_total,TAB3249,fack (anställda),2026M05,kvinnor,0.8978024956504234,2.324884826495424,,,,
psu_vikter_återskapar_total,TAB3249,fack (anställda),2026M05,män,0.7961840693926172,1.7896061642435868,,,,
psu_vikter_återskapar_total,TAB3251,boende,2006M05,alla,0.08427071952065779,0.22772603730736307,,,,
psu_vikter_återskapar_total,TAB3251,boende,2006M05,kvinnor,0.06490916738432848,0.13695143484349614,,,,
psu_vikter_återskapar_total,TAB3251,boende,2006M05,män,0.06313405158202683,0.10601862305885845,,,,
psu_vikter_återskapar_total,TAB3251,boende,2006M11,alla,0.08416985796745749,0.15076772617320344,,,,
psu_vikter_återskapar_total,TAB3251,boende,2006M11,kvinnor,0.05804235213096108,0.11755361934714426,,,,
psu_vikter_återskapar_total,TAB3251,boende,2006M11,män,0.035092675575190455,0.10317509819655779,,,,
psu_vikter_återskapar_total,TAB3251,boende,2007M05,alla,0.07355177126428046,0.0922096648496229,,,,
psu_vikter_återskapar_total,TAB3251,boende,2007M05,kvinnor,0.07241698663144204,0.19388874783192023,,,,
psu_vikter_återskapar_total,TAB3251,boende,2007M05,män,0.08406835731088025,0.15306568818639477,,,,
psu_vikter_återskapar_total,TAB3251,boende,2007M11,alla,0.05690128198406847,0.15684257649686018,,,,
psu_vikter_återskapar_total,TAB3251,boende,2007M11,kvinnor,0.04131742668971139,0.11204301124440263,,,,
psu_vikter_återskapar_total,TAB3251,boende,2007M11,män,0.0906272971952542,0.23556069362936682,,,,
psu_vikter_återskapar_total,TAB3251,boende,2008M05,alla,0.04424465927817505,0.1112745990721109,,,,
psu_vikter_återskapar_total,TAB3251,boende,2008M05,kvinnor,0.0773123955515324,0.1373666757270655,,,,
psu_vikter_återskapar_total,TAB3251,boende,2008M05,män,0.05054365329584146,0.08809334236421495,,,,
psu_vikter_återskapar_total,TAB3251,boende,2008M11,alla,0.053548823417134565,0.14156710370553327,,,,
psu_vikter_återskapar_total,TAB3251,boende,2008M11,kvinnor,0.07270911521038961,0.2051241339106582,,,,
psu_vikter_återskapar_total,TAB3251,boende,2008M11,män,0.03738879934218505,0.10282793441835025,,,,
psu_vikter_återskapar_total,TAB3251,boende,2009M05,alla,0.03206054995542055,0.08771684084596387,,,,
psu_vikter_återskapar_total,TAB3251,boende,2009M05,kvinnor,0.09172717582063188,0.24345534285344428,,,,
psu_vikter_återskapar_total,TAB3251,boende,2009M05,män,0.05496832303515812,0.13975427754304093,,,,
psu_vikter_återskapar_total,TAB3251,boende,2009M11,alla,0.08501927489702878,0.15650037239110404,,,,
psu_vikter_återskapar_total,TAB3251,boende,2009M11,kvinnor,0.07557528214278467,0.20886509999851555,,,,
psu_vikter_återskapar_total,TAB3251,boende,2009M11,män,0.03180548421472938,0.04878192717240726,,,,
psu_vikter_återskapar_total,TAB3251,boende,2010M05,alla,0.09289455905902955,0.185431511926474,,,,
psu_vikter_återskapar_total,TAB3251,boende,2010M05,kvinnor,0.04982884215733246,0.09525673884832031,,,,
psu_vikter_återskapar_total,TAB3251,boende,2010M05,män,0.06852887994659193,0.15992636339726118,,,,
psu_vikter_återskapar_total,TAB3251,boende,2010M11,alla,0.30568753579982944,0.5305139560162786,,,,
psu_vikter_återskapar_total,TAB3251,boende,2010M11,kvinnor,0.25994866154347324,0.5176415250399486,,,,
psu_vikter_återskapar_total,TAB3251,boende,2010M11,män,0.19573037737330556,0.42882273713021846,,,,
psu_vikter_återskapar_total,TAB3251,boende,2011M05,alla,0.16946600336034934,0.3136429016433766,,,,
psu_vikter_återskapar_total,TAB3251,boende,2011M05,kvinnor,0.13872278117255904,0.2751316933095822,,,,
psu_vikter_återskapar_total,TAB3251,boende,2011M05,män,0.226422736330037,0.5451524355053152,,,,
psu_vikter_återskapar_total,TAB3251,boende,2011M11,alla,0.05334838432130867,0.12479572523003846,,,,
psu_vikter_återskapar_total,TAB3251,boende,2011M11,kvinnor,0.06096616317174236,0.1613954463213494,,,,
psu_vikter_återskapar_total,TAB3251,boende,2011M11,män,0.09912024655712481,0.2808597193833604,,,,
psu_vikter_återskapar_total,TAB3251,boende,2012M05,alla,0.2925180561587242,0.7731408748501138,,,,
psu_vikter_återskapar_total,TAB3251,boende,2012M05,kvinnor,0.1571579429171842,0.4319236900168413,,,,
psu_vikter_återskapar_total,TAB3251,boende,2012M05,män,0.2776188464883512,0.674271202068411,,,,
psu_vikter_återskapar_total,TAB3251,boende,2012M11,alla,0.24308720232058456,0.671845364865927,,,,
psu_vikter_återskapar_total,TAB3251,boende,2012M11,kvinnor,0.11221190262656983,0.3605654942707197,,,,
psu_vikter_återskapar_total,TAB3251,boende,2012M11,män,0.16977792810147352,0.4691253167865561,,,,
psu_vikter_återskapar_total,TAB3251,boende,2013M05,alla,0.27300938789241597,0.782093725250828,,,,
psu_vikter_återskapar_total,TAB3251,boende,2013M05,kvinnor,0.1719235103780168,0.5537380726376249,,,,
psu_vikter_återskapar_total,TAB3251,boende,2013M05,män,0.1742026806346944,0.5044271771614461,,,,
psu_vikter_återskapar_total,TAB3251,boende,2013M11,alla,0.22945114744961076,0.6231485804138792,,,,
psu_vikter_återskapar_total,TAB3251,boende,2013M11,kvinnor,0.22010277235615838,0.5597150939497837,,,,
psu_vikter_återskapar_total,TAB3251,boende,2013M11,män,0.23707236433034912,0.8088245372807563,,,,
psu_vikter_återskapar_total,TAB3251,boende,2014M05,alla,0.2159656918031433,0.6416295455098364,,,,
psu_vikter_återskapar_total,TAB3251,boende,2014M05,kvinnor,0.31442953112141503,0.8335254659017792,,,,
psu_vikter_återskapar_total,TAB3251,boende,2014M05,män,0.15531420711664923,0.42204655926344614,,,,
psu_vikter_återskapar_total,TAB3251,boende,2014M11,alla,0.3117353000769048,0.8605132049808475,,,,
psu_vikter_återskapar_total,TAB3251,boende,2014M11,kvinnor,0.22358681872433572,0.6339404082981055,,,,
psu_vikter_återskapar_total,TAB3251,boende,2014M11,män,0.16916768358400314,0.4807138723664153,,,,
psu_vikter_återskapar_total,TAB3251,boende,2015M05,alla,0.3194019029061564,0.9462571953108743,,,,
psu_vikter_återskapar_total,TAB3251,boende,2015M05,kvinnor,0.3964124313469042,1.316135952319005,,,,
psu_vikter_återskapar_total,TAB3251,boende,2015M05,män,0.19084874235966143,0.3514265611901273,,,,
psu_vikter_återskapar_total,TAB3251,boende,2015M11,alla,0.2618771514656943,0.4816321495455398,,,,
psu_vikter_återskapar_total,TAB3251,boende,2015M11,kvinnor,0.28105777018241884,0.6453968881170944,,,,
psu_vikter_återskapar_total,TAB3251,boende,2015M11,män,0.1402647108376882,0.22930570107937687,,,,
psu_vikter_återskapar_total,TAB3251,boende,2016M05,alla,0.18178541386940283,0.4466332556896013,,,,
psu_vikter_återskapar_total,TAB3251,boende,2016M05,kvinnor,0.2839563623283852,0.6232128909604917,,,,
psu_vikter_återskapar_total,TAB3251,boende,2016M05,män,0.1292911876662205,0.3885277974572041,,,,
psu_vikter_återskapar_total,TAB3251,boende,2016M11,alla,0.22730438399599223,0.47636422217218666,,,,
psu_vikter_återskapar_total,TAB3251,boende,2016M11,kvinnor,0.15834251963420043,0.5370396748535384,,,,
psu_vikter_återskapar_total,TAB3251,boende,2016M11,män,0.15296021180316483,0.327921594787977,,,,
psu_vikter_återskapar_total,TAB3251,boende,2017M05,alla,0.1553256944967089,0.47736538738142187,,,,
psu_vikter_återskapar_total,TAB3251,boende,2017M05,kvinnor,0.18070948761993955,0.4465215992722058,,,,
psu_vikter_återskapar_total,TAB3251,boende,2017M05,män,0.1612701049512839,0.36512272085246966,,,,
psu_vikter_återskapar_total,TAB3251,boende,2017M11,alla,0.18563703918885,0.6942787530206722,,,,
psu_vikter_återskapar_total,TAB3251,boende,2017M11,kvinnor,0.13470213952952947,0.6972824579001902,,,,
psu_vikter_återskapar_total,TAB3251,boende,2017M11,män,0.15891512292763543,0.5747313100894935,,,,
psu_vikter_återskapar_total,TAB3251,boende,2018M05,alla,0.2188193626378992,0.6700147357681168,,,,
psu_vikter_återskapar_total,TAB3251,boende,2018M05,kvinnor,0.14459074319428722,0.43314586356546414,,,,
psu_vikter_återskapar_total,TAB3251,boende,2018M05,män,0.25920443609562244,0.7800078549789475,,,,
psu_vikter_återskapar_total,TAB3251,boende,2018M11,alla,0.3764448126140144,0.765168147546575,,,,
psu_vikter_återskapar_total,TAB3251,boende,2018M11,kvinnor,0.22975360369399267,0.3532271835901071,,,,
psu_vikter_återskapar_total,TAB3251,boende,2018M11,män,0.3595623853757914,0.8390578232452128,,,,
psu_vikter_återskapar_total,TAB3251,boende,2019M05,alla,0.26363785726561717,0.4805210305920964,,,,
psu_vikter_återskapar_total,TAB3251,boende,2019M05,kvinnor,0.17925307267775248,0.40762325472618777,,,,
psu_vikter_återskapar_total,TAB3251,boende,2019M05,män,0.44252290733871413,0.7276583213022025,,,,
psu_vikter_återskapar_total,TAB3251,boende,2019M11,alla,0.20440211983645662,0.6005222483073371,,,,
psu_vikter_återskapar_total,TAB3251,boende,2019M11,kvinnor,0.2643525465092891,0.7913513399861856,,,,
psu_vikter_återskapar_total,TAB3251,boende,2019M11,män,0.18536562612917962,0.32332747611708523,,,,
psu_vikter_återskapar_total,TAB3251,boende,2020M05,alla,0.34650577919742825,0.8224643914380296,,,,
psu_vikter_återskapar_total,TAB3251,boende,2020M05,kvinnor,0.3371000930959761,0.9651493814691321,,,,
psu_vikter_återskapar_total,TAB3251,boende,2020M05,män,0.23346200889065155,0.637923142168173,,,,
psu_vikter_återskapar_total,TAB3251,boende,2020M11,alla,0.25756815074595363,0.5598638136351433,,,,
psu_vikter_återskapar_total,TAB3251,boende,2020M11,kvinnor,0.3252010189779996,0.8615908379728605,,,,
psu_vikter_återskapar_total,TAB3251,boende,2020M11,män,0.06357668915849185,0.15215887737662115,,,,
psu_vikter_återskapar_total,TAB3251,boende,2021M05,alla,0.3362267676516215,0.7144718074712486,,,,
psu_vikter_återskapar_total,TAB3251,boende,2021M05,kvinnor,0.3979047166367497,0.9807872484780926,,,,
psu_vikter_återskapar_total,TAB3251,boende,2021M05,män,0.14641556151700352,0.5329204292452587,,,,
psu_vikter_återskapar_total,TAB3251,boende,2021M11,alla,0.22821201318578094,0.5134129665774338,,,,
psu_vikter_återskapar_total,TAB3251,boende,2021M11,kvinnor,0.15653176335558833,0.32785906830039657,,,,
psu_vikter_återskapar_total,TAB3251,boende,2021M11,män,0.21605667373019488,0.4926698814049786,,,,
psu_vikter_återskapar_total,TAB3251,boende,2022M05,alla,0.33340014341534874,0.5680865641016553,,,,
psu_vikter_återskapar_total,TAB3251,boende,2022M05,kvinnor,0.15720223609024758,0.346315844660289,,,,
psu_vikter_återskapar_total,TAB3251,boende,2022M05,män,0.3378614742095125,0.5503888249339113,,,,
psu_vikter_återskapar_total,TAB3251,boende,2022M11,alla,0.3885986479217919,0.9980788502311428,,,,
psu_vikter_återskapar_total,TAB3251,boende,2022M11,kvinnor,0.43131707652694673,1.212986672906169,,,,
psu_vikter_återskapar_total,TAB3251,boende,2022M11,män,0.3078938762948919,0.7665404238878804,,,,
psu_vikter_återskapar_total,TAB3251,boende,2023M05,alla,0.42582222265933767,0.8814405012678321,,,,
psu_vikter_återskapar_total,TAB3251,boende,2023M05,kvinnor,0.32174689177212157,1.0499900755367442,,,,
psu_vikter_återskapar_total,TAB3251,boende,2023M05,män,0.4795732198594826,1.1856394062420286,,,,
psu_vikter_återskapar_total,TAB3251,boende,2024M05,alla,0.2865261635864482,0.7549681548228389,,,,
psu_vikter_återskapar_total,TAB3251,boende,2024M05,kvinnor,0.23769086710784137,0.5938733077155227,,,,
psu_vikter_återskapar_total,TAB3251,boende,2024M05,män,0.21048049936427132,0.592997907897324,,,,
psu_vikter_återskapar_total,TAB3251,boende,2025M05,alla,0.2127336278979517,0.4455586562633034,,,,
psu_vikter_återskapar_total,TAB3251,boende,2025M05,kvinnor,0.15223936668991517,0.29886654071718155,,,,
psu_vikter_återskapar_total,TAB3251,boende,2025M05,män,0.25692546885560263,0.5682477120076612,,,,
psu_vikter_återskapar_total,TAB3251,boende,2026M05,alla,0.2605654181311545,0.8022249057531141,,,,
psu_vikter_återskapar_total,TAB3251,boende,2026M05,kvinnor,0.23626372694425712,0.7051860105713388,,,,
psu_vikter_återskapar_total,TAB3251,boende,2026M05,män,0.25251425447235576,0.7923657610154171,,,,
psu_vikter_återskapar_total,TAB3253,utbildning,2006M05,alla,0.21775398854972985,0.6012515948127799,,,,
psu_vikter_återskapar_total,TAB3253,utbildning,2006M05,kvinnor,0.2749255224647686,0.6255184661078488,,,,
psu_vikter_återskapar_total,TAB3253,utbildning,2006M05,män,0.15461287039770102,0.48157428987592255,,,,
psu_vikter_återskapar_total,TAB3253,utbildning,2006M11,alla,0.19570962564050642,0.620666769343579,,,,
psu_vikter_återskapar_total,TAB3253,utbildning,2006M11,kvinnor,0.19890078351213777,0.625281178262874,,,,
psu_vikter_återskapar_total,TAB3253,utbildning,2006M11,män,0.1422571137164804,0.4610257154761541,,,,
psu_vikter_återskapar_total,TAB3253,utbildning,2007M05,alla,0.16815322078658937,0.473048108411227,,,,
psu_vikter_återskapar_total,TAB3253,utbildning,2007M05,kvinnor,0.21326971960168098,0.6536483267715809,,,,
psu_vikter_återskapar_total,TAB3253,utbildning,2007M05,män,0.17597382566680522,0.48292167864725855,,,,
psu_vikter_återskapar_total,TAB3253,utbildning,2007M11,alla,0.1732831886707523,0.5040306815710949,,,,
psu_vikter_återskapar_total,TAB3253,utbildning,2007M11,kvinnor,0.15318525422704812,0.3786873140180731,,,,
psu_vikter_återskapar_total,TAB3253,utbildning,2007M11,män,0.12336475023815893,0.3762822131572179,,,,
psu_vikter_återskapar_total,TAB3253,utbildning,2008M05,alla,0.14291576520084856,0.41151443937937415,,,,
psu_vikter_återskapar_total,TAB3253,utbildning,2008M05,kvinnor,0.14735430345469322,0.4281020881252644,,,,
psu_vikter_återskapar_total,TAB3253,utbildning,2008M05,män,0.1066000662261976,0.3298469169865399,,,,
psu_vikter_återskapar_total,TAB3253,utbildning,2008M11,alla,0.14234607304701447,0.4707705917738778,,,,
psu_vikter_återskapar_total,TAB3253,utbildning,2008M11,kvinnor,0.13611901871190707,0.28354441309821254,,,,
psu_vikter_återskapar_total,TAB3253,utbildning,2008M11,män,0.11103245874333968,0.3302420074740624,,,,
psu_vikter_återskapar_total,TAB3253,utbildning,2009M05,alla,0.17644847492099552,0.44187116097325685,,,,
psu_vikter_återskapar_total,TAB3253,utbildning,2009M05,kvinnor,0.19506071301290248,0.4305642666982479,,,,
psu_vikter_återskapar_total,TAB3253,utbildning,2009M05,män,0.1607002436831651,0.4494255796306206,,,,
psu_vikter_återskapar_total,TAB3253,utbildning,2009M11,alla,0.16358434217318013,0.5162966301509258,,,,
psu_vikter_återskapar_total,TAB3253,utbildning,2009M11,kvinnor,0.19845869167883798,0.4993699650194614,,,,
psu_vikter_återskapar_total,TAB3253,utbildning,2009M11,män,0.17726818463264887,0.542498433030552,,,,
psu_vikter_återskapar_total,TAB3253,utbildning,2010M05,alla,0.20961607999121698,0.6356213701130784,,,,
psu_vikter_återskapar_total,TAB3253,utbildning,2010M05,kvinnor,0.2240499518448685,0.7505185113162298,,,,
psu_vikter_återskapar_total,TAB3253,utbildning,2010M05,män,0.13476628965179108,0.37971762846529344,,,,
psu_vikter_återskapar_total,TAB3253,utbildning,2010M11,alla,0.10220000057140921,0.2806101050016814,,,,
psu_vikter_återskapar_total,TAB3253,utbildning,2010M11,kvinnor,0.2570855513569635,0.8548391054249507,,,,
psu_vikter_återskapar_total,TAB3253,utbildning,2010M11,män,0.08154267175146035,0.19421965120386275,,,,
psu_vikter_återskapar_total,TAB3253,utbildning,2011M05,alla,0.16536271933540286,0.4811900583402178,,,,
psu_vikter_återskapar_total,TAB3253,utbildning,2011M05,kvinnor,0.31223129828151713,1.0747118312826842,,,,
psu_vikter_återskapar_total,TAB3253,utbildning,2011M05,män,0.20053050354460272,0.5538718115931722,,,,
psu_vikter_återskapar_total,TAB3253,utbildning,2011M11,alla,0.23780164964486356,0.7289482012281887,,,,
psu_vikter_återskapar_total,TAB3253,utbildning,2011M11,kvinnor,0.24384218871017377,0.7932534306252883,,,,
psu_vikter_återskapar_total,TAB3253,utbildning,2011M11,män,0.18600327355367036,0.4249159939627347,,,,
psu_vikter_återskapar_total,TAB3253,utbildning,2012M05,alla,0.3182041151488889,1.010234288515008,,,,
psu_vikter_återskapar_total,TAB3253,utbildning,2012M05,kvinnor,0.435634033562854,1.5521593525663064,,,,
psu_vikter_återskapar_total,TAB3253,utbildning,2012M05,män,0.3333524525597402,0.9188079805729572,,,,
psu_vikter_återskapar_total,TAB3253,utbildning,2012M11,alla,0.2216046876300578,0.6863797811075187,,,,
psu_vikter_återskapar_total,TAB3253,utbildning,2012M11,kvinnor,0.29831973920511873,1.094184645523299,,,,
psu_vikter_återskapar_total,TAB3253,utbildning,2012M11,män,0.16942338284386405,0.40159735251481266,,,,
psu_vikter_återskapar_total,TAB3253,utbildning,2013M05,alla,0.3404435399023305,0.8563963407511324,,,,
psu_vikter_återskapar_total,TAB3253,utbildning,2013M05,kvinnor,0.34314331209655624,1.1008664140272586,,,,
psu_vikter_återskapar_total,TAB3253,utbildning,2013M05,män,0.2269226654175036,0.49421752694397014,,,,
psu_vikter_återskapar_total,TAB3253,utbildning,2013M11,alla,0.29872673104865616,0.726658556628081,,,,
psu_vikter_återskapar_total,TAB3253,utbildning,2013M11,kvinnor,0.24285927554959597,0.7309707693852943,,,,
psu_vikter_återskapar_total,TAB3253,utbildning,2013M11,män,0.2041717880937639,0.3697061291845216,,,,
psu_vikter_återskapar_total,TAB3253,utbildning,2014M05,alla,0.38233097659938264,1.0849406142416527,,,,
psu_vikter_återskapar_total,TAB3253,utbildning,2014M05,kvinnor,0.4141262130466836,1.3365121848368346,,,,
psu_vikter_återskapar_total,TAB3253,utbildning,2014M05,män,0.4818295669512281,1.3033015400233197,,,,
psu_vikter_återskapar_total,TAB3253,utbildning,2014M11,alla,0.2248931392013232,0.4845709680263468,,,,
psu_vikter_återskapar_total,TAB3253,utbildning,2014M11,kvinnor,0.3298751825883163,0.9193118882278313,,,,
psu_vikter_återskapar_total,TAB3253,utbildning,2014M11,män,0.36295111800757307,0.7712314438048384,,,,
psu_vikter_återskapar_total,TAB3253,utbildning,2015M05,alla,0.2521247823630855,0.6221335711682592,,,,
psu_vikter_återskapar_total,TAB3253,utbildning,2015M05,kvinnor,0.4154558473408876,1.196416622428984,,,,
psu_vikter_återskapar_total,TAB3253,utbildning,2015M05,män,0.29229349720935915,0.5998279615275486,,,,
psu_vikter_återskapar_total,TAB3253,utbildning,2015M11,alla,0.3343026957943355,0.8029598193415239,,,,
psu_vikter_återskapar_total,TAB3253,utbildning,2015M11,kvinnor,0.29606309256971275,0.8960694070345028,,,,
psu_vikter_återskapar_total,TAB3253,utbildning,2015M11,män,0.34115171183723786,1.0703246153228925,,,,
psu_vikter_återskapar_total,TAB3253,utbildning,2016M05,alla,0.22411976053600074,0.5147962510682333,,,,
psu_vikter_återskapar_total,TAB3253,utbildning,2016M05,kvinnor,0.24756870604780512,0.6017937619667038,,,,
psu_vikter_återskapar_total,TAB3253,utbildning,2016M05,män,0.49956269688753546,1.0868162708296971,,,,
psu_vikter_återskapar_total,TAB3253,utbildning,2016M11,alla,0.23122357292443146,0.5047703026807291,,,,
psu_vikter_återskapar_total,TAB3253,utbildning,2016M11,kvinnor,0.29959486387343637,0.7153116761475982,,,,
psu_vikter_återskapar_total,TAB3253,utbildning,2016M11,män,0.23783798572010212,0.5173358647682527,,,,
psu_vikter_återskapar_total,TAB3253,utbildning,2017M05,alla,0.23385395440541673,0.5090148208041683,,,,
psu_vikter_återskapar_total,TAB3253,utbildning,2017M05,kvinnor,0.3123157112844148,0.716913138888188,,,,
psu_vikter_återskapar_total,TAB3253,utbildning,2017M05,män,0.2907631155564619,0.8711124550337672,,,,
psu_vikter_återskapar_total,TAB3253,utbildning,2017M11,alla,0.3010966610905489,0.6799759080384504,,,,
psu_vikter_återskapar_total,TAB3253,utbildning,2017M11,kvinnor,0.2461600105560819,0.6438960126679447,,,,
psu_vikter_återskapar_total,TAB3253,utbildning,2017M11,män,0.402798109534123,1.0441457518084363,,,,
psu_vikter_återskapar_total,TAB3253,utbildning,2018M05,alla,0.3730035070954727,0.8779999989372378,,,,
psu_vikter_återskapar_total,TAB3253,utbildning,2018M05,kvinnor,0.29877802380455754,0.715514561909,,,,
psu_vikter_återskapar_total,TAB3253,utbildning,2018M05,män,0.3405916009169554,0.9804109043294318,,,,
psu_vikter_återskapar_total,TAB3253,utbildning,2018M11,alla,0.3136242484999603,0.8391462267720584,,,,
psu_vikter_återskapar_total,TAB3253,utbildning,2018M11,kvinnor,0.38971544260962254,0.951961035319151,,,,
psu_vikter_återskapar_total,TAB3253,utbildning,2018M11,män,0.4757642353434581,1.0094090750200202,,,,
psu_vikter_återskapar_total,TAB3253,utbildning,2019M05,alla,0.3274682267099187,0.6850318995017073,,,,
psu_vikter_återskapar_total,TAB3253,utbildning,2019M05,kvinnor,0.3065701336832841,0.6701600458401842,,,,
psu_vikter_återskapar_total,TAB3253,utbildning,2019M05,män,0.4530163254003745,1.1387946516177934,,,,
psu_vikter_återskapar_total,TAB3253,utbildning,2019M11,alla,0.30270048778784064,0.9580574542476832,,,,
psu_vikter_återskapar_total,TAB3253,utbildning,2019M11,kvinnor,0.2928451039656865,0.7853584038032455,,,,
psu_vikter_återskapar_total,TAB3253,utbildning,2019M11,män,0.5208804898597295,1.6376218581036497,,,,
psu_vikter_återskapar_total,TAB3253,utbildning,2020M05,alla,0.23575853931675045,0.7311454826113089,,,,
psu_vikter_återskapar_total,TAB3253,utbildning,2020M05,kvinnor,0.3674588039051401,0.8283242134074555,,,,
psu_vikter_återskapar_total,TAB3253,utbildning,2020M05,män,0.24569486713173078,0.9202453616852431,,,,
psu_vikter_återskapar_total,TAB3253,utbildning,2020M11,alla,0.21393515675619995,0.5080459805629083,,,,
psu_vikter_återskapar_total,TAB3253,utbildning,2020M11,kvinnor,0.3155658997434758,0.8349306081062373,,,,
psu_vikter_återskapar_total,TAB3253,utbildning,2020M11,män,0.2492449341858154,0.5990698607068339,,,,
psu_vikter_återskapar_total,TAB3253,utbildning,2021M05,alla,0.3613250482045504,0.9515916838562504,,,,
psu_vikter_återskapar_total,TAB3253,utbildning,2021M05,kvinnor,0.38377420014453756,0.98008478777286,,,,
psu_vikter_återskapar_total,TAB3253,utbildning,2021M05,män,0.4647151650131488,1.3041221755741503,,,,
psu_vikter_återskapar_total,TAB3253,utbildning,2021M11,alla,0.33860674490124815,0.7592657698948813,,,,
psu_vikter_återskapar_total,TAB3253,utbildning,2021M11,kvinnor,0.4009262319557588,0.9441410380586746,,,,
psu_vikter_återskapar_total,TAB3253,utbildning,2021M11,män,0.4117274773467724,1.1966975503047692,,,,
psu_vikter_återskapar_total,TAB3253,utbildning,2022M05,alla,0.2720190731329098,0.7633279413466969,,,,
psu_vikter_återskapar_total,TAB3253,utbildning,2022M05,kvinnor,0.30482844314742197,0.6513892250679696,,,,
psu_vikter_återskapar_total,TAB3253,utbildning,2022M05,män,0.3007181790872716,0.9674270067197668,,,,
psu_vikter_återskapar_total,TAB3253,utbildning,2022M11,alla,0.2921040538917421,0.8370657015611229,,,,
psu_vikter_återskapar_total,TAB3253,utbildning,2022M11,kvinnor,0.38915496560804275,1.271087471840751,,,,
psu_vikter_återskapar_total,TAB3253,utbildning,2022M11,män,0.27659578844766675,0.7390274494885389,,,,
psu_vikter_återskapar_total,TAB3253,utbildning,2023M05,alla,0.37106647752592836,0.9511604200061363,,,,
psu_vikter_återskapar_total,TAB3253,utbildning,2023M05,kvinnor,0.49362460333906333,1.052797472060984,,,,
psu_vikter_återskapar_total,TAB3253,utbildning,2023M05,män,0.3515751362996882,0.9772179550156466,,,,
psu_vikter_återskapar_total,TAB3253,utbildning,2024M05,alla,0.3982581991206097,1.0671182528861536,,,,
psu_vikter_återskapar_total,TAB3253,utbildning,2024M05,kvinnor,0.4423279264904628,0.9035345344256136,,,,
psu_vikter_återskapar_total,TAB3253,utbildning,2024M05,män,0.49880171130100015,1.6163061064237105,,,,
psu_vikter_återskapar_total,TAB3253,utbildning,2025M05,alla,0.4473052549412241,1.1374814163521698,,,,
psu_vikter_återskapar_total,TAB3253,utbildning,2025M05,kvinnor,0.49671483610496214,1.0364068576029233,,,,
psu_vikter_återskapar_total,TAB3253,utbildning,2025M05,män,0.3767845267755601,1.0109943430909532,,,,
psu_vikter_återskapar_total,TAB3253,utbildning,2026M05,alla,0.33414715821315644,1.036009892654974,,,,
psu_vikter_återskapar_total,TAB3253,utbildning,2026M05,kvinnor,0.5533158457962437,1.6294720390666022,,,,
psu_vikter_återskapar_total,TAB3253,utbildning,2026M05,män,0.14328671877882798,0.6812624169387504,,,,
psu_vikter_återskapar_total,TAB3257,född i Sverige/utrikes,2006M05,alla,0.12589424267971866,0.3997328994060183,,,,
psu_vikter_återskapar_total,TAB3257,född i Sverige/utrikes,2006M05,kvinnor,0.09649701978220422,0.27095746625231953,,,,
psu_vikter_återskapar_total,TAB3257,född i Sverige/utrikes,2006M05,män,0.15805187276269614,0.4026326121893007,,,,
psu_vikter_återskapar_total,TAB3257,född i Sverige/utrikes,2006M11,alla,0.07143432721973575,0.11748095591729069,,,,
psu_vikter_återskapar_total,TAB3257,född i Sverige/utrikes,2006M11,kvinnor,0.06621680088410883,0.16142614378545517,,,,
psu_vikter_återskapar_total,TAB3257,född i Sverige/utrikes,2006M11,män,0.058585137979865455,0.13146405460334876,,,,
psu_vikter_återskapar_total,TAB3257,född i Sverige/utrikes,2007M05,alla,0.07286690928564583,0.17417524373964,,,,
psu_vikter_återskapar_total,TAB3257,född i Sverige/utrikes,2007M05,kvinnor,0.05968470345126331,0.13398222588317044,,,,
psu_vikter_återskapar_total,TAB3257,född i Sverige/utrikes,2007M05,män,0.10145978766635062,0.2604961460123647,,,,
psu_vikter_återskapar_total,TAB3257,född i Sverige/utrikes,2007M11,alla,0.08504203403410639,0.22021016101848545,,,,
psu_vikter_återskapar_total,TAB3257,född i Sverige/utrikes,2007M11,kvinnor,0.06721959186902701,0.1311611429249595,,,,
psu_vikter_återskapar_total,TAB3257,född i Sverige/utrikes,2007M11,män,0.0680004488096811,0.2498964730269222,,,,
psu_vikter_återskapar_total,TAB3257,född i Sverige/utrikes,2008M05,alla,0.11751171059410119,0.28205322977594705,,,,
psu_vikter_återskapar_total,TAB3257,född i Sverige/utrikes,2008M05,kvinnor,0.07749804238167281,0.2851919613699181,,,,
psu_vikter_återskapar_total,TAB3257,född i Sverige/utrikes,2008M05,män,0.10770973481331085,0.29523805388493685,,,,
psu_vikter_återskapar_total,TAB3257,född i Sverige/utrikes,2008M11,alla,0.10042606119093124,0.26997154893482644,,,,
psu_vikter_återskapar_total,TAB3257,född i Sverige/utrikes,2008M11,kvinnor,0.08616179979685386,0.23329732830020333,,,,
psu_vikter_återskapar_total,TAB3257,född i Sverige/utrikes,2008M11,män,0.11883516809366965,0.41102040034259346,,,,
psu_vikter_återskapar_total,TAB3257,född i Sverige/utrikes,2009M05,alla,0.10819656368865857,0.34899647174560045,,,,
psu_vikter_återskapar_total,TAB3257,född i Sverige/utrikes,2009M05,kvinnor,0.138923307976345,0.43721363608757713,,,,
psu_vikter_återskapar_total,TAB3257,född i Sverige/utrikes,2009M05,män,0.1529040416604571,0.39191666318583174,,,,
psu_vikter_återskapar_total,TAB3257,född i Sverige/utrikes,2009M11,alla,0.09374564560298422,0.3065265463743927,,,,
psu_vikter_återskapar_total,TAB3257,född i Sverige/utrikes,2009M11,kvinnor,0.11158976074588026,0.32211683264241486,,,,
psu_vikter_återskapar_total,TAB3257,född i Sverige/utrikes,2009M11,män,0.13770087761406538,0.40248744550013527,,,,
psu_vikter_återskapar_total,TAB3257,född i Sverige/utrikes,2010M05,alla,0.07158014450432024,0.2708151140290411,,,,
psu_vikter_återskapar_total,TAB3257,född i Sverige/utrikes,2010M05,kvinnor,0.09542141206564723,0.2803182642939035,,,,
psu_vikter_återskapar_total,TAB3257,född i Sverige/utrikes,2010M05,män,0.13025831443554786,0.4731812573778882,,,,
psu_vikter_återskapar_total,TAB3257,född i Sverige/utrikes,2010M11,alla,0.26386659755997954,0.9373257301371716,,,,
psu_vikter_återskapar_total,TAB3257,född i Sverige/utrikes,2010M11,kvinnor,0.21768309159907967,0.7226134764970809,,,,
psu_vikter_återskapar_total,TAB3257,född i Sverige/utrikes,2010M11,män,0.19142336428992207,0.6171738662771311,,,,
psu_vikter_återskapar_total,TAB3257,född i Sverige/utrikes,2011M05,alla,0.22854932178440424,0.8103360690056434,,,,
psu_vikter_återskapar_total,TAB3257,född i Sverige/utrikes,2011M05,kvinnor,0.10725240103345507,0.5172654975795723,,,,
psu_vikter_återskapar_total,TAB3257,född i Sverige/utrikes,2011M05,män,0.18046047397525083,0.6166570575466821,,,,
psu_vikter_återskapar_total,TAB3257,född i Sverige/utrikes,2011M11,alla,0.2311968222069376,0.6826341692711431,,,,
psu_vikter_återskapar_total,TAB3257,född i Sverige/utrikes,2011M11,kvinnor,0.10883483153907791,0.32380141527361417,,,,
psu_vikter_återskapar_total,TAB3257,född i Sverige/utrikes,2011M11,män,0.16246618495357434,0.5525898975291774,,,,
psu_vikter_återskapar_total,TAB3257,född i Sverige/utrikes,2012M05,alla,0.17440385839817762,0.7891153378448124,,,,
psu_vikter_återskapar_total,TAB3257,född i Sverige/utrikes,2012M05,kvinnor,0.12120436159131626,0.4627629651333649,,,,
psu_vikter_återskapar_total,TAB3257,född i Sverige/utrikes,2012M05,män,0.16865721278953683,0.5139160714637185,,,,
psu_vikter_återskapar_total,TAB3257,född i Sverige/utrikes,2012M11,alla,0.22693069439448055,0.7797729084084466,,,,
psu_vikter_återskapar_total,TAB3257,född i Sverige/utrikes,2012M11,kvinnor,0.13287476212039284,0.5187824135321861,,,,
psu_vikter_återskapar_total,TAB3257,född i Sverige/utrikes,2012M11,män,0.18025129818432672,0.5567838472658622,,,,
psu_vikter_återskapar_total,TAB3257,född i Sverige/utrikes,2013M05,alla,0.25026709136026654,0.6979745501298851,,,,
psu_vikter_återskapar_total,TAB3257,född i Sverige/utrikes,2013M05,kvinnor,0.15985560174032803,0.5740006619036109,,,,
psu_vikter_återskapar_total,TAB3257,född i Sverige/utrikes,2013M05,män,0.16682472930732317,0.3615107381651086,,,,
psu_vikter_återskapar_total,TAB3257,född i Sverige/utrikes,2013M11,alla,0.20298901192367347,0.6264925227267852,,,,
psu_vikter_återskapar_total,TAB3257,född i Sverige/utrikes,2013M11,kvinnor,0.1755137883487657,0.6305944386985658,,,,
psu_vikter_återskapar_total,TAB3257,född i Sverige/utrikes,2013M11,män,0.09447860616342857,0.3189231053114199,,,,
psu_vikter_återskapar_total,TAB3257,född i Sverige/utrikes,2014M05,alla,0.17485353197187814,0.6800200870438502,,,,
psu_vikter_återskapar_total,TAB3257,född i Sverige/utrikes,2014M05,kvinnor,0.15829986390258222,0.5579686165860096,,,,
psu_vikter_återskapar_total,TAB3257,född i Sverige/utrikes,2014M05,män,0.1445254746865252,0.45776924182531786,,,,
psu_vikter_återskapar_total,TAB3257,född i Sverige/utrikes,2014M11,alla,0.39011242468071855,1.3578725993085001,,,,
psu_vikter_återskapar_total,TAB3257,född i Sverige/utrikes,2014M11,kvinnor,0.27543011060571343,1.0214317658736647,,,,
psu_vikter_återskapar_total,TAB3257,född i Sverige/utrikes,2014M11,män,0.21862674396589615,0.6943378483373941,,,,
psu_vikter_återskapar_total,TAB3257,född i Sverige/utrikes,2015M05,alla,0.22517282568824587,0.6446666227744267,,,,
psu_vikter_återskapar_total,TAB3257,född i Sverige/utrikes,2015M05,kvinnor,0.1632667328440709,0.5018815914788988,,,,
psu_vikter_återskapar_total,TAB3257,född i Sverige/utrikes,2015M05,män,0.20785368675327554,0.4936127038109426,,,,
psu_vikter_återskapar_total,TAB3257,född i Sverige/utrikes,2015M11,alla,0.23606164004328295,0.6925472509716428,,,,
psu_vikter_återskapar_total,TAB3257,född i Sverige/utrikes,2015M11,kvinnor,0.14665654285020824,0.24120231330479314,,,,
psu_vikter_återskapar_total,TAB3257,född i Sverige/utrikes,2015M11,män,0.2343744356160798,0.7296457668646461,,,,
psu_vikter_återskapar_total,TAB3257,född i Sverige/utrikes,2016M05,alla,0.2501601703325202,0.9784855218027886,,,,
psu_vikter_återskapar_total,TAB3257,född i Sverige/utrikes,2016M05,kvinnor,0.2211134109343847,0.7418532712115855,,,,
psu_vikter_återskapar_total,TAB3257,född i Sverige/utrikes,2016M05,män,0.14459462013536267,0.424386685269436,,,,
psu_vikter_återskapar_total,TAB3257,född i Sverige/utrikes,2016M11,alla,0.30833657187416974,1.147380693417908,,,,
psu_vikter_återskapar_total,TAB3257,född i Sverige/utrikes,2016M11,kvinnor,0.2312131105388519,0.9420051166059942,,,,
psu_vikter_återskapar_total,TAB3257,född i Sverige/utrikes,2016M11,män,0.20962279220490904,0.7501645329731303,,,,
psu_vikter_återskapar_total,TAB3257,född i Sverige/utrikes,2017M05,alla,0.2430441527197002,0.7419441650490057,,,,
psu_vikter_återskapar_total,TAB3257,född i Sverige/utrikes,2017M05,kvinnor,0.17581881434511948,0.5435888469476655,,,,
psu_vikter_återskapar_total,TAB3257,född i Sverige/utrikes,2017M05,män,0.17244597154263064,0.49855458562687005,,,,
psu_vikter_återskapar_total,TAB3257,född i Sverige/utrikes,2017M11,alla,0.2096192954054073,0.7403777300319732,,,,
psu_vikter_återskapar_total,TAB3257,född i Sverige/utrikes,2017M11,kvinnor,0.139245345455851,0.3795411538937685,,,,
psu_vikter_återskapar_total,TAB3257,född i Sverige/utrikes,2017M11,män,0.19064140178353617,0.7052189017540691,,,,
psu_vikter_återskapar_total,TAB3257,född i Sverige/utrikes,2018M05,alla,0.22181775902959333,0.814262034918869,,,,
psu_vikter_återskapar_total,TAB3257,född i Sverige/utrikes,2018M05,kvinnor,0.1842638961180354,0.4682867628703846,,,,
psu_vikter_återskapar_total,TAB3257,född i Sverige/utrikes,2018M05,män,0.20686457816958848,0.7253278937624899,,,,
psu_vikter_återskapar_total,TAB3257,född i Sverige/utrikes,2018M11,alla,0.41439930695602023,1.6289721014142025,,,,
psu_vikter_återskapar_total,TAB3257,född i Sverige/utrikes,2018M11,kvinnor,0.21789978519935982,0.9333521205664539,,,,
psu_vikter_återskapar_total,TAB3257,född i Sverige/utrikes,2018M11,män,0.4063703105527567,1.374065849939047,,,,
psu_vikter_återskapar_total,TAB3257,född i Sverige/utrikes,2019M05,alla,0.313496426654274,1.2690887378446547,,,,
psu_vikter_återskapar_total,TAB3257,född i Sverige/utrikes,2019M05,kvinnor,0.23108952729229093,0.7763412075895673,,,,
psu_vikter_återskapar_total,TAB3257,född i Sverige/utrikes,2019M05,män,0.31975896931899395,1.1667340219388045,,,,
psu_vikter_återskapar_total,TAB3257,född i Sverige/utrikes,2019M11,alla,0.34540134269675116,1.3189304249189249,,,,
psu_vikter_återskapar_total,TAB3257,född i Sverige/utrikes,2019M11,kvinnor,0.21795942137941893,0.6994198705264374,,,,
psu_vikter_återskapar_total,TAB3257,född i Sverige/utrikes,2019M11,män,0.4204525404200233,1.341902434194477,,,,
psu_vikter_återskapar_total,TAB3257,född i Sverige/utrikes,2020M05,alla,0.268286942477729,0.9176818566937328,,,,
psu_vikter_återskapar_total,TAB3257,född i Sverige/utrikes,2020M05,kvinnor,0.1345767002245299,0.2859343171264328,,,,
psu_vikter_återskapar_total,TAB3257,född i Sverige/utrikes,2020M05,män,0.3436666019700133,1.262972487748069,,,,
psu_vikter_återskapar_total,TAB3257,född i Sverige/utrikes,2020M11,alla,0.37562766443323353,1.3724615560278437,,,,
psu_vikter_återskapar_total,TAB3257,född i Sverige/utrikes,2020M11,kvinnor,0.1825634659951174,0.543119817551073,,,,
psu_vikter_återskapar_total,TAB3257,född i Sverige/utrikes,2020M11,män,0.384220530526334,1.3103494902956712,,,,
psu_vikter_återskapar_total,TAB3257,född i Sverige/utrikes,2021M05,alla,0.2958867802084754,1.14698194351379,,,,
psu_vikter_återskapar_total,TAB3257,född i Sverige/utrikes,2021M05,kvinnor,0.20972625850192383,0.7104335946089932,,,,
psu_vikter_återskapar_total,TAB3257,född i Sverige/utrikes,2021M05,män,0.3549080154174777,1.2873277131945713,,,,
psu_vikter_återskapar_total,TAB3257,född i Sverige/utrikes,2021M11,alla,0.38939875493033477,1.2977472416977172,,,,
psu_vikter_återskapar_total,TAB3257,född i Sverige/utrikes,2021M11,kvinnor,0.26122581391682154,0.8795643609923403,,,,
psu_vikter_återskapar_total,TAB3257,född i Sverige/utrikes,2021M11,män,0.27179123970515834,0.8351669480132387,,,,
psu_vikter_återskapar_total,TAB3257,född i Sverige/utrikes,2022M05,alla,0.36543516001336646,1.3892053431084719,,,,
psu_vikter_återskapar_total,TAB3257,född i Sverige/utrikes,2022M05,kvinnor,0.2312656391002358,0.7449263312213361,,,,
psu_vikter_återskapar_total,TAB3257,född i Sverige/utrikes,2022M05,män,0.3611792118389765,1.3492362500095894,,,,
psu_vikter_återskapar_total,TAB3257,född i Sverige/utrikes,2022M11,alla,0.38070012604239933,0.816382682650687,,,,
psu_vikter_återskapar_total,TAB3257,född i Sverige/utrikes,2022M11,kvinnor,0.2244205559485556,0.4329765609831355,,,,
psu_vikter_återskapar_total,TAB3257,född i Sverige/utrikes,2022M11,män,0.33219867041534695,0.7423300896531195,,,,
psu_vikter_återskapar_total,TAB3257,född i Sverige/utrikes,2023M05,alla,0.33686186041940785,0.9565300955571487,,,,
psu_vikter_återskapar_total,TAB3257,född i Sverige/utrikes,2023M05,kvinnor,0.20834519171940413,0.36783531071765907,,,,
psu_vikter_återskapar_total,TAB3257,född i Sverige/utrikes,2023M05,män,0.3351488018553147,1.0262338959036406,,,,
psu_vikter_återskapar_total,TAB3257,född i Sverige/utrikes,2024M05,alla,0.4116062213594069,1.0642832569584257,,,,
psu_vikter_återskapar_total,TAB3257,född i Sverige/utrikes,2024M05,kvinnor,0.12402377211160276,0.3243835190595519,,,,
psu_vikter_återskapar_total,TAB3257,född i Sverige/utrikes,2024M05,män,0.4423500136963523,1.2329413747442217,,,,
psu_vikter_återskapar_total,TAB3257,född i Sverige/utrikes,2025M05,alla,0.2967460208309666,0.8821383301811707,,,,
psu_vikter_återskapar_total,TAB3257,född i Sverige/utrikes,2025M05,kvinnor,0.19717355535877834,0.6334371144487889,,,,
psu_vikter_återskapar_total,TAB3257,född i Sverige/utrikes,2025M05,män,0.33925209442781357,0.9478398716192942,,,,
psu_vikter_återskapar_total,TAB3257,född i Sverige/utrikes,2026M05,alla,0.3415195352451285,1.0854808931156725,,,,
psu_vikter_återskapar_total,TAB3257,född i Sverige/utrikes,2026M05,kvinnor,0.20626627700651923,0.607868488359145,,,,
psu_vikter_återskapar_total,TAB3257,född i Sverige/utrikes,2026M05,män,0.3106667854616747,0.8116532512688153,,,,
psu_vikter_återskapar_total,TAB5905,yrke (SSYK),2021M05,alla,0.4309941369356048,1.1151366960650861,,,,
psu_vikter_återskapar_total,TAB5905,yrke (SSYK),2021M05,kvinnor,0.5011244675170639,1.6031667203211875,,,,
psu_vikter_återskapar_total,TAB5905,yrke (SSYK),2021M05,män,0.41875539729624955,1.1506388224886273,,,,
psu_vikter_återskapar_total,TAB5905,yrke (SSYK),2021M11,alla,0.4258394226434492,0.9577193411307903,,,,
psu_vikter_återskapar_total,TAB5905,yrke (SSYK),2021M11,kvinnor,0.5454627586610868,1.0398849584341505,,,,
psu_vikter_återskapar_total,TAB5905,yrke (SSYK),2021M11,män,0.39302890112400873,0.8913812763629991,,,,
psu_vikter_återskapar_total,TAB5905,yrke (SSYK),2022M05,alla,0.3117040843912817,0.6294697115939947,,,,
psu_vikter_återskapar_total,TAB5905,yrke (SSYK),2022M05,kvinnor,0.290631437805681,0.73451112869129,,,,
psu_vikter_återskapar_total,TAB5905,yrke (SSYK),2022M05,män,0.36969924352150013,0.5943220521536006,,,,
psu_vikter_återskapar_total,TAB5905,yrke (SSYK),2022M11,alla,0.4508189394075066,1.30199428965431,,,,
psu_vikter_återskapar_total,TAB5905,yrke (SSYK),2022M11,kvinnor,0.48911321936128194,1.5065196257768516,,,,
psu_vikter_återskapar_total,TAB5905,yrke (SSYK),2022M11,män,0.43191778738009967,1.213314892913985,,,,
psu_vikter_återskapar_total,TAB5905,yrke (SSYK),2023M05,alla,0.4390712264494125,0.9362044367158013,,,,
psu_vikter_återskapar_total,TAB5905,yrke (SSYK),2023M05,kvinnor,0.3487246366302611,1.1634454286787257,,,,
psu_vikter_återskapar_total,TAB5905,yrke (SSYK),2023M05,män,0.303689475835117,0.6810123967696704,,,,
psu_vikter_återskapar_total,TAB5905,yrke (SSYK),2024M05,alla,0.4823871149873558,1.1703684357357602,,,,
psu_vikter_återskapar_total,TAB5905,yrke (SSYK),2024M05,kvinnor,0.6547962859873402,1.1536234900282363,,,,
psu_vikter_återskapar_total,TAB5905,yrke (SSYK),2024M05,män,0.4535338641241773,1.3173755503524127,,,,
psu_vikter_återskapar_total,TAB5905,yrke (SSYK),2025M05,alla,0.4884167124783109,1.2991548567646731,,,,
psu_vikter_återskapar_total,TAB5905,yrke (SSYK),2025M05,kvinnor,0.49858568426881705,1.0285329076945562,,,,
psu_vikter_återskapar_total,TAB5905,yrke (SSYK),2025M05,män,0.6018797510461877,1.4321150681036663,,,,
psu_vikter_återskapar_total,TAB5905,yrke (SSYK),2026M05,alla,0.4169846948540936,1.3758514667021728,,,,
psu_vikter_återskapar_total,TAB5905,yrke (SSYK),2026M05,kvinnor,0.5066619246775776,1.2246249379397494,,,,
psu_vikter_återskapar_total,TAB5905,yrke (SSYK),2026M05,män,0.3347494347400479,1.0405246623319613,,,,
psu_vikter_återskapar_total,TAB5909,sysselsättning,2021M05,alla,0.5943479803913961,1.8598475109498445,,,,
psu_vikter_återskapar_total,TAB5909,sysselsättning,2021M11,alla,0.37255763123630564,0.900585238906821,,,,
psu_vikter_återskapar_total,TAB5909,sysselsättning,2022M05,alla,0.3428689570237417,1.0617095416094315,,,,
psu_vikter_återskapar_total,TAB5909,sysselsättning,2022M11,alla,0.5750155600200538,1.7541690632298241,,,,
psu_vikter_återskapar_total,TAB5909,sysselsättning,2023M05,alla,0.5549032694665118,2.0680142623985773,,,,
psu_vikter_återskapar_total,TAB5909,sysselsättning,2024M05,alla,0.5171036617807199,1.9214893817033918,,,,
psu_vikter_återskapar_total,TAB5909,sysselsättning,2025M05,alla,0.47806784513833084,1.8878605814552714,,,,
psu_vikter_återskapar_total,TAB5909,sysselsättning,2026M05,alla,0.6210697579617861,1.9840852787145664,,,,
psu_vikt_mot_register,,utbildning,2018,,,,eftergymnasial utbildning,38.49828856924579,38.49828856924579,0.0
psu_vikt_mot_register,,utbildning,2018,,,,förgymnasial utbildning,16.534356181814584,16.534356181814584,0.0
psu_vikt_mot_register,,utbildning,2018,,,,gymnasial utbildning,44.96735524893963,44.967355248939626,7.105427357601002e-15
psu_vikt_mot_register,,utbildning,2022,,,,eftergymnasial utbildning,41.446512798186156,41.446512798186156,0.0
psu_vikt_mot_register,,utbildning,2022,,,,förgymnasial utbildning,14.637424046715111,14.637424046715113,-1.7763568394002505e-15
psu_vikt_mot_register,,utbildning,2022,,,,gymnasial utbildning,43.91606315509873,43.91606315509874,-7.105427357601002e-15
psu_vikt_mot_register,,född i Sverige/utrikes,2018,,,,inrikes födda,88.58288863021026,88.58288863021026,0.0
psu_vikt_mot_register,,född i Sverige/utrikes,2018,,,,utrikes födda,11.417111369789728,11.417111369789726,1.7763568394002505e-15
psu_vikt_mot_register,,född i Sverige/utrikes,2022,,,,inrikes födda,87.54680405307904,87.54680405307906,-1.4210854715202004e-14
psu_vikt_mot_register,,född i Sverige/utrikes,2022,,,,utrikes födda,12.453195946920959,12.453195946920959,0.0
psu_vikt_mot_register,,ålder (4 klasser),2018,,,,18–29 år,17.60319917684319,17.60319917684319,0.0
psu_vikt_mot_register,,ålder (4 klasser),2018,,,,30–49 år,31.190259041837304,31.1902590418373,3.552713678800501e-15
psu_vikt_mot_register,,ålder (4 klasser),2018,,,,50–64 år,24.463537221185664,24.463537221185664,0.0
psu_vikt_mot_register,,ålder (4 klasser),2018,,,,65+ år,26.743004560133844,26.743004560133844,0.0
psu_vikt_mot_register,,ålder (4 klasser),2022,,,,18–29 år,16.05318663020535,16.05318663020535,0.0
psu_vikt_mot_register,,ålder (4 klasser),2022,,,,30–49 år,31.49951234618496,31.49951234618496,0.0
psu_vikt_mot_register,,ålder (4 klasser),2022,,,,50–64 år,24.63823046298055,24.63823046298055,0.0
psu_vikt_mot_register,,ålder (4 klasser),2022,,,,65+ år,27.80907056062914,27.80907056062914,0.0
psu_vikt_mot_register,,inkomst (kvintil),2018,,,,0–20,17.711280051564405,17.711280051564405,0.0
psu_vikt_mot_register,,inkomst (kvintil),2018,,,,21–40,18.476356393557204,18.476356393557204,0.0
psu_vikt_mot_register,,inkomst (kvintil),2018,,,,41–60,20.228217233175634,20.228217233175634,0.0
psu_vikt_mot_register,,inkomst (kvintil),2018,,,,61–80,21.407577759147006,21.407577759147006,0.0
psu_vikt_mot_register,,inkomst (kvintil),2018,,,,81–100,22.176568562555758,22.176568562555758,0.0
psu_vikt_mot_register,,inkomst (kvintil),2022,,,,0–20,17.487615051964074,17.487615051964074,0.0
psu_vikt_mot_register,,inkomst (kvintil),2022,,,,21–40,18.291342550900094,18.291342550900094,0.0
psu_vikt_mot_register,,inkomst (kvintil),2022,,,,41–60,20.061037237568055,20.061037237568055,0.0
psu_vikt_mot_register,,inkomst (kvintil),2022,,,,61–80,21.544093066987227,21.544093066987227,0.0
psu_vikt_mot_register,,inkomst (kvintil),2022,,,,81–100,22.61591209258055,22.61591209258055,0.0
