serie,produktgrupp,ar,manad,index_1980,forandring_12m
El,"elström, egnahem",1980,1,98.63,
El,"elström, egnahem",1980,2,98.63,
El,"elström, egnahem",1980,3,98.63,
El,"elström, egnahem",1980,4,98.63,
El,"elström, egnahem",1980,5,99.19,
El,"elström, egnahem",1980,6,99.19,
El,"elström, egnahem",1980,7,99.19,
El,"elström, egnahem",1980,8,99.19,
El,"elström, egnahem",1980,9,100.51,
El,"elström, egnahem",1980,10,102.74,
El,"elström, egnahem",1980,11,102.74,
El,"elström, egnahem",1980,12,102.74,
El,"elström, egnahem",1981,1,108.34,9.844874784548319
El,"elström, egnahem",1981,2,108.34,9.844874784548319
El,"elström, egnahem",1981,3,108.34,9.844874784548319
El,"elström, egnahem",1981,4,108.34,9.844874784548319
El,"elström, egnahem",1981,5,108.49,9.375945155761677
El,"elström, egnahem",1981,6,108.49,9.375945155761677
El,"elström, egnahem",1981,7,108.49,9.375945155761677
El,"elström, egnahem",1981,8,108.49,9.375945155761677
El,"elström, egnahem",1981,9,108.82,8.267834046363532
El,"elström, egnahem",1981,10,108.82,5.91785088573098
El,"elström, egnahem",1981,11,108.82,5.91785088573098
El,"elström, egnahem",1981,12,108.82,5.91785088573098
El,"elström, egnahem",1982,1,118.41,9.294812626915249
El,"elström, egnahem",1982,2,118.41,9.294812626915249
El,"elström, egnahem",1982,3,118.41,9.294812626915249
El,"elström, egnahem",1982,4,118.41,9.294812626915249
El,"elström, egnahem",1982,5,115.82,6.756383076781258
El,"elström, egnahem",1982,6,115.82,6.756383076781258
El,"elström, egnahem",1982,7,115.82,6.756383076781258
El,"elström, egnahem",1982,8,115.82,6.756383076781258
El,"elström, egnahem",1982,9,115.92,6.524535930895059
El,"elström, egnahem",1982,10,115.92,6.524535930895059
El,"elström, egnahem",1982,11,115.92,6.524535930895059
El,"elström, egnahem",1982,12,115.92,6.524535930895059
El,"elström, egnahem",1983,1,115.92,-2.102862933873828
El,"elström, egnahem",1983,2,115.92,-2.102862933873828
El,"elström, egnahem",1983,3,115.92,-2.102862933873828
El,"elström, egnahem",1983,4,115.92,-2.102862933873828
El,"elström, egnahem",1983,5,122.6,5.853911241581766
El,"elström, egnahem",1983,6,122.6,5.853911241581766
El,"elström, egnahem",1983,7,127.67,10.23139354170266
El,"elström, egnahem",1983,8,127.67,10.23139354170266
El,"elström, egnahem",1983,9,128.18,10.576259489302963
El,"elström, egnahem",1983,10,128.18,10.576259489302963
El,"elström, egnahem",1983,11,128.18,10.576259489302963
El,"elström, egnahem",1983,12,128.18,10.576259489302963
El,"elström, egnahem",1984,1,130.66,12.71566597653553
El,"elström, egnahem",1984,2,130.66,12.71566597653553
El,"elström, egnahem",1984,3,130.66,12.71566597653553
El,"elström, egnahem",1984,4,130.66,12.71566597653553
El,"elström, egnahem",1984,5,132.38,7.977161500815666
El,"elström, egnahem",1984,6,132.38,7.977161500815666
El,"elström, egnahem",1984,7,132.38,3.6891987154382244
El,"elström, egnahem",1984,8,132.38,3.6891987154382244
El,"elström, egnahem",1984,9,133.48,4.134810422842872
El,"elström, egnahem",1984,10,133.48,4.134810422842872
El,"elström, egnahem",1984,11,133.48,4.134810422842872
El,"elström, egnahem",1984,12,142.05,10.820720861288823
El,"elström, egnahem",1985,1,145.59,11.426603398132574
El,"elström, egnahem",1985,2,145.59,11.426603398132574
El,"elström, egnahem",1985,3,145.59,11.426603398132574
El,"elström, egnahem",1985,4,145.59,11.426603398132574
El,"elström, egnahem",1985,5,145.59,9.978848768696192
El,"elström, egnahem",1985,6,145.59,9.978848768696192
El,"elström, egnahem",1985,7,147.73,11.595407161202598
El,"elström, egnahem",1985,8,147.73,11.595407161202598
El,"elström, egnahem",1985,9,147.73,10.67575666766556
El,"elström, egnahem",1985,10,147.73,10.67575666766556
El,"elström, egnahem",1985,11,147.73,10.67575666766556
El,"elström, egnahem",1985,12,147.73,3.99859204505455
El,"elström, egnahem",1986,1,153.16,5.199532934954321
El,"elström, egnahem",1986,2,153.16,5.199532934954321
El,"elström, egnahem",1986,3,153.16,5.199532934954321
El,"elström, egnahem",1986,4,153.16,5.199532934954321
El,"elström, egnahem",1986,5,153.04,5.117109691599686
El,"elström, egnahem",1986,6,153.04,5.117109691599686
El,"elström, egnahem",1986,7,153.04,3.594395180396681
El,"elström, egnahem",1986,8,153.04,3.594395180396681
El,"elström, egnahem",1986,9,153.04,3.594395180396681
El,"elström, egnahem",1986,10,153.04,3.594395180396681
El,"elström, egnahem",1986,11,153.04,3.594395180396681
El,"elström, egnahem",1986,12,153.04,3.594395180396681
El,"elström, egnahem",1987,1,156.98,2.4941237921128234
El,"elström, egnahem",1987,2,156.98,2.4941237921128234
El,"elström, egnahem",1987,3,156.98,2.4941237921128234
El,"elström, egnahem",1987,4,156.98,2.4941237921128234
El,"elström, egnahem",1987,5,156.98,2.5744903293256627
El,"elström, egnahem",1987,6,156.98,2.5744903293256627
El,"elström, egnahem",1987,7,156.98,2.5744903293256627
El,"elström, egnahem",1987,8,156.98,2.5744903293256627
El,"elström, egnahem",1987,9,157.2,2.718243596445369
El,"elström, egnahem",1987,10,157.2,2.718243596445369
El,"elström, egnahem",1987,11,157.2,2.718243596445369
El,"elström, egnahem",1987,12,157.2,2.718243596445369
El,"elström, egnahem",1988,1,162.38,3.4399286533316475
El,"elström, egnahem",1988,2,162.38,3.4399286533316475
El,"elström, egnahem",1988,3,162.38,3.4399286533316475
El,"elström, egnahem",1988,4,162.38,3.4399286533316475
El,"elström, egnahem",1988,5,162.73,3.662886991973502
El,"elström, egnahem",1988,6,162.73,3.662886991973502
El,"elström, egnahem",1988,7,162.73,3.662886991973502
El,"elström, egnahem",1988,8,162.73,3.662886991973502
El,"elström, egnahem",1988,9,162.73,3.517811704834606
El,"elström, egnahem",1988,10,162.73,3.517811704834606
El,"elström, egnahem",1988,11,162.73,3.517811704834606
El,"elström, egnahem",1988,12,162.73,3.517811704834606
El,"elström, egnahem",1989,1,173.63,6.928193127232407
El,"elström, egnahem",1989,2,173.63,6.928193127232407
El,"elström, egnahem",1989,3,173.63,6.928193127232407
El,"elström, egnahem",1989,4,173.63,6.928193127232407
El,"elström, egnahem",1989,5,173.7,6.741227800651384
El,"elström, egnahem",1989,6,173.7,6.741227800651384
El,"elström, egnahem",1989,7,182.36,12.06292631967063
El,"elström, egnahem",1989,8,182.36,12.06292631967063
El,"elström, egnahem",1989,9,182.36,12.06292631967063
El,"elström, egnahem",1989,10,182.36,12.06292631967063
El,"elström, egnahem",1989,11,182.36,12.06292631967063
El,"elström, egnahem",1989,12,182.36,12.06292631967063
El,"elström, egnahem",1990,1,196.31,13.062258826239702
El,"elström, egnahem",1990,2,196.31,13.062258826239702
El,"elström, egnahem",1990,3,226.24,30.3000633531072
El,"elström, egnahem",1990,4,226.24,30.3000633531072
El,"elström, egnahem",1990,5,226.42,30.35118019573979
El,"elström, egnahem",1990,6,226.42,30.35118019573979
El,"elström, egnahem",1990,7,229.23,25.70190831322656
El,"elström, egnahem",1990,8,229.23,25.70190831322656
El,"elström, egnahem",1990,9,229.76,25.992542224171956
El,"elström, egnahem",1990,10,229.76,25.992542224171956
El,"elström, egnahem",1990,11,229.76,25.992542224171956
El,"elström, egnahem",1990,12,229.76,25.992542224171956
El,"elström, egnahem",1991,1,250.34,27.522795578421878
El,"elström, egnahem",1991,2,250.34,27.522795578421878
El,"elström, egnahem",1991,3,250.34,10.652404526166892
El,"elström, egnahem",1991,4,250.34,10.652404526166892
El,"elström, egnahem",1991,5,250.59,10.674852044872374
El,"elström, egnahem",1991,6,250.59,10.674852044872374
El,"elström, egnahem",1991,7,250.59,9.318152074335817
El,"elström, egnahem",1991,8,250.59,9.318152074335817
El,"elström, egnahem",1991,9,250.59,9.065981894150422
El,"elström, egnahem",1991,10,250.59,9.065981894150422
El,"elström, egnahem",1991,11,250.59,9.065981894150422
El,"elström, egnahem",1991,12,250.59,9.065981894150422
El,"elström, egnahem",1992,1,261.25,4.358073020691866
El,"elström, egnahem",1992,2,261.25,4.358073020691866
El,"elström, egnahem",1992,3,261.25,4.358073020691866
El,"elström, egnahem",1992,4,261.25,4.358073020691866
El,"elström, egnahem",1992,5,261.3,4.273913563988985
El,"elström, egnahem",1992,6,261.3,4.273913563988985
El,"elström, egnahem",1992,7,261.3,4.273913563988985
El,"elström, egnahem",1992,8,261.3,4.273913563988985
El,"elström, egnahem",1992,9,261.3,4.273913563988985
El,"elström, egnahem",1992,10,261.3,4.273913563988985
El,"elström, egnahem",1992,11,261.3,4.273913563988985
El,"elström, egnahem",1992,12,261.3,4.273913563988985
El,"elström, egnahem",1993,1,270.24,3.441148325358845
El,"elström, egnahem",1993,2,270.24,3.441148325358845
El,"elström, egnahem",1993,3,270.24,3.441148325358845
El,"elström, egnahem",1993,4,270.24,3.441148325358845
El,"elström, egnahem",1993,5,270.24,3.42135476463834
El,"elström, egnahem",1993,6,270.24,3.42135476463834
El,"elström, egnahem",1993,7,270.24,3.42135476463834
El,"elström, egnahem",1993,8,270.24,3.42135476463834
El,"elström, egnahem",1993,9,270.55,3.539992345962495
El,"elström, egnahem",1993,10,270.55,3.539992345962495
El,"elström, egnahem",1993,11,270.55,3.539992345962495
El,"elström, egnahem",1993,12,270.55,3.539992345962495
El,"elström, egnahem",1994,1,277.75,2.7790112492599217
El,"elström, egnahem",1994,2,277.75,2.7790112492599217
El,"elström, egnahem",1994,3,277.75,2.7790112492599217
El,"elström, egnahem",1994,4,277.75,2.7790112492599217
El,"elström, egnahem",1994,5,278.45,3.0380402605091783
El,"elström, egnahem",1994,6,278.45,3.0380402605091783
El,"elström, egnahem",1994,7,278.45,3.0380402605091783
El,"elström, egnahem",1994,8,278.45,3.0380402605091783
El,"elström, egnahem",1994,9,278.45,2.9199778229532347
El,"elström, egnahem",1994,10,278.45,2.9199778229532347
El,"elström, egnahem",1994,11,278.45,2.9199778229532347
El,"elström, egnahem",1994,12,278.45,2.9199778229532347
El,"elström, egnahem",1995,1,286.86,3.279927992799281
El,"elström, egnahem",1995,2,286.86,3.279927992799281
El,"elström, egnahem",1995,3,286.86,3.279927992799281
El,"elström, egnahem",1995,4,286.86,3.279927992799281
El,"elström, egnahem",1995,5,286.86,3.020290896031619
El,"elström, egnahem",1995,6,286.86,3.020290896031619
El,"elström, egnahem",1995,7,286.86,3.020290896031619
El,"elström, egnahem",1995,8,286.86,3.020290896031619
El,"elström, egnahem",1995,9,286.86,3.020290896031619
El,"elström, egnahem",1995,10,286.86,3.020290896031619
El,"elström, egnahem",1995,11,286.86,3.020290896031619
El,"elström, egnahem",1995,12,286.86,3.020290896031619
El,"elström, egnahem",1996,1,305.59,6.529317437077298
El,"elström, egnahem",1996,2,305.59,6.529317437077298
El,"elström, egnahem",1996,3,305.59,6.529317437077298
El,"elström, egnahem",1996,4,305.59,6.529317437077298
El,"elström, egnahem",1996,5,305.5,6.49794324757722
El,"elström, egnahem",1996,6,305.5,6.49794324757722
El,"elström, egnahem",1996,7,305.5,6.49794324757722
El,"elström, egnahem",1996,8,305.5,6.49794324757722
El,"elström, egnahem",1996,9,321.88,12.20804573659624
El,"elström, egnahem",1996,10,321.88,12.20804573659624
El,"elström, egnahem",1996,11,321.88,12.20804573659624
El,"elström, egnahem",1996,12,321.88,12.20804573659624
El,"elström, egnahem",1997,1,324.08,6.050590660689159
El,"elström, egnahem",1997,2,324.05,6.040773585523107
El,"elström, egnahem",1997,3,324.05,6.040773585523107
El,"elström, egnahem",1997,4,324.31,6.125854903629047
El,"elström, egnahem",1997,5,324.31,6.157119476268402
El,"elström, egnahem",1997,6,324.31,6.157119476268402
El,"elström, egnahem",1997,7,335.19,9.718494271685763
El,"elström, egnahem",1997,8,335.19,9.718494271685763
El,"elström, egnahem",1997,9,335.19,4.135081396793838
El,"elström, egnahem",1997,10,335.19,4.135081396793838
El,"elström, egnahem",1997,11,335.19,4.135081396793838
El,"elström, egnahem",1997,12,335.19,4.135081396793838
El,"elström, egnahem",1998,1,340.75,5.143791656381147
El,"elström, egnahem",1998,2,340.75,5.153525690479865
El,"elström, egnahem",1998,3,340.75,5.153525690479865
El,"elström, egnahem",1998,4,340.82,5.090808177361161
El,"elström, egnahem",1998,5,340.82,5.090808177361161
El,"elström, egnahem",1998,6,340.82,5.090808177361161
El,"elström, egnahem",1998,7,339.98,1.429040245830726
El,"elström, egnahem",1998,8,338.74,1.0591008084966713
El,"elström, egnahem",1998,9,338.74,1.0591008084966713
El,"elström, egnahem",1998,10,337.8,0.778662847936995
El,"elström, egnahem",1998,11,337.64,0.7309287269906539
El,"elström, egnahem",1998,12,337.27,0.620543572302279
El,"elström, egnahem",1999,1,333.36,-2.1687454145267737
El,"elström, egnahem",1999,2,333.32,-2.1804842259721235
El,"elström, egnahem",1999,3,333.83,-2.0308143800440215
El,"elström, egnahem",1999,4,321.82,-5.5747902118420285
El,"elström, egnahem",1999,5,321.82,-5.5747902118420285
El,"elström, egnahem",1999,6,320.5,-5.962091426559468
El,"elström, egnahem",1999,7,319.93,-5.897405729748817
El,"elström, egnahem",1999,8,319.93,-5.552931451850974
El,"elström, egnahem",1999,9,319.93,-5.552931451850974
El,"elström, egnahem",1999,10,317.67,-5.959147424511546
El,"elström, egnahem",1999,11,313.52,-7.143703352683328
El,"elström, egnahem",1999,12,312.37,-7.382809025409898
El,"elström, egnahem",2000,1,319.43,-4.178665706743468
El,"elström, egnahem",2000,2,319.27,-4.215168606744268
El,"elström, egnahem",2000,3,318.09,-4.714974687715312
El,"elström, egnahem",2000,4,309.6,-3.7971536883972368
El,"elström, egnahem",2000,5,308.84,-4.03331054626811
El,"elström, egnahem",2000,6,308.65,-3.697347893915759
El,"elström, egnahem",2000,7,308.84,-3.4663832713406117
El,"elström, egnahem",2000,8,309.09,-3.388241177757645
El,"elström, egnahem",2000,9,310.17,-3.0506673334791956
El,"elström, egnahem",2000,10,312.61,-1.592847923946239
El,"elström, egnahem",2000,11,320.25,2.1465935187547913
El,"elström, egnahem",2000,12,320.19,2.503441431635567
El,"elström, egnahem",2001,1,333.14,4.292020160911614
El,"elström, egnahem",2001,2,339.37,6.295611864566042
El,"elström, egnahem",2001,3,343.88,8.107768241692614
El,"elström, egnahem",2001,4,353.02,14.024547803617548
El,"elström, egnahem",2001,5,357.69,15.817251651340513
El,"elström, egnahem",2001,6,363.67,17.82601652357041
El,"elström, egnahem",2001,7,369.46,19.628286491387126
El,"elström, egnahem",2001,8,376.59,21.838299524410367
El,"elström, egnahem",2001,9,375.66,21.114227681593967
El,"elström, egnahem",2001,10,376.01,20.280861136879814
El,"elström, egnahem",2001,11,376.49,17.561280249804835
El,"elström, egnahem",2001,12,376.3,17.52397014272775
El,"elström, egnahem",2002,1,387.25,16.242420603950293
El,"elström, egnahem",2002,2,386.73,13.955270059227388
El,"elström, egnahem",2002,3,386.54,12.40549028730953
El,"elström, egnahem",2002,4,384.13,8.812531867882845
El,"elström, egnahem",2002,5,382.59,6.961335234420862
El,"elström, egnahem",2002,6,380.93,4.74606098935848
El,"elström, egnahem",2002,7,380.33,2.9421317598657515
El,"elström, egnahem",2002,8,379.84,0.863007514803904
El,"elström, egnahem",2002,9,380.26,1.2245115263802342
El,"elström, egnahem",2002,10,383.23,1.920161697827183
El,"elström, egnahem",2002,11,392.3,4.199314722834613
El,"elström, egnahem",2002,12,404.67,7.539197448844015
El,"elström, egnahem",2003,1,460.73,18.974822466107177
El,"elström, egnahem",2003,2,495.24,28.058335272670853
El,"elström, egnahem",2003,3,490.69,26.944171366482106
El,"elström, egnahem",2003,4,477.74,24.36935412490564
El,"elström, egnahem",2003,5,482.49,26.11150317572337
El,"elström, egnahem",2003,6,479.08,25.765888745963817
El,"elström, egnahem",2003,7,475.14,24.928351694581032
El,"elström, egnahem",2003,8,472.18,24.310235888795283
El,"elström, egnahem",2003,9,476.52,25.314258665123866
El,"elström, egnahem",2003,10,479.77,25.19113848080785
El,"elström, egnahem",2003,11,484.2,23.42594952842212
El,"elström, egnahem",2003,12,484.32,19.682704425828447
El,"elström, egnahem",2004,1,495.87,7.627026675059145
El,"elström, egnahem",2004,2,492.78,-0.4967288587351626
El,"elström, egnahem",2004,3,490.31,-0.0774419694715589
El,"elström, egnahem",2004,4,480.98,0.6781931594591173
El,"elström, egnahem",2004,5,479.53,-0.6134842172894839
El,"elström, egnahem",2004,6,476.43,-0.5531435250897498
El,"elström, egnahem",2004,7,476.05,0.19152249863199078
El,"elström, egnahem",2004,8,477.69,1.166927866491596
El,"elström, egnahem",2004,9,476.92,0.08394191219676106
El,"elström, egnahem",2004,10,475.51,-0.8879254642849665
El,"elström, egnahem",2004,11,474.98,-1.9041718298223764
El,"elström, egnahem",2004,12,472.42,-2.457053187974889
El,"elström, egnahem",2005,1,478.46,-3.5110008671627724
El,"elström, egnahem",2005,2,475.37,-3.5330167620439057
El,"elström, egnahem",2005,3,473.53,-3.422324651750941
El,"elström, egnahem",2005,4,462.77,-3.7860202087404926
El,"elström, egnahem",2005,5,464.77,-3.0780138885992514
El,"elström, egnahem",2005,6,464.86,-2.4284784753269117
El,"elström, egnahem",2005,7,466.11,-2.0880159647095886
El,"elström, egnahem",2005,8,468.92,-1.8359186920387627
El,"elström, egnahem",2005,9,470.53,-1.3398473538539069
El,"elström, egnahem",2005,10,473.63,-0.3953649765514933
El,"elström, egnahem",2005,11,483.28,1.747441997557786
El,"elström, egnahem",2005,12,490.46,3.8186359595275388
El,"elström, egnahem",2006,1,502.43,5.009823182711215
El,"elström, egnahem",2006,2,510.94,7.482592506889363
El,"elström, egnahem",2006,3,522.45,10.330918843579084
El,"elström, egnahem",2006,4,523.71,13.168528642738298
El,"elström, egnahem",2006,5,522.74,12.472836026421685
El,"elström, egnahem",2006,6,530.79,14.182764703351536
El,"elström, egnahem",2006,7,536.16,15.028641307845781
El,"elström, egnahem",2006,8,551.3,17.568028661605382
El,"elström, egnahem",2006,9,560.82,19.188999638705305
El,"elström, egnahem",2006,10,571.61,20.687034182800936
El,"elström, egnahem",2006,11,587.1,21.482370468465504
El,"elström, egnahem",2006,12,577.36,17.71806059617502
El,"elström, egnahem",2007,1,572.19,13.884521226837588
El,"elström, egnahem",2007,2,566.85,10.942576427760597
El,"elström, egnahem",2007,3,549.09,5.099052540913007
El,"elström, egnahem",2007,4,537.47,2.6274082984858005
El,"elström, egnahem",2007,5,524.9,0.4132073306041262
El,"elström, egnahem",2007,6,523.05,-1.4582038094161587
El,"elström, egnahem",2007,7,519.53,-3.1016860638615307
El,"elström, egnahem",2007,8,519.4,-5.786323235987667
El,"elström, egnahem",2007,9,520.99,-7.102100495702723
El,"elström, egnahem",2007,10,525.43,-8.078934938157145
El,"elström, egnahem",2007,11,545.24,-7.1299608243910795
El,"elström, egnahem",2007,12,549.57,-4.813288069835108
El,"elström, egnahem",2008,1,569.45,-0.47886191649626486
El,"elström, egnahem",2008,2,568.16,0.23110170239040162
El,"elström, egnahem",2008,3,564.15,2.7427197727148522
El,"elström, egnahem",2008,4,564.65,5.057026438684931
El,"elström, egnahem",2008,5,561.9,7.048961706991808
El,"elström, egnahem",2008,6,590.87,12.9662556160979
El,"elström, egnahem",2008,7,609.44,17.306026600966273
El,"elström, egnahem",2008,8,622.77,19.90180978051599
El,"elström, egnahem",2008,9,645.24,23.848826273057067
El,"elström, egnahem",2008,10,645.18,22.790857012351793
El,"elström, egnahem",2008,11,648.89,19.009977257721356
El,"elström, egnahem",2008,12,639.65,16.390996597339715
El,"elström, egnahem",2009,1,639.96,12.38212310123803
El,"elström, egnahem",2009,2,633.64,11.524922557026196
El,"elström, egnahem",2009,3,625.47,10.869449614464255
El,"elström, egnahem",2009,4,613.43,8.638979899052512
El,"elström, egnahem",2009,5,606.94,8.015661149670784
El,"elström, egnahem",2009,6,610.15,3.262985089782866
El,"elström, egnahem",2009,7,602.21,-1.1863349960619662
El,"elström, egnahem",2009,8,604.11,-2.996290765451126
El,"elström, egnahem",2009,9,595.22,-7.752154237183062
El,"elström, egnahem",2009,10,588.52,-8.782045320685693
El,"elström, egnahem",2009,11,588.03,-9.379093528949433
El,"elström, egnahem",2009,12,609.38,-4.732275463143909
El,"elström, egnahem",2010,1,653.54,2.122007625476585
El,"elström, egnahem",2010,2,691.62,9.150306167539934
El,"elström, egnahem",2010,3,640.79,2.4493580827217754
El,"elström, egnahem",2010,4,601.36,-1.9676246678512532
El,"elström, egnahem",2010,5,602.74,-0.6919959139289
El,"elström, egnahem",2010,6,606.83,-0.544128492993512
El,"elström, egnahem",2010,7,612.32,1.6788163597416306
El,"elström, egnahem",2010,8,607.16,0.5048749399943597
El,"elström, egnahem",2010,9,622.17,4.527737643224339
El,"elström, egnahem",2010,10,624.54,6.120437708149251
El,"elström, egnahem",2010,11,642.93,9.336258354165604
El,"elström, egnahem",2010,12,700.89,15.016902425416001
El,"elström, egnahem",2011,1,681.16,4.226214156746333
El,"elström, egnahem",2011,2,674.58,-2.4637806888175517
El,"elström, egnahem",2011,3,672.11,4.88771672466799
El,"elström, egnahem",2011,4,649.24,7.961952906744707
El,"elström, egnahem",2011,5,650.66,7.950360022563618
El,"elström, egnahem",2011,6,641.53,5.718240693439669
El,"elström, egnahem",2011,7,627.89,2.542788084661596
El,"elström, egnahem",2011,8,631.85,4.0664734172211725
El,"elström, egnahem",2011,9,616.18,-0.9627593744474972
El,"elström, egnahem",2011,10,613.15,-1.8237422743138887
El,"elström, egnahem",2011,11,646.03,0.48216757656354137
El,"elström, egnahem",2011,12,624.65,-10.877598481930118
El,"elström, egnahem",2012,1,635.68,-6.676845381408192
El,"elström, egnahem",2012,2,647.98,-3.943194283850693
El,"elström, egnahem",2012,3,613.79,-8.677151061582189
El,"elström, egnahem",2012,4,606.86,-6.527632308545373
El,"elström, egnahem",2012,5,601.1,-7.616881320505319
El,"elström, egnahem",2012,6,595.12,-7.234268077876327
El,"elström, egnahem",2012,7,570.06,-9.210211979805383
El,"elström, egnahem",2012,8,584.04,-7.566669304423524
El,"elström, egnahem",2012,9,586.98,-4.738875004057242
El,"elström, egnahem",2012,10,593.05,-3.278153795971628
El,"elström, egnahem",2012,11,598.64,-7.33557265142486
El,"elström, egnahem",2012,12,615.07,-1.5336588489553993
El,"elström, egnahem",2013,1,614.18,-3.3822048829599827
El,"elström, egnahem",2013,2,608.39,-6.1097564739652555
El,"elström, egnahem",2013,3,613.43,-0.05865198194822119
El,"elström, egnahem",2013,4,605.45,-0.23234353887222614
El,"elström, egnahem",2013,5,593.84,-1.2077857261686864
El,"elström, egnahem",2013,6,584.25,-1.8265223820405962
El,"elström, egnahem",2013,7,587.43,3.047047679191661
El,"elström, egnahem",2013,8,596.92,2.2053284021642305
El,"elström, egnahem",2013,9,605.97,3.235203925176333
El,"elström, egnahem",2013,10,599.64,1.1112047888036436
El,"elström, egnahem",2013,11,602.11,0.579647200320732
El,"elström, egnahem",2013,12,593.48,-3.5101695741948102
El,"elström, egnahem",2014,1,590.59,-3.840893549122393
El,"elström, egnahem",2014,2,583.65,-4.066470520554255
El,"elström, egnahem",2014,3,577.91,-5.790391731737932
El,"elström, egnahem",2014,4,568.14,-6.162358576265592
El,"elström, egnahem",2014,5,582.12,-1.9735955813013684
El,"elström, egnahem",2014,6,575.4,-1.5147625160462197
El,"elström, egnahem",2014,7,570.79,-2.8326779360945076
El,"elström, egnahem",2014,8,579.1,-2.98532466662198
El,"elström, egnahem",2014,9,581.89,-3.9737940822152984
El,"elström, egnahem",2014,10,569.66,-4.999666466546593
El,"elström, egnahem",2014,11,575.87,-4.358007673016562
El,"elström, egnahem",2014,12,579.6,-2.338747725281387
El,"elström, egnahem",2015,1,580.11,-1.7744966897509262
El,"elström, egnahem",2015,2,574.61,-1.5488734686884165
El,"elström, egnahem",2015,3,567.63,-1.7788236922704148
El,"elström, egnahem",2015,4,558.02,-1.7812511000809716
El,"elström, egnahem",2015,5,552.37,-5.11063011063011
El,"elström, egnahem",2015,6,538.24,-6.458116093152588
El,"elström, egnahem",2015,7,521.41,-8.651167679882265
El,"elström, egnahem",2015,8,536.76,-7.311345190813334
El,"elström, egnahem",2015,9,545.64,-6.22969977143446
El,"elström, egnahem",2015,10,549.87,-3.4740020363023483
El,"elström, egnahem",2015,11,561.46,-2.502300866515006
El,"elström, egnahem",2015,12,544.62,-6.035196687370603
El,"elström, egnahem",2016,1,579.03,-0.18617158814707713
El,"elström, egnahem",2016,2,554.46,-3.506726301317409
El,"elström, egnahem",2016,3,556.01,-2.047108151436672
El,"elström, egnahem",2016,4,545.72,-2.2042220708935134
El,"elström, egnahem",2016,5,548.48,-0.7042381012726917
El,"elström, egnahem",2016,6,575.51,6.924420332936987
El,"elström, egnahem",2016,7,568.75,9.079227479334895
El,"elström, egnahem",2016,8,571.69,6.507563901930102
El,"elström, egnahem",2016,9,569.51,4.374679275712934
El,"elström, egnahem",2016,10,587.95,6.925273246403707
El,"elström, egnahem",2016,11,611.97,8.996188508531322
El,"elström, egnahem",2016,12,592.45,8.782270206749665
El,"elström, egnahem",2017,1,599.76,3.5801253821045487
El,"elström, egnahem",2017,2,601.29,8.446055621685943
El,"elström, egnahem",2017,3,594.72,6.962104998111562
El,"elström, egnahem",2017,4,580.55,6.382393901634531
El,"elström, egnahem",2017,5,583.21,6.332044924154023
El,"elström, egnahem",2017,6,577.23,0.2988653542075781
El,"elström, egnahem",2017,7,604.29,6.2487912087912045
El,"elström, egnahem",2017,8,610.94,6.865608983889859
El,"elström, egnahem",2017,9,618.32,8.570525539498885
El,"elström, egnahem",2017,10,604.8,2.865889956628953
El,"elström, egnahem",2017,11,622.2,1.6716505711064311
El,"elström, egnahem",2017,12,617.2,4.177567727234366
El,"elström, egnahem",2018,1,629.14,4.898626117113514
El,"elström, egnahem",2018,2,650.54,8.190723278285027
El,"elström, egnahem",2018,3,667.99,12.320083400591875
El,"elström, egnahem",2018,4,642.33,10.64163293428646
El,"elström, egnahem",2018,5,630.87,8.172013511428133
El,"elström, egnahem",2018,6,667.66,15.666198915510265
El,"elström, egnahem",2018,7,697.36,15.401545615515744
El,"elström, egnahem",2018,8,709.39,16.114512063377727
El,"elström, egnahem",2018,9,701.79,13.499482468624645
El,"elström, egnahem",2018,10,697.18,15.274470899470893
El,"elström, egnahem",2018,11,721.29,15.925747348119558
El,"elström, egnahem",2018,12,723.44,17.213220998055732
El,"elström, egnahem",2019,1,746.33,18.627014654925777
El,"elström, egnahem",2019,2,729.38,12.119162541888272
El,"elström, egnahem",2019,3,713.04,6.744112935822377
El,"elström, egnahem",2019,4,698.13,8.6871234412218
El,"elström, egnahem",2019,5,684.3,8.46925674069141
El,"elström, egnahem",2019,6,650.47,-2.574663751010986
El,"elström, egnahem",2019,7,686.24,-1.5945852931054216
El,"elström, egnahem",2019,8,692.13,-2.4330763049944304
El,"elström, egnahem",2019,9,685.27,-2.3539805354878207
El,"elström, egnahem",2019,10,695.53,-0.2366677185231869
El,"elström, egnahem",2019,11,720.27,-0.14141330116873574
El,"elström, egnahem",2019,12,702.33,-2.918002875152048
El,"elström, egnahem",2020,1,658.52,-11.765572869910102
El,"elström, egnahem",2020,2,626.47,-14.109243467054212
El,"elström, egnahem",2020,3,608.26,-14.694827779647701
El,"elström, egnahem",2020,4,571.1,-18.195751507598867
El,"elström, egnahem",2020,5,581.1,-15.08110477860587
El,"elström, egnahem",2020,6,613.71,-5.6512982920042365
El,"elström, egnahem",2020,7,570.5,-16.865819538353932
El,"elström, egnahem",2020,8,641.82,-7.268865675523372
El,"elström, egnahem",2020,9,646.79,-5.615304916310359
El,"elström, egnahem",2020,10,612.02,-12.006671171624516
El,"elström, egnahem",2020,11,624.88,-13.243644744331984
El,"elström, egnahem",2020,12,651.84,-7.188928281577034
El,"elström, egnahem",2021,1,695.04,5.545769300856462
El,"elström, egnahem",2021,2,705.82,12.666209076252667
El,"elström, egnahem",2021,3,672.72,10.597441883405123
El,"elström, egnahem",2021,4,650.23,13.855717037296444
El,"elström, egnahem",2021,5,672.0,15.642746515229721
El,"elström, egnahem",2021,6,685.14,11.639047758713383
El,"elström, egnahem",2021,7,721.5,26.468010517090267
El,"elström, egnahem",2021,8,751.58,17.10136798479325
El,"elström, egnahem",2021,9,807.46,24.84113854574128
El,"elström, egnahem",2021,10,747.52,22.13979935296233
El,"elström, egnahem",2021,11,816.73,30.701894763794655
El,"elström, egnahem",2021,12,993.64,52.436180657830135
El,"elström, egnahem",2022,1,868.61,24.972663443830577
El,"elström, egnahem",2022,2,813.21,15.214927318579807
El,"elström, egnahem",2022,3,916.21,36.19485075514331
El,"elström, egnahem",2022,4,879.89,35.319809913415256
El,"elström, egnahem",2022,5,916.86,36.437500000000014
El,"elström, egnahem",2022,6,980.01,43.03791925737806
El,"elström, egnahem",2022,7,893.89,23.893277893277887
El,"elström, egnahem",2022,8,1164.91,54.99481093163736
El,"elström, egnahem",2022,9,1278.62,58.350878062071175
El,"elström, egnahem",2022,10,966.64,29.312928082191792
El,"elström, egnahem",2022,11,1137.97,39.33245993167878
El,"elström, egnahem",2022,12,1477.84,48.7299223058653
El,"elström, egnahem",2023,1,1054.55,21.40661516676068
El,"elström, egnahem",2023,2,954.51,17.375585642085056
El,"elström, egnahem",2023,3,931.8,1.7015749664378133
El,"elström, egnahem",2023,4,894.37,1.6456602529861808
El,"elström, egnahem",2023,5,787.33,-14.12756582248107
El,"elström, egnahem",2023,6,861.63,-12.07946857685126
El,"elström, egnahem",2023,7,721.33,-19.304388683171304
El,"elström, egnahem",2023,8,713.96,-38.711145067000885
El,"elström, egnahem",2023,9,670.77,-47.53953481096808
El,"elström, egnahem",2023,10,677.74,-29.887031366382523
El,"elström, egnahem",2023,11,866.14,-23.88727295095653
El,"elström, egnahem",2023,12,879.82,-40.465814973204125
El,"elström, egnahem",2024,1,933.84,-11.44658859229054
El,"elström, egnahem",2024,2,827.74,-13.281159966894007
El,"elström, egnahem",2024,3,843.49,-9.47735565572011
El,"elström, egnahem",2024,4,812.85,-9.11479588984424
El,"elström, egnahem",2024,5,695.85,-11.619016168569729
El,"elström, egnahem",2024,6,718.73,-16.584845003075564
El,"elström, egnahem",2024,7,677.32,-6.101229672965214
El,"elström, egnahem",2024,8,630.68,-11.664519020673437
El,"elström, egnahem",2024,9,645.43,-3.7777479612982168
El,"elström, egnahem",2024,10,671.28,-0.9531678814884814
El,"elström, egnahem",2024,11,836.49,-3.4232341191955062
El,"elström, egnahem",2024,12,812.01,-7.707258302834674
El,"elström, egnahem",2025,1,880.93,-5.66585282275337
El,"elström, egnahem",2025,2,901.97,8.967791818687033
El,"elström, egnahem",2025,3,810.79,-3.8767501689409567
El,"elström, egnahem",2025,4,764.35,-5.966660515470257
El,"elström, egnahem",2025,5,768.54,10.44621685708127
El,"elström, egnahem",2025,6,714.79,-0.5481891670029104
El,"elström, egnahem",2025,7,736.93,8.800862221697269
El,"elström, egnahem",2025,8,801.64,27.107249318196235
El,"elström, egnahem",2025,9,801.11,24.120353872612064
El,"elström, egnahem",2025,10,827.17,23.222798236205456
El,"elström, egnahem",2025,11,900.32,7.630694927614212
El,"elström, egnahem",2025,12,872.73,7.477740421915979
"El, lägenhet","elström, hyres- och bostadsrättslägenhet",1980,1,98.63,
"El, lägenhet","elström, hyres- och bostadsrättslägenhet",1980,2,98.63,
"El, lägenhet","elström, hyres- och bostadsrättslägenhet",1980,3,98.63,
"El, lägenhet","elström, hyres- och bostadsrättslägenhet",1980,4,98.63,
"El, lägenhet","elström, hyres- och bostadsrättslägenhet",1980,5,99.19,
"El, lägenhet","elström, hyres- och bostadsrättslägenhet",1980,6,99.19,
"El, lägenhet","elström, hyres- och bostadsrättslägenhet",1980,7,99.19,
"El, lägenhet","elström, hyres- och bostadsrättslägenhet",1980,8,99.19,
"El, lägenhet","elström, hyres- och bostadsrättslägenhet",1980,9,100.51,
"El, lägenhet","elström, hyres- och bostadsrättslägenhet",1980,10,102.74,
"El, lägenhet","elström, hyres- och bostadsrättslägenhet",1980,11,102.74,
"El, lägenhet","elström, hyres- och bostadsrättslägenhet",1980,12,102.74,
"El, lägenhet","elström, hyres- och bostadsrättslägenhet",1981,1,107.41,8.901956808273347
"El, lägenhet","elström, hyres- och bostadsrättslägenhet",1981,2,107.41,8.901956808273347
"El, lägenhet","elström, hyres- och bostadsrättslägenhet",1981,3,107.41,8.901956808273347
"El, lägenhet","elström, hyres- och bostadsrättslägenhet",1981,4,107.41,8.901956808273347
"El, lägenhet","elström, hyres- och bostadsrättslägenhet",1981,5,107.71,8.58957556205262
"El, lägenhet","elström, hyres- och bostadsrättslägenhet",1981,6,107.71,8.58957556205262
"El, lägenhet","elström, hyres- och bostadsrättslägenhet",1981,7,107.71,8.58957556205262
"El, lägenhet","elström, hyres- och bostadsrättslägenhet",1981,8,107.71,8.58957556205262
"El, lägenhet","elström, hyres- och bostadsrättslägenhet",1981,9,108.15,7.601233708088739
"El, lägenhet","elström, hyres- och bostadsrättslägenhet",1981,10,108.15,5.265719291415238
"El, lägenhet","elström, hyres- och bostadsrättslägenhet",1981,11,108.15,5.265719291415238
"El, lägenhet","elström, hyres- och bostadsrättslägenhet",1981,12,108.15,5.265719291415238
"El, lägenhet","elström, hyres- och bostadsrättslägenhet",1982,1,115.26,7.308444278931203
"El, lägenhet","elström, hyres- och bostadsrättslägenhet",1982,2,115.26,7.308444278931203
"El, lägenhet","elström, hyres- och bostadsrättslägenhet",1982,3,115.26,7.308444278931203
"El, lägenhet","elström, hyres- och bostadsrättslägenhet",1982,4,115.26,7.308444278931203
"El, lägenhet","elström, hyres- och bostadsrättslägenhet",1982,5,115.85,7.557329867236096
"El, lägenhet","elström, hyres- och bostadsrättslägenhet",1982,6,115.85,7.557329867236096
"El, lägenhet","elström, hyres- och bostadsrättslägenhet",1982,7,115.85,7.557329867236096
"El, lägenhet","elström, hyres- och bostadsrättslägenhet",1982,8,115.85,7.557329867236096
"El, lägenhet","elström, hyres- och bostadsrättslägenhet",1982,9,115.85,7.119741100323607
"El, lägenhet","elström, hyres- och bostadsrättslägenhet",1982,10,115.85,7.119741100323607
"El, lägenhet","elström, hyres- och bostadsrättslägenhet",1982,11,115.85,7.119741100323607
"El, lägenhet","elström, hyres- och bostadsrättslägenhet",1982,12,115.85,7.119741100323607
"El, lägenhet","elström, hyres- och bostadsrättslägenhet",1983,1,115.85,0.5118861703973465
"El, lägenhet","elström, hyres- och bostadsrättslägenhet",1983,2,115.85,0.5118861703973465
"El, lägenhet","elström, hyres- och bostadsrättslägenhet",1983,3,115.85,0.5118861703973465
"El, lägenhet","elström, hyres- och bostadsrättslägenhet",1983,4,115.85,0.5118861703973465
"El, lägenhet","elström, hyres- och bostadsrättslägenhet",1983,5,120.82,4.290030211480356
"El, lägenhet","elström, hyres- och bostadsrättslägenhet",1983,6,120.82,4.290030211480356
"El, lägenhet","elström, hyres- och bostadsrättslägenhet",1983,7,124.72,7.6564523090202785
"El, lägenhet","elström, hyres- och bostadsrättslägenhet",1983,8,124.72,7.6564523090202785
"El, lägenhet","elström, hyres- och bostadsrättslägenhet",1983,9,125.19,8.06214933103151
"El, lägenhet","elström, hyres- och bostadsrättslägenhet",1983,10,125.19,8.06214933103151
"El, lägenhet","elström, hyres- och bostadsrättslägenhet",1983,11,125.19,8.06214933103151
"El, lägenhet","elström, hyres- och bostadsrättslägenhet",1983,12,125.19,8.06214933103151
"El, lägenhet","elström, hyres- och bostadsrättslägenhet",1984,1,127.58,10.125161847216235
"El, lägenhet","elström, hyres- och bostadsrättslägenhet",1984,2,127.58,10.125161847216235
"El, lägenhet","elström, hyres- och bostadsrättslägenhet",1984,3,127.58,10.125161847216235
"El, lägenhet","elström, hyres- och bostadsrättslägenhet",1984,4,127.58,10.125161847216235
"El, lägenhet","elström, hyres- och bostadsrättslägenhet",1984,5,128.61,6.447608011918571
"El, lägenhet","elström, hyres- och bostadsrättslägenhet",1984,6,128.61,6.447608011918571
"El, lägenhet","elström, hyres- och bostadsrättslägenhet",1984,7,128.61,3.1189865298268282
"El, lägenhet","elström, hyres- och bostadsrättslägenhet",1984,8,128.61,3.1189865298268282
"El, lägenhet","elström, hyres- och bostadsrättslägenhet",1984,9,129.35,3.3229491173416337
"El, lägenhet","elström, hyres- och bostadsrättslägenhet",1984,10,129.35,3.3229491173416337
"El, lägenhet","elström, hyres- och bostadsrättslägenhet",1984,11,129.35,3.3229491173416337
"El, lägenhet","elström, hyres- och bostadsrättslägenhet",1984,12,135.84,8.507069254732812
"El, lägenhet","elström, hyres- och bostadsrättslägenhet",1985,1,139.13,9.05314312588179
"El, lägenhet","elström, hyres- och bostadsrättslägenhet",1985,2,139.13,9.05314312588179
"El, lägenhet","elström, hyres- och bostadsrättslägenhet",1985,3,139.13,9.05314312588179
"El, lägenhet","elström, hyres- och bostadsrättslägenhet",1985,4,139.13,9.05314312588179
"El, lägenhet","elström, hyres- och bostadsrättslägenhet",1985,5,139.13,8.179768291734678
"El, lägenhet","elström, hyres- och bostadsrättslägenhet",1985,6,139.13,8.179768291734678
"El, lägenhet","elström, hyres- och bostadsrättslägenhet",1985,7,141.07,9.68820464971618
"El, lägenhet","elström, hyres- och bostadsrättslägenhet",1985,8,141.07,9.68820464971618
"El, lägenhet","elström, hyres- och bostadsrättslägenhet",1985,9,141.07,9.060688055662936
"El, lägenhet","elström, hyres- och bostadsrättslägenhet",1985,10,141.07,9.060688055662936
"El, lägenhet","elström, hyres- och bostadsrättslägenhet",1985,11,141.07,9.060688055662936
"El, lägenhet","elström, hyres- och bostadsrättslägenhet",1985,12,141.07,3.850117785630136
"El, lägenhet","elström, hyres- och bostadsrättslägenhet",1986,1,146.43,5.2468913965356245
"El, lägenhet","elström, hyres- och bostadsrättslägenhet",1986,2,146.43,5.2468913965356245
"El, lägenhet","elström, hyres- och bostadsrättslägenhet",1986,3,146.43,5.2468913965356245
"El, lägenhet","elström, hyres- och bostadsrättslägenhet",1986,4,146.43,5.2468913965356245
"El, lägenhet","elström, hyres- och bostadsrättslägenhet",1986,5,146.73,5.4625170703658465
"El, lägenhet","elström, hyres- och bostadsrättslägenhet",1986,6,146.73,5.4625170703658465
"El, lägenhet","elström, hyres- och bostadsrättslägenhet",1986,7,146.73,4.012192528531933
"El, lägenhet","elström, hyres- och bostadsrättslägenhet",1986,8,146.73,4.012192528531933
"El, lägenhet","elström, hyres- och bostadsrättslägenhet",1986,9,146.73,4.012192528531933
"El, lägenhet","elström, hyres- och bostadsrättslägenhet",1986,10,146.73,4.012192528531933
"El, lägenhet","elström, hyres- och bostadsrättslägenhet",1986,11,146.73,4.012192528531933
"El, lägenhet","elström, hyres- och bostadsrättslägenhet",1986,12,146.73,4.012192528531933
"El, lägenhet","elström, hyres- och bostadsrättslägenhet",1987,1,149.49,2.089735709895524
"El, lägenhet","elström, hyres- och bostadsrättslägenhet",1987,2,149.49,2.089735709895524
"El, lägenhet","elström, hyres- och bostadsrättslägenhet",1987,3,149.49,2.089735709895524
"El, lägenhet","elström, hyres- och bostadsrättslägenhet",1987,4,149.49,2.089735709895524
"El, lägenhet","elström, hyres- och bostadsrättslägenhet",1987,5,149.49,1.8810059292578396
"El, lägenhet","elström, hyres- och bostadsrättslägenhet",1987,6,149.49,1.8810059292578396
"El, lägenhet","elström, hyres- och bostadsrättslägenhet",1987,7,149.49,1.8810059292578396
"El, lägenhet","elström, hyres- och bostadsrättslägenhet",1987,8,149.49,1.8810059292578396
"El, lägenhet","elström, hyres- och bostadsrättslägenhet",1987,9,149.65,1.9900497512437942
"El, lägenhet","elström, hyres- och bostadsrättslägenhet",1987,10,149.65,1.9900497512437942
"El, lägenhet","elström, hyres- och bostadsrättslägenhet",1987,11,149.65,1.9900497512437942
"El, lägenhet","elström, hyres- och bostadsrättslägenhet",1987,12,149.65,1.9900497512437942
"El, lägenhet","elström, hyres- och bostadsrättslägenhet",1988,1,153.64,2.776105425112041
"El, lägenhet","elström, hyres- och bostadsrättslägenhet",1988,2,153.64,2.776105425112041
"El, lägenhet","elström, hyres- och bostadsrättslägenhet",1988,3,153.64,2.776105425112041
"El, lägenhet","elström, hyres- och bostadsrättslägenhet",1988,4,153.64,2.776105425112041
"El, lägenhet","elström, hyres- och bostadsrättslägenhet",1988,5,153.99,3.0102347983142597
"El, lägenhet","elström, hyres- och bostadsrättslägenhet",1988,6,153.99,3.0102347983142597
"El, lägenhet","elström, hyres- och bostadsrättslägenhet",1988,7,153.99,3.0102347983142597
"El, lägenhet","elström, hyres- och bostadsrättslägenhet",1988,8,153.99,3.0102347983142597
"El, lägenhet","elström, hyres- och bostadsrättslägenhet",1988,9,153.99,2.900100233879055
"El, lägenhet","elström, hyres- och bostadsrättslägenhet",1988,10,153.99,2.900100233879055
"El, lägenhet","elström, hyres- och bostadsrättslägenhet",1988,11,153.99,2.900100233879055
"El, lägenhet","elström, hyres- och bostadsrättslägenhet",1988,12,153.99,2.900100233879055
"El, lägenhet","elström, hyres- och bostadsrättslägenhet",1989,1,164.34,6.964332205154911
"El, lägenhet","elström, hyres- och bostadsrättslägenhet",1989,2,164.34,6.964332205154911
"El, lägenhet","elström, hyres- och bostadsrättslägenhet",1989,3,164.34,6.964332205154911
"El, lägenhet","elström, hyres- och bostadsrättslägenhet",1989,4,164.34,6.964332205154911
"El, lägenhet","elström, hyres- och bostadsrättslägenhet",1989,5,164.58,6.877069939606462
"El, lägenhet","elström, hyres- och bostadsrättslägenhet",1989,6,164.58,6.877069939606462
"El, lägenhet","elström, hyres- och bostadsrättslägenhet",1989,7,171.3,11.24098967465419
"El, lägenhet","elström, hyres- och bostadsrättslägenhet",1989,8,171.3,11.24098967465419
"El, lägenhet","elström, hyres- och bostadsrättslägenhet",1989,9,171.3,11.24098967465419
"El, lägenhet","elström, hyres- och bostadsrättslägenhet",1989,10,171.3,11.24098967465419
"El, lägenhet","elström, hyres- och bostadsrättslägenhet",1989,11,171.3,11.24098967465419
"El, lägenhet","elström, hyres- och bostadsrättslägenhet",1989,12,171.3,11.24098967465419
"El, lägenhet","elström, hyres- och bostadsrättslägenhet",1990,1,185.0,12.57149811366678
"El, lägenhet","elström, hyres- och bostadsrättslägenhet",1990,2,185.0,12.57149811366678
"El, lägenhet","elström, hyres- och bostadsrättslägenhet",1990,3,217.5,32.347572106608254
"El, lägenhet","elström, hyres- och bostadsrättslägenhet",1990,4,217.5,32.347572106608254
"El, lägenhet","elström, hyres- och bostadsrättslägenhet",1990,5,217.94,32.42192246931583
"El, lägenhet","elström, hyres- och bostadsrättslägenhet",1990,6,217.94,32.42192246931583
"El, lägenhet","elström, hyres- och bostadsrättslägenhet",1990,7,220.65,28.809106830122587
"El, lägenhet","elström, hyres- och bostadsrättslägenhet",1990,8,220.65,28.809106830122587
"El, lägenhet","elström, hyres- och bostadsrättslägenhet",1990,9,220.82,28.908347927612365
"El, lägenhet","elström, hyres- och bostadsrättslägenhet",1990,10,220.82,28.908347927612365
"El, lägenhet","elström, hyres- och bostadsrättslägenhet",1990,11,220.82,28.908347927612365
"El, lägenhet","elström, hyres- och bostadsrättslägenhet",1990,12,220.82,28.908347927612365
"El, lägenhet","elström, hyres- och bostadsrättslägenhet",1991,1,245.08,32.47567567567569
"El, lägenhet","elström, hyres- och bostadsrättslägenhet",1991,2,245.08,32.47567567567569
"El, lägenhet","elström, hyres- och bostadsrättslägenhet",1991,3,245.08,12.680459770114938
"El, lägenhet","elström, hyres- och bostadsrättslägenhet",1991,4,245.08,12.680459770114938
"El, lägenhet","elström, hyres- och bostadsrättslägenhet",1991,5,246.11,12.925575846563287
"El, lägenhet","elström, hyres- och bostadsrättslägenhet",1991,6,246.11,12.925575846563287
"El, lägenhet","elström, hyres- och bostadsrättslägenhet",1991,7,246.11,11.538635848629063
"El, lägenhet","elström, hyres- och bostadsrättslägenhet",1991,8,246.11,11.538635848629063
"El, lägenhet","elström, hyres- och bostadsrättslägenhet",1991,9,246.11,11.452766959514538
"El, lägenhet","elström, hyres- och bostadsrättslägenhet",1991,10,246.11,11.452766959514538
"El, lägenhet","elström, hyres- och bostadsrättslägenhet",1991,11,246.11,11.452766959514538
"El, lägenhet","elström, hyres- och bostadsrättslägenhet",1991,12,246.11,11.452766959514538
"El, lägenhet","elström, hyres- och bostadsrättslägenhet",1992,1,255.8,4.374081932430229
"El, lägenhet","elström, hyres- och bostadsrättslägenhet",1992,2,255.8,4.374081932430229
"El, lägenhet","elström, hyres- och bostadsrättslägenhet",1992,3,255.8,4.374081932430229
"El, lägenhet","elström, hyres- och bostadsrättslägenhet",1992,4,255.8,4.374081932430229
"El, lägenhet","elström, hyres- och bostadsrättslägenhet",1992,5,256.09,4.055097314209077
"El, lägenhet","elström, hyres- och bostadsrättslägenhet",1992,6,256.09,4.055097314209077
"El, lägenhet","elström, hyres- och bostadsrättslägenhet",1992,7,256.09,4.055097314209077
"El, lägenhet","elström, hyres- och bostadsrättslägenhet",1992,8,256.09,4.055097314209077
"El, lägenhet","elström, hyres- och bostadsrättslägenhet",1992,9,256.09,4.055097314209077
"El, lägenhet","elström, hyres- och bostadsrättslägenhet",1992,10,256.09,4.055097314209077
"El, lägenhet","elström, hyres- och bostadsrättslägenhet",1992,11,256.09,4.055097314209077
"El, lägenhet","elström, hyres- och bostadsrättslägenhet",1992,12,256.09,4.055097314209077
"El, lägenhet","elström, hyres- och bostadsrättslägenhet",1993,1,267.9,4.730258014073474
"El, lägenhet","elström, hyres- och bostadsrättslägenhet",1993,2,267.9,4.730258014073474
"El, lägenhet","elström, hyres- och bostadsrättslägenhet",1993,3,267.9,4.730258014073474
"El, lägenhet","elström, hyres- och bostadsrättslägenhet",1993,4,267.9,4.730258014073474
"El, lägenhet","elström, hyres- och bostadsrättslägenhet",1993,5,267.9,4.611659963294157
"El, lägenhet","elström, hyres- och bostadsrättslägenhet",1993,6,267.9,4.611659963294157
"El, lägenhet","elström, hyres- och bostadsrättslägenhet",1993,7,267.9,4.611659963294157
"El, lägenhet","elström, hyres- och bostadsrättslägenhet",1993,8,267.9,4.611659963294157
"El, lägenhet","elström, hyres- och bostadsrättslägenhet",1993,9,268.46,4.830333086024452
"El, lägenhet","elström, hyres- och bostadsrättslägenhet",1993,10,268.46,4.830333086024452
"El, lägenhet","elström, hyres- och bostadsrättslägenhet",1993,11,268.46,4.830333086024452
"El, lägenhet","elström, hyres- och bostadsrättslägenhet",1993,12,268.46,4.830333086024452
"El, lägenhet","elström, hyres- och bostadsrättslägenhet",1994,1,277.62,3.6282194848824334
"El, lägenhet","elström, hyres- och bostadsrättslägenhet",1994,2,277.62,3.6282194848824334
"El, lägenhet","elström, hyres- och bostadsrättslägenhet",1994,3,277.62,3.6282194848824334
"El, lägenhet","elström, hyres- och bostadsrättslägenhet",1994,4,277.62,3.6282194848824334
"El, lägenhet","elström, hyres- och bostadsrättslägenhet",1994,5,278.93,4.1172079134005335
"El, lägenhet","elström, hyres- och bostadsrättslägenhet",1994,6,278.93,4.1172079134005335
"El, lägenhet","elström, hyres- och bostadsrättslägenhet",1994,7,278.93,4.1172079134005335
"El, lägenhet","elström, hyres- och bostadsrättslägenhet",1994,8,278.93,4.1172079134005335
"El, lägenhet","elström, hyres- och bostadsrättslägenhet",1994,9,278.93,3.9000223496982844
"El, lägenhet","elström, hyres- och bostadsrättslägenhet",1994,10,278.93,3.9000223496982844
"El, lägenhet","elström, hyres- och bostadsrättslägenhet",1994,11,278.93,3.9000223496982844
"El, lägenhet","elström, hyres- och bostadsrättslägenhet",1994,12,278.93,3.9000223496982844
"El, lägenhet","elström, hyres- och bostadsrättslägenhet",1995,1,288.92,4.0703119371803265
"El, lägenhet","elström, hyres- och bostadsrättslägenhet",1995,2,288.92,4.0703119371803265
"El, lägenhet","elström, hyres- och bostadsrättslägenhet",1995,3,288.92,4.0703119371803265
"El, lägenhet","elström, hyres- och bostadsrättslägenhet",1995,4,288.92,4.0703119371803265
"El, lägenhet","elström, hyres- och bostadsrättslägenhet",1995,5,288.97,3.5994694009249706
"El, lägenhet","elström, hyres- och bostadsrättslägenhet",1995,6,288.97,3.5994694009249706
"El, lägenhet","elström, hyres- och bostadsrättslägenhet",1995,7,288.97,3.5994694009249706
"El, lägenhet","elström, hyres- och bostadsrättslägenhet",1995,8,288.97,3.5994694009249706
"El, lägenhet","elström, hyres- och bostadsrättslägenhet",1995,9,288.97,3.5994694009249706
"El, lägenhet","elström, hyres- och bostadsrättslägenhet",1995,10,288.97,3.5994694009249706
"El, lägenhet","elström, hyres- och bostadsrättslägenhet",1995,11,288.97,3.5994694009249706
"El, lägenhet","elström, hyres- och bostadsrättslägenhet",1995,12,288.97,3.5994694009249706
"El, lägenhet","elström, hyres- och bostadsrättslägenhet",1996,1,312.21,8.06105496331162
"El, lägenhet","elström, hyres- och bostadsrättslägenhet",1996,2,312.21,8.06105496331162
"El, lägenhet","elström, hyres- och bostadsrättslägenhet",1996,3,312.21,8.06105496331162
"El, lägenhet","elström, hyres- och bostadsrättslägenhet",1996,4,312.21,8.06105496331162
"El, lägenhet","elström, hyres- och bostadsrättslägenhet",1996,5,312.15,8.02159393708688
"El, lägenhet","elström, hyres- och bostadsrättslägenhet",1996,6,312.15,8.02159393708688
"El, lägenhet","elström, hyres- och bostadsrättslägenhet",1996,7,312.15,8.02159393708688
"El, lägenhet","elström, hyres- och bostadsrättslägenhet",1996,8,312.15,8.02159393708688
"El, lägenhet","elström, hyres- och bostadsrättslägenhet",1996,9,325.04,12.48226459494064
"El, lägenhet","elström, hyres- och bostadsrättslägenhet",1996,10,325.04,12.48226459494064
"El, lägenhet","elström, hyres- och bostadsrättslägenhet",1996,11,325.04,12.48226459494064
"El, lägenhet","elström, hyres- och bostadsrättslägenhet",1996,12,325.04,12.48226459494064
"El, lägenhet","elström, hyres- och bostadsrättslägenhet",1997,1,329.75,5.618013516543363
"El, lägenhet","elström, hyres- och bostadsrättslägenhet",1997,2,329.72,5.60840459946832
"El, lägenhet","elström, hyres- och bostadsrättslägenhet",1997,3,329.72,5.60840459946832
"El, lägenhet","elström, hyres- och bostadsrättslägenhet",1997,4,329.91,5.669261074276943
"El, lägenhet","elström, hyres- och bostadsrättslägenhet",1997,5,329.91,5.689572320999536
"El, lägenhet","elström, hyres- och bostadsrättslägenhet",1997,6,329.91,5.689572320999536
"El, lägenhet","elström, hyres- och bostadsrättslägenhet",1997,7,340.48,9.075764856639456
"El, lägenhet","elström, hyres- och bostadsrättslägenhet",1997,8,340.48,9.075764856639456
"El, lägenhet","elström, hyres- och bostadsrättslägenhet",1997,9,340.48,4.750184592665518
"El, lägenhet","elström, hyres- och bostadsrättslägenhet",1997,10,340.48,4.750184592665518
"El, lägenhet","elström, hyres- och bostadsrättslägenhet",1997,11,340.48,4.750184592665518
"El, lägenhet","elström, hyres- och bostadsrättslägenhet",1997,12,340.48,4.750184592665518
"El, lägenhet","elström, hyres- och bostadsrättslägenhet",1998,1,348.92,5.813495072024266
"El, lägenhet","elström, hyres- och bostadsrättslägenhet",1998,2,348.92,5.823122649520807
"El, lägenhet","elström, hyres- och bostadsrättslägenhet",1998,3,348.92,5.823122649520807
"El, lägenhet","elström, hyres- och bostadsrättslägenhet",1998,4,348.92,5.762177563577953
"El, lägenhet","elström, hyres- och bostadsrättslägenhet",1998,5,348.92,5.762177563577953
"El, lägenhet","elström, hyres- och bostadsrättslägenhet",1998,6,348.92,5.762177563577953
"El, lägenhet","elström, hyres- och bostadsrättslägenhet",1998,7,347.53,2.0706062030074968
"El, lägenhet","elström, hyres- och bostadsrättslägenhet",1998,8,346.88,1.8796992481203034
"El, lägenhet","elström, hyres- och bostadsrättslägenhet",1998,9,346.88,1.8796992481203034
"El, lägenhet","elström, hyres- och bostadsrättslägenhet",1998,10,340.14,-0.09985902255640333
"El, lägenhet","elström, hyres- och bostadsrättslägenhet",1998,11,339.63,-0.24964755639098613
"El, lägenhet","elström, hyres- och bostadsrättslägenhet",1998,12,339.22,-0.3700657894736836
"El, lägenhet","elström, hyres- och bostadsrättslägenhet",1999,1,338.57,-2.9662959990828908
"El, lägenhet","elström, hyres- och bostadsrättslägenhet",1999,2,338.16,-3.0838014444571793
"El, lägenhet","elström, hyres- och bostadsrättslägenhet",1999,3,337.93,-3.14971913332569
"El, lägenhet","elström, hyres- och bostadsrättslägenhet",1999,4,334.03,-4.267453857617809
"El, lägenhet","elström, hyres- och bostadsrättslägenhet",1999,5,334.03,-4.267453857617809
"El, lägenhet","elström, hyres- och bostadsrättslägenhet",1999,6,333.08,-4.539722572509463
"El, lägenhet","elström, hyres- och bostadsrättslägenhet",1999,7,333.08,-4.157914424653986
"El, lägenhet","elström, hyres- och bostadsrättslägenhet",1999,8,333.08,-3.9783210332103303
"El, lägenhet","elström, hyres- och bostadsrättslägenhet",1999,9,333.08,-3.9783210332103303
"El, lägenhet","elström, hyres- och bostadsrättslägenhet",1999,10,331.59,-2.5136708414182474
"El, lägenhet","elström, hyres- och bostadsrättslägenhet",1999,11,329.69,-2.9267143656331873
"El, lägenhet","elström, hyres- och bostadsrättslägenhet",1999,12,329.76,-2.7887506632863768
"El, lägenhet","elström, hyres- och bostadsrättslägenhet",2000,1,334.95,-1.0692028236406026
"El, lägenhet","elström, hyres- och bostadsrättslägenhet",2000,2,334.85,-0.9788265909628557
"El, lägenhet","elström, hyres- och bostadsrättslägenhet",2000,3,334.58,-0.9913295652945964
"El, lägenhet","elström, hyres- och bostadsrättslägenhet",2000,4,334.42,0.11675598000180365
"El, lägenhet","elström, hyres- och bostadsrättslägenhet",2000,5,334.15,0.03592491692363531
"El, lägenhet","elström, hyres- och bostadsrättslägenhet",2000,6,334.39,0.39329890716945926
"El, lägenhet","elström, hyres- och bostadsrättslägenhet",2000,7,334.42,0.4023057523718121
"El, lägenhet","elström, hyres- och bostadsrättslägenhet",2000,8,334.49,0.423321724510628
"El, lägenhet","elström, hyres- och bostadsrättslägenhet",2000,9,334.68,0.48036507745887747
"El, lägenhet","elström, hyres- och bostadsrättslägenhet",2000,10,336.64,1.5229651075122863
"El, lägenhet","elström, hyres- och bostadsrättslägenhet",2000,11,336.7,2.126239801025198
"El, lägenhet","elström, hyres- och bostadsrättslägenhet",2000,12,336.77,2.1257884522076553
"El, lägenhet","elström, hyres- och bostadsrättslägenhet",2001,1,349.2,4.2543663233318485
"El, lägenhet","elström, hyres- och bostadsrättslägenhet",2001,2,354.89,5.98476929968641
"El, lägenhet","elström, hyres- och bostadsrättslägenhet",2001,3,358.59,7.176161157271799
"El, lägenhet","elström, hyres- och bostadsrättslägenhet",2001,4,366.6,9.62263022546499
"El, lägenhet","elström, hyres- och bostadsrättslägenhet",2001,5,372.83,11.575639682777194
"El, lägenhet","elström, hyres- och bostadsrättslägenhet",2001,6,376.53,12.602051496755283
"El, lägenhet","elström, hyres- och bostadsrättslägenhet",2001,7,383.6,14.70605825010467
"El, lägenhet","elström, hyres- och bostadsrättslägenhet",2001,8,390.77,16.82561511554903
"El, lägenhet","elström, hyres- och bostadsrättslägenhet",2001,9,391.95,17.111868053065614
"El, lägenhet","elström, hyres- och bostadsrättslägenhet",2001,10,392.59,16.6201283269962
"El, lägenhet","elström, hyres- och bostadsrättslägenhet",2001,11,392.08,16.447876447876443
"El, lägenhet","elström, hyres- och bostadsrättslägenhet",2001,12,392.39,16.515722896932616
"El, lägenhet","elström, hyres- och bostadsrättslägenhet",2002,1,400.16,14.593356242840795
"El, lägenhet","elström, hyres- och bostadsrättslägenhet",2002,2,398.04,12.158697061061186
"El, lägenhet","elström, hyres- och bostadsrättslägenhet",2002,3,397.3,10.795058423268934
"El, lägenhet","elström, hyres- och bostadsrättslägenhet",2002,4,397.85,8.52427714129842
"El, lägenhet","elström, hyres- och bostadsrättslägenhet",2002,5,394.75,5.879355202102832
"El, lägenhet","elström, hyres- och bostadsrättslägenhet",2002,6,395.53,5.046078665710563
"El, lägenhet","elström, hyres- och bostadsrättslägenhet",2002,7,395.46,3.091762252346175
"El, lägenhet","elström, hyres- och bostadsrättslägenhet",2002,8,394.79,1.0287381324052713
"El, lägenhet","elström, hyres- och bostadsrättslägenhet",2002,9,395.18,0.8240847046817157
"El, lägenhet","elström, hyres- och bostadsrättslägenhet",2002,10,399.53,1.7677475228609962
"El, lägenhet","elström, hyres- och bostadsrättslägenhet",2002,11,406.27,3.6191593552336254
"El, lägenhet","elström, hyres- och bostadsrättslägenhet",2002,12,420.06,7.051657789444188
"El, lägenhet","elström, hyres- och bostadsrättslägenhet",2003,1,480.33,20.034486205517776
"El, lägenhet","elström, hyres- och bostadsrättslägenhet",2003,2,519.04,30.398954878906626
"El, lägenhet","elström, hyres- och bostadsrättslägenhet",2003,3,514.59,29.521771960734956
"El, lägenhet","elström, hyres- och bostadsrättslägenhet",2003,4,501.82,26.13296468518285
"El, lägenhet","elström, hyres- och bostadsrättslägenhet",2003,5,500.48,26.784040531982267
"El, lägenhet","elström, hyres- och bostadsrättslägenhet",2003,6,494.52,25.02717872222082
"El, lägenhet","elström, hyres- och bostadsrättslägenhet",2003,7,488.35,23.489101299752193
"El, lägenhet","elström, hyres- och bostadsrättslägenhet",2003,8,482.97,22.335925428708926
"El, lägenhet","elström, hyres- och bostadsrättslägenhet",2003,9,486.67,23.151475277088917
"El, lägenhet","elström, hyres- och bostadsrättslägenhet",2003,10,487.42,21.9983480589693
"El, lägenhet","elström, hyres- och bostadsrättslägenhet",2003,11,489.65,20.523297314593748
"El, lägenhet","elström, hyres- och bostadsrättslägenhet",2003,12,493.72,17.53559015378756
"El, lägenhet","elström, hyres- och bostadsrättslägenhet",2004,1,509.14,5.997959736014824
"El, lägenhet","elström, hyres- och bostadsrättslägenhet",2004,2,503.71,-2.953529593094939
"El, lägenhet","elström, hyres- och bostadsrättslägenhet",2004,3,502.28,-2.3921957286383466
"El, lägenhet","elström, hyres- och bostadsrättslägenhet",2004,4,492.65,-1.827348451636046
"El, lägenhet","elström, hyres- och bostadsrättslägenhet",2004,5,491.71,-1.752317774936074
"El, lägenhet","elström, hyres- och bostadsrättslägenhet",2004,6,484.9,-1.9453207150368024
"El, lägenhet","elström, hyres- och bostadsrättslägenhet",2004,7,485.0,-0.6859834135353737
"El, lägenhet","elström, hyres- och bostadsrättslägenhet",2004,8,486.88,0.8095740936290063
"El, lägenhet","elström, hyres- och bostadsrättslägenhet",2004,9,486.73,0.01232868268026266
"El, lägenhet","elström, hyres- och bostadsrättslägenhet",2004,10,485.4,-0.4144269828895042
"El, lägenhet","elström, hyres- och bostadsrättslägenhet",2004,11,484.31,-1.0905749004390786
"El, lägenhet","elström, hyres- och bostadsrättslägenhet",2004,12,482.88,-2.19557644008751
"El, lägenhet","elström, hyres- och bostadsrättslägenhet",2005,1,485.89,-4.566523942334133
"El, lägenhet","elström, hyres- och bostadsrättslägenhet",2005,2,483.49,-4.0142145282007435
"El, lägenhet","elström, hyres- och bostadsrättslägenhet",2005,3,480.4,-4.356136019749934
"El, lägenhet","elström, hyres- och bostadsrättslägenhet",2005,4,479.45,-2.679386988734389
"El, lägenhet","elström, hyres- och bostadsrättslägenhet",2005,5,479.3,-2.5238453560025187
"El, lägenhet","elström, hyres- och bostadsrättslägenhet",2005,6,480.38,-0.9321509589606092
"El, lägenhet","elström, hyres- och bostadsrättslägenhet",2005,7,482.54,-0.5072164948453528
"El, lägenhet","elström, hyres- och bostadsrättslägenhet",2005,8,486.09,-0.16225764048636293
"El, lägenhet","elström, hyres- och bostadsrättslägenhet",2005,9,488.65,0.39446921291064196
"El, lägenhet","elström, hyres- och bostadsrättslägenhet",2005,10,491.15,1.1845900288421918
"El, lägenhet","elström, hyres- och bostadsrättslägenhet",2005,11,492.33,1.6559641551898485
"El, lägenhet","elström, hyres- och bostadsrättslägenhet",2005,12,497.49,3.0255964214711772
"El, lägenhet","elström, hyres- och bostadsrättslägenhet",2006,1,508.6,4.673897384181602
"El, lägenhet","elström, hyres- och bostadsrättslägenhet",2006,2,515.62,6.645432170262056
"El, lägenhet","elström, hyres- och bostadsrättslägenhet",2006,3,523.65,9.002914238134885
"El, lägenhet","elström, hyres- och bostadsrättslägenhet",2006,4,532.17,10.995932839712165
"El, lägenhet","elström, hyres- och bostadsrättslägenhet",2006,5,532.95,11.193407051950777
"El, lägenhet","elström, hyres- och bostadsrättslägenhet",2006,6,537.75,11.942628752237816
"El, lägenhet","elström, hyres- och bostadsrättslägenhet",2006,7,542.22,12.367886600074595
"El, lägenhet","elström, hyres- och bostadsrättslägenhet",2006,8,552.36,13.633277788063957
"El, lägenhet","elström, hyres- och bostadsrättslägenhet",2006,9,564.74,15.57147242402539
"El, lägenhet","elström, hyres- och bostadsrättslägenhet",2006,10,579.06,17.898808917845876
"El, lägenhet","elström, hyres- och bostadsrättslägenhet",2006,11,587.58,19.346779599049423
"El, lägenhet","elström, hyres- och bostadsrättslägenhet",2006,12,581.05,16.796317513919856
"El, lägenhet","elström, hyres- och bostadsrättslägenhet",2007,1,581.04,14.24302005505307
"El, lägenhet","elström, hyres- och bostadsrättslägenhet",2007,2,569.92,10.531011209805662
"El, lägenhet","elström, hyres- och bostadsrättslägenhet",2007,3,548.76,4.79518762532225
"El, lägenhet","elström, hyres- och bostadsrättslägenhet",2007,4,542.54,1.9486254392393487
"El, lägenhet","elström, hyres- och bostadsrättslägenhet",2007,5,524.02,-1.6755793226381543
"El, lägenhet","elström, hyres- och bostadsrättslägenhet",2007,6,517.27,-3.8084611808461233
"El, lägenhet","elström, hyres- och bostadsrättslägenhet",2007,7,518.93,-4.295304488952834
"El, lägenhet","elström, hyres- och bostadsrättslägenhet",2007,8,517.61,-6.291186907089575
"El, lägenhet","elström, hyres- och bostadsrättslägenhet",2007,9,519.64,-7.9859758472925595
"El, lägenhet","elström, hyres- och bostadsrättslägenhet",2007,10,526.33,-9.106137533243519
"El, lägenhet","elström, hyres- och bostadsrättslägenhet",2007,11,542.12,-7.736818816161206
"El, lägenhet","elström, hyres- och bostadsrättslägenhet",2007,12,547.82,-5.718957060493912
"El, lägenhet","elström, hyres- och bostadsrättslägenhet",2008,1,567.55,-2.321699022442514
"El, lägenhet","elström, hyres- och bostadsrättslägenhet",2008,2,570.51,0.10352330151601752
"El, lägenhet","elström, hyres- och bostadsrättslägenhet",2008,3,567.82,3.473285224870626
"El, lägenhet","elström, hyres- och bostadsrättslägenhet",2008,4,568.05,4.701957459357842
"El, lägenhet","elström, hyres- och bostadsrättslägenhet",2008,5,565.62,7.9386282966299015
"El, lägenhet","elström, hyres- och bostadsrättslägenhet",2008,6,581.73,12.461577126065704
"El, lägenhet","elström, hyres- och bostadsrättslägenhet",2008,7,601.16,15.846067870425685
"El, lägenhet","elström, hyres- och bostadsrättslägenhet",2008,8,609.02,17.660014296478032
"El, lägenhet","elström, hyres- och bostadsrättslägenhet",2008,9,629.97,21.23200677392041
"El, lägenhet","elström, hyres- och bostadsrättslägenhet",2008,10,635.64,20.768339254840118
"El, lägenhet","elström, hyres- och bostadsrättslägenhet",2008,11,636.74,17.453700287759165
"El, lägenhet","elström, hyres- och bostadsrättslägenhet",2008,12,630.95,15.17469241721734
"El, lägenhet","elström, hyres- och bostadsrättslägenhet",2009,1,638.94,12.578627433706302
"El, lägenhet","elström, hyres- och bostadsrättslägenhet",2009,2,631.27,10.650120068009317
"El, lägenhet","elström, hyres- och bostadsrättslägenhet",2009,3,622.8,9.68264590891479
"El, lägenhet","elström, hyres- och bostadsrättslägenhet",2009,4,608.42,7.106768770354721
"El, lägenhet","elström, hyres- och bostadsrättslägenhet",2009,5,604.73,6.9145362610940175
"El, lägenhet","elström, hyres- och bostadsrättslägenhet",2009,6,605.15,4.025922678906024
"El, lägenhet","elström, hyres- och bostadsrättslägenhet",2009,7,600.69,-0.07818218111649289
"El, lägenhet","elström, hyres- och bostadsrättslägenhet",2009,8,602.82,-1.018028964566009
"El, lägenhet","elström, hyres- och bostadsrättslägenhet",2009,9,597.69,-5.124053526358397
"El, lägenhet","elström, hyres- och bostadsrättslägenhet",2009,10,593.7,-6.598074381725494
"El, lägenhet","elström, hyres- och bostadsrättslägenhet",2009,11,591.39,-7.122216289223237
"El, lägenhet","elström, hyres- och bostadsrättslägenhet",2009,12,604.0,-4.271336872969334
"El, lägenhet","elström, hyres- och bostadsrättslägenhet",2010,1,645.48,1.0235702882899655
"El, lägenhet","elström, hyres- och bostadsrättslägenhet",2010,2,668.18,5.846943463177401
"El, lägenhet","elström, hyres- och bostadsrättslägenhet",2010,3,645.86,3.7026332691072694
"El, lägenhet","elström, hyres- och bostadsrättslägenhet",2010,4,635.82,4.503467999079591
"El, lägenhet","elström, hyres- och bostadsrättslägenhet",2010,5,633.56,4.767416863724305
"El, lägenhet","elström, hyres- och bostadsrättslägenhet",2010,6,640.45,5.83326447988104
"El, lägenhet","elström, hyres- och bostadsrättslägenhet",2010,7,641.69,6.825484026702622
"El, lägenhet","elström, hyres- och bostadsrättslägenhet",2010,8,639.77,6.129524567864353
"El, lägenhet","elström, hyres- och bostadsrättslägenhet",2010,9,647.67,8.362194448627204
"El, lägenhet","elström, hyres- och bostadsrättslägenhet",2010,10,650.07,9.49469429004548
"El, lägenhet","elström, hyres- och bostadsrättslägenhet",2010,11,656.85,11.06883782275656
"El, lägenhet","elström, hyres- och bostadsrättslägenhet",2010,12,694.86,15.043046357615886
"El, lägenhet","elström, hyres- och bostadsrättslägenhet",2011,1,698.23,8.17221292681416
"El, lägenhet","elström, hyres- och bostadsrättslägenhet",2011,2,689.05,3.1234098596186755
"El, lägenhet","elström, hyres- och bostadsrättslägenhet",2011,3,685.78,6.1809060787167525
"El, lägenhet","elström, hyres- och bostadsrättslägenhet",2011,4,674.23,6.041017898147261
"El, lägenhet","elström, hyres- och bostadsrättslägenhet",2011,5,674.52,6.465054612033594
"El, lägenhet","elström, hyres- och bostadsrättslägenhet",2011,6,667.15,4.168943711452866
"El, lägenhet","elström, hyres- och bostadsrättslägenhet",2011,7,653.62,1.8591531736508182
"El, lägenhet","elström, hyres- och bostadsrättslägenhet",2011,8,654.83,2.3539709583131563
"El, lägenhet","elström, hyres- och bostadsrättslägenhet",2011,9,643.53,-0.6392144147482459
"El, lägenhet","elström, hyres- och bostadsrättslägenhet",2011,10,639.9,-1.5644469057178534
"El, lägenhet","elström, hyres- och bostadsrättslägenhet",2011,11,660.55,0.5632945116845534
"El, lägenhet","elström, hyres- och bostadsrättslägenhet",2011,12,644.36,-7.267651037619094
"El, lägenhet","elström, hyres- och bostadsrättslägenhet",2012,1,663.44,-4.982598857110121
"El, lägenhet","elström, hyres- och bostadsrättslägenhet",2012,2,671.47,-2.5513387997968096
"El, lägenhet","elström, hyres- och bostadsrättslägenhet",2012,3,643.03,-6.233777596313683
"El, lägenhet","elström, hyres- och bostadsrättslägenhet",2012,4,645.15,-4.313068240808038
"El, lägenhet","elström, hyres- och bostadsrättslägenhet",2012,5,637.6,-5.473521911878065
"El, lägenhet","elström, hyres- och bostadsrättslägenhet",2012,6,633.74,-5.007869294761291
"El, lägenhet","elström, hyres- och bostadsrättslägenhet",2012,7,615.75,-5.793886355986655
"El, lägenhet","elström, hyres- och bostadsrättslägenhet",2012,8,627.62,-4.155276942107122
"El, lägenhet","elström, hyres- och bostadsrättslägenhet",2012,9,628.52,-2.332447593740772
"El, lägenhet","elström, hyres- och bostadsrättslägenhet",2012,10,632.44,-1.165807157368326
"El, lägenhet","elström, hyres- och bostadsrättslägenhet",2012,11,630.53,-4.5446976004844375
"El, lägenhet","elström, hyres- och bostadsrättslägenhet",2012,12,644.6,0.03724625985475072
"El, lägenhet","elström, hyres- och bostadsrättslägenhet",2013,1,644.3,-2.884963221994463
"El, lägenhet","elström, hyres- och bostadsrättslägenhet",2013,2,640.86,-4.558654891506697
"El, lägenhet","elström, hyres- och bostadsrättslägenhet",2013,3,644.35,0.20527813632336134
"El, lägenhet","elström, hyres- och bostadsrättslägenhet",2013,4,646.23,0.16740292955126357
"El, lägenhet","elström, hyres- och bostadsrättslägenhet",2013,5,636.79,-0.12703889585947703
"El, lägenhet","elström, hyres- och bostadsrättslägenhet",2013,6,626.24,-1.1834506264398637
"El, lägenhet","elström, hyres- och bostadsrättslägenhet",2013,7,629.93,2.3028826634185817
"El, lägenhet","elström, hyres- och bostadsrättslägenhet",2013,8,637.14,1.516841400847646
"El, lägenhet","elström, hyres- och bostadsrättslägenhet",2013,9,645.13,2.6427162222363743
"El, lägenhet","elström, hyres- och bostadsrättslägenhet",2013,10,639.4,1.100499652140896
"El, lägenhet","elström, hyres- och bostadsrättslägenhet",2013,11,634.11,0.5677763151634485
"El, lägenhet","elström, hyres- och bostadsrättslägenhet",2013,12,627.37,-2.6729754886751556
"El, lägenhet","elström, hyres- och bostadsrättslägenhet",2014,1,628.66,-2.4274406332453813
"El, lägenhet","elström, hyres- och bostadsrättslägenhet",2014,2,623.38,-2.7275848079143628
"El, lägenhet","elström, hyres- och bostadsrättslägenhet",2014,3,618.64,-3.990067509893702
"El, lägenhet","elström, hyres- och bostadsrättslägenhet",2014,4,617.85,-4.391625272735711
"El, lägenhet","elström, hyres- och bostadsrättslägenhet",2014,5,629.22,-1.1887749493553534
"El, lägenhet","elström, hyres- och bostadsrättslägenhet",2014,6,620.35,-0.9405339805825252
"El, lägenhet","elström, hyres- och bostadsrättslägenhet",2014,7,615.8,-2.243106376899018
"El, lägenhet","elström, hyres- och bostadsrättslägenhet",2014,8,622.2,-2.3448535643657453
"El, lägenhet","elström, hyres- och bostadsrättslägenhet",2014,9,622.85,-3.4535674980236464
"El, lägenhet","elström, hyres- och bostadsrättslägenhet",2014,10,612.84,-4.15389427588363
"El, lägenhet","elström, hyres- och bostadsrättslägenhet",2014,11,611.23,-3.6082067780038196
"El, lägenhet","elström, hyres- och bostadsrättslägenhet",2014,12,614.31,-2.081706170202602
"El, lägenhet","elström, hyres- och bostadsrättslägenhet",2015,1,616.52,-1.9310915280119634
"El, lägenhet","elström, hyres- och bostadsrättslägenhet",2015,2,612.17,-1.7982610927524179
"El, lägenhet","elström, hyres- och bostadsrättslägenhet",2015,3,606.77,-1.9187249450407395
"El, lägenhet","elström, hyres- och bostadsrättslägenhet",2015,4,605.18,-2.0506595451970644
"El, lägenhet","elström, hyres- och bostadsrättslägenhet",2015,5,600.33,-4.59139887479737
"El, lägenhet","elström, hyres- och bostadsrättslägenhet",2015,6,588.31,-5.16482630772952
"El, lägenhet","elström, hyres- och bostadsrättslägenhet",2015,7,574.51,-6.705099058135755
"El, lägenhet","elström, hyres- och bostadsrättslägenhet",2015,8,588.03,-5.4918032786885345
"El, lägenhet","elström, hyres- och bostadsrättslägenhet",2015,9,595.53,-4.386288833587548
"El, lägenhet","elström, hyres- och bostadsrättslägenhet",2015,10,599.62,-2.1571698975262787
"El, lägenhet","elström, hyres- och bostadsrättslägenhet",2015,11,603.37,-1.285931646025229
"El, lägenhet","elström, hyres- och bostadsrättslägenhet",2015,12,589.56,-4.028910484934311
"El, lägenhet","elström, hyres- och bostadsrättslägenhet",2016,1,619.6,0.499578278076962
"El, lägenhet","elström, hyres- och bostadsrättslägenhet",2016,2,600.55,-1.89816554225134
"El, lägenhet","elström, hyres- och bostadsrättslägenhet",2016,3,602.66,-0.6773571534518852
"El, lägenhet","elström, hyres- och bostadsrättslägenhet",2016,4,601.76,-0.5651211209887874
"El, lägenhet","elström, hyres- och bostadsrättslägenhet",2016,5,604.36,0.6712974530674654
"El, lägenhet","elström, hyres- och bostadsrättslägenhet",2016,6,628.24,6.787238020771369
"El, lägenhet","elström, hyres- och bostadsrättslägenhet",2016,7,625.49,8.873648848584015
"El, lägenhet","elström, hyres- och bostadsrättslägenhet",2016,8,627.91,6.781966906450343
"El, lägenhet","elström, hyres- och bostadsrättslägenhet",2016,9,626.2,5.150034423118921
"El, lägenhet","elström, hyres- och bostadsrättslägenhet",2016,10,641.36,6.961075347720214
"El, lägenhet","elström, hyres- och bostadsrättslägenhet",2016,11,653.42,8.29507598985697
"El, lägenhet","elström, hyres- och bostadsrättslägenhet",2016,12,637.27,8.092475744623107
"El, lägenhet","elström, hyres- och bostadsrättslägenhet",2017,1,645.21,4.1333118140735925
"El, lägenhet","elström, hyres- och bostadsrättslägenhet",2017,2,646.45,7.642993922237973
"El, lägenhet","elström, hyres- och bostadsrättslägenhet",2017,3,640.9,6.345202933660765
"El, lägenhet","elström, hyres- och bostadsrättslägenhet",2017,4,638.0,6.022334485509173
"El, lägenhet","elström, hyres- och bostadsrättslägenhet",2017,5,640.47,5.974915613210663
"El, lägenhet","elström, hyres- och bostadsrättslägenhet",2017,6,635.29,1.1221826053737338
"El, lägenhet","elström, hyres- och bostadsrättslägenhet",2017,7,664.09,6.171161809141634
"El, lägenhet","elström, hyres- och bostadsrättslägenhet",2017,8,670.05,6.7111528722269
"El, lägenhet","elström, hyres- och bostadsrättslägenhet",2017,9,676.65,8.056531459597572
"El, lägenhet","elström, hyres- och bostadsrättslägenhet",2017,10,664.83,3.659411251091438
"El, lägenhet","elström, hyres- och bostadsrättslägenhet",2017,11,670.7,2.6445471519084274
"El, lägenhet","elström, hyres- och bostadsrättslägenhet",2017,12,666.7,4.618136739529577
"El, lägenhet","elström, hyres- och bostadsrättslägenhet",2018,1,678.72,5.193657878830149
"El, lägenhet","elström, hyres- och bostadsrättslägenhet",2018,2,697.59,7.910897981282394
"El, lägenhet","elström, hyres- och bostadsrättslägenhet",2018,3,713.14,11.27164924325168
"El, lägenhet","elström, hyres- och bostadsrättslägenhet",2018,4,701.81,10.001567398119104
"El, lägenhet","elström, hyres- och bostadsrättslägenhet",2018,5,691.99,8.044092619482557
"El, lägenhet","elström, hyres- och bostadsrättslägenhet",2018,6,723.5,13.884997402760945
"El, lägenhet","elström, hyres- och bostadsrättslägenhet",2018,7,753.17,13.413844509027385
"El, lägenhet","elström, hyres- och bostadsrättslägenhet",2018,8,762.99,13.870606671143948
"El, lägenhet","elström, hyres- och bostadsrättslägenhet",2018,9,754.55,11.512598832483544
"El, lägenhet","elström, hyres- och bostadsrättslägenhet",2018,10,752.04,13.117639095708666
"El, lägenhet","elström, hyres- och bostadsrättslägenhet",2018,11,761.6,13.553004323840767
"El, lägenhet","elström, hyres- och bostadsrättslägenhet",2018,12,763.55,14.526773661316916
"El, lägenhet","elström, hyres- och bostadsrättslägenhet",2019,1,788.89,16.2320249882131
"El, lägenhet","elström, hyres- och bostadsrättslägenhet",2019,2,763.9,9.50558350893791
"El, lägenhet","elström, hyres- och bostadsrättslägenhet",2019,3,741.75,4.011834983313234
"El, lägenhet","elström, hyres- och bostadsrättslägenhet",2019,4,740.35,5.491514797452313
"El, lägenhet","elström, hyres- och bostadsrättslägenhet",2019,5,743.71,7.474096446480449
"El, lägenhet","elström, hyres- och bostadsrättslägenhet",2019,6,715.15,-1.1541119557705648
"El, lägenhet","elström, hyres- och bostadsrättslägenhet",2019,7,749.64,-0.46868568848997816
"El, lägenhet","elström, hyres- och bostadsrättslägenhet",2019,8,754.91,-1.0589915988414078
"El, lägenhet","elström, hyres- och bostadsrättslägenhet",2019,9,749.31,-0.6944536478695973
"El, lägenhet","elström, hyres- och bostadsrättslägenhet",2019,10,758.32,0.8350619647891078
"El, lägenhet","elström, hyres- och bostadsrättslägenhet",2019,11,766.35,0.6236869747899165
"El, lägenhet","elström, hyres- och bostadsrättslägenhet",2019,12,750.58,-1.6986444895553565
"El, lägenhet","elström, hyres- och bostadsrättslägenhet",2020,1,707.26,-10.347450214858856
"El, lägenhet","elström, hyres- och bostadsrättslägenhet",2020,2,685.02,-10.325958895143339
"El, lägenhet","elström, hyres- och bostadsrättslägenhet",2020,3,671.42,-9.481631277384572
"El, lägenhet","elström, hyres- och bostadsrättslägenhet",2020,4,655.97,-11.397312082123323
"El, lägenhet","elström, hyres- och bostadsrättslägenhet",2020,5,663.82,-10.74209033090855
"El, lägenhet","elström, hyres- och bostadsrättslägenhet",2020,6,689.12,-3.6397958470250957
"El, lägenhet","elström, hyres- och bostadsrättslägenhet",2020,7,654.41,-12.703430980203834
"El, lägenhet","elström, hyres- och bostadsrättslägenhet",2020,8,711.78,-5.7132638327747625
"El, lägenhet","elström, hyres- och bostadsrättslägenhet",2020,9,718.37,-4.129132134897429
"El, lägenhet","elström, hyres- och bostadsrättslägenhet",2020,10,691.57,-8.802352568836369
"El, lägenhet","elström, hyres- och bostadsrättslägenhet",2020,11,687.89,-10.238141841195281
"El, lägenhet","elström, hyres- och bostadsrättslägenhet",2020,12,710.13,-5.389165711849508
"El, lägenhet","elström, hyres- och bostadsrättslägenhet",2021,1,752.46,6.390860503916529
"El, lägenhet","elström, hyres- och bostadsrättslägenhet",2021,2,760.64,11.039093749087625
"El, lägenhet","elström, hyres- och bostadsrättslägenhet",2021,3,729.97,8.720324089243704
"El, lägenhet","elström, hyres- och bostadsrättslägenhet",2021,4,723.82,10.343460829001327
"El, lägenhet","elström, hyres- och bostadsrättslägenhet",2021,5,742.9,11.912867946129957
"El, lägenhet","elström, hyres- och bostadsrättslägenhet",2021,6,754.17,9.43957511028557
"El, lägenhet","elström, hyres- och bostadsrättslägenhet",2021,7,786.63,20.204458978316353
"El, lägenhet","elström, hyres- och bostadsrättslägenhet",2021,8,814.7,14.459524010227899
"El, lägenhet","elström, hyres- och bostadsrättslägenhet",2021,9,865.36,20.461600567952452
"El, lägenhet","elström, hyres- och bostadsrättslägenhet",2021,10,809.59,17.065517590410217
"El, lägenhet","elström, hyres- och bostadsrättslägenhet",2021,11,858.11,24.745235430083312
"El, lägenhet","elström, hyres- och bostadsrättslägenhet",2021,12,1029.78,45.012884964724776
"El, lägenhet","elström, hyres- och bostadsrättslägenhet",2022,1,892.23,18.575073758073522
"El, lägenhet","elström, hyres- och bostadsrättslägenhet",2022,2,845.55,11.162968026924691
"El, lägenhet","elström, hyres- och bostadsrättslägenhet",2022,3,936.41,28.28061427181938
"El, lägenhet","elström, hyres- och bostadsrättslägenhet",2022,4,902.98,24.752010168273863
"El, lägenhet","elström, hyres- och bostadsrättslägenhet",2022,5,937.01,26.12868488356441
"El, lägenhet","elström, hyres- och bostadsrättslägenhet",2022,6,992.1,31.548589840486898
"El, lägenhet","elström, hyres- och bostadsrättslägenhet",2022,7,921.81,17.18469928683115
"El, lägenhet","elström, hyres- och bostadsrättslägenhet",2022,8,1156.57,41.96268565115992
"El, lägenhet","elström, hyres- och bostadsrättslägenhet",2022,9,1242.11,43.53679393547192
"El, lägenhet","elström, hyres- och bostadsrättslägenhet",2022,10,978.29,20.837707975641973
"El, lägenhet","elström, hyres- och bostadsrättslägenhet",2022,11,1118.08,30.295649741874577
"El, lägenhet","elström, hyres- och bostadsrättslägenhet",2022,12,1406.42,36.574802384975435
"El, lägenhet","elström, hyres- och bostadsrättslägenhet",2023,1,1068.74,19.78301559015052
"El, lägenhet","elström, hyres- och bostadsrättslägenhet",2023,2,989.89,17.07054579859264
"El, lägenhet","elström, hyres- och bostadsrättslägenhet",2023,3,971.38,3.7344752832626726
"El, lägenhet","elström, hyres- och bostadsrättslägenhet",2023,4,944.64,4.613612704600323
"El, lägenhet","elström, hyres- och bostadsrättslägenhet",2023,5,861.39,-8.070351437017752
"El, lägenhet","elström, hyres- och bostadsrättslägenhet",2023,6,919.75,-7.292611631891943
"El, lägenhet","elström, hyres- och bostadsrättslägenhet",2023,7,800.46,-13.164318026491351
"El, lägenhet","elström, hyres- och bostadsrättslägenhet",2023,8,794.88,-31.272642382216375
"El, lägenhet","elström, hyres- och bostadsrättslägenhet",2023,9,762.36,-38.62379338383879
"El, lägenhet","elström, hyres- och bostadsrättslägenhet",2023,10,765.93,-21.707264717006204
"El, lägenhet","elström, hyres- och bostadsrättslägenhet",2023,11,910.61,-18.555917286777323
"El, lägenhet","elström, hyres- och bostadsrättslägenhet",2023,12,922.14,-34.43352625815902
"El, lägenhet","elström, hyres- och bostadsrättslägenhet",2024,1,963.63,-9.834945824054497
"El, lägenhet","elström, hyres- och bostadsrättslägenhet",2024,2,881.92,-10.907272525230082
"El, lägenhet","elström, hyres- och bostadsrättslägenhet",2024,3,894.24,-7.9412794169120176
"El, lägenhet","elström, hyres- och bostadsrättslägenhet",2024,4,875.6,-7.308604336043356
"El, lägenhet","elström, hyres- och bostadsrättslägenhet",2024,5,785.44,-8.817144382915975
"El, lägenhet","elström, hyres- och bostadsrättslägenhet",2024,6,803.36,-12.6545256863278
"El, lägenhet","elström, hyres- och bostadsrättslägenhet",2024,7,776.22,-3.028258751218049
"El, lägenhet","elström, hyres- och bostadsrättslägenhet",2024,8,746.16,-6.129227053140096
"El, lägenhet","elström, hyres- och bostadsrättslägenhet",2024,9,755.47,-0.9037724959336746
"El, lägenhet","elström, hyres- och bostadsrättslägenhet",2024,10,774.1,1.0666771114854035
"El, lägenhet","elström, hyres- och bostadsrättslägenhet",2024,11,901.05,-1.049845707822239
"El, lägenhet","elström, hyres- och bostadsrättslägenhet",2024,12,881.72,-4.383282364933738
"El, lägenhet","elström, hyres- och bostadsrättslägenhet",2025,1,936.42,-2.823697892344579
"El, lägenhet","elström, hyres- och bostadsrättslägenhet",2025,2,959.19,8.761565674891148
"El, lägenhet","elström, hyres- och bostadsrättslägenhet",2025,3,885.7,-0.9550008946144217
"El, lägenhet","elström, hyres- och bostadsrättslägenhet",2025,4,855.83,-2.2578803106441225
"El, lägenhet","elström, hyres- och bostadsrättslägenhet",2025,5,862.38,9.79578325524546
"El, lägenhet","elström, hyres- och bostadsrättslägenhet",2025,6,823.33,2.4858095996813434
"El, lägenhet","elström, hyres- och bostadsrättslägenhet",2025,7,838.41,8.011903841694368
"El, lägenhet","elström, hyres- och bostadsrättslägenhet",2025,8,891.48,19.47571566420072
"El, lägenhet","elström, hyres- och bostadsrättslägenhet",2025,9,893.09,18.216474512555102
"El, lägenhet","elström, hyres- och bostadsrättslägenhet",2025,10,911.24,17.716057356930627
"El, lägenhet","elström, hyres- och bostadsrättslägenhet",2025,11,958.54,6.380334054713943
"El, lägenhet","elström, hyres- och bostadsrättslägenhet",2025,12,933.52,5.874880914576042
Bensin,bensin 95 oktan,1980,1,,
Bensin,bensin 95 oktan,1980,2,,
Bensin,bensin 95 oktan,1980,3,,
Bensin,bensin 95 oktan,1980,4,,
Bensin,bensin 95 oktan,1980,5,,
Bensin,bensin 95 oktan,1980,6,,
Bensin,bensin 95 oktan,1980,7,,
Bensin,bensin 95 oktan,1980,8,,
Bensin,bensin 95 oktan,1980,9,,
Bensin,bensin 95 oktan,1980,10,,
Bensin,bensin 95 oktan,1980,11,,
Bensin,bensin 95 oktan,1980,12,,
Bensin,bensin 95 oktan,1981,1,,
Bensin,bensin 95 oktan,1981,2,,
Bensin,bensin 95 oktan,1981,3,,
Bensin,bensin 95 oktan,1981,4,,
Bensin,bensin 95 oktan,1981,5,,
Bensin,bensin 95 oktan,1981,6,,
Bensin,bensin 95 oktan,1981,7,,
Bensin,bensin 95 oktan,1981,8,,
Bensin,bensin 95 oktan,1981,9,,
Bensin,bensin 95 oktan,1981,10,,
Bensin,bensin 95 oktan,1981,11,,
Bensin,bensin 95 oktan,1981,12,,
Bensin,bensin 95 oktan,1982,1,,
Bensin,bensin 95 oktan,1982,2,,
Bensin,bensin 95 oktan,1982,3,,
Bensin,bensin 95 oktan,1982,4,,
Bensin,bensin 95 oktan,1982,5,,
Bensin,bensin 95 oktan,1982,6,,
Bensin,bensin 95 oktan,1982,7,,
Bensin,bensin 95 oktan,1982,8,,
Bensin,bensin 95 oktan,1982,9,,
Bensin,bensin 95 oktan,1982,10,,
Bensin,bensin 95 oktan,1982,11,,
Bensin,bensin 95 oktan,1982,12,,
Bensin,bensin 95 oktan,1983,1,,
Bensin,bensin 95 oktan,1983,2,,
Bensin,bensin 95 oktan,1983,3,,
Bensin,bensin 95 oktan,1983,4,,
Bensin,bensin 95 oktan,1983,5,,
Bensin,bensin 95 oktan,1983,6,,
Bensin,bensin 95 oktan,1983,7,,
Bensin,bensin 95 oktan,1983,8,,
Bensin,bensin 95 oktan,1983,9,,
Bensin,bensin 95 oktan,1983,10,,
Bensin,bensin 95 oktan,1983,11,,
Bensin,bensin 95 oktan,1983,12,,
Bensin,bensin 95 oktan,1984,1,,
Bensin,bensin 95 oktan,1984,2,,
Bensin,bensin 95 oktan,1984,3,,
Bensin,bensin 95 oktan,1984,4,,
Bensin,bensin 95 oktan,1984,5,,
Bensin,bensin 95 oktan,1984,6,,
Bensin,bensin 95 oktan,1984,7,,
Bensin,bensin 95 oktan,1984,8,,
Bensin,bensin 95 oktan,1984,9,,
Bensin,bensin 95 oktan,1984,10,,
Bensin,bensin 95 oktan,1984,11,,
Bensin,bensin 95 oktan,1984,12,,
Bensin,bensin 95 oktan,1985,1,,
Bensin,bensin 95 oktan,1985,2,,
Bensin,bensin 95 oktan,1985,3,,
Bensin,bensin 95 oktan,1985,4,,
Bensin,bensin 95 oktan,1985,5,,
Bensin,bensin 95 oktan,1985,6,,
Bensin,bensin 95 oktan,1985,7,,
Bensin,bensin 95 oktan,1985,8,,
Bensin,bensin 95 oktan,1985,9,,
Bensin,bensin 95 oktan,1985,10,,
Bensin,bensin 95 oktan,1985,11,,
Bensin,bensin 95 oktan,1985,12,,
Bensin,bensin 95 oktan,1986,1,,
Bensin,bensin 95 oktan,1986,2,,
Bensin,bensin 95 oktan,1986,3,,
Bensin,bensin 95 oktan,1986,4,,
Bensin,bensin 95 oktan,1986,5,,
Bensin,bensin 95 oktan,1986,6,,
Bensin,bensin 95 oktan,1986,7,,
Bensin,bensin 95 oktan,1986,8,,
Bensin,bensin 95 oktan,1986,9,,
Bensin,bensin 95 oktan,1986,10,,
Bensin,bensin 95 oktan,1986,11,,
Bensin,bensin 95 oktan,1986,12,,
Bensin,bensin 95 oktan,1987,1,,
Bensin,bensin 95 oktan,1987,2,,
Bensin,bensin 95 oktan,1987,3,,
Bensin,bensin 95 oktan,1987,4,,
Bensin,bensin 95 oktan,1987,5,,
Bensin,bensin 95 oktan,1987,6,,
Bensin,bensin 95 oktan,1987,7,,
Bensin,bensin 95 oktan,1987,8,,
Bensin,bensin 95 oktan,1987,9,,
Bensin,bensin 95 oktan,1987,10,,
Bensin,bensin 95 oktan,1987,11,,
Bensin,bensin 95 oktan,1987,12,,
Bensin,bensin 95 oktan,1988,1,,
Bensin,bensin 95 oktan,1988,2,,
Bensin,bensin 95 oktan,1988,3,,
Bensin,bensin 95 oktan,1988,4,,
Bensin,bensin 95 oktan,1988,5,,
Bensin,bensin 95 oktan,1988,6,,
Bensin,bensin 95 oktan,1988,7,,
Bensin,bensin 95 oktan,1988,8,,
Bensin,bensin 95 oktan,1988,9,,
Bensin,bensin 95 oktan,1988,10,,
Bensin,bensin 95 oktan,1988,11,,
Bensin,bensin 95 oktan,1988,12,,
Bensin,bensin 95 oktan,1989,1,,
Bensin,bensin 95 oktan,1989,2,,
Bensin,bensin 95 oktan,1989,3,,
Bensin,bensin 95 oktan,1989,4,,
Bensin,bensin 95 oktan,1989,5,,
Bensin,bensin 95 oktan,1989,6,,
Bensin,bensin 95 oktan,1989,7,,
Bensin,bensin 95 oktan,1989,8,,
Bensin,bensin 95 oktan,1989,9,,
Bensin,bensin 95 oktan,1989,10,,
Bensin,bensin 95 oktan,1989,11,,
Bensin,bensin 95 oktan,1989,12,,
Bensin,bensin 95 oktan,1990,1,,
Bensin,bensin 95 oktan,1990,2,,
Bensin,bensin 95 oktan,1990,3,,
Bensin,bensin 95 oktan,1990,4,,
Bensin,bensin 95 oktan,1990,5,,
Bensin,bensin 95 oktan,1990,6,,
Bensin,bensin 95 oktan,1990,7,,
Bensin,bensin 95 oktan,1990,8,,
Bensin,bensin 95 oktan,1990,9,,
Bensin,bensin 95 oktan,1990,10,,
Bensin,bensin 95 oktan,1990,11,,
Bensin,bensin 95 oktan,1990,12,,
Bensin,bensin 95 oktan,1991,1,,
Bensin,bensin 95 oktan,1991,2,,
Bensin,bensin 95 oktan,1991,3,,
Bensin,bensin 95 oktan,1991,4,,
Bensin,bensin 95 oktan,1991,5,,
Bensin,bensin 95 oktan,1991,6,,
Bensin,bensin 95 oktan,1991,7,,
Bensin,bensin 95 oktan,1991,8,,
Bensin,bensin 95 oktan,1991,9,,
Bensin,bensin 95 oktan,1991,10,,
Bensin,bensin 95 oktan,1991,11,,
Bensin,bensin 95 oktan,1991,12,,
Bensin,bensin 95 oktan,1992,1,,
Bensin,bensin 95 oktan,1992,2,,
Bensin,bensin 95 oktan,1992,3,,
Bensin,bensin 95 oktan,1992,4,,
Bensin,bensin 95 oktan,1992,5,,
Bensin,bensin 95 oktan,1992,6,,
Bensin,bensin 95 oktan,1992,7,,
Bensin,bensin 95 oktan,1992,8,,
Bensin,bensin 95 oktan,1992,9,,
Bensin,bensin 95 oktan,1992,10,,
Bensin,bensin 95 oktan,1992,11,,
Bensin,bensin 95 oktan,1992,12,,
Bensin,bensin 95 oktan,1993,1,,
Bensin,bensin 95 oktan,1993,2,,
Bensin,bensin 95 oktan,1993,3,,
Bensin,bensin 95 oktan,1993,4,,
Bensin,bensin 95 oktan,1993,5,,
Bensin,bensin 95 oktan,1993,6,,
Bensin,bensin 95 oktan,1993,7,,
Bensin,bensin 95 oktan,1993,8,,
Bensin,bensin 95 oktan,1993,9,,
Bensin,bensin 95 oktan,1993,10,,
Bensin,bensin 95 oktan,1993,11,,
Bensin,bensin 95 oktan,1993,12,,
Bensin,bensin 95 oktan,1994,1,,
Bensin,bensin 95 oktan,1994,2,,
Bensin,bensin 95 oktan,1994,3,,
Bensin,bensin 95 oktan,1994,4,,
Bensin,bensin 95 oktan,1994,5,,
Bensin,bensin 95 oktan,1994,6,,
Bensin,bensin 95 oktan,1994,7,,
Bensin,bensin 95 oktan,1994,8,,
Bensin,bensin 95 oktan,1994,9,,
Bensin,bensin 95 oktan,1994,10,,
Bensin,bensin 95 oktan,1994,11,,
Bensin,bensin 95 oktan,1994,12,,
Bensin,bensin 95 oktan,1995,1,,
Bensin,bensin 95 oktan,1995,2,,
Bensin,bensin 95 oktan,1995,3,,
Bensin,bensin 95 oktan,1995,4,,
Bensin,bensin 95 oktan,1995,5,,
Bensin,bensin 95 oktan,1995,6,,
Bensin,bensin 95 oktan,1995,7,,
Bensin,bensin 95 oktan,1995,8,,
Bensin,bensin 95 oktan,1995,9,,
Bensin,bensin 95 oktan,1995,10,,
Bensin,bensin 95 oktan,1995,11,,
Bensin,bensin 95 oktan,1995,12,,
Bensin,bensin 95 oktan,1996,1,,
Bensin,bensin 95 oktan,1996,2,,
Bensin,bensin 95 oktan,1996,3,,
Bensin,bensin 95 oktan,1996,4,,
Bensin,bensin 95 oktan,1996,5,,
Bensin,bensin 95 oktan,1996,6,,
Bensin,bensin 95 oktan,1996,7,,
Bensin,bensin 95 oktan,1996,8,,
Bensin,bensin 95 oktan,1996,9,,
Bensin,bensin 95 oktan,1996,10,,
Bensin,bensin 95 oktan,1996,11,,
Bensin,bensin 95 oktan,1996,12,,
Bensin,bensin 95 oktan,1997,1,,
Bensin,bensin 95 oktan,1997,2,,
Bensin,bensin 95 oktan,1997,3,,
Bensin,bensin 95 oktan,1997,4,,
Bensin,bensin 95 oktan,1997,5,,
Bensin,bensin 95 oktan,1997,6,,
Bensin,bensin 95 oktan,1997,7,,
Bensin,bensin 95 oktan,1997,8,,
Bensin,bensin 95 oktan,1997,9,,
Bensin,bensin 95 oktan,1997,10,,
Bensin,bensin 95 oktan,1997,11,,
Bensin,bensin 95 oktan,1997,12,,
Bensin,bensin 95 oktan,1998,1,,
Bensin,bensin 95 oktan,1998,2,,
Bensin,bensin 95 oktan,1998,3,,
Bensin,bensin 95 oktan,1998,4,,
Bensin,bensin 95 oktan,1998,5,,
Bensin,bensin 95 oktan,1998,6,,
Bensin,bensin 95 oktan,1998,7,,
Bensin,bensin 95 oktan,1998,8,,
Bensin,bensin 95 oktan,1998,9,,
Bensin,bensin 95 oktan,1998,10,,
Bensin,bensin 95 oktan,1998,11,,
Bensin,bensin 95 oktan,1998,12,,
Bensin,bensin 95 oktan,1999,1,,
Bensin,bensin 95 oktan,1999,2,,
Bensin,bensin 95 oktan,1999,3,,
Bensin,bensin 95 oktan,1999,4,,
Bensin,bensin 95 oktan,1999,5,,
Bensin,bensin 95 oktan,1999,6,,
Bensin,bensin 95 oktan,1999,7,,
Bensin,bensin 95 oktan,1999,8,,
Bensin,bensin 95 oktan,1999,9,,
Bensin,bensin 95 oktan,1999,10,,
Bensin,bensin 95 oktan,1999,11,,
Bensin,bensin 95 oktan,1999,12,,
Bensin,bensin 95 oktan,2000,1,92.17,
Bensin,bensin 95 oktan,2000,2,97.44,
Bensin,bensin 95 oktan,2000,3,100.07,
Bensin,bensin 95 oktan,2000,4,95.79,
Bensin,bensin 95 oktan,2000,5,101.91,
Bensin,bensin 95 oktan,2000,6,104.62,
Bensin,bensin 95 oktan,2000,7,103.39,
Bensin,bensin 95 oktan,2000,8,100.9,
Bensin,bensin 95 oktan,2000,9,104.23,
Bensin,bensin 95 oktan,2000,10,102.63,
Bensin,bensin 95 oktan,2000,11,101.29,
Bensin,bensin 95 oktan,2000,12,95.55,
Bensin,bensin 95 oktan,2001,1,98.09,6.422914180318973
Bensin,bensin 95 oktan,2001,2,100.8,3.4482758620689724
Bensin,bensin 95 oktan,2001,3,99.53,-0.5396222644148962
Bensin,bensin 95 oktan,2001,4,104.58,9.176323207015336
Bensin,bensin 95 oktan,2001,5,110.6,8.52713178294573
Bensin,bensin 95 oktan,2001,6,105.29,0.6404129229592881
Bensin,bensin 95 oktan,2001,7,100.24,-3.0467163168585
Bensin,bensin 95 oktan,2001,8,99.48,-1.4073339940535168
Bensin,bensin 95 oktan,2001,9,103.08,-1.1033291758610786
Bensin,bensin 95 oktan,2001,10,94.73,-7.697554321348521
Bensin,bensin 95 oktan,2001,11,93.36,-7.829005824859325
Bensin,bensin 95 oktan,2001,12,91.58,-4.154892726321302
Bensin,bensin 95 oktan,2002,1,92.56,-5.637679681924768
Bensin,bensin 95 oktan,2002,2,94.2,-6.547619047619047
Bensin,bensin 95 oktan,2002,3,98.27,-1.2659499648347228
Bensin,bensin 95 oktan,2002,4,101.14,-3.2893478676611188
Bensin,bensin 95 oktan,2002,5,100.99,-8.688969258589507
Bensin,bensin 95 oktan,2002,6,98.12,-6.809763510304878
Bensin,bensin 95 oktan,2002,7,99.1,-1.137270550678371
Bensin,bensin 95 oktan,2002,8,99.53,0.05026135906713858
Bensin,bensin 95 oktan,2002,9,101.33,-1.6977105161040007
Bensin,bensin 95 oktan,2002,10,100.5,6.090995460783266
Bensin,bensin 95 oktan,2002,11,95.51,2.3029134532990714
Bensin,bensin 95 oktan,2002,12,96.55,5.426949115527413
Bensin,bensin 95 oktan,2003,1,100.79,8.891529818496124
Bensin,bensin 95 oktan,2003,2,105.08,11.549893842887471
Bensin,bensin 95 oktan,2003,3,103.65,5.474712526712122
Bensin,bensin 95 oktan,2003,4,97.4,-3.6978445718805597
Bensin,bensin 95 oktan,2003,5,96.33,-4.6143182493316175
Bensin,bensin 95 oktan,2003,6,97.53,-0.6013045250713445
Bensin,bensin 95 oktan,2003,7,100.14,1.049445005045424
Bensin,bensin 95 oktan,2003,8,101.65,2.1300110519441473
Bensin,bensin 95 oktan,2003,9,97.31,-3.9672357643343537
Bensin,bensin 95 oktan,2003,10,98.63,-1.8606965174129408
Bensin,bensin 95 oktan,2003,11,97.02,1.5809862841587252
Bensin,bensin 95 oktan,2003,12,96.82,0.27964785085448085
Bensin,bensin 95 oktan,2004,1,100.01,-0.7738862982438754
Bensin,bensin 95 oktan,2004,2,98.52,-6.242862580890751
Bensin,bensin 95 oktan,2004,3,103.01,-0.6174626145682538
Bensin,bensin 95 oktan,2004,4,104.36,7.145790554414777
Bensin,bensin 95 oktan,2004,5,110.77,14.990138067061132
Bensin,bensin 95 oktan,2004,6,104.32,6.96196042243411
Bensin,bensin 95 oktan,2004,7,110.26,10.105851807469545
Bensin,bensin 95 oktan,2004,8,107.31,5.56812592228233
Bensin,bensin 95 oktan,2004,9,106.6,9.546809166581017
Bensin,bensin 95 oktan,2004,10,110.11,11.639460610361962
Bensin,bensin 95 oktan,2004,11,103.22,6.390434961863534
Bensin,bensin 95 oktan,2004,12,102.0,5.350134269778972
Bensin,bensin 95 oktan,2005,1,104.45,4.439556044395565
Bensin,bensin 95 oktan,2005,2,107.2,8.810393828664242
Bensin,bensin 95 oktan,2005,3,109.13,5.941170760120373
Bensin,bensin 95 oktan,2005,4,112.92,8.202376389421229
Bensin,bensin 95 oktan,2005,5,112.21,1.2999909722849035
Bensin,bensin 95 oktan,2005,6,116.42,11.598926380368102
Bensin,bensin 95 oktan,2005,7,122.52,11.119172864139305
Bensin,bensin 95 oktan,2005,8,124.21,15.748765259528463
Bensin,bensin 95 oktan,2005,9,123.25,15.619136960600377
Bensin,bensin 95 oktan,2005,10,121.28,10.144401053491968
Bensin,bensin 95 oktan,2005,11,114.94,11.354388684363492
Bensin,bensin 95 oktan,2005,12,115.76,13.490196078431381
Bensin,bensin 95 oktan,2006,1,117.44,12.436572522738153
Bensin,bensin 95 oktan,2006,2,113.99,6.333955223880583
Bensin,bensin 95 oktan,2006,3,116.68,6.918354256391468
Bensin,bensin 95 oktan,2006,4,123.15,9.059511158342183
Bensin,bensin 95 oktan,2006,5,124.06,10.560556100169327
Bensin,bensin 95 oktan,2006,6,125.6,7.885243085380522
Bensin,bensin 95 oktan,2006,7,125.05,2.0649689846555574
Bensin,bensin 95 oktan,2006,8,124.25,0.03220352628612311
Bensin,bensin 95 oktan,2006,9,113.78,-7.683569979716021
Bensin,bensin 95 oktan,2006,10,111.84,-7.783641160949861
Bensin,bensin 95 oktan,2006,11,110.76,-3.636680006960147
Bensin,bensin 95 oktan,2006,12,111.83,-3.394955079474782
Bensin,bensin 95 oktan,2007,1,108.58,-7.5442779291553075
Bensin,bensin 95 oktan,2007,2,112.77,-1.070269321870343
Bensin,bensin 95 oktan,2007,3,118.82,1.834076105587923
Bensin,bensin 95 oktan,2007,4,122.18,-0.787657328461222
Bensin,bensin 95 oktan,2007,5,123.57,-0.3949701757214319
Bensin,bensin 95 oktan,2007,6,124.41,-0.9474522292993615
Bensin,bensin 95 oktan,2007,7,123.05,-1.5993602558976416
Bensin,bensin 95 oktan,2007,8,119.32,-3.967806841046284
Bensin,bensin 95 oktan,2007,9,121.07,6.407101423800299
Bensin,bensin 95 oktan,2007,10,120.37,7.626967095851223
Bensin,bensin 95 oktan,2007,11,126.01,13.768508486818343
Bensin,bensin 95 oktan,2007,12,124.27,11.124027541804526
Bensin,bensin 95 oktan,2008,1,127.21,17.157855958740086
Bensin,bensin 95 oktan,2008,2,128.82,14.232508645916475
Bensin,bensin 95 oktan,2008,3,129.66,9.12304325871065
Bensin,bensin 95 oktan,2008,4,132.54,8.479292846619725
Bensin,bensin 95 oktan,2008,5,137.97,11.653313911143481
Bensin,bensin 95 oktan,2008,6,143.45,15.304235993891169
Bensin,bensin 95 oktan,2008,7,142.32,15.660300690776108
Bensin,bensin 95 oktan,2008,8,136.9,14.733489775393904
Bensin,bensin 95 oktan,2008,9,137.22,13.339390435285381
Bensin,bensin 95 oktan,2008,10,124.67,3.572318684057496
Bensin,bensin 95 oktan,2008,11,112.78,-10.499166732798992
Bensin,bensin 95 oktan,2008,12,107.18,-13.752313510903669
Bensin,bensin 95 oktan,2009,1,111.39,-12.436129235123017
Bensin,bensin 95 oktan,2009,2,116.74,-9.377425865548828
Bensin,bensin 95 oktan,2009,3,118.78,-8.391176924263455
Bensin,bensin 95 oktan,2009,4,122.38,-7.665610381771537
Bensin,bensin 95 oktan,2009,5,127.03,-7.929259984054504
Bensin,bensin 95 oktan,2009,6,134.74,-6.071802021610306
Bensin,bensin 95 oktan,2009,7,128.12,-9.977515458122532
Bensin,bensin 95 oktan,2009,8,130.86,-4.411979547114675
Bensin,bensin 95 oktan,2009,9,124.67,-9.145897099548172
Bensin,bensin 95 oktan,2009,10,126.23,1.2513034410844615
Bensin,bensin 95 oktan,2009,11,129.3,14.647987231778693
Bensin,bensin 95 oktan,2009,12,127.63,19.080052248553827
Bensin,bensin 95 oktan,2010,1,130.82,17.44321752401472
Bensin,bensin 95 oktan,2010,2,132.12,13.174575980812065
Bensin,bensin 95 oktan,2010,3,136.22,14.682606499410667
Bensin,bensin 95 oktan,2010,4,137.91,12.689982023206415
Bensin,bensin 95 oktan,2010,5,137.87,8.533417302999302
Bensin,bensin 95 oktan,2010,6,136.73,1.4769185097224247
Bensin,bensin 95 oktan,2010,7,133.14,3.9182016859194313
Bensin,bensin 95 oktan,2010,8,132.9,1.5589179275561582
Bensin,bensin 95 oktan,2010,9,131.85,5.7592042993502846
Bensin,bensin 95 oktan,2010,10,131.89,4.483878634239069
Bensin,bensin 95 oktan,2010,11,134.3,3.866976024748636
Bensin,bensin 95 oktan,2010,12,138.62,8.61082817519392
Bensin,bensin 95 oktan,2011,1,139.75,6.826173367986543
Bensin,bensin 95 oktan,2011,2,140.68,6.478958522555245
Bensin,bensin 95 oktan,2011,3,145.6,6.885919835560128
Bensin,bensin 95 oktan,2011,4,149.96,8.73758248132841
Bensin,bensin 95 oktan,2011,5,150.16,8.91419453108
Bensin,bensin 95 oktan,2011,6,146.94,7.467271264535946
Bensin,bensin 95 oktan,2011,7,149.59,12.35541535226079
Bensin,bensin 95 oktan,2011,8,145.83,9.72911963882619
Bensin,bensin 95 oktan,2011,9,148.93,12.954114524080396
Bensin,bensin 95 oktan,2011,10,147.11,11.53991962999472
Bensin,bensin 95 oktan,2011,11,144.34,7.475800446760972
Bensin,bensin 95 oktan,2011,12,144.94,4.559226662819205
Bensin,bensin 95 oktan,2012,1,151.59,8.472271914132378
Bensin,bensin 95 oktan,2012,2,155.11,10.257321580892809
Bensin,bensin 95 oktan,2012,3,161.35,10.817307692307686
Bensin,bensin 95 oktan,2012,4,163.23,8.84902640704186
Bensin,bensin 95 oktan,2012,5,156.42,4.168886521044213
Bensin,bensin 95 oktan,2012,6,151.97,3.423165918061799
Bensin,bensin 95 oktan,2012,7,154.17,3.0617019854268124
Bensin,bensin 95 oktan,2012,8,158.3,8.551052595487896
Bensin,bensin 95 oktan,2012,9,160.2,7.56731350298796
Bensin,bensin 95 oktan,2012,10,154.35,4.921487322411777
Bensin,bensin 95 oktan,2012,11,150.5,4.267701260911738
Bensin,bensin 95 oktan,2012,12,149.2,2.9391472333379243
Bensin,bensin 95 oktan,2013,1,150.96,-0.4155946962200674
Bensin,bensin 95 oktan,2013,2,154.12,-0.6382567210366896
Bensin,bensin 95 oktan,2013,3,150.61,-6.656337155252546
Bensin,bensin 95 oktan,2013,4,148.21,-9.201739876248228
Bensin,bensin 95 oktan,2013,5,150.1,-4.040404040404033
Bensin,bensin 95 oktan,2013,6,149.98,-1.3094689741396381
Bensin,bensin 95 oktan,2013,7,153.68,-0.31783096581694537
Bensin,bensin 95 oktan,2013,8,152.13,-3.8976626658243974
Bensin,bensin 95 oktan,2013,9,151.78,-5.255930087390759
Bensin,bensin 95 oktan,2013,10,147.7,-4.308390022675745
Bensin,bensin 95 oktan,2013,11,147.53,-1.9734219269103015
Bensin,bensin 95 oktan,2013,12,148.08,-0.7506702412868438
Bensin,bensin 95 oktan,2014,1,146.48,-2.9676735559088674
Bensin,bensin 95 oktan,2014,2,147.99,-3.9774201920581342
Bensin,bensin 95 oktan,2014,3,148.09,-1.6731956709381879
Bensin,bensin 95 oktan,2014,4,152.35,2.793333783145524
Bensin,bensin 95 oktan,2014,5,151.54,0.9593604263824052
Bensin,bensin 95 oktan,2014,6,154.2,2.8137084944659385
Bensin,bensin 95 oktan,2014,7,154.68,0.6507027589796932
Bensin,bensin 95 oktan,2014,8,151.34,-0.5192927101820732
Bensin,bensin 95 oktan,2014,9,151.96,0.11859269996046251
Bensin,bensin 95 oktan,2014,10,145.7,-1.354096140826
Bensin,bensin 95 oktan,2014,11,142.66,-3.3010235206398675
Bensin,bensin 95 oktan,2014,12,132.44,-10.561858454889261
Bensin,bensin 95 oktan,2015,1,127.4,-13.025669033315124
Bensin,bensin 95 oktan,2015,2,135.95,-8.135684843570523
Bensin,bensin 95 oktan,2015,3,140.64,-5.030724559389577
Bensin,bensin 95 oktan,2015,4,145.11,-4.752215293731532
Bensin,bensin 95 oktan,2015,5,146.91,-3.0552989309753142
Bensin,bensin 95 oktan,2015,6,148.21,-3.8845654993514778
Bensin,bensin 95 oktan,2015,7,148.87,-3.7561417119213902
Bensin,bensin 95 oktan,2015,8,142.42,-5.894013479582405
Bensin,bensin 95 oktan,2015,9,133.42,-12.20057909976311
Bensin,bensin 95 oktan,2015,10,131.04,-10.061770761839394
Bensin,bensin 95 oktan,2015,11,132.97,-6.79237347539604
Bensin,bensin 95 oktan,2015,12,129.44,-2.2651766837813336
Bensin,bensin 95 oktan,2016,1,131.63,3.320251177394029
Bensin,bensin 95 oktan,2016,2,127.04,-6.553880102979026
Bensin,bensin 95 oktan,2016,3,132.26,-5.958475540386798
Bensin,bensin 95 oktan,2016,4,135.52,-6.608779546550892
Bensin,bensin 95 oktan,2016,5,137.9,-6.1330066026819114
Bensin,bensin 95 oktan,2016,6,140.07,-5.492207003576022
Bensin,bensin 95 oktan,2016,7,136.12,-8.564519379324242
Bensin,bensin 95 oktan,2016,8,136.19,-4.37438561999719
Bensin,bensin 95 oktan,2016,9,137.25,2.870634087842916
Bensin,bensin 95 oktan,2016,10,141.1,7.677045177045172
Bensin,bensin 95 oktan,2016,11,137.77,3.6098368052944307
Bensin,bensin 95 oktan,2016,12,143.6,10.939431396786148
Bensin,bensin 95 oktan,2017,1,148.46,12.785839094431362
Bensin,bensin 95 oktan,2017,2,149.32,17.53778337531484
Bensin,bensin 95 oktan,2017,3,144.87,9.534250718282177
Bensin,bensin 95 oktan,2017,4,149.8,10.53719008264462
Bensin,bensin 95 oktan,2017,5,146.43,6.185641769398109
Bensin,bensin 95 oktan,2017,6,143.12,2.1774826872278163
Bensin,bensin 95 oktan,2017,7,142.42,4.628269174258004
Bensin,bensin 95 oktan,2017,8,143.98,5.719950069755475
Bensin,bensin 95 oktan,2017,9,146.35,6.630236794171207
Bensin,bensin 95 oktan,2017,10,144.02,2.069454287739214
Bensin,bensin 95 oktan,2017,11,150.91,9.537635189083238
Bensin,bensin 95 oktan,2017,12,149.27,3.948467966573821
Bensin,bensin 95 oktan,2018,1,153.83,3.6171359288697413
Bensin,bensin 95 oktan,2018,2,150.88,1.0447361371551
Bensin,bensin 95 oktan,2018,3,151.31,4.445364809829511
Bensin,bensin 95 oktan,2018,4,158.01,5.480640854472618
Bensin,bensin 95 oktan,2018,5,165.37,12.934507956019935
Bensin,bensin 95 oktan,2018,6,163.47,14.218837339295698
Bensin,bensin 95 oktan,2018,7,164.98,15.840471843842163
Bensin,bensin 95 oktan,2018,8,167.64,16.432837894151973
Bensin,bensin 95 oktan,2018,9,168.06,14.834301332422273
Bensin,bensin 95 oktan,2018,10,164.72,14.37300374947923
Bensin,bensin 95 oktan,2018,11,156.28,3.558412298721092
Bensin,bensin 95 oktan,2018,12,150.3,0.6900247872981824
Bensin,bensin 95 oktan,2019,1,151.52,-1.5016576740557785
Bensin,bensin 95 oktan,2019,2,155.69,3.187963944856831
Bensin,bensin 95 oktan,2019,3,160.36,5.981098407243413
Bensin,bensin 95 oktan,2019,4,171.18,8.334915511676488
Bensin,bensin 95 oktan,2019,5,174.74,5.66608211888493
Bensin,bensin 95 oktan,2019,6,165.45,1.2112314186089046
Bensin,bensin 95 oktan,2019,7,166.14,0.7031155291550517
Bensin,bensin 95 oktan,2019,8,163.29,-2.594846098783099
Bensin,bensin 95 oktan,2019,9,162.01,-3.599904795906228
Bensin,bensin 95 oktan,2019,10,162.51,-1.341670713938814
Bensin,bensin 95 oktan,2019,11,162.95,4.267980547734829
Bensin,bensin 95 oktan,2019,12,162.36,8.023952095808372
Bensin,bensin 95 oktan,2020,1,165.92,9.503695881731765
Bensin,bensin 95 oktan,2020,2,161.25,3.5711991778534236
Bensin,bensin 95 oktan,2020,3,145.26,-9.416313295086065
Bensin,bensin 95 oktan,2020,4,130.91,-23.52494450286249
Bensin,bensin 95 oktan,2020,5,136.27,-22.015565983747276
Bensin,bensin 95 oktan,2020,6,144.8,-12.481112118464777
Bensin,bensin 95 oktan,2020,7,148.14,-10.834236186348868
Bensin,bensin 95 oktan,2020,8,146.8,-10.098597587114932
Bensin,bensin 95 oktan,2020,9,146.63,-9.493241157953214
Bensin,bensin 95 oktan,2020,10,146.09,-10.103993600393812
Bensin,bensin 95 oktan,2020,11,143.13,-12.163240257747777
Bensin,bensin 95 oktan,2020,12,146.23,-9.934712983493487
Bensin,bensin 95 oktan,2021,1,150.26,-9.438283510125355
Bensin,bensin 95 oktan,2021,2,155.67,-3.4604651162790767
Bensin,bensin 95 oktan,2021,3,162.41,11.806416081509031
Bensin,bensin 95 oktan,2021,4,163.31,24.749828126193574
Bensin,bensin 95 oktan,2021,5,164.81,20.94371468408307
Bensin,bensin 95 oktan,2021,6,167.02,15.345303867403315
Bensin,bensin 95 oktan,2021,7,172.46,16.416902929661138
Bensin,bensin 95 oktan,2021,8,176.28,20.081743869209802
Bensin,bensin 95 oktan,2021,9,177.76,21.230307576894212
Bensin,bensin 95 oktan,2021,10,186.61,27.736326921760558
Bensin,bensin 95 oktan,2021,11,190.78,33.291413400405226
Bensin,bensin 95 oktan,2021,12,182.94,25.10428776584832
Bensin,bensin 95 oktan,2022,1,192.81,28.317582856382284
Bensin,bensin 95 oktan,2022,2,204.36,31.2777028329158
Bensin,bensin 95 oktan,2022,3,225.14,38.62446893664182
Bensin,bensin 95 oktan,2022,4,222.15,36.02963688690222
Bensin,bensin 95 oktan,2022,5,225.93,37.085128329591655
Bensin,bensin 95 oktan,2022,6,249.48,49.37133277451802
Bensin,bensin 95 oktan,2022,7,230.77,33.81073872202249
Bensin,bensin 95 oktan,2022,8,210.02,19.140004538234635
Bensin,bensin 95 oktan,2022,9,201.94,13.602610261026115
Bensin,bensin 95 oktan,2022,10,227.97,22.163871175178173
Bensin,bensin 95 oktan,2022,11,217.88,14.204843274976419
Bensin,bensin 95 oktan,2022,12,199.36,8.97562042199629
Bensin,bensin 95 oktan,2023,1,208.93,8.360562211503563
Bensin,bensin 95 oktan,2023,2,210.11,2.813662164807207
Bensin,bensin 95 oktan,2023,3,211.07,-6.249444789908498
Bensin,bensin 95 oktan,2023,4,214.9,-3.2635606572135933
Bensin,bensin 95 oktan,2023,5,205.01,-9.259505156464398
Bensin,bensin 95 oktan,2023,6,210.59,-15.588423921757254
Bensin,bensin 95 oktan,2023,7,209.3,-9.303635654547815
Bensin,bensin 95 oktan,2023,8,223.32,6.332730216169891
Bensin,bensin 95 oktan,2023,9,227.01,12.41457858769932
Bensin,bensin 95 oktan,2023,10,214.31,-5.992016493398255
Bensin,bensin 95 oktan,2023,11,206.84,-5.06700936295208
Bensin,bensin 95 oktan,2023,12,196.25,-1.5599919743178203
Bensin,bensin 95 oktan,2024,1,187.61,-10.204374670942418
Bensin,bensin 95 oktan,2024,2,194.51,-7.424682309266584
Bensin,bensin 95 oktan,2024,3,198.29,-6.054863315487758
Bensin,bensin 95 oktan,2024,4,205.75,-4.257794322940899
Bensin,bensin 95 oktan,2024,5,200.35,-2.27305985073899
Bensin,bensin 95 oktan,2024,6,193.59,-8.072558051189516
Bensin,bensin 95 oktan,2024,7,197.17,-5.795508838987107
Bensin,bensin 95 oktan,2024,8,190.01,-14.915815869604154
Bensin,bensin 95 oktan,2024,9,178.03,-21.576142020175315
Bensin,bensin 95 oktan,2024,10,182.15,-15.006299286080903
Bensin,bensin 95 oktan,2024,11,182.54,-11.748211177721913
Bensin,bensin 95 oktan,2024,12,183.06,-6.721019108280258
Bensin,bensin 95 oktan,2025,1,180.4,-3.8430787271467426
Bensin,bensin 95 oktan,2025,2,178.28,-8.344044008020147
Bensin,bensin 95 oktan,2025,3,168.61,-14.967976196479892
Bensin,bensin 95 oktan,2025,4,166.67,-18.993924665856632
Bensin,bensin 95 oktan,2025,5,164.5,-17.893686049413525
Bensin,bensin 95 oktan,2025,6,167.56,-13.445942455705362
Bensin,bensin 95 oktan,2025,7,167.44,-15.078358776690159
Bensin,bensin 95 oktan,2025,8,167.96,-11.604652386716484
Bensin,bensin 95 oktan,2025,9,168.15,-5.549626467449309
Bensin,bensin 95 oktan,2025,10,167.36,-8.119681581114458
Bensin,bensin 95 oktan,2025,11,167.8,-8.074942478360903
Bensin,bensin 95 oktan,2025,12,159.28,-12.990276412105317
Diesel,dieselolja,1980,1,,
Diesel,dieselolja,1980,2,,
Diesel,dieselolja,1980,3,,
Diesel,dieselolja,1980,4,,
Diesel,dieselolja,1980,5,,
Diesel,dieselolja,1980,6,,
Diesel,dieselolja,1980,7,,
Diesel,dieselolja,1980,8,,
Diesel,dieselolja,1980,9,,
Diesel,dieselolja,1980,10,,
Diesel,dieselolja,1980,11,,
Diesel,dieselolja,1980,12,,
Diesel,dieselolja,1981,1,,
Diesel,dieselolja,1981,2,,
Diesel,dieselolja,1981,3,,
Diesel,dieselolja,1981,4,,
Diesel,dieselolja,1981,5,,
Diesel,dieselolja,1981,6,,
Diesel,dieselolja,1981,7,,
Diesel,dieselolja,1981,8,,
Diesel,dieselolja,1981,9,,
Diesel,dieselolja,1981,10,,
Diesel,dieselolja,1981,11,,
Diesel,dieselolja,1981,12,,
Diesel,dieselolja,1982,1,,
Diesel,dieselolja,1982,2,,
Diesel,dieselolja,1982,3,,
Diesel,dieselolja,1982,4,,
Diesel,dieselolja,1982,5,,
Diesel,dieselolja,1982,6,,
Diesel,dieselolja,1982,7,,
Diesel,dieselolja,1982,8,,
Diesel,dieselolja,1982,9,,
Diesel,dieselolja,1982,10,,
Diesel,dieselolja,1982,11,,
Diesel,dieselolja,1982,12,,
Diesel,dieselolja,1983,1,,
Diesel,dieselolja,1983,2,,
Diesel,dieselolja,1983,3,,
Diesel,dieselolja,1983,4,,
Diesel,dieselolja,1983,5,,
Diesel,dieselolja,1983,6,,
Diesel,dieselolja,1983,7,,
Diesel,dieselolja,1983,8,,
Diesel,dieselolja,1983,9,,
Diesel,dieselolja,1983,10,,
Diesel,dieselolja,1983,11,,
Diesel,dieselolja,1983,12,,
Diesel,dieselolja,1984,1,,
Diesel,dieselolja,1984,2,,
Diesel,dieselolja,1984,3,,
Diesel,dieselolja,1984,4,,
Diesel,dieselolja,1984,5,,
Diesel,dieselolja,1984,6,,
Diesel,dieselolja,1984,7,,
Diesel,dieselolja,1984,8,,
Diesel,dieselolja,1984,9,,
Diesel,dieselolja,1984,10,,
Diesel,dieselolja,1984,11,,
Diesel,dieselolja,1984,12,,
Diesel,dieselolja,1985,1,,
Diesel,dieselolja,1985,2,,
Diesel,dieselolja,1985,3,,
Diesel,dieselolja,1985,4,,
Diesel,dieselolja,1985,5,,
Diesel,dieselolja,1985,6,,
Diesel,dieselolja,1985,7,,
Diesel,dieselolja,1985,8,,
Diesel,dieselolja,1985,9,,
Diesel,dieselolja,1985,10,,
Diesel,dieselolja,1985,11,,
Diesel,dieselolja,1985,12,,
Diesel,dieselolja,1986,1,130.14,
Diesel,dieselolja,1986,2,123.71,
Diesel,dieselolja,1986,3,111.43,
Diesel,dieselolja,1986,4,110.86,
Diesel,dieselolja,1986,5,108.14,
Diesel,dieselolja,1986,6,89.56,
Diesel,dieselolja,1986,7,86.78,
Diesel,dieselolja,1986,8,81.8,
Diesel,dieselolja,1986,9,88.28,
Diesel,dieselolja,1986,10,88.28,
Diesel,dieselolja,1986,11,88.13,
Diesel,dieselolja,1986,12,92.9,
Diesel,dieselolja,1987,1,100.96,-22.42200706930997
Diesel,dieselolja,1987,2,107.95,-12.73947134427289
Diesel,dieselolja,1987,3,108.2,-2.8986807861437702
Diesel,dieselolja,1987,4,108.2,-2.3994226952913533
Diesel,dieselolja,1987,5,108.27,0.12021453671167137
Diesel,dieselolja,1987,6,103.58,15.65430995980348
Diesel,dieselolja,1987,7,108.73,25.293846508412088
Diesel,dieselolja,1987,8,110.59,35.195599022004906
Diesel,dieselolja,1987,9,112.93,27.92251925690983
Diesel,dieselolja,1987,10,112.63,27.582691436338912
Diesel,dieselolja,1987,11,112.98,28.19698173153298
Diesel,dieselolja,1987,12,112.98,21.614639397201294
Diesel,dieselolja,1988,1,113.41,12.331616481774965
Diesel,dieselolja,1988,2,113.26,4.918943955534982
Diesel,dieselolja,1988,3,113.1,4.528650646950094
Diesel,dieselolja,1988,4,99.92,-7.652495378927915
Diesel,dieselolja,1988,5,104.45,-3.5282164957975315
Diesel,dieselolja,1988,6,108.61,4.856149835875656
Diesel,dieselolja,1988,7,116.91,7.5232226616389175
Diesel,dieselolja,1988,8,117.39,6.148838050456629
Diesel,dieselolja,1988,9,121.36,7.464801204285831
Diesel,dieselolja,1988,10,121.83,8.168338808487974
Diesel,dieselolja,1988,11,122.09,8.06337404850417
Diesel,dieselolja,1988,12,125.85,11.39139670738183
Diesel,dieselolja,1989,1,126.23,11.304117802662915
Diesel,dieselolja,1989,2,126.01,11.257284125022071
Diesel,dieselolja,1989,3,127.07,12.351900972590624
Diesel,dieselolja,1989,4,135.34,35.448358686949554
Diesel,dieselolja,1989,5,135.46,29.68884633796076
Diesel,dieselolja,1989,6,135.6,24.85038210109567
Diesel,dieselolja,1989,7,139.71,19.50218116499873
Diesel,dieselolja,1989,8,139.88,19.15836101882613
Diesel,dieselolja,1989,9,144.63,19.174357284113384
Diesel,dieselolja,1989,10,145.17,19.157842895838463
Diesel,dieselolja,1989,11,152.48,24.891473503153392
Diesel,dieselolja,1989,12,157.06,24.799364322606277
Diesel,dieselolja,1990,1,165.02,30.72962053394597
Diesel,dieselolja,1990,2,162.21,28.727878739782554
Diesel,dieselolja,1990,3,200.11,57.48012906272135
Diesel,dieselolja,1990,4,197.06,45.60366484409635
Diesel,dieselolja,1990,5,193.34,42.7284807323195
Diesel,dieselolja,1990,6,196.62,45.000000000000014
Diesel,dieselolja,1990,7,198.92,42.380645623076354
Diesel,dieselolja,1990,8,212.13,51.65141549899914
Diesel,dieselolja,1990,9,227.17,57.069764225955886
Diesel,dieselolja,1990,10,244.68,68.54722050010335
Diesel,dieselolja,1990,11,241.48,58.36831059811123
Diesel,dieselolja,1990,12,237.63,51.298866675156
Diesel,dieselolja,1991,1,253.81,53.80559932129438
Diesel,dieselolja,1991,2,251.51,55.052092965908386
Diesel,dieselolja,1991,3,231.29,15.58143021338263
Diesel,dieselolja,1991,4,222.97,13.14827971176291
Diesel,dieselolja,1991,5,209.11,8.156615289127966
Diesel,dieselolja,1991,6,208.85,6.220120028481335
Diesel,dieselolja,1991,7,212.87,7.012869495274487
Diesel,dieselolja,1991,8,212.7,0.26870315372649056
Diesel,dieselolja,1991,9,214.63,-5.520095082977505
Diesel,dieselolja,1991,10,218.19,-10.826385483079948
Diesel,dieselolja,1991,11,228.05,-5.561537187344701
Diesel,dieselolja,1991,12,224.06,-5.710558431174517
Diesel,dieselolja,1992,1,212.97,-16.09077656514716
Diesel,dieselolja,1992,2,210.44,-16.329370601566538
Diesel,dieselolja,1992,3,207.37,-10.341994898179774
Diesel,dieselolja,1992,4,207.95,-6.736332242005661
Diesel,dieselolja,1992,5,207.86,-0.5977715078188561
Diesel,dieselolja,1992,6,211.13,1.0916926023461837
Diesel,dieselolja,1992,7,211.54,-0.6247944755014889
Diesel,dieselolja,1992,8,209.9,-1.316408086506804
Diesel,dieselolja,1992,9,207.57,-3.289381726692453
Diesel,dieselolja,1992,10,210.97,-3.3090425775700094
Diesel,dieselolja,1992,11,216.4,-5.10852883139663
Diesel,dieselolja,1992,12,229.17,2.2806391145228977
Diesel,dieselolja,1993,1,245.28,15.171150866319195
Diesel,dieselolja,1993,2,246.11,16.95019958182855
Diesel,dieselolja,1993,3,250.44,20.769638809856783
Diesel,dieselolja,1993,4,250.51,20.466458283241163
Diesel,dieselolja,1993,5,250.48,20.504185509477523
Diesel,dieselolja,1993,6,248.42,17.662103917017944
Diesel,dieselolja,1993,7,250.21,18.28023068923137
Diesel,dieselolja,1993,8,242.19,15.383515959980931
Diesel,dieselolja,1993,9,227.34,9.524497759791872
Diesel,dieselolja,1993,10,299.3,41.86851211072664
Diesel,dieselolja,1993,11,300.1,38.678373382624784
Diesel,dieselolja,1993,12,300.1,30.95082253349044
Diesel,dieselolja,1994,1,302.65,23.389595564253085
Diesel,dieselolja,1994,2,302.74,23.010036162691485
Diesel,dieselolja,1994,3,301.48,20.380130969493692
Diesel,dieselolja,1994,4,301.9,20.51415113169135
Diesel,dieselolja,1994,5,303.67,21.235228361545833
Diesel,dieselolja,1994,6,303.04,21.986957571854138
Diesel,dieselolja,1994,7,307.96,23.08061228568001
Diesel,dieselolja,1994,8,308.23,27.26784755770264
Diesel,dieselolja,1994,9,308.35,35.63385237969561
Diesel,dieselolja,1994,10,306.34,2.352155028399583
Diesel,dieselolja,1994,11,306.25,2.049316894368536
Diesel,dieselolja,1994,12,308.8,2.899033655448191
Diesel,dieselolja,1995,1,312.04,3.1025937551627525
Diesel,dieselolja,1995,2,311.58,2.91999735746844
Diesel,dieselolja,1995,3,289.59,-3.9438768740878483
Diesel,dieselolja,1995,4,288.88,-4.312686319973491
Diesel,dieselolja,1995,5,293.51,-3.3457371488787246
Diesel,dieselolja,1995,6,292.09,-3.6133843717001235
Diesel,dieselolja,1995,7,292.25,-5.101311858682944
Diesel,dieselolja,1995,8,292.34,-5.155241215975092
Diesel,dieselolja,1995,9,295.34,-4.219231392897694
Diesel,dieselolja,1995,10,292.43,-4.54070640464842
Diesel,dieselolja,1995,11,291.91,-4.6824489795918245
Diesel,dieselolja,1995,12,294.16,-4.740932642487039
Diesel,dieselolja,1996,1,303.43,-2.759261633123966
Diesel,dieselolja,1996,2,274.3,-11.96482444316066
Diesel,dieselolja,1996,3,279.01,-3.6534410718602084
Diesel,dieselolja,1996,4,286.01,-0.9934921074494563
Diesel,dieselolja,1996,5,283.54,-3.3968178256277404
Diesel,dieselolja,1996,6,281.01,-3.7933513643055194
Diesel,dieselolja,1996,7,283.63,-2.94952951240377
Diesel,dieselolja,1996,8,283.6,-2.989669562837771
Diesel,dieselolja,1996,9,295.84,0.16929640414438119
Diesel,dieselolja,1996,10,284.01,-2.879321547036906
Diesel,dieselolja,1996,11,280.75,-3.8230961597752855
Diesel,dieselolja,1996,12,284.78,-3.188740821321745
Diesel,dieselolja,1997,1,289.82,-4.485383778795771
Diesel,dieselolja,1997,2,286.29,4.371126503827938
Diesel,dieselolja,1997,3,282.73,1.3332855453209724
Diesel,dieselolja,1997,4,284.81,-0.41956574944931324
Diesel,dieselolja,1997,5,288.74,1.8339564082669124
Diesel,dieselolja,1997,6,288.97,2.832639407850257
Diesel,dieselolja,1997,7,294.12,3.698480414624683
Diesel,dieselolja,1997,8,298.16,5.133991537376592
Diesel,dieselolja,1997,9,298.19,0.7943482963764348
Diesel,dieselolja,1997,10,301.27,6.077250801028122
Diesel,dieselolja,1997,11,280.0,-0.267141585040076
Diesel,dieselolja,1997,12,276.29,-2.9812486831940266
Diesel,dieselolja,1998,1,274.25,-5.372300048305845
Diesel,dieselolja,1998,2,273.91,-4.3242865625764075
Diesel,dieselolja,1998,3,272.53,-3.6076822410073373
Diesel,dieselolja,1998,4,274.85,-3.4970682209191972
Diesel,dieselolja,1998,5,275.18,-4.696266537369265
Diesel,dieselolja,1998,6,275.38,-4.7029103367131615
Diesel,dieselolja,1998,7,275.32,-6.391948864409091
Diesel,dieselolja,1998,8,275.32,-7.660316608532347
Diesel,dieselolja,1998,9,278.28,-6.6769509373218465
Diesel,dieselolja,1998,10,284.55,-5.549839014837177
Diesel,dieselolja,1998,11,264.88,-5.400000000000005
Diesel,dieselolja,1998,12,263.69,-4.560425639726384
Diesel,dieselolja,1999,1,262.95,-4.120328167730181
Diesel,dieselolja,1999,2,263.14,-3.93194845022089
Diesel,dieselolja,1999,3,272.6,0.025685245661044576
Diesel,dieselolja,1999,4,278.56,1.3498271784609717
Diesel,dieselolja,1999,5,280.62,1.9768878552220315
Diesel,dieselolja,1999,6,281.41,2.1897015033771616
Diesel,dieselolja,1999,7,290.61,5.553537701583622
Diesel,dieselolja,1999,8,294.57,6.991864012785132
Diesel,dieselolja,1999,9,303.67,9.123903981601277
Diesel,dieselolja,1999,10,303.51,6.663152345809165
Diesel,dieselolja,1999,11,312.68,18.045907580791297
Diesel,dieselolja,1999,12,320.12,21.40012893928478
Diesel,dieselolja,2000,1,337.31,28.279140521011612
Diesel,dieselolja,2000,2,345.89,31.44713840541158
Diesel,dieselolja,2000,3,349.99,28.38958180484226
Diesel,dieselolja,2000,4,340.35,22.18193566915567
Diesel,dieselolja,2000,5,351.81,25.368826170622192
Diesel,dieselolja,2000,6,353.76,25.70981841441311
Diesel,dieselolja,2000,7,352.58,21.324111351983753
Diesel,dieselolja,2000,8,365.13,23.953559425603423
Diesel,dieselolja,2000,9,398.39,31.191754206869284
Diesel,dieselolja,2000,10,401.59,32.31524496721689
Diesel,dieselolja,2000,11,402.49,28.722655750287828
Diesel,dieselolja,2000,12,385.81,20.52042983881044
Diesel,dieselolja,2001,1,367.74,9.021374996294206
Diesel,dieselolja,2001,2,379.71,9.777674983376205
Diesel,dieselolja,2001,3,374.8,7.0887739649704296
Diesel,dieselolja,2001,4,377.51,10.918172469516673
Diesel,dieselolja,2001,5,381.44,8.4221596884682
Diesel,dieselolja,2001,6,392.4,10.922659430122117
Diesel,dieselolja,2001,7,385.61,9.368086675364463
Diesel,dieselolja,2001,8,381.33,4.436775942814886
Diesel,dieselolja,2001,9,386.42,-3.004593488792384
Diesel,dieselolja,2001,10,383.99,-4.382579247491214
Diesel,dieselolja,2001,11,364.0,-9.562970508584067
Diesel,dieselolja,2001,12,358.75,-7.013815090329434
Diesel,dieselolja,2002,1,358.03,-2.640452493609624
Diesel,dieselolja,2002,2,363.06,-4.384925337757761
Diesel,dieselolja,2002,3,370.66,-1.1045891141942321
Diesel,dieselolja,2002,4,372.38,-1.3589043998834427
Diesel,dieselolja,2002,5,377.84,-0.9437919463087363
Diesel,dieselolja,2002,6,363.41,-7.387869520897028
Diesel,dieselolja,2002,7,365.57,-5.196960659733929
Diesel,dieselolja,2002,8,368.94,-3.2491542758240843
Diesel,dieselolja,2002,9,376.08,-2.675844935562355
Diesel,dieselolja,2002,10,381.24,-0.716164483450088
Diesel,dieselolja,2002,11,336.4,-7.582417582417589
Diesel,dieselolja,2002,12,341.06,-4.9310104529616705
Diesel,dieselolja,2003,1,350.99,-1.9663156718710662
Diesel,dieselolja,2003,2,367.63,1.2587451110009251
Diesel,dieselolja,2003,3,398.83,7.599956833755983
Diesel,dieselolja,2003,4,346.62,-6.917664751060737
Diesel,dieselolja,2003,5,328.41,-13.08225704001693
Diesel,dieselolja,2003,6,331.58,-8.75870229217689
Diesel,dieselolja,2003,7,337.11,-7.785102716306036
Diesel,dieselolja,2003,8,343.38,-6.9279557651650725
Diesel,dieselolja,2003,9,334.24,-11.12529249095936
Diesel,dieselolja,2003,10,343.18,-9.983212674430808
Diesel,dieselolja,2003,11,342.09,1.69143876337694
Diesel,dieselolja,2003,12,335.95,-1.4982700991028053
Diesel,dieselolja,2004,1,346.9,-1.1652753639704971
Diesel,dieselolja,2004,2,335.64,-8.701683758126377
Diesel,dieselolja,2004,3,358.75,-10.049394478850637
Diesel,dieselolja,2004,4,353.31,1.9300675090877517
Diesel,dieselolja,2004,5,375.18,14.241344660637601
Diesel,dieselolja,2004,6,365.0,10.079015622172637
Diesel,dieselolja,2004,7,369.23,9.528047224941405
Diesel,dieselolja,2004,8,389.89,13.54476090628458
Diesel,dieselolja,2004,9,391.47,17.122426998563924
Diesel,dieselolja,2004,10,417.36,21.61547875750336
Diesel,dieselolja,2004,11,388.95,13.69814960975182
Diesel,dieselolja,2004,12,390.83,16.335764250632522
Diesel,dieselolja,2005,1,402.33,15.978668204093394
Diesel,dieselolja,2005,2,407.65,21.454534620426635
Diesel,dieselolja,2005,3,440.81,22.87386759581882
Diesel,dieselolja,2005,4,443.78,25.606407970337663
Diesel,dieselolja,2005,5,431.17,14.923503385041847
Diesel,dieselolja,2005,6,462.47,26.704109589041103
Diesel,dieselolja,2005,7,472.88,28.071933483194744
Diesel,dieselolja,2005,8,475.77,22.026725486675723
Diesel,dieselolja,2005,9,478.05,22.116637290213802
Diesel,dieselolja,2005,10,499.93,19.783879624305143
Diesel,dieselolja,2005,11,471.92,21.33179071860136
Diesel,dieselolja,2005,12,465.78,19.177135839111624
Diesel,dieselolja,2006,1,474.09,17.83610469017971
Diesel,dieselolja,2006,2,470.63,15.449527781184846
Diesel,dieselolja,2006,3,481.96,9.335087679499088
Diesel,dieselolja,2006,4,490.44,10.514218757041792
Diesel,dieselolja,2006,5,493.19,14.38411763341605
Diesel,dieselolja,2006,6,487.89,5.496572750664908
Diesel,dieselolja,2006,7,495.37,4.755963457959744
Diesel,dieselolja,2006,8,492.51,3.5185068415410914
Diesel,dieselolja,2006,9,465.79,-2.56458529442527
Diesel,dieselolja,2006,10,458.56,-8.275158522193104
Diesel,dieselolja,2006,11,451.7,-4.284624512629264
Diesel,dieselolja,2006,12,448.09,-3.7979303533857145
Diesel,dieselolja,2007,1,434.81,-8.285346664135496
Diesel,dieselolja,2007,2,447.84,-4.842445232985582
Diesel,dieselolja,2007,3,454.46,-5.705867706863643
Diesel,dieselolja,2007,4,458.51,-6.510480384960449
Diesel,dieselolja,2007,5,436.01,-11.593909041140337
Diesel,dieselolja,2007,6,457.09,-6.312898399229338
Diesel,dieselolja,2007,7,447.5,-9.663483860548682
Diesel,dieselolja,2007,8,455.27,-7.561267791516924
Diesel,dieselolja,2007,9,466.04,0.05367225573755796
Diesel,dieselolja,2007,10,473.48,3.253663642707605
Diesel,dieselolja,2007,11,514.37,13.87425282266992
Diesel,dieselolja,2007,12,503.86,12.446160369568627
Diesel,dieselolja,2008,1,522.65,20.201927278581433
Diesel,dieselolja,2008,2,534.09,19.25911039657022
Diesel,dieselolja,2008,3,565.16,24.358579412929625
Diesel,dieselolja,2008,4,569.41,24.18704063161108
Diesel,dieselolja,2008,5,609.35,39.75596889979589
Diesel,dieselolja,2008,6,626.25,37.008029053359294
Diesel,dieselolja,2008,7,627.98,40.33072625698324
Diesel,dieselolja,2008,8,582.2,27.880159026511752
Diesel,dieselolja,2008,9,583.43,25.188824993562765
Diesel,dieselolja,2008,10,545.71,15.255132212553857
Diesel,dieselolja,2008,11,517.78,0.6629469059237447
Diesel,dieselolja,2008,12,481.45,-4.447664033660148
Diesel,dieselolja,2009,1,482.8,-7.624605376446947
Diesel,dieselolja,2009,2,477.17,-10.657379842348668
Diesel,dieselolja,2009,3,474.03,-16.124637270861353
Diesel,dieselolja,2009,4,484.22,-14.96110008605398
Diesel,dieselolja,2009,5,481.67,-20.95347501435957
Diesel,dieselolja,2009,6,514.19,-17.893812375249496
Diesel,dieselolja,2009,7,494.56,-21.245899550941118
Diesel,dieselolja,2009,8,505.31,-13.206801786327727
Diesel,dieselolja,2009,9,487.01,-16.52640419587611
Diesel,dieselolja,2009,10,498.56,-8.640120210368153
Diesel,dieselolja,2009,11,505.06,-2.4566418169879034
Diesel,dieselolja,2009,12,500.11,3.8757918786997747
Diesel,dieselolja,2010,1,513.9,6.441590720795354
Diesel,dieselolja,2010,2,512.97,7.5025672192300386
Diesel,dieselolja,2010,3,524.94,10.73982659325361
Diesel,dieselolja,2010,4,543.71,12.28573788773697
Diesel,dieselolja,2010,5,547.11,13.586065148338067
Diesel,dieselolja,2010,6,546.91,6.3634065228806325
Diesel,dieselolja,2010,7,529.56,7.076997735360724
Diesel,dieselolja,2010,8,530.59,5.002869525637732
Diesel,dieselolja,2010,9,528.66,8.552185786739486
Diesel,dieselolja,2010,10,529.17,6.139682284980741
Diesel,dieselolja,2010,11,539.47,6.813051914624002
Diesel,dieselolja,2010,12,553.5,10.675651356701522
Diesel,dieselolja,2011,1,574.66,11.823311928390744
Diesel,dieselolja,2011,2,586.22,14.279587500243673
Diesel,dieselolja,2011,3,611.13,16.419019316493298
Diesel,dieselolja,2011,4,618.21,13.702157400084602
Diesel,dieselolja,2011,5,602.85,10.188079179689646
Diesel,dieselolja,2011,6,603.29,10.30882594942495
Diesel,dieselolja,2011,7,608.64,14.933152050759135
Diesel,dieselolja,2011,8,596.37,12.397519742173802
Diesel,dieselolja,2011,9,608.91,15.179888775394401
Diesel,dieselolja,2011,10,616.35,16.47485685129544
Diesel,dieselolja,2011,11,630.72,16.91474966170501
Diesel,dieselolja,2011,12,620.32,12.072267389340574
Diesel,dieselolja,2012,1,639.09,11.211847005185692
Diesel,dieselolja,2012,2,641.35,9.404319197570876
Diesel,dieselolja,2012,3,653.33,6.905241110729321
Diesel,dieselolja,2012,4,646.79,4.623024538587206
Diesel,dieselolja,2012,5,637.99,5.828979016339053
Diesel,dieselolja,2012,6,615.27,1.9857779840541046
Diesel,dieselolja,2012,7,626.47,2.9294821240799296
Diesel,dieselolja,2012,8,638.8,7.114710666197155
Diesel,dieselolja,2012,9,647.04,6.262009163915838
Diesel,dieselolja,2012,10,646.64,4.914415510667625
Diesel,dieselolja,2012,11,633.28,0.4058853373921867
Diesel,dieselolja,2012,12,622.7,0.3836729429971708
Diesel,dieselolja,2013,1,631.03,-1.261168223567899
Diesel,dieselolja,2013,2,634.42,-1.0805332501754195
Diesel,dieselolja,2013,3,618.76,-5.291353527313925
Diesel,dieselolja,2013,4,603.07,-6.7595355524977085
Diesel,dieselolja,2013,5,613.4,-3.8542923870280132
Diesel,dieselolja,2013,6,609.93,-0.8679116485445504
Diesel,dieselolja,2013,7,628.05,0.25220680958384367
Diesel,dieselolja,2013,8,623.93,-2.3278021289918627
Diesel,dieselolja,2013,9,636.13,-1.6861399604352068
Diesel,dieselolja,2013,10,621.03,-3.960472596808118
Diesel,dieselolja,2013,11,617.59,-2.4775770591207613
Diesel,dieselolja,2013,12,625.82,0.5010438413361129
Diesel,dieselolja,2014,1,613.11,-2.8398015942189714
Diesel,dieselolja,2014,2,617.35,-2.6906465748242403
Diesel,dieselolja,2014,3,612.58,-0.9987717370224192
Diesel,dieselolja,2014,4,620.49,2.8885535675792218
Diesel,dieselolja,2014,5,614.83,0.2331268340397985
Diesel,dieselolja,2014,6,616.63,1.0984867115898522
Diesel,dieselolja,2014,7,621.76,-1.0015126184220957
Diesel,dieselolja,2014,8,621.49,-0.3910695110028284
Diesel,dieselolja,2014,9,618.86,-2.7148538820681245
Diesel,dieselolja,2014,10,600.34,-3.3315620823470615
Diesel,dieselolja,2014,11,595.58,-3.5638530416619463
Diesel,dieselolja,2014,12,558.64,-10.734716052539072
Diesel,dieselolja,2015,1,540.11,-11.906509435500967
Diesel,dieselolja,2015,2,573.65,-7.078642585243388
Diesel,dieselolja,2015,3,580.06,-5.30869437461231
Diesel,dieselolja,2015,4,583.32,-5.990426920659475
Diesel,dieselolja,2015,5,589.29,-4.153993786900456
Diesel,dieselolja,2015,6,575.82,-6.618231354296733
Diesel,dieselolja,2015,7,567.97,-8.651248069994843
Diesel,dieselolja,2015,8,549.78,-11.53839965244815
Diesel,dieselolja,2015,9,540.15,-12.718547005784831
Diesel,dieselolja,2015,10,535.34,-10.827197921178
Diesel,dieselolja,2015,11,538.21,-9.632627019040264
Diesel,dieselolja,2015,12,509.7,-8.760561363310892
Diesel,dieselolja,2016,1,504.7,-6.556071911277339
Diesel,dieselolja,2016,2,505.87,-11.81556698335221
Diesel,dieselolja,2016,3,527.63,-9.03872013240009
Diesel,dieselolja,2016,4,521.61,-10.579098950833165
Diesel,dieselolja,2016,5,540.9,-8.211576643078955
Diesel,dieselolja,2016,6,557.15,-3.2423326734048907
Diesel,dieselolja,2016,7,549.9,-3.181506065461215
Diesel,dieselolja,2016,8,550.05,0.049110553312226024
Diesel,dieselolja,2016,9,553.98,2.560399888919762
Diesel,dieselolja,2016,10,576.92,7.767026562558366
Diesel,dieselolja,2016,11,568.82,5.687371100499816
Diesel,dieselolja,2016,12,593.73,16.48616833431431
Diesel,dieselolja,2017,1,606.39,20.148603130572607
Diesel,dieselolja,2017,2,605.07,19.609781169075056
Diesel,dieselolja,2017,3,594.63,12.698292363967179
Diesel,dieselolja,2017,4,602.64,15.534594812216017
Diesel,dieselolja,2017,5,586.65,8.458125346644474
Diesel,dieselolja,2017,6,569.02,2.1304855065960693
Diesel,dieselolja,2017,7,572.75,4.155300963811603
Diesel,dieselolja,2017,8,578.35,5.144986819380071
Diesel,dieselolja,2017,9,589.88,6.48037835300912
Diesel,dieselolja,2017,10,596.87,3.458018442765032
Diesel,dieselolja,2017,11,615.72,8.245139059808015
Diesel,dieselolja,2017,12,615.88,3.730651979856159
Diesel,dieselolja,2018,1,630.96,4.051847820709442
Diesel,dieselolja,2018,2,615.6,1.7402945113788482
Diesel,dieselolja,2018,3,623.56,4.865210298841283
Diesel,dieselolja,2018,4,645.91,7.180074339572551
Diesel,dieselolja,2018,5,679.52,15.830563368277506
Diesel,dieselolja,2018,6,672.17,18.127658078802146
Diesel,dieselolja,2018,7,676.58,18.128328240942835
Diesel,dieselolja,2018,8,683.62,18.20178092850351
Diesel,dieselolja,2018,9,697.38,18.22404556859023
Diesel,dieselolja,2018,10,716.26,20.002680650727967
Diesel,dieselolja,2018,11,697.56,13.2917559929838
Diesel,dieselolja,2018,12,660.26,7.205949210885243
Diesel,dieselolja,2019,1,658.64,4.386965893242034
Diesel,dieselolja,2019,2,678.82,10.269655620532813
Diesel,dieselolja,2019,3,689.81,10.624478799153248
Diesel,dieselolja,2019,4,698.58,8.154386834079052
Diesel,dieselolja,2019,5,711.72,4.738639039321879
Diesel,dieselolja,2019,6,679.24,1.0518172486127186
Diesel,dieselolja,2019,7,682.39,0.8587306748647494
Diesel,dieselolja,2019,8,682.26,-0.19894093209678054
Diesel,dieselolja,2019,9,700.55,0.45455849034958806
Diesel,dieselolja,2019,10,701.34,-2.0830424706112294
Diesel,dieselolja,2019,11,695.23,-0.3340214461838298
Diesel,dieselolja,2019,12,694.2,5.140399236664361
Diesel,dieselolja,2020,1,712.23,8.136463014696949
Diesel,dieselolja,2020,2,684.81,0.8824136000706861
Diesel,dieselolja,2020,3,637.49,-7.584697235470628
Diesel,dieselolja,2020,4,595.71,-14.725586189126517
Diesel,dieselolja,2020,5,583.05,-18.07873882987693
Diesel,dieselolja,2020,6,606.16,-10.759083681761972
Diesel,dieselolja,2020,7,619.03,-9.28501296912323
Diesel,dieselolja,2020,8,608.26,-10.846304927740158
Diesel,dieselolja,2020,9,591.57,-15.556348583255996
Diesel,dieselolja,2020,10,594.8,-15.190920238400786
Diesel,dieselolja,2020,11,597.25,-14.093177797275725
Diesel,dieselolja,2020,12,613.88,-11.570152693748204
Diesel,dieselolja,2021,1,640.57,-10.06135658424947
Diesel,dieselolja,2021,2,667.29,-2.558373855521967
Diesel,dieselolja,2021,3,685.74,7.568746176410612
Diesel,dieselolja,2021,4,680.21,14.184754326769733
Diesel,dieselolja,2021,5,692.22,18.723951633650636
Diesel,dieselolja,2021,6,705.47,16.383463112049633
Diesel,dieselolja,2021,7,722.74,16.753630680257835
Diesel,dieselolja,2021,8,749.27,23.182520632624204
Diesel,dieselolja,2021,9,768.69,29.94066636239161
Diesel,dieselolja,2021,10,821.12,38.0497646267653
Diesel,dieselolja,2021,11,825.84,38.2737547090833
Diesel,dieselolja,2021,12,816.88,33.068352120935685
Diesel,dieselolja,2022,1,888.01,38.62809685124184
Diesel,dieselolja,2022,2,933.28,39.86122975018358
Diesel,dieselolja,2022,3,1076.13,56.92974013474497
Diesel,dieselolja,2022,4,1066.25,56.75306155451991
Diesel,dieselolja,2022,5,1024.58,48.01363728294472
Diesel,dieselolja,2022,6,1131.21,60.348420202134754
Diesel,dieselolja,2022,7,1091.65,51.043252068517056
Diesel,dieselolja,2022,8,1042.26,39.10339397013094
Diesel,dieselolja,2022,9,1044.74,35.911745957408044
Diesel,dieselolja,2022,10,1180.91,43.81698168355417
Diesel,dieselolja,2022,11,1112.37,34.69558267945363
Diesel,dieselolja,2022,12,1014.74,24.221427871902847
Diesel,dieselolja,2023,1,1039.32,17.039222531277787
Diesel,dieselolja,2023,2,989.72,6.047488427910164
Diesel,dieselolja,2023,3,974.78,-9.418007118099126
Diesel,dieselolja,2023,4,949.98,-10.904572098475962
Diesel,dieselolja,2023,5,903.57,-11.810693162076157
Diesel,dieselolja,2023,6,945.97,-16.375385648995323
Diesel,dieselolja,2023,7,962.86,-11.797737370036188
Diesel,dieselolja,2023,8,1045.46,0.307025118492521
Diesel,dieselolja,2023,9,1103.69,5.642552213947982
Diesel,dieselolja,2023,10,1073.9,-9.061655841681414
Diesel,dieselolja,2023,11,1024.62,-7.888562258960596
Diesel,dieselolja,2023,12,975.44,-3.8729132585686887
Diesel,dieselolja,2024,1,792.94,-23.705884616864857
Diesel,dieselolja,2024,2,823.63,-16.781513963545247
Diesel,dieselolja,2024,3,803.77,-17.543445700568327
Diesel,dieselolja,2024,4,807.18,-15.031895408324392
Diesel,dieselolja,2024,5,779.52,-13.728875460672674
Diesel,dieselolja,2024,6,771.29,-18.465701872152394
Diesel,dieselolja,2024,7,788.45,-18.113744469600977
Diesel,dieselolja,2024,8,754.71,-27.8107244657854
Diesel,dieselolja,2024,9,723.94,-34.40730639944187
Diesel,dieselolja,2024,10,741.01,-30.998230747741886
Diesel,dieselolja,2024,11,763.46,-25.488473775643637
Diesel,dieselolja,2024,12,765.76,-21.495940293611092
Diesel,dieselolja,2025,1,793.77,0.10467374580673816
Diesel,dieselolja,2025,2,778.69,-5.456333547830939
Diesel,dieselolja,2025,3,735.32,-8.516117794891564
Diesel,dieselolja,2025,4,695.41,-13.84697341361283
Diesel,dieselolja,2025,5,679.35,-12.85021551724137
Diesel,dieselolja,2025,6,705.0,-8.59469200949059
Diesel,dieselolja,2025,7,735.01,-6.777855285687117
Diesel,dieselolja,2025,8,714.87,-5.278848829351679
Diesel,dieselolja,2025,9,716.34,-1.049810757797609
Diesel,dieselolja,2025,10,709.79,-4.213168513245435
Diesel,dieselolja,2025,11,748.45,-1.9660493018625713
Diesel,dieselolja,2025,12,701.75,-8.359015879648979
Räntekostnader,"räntekostnader, egnahem",1980,1,92.05,
Räntekostnader,"räntekostnader, egnahem",1980,2,98.38,
Räntekostnader,"räntekostnader, egnahem",1980,3,98.82,
Räntekostnader,"räntekostnader, egnahem",1980,4,99.27,
Räntekostnader,"räntekostnader, egnahem",1980,5,99.7,
Räntekostnader,"räntekostnader, egnahem",1980,6,100.14,
Räntekostnader,"räntekostnader, egnahem",1980,7,100.78,
Räntekostnader,"räntekostnader, egnahem",1980,8,101.22,
Räntekostnader,"räntekostnader, egnahem",1980,9,101.68,
Räntekostnader,"räntekostnader, egnahem",1980,10,102.15,
Räntekostnader,"räntekostnader, egnahem",1980,11,102.61,
Räntekostnader,"räntekostnader, egnahem",1980,12,103.2,
Räntekostnader,"räntekostnader, egnahem",1981,1,105.07,14.144486692015201
Räntekostnader,"räntekostnader, egnahem",1981,2,117.67,19.60764383004676
Räntekostnader,"räntekostnader, egnahem",1981,3,118.23,19.641772920461452
Räntekostnader,"räntekostnader, egnahem",1981,4,118.79,19.663543870252866
Räntekostnader,"räntekostnader, egnahem",1981,5,119.36,19.719157472417237
Räntekostnader,"räntekostnader, egnahem",1981,6,119.93,19.762332734172162
Räntekostnader,"räntekostnader, egnahem",1981,7,119.6,18.67434014685452
Räntekostnader,"räntekostnader, egnahem",1981,8,120.18,18.731475992886782
Räntekostnader,"räntekostnader, egnahem",1981,9,120.73,18.735247836349323
Räntekostnader,"räntekostnader, egnahem",1981,10,115.0,12.579539892315218
Räntekostnader,"räntekostnader, egnahem",1981,11,115.54,12.601111002826237
Räntekostnader,"räntekostnader, egnahem",1981,12,114.31,10.765503875968996
Räntekostnader,"räntekostnader, egnahem",1982,1,114.93,9.384220043780346
Räntekostnader,"räntekostnader, egnahem",1982,2,115.34,-1.980113877793832
Räntekostnader,"räntekostnader, egnahem",1982,3,110.11,-6.867969212551806
Räntekostnader,"räntekostnader, egnahem",1982,4,110.41,-7.054465864129988
Räntekostnader,"räntekostnader, egnahem",1982,5,110.71,-7.246983914209116
Räntekostnader,"räntekostnader, egnahem",1982,6,111.42,-7.095805886767281
Räntekostnader,"räntekostnader, egnahem",1982,7,111.82,-6.50501672240803
Räntekostnader,"räntekostnader, egnahem",1982,8,112.22,-6.623398235979372
Räntekostnader,"räntekostnader, egnahem",1982,9,112.62,-6.71746873188106
Räntekostnader,"räntekostnader, egnahem",1982,10,113.03,-1.7130434782608672
Räntekostnader,"räntekostnader, egnahem",1982,11,113.43,-1.8262073740695883
Räntekostnader,"räntekostnader, egnahem",1982,12,113.22,-0.9535473711836273
Räntekostnader,"räntekostnader, egnahem",1983,1,114.64,-0.25232750369791335
Räntekostnader,"räntekostnader, egnahem",1983,2,108.73,-5.730882607941734
Räntekostnader,"räntekostnader, egnahem",1983,3,109.11,-0.9081827263645481
Räntekostnader,"räntekostnader, egnahem",1983,4,106.3,-3.722488904990484
Räntekostnader,"räntekostnader, egnahem",1983,5,106.66,-3.658206124108032
Räntekostnader,"räntekostnader, egnahem",1983,6,107.02,-3.949021719619461
Räntekostnader,"räntekostnader, egnahem",1983,7,107.38,-3.970667143623674
Räntekostnader,"räntekostnader, egnahem",1983,8,107.79,-3.9476029228301512
Räntekostnader,"räntekostnader, egnahem",1983,9,108.17,-3.9513407920440446
Räntekostnader,"räntekostnader, egnahem",1983,10,108.53,-3.9812439175440195
Räntekostnader,"räntekostnader, egnahem",1983,11,108.9,-3.993652472890774
Räntekostnader,"räntekostnader, egnahem",1983,12,108.26,-4.380851439674959
Räntekostnader,"räntekostnader, egnahem",1984,1,107.32,-6.385205861828336
Räntekostnader,"räntekostnader, egnahem",1984,2,107.65,-0.9932861215855793
Räntekostnader,"räntekostnader, egnahem",1984,3,108.04,-0.9806617175327603
Räntekostnader,"räntekostnader, egnahem",1984,4,108.39,1.966133584195684
Räntekostnader,"räntekostnader, egnahem",1984,5,108.74,1.9501218826176725
Räntekostnader,"räntekostnader, egnahem",1984,6,109.12,1.9622500467202375
Räntekostnader,"räntekostnader, egnahem",1984,7,114.78,6.8914136710746865
Räntekostnader,"räntekostnader, egnahem",1984,8,115.12,6.800259764356609
Räntekostnader,"räntekostnader, egnahem",1984,9,115.47,6.748636405657749
Räntekostnader,"räntekostnader, egnahem",1984,10,115.81,6.707822721828061
Räntekostnader,"räntekostnader, egnahem",1984,11,116.13,6.639118457300275
Räntekostnader,"räntekostnader, egnahem",1984,12,116.94,8.017735082209487
Räntekostnader,"räntekostnader, egnahem",1985,1,116.74,8.77748788669399
Räntekostnader,"räntekostnader, egnahem",1985,2,117.13,8.806316767301436
Räntekostnader,"räntekostnader, egnahem",1985,3,117.49,8.74676045908922
Räntekostnader,"räntekostnader, egnahem",1985,4,117.85,8.727742411661588
Räntekostnader,"räntekostnader, egnahem",1985,5,128.89,18.53043958065108
Räntekostnader,"räntekostnader, egnahem",1985,6,129.35,18.539222873900286
Räntekostnader,"räntekostnader, egnahem",1985,7,125.86,9.653249695068823
Räntekostnader,"räntekostnader, egnahem",1985,8,126.24,9.659485753995822
Räntekostnader,"räntekostnader, egnahem",1985,9,126.58,9.621546722092322
Räntekostnader,"räntekostnader, egnahem",1985,10,126.93,9.601934202573181
Räntekostnader,"räntekostnader, egnahem",1985,11,127.66,9.928528373374679
Räntekostnader,"räntekostnader, egnahem",1985,12,128.68,10.039336411835142
Räntekostnader,"räntekostnader, egnahem",1986,1,128.49,10.065101935926002
Räntekostnader,"räntekostnader, egnahem",1986,2,125.18,6.872705540852064
Räntekostnader,"räntekostnader, egnahem",1986,3,121.19,3.1492041875904375
Räntekostnader,"räntekostnader, egnahem",1986,4,121.56,3.148069579974555
Räntekostnader,"räntekostnader, egnahem",1986,5,119.67,-7.153386608736123
Räntekostnader,"räntekostnader, egnahem",1986,6,119.93,-7.282566679551595
Räntekostnader,"räntekostnader, egnahem",1986,7,120.57,-4.203082790402036
Räntekostnader,"räntekostnader, egnahem",1986,8,120.83,-4.2854879594423245
Räntekostnader,"räntekostnader, egnahem",1986,9,121.09,-4.337178069205239
Räntekostnader,"räntekostnader, egnahem",1986,10,119.35,-5.971795477822428
Räntekostnader,"räntekostnader, egnahem",1986,11,119.54,-6.360645464515113
Räntekostnader,"räntekostnader, egnahem",1986,12,119.71,-6.970780230027984
Räntekostnader,"räntekostnader, egnahem",1987,1,119.97,-6.630866215269682
Räntekostnader,"räntekostnader, egnahem",1987,2,120.42,-3.802524364914528
Räntekostnader,"räntekostnader, egnahem",1987,3,120.75,-0.3630662595923706
Räntekostnader,"räntekostnader, egnahem",1987,4,121.19,-0.3043764396183035
Räntekostnader,"räntekostnader, egnahem",1987,5,121.69,1.6879752653129465
Räntekostnader,"räntekostnader, egnahem",1987,6,122.14,1.8427415992662288
Räntekostnader,"räntekostnader, egnahem",1987,7,123.56,2.4798872024550223
Räntekostnader,"räntekostnader, egnahem",1987,8,123.99,2.6152445584705752
Räntekostnader,"räntekostnader, egnahem",1987,9,124.56,2.865637129407883
Räntekostnader,"räntekostnader, egnahem",1987,10,125.0,4.733975701717652
Räntekostnader,"räntekostnader, egnahem",1987,11,125.43,4.927221013886562
Räntekostnader,"räntekostnader, egnahem",1987,12,125.51,4.845042185281101
Räntekostnader,"räntekostnader, egnahem",1988,1,127.12,5.95982328915563
Räntekostnader,"räntekostnader, egnahem",1988,2,127.53,5.904334828101643
Räntekostnader,"räntekostnader, egnahem",1988,3,127.83,5.863354037267077
Räntekostnader,"räntekostnader, egnahem",1988,4,128.23,5.809060153477996
Räntekostnader,"räntekostnader, egnahem",1988,5,131.49,8.053250061632022
Räntekostnader,"räntekostnader, egnahem",1988,6,131.9,7.990830194858356
Räntekostnader,"räntekostnader, egnahem",1988,7,132.2,6.992554224668157
Räntekostnader,"räntekostnader, egnahem",1988,8,132.51,6.8715218969271685
Räntekostnader,"räntekostnader, egnahem",1988,9,132.79,6.607257546563905
Räntekostnader,"räntekostnader, egnahem",1988,10,133.21,6.567999999999996
Räntekostnader,"räntekostnader, egnahem",1988,11,133.17,6.170772542453951
Räntekostnader,"räntekostnader, egnahem",1988,12,133.96,6.732531272408582
Räntekostnader,"räntekostnader, egnahem",1989,1,133.27,4.837948395217118
Räntekostnader,"räntekostnader, egnahem",1989,2,133.51,4.689092762487257
Räntekostnader,"räntekostnader, egnahem",1989,3,133.97,4.803254322146611
Räntekostnader,"räntekostnader, egnahem",1989,4,134.92,5.217187865554074
Räntekostnader,"räntekostnader, egnahem",1989,5,136.72,3.9774887824169047
Räntekostnader,"räntekostnader, egnahem",1989,6,137.2,4.018195602729335
Räntekostnader,"räntekostnader, egnahem",1989,7,137.78,4.220877458396388
Räntekostnader,"räntekostnader, egnahem",1989,8,138.16,4.263829144970188
Räntekostnader,"räntekostnader, egnahem",1989,9,138.62,4.3903908426839555
Räntekostnader,"räntekostnader, egnahem",1989,10,138.97,4.323999699722236
Räntekostnader,"räntekostnader, egnahem",1989,11,140.18,5.263948336712487
Räntekostnader,"räntekostnader, egnahem",1989,12,142.37,6.277993430874895
Räntekostnader,"räntekostnader, egnahem",1990,1,145.98,9.537030089292408
Räntekostnader,"räntekostnader, egnahem",1990,2,146.21,9.51239607520038
Räntekostnader,"räntekostnader, egnahem",1990,3,152.79,14.047921176382761
Räntekostnader,"räntekostnader, egnahem",1990,4,153.09,13.467239845834577
Räntekostnader,"räntekostnader, egnahem",1990,5,153.42,12.214745465184308
Räntekostnader,"räntekostnader, egnahem",1990,6,150.72,9.854227405247817
Räntekostnader,"räntekostnader, egnahem",1990,7,150.0,8.869211786906671
Räntekostnader,"räntekostnader, egnahem",1990,8,150.69,9.069195136074114
Räntekostnader,"räntekostnader, egnahem",1990,9,151.63,9.385370076468025
Räntekostnader,"räntekostnader, egnahem",1990,10,152.58,9.793480607325321
Räntekostnader,"räntekostnader, egnahem",1990,11,157.64,12.455414467113691
Räntekostnader,"räntekostnader, egnahem",1990,12,160.63,12.825735758937974
Räntekostnader,"räntekostnader, egnahem",1991,1,162.02,10.987806548842327
Räntekostnader,"räntekostnader, egnahem",1991,2,159.81,9.301689350933584
Räntekostnader,"räntekostnader, egnahem",1991,3,158.55,3.769880227763611
Räntekostnader,"räntekostnader, egnahem",1991,4,159.49,4.180547390423928
Räntekostnader,"räntekostnader, egnahem",1991,5,160.86,4.849432929213937
Räntekostnader,"räntekostnader, egnahem",1991,6,157.89,4.757165605095537
Räntekostnader,"räntekostnader, egnahem",1991,7,157.91,5.27333333333333
Räntekostnader,"räntekostnader, egnahem",1991,8,159.3,5.713716902249666
Räntekostnader,"räntekostnader, egnahem",1991,9,160.76,6.0212359031853735
Räntekostnader,"räntekostnader, egnahem",1991,10,162.01,6.180364399003779
Räntekostnader,"räntekostnader, egnahem",1991,11,163.25,3.55874143618371
Räntekostnader,"räntekostnader, egnahem",1991,12,170.49,6.138330324347896
Räntekostnader,"räntekostnader, egnahem",1992,1,171.32,5.740032094803094
Räntekostnader,"räntekostnader, egnahem",1992,2,170.55,6.720480570677689
Räntekostnader,"räntekostnader, egnahem",1992,3,171.31,8.047934405550293
Räntekostnader,"räntekostnader, egnahem",1992,4,170.37,6.821744309988076
Räntekostnader,"räntekostnader, egnahem",1992,5,171.2,6.4279497699863075
Räntekostnader,"räntekostnader, egnahem",1992,6,173.07,9.614288428652863
Räntekostnader,"räntekostnader, egnahem",1992,7,173.7,9.999366727882975
Räntekostnader,"räntekostnader, egnahem",1992,8,175.92,10.43314500941619
Räntekostnader,"räntekostnader, egnahem",1992,9,188.45,17.22443393879074
Räntekostnader,"räntekostnader, egnahem",1992,10,188.22,16.178013702857854
Räntekostnader,"räntekostnader, egnahem",1992,11,183.71,12.532924961715164
Räntekostnader,"räntekostnader, egnahem",1992,12,179.72,5.413807261422954
Räntekostnader,"räntekostnader, egnahem",1993,1,180.48,5.346719589073068
Räntekostnader,"räntekostnader, egnahem",1993,2,178.72,4.790384051597774
Räntekostnader,"räntekostnader, egnahem",1993,3,177.68,3.718405230284283
Räntekostnader,"räntekostnader, egnahem",1993,4,178.79,4.942184656923154
Räntekostnader,"räntekostnader, egnahem",1993,5,177.9,3.9135514018691753
Räntekostnader,"räntekostnader, egnahem",1993,6,176.54,2.0049690876523973
Räntekostnader,"räntekostnader, egnahem",1993,7,176.85,1.81347150259068
Räntekostnader,"räntekostnader, egnahem",1993,8,176.87,0.540018190086422
Räntekostnader,"räntekostnader, egnahem",1993,9,176.7,-6.235075616874508
Räntekostnader,"räntekostnader, egnahem",1993,10,177.79,-5.5413877377537
Räntekostnader,"räntekostnader, egnahem",1993,11,176.69,-3.8212399978226563
Räntekostnader,"räntekostnader, egnahem",1993,12,173.22,-3.6167371466725995
Räntekostnader,"räntekostnader, egnahem",1994,1,175.99,-2.48781028368793
Räntekostnader,"räntekostnader, egnahem",1994,2,175.28,-1.9247985675917678
Räntekostnader,"räntekostnader, egnahem",1994,3,175.03,-1.4914452949122081
Räntekostnader,"räntekostnader, egnahem",1994,4,174.43,-2.438615135074662
Räntekostnader,"räntekostnader, egnahem",1994,5,175.48,-1.3603147835862917
Räntekostnader,"räntekostnader, egnahem",1994,6,175.85,-0.39084626713492554
Räntekostnader,"räntekostnader, egnahem",1994,7,176.84,-0.005654509471297864
Räntekostnader,"räntekostnader, egnahem",1994,8,177.16,0.16396223214789618
Räntekostnader,"räntekostnader, egnahem",1994,9,177.76,0.5998868138087143
Räntekostnader,"räntekostnader, egnahem",1994,10,178.29,0.2812306653917629
Räntekostnader,"räntekostnader, egnahem",1994,11,178.36,0.9451581866545933
Räntekostnader,"räntekostnader, egnahem",1994,12,177.02,2.193742062117554
Räntekostnader,"räntekostnader, egnahem",1995,1,174.85,-0.6477640775044091
Räntekostnader,"räntekostnader, egnahem",1995,2,174.52,-0.4335919671382915
Räntekostnader,"räntekostnader, egnahem",1995,3,174.75,-0.15997257612980764
Räntekostnader,"räntekostnader, egnahem",1995,4,176.81,1.3644441896462745
Räntekostnader,"räntekostnader, egnahem",1995,5,176.44,0.5470708912696631
Räntekostnader,"räntekostnader, egnahem",1995,6,176.6,0.4264998578333845
Räntekostnader,"räntekostnader, egnahem",1995,7,176.88,0.022619316896621555
Räntekostnader,"räntekostnader, egnahem",1995,8,177.0,-0.09031384059606795
Räntekostnader,"räntekostnader, egnahem",1995,9,175.95,-1.0182268226822666
Räntekostnader,"räntekostnader, egnahem",1995,10,175.53,-1.5480397105838706
Räntekostnader,"räntekostnader, egnahem",1995,11,174.82,-1.984749943933628
Räntekostnader,"räntekostnader, egnahem",1995,12,173.46,-2.0110721952321775
Räntekostnader,"räntekostnader, egnahem",1996,1,172.84,-1.149556762939652
Räntekostnader,"räntekostnader, egnahem",1996,2,172.07,-1.403850561540232
Räntekostnader,"räntekostnader, egnahem",1996,3,170.79,-2.2660944206008615
Räntekostnader,"räntekostnader, egnahem",1996,4,168.88,-4.485040438889209
Räntekostnader,"räntekostnader, egnahem",1996,5,167.11,-5.287916572205842
Räntekostnader,"räntekostnader, egnahem",1996,6,165.98,-6.013590033975092
Räntekostnader,"räntekostnader, egnahem",1996,7,164.15,-7.19696969696969
Räntekostnader,"räntekostnader, egnahem",1996,8,162.97,-7.926553672316383
Räntekostnader,"räntekostnader, egnahem",1996,9,161.2,-8.383063370275645
Räntekostnader,"räntekostnader, egnahem",1996,10,159.5,-9.132342049792063
Räntekostnader,"räntekostnader, egnahem",1996,11,157.95,-9.649925637798884
Räntekostnader,"räntekostnader, egnahem",1996,12,155.97,-10.083016257350408
Räntekostnader,"räntekostnader, egnahem",1997,1,153.78,-11.02753992131451
Räntekostnader,"räntekostnader, egnahem",1997,2,152.69,-11.262858139129417
Räntekostnader,"räntekostnader, egnahem",1997,3,151.73,-11.159903975642605
Räntekostnader,"räntekostnader, egnahem",1997,4,150.88,-10.65845570819517
Räntekostnader,"räntekostnader, egnahem",1997,5,149.62,-10.466160014361803
Räntekostnader,"räntekostnader, egnahem",1997,6,148.86,-10.314495722376172
Räntekostnader,"räntekostnader, egnahem",1997,7,147.91,-9.893390191897655
Räntekostnader,"räntekostnader, egnahem",1997,8,146.98,-9.811621770878077
Räntekostnader,"räntekostnader, egnahem",1997,9,145.69,-9.621588089330025
Räntekostnader,"räntekostnader, egnahem",1997,10,144.88,-9.166144200626958
Räntekostnader,"räntekostnader, egnahem",1997,11,143.76,-8.98385565052232
Räntekostnader,"räntekostnader, egnahem",1997,12,143.37,-8.078476630121179
Räntekostnader,"räntekostnader, egnahem",1998,1,137.01,-10.905189231369494
Räntekostnader,"räntekostnader, egnahem",1998,2,135.95,-10.963389874909957
Räntekostnader,"räntekostnader, egnahem",1998,3,134.98,-11.03934620707836
Räntekostnader,"räntekostnader, egnahem",1998,4,134.25,-11.022004241781547
Räntekostnader,"räntekostnader, egnahem",1998,5,133.45,-10.807378692688152
Räntekostnader,"räntekostnader, egnahem",1998,6,132.55,-10.956603520085984
Räntekostnader,"räntekostnader, egnahem",1998,7,131.67,-10.979649787032663
Räntekostnader,"räntekostnader, egnahem",1998,8,130.5,-11.212409851680494
Räntekostnader,"räntekostnader, egnahem",1998,9,130.09,-10.707666964101858
Räntekostnader,"räntekostnader, egnahem",1998,10,129.96,-10.298177802319152
Räntekostnader,"räntekostnader, egnahem",1998,11,128.64,-10.517529215358934
Räntekostnader,"räntekostnader, egnahem",1998,12,127.02,-11.404059426658296
Räntekostnader,"räntekostnader, egnahem",1999,1,125.51,-8.393547916210487
Räntekostnader,"räntekostnader, egnahem",1999,2,124.8,-8.201544685546146
Räntekostnader,"räntekostnader, egnahem",1999,3,123.49,-8.512372203289376
Räntekostnader,"räntekostnader, egnahem",1999,4,121.64,-9.392923649906892
Räntekostnader,"räntekostnader, egnahem",1999,5,120.65,-9.59160734357436
Räntekostnader,"räntekostnader, egnahem",1999,6,120.44,-9.136175028291216
Räntekostnader,"räntekostnader, egnahem",1999,7,120.16,-8.741550846813995
Räntekostnader,"räntekostnader, egnahem",1999,8,119.67,-8.298850574712645
Räntekostnader,"räntekostnader, egnahem",1999,9,119.48,-8.155892074717508
Räntekostnader,"räntekostnader, egnahem",1999,10,119.53,-8.025546321945221
Räntekostnader,"räntekostnader, egnahem",1999,11,119.21,-7.330534825870638
Räntekostnader,"räntekostnader, egnahem",1999,12,119.55,-5.880963627775149
Räntekostnader,"räntekostnader, egnahem",2000,1,119.65,-4.668950681220618
Räntekostnader,"räntekostnader, egnahem",2000,2,121.22,-2.8685897435897445
Räntekostnader,"räntekostnader, egnahem",2000,3,122.3,-0.963640780630004
Räntekostnader,"räntekostnader, egnahem",2000,4,122.03,0.3206182176915595
Räntekostnader,"räntekostnader, egnahem",2000,5,121.44,0.6547865727310365
Räntekostnader,"räntekostnader, egnahem",2000,6,121.46,0.8468947193623455
Räntekostnader,"räntekostnader, egnahem",2000,7,121.59,1.190079893475371
Räntekostnader,"räntekostnader, egnahem",2000,8,121.7,1.6963315785075705
Räntekostnader,"räntekostnader, egnahem",2000,9,121.53,1.715768329427525
Räntekostnader,"räntekostnader, egnahem",2000,10,121.58,1.7150506149083977
Räntekostnader,"räntekostnader, egnahem",2000,11,121.5,1.9209797835752163
Räntekostnader,"räntekostnader, egnahem",2000,12,122.39,2.3755750731911274
Räntekostnader,"räntekostnader, egnahem",2001,1,124.17,3.777684914333479
Räntekostnader,"räntekostnader, egnahem",2001,2,124.7,2.8708133971291794
Räntekostnader,"räntekostnader, egnahem",2001,3,124.76,2.0114472608340206
Räntekostnader,"räntekostnader, egnahem",2001,4,124.65,2.1470130295828893
Räntekostnader,"räntekostnader, egnahem",2001,5,124.36,2.4044795783926265
Räntekostnader,"räntekostnader, egnahem",2001,6,124.88,2.8157418080026364
Räntekostnader,"räntekostnader, egnahem",2001,7,126.46,4.005263590755814
Räntekostnader,"räntekostnader, egnahem",2001,8,126.68,4.092029580936729
Räntekostnader,"räntekostnader, egnahem",2001,9,127.35,4.788941002221669
Räntekostnader,"räntekostnader, egnahem",2001,10,123.23,1.3571311070899927
Räntekostnader,"räntekostnader, egnahem",2001,11,123.4,1.563786008230461
Räntekostnader,"räntekostnader, egnahem",2001,12,123.75,1.1112018955796943
Räntekostnader,"räntekostnader, egnahem",2002,1,124.38,0.16912297656437314
Räntekostnader,"räntekostnader, egnahem",2002,2,124.59,-0.08821170809943935
Räntekostnader,"räntekostnader, egnahem",2002,3,125.58,0.6572619429304316
Räntekostnader,"räntekostnader, egnahem",2002,4,128.04,2.719614921780966
Räntekostnader,"räntekostnader, egnahem",2002,5,129.91,4.462849790929546
Räntekostnader,"räntekostnader, egnahem",2002,6,130.66,4.628443305573349
Räntekostnader,"räntekostnader, egnahem",2002,7,130.93,3.53471453424008
Räntekostnader,"räntekostnader, egnahem",2002,8,130.09,2.6918219134827837
Räntekostnader,"räntekostnader, egnahem",2002,9,130.81,2.7169218688653407
Räntekostnader,"räntekostnader, egnahem",2002,10,130.92,6.240363547837369
Räntekostnader,"räntekostnader, egnahem",2002,11,130.94,6.1102106969205705
Räntekostnader,"räntekostnader, egnahem",2002,12,126.93,2.5696969696969774
Räntekostnader,"räntekostnader, egnahem",2003,1,126.56,1.7526933590609417
Räntekostnader,"räntekostnader, egnahem",2003,2,126.69,1.6855285335901637
Räntekostnader,"räntekostnader, egnahem",2003,3,126.75,0.9316770186335477
Räntekostnader,"räntekostnader, egnahem",2003,4,124.25,-2.960012496094966
Räntekostnader,"räntekostnader, egnahem",2003,5,124.68,-4.025864059733653
Räntekostnader,"räntekostnader, egnahem",2003,6,120.63,-7.676412061839888
Räntekostnader,"räntekostnader, egnahem",2003,7,116.99,-10.646910562896217
Räntekostnader,"räntekostnader, egnahem",2003,8,116.8,-10.216004304712122
Räntekostnader,"räntekostnader, egnahem",2003,9,116.89,-10.64138827306781
Räntekostnader,"räntekostnader, egnahem",2003,10,117.01,-10.624809043690785
Räntekostnader,"räntekostnader, egnahem",2003,11,117.25,-10.455170307010842
Räntekostnader,"räntekostnader, egnahem",2003,12,117.39,-7.515953675254083
Räntekostnader,"räntekostnader, egnahem",2004,1,117.92,-6.826801517067005
Räntekostnader,"räntekostnader, egnahem",2004,2,115.59,-8.761543926118865
Räntekostnader,"räntekostnader, egnahem",2004,3,114.57,-9.609467455621312
Räntekostnader,"räntekostnader, egnahem",2004,4,109.04,-12.241448692152911
Räntekostnader,"räntekostnader, egnahem",2004,5,107.94,-13.426371511068346
Räntekostnader,"räntekostnader, egnahem",2004,6,107.88,-10.569510072121368
Räntekostnader,"räntekostnader, egnahem",2004,7,107.66,-7.9750406017608295
Räntekostnader,"räntekostnader, egnahem",2004,8,107.41,-8.039383561643831
Räntekostnader,"räntekostnader, egnahem",2004,9,107.1,-8.375395671143815
Räntekostnader,"räntekostnader, egnahem",2004,10,107.03,-8.52918553969747
Räntekostnader,"räntekostnader, egnahem",2004,11,106.8,-8.912579957356082
Räntekostnader,"räntekostnader, egnahem",2004,12,106.53,-9.251213902376687
Räntekostnader,"räntekostnader, egnahem",2005,1,106.35,-9.811736770692004
Räntekostnader,"räntekostnader, egnahem",2005,2,105.77,-8.49554459728351
Räntekostnader,"räntekostnader, egnahem",2005,3,105.29,-8.099851619097487
Räntekostnader,"räntekostnader, egnahem",2005,4,104.91,-3.7876008804108685
Räntekostnader,"räntekostnader, egnahem",2005,5,104.25,-3.4185658699277366
Räntekostnader,"räntekostnader, egnahem",2005,6,103.8,-3.7819799777530583
Räntekostnader,"räntekostnader, egnahem",2005,7,98.07,-8.907672301690505
Räntekostnader,"räntekostnader, egnahem",2005,8,97.69,-9.049436737733918
Räntekostnader,"räntekostnader, egnahem",2005,9,97.16,-9.281045751633988
Räntekostnader,"räntekostnader, egnahem",2005,10,96.8,-9.558067831449135
Räntekostnader,"räntekostnader, egnahem",2005,11,97.11,-9.073033707865164
Räntekostnader,"räntekostnader, egnahem",2005,12,96.94,-9.002159016239563
Räntekostnader,"räntekostnader, egnahem",2006,1,96.8,-8.979783732957214
Räntekostnader,"räntekostnader, egnahem",2006,2,99.54,-5.890138980807402
Räntekostnader,"räntekostnader, egnahem",2006,3,102.26,-2.87776616962675
Räntekostnader,"räntekostnader, egnahem",2006,4,102.42,-2.3734629682584996
Räntekostnader,"räntekostnader, egnahem",2006,5,102.02,-2.1390887290167915
Räntekostnader,"räntekostnader, egnahem",2006,6,101.48,-2.2350674373795676
Räntekostnader,"räntekostnader, egnahem",2006,7,104.67,6.7298868155399205
Räntekostnader,"räntekostnader, egnahem",2006,8,105.22,7.708056095813287
Räntekostnader,"räntekostnader, egnahem",2006,9,107.99,11.146562371346235
Räntekostnader,"räntekostnader, egnahem",2006,10,108.73,12.324380165289273
Räntekostnader,"räntekostnader, egnahem",2006,11,111.18,14.488724127278353
Räntekostnader,"räntekostnader, egnahem",2006,12,111.61,15.133072003301006
Räntekostnader,"räntekostnader, egnahem",2007,1,114.19,17.964876033057852
Räntekostnader,"räntekostnader, egnahem",2007,2,116.43,16.968053044002417
Räntekostnader,"räntekostnader, egnahem",2007,3,119.77,17.123019753569313
Räntekostnader,"räntekostnader, egnahem",2007,4,120.97,18.111696934192544
Räntekostnader,"räntekostnader, egnahem",2007,5,121.62,19.211919231523233
Räntekostnader,"räntekostnader, egnahem",2007,6,123.27,21.47221127315726
Räntekostnader,"räntekostnader, egnahem",2007,7,126.21,20.57896245342503
Räntekostnader,"räntekostnader, egnahem",2007,8,128.1,21.744915415320285
Räntekostnader,"räntekostnader, egnahem",2007,9,134.19,24.261505694971763
Räntekostnader,"räntekostnader, egnahem",2007,10,135.41,24.537846040651146
Räntekostnader,"räntekostnader, egnahem",2007,11,138.84,24.878575283324334
Räntekostnader,"räntekostnader, egnahem",2007,12,142.1,27.318340650479335
Räntekostnader,"räntekostnader, egnahem",2008,1,140.1,22.690253086960332
Räntekostnader,"räntekostnader, egnahem",2008,2,141.48,21.515073434681774
Räntekostnader,"räntekostnader, egnahem",2008,3,145.2,21.232362027218834
Räntekostnader,"räntekostnader, egnahem",2008,4,146.34,20.972141853352078
Räntekostnader,"räntekostnader, egnahem",2008,5,147.2,21.032724880776165
Räntekostnader,"räntekostnader, egnahem",2008,6,150.64,22.203293583191353
Räntekostnader,"räntekostnader, egnahem",2008,7,155.97,23.57974803898266
Räntekostnader,"räntekostnader, egnahem",2008,8,157.87,23.239656518345054
Räntekostnader,"räntekostnader, egnahem",2008,9,161.75,20.538043073254354
Räntekostnader,"räntekostnader, egnahem",2008,10,170.11,25.62587696625065
Räntekostnader,"räntekostnader, egnahem",2008,11,160.46,15.571881302218383
Räntekostnader,"räntekostnader, egnahem",2008,12,130.64,-8.064743138634768
Räntekostnader,"räntekostnader, egnahem",2009,1,127.03,-9.32905067808708
Räntekostnader,"räntekostnader, egnahem",2009,2,115.2,-18.575063613231546
Räntekostnader,"räntekostnader, egnahem",2009,3,110.7,-23.760330578512388
Räntekostnader,"räntekostnader, egnahem",2009,4,107.42,-26.595599289326223
Räntekostnader,"räntekostnader, egnahem",2009,5,103.93,-29.395380434782602
Räntekostnader,"räntekostnader, egnahem",2009,6,104.97,-30.31731279872544
Räntekostnader,"räntekostnader, egnahem",2009,7,98.91,-36.58395845354876
Räntekostnader,"räntekostnader, egnahem",2009,8,98.55,-37.57522011781846
Räntekostnader,"räntekostnader, egnahem",2009,9,96.19,-40.53168469860896
Räntekostnader,"räntekostnader, egnahem",2009,10,95.07,-44.11263300217507
Räntekostnader,"räntekostnader, egnahem",2009,11,93.86,-41.505671195313475
Räntekostnader,"räntekostnader, egnahem",2009,12,93.65,-28.314451928965077
Räntekostnader,"räntekostnader, egnahem",2010,1,86.29,-32.07116429189954
Räntekostnader,"räntekostnader, egnahem",2010,2,86.53,-24.88715277777778
Räntekostnader,"räntekostnader, egnahem",2010,3,86.8,-21.589882565492324
Räntekostnader,"räntekostnader, egnahem",2010,4,87.42,-18.618506795754985
Räntekostnader,"räntekostnader, egnahem",2010,5,89.53,-13.855479649764268
Räntekostnader,"räntekostnader, egnahem",2010,6,91.22,-13.09898066114128
Räntekostnader,"räntekostnader, egnahem",2010,7,93.34,-5.631382064503077
Räntekostnader,"räntekostnader, egnahem",2010,8,94.61,-3.9979705733130366
Räntekostnader,"räntekostnader, egnahem",2010,9,97.2,1.050005198045545
Räntekostnader,"räntekostnader, egnahem",2010,10,98.38,3.4816451036078666
Räntekostnader,"räntekostnader, egnahem",2010,11,102.0,8.6724909439591
Räntekostnader,"räntekostnader, egnahem",2010,12,105.36,12.504004271222623
Räntekostnader,"räntekostnader, egnahem",2011,1,117.05,35.647236064433876
Räntekostnader,"räntekostnader, egnahem",2011,2,120.44,39.188720674910435
Räntekostnader,"räntekostnader, egnahem",2011,3,127.8,47.23502304147467
Räntekostnader,"räntekostnader, egnahem",2011,4,129.9,48.59299931365821
Räntekostnader,"räntekostnader, egnahem",2011,5,133.39,48.98916564280127
Räntekostnader,"räntekostnader, egnahem",2011,6,134.95,47.939048454286336
Räntekostnader,"räntekostnader, egnahem",2011,7,139.06,48.982215556031704
Räntekostnader,"räntekostnader, egnahem",2011,8,140.66,48.67350174400169
Räntekostnader,"räntekostnader, egnahem",2011,9,142.16,46.25514403292181
Räntekostnader,"räntekostnader, egnahem",2011,10,144.96,47.34702175238872
Räntekostnader,"räntekostnader, egnahem",2011,11,146.2,43.333333333333314
Räntekostnader,"räntekostnader, egnahem",2011,12,151.61,43.897114654517864
Räntekostnader,"räntekostnader, egnahem",2012,1,150.52,28.594617684750112
Räntekostnader,"räntekostnader, egnahem",2012,2,149.96,24.510129525074742
Räntekostnader,"räntekostnader, egnahem",2012,3,146.78,14.851330203442892
Räntekostnader,"räntekostnader, egnahem",2012,4,146.33,12.648190916089309
Räntekostnader,"räntekostnader, egnahem",2012,5,144.93,8.651323187645277
Räntekostnader,"räntekostnader, egnahem",2012,6,145.51,7.8251204149685005
Räntekostnader,"räntekostnader, egnahem",2012,7,145.72,4.789299582913853
Räntekostnader,"räntekostnader, egnahem",2012,8,145.26,3.270297170482017
Räntekostnader,"räntekostnader, egnahem",2012,9,138.78,-2.377602701181769
Räntekostnader,"räntekostnader, egnahem",2012,10,134.35,-7.319260485651224
Räntekostnader,"räntekostnader, egnahem",2012,11,132.77,-9.186046511627888
Räntekostnader,"räntekostnader, egnahem",2012,12,132.55,-12.5717300969593
Räntekostnader,"räntekostnader, egnahem",2013,1,133.12,-11.559925591283548
Räntekostnader,"räntekostnader, egnahem",2013,2,131.33,-12.423312883435578
Räntekostnader,"räntekostnader, egnahem",2013,3,129.58,-11.718217740836623
Räntekostnader,"räntekostnader, egnahem",2013,4,129.42,-11.556071892298247
Räntekostnader,"räntekostnader, egnahem",2013,5,129.06,-10.950113848064591
Räntekostnader,"räntekostnader, egnahem",2013,6,128.03,-12.0129200742217
Räntekostnader,"räntekostnader, egnahem",2013,7,127.11,-12.771067801262692
Räntekostnader,"räntekostnader, egnahem",2013,8,126.39,-12.990499793473765
Räntekostnader,"räntekostnader, egnahem",2013,9,126.32,-8.978238939328442
Räntekostnader,"räntekostnader, egnahem",2013,10,126.27,-6.014142165984371
Räntekostnader,"räntekostnader, egnahem",2013,11,126.52,-4.70738871733073
Räntekostnader,"räntekostnader, egnahem",2013,12,126.13,-4.843455299886845
Räntekostnader,"räntekostnader, egnahem",2014,1,124.95,-6.137319711538458
Räntekostnader,"räntekostnader, egnahem",2014,2,123.28,-6.129597197898429
Räntekostnader,"räntekostnader, egnahem",2014,3,122.18,-5.710757832998925
Räntekostnader,"räntekostnader, egnahem",2014,4,122.03,-5.710091176016063
Räntekostnader,"räntekostnader, egnahem",2014,5,121.87,-5.571052223771888
Räntekostnader,"räntekostnader, egnahem",2014,6,121.67,-4.967585722096379
Räntekostnader,"räntekostnader, egnahem",2014,7,119.56,-5.939737235465348
Räntekostnader,"räntekostnader, egnahem",2014,8,117.67,-6.899280006329612
Räntekostnader,"räntekostnader, egnahem",2014,9,116.01,-8.161811272957564
Räntekostnader,"räntekostnader, egnahem",2014,10,115.86,-8.244238536469473
Räntekostnader,"räntekostnader, egnahem",2014,11,113.94,-9.94309200126462
Räntekostnader,"räntekostnader, egnahem",2014,12,112.14,-11.091730753983986
Räntekostnader,"räntekostnader, egnahem",2015,1,109.55,-12.324929971988796
Räntekostnader,"räntekostnader, egnahem",2015,2,107.24,-13.011031797534079
Räntekostnader,"räntekostnader, egnahem",2015,3,106.67,-12.694385333115077
Räntekostnader,"räntekostnader, egnahem",2015,4,102.74,-15.80758829795952
Räntekostnader,"räntekostnader, egnahem",2015,5,100.65,-17.411996389595473
Räntekostnader,"räntekostnader, egnahem",2015,6,99.25,-18.426892413906472
Räntekostnader,"räntekostnader, egnahem",2015,7,96.85,-18.99464703914353
Räntekostnader,"räntekostnader, egnahem",2015,8,95.85,-18.543384040112187
Räntekostnader,"räntekostnader, egnahem",2015,9,94.89,-18.205327126971817
Räntekostnader,"räntekostnader, egnahem",2015,10,93.77,-19.066114275850165
Räntekostnader,"räntekostnader, egnahem",2015,11,93.25,-18.158680007021232
Räntekostnader,"räntekostnader, egnahem",2015,12,92.91,-17.148207597645804
Räntekostnader,"räntekostnader, egnahem",2016,1,92.09,-15.937927886809666
Räntekostnader,"räntekostnader, egnahem",2016,2,92.0,-14.21111525550167
Räntekostnader,"räntekostnader, egnahem",2016,3,92.06,-13.696446986031685
Räntekostnader,"räntekostnader, egnahem",2016,4,91.32,-11.115437025501262
Räntekostnader,"räntekostnader, egnahem",2016,5,91.18,-9.408842523596617
Räntekostnader,"räntekostnader, egnahem",2016,6,91.39,-7.919395465994961
Räntekostnader,"räntekostnader, egnahem",2016,7,91.52,-5.503355704697988
Räntekostnader,"räntekostnader, egnahem",2016,8,91.77,-4.256651017214397
Räntekostnader,"räntekostnader, egnahem",2016,9,91.82,-3.235325113289078
Räntekostnader,"räntekostnader, egnahem",2016,10,91.27,-2.666097899114861
Räntekostnader,"räntekostnader, egnahem",2016,11,91.21,-2.1876675603217266
Räntekostnader,"räntekostnader, egnahem",2016,12,91.33,-1.7005704445161918
Räntekostnader,"räntekostnader, egnahem",2017,1,92.64,0.5972418286458892
Räntekostnader,"räntekostnader, egnahem",2017,2,92.92,1.0000000000000009
Räntekostnader,"räntekostnader, egnahem",2017,3,93.29,1.336085161850975
Räntekostnader,"räntekostnader, egnahem",2017,4,93.78,2.69382391590014
Räntekostnader,"räntekostnader, egnahem",2017,5,93.91,2.9940776486071297
Räntekostnader,"räntekostnader, egnahem",2017,6,94.07,2.9324871430134403
Räntekostnader,"räntekostnader, egnahem",2017,7,93.89,2.5895979020979176
Räntekostnader,"räntekostnader, egnahem",2017,8,94.16,2.604336929279727
Räntekostnader,"räntekostnader, egnahem",2017,9,94.22,2.6138096275321265
Räntekostnader,"räntekostnader, egnahem",2017,10,94.31,3.330776816040326
Räntekostnader,"räntekostnader, egnahem",2017,11,94.25,3.3329678763293513
Räntekostnader,"räntekostnader, egnahem",2017,12,94.2,3.1424504543961618
Räntekostnader,"räntekostnader, egnahem",2018,1,94.28,1.770293609671847
Räntekostnader,"räntekostnader, egnahem",2018,2,94.22,1.3990529487731385
Räntekostnader,"räntekostnader, egnahem",2018,3,94.29,1.071926251473898
Räntekostnader,"räntekostnader, egnahem",2018,4,94.4,0.6611217743655473
Räntekostnader,"räntekostnader, egnahem",2018,5,94.31,0.42593972952826853
Räntekostnader,"räntekostnader, egnahem",2018,6,94.17,0.10630381630700736
Räntekostnader,"räntekostnader, egnahem",2018,7,94.04,0.1597614229417399
Räntekostnader,"räntekostnader, egnahem",2018,8,94.1,-0.06372132540357622
Räntekostnader,"räntekostnader, egnahem",2018,9,94.2,-0.02122691572914448
Räntekostnader,"räntekostnader, egnahem",2018,10,94.29,-0.021206658890882135
Räntekostnader,"räntekostnader, egnahem",2018,11,94.2,-0.053050397877985045
Räntekostnader,"räntekostnader, egnahem",2018,12,94.42,0.23354564755837526
Räntekostnader,"räntekostnader, egnahem",2019,1,96.04,1.8667798048366713
Räntekostnader,"räntekostnader, egnahem",2019,2,98.16,4.181702398641485
Räntekostnader,"räntekostnader, egnahem",2019,3,99.92,5.9709407148159865
Räntekostnader,"räntekostnader, egnahem",2019,4,101.95,7.9978813559322015
Räntekostnader,"räntekostnader, egnahem",2019,5,101.98,8.13275368465698
Räntekostnader,"räntekostnader, egnahem",2019,6,101.91,8.21917808219177
Räntekostnader,"räntekostnader, egnahem",2019,7,101.96,8.421948107188415
Räntekostnader,"räntekostnader, egnahem",2019,8,101.92,8.310308182784286
Räntekostnader,"räntekostnader, egnahem",2019,9,101.92,8.19532908704883
Räntekostnader,"räntekostnader, egnahem",2019,10,101.74,7.901156008060228
Räntekostnader,"räntekostnader, egnahem",2019,11,101.35,7.59023354564754
Räntekostnader,"räntekostnader, egnahem",2019,12,101.73,7.742003812751541
Räntekostnader,"räntekostnader, egnahem",2020,1,103.17,7.423990004164915
Räntekostnader,"räntekostnader, egnahem",2020,2,104.65,6.611654441727799
Räntekostnader,"räntekostnader, egnahem",2020,3,105.58,5.664531625300229
Räntekostnader,"räntekostnader, egnahem",2020,4,106.4,4.364884747425202
Räntekostnader,"räntekostnader, egnahem",2020,5,106.49,4.422435771719946
Räntekostnader,"räntekostnader, egnahem",2020,6,106.65,4.651162790697683
Räntekostnader,"räntekostnader, egnahem",2020,7,107.72,5.6492742251863515
Räntekostnader,"räntekostnader, egnahem",2020,8,108.11,6.073390894819464
Räntekostnader,"räntekostnader, egnahem",2020,9,108.28,6.24018838304552
Räntekostnader,"räntekostnader, egnahem",2020,10,107.21,5.376449773933545
Räntekostnader,"räntekostnader, egnahem",2020,11,106.61,5.189935865811557
Räntekostnader,"räntekostnader, egnahem",2020,12,106.16,4.354664307480571
Räntekostnader,"räntekostnader, egnahem",2021,1,105.89,2.636425317437241
Räntekostnader,"räntekostnader, egnahem",2021,2,105.5,0.8122312470138393
Räntekostnader,"räntekostnader, egnahem",2021,3,105.5,-0.07577192650123354
Räntekostnader,"räntekostnader, egnahem",2021,4,105.25,-1.0808270676691767
Räntekostnader,"räntekostnader, egnahem",2021,5,105.24,-1.1738191379472296
Räntekostnader,"räntekostnader, egnahem",2021,6,105.18,-1.3783403656821402
Räntekostnader,"räntekostnader, egnahem",2021,7,104.96,-2.562198291867812
Räntekostnader,"räntekostnader, egnahem",2021,8,105.13,-2.7564517620941698
Räntekostnader,"räntekostnader, egnahem",2021,9,105.08,-2.9553010712966454
Räntekostnader,"räntekostnader, egnahem",2021,10,104.87,-2.1826322171439094
Räntekostnader,"räntekostnader, egnahem",2021,11,105.08,-1.435137416752652
Räntekostnader,"räntekostnader, egnahem",2021,12,105.06,-1.0361718161265965
Räntekostnader,"räntekostnader, egnahem",2022,1,105.48,-0.3871942581924581
Räntekostnader,"räntekostnader, egnahem",2022,2,106.15,0.6161137440758413
Räntekostnader,"räntekostnader, egnahem",2022,3,107.74,2.1232227488151567
Räntekostnader,"räntekostnader, egnahem",2022,4,109.57,4.10451306413302
Räntekostnader,"räntekostnader, egnahem",2022,5,112.79,7.174078297225406
Räntekostnader,"räntekostnader, egnahem",2022,6,118.34,12.511884388667038
Räntekostnader,"räntekostnader, egnahem",2022,7,127.04,21.036585365853668
Räntekostnader,"räntekostnader, egnahem",2022,8,137.37,30.66679349376964
Räntekostnader,"räntekostnader, egnahem",2022,9,147.53,40.39779215835555
Räntekostnader,"räntekostnader, egnahem",2022,10,159.7,52.28377991799369
Räntekostnader,"räntekostnader, egnahem",2022,11,170.79,62.533307955843156
Räntekostnader,"räntekostnader, egnahem",2022,12,178.62,70.01713306681896
Räntekostnader,"räntekostnader, egnahem",2023,1,186.29,76.61167993932499
Räntekostnader,"räntekostnader, egnahem",2023,2,193.55,82.33631653320772
Räntekostnader,"räntekostnader, egnahem",2023,3,199.0,84.7039168368294
Räntekostnader,"räntekostnader, egnahem",2023,4,209.04,90.7821483982842
Räntekostnader,"räntekostnader, egnahem",2023,5,217.16,92.53479918432484
Räntekostnader,"räntekostnader, egnahem",2023,6,223.0,88.44008788237281
Räntekostnader,"räntekostnader, egnahem",2023,7,230.75,81.63570528967254
Räntekostnader,"räntekostnader, egnahem",2023,8,236.75,72.3447623207396
Räntekostnader,"räntekostnader, egnahem",2023,9,242.12,64.1157730631058
Räntekostnader,"räntekostnader, egnahem",2023,10,249.2,56.04257983719474
Räntekostnader,"räntekostnader, egnahem",2023,11,255.25,49.45254405995667
Räntekostnader,"räntekostnader, egnahem",2023,12,260.04,45.582801477998004
Räntekostnader,"räntekostnader, egnahem",2024,1,264.02,41.72526705673949
Räntekostnader,"räntekostnader, egnahem",2024,2,266.77,37.83001808318262
Räntekostnader,"räntekostnader, egnahem",2024,3,268.47,34.90954773869348
Räntekostnader,"räntekostnader, egnahem",2024,4,270.87,29.578071182548804
Räntekostnader,"räntekostnader, egnahem",2024,5,271.47,25.009209799226383
Räntekostnader,"räntekostnader, egnahem",2024,6,270.0,21.076233183856495
Räntekostnader,"räntekostnader, egnahem",2024,7,268.69,16.44203683640304
Räntekostnader,"räntekostnader, egnahem",2024,8,265.95,12.333685322069687
Räntekostnader,"räntekostnader, egnahem",2024,9,263.07,8.652734181397648
Räntekostnader,"räntekostnader, egnahem",2024,10,258.29,3.647672552166936
Räntekostnader,"räntekostnader, egnahem",2024,11,250.94,-1.688540646425074
Räntekostnader,"räntekostnader, egnahem",2024,12,242.49,-6.748961698200285
Räntekostnader,"räntekostnader, egnahem",2025,1,231.03,-12.495265510188613
Räntekostnader,"räntekostnader, egnahem",2025,2,220.33,-17.40825430145817
Räntekostnader,"räntekostnader, egnahem",2025,3,214.58,-20.07300629493054
Räntekostnader,"räntekostnader, egnahem",2025,4,211.77,-21.818584560859456
Räntekostnader,"räntekostnader, egnahem",2025,5,209.81,-22.71337532692379
Räntekostnader,"räntekostnader, egnahem",2025,6,208.77,-22.677777777777774
Räntekostnader,"räntekostnader, egnahem",2025,7,206.39,-23.186571885816377
Räntekostnader,"räntekostnader, egnahem",2025,8,202.25,-23.95187065237826
Räntekostnader,"räntekostnader, egnahem",2025,9,199.18,-24.28631162808378
Räntekostnader,"räntekostnader, egnahem",2025,10,196.01,-24.11243176274731
Räntekostnader,"räntekostnader, egnahem",2025,11,192.73,-23.196780106798442
Räntekostnader,"räntekostnader, egnahem",2025,12,191.08,-21.200874262856196
