ar,lan,indikator,varde,tabell,enhet,lansnamn
2010,00,utländsk bakgrund,19.094850338322587,TAB6571,procent,Riket
2011,00,utländsk bakgrund,19.588499455069176,TAB6571,procent,Riket
2012,00,utländsk bakgrund,20.113159492263048,TAB6571,procent,Riket
2013,00,utländsk bakgrund,20.74876327960664,TAB6571,procent,Riket
2014,00,utländsk bakgrund,21.4643459687269,TAB6571,procent,Riket
2015,00,utländsk bakgrund,22.200956510378575,TAB6571,procent,Riket
2016,00,utländsk bakgrund,23.214271957617857,TAB6571,procent,Riket
2017,00,utländsk bakgrund,24.100283372670336,TAB6571,procent,Riket
2018,00,utländsk bakgrund,24.86191598685654,TAB6571,procent,Riket
2019,00,utländsk bakgrund,25.513863884397413,TAB6571,procent,Riket
2020,00,utländsk bakgrund,25.87882895707271,TAB6571,procent,Riket
2021,00,utländsk bakgrund,26.334540273619478,TAB6571,procent,Riket
2022,00,utländsk bakgrund,26.869808990229203,TAB6571,procent,Riket
2023,00,utländsk bakgrund,27.167888570067383,TAB6571,procent,Riket
2024,00,utländsk bakgrund,27.492980068400062,TAB6571,procent,Riket
2025,00,utländsk bakgrund,27.69162198321272,TAB6571,procent,Riket
2010,01,utländsk bakgrund,28.20911600448416,TAB6571,procent,Stockholms län
2011,01,utländsk bakgrund,28.907234279381086,TAB6571,procent,Stockholms län
2012,01,utländsk bakgrund,29.527420232947158,TAB6571,procent,Stockholms län
2013,01,utländsk bakgrund,30.09479242659181,TAB6571,procent,Stockholms län
2014,01,utländsk bakgrund,30.691560314534193,TAB6571,procent,Stockholms län
2015,01,utländsk bakgrund,31.300743600878178,TAB6571,procent,Stockholms län
2016,01,utländsk bakgrund,32.097784985853174,TAB6571,procent,Stockholms län
2017,01,utländsk bakgrund,32.98443813923141,TAB6571,procent,Stockholms län
2018,01,utländsk bakgrund,33.80081429139414,TAB6571,procent,Stockholms län
2019,01,utländsk bakgrund,34.51842827400497,TAB6571,procent,Stockholms län
2020,01,utländsk bakgrund,34.9061241894824,TAB6571,procent,Stockholms län
2021,01,utländsk bakgrund,35.49485143505198,TAB6571,procent,Stockholms län
2022,01,utländsk bakgrund,36.19664864364206,TAB6571,procent,Stockholms län
2023,01,utländsk bakgrund,36.55606661341092,TAB6571,procent,Stockholms län
2024,01,utländsk bakgrund,36.95121551833234,TAB6571,procent,Stockholms län
2025,01,utländsk bakgrund,37.19306699122494,TAB6571,procent,Stockholms län
2010,03,utländsk bakgrund,17.426655789830953,TAB6571,procent,Uppsala län
2011,03,utländsk bakgrund,17.815019342645364,TAB6571,procent,Uppsala län
2012,03,utländsk bakgrund,18.13484532585525,TAB6571,procent,Uppsala län
2013,03,utländsk bakgrund,18.62707355831435,TAB6571,procent,Uppsala län
2014,03,utländsk bakgrund,19.07451668185544,TAB6571,procent,Uppsala län
2015,03,utländsk bakgrund,19.81821980777267,TAB6571,procent,Uppsala län
2016,03,utländsk bakgrund,20.90609979162804,TAB6571,procent,Uppsala län
2017,03,utländsk bakgrund,22.093606272579688,TAB6571,procent,Uppsala län
2018,03,utländsk bakgrund,23.059938249626683,TAB6571,procent,Uppsala län
2019,03,utländsk bakgrund,23.905106160072762,TAB6571,procent,Uppsala län
2020,03,utländsk bakgrund,24.36263176053183,TAB6571,procent,Uppsala län
2021,03,utländsk bakgrund,24.972027157706076,TAB6571,procent,Uppsala län
2022,03,utländsk bakgrund,25.586624804707974,TAB6571,procent,Uppsala län
2023,03,utländsk bakgrund,25.883550961593123,TAB6571,procent,Uppsala län
2024,03,utländsk bakgrund,26.197562219302203,TAB6571,procent,Uppsala län
2025,03,utländsk bakgrund,26.343786153565123,TAB6571,procent,Uppsala län
2010,04,utländsk bakgrund,19.297254171930057,TAB6571,procent,Södermanlands län
2011,04,utländsk bakgrund,19.89558377329278,TAB6571,procent,Södermanlands län
2012,04,utländsk bakgrund,20.530133989509434,TAB6571,procent,Södermanlands län
2013,04,utländsk bakgrund,21.455205732628645,TAB6571,procent,Södermanlands län
2014,04,utländsk bakgrund,22.436276570728197,TAB6571,procent,Södermanlands län
2015,04,utländsk bakgrund,23.38568689375141,TAB6571,procent,Södermanlands län
2016,04,utländsk bakgrund,24.643088959621238,TAB6571,procent,Södermanlands län
2017,04,utländsk bakgrund,25.507909974909126,TAB6571,procent,Södermanlands län
2018,04,utländsk bakgrund,26.31262831062624,TAB6571,procent,Södermanlands län
2019,04,utländsk bakgrund,27.045775357935067,TAB6571,procent,Södermanlands län
2020,04,utländsk bakgrund,27.462166125029643,TAB6571,procent,Södermanlands län
2021,04,utländsk bakgrund,27.83655455084642,TAB6571,procent,Södermanlands län
2022,04,utländsk bakgrund,28.04346820197907,TAB6571,procent,Södermanlands län
2023,04,utländsk bakgrund,28.123095673369896,TAB6571,procent,Södermanlands län
2024,04,utländsk bakgrund,28.310815740427536,TAB6571,procent,Södermanlands län
2025,04,utländsk bakgrund,28.329450139794968,TAB6571,procent,Södermanlands län
2010,05,utländsk bakgrund,15.545267920734007,TAB6571,procent,Östergötlands län
2011,05,utländsk bakgrund,15.878443426317926,TAB6571,procent,Östergötlands län
2012,05,utländsk bakgrund,16.367362558323958,TAB6571,procent,Östergötlands län
2013,05,utländsk bakgrund,17.072363011821455,TAB6571,procent,Östergötlands län
2014,05,utländsk bakgrund,17.791474875877903,TAB6571,procent,Östergötlands län
2015,05,utländsk bakgrund,18.49724342044738,TAB6571,procent,Östergötlands län
2016,05,utländsk bakgrund,19.553643512016013,TAB6571,procent,Östergötlands län
2017,05,utländsk bakgrund,20.4100145137881,TAB6571,procent,Östergötlands län
2018,05,utländsk bakgrund,21.099780537844765,TAB6571,procent,Östergötlands län
2019,05,utländsk bakgrund,21.681435890825895,TAB6571,procent,Östergötlands län
2020,05,utländsk bakgrund,21.97350789240471,TAB6571,procent,Östergötlands län
2021,05,utländsk bakgrund,22.393464820397526,TAB6571,procent,Östergötlands län
2022,05,utländsk bakgrund,22.787299326993168,TAB6571,procent,Östergötlands län
2023,05,utländsk bakgrund,22.9649500950671,TAB6571,procent,Östergötlands län
2024,05,utländsk bakgrund,23.092797907062394,TAB6571,procent,Östergötlands län
2025,05,utländsk bakgrund,23.20513661595373,TAB6571,procent,Östergötlands län
2010,06,utländsk bakgrund,16.61550883734185,TAB6571,procent,Jönköpings län
2011,06,utländsk bakgrund,16.953441295546558,TAB6571,procent,Jönköpings län
2012,06,utländsk bakgrund,17.388150367425897,TAB6571,procent,Jönköpings län
2013,06,utländsk bakgrund,18.084018345128722,TAB6571,procent,Jönköpings län
2014,06,utländsk bakgrund,19.006163910045256,TAB6571,procent,Jönköpings län
2015,06,utländsk bakgrund,19.926574803715532,TAB6571,procent,Jönköpings län
2016,06,utländsk bakgrund,21.11613534239585,TAB6571,procent,Jönköpings län
2017,06,utländsk bakgrund,22.209065690284042,TAB6571,procent,Jönköpings län
2018,06,utländsk bakgrund,23.084043511397493,TAB6571,procent,Jönköpings län
2019,06,utländsk bakgrund,23.761616506096,TAB6571,procent,Jönköpings län
2020,06,utländsk bakgrund,24.207281992274183,TAB6571,procent,Jönköpings län
2021,06,utländsk bakgrund,24.692424209402176,TAB6571,procent,Jönköpings län
2022,06,utländsk bakgrund,25.23698704732697,TAB6571,procent,Jönköpings län
2023,06,utländsk bakgrund,25.457360053787927,TAB6571,procent,Jönköpings län
2024,06,utländsk bakgrund,25.82369618036318,TAB6571,procent,Jönköpings län
2025,06,utländsk bakgrund,25.95815234148901,TAB6571,procent,Jönköpings län
2010,07,utländsk bakgrund,17.044144829835815,TAB6571,procent,Kronobergs län
2011,07,utländsk bakgrund,17.595069697921517,TAB6571,procent,Kronobergs län
2012,07,utländsk bakgrund,18.286916244815398,TAB6571,procent,Kronobergs län
2013,07,utländsk bakgrund,19.25986877257475,TAB6571,procent,Kronobergs län
2014,07,utländsk bakgrund,20.326974324267162,TAB6571,procent,Kronobergs län
2015,07,utländsk bakgrund,21.43502866190449,TAB6571,procent,Kronobergs län
2016,07,utländsk bakgrund,22.747497790657047,TAB6571,procent,Kronobergs län
2017,07,utländsk bakgrund,23.956176367843092,TAB6571,procent,Kronobergs län
2018,07,utländsk bakgrund,24.976236454779222,TAB6571,procent,Kronobergs län
2019,07,utländsk bakgrund,25.691793774724648,TAB6571,procent,Kronobergs län
2020,07,utländsk bakgrund,26.091771604297374,TAB6571,procent,Kronobergs län
2021,07,utländsk bakgrund,26.495524736893874,TAB6571,procent,Kronobergs län
2022,07,utländsk bakgrund,27.050187192600387,TAB6571,procent,Kronobergs län
2023,07,utländsk bakgrund,27.060770008738942,TAB6571,procent,Kronobergs län
2024,07,utländsk bakgrund,27.236649930415883,TAB6571,procent,Kronobergs län
2025,07,utländsk bakgrund,27.44078652625775,TAB6571,procent,Kronobergs län
2010,08,utländsk bakgrund,10.739671827898054,TAB6571,procent,Kalmar län
2011,08,utländsk bakgrund,11.109013685700802,TAB6571,procent,Kalmar län
2012,08,utländsk bakgrund,11.515834004144759,TAB6571,procent,Kalmar län
2013,08,utländsk bakgrund,12.08556744229799,TAB6571,procent,Kalmar län
2014,08,utländsk bakgrund,12.958938530887359,TAB6571,procent,Kalmar län
2015,08,utländsk bakgrund,13.983566070203931,TAB6571,procent,Kalmar län
2016,08,utländsk bakgrund,15.948757949822742,TAB6571,procent,Kalmar län
2017,08,utländsk bakgrund,16.537596084357137,TAB6571,procent,Kalmar län
2018,08,utländsk bakgrund,17.155352106919523,TAB6571,procent,Kalmar län
2019,08,utländsk bakgrund,17.529721405115584,TAB6571,procent,Kalmar län
2020,08,utländsk bakgrund,17.74887199707329,TAB6571,procent,Kalmar län
2021,08,utländsk bakgrund,18.03499544856883,TAB6571,procent,Kalmar län
2022,08,utländsk bakgrund,18.41056715285151,TAB6571,procent,Kalmar län
2023,08,utländsk bakgrund,18.50146148451151,TAB6571,procent,Kalmar län
2024,08,utländsk bakgrund,18.694794440475416,TAB6571,procent,Kalmar län
2025,08,utländsk bakgrund,18.774875039209377,TAB6571,procent,Kalmar län
2010,09,utländsk bakgrund,5.800694965862858,TAB6571,procent,Gotlands län
2011,09,utländsk bakgrund,5.908424652753542,TAB6571,procent,Gotlands län
2012,09,utländsk bakgrund,6.091787355217414,TAB6571,procent,Gotlands län
2013,09,utländsk bakgrund,6.2227742691695385,TAB6571,procent,Gotlands län
2014,09,utländsk bakgrund,6.43611911623439,TAB6571,procent,Gotlands län
2015,09,utländsk bakgrund,6.833824118764266,TAB6571,procent,Gotlands län
2016,09,utländsk bakgrund,7.647880282054376,TAB6571,procent,Gotlands län
2017,09,utländsk bakgrund,8.145746224080552,TAB6571,procent,Gotlands län
2018,09,utländsk bakgrund,8.833904369694004,TAB6571,procent,Gotlands län
2019,09,utländsk bakgrund,9.22661930771035,TAB6571,procent,Gotlands län
2020,09,utländsk bakgrund,9.41387798549664,TAB6571,procent,Gotlands län
2021,09,utländsk bakgrund,9.757217094801724,TAB6571,procent,Gotlands län
2022,09,utländsk bakgrund,10.06980203684632,TAB6571,procent,Gotlands län
2023,09,utländsk bakgrund,10.204984515558177,TAB6571,procent,Gotlands län
2024,09,utländsk bakgrund,10.539436781420676,TAB6571,procent,Gotlands län
2025,09,utländsk bakgrund,10.735883783606127,TAB6571,procent,Gotlands län
2010,10,utländsk bakgrund,13.049266774132496,TAB6571,procent,Blekinge län
2011,10,utländsk bakgrund,13.21488570326646,TAB6571,procent,Blekinge län
2012,10,utländsk bakgrund,13.265929159964546,TAB6571,procent,Blekinge län
2013,10,utländsk bakgrund,13.812787630026774,TAB6571,procent,Blekinge län
2014,10,utländsk bakgrund,14.771304579097933,TAB6571,procent,Blekinge län
2015,10,utländsk bakgrund,16.017612461840734,TAB6571,procent,Blekinge län
2016,10,utländsk bakgrund,17.32122459025705,TAB6571,procent,Blekinge län
2017,10,utländsk bakgrund,18.07355164992376,TAB6571,procent,Blekinge län
2018,10,utländsk bakgrund,18.51531775256131,TAB6571,procent,Blekinge län
2019,10,utländsk bakgrund,18.870217911607334,TAB6571,procent,Blekinge län
2020,10,utländsk bakgrund,18.776405794185695,TAB6571,procent,Blekinge län
2021,10,utländsk bakgrund,18.85715723840264,TAB6571,procent,Blekinge län
2022,10,utländsk bakgrund,19.055688547310066,TAB6571,procent,Blekinge län
2023,10,utländsk bakgrund,18.95513790331259,TAB6571,procent,Blekinge län
2024,10,utländsk bakgrund,19.037927020855726,TAB6571,procent,Blekinge län
2025,10,utländsk bakgrund,19.12831383766665,TAB6571,procent,Blekinge län
2010,12,utländsk bakgrund,23.059061599946595,TAB6571,procent,Skåne län
2011,12,utländsk bakgrund,23.539486947825623,TAB6571,procent,Skåne län
2012,12,utländsk bakgrund,24.11130499220957,TAB6571,procent,Skåne län
2013,12,utländsk bakgrund,24.68139480671769,TAB6571,procent,Skåne län
2014,12,utländsk bakgrund,25.388002867543687,TAB6571,procent,Skåne län
2015,12,utländsk bakgrund,26.077704742230715,TAB6571,procent,Skåne län
2016,12,utländsk bakgrund,27.10127475812814,TAB6571,procent,Skåne län
2017,12,utländsk bakgrund,28.12256216865015,TAB6571,procent,Skåne län
2018,12,utländsk bakgrund,28.97162162558987,TAB6571,procent,Skåne län
2019,12,utländsk bakgrund,29.668093309247098,TAB6571,procent,Skåne län
2020,12,utländsk bakgrund,30.12323872698901,TAB6571,procent,Skåne län
2021,12,utländsk bakgrund,30.669091038736475,TAB6571,procent,Skåne län
2022,12,utländsk bakgrund,31.248568220577464,TAB6571,procent,Skåne län
2023,12,utländsk bakgrund,31.62294333656168,TAB6571,procent,Skåne län
2024,12,utländsk bakgrund,31.947619600931244,TAB6571,procent,Skåne län
2025,12,utländsk bakgrund,32.165129305141434,TAB6571,procent,Skåne län
2010,13,utländsk bakgrund,13.21973794927275,TAB6571,procent,Hallands län
2011,13,utländsk bakgrund,13.464623298113509,TAB6571,procent,Hallands län
2012,13,utländsk bakgrund,13.73456181194018,TAB6571,procent,Hallands län
2013,13,utländsk bakgrund,14.188176248207535,TAB6571,procent,Hallands län
2014,13,utländsk bakgrund,14.839779183364717,TAB6571,procent,Hallands län
2015,13,utländsk bakgrund,15.591008437531768,TAB6571,procent,Hallands län
2016,13,utländsk bakgrund,16.51656245219818,TAB6571,procent,Hallands län
2017,13,utländsk bakgrund,17.19448934041407,TAB6571,procent,Hallands län
2018,13,utländsk bakgrund,17.842004906604483,TAB6571,procent,Hallands län
2019,13,utländsk bakgrund,18.417962665644247,TAB6571,procent,Hallands län
2020,13,utländsk bakgrund,18.71666646869469,TAB6571,procent,Hallands län
2021,13,utländsk bakgrund,19.03962756030249,TAB6571,procent,Hallands län
2022,13,utländsk bakgrund,19.35677717652893,TAB6571,procent,Hallands län
2023,13,utländsk bakgrund,19.502481483420897,TAB6571,procent,Hallands län
2024,13,utländsk bakgrund,19.66360838544776,TAB6571,procent,Hallands län
2025,13,utländsk bakgrund,19.71163570169609,TAB6571,procent,Hallands län
2010,14,utländsk bakgrund,19.359209060069087,TAB6571,procent,Västra Götalands län
2011,14,utländsk bakgrund,19.810839152925556,TAB6571,procent,Västra Götalands län
2012,14,utländsk bakgrund,20.258215361083497,TAB6571,procent,Västra Götalands län
2013,14,utländsk bakgrund,20.863001552860407,TAB6571,procent,Västra Götalands län
2014,14,utländsk bakgrund,21.56007431317907,TAB6571,procent,Västra Götalands län
2015,14,utländsk bakgrund,22.271244545643125,TAB6571,procent,Västra Götalands län
2016,14,utländsk bakgrund,23.232500868832858,TAB6571,procent,Västra Götalands län
2017,14,utländsk bakgrund,24.119785992517073,TAB6571,procent,Västra Götalands län
2018,14,utländsk bakgrund,24.952480211297836,TAB6571,procent,Västra Götalands län
2019,14,utländsk bakgrund,25.66329891805982,TAB6571,procent,Västra Götalands län
2020,14,utländsk bakgrund,26.07459570594133,TAB6571,procent,Västra Götalands län
2021,14,utländsk bakgrund,26.52844728427913,TAB6571,procent,Västra Götalands län
2022,14,utländsk bakgrund,27.149880363186433,TAB6571,procent,Västra Götalands län
2023,14,utländsk bakgrund,27.49861914096986,TAB6571,procent,Västra Götalands län
2024,14,utländsk bakgrund,27.771331679848107,TAB6571,procent,Västra Götalands län
2025,14,utländsk bakgrund,27.988984156287284,TAB6571,procent,Västra Götalands län
2010,17,utländsk bakgrund,11.53532285510402,TAB6571,procent,Värmlands län
2011,17,utländsk bakgrund,11.75275724510149,TAB6571,procent,Värmlands län
2012,17,utländsk bakgrund,12.139666031932034,TAB6571,procent,Värmlands län
2013,17,utländsk bakgrund,12.689954896554243,TAB6571,procent,Värmlands län
2014,17,utländsk bakgrund,13.315325219974444,TAB6571,procent,Värmlands län
2015,17,utländsk bakgrund,13.976238111807005,TAB6571,procent,Värmlands län
2016,17,utländsk bakgrund,15.20473698153465,TAB6571,procent,Värmlands län
2017,17,utländsk bakgrund,15.714036070028781,TAB6571,procent,Värmlands län
2018,17,utländsk bakgrund,16.14952288245785,TAB6571,procent,Värmlands län
2019,17,utländsk bakgrund,16.537777872201804,TAB6571,procent,Värmlands län
2020,17,utländsk bakgrund,16.749562543082877,TAB6571,procent,Värmlands län
2021,17,utländsk bakgrund,16.866763654853884,TAB6571,procent,Värmlands län
2022,17,utländsk bakgrund,17.18807223145618,TAB6571,procent,Värmlands län
2023,17,utländsk bakgrund,17.33745256535049,TAB6571,procent,Värmlands län
2024,17,utländsk bakgrund,17.562388843406826,TAB6571,procent,Värmlands län
2025,17,utländsk bakgrund,17.734783791518424,TAB6571,procent,Värmlands län
2010,18,utländsk bakgrund,16.47646576026835,TAB6571,procent,Örebro län
2011,18,utländsk bakgrund,16.84862131177816,TAB6571,procent,Örebro län
2012,18,utländsk bakgrund,17.375394277196737,TAB6571,procent,Örebro län
2013,18,utländsk bakgrund,18.001016135531458,TAB6571,procent,Örebro län
2014,18,utländsk bakgrund,18.68714211348256,TAB6571,procent,Örebro län
2015,18,utländsk bakgrund,19.442153588168186,TAB6571,procent,Örebro län
2016,18,utländsk bakgrund,20.505457023608113,TAB6571,procent,Örebro län
2017,18,utländsk bakgrund,21.322351099171314,TAB6571,procent,Örebro län
2018,18,utländsk bakgrund,22.01110331776134,TAB6571,procent,Örebro län
2019,18,utländsk bakgrund,22.60855300930103,TAB6571,procent,Örebro län
2020,18,utländsk bakgrund,22.88814073935932,TAB6571,procent,Örebro län
2021,18,utländsk bakgrund,23.191282693160186,TAB6571,procent,Örebro län
2022,18,utländsk bakgrund,23.463148044656435,TAB6571,procent,Örebro län
2023,18,utländsk bakgrund,23.71379610276649,TAB6571,procent,Örebro län
2024,18,utländsk bakgrund,23.89136603161735,TAB6571,procent,Örebro län
2025,18,utländsk bakgrund,23.96961962919603,TAB6571,procent,Örebro län
2010,19,utländsk bakgrund,21.629555777113104,TAB6571,procent,Västmanlands län
2011,19,utländsk bakgrund,22.044624140141668,TAB6571,procent,Västmanlands län
2012,19,utländsk bakgrund,22.568533782939927,TAB6571,procent,Västmanlands län
2013,19,utländsk bakgrund,23.405544789889365,TAB6571,procent,Västmanlands län
2014,19,utländsk bakgrund,24.24656958460545,TAB6571,procent,Västmanlands län
2015,19,utländsk bakgrund,24.966701478757056,TAB6571,procent,Västmanlands län
2016,19,utländsk bakgrund,25.971774359280946,TAB6571,procent,Västmanlands län
2017,19,utländsk bakgrund,26.868440952433648,TAB6571,procent,Västmanlands län
2018,19,utländsk bakgrund,27.707544655731958,TAB6571,procent,Västmanlands län
2019,19,utländsk bakgrund,28.35360437927097,TAB6571,procent,Västmanlands län
2020,19,utländsk bakgrund,28.889265752811745,TAB6571,procent,Västmanlands län
2021,19,utländsk bakgrund,29.45115372069098,TAB6571,procent,Västmanlands län
2022,19,utländsk bakgrund,29.99148596609348,TAB6571,procent,Västmanlands län
2023,19,utländsk bakgrund,30.351158956316127,TAB6571,procent,Västmanlands län
2024,19,utländsk bakgrund,30.717603625008003,TAB6571,procent,Västmanlands län
2025,19,utländsk bakgrund,30.950006411261025,TAB6571,procent,Västmanlands län
2010,20,utländsk bakgrund,10.853754056170974,TAB6571,procent,Dalarnas län
2011,20,utländsk bakgrund,11.077323594814962,TAB6571,procent,Dalarnas län
2012,20,utländsk bakgrund,11.538392001591003,TAB6571,procent,Dalarnas län
2013,20,utländsk bakgrund,12.132728079062842,TAB6571,procent,Dalarnas län
2014,20,utländsk bakgrund,12.914884386327863,TAB6571,procent,Dalarnas län
2015,20,utländsk bakgrund,13.901461776050786,TAB6571,procent,Dalarnas län
2016,20,utländsk bakgrund,15.12278099750115,TAB6571,procent,Dalarnas län
2017,20,utländsk bakgrund,15.728338545943775,TAB6571,procent,Dalarnas län
2018,20,utländsk bakgrund,16.191663387780256,TAB6571,procent,Dalarnas län
2019,20,utländsk bakgrund,16.562024683469577,TAB6571,procent,Dalarnas län
2020,20,utländsk bakgrund,16.618000806462828,TAB6571,procent,Dalarnas län
2021,20,utländsk bakgrund,16.707410528213824,TAB6571,procent,Dalarnas län
2022,20,utländsk bakgrund,16.783670354826402,TAB6571,procent,Dalarnas län
2023,20,utländsk bakgrund,16.806090798007332,TAB6571,procent,Dalarnas län
2024,20,utländsk bakgrund,16.906186092285356,TAB6571,procent,Dalarnas län
2025,20,utländsk bakgrund,17.07925032250396,TAB6571,procent,Dalarnas län
2010,21,utländsk bakgrund,10.82211002936624,TAB6571,procent,Gävleborgs län
2011,21,utländsk bakgrund,11.151993626190562,TAB6571,procent,Gävleborgs län
2012,21,utländsk bakgrund,11.692217599236544,TAB6571,procent,Gävleborgs län
2013,21,utländsk bakgrund,12.576896787423102,TAB6571,procent,Gävleborgs län
2014,21,utländsk bakgrund,13.639366979652918,TAB6571,procent,Gävleborgs län
2015,21,utländsk bakgrund,14.525486578074268,TAB6571,procent,Gävleborgs län
2016,21,utländsk bakgrund,15.575256688663533,TAB6571,procent,Gävleborgs län
2017,21,utländsk bakgrund,16.189779335310202,TAB6571,procent,Gävleborgs län
2018,21,utländsk bakgrund,16.69010668406928,TAB6571,procent,Gävleborgs län
2019,21,utländsk bakgrund,17.198015185363037,TAB6571,procent,Gävleborgs län
2020,21,utländsk bakgrund,17.49379134753845,TAB6571,procent,Gävleborgs län
2021,21,utländsk bakgrund,17.75568428624547,TAB6571,procent,Gävleborgs län
2022,21,utländsk bakgrund,17.93383310015522,TAB6571,procent,Gävleborgs län
2023,21,utländsk bakgrund,17.916482870166153,TAB6571,procent,Gävleborgs län
2024,21,utländsk bakgrund,18.16641949971535,TAB6571,procent,Gävleborgs län
2025,21,utländsk bakgrund,18.310331202461086,TAB6571,procent,Gävleborgs län
2010,22,utländsk bakgrund,8.799587841318909,TAB6571,procent,Västernorrlands län
2011,22,utländsk bakgrund,9.178005822716855,TAB6571,procent,Västernorrlands län
2012,22,utländsk bakgrund,9.588769366189908,TAB6571,procent,Västernorrlands län
2013,22,utländsk bakgrund,10.177323708683659,TAB6571,procent,Västernorrlands län
2014,22,utländsk bakgrund,10.834317311292226,TAB6571,procent,Västernorrlands län
2015,22,utländsk bakgrund,11.593828542376494,TAB6571,procent,Västernorrlands län
2016,22,utländsk bakgrund,12.584496603847343,TAB6571,procent,Västernorrlands län
2017,22,utländsk bakgrund,13.205782866063878,TAB6571,procent,Västernorrlands län
2018,22,utländsk bakgrund,13.529270369480104,TAB6571,procent,Västernorrlands län
2019,22,utländsk bakgrund,13.850994713609705,TAB6571,procent,Västernorrlands län
2020,22,utländsk bakgrund,13.99486411998986,TAB6571,procent,Västernorrlands län
2021,22,utländsk bakgrund,14.137178379396625,TAB6571,procent,Västernorrlands län
2022,22,utländsk bakgrund,14.344028117485047,TAB6571,procent,Västernorrlands län
2023,22,utländsk bakgrund,14.404826800138759,TAB6571,procent,Västernorrlands län
2024,22,utländsk bakgrund,14.662177273066124,TAB6571,procent,Västernorrlands län
2025,22,utländsk bakgrund,14.82920545212766,TAB6571,procent,Västernorrlands län
2010,23,utländsk bakgrund,7.161518971355503,TAB6571,procent,Jämtlands län
2011,23,utländsk bakgrund,7.48145274309377,TAB6571,procent,Jämtlands län
2012,23,utländsk bakgrund,7.833535391954105,TAB6571,procent,Jämtlands län
2013,23,utländsk bakgrund,8.627956445070021,TAB6571,procent,Jämtlands län
2014,23,utländsk bakgrund,9.131069301463338,TAB6571,procent,Jämtlands län
2015,23,utländsk bakgrund,9.720826529330486,TAB6571,procent,Jämtlands län
2016,23,utländsk bakgrund,10.766827539577067,TAB6571,procent,Jämtlands län
2017,23,utländsk bakgrund,11.497927676686748,TAB6571,procent,Jämtlands län
2018,23,utländsk bakgrund,11.698649063555418,TAB6571,procent,Jämtlands län
2019,23,utländsk bakgrund,12.035012613714548,TAB6571,procent,Jämtlands län
2020,23,utländsk bakgrund,12.090274865617019,TAB6571,procent,Jämtlands län
2021,23,utländsk bakgrund,12.248777015463371,TAB6571,procent,Jämtlands län
2022,23,utländsk bakgrund,12.480590939926133,TAB6571,procent,Jämtlands län
2023,23,utländsk bakgrund,12.519989137977854,TAB6571,procent,Jämtlands län
2024,23,utländsk bakgrund,12.727436972575825,TAB6571,procent,Jämtlands län
2025,23,utländsk bakgrund,12.91962994214079,TAB6571,procent,Jämtlands län
2010,24,utländsk bakgrund,8.890183041120617,TAB6571,procent,Västerbottens län
2011,24,utländsk bakgrund,9.173287325690211,TAB6571,procent,Västerbottens län
2012,24,utländsk bakgrund,9.4851604622296,TAB6571,procent,Västerbottens län
2013,24,utländsk bakgrund,9.878136585066944,TAB6571,procent,Västerbottens län
2014,24,utländsk bakgrund,10.39289226336131,TAB6571,procent,Västerbottens län
2015,24,utländsk bakgrund,10.736659857695024,TAB6571,procent,Västerbottens län
2016,24,utländsk bakgrund,11.397580120429817,TAB6571,procent,Västerbottens län
2017,24,utländsk bakgrund,12.130445309444434,TAB6571,procent,Västerbottens län
2018,24,utländsk bakgrund,12.616137462336297,TAB6571,procent,Västerbottens län
2019,24,utländsk bakgrund,13.01299790973592,TAB6571,procent,Västerbottens län
2020,24,utländsk bakgrund,13.239772760549357,TAB6571,procent,Västerbottens län
2021,24,utländsk bakgrund,13.587774026361892,TAB6571,procent,Västerbottens län
2022,24,utländsk bakgrund,14.150093197488191,TAB6571,procent,Västerbottens län
2023,24,utländsk bakgrund,14.998439344309347,TAB6571,procent,Västerbottens län
2024,24,utländsk bakgrund,15.885081347950116,TAB6571,procent,Västerbottens län
2025,24,utländsk bakgrund,15.421033014607852,TAB6571,procent,Västerbottens län
2010,25,utländsk bakgrund,10.873701273887912,TAB6571,procent,Norrbottens län
2011,25,utländsk bakgrund,11.083304834134664,TAB6571,procent,Norrbottens län
2012,25,utländsk bakgrund,11.3599343621424,TAB6571,procent,Norrbottens län
2013,25,utländsk bakgrund,11.719238602286758,TAB6571,procent,Norrbottens län
2014,25,utländsk bakgrund,12.035825862944874,TAB6571,procent,Norrbottens län
2015,25,utländsk bakgrund,12.331970544541571,TAB6571,procent,Norrbottens län
2016,25,utländsk bakgrund,13.009937342858283,TAB6571,procent,Norrbottens län
2017,25,utländsk bakgrund,13.63895023776836,TAB6571,procent,Norrbottens län
2018,25,utländsk bakgrund,13.806552573483915,TAB6571,procent,Norrbottens län
2019,25,utländsk bakgrund,14.109951098191473,TAB6571,procent,Norrbottens län
2020,25,utländsk bakgrund,14.31249849768042,TAB6571,procent,Norrbottens län
2021,25,utländsk bakgrund,14.552670679594542,TAB6571,procent,Norrbottens län
2022,25,utländsk bakgrund,14.88981727848076,TAB6571,procent,Norrbottens län
2023,25,utländsk bakgrund,15.137636831938185,TAB6571,procent,Norrbottens län
2024,25,utländsk bakgrund,15.590057115276325,TAB6571,procent,Norrbottens län
2025,25,utländsk bakgrund,16.286300803046675,TAB6571,procent,Norrbottens län
1985,00,eftergymnasial ≥3 år (16–74),7.099723948960896,TAB3981,procent,Riket
1986,00,eftergymnasial ≥3 år (16–74),7.3217452163762236,TAB3981,procent,Riket
1987,00,eftergymnasial ≥3 år (16–74),7.485272199554335,TAB3981,procent,Riket
1988,00,eftergymnasial ≥3 år (16–74),7.634450173978099,TAB3981,procent,Riket
1989,00,eftergymnasial ≥3 år (16–74),8.002520600598281,TAB3981,procent,Riket
1990,00,eftergymnasial ≥3 år (16–74),8.63190537302409,TAB3981,procent,Riket
1991,00,eftergymnasial ≥3 år (16–74),8.74461939966406,TAB3981,procent,Riket
1992,00,eftergymnasial ≥3 år (16–74),8.763985748642973,TAB3981,procent,Riket
1993,00,eftergymnasial ≥3 år (16–74),8.871343219942798,TAB3981,procent,Riket
1994,00,eftergymnasial ≥3 år (16–74),9.36583172628123,TAB3981,procent,Riket
1995,00,eftergymnasial ≥3 år (16–74),9.62357491338449,TAB3981,procent,Riket
1996,00,eftergymnasial ≥3 år (16–74),9.898631030966497,TAB3981,procent,Riket
1997,00,eftergymnasial ≥3 år (16–74),10.255494938704718,TAB3981,procent,Riket
1998,00,eftergymnasial ≥3 år (16–74),10.598036149180844,TAB3981,procent,Riket
1999,00,eftergymnasial ≥3 år (16–74),11.077283897299127,TAB3981,procent,Riket
2000,00,eftergymnasial ≥3 år (16–74),13.405363441874648,TAB3981,procent,Riket
2001,00,eftergymnasial ≥3 år (16–74),14.02174908765482,TAB3981,procent,Riket
2002,00,eftergymnasial ≥3 år (16–74),14.65307574911317,TAB3981,procent,Riket
2003,00,eftergymnasial ≥3 år (16–74),15.19148749814109,TAB3981,procent,Riket
2004,00,eftergymnasial ≥3 år (16–74),15.827860553871249,TAB3981,procent,Riket
2005,00,eftergymnasial ≥3 år (16–74),16.549238536880676,TAB3981,procent,Riket
2006,00,eftergymnasial ≥3 år (16–74),17.009811384461866,TAB3981,procent,Riket
2007,00,eftergymnasial ≥3 år (16–74),17.5425230066547,TAB3981,procent,Riket
2008,00,eftergymnasial ≥3 år (16–74),18.00373538033432,TAB3981,procent,Riket
2009,00,eftergymnasial ≥3 år (16–74),18.448999268026732,TAB3981,procent,Riket
2010,00,eftergymnasial ≥3 år (16–74),18.904811159507553,TAB3981,procent,Riket
2011,00,eftergymnasial ≥3 år (16–74),19.4339302274318,TAB3981,procent,Riket
2012,00,eftergymnasial ≥3 år (16–74),19.949938097789857,TAB3981,procent,Riket
2013,00,eftergymnasial ≥3 år (16–74),20.477710749092175,TAB3981,procent,Riket
2014,00,eftergymnasial ≥3 år (16–74),20.99002370713922,TAB3981,procent,Riket
2015,00,eftergymnasial ≥3 år (16–74),21.46209484026221,TAB3981,procent,Riket
2016,00,eftergymnasial ≥3 år (16–74),21.88537553813615,TAB3981,procent,Riket
2017,00,eftergymnasial ≥3 år (16–74),22.270040041109947,TAB3981,procent,Riket
2018,00,eftergymnasial ≥3 år (16–74),22.789671473949277,TAB3981,procent,Riket
2019,00,eftergymnasial ≥3 år (16–74),23.254103404165743,TAB3981,procent,Riket
2020,00,eftergymnasial ≥3 år (16–74),23.806683799363157,TAB3981,procent,Riket
2021,00,eftergymnasial ≥3 år (16–74),24.35429125021716,TAB3981,procent,Riket
2022,00,eftergymnasial ≥3 år (16–74),24.872384326012448,TAB3981,procent,Riket
2023,00,eftergymnasial ≥3 år (16–74),25.307018075575545,TAB3981,procent,Riket
2024,00,eftergymnasial ≥3 år (16–74),25.79170626691724,TAB3981,procent,Riket
2025,00,eftergymnasial ≥3 år (16–74),26.281809891340558,TAB3981,procent,Riket
1985,01,eftergymnasial ≥3 år (16–74),10.828821465407321,TAB3981,procent,Stockholms län
1986,01,eftergymnasial ≥3 år (16–74),11.116814493300623,TAB3981,procent,Stockholms län
1987,01,eftergymnasial ≥3 år (16–74),11.325190669376262,TAB3981,procent,Stockholms län
1988,01,eftergymnasial ≥3 år (16–74),11.51754553662834,TAB3981,procent,Stockholms län
1989,01,eftergymnasial ≥3 år (16–74),11.938656631869907,TAB3981,procent,Stockholms län
1990,01,eftergymnasial ≥3 år (16–74),13.095869672374372,TAB3981,procent,Stockholms län
1991,01,eftergymnasial ≥3 år (16–74),13.238275453622471,TAB3981,procent,Stockholms län
1992,01,eftergymnasial ≥3 år (16–74),13.215131057745117,TAB3981,procent,Stockholms län
1993,01,eftergymnasial ≥3 år (16–74),13.338946520294089,TAB3981,procent,Stockholms län
1994,01,eftergymnasial ≥3 år (16–74),14.142014291509744,TAB3981,procent,Stockholms län
1995,01,eftergymnasial ≥3 år (16–74),14.495827827970812,TAB3981,procent,Stockholms län
1996,01,eftergymnasial ≥3 år (16–74),14.830062456518236,TAB3981,procent,Stockholms län
1997,01,eftergymnasial ≥3 år (16–74),15.320185121919142,TAB3981,procent,Stockholms län
1998,01,eftergymnasial ≥3 år (16–74),15.776986403805365,TAB3981,procent,Stockholms län
1999,01,eftergymnasial ≥3 år (16–74),16.498474750678206,TAB3981,procent,Stockholms län
2000,01,eftergymnasial ≥3 år (16–74),19.516031885559684,TAB3981,procent,Stockholms län
2001,01,eftergymnasial ≥3 år (16–74),20.278065815663698,TAB3981,procent,Stockholms län
2002,01,eftergymnasial ≥3 år (16–74),20.97138211646732,TAB3981,procent,Stockholms län
2003,01,eftergymnasial ≥3 år (16–74),21.470337913932983,TAB3981,procent,Stockholms län
2004,01,eftergymnasial ≥3 år (16–74),22.108671212276064,TAB3981,procent,Stockholms län
2005,01,eftergymnasial ≥3 år (16–74),22.850716957155853,TAB3981,procent,Stockholms län
2006,01,eftergymnasial ≥3 år (16–74),23.322748276087037,TAB3981,procent,Stockholms län
2007,01,eftergymnasial ≥3 år (16–74),23.957311720705192,TAB3981,procent,Stockholms län
2008,01,eftergymnasial ≥3 år (16–74),24.487774192866123,TAB3981,procent,Stockholms län
2009,01,eftergymnasial ≥3 år (16–74),24.957786517334245,TAB3981,procent,Stockholms län
2010,01,eftergymnasial ≥3 år (16–74),25.477287646097924,TAB3981,procent,Stockholms län
2011,01,eftergymnasial ≥3 år (16–74),26.122909142886208,TAB3981,procent,Stockholms län
2012,01,eftergymnasial ≥3 år (16–74),26.682827862983807,TAB3981,procent,Stockholms län
2013,01,eftergymnasial ≥3 år (16–74),27.275134356730078,TAB3981,procent,Stockholms län
2014,01,eftergymnasial ≥3 år (16–74),27.835807016960466,TAB3981,procent,Stockholms län
2015,01,eftergymnasial ≥3 år (16–74),28.39936992019435,TAB3981,procent,Stockholms län
2016,01,eftergymnasial ≥3 år (16–74),28.882061233290212,TAB3981,procent,Stockholms län
2017,01,eftergymnasial ≥3 år (16–74),29.28554395508398,TAB3981,procent,Stockholms län
2018,01,eftergymnasial ≥3 år (16–74),29.897270650755175,TAB3981,procent,Stockholms län
2019,01,eftergymnasial ≥3 år (16–74),30.376839691990448,TAB3981,procent,Stockholms län
2020,01,eftergymnasial ≥3 år (16–74),31.004068221294716,TAB3981,procent,Stockholms län
2021,01,eftergymnasial ≥3 år (16–74),31.592484075273077,TAB3981,procent,Stockholms län
2022,01,eftergymnasial ≥3 år (16–74),32.1902717137987,TAB3981,procent,Stockholms län
2023,01,eftergymnasial ≥3 år (16–74),32.64610594757084,TAB3981,procent,Stockholms län
2024,01,eftergymnasial ≥3 år (16–74),33.12609855587883,TAB3981,procent,Stockholms län
2025,01,eftergymnasial ≥3 år (16–74),33.677825071753055,TAB3981,procent,Stockholms län
1985,03,eftergymnasial ≥3 år (16–74),11.723271544322964,TAB3981,procent,Uppsala län
1986,03,eftergymnasial ≥3 år (16–74),12.004615284609217,TAB3981,procent,Uppsala län
1987,03,eftergymnasial ≥3 år (16–74),12.153962328822146,TAB3981,procent,Uppsala län
1988,03,eftergymnasial ≥3 år (16–74),12.266531253471285,TAB3981,procent,Uppsala län
1989,03,eftergymnasial ≥3 år (16–74),12.62276035615482,TAB3981,procent,Uppsala län
1990,03,eftergymnasial ≥3 år (16–74),13.698489469414579,TAB3981,procent,Uppsala län
1991,03,eftergymnasial ≥3 år (16–74),13.580864337854562,TAB3981,procent,Uppsala län
1992,03,eftergymnasial ≥3 år (16–74),13.375318116748847,TAB3981,procent,Uppsala län
1993,03,eftergymnasial ≥3 år (16–74),13.329608883792273,TAB3981,procent,Uppsala län
1994,03,eftergymnasial ≥3 år (16–74),13.937182479414234,TAB3981,procent,Uppsala län
1995,03,eftergymnasial ≥3 år (16–74),14.105219452611658,TAB3981,procent,Uppsala län
1996,03,eftergymnasial ≥3 år (16–74),14.293896804004621,TAB3981,procent,Uppsala län
1997,03,eftergymnasial ≥3 år (16–74),14.585199270069497,TAB3981,procent,Uppsala län
1998,03,eftergymnasial ≥3 år (16–74),14.765135873582018,TAB3981,procent,Uppsala län
1999,03,eftergymnasial ≥3 år (16–74),15.268121135035855,TAB3981,procent,Uppsala län
2000,03,eftergymnasial ≥3 år (16–74),19.023183488832345,TAB3981,procent,Uppsala län
2001,03,eftergymnasial ≥3 år (16–74),19.84605211689981,TAB3981,procent,Uppsala län
2002,03,eftergymnasial ≥3 år (16–74),20.664943013443573,TAB3981,procent,Uppsala län
2003,03,eftergymnasial ≥3 år (16–74),21.266391701722412,TAB3981,procent,Uppsala län
2004,03,eftergymnasial ≥3 år (16–74),21.79805686410267,TAB3981,procent,Uppsala län
2005,03,eftergymnasial ≥3 år (16–74),22.407045886019272,TAB3981,procent,Uppsala län
2006,03,eftergymnasial ≥3 år (16–74),22.047652227112824,TAB3981,procent,Uppsala län
2007,03,eftergymnasial ≥3 år (16–74),22.455679579776756,TAB3981,procent,Uppsala län
2008,03,eftergymnasial ≥3 år (16–74),22.870184016759477,TAB3981,procent,Uppsala län
2009,03,eftergymnasial ≥3 år (16–74),23.349305513434828,TAB3981,procent,Uppsala län
2010,03,eftergymnasial ≥3 år (16–74),23.834655046741258,TAB3981,procent,Uppsala län
2011,03,eftergymnasial ≥3 år (16–74),24.31320090599869,TAB3981,procent,Uppsala län
2012,03,eftergymnasial ≥3 år (16–74),24.852411300071594,TAB3981,procent,Uppsala län
2013,03,eftergymnasial ≥3 år (16–74),25.425149607643768,TAB3981,procent,Uppsala län
2014,03,eftergymnasial ≥3 år (16–74),25.94693609964907,TAB3981,procent,Uppsala län
2015,03,eftergymnasial ≥3 år (16–74),26.370698375737216,TAB3981,procent,Uppsala län
2016,03,eftergymnasial ≥3 år (16–74),26.70869762880749,TAB3981,procent,Uppsala län
2017,03,eftergymnasial ≥3 år (16–74),26.98270699483206,TAB3981,procent,Uppsala län
2018,03,eftergymnasial ≥3 år (16–74),27.329149588299103,TAB3981,procent,Uppsala län
2019,03,eftergymnasial ≥3 år (16–74),27.65678864427999,TAB3981,procent,Uppsala län
2020,03,eftergymnasial ≥3 år (16–74),28.074703755452926,TAB3981,procent,Uppsala län
2021,03,eftergymnasial ≥3 år (16–74),28.568623187897575,TAB3981,procent,Uppsala län
2022,03,eftergymnasial ≥3 år (16–74),28.994781140120157,TAB3981,procent,Uppsala län
2023,03,eftergymnasial ≥3 år (16–74),29.346629207701728,TAB3981,procent,Uppsala län
2024,03,eftergymnasial ≥3 år (16–74),29.748992978063253,TAB3981,procent,Uppsala län
2025,03,eftergymnasial ≥3 år (16–74),30.232723000891195,TAB3981,procent,Uppsala län
1985,04,eftergymnasial ≥3 år (16–74),5.441290471556516,TAB3981,procent,Södermanlands län
1986,04,eftergymnasial ≥3 år (16–74),5.600242410886453,TAB3981,procent,Södermanlands län
1987,04,eftergymnasial ≥3 år (16–74),5.678354916436533,TAB3981,procent,Södermanlands län
1988,04,eftergymnasial ≥3 år (16–74),5.791116709567884,TAB3981,procent,Södermanlands län
1989,04,eftergymnasial ≥3 år (16–74),6.021945484629453,TAB3981,procent,Södermanlands län
1990,04,eftergymnasial ≥3 år (16–74),6.277043415316634,TAB3981,procent,Södermanlands län
1991,04,eftergymnasial ≥3 år (16–74),6.301417158023639,TAB3981,procent,Södermanlands län
1992,04,eftergymnasial ≥3 år (16–74),6.2999605982587665,TAB3981,procent,Södermanlands län
1993,04,eftergymnasial ≥3 år (16–74),6.369742644284159,TAB3981,procent,Södermanlands län
1994,04,eftergymnasial ≥3 år (16–74),6.76712816391692,TAB3981,procent,Södermanlands län
1995,04,eftergymnasial ≥3 år (16–74),6.909373589993096,TAB3981,procent,Södermanlands län
1996,04,eftergymnasial ≥3 år (16–74),7.044074072045525,TAB3981,procent,Södermanlands län
1997,04,eftergymnasial ≥3 år (16–74),7.301557680274872,TAB3981,procent,Södermanlands län
1998,04,eftergymnasial ≥3 år (16–74),7.523761274903909,TAB3981,procent,Södermanlands län
1999,04,eftergymnasial ≥3 år (16–74),7.812810272929859,TAB3981,procent,Södermanlands län
2000,04,eftergymnasial ≥3 år (16–74),9.306283876085136,TAB3981,procent,Södermanlands län
2001,04,eftergymnasial ≥3 år (16–74),9.757419185340062,TAB3981,procent,Södermanlands län
2002,04,eftergymnasial ≥3 år (16–74),10.211550574487957,TAB3981,procent,Södermanlands län
2003,04,eftergymnasial ≥3 år (16–74),10.688311058156273,TAB3981,procent,Södermanlands län
2004,04,eftergymnasial ≥3 år (16–74),11.24509824929822,TAB3981,procent,Södermanlands län
2005,04,eftergymnasial ≥3 år (16–74),11.875202705217433,TAB3981,procent,Södermanlands län
2006,04,eftergymnasial ≥3 år (16–74),12.32796686437868,TAB3981,procent,Södermanlands län
2007,04,eftergymnasial ≥3 år (16–74),12.745245882885179,TAB3981,procent,Södermanlands län
2008,04,eftergymnasial ≥3 år (16–74),13.122553200234277,TAB3981,procent,Södermanlands län
2009,04,eftergymnasial ≥3 år (16–74),13.417835063631127,TAB3981,procent,Södermanlands län
2010,04,eftergymnasial ≥3 år (16–74),13.743232518286733,TAB3981,procent,Södermanlands län
2011,04,eftergymnasial ≥3 år (16–74),14.10981897860108,TAB3981,procent,Södermanlands län
2012,04,eftergymnasial ≥3 år (16–74),14.414900257159264,TAB3981,procent,Södermanlands län
2013,04,eftergymnasial ≥3 år (16–74),14.704961613953142,TAB3981,procent,Södermanlands län
2014,04,eftergymnasial ≥3 år (16–74),15.09690295871435,TAB3981,procent,Södermanlands län
2015,04,eftergymnasial ≥3 år (16–74),15.364684290334136,TAB3981,procent,Södermanlands län
2016,04,eftergymnasial ≥3 år (16–74),15.581766885346205,TAB3981,procent,Södermanlands län
2017,04,eftergymnasial ≥3 år (16–74),15.850522937730778,TAB3981,procent,Södermanlands län
2018,04,eftergymnasial ≥3 år (16–74),16.159061403086984,TAB3981,procent,Södermanlands län
2019,04,eftergymnasial ≥3 år (16–74),16.490825908057662,TAB3981,procent,Södermanlands län
2020,04,eftergymnasial ≥3 år (16–74),16.900679515809045,TAB3981,procent,Södermanlands län
2021,04,eftergymnasial ≥3 år (16–74),17.385802557564297,TAB3981,procent,Södermanlands län
2022,04,eftergymnasial ≥3 år (16–74),17.876697275758936,TAB3981,procent,Södermanlands län
2023,04,eftergymnasial ≥3 år (16–74),18.25404426906242,TAB3981,procent,Södermanlands län
2024,04,eftergymnasial ≥3 år (16–74),18.615240519705083,TAB3981,procent,Södermanlands län
2025,04,eftergymnasial ≥3 år (16–74),18.967189150854644,TAB3981,procent,Södermanlands län
1985,05,eftergymnasial ≥3 år (16–74),6.5028512689982625,TAB3981,procent,Östergötlands län
1986,05,eftergymnasial ≥3 år (16–74),6.735135135135135,TAB3981,procent,Östergötlands län
1987,05,eftergymnasial ≥3 år (16–74),6.892637267738251,TAB3981,procent,Östergötlands län
1988,05,eftergymnasial ≥3 år (16–74),7.065998874663962,TAB3981,procent,Östergötlands län
1989,05,eftergymnasial ≥3 år (16–74),7.468317693721582,TAB3981,procent,Östergötlands län
1990,05,eftergymnasial ≥3 år (16–74),7.90472760944493,TAB3981,procent,Östergötlands län
1991,05,eftergymnasial ≥3 år (16–74),8.02965783619266,TAB3981,procent,Östergötlands län
1992,05,eftergymnasial ≥3 år (16–74),8.059582662778869,TAB3981,procent,Östergötlands län
1993,05,eftergymnasial ≥3 år (16–74),8.127057675893184,TAB3981,procent,Östergötlands län
1994,05,eftergymnasial ≥3 år (16–74),8.544668830186142,TAB3981,procent,Östergötlands län
1995,05,eftergymnasial ≥3 år (16–74),8.731624461624529,TAB3981,procent,Östergötlands län
1996,05,eftergymnasial ≥3 år (16–74),8.973587813087144,TAB3981,procent,Östergötlands län
1997,05,eftergymnasial ≥3 år (16–74),9.24737525467742,TAB3981,procent,Östergötlands län
1998,05,eftergymnasial ≥3 år (16–74),9.54503477582288,TAB3981,procent,Östergötlands län
1999,05,eftergymnasial ≥3 år (16–74),9.921682611353802,TAB3981,procent,Östergötlands län
2000,05,eftergymnasial ≥3 år (16–74),12.299454283431116,TAB3981,procent,Östergötlands län
2001,05,eftergymnasial ≥3 år (16–74),12.934143133409691,TAB3981,procent,Östergötlands län
2002,05,eftergymnasial ≥3 år (16–74),13.593125688749467,TAB3981,procent,Östergötlands län
2003,05,eftergymnasial ≥3 år (16–74),14.135614050993784,TAB3981,procent,Östergötlands län
2004,05,eftergymnasial ≥3 år (16–74),14.75143467236087,TAB3981,procent,Östergötlands län
2005,05,eftergymnasial ≥3 år (16–74),15.344657403130016,TAB3981,procent,Östergötlands län
2006,05,eftergymnasial ≥3 år (16–74),15.830365174185088,TAB3981,procent,Östergötlands län
2007,05,eftergymnasial ≥3 år (16–74),16.335134783174894,TAB3981,procent,Östergötlands län
2008,05,eftergymnasial ≥3 år (16–74),16.766623459536845,TAB3981,procent,Östergötlands län
2009,05,eftergymnasial ≥3 år (16–74),17.210908165213517,TAB3981,procent,Östergötlands län
2010,05,eftergymnasial ≥3 år (16–74),17.716387516378045,TAB3981,procent,Östergötlands län
2011,05,eftergymnasial ≥3 år (16–74),18.181332159255298,TAB3981,procent,Östergötlands län
2012,05,eftergymnasial ≥3 år (16–74),18.72208572635796,TAB3981,procent,Östergötlands län
2013,05,eftergymnasial ≥3 år (16–74),19.28704997246396,TAB3981,procent,Östergötlands län
2014,05,eftergymnasial ≥3 år (16–74),19.76873643127965,TAB3981,procent,Östergötlands län
2015,05,eftergymnasial ≥3 år (16–74),20.207322520524315,TAB3981,procent,Östergötlands län
2016,05,eftergymnasial ≥3 år (16–74),20.671921224289584,TAB3981,procent,Östergötlands län
2017,05,eftergymnasial ≥3 år (16–74),21.059789589484915,TAB3981,procent,Östergötlands län
2018,05,eftergymnasial ≥3 år (16–74),21.55737409206792,TAB3981,procent,Östergötlands län
2019,05,eftergymnasial ≥3 år (16–74),21.973644803833484,TAB3981,procent,Östergötlands län
2020,05,eftergymnasial ≥3 år (16–74),22.463915673474276,TAB3981,procent,Östergötlands län
2021,05,eftergymnasial ≥3 år (16–74),22.866109036951944,TAB3981,procent,Östergötlands län
2022,05,eftergymnasial ≥3 år (16–74),23.22539860506863,TAB3981,procent,Östergötlands län
2023,05,eftergymnasial ≥3 år (16–74),23.563504533163197,TAB3981,procent,Östergötlands län
2024,05,eftergymnasial ≥3 år (16–74),23.957087510103285,TAB3981,procent,Östergötlands län
2025,05,eftergymnasial ≥3 år (16–74),24.417208261443516,TAB3981,procent,Östergötlands län
1985,06,eftergymnasial ≥3 år (16–74),4.840404861160178,TAB3981,procent,Jönköpings län
1986,06,eftergymnasial ≥3 år (16–74),4.986331569664903,TAB3981,procent,Jönköpings län
1987,06,eftergymnasial ≥3 år (16–74),5.106940009048939,TAB3981,procent,Jönköpings län
1988,06,eftergymnasial ≥3 år (16–74),5.212065533608942,TAB3981,procent,Jönköpings län
1989,06,eftergymnasial ≥3 år (16–74),5.458874853892648,TAB3981,procent,Jönköpings län
1990,06,eftergymnasial ≥3 år (16–74),5.737846771541803,TAB3981,procent,Jönköpings län
1991,06,eftergymnasial ≥3 år (16–74),5.835777887386101,TAB3981,procent,Jönköpings län
1992,06,eftergymnasial ≥3 år (16–74),5.849999348842459,TAB3981,procent,Jönköpings län
1993,06,eftergymnasial ≥3 år (16–74),5.955848835442488,TAB3981,procent,Jönköpings län
1994,06,eftergymnasial ≥3 år (16–74),6.291229986390312,TAB3981,procent,Jönköpings län
1995,06,eftergymnasial ≥3 år (16–74),6.481823515351687,TAB3981,procent,Jönköpings län
1996,06,eftergymnasial ≥3 år (16–74),6.721900822840589,TAB3981,procent,Jönköpings län
1997,06,eftergymnasial ≥3 år (16–74),6.949142899655584,TAB3981,procent,Jönköpings län
1998,06,eftergymnasial ≥3 år (16–74),7.264058336839153,TAB3981,procent,Jönköpings län
1999,06,eftergymnasial ≥3 år (16–74),7.573410338668411,TAB3981,procent,Jönköpings län
2000,06,eftergymnasial ≥3 år (16–74),9.141756750842488,TAB3981,procent,Jönköpings län
2001,06,eftergymnasial ≥3 år (16–74),9.61197523208999,TAB3981,procent,Jönköpings län
2002,06,eftergymnasial ≥3 år (16–74),10.117720813597103,TAB3981,procent,Jönköpings län
2003,06,eftergymnasial ≥3 år (16–74),10.545183425591587,TAB3981,procent,Jönköpings län
2004,06,eftergymnasial ≥3 år (16–74),11.025050860315162,TAB3981,procent,Jönköpings län
2005,06,eftergymnasial ≥3 år (16–74),11.655398896200927,TAB3981,procent,Jönköpings län
2006,06,eftergymnasial ≥3 år (16–74),12.071158983927738,TAB3981,procent,Jönköpings län
2007,06,eftergymnasial ≥3 år (16–74),12.518019981225693,TAB3981,procent,Jönköpings län
2008,06,eftergymnasial ≥3 år (16–74),12.88358822943967,TAB3981,procent,Jönköpings län
2009,06,eftergymnasial ≥3 år (16–74),13.263374909803114,TAB3981,procent,Jönköpings län
2010,06,eftergymnasial ≥3 år (16–74),13.706102127275635,TAB3981,procent,Jönköpings län
2011,06,eftergymnasial ≥3 år (16–74),14.146722185672663,TAB3981,procent,Jönköpings län
2012,06,eftergymnasial ≥3 år (16–74),14.627357164107936,TAB3981,procent,Jönköpings län
2013,06,eftergymnasial ≥3 år (16–74),15.096248385026042,TAB3981,procent,Jönköpings län
2014,06,eftergymnasial ≥3 år (16–74),15.515980886754424,TAB3981,procent,Jönköpings län
2015,06,eftergymnasial ≥3 år (16–74),15.893119593937982,TAB3981,procent,Jönköpings län
2016,06,eftergymnasial ≥3 år (16–74),16.250297879100803,TAB3981,procent,Jönköpings län
2017,06,eftergymnasial ≥3 år (16–74),16.506230995856505,TAB3981,procent,Jönköpings län
2018,06,eftergymnasial ≥3 år (16–74),16.93568588157936,TAB3981,procent,Jönköpings län
2019,06,eftergymnasial ≥3 år (16–74),17.337661830923267,TAB3981,procent,Jönköpings län
2020,06,eftergymnasial ≥3 år (16–74),17.878519650774216,TAB3981,procent,Jönköpings län
2021,06,eftergymnasial ≥3 år (16–74),18.371428793786432,TAB3981,procent,Jönköpings län
2022,06,eftergymnasial ≥3 år (16–74),18.770074634971373,TAB3981,procent,Jönköpings län
2023,06,eftergymnasial ≥3 år (16–74),19.115458879016625,TAB3981,procent,Jönköpings län
2024,06,eftergymnasial ≥3 år (16–74),19.517074532427653,TAB3981,procent,Jönköpings län
2025,06,eftergymnasial ≥3 år (16–74),19.94679097618392,TAB3981,procent,Jönköpings län
1985,07,eftergymnasial ≥3 år (16–74),5.390722266237651,TAB3981,procent,Kronobergs län
1986,07,eftergymnasial ≥3 år (16–74),5.5706928195467444,TAB3981,procent,Kronobergs län
1987,07,eftergymnasial ≥3 år (16–74),5.691083136426319,TAB3981,procent,Kronobergs län
1988,07,eftergymnasial ≥3 år (16–74),5.783115190571755,TAB3981,procent,Kronobergs län
1989,07,eftergymnasial ≥3 år (16–74),6.117323541800784,TAB3981,procent,Kronobergs län
1990,07,eftergymnasial ≥3 år (16–74),6.495147394439048,TAB3981,procent,Kronobergs län
1991,07,eftergymnasial ≥3 år (16–74),6.568866000488216,TAB3981,procent,Kronobergs län
1992,07,eftergymnasial ≥3 år (16–74),6.529049940537603,TAB3981,procent,Kronobergs län
1993,07,eftergymnasial ≥3 år (16–74),6.606769057083049,TAB3981,procent,Kronobergs län
1994,07,eftergymnasial ≥3 år (16–74),6.978613799562909,TAB3981,procent,Kronobergs län
1995,07,eftergymnasial ≥3 år (16–74),7.207898466188019,TAB3981,procent,Kronobergs län
1996,07,eftergymnasial ≥3 år (16–74),7.393546763947418,TAB3981,procent,Kronobergs län
1997,07,eftergymnasial ≥3 år (16–74),7.568432923511273,TAB3981,procent,Kronobergs län
1998,07,eftergymnasial ≥3 år (16–74),7.817636016569903,TAB3981,procent,Kronobergs län
1999,07,eftergymnasial ≥3 år (16–74),8.127526176760766,TAB3981,procent,Kronobergs län
2000,07,eftergymnasial ≥3 år (16–74),10.070067197551236,TAB3981,procent,Kronobergs län
2001,07,eftergymnasial ≥3 år (16–74),10.618235682942174,TAB3981,procent,Kronobergs län
2002,07,eftergymnasial ≥3 år (16–74),11.110229913316573,TAB3981,procent,Kronobergs län
2003,07,eftergymnasial ≥3 år (16–74),11.646364554405453,TAB3981,procent,Kronobergs län
2004,07,eftergymnasial ≥3 år (16–74),12.338221929742096,TAB3981,procent,Kronobergs län
2005,07,eftergymnasial ≥3 år (16–74),13.122716057094669,TAB3981,procent,Kronobergs län
2006,07,eftergymnasial ≥3 år (16–74),13.571003148132391,TAB3981,procent,Kronobergs län
2007,07,eftergymnasial ≥3 år (16–74),13.984938237590118,TAB3981,procent,Kronobergs län
2008,07,eftergymnasial ≥3 år (16–74),14.423753565834575,TAB3981,procent,Kronobergs län
2009,07,eftergymnasial ≥3 år (16–74),14.823640846764494,TAB3981,procent,Kronobergs län
2010,07,eftergymnasial ≥3 år (16–74),15.258849474825253,TAB3981,procent,Kronobergs län
2011,07,eftergymnasial ≥3 år (16–74),15.638007163014423,TAB3981,procent,Kronobergs län
2012,07,eftergymnasial ≥3 år (16–74),16.114348412733715,TAB3981,procent,Kronobergs län
2013,07,eftergymnasial ≥3 år (16–74),16.542959797731875,TAB3981,procent,Kronobergs län
2014,07,eftergymnasial ≥3 år (16–74),16.97368711101967,TAB3981,procent,Kronobergs län
2015,07,eftergymnasial ≥3 år (16–74),17.443589295084834,TAB3981,procent,Kronobergs län
2016,07,eftergymnasial ≥3 år (16–74),17.802558546365553,TAB3981,procent,Kronobergs län
2017,07,eftergymnasial ≥3 år (16–74),18.159028593811204,TAB3981,procent,Kronobergs län
2018,07,eftergymnasial ≥3 år (16–74),18.661897153845068,TAB3981,procent,Kronobergs län
2019,07,eftergymnasial ≥3 år (16–74),19.061314835962722,TAB3981,procent,Kronobergs län
2020,07,eftergymnasial ≥3 år (16–74),19.465896279594137,TAB3981,procent,Kronobergs län
2021,07,eftergymnasial ≥3 år (16–74),19.905169927329773,TAB3981,procent,Kronobergs län
2022,07,eftergymnasial ≥3 år (16–74),20.246671338472318,TAB3981,procent,Kronobergs län
2023,07,eftergymnasial ≥3 år (16–74),20.54552493576884,TAB3981,procent,Kronobergs län
2024,07,eftergymnasial ≥3 år (16–74),20.910834402718823,TAB3981,procent,Kronobergs län
2025,07,eftergymnasial ≥3 år (16–74),21.350844012871903,TAB3981,procent,Kronobergs län
1985,08,eftergymnasial ≥3 år (16–74),4.802672304044663,TAB3981,procent,Kalmar län
1986,08,eftergymnasial ≥3 år (16–74),4.954415854130733,TAB3981,procent,Kalmar län
1987,08,eftergymnasial ≥3 år (16–74),5.055116814741691,TAB3981,procent,Kalmar län
1988,08,eftergymnasial ≥3 år (16–74),5.122236525766954,TAB3981,procent,Kalmar län
1989,08,eftergymnasial ≥3 år (16–74),5.323065057087097,TAB3981,procent,Kalmar län
1990,08,eftergymnasial ≥3 år (16–74),5.59402682570282,TAB3981,procent,Kalmar län
1991,08,eftergymnasial ≥3 år (16–74),5.72946089022707,TAB3981,procent,Kalmar län
1992,08,eftergymnasial ≥3 år (16–74),5.78881856909942,TAB3981,procent,Kalmar län
1993,08,eftergymnasial ≥3 år (16–74),5.894242452565661,TAB3981,procent,Kalmar län
1994,08,eftergymnasial ≥3 år (16–74),6.178861788617886,TAB3981,procent,Kalmar län
1995,08,eftergymnasial ≥3 år (16–74),6.3818818760178555,TAB3981,procent,Kalmar län
1996,08,eftergymnasial ≥3 år (16–74),6.622762759572999,TAB3981,procent,Kalmar län
1997,08,eftergymnasial ≥3 år (16–74),6.873511471690493,TAB3981,procent,Kalmar län
1998,08,eftergymnasial ≥3 år (16–74),7.073662544053325,TAB3981,procent,Kalmar län
1999,08,eftergymnasial ≥3 år (16–74),7.414917685568499,TAB3981,procent,Kalmar län
2000,08,eftergymnasial ≥3 år (16–74),8.990670571540715,TAB3981,procent,Kalmar län
2001,08,eftergymnasial ≥3 år (16–74),9.480925805126718,TAB3981,procent,Kalmar län
2002,08,eftergymnasial ≥3 år (16–74),9.965939726554979,TAB3981,procent,Kalmar län
2003,08,eftergymnasial ≥3 år (16–74),10.413099443213794,TAB3981,procent,Kalmar län
2004,08,eftergymnasial ≥3 år (16–74),10.991457787381881,TAB3981,procent,Kalmar län
2005,08,eftergymnasial ≥3 år (16–74),11.598762862071016,TAB3981,procent,Kalmar län
2006,08,eftergymnasial ≥3 år (16–74),12.016778880855746,TAB3981,procent,Kalmar län
2007,08,eftergymnasial ≥3 år (16–74),12.432798070701724,TAB3981,procent,Kalmar län
2008,08,eftergymnasial ≥3 år (16–74),12.739812720475348,TAB3981,procent,Kalmar län
2009,08,eftergymnasial ≥3 år (16–74),13.121496199415475,TAB3981,procent,Kalmar län
2010,08,eftergymnasial ≥3 år (16–74),13.471825651185828,TAB3981,procent,Kalmar län
2011,08,eftergymnasial ≥3 år (16–74),13.851659000163448,TAB3981,procent,Kalmar län
2012,08,eftergymnasial ≥3 år (16–74),14.283631443584555,TAB3981,procent,Kalmar län
2013,08,eftergymnasial ≥3 år (16–74),14.695782903473006,TAB3981,procent,Kalmar län
2014,08,eftergymnasial ≥3 år (16–74),15.122213268869192,TAB3981,procent,Kalmar län
2015,08,eftergymnasial ≥3 år (16–74),15.571095299873756,TAB3981,procent,Kalmar län
2016,08,eftergymnasial ≥3 år (16–74),15.839953163743226,TAB3981,procent,Kalmar län
2017,08,eftergymnasial ≥3 år (16–74),16.199765495677763,TAB3981,procent,Kalmar län
2018,08,eftergymnasial ≥3 år (16–74),16.558061821219717,TAB3981,procent,Kalmar län
2019,08,eftergymnasial ≥3 år (16–74),16.889500589854503,TAB3981,procent,Kalmar län
2020,08,eftergymnasial ≥3 år (16–74),17.385198382070463,TAB3981,procent,Kalmar län
2021,08,eftergymnasial ≥3 år (16–74),17.837137411677205,TAB3981,procent,Kalmar län
2022,08,eftergymnasial ≥3 år (16–74),18.291851843222684,TAB3981,procent,Kalmar län
2023,08,eftergymnasial ≥3 år (16–74),18.688480354775507,TAB3981,procent,Kalmar län
2024,08,eftergymnasial ≥3 år (16–74),19.044281355652675,TAB3981,procent,Kalmar län
2025,08,eftergymnasial ≥3 år (16–74),19.508947592671497,TAB3981,procent,Kalmar län
1985,09,eftergymnasial ≥3 år (16–74),5.769613204733022,TAB3981,procent,Gotlands län
1986,09,eftergymnasial ≥3 år (16–74),5.924135180939089,TAB3981,procent,Gotlands län
1987,09,eftergymnasial ≥3 år (16–74),6.0036869114643014,TAB3981,procent,Gotlands län
1988,09,eftergymnasial ≥3 år (16–74),6.036693136840009,TAB3981,procent,Gotlands län
1989,09,eftergymnasial ≥3 år (16–74),6.840697444026154,TAB3981,procent,Gotlands län
1990,09,eftergymnasial ≥3 år (16–74),6.923742429860338,TAB3981,procent,Gotlands län
1991,09,eftergymnasial ≥3 år (16–74),7.093600929335871,TAB3981,procent,Gotlands län
1992,09,eftergymnasial ≥3 år (16–74),7.106686757404343,TAB3981,procent,Gotlands län
1993,09,eftergymnasial ≥3 år (16–74),7.192152223208124,TAB3981,procent,Gotlands län
1994,09,eftergymnasial ≥3 år (16–74),7.494478527607362,TAB3981,procent,Gotlands län
1995,09,eftergymnasial ≥3 år (16–74),7.701194631532373,TAB3981,procent,Gotlands län
1996,09,eftergymnasial ≥3 år (16–74),7.856755824836215,TAB3981,procent,Gotlands län
1997,09,eftergymnasial ≥3 år (16–74),8.175635718509758,TAB3981,procent,Gotlands län
1998,09,eftergymnasial ≥3 år (16–74),8.42361863488624,TAB3981,procent,Gotlands län
1999,09,eftergymnasial ≥3 år (16–74),8.654343170797745,TAB3981,procent,Gotlands län
2000,09,eftergymnasial ≥3 år (16–74),10.265447465062973,TAB3981,procent,Gotlands län
2001,09,eftergymnasial ≥3 år (16–74),10.710082385249118,TAB3981,procent,Gotlands län
2002,09,eftergymnasial ≥3 år (16–74),11.29162486848866,TAB3981,procent,Gotlands län
2003,09,eftergymnasial ≥3 år (16–74),11.652418884787254,TAB3981,procent,Gotlands län
2004,09,eftergymnasial ≥3 år (16–74),12.316997071953152,TAB3981,procent,Gotlands län
2005,09,eftergymnasial ≥3 år (16–74),12.826881283882216,TAB3981,procent,Gotlands län
2006,09,eftergymnasial ≥3 år (16–74),13.208174904942966,TAB3981,procent,Gotlands län
2007,09,eftergymnasial ≥3 år (16–74),13.645737040460784,TAB3981,procent,Gotlands län
2008,09,eftergymnasial ≥3 år (16–74),14.127325595139595,TAB3981,procent,Gotlands län
2009,09,eftergymnasial ≥3 år (16–74),14.442829002907795,TAB3981,procent,Gotlands län
2010,09,eftergymnasial ≥3 år (16–74),14.872190289265854,TAB3981,procent,Gotlands län
2011,09,eftergymnasial ≥3 år (16–74),15.341678733243029,TAB3981,procent,Gotlands län
2012,09,eftergymnasial ≥3 år (16–74),15.729493973643484,TAB3981,procent,Gotlands län
2013,09,eftergymnasial ≥3 år (16–74),16.19923768293257,TAB3981,procent,Gotlands län
2014,09,eftergymnasial ≥3 år (16–74),16.755784791558227,TAB3981,procent,Gotlands län
2015,09,eftergymnasial ≥3 år (16–74),17.21482394199327,TAB3981,procent,Gotlands län
2016,09,eftergymnasial ≥3 år (16–74),17.446978791516607,TAB3981,procent,Gotlands län
2017,09,eftergymnasial ≥3 år (16–74),17.84934625947748,TAB3981,procent,Gotlands län
2018,09,eftergymnasial ≥3 år (16–74),18.211804337146468,TAB3981,procent,Gotlands län
2019,09,eftergymnasial ≥3 år (16–74),18.561224966154708,TAB3981,procent,Gotlands län
2020,09,eftergymnasial ≥3 år (16–74),19.29681112019624,TAB3981,procent,Gotlands län
2021,09,eftergymnasial ≥3 år (16–74),19.901224262659987,TAB3981,procent,Gotlands län
2022,09,eftergymnasial ≥3 år (16–74),20.245341759211932,TAB3981,procent,Gotlands län
2023,09,eftergymnasial ≥3 år (16–74),20.64116985376828,TAB3981,procent,Gotlands län
2024,09,eftergymnasial ≥3 år (16–74),21.017068864037668,TAB3981,procent,Gotlands län
2025,09,eftergymnasial ≥3 år (16–74),21.470330658713817,TAB3981,procent,Gotlands län
1985,10,eftergymnasial ≥3 år (16–74),4.821533490011751,TAB3981,procent,Blekinge län
1986,10,eftergymnasial ≥3 år (16–74),4.9972745498387825,TAB3981,procent,Blekinge län
1987,10,eftergymnasial ≥3 år (16–74),5.087028402652648,TAB3981,procent,Blekinge län
1988,10,eftergymnasial ≥3 år (16–74),5.2046892445106065,TAB3981,procent,Blekinge län
1989,10,eftergymnasial ≥3 år (16–74),6.082259920561268,TAB3981,procent,Blekinge län
1990,10,eftergymnasial ≥3 år (16–74),6.442812754309388,TAB3981,procent,Blekinge län
1991,10,eftergymnasial ≥3 år (16–74),6.542796840582114,TAB3981,procent,Blekinge län
1992,10,eftergymnasial ≥3 år (16–74),6.608867104002359,TAB3981,procent,Blekinge län
1993,10,eftergymnasial ≥3 år (16–74),6.692725537693606,TAB3981,procent,Blekinge län
1994,10,eftergymnasial ≥3 år (16–74),7.074210300546698,TAB3981,procent,Blekinge län
1995,10,eftergymnasial ≥3 år (16–74),7.361249736738487,TAB3981,procent,Blekinge län
1996,10,eftergymnasial ≥3 år (16–74),7.5947621061924115,TAB3981,procent,Blekinge län
1997,10,eftergymnasial ≥3 år (16–74),7.89556001251219,TAB3981,procent,Blekinge län
1998,10,eftergymnasial ≥3 år (16–74),8.164561038674236,TAB3981,procent,Blekinge län
1999,10,eftergymnasial ≥3 år (16–74),8.462327532829987,TAB3981,procent,Blekinge län
2000,10,eftergymnasial ≥3 år (16–74),10.252615415922818,TAB3981,procent,Blekinge län
2001,10,eftergymnasial ≥3 år (16–74),10.845918650977485,TAB3981,procent,Blekinge län
2002,10,eftergymnasial ≥3 år (16–74),11.64901804424828,TAB3981,procent,Blekinge län
2003,10,eftergymnasial ≥3 år (16–74),12.20272796254141,TAB3981,procent,Blekinge län
2004,10,eftergymnasial ≥3 år (16–74),12.739786610647355,TAB3981,procent,Blekinge län
2005,10,eftergymnasial ≥3 år (16–74),13.377907991293247,TAB3981,procent,Blekinge län
2006,10,eftergymnasial ≥3 år (16–74),13.749305751563766,TAB3981,procent,Blekinge län
2007,10,eftergymnasial ≥3 år (16–74),14.327310871177183,TAB3981,procent,Blekinge län
2008,10,eftergymnasial ≥3 år (16–74),14.754526149083972,TAB3981,procent,Blekinge län
2009,10,eftergymnasial ≥3 år (16–74),15.077140733710008,TAB3981,procent,Blekinge län
2010,10,eftergymnasial ≥3 år (16–74),15.55644551239265,TAB3981,procent,Blekinge län
2011,10,eftergymnasial ≥3 år (16–74),15.870649874595,TAB3981,procent,Blekinge län
2012,10,eftergymnasial ≥3 år (16–74),16.101176004466296,TAB3981,procent,Blekinge län
2013,10,eftergymnasial ≥3 år (16–74),16.58794736794574,TAB3981,procent,Blekinge län
2014,10,eftergymnasial ≥3 år (16–74),17.04175436702826,TAB3981,procent,Blekinge län
2015,10,eftergymnasial ≥3 år (16–74),17.49812720722006,TAB3981,procent,Blekinge län
2016,10,eftergymnasial ≥3 år (16–74),17.82852705516925,TAB3981,procent,Blekinge län
2017,10,eftergymnasial ≥3 år (16–74),18.18262074810414,TAB3981,procent,Blekinge län
2018,10,eftergymnasial ≥3 år (16–74),18.532305237968625,TAB3981,procent,Blekinge län
2019,10,eftergymnasial ≥3 år (16–74),18.90746934225195,TAB3981,procent,Blekinge län
2020,10,eftergymnasial ≥3 år (16–74),19.308926663254404,TAB3981,procent,Blekinge län
2021,10,eftergymnasial ≥3 år (16–74),19.7378510279379,TAB3981,procent,Blekinge län
2022,10,eftergymnasial ≥3 år (16–74),20.214392328915824,TAB3981,procent,Blekinge län
2023,10,eftergymnasial ≥3 år (16–74),20.540909711788007,TAB3981,procent,Blekinge län
2024,10,eftergymnasial ≥3 år (16–74),21.026471880492092,TAB3981,procent,Blekinge län
2025,10,eftergymnasial ≥3 år (16–74),21.368399801787582,TAB3981,procent,Blekinge län
1985,12,eftergymnasial ≥3 år (16–74),7.182240239936287,TAB3981,procent,Skåne län
1986,12,eftergymnasial ≥3 år (16–74),7.406935016932985,TAB3981,procent,Skåne län
1987,12,eftergymnasial ≥3 år (16–74),7.5893323115747195,TAB3981,procent,Skåne län
1988,12,eftergymnasial ≥3 år (16–74),7.762441350311813,TAB3981,procent,Skåne län
1989,12,eftergymnasial ≥3 år (16–74),8.14982675451727,TAB3981,procent,Skåne län
1990,12,eftergymnasial ≥3 år (16–74),8.904546381664726,TAB3981,procent,Skåne län
1991,12,eftergymnasial ≥3 år (16–74),9.032055512484542,TAB3981,procent,Skåne län
1992,12,eftergymnasial ≥3 år (16–74),9.026280868899038,TAB3981,procent,Skåne län
1993,12,eftergymnasial ≥3 år (16–74),9.120645574679465,TAB3981,procent,Skåne län
1994,12,eftergymnasial ≥3 år (16–74),9.652598471915988,TAB3981,procent,Skåne län
1995,12,eftergymnasial ≥3 år (16–74),9.881416479772817,TAB3981,procent,Skåne län
1996,12,eftergymnasial ≥3 år (16–74),10.159668405108286,TAB3981,procent,Skåne län
1997,12,eftergymnasial ≥3 år (16–74),10.521556830733857,TAB3981,procent,Skåne län
1998,12,eftergymnasial ≥3 år (16–74),10.875156936107485,TAB3981,procent,Skåne län
1999,12,eftergymnasial ≥3 år (16–74),11.400787317269936,TAB3981,procent,Skåne län
2000,12,eftergymnasial ≥3 år (16–74),13.859941384397557,TAB3981,procent,Skåne län
2001,12,eftergymnasial ≥3 år (16–74),14.494886692142163,TAB3981,procent,Skåne län
2002,12,eftergymnasial ≥3 år (16–74),15.153359698201236,TAB3981,procent,Skåne län
2003,12,eftergymnasial ≥3 år (16–74),15.75782026192985,TAB3981,procent,Skåne län
2004,12,eftergymnasial ≥3 år (16–74),16.47266015516549,TAB3981,procent,Skåne län
2005,12,eftergymnasial ≥3 år (16–74),17.301747616752326,TAB3981,procent,Skåne län
2006,12,eftergymnasial ≥3 år (16–74),17.818469160520088,TAB3981,procent,Skåne län
2007,12,eftergymnasial ≥3 år (16–74),18.43103377537484,TAB3981,procent,Skåne län
2008,12,eftergymnasial ≥3 år (16–74),18.910825125003644,TAB3981,procent,Skåne län
2009,12,eftergymnasial ≥3 år (16–74),19.388132563180402,TAB3981,procent,Skåne län
2010,12,eftergymnasial ≥3 år (16–74),19.79883732869605,TAB3981,procent,Skåne län
2011,12,eftergymnasial ≥3 år (16–74),20.336467900606483,TAB3981,procent,Skåne län
2012,12,eftergymnasial ≥3 år (16–74),20.834034002957903,TAB3981,procent,Skåne län
2013,12,eftergymnasial ≥3 år (16–74),21.359740572990646,TAB3981,procent,Skåne län
2014,12,eftergymnasial ≥3 år (16–74),21.863081688050297,TAB3981,procent,Skåne län
2015,12,eftergymnasial ≥3 år (16–74),22.301937330416308,TAB3981,procent,Skåne län
2016,12,eftergymnasial ≥3 år (16–74),22.732825636931057,TAB3981,procent,Skåne län
2017,12,eftergymnasial ≥3 år (16–74),23.039661851601892,TAB3981,procent,Skåne län
2018,12,eftergymnasial ≥3 år (16–74),23.541912342767297,TAB3981,procent,Skåne län
2019,12,eftergymnasial ≥3 år (16–74),23.99644680781865,TAB3981,procent,Skåne län
2020,12,eftergymnasial ≥3 år (16–74),24.57753165036921,TAB3981,procent,Skåne län
2021,12,eftergymnasial ≥3 år (16–74),25.12472798950336,TAB3981,procent,Skåne län
2022,12,eftergymnasial ≥3 år (16–74),25.632753056371186,TAB3981,procent,Skåne län
2023,12,eftergymnasial ≥3 år (16–74),25.951599619013262,TAB3981,procent,Skåne län
2024,12,eftergymnasial ≥3 år (16–74),26.509043321619817,TAB3981,procent,Skåne län
2025,12,eftergymnasial ≥3 år (16–74),26.984477369452733,TAB3981,procent,Skåne län
1985,13,eftergymnasial ≥3 år (16–74),5.774426458600209,TAB3981,procent,Hallands län
1986,13,eftergymnasial ≥3 år (16–74),5.941689819351417,TAB3981,procent,Hallands län
1987,13,eftergymnasial ≥3 år (16–74),6.131079430665099,TAB3981,procent,Hallands län
1988,13,eftergymnasial ≥3 år (16–74),6.254716662348926,TAB3981,procent,Hallands län
1989,13,eftergymnasial ≥3 år (16–74),6.623755997867425,TAB3981,procent,Hallands län
1990,13,eftergymnasial ≥3 år (16–74),7.049243255099802,TAB3981,procent,Hallands län
1991,13,eftergymnasial ≥3 år (16–74),7.221453193279592,TAB3981,procent,Hallands län
1992,13,eftergymnasial ≥3 år (16–74),7.271681458744349,TAB3981,procent,Hallands län
1993,13,eftergymnasial ≥3 år (16–74),7.408984684833354,TAB3981,procent,Hallands län
1994,13,eftergymnasial ≥3 år (16–74),7.797427228759342,TAB3981,procent,Hallands län
1995,13,eftergymnasial ≥3 år (16–74),8.026213203531618,TAB3981,procent,Hallands län
1996,13,eftergymnasial ≥3 år (16–74),8.257494717205837,TAB3981,procent,Hallands län
1997,13,eftergymnasial ≥3 år (16–74),8.598050338249505,TAB3981,procent,Hallands län
1998,13,eftergymnasial ≥3 år (16–74),8.93526173681897,TAB3981,procent,Hallands län
1999,13,eftergymnasial ≥3 år (16–74),9.334327548806941,TAB3981,procent,Hallands län
2000,13,eftergymnasial ≥3 år (16–74),11.030481962033512,TAB3981,procent,Hallands län
2001,13,eftergymnasial ≥3 år (16–74),11.541999167570179,TAB3981,procent,Hallands län
2002,13,eftergymnasial ≥3 år (16–74),12.096162558091,TAB3981,procent,Hallands län
2003,13,eftergymnasial ≥3 år (16–74),12.704196149084577,TAB3981,procent,Hallands län
2004,13,eftergymnasial ≥3 år (16–74),13.33797285877616,TAB3981,procent,Hallands län
2005,13,eftergymnasial ≥3 år (16–74),14.100369003690037,TAB3981,procent,Hallands län
2006,13,eftergymnasial ≥3 år (16–74),14.54068038020677,TAB3981,procent,Hallands län
2007,13,eftergymnasial ≥3 år (16–74),15.023339592261863,TAB3981,procent,Hallands län
2008,13,eftergymnasial ≥3 år (16–74),15.416914633339946,TAB3981,procent,Hallands län
2009,13,eftergymnasial ≥3 år (16–74),15.825664597891524,TAB3981,procent,Hallands län
2010,13,eftergymnasial ≥3 år (16–74),16.266519316664365,TAB3981,procent,Hallands län
2011,13,eftergymnasial ≥3 år (16–74),16.777676697950618,TAB3981,procent,Hallands län
2012,13,eftergymnasial ≥3 år (16–74),17.267598724552368,TAB3981,procent,Hallands län
2013,13,eftergymnasial ≥3 år (16–74),17.72785541472574,TAB3981,procent,Hallands län
2014,13,eftergymnasial ≥3 år (16–74),18.221167834202458,TAB3981,procent,Hallands län
2015,13,eftergymnasial ≥3 år (16–74),18.71685261720205,TAB3981,procent,Hallands län
2016,13,eftergymnasial ≥3 år (16–74),19.0931445473161,TAB3981,procent,Hallands län
2017,13,eftergymnasial ≥3 år (16–74),19.554232322707023,TAB3981,procent,Hallands län
2018,13,eftergymnasial ≥3 år (16–74),19.91423280036782,TAB3981,procent,Hallands län
2019,13,eftergymnasial ≥3 år (16–74),20.20811494899394,TAB3981,procent,Hallands län
2020,13,eftergymnasial ≥3 år (16–74),20.676822540948823,TAB3981,procent,Hallands län
2021,13,eftergymnasial ≥3 år (16–74),21.216074715846716,TAB3981,procent,Hallands län
2022,13,eftergymnasial ≥3 år (16–74),21.589151847245102,TAB3981,procent,Hallands län
2023,13,eftergymnasial ≥3 år (16–74),21.99475065616798,TAB3981,procent,Hallands län
2024,13,eftergymnasial ≥3 år (16–74),22.39456512172736,TAB3981,procent,Hallands län
2025,13,eftergymnasial ≥3 år (16–74),22.87106249451601,TAB3981,procent,Hallands län
1985,14,eftergymnasial ≥3 år (16–74),6.687316251621094,TAB3981,procent,Västra Götalands län
1986,14,eftergymnasial ≥3 år (16–74),6.918012920923636,TAB3981,procent,Västra Götalands län
1987,14,eftergymnasial ≥3 år (16–74),7.100152158586292,TAB3981,procent,Västra Götalands län
1988,14,eftergymnasial ≥3 år (16–74),7.2743796847791335,TAB3981,procent,Västra Götalands län
1989,14,eftergymnasial ≥3 år (16–74),7.603020330624502,TAB3981,procent,Västra Götalands län
1990,14,eftergymnasial ≥3 år (16–74),8.26151347219568,TAB3981,procent,Västra Götalands län
1991,14,eftergymnasial ≥3 år (16–74),8.353556762864343,TAB3981,procent,Västra Götalands län
1992,14,eftergymnasial ≥3 år (16–74),8.371581509629765,TAB3981,procent,Västra Götalands län
1993,14,eftergymnasial ≥3 år (16–74),8.465718725408195,TAB3981,procent,Västra Götalands län
1994,14,eftergymnasial ≥3 år (16–74),8.90355827942001,TAB3981,procent,Västra Götalands län
1995,14,eftergymnasial ≥3 år (16–74),9.177961833130722,TAB3981,procent,Västra Götalands län
1996,14,eftergymnasial ≥3 år (16–74),9.470340065753238,TAB3981,procent,Västra Götalands län
1997,14,eftergymnasial ≥3 år (16–74),9.851045708337276,TAB3981,procent,Västra Götalands län
1998,14,eftergymnasial ≥3 år (16–74),10.158095257898383,TAB3981,procent,Västra Götalands län
1999,14,eftergymnasial ≥3 år (16–74),10.619834749732744,TAB3981,procent,Västra Götalands län
2000,14,eftergymnasial ≥3 år (16–74),12.954141492630319,TAB3981,procent,Västra Götalands län
2001,14,eftergymnasial ≥3 år (16–74),13.605090790424466,TAB3981,procent,Västra Götalands län
2002,14,eftergymnasial ≥3 år (16–74),14.245206064765062,TAB3981,procent,Västra Götalands län
2003,14,eftergymnasial ≥3 år (16–74),14.831971035566621,TAB3981,procent,Västra Götalands län
2004,14,eftergymnasial ≥3 år (16–74),15.52616723723505,TAB3981,procent,Västra Götalands län
2005,14,eftergymnasial ≥3 år (16–74),16.29402460647337,TAB3981,procent,Västra Götalands län
2006,14,eftergymnasial ≥3 år (16–74),16.744301058374873,TAB3981,procent,Västra Götalands län
2007,14,eftergymnasial ≥3 år (16–74),17.240608466075965,TAB3981,procent,Västra Götalands län
2008,14,eftergymnasial ≥3 år (16–74),17.699251061927118,TAB3981,procent,Västra Götalands län
2009,14,eftergymnasial ≥3 år (16–74),18.144900577071354,TAB3981,procent,Västra Götalands län
2010,14,eftergymnasial ≥3 år (16–74),18.606136025107688,TAB3981,procent,Västra Götalands län
2011,14,eftergymnasial ≥3 år (16–74),19.153225806451612,TAB3981,procent,Västra Götalands län
2012,14,eftergymnasial ≥3 år (16–74),19.69649868070526,TAB3981,procent,Västra Götalands län
2013,14,eftergymnasial ≥3 år (16–74),20.22870207698997,TAB3981,procent,Västra Götalands län
2014,14,eftergymnasial ≥3 år (16–74),20.76272106979146,TAB3981,procent,Västra Götalands län
2015,14,eftergymnasial ≥3 år (16–74),21.291122341947172,TAB3981,procent,Västra Götalands län
2016,14,eftergymnasial ≥3 år (16–74),21.77959278711427,TAB3981,procent,Västra Götalands län
2017,14,eftergymnasial ≥3 år (16–74),22.23409327993256,TAB3981,procent,Västra Götalands län
2018,14,eftergymnasial ≥3 år (16–74),22.80144476659878,TAB3981,procent,Västra Götalands län
2019,14,eftergymnasial ≥3 år (16–74),23.31363911563916,TAB3981,procent,Västra Götalands län
2020,14,eftergymnasial ≥3 år (16–74),23.847109024723217,TAB3981,procent,Västra Götalands län
2021,14,eftergymnasial ≥3 år (16–74),24.398295727565863,TAB3981,procent,Västra Götalands län
2022,14,eftergymnasial ≥3 år (16–74),24.947974602236954,TAB3981,procent,Västra Götalands län
2023,14,eftergymnasial ≥3 år (16–74),25.444501957871196,TAB3981,procent,Västra Götalands län
2024,14,eftergymnasial ≥3 år (16–74),25.928268563205126,TAB3981,procent,Västra Götalands län
2025,14,eftergymnasial ≥3 år (16–74),26.400708969341316,TAB3981,procent,Västra Götalands län
1985,17,eftergymnasial ≥3 år (16–74),5.1133440790150555,TAB3981,procent,Värmlands län
1986,17,eftergymnasial ≥3 år (16–74),5.255662286129609,TAB3981,procent,Värmlands län
1987,17,eftergymnasial ≥3 år (16–74),5.393341190335887,TAB3981,procent,Värmlands län
1988,17,eftergymnasial ≥3 år (16–74),5.510349959853515,TAB3981,procent,Värmlands län
1989,17,eftergymnasial ≥3 år (16–74),5.836152317913122,TAB3981,procent,Värmlands län
1990,17,eftergymnasial ≥3 år (16–74),6.22055538757157,TAB3981,procent,Värmlands län
1991,17,eftergymnasial ≥3 år (16–74),6.318912887775834,TAB3981,procent,Värmlands län
1992,17,eftergymnasial ≥3 år (16–74),6.367856602410462,TAB3981,procent,Värmlands län
1993,17,eftergymnasial ≥3 år (16–74),6.472234295565204,TAB3981,procent,Värmlands län
1994,17,eftergymnasial ≥3 år (16–74),6.7756140522556025,TAB3981,procent,Värmlands län
1995,17,eftergymnasial ≥3 år (16–74),6.9517051911731285,TAB3981,procent,Värmlands län
1996,17,eftergymnasial ≥3 år (16–74),7.173266809076378,TAB3981,procent,Värmlands län
1997,17,eftergymnasial ≥3 år (16–74),7.446253287030531,TAB3981,procent,Värmlands län
1998,17,eftergymnasial ≥3 år (16–74),7.708806523575624,TAB3981,procent,Värmlands län
1999,17,eftergymnasial ≥3 år (16–74),8.00920106463646,TAB3981,procent,Värmlands län
2000,17,eftergymnasial ≥3 år (16–74),9.734771352850286,TAB3981,procent,Värmlands län
2001,17,eftergymnasial ≥3 år (16–74),10.143923651196799,TAB3981,procent,Värmlands län
2002,17,eftergymnasial ≥3 år (16–74),10.679527018018849,TAB3981,procent,Värmlands län
2003,17,eftergymnasial ≥3 år (16–74),11.215689081344165,TAB3981,procent,Värmlands län
2004,17,eftergymnasial ≥3 år (16–74),11.8112161721552,TAB3981,procent,Värmlands län
2005,17,eftergymnasial ≥3 år (16–74),12.42373088187439,TAB3981,procent,Värmlands län
2006,17,eftergymnasial ≥3 år (16–74),12.848348849197926,TAB3981,procent,Värmlands län
2007,17,eftergymnasial ≥3 år (16–74),13.309966657293215,TAB3981,procent,Värmlands län
2008,17,eftergymnasial ≥3 år (16–74),13.71060674382484,TAB3981,procent,Värmlands län
2009,17,eftergymnasial ≥3 år (16–74),14.091122358320106,TAB3981,procent,Värmlands län
2010,17,eftergymnasial ≥3 år (16–74),14.44355332831873,TAB3981,procent,Värmlands län
2011,17,eftergymnasial ≥3 år (16–74),14.916967076422244,TAB3981,procent,Värmlands län
2012,17,eftergymnasial ≥3 år (16–74),15.295650350906968,TAB3981,procent,Värmlands län
2013,17,eftergymnasial ≥3 år (16–74),15.698887170018464,TAB3981,procent,Värmlands län
2014,17,eftergymnasial ≥3 år (16–74),16.076729277357877,TAB3981,procent,Värmlands län
2015,17,eftergymnasial ≥3 år (16–74),16.424377343831708,TAB3981,procent,Värmlands län
2016,17,eftergymnasial ≥3 år (16–74),16.770870916882078,TAB3981,procent,Värmlands län
2017,17,eftergymnasial ≥3 år (16–74),17.162756852281785,TAB3981,procent,Värmlands län
2018,17,eftergymnasial ≥3 år (16–74),17.641951727730508,TAB3981,procent,Värmlands län
2019,17,eftergymnasial ≥3 år (16–74),18.05766161709067,TAB3981,procent,Värmlands län
2020,17,eftergymnasial ≥3 år (16–74),18.63853491262485,TAB3981,procent,Värmlands län
2021,17,eftergymnasial ≥3 år (16–74),19.20685733752148,TAB3981,procent,Värmlands län
2022,17,eftergymnasial ≥3 år (16–74),19.657532529395542,TAB3981,procent,Värmlands län
2023,17,eftergymnasial ≥3 år (16–74),20.15212951131413,TAB3981,procent,Värmlands län
2024,17,eftergymnasial ≥3 år (16–74),20.635497232691076,TAB3981,procent,Värmlands län
2025,17,eftergymnasial ≥3 år (16–74),21.1276641963334,TAB3981,procent,Värmlands län
1985,18,eftergymnasial ≥3 år (16–74),5.477518068113475,TAB3981,procent,Örebro län
1986,18,eftergymnasial ≥3 år (16–74),5.635164160785517,TAB3981,procent,Örebro län
1987,18,eftergymnasial ≥3 år (16–74),5.781818181818182,TAB3981,procent,Örebro län
1988,18,eftergymnasial ≥3 år (16–74),5.917692232965033,TAB3981,procent,Örebro län
1989,18,eftergymnasial ≥3 år (16–74),6.171158768521635,TAB3981,procent,Örebro län
1990,18,eftergymnasial ≥3 år (16–74),6.57091927680163,TAB3981,procent,Örebro län
1991,18,eftergymnasial ≥3 år (16–74),6.641000962463908,TAB3981,procent,Örebro län
1992,18,eftergymnasial ≥3 år (16–74),6.6801722730241675,TAB3981,procent,Örebro län
1993,18,eftergymnasial ≥3 år (16–74),6.8083068882787705,TAB3981,procent,Örebro län
1994,18,eftergymnasial ≥3 år (16–74),7.18213215733549,TAB3981,procent,Örebro län
1995,18,eftergymnasial ≥3 år (16–74),7.370073746765269,TAB3981,procent,Örebro län
1996,18,eftergymnasial ≥3 år (16–74),7.536989311346812,TAB3981,procent,Örebro län
1997,18,eftergymnasial ≥3 år (16–74),7.792174351896675,TAB3981,procent,Örebro län
1998,18,eftergymnasial ≥3 år (16–74),8.057058127579989,TAB3981,procent,Örebro län
1999,18,eftergymnasial ≥3 år (16–74),8.33786224851581,TAB3981,procent,Örebro län
2000,18,eftergymnasial ≥3 år (16–74),10.246444614652122,TAB3981,procent,Örebro län
2001,18,eftergymnasial ≥3 år (16–74),10.70765379224017,TAB3981,procent,Örebro län
2002,18,eftergymnasial ≥3 år (16–74),11.272077895343571,TAB3981,procent,Örebro län
2003,18,eftergymnasial ≥3 år (16–74),11.759223698696777,TAB3981,procent,Örebro län
2004,18,eftergymnasial ≥3 år (16–74),12.337771527278841,TAB3981,procent,Örebro län
2005,18,eftergymnasial ≥3 år (16–74),12.982384995564567,TAB3981,procent,Örebro län
2006,18,eftergymnasial ≥3 år (16–74),13.390752903222564,TAB3981,procent,Örebro län
2007,18,eftergymnasial ≥3 år (16–74),13.885623194181528,TAB3981,procent,Örebro län
2008,18,eftergymnasial ≥3 år (16–74),14.303695623201426,TAB3981,procent,Örebro län
2009,18,eftergymnasial ≥3 år (16–74),14.673213332876438,TAB3981,procent,Örebro län
2010,18,eftergymnasial ≥3 år (16–74),15.097164299532405,TAB3981,procent,Örebro län
2011,18,eftergymnasial ≥3 år (16–74),15.493318760186291,TAB3981,procent,Örebro län
2012,18,eftergymnasial ≥3 år (16–74),15.97029140971494,TAB3981,procent,Örebro län
2013,18,eftergymnasial ≥3 år (16–74),16.371167155313014,TAB3981,procent,Örebro län
2014,18,eftergymnasial ≥3 år (16–74),16.728038124741644,TAB3981,procent,Örebro län
2015,18,eftergymnasial ≥3 år (16–74),17.061924828511497,TAB3981,procent,Örebro län
2016,18,eftergymnasial ≥3 år (16–74),17.447116845476007,TAB3981,procent,Örebro län
2017,18,eftergymnasial ≥3 år (16–74),17.78797145769623,TAB3981,procent,Örebro län
2018,18,eftergymnasial ≥3 år (16–74),18.224861346106856,TAB3981,procent,Örebro län
2019,18,eftergymnasial ≥3 år (16–74),18.758138357834678,TAB3981,procent,Örebro län
2020,18,eftergymnasial ≥3 år (16–74),19.317767322458366,TAB3981,procent,Örebro län
2021,18,eftergymnasial ≥3 år (16–74),19.75610545341919,TAB3981,procent,Örebro län
2022,18,eftergymnasial ≥3 år (16–74),20.135381771976434,TAB3981,procent,Örebro län
2023,18,eftergymnasial ≥3 år (16–74),20.47862395612614,TAB3981,procent,Örebro län
2024,18,eftergymnasial ≥3 år (16–74),20.846376169238297,TAB3981,procent,Örebro län
2025,18,eftergymnasial ≥3 år (16–74),21.243377452880694,TAB3981,procent,Örebro län
1985,19,eftergymnasial ≥3 år (16–74),5.79552566536899,TAB3981,procent,Västmanlands län
1986,19,eftergymnasial ≥3 år (16–74),5.921566751192128,TAB3981,procent,Västmanlands län
1987,19,eftergymnasial ≥3 år (16–74),6.017208738380379,TAB3981,procent,Västmanlands län
1988,19,eftergymnasial ≥3 år (16–74),6.073708925175561,TAB3981,procent,Västmanlands län
1989,19,eftergymnasial ≥3 år (16–74),6.289338139931289,TAB3981,procent,Västmanlands län
1990,19,eftergymnasial ≥3 år (16–74),6.667193093282797,TAB3981,procent,Västmanlands län
1991,19,eftergymnasial ≥3 år (16–74),6.77268800438273,TAB3981,procent,Västmanlands län
1992,19,eftergymnasial ≥3 år (16–74),6.808706023918344,TAB3981,procent,Västmanlands län
1993,19,eftergymnasial ≥3 år (16–74),6.856205866017826,TAB3981,procent,Västmanlands län
1994,19,eftergymnasial ≥3 år (16–74),7.2245925533324495,TAB3981,procent,Västmanlands län
1995,19,eftergymnasial ≥3 år (16–74),7.435994679799798,TAB3981,procent,Västmanlands län
1996,19,eftergymnasial ≥3 år (16–74),7.647372073133341,TAB3981,procent,Västmanlands län
1997,19,eftergymnasial ≥3 år (16–74),7.9277405939307295,TAB3981,procent,Västmanlands län
1998,19,eftergymnasial ≥3 år (16–74),8.145622991730415,TAB3981,procent,Västmanlands län
1999,19,eftergymnasial ≥3 år (16–74),8.519501222921035,TAB3981,procent,Västmanlands län
2000,19,eftergymnasial ≥3 år (16–74),10.18065806078021,TAB3981,procent,Västmanlands län
2001,19,eftergymnasial ≥3 år (16–74),10.668339279798852,TAB3981,procent,Västmanlands län
2002,19,eftergymnasial ≥3 år (16–74),11.239653367579292,TAB3981,procent,Västmanlands län
2003,19,eftergymnasial ≥3 år (16–74),11.73775662931113,TAB3981,procent,Västmanlands län
2004,19,eftergymnasial ≥3 år (16–74),12.331328542433557,TAB3981,procent,Västmanlands län
2005,19,eftergymnasial ≥3 år (16–74),12.99996291174585,TAB3981,procent,Västmanlands län
2006,19,eftergymnasial ≥3 år (16–74),13.697916666666666,TAB3981,procent,Västmanlands län
2007,19,eftergymnasial ≥3 år (16–74),14.152235243652282,TAB3981,procent,Västmanlands län
2008,19,eftergymnasial ≥3 år (16–74),14.489019417316731,TAB3981,procent,Västmanlands län
2009,19,eftergymnasial ≥3 år (16–74),14.808253834110719,TAB3981,procent,Västmanlands län
2010,19,eftergymnasial ≥3 år (16–74),15.120261979147061,TAB3981,procent,Västmanlands län
2011,19,eftergymnasial ≥3 år (16–74),15.513307578453531,TAB3981,procent,Västmanlands län
2012,19,eftergymnasial ≥3 år (16–74),15.948021577954346,TAB3981,procent,Västmanlands län
2013,19,eftergymnasial ≥3 år (16–74),16.42365479979276,TAB3981,procent,Västmanlands län
2014,19,eftergymnasial ≥3 år (16–74),16.91446296198938,TAB3981,procent,Västmanlands län
2015,19,eftergymnasial ≥3 år (16–74),17.29970388506974,TAB3981,procent,Västmanlands län
2016,19,eftergymnasial ≥3 år (16–74),17.618459558747222,TAB3981,procent,Västmanlands län
2017,19,eftergymnasial ≥3 år (16–74),17.93132224763553,TAB3981,procent,Västmanlands län
2018,19,eftergymnasial ≥3 år (16–74),18.316801246054844,TAB3981,procent,Västmanlands län
2019,19,eftergymnasial ≥3 år (16–74),18.757033248081843,TAB3981,procent,Västmanlands län
2020,19,eftergymnasial ≥3 år (16–74),19.198473087137398,TAB3981,procent,Västmanlands län
2021,19,eftergymnasial ≥3 år (16–74),19.73311808400854,TAB3981,procent,Västmanlands län
2022,19,eftergymnasial ≥3 år (16–74),20.232904067161137,TAB3981,procent,Västmanlands län
2023,19,eftergymnasial ≥3 år (16–74),20.68863482151512,TAB3981,procent,Västmanlands län
2024,19,eftergymnasial ≥3 år (16–74),21.24151160951618,TAB3981,procent,Västmanlands län
2025,19,eftergymnasial ≥3 år (16–74),21.72904122752318,TAB3981,procent,Västmanlands län
1985,20,eftergymnasial ≥3 år (16–74),5.044898673956824,TAB3981,procent,Dalarnas län
1986,20,eftergymnasial ≥3 år (16–74),5.20206026066606,TAB3981,procent,Dalarnas län
1987,20,eftergymnasial ≥3 år (16–74),5.311299678607823,TAB3981,procent,Dalarnas län
1988,20,eftergymnasial ≥3 år (16–74),5.439316222599273,TAB3981,procent,Dalarnas län
1989,20,eftergymnasial ≥3 år (16–74),5.721696896550046,TAB3981,procent,Dalarnas län
1990,20,eftergymnasial ≥3 år (16–74),5.997171419714817,TAB3981,procent,Dalarnas län
1991,20,eftergymnasial ≥3 år (16–74),6.1009589990356705,TAB3981,procent,Dalarnas län
1992,20,eftergymnasial ≥3 år (16–74),6.145262266931941,TAB3981,procent,Dalarnas län
1993,20,eftergymnasial ≥3 år (16–74),6.240983350879245,TAB3981,procent,Dalarnas län
1994,20,eftergymnasial ≥3 år (16–74),6.589711980275692,TAB3981,procent,Dalarnas län
1995,20,eftergymnasial ≥3 år (16–74),6.815255952907417,TAB3981,procent,Dalarnas län
1996,20,eftergymnasial ≥3 år (16–74),7.015346534653466,TAB3981,procent,Dalarnas län
1997,20,eftergymnasial ≥3 år (16–74),7.199831968914249,TAB3981,procent,Dalarnas län
1998,20,eftergymnasial ≥3 år (16–74),7.418086500655308,TAB3981,procent,Dalarnas län
1999,20,eftergymnasial ≥3 år (16–74),7.66395526182003,TAB3981,procent,Dalarnas län
2000,20,eftergymnasial ≥3 år (16–74),9.049268924292594,TAB3981,procent,Dalarnas län
2001,20,eftergymnasial ≥3 år (16–74),9.40938428439709,TAB3981,procent,Dalarnas län
2002,20,eftergymnasial ≥3 år (16–74),9.911865029922996,TAB3981,procent,Dalarnas län
2003,20,eftergymnasial ≥3 år (16–74),10.436817869590659,TAB3981,procent,Dalarnas län
2004,20,eftergymnasial ≥3 år (16–74),10.922339950472942,TAB3981,procent,Dalarnas län
2005,20,eftergymnasial ≥3 år (16–74),11.464008814580449,TAB3981,procent,Dalarnas län
2006,20,eftergymnasial ≥3 år (16–74),11.751194921770947,TAB3981,procent,Dalarnas län
2007,20,eftergymnasial ≥3 år (16–74),12.082631155205952,TAB3981,procent,Dalarnas län
2008,20,eftergymnasial ≥3 år (16–74),12.416899951768409,TAB3981,procent,Dalarnas län
2009,20,eftergymnasial ≥3 år (16–74),12.806238835364617,TAB3981,procent,Dalarnas län
2010,20,eftergymnasial ≥3 år (16–74),13.11704753131727,TAB3981,procent,Dalarnas län
2011,20,eftergymnasial ≥3 år (16–74),13.406894918131483,TAB3981,procent,Dalarnas län
2012,20,eftergymnasial ≥3 år (16–74),13.798807102087572,TAB3981,procent,Dalarnas län
2013,20,eftergymnasial ≥3 år (16–74),14.196237010964674,TAB3981,procent,Dalarnas län
2014,20,eftergymnasial ≥3 år (16–74),14.638967405269712,TAB3981,procent,Dalarnas län
2015,20,eftergymnasial ≥3 år (16–74),14.922486342831832,TAB3981,procent,Dalarnas län
2016,20,eftergymnasial ≥3 år (16–74),15.210817623581482,TAB3981,procent,Dalarnas län
2017,20,eftergymnasial ≥3 år (16–74),15.524303926169248,TAB3981,procent,Dalarnas län
2018,20,eftergymnasial ≥3 år (16–74),15.890064295908308,TAB3981,procent,Dalarnas län
2019,20,eftergymnasial ≥3 år (16–74),16.29638395014249,TAB3981,procent,Dalarnas län
2020,20,eftergymnasial ≥3 år (16–74),16.806893609421664,TAB3981,procent,Dalarnas län
2021,20,eftergymnasial ≥3 år (16–74),17.27807058144338,TAB3981,procent,Dalarnas län
2022,20,eftergymnasial ≥3 år (16–74),17.698809470191716,TAB3981,procent,Dalarnas län
2023,20,eftergymnasial ≥3 år (16–74),18.063192697911887,TAB3981,procent,Dalarnas län
2024,20,eftergymnasial ≥3 år (16–74),18.508558695431987,TAB3981,procent,Dalarnas län
2025,20,eftergymnasial ≥3 år (16–74),19.027148976387554,TAB3981,procent,Dalarnas län
1985,21,eftergymnasial ≥3 år (16–74),4.6247357293868925,TAB3981,procent,Gävleborgs län
1986,21,eftergymnasial ≥3 år (16–74),4.736194804146426,TAB3981,procent,Gävleborgs län
1987,21,eftergymnasial ≥3 år (16–74),4.8165290515509085,TAB3981,procent,Gävleborgs län
1988,21,eftergymnasial ≥3 år (16–74),4.902750439660473,TAB3981,procent,Gävleborgs län
1989,21,eftergymnasial ≥3 år (16–74),5.130498066431055,TAB3981,procent,Gävleborgs län
1990,21,eftergymnasial ≥3 år (16–74),5.293078391702049,TAB3981,procent,Gävleborgs län
1991,21,eftergymnasial ≥3 år (16–74),5.39108221972282,TAB3981,procent,Gävleborgs län
1992,21,eftergymnasial ≥3 år (16–74),5.413432978825333,TAB3981,procent,Gävleborgs län
1993,21,eftergymnasial ≥3 år (16–74),5.53203743700504,TAB3981,procent,Gävleborgs län
1994,21,eftergymnasial ≥3 år (16–74),5.846613066294353,TAB3981,procent,Gävleborgs län
1995,21,eftergymnasial ≥3 år (16–74),6.028451379387305,TAB3981,procent,Gävleborgs län
1996,21,eftergymnasial ≥3 år (16–74),6.255931589812831,TAB3981,procent,Gävleborgs län
1997,21,eftergymnasial ≥3 år (16–74),6.486222511616894,TAB3981,procent,Gävleborgs län
1998,21,eftergymnasial ≥3 år (16–74),6.7722303225132245,TAB3981,procent,Gävleborgs län
1999,21,eftergymnasial ≥3 år (16–74),7.066475361072644,TAB3981,procent,Gävleborgs län
2000,21,eftergymnasial ≥3 år (16–74),8.457628991271683,TAB3981,procent,Gävleborgs län
2001,21,eftergymnasial ≥3 år (16–74),8.861358953302668,TAB3981,procent,Gävleborgs län
2002,21,eftergymnasial ≥3 år (16–74),9.285858585858586,TAB3981,procent,Gävleborgs län
2003,21,eftergymnasial ≥3 år (16–74),9.758717192345511,TAB3981,procent,Gävleborgs län
2004,21,eftergymnasial ≥3 år (16–74),10.247559327313928,TAB3981,procent,Gävleborgs län
2005,21,eftergymnasial ≥3 år (16–74),10.867472778680142,TAB3981,procent,Gävleborgs län
2006,21,eftergymnasial ≥3 år (16–74),11.229425461958966,TAB3981,procent,Gävleborgs län
2007,21,eftergymnasial ≥3 år (16–74),11.649978622067993,TAB3981,procent,Gävleborgs län
2008,21,eftergymnasial ≥3 år (16–74),12.05129472227713,TAB3981,procent,Gävleborgs län
2009,21,eftergymnasial ≥3 år (16–74),12.389258573847306,TAB3981,procent,Gävleborgs län
2010,21,eftergymnasial ≥3 år (16–74),12.658426756628021,TAB3981,procent,Gävleborgs län
2011,21,eftergymnasial ≥3 år (16–74),13.012395332943266,TAB3981,procent,Gävleborgs län
2012,21,eftergymnasial ≥3 år (16–74),13.4047176582795,TAB3981,procent,Gävleborgs län
2013,21,eftergymnasial ≥3 år (16–74),13.825924160602234,TAB3981,procent,Gävleborgs län
2014,21,eftergymnasial ≥3 år (16–74),14.198929915852029,TAB3981,procent,Gävleborgs län
2015,21,eftergymnasial ≥3 år (16–74),14.502266970556224,TAB3981,procent,Gävleborgs län
2016,21,eftergymnasial ≥3 år (16–74),14.827142822484776,TAB3981,procent,Gävleborgs län
2017,21,eftergymnasial ≥3 år (16–74),15.001676409277103,TAB3981,procent,Gävleborgs län
2018,21,eftergymnasial ≥3 år (16–74),15.456189348189524,TAB3981,procent,Gävleborgs län
2019,21,eftergymnasial ≥3 år (16–74),15.8364104723939,TAB3981,procent,Gävleborgs län
2020,21,eftergymnasial ≥3 år (16–74),16.3042836622656,TAB3981,procent,Gävleborgs län
2021,21,eftergymnasial ≥3 år (16–74),16.767494892634016,TAB3981,procent,Gävleborgs län
2022,21,eftergymnasial ≥3 år (16–74),17.115850052430957,TAB3981,procent,Gävleborgs län
2023,21,eftergymnasial ≥3 år (16–74),17.51419229303324,TAB3981,procent,Gävleborgs län
2024,21,eftergymnasial ≥3 år (16–74),17.98671049447447,TAB3981,procent,Gävleborgs län
2025,21,eftergymnasial ≥3 år (16–74),18.365518009579457,TAB3981,procent,Gävleborgs län
1985,22,eftergymnasial ≥3 år (16–74),5.24114932074663,TAB3981,procent,Västernorrlands län
1986,22,eftergymnasial ≥3 år (16–74),5.393854968854312,TAB3981,procent,Västernorrlands län
1987,22,eftergymnasial ≥3 år (16–74),5.517012325632888,TAB3981,procent,Västernorrlands län
1988,22,eftergymnasial ≥3 år (16–74),5.606202336974617,TAB3981,procent,Västernorrlands län
1989,22,eftergymnasial ≥3 år (16–74),5.966203498085993,TAB3981,procent,Västernorrlands län
1990,22,eftergymnasial ≥3 år (16–74),6.215933578400304,TAB3981,procent,Västernorrlands län
1991,22,eftergymnasial ≥3 år (16–74),6.355983767453426,TAB3981,procent,Västernorrlands län
1992,22,eftergymnasial ≥3 år (16–74),6.413571561313617,TAB3981,procent,Västernorrlands län
1993,22,eftergymnasial ≥3 år (16–74),6.53921078123503,TAB3981,procent,Västernorrlands län
1994,22,eftergymnasial ≥3 år (16–74),6.819687546750443,TAB3981,procent,Västernorrlands län
1995,22,eftergymnasial ≥3 år (16–74),7.034362146581598,TAB3981,procent,Västernorrlands län
1996,22,eftergymnasial ≥3 år (16–74),7.231589252692266,TAB3981,procent,Västernorrlands län
1997,22,eftergymnasial ≥3 år (16–74),7.492512424438569,TAB3981,procent,Västernorrlands län
1998,22,eftergymnasial ≥3 år (16–74),7.775388741729194,TAB3981,procent,Västernorrlands län
1999,22,eftergymnasial ≥3 år (16–74),8.085776226675106,TAB3981,procent,Västernorrlands län
2000,22,eftergymnasial ≥3 år (16–74),9.877416179706636,TAB3981,procent,Västernorrlands län
2001,22,eftergymnasial ≥3 år (16–74),10.334481482535796,TAB3981,procent,Västernorrlands län
2002,22,eftergymnasial ≥3 år (16–74),10.853354481294895,TAB3981,procent,Västernorrlands län
2003,22,eftergymnasial ≥3 år (16–74),11.362430617751587,TAB3981,procent,Västernorrlands län
2004,22,eftergymnasial ≥3 år (16–74),11.933938347775062,TAB3981,procent,Västernorrlands län
2005,22,eftergymnasial ≥3 år (16–74),12.541021368080399,TAB3981,procent,Västernorrlands län
2006,22,eftergymnasial ≥3 år (16–74),13.011247154232125,TAB3981,procent,Västernorrlands län
2007,22,eftergymnasial ≥3 år (16–74),13.423479490806223,TAB3981,procent,Västernorrlands län
2008,22,eftergymnasial ≥3 år (16–74),13.772225109007524,TAB3981,procent,Västernorrlands län
2009,22,eftergymnasial ≥3 år (16–74),14.078878295768208,TAB3981,procent,Västernorrlands län
2010,22,eftergymnasial ≥3 år (16–74),14.378974332932726,TAB3981,procent,Västernorrlands län
2011,22,eftergymnasial ≥3 år (16–74),14.730032346354815,TAB3981,procent,Västernorrlands län
2012,22,eftergymnasial ≥3 år (16–74),15.155810577882608,TAB3981,procent,Västernorrlands län
2013,22,eftergymnasial ≥3 år (16–74),15.532192987441041,TAB3981,procent,Västernorrlands län
2014,22,eftergymnasial ≥3 år (16–74),15.871943116118993,TAB3981,procent,Västernorrlands län
2015,22,eftergymnasial ≥3 år (16–74),16.166220143492872,TAB3981,procent,Västernorrlands län
2016,22,eftergymnasial ≥3 år (16–74),16.49499705709241,TAB3981,procent,Västernorrlands län
2017,22,eftergymnasial ≥3 år (16–74),16.763813614207315,TAB3981,procent,Västernorrlands län
2018,22,eftergymnasial ≥3 år (16–74),17.120716100821866,TAB3981,procent,Västernorrlands län
2019,22,eftergymnasial ≥3 år (16–74),17.50097905964201,TAB3981,procent,Västernorrlands län
2020,22,eftergymnasial ≥3 år (16–74),17.930139003211334,TAB3981,procent,Västernorrlands län
2021,22,eftergymnasial ≥3 år (16–74),18.378643497757846,TAB3981,procent,Västernorrlands län
2022,22,eftergymnasial ≥3 år (16–74),18.784796448119522,TAB3981,procent,Västernorrlands län
2023,22,eftergymnasial ≥3 år (16–74),19.176494930684875,TAB3981,procent,Västernorrlands län
2024,22,eftergymnasial ≥3 år (16–74),19.51911491503493,TAB3981,procent,Västernorrlands län
2025,22,eftergymnasial ≥3 år (16–74),19.933333333333334,TAB3981,procent,Västernorrlands län
1985,23,eftergymnasial ≥3 år (16–74),5.421742482652275,TAB3981,procent,Jämtlands län
1986,23,eftergymnasial ≥3 år (16–74),5.672207942956637,TAB3981,procent,Jämtlands län
1987,23,eftergymnasial ≥3 år (16–74),5.760692114922688,TAB3981,procent,Jämtlands län
1988,23,eftergymnasial ≥3 år (16–74),5.940491483983258,TAB3981,procent,Jämtlands län
1989,23,eftergymnasial ≥3 år (16–74),6.480131525886404,TAB3981,procent,Jämtlands län
1990,23,eftergymnasial ≥3 år (16–74),6.830910513527982,TAB3981,procent,Jämtlands län
1991,23,eftergymnasial ≥3 år (16–74),7.023363138159793,TAB3981,procent,Jämtlands län
1992,23,eftergymnasial ≥3 år (16–74),7.114191146048821,TAB3981,procent,Jämtlands län
1993,23,eftergymnasial ≥3 år (16–74),7.275931781659842,TAB3981,procent,Jämtlands län
1994,23,eftergymnasial ≥3 år (16–74),7.517642175176422,TAB3981,procent,Jämtlands län
1995,23,eftergymnasial ≥3 år (16–74),7.682160804020101,TAB3981,procent,Jämtlands län
1996,23,eftergymnasial ≥3 år (16–74),7.918666864042971,TAB3981,procent,Jämtlands län
1997,23,eftergymnasial ≥3 år (16–74),8.156066274719402,TAB3981,procent,Jämtlands län
1998,23,eftergymnasial ≥3 år (16–74),8.39534131349078,TAB3981,procent,Jämtlands län
1999,23,eftergymnasial ≥3 år (16–74),8.617016651449937,TAB3981,procent,Jämtlands län
2000,23,eftergymnasial ≥3 år (16–74),10.474929127308151,TAB3981,procent,Jämtlands län
2001,23,eftergymnasial ≥3 år (16–74),10.938118920822147,TAB3981,procent,Jämtlands län
2002,23,eftergymnasial ≥3 år (16–74),11.60226471624956,TAB3981,procent,Jämtlands län
2003,23,eftergymnasial ≥3 år (16–74),11.982352682304274,TAB3981,procent,Jämtlands län
2004,23,eftergymnasial ≥3 år (16–74),12.517946188832266,TAB3981,procent,Jämtlands län
2005,23,eftergymnasial ≥3 år (16–74),13.087824897400822,TAB3981,procent,Jämtlands län
2006,23,eftergymnasial ≥3 år (16–74),13.603321817409025,TAB3981,procent,Jämtlands län
2007,23,eftergymnasial ≥3 år (16–74),14.024979111733238,TAB3981,procent,Jämtlands län
2008,23,eftergymnasial ≥3 år (16–74),14.431718633399306,TAB3981,procent,Jämtlands län
2009,23,eftergymnasial ≥3 år (16–74),14.729267582233826,TAB3981,procent,Jämtlands län
2010,23,eftergymnasial ≥3 år (16–74),15.069791487161813,TAB3981,procent,Jämtlands län
2011,23,eftergymnasial ≥3 år (16–74),15.41604513911408,TAB3981,procent,Jämtlands län
2012,23,eftergymnasial ≥3 år (16–74),15.840339776371673,TAB3981,procent,Jämtlands län
2013,23,eftergymnasial ≥3 år (16–74),16.230202119712896,TAB3981,procent,Jämtlands län
2014,23,eftergymnasial ≥3 år (16–74),16.710915573086552,TAB3981,procent,Jämtlands län
2015,23,eftergymnasial ≥3 år (16–74),17.11040190404068,TAB3981,procent,Jämtlands län
2016,23,eftergymnasial ≥3 år (16–74),17.436938679042584,TAB3981,procent,Jämtlands län
2017,23,eftergymnasial ≥3 år (16–74),17.890384841960948,TAB3981,procent,Jämtlands län
2018,23,eftergymnasial ≥3 år (16–74),18.358125657372227,TAB3981,procent,Jämtlands län
2019,23,eftergymnasial ≥3 år (16–74),18.88087845024873,TAB3981,procent,Jämtlands län
2020,23,eftergymnasial ≥3 år (16–74),19.449793968605764,TAB3981,procent,Jämtlands län
2021,23,eftergymnasial ≥3 år (16–74),20.113676655456587,TAB3981,procent,Jämtlands län
2022,23,eftergymnasial ≥3 år (16–74),20.67966788955397,TAB3981,procent,Jämtlands län
2023,23,eftergymnasial ≥3 år (16–74),21.22224257377738,TAB3981,procent,Jämtlands län
2024,23,eftergymnasial ≥3 år (16–74),21.656064666817354,TAB3981,procent,Jämtlands län
2025,23,eftergymnasial ≥3 år (16–74),22.101597705858254,TAB3981,procent,Jämtlands län
1985,24,eftergymnasial ≥3 år (16–74),6.955878893780033,TAB3981,procent,Västerbottens län
1986,24,eftergymnasial ≥3 år (16–74),7.22243112340822,TAB3981,procent,Västerbottens län
1987,24,eftergymnasial ≥3 år (16–74),7.366838005880901,TAB3981,procent,Västerbottens län
1988,24,eftergymnasial ≥3 år (16–74),7.482461672405806,TAB3981,procent,Västerbottens län
1989,24,eftergymnasial ≥3 år (16–74),7.780022695192494,TAB3981,procent,Västerbottens län
1990,24,eftergymnasial ≥3 år (16–74),8.422941040513322,TAB3981,procent,Västerbottens län
1991,24,eftergymnasial ≥3 år (16–74),8.51233007419431,TAB3981,procent,Västerbottens län
1992,24,eftergymnasial ≥3 år (16–74),8.56990231990232,TAB3981,procent,Västerbottens län
1993,24,eftergymnasial ≥3 år (16–74),8.72713311595261,TAB3981,procent,Västerbottens län
1994,24,eftergymnasial ≥3 år (16–74),9.165581165021369,TAB3981,procent,Västerbottens län
1995,24,eftergymnasial ≥3 år (16–74),9.367005610851946,TAB3981,procent,Västerbottens län
1996,24,eftergymnasial ≥3 år (16–74),9.628824017142795,TAB3981,procent,Västerbottens län
1997,24,eftergymnasial ≥3 år (16–74),9.919150541691371,TAB3981,procent,Västerbottens län
1998,24,eftergymnasial ≥3 år (16–74),10.303761579084062,TAB3981,procent,Västerbottens län
1999,24,eftergymnasial ≥3 år (16–74),10.787978752841726,TAB3981,procent,Västerbottens län
2000,24,eftergymnasial ≥3 år (16–74),13.965823322478409,TAB3981,procent,Västerbottens län
2001,24,eftergymnasial ≥3 år (16–74),14.626688323722107,TAB3981,procent,Västerbottens län
2002,24,eftergymnasial ≥3 år (16–74),15.29421972527562,TAB3981,procent,Västerbottens län
2003,24,eftergymnasial ≥3 år (16–74),15.969114300812043,TAB3981,procent,Västerbottens län
2004,24,eftergymnasial ≥3 år (16–74),16.73769255858968,TAB3981,procent,Västerbottens län
2005,24,eftergymnasial ≥3 år (16–74),17.56662140371722,TAB3981,procent,Västerbottens län
2006,24,eftergymnasial ≥3 år (16–74),18.040356491153837,TAB3981,procent,Västerbottens län
2007,24,eftergymnasial ≥3 år (16–74),18.537310130083615,TAB3981,procent,Västerbottens län
2008,24,eftergymnasial ≥3 år (16–74),18.92059162907794,TAB3981,procent,Västerbottens län
2009,24,eftergymnasial ≥3 år (16–74),19.32798112459023,TAB3981,procent,Västerbottens län
2010,24,eftergymnasial ≥3 år (16–74),19.74308053816881,TAB3981,procent,Västerbottens län
2011,24,eftergymnasial ≥3 år (16–74),20.23590025916827,TAB3981,procent,Västerbottens län
2012,24,eftergymnasial ≥3 år (16–74),20.739602423462102,TAB3981,procent,Västerbottens län
2013,24,eftergymnasial ≥3 år (16–74),21.280699298523945,TAB3981,procent,Västerbottens län
2014,24,eftergymnasial ≥3 år (16–74),21.892713126931458,TAB3981,procent,Västerbottens län
2015,24,eftergymnasial ≥3 år (16–74),22.306589442192926,TAB3981,procent,Västerbottens län
2016,24,eftergymnasial ≥3 år (16–74),22.757754640947386,TAB3981,procent,Västerbottens län
2017,24,eftergymnasial ≥3 år (16–74),23.137040145761254,TAB3981,procent,Västerbottens län
2018,24,eftergymnasial ≥3 år (16–74),23.631428294445097,TAB3981,procent,Västerbottens län
2019,24,eftergymnasial ≥3 år (16–74),24.06015037593985,TAB3981,procent,Västerbottens län
2020,24,eftergymnasial ≥3 år (16–74),24.601167364676787,TAB3981,procent,Västerbottens län
2021,24,eftergymnasial ≥3 år (16–74),25.168167130692787,TAB3981,procent,Västerbottens län
2022,24,eftergymnasial ≥3 år (16–74),25.61103113872263,TAB3981,procent,Västerbottens län
2023,24,eftergymnasial ≥3 år (16–74),26.0558758848017,TAB3981,procent,Västerbottens län
2024,24,eftergymnasial ≥3 år (16–74),26.58115417059495,TAB3981,procent,Västerbottens län
2025,24,eftergymnasial ≥3 år (16–74),26.79671252599584,TAB3981,procent,Västerbottens län
1985,25,eftergymnasial ≥3 år (16–74),5.4883032767379545,TAB3981,procent,Norrbottens län
1986,25,eftergymnasial ≥3 år (16–74),5.6265838560923935,TAB3981,procent,Norrbottens län
1987,25,eftergymnasial ≥3 år (16–74),5.7413308243708965,TAB3981,procent,Norrbottens län
1988,25,eftergymnasial ≥3 år (16–74),5.82518736588956,TAB3981,procent,Norrbottens län
1989,25,eftergymnasial ≥3 år (16–74),6.463518647747538,TAB3981,procent,Norrbottens län
1990,25,eftergymnasial ≥3 år (16–74),6.68254925924207,TAB3981,procent,Norrbottens län
1991,25,eftergymnasial ≥3 år (16–74),6.762315125120333,TAB3981,procent,Norrbottens län
1992,25,eftergymnasial ≥3 år (16–74),6.886187550093508,TAB3981,procent,Norrbottens län
1993,25,eftergymnasial ≥3 år (16–74),7.02984455002537,TAB3981,procent,Norrbottens län
1994,25,eftergymnasial ≥3 år (16–74),7.341965512292141,TAB3981,procent,Norrbottens län
1995,25,eftergymnasial ≥3 år (16–74),7.508860393267135,TAB3981,procent,Norrbottens län
1996,25,eftergymnasial ≥3 år (16–74),7.717095278684435,TAB3981,procent,Norrbottens län
1997,25,eftergymnasial ≥3 år (16–74),7.983259302715387,TAB3981,procent,Norrbottens län
1998,25,eftergymnasial ≥3 år (16–74),8.266255667512945,TAB3981,procent,Norrbottens län
1999,25,eftergymnasial ≥3 år (16–74),8.548024345267915,TAB3981,procent,Norrbottens län
2000,25,eftergymnasial ≥3 år (16–74),10.485676698794533,TAB3981,procent,Norrbottens län
2001,25,eftergymnasial ≥3 år (16–74),10.870257692162335,TAB3981,procent,Norrbottens län
2002,25,eftergymnasial ≥3 år (16–74),11.548495345312839,TAB3981,procent,Norrbottens län
2003,25,eftergymnasial ≥3 år (16–74),11.994364518139207,TAB3981,procent,Norrbottens län
2004,25,eftergymnasial ≥3 år (16–74),12.687747035573123,TAB3981,procent,Norrbottens län
2005,25,eftergymnasial ≥3 år (16–74),13.390459899532306,TAB3981,procent,Norrbottens län
2006,25,eftergymnasial ≥3 år (16–74),13.81899525657611,TAB3981,procent,Norrbottens län
2007,25,eftergymnasial ≥3 år (16–74),14.15174305289357,TAB3981,procent,Norrbottens län
2008,25,eftergymnasial ≥3 år (16–74),14.491078757506372,TAB3981,procent,Norrbottens län
2009,25,eftergymnasial ≥3 år (16–74),14.795275803356667,TAB3981,procent,Norrbottens län
2010,25,eftergymnasial ≥3 år (16–74),15.133384951080453,TAB3981,procent,Norrbottens län
2011,25,eftergymnasial ≥3 år (16–74),15.502584939540082,TAB3981,procent,Norrbottens län
2012,25,eftergymnasial ≥3 år (16–74),15.910892056495825,TAB3981,procent,Norrbottens län
2013,25,eftergymnasial ≥3 år (16–74),16.355018547040064,TAB3981,procent,Norrbottens län
2014,25,eftergymnasial ≥3 år (16–74),16.81602301408527,TAB3981,procent,Norrbottens län
2015,25,eftergymnasial ≥3 år (16–74),17.223482205163993,TAB3981,procent,Norrbottens län
2016,25,eftergymnasial ≥3 år (16–74),17.50530224138965,TAB3981,procent,Norrbottens län
2017,25,eftergymnasial ≥3 år (16–74),17.725422137812853,TAB3981,procent,Norrbottens län
2018,25,eftergymnasial ≥3 år (16–74),18.120177437286046,TAB3981,procent,Norrbottens län
2019,25,eftergymnasial ≥3 år (16–74),18.471376404027417,TAB3981,procent,Norrbottens län
2020,25,eftergymnasial ≥3 år (16–74),18.852495543672013,TAB3981,procent,Norrbottens län
2021,25,eftergymnasial ≥3 år (16–74),19.280752856822765,TAB3981,procent,Norrbottens län
2022,25,eftergymnasial ≥3 år (16–74),19.67809310416655,TAB3981,procent,Norrbottens län
2023,25,eftergymnasial ≥3 år (16–74),20.057581029997678,TAB3981,procent,Norrbottens län
2024,25,eftergymnasial ≥3 år (16–74),20.439231345145995,TAB3981,procent,Norrbottens län
2025,25,eftergymnasial ≥3 år (16–74),20.888795783060903,TAB3981,procent,Norrbottens län
2015,00,eftergymnasial ≥3 år (25–64),26.240068597988667,TAB5956,procent,Riket
2016,00,eftergymnasial ≥3 år (25–64),26.648217566507473,TAB5956,procent,Riket
2017,00,eftergymnasial ≥3 år (25–64),27.03936395987174,TAB5956,procent,Riket
2018,00,eftergymnasial ≥3 år (25–64),27.637423746640962,TAB5956,procent,Riket
2019,00,eftergymnasial ≥3 år (25–64),28.214084673786278,TAB5956,procent,Riket
2020,00,eftergymnasial ≥3 år (25–64),28.876097218790225,TAB5956,procent,Riket
2021,00,eftergymnasial ≥3 år (25–64),29.556599091388964,TAB5956,procent,Riket
2022,00,eftergymnasial ≥3 år (25–64),30.26967201164684,TAB5956,procent,Riket
2023,00,eftergymnasial ≥3 år (25–64),30.644501115424795,TAB5956,procent,Riket
2015,01,eftergymnasial ≥3 år (25–64),33.53462714419718,TAB5956,procent,Stockholms län
2016,01,eftergymnasial ≥3 år (25–64),33.975071973344285,TAB5956,procent,Stockholms län
2017,01,eftergymnasial ≥3 år (25–64),34.40756105134922,TAB5956,procent,Stockholms län
2018,01,eftergymnasial ≥3 år (25–64),35.11418790152741,TAB5956,procent,Stockholms län
2019,01,eftergymnasial ≥3 år (25–64),35.67224187346651,TAB5956,procent,Stockholms län
2020,01,eftergymnasial ≥3 år (25–64),36.40452355317313,TAB5956,procent,Stockholms län
2021,01,eftergymnasial ≥3 år (25–64),37.13315679096531,TAB5956,procent,Stockholms län
2022,01,eftergymnasial ≥3 år (25–64),37.966730412410506,TAB5956,procent,Stockholms län
2023,01,eftergymnasial ≥3 år (25–64),38.42063002486516,TAB5956,procent,Stockholms län
2015,03,eftergymnasial ≥3 år (25–64),31.71967492725996,TAB5956,procent,Uppsala län
2016,03,eftergymnasial ≥3 år (25–64),32.023908858384736,TAB5956,procent,Uppsala län
2017,03,eftergymnasial ≥3 år (25–64),32.308159320030036,TAB5956,procent,Uppsala län
2018,03,eftergymnasial ≥3 år (25–64),32.75443442481711,TAB5956,procent,Uppsala län
2019,03,eftergymnasial ≥3 år (25–64),33.20753364330923,TAB5956,procent,Uppsala län
2020,03,eftergymnasial ≥3 år (25–64),33.767200267306585,TAB5956,procent,Uppsala län
2021,03,eftergymnasial ≥3 år (25–64),34.50462641626262,TAB5956,procent,Uppsala län
2022,03,eftergymnasial ≥3 år (25–64),35.189212915698775,TAB5956,procent,Uppsala län
2023,03,eftergymnasial ≥3 år (25–64),35.52752348686898,TAB5956,procent,Uppsala län
2015,04,eftergymnasial ≥3 år (25–64),18.811183220808292,TAB5956,procent,Södermanlands län
2016,04,eftergymnasial ≥3 år (25–64),19.034585539561643,TAB5956,procent,Södermanlands län
2017,04,eftergymnasial ≥3 år (25–64),19.32648409931626,TAB5956,procent,Södermanlands län
2018,04,eftergymnasial ≥3 år (25–64),19.700185539188126,TAB5956,procent,Södermanlands län
2019,04,eftergymnasial ≥3 år (25–64),20.187338951180443,TAB5956,procent,Södermanlands län
2020,04,eftergymnasial ≥3 år (25–64),20.70171066204213,TAB5956,procent,Södermanlands län
2021,04,eftergymnasial ≥3 år (25–64),21.31855140797152,TAB5956,procent,Södermanlands län
2022,04,eftergymnasial ≥3 år (25–64),22.01722270215421,TAB5956,procent,Södermanlands län
2023,04,eftergymnasial ≥3 år (25–64),22.339897512945026,TAB5956,procent,Södermanlands län
2015,05,eftergymnasial ≥3 år (25–64),25.095761993481386,TAB5956,procent,Östergötlands län
2016,05,eftergymnasial ≥3 år (25–64),25.567981899404515,TAB5956,procent,Östergötlands län
2017,05,eftergymnasial ≥3 år (25–64),25.96278420195082,TAB5956,procent,Östergötlands län
2018,05,eftergymnasial ≥3 år (25–64),26.443475728746083,TAB5956,procent,Östergötlands län
2019,05,eftergymnasial ≥3 år (25–64),27.06167482425667,TAB5956,procent,Östergötlands län
2020,05,eftergymnasial ≥3 år (25–64),27.652426859562638,TAB5956,procent,Östergötlands län
2021,05,eftergymnasial ≥3 år (25–64),28.165067359153273,TAB5956,procent,Östergötlands län
2022,05,eftergymnasial ≥3 år (25–64),28.67425567682422,TAB5956,procent,Östergötlands län
2023,05,eftergymnasial ≥3 år (25–64),28.87697184598614,TAB5956,procent,Östergötlands län
2015,06,eftergymnasial ≥3 år (25–64),19.871667038136238,TAB5956,procent,Jönköpings län
2016,06,eftergymnasial ≥3 år (25–64),20.26207988352005,TAB5956,procent,Jönköpings län
2017,06,eftergymnasial ≥3 år (25–64),20.586356741220616,TAB5956,procent,Jönköpings län
2018,06,eftergymnasial ≥3 år (25–64),21.121017815148797,TAB5956,procent,Jönköpings län
2019,06,eftergymnasial ≥3 år (25–64),21.645038594921132,TAB5956,procent,Jönköpings län
2020,06,eftergymnasial ≥3 år (25–64),22.269895576779486,TAB5956,procent,Jönköpings län
2021,06,eftergymnasial ≥3 år (25–64),22.92296177196241,TAB5956,procent,Jönköpings län
2022,06,eftergymnasial ≥3 år (25–64),23.468678262405085,TAB5956,procent,Jönköpings län
2023,06,eftergymnasial ≥3 år (25–64),23.713668287412208,TAB5956,procent,Jönköpings län
2015,07,eftergymnasial ≥3 år (25–64),21.748530938593767,TAB5956,procent,Kronobergs län
2016,07,eftergymnasial ≥3 år (25–64),22.156970246504862,TAB5956,procent,Kronobergs län
2017,07,eftergymnasial ≥3 år (25–64),22.53512358104883,TAB5956,procent,Kronobergs län
2018,07,eftergymnasial ≥3 år (25–64),23.127416691453245,TAB5956,procent,Kronobergs län
2019,07,eftergymnasial ≥3 år (25–64),23.68748090047876,TAB5956,procent,Kronobergs län
2020,07,eftergymnasial ≥3 år (25–64),24.19852911299825,TAB5956,procent,Kronobergs län
2021,07,eftergymnasial ≥3 år (25–64),24.802546866603805,TAB5956,procent,Kronobergs län
2022,07,eftergymnasial ≥3 år (25–64),25.34545014423174,TAB5956,procent,Kronobergs län
2023,07,eftergymnasial ≥3 år (25–64),25.53183040987919,TAB5956,procent,Kronobergs län
2015,08,eftergymnasial ≥3 år (25–64),19.24170533440324,TAB5956,procent,Kalmar län
2016,08,eftergymnasial ≥3 år (25–64),19.52213102803578,TAB5956,procent,Kalmar län
2017,08,eftergymnasial ≥3 år (25–64),19.880315175728395,TAB5956,procent,Kalmar län
2018,08,eftergymnasial ≥3 år (25–64),20.249679190284777,TAB5956,procent,Kalmar län
2019,08,eftergymnasial ≥3 år (25–64),20.689567257028248,TAB5956,procent,Kalmar län
2020,08,eftergymnasial ≥3 år (25–64),21.281012830548278,TAB5956,procent,Kalmar län
2021,08,eftergymnasial ≥3 år (25–64),21.89576923730686,TAB5956,procent,Kalmar län
2022,08,eftergymnasial ≥3 år (25–64),22.527421177390167,TAB5956,procent,Kalmar län
2023,08,eftergymnasial ≥3 år (25–64),22.83019025158543,TAB5956,procent,Kalmar län
2015,09,eftergymnasial ≥3 år (25–64),20.743904609361095,TAB5956,procent,Gotlands län
2016,09,eftergymnasial ≥3 år (25–64),20.905088924106355,TAB5956,procent,Gotlands län
2017,09,eftergymnasial ≥3 år (25–64),21.306539700322084,TAB5956,procent,Gotlands län
2018,09,eftergymnasial ≥3 år (25–64),21.701358723980956,TAB5956,procent,Gotlands län
2019,09,eftergymnasial ≥3 år (25–64),22.232223222322233,TAB5956,procent,Gotlands län
2020,09,eftergymnasial ≥3 år (25–64),23.07957642026836,TAB5956,procent,Gotlands län
2021,09,eftergymnasial ≥3 år (25–64),23.900147447107635,TAB5956,procent,Gotlands län
2022,09,eftergymnasial ≥3 år (25–64),24.551681409837194,TAB5956,procent,Gotlands län
2023,09,eftergymnasial ≥3 år (25–64),24.949296917252568,TAB5956,procent,Gotlands län
2015,10,eftergymnasial ≥3 år (25–64),21.81474079858124,TAB5956,procent,Blekinge län
2016,10,eftergymnasial ≥3 år (25–64),22.131522834007036,TAB5956,procent,Blekinge län
2017,10,eftergymnasial ≥3 år (25–64),22.44178024238164,TAB5956,procent,Blekinge län
2018,10,eftergymnasial ≥3 år (25–64),22.85484436024861,TAB5956,procent,Blekinge län
2019,10,eftergymnasial ≥3 år (25–64),23.342609690759186,TAB5956,procent,Blekinge län
2020,10,eftergymnasial ≥3 år (25–64),23.85209741836122,TAB5956,procent,Blekinge län
2021,10,eftergymnasial ≥3 år (25–64),24.467194895530973,TAB5956,procent,Blekinge län
2022,10,eftergymnasial ≥3 år (25–64),25.043580837538503,TAB5956,procent,Blekinge län
2023,10,eftergymnasial ≥3 år (25–64),25.256872552440775,TAB5956,procent,Blekinge län
2015,12,eftergymnasial ≥3 år (25–64),27.057723626274203,TAB5956,procent,Skåne län
2016,12,eftergymnasial ≥3 år (25–64),27.464639315828443,TAB5956,procent,Skåne län
2017,12,eftergymnasial ≥3 år (25–64),27.75028310502283,TAB5956,procent,Skåne län
2018,12,eftergymnasial ≥3 år (25–64),28.323931964078696,TAB5956,procent,Skåne län
2019,12,eftergymnasial ≥3 år (25–64),28.878524522164525,TAB5956,procent,Skåne län
2020,12,eftergymnasial ≥3 år (25–64),29.56322761829517,TAB5956,procent,Skåne län
2021,12,eftergymnasial ≥3 år (25–64),30.226554452253982,TAB5956,procent,Skåne län
2022,12,eftergymnasial ≥3 år (25–64),30.93755079980604,TAB5956,procent,Skåne län
2023,12,eftergymnasial ≥3 år (25–64),31.28811564649831,TAB5956,procent,Skåne län
2015,13,eftergymnasial ≥3 år (25–64),22.97504910445149,TAB5956,procent,Hallands län
2016,13,eftergymnasial ≥3 år (25–64),23.418241577649958,TAB5956,procent,Hallands län
2017,13,eftergymnasial ≥3 år (25–64),23.887703889585946,TAB5956,procent,Hallands län
2018,13,eftergymnasial ≥3 år (25–64),24.34616123375859,TAB5956,procent,Hallands län
2019,13,eftergymnasial ≥3 år (25–64),24.7498960448108,TAB5956,procent,Hallands län
2020,13,eftergymnasial ≥3 år (25–64),25.349709789445566,TAB5956,procent,Hallands län
2021,13,eftergymnasial ≥3 år (25–64),26.01529496134075,TAB5956,procent,Hallands län
2022,13,eftergymnasial ≥3 år (25–64),26.64161950317791,TAB5956,procent,Hallands län
2023,13,eftergymnasial ≥3 år (25–64),27.004858128564386,TAB5956,procent,Hallands län
2015,14,eftergymnasial ≥3 år (25–64),26.138878959118017,TAB5956,procent,Västra Götalands län
2016,14,eftergymnasial ≥3 år (25–64),26.611049828012575,TAB5956,procent,Västra Götalands län
2017,14,eftergymnasial ≥3 år (25–64),27.031560179398575,TAB5956,procent,Västra Götalands län
2018,14,eftergymnasial ≥3 år (25–64),27.67437535156321,TAB5956,procent,Västra Götalands län
2019,14,eftergymnasial ≥3 år (25–64),28.30079910276181,TAB5956,procent,Västra Götalands län
2020,14,eftergymnasial ≥3 år (25–64),28.943397910900813,TAB5956,procent,Västra Götalands län
2021,14,eftergymnasial ≥3 år (25–64),29.591148863461918,TAB5956,procent,Västra Götalands län
2022,14,eftergymnasial ≥3 år (25–64),30.304914892700403,TAB5956,procent,Västra Götalands län
2023,14,eftergymnasial ≥3 år (25–64),30.748864214346675,TAB5956,procent,Västra Götalands län
2015,17,eftergymnasial ≥3 år (25–64),20.436480009482253,TAB5956,procent,Värmlands län
2016,17,eftergymnasial ≥3 år (25–64),20.72217178668697,TAB5956,procent,Värmlands län
2017,17,eftergymnasial ≥3 år (25–64),21.12130865511485,TAB5956,procent,Värmlands län
2018,17,eftergymnasial ≥3 år (25–64),21.67074881351251,TAB5956,procent,Värmlands län
2019,17,eftergymnasial ≥3 år (25–64),22.198346267486514,TAB5956,procent,Värmlands län
2020,17,eftergymnasial ≥3 år (25–64),22.888958298527626,TAB5956,procent,Värmlands län
2021,17,eftergymnasial ≥3 år (25–64),23.627381073647754,TAB5956,procent,Värmlands län
2022,17,eftergymnasial ≥3 år (25–64),24.29223478368482,TAB5956,procent,Värmlands län
2023,17,eftergymnasial ≥3 år (25–64),24.712369703653636,TAB5956,procent,Värmlands län
2015,18,eftergymnasial ≥3 år (25–64),21.329457500087557,TAB5956,procent,Örebro län
2016,18,eftergymnasial ≥3 år (25–64),21.68519747759708,TAB5956,procent,Örebro län
2017,18,eftergymnasial ≥3 år (25–64),22.00354730882052,TAB5956,procent,Örebro län
2018,18,eftergymnasial ≥3 år (25–64),22.462961088049678,TAB5956,procent,Örebro län
2019,18,eftergymnasial ≥3 år (25–64),23.073423040635937,TAB5956,procent,Örebro län
2020,18,eftergymnasial ≥3 år (25–64),23.688496142243107,TAB5956,procent,Örebro län
2021,18,eftergymnasial ≥3 år (25–64),24.27261353351435,TAB5956,procent,Örebro län
2022,18,eftergymnasial ≥3 år (25–64),24.741200140771188,TAB5956,procent,Örebro län
2023,18,eftergymnasial ≥3 år (25–64),25.0134623993564,TAB5956,procent,Örebro län
2015,19,eftergymnasial ≥3 år (25–64),21.530476913287796,TAB5956,procent,Västmanlands län
2016,19,eftergymnasial ≥3 år (25–64),21.80139267332728,TAB5956,procent,Västmanlands län
2017,19,eftergymnasial ≥3 år (25–64),22.05285994876812,TAB5956,procent,Västmanlands län
2018,19,eftergymnasial ≥3 år (25–64),22.511617614516485,TAB5956,procent,Västmanlands län
2019,19,eftergymnasial ≥3 år (25–64),23.016389130418897,TAB5956,procent,Västmanlands län
2020,19,eftergymnasial ≥3 år (25–64),23.56009910557941,TAB5956,procent,Västmanlands län
2021,19,eftergymnasial ≥3 år (25–64),24.18863511679612,TAB5956,procent,Västmanlands län
2022,19,eftergymnasial ≥3 år (25–64),24.814966367310607,TAB5956,procent,Västmanlands län
2023,19,eftergymnasial ≥3 år (25–64),25.21093936458465,TAB5956,procent,Västmanlands län
2015,20,eftergymnasial ≥3 år (25–64),18.526590787339746,TAB5956,procent,Dalarnas län
2016,20,eftergymnasial ≥3 år (25–64),18.795476143840634,TAB5956,procent,Dalarnas län
2017,20,eftergymnasial ≥3 år (25–64),19.06678323446746,TAB5956,procent,Dalarnas län
2018,20,eftergymnasial ≥3 år (25–64),19.538991969584167,TAB5956,procent,Dalarnas län
2019,20,eftergymnasial ≥3 år (25–64),20.044854404051364,TAB5956,procent,Dalarnas län
2020,20,eftergymnasial ≥3 år (25–64),20.619162267215874,TAB5956,procent,Dalarnas län
2021,20,eftergymnasial ≥3 år (25–64),21.224694080355135,TAB5956,procent,Dalarnas län
2022,20,eftergymnasial ≥3 år (25–64),21.832114448879693,TAB5956,procent,Dalarnas län
2023,20,eftergymnasial ≥3 år (25–64),22.15376047750282,TAB5956,procent,Dalarnas län
2015,21,eftergymnasial ≥3 år (25–64),18.126696898451772,TAB5956,procent,Gävleborgs län
2016,21,eftergymnasial ≥3 år (25–64),18.472319248691043,TAB5956,procent,Gävleborgs län
2017,21,eftergymnasial ≥3 år (25–64),18.65630444289903,TAB5956,procent,Gävleborgs län
2018,21,eftergymnasial ≥3 år (25–64),19.167986924075045,TAB5956,procent,Gävleborgs län
2019,21,eftergymnasial ≥3 år (25–64),19.685146668579215,TAB5956,procent,Gävleborgs län
2020,21,eftergymnasial ≥3 år (25–64),20.265790266794873,TAB5956,procent,Gävleborgs län
2021,21,eftergymnasial ≥3 år (25–64),20.843032445325747,TAB5956,procent,Gävleborgs län
2022,21,eftergymnasial ≥3 år (25–64),21.363515082461365,TAB5956,procent,Gävleborgs län
2023,21,eftergymnasial ≥3 år (25–64),21.690332454723237,TAB5956,procent,Gävleborgs län
2015,22,eftergymnasial ≥3 år (25–64),19.995806600410955,TAB5956,procent,Västernorrlands län
2016,22,eftergymnasial ≥3 år (25–64),20.331331573116998,TAB5956,procent,Västernorrlands län
2017,22,eftergymnasial ≥3 år (25–64),20.6618253974871,TAB5956,procent,Västernorrlands län
2018,22,eftergymnasial ≥3 år (25–64),21.123919067112016,TAB5956,procent,Västernorrlands län
2019,22,eftergymnasial ≥3 år (25–64),21.650263045284063,TAB5956,procent,Västernorrlands län
2020,22,eftergymnasial ≥3 år (25–64),22.238215488215488,TAB5956,procent,Västernorrlands län
2021,22,eftergymnasial ≥3 år (25–64),22.854749170672264,TAB5956,procent,Västernorrlands län
2022,22,eftergymnasial ≥3 år (25–64),23.416887104593897,TAB5956,procent,Västernorrlands län
2023,22,eftergymnasial ≥3 år (25–64),23.73218041598504,TAB5956,procent,Västernorrlands län
2015,23,eftergymnasial ≥3 år (25–64),21.366674127841907,TAB5956,procent,Jämtlands län
2016,23,eftergymnasial ≥3 år (25–64),21.67375527693013,TAB5956,procent,Jämtlands län
2017,23,eftergymnasial ≥3 år (25–64),22.188959593743142,TAB5956,procent,Jämtlands län
2018,23,eftergymnasial ≥3 år (25–64),22.677736604281,TAB5956,procent,Jämtlands län
2019,23,eftergymnasial ≥3 år (25–64),23.34130071393979,TAB5956,procent,Jämtlands län
2020,23,eftergymnasial ≥3 år (25–64),24.030222776133353,TAB5956,procent,Jämtlands län
2021,23,eftergymnasial ≥3 år (25–64),24.857249255213507,TAB5956,procent,Jämtlands län
2022,23,eftergymnasial ≥3 år (25–64),25.61617537775576,TAB5956,procent,Jämtlands län
2023,23,eftergymnasial ≥3 år (25–64),26.104192830879573,TAB5956,procent,Jämtlands län
2015,24,eftergymnasial ≥3 år (25–64),27.881877468540463,TAB5956,procent,Västerbottens län
2016,24,eftergymnasial ≥3 år (25–64),28.278146196132994,TAB5956,procent,Västerbottens län
2017,24,eftergymnasial ≥3 år (25–64),28.667265648397724,TAB5956,procent,Västerbottens län
2018,24,eftergymnasial ≥3 år (25–64),29.213399577544404,TAB5956,procent,Västerbottens län
2019,24,eftergymnasial ≥3 år (25–64),29.759343462348898,TAB5956,procent,Västerbottens län
2020,24,eftergymnasial ≥3 år (25–64),30.444288510544006,TAB5956,procent,Västerbottens län
2021,24,eftergymnasial ≥3 år (25–64),31.177051402970996,TAB5956,procent,Västerbottens län
2022,24,eftergymnasial ≥3 år (25–64),31.813353065724982,TAB5956,procent,Västerbottens län
2023,24,eftergymnasial ≥3 år (25–64),32.060571290964596,TAB5956,procent,Västerbottens län
2015,25,eftergymnasial ≥3 år (25–64),21.574754703539394,TAB5956,procent,Norrbottens län
2016,25,eftergymnasial ≥3 år (25–64),21.782210172992514,TAB5956,procent,Norrbottens län
2017,25,eftergymnasial ≥3 år (25–64),22.039375599377856,TAB5956,procent,Norrbottens län
2018,25,eftergymnasial ≥3 år (25–64),22.46296401292716,TAB5956,procent,Norrbottens län
2019,25,eftergymnasial ≥3 år (25–64),22.85802534361817,TAB5956,procent,Norrbottens län
2020,25,eftergymnasial ≥3 år (25–64),23.376506859370668,TAB5956,procent,Norrbottens län
2021,25,eftergymnasial ≥3 år (25–64),23.9104269865313,TAB5956,procent,Norrbottens län
2022,25,eftergymnasial ≥3 år (25–64),24.443548785102077,TAB5956,procent,Norrbottens län
2023,25,eftergymnasial ≥3 år (25–64),24.668663542522182,TAB5956,procent,Norrbottens län
2015,00,eftergymnasial (25–64),41.54809157927339,TAB5956,procent,Riket
2016,00,eftergymnasial (25–64),42.04452825753104,TAB5956,procent,Riket
2017,00,eftergymnasial (25–64),42.52234830432859,TAB5956,procent,Riket
2018,00,eftergymnasial (25–64),43.19658757533819,TAB5956,procent,Riket
2019,00,eftergymnasial (25–64),43.774380818977335,TAB5956,procent,Riket
2020,00,eftergymnasial (25–64),44.44946370567589,TAB5956,procent,Riket
2021,00,eftergymnasial (25–64),45.112690039624276,TAB5956,procent,Riket
2022,00,eftergymnasial (25–64),46.234797196708826,TAB5956,procent,Riket
2023,00,eftergymnasial (25–64),46.7107057970155,TAB5956,procent,Riket
2015,01,eftergymnasial (25–64),50.214471463000876,TAB5956,procent,Stockholms län
2016,01,eftergymnasial (25–64),50.69959876788779,TAB5956,procent,Stockholms län
2017,01,eftergymnasial (25–64),51.13909436185714,TAB5956,procent,Stockholms län
2018,01,eftergymnasial (25–64),51.83971135401379,TAB5956,procent,Stockholms län
2019,01,eftergymnasial (25–64),52.36276710043069,TAB5956,procent,Stockholms län
2020,01,eftergymnasial (25–64),53.095090829954415,TAB5956,procent,Stockholms län
2021,01,eftergymnasial (25–64),53.71635812116336,TAB5956,procent,Stockholms län
2022,01,eftergymnasial (25–64),54.93622680106686,TAB5956,procent,Stockholms län
2023,01,eftergymnasial (25–64),55.451287288583856,TAB5956,procent,Stockholms län
2015,03,eftergymnasial (25–64),46.323980245922655,TAB5956,procent,Uppsala län
2016,03,eftergymnasial (25–64),46.65881339201475,TAB5956,procent,Uppsala län
2017,03,eftergymnasial (25–64),46.928472144557524,TAB5956,procent,Uppsala län
2018,03,eftergymnasial (25–64),47.439599400562884,TAB5956,procent,Uppsala län
2019,03,eftergymnasial (25–64),47.87028123143729,TAB5956,procent,Uppsala län
2020,03,eftergymnasial (25–64),48.40729827972014,TAB5956,procent,Uppsala län
2021,03,eftergymnasial (25–64),49.051996624438864,TAB5956,procent,Uppsala län
2022,03,eftergymnasial (25–64),50.01208319154078,TAB5956,procent,Uppsala län
2023,03,eftergymnasial (25–64),50.39477161873183,TAB5956,procent,Uppsala län
2015,04,eftergymnasial (25–64),32.813465214136734,TAB5956,procent,Södermanlands län
2016,04,eftergymnasial (25–64),33.11957697736571,TAB5956,procent,Södermanlands län
2017,04,eftergymnasial (25–64),33.52101275888756,TAB5956,procent,Södermanlands län
2018,04,eftergymnasial (25–64),34.03168222197234,TAB5956,procent,Södermanlands län
2019,04,eftergymnasial (25–64),34.48011699979107,TAB5956,procent,Södermanlands län
2020,04,eftergymnasial (25–64),34.96991976295804,TAB5956,procent,Södermanlands län
2021,04,eftergymnasial (25–64),35.645013849463545,TAB5956,procent,Södermanlands län
2022,04,eftergymnasial (25–64),36.79981351214228,TAB5956,procent,Södermanlands län
2023,04,eftergymnasial (25–64),37.293080782335736,TAB5956,procent,Södermanlands län
2015,05,eftergymnasial (25–64),39.55230984727945,TAB5956,procent,Östergötlands län
2016,05,eftergymnasial (25–64),40.16025084289806,TAB5956,procent,Östergötlands län
2017,05,eftergymnasial (25–64),40.75160628724764,TAB5956,procent,Östergötlands län
2018,05,eftergymnasial (25–64),41.37695741176164,TAB5956,procent,Östergötlands län
2019,05,eftergymnasial (25–64),42.02902294026234,TAB5956,procent,Östergötlands län
2020,05,eftergymnasial (25–64),42.68381106835022,TAB5956,procent,Östergötlands län
2021,05,eftergymnasial (25–64),43.32376458307486,TAB5956,procent,Östergötlands län
2022,05,eftergymnasial (25–64),44.3248824528318,TAB5956,procent,Östergötlands län
2023,05,eftergymnasial (25–64),44.69058149879089,TAB5956,procent,Östergötlands län
2015,06,eftergymnasial (25–64),34.19709784508546,TAB5956,procent,Jönköpings län
2016,06,eftergymnasial (25–64),34.80300675421922,TAB5956,procent,Jönköpings län
2017,06,eftergymnasial (25–64),35.35875999406914,TAB5956,procent,Jönköpings län
2018,06,eftergymnasial (25–64),36.03577692433496,TAB5956,procent,Jönköpings län
2019,06,eftergymnasial (25–64),36.61651191408435,TAB5956,procent,Jönköpings län
2020,06,eftergymnasial (25–64),37.28533059923549,TAB5956,procent,Jönköpings län
2021,06,eftergymnasial (25–64),37.98852327225349,TAB5956,procent,Jönköpings län
2022,06,eftergymnasial (25–64),39.04125463535229,TAB5956,procent,Jönköpings län
2023,06,eftergymnasial (25–64),39.40788762830902,TAB5956,procent,Jönköpings län
2015,07,eftergymnasial (25–64),37.06744303038736,TAB5956,procent,Kronobergs län
2016,07,eftergymnasial (25–64),37.61887691626426,TAB5956,procent,Kronobergs län
2017,07,eftergymnasial (25–64),38.08392304978521,TAB5956,procent,Kronobergs län
2018,07,eftergymnasial (25–64),38.70296105601083,TAB5956,procent,Kronobergs län
2019,07,eftergymnasial (25–64),39.21768361006418,TAB5956,procent,Kronobergs län
2020,07,eftergymnasial (25–64),39.6916013164845,TAB5956,procent,Kronobergs län
2021,07,eftergymnasial (25–64),40.29260577303282,TAB5956,procent,Kronobergs län
2022,07,eftergymnasial (25–64),41.08486474492163,TAB5956,procent,Kronobergs län
2023,07,eftergymnasial (25–64),41.34826329948281,TAB5956,procent,Kronobergs län
2015,08,eftergymnasial (25–64),33.64529183965391,TAB5956,procent,Kalmar län
2016,08,eftergymnasial (25–64),34.04173206061697,TAB5956,procent,Kalmar län
2017,08,eftergymnasial (25–64),34.60445104617512,TAB5956,procent,Kalmar län
2018,08,eftergymnasial (25–64),35.20408596850541,TAB5956,procent,Kalmar län
2019,08,eftergymnasial (25–64),35.60271271713635,TAB5956,procent,Kalmar län
2020,08,eftergymnasial (25–64),36.15355817989994,TAB5956,procent,Kalmar län
2021,08,eftergymnasial (25–64),36.790977545851675,TAB5956,procent,Kalmar län
2022,08,eftergymnasial (25–64),37.70741115198681,TAB5956,procent,Kalmar län
2023,08,eftergymnasial (25–64),38.089484079033994,TAB5956,procent,Kalmar län
2015,09,eftergymnasial (25–64),33.60740345257163,TAB5956,procent,Gotlands län
2016,09,eftergymnasial (25–64),34.00246522275049,TAB5956,procent,Gotlands län
2017,09,eftergymnasial (25–64),34.799047752415625,TAB5956,procent,Gotlands län
2018,09,eftergymnasial (25–64),35.34767348924488,TAB5956,procent,Gotlands län
2019,09,eftergymnasial (25–64),36.18361836183618,TAB5956,procent,Gotlands län
2020,09,eftergymnasial (25–64),37.14601083094754,TAB5956,procent,Gotlands län
2021,09,eftergymnasial (25–64),38.09278880773583,TAB5956,procent,Gotlands län
2022,09,eftergymnasial (25–64),39.04932364988125,TAB5956,procent,Gotlands län
2023,09,eftergymnasial (25–64),39.47065981611682,TAB5956,procent,Gotlands län
2015,10,eftergymnasial (25–64),37.60505035799839,TAB5956,procent,Blekinge län
2016,10,eftergymnasial (25–64),38.06103894404981,TAB5956,procent,Blekinge län
2017,10,eftergymnasial (25–64),38.55456190364614,TAB5956,procent,Blekinge län
2018,10,eftergymnasial (25–64),39.05072078267526,TAB5956,procent,Blekinge län
2019,10,eftergymnasial (25–64),39.60441103799839,TAB5956,procent,Blekinge län
2020,10,eftergymnasial (25–64),40.14591871361821,TAB5956,procent,Blekinge län
2021,10,eftergymnasial (25–64),40.77560733244424,TAB5956,procent,Blekinge län
2022,10,eftergymnasial (25–64),41.622648928501214,TAB5956,procent,Blekinge län
2023,10,eftergymnasial (25–64),41.922892998849726,TAB5956,procent,Blekinge län
2015,12,eftergymnasial (25–64),42.47029374509922,TAB5956,procent,Skåne län
2016,12,eftergymnasial (25–64),42.96799770914103,TAB5956,procent,Skåne län
2017,12,eftergymnasial (25–64),43.35941552511416,TAB5956,procent,Skåne län
2018,12,eftergymnasial (25–64),44.030995679984315,TAB5956,procent,Skåne län
2019,12,eftergymnasial (25–64),44.605579938108384,TAB5956,procent,Skåne län
2020,12,eftergymnasial (25–64),45.35419649457056,TAB5956,procent,Skåne län
2021,12,eftergymnasial (25–64),46.010245054413716,TAB5956,procent,Skåne län
2022,12,eftergymnasial (25–64),47.16417246855448,TAB5956,procent,Skåne län
2023,12,eftergymnasial (25–64),47.65048985978052,TAB5956,procent,Skåne län
2015,13,eftergymnasial (25–64),38.69819723459287,TAB5956,procent,Hallands län
2016,13,eftergymnasial (25–64),39.29347168345085,TAB5956,procent,Hallands län
2017,13,eftergymnasial (25–64),39.858845671267254,TAB5956,procent,Hallands län
2018,13,eftergymnasial (25–64),40.33446308080276,TAB5956,procent,Hallands län
2019,13,eftergymnasial (25–64),40.81280727930925,TAB5956,procent,Hallands län
2020,13,eftergymnasial (25–64),41.50618063482041,TAB5956,procent,Hallands län
2021,13,eftergymnasial (25–64),42.2087900829833,TAB5956,procent,Hallands län
2022,13,eftergymnasial (25–64),43.36000096027464,TAB5956,procent,Hallands län
2023,13,eftergymnasial (25–64),43.84989086812645,TAB5956,procent,Hallands län
2015,14,eftergymnasial (25–64),41.61196086276162,TAB5956,procent,Västra Götalands län
2016,14,eftergymnasial (25–64),42.212691309072994,TAB5956,procent,Västra Götalands län
2017,14,eftergymnasial (25–64),42.75386460554371,TAB5956,procent,Västra Götalands län
2018,14,eftergymnasial (25–64),43.53259784797953,TAB5956,procent,Västra Götalands län
2019,14,eftergymnasial (25–64),44.17215757745689,TAB5956,procent,Västra Götalands län
2020,14,eftergymnasial (25–64),44.85045978037675,TAB5956,procent,Västra Götalands län
2021,14,eftergymnasial (25–64),45.50123587531342,TAB5956,procent,Västra Götalands län
2022,14,eftergymnasial (25–64),46.66679185965719,TAB5956,procent,Västra Götalands län
2023,14,eftergymnasial (25–64),47.20999749997845,TAB5956,procent,Västra Götalands län
2015,17,eftergymnasial (25–64),34.641341146315625,TAB5956,procent,Värmlands län
2016,17,eftergymnasial (25–64),35.04700266494861,TAB5956,procent,Värmlands län
2017,17,eftergymnasial (25–64),35.5149111744509,TAB5956,procent,Värmlands län
2018,17,eftergymnasial (25–64),35.994360096227226,TAB5956,procent,Värmlands län
2019,17,eftergymnasial (25–64),36.58973930845233,TAB5956,procent,Värmlands län
2020,17,eftergymnasial (25–64),37.27999767558419,TAB5956,procent,Värmlands län
2021,17,eftergymnasial (25–64),38.040425500953155,TAB5956,procent,Värmlands län
2022,17,eftergymnasial (25–64),39.12163588582577,TAB5956,procent,Värmlands län
2023,17,eftergymnasial (25–64),39.632857803550465,TAB5956,procent,Värmlands län
2015,18,eftergymnasial (25–64),35.71743774734704,TAB5956,procent,Örebro län
2016,18,eftergymnasial (25–64),36.06801084190729,TAB5956,procent,Örebro län
2017,18,eftergymnasial (25–64),36.439729858789825,TAB5956,procent,Örebro län
2018,18,eftergymnasial (25–64),37.16175626877257,TAB5956,procent,Örebro län
2019,18,eftergymnasial (25–64),37.77208278409357,TAB5956,procent,Örebro län
2020,18,eftergymnasial (25–64),38.27455482286355,TAB5956,procent,Örebro län
2021,18,eftergymnasial (25–64),38.88023744875685,TAB5956,procent,Örebro län
2022,18,eftergymnasial (25–64),39.730675502493376,TAB5956,procent,Örebro län
2023,18,eftergymnasial (25–64),40.22564927692318,TAB5956,procent,Örebro län
2015,19,eftergymnasial (25–64),35.9965655497037,TAB5956,procent,Västmanlands län
2016,19,eftergymnasial (25–64),36.36996669694217,TAB5956,procent,Västmanlands län
2017,19,eftergymnasial (25–64),36.79136078147288,TAB5956,procent,Västmanlands län
2018,19,eftergymnasial (25–64),37.30323817953825,TAB5956,procent,Västmanlands län
2019,19,eftergymnasial (25–64),37.809716569608135,TAB5956,procent,Västmanlands län
2020,19,eftergymnasial (25–64),38.33584003603839,TAB5956,procent,Västmanlands län
2021,19,eftergymnasial (25–64),38.965726330378544,TAB5956,procent,Västmanlands län
2022,19,eftergymnasial (25–64),40.129505595876495,TAB5956,procent,Västmanlands län
2023,19,eftergymnasial (25–64),40.606354153504896,TAB5956,procent,Västmanlands län
2015,20,eftergymnasial (25–64),32.07185786936134,TAB5956,procent,Dalarnas län
2016,20,eftergymnasial (25–64),32.46933194048474,TAB5956,procent,Dalarnas län
2017,20,eftergymnasial (25–64),32.83816102252119,TAB5956,procent,Dalarnas län
2018,20,eftergymnasial (25–64),33.263702664999386,TAB5956,procent,Dalarnas län
2019,20,eftergymnasial (25–64),33.71242539338036,TAB5956,procent,Dalarnas län
2020,20,eftergymnasial (25–64),34.20186227301735,TAB5956,procent,Dalarnas län
2021,20,eftergymnasial (25–64),34.896962926963724,TAB5956,procent,Dalarnas län
2022,20,eftergymnasial (25–64),35.791497916727366,TAB5956,procent,Dalarnas län
2023,20,eftergymnasial (25–64),36.16612642972398,TAB5956,procent,Dalarnas län
2015,21,eftergymnasial (25–64),31.803789406258417,TAB5956,procent,Gävleborgs län
2016,21,eftergymnasial (25–64),32.21366788860001,TAB5956,procent,Gävleborgs län
2017,21,eftergymnasial (25–64),32.37430187624121,TAB5956,procent,Gävleborgs län
2018,21,eftergymnasial (25–64),33.00667417003004,TAB5956,procent,Gävleborgs län
2019,21,eftergymnasial (25–64),33.536541633794734,TAB5956,procent,Gävleborgs län
2020,21,eftergymnasial (25–64),34.13008223424561,TAB5956,procent,Gävleborgs län
2021,21,eftergymnasial (25–64),34.70629651981493,TAB5956,procent,Gävleborgs län
2022,21,eftergymnasial (25–64),35.63470372320096,TAB5956,procent,Gävleborgs län
2023,21,eftergymnasial (25–64),36.04285349885214,TAB5956,procent,Gävleborgs län
2015,22,eftergymnasial (25–64),34.966243133308176,TAB5956,procent,Västernorrlands län
2016,22,eftergymnasial (25–64),35.27123712113009,TAB5956,procent,Västernorrlands län
2017,22,eftergymnasial (25–64),35.70505498536781,TAB5956,procent,Västernorrlands län
2018,22,eftergymnasial (25–64),36.26493215131805,TAB5956,procent,Västernorrlands län
2019,22,eftergymnasial (25–64),36.74998531645145,TAB5956,procent,Västernorrlands län
2020,22,eftergymnasial (25–64),37.38215488215488,TAB5956,procent,Västernorrlands län
2021,22,eftergymnasial (25–64),38.00098165323946,TAB5956,procent,Västernorrlands län
2022,22,eftergymnasial (25–64),39.041754203914294,TAB5956,procent,Västernorrlands län
2023,22,eftergymnasial (25–64),39.48185490601943,TAB5956,procent,Västernorrlands län
2015,23,eftergymnasial (25–64),35.75448469926135,TAB5956,procent,Jämtlands län
2016,23,eftergymnasial (25–64),36.113965879804574,TAB5956,procent,Jämtlands län
2017,23,eftergymnasial (25–64),36.74963167298831,TAB5956,procent,Jämtlands län
2018,23,eftergymnasial (25–64),37.282861922854416,TAB5956,procent,Jämtlands län
2019,23,eftergymnasial (25–64),37.87161581603162,TAB5956,procent,Jämtlands län
2020,23,eftergymnasial (25–64),38.54650257049385,TAB5956,procent,Jämtlands län
2021,23,eftergymnasial (25–64),39.375930983118174,TAB5956,procent,Jämtlands län
2022,23,eftergymnasial (25–64),40.57468417141442,TAB5956,procent,Jämtlands län
2023,23,eftergymnasial (25–64),41.18839746402578,TAB5956,procent,Jämtlands län
2015,24,eftergymnasial (25–64),43.18835920516825,TAB5956,procent,Västerbottens län
2016,24,eftergymnasial (25–64),43.59872057589208,TAB5956,procent,Västerbottens län
2017,24,eftergymnasial (25–64),43.952530697813714,TAB5956,procent,Västerbottens län
2018,24,eftergymnasial (25–64),44.448576443637876,TAB5956,procent,Västerbottens län
2019,24,eftergymnasial (25–64),44.92551107167942,TAB5956,procent,Västerbottens län
2020,24,eftergymnasial (25–64),45.40754145584814,TAB5956,procent,Västerbottens län
2021,24,eftergymnasial (25–64),46.00624852629097,TAB5956,procent,Västerbottens län
2022,24,eftergymnasial (25–64),46.77822305905797,TAB5956,procent,Västerbottens län
2023,24,eftergymnasial (25–64),47.163022615076244,TAB5956,procent,Västerbottens län
2015,25,eftergymnasial (25–64),35.415789644117744,TAB5956,procent,Norrbottens län
2016,25,eftergymnasial (25–64),35.62080428608314,TAB5956,procent,Norrbottens län
2017,25,eftergymnasial (25–64),35.91270640760112,TAB5956,procent,Norrbottens län
2018,25,eftergymnasial (25–64),36.39610889268676,TAB5956,procent,Norrbottens län
2019,25,eftergymnasial (25–64),36.757187329816546,TAB5956,procent,Norrbottens län
2020,25,eftergymnasial (25–64),37.32362200871083,TAB5956,procent,Norrbottens län
2021,25,eftergymnasial (25–64),37.845826339706065,TAB5956,procent,Norrbottens län
2022,25,eftergymnasial (25–64),38.68672578018326,TAB5956,procent,Norrbottens län
2023,25,eftergymnasial (25–64),39.03248144032723,TAB5956,procent,Norrbottens län
2015,00,förgymnasial (25–64),12.2596938690947,TAB5956,procent,Riket
2016,00,förgymnasial (25–64),11.989811913920185,TAB5956,procent,Riket
2017,00,förgymnasial (25–64),11.686147715767339,TAB5956,procent,Riket
2018,00,förgymnasial (25–64),11.35661167819391,TAB5956,procent,Riket
2019,00,förgymnasial (25–64),11.009538792360088,TAB5956,procent,Riket
2020,00,förgymnasial (25–64),10.723470189269356,TAB5956,procent,Riket
2021,00,förgymnasial (25–64),10.376542339347612,TAB5956,procent,Riket
2022,00,förgymnasial (25–64),10.04114438166664,TAB5956,procent,Riket
2023,00,förgymnasial (25–64),9.886851673593402,TAB5956,procent,Riket
2015,01,förgymnasial (25–64),10.889404588141106,TAB5956,procent,Stockholms län
2016,01,förgymnasial (25–64),10.640445041267965,TAB5956,procent,Stockholms län
2017,01,förgymnasial (25–64),10.34668089273913,TAB5956,procent,Stockholms län
2018,01,förgymnasial (25–64),10.046125778802795,TAB5956,procent,Stockholms län
2019,01,förgymnasial (25–64),9.724133472482613,TAB5956,procent,Stockholms län
2020,01,förgymnasial (25–64),9.468994112661214,TAB5956,procent,Stockholms län
2021,01,förgymnasial (25–64),9.150939183702198,TAB5956,procent,Stockholms län
2022,01,förgymnasial (25–64),8.853070802702181,TAB5956,procent,Stockholms län
2023,01,förgymnasial (25–64),8.713722433298509,TAB5956,procent,Stockholms län
2015,03,förgymnasial (25–64),10.611127832959879,TAB5956,procent,Uppsala län
2016,03,förgymnasial (25–64),10.427403565604838,TAB5956,procent,Uppsala län
2017,03,förgymnasial (25–64),10.266119197115666,TAB5956,procent,Uppsala län
2018,03,förgymnasial (25–64),10.055192075733762,TAB5956,procent,Uppsala län
2019,03,förgymnasial (25–64),9.808791298826325,TAB5956,procent,Uppsala län
2020,03,förgymnasial (25–64),9.59823010641637,TAB5956,procent,Uppsala län
2021,03,förgymnasial (25–64),9.295776054488348,TAB5956,procent,Uppsala län
2022,03,förgymnasial (25–64),9.014060889421536,TAB5956,procent,Uppsala län
2023,03,förgymnasial (25–64),8.889209255388163,TAB5956,procent,Uppsala län
2015,04,förgymnasial (25–64),15.322785776059419,TAB5956,procent,Södermanlands län
2016,04,förgymnasial (25–64),15.082361876374788,TAB5956,procent,Södermanlands län
2017,04,förgymnasial (25–64),14.814367771206237,TAB5956,procent,Södermanlands län
2018,04,förgymnasial (25–64),14.497357472169123,TAB5956,procent,Södermanlands län
2019,04,förgymnasial (25–64),14.240545999025002,TAB5956,procent,Södermanlands län
2020,04,förgymnasial (25–64),14.01136749119054,TAB5956,procent,Södermanlands län
2021,04,förgymnasial (25–64),13.630209013492058,TAB5956,procent,Södermanlands län
2022,04,förgymnasial (25–64),13.221440618700893,TAB5956,procent,Södermanlands län
2023,04,förgymnasial (25–64),12.951734499503662,TAB5956,procent,Södermanlands län
2015,05,förgymnasial (25–64),12.879931459344784,TAB5956,procent,Östergötlands län
2016,05,förgymnasial (25–64),12.523883967344103,TAB5956,procent,Östergötlands län
2017,05,förgymnasial (25–64),12.22886354353774,TAB5956,procent,Östergötlands län
2018,05,förgymnasial (25–64),11.898977343352731,TAB5956,procent,Östergötlands län
2019,05,förgymnasial (25–64),11.525663046332529,TAB5956,procent,Östergötlands län
2020,05,förgymnasial (25–64),11.265279154278163,TAB5956,procent,Östergötlands län
2021,05,förgymnasial (25–64),10.95286784429319,TAB5956,procent,Östergötlands län
2022,05,förgymnasial (25–64),10.683352248969596,TAB5956,procent,Östergötlands län
2023,05,förgymnasial (25–64),10.589183612952267,TAB5956,procent,Östergötlands län
2015,06,förgymnasial (25–64),15.003460532335449,TAB5956,procent,Jönköpings län
2016,06,förgymnasial (25–64),14.524749100111512,TAB5956,procent,Jönköpings län
2017,06,förgymnasial (25–64),14.02078082051165,TAB5956,procent,Jönköpings län
2018,06,förgymnasial (25–64),13.597938202468969,TAB5956,procent,Jönköpings län
2019,06,förgymnasial (25–64),13.105492784427788,TAB5956,procent,Jönköpings län
2020,06,förgymnasial (25–64),12.737515462883508,TAB5956,procent,Jönköpings län
2021,06,förgymnasial (25–64),12.339977268317023,TAB5956,procent,Jönköpings län
2022,06,förgymnasial (25–64),11.970245452940137,TAB5956,procent,Jönköpings län
2023,06,förgymnasial (25–64),11.835764451647758,TAB5956,procent,Jönköpings län
2015,07,förgymnasial (25–64),13.469339698374132,TAB5956,procent,Kronobergs län
2016,07,förgymnasial (25–64),13.0843683444742,TAB5956,procent,Kronobergs län
2017,07,förgymnasial (25–64),12.717122875464337,TAB5956,procent,Kronobergs län
2018,07,förgymnasial (25–64),12.328331572631514,TAB5956,procent,Kronobergs län
2019,07,förgymnasial (25–64),11.914026688397678,TAB5956,procent,Kronobergs län
2020,07,förgymnasial (25–64),11.603551257567755,TAB5956,procent,Kronobergs län
2021,07,förgymnasial (25–64),11.21655463292474,TAB5956,procent,Kronobergs län
2022,07,förgymnasial (25–64),10.835535472938899,TAB5956,procent,Kronobergs län
2023,07,förgymnasial (25–64),10.677308238283848,TAB5956,procent,Kronobergs län
2015,08,förgymnasial (25–64),14.11750340159788,TAB5956,procent,Kalmar län
2016,08,förgymnasial (25–64),13.860944588811417,TAB5956,procent,Kalmar län
2017,08,förgymnasial (25–64),13.506799498040822,TAB5956,procent,Kalmar län
2018,08,förgymnasial (25–64),13.125578944684756,TAB5956,procent,Kalmar län
2019,08,förgymnasial (25–64),12.720535744637454,TAB5956,procent,Kalmar län
2020,08,förgymnasial (25–64),12.326855664840213,TAB5956,procent,Kalmar län
2021,08,förgymnasial (25–64),11.943533171287246,TAB5956,procent,Kalmar län
2022,08,förgymnasial (25–64),11.5801904826637,TAB5956,procent,Kalmar län
2023,08,förgymnasial (25–64),11.42342852857107,TAB5956,procent,Kalmar län
2015,09,förgymnasial (25–64),13.255027584979533,TAB5956,procent,Gotlands län
2016,09,förgymnasial (25–64),12.921288959323824,TAB5956,procent,Gotlands län
2017,09,förgymnasial (25–64),12.358213135415207,TAB5956,procent,Gotlands län
2018,09,förgymnasial (25–64),11.960941029294228,TAB5956,procent,Gotlands län
2019,09,förgymnasial (25–64),11.555770961711556,TAB5956,procent,Gotlands län
2020,09,förgymnasial (25–64),11.062053740816115,TAB5956,procent,Gotlands län
2021,09,förgymnasial (25–64),10.544182697253369,TAB5956,procent,Gotlands län
2022,09,förgymnasial (25–64),10.01617733108457,TAB5956,procent,Gotlands län
2023,09,förgymnasial (25–64),9.981746890210925,TAB5956,procent,Gotlands län
2015,10,förgymnasial (25–64),12.68942151166638,TAB5956,procent,Blekinge län
2016,10,förgymnasial (25–64),12.249650066062294,TAB5956,procent,Blekinge län
2017,10,förgymnasial (25–64),11.871753817315577,TAB5956,procent,Blekinge län
2018,10,förgymnasial (25–64),11.420934487277634,TAB5956,procent,Blekinge län
2019,10,förgymnasial (25–64),10.917058961221358,TAB5956,procent,Blekinge län
2020,10,förgymnasial (25–64),10.497533216737581,TAB5956,procent,Blekinge län
2021,10,förgymnasial (25–64),10.067728354384037,TAB5956,procent,Blekinge län
2022,10,förgymnasial (25–64),9.737204272888132,TAB5956,procent,Blekinge län
2023,10,förgymnasial (25–64),9.555012730539078,TAB5956,procent,Blekinge län
2015,12,förgymnasial (25–64),12.803999034923699,TAB5956,procent,Skåne län
2016,12,förgymnasial (25–64),12.538446815424129,TAB5956,procent,Skåne län
2017,12,förgymnasial (25–64),12.28683105022831,TAB5956,procent,Skåne län
2018,12,förgymnasial (25–64),11.962953990967764,TAB5956,procent,Skåne län
2019,12,förgymnasial (25–64),11.623992051873783,TAB5956,procent,Skåne län
2020,12,förgymnasial (25–64),11.313709222634769,TAB5956,procent,Skåne län
2021,12,förgymnasial (25–64),10.954219602951584,TAB5956,procent,Skåne län
2022,12,förgymnasial (25–64),10.571917241992562,TAB5956,procent,Skåne län
2023,12,förgymnasial (25–64),10.401215904376334,TAB5956,procent,Skåne län
2015,13,förgymnasial (25–64),12.190868840875648,TAB5956,procent,Hallands län
2016,13,förgymnasial (25–64),11.79351945628149,TAB5956,procent,Hallands län
2017,13,förgymnasial (25–64),11.378293601003763,TAB5956,procent,Hallands län
2018,13,förgymnasial (25–64),10.931700879220289,TAB5956,procent,Hallands län
2019,13,förgymnasial (25–64),10.539833182496393,TAB5956,procent,Hallands län
2020,13,förgymnasial (25–64),10.144619569176967,TAB5956,procent,Hallands län
2021,13,förgymnasial (25–64),9.715132851624412,TAB5956,procent,Hallands län
2022,13,förgymnasial (25–64),9.342271889760472,TAB5956,procent,Hallands län
2023,13,förgymnasial (25–64),9.245112534910465,TAB5956,procent,Hallands län
2015,14,förgymnasial (25–64),12.709777917715211,TAB5956,procent,Västra Götalands län
2016,14,förgymnasial (25–64),12.395791229514975,TAB5956,procent,Västra Götalands län
2017,14,förgymnasial (25–64),12.014511800602897,TAB5956,procent,Västra Götalands län
2018,14,förgymnasial (25–64),11.621318792981437,TAB5956,procent,Västra Götalands län
2019,14,förgymnasial (25–64),11.224786204962848,TAB5956,procent,Västra Götalands län
2020,14,förgymnasial (25–64),10.904829925899474,TAB5956,procent,Västra Götalands län
2021,14,förgymnasial (25–64),10.550659763859935,TAB5956,procent,Västra Götalands län
2022,14,förgymnasial (25–64),10.199067901364124,TAB5956,procent,Västra Götalands län
2023,14,förgymnasial (25–64),10.042004672454073,TAB5956,procent,Västra Götalands län
2015,17,förgymnasial (25–64),11.725399847394973,TAB5956,procent,Värmlands län
2016,17,förgymnasial (25–64),11.433654493806191,TAB5956,procent,Värmlands län
2017,17,förgymnasial (25–64),11.262656820650392,TAB5956,procent,Värmlands län
2018,17,förgymnasial (25–64),10.992724814849808,TAB5956,procent,Värmlands län
2019,17,förgymnasial (25–64),10.687554900580041,TAB5956,procent,Värmlands län
2020,17,förgymnasial (25–64),10.429363182706346,TAB5956,procent,Värmlands län
2021,17,förgymnasial (25–64),10.080181609161949,TAB5956,procent,Värmlands län
2022,17,förgymnasial (25–64),9.771491384519068,TAB5956,procent,Värmlands län
2023,17,förgymnasial (25–64),9.600483830801522,TAB5956,procent,Värmlands län
2015,18,förgymnasial (25–64),13.332399397611459,TAB5956,procent,Örebro län
2016,18,förgymnasial (25–64),13.171396172142936,TAB5956,procent,Örebro län
2017,18,förgymnasial (25–64),12.968824612865816,TAB5956,procent,Örebro län
2018,18,förgymnasial (25–64),12.661064425770308,TAB5956,procent,Örebro län
2019,18,förgymnasial (25–64),12.412930163467136,TAB5956,procent,Örebro län
2020,18,förgymnasial (25–64),12.145259898016391,TAB5956,procent,Örebro län
2021,18,förgymnasial (25–64),11.753314167065964,TAB5956,procent,Örebro län
2022,18,förgymnasial (25–64),11.418402512632886,TAB5956,procent,Örebro län
2023,18,förgymnasial (25–64),11.224721506750663,TAB5956,procent,Örebro län
2015,19,förgymnasial (25–64),13.506282437539769,TAB5956,procent,Västmanlands län
2016,19,förgymnasial (25–64),13.380260369361187,TAB5956,procent,Västmanlands län
2017,19,förgymnasial (25–64),13.163456583595343,TAB5956,procent,Västmanlands län
2018,19,förgymnasial (25–64),12.88485653168105,TAB5956,procent,Västmanlands län
2019,19,förgymnasial (25–64),12.59398358894921,TAB5956,procent,Västmanlands län
2020,19,förgymnasial (25–64),12.420893548691792,TAB5956,procent,Västmanlands län
2021,19,förgymnasial (25–64),12.163254699275258,TAB5956,procent,Västmanlands län
2022,19,förgymnasial (25–64),11.829948527986561,TAB5956,procent,Västmanlands län
2023,19,förgymnasial (25–64),11.670106276937764,TAB5956,procent,Västmanlands län
2015,20,förgymnasial (25–64),13.706712458446162,TAB5956,procent,Dalarnas län
2016,20,förgymnasial (25–64),13.530218285490434,TAB5956,procent,Dalarnas län
2017,20,förgymnasial (25–64),13.254047961388121,TAB5956,procent,Dalarnas län
2018,20,förgymnasial (25–64),12.93829373540828,TAB5956,procent,Dalarnas län
2019,20,förgymnasial (25–64),12.56140350877193,TAB5956,procent,Dalarnas län
2020,20,förgymnasial (25–64),12.248361083715263,TAB5956,procent,Dalarnas län
2021,20,förgymnasial (25–64),11.832761509614617,TAB5956,procent,Dalarnas län
2022,20,förgymnasial (25–64),11.463098394568922,TAB5956,procent,Dalarnas län
2023,20,förgymnasial (25–64),11.252159757821536,TAB5956,procent,Dalarnas län
2015,21,förgymnasial (25–64),14.542556211467213,TAB5956,procent,Gävleborgs län
2016,21,förgymnasial (25–64),14.374401336684647,TAB5956,procent,Gävleborgs län
2017,21,förgymnasial (25–64),14.047074511940695,TAB5956,procent,Gävleborgs län
2018,21,förgymnasial (25–64),13.744775723513008,TAB5956,procent,Gävleborgs län
2019,21,förgymnasial (25–64),13.338592842286452,TAB5956,procent,Gävleborgs län
2020,21,förgymnasial (25–64),12.949382166793438,TAB5956,procent,Gävleborgs län
2021,21,förgymnasial (25–64),12.487427077046872,TAB5956,procent,Gävleborgs län
2022,21,förgymnasial (25–64),12.071738142798422,TAB5956,procent,Gävleborgs län
2023,21,förgymnasial (25–64),11.81234588895502,TAB5956,procent,Gävleborgs län
2015,22,förgymnasial (25–64),11.951188828783495,TAB5956,procent,Västernorrlands län
2016,22,förgymnasial (25–64),11.690723882026637,TAB5956,procent,Västernorrlands län
2017,22,förgymnasial (25–64),11.416446419489583,TAB5956,procent,Västernorrlands län
2018,22,förgymnasial (25–64),11.095205806273388,TAB5956,procent,Västernorrlands län
2019,22,förgymnasial (25–64),10.831424472021547,TAB5956,procent,Västernorrlands län
2020,22,förgymnasial (25–64),10.556397306397306,TAB5956,procent,Västernorrlands län
2021,22,förgymnasial (25–64),10.236273779703472,TAB5956,procent,Västernorrlands län
2022,22,förgymnasial (25–64),9.848684602233583,TAB5956,procent,Västernorrlands län
2023,22,förgymnasial (25–64),9.706874102760992,TAB5956,procent,Västernorrlands län
2015,23,förgymnasial (25–64),10.537844146708023,TAB5956,procent,Jämtlands län
2016,23,förgymnasial (25–64),10.379938969437285,TAB5956,procent,Jämtlands län
2017,23,förgymnasial (25–64),10.209711294316792,TAB5956,procent,Jämtlands län
2018,23,förgymnasial (25–64),9.977015807495661,TAB5956,procent,Jämtlands län
2019,23,förgymnasial (25–64),9.543672181343831,TAB5956,procent,Jämtlands län
2020,23,förgymnasial (25–64),9.270914472659292,TAB5956,procent,Jämtlands län
2021,23,förgymnasial (25–64),8.855201092353525,TAB5956,procent,Jämtlands län
2022,23,förgymnasial (25–64),8.490215506564281,TAB5956,procent,Jämtlands län
2023,23,förgymnasial (25–64),8.384148648035225,TAB5956,procent,Jämtlands län
2015,24,förgymnasial (25–64),8.70610207893206,TAB5956,procent,Västerbottens län
2016,24,förgymnasial (25–64),8.500003780804102,TAB5956,procent,Västerbottens län
2017,24,förgymnasial (25–64),8.305630428271938,TAB5956,procent,Västerbottens län
2018,24,förgymnasial (25–64),8.08838842114658,TAB5956,procent,Västerbottens län
2019,24,förgymnasial (25–64),7.83187312853499,TAB5956,procent,Västerbottens län
2020,24,förgymnasial (25–64),7.712818997673302,TAB5956,procent,Västerbottens län
2021,24,förgymnasial (25–64),7.453283423720821,TAB5956,procent,Västerbottens län
2022,24,förgymnasial (25–64),7.260445590616369,TAB5956,procent,Västerbottens län
2023,24,förgymnasial (25–64),7.122367889849776,TAB5956,procent,Västerbottens län
2015,25,förgymnasial (25–64),9.52365532204268,TAB5956,procent,Norrbottens län
2016,25,förgymnasial (25–64),9.404854118254583,TAB5956,procent,Norrbottens län
2017,25,förgymnasial (25–64),9.150837718697366,TAB5956,procent,Norrbottens län
2018,25,förgymnasial (25–64),8.936425267898365,TAB5956,procent,Norrbottens län
2019,25,förgymnasial (25–64),8.770289931642132,TAB5956,procent,Norrbottens län
2020,25,förgymnasial (25–64),8.636608322594327,TAB5956,procent,Norrbottens län
2021,25,förgymnasial (25–64),8.487329594301388,TAB5956,procent,Norrbottens län
2022,25,förgymnasial (25–64),8.334018786911676,TAB5956,procent,Norrbottens län
2023,25,förgymnasial (25–64),8.245164822777268,TAB5956,procent,Norrbottens län
2024,00,eftergymnasial ≥3 år (25–64),31.252759082636185,TAB6534,procent,Riket
2025,00,eftergymnasial ≥3 år (25–64),31.932705414436654,TAB6534,procent,Riket
2024,01,eftergymnasial ≥3 år (25–64),39.04978340951076,TAB6534,procent,Stockholms län
2025,01,eftergymnasial ≥3 år (25–64),39.79674543300705,TAB6534,procent,Stockholms län
2024,03,eftergymnasial ≥3 år (25–64),36.09370743666576,TAB6534,procent,Uppsala län
2025,03,eftergymnasial ≥3 år (25–64),36.82251255134642,TAB6534,procent,Uppsala län
2024,04,eftergymnasial ≥3 år (25–64),22.8025580503944,TAB6534,procent,Södermanlands län
2025,04,eftergymnasial ≥3 år (25–64),23.28029094448801,TAB6534,procent,Södermanlands län
2024,05,eftergymnasial ≥3 år (25–64),29.385955748699413,TAB6534,procent,Östergötlands län
2025,05,eftergymnasial ≥3 år (25–64),30.052599255505374,TAB6534,procent,Östergötlands län
2024,06,eftergymnasial ≥3 år (25–64),24.22290961608933,TAB6534,procent,Jönköpings län
2025,06,eftergymnasial ≥3 år (25–64),24.805807936216414,TAB6534,procent,Jönköpings län
2024,07,eftergymnasial ≥3 år (25–64),26.00665970876199,TAB6534,procent,Kronobergs län
2025,07,eftergymnasial ≥3 år (25–64),26.66593500882978,TAB6534,procent,Kronobergs län
2024,08,eftergymnasial ≥3 år (25–64),23.367594217431268,TAB6534,procent,Kalmar län
2025,08,eftergymnasial ≥3 år (25–64),23.966928260540776,TAB6534,procent,Kalmar län
2024,09,eftergymnasial ≥3 år (25–64),25.53307075920141,TAB6534,procent,Gotlands län
2025,09,eftergymnasial ≥3 år (25–64),26.15899695944792,TAB6534,procent,Gotlands län
2024,10,eftergymnasial ≥3 år (25–64),25.766114371786216,TAB6534,procent,Blekinge län
2025,10,eftergymnasial ≥3 år (25–64),26.219146662496417,TAB6534,procent,Blekinge län
2024,12,eftergymnasial ≥3 år (25–64),31.94277744850389,TAB6534,procent,Skåne län
2025,12,eftergymnasial ≥3 år (25–64),32.63753844827865,TAB6534,procent,Skåne län
2024,13,eftergymnasial ≥3 år (25–64),27.58624737354885,TAB6534,procent,Hallands län
2025,13,eftergymnasial ≥3 år (25–64),28.276530162923823,TAB6534,procent,Hallands län
2024,14,eftergymnasial ≥3 år (25–64),31.339470280073403,TAB6534,procent,Västra Götalands län
2025,14,eftergymnasial ≥3 år (25–64),31.994695375728124,TAB6534,procent,Västra Götalands län
2024,17,eftergymnasial ≥3 år (25–64),25.38234370987531,TAB6534,procent,Värmlands län
2025,17,eftergymnasial ≥3 år (25–64),26.074656582584904,TAB6534,procent,Värmlands län
2024,18,eftergymnasial ≥3 år (25–64),25.510316529134553,TAB6534,procent,Örebro län
2025,18,eftergymnasial ≥3 år (25–64),26.109559028475495,TAB6534,procent,Örebro län
2024,19,eftergymnasial ≥3 år (25–64),25.898232938474894,TAB6534,procent,Västmanlands län
2025,19,eftergymnasial ≥3 år (25–64),26.52928188413416,TAB6534,procent,Västmanlands län
2024,20,eftergymnasial ≥3 år (25–64),22.806048916199995,TAB6534,procent,Dalarnas län
2025,20,eftergymnasial ≥3 år (25–64),23.536271108359845,TAB6534,procent,Dalarnas län
2024,21,eftergymnasial ≥3 år (25–64),22.237133605998636,TAB6534,procent,Gävleborgs län
2025,21,eftergymnasial ≥3 år (25–64),22.754995042407035,TAB6534,procent,Gävleborgs län
2024,22,eftergymnasial ≥3 år (25–64),24.173764621228603,TAB6534,procent,Västernorrlands län
2025,22,eftergymnasial ≥3 år (25–64),24.767469191766562,TAB6534,procent,Västernorrlands län
2024,23,eftergymnasial ≥3 år (25–64),26.704124941471445,TAB6534,procent,Jämtlands län
2025,23,eftergymnasial ≥3 år (25–64),27.311700902866146,TAB6534,procent,Jämtlands län
2024,24,eftergymnasial ≥3 år (25–64),32.76587110000909,TAB6534,procent,Västerbottens län
2025,24,eftergymnasial ≥3 år (25–64),33.24358220376813,TAB6534,procent,Västerbottens län
2024,25,eftergymnasial ≥3 år (25–64),25.106799858670865,TAB6534,procent,Norrbottens län
2025,25,eftergymnasial ≥3 år (25–64),25.63286330152687,TAB6534,procent,Norrbottens län
2024,00,eftergymnasial (25–64),47.479440398901936,TAB6534,procent,Riket
2025,00,eftergymnasial (25–64),48.28032100529093,TAB6534,procent,Riket
2024,01,eftergymnasial (25–64),56.197531691240776,TAB6534,procent,Stockholms län
2025,01,eftergymnasial (25–64),57.029087529379694,TAB6534,procent,Stockholms län
2024,03,eftergymnasial (25–64),51.147686705185734,TAB6534,procent,Uppsala län
2025,03,eftergymnasial (25–64),51.93119580100411,TAB6534,procent,Uppsala län
2024,04,eftergymnasial (25–64),37.98072720181296,TAB6534,procent,Södermanlands län
2025,04,eftergymnasial (25–64),38.61639131492848,TAB6534,procent,Södermanlands län
2024,05,eftergymnasial (25–64),45.46894260702422,TAB6534,procent,Östergötlands län
2025,05,eftergymnasial (25–64),46.26311325760266,TAB6534,procent,Östergötlands län
2024,06,eftergymnasial (25–64),40.13547886443491,TAB6534,procent,Jönköpings län
2025,06,eftergymnasial (25–64),40.89809102989315,TAB6534,procent,Jönköpings län
2024,07,eftergymnasial (25–64),41.93727945927141,TAB6534,procent,Kronobergs län
2025,07,eftergymnasial (25–64),42.65631703399216,TAB6534,procent,Kronobergs län
2024,08,eftergymnasial (25–64),38.784992061502464,TAB6534,procent,Kalmar län
2025,08,eftergymnasial (25–64),39.46678542020266,TAB6534,procent,Kalmar län
2024,09,eftergymnasial (25–64),40.20440038027978,TAB6534,procent,Gotlands län
2025,09,eftergymnasial (25–64),40.85613747395033,TAB6534,procent,Gotlands län
2024,10,eftergymnasial (25–64),42.649197527658025,TAB6534,procent,Blekinge län
2025,10,eftergymnasial (25–64),43.22855579013215,TAB6534,procent,Blekinge län
2024,12,eftergymnasial (25–64),48.48579764461912,TAB6534,procent,Skåne län
2025,12,eftergymnasial (25–64),49.32732346112616,TAB6534,procent,Skåne län
2024,13,eftergymnasial (25–64),44.558110598537404,TAB6534,procent,Hallands län
2025,13,eftergymnasial (25–64),45.38441215323646,TAB6534,procent,Hallands län
2024,14,eftergymnasial (25–64),47.98013657714804,TAB6534,procent,Västra Götalands län
2025,14,eftergymnasial (25–64),48.815525897059814,TAB6534,procent,Västra Götalands län
2024,17,eftergymnasial (25–64),40.46138043199132,TAB6534,procent,Värmlands län
2025,17,eftergymnasial (25–64),41.28099351123716,TAB6534,procent,Värmlands län
2024,18,eftergymnasial (25–64),40.946540737811716,TAB6534,procent,Örebro län
2025,18,eftergymnasial (25–64),41.68843543588314,TAB6534,procent,Örebro län
2024,19,eftergymnasial (25–64),41.49304097006357,TAB6534,procent,Västmanlands län
2025,19,eftergymnasial (25–64),42.28787719482704,TAB6534,procent,Västmanlands län
2024,20,eftergymnasial (25–64),36.87931566078458,TAB6534,procent,Dalarnas län
2025,20,eftergymnasial (25–64),37.73159811698314,TAB6534,procent,Dalarnas län
2024,21,eftergymnasial (25–64),36.67916382640309,TAB6534,procent,Gävleborgs län
2025,21,eftergymnasial (25–64),37.34244484232001,TAB6534,procent,Gävleborgs län
2024,22,eftergymnasial (25–64),40.10525611205007,TAB6534,procent,Västernorrlands län
2025,22,eftergymnasial (25–64),40.77096135119707,TAB6534,procent,Västernorrlands län
2024,23,eftergymnasial (25–64),41.959309438579005,TAB6534,procent,Jämtlands län
2025,23,eftergymnasial (25–64),42.72556504877901,TAB6534,procent,Jämtlands län
2024,24,eftergymnasial (25–64),47.895631730305006,TAB6534,procent,Västerbottens län
2025,24,eftergymnasial (25–64),48.26083567749112,TAB6534,procent,Västerbottens län
2024,25,eftergymnasial (25–64),39.61070247004786,TAB6534,procent,Norrbottens län
2025,25,eftergymnasial (25–64),40.2025162564886,TAB6534,procent,Norrbottens län
2024,00,förgymnasial (25–64),9.571364570849603,TAB6534,procent,Riket
2025,00,förgymnasial (25–64),9.276108774619837,TAB6534,procent,Riket
2024,01,förgymnasial (25–64),8.424346970026846,TAB6534,procent,Stockholms län
2025,01,förgymnasial (25–64),8.171288878706989,TAB6534,procent,Stockholms län
2024,03,förgymnasial (25–64),8.608008716970852,TAB6534,procent,Uppsala län
2025,03,förgymnasial (25–64),8.307184694964247,TAB6534,procent,Uppsala län
2024,04,förgymnasial (25–64),12.611376734114735,TAB6534,procent,Södermanlands län
2025,04,förgymnasial (25–64),12.277938512289431,TAB6534,procent,Södermanlands län
2024,05,förgymnasial (25–64),10.274742494202203,TAB6534,procent,Östergötlands län
2025,05,förgymnasial (25–64),9.931608434263465,TAB6534,procent,Östergötlands län
2024,06,förgymnasial (25–64),11.53672048457675,TAB6534,procent,Jönköpings län
2025,06,förgymnasial (25–64),11.148623099942741,TAB6534,procent,Jönköpings län
2024,07,förgymnasial (25–64),10.333482431290692,TAB6534,procent,Kronobergs län
2025,07,förgymnasial (25–64),9.996108910594739,TAB6534,procent,Kronobergs län
2024,08,förgymnasial (25–64),11.026990891618619,TAB6534,procent,Kalmar län
2025,08,förgymnasial (25–64),10.634043053758381,TAB6534,procent,Kalmar län
2024,09,förgymnasial (25–64),9.581692245008828,TAB6534,procent,Gotlands län
2025,09,förgymnasial (25–64),9.200232311844488,TAB6534,procent,Gotlands län
2024,10,förgymnasial (25–64),9.238819924167663,TAB6534,procent,Blekinge län
2025,10,förgymnasial (25–64),8.958219303046889,TAB6534,procent,Blekinge län
2024,12,förgymnasial (25–64),10.10858837808683,TAB6534,procent,Skåne län
2025,12,förgymnasial (25–64),9.800742300917372,TAB6534,procent,Skåne län
2024,13,förgymnasial (25–64),8.934629244873285,TAB6534,procent,Hallands län
2025,13,förgymnasial (25–64),8.62527520915896,TAB6534,procent,Hallands län
2024,14,förgymnasial (25–64),9.706303263153824,TAB6534,procent,Västra Götalands län
2025,14,förgymnasial (25–64),9.402296310045847,TAB6534,procent,Västra Götalands län
2024,17,förgymnasial (25–64),9.25542842468685,TAB6534,procent,Värmlands län
2025,17,förgymnasial (25–64),9.004769885264922,TAB6534,procent,Värmlands län
2024,18,förgymnasial (25–64),10.805292123396448,TAB6534,procent,Örebro län
2025,18,förgymnasial (25–64),10.458084045814887,TAB6534,procent,Örebro län
2024,19,förgymnasial (25–64),11.403287686577613,TAB6534,procent,Västmanlands län
2025,19,förgymnasial (25–64),11.191953177023096,TAB6534,procent,Västmanlands län
2024,20,förgymnasial (25–64),10.834414862723447,TAB6534,procent,Dalarnas län
2025,20,förgymnasial (25–64),10.384665217453897,TAB6534,procent,Dalarnas län
2024,21,förgymnasial (25–64),11.290047716428084,TAB6534,procent,Gävleborgs län
2025,21,förgymnasial (25–64),10.836085570194523,TAB6534,procent,Gävleborgs län
2024,22,förgymnasial (25–64),9.446275874763634,TAB6534,procent,Västernorrlands län
2025,22,förgymnasial (25–64),9.168597427890266,TAB6534,procent,Västernorrlands län
2024,23,förgymnasial (25–64),8.121497726826469,TAB6534,procent,Jämtlands län
2025,23,förgymnasial (25–64),7.8758407562261405,TAB6534,procent,Jämtlands län
2024,24,förgymnasial (25–64),6.899808980037364,TAB6534,procent,Västerbottens län
2025,24,förgymnasial (25–64),6.840453195966868,TAB6534,procent,Västerbottens län
2024,25,förgymnasial (25–64),8.109562200880095,TAB6534,procent,Norrbottens län
2025,25,förgymnasial (25–64),7.9574811840642425,TAB6534,procent,Norrbottens län
2011,00,låg ekonomisk standard,14.0,TAB6685,procent,Riket
2012,00,låg ekonomisk standard,13.0,TAB6685,procent,Riket
2013,00,låg ekonomisk standard,13.0,TAB6685,procent,Riket
2014,00,låg ekonomisk standard,14.0,TAB6685,procent,Riket
2015,00,låg ekonomisk standard,14.0,TAB6685,procent,Riket
2016,00,låg ekonomisk standard,14.0,TAB6685,procent,Riket
2017,00,låg ekonomisk standard,14.0,TAB6685,procent,Riket
2018,00,låg ekonomisk standard,14.0,TAB6685,procent,Riket
2019,00,låg ekonomisk standard,15.0,TAB6685,procent,Riket
2020,00,låg ekonomisk standard,14.0,TAB6685,procent,Riket
2021,00,låg ekonomisk standard,15.0,TAB6685,procent,Riket
2022,00,låg ekonomisk standard,14.0,TAB6685,procent,Riket
2023,00,låg ekonomisk standard,13.0,TAB6685,procent,Riket
2024,00,låg ekonomisk standard,13.0,TAB6685,procent,Riket
2011,01,låg ekonomisk standard,12.0,TAB6685,procent,Stockholms län
2012,01,låg ekonomisk standard,12.0,TAB6685,procent,Stockholms län
2013,01,låg ekonomisk standard,11.0,TAB6685,procent,Stockholms län
2014,01,låg ekonomisk standard,11.0,TAB6685,procent,Stockholms län
2015,01,låg ekonomisk standard,12.0,TAB6685,procent,Stockholms län
2016,01,låg ekonomisk standard,11.0,TAB6685,procent,Stockholms län
2017,01,låg ekonomisk standard,11.0,TAB6685,procent,Stockholms län
2018,01,låg ekonomisk standard,11.0,TAB6685,procent,Stockholms län
2019,01,låg ekonomisk standard,12.0,TAB6685,procent,Stockholms län
2020,01,låg ekonomisk standard,11.0,TAB6685,procent,Stockholms län
2021,01,låg ekonomisk standard,12.0,TAB6685,procent,Stockholms län
2022,01,låg ekonomisk standard,11.0,TAB6685,procent,Stockholms län
2023,01,låg ekonomisk standard,11.0,TAB6685,procent,Stockholms län
2024,01,låg ekonomisk standard,11.0,TAB6685,procent,Stockholms län
2011,03,låg ekonomisk standard,13.0,TAB6685,procent,Uppsala län
2012,03,låg ekonomisk standard,12.0,TAB6685,procent,Uppsala län
2013,03,låg ekonomisk standard,12.0,TAB6685,procent,Uppsala län
2014,03,låg ekonomisk standard,13.0,TAB6685,procent,Uppsala län
2015,03,låg ekonomisk standard,13.0,TAB6685,procent,Uppsala län
2016,03,låg ekonomisk standard,13.0,TAB6685,procent,Uppsala län
2017,03,låg ekonomisk standard,13.0,TAB6685,procent,Uppsala län
2018,03,låg ekonomisk standard,13.0,TAB6685,procent,Uppsala län
2019,03,låg ekonomisk standard,14.0,TAB6685,procent,Uppsala län
2020,03,låg ekonomisk standard,14.0,TAB6685,procent,Uppsala län
2021,03,låg ekonomisk standard,15.0,TAB6685,procent,Uppsala län
2022,03,låg ekonomisk standard,14.0,TAB6685,procent,Uppsala län
2023,03,låg ekonomisk standard,14.0,TAB6685,procent,Uppsala län
2024,03,låg ekonomisk standard,14.0,TAB6685,procent,Uppsala län
2011,04,låg ekonomisk standard,14.0,TAB6685,procent,Södermanlands län
2012,04,låg ekonomisk standard,15.0,TAB6685,procent,Södermanlands län
2013,04,låg ekonomisk standard,15.0,TAB6685,procent,Södermanlands län
2014,04,låg ekonomisk standard,16.0,TAB6685,procent,Södermanlands län
2015,04,låg ekonomisk standard,16.0,TAB6685,procent,Södermanlands län
2016,04,låg ekonomisk standard,16.0,TAB6685,procent,Södermanlands län
2017,04,låg ekonomisk standard,17.0,TAB6685,procent,Södermanlands län
2018,04,låg ekonomisk standard,17.0,TAB6685,procent,Södermanlands län
2019,04,låg ekonomisk standard,18.0,TAB6685,procent,Södermanlands län
2020,04,låg ekonomisk standard,18.0,TAB6685,procent,Södermanlands län
2021,04,låg ekonomisk standard,18.0,TAB6685,procent,Södermanlands län
2022,04,låg ekonomisk standard,17.0,TAB6685,procent,Södermanlands län
2023,04,låg ekonomisk standard,16.0,TAB6685,procent,Södermanlands län
2024,04,låg ekonomisk standard,16.0,TAB6685,procent,Södermanlands län
2011,05,låg ekonomisk standard,15.0,TAB6685,procent,Östergötlands län
2012,05,låg ekonomisk standard,15.0,TAB6685,procent,Östergötlands län
2013,05,låg ekonomisk standard,15.0,TAB6685,procent,Östergötlands län
2014,05,låg ekonomisk standard,16.0,TAB6685,procent,Östergötlands län
2015,05,låg ekonomisk standard,16.0,TAB6685,procent,Östergötlands län
2016,05,låg ekonomisk standard,15.0,TAB6685,procent,Östergötlands län
2017,05,låg ekonomisk standard,16.0,TAB6685,procent,Östergötlands län
2018,05,låg ekonomisk standard,16.0,TAB6685,procent,Östergötlands län
2019,05,låg ekonomisk standard,16.0,TAB6685,procent,Östergötlands län
2020,05,låg ekonomisk standard,16.0,TAB6685,procent,Östergötlands län
2021,05,låg ekonomisk standard,16.0,TAB6685,procent,Östergötlands län
2022,05,låg ekonomisk standard,15.0,TAB6685,procent,Östergötlands län
2023,05,låg ekonomisk standard,15.0,TAB6685,procent,Östergötlands län
2024,05,låg ekonomisk standard,15.0,TAB6685,procent,Östergötlands län
2011,06,låg ekonomisk standard,12.0,TAB6685,procent,Jönköpings län
2012,06,låg ekonomisk standard,12.0,TAB6685,procent,Jönköpings län
2013,06,låg ekonomisk standard,12.0,TAB6685,procent,Jönköpings län
2014,06,låg ekonomisk standard,13.0,TAB6685,procent,Jönköpings län
2015,06,låg ekonomisk standard,13.0,TAB6685,procent,Jönköpings län
2016,06,låg ekonomisk standard,13.0,TAB6685,procent,Jönköpings län
2017,06,låg ekonomisk standard,14.0,TAB6685,procent,Jönköpings län
2018,06,låg ekonomisk standard,13.0,TAB6685,procent,Jönköpings län
2019,06,låg ekonomisk standard,14.0,TAB6685,procent,Jönköpings län
2020,06,låg ekonomisk standard,14.0,TAB6685,procent,Jönköpings län
2021,06,låg ekonomisk standard,15.0,TAB6685,procent,Jönköpings län
2022,06,låg ekonomisk standard,13.0,TAB6685,procent,Jönköpings län
2023,06,låg ekonomisk standard,13.0,TAB6685,procent,Jönköpings län
2024,06,låg ekonomisk standard,13.0,TAB6685,procent,Jönköpings län
2011,07,låg ekonomisk standard,14.0,TAB6685,procent,Kronobergs län
2012,07,låg ekonomisk standard,14.0,TAB6685,procent,Kronobergs län
2013,07,låg ekonomisk standard,14.0,TAB6685,procent,Kronobergs län
2014,07,låg ekonomisk standard,15.0,TAB6685,procent,Kronobergs län
2015,07,låg ekonomisk standard,16.0,TAB6685,procent,Kronobergs län
2016,07,låg ekonomisk standard,16.0,TAB6685,procent,Kronobergs län
2017,07,låg ekonomisk standard,16.0,TAB6685,procent,Kronobergs län
2018,07,låg ekonomisk standard,16.0,TAB6685,procent,Kronobergs län
2019,07,låg ekonomisk standard,17.0,TAB6685,procent,Kronobergs län
2020,07,låg ekonomisk standard,17.0,TAB6685,procent,Kronobergs län
2021,07,låg ekonomisk standard,17.0,TAB6685,procent,Kronobergs län
2022,07,låg ekonomisk standard,16.0,TAB6685,procent,Kronobergs län
2023,07,låg ekonomisk standard,15.0,TAB6685,procent,Kronobergs län
2024,07,låg ekonomisk standard,16.0,TAB6685,procent,Kronobergs län
2011,08,låg ekonomisk standard,14.0,TAB6685,procent,Kalmar län
2012,08,låg ekonomisk standard,14.0,TAB6685,procent,Kalmar län
2013,08,låg ekonomisk standard,14.0,TAB6685,procent,Kalmar län
2014,08,låg ekonomisk standard,15.0,TAB6685,procent,Kalmar län
2015,08,låg ekonomisk standard,15.0,TAB6685,procent,Kalmar län
2016,08,låg ekonomisk standard,15.0,TAB6685,procent,Kalmar län
2017,08,låg ekonomisk standard,16.0,TAB6685,procent,Kalmar län
2018,08,låg ekonomisk standard,16.0,TAB6685,procent,Kalmar län
2019,08,låg ekonomisk standard,17.0,TAB6685,procent,Kalmar län
2020,08,låg ekonomisk standard,16.0,TAB6685,procent,Kalmar län
2021,08,låg ekonomisk standard,16.0,TAB6685,procent,Kalmar län
2022,08,låg ekonomisk standard,15.0,TAB6685,procent,Kalmar län
2023,08,låg ekonomisk standard,14.0,TAB6685,procent,Kalmar län
2024,08,låg ekonomisk standard,14.0,TAB6685,procent,Kalmar län
2011,09,låg ekonomisk standard,15.0,TAB6685,procent,Gotlands län
2012,09,låg ekonomisk standard,15.0,TAB6685,procent,Gotlands län
2013,09,låg ekonomisk standard,15.0,TAB6685,procent,Gotlands län
2014,09,låg ekonomisk standard,16.0,TAB6685,procent,Gotlands län
2015,09,låg ekonomisk standard,16.0,TAB6685,procent,Gotlands län
2016,09,låg ekonomisk standard,16.0,TAB6685,procent,Gotlands län
2017,09,låg ekonomisk standard,16.0,TAB6685,procent,Gotlands län
2018,09,låg ekonomisk standard,15.0,TAB6685,procent,Gotlands län
2019,09,låg ekonomisk standard,15.0,TAB6685,procent,Gotlands län
2020,09,låg ekonomisk standard,15.0,TAB6685,procent,Gotlands län
2021,09,låg ekonomisk standard,15.0,TAB6685,procent,Gotlands län
2022,09,låg ekonomisk standard,14.0,TAB6685,procent,Gotlands län
2023,09,låg ekonomisk standard,13.0,TAB6685,procent,Gotlands län
2024,09,låg ekonomisk standard,13.0,TAB6685,procent,Gotlands län
2011,10,låg ekonomisk standard,14.0,TAB6685,procent,Blekinge län
2012,10,låg ekonomisk standard,14.0,TAB6685,procent,Blekinge län
2013,10,låg ekonomisk standard,14.0,TAB6685,procent,Blekinge län
2014,10,låg ekonomisk standard,15.0,TAB6685,procent,Blekinge län
2015,10,låg ekonomisk standard,16.0,TAB6685,procent,Blekinge län
2016,10,låg ekonomisk standard,16.0,TAB6685,procent,Blekinge län
2017,10,låg ekonomisk standard,16.0,TAB6685,procent,Blekinge län
2018,10,låg ekonomisk standard,16.0,TAB6685,procent,Blekinge län
2019,10,låg ekonomisk standard,17.0,TAB6685,procent,Blekinge län
2020,10,låg ekonomisk standard,16.0,TAB6685,procent,Blekinge län
2021,10,låg ekonomisk standard,17.0,TAB6685,procent,Blekinge län
2022,10,låg ekonomisk standard,16.0,TAB6685,procent,Blekinge län
2023,10,låg ekonomisk standard,14.0,TAB6685,procent,Blekinge län
2024,10,låg ekonomisk standard,14.0,TAB6685,procent,Blekinge län
2011,12,låg ekonomisk standard,16.0,TAB6685,procent,Skåne län
2012,12,låg ekonomisk standard,16.0,TAB6685,procent,Skåne län
2013,12,låg ekonomisk standard,16.0,TAB6685,procent,Skåne län
2014,12,låg ekonomisk standard,17.0,TAB6685,procent,Skåne län
2015,12,låg ekonomisk standard,17.0,TAB6685,procent,Skåne län
2016,12,låg ekonomisk standard,16.0,TAB6685,procent,Skåne län
2017,12,låg ekonomisk standard,17.0,TAB6685,procent,Skåne län
2018,12,låg ekonomisk standard,17.0,TAB6685,procent,Skåne län
2019,12,låg ekonomisk standard,17.0,TAB6685,procent,Skåne län
2020,12,låg ekonomisk standard,17.0,TAB6685,procent,Skåne län
2021,12,låg ekonomisk standard,17.0,TAB6685,procent,Skåne län
2022,12,låg ekonomisk standard,16.0,TAB6685,procent,Skåne län
2023,12,låg ekonomisk standard,15.0,TAB6685,procent,Skåne län
2024,12,låg ekonomisk standard,15.0,TAB6685,procent,Skåne län
2011,13,låg ekonomisk standard,10.0,TAB6685,procent,Hallands län
2012,13,låg ekonomisk standard,10.0,TAB6685,procent,Hallands län
2013,13,låg ekonomisk standard,10.0,TAB6685,procent,Hallands län
2014,13,låg ekonomisk standard,10.0,TAB6685,procent,Hallands län
2015,13,låg ekonomisk standard,11.0,TAB6685,procent,Hallands län
2016,13,låg ekonomisk standard,10.0,TAB6685,procent,Hallands län
2017,13,låg ekonomisk standard,11.0,TAB6685,procent,Hallands län
2018,13,låg ekonomisk standard,11.0,TAB6685,procent,Hallands län
2019,13,låg ekonomisk standard,11.0,TAB6685,procent,Hallands län
2020,13,låg ekonomisk standard,11.0,TAB6685,procent,Hallands län
2021,13,låg ekonomisk standard,12.0,TAB6685,procent,Hallands län
2022,13,låg ekonomisk standard,11.0,TAB6685,procent,Hallands län
2023,13,låg ekonomisk standard,10.0,TAB6685,procent,Hallands län
2024,13,låg ekonomisk standard,10.0,TAB6685,procent,Hallands län
2011,14,låg ekonomisk standard,14.0,TAB6685,procent,Västra Götalands län
2012,14,låg ekonomisk standard,13.0,TAB6685,procent,Västra Götalands län
2013,14,låg ekonomisk standard,13.0,TAB6685,procent,Västra Götalands län
2014,14,låg ekonomisk standard,14.0,TAB6685,procent,Västra Götalands län
2015,14,låg ekonomisk standard,14.0,TAB6685,procent,Västra Götalands län
2016,14,låg ekonomisk standard,14.0,TAB6685,procent,Västra Götalands län
2017,14,låg ekonomisk standard,14.0,TAB6685,procent,Västra Götalands län
2018,14,låg ekonomisk standard,14.0,TAB6685,procent,Västra Götalands län
2019,14,låg ekonomisk standard,14.0,TAB6685,procent,Västra Götalands län
2020,14,låg ekonomisk standard,14.0,TAB6685,procent,Västra Götalands län
2021,14,låg ekonomisk standard,14.0,TAB6685,procent,Västra Götalands län
2022,14,låg ekonomisk standard,13.0,TAB6685,procent,Västra Götalands län
2023,14,låg ekonomisk standard,13.0,TAB6685,procent,Västra Götalands län
2024,14,låg ekonomisk standard,13.0,TAB6685,procent,Västra Götalands län
2011,17,låg ekonomisk standard,17.0,TAB6685,procent,Värmlands län
2012,17,låg ekonomisk standard,15.0,TAB6685,procent,Värmlands län
2013,17,låg ekonomisk standard,15.0,TAB6685,procent,Värmlands län
2014,17,låg ekonomisk standard,16.0,TAB6685,procent,Värmlands län
2015,17,låg ekonomisk standard,16.0,TAB6685,procent,Värmlands län
2016,17,låg ekonomisk standard,15.0,TAB6685,procent,Värmlands län
2017,17,låg ekonomisk standard,16.0,TAB6685,procent,Värmlands län
2018,17,låg ekonomisk standard,16.0,TAB6685,procent,Värmlands län
2019,17,låg ekonomisk standard,16.0,TAB6685,procent,Värmlands län
2020,17,låg ekonomisk standard,16.0,TAB6685,procent,Värmlands län
2021,17,låg ekonomisk standard,17.0,TAB6685,procent,Värmlands län
2022,17,låg ekonomisk standard,15.0,TAB6685,procent,Värmlands län
2023,17,låg ekonomisk standard,14.0,TAB6685,procent,Värmlands län
2024,17,låg ekonomisk standard,15.0,TAB6685,procent,Värmlands län
2011,18,låg ekonomisk standard,15.0,TAB6685,procent,Örebro län
2012,18,låg ekonomisk standard,15.0,TAB6685,procent,Örebro län
2013,18,låg ekonomisk standard,15.0,TAB6685,procent,Örebro län
2014,18,låg ekonomisk standard,16.0,TAB6685,procent,Örebro län
2015,18,låg ekonomisk standard,17.0,TAB6685,procent,Örebro län
2016,18,låg ekonomisk standard,16.0,TAB6685,procent,Örebro län
2017,18,låg ekonomisk standard,17.0,TAB6685,procent,Örebro län
2018,18,låg ekonomisk standard,17.0,TAB6685,procent,Örebro län
2019,18,låg ekonomisk standard,17.0,TAB6685,procent,Örebro län
2020,18,låg ekonomisk standard,17.0,TAB6685,procent,Örebro län
2021,18,låg ekonomisk standard,18.0,TAB6685,procent,Örebro län
2022,18,låg ekonomisk standard,16.0,TAB6685,procent,Örebro län
2023,18,låg ekonomisk standard,16.0,TAB6685,procent,Örebro län
2024,18,låg ekonomisk standard,16.0,TAB6685,procent,Örebro län
2011,19,låg ekonomisk standard,14.0,TAB6685,procent,Västmanlands län
2012,19,låg ekonomisk standard,14.0,TAB6685,procent,Västmanlands län
2013,19,låg ekonomisk standard,14.0,TAB6685,procent,Västmanlands län
2014,19,låg ekonomisk standard,15.0,TAB6685,procent,Västmanlands län
2015,19,låg ekonomisk standard,15.0,TAB6685,procent,Västmanlands län
2016,19,låg ekonomisk standard,15.0,TAB6685,procent,Västmanlands län
2017,19,låg ekonomisk standard,16.0,TAB6685,procent,Västmanlands län
2018,19,låg ekonomisk standard,15.0,TAB6685,procent,Västmanlands län
2019,19,låg ekonomisk standard,16.0,TAB6685,procent,Västmanlands län
2020,19,låg ekonomisk standard,16.0,TAB6685,procent,Västmanlands län
2021,19,låg ekonomisk standard,16.0,TAB6685,procent,Västmanlands län
2022,19,låg ekonomisk standard,15.0,TAB6685,procent,Västmanlands län
2023,19,låg ekonomisk standard,15.0,TAB6685,procent,Västmanlands län
2024,19,låg ekonomisk standard,15.0,TAB6685,procent,Västmanlands län
2011,20,låg ekonomisk standard,15.0,TAB6685,procent,Dalarnas län
2012,20,låg ekonomisk standard,14.0,TAB6685,procent,Dalarnas län
2013,20,låg ekonomisk standard,14.0,TAB6685,procent,Dalarnas län
2014,20,låg ekonomisk standard,15.0,TAB6685,procent,Dalarnas län
2015,20,låg ekonomisk standard,16.0,TAB6685,procent,Dalarnas län
2016,20,låg ekonomisk standard,16.0,TAB6685,procent,Dalarnas län
2017,20,låg ekonomisk standard,16.0,TAB6685,procent,Dalarnas län
2018,20,låg ekonomisk standard,16.0,TAB6685,procent,Dalarnas län
2019,20,låg ekonomisk standard,17.0,TAB6685,procent,Dalarnas län
2020,20,låg ekonomisk standard,16.0,TAB6685,procent,Dalarnas län
2021,20,låg ekonomisk standard,17.0,TAB6685,procent,Dalarnas län
2022,20,låg ekonomisk standard,15.0,TAB6685,procent,Dalarnas län
2023,20,låg ekonomisk standard,14.0,TAB6685,procent,Dalarnas län
2024,20,låg ekonomisk standard,14.0,TAB6685,procent,Dalarnas län
2011,21,låg ekonomisk standard,14.0,TAB6685,procent,Gävleborgs län
2012,21,låg ekonomisk standard,15.0,TAB6685,procent,Gävleborgs län
2013,21,låg ekonomisk standard,15.0,TAB6685,procent,Gävleborgs län
2014,21,låg ekonomisk standard,16.0,TAB6685,procent,Gävleborgs län
2015,21,låg ekonomisk standard,17.0,TAB6685,procent,Gävleborgs län
2016,21,låg ekonomisk standard,17.0,TAB6685,procent,Gävleborgs län
2017,21,låg ekonomisk standard,17.0,TAB6685,procent,Gävleborgs län
2018,21,låg ekonomisk standard,17.0,TAB6685,procent,Gävleborgs län
2019,21,låg ekonomisk standard,18.0,TAB6685,procent,Gävleborgs län
2020,21,låg ekonomisk standard,17.0,TAB6685,procent,Gävleborgs län
2021,21,låg ekonomisk standard,18.0,TAB6685,procent,Gävleborgs län
2022,21,låg ekonomisk standard,16.0,TAB6685,procent,Gävleborgs län
2023,21,låg ekonomisk standard,16.0,TAB6685,procent,Gävleborgs län
2024,21,låg ekonomisk standard,15.0,TAB6685,procent,Gävleborgs län
2011,22,låg ekonomisk standard,13.0,TAB6685,procent,Västernorrlands län
2012,22,låg ekonomisk standard,13.0,TAB6685,procent,Västernorrlands län
2013,22,låg ekonomisk standard,13.0,TAB6685,procent,Västernorrlands län
2014,22,låg ekonomisk standard,14.0,TAB6685,procent,Västernorrlands län
2015,22,låg ekonomisk standard,14.0,TAB6685,procent,Västernorrlands län
2016,22,låg ekonomisk standard,14.0,TAB6685,procent,Västernorrlands län
2017,22,låg ekonomisk standard,15.0,TAB6685,procent,Västernorrlands län
2018,22,låg ekonomisk standard,15.0,TAB6685,procent,Västernorrlands län
2019,22,låg ekonomisk standard,15.0,TAB6685,procent,Västernorrlands län
2020,22,låg ekonomisk standard,15.0,TAB6685,procent,Västernorrlands län
2021,22,låg ekonomisk standard,15.0,TAB6685,procent,Västernorrlands län
2022,22,låg ekonomisk standard,14.0,TAB6685,procent,Västernorrlands län
2023,22,låg ekonomisk standard,14.0,TAB6685,procent,Västernorrlands län
2024,22,låg ekonomisk standard,13.0,TAB6685,procent,Västernorrlands län
2011,23,låg ekonomisk standard,15.0,TAB6685,procent,Jämtlands län
2012,23,låg ekonomisk standard,15.0,TAB6685,procent,Jämtlands län
2013,23,låg ekonomisk standard,15.0,TAB6685,procent,Jämtlands län
2014,23,låg ekonomisk standard,15.0,TAB6685,procent,Jämtlands län
2015,23,låg ekonomisk standard,16.0,TAB6685,procent,Jämtlands län
2016,23,låg ekonomisk standard,15.0,TAB6685,procent,Jämtlands län
2017,23,låg ekonomisk standard,16.0,TAB6685,procent,Jämtlands län
2018,23,låg ekonomisk standard,16.0,TAB6685,procent,Jämtlands län
2019,23,låg ekonomisk standard,16.0,TAB6685,procent,Jämtlands län
2020,23,låg ekonomisk standard,15.0,TAB6685,procent,Jämtlands län
2021,23,låg ekonomisk standard,16.0,TAB6685,procent,Jämtlands län
2022,23,låg ekonomisk standard,14.0,TAB6685,procent,Jämtlands län
2023,23,låg ekonomisk standard,14.0,TAB6685,procent,Jämtlands län
2024,23,låg ekonomisk standard,13.0,TAB6685,procent,Jämtlands län
2011,24,låg ekonomisk standard,13.0,TAB6685,procent,Västerbottens län
2012,24,låg ekonomisk standard,13.0,TAB6685,procent,Västerbottens län
2013,24,låg ekonomisk standard,13.0,TAB6685,procent,Västerbottens län
2014,24,låg ekonomisk standard,14.0,TAB6685,procent,Västerbottens län
2015,24,låg ekonomisk standard,14.0,TAB6685,procent,Västerbottens län
2016,24,låg ekonomisk standard,14.0,TAB6685,procent,Västerbottens län
2017,24,låg ekonomisk standard,14.0,TAB6685,procent,Västerbottens län
2018,24,låg ekonomisk standard,14.0,TAB6685,procent,Västerbottens län
2019,24,låg ekonomisk standard,14.0,TAB6685,procent,Västerbottens län
2020,24,låg ekonomisk standard,14.0,TAB6685,procent,Västerbottens län
2021,24,låg ekonomisk standard,14.0,TAB6685,procent,Västerbottens län
2022,24,låg ekonomisk standard,13.0,TAB6685,procent,Västerbottens län
2023,24,låg ekonomisk standard,13.0,TAB6685,procent,Västerbottens län
2024,24,låg ekonomisk standard,12.0,TAB6685,procent,Västerbottens län
2011,25,låg ekonomisk standard,12.0,TAB6685,procent,Norrbottens län
2012,25,låg ekonomisk standard,12.0,TAB6685,procent,Norrbottens län
2013,25,låg ekonomisk standard,11.0,TAB6685,procent,Norrbottens län
2014,25,låg ekonomisk standard,12.0,TAB6685,procent,Norrbottens län
2015,25,låg ekonomisk standard,12.0,TAB6685,procent,Norrbottens län
2016,25,låg ekonomisk standard,12.0,TAB6685,procent,Norrbottens län
2017,25,låg ekonomisk standard,13.0,TAB6685,procent,Norrbottens län
2018,25,låg ekonomisk standard,13.0,TAB6685,procent,Norrbottens län
2019,25,låg ekonomisk standard,13.0,TAB6685,procent,Norrbottens län
2020,25,låg ekonomisk standard,12.0,TAB6685,procent,Norrbottens län
2021,25,låg ekonomisk standard,13.0,TAB6685,procent,Norrbottens län
2022,25,låg ekonomisk standard,12.0,TAB6685,procent,Norrbottens län
2023,25,låg ekonomisk standard,11.0,TAB6685,procent,Norrbottens län
2024,25,låg ekonomisk standard,11.0,TAB6685,procent,Norrbottens län
2011,00,hög ekonomisk standard,6.0,TAB6685,procent,Riket
2012,00,hög ekonomisk standard,6.0,TAB6685,procent,Riket
2013,00,hög ekonomisk standard,6.0,TAB6685,procent,Riket
2014,00,hög ekonomisk standard,7.0,TAB6685,procent,Riket
2015,00,hög ekonomisk standard,7.0,TAB6685,procent,Riket
2016,00,hög ekonomisk standard,7.0,TAB6685,procent,Riket
2017,00,hög ekonomisk standard,7.0,TAB6685,procent,Riket
2018,00,hög ekonomisk standard,6.0,TAB6685,procent,Riket
2019,00,hög ekonomisk standard,7.0,TAB6685,procent,Riket
2020,00,hög ekonomisk standard,7.0,TAB6685,procent,Riket
2021,00,hög ekonomisk standard,7.0,TAB6685,procent,Riket
2022,00,hög ekonomisk standard,7.0,TAB6685,procent,Riket
2023,00,hög ekonomisk standard,7.0,TAB6685,procent,Riket
2024,00,hög ekonomisk standard,7.0,TAB6685,procent,Riket
2011,01,hög ekonomisk standard,11.0,TAB6685,procent,Stockholms län
2012,01,hög ekonomisk standard,11.0,TAB6685,procent,Stockholms län
2013,01,hög ekonomisk standard,12.0,TAB6685,procent,Stockholms län
2014,01,hög ekonomisk standard,13.0,TAB6685,procent,Stockholms län
2015,01,hög ekonomisk standard,13.0,TAB6685,procent,Stockholms län
2016,01,hög ekonomisk standard,12.0,TAB6685,procent,Stockholms län
2017,01,hög ekonomisk standard,12.0,TAB6685,procent,Stockholms län
2018,01,hög ekonomisk standard,11.0,TAB6685,procent,Stockholms län
2019,01,hög ekonomisk standard,11.0,TAB6685,procent,Stockholms län
2020,01,hög ekonomisk standard,12.0,TAB6685,procent,Stockholms län
2021,01,hög ekonomisk standard,13.0,TAB6685,procent,Stockholms län
2022,01,hög ekonomisk standard,12.0,TAB6685,procent,Stockholms län
2023,01,hög ekonomisk standard,12.0,TAB6685,procent,Stockholms län
2024,01,hög ekonomisk standard,13.0,TAB6685,procent,Stockholms län
2011,03,hög ekonomisk standard,6.0,TAB6685,procent,Uppsala län
2012,03,hög ekonomisk standard,6.0,TAB6685,procent,Uppsala län
2013,03,hög ekonomisk standard,6.0,TAB6685,procent,Uppsala län
2014,03,hög ekonomisk standard,7.0,TAB6685,procent,Uppsala län
2015,03,hög ekonomisk standard,8.0,TAB6685,procent,Uppsala län
2016,03,hög ekonomisk standard,7.0,TAB6685,procent,Uppsala län
2017,03,hög ekonomisk standard,7.0,TAB6685,procent,Uppsala län
2018,03,hög ekonomisk standard,6.0,TAB6685,procent,Uppsala län
2019,03,hög ekonomisk standard,6.0,TAB6685,procent,Uppsala län
2020,03,hög ekonomisk standard,6.0,TAB6685,procent,Uppsala län
2021,03,hög ekonomisk standard,6.0,TAB6685,procent,Uppsala län
2022,03,hög ekonomisk standard,6.0,TAB6685,procent,Uppsala län
2023,03,hög ekonomisk standard,6.0,TAB6685,procent,Uppsala län
2024,03,hög ekonomisk standard,6.0,TAB6685,procent,Uppsala län
2011,04,hög ekonomisk standard,4.0,TAB6685,procent,Södermanlands län
2012,04,hög ekonomisk standard,4.0,TAB6685,procent,Södermanlands län
2013,04,hög ekonomisk standard,4.0,TAB6685,procent,Södermanlands län
2014,04,hög ekonomisk standard,5.0,TAB6685,procent,Södermanlands län
2015,04,hög ekonomisk standard,5.0,TAB6685,procent,Södermanlands län
2016,04,hög ekonomisk standard,5.0,TAB6685,procent,Södermanlands län
2017,04,hög ekonomisk standard,5.0,TAB6685,procent,Södermanlands län
2018,04,hög ekonomisk standard,4.0,TAB6685,procent,Södermanlands län
2019,04,hög ekonomisk standard,4.0,TAB6685,procent,Södermanlands län
2020,04,hög ekonomisk standard,5.0,TAB6685,procent,Södermanlands län
2021,04,hög ekonomisk standard,5.0,TAB6685,procent,Södermanlands län
2022,04,hög ekonomisk standard,5.0,TAB6685,procent,Södermanlands län
2023,04,hög ekonomisk standard,5.0,TAB6685,procent,Södermanlands län
2024,04,hög ekonomisk standard,5.0,TAB6685,procent,Södermanlands län
2011,05,hög ekonomisk standard,5.0,TAB6685,procent,Östergötlands län
2012,05,hög ekonomisk standard,4.0,TAB6685,procent,Östergötlands län
2013,05,hög ekonomisk standard,5.0,TAB6685,procent,Östergötlands län
2014,05,hög ekonomisk standard,5.0,TAB6685,procent,Östergötlands län
2015,05,hög ekonomisk standard,5.0,TAB6685,procent,Östergötlands län
2016,05,hög ekonomisk standard,5.0,TAB6685,procent,Östergötlands län
2017,05,hög ekonomisk standard,5.0,TAB6685,procent,Östergötlands län
2018,05,hög ekonomisk standard,5.0,TAB6685,procent,Östergötlands län
2019,05,hög ekonomisk standard,5.0,TAB6685,procent,Östergötlands län
2020,05,hög ekonomisk standard,5.0,TAB6685,procent,Östergötlands län
2021,05,hög ekonomisk standard,5.0,TAB6685,procent,Östergötlands län
2022,05,hög ekonomisk standard,5.0,TAB6685,procent,Östergötlands län
2023,05,hög ekonomisk standard,5.0,TAB6685,procent,Östergötlands län
2024,05,hög ekonomisk standard,5.0,TAB6685,procent,Östergötlands län
2011,06,hög ekonomisk standard,4.0,TAB6685,procent,Jönköpings län
2012,06,hög ekonomisk standard,4.0,TAB6685,procent,Jönköpings län
2013,06,hög ekonomisk standard,4.0,TAB6685,procent,Jönköpings län
2014,06,hög ekonomisk standard,4.0,TAB6685,procent,Jönköpings län
2015,06,hög ekonomisk standard,5.0,TAB6685,procent,Jönköpings län
2016,06,hög ekonomisk standard,5.0,TAB6685,procent,Jönköpings län
2017,06,hög ekonomisk standard,5.0,TAB6685,procent,Jönköpings län
2018,06,hög ekonomisk standard,5.0,TAB6685,procent,Jönköpings län
2019,06,hög ekonomisk standard,4.0,TAB6685,procent,Jönköpings län
2020,06,hög ekonomisk standard,4.0,TAB6685,procent,Jönköpings län
2021,06,hög ekonomisk standard,5.0,TAB6685,procent,Jönköpings län
2022,06,hög ekonomisk standard,5.0,TAB6685,procent,Jönköpings län
2023,06,hög ekonomisk standard,5.0,TAB6685,procent,Jönköpings län
2024,06,hög ekonomisk standard,5.0,TAB6685,procent,Jönköpings län
2011,07,hög ekonomisk standard,4.0,TAB6685,procent,Kronobergs län
2012,07,hög ekonomisk standard,4.0,TAB6685,procent,Kronobergs län
2013,07,hög ekonomisk standard,4.0,TAB6685,procent,Kronobergs län
2014,07,hög ekonomisk standard,4.0,TAB6685,procent,Kronobergs län
2015,07,hög ekonomisk standard,5.0,TAB6685,procent,Kronobergs län
2016,07,hög ekonomisk standard,5.0,TAB6685,procent,Kronobergs län
2017,07,hög ekonomisk standard,5.0,TAB6685,procent,Kronobergs län
2018,07,hög ekonomisk standard,4.0,TAB6685,procent,Kronobergs län
2019,07,hög ekonomisk standard,4.0,TAB6685,procent,Kronobergs län
2020,07,hög ekonomisk standard,4.0,TAB6685,procent,Kronobergs län
2021,07,hög ekonomisk standard,5.0,TAB6685,procent,Kronobergs län
2022,07,hög ekonomisk standard,5.0,TAB6685,procent,Kronobergs län
2023,07,hög ekonomisk standard,5.0,TAB6685,procent,Kronobergs län
2024,07,hög ekonomisk standard,5.0,TAB6685,procent,Kronobergs län
2011,08,hög ekonomisk standard,4.0,TAB6685,procent,Kalmar län
2012,08,hög ekonomisk standard,3.0,TAB6685,procent,Kalmar län
2013,08,hög ekonomisk standard,4.0,TAB6685,procent,Kalmar län
2014,08,hög ekonomisk standard,4.0,TAB6685,procent,Kalmar län
2015,08,hög ekonomisk standard,4.0,TAB6685,procent,Kalmar län
2016,08,hög ekonomisk standard,4.0,TAB6685,procent,Kalmar län
2017,08,hög ekonomisk standard,4.0,TAB6685,procent,Kalmar län
2018,08,hög ekonomisk standard,4.0,TAB6685,procent,Kalmar län
2019,08,hög ekonomisk standard,4.0,TAB6685,procent,Kalmar län
2020,08,hög ekonomisk standard,4.0,TAB6685,procent,Kalmar län
2021,08,hög ekonomisk standard,4.0,TAB6685,procent,Kalmar län
2022,08,hög ekonomisk standard,4.0,TAB6685,procent,Kalmar län
2023,08,hög ekonomisk standard,4.0,TAB6685,procent,Kalmar län
2024,08,hög ekonomisk standard,4.0,TAB6685,procent,Kalmar län
2011,09,hög ekonomisk standard,4.0,TAB6685,procent,Gotlands län
2012,09,hög ekonomisk standard,4.0,TAB6685,procent,Gotlands län
2013,09,hög ekonomisk standard,4.0,TAB6685,procent,Gotlands län
2014,09,hög ekonomisk standard,4.0,TAB6685,procent,Gotlands län
2015,09,hög ekonomisk standard,5.0,TAB6685,procent,Gotlands län
2016,09,hög ekonomisk standard,5.0,TAB6685,procent,Gotlands län
2017,09,hög ekonomisk standard,5.0,TAB6685,procent,Gotlands län
2018,09,hög ekonomisk standard,4.0,TAB6685,procent,Gotlands län
2019,09,hög ekonomisk standard,4.0,TAB6685,procent,Gotlands län
2020,09,hög ekonomisk standard,4.0,TAB6685,procent,Gotlands län
2021,09,hög ekonomisk standard,5.0,TAB6685,procent,Gotlands län
2022,09,hög ekonomisk standard,5.0,TAB6685,procent,Gotlands län
2023,09,hög ekonomisk standard,4.0,TAB6685,procent,Gotlands län
2024,09,hög ekonomisk standard,4.0,TAB6685,procent,Gotlands län
2011,10,hög ekonomisk standard,3.0,TAB6685,procent,Blekinge län
2012,10,hög ekonomisk standard,3.0,TAB6685,procent,Blekinge län
2013,10,hög ekonomisk standard,3.0,TAB6685,procent,Blekinge län
2014,10,hög ekonomisk standard,4.0,TAB6685,procent,Blekinge län
2015,10,hög ekonomisk standard,4.0,TAB6685,procent,Blekinge län
2016,10,hög ekonomisk standard,4.0,TAB6685,procent,Blekinge län
2017,10,hög ekonomisk standard,4.0,TAB6685,procent,Blekinge län
2018,10,hög ekonomisk standard,4.0,TAB6685,procent,Blekinge län
2019,10,hög ekonomisk standard,4.0,TAB6685,procent,Blekinge län
2020,10,hög ekonomisk standard,4.0,TAB6685,procent,Blekinge län
2021,10,hög ekonomisk standard,4.0,TAB6685,procent,Blekinge län
2022,10,hög ekonomisk standard,4.0,TAB6685,procent,Blekinge län
2023,10,hög ekonomisk standard,4.0,TAB6685,procent,Blekinge län
2024,10,hög ekonomisk standard,4.0,TAB6685,procent,Blekinge län
2011,12,hög ekonomisk standard,6.0,TAB6685,procent,Skåne län
2012,12,hög ekonomisk standard,6.0,TAB6685,procent,Skåne län
2013,12,hög ekonomisk standard,6.0,TAB6685,procent,Skåne län
2014,12,hög ekonomisk standard,6.0,TAB6685,procent,Skåne län
2015,12,hög ekonomisk standard,6.0,TAB6685,procent,Skåne län
2016,12,hög ekonomisk standard,6.0,TAB6685,procent,Skåne län
2017,12,hög ekonomisk standard,6.0,TAB6685,procent,Skåne län
2018,12,hög ekonomisk standard,6.0,TAB6685,procent,Skåne län
2019,12,hög ekonomisk standard,6.0,TAB6685,procent,Skåne län
2020,12,hög ekonomisk standard,6.0,TAB6685,procent,Skåne län
2021,12,hög ekonomisk standard,7.0,TAB6685,procent,Skåne län
2022,12,hög ekonomisk standard,7.0,TAB6685,procent,Skåne län
2023,12,hög ekonomisk standard,7.0,TAB6685,procent,Skåne län
2024,12,hög ekonomisk standard,7.0,TAB6685,procent,Skåne län
2011,13,hög ekonomisk standard,6.0,TAB6685,procent,Hallands län
2012,13,hög ekonomisk standard,6.0,TAB6685,procent,Hallands län
2013,13,hög ekonomisk standard,6.0,TAB6685,procent,Hallands län
2014,13,hög ekonomisk standard,7.0,TAB6685,procent,Hallands län
2015,13,hög ekonomisk standard,7.0,TAB6685,procent,Hallands län
2016,13,hög ekonomisk standard,7.0,TAB6685,procent,Hallands län
2017,13,hög ekonomisk standard,7.0,TAB6685,procent,Hallands län
2018,13,hög ekonomisk standard,7.0,TAB6685,procent,Hallands län
2019,13,hög ekonomisk standard,7.0,TAB6685,procent,Hallands län
2020,13,hög ekonomisk standard,7.0,TAB6685,procent,Hallands län
2021,13,hög ekonomisk standard,8.0,TAB6685,procent,Hallands län
2022,13,hög ekonomisk standard,7.0,TAB6685,procent,Hallands län
2023,13,hög ekonomisk standard,7.0,TAB6685,procent,Hallands län
2024,13,hög ekonomisk standard,7.0,TAB6685,procent,Hallands län
2011,14,hög ekonomisk standard,5.0,TAB6685,procent,Västra Götalands län
2012,14,hög ekonomisk standard,5.0,TAB6685,procent,Västra Götalands län
2013,14,hög ekonomisk standard,5.0,TAB6685,procent,Västra Götalands län
2014,14,hög ekonomisk standard,6.0,TAB6685,procent,Västra Götalands län
2015,14,hög ekonomisk standard,6.0,TAB6685,procent,Västra Götalands län
2016,14,hög ekonomisk standard,6.0,TAB6685,procent,Västra Götalands län
2017,14,hög ekonomisk standard,6.0,TAB6685,procent,Västra Götalands län
2018,14,hög ekonomisk standard,6.0,TAB6685,procent,Västra Götalands län
2019,14,hög ekonomisk standard,6.0,TAB6685,procent,Västra Götalands län
2020,14,hög ekonomisk standard,6.0,TAB6685,procent,Västra Götalands län
2021,14,hög ekonomisk standard,6.0,TAB6685,procent,Västra Götalands län
2022,14,hög ekonomisk standard,6.0,TAB6685,procent,Västra Götalands län
2023,14,hög ekonomisk standard,6.0,TAB6685,procent,Västra Götalands län
2024,14,hög ekonomisk standard,6.0,TAB6685,procent,Västra Götalands län
2011,17,hög ekonomisk standard,3.0,TAB6685,procent,Värmlands län
2012,17,hög ekonomisk standard,3.0,TAB6685,procent,Värmlands län
2013,17,hög ekonomisk standard,3.0,TAB6685,procent,Värmlands län
2014,17,hög ekonomisk standard,4.0,TAB6685,procent,Värmlands län
2015,17,hög ekonomisk standard,4.0,TAB6685,procent,Värmlands län
2016,17,hög ekonomisk standard,4.0,TAB6685,procent,Värmlands län
2017,17,hög ekonomisk standard,4.0,TAB6685,procent,Värmlands län
2018,17,hög ekonomisk standard,4.0,TAB6685,procent,Värmlands län
2019,17,hög ekonomisk standard,4.0,TAB6685,procent,Värmlands län
2020,17,hög ekonomisk standard,4.0,TAB6685,procent,Värmlands län
2021,17,hög ekonomisk standard,4.0,TAB6685,procent,Värmlands län
2022,17,hög ekonomisk standard,4.0,TAB6685,procent,Värmlands län
2023,17,hög ekonomisk standard,4.0,TAB6685,procent,Värmlands län
2024,17,hög ekonomisk standard,4.0,TAB6685,procent,Värmlands län
2011,18,hög ekonomisk standard,4.0,TAB6685,procent,Örebro län
2012,18,hög ekonomisk standard,4.0,TAB6685,procent,Örebro län
2013,18,hög ekonomisk standard,4.0,TAB6685,procent,Örebro län
2014,18,hög ekonomisk standard,4.0,TAB6685,procent,Örebro län
2015,18,hög ekonomisk standard,4.0,TAB6685,procent,Örebro län
2016,18,hög ekonomisk standard,4.0,TAB6685,procent,Örebro län
2017,18,hög ekonomisk standard,4.0,TAB6685,procent,Örebro län
2018,18,hög ekonomisk standard,4.0,TAB6685,procent,Örebro län
2019,18,hög ekonomisk standard,4.0,TAB6685,procent,Örebro län
2020,18,hög ekonomisk standard,4.0,TAB6685,procent,Örebro län
2021,18,hög ekonomisk standard,4.0,TAB6685,procent,Örebro län
2022,18,hög ekonomisk standard,4.0,TAB6685,procent,Örebro län
2023,18,hög ekonomisk standard,4.0,TAB6685,procent,Örebro län
2024,18,hög ekonomisk standard,4.0,TAB6685,procent,Örebro län
2011,19,hög ekonomisk standard,5.0,TAB6685,procent,Västmanlands län
2012,19,hög ekonomisk standard,5.0,TAB6685,procent,Västmanlands län
2013,19,hög ekonomisk standard,5.0,TAB6685,procent,Västmanlands län
2014,19,hög ekonomisk standard,5.0,TAB6685,procent,Västmanlands län
2015,19,hög ekonomisk standard,5.0,TAB6685,procent,Västmanlands län
2016,19,hög ekonomisk standard,5.0,TAB6685,procent,Västmanlands län
2017,19,hög ekonomisk standard,6.0,TAB6685,procent,Västmanlands län
2018,19,hög ekonomisk standard,5.0,TAB6685,procent,Västmanlands län
2019,19,hög ekonomisk standard,5.0,TAB6685,procent,Västmanlands län
2020,19,hög ekonomisk standard,5.0,TAB6685,procent,Västmanlands län
2021,19,hög ekonomisk standard,5.0,TAB6685,procent,Västmanlands län
2022,19,hög ekonomisk standard,5.0,TAB6685,procent,Västmanlands län
2023,19,hög ekonomisk standard,5.0,TAB6685,procent,Västmanlands län
2024,19,hög ekonomisk standard,5.0,TAB6685,procent,Västmanlands län
2011,20,hög ekonomisk standard,3.0,TAB6685,procent,Dalarnas län
2012,20,hög ekonomisk standard,3.0,TAB6685,procent,Dalarnas län
2013,20,hög ekonomisk standard,3.0,TAB6685,procent,Dalarnas län
2014,20,hög ekonomisk standard,4.0,TAB6685,procent,Dalarnas län
2015,20,hög ekonomisk standard,4.0,TAB6685,procent,Dalarnas län
2016,20,hög ekonomisk standard,4.0,TAB6685,procent,Dalarnas län
2017,20,hög ekonomisk standard,4.0,TAB6685,procent,Dalarnas län
2018,20,hög ekonomisk standard,4.0,TAB6685,procent,Dalarnas län
2019,20,hög ekonomisk standard,4.0,TAB6685,procent,Dalarnas län
2020,20,hög ekonomisk standard,4.0,TAB6685,procent,Dalarnas län
2021,20,hög ekonomisk standard,4.0,TAB6685,procent,Dalarnas län
2022,20,hög ekonomisk standard,4.0,TAB6685,procent,Dalarnas län
2023,20,hög ekonomisk standard,4.0,TAB6685,procent,Dalarnas län
2024,20,hög ekonomisk standard,4.0,TAB6685,procent,Dalarnas län
2011,21,hög ekonomisk standard,3.0,TAB6685,procent,Gävleborgs län
2012,21,hög ekonomisk standard,3.0,TAB6685,procent,Gävleborgs län
2013,21,hög ekonomisk standard,3.0,TAB6685,procent,Gävleborgs län
2014,21,hög ekonomisk standard,3.0,TAB6685,procent,Gävleborgs län
2015,21,hög ekonomisk standard,4.0,TAB6685,procent,Gävleborgs län
2016,21,hög ekonomisk standard,4.0,TAB6685,procent,Gävleborgs län
2017,21,hög ekonomisk standard,4.0,TAB6685,procent,Gävleborgs län
2018,21,hög ekonomisk standard,4.0,TAB6685,procent,Gävleborgs län
2019,21,hög ekonomisk standard,4.0,TAB6685,procent,Gävleborgs län
2020,21,hög ekonomisk standard,4.0,TAB6685,procent,Gävleborgs län
2021,21,hög ekonomisk standard,4.0,TAB6685,procent,Gävleborgs län
2022,21,hög ekonomisk standard,4.0,TAB6685,procent,Gävleborgs län
2023,21,hög ekonomisk standard,4.0,TAB6685,procent,Gävleborgs län
2024,21,hög ekonomisk standard,4.0,TAB6685,procent,Gävleborgs län
2011,22,hög ekonomisk standard,3.0,TAB6685,procent,Västernorrlands län
2012,22,hög ekonomisk standard,3.0,TAB6685,procent,Västernorrlands län
2013,22,hög ekonomisk standard,3.0,TAB6685,procent,Västernorrlands län
2014,22,hög ekonomisk standard,4.0,TAB6685,procent,Västernorrlands län
2015,22,hög ekonomisk standard,4.0,TAB6685,procent,Västernorrlands län
2016,22,hög ekonomisk standard,4.0,TAB6685,procent,Västernorrlands län
2017,22,hög ekonomisk standard,4.0,TAB6685,procent,Västernorrlands län
2018,22,hög ekonomisk standard,4.0,TAB6685,procent,Västernorrlands län
2019,22,hög ekonomisk standard,4.0,TAB6685,procent,Västernorrlands län
2020,22,hög ekonomisk standard,4.0,TAB6685,procent,Västernorrlands län
2021,22,hög ekonomisk standard,4.0,TAB6685,procent,Västernorrlands län
2022,22,hög ekonomisk standard,4.0,TAB6685,procent,Västernorrlands län
2023,22,hög ekonomisk standard,4.0,TAB6685,procent,Västernorrlands län
2024,22,hög ekonomisk standard,4.0,TAB6685,procent,Västernorrlands län
2011,23,hög ekonomisk standard,3.0,TAB6685,procent,Jämtlands län
2012,23,hög ekonomisk standard,3.0,TAB6685,procent,Jämtlands län
2013,23,hög ekonomisk standard,3.0,TAB6685,procent,Jämtlands län
2014,23,hög ekonomisk standard,3.0,TAB6685,procent,Jämtlands län
2015,23,hög ekonomisk standard,4.0,TAB6685,procent,Jämtlands län
2016,23,hög ekonomisk standard,4.0,TAB6685,procent,Jämtlands län
2017,23,hög ekonomisk standard,4.0,TAB6685,procent,Jämtlands län
2018,23,hög ekonomisk standard,4.0,TAB6685,procent,Jämtlands län
2019,23,hög ekonomisk standard,4.0,TAB6685,procent,Jämtlands län
2020,23,hög ekonomisk standard,4.0,TAB6685,procent,Jämtlands län
2021,23,hög ekonomisk standard,5.0,TAB6685,procent,Jämtlands län
2022,23,hög ekonomisk standard,5.0,TAB6685,procent,Jämtlands län
2023,23,hög ekonomisk standard,4.0,TAB6685,procent,Jämtlands län
2024,23,hög ekonomisk standard,4.0,TAB6685,procent,Jämtlands län
2011,24,hög ekonomisk standard,3.0,TAB6685,procent,Västerbottens län
2012,24,hög ekonomisk standard,3.0,TAB6685,procent,Västerbottens län
2013,24,hög ekonomisk standard,4.0,TAB6685,procent,Västerbottens län
2014,24,hög ekonomisk standard,4.0,TAB6685,procent,Västerbottens län
2015,24,hög ekonomisk standard,4.0,TAB6685,procent,Västerbottens län
2016,24,hög ekonomisk standard,4.0,TAB6685,procent,Västerbottens län
2017,24,hög ekonomisk standard,5.0,TAB6685,procent,Västerbottens län
2018,24,hög ekonomisk standard,4.0,TAB6685,procent,Västerbottens län
2019,24,hög ekonomisk standard,4.0,TAB6685,procent,Västerbottens län
2020,24,hög ekonomisk standard,4.0,TAB6685,procent,Västerbottens län
2021,24,hög ekonomisk standard,5.0,TAB6685,procent,Västerbottens län
2022,24,hög ekonomisk standard,5.0,TAB6685,procent,Västerbottens län
2023,24,hög ekonomisk standard,4.0,TAB6685,procent,Västerbottens län
2024,24,hög ekonomisk standard,5.0,TAB6685,procent,Västerbottens län
2011,25,hög ekonomisk standard,3.0,TAB6685,procent,Norrbottens län
2012,25,hög ekonomisk standard,3.0,TAB6685,procent,Norrbottens län
2013,25,hög ekonomisk standard,4.0,TAB6685,procent,Norrbottens län
2014,25,hög ekonomisk standard,4.0,TAB6685,procent,Norrbottens län
2015,25,hög ekonomisk standard,4.0,TAB6685,procent,Norrbottens län
2016,25,hög ekonomisk standard,4.0,TAB6685,procent,Norrbottens län
2017,25,hög ekonomisk standard,4.0,TAB6685,procent,Norrbottens län
2018,25,hög ekonomisk standard,4.0,TAB6685,procent,Norrbottens län
2019,25,hög ekonomisk standard,4.0,TAB6685,procent,Norrbottens län
2020,25,hög ekonomisk standard,4.0,TAB6685,procent,Norrbottens län
2021,25,hög ekonomisk standard,5.0,TAB6685,procent,Norrbottens län
2022,25,hög ekonomisk standard,4.0,TAB6685,procent,Norrbottens län
2023,25,hög ekonomisk standard,4.0,TAB6685,procent,Norrbottens län
2024,25,hög ekonomisk standard,5.0,TAB6685,procent,Norrbottens län
1973,00,valdeltagande riksdagsval,90.8,TAB2707,procent,Riket
1976,00,valdeltagande riksdagsval,91.8,TAB2707,procent,Riket
1979,00,valdeltagande riksdagsval,90.7,TAB2707,procent,Riket
1982,00,valdeltagande riksdagsval,91.4,TAB2707,procent,Riket
1985,00,valdeltagande riksdagsval,89.9,TAB2707,procent,Riket
1988,00,valdeltagande riksdagsval,86.0,TAB2707,procent,Riket
1991,00,valdeltagande riksdagsval,86.7,TAB2707,procent,Riket
1994,00,valdeltagande riksdagsval,86.8,TAB2707,procent,Riket
1998,00,valdeltagande riksdagsval,81.4,TAB2707,procent,Riket
2002,00,valdeltagande riksdagsval,80.1,TAB2707,procent,Riket
2006,00,valdeltagande riksdagsval,82.0,TAB2707,procent,Riket
2010,00,valdeltagande riksdagsval,84.6,TAB2707,procent,Riket
2014,00,valdeltagande riksdagsval,85.8,TAB2707,procent,Riket
2018,00,valdeltagande riksdagsval,87.2,TAB2707,procent,Riket
2022,00,valdeltagande riksdagsval,84.2,TAB2707,procent,Riket
