indikator,ar,dimension,parti,forvantad_andel,tackning
Förtroende för rättsväsendet som helhet,2007,utbildning,ALLA,44.620361623443735,90.74772896403515
Förtroende för rättsväsendet som helhet,2007,utbildning,C,44.866284884261574,87.25329127720987
Förtroende för rättsväsendet som helhet,2007,utbildning,KD,45.99981141166686,85.26219212833122
Förtroende för rättsväsendet som helhet,2007,utbildning,L,47.69125999912942,92.33684390589318
Förtroende för rättsväsendet som helhet,2007,utbildning,M,46.10524764854331,90.61034449723712
Förtroende för rättsväsendet som helhet,2007,utbildning,MP,47.170817982746776,97.6718980827234
Förtroende för rättsväsendet som helhet,2007,utbildning,S,42.79042319630081,89.72788931438981
Förtroende för rättsväsendet som helhet,2007,utbildning,V,46.277216880341555,97.31580124237047
Förtroende för rättsväsendet som helhet,2007,utbildning,ÖVR,41.84062861827057,92.93232082148222
Förtroende för rättsväsendet som helhet,2008,utbildning,ALLA,46.22087516978245,90.23519964066065
Förtroende för rättsväsendet som helhet,2008,utbildning,C,46.570325413780196,83.49045545645242
Förtroende för rättsväsendet som helhet,2008,utbildning,KD,48.64473323091157,82.58689565402341
Förtroende för rättsväsendet som helhet,2008,utbildning,L,51.435707204079684,88.76071960955781
Förtroende för rättsväsendet som helhet,2008,utbildning,M,47.76953899661892,90.7754623339683
Förtroende för rättsväsendet som helhet,2008,utbildning,MP,50.62471000833589,97.46982994074179
Förtroende för rättsväsendet som helhet,2008,utbildning,S,43.945800194486246,89.81257890717336
Förtroende för rättsväsendet som helhet,2008,utbildning,V,47.29044503572823,96.18444620472206
Förtroende för rättsväsendet som helhet,2008,utbildning,ÖVR,42.85980045223859,91.03752091039338
Förtroende för rättsväsendet som helhet,2009,utbildning,ALLA,48.341788960936455,90.65884955451226
Förtroende för rättsväsendet som helhet,2009,utbildning,C,47.80122636170684,82.74461329731677
Förtroende för rättsväsendet som helhet,2009,utbildning,KD,49.83097429702649,83.8480349764167
Förtroende för rättsväsendet som helhet,2009,utbildning,L,52.412139385442,87.85660765689417
Förtroende för rättsväsendet som helhet,2009,utbildning,M,49.261783189657486,91.03708602546295
Förtroende för rättsväsendet som helhet,2009,utbildning,MP,51.81844683224576,97.74695417261444
Förtroende för rättsväsendet som helhet,2009,utbildning,S,46.536572680408476,90.06006743574216
Förtroende för rättsväsendet som helhet,2009,utbildning,V,50.01272561854139,96.56670301272132
Förtroende för rättsväsendet som helhet,2009,utbildning,ÖVR,45.01211632368001,92.94083337310738
Förtroende för rättsväsendet som helhet,2010,utbildning,ALLA,49.237820465916414,100.0
Förtroende för rättsväsendet som helhet,2010,utbildning,C,48.5232834897257,100.00000000000001
Förtroende för rättsväsendet som helhet,2010,utbildning,KD,50.27887379536257,100.0
Förtroende för rättsväsendet som helhet,2010,utbildning,L,53.526291655539026,99.99999999999999
Förtroende för rättsväsendet som helhet,2010,utbildning,M,50.00643683747401,100.0
Förtroende för rättsväsendet som helhet,2010,utbildning,MP,52.511090306020236,100.0
Förtroende för rättsväsendet som helhet,2010,utbildning,S,47.029287844897446,100.0
Förtroende för rättsväsendet som helhet,2010,utbildning,V,49.722696351002284,100.0
Förtroende för rättsväsendet som helhet,2010,utbildning,ÖVR,46.04846327134926,100.0
Förtroende för rättsväsendet som helhet,2011,utbildning,ALLA,49.70426354604953,99.99999999999999
Förtroende för rättsväsendet som helhet,2011,utbildning,C,49.4069875137337,100.0
Förtroende för rättsväsendet som helhet,2011,utbildning,KD,52.42903163120514,100.0
Förtroende för rättsväsendet som helhet,2011,utbildning,L,54.01756062280248,100.0
Förtroende för rättsväsendet som helhet,2011,utbildning,M,50.529939989610774,100.0
Förtroende för rättsväsendet som helhet,2011,utbildning,MP,52.969008474837466,100.0
Förtroende för rättsväsendet som helhet,2011,utbildning,S,47.489279070605065,100.0
Förtroende för rättsväsendet som helhet,2011,utbildning,SD,46.06028032180296,100.0
Förtroende för rättsväsendet som helhet,2011,utbildning,V,50.47235189153597,100.0
Förtroende för rättsväsendet som helhet,2011,utbildning,ÖVR,52.852374901555706,100.0
Förtroende för rättsväsendet som helhet,2012,utbildning,ALLA,47.96145331393749,100.0
Förtroende för rättsväsendet som helhet,2012,utbildning,C,46.815306629712715,100.00000000000001
Förtroende för rättsväsendet som helhet,2012,utbildning,KD,50.42358198158179,100.0
Förtroende för rättsväsendet som helhet,2012,utbildning,L,52.925731793288065,100.0
Förtroende för rättsväsendet som helhet,2012,utbildning,M,49.05440570251419,100.0
Förtroende för rättsväsendet som helhet,2012,utbildning,MP,52.51069571880822,100.0
Förtroende för rättsväsendet som helhet,2012,utbildning,S,45.49054445187001,100.0
Förtroende för rättsväsendet som helhet,2012,utbildning,SD,44.24704076092235,99.99999999999999
Förtroende för rättsväsendet som helhet,2012,utbildning,V,50.66767588351909,99.99999999999999
Förtroende för rättsväsendet som helhet,2012,utbildning,ÖVR,48.86667439710878,100.0
Förtroende för rättsväsendet som helhet,2013,utbildning,ALLA,48.90999276564445,100.0
Förtroende för rättsväsendet som helhet,2013,utbildning,C,47.743841758166525,100.0
Förtroende för rättsväsendet som helhet,2013,utbildning,KD,52.08874827105333,100.0
Förtroende för rättsväsendet som helhet,2013,utbildning,L,53.93866874853655,100.0
Förtroende för rättsväsendet som helhet,2013,utbildning,M,49.51781907384726,100.0
Förtroende för rättsväsendet som helhet,2013,utbildning,MP,52.18713464355678,100.0
Förtroende för rättsväsendet som helhet,2013,utbildning,S,47.16206206316452,100.0
Förtroende för rättsväsendet som helhet,2013,utbildning,SD,44.931819092484645,100.00000000000001
Förtroende för rättsväsendet som helhet,2013,utbildning,V,50.587970597665645,100.0
Förtroende för rättsväsendet som helhet,2013,utbildning,ÖVR,48.42211750884435,100.0
Förtroende för rättsväsendet som helhet,2014,utbildning,ALLA,48.288852682913806,100.0
Förtroende för rättsväsendet som helhet,2014,utbildning,C,47.00160957290018,100.0
Förtroende för rättsväsendet som helhet,2014,utbildning,KD,49.71518747423692,100.0
Förtroende för rättsväsendet som helhet,2014,utbildning,L,52.395637869954925,99.99999999999999
Förtroende för rättsväsendet som helhet,2014,utbildning,M,49.74445227138297,100.0
Förtroende för rättsväsendet som helhet,2014,utbildning,MP,52.0012520182058,100.0
Förtroende för rättsväsendet som helhet,2014,utbildning,S,46.322299574205026,100.0
Förtroende för rättsväsendet som helhet,2014,utbildning,SD,43.870073073220375,100.0
Förtroende för rättsväsendet som helhet,2014,utbildning,V,49.63426512892705,100.0
Förtroende för rättsväsendet som helhet,2014,utbildning,ÖVR,50.027543266549365,100.0
Förtroende för rättsväsendet som helhet,2015,utbildning,ALLA,51.365771427728866,99.99999999999999
Förtroende för rättsväsendet som helhet,2015,utbildning,C,52.509031284951526,99.99999999999999
Förtroende för rättsväsendet som helhet,2015,utbildning,KD,53.8058422489075,100.0
Förtroende för rättsväsendet som helhet,2015,utbildning,L,56.66175001477743,100.0
Förtroende för rättsväsendet som helhet,2015,utbildning,M,52.18683185316751,100.0
Förtroende för rättsväsendet som helhet,2015,utbildning,MP,56.21910415506993,100.0
Förtroende för rättsväsendet som helhet,2015,utbildning,S,49.37118144686569,99.99999999999999
Förtroende för rättsväsendet som helhet,2015,utbildning,SD,47.66532089641495,100.00000000000001
Förtroende för rättsväsendet som helhet,2015,utbildning,V,53.13093871253743,100.0
Förtroende för rättsväsendet som helhet,2015,utbildning,ÖVR,54.61643751526287,100.0
Förtroende för rättsväsendet som helhet,2016,utbildning,ALLA,48.39710745145007,100.0
Förtroende för rättsväsendet som helhet,2016,utbildning,C,50.06603231794321,100.0
Förtroende för rättsväsendet som helhet,2016,utbildning,KD,50.91040029606496,100.0
Förtroende för rättsväsendet som helhet,2016,utbildning,L,53.30868081380747,100.00000000000001
Förtroende för rättsväsendet som helhet,2016,utbildning,M,49.23101541980535,100.0
Förtroende för rättsväsendet som helhet,2016,utbildning,MP,53.19904557149712,100.0
Förtroende för rättsväsendet som helhet,2016,utbildning,S,46.860822513670335,100.0
Förtroende för rättsväsendet som helhet,2016,utbildning,SD,45.04825822632682,100.0
Förtroende för rättsväsendet som helhet,2016,utbildning,V,50.26822362204474,100.0
Förtroende för rättsväsendet som helhet,2016,utbildning,ÖVR,49.49189678624775,100.0
Förtroende för rättsväsendet som helhet,2017,utbildning,ALLA,44.30960734604761,100.0
Förtroende för rättsväsendet som helhet,2017,utbildning,C,45.9245460295671,100.0
Förtroende för rättsväsendet som helhet,2017,utbildning,KD,45.00592990314437,100.0
Förtroende för rättsväsendet som helhet,2017,utbildning,L,47.51061560382652,100.00000000000003
Förtroende för rättsväsendet som helhet,2017,utbildning,M,45.292393200351206,100.0
Förtroende för rättsväsendet som helhet,2017,utbildning,MP,47.763869030796286,100.0
Förtroende för rättsväsendet som helhet,2017,utbildning,S,42.88850214814556,100.0
Förtroende för rättsväsendet som helhet,2017,utbildning,SD,40.91844956743372,100.0
Förtroende för rättsväsendet som helhet,2017,utbildning,V,47.013194094573834,100.0
Förtroende för rättsväsendet som helhet,2017,utbildning,ÖVR,48.999520157363605,100.0
Förtroende för rättsväsendet som helhet,2018,utbildning,ALLA,47.33899519638303,100.0
Förtroende för rättsväsendet som helhet,2018,utbildning,C,49.176178062386754,100.0
Förtroende för rättsväsendet som helhet,2018,utbildning,KD,48.73362245108207,100.00000000000001
Förtroende för rättsväsendet som helhet,2018,utbildning,L,50.9625293899182,100.0
Förtroende för rättsväsendet som helhet,2018,utbildning,M,48.19269831495988,100.0
Förtroende för rättsväsendet som helhet,2018,utbildning,MP,50.909069071723714,100.0
Förtroende för rättsväsendet som helhet,2018,utbildning,S,45.96725534290544,100.0
Förtroende för rättsväsendet som helhet,2018,utbildning,SD,43.91422161023297,100.0
Förtroende för rättsväsendet som helhet,2018,utbildning,V,49.41075367150988,100.0
Förtroende för rättsväsendet som helhet,2018,utbildning,ÖVR,50.79852783271638,100.0
Förtroende för rättsväsendet som helhet,2019,utbildning,ALLA,48.92421645651507,100.0
Förtroende för rättsväsendet som helhet,2019,utbildning,C,50.54038883241767,100.0
Förtroende för rättsväsendet som helhet,2019,utbildning,KD,49.36927146779899,100.0
Förtroende för rättsväsendet som helhet,2019,utbildning,L,52.739454802600704,100.0
Förtroende för rättsväsendet som helhet,2019,utbildning,M,49.39589276265238,100.0
Förtroende för rättsväsendet som helhet,2019,utbildning,MP,52.17202105307415,100.0
Förtroende för rättsväsendet som helhet,2019,utbildning,S,48.02192727999991,100.0
Förtroende för rättsväsendet som helhet,2019,utbildning,SD,45.533541430249095,100.0
Förtroende för rättsväsendet som helhet,2019,utbildning,V,51.656585675773094,100.0
Förtroende för rättsväsendet som helhet,2019,utbildning,ÖVR,47.814564503173116,100.0
Förtroende för rättsväsendet som helhet,2020,utbildning,ALLA,48.956630716917914,100.0
Förtroende för rättsväsendet som helhet,2020,utbildning,C,51.04470367782732,100.0
Förtroende för rättsväsendet som helhet,2020,utbildning,KD,49.08765311667409,100.0
Förtroende för rättsväsendet som helhet,2020,utbildning,L,53.031359602085146,100.0
Förtroende för rättsväsendet som helhet,2020,utbildning,M,49.39950979001801,100.00000000000001
Förtroende för rättsväsendet som helhet,2020,utbildning,MP,52.99597485297973,100.0
Förtroende för rättsväsendet som helhet,2020,utbildning,S,48.38018963719047,100.0
Förtroende för rättsväsendet som helhet,2020,utbildning,SD,45.419923375532896,100.0
Förtroende för rättsväsendet som helhet,2020,utbildning,V,51.23639473519151,100.0
Förtroende för rättsväsendet som helhet,2020,utbildning,ÖVR,50.073897793410175,100.0
Förtroende för rättsväsendet som helhet,2021,utbildning,ALLA,52.884956944052874,100.0
Förtroende för rättsväsendet som helhet,2021,utbildning,C,55.744725990377226,100.0
Förtroende för rättsväsendet som helhet,2021,utbildning,KD,53.28354929673034,100.0
Förtroende för rättsväsendet som helhet,2021,utbildning,L,56.592242935535694,99.99999999999999
Förtroende för rättsväsendet som helhet,2021,utbildning,M,54.198158360737345,100.0
Förtroende för rättsväsendet som helhet,2021,utbildning,MP,56.85773869980929,100.0
Förtroende för rättsväsendet som helhet,2021,utbildning,S,52.17580613747799,100.0
Förtroende för rättsväsendet som helhet,2021,utbildning,SD,48.61172947845235,100.00000000000001
Förtroende för rättsväsendet som helhet,2021,utbildning,V,54.73842143775051,100.0
Förtroende för rättsväsendet som helhet,2021,utbildning,ÖVR,52.420347232310036,100.0
Förtroende för rättsväsendet som helhet,2022,utbildning,ALLA,53.56087624634798,100.0
Förtroende för rättsväsendet som helhet,2022,utbildning,C,56.95647917661278,100.0
Förtroende för rättsväsendet som helhet,2022,utbildning,KD,52.94604505296077,100.00000000000001
Förtroende för rättsväsendet som helhet,2022,utbildning,L,55.85659681363549,100.00000000000001
Förtroende för rättsväsendet som helhet,2022,utbildning,M,54.047751728046535,100.0
Förtroende för rättsväsendet som helhet,2022,utbildning,MP,58.04778646361638,100.0
Förtroende för rättsväsendet som helhet,2022,utbildning,S,53.14355156161606,100.0
Förtroende för rättsväsendet som helhet,2022,utbildning,SD,50.13201414258605,100.0
Förtroende för rättsväsendet som helhet,2022,utbildning,V,55.406234221848315,100.0
Förtroende för rättsväsendet som helhet,2022,utbildning,ÖVR,54.39526385672723,100.0
Förtroende för rättsväsendet som helhet,2023,utbildning,ALLA,50.96046599280465,100.0
Förtroende för rättsväsendet som helhet,2023,utbildning,C,53.84384946996684,100.0
Förtroende för rättsväsendet som helhet,2023,utbildning,KD,50.23074303239445,100.0
Förtroende för rättsväsendet som helhet,2023,utbildning,L,54.21999178886169,100.0
Förtroende för rättsväsendet som helhet,2023,utbildning,M,51.281086168528105,100.0
Förtroende för rättsväsendet som helhet,2023,utbildning,MP,55.57449436874408,99.99999999999999
Förtroende för rättsväsendet som helhet,2023,utbildning,S,50.38646121360171,100.0
Förtroende för rättsväsendet som helhet,2023,utbildning,SD,47.757072077326704,100.0
Förtroende för rättsväsendet som helhet,2023,utbildning,V,53.7337545899512,100.0
Förtroende för rättsväsendet som helhet,2023,utbildning,ÖVR,52.85463411048424,100.0
Förtroende för rättsväsendet som helhet,2024,utbildning,ALLA,54.236872641866015,100.0
Förtroende för rättsväsendet som helhet,2024,utbildning,C,56.02328550265534,100.0
Förtroende för rättsväsendet som helhet,2024,utbildning,KD,54.670415351192,100.0
Förtroende för rättsväsendet som helhet,2024,utbildning,L,57.834101014204315,100.0
Förtroende för rättsväsendet som helhet,2024,utbildning,M,54.13477075908615,100.0
Förtroende för rättsväsendet som helhet,2024,utbildning,MP,57.82371803379982,100.0
Förtroende för rättsväsendet som helhet,2024,utbildning,S,53.60398123586033,100.00000000000001
Förtroende för rättsväsendet som helhet,2024,utbildning,SD,51.53838620614091,100.0
Förtroende för rättsväsendet som helhet,2024,utbildning,V,57.61194070297715,100.0
Förtroende för rättsväsendet som helhet,2024,utbildning,ÖVR,53.702342504674604,100.0
Förtroende för rättsväsendet som helhet,2025,utbildning,ALLA,55.04318145403256,100.0
Förtroende för rättsväsendet som helhet,2025,utbildning,C,58.21303869641494,100.0
Förtroende för rättsväsendet som helhet,2025,utbildning,KD,56.02556451404648,100.0
Förtroende för rättsväsendet som helhet,2025,utbildning,L,59.83965328858606,100.0
Förtroende för rättsväsendet som helhet,2025,utbildning,M,55.318013853394106,100.0
Förtroende för rättsväsendet som helhet,2025,utbildning,MP,59.38865093962197,100.0
Förtroende för rättsväsendet som helhet,2025,utbildning,S,54.19804493193311,100.0
Förtroende för rättsväsendet som helhet,2025,utbildning,SD,51.573966216261304,100.0
Förtroende för rättsväsendet som helhet,2025,utbildning,V,57.3444100045932,100.0
Förtroende för rättsväsendet som helhet,2025,utbildning,ÖVR,56.6301856374259,100.0
Oro över brottsligheten i samhället,2007,utbildning,ALLA,37.0137979947985,90.74772896403515
Oro över brottsligheten i samhället,2007,utbildning,C,36.89095202706421,87.25329127720987
Oro över brottsligheten i samhället,2007,utbildning,KD,36.39264478655526,85.26219212833122
Oro över brottsligheten i samhället,2007,utbildning,L,35.92406934239201,92.33684390589318
Oro över brottsligheten i samhället,2007,utbildning,M,36.46961105138355,90.61034449723712
Oro över brottsligheten i samhället,2007,utbildning,MP,36.19540960224082,97.6718980827234
Oro över brottsligheten i samhället,2007,utbildning,S,37.64936709306655,89.72788931438981
Oro över brottsligheten i samhället,2007,utbildning,V,36.525911149973325,97.31580124237047
Oro över brottsligheten i samhället,2007,utbildning,ÖVR,38.24117850853596,92.93232082148222
Oro över brottsligheten i samhället,2008,utbildning,ALLA,42.63004752504888,90.23519964066065
Oro över brottsligheten i samhället,2008,utbildning,C,42.33804333810655,83.49045545645242
Oro över brottsligheten i samhället,2008,utbildning,KD,41.7350388645658,82.58689565402341
Oro över brottsligheten i samhället,2008,utbildning,L,41.47015824985454,88.76071960955781
Oro över brottsligheten i samhället,2008,utbildning,M,42.338364855849285,90.7754623339683
Oro över brottsligheten i samhället,2008,utbildning,MP,41.25864204081539,97.46982994074179
Oro över brottsligheten i samhället,2008,utbildning,S,43.224110068931225,89.81257890717336
Oro över brottsligheten i samhället,2008,utbildning,V,42.70276314893307,96.18444620472206
Oro över brottsligheten i samhället,2008,utbildning,ÖVR,42.56186548439999,91.03752091039338
Oro över brottsligheten i samhället,2009,utbildning,ALLA,35.22387616028311,90.65884955451226
Oro över brottsligheten i samhället,2009,utbildning,C,35.17279900773759,82.74461329731677
Oro över brottsligheten i samhället,2009,utbildning,KD,34.899788346949734,83.8480349764167
Oro över brottsligheten i samhället,2009,utbildning,L,34.223332756063556,87.85660765689417
Oro över brottsligheten i samhället,2009,utbildning,M,34.998696869253884,91.03708602546295
Oro över brottsligheten i samhället,2009,utbildning,MP,34.28512142354897,97.74695417261444
Oro över brottsligheten i samhället,2009,utbildning,S,35.69032580454792,90.06006743574216
Oro över brottsligheten i samhället,2009,utbildning,V,34.84073660987598,96.56670301272132
Oro över brottsligheten i samhället,2009,utbildning,ÖVR,36.125656252991526,92.94083337310738
Oro över brottsligheten i samhället,2010,utbildning,ALLA,32.086415798029755,100.0
Oro över brottsligheten i samhället,2010,utbildning,C,32.07431946351664,100.00000000000001
Oro över brottsligheten i samhället,2010,utbildning,KD,31.84723496195751,100.0
Oro över brottsligheten i samhället,2010,utbildning,L,30.641336844311432,99.99999999999999
Oro över brottsligheten i samhället,2010,utbildning,M,31.898816395373014,100.0
Oro över brottsligheten i samhället,2010,utbildning,MP,30.89791228656403,100.0
Oro över brottsligheten i samhället,2010,utbildning,S,32.779376214668304,100.0
Oro över brottsligheten i samhället,2010,utbildning,V,32.04983980849275,100.0
Oro över brottsligheten i samhället,2010,utbildning,ÖVR,33.23663362373978,100.0
Oro över brottsligheten i samhället,2011,utbildning,ALLA,27.464629603633494,99.99999999999999
Oro över brottsligheten i samhället,2011,utbildning,C,27.32946701869373,100.0
Oro över brottsligheten i samhället,2011,utbildning,KD,26.348712449105264,100.0
Oro över brottsligheten i samhället,2011,utbildning,L,25.747634701293155,100.0
Oro över brottsligheten i samhället,2011,utbildning,M,27.25914192846239,100.0
Oro över brottsligheten i samhället,2011,utbildning,MP,26.27213836109486,100.0
Oro över brottsligheten i samhället,2011,utbildning,S,28.209485761321574,100.0
Oro över brottsligheten i samhället,2011,utbildning,SD,28.941106696050387,100.0
Oro över brottsligheten i samhället,2011,utbildning,V,27.40587377917068,100.0
Oro över brottsligheten i samhället,2011,utbildning,ÖVR,26.14182368693808,100.0
Oro över brottsligheten i samhället,2012,utbildning,ALLA,30.581110602763502,100.0
Oro över brottsligheten i samhället,2012,utbildning,C,30.228825872557454,100.00000000000001
Oro över brottsligheten i samhället,2012,utbildning,KD,29.595581116238495,100.0
Oro över brottsligheten i samhället,2012,utbildning,L,28.684223204665603,100.0
Oro över brottsligheten i samhället,2012,utbildning,M,30.458064481173782,100.0
Oro över brottsligheten i samhället,2012,utbildning,MP,28.96667114168299,100.0
Oro över brottsligheten i samhället,2012,utbildning,S,31.348850293649207,100.0
Oro över brottsligheten i samhället,2012,utbildning,SD,32.04866040006526,99.99999999999999
Oro över brottsligheten i samhället,2012,utbildning,V,29.78952126477496,99.99999999999999
Oro över brottsligheten i samhället,2012,utbildning,ÖVR,29.983751130973477,100.0
Oro över brottsligheten i samhället,2013,utbildning,ALLA,27.778939786302473,100.0
Oro över brottsligheten i samhället,2013,utbildning,C,27.828133695154655,100.0
Oro över brottsligheten i samhället,2013,utbildning,KD,26.778718801180204,100.0
Oro över brottsligheten i samhället,2013,utbildning,L,25.980660413071636,100.0
Oro över brottsligheten i samhället,2013,utbildning,M,27.70121689201642,100.0
Oro över brottsligheten i samhället,2013,utbildning,MP,26.692565045365217,100.0
Oro över brottsligheten i samhället,2013,utbildning,S,28.273114899666282,100.0
Oro över brottsligheten i samhället,2013,utbildning,SD,29.014219018262125,100.00000000000001
Oro över brottsligheten i samhället,2013,utbildning,V,27.534226450709877,100.0
Oro över brottsligheten i samhället,2013,utbildning,ÖVR,28.29781704575088,100.0
Oro över brottsligheten i samhället,2014,utbildning,ALLA,28.170492375734757,100.0
Oro över brottsligheten i samhället,2014,utbildning,C,28.756090563469165,100.0
Oro över brottsligheten i samhället,2014,utbildning,KD,27.445357714316224,100.0
Oro över brottsligheten i samhället,2014,utbildning,L,25.958104153741797,99.99999999999999
Oro över brottsligheten i samhället,2014,utbildning,M,27.39838699851086,100.0
Oro över brottsligheten i samhället,2014,utbildning,MP,26.00943385455061,100.0
Oro över brottsligheten i samhället,2014,utbildning,S,29.25068817325127,100.0
Oro över brottsligheten i samhället,2014,utbildning,SD,30.633948524718843,100.0
Oro över brottsligheten i samhället,2014,utbildning,V,27.475818192395494,100.0
Oro över brottsligheten i samhället,2014,utbildning,ÖVR,27.218301073853564,100.0
Oro över brottsligheten i samhället,2015,utbildning,ALLA,32.648531325783956,99.99999999999999
Oro över brottsligheten i samhället,2015,utbildning,C,31.922553163106226,99.99999999999999
Oro över brottsligheten i samhället,2015,utbildning,KD,31.136061449197303,100.0
Oro över brottsligheten i samhället,2015,utbildning,L,29.532822933372664,100.0
Oro över brottsligheten i samhället,2015,utbildning,M,32.181949716037145,100.0
Oro över brottsligheten i samhället,2015,utbildning,MP,29.73846440622101,100.0
Oro över brottsligheten i samhället,2015,utbildning,S,33.801274906995594,99.99999999999999
Oro över brottsligheten i samhället,2015,utbildning,SD,34.845711986022444,100.00000000000001
Oro över brottsligheten i samhället,2015,utbildning,V,31.75020436493405,100.0
Oro över brottsligheten i samhället,2015,utbildning,ÖVR,30.759300915138624,100.0
Oro över brottsligheten i samhället,2016,utbildning,ALLA,36.90293336966261,100.0
Oro över brottsligheten i samhället,2016,utbildning,C,35.95387619227497,100.0
Oro över brottsligheten i samhället,2016,utbildning,KD,35.263088918899285,100.0
Oro över brottsligheten i samhället,2016,utbildning,L,34.28542521749241,100.00000000000001
Oro över brottsligheten i samhället,2016,utbildning,M,36.623951506982266,100.0
Oro över brottsligheten i samhället,2016,utbildning,MP,34.04582745451086,100.0
Oro över brottsligheten i samhället,2016,utbildning,S,37.588510181897426,100.0
Oro över brottsligheten i samhället,2016,utbildning,SD,38.82722806267708,100.0
Oro över brottsligheten i samhället,2016,utbildning,V,35.9735342614705,100.0
Oro över brottsligheten i samhället,2016,utbildning,ÖVR,36.242917490228784,100.0
Oro över brottsligheten i samhället,2017,utbildning,ALLA,43.27490703643467,100.0
Oro över brottsligheten i samhället,2017,utbildning,C,42.537681101004765,100.0
Oro över brottsligheten i samhället,2017,utbildning,KD,42.89336839076435,100.0
Oro över brottsligheten i samhället,2017,utbildning,L,41.13379486620228,100.00000000000003
Oro över brottsligheten i samhället,2017,utbildning,M,42.84304186221445,100.0
Oro över brottsligheten i samhället,2017,utbildning,MP,41.30567059435505,100.0
Oro över brottsligheten i samhället,2017,utbildning,S,43.950175305922606,100.0
Oro över brottsligheten i samhället,2017,utbildning,SD,45.44433493451327,100.0
Oro över brottsligheten i samhället,2017,utbildning,V,41.57632977870098,100.0
Oro över brottsligheten i samhället,2017,utbildning,ÖVR,40.13735443408838,100.0
Oro över brottsligheten i samhället,2018,utbildning,ALLA,41.621539888986064,100.0
Oro över brottsligheten i samhället,2018,utbildning,C,40.72824481128093,100.0
Oro över brottsligheten i samhället,2018,utbildning,KD,40.961601787790734,100.00000000000001
Oro över brottsligheten i samhället,2018,utbildning,L,39.4942916939024,100.0
Oro över brottsligheten i samhället,2018,utbildning,M,41.373531430995136,100.0
Oro över brottsligheten i samhället,2018,utbildning,MP,39.06352670244592,100.0
Oro över brottsligheten i samhället,2018,utbildning,S,42.047639843596265,100.0
Oro över brottsligheten i samhället,2018,utbildning,SD,43.96688597617829,100.0
Oro över brottsligheten i samhället,2018,utbildning,V,40.52627607243339,100.0
Oro över brottsligheten i samhället,2018,utbildning,ÖVR,39.223986952713446,100.0
Oro över brottsligheten i samhället,2019,utbildning,ALLA,43.09512292075704,100.0
Oro över brottsligheten i samhället,2019,utbildning,C,42.212633977939404,100.0
Oro över brottsligheten i samhället,2019,utbildning,KD,42.93891332222479,100.0
Oro över brottsligheten i samhället,2019,utbildning,L,40.41915713096331,100.0
Oro över brottsligheten i samhället,2019,utbildning,M,43.00714835077817,100.0
Oro över brottsligheten i samhället,2019,utbildning,MP,40.887834082640104,100.0
Oro över brottsligheten i samhället,2019,utbildning,S,43.38568972981482,100.0
Oro över brottsligheten i samhället,2019,utbildning,SD,45.38981657388112,100.0
Oro över brottsligheten i samhället,2019,utbildning,V,41.42782214342904,100.0
Oro över brottsligheten i samhället,2019,utbildning,ÖVR,44.30525943311487,100.0
Oro över brottsligheten i samhället,2020,utbildning,ALLA,47.117066654491936,100.0
Oro över brottsligheten i samhället,2020,utbildning,C,45.47923251260909,100.0
Oro över brottsligheten i samhället,2020,utbildning,KD,47.44394093960624,100.0
Oro över brottsligheten i samhället,2020,utbildning,L,44.26127198383802,100.0
Oro över brottsligheten i samhället,2020,utbildning,M,46.87607589290015,100.00000000000001
Oro över brottsligheten i samhället,2020,utbildning,MP,43.81130922131904,100.0
Oro över brottsligheten i samhället,2020,utbildning,S,47.4522988689591,100.0
Oro över brottsligheten i samhället,2020,utbildning,SD,49.68925177023642,100.0
Oro över brottsligheten i samhället,2020,utbildning,V,45.4870610363986,100.0
Oro över brottsligheten i samhället,2020,utbildning,ÖVR,46.55464071982666,100.0
Oro över brottsligheten i samhället,2021,utbildning,ALLA,45.03662765545163,100.0
Oro över brottsligheten i samhället,2021,utbildning,C,43.42989372605098,100.0
Oro över brottsligheten i samhället,2021,utbildning,KD,45.21614065911377,100.0
Oro över brottsligheten i samhället,2021,utbildning,L,42.65849816763496,99.99999999999999
Oro över brottsligheten i samhället,2021,utbildning,M,44.38805853378862,100.0
Oro över brottsligheten i samhället,2021,utbildning,MP,42.86282588018947,100.0
Oro över brottsligheten i samhället,2021,utbildning,S,45.15730701134979,100.0
Oro över brottsligheten i samhället,2021,utbildning,SD,47.6896907948991,100.00000000000001
Oro över brottsligheten i samhället,2021,utbildning,V,43.963668301780324,100.0
Oro över brottsligheten i samhället,2021,utbildning,ÖVR,45.77344835922898,100.0
Oro över brottsligheten i samhället,2022,utbildning,ALLA,46.03686752134616,100.0
Oro över brottsligheten i samhället,2022,utbildning,C,43.83274351778129,100.0
Oro över brottsligheten i samhället,2022,utbildning,KD,46.47976890251661,100.00000000000001
Oro över brottsligheten i samhället,2022,utbildning,L,45.08995708906013,100.00000000000001
Oro över brottsligheten i samhället,2022,utbildning,M,45.860538490141096,100.0
Oro över brottsligheten i samhället,2022,utbildning,MP,42.98344193716932,100.0
Oro över brottsligheten i samhället,2022,utbildning,S,46.138105751026394,100.0
Oro över brottsligheten i samhället,2022,utbildning,SD,48.355703600126354,100.0
Oro över brottsligheten i samhället,2022,utbildning,V,44.607879116554976,100.0
Oro över brottsligheten i samhället,2022,utbildning,ÖVR,46.82867148648851,100.0
Oro över brottsligheten i samhället,2023,utbildning,ALLA,52.46897926275363,100.0
Oro över brottsligheten i samhället,2023,utbildning,C,50.787270995717435,100.0
Oro över brottsligheten i samhället,2023,utbildning,KD,52.97055500210663,100.0
Oro över brottsligheten i samhället,2023,utbildning,L,50.734307967351526,100.0
Oro över brottsligheten i samhället,2023,utbildning,M,52.38133234404911,100.0
Oro över brottsligheten i samhället,2023,utbildning,MP,50.164713253271046,99.99999999999999
Oro över brottsligheten i samhället,2023,utbildning,S,52.58297709393937,100.0
Oro över brottsligheten i samhället,2023,utbildning,SD,54.409204117039664,100.0
Oro över brottsligheten i samhället,2023,utbildning,V,51.012548890432626,100.0
Oro över brottsligheten i samhället,2023,utbildning,ÖVR,52.948797932821435,100.0
Oro över brottsligheten i samhället,2024,utbildning,ALLA,50.3450787056603,100.0
Oro över brottsligheten i samhället,2024,utbildning,C,49.259958200624986,100.0
Oro över brottsligheten i samhället,2024,utbildning,KD,50.115903851792375,100.0
Oro över brottsligheten i samhället,2024,utbildning,L,48.56872940463424,100.0
Oro över brottsligheten i samhället,2024,utbildning,M,50.4695596512061,100.0
Oro över brottsligheten i samhället,2024,utbildning,MP,48.642418089304286,100.0
Oro över brottsligheten i samhället,2024,utbildning,S,50.465268595746814,100.00000000000001
Oro över brottsligheten i samhället,2024,utbildning,SD,51.95231418258726,100.0
Oro över brottsligheten i samhället,2024,utbildning,V,48.68967811974705,100.0
Oro över brottsligheten i samhället,2024,utbildning,ÖVR,50.9006050507924,100.0
Oro över brottsligheten i samhället,2025,utbildning,ALLA,53.82629177253648,100.0
Oro över brottsligheten i samhället,2025,utbildning,C,52.74544607777307,100.0
Oro över brottsligheten i samhället,2025,utbildning,KD,54.02803652187579,100.0
Oro över brottsligheten i samhället,2025,utbildning,L,52.23355064072689,100.0
Oro över brottsligheten i samhället,2025,utbildning,M,53.973089463237486,100.0
Oro över brottsligheten i samhället,2025,utbildning,MP,52.24853271503196,100.0
Oro över brottsligheten i samhället,2025,utbildning,S,53.899480924704186,100.0
Oro över brottsligheten i samhället,2025,utbildning,SD,55.06045487997425,100.0
Oro över brottsligheten i samhället,2025,utbildning,V,53.038711530010495,100.0
Oro över brottsligheten i samhället,2025,utbildning,ÖVR,54.46374571330694,100.0
Otrygghet vid utevistelse sent på kvällen i det egna bostadsområdet,2007,utbildning,ALLA,24.674893936582475,90.74772896403515
Otrygghet vid utevistelse sent på kvällen i det egna bostadsområdet,2007,utbildning,C,24.61076283603734,87.25329127720987
Otrygghet vid utevistelse sent på kvällen i det egna bostadsområdet,2007,utbildning,KD,24.24445513265437,85.26219212833122
Otrygghet vid utevistelse sent på kvällen i det egna bostadsområdet,2007,utbildning,L,23.4115670540982,92.33684390589318
Otrygghet vid utevistelse sent på kvällen i det egna bostadsområdet,2007,utbildning,M,24.082005300945138,90.61034449723712
Otrygghet vid utevistelse sent på kvällen i det egna bostadsområdet,2007,utbildning,MP,23.535455937895616,97.6718980827234
Otrygghet vid utevistelse sent på kvällen i det egna bostadsområdet,2007,utbildning,S,25.442069196336497,89.72788931438981
Otrygghet vid utevistelse sent på kvällen i det egna bostadsområdet,2007,utbildning,V,23.889120378861698,97.31580124237047
Otrygghet vid utevistelse sent på kvällen i det egna bostadsområdet,2007,utbildning,ÖVR,25.567576799394562,92.93232082148222
Otrygghet vid utevistelse sent på kvällen i det egna bostadsområdet,2008,utbildning,ALLA,23.99103732427078,90.23519964066065
Otrygghet vid utevistelse sent på kvällen i det egna bostadsområdet,2008,utbildning,C,23.93899259234721,83.49045545645242
Otrygghet vid utevistelse sent på kvällen i det egna bostadsområdet,2008,utbildning,KD,23.084560828657402,82.58689565402341
Otrygghet vid utevistelse sent på kvällen i det egna bostadsområdet,2008,utbildning,L,21.671299657288685,88.76071960955781
Otrygghet vid utevistelse sent på kvällen i det egna bostadsområdet,2008,utbildning,M,23.276671856582645,90.7754623339683
Otrygghet vid utevistelse sent på kvällen i det egna bostadsområdet,2008,utbildning,MP,22.221174740086667,97.46982994074179
Otrygghet vid utevistelse sent på kvällen i det egna bostadsområdet,2008,utbildning,S,24.96058580455108,89.81257890717336
Otrygghet vid utevistelse sent på kvällen i det egna bostadsområdet,2008,utbildning,V,23.365366896137754,96.18444620472206
Otrygghet vid utevistelse sent på kvällen i det egna bostadsområdet,2008,utbildning,ÖVR,25.87981226537123,91.03752091039338
Otrygghet vid utevistelse sent på kvällen i det egna bostadsområdet,2009,utbildning,ALLA,22.95671550311155,90.65884955451226
Otrygghet vid utevistelse sent på kvällen i det egna bostadsområdet,2009,utbildning,C,23.285090348844275,82.74461329731677
Otrygghet vid utevistelse sent på kvällen i det egna bostadsområdet,2009,utbildning,KD,22.321769785493494,83.8480349764167
Otrygghet vid utevistelse sent på kvällen i det egna bostadsområdet,2009,utbildning,L,21.28780033058551,87.85660765689417
Otrygghet vid utevistelse sent på kvällen i det egna bostadsområdet,2009,utbildning,M,22.57894070277514,91.03708602546295
Otrygghet vid utevistelse sent på kvällen i det egna bostadsområdet,2009,utbildning,MP,21.58004965740239,97.74695417261444
Otrygghet vid utevistelse sent på kvällen i det egna bostadsområdet,2009,utbildning,S,23.683712048688104,90.06006743574216
Otrygghet vid utevistelse sent på kvällen i det egna bostadsområdet,2009,utbildning,V,22.255589256538126,96.56670301272132
Otrygghet vid utevistelse sent på kvällen i det egna bostadsområdet,2009,utbildning,ÖVR,24.273604426853527,92.94083337310738
Otrygghet vid utevistelse sent på kvällen i det egna bostadsområdet,2010,utbildning,ALLA,21.306283218621058,100.0
Otrygghet vid utevistelse sent på kvällen i det egna bostadsområdet,2010,utbildning,C,21.71965094915307,100.00000000000001
Otrygghet vid utevistelse sent på kvällen i det egna bostadsområdet,2010,utbildning,KD,20.869048433167883,100.0
Otrygghet vid utevistelse sent på kvällen i det egna bostadsområdet,2010,utbildning,L,19.80063547598023,99.99999999999999
Otrygghet vid utevistelse sent på kvällen i det egna bostadsområdet,2010,utbildning,M,20.990545564024025,100.0
Otrygghet vid utevistelse sent på kvällen i det egna bostadsområdet,2010,utbildning,MP,20.21201781615256,100.0
Otrygghet vid utevistelse sent på kvällen i det egna bostadsområdet,2010,utbildning,S,22.114612097665095,100.0
Otrygghet vid utevistelse sent på kvällen i det egna bostadsområdet,2010,utbildning,V,21.05455612484438,100.0
Otrygghet vid utevistelse sent på kvällen i det egna bostadsområdet,2010,utbildning,ÖVR,22.377519993555833,100.0
Otrygghet vid utevistelse sent på kvällen i det egna bostadsområdet,2011,utbildning,ALLA,22.259284157661227,99.99999999999999
Otrygghet vid utevistelse sent på kvällen i det egna bostadsområdet,2011,utbildning,C,22.51176816486257,100.0
Otrygghet vid utevistelse sent på kvällen i det egna bostadsområdet,2011,utbildning,KD,21.21382159326866,100.0
Otrygghet vid utevistelse sent på kvällen i det egna bostadsområdet,2011,utbildning,L,20.5776519720481,100.0
Otrygghet vid utevistelse sent på kvällen i det egna bostadsområdet,2011,utbildning,M,21.87100227944255,100.0
Otrygghet vid utevistelse sent på kvällen i det egna bostadsområdet,2011,utbildning,MP,20.928744208742344,100.0
Otrygghet vid utevistelse sent på kvällen i det egna bostadsområdet,2011,utbildning,S,23.19658511829191,100.0
Otrygghet vid utevistelse sent på kvällen i det egna bostadsområdet,2011,utbildning,SD,23.666006371961192,100.0
Otrygghet vid utevistelse sent på kvällen i det egna bostadsområdet,2011,utbildning,V,21.82674707675416,100.0
Otrygghet vid utevistelse sent på kvällen i det egna bostadsområdet,2011,utbildning,ÖVR,21.06944483455895,100.0
Otrygghet vid utevistelse sent på kvällen i det egna bostadsområdet,2012,utbildning,ALLA,22.243583800102183,100.0
Otrygghet vid utevistelse sent på kvällen i det egna bostadsområdet,2012,utbildning,C,23.41438874704106,100.00000000000001
Otrygghet vid utevistelse sent på kvällen i det egna bostadsområdet,2012,utbildning,KD,21.123323480539856,100.0
Otrygghet vid utevistelse sent på kvällen i det egna bostadsområdet,2012,utbildning,L,19.912649143548585,100.0
Otrygghet vid utevistelse sent på kvällen i det egna bostadsområdet,2012,utbildning,M,21.49456526535055,100.0
Otrygghet vid utevistelse sent på kvällen i det egna bostadsområdet,2012,utbildning,MP,20.008367137695263,100.0
Otrygghet vid utevistelse sent på kvällen i det egna bostadsområdet,2012,utbildning,S,23.545009339384592,100.0
Otrygghet vid utevistelse sent på kvällen i det egna bostadsområdet,2012,utbildning,SD,23.94903060693137,99.99999999999999
Otrygghet vid utevistelse sent på kvällen i det egna bostadsområdet,2012,utbildning,V,20.778778489156686,99.99999999999999
Otrygghet vid utevistelse sent på kvällen i det egna bostadsområdet,2012,utbildning,ÖVR,22.0198633273098,100.0
Otrygghet vid utevistelse sent på kvällen i det egna bostadsområdet,2013,utbildning,ALLA,20.738688508220616,100.0
Otrygghet vid utevistelse sent på kvällen i det egna bostadsområdet,2013,utbildning,C,21.462101746666136,100.0
Otrygghet vid utevistelse sent på kvällen i det egna bostadsområdet,2013,utbildning,KD,19.265150790641567,100.0
Otrygghet vid utevistelse sent på kvällen i det egna bostadsområdet,2013,utbildning,L,18.531874921633303,100.0
Otrygghet vid utevistelse sent på kvällen i det egna bostadsområdet,2013,utbildning,M,20.39159647267753,100.0
Otrygghet vid utevistelse sent på kvällen i det egna bostadsområdet,2013,utbildning,MP,19.251303315757966,100.0
Otrygghet vid utevistelse sent på kvällen i det egna bostadsområdet,2013,utbildning,S,21.58107849189306,100.0
Otrygghet vid utevistelse sent på kvällen i det egna bostadsområdet,2013,utbildning,SD,22.592288702817655,100.00000000000001
Otrygghet vid utevistelse sent på kvällen i det egna bostadsområdet,2013,utbildning,V,19.797847734462938,100.0
Otrygghet vid utevistelse sent på kvällen i det egna bostadsområdet,2013,utbildning,ÖVR,20.754612160577462,100.0
Otrygghet vid utevistelse sent på kvällen i det egna bostadsområdet,2014,utbildning,ALLA,21.251538428204967,100.0
Otrygghet vid utevistelse sent på kvällen i det egna bostadsområdet,2014,utbildning,C,22.00583750741659,100.0
Otrygghet vid utevistelse sent på kvällen i det egna bostadsområdet,2014,utbildning,KD,20.51071426448615,100.0
Otrygghet vid utevistelse sent på kvällen i det egna bostadsområdet,2014,utbildning,L,19.273624200974453,99.99999999999999
Otrygghet vid utevistelse sent på kvällen i det egna bostadsområdet,2014,utbildning,M,20.535485012033586,100.0
Otrygghet vid utevistelse sent på kvällen i det egna bostadsområdet,2014,utbildning,MP,19.664253817541283,100.0
Otrygghet vid utevistelse sent på kvällen i det egna bostadsområdet,2014,utbildning,S,22.172786653899266,100.0
Otrygghet vid utevistelse sent på kvällen i det egna bostadsområdet,2014,utbildning,SD,23.27635201483321,100.0
Otrygghet vid utevistelse sent på kvällen i det egna bostadsområdet,2014,utbildning,V,20.566045714050233,100.0
Otrygghet vid utevistelse sent på kvällen i det egna bostadsområdet,2014,utbildning,ÖVR,20.43349306264013,100.0
Otrygghet vid utevistelse sent på kvällen i det egna bostadsområdet,2015,utbildning,ALLA,21.90567258478984,99.99999999999999
Otrygghet vid utevistelse sent på kvällen i det egna bostadsområdet,2015,utbildning,C,21.49860668814484,99.99999999999999
Otrygghet vid utevistelse sent på kvällen i det egna bostadsområdet,2015,utbildning,KD,21.0013159136879,100.0
Otrygghet vid utevistelse sent på kvällen i det egna bostadsområdet,2015,utbildning,L,19.782355165949372,100.0
Otrygghet vid utevistelse sent på kvällen i det egna bostadsområdet,2015,utbildning,M,21.560664475683645,100.0
Otrygghet vid utevistelse sent på kvällen i det egna bostadsområdet,2015,utbildning,MP,20.012466291065827,100.0
Otrygghet vid utevistelse sent på kvällen i det egna bostadsområdet,2015,utbildning,S,22.72526290205783,99.99999999999999
Otrygghet vid utevistelse sent på kvällen i det egna bostadsområdet,2015,utbildning,SD,23.369932509426413,100.00000000000001
Otrygghet vid utevistelse sent på kvällen i det egna bostadsområdet,2015,utbildning,V,21.063272619115786,100.0
Otrygghet vid utevistelse sent på kvällen i det egna bostadsområdet,2015,utbildning,ÖVR,20.580097474527243,100.0
Otrygghet vid utevistelse sent på kvällen i det egna bostadsområdet,2016,utbildning,ALLA,27.78503669367935,100.0
Otrygghet vid utevistelse sent på kvällen i det egna bostadsområdet,2016,utbildning,C,27.03738917725012,100.0
Otrygghet vid utevistelse sent på kvällen i det egna bostadsområdet,2016,utbildning,KD,26.867513719214163,100.0
Otrygghet vid utevistelse sent på kvällen i det egna bostadsområdet,2016,utbildning,L,25.41108333777505,100.00000000000001
Otrygghet vid utevistelse sent på kvällen i det egna bostadsområdet,2016,utbildning,M,27.218306146651067,100.0
Otrygghet vid utevistelse sent på kvällen i det egna bostadsområdet,2016,utbildning,MP,25.75893015839255,100.0
Otrygghet vid utevistelse sent på kvällen i det egna bostadsområdet,2016,utbildning,S,28.659316909009267,100.0
Otrygghet vid utevistelse sent på kvällen i det egna bostadsområdet,2016,utbildning,SD,29.26554587218967,100.0
Otrygghet vid utevistelse sent på kvällen i det egna bostadsområdet,2016,utbildning,V,26.81360609448041,100.0
Otrygghet vid utevistelse sent på kvällen i det egna bostadsområdet,2016,utbildning,ÖVR,27.331641834268307,100.0
Otrygghet vid utevistelse sent på kvällen i det egna bostadsområdet,2017,utbildning,ALLA,27.524218513819502,100.0
Otrygghet vid utevistelse sent på kvällen i det egna bostadsområdet,2017,utbildning,C,26.65950472390244,100.0
Otrygghet vid utevistelse sent på kvällen i det egna bostadsområdet,2017,utbildning,KD,27.167941928510164,100.0
Otrygghet vid utevistelse sent på kvällen i det egna bostadsområdet,2017,utbildning,L,25.98715983620867,100.00000000000003
Otrygghet vid utevistelse sent på kvällen i det egna bostadsområdet,2017,utbildning,M,26.993622251633706,100.0
Otrygghet vid utevistelse sent på kvällen i det egna bostadsområdet,2017,utbildning,MP,25.77674485715698,100.0
Otrygghet vid utevistelse sent på kvällen i det egna bostadsområdet,2017,utbildning,S,28.278241511299356,100.0
Otrygghet vid utevistelse sent på kvällen i det egna bostadsområdet,2017,utbildning,SD,29.178312252491192,100.0
Otrygghet vid utevistelse sent på kvällen i det egna bostadsområdet,2017,utbildning,V,26.19743455862587,100.0
Otrygghet vid utevistelse sent på kvällen i det egna bostadsområdet,2017,utbildning,ÖVR,25.27235672565648,100.0
Otrygghet vid utevistelse sent på kvällen i det egna bostadsområdet,2018,utbildning,ALLA,27.57434011352175,100.0
Otrygghet vid utevistelse sent på kvällen i det egna bostadsområdet,2018,utbildning,C,26.635322053595218,100.0
Otrygghet vid utevistelse sent på kvällen i det egna bostadsområdet,2018,utbildning,KD,26.85619954145043,100.00000000000001
Otrygghet vid utevistelse sent på kvällen i det egna bostadsområdet,2018,utbildning,L,25.82926370273336,100.0
Otrygghet vid utevistelse sent på kvällen i det egna bostadsområdet,2018,utbildning,M,27.08907445947352,100.0
Otrygghet vid utevistelse sent på kvällen i det egna bostadsområdet,2018,utbildning,MP,25.99032392314357,100.0
Otrygghet vid utevistelse sent på kvällen i det egna bostadsområdet,2018,utbildning,S,28.345990228787333,100.0
Otrygghet vid utevistelse sent på kvällen i det egna bostadsområdet,2018,utbildning,SD,29.125672348829585,100.0
Otrygghet vid utevistelse sent på kvällen i det egna bostadsområdet,2018,utbildning,V,26.541165771166256,100.0
Otrygghet vid utevistelse sent på kvällen i det egna bostadsområdet,2018,utbildning,ÖVR,26.015579199526528,100.0
Otrygghet vid utevistelse sent på kvällen i det egna bostadsområdet,2019,utbildning,ALLA,27.33846877781501,100.0
Otrygghet vid utevistelse sent på kvällen i det egna bostadsområdet,2019,utbildning,C,26.50188753257762,100.0
Otrygghet vid utevistelse sent på kvällen i det egna bostadsområdet,2019,utbildning,KD,27.09370326654066,100.0
Otrygghet vid utevistelse sent på kvällen i det egna bostadsområdet,2019,utbildning,L,25.46184368254501,100.0
Otrygghet vid utevistelse sent på kvällen i det egna bostadsområdet,2019,utbildning,M,27.066201108549276,100.0
Otrygghet vid utevistelse sent på kvällen i det egna bostadsområdet,2019,utbildning,MP,25.729232382554247,100.0
Otrygghet vid utevistelse sent på kvällen i det egna bostadsområdet,2019,utbildning,S,27.839029393830472,100.0
Otrygghet vid utevistelse sent på kvällen i det egna bostadsområdet,2019,utbildning,SD,29.020102261852234,100.0
Otrygghet vid utevistelse sent på kvällen i det egna bostadsområdet,2019,utbildning,V,25.95317575548549,100.0
Otrygghet vid utevistelse sent på kvällen i det egna bostadsområdet,2019,utbildning,ÖVR,27.81268821625903,100.0
Otrygghet vid utevistelse sent på kvällen i det egna bostadsområdet,2020,utbildning,ALLA,29.633493680793876,100.0
Otrygghet vid utevistelse sent på kvällen i det egna bostadsområdet,2020,utbildning,C,28.504347674070214,100.0
Otrygghet vid utevistelse sent på kvällen i det egna bostadsområdet,2020,utbildning,KD,29.506673937487168,100.0
Otrygghet vid utevistelse sent på kvällen i det egna bostadsområdet,2020,utbildning,L,27.38571125832168,100.0
Otrygghet vid utevistelse sent på kvällen i det egna bostadsområdet,2020,utbildning,M,29.380143097234544,100.00000000000001
Otrygghet vid utevistelse sent på kvällen i det egna bostadsområdet,2020,utbildning,MP,27.467076220515782,100.0
Otrygghet vid utevistelse sent på kvällen i det egna bostadsområdet,2020,utbildning,S,29.9604398092723,100.0
Otrygghet vid utevistelse sent på kvällen i det egna bostadsområdet,2020,utbildning,SD,31.57230665516665,100.0
Otrygghet vid utevistelse sent på kvällen i det egna bostadsområdet,2020,utbildning,V,28.380082563175183,100.0
Otrygghet vid utevistelse sent på kvällen i det egna bostadsområdet,2020,utbildning,ÖVR,28.98842595936638,100.0
Otrygghet vid utevistelse sent på kvällen i det egna bostadsområdet,2021,utbildning,ALLA,27.591750738112122,100.0
Otrygghet vid utevistelse sent på kvällen i det egna bostadsområdet,2021,utbildning,C,26.071867699024192,100.0
Otrygghet vid utevistelse sent på kvällen i det egna bostadsområdet,2021,utbildning,KD,27.349878620401867,100.0
Otrygghet vid utevistelse sent på kvällen i det egna bostadsområdet,2021,utbildning,L,25.643413004079207,99.99999999999999
Otrygghet vid utevistelse sent på kvällen i det egna bostadsområdet,2021,utbildning,M,26.887180100477284,100.0
Otrygghet vid utevistelse sent på kvällen i det egna bostadsområdet,2021,utbildning,MP,25.475996973743346,100.0
Otrygghet vid utevistelse sent på kvällen i det egna bostadsområdet,2021,utbildning,S,27.989318263131146,100.0
Otrygghet vid utevistelse sent på kvällen i det egna bostadsområdet,2021,utbildning,SD,29.844073087081114,100.00000000000001
Otrygghet vid utevistelse sent på kvällen i det egna bostadsområdet,2021,utbildning,V,26.609041727528673,100.0
Otrygghet vid utevistelse sent på kvällen i det egna bostadsområdet,2021,utbildning,ÖVR,27.80326141653239,100.0
Otrygghet vid utevistelse sent på kvällen i det egna bostadsområdet,2022,utbildning,ALLA,26.218366122885104,100.0
Otrygghet vid utevistelse sent på kvällen i det egna bostadsområdet,2022,utbildning,C,24.377111018307804,100.0
Otrygghet vid utevistelse sent på kvällen i det egna bostadsområdet,2022,utbildning,KD,26.536049289620774,100.00000000000001
Otrygghet vid utevistelse sent på kvällen i det egna bostadsområdet,2022,utbildning,L,24.77873101470982,100.00000000000001
Otrygghet vid utevistelse sent på kvällen i det egna bostadsområdet,2022,utbildning,M,25.904267559905264,100.0
Otrygghet vid utevistelse sent på kvällen i det egna bostadsområdet,2022,utbildning,MP,23.835880333358737,100.0
Otrygghet vid utevistelse sent på kvällen i det egna bostadsområdet,2022,utbildning,S,26.50548757437709,100.0
Otrygghet vid utevistelse sent på kvällen i det egna bostadsområdet,2022,utbildning,SD,28.044266734814936,100.0
Otrygghet vid utevistelse sent på kvällen i det egna bostadsområdet,2022,utbildning,V,25.300603503215545,100.0
Otrygghet vid utevistelse sent på kvällen i det egna bostadsområdet,2022,utbildning,ÖVR,25.287828301681394,100.0
Otrygghet vid utevistelse sent på kvällen i det egna bostadsområdet,2023,utbildning,ALLA,25.73024101170584,100.0
Otrygghet vid utevistelse sent på kvällen i det egna bostadsområdet,2023,utbildning,C,24.297597832896404,100.0
Otrygghet vid utevistelse sent på kvällen i det egna bostadsområdet,2023,utbildning,KD,26.082223810308243,100.0
Otrygghet vid utevistelse sent på kvällen i det egna bostadsområdet,2023,utbildning,L,24.08751203006419,100.0
Otrygghet vid utevistelse sent på kvällen i det egna bostadsområdet,2023,utbildning,M,25.557089639337,100.0
Otrygghet vid utevistelse sent på kvällen i det egna bostadsområdet,2023,utbildning,MP,23.383791585984103,99.99999999999999
Otrygghet vid utevistelse sent på kvällen i det egna bostadsområdet,2023,utbildning,S,26.046214626704177,100.0
Otrygghet vid utevistelse sent på kvällen i det egna bostadsområdet,2023,utbildning,SD,27.31186763247832,100.0
Otrygghet vid utevistelse sent på kvällen i det egna bostadsområdet,2023,utbildning,V,24.329850776683642,100.0
Otrygghet vid utevistelse sent på kvällen i det egna bostadsområdet,2023,utbildning,ÖVR,24.56824677893664,100.0
Otrygghet vid utevistelse sent på kvällen i det egna bostadsområdet,2024,utbildning,ALLA,23.663893785828858,100.0
Otrygghet vid utevistelse sent på kvällen i det egna bostadsområdet,2024,utbildning,C,22.668475774128964,100.0
Otrygghet vid utevistelse sent på kvällen i det egna bostadsområdet,2024,utbildning,KD,23.420186347625844,100.0
Otrygghet vid utevistelse sent på kvällen i det egna bostadsområdet,2024,utbildning,L,21.63397877581687,100.0
Otrygghet vid utevistelse sent på kvällen i det egna bostadsområdet,2024,utbildning,M,23.716892435620085,100.0
Otrygghet vid utevistelse sent på kvällen i det egna bostadsområdet,2024,utbildning,MP,21.635563403819887,100.0
Otrygghet vid utevistelse sent på kvällen i det egna bostadsområdet,2024,utbildning,S,24.03302564331877,100.00000000000001
Otrygghet vid utevistelse sent på kvällen i det egna bostadsområdet,2024,utbildning,SD,25.1695230536677,100.0
Otrygghet vid utevistelse sent på kvällen i det egna bostadsområdet,2024,utbildning,V,21.758642793779718,100.0
Otrygghet vid utevistelse sent på kvällen i det egna bostadsområdet,2024,utbildning,ÖVR,23.94735099610539,100.0
Otrygghet vid utevistelse sent på kvällen i det egna bostadsområdet,2025,utbildning,ALLA,24.49101733011797,100.0
Otrygghet vid utevistelse sent på kvällen i det egna bostadsområdet,2025,utbildning,C,22.81046882005631,100.0
Otrygghet vid utevistelse sent på kvällen i det egna bostadsområdet,2025,utbildning,KD,23.949751784213795,100.0
Otrygghet vid utevistelse sent på kvällen i det egna bostadsområdet,2025,utbildning,L,21.94646635722886,100.0
Otrygghet vid utevistelse sent på kvällen i det egna bostadsområdet,2025,utbildning,M,24.336151229379784,100.0
Otrygghet vid utevistelse sent på kvällen i det egna bostadsområdet,2025,utbildning,MP,22.19085816478697,100.0
Otrygghet vid utevistelse sent på kvällen i det egna bostadsområdet,2025,utbildning,S,24.94726676817644,100.0
Otrygghet vid utevistelse sent på kvällen i det egna bostadsområdet,2025,utbildning,SD,26.328323536459937,100.0
Otrygghet vid utevistelse sent på kvällen i det egna bostadsområdet,2025,utbildning,V,23.2710967243918,100.0
Otrygghet vid utevistelse sent på kvällen i det egna bostadsområdet,2025,utbildning,ÖVR,23.604757773607734,100.0
Självrapporterad utsatthet för hot,2006,utbildning,ALLA,6.340068645635308,90.84704871067842
Självrapporterad utsatthet för hot,2006,utbildning,C,6.26559711880749,85.37742648829884
Självrapporterad utsatthet för hot,2006,utbildning,KD,6.434004225742662,87.581875680358
Självrapporterad utsatthet för hot,2006,utbildning,L,6.4466444905487625,93.94206534204585
Självrapporterad utsatthet för hot,2006,utbildning,M,6.386284483843243,90.91051936706552
Självrapporterad utsatthet för hot,2006,utbildning,MP,6.438280456863572,96.59560142568779
Självrapporterad utsatthet för hot,2006,utbildning,S,6.271937735269512,89.53358099305188
Självrapporterad utsatthet för hot,2006,utbildning,V,6.37913593149904,96.93222360786615
Självrapporterad utsatthet för hot,2006,utbildning,ÖVR,6.312637308660754,94.76562828063376
Självrapporterad utsatthet för hot,2007,utbildning,ALLA,5.685503438215582,90.74772896403515
Självrapporterad utsatthet för hot,2007,utbildning,C,5.681868841086596,87.25329127720987
Självrapporterad utsatthet för hot,2007,utbildning,KD,5.656779736886763,85.26219212833122
Självrapporterad utsatthet för hot,2007,utbildning,L,5.585590809489317,92.33684390589318
Självrapporterad utsatthet för hot,2007,utbildning,M,5.63931120388805,90.61034449723712
Självrapporterad utsatthet för hot,2007,utbildning,MP,5.591887905981234,97.6718980827234
Självrapporterad utsatthet för hot,2007,utbildning,S,5.746734336704457,89.72788931438981
Självrapporterad utsatthet för hot,2007,utbildning,V,5.619316738674797,97.31580124237047
Självrapporterad utsatthet för hot,2007,utbildning,ÖVR,5.746367876581406,92.93232082148222
Självrapporterad utsatthet för hot,2008,utbildning,ALLA,5.545240687413512,90.23519964066065
Självrapporterad utsatthet för hot,2008,utbildning,C,5.591494059933593,83.49045545645242
Självrapporterad utsatthet för hot,2008,utbildning,KD,5.659428125044334,82.58689565402341
Självrapporterad utsatthet för hot,2008,utbildning,L,5.650943187302177,88.76071960955781
Självrapporterad utsatthet för hot,2008,utbildning,M,5.566984569897296,90.7754623339683
Självrapporterad utsatthet för hot,2008,utbildning,MP,5.7061436910497285,97.46982994074179
Självrapporterad utsatthet för hot,2008,utbildning,S,5.483032599495333,89.81257890717336
Självrapporterad utsatthet för hot,2008,utbildning,V,5.510140871607614,96.18444620472206
Självrapporterad utsatthet för hot,2008,utbildning,ÖVR,5.626233163875925,91.03752091039338
Självrapporterad utsatthet för hot,2009,utbildning,ALLA,5.999994523511666,90.65884955451226
Självrapporterad utsatthet för hot,2009,utbildning,C,6.033571461400354,82.74461329731677
Självrapporterad utsatthet för hot,2009,utbildning,KD,5.922832547617263,83.8480349764167
Självrapporterad utsatthet för hot,2009,utbildning,L,5.792875638392913,87.85660765689417
Självrapporterad utsatthet för hot,2009,utbildning,M,5.95314891255525,91.03708602546295
Självrapporterad utsatthet för hot,2009,utbildning,MP,5.825862469540959,97.74695417261444
Självrapporterad utsatthet för hot,2009,utbildning,S,6.091103295112001,90.06006743574216
Självrapporterad utsatthet för hot,2009,utbildning,V,5.914058548783637,96.56670301272132
Självrapporterad utsatthet för hot,2009,utbildning,ÖVR,6.166675112518453,92.94083337310738
Självrapporterad utsatthet för hot,2010,utbildning,ALLA,5.791606634022602,100.0
Självrapporterad utsatthet för hot,2010,utbildning,C,5.830704087039903,100.00000000000001
Självrapporterad utsatthet för hot,2010,utbildning,KD,5.716648224960304,100.0
Självrapporterad utsatthet för hot,2010,utbildning,L,5.450606352883313,99.99999999999999
Självrapporterad utsatthet för hot,2010,utbildning,M,5.735492816516164,100.0
Självrapporterad utsatthet för hot,2010,utbildning,MP,5.525338427623942,100.0
Självrapporterad utsatthet för hot,2010,utbildning,S,5.963628526264306,100.0
Självrapporterad utsatthet för hot,2010,utbildning,V,5.761937442848469,100.0
Självrapporterad utsatthet för hot,2010,utbildning,ÖVR,6.050501069096945,100.0
Självrapporterad utsatthet för hot,2011,utbildning,ALLA,5.790148988957719,99.99999999999999
Självrapporterad utsatthet för hot,2011,utbildning,C,5.825692420899965,100.0
Självrapporterad utsatthet för hot,2011,utbildning,KD,5.717769915213149,100.0
Självrapporterad utsatthet för hot,2011,utbildning,L,5.670246655325127,100.0
Självrapporterad utsatthet för hot,2011,utbildning,M,5.753939872364852,100.0
Självrapporterad utsatthet för hot,2011,utbildning,MP,5.687868657722421,100.0
Självrapporterad utsatthet för hot,2011,utbildning,S,5.866449958307506,100.0
Självrapporterad utsatthet för hot,2011,utbildning,SD,5.888656644305671,100.0
Självrapporterad utsatthet för hot,2011,utbildning,V,5.742217477665113,100.0
Självrapporterad utsatthet för hot,2011,utbildning,ÖVR,5.71013060970729,100.0
Självrapporterad utsatthet för hot,2012,utbildning,ALLA,5.921192939053789,100.0
Självrapporterad utsatthet för hot,2012,utbildning,C,5.989079317795021,100.00000000000001
Självrapporterad utsatthet för hot,2012,utbildning,KD,5.936460308340828,100.0
Självrapporterad utsatthet för hot,2012,utbildning,L,5.943636447687326,100.0
Självrapporterad utsatthet för hot,2012,utbildning,M,5.898896317014519,100.0
Självrapporterad utsatthet för hot,2012,utbildning,MP,5.930307555809125,100.0
Självrapporterad utsatthet för hot,2012,utbildning,S,5.92633373304535,100.0
Självrapporterad utsatthet för hot,2012,utbildning,SD,5.899939130307847,99.99999999999999
Självrapporterad utsatthet för hot,2012,utbildning,V,5.911007343791714,99.99999999999999
Självrapporterad utsatthet för hot,2012,utbildning,ÖVR,5.948537083897776,100.0
Självrapporterad utsatthet för hot,2013,utbildning,ALLA,6.250788912997673,100.0
Självrapporterad utsatthet för hot,2013,utbildning,C,6.138152770036594,100.0
Självrapporterad utsatthet för hot,2013,utbildning,KD,6.252114955969151,100.0
Självrapporterad utsatthet för hot,2013,utbildning,L,6.176660355037327,100.0
Självrapporterad utsatthet för hot,2013,utbildning,M,6.291115066898961,100.0
Självrapporterad utsatthet för hot,2013,utbildning,MP,6.232674398111035,100.0
Självrapporterad utsatthet för hot,2013,utbildning,S,6.230355912065342,100.0
Självrapporterad utsatthet för hot,2013,utbildning,SD,6.243310883308415,100.00000000000001
Självrapporterad utsatthet för hot,2013,utbildning,V,6.351472559614301,100.0
Självrapporterad utsatthet för hot,2013,utbildning,ÖVR,6.379542258298029,100.0
Självrapporterad utsatthet för hot,2014,utbildning,ALLA,5.774327460547356,100.0
Självrapporterad utsatthet för hot,2014,utbildning,C,5.7644747211637215,100.0
Självrapporterad utsatthet för hot,2014,utbildning,KD,5.781638051047942,100.0
Självrapporterad utsatthet för hot,2014,utbildning,L,5.789486396335387,99.99999999999999
Självrapporterad utsatthet för hot,2014,utbildning,M,5.78027019864854,100.0
Självrapporterad utsatthet för hot,2014,utbildning,MP,5.780409806664323,100.0
Självrapporterad utsatthet för hot,2014,utbildning,S,5.76805149970952,100.0
Självrapporterad utsatthet för hot,2014,utbildning,SD,5.761942037598585,100.0
Självrapporterad utsatthet för hot,2014,utbildning,V,5.780718188063441,100.0
Självrapporterad utsatthet för hot,2014,utbildning,ÖVR,5.780010707630852,100.0
Självrapporterad utsatthet för hot,2015,utbildning,ALLA,6.857937448018142,99.99999999999999
Självrapporterad utsatthet för hot,2015,utbildning,C,6.899217792106668,99.99999999999999
Självrapporterad utsatthet för hot,2015,utbildning,KD,6.956795463943535,100.0
Självrapporterad utsatthet för hot,2015,utbildning,L,7.121040465042202,100.0
Självrapporterad utsatthet för hot,2015,utbildning,M,6.903512507757252,100.0
Självrapporterad utsatthet för hot,2015,utbildning,MP,7.083128191188715,100.0
Självrapporterad utsatthet för hot,2015,utbildning,S,6.752828025570771,99.99999999999999
Självrapporterad utsatthet för hot,2015,utbildning,SD,6.679956166287408,100.00000000000001
Självrapporterad utsatthet för hot,2015,utbildning,V,6.986369037601322,100.0
Självrapporterad utsatthet för hot,2015,utbildning,ÖVR,7.026170121056382,100.0
Självrapporterad utsatthet för hot,2016,utbildning,ALLA,7.859371517462105,100.0
Självrapporterad utsatthet för hot,2016,utbildning,C,7.89140582774099,100.0
Självrapporterad utsatthet för hot,2016,utbildning,KD,7.912342367679758,100.0
Självrapporterad utsatthet för hot,2016,utbildning,L,7.949705958131613,100.00000000000001
Självrapporterad utsatthet för hot,2016,utbildning,M,7.87099443216595,100.0
Självrapporterad utsatthet för hot,2016,utbildning,MP,7.954381193022857,100.0
Självrapporterad utsatthet för hot,2016,utbildning,S,7.834105589293504,100.0
Självrapporterad utsatthet för hot,2016,utbildning,SD,7.794644376161264,100.0
Självrapporterad utsatthet för hot,2016,utbildning,V,7.892263755409943,100.0
Självrapporterad utsatthet för hot,2016,utbildning,ÖVR,7.881226388627605,100.0
Självrapporterad utsatthet för hot,2017,utbildning,ALLA,8.334046463773118,100.0
Självrapporterad utsatthet för hot,2017,utbildning,C,8.382451792323478,100.0
Självrapporterad utsatthet för hot,2017,utbildning,KD,8.350865431437894,100.0
Självrapporterad utsatthet för hot,2017,utbildning,L,8.386720185049288,100.00000000000003
Självrapporterad utsatthet för hot,2017,utbildning,M,8.364572047796633,100.0
Självrapporterad utsatthet för hot,2017,utbildning,MP,8.412609556915422,100.0
Självrapporterad utsatthet för hot,2017,utbildning,S,8.293139506654532,100.0
Självrapporterad utsatthet för hot,2017,utbildning,SD,8.271950532306194,100.0
Självrapporterad utsatthet för hot,2017,utbildning,V,8.385524719833107,100.0
Självrapporterad utsatthet för hot,2017,utbildning,ÖVR,8.411186784401314,100.0
Självrapporterad utsatthet för hot,2018,utbildning,ALLA,9.088148664765491,100.0
Självrapporterad utsatthet för hot,2018,utbildning,C,9.075090625199751,100.0
Självrapporterad utsatthet för hot,2018,utbildning,KD,9.077881775830692,100.00000000000001
Självrapporterad utsatthet för hot,2018,utbildning,L,9.069518823683595,100.0
Självrapporterad utsatthet för hot,2018,utbildning,M,9.078822553932303,100.0
Självrapporterad utsatthet för hot,2018,utbildning,MP,9.078805795143532,100.0
Självrapporterad utsatthet för hot,2018,utbildning,S,9.102595809304907,100.0
Självrapporterad utsatthet för hot,2018,utbildning,SD,9.099228195260721,100.0
Självrapporterad utsatthet för hot,2018,utbildning,V,9.075137643906842,100.0
Självrapporterad utsatthet för hot,2018,utbildning,ÖVR,9.077510559820862,100.0
Självrapporterad utsatthet för hot,2019,utbildning,ALLA,9.135596291252407,100.0
Självrapporterad utsatthet för hot,2019,utbildning,C,9.08503478089289,100.0
Självrapporterad utsatthet för hot,2019,utbildning,KD,9.114446842674745,100.0
Självrapporterad utsatthet för hot,2019,utbildning,L,9.065576155083956,100.0
Självrapporterad utsatthet för hot,2019,utbildning,M,9.106723897242462,100.0
Självrapporterad utsatthet för hot,2019,utbildning,MP,9.070106094492823,100.0
Självrapporterad utsatthet för hot,2019,utbildning,S,9.18064884921991,100.0
Självrapporterad utsatthet för hot,2019,utbildning,SD,9.204774304273215,100.0
Självrapporterad utsatthet för hot,2019,utbildning,V,9.06470963311051,100.0
Självrapporterad utsatthet för hot,2019,utbildning,ÖVR,9.120013993472032,100.0
Självrapporterad utsatthet för hot,2020,utbildning,ALLA,8.371573506637189,100.0
Självrapporterad utsatthet för hot,2020,utbildning,C,8.3435714079011,100.0
Självrapporterad utsatthet för hot,2020,utbildning,KD,8.31631089266202,100.0
Självrapporterad utsatthet för hot,2020,utbildning,L,8.27454729544108,100.0
Självrapporterad utsatthet för hot,2020,utbildning,M,8.352384713483293,100.00000000000001
Självrapporterad utsatthet för hot,2020,utbildning,MP,8.334514047896459,100.0
Självrapporterad utsatthet för hot,2020,utbildning,S,8.393863703768982,100.0
Självrapporterad utsatthet för hot,2020,utbildning,SD,8.44414884052298,100.0
Självrapporterad utsatthet för hot,2020,utbildning,V,8.321301111097014,100.0
Självrapporterad utsatthet för hot,2020,utbildning,ÖVR,8.31749517468382,100.0
Självrapporterad utsatthet för hot,2021,utbildning,ALLA,7.742760927720433,100.0
Självrapporterad utsatthet för hot,2021,utbildning,C,7.709474986892688,100.0
Självrapporterad utsatthet för hot,2021,utbildning,KD,7.73279983177523,100.0
Självrapporterad utsatthet för hot,2021,utbildning,L,7.703504531223458,99.99999999999999
Självrapporterad utsatthet för hot,2021,utbildning,M,7.726298968585074,100.0
Självrapporterad utsatthet för hot,2021,utbildning,MP,7.695751640723732,100.0
Självrapporterad utsatthet för hot,2021,utbildning,S,7.754678607372551,100.0
Självrapporterad utsatthet för hot,2021,utbildning,SD,7.789172178318108,100.00000000000001
Självrapporterad utsatthet för hot,2021,utbildning,V,7.7216046674544945,100.0
Självrapporterad utsatthet för hot,2021,utbildning,ÖVR,7.741892970945084,100.0
Självrapporterad utsatthet för hot,2022,utbildning,ALLA,7.693500517290939,100.0
Självrapporterad utsatthet för hot,2022,utbildning,C,7.700858002193741,100.0
Självrapporterad utsatthet för hot,2022,utbildning,KD,7.692090802598568,100.00000000000001
Självrapporterad utsatthet för hot,2022,utbildning,L,7.697513494030451,100.00000000000001
Självrapporterad utsatthet för hot,2022,utbildning,M,7.694308250055966,100.0
Självrapporterad utsatthet för hot,2022,utbildning,MP,7.703471974858231,100.0
Självrapporterad utsatthet för hot,2022,utbildning,S,7.6928964722824915,100.0
Självrapporterad utsatthet för hot,2022,utbildning,SD,7.685906184997296,100.0
Självrapporterad utsatthet för hot,2022,utbildning,V,7.697907995552051,100.0
Självrapporterad utsatthet för hot,2022,utbildning,ÖVR,7.692948950759322,100.0
Självrapporterad utsatthet för hot,2023,utbildning,ALLA,7.43058142508128,100.0
Självrapporterad utsatthet för hot,2023,utbildning,C,7.472063848106494,100.0
Självrapporterad utsatthet för hot,2023,utbildning,KD,7.421043660012342,100.0
Självrapporterad utsatthet för hot,2023,utbildning,L,7.479579440652746,100.0
Självrapporterad utsatthet för hot,2023,utbildning,M,7.436450268597451,100.0
Självrapporterad utsatthet för hot,2023,utbildning,MP,7.501853036056538,99.99999999999999
Självrapporterad utsatthet för hot,2023,utbildning,S,7.419531847217764,100.0
Självrapporterad utsatthet för hot,2023,utbildning,SD,7.385403842866469,100.0
Självrapporterad utsatthet för hot,2023,utbildning,V,7.4725164060869975,100.0
Självrapporterad utsatthet för hot,2023,utbildning,ÖVR,7.477867102686823,100.0
Självrapporterad utsatthet för hot,2024,utbildning,ALLA,7.498923006785849,100.0
Självrapporterad utsatthet för hot,2024,utbildning,C,7.500797267839403,100.0
Självrapporterad utsatthet för hot,2024,utbildning,KD,7.497340740289092,100.0
Självrapporterad utsatthet för hot,2024,utbildning,L,7.478331977230725,100.0
Självrapporterad utsatthet för hot,2024,utbildning,M,7.4950923147989865,100.0
Självrapporterad utsatthet för hot,2024,utbildning,MP,7.474304180996048,100.0
Självrapporterad utsatthet för hot,2024,utbildning,S,7.514011854695338,100.00000000000001
Självrapporterad utsatthet för hot,2024,utbildning,SD,7.497993852742505,100.0
Självrapporterad utsatthet för hot,2024,utbildning,V,7.4789333756167435,100.0
Självrapporterad utsatthet för hot,2024,utbildning,ÖVR,7.484601063284385,100.0
Självrapporterad utsatthet för misshandel,2006,utbildning,ALLA,2.7841553650609527,90.84704871067842
Självrapporterad utsatthet för misshandel,2006,utbildning,C,3.0597840341330365,85.37742648829884
Självrapporterad utsatthet för misshandel,2006,utbildning,KD,2.6890315454474374,87.581875680358
Självrapporterad utsatthet för misshandel,2006,utbildning,L,2.5423566017480828,93.94206534204585
Självrapporterad utsatthet för misshandel,2006,utbildning,M,2.647321931044069,90.91051936706552
Självrapporterad utsatthet för misshandel,2006,utbildning,MP,2.6105898337621145,96.59560142568779
Självrapporterad utsatthet för misshandel,2006,utbildning,S,2.9274354591815244,89.53358099305188
Självrapporterad utsatthet för misshandel,2006,utbildning,V,2.6475899821641105,96.93222360786615
Självrapporterad utsatthet för misshandel,2006,utbildning,ÖVR,3.014190600789764,94.76562828063376
Självrapporterad utsatthet för misshandel,2007,utbildning,ALLA,3.2173983808749553,90.74772896403515
Självrapporterad utsatthet för misshandel,2007,utbildning,C,3.2246231502817166,87.25329127720987
Självrapporterad utsatthet för misshandel,2007,utbildning,KD,3.2129321073674073,85.26219212833122
Självrapporterad utsatthet för misshandel,2007,utbildning,L,3.0133282857910753,92.33684390589318
Självrapporterad utsatthet för misshandel,2007,utbildning,M,3.130159884799736,90.61034449723712
Självrapporterad utsatthet för misshandel,2007,utbildning,MP,2.9905111636811936,97.6718980827234
Självrapporterad utsatthet för misshandel,2007,utbildning,S,3.3481419807149018,89.72788931438981
Självrapporterad utsatthet för misshandel,2007,utbildning,V,3.0410165799181366,97.31580124237047
Självrapporterad utsatthet för misshandel,2007,utbildning,ÖVR,3.2424992722570143,92.93232082148222
Självrapporterad utsatthet för misshandel,2008,utbildning,ALLA,2.6581155064956548,90.23519964066065
Självrapporterad utsatthet för misshandel,2008,utbildning,C,2.6848906384191853,83.49045545645242
Självrapporterad utsatthet för misshandel,2008,utbildning,KD,2.5282950165666676,82.58689565402341
Självrapporterad utsatthet för misshandel,2008,utbildning,L,2.16507810580693,88.76071960955781
Självrapporterad utsatthet för misshandel,2008,utbildning,M,2.49696566405663,90.7754623339683
Självrapporterad utsatthet för misshandel,2008,utbildning,MP,2.351148982426434,97.46982994074179
Självrapporterad utsatthet för misshandel,2008,utbildning,S,2.848638082902638,89.81257890717336
Självrapporterad utsatthet för misshandel,2008,utbildning,V,2.4702887530571025,96.18444620472206
Självrapporterad utsatthet för misshandel,2008,utbildning,ÖVR,3.2035997479712046,91.03752091039338
Självrapporterad utsatthet för misshandel,2009,utbildning,ALLA,2.706325108367367,90.65884955451226
Självrapporterad utsatthet för misshandel,2009,utbildning,C,2.8416106092971236,82.74461329731677
Självrapporterad utsatthet för misshandel,2009,utbildning,KD,2.5366631440341947,83.8480349764167
Självrapporterad utsatthet för misshandel,2009,utbildning,L,2.292705791974529,87.85660765689417
Självrapporterad utsatthet för misshandel,2009,utbildning,M,2.6124151343652864,91.03708602546295
Självrapporterad utsatthet för misshandel,2009,utbildning,MP,2.389793101390814,97.74695417261444
Självrapporterad utsatthet för misshandel,2009,utbildning,S,2.879849010854031,90.06006743574216
Självrapporterad utsatthet för misshandel,2009,utbildning,V,2.5244732771833447,96.56670301272132
Självrapporterad utsatthet för misshandel,2009,utbildning,ÖVR,3.0082894239159237,92.94083337310738
Självrapporterad utsatthet för misshandel,2010,utbildning,ALLA,2.675343350786524,100.0
Självrapporterad utsatthet för misshandel,2010,utbildning,C,2.803106311097292,100.00000000000001
Självrapporterad utsatthet för misshandel,2010,utbildning,KD,2.5649358475173405,100.0
Självrapporterad utsatthet för misshandel,2010,utbildning,L,2.3561443457449283,99.99999999999999
Självrapporterad utsatthet för misshandel,2010,utbildning,M,2.5970761041247554,100.0
Självrapporterad utsatthet för misshandel,2010,utbildning,MP,2.456928337502363,100.0
Självrapporterad utsatthet för misshandel,2010,utbildning,S,2.8548421010786753,100.0
Självrapporterad utsatthet för misshandel,2010,utbildning,V,2.6018530684100614,100.0
Självrapporterad utsatthet för misshandel,2010,utbildning,ÖVR,2.8904647285933533,100.0
Självrapporterad utsatthet för misshandel,2011,utbildning,ALLA,2.8508375046565533,99.99999999999999
Självrapporterad utsatthet för misshandel,2011,utbildning,C,3.0214314185775435,100.0
Självrapporterad utsatthet för misshandel,2011,utbildning,KD,2.6437937899972788,100.0
Självrapporterad utsatthet för misshandel,2011,utbildning,L,2.4945728124779123,100.0
Självrapporterad utsatthet för misshandel,2011,utbildning,M,2.71167031153877,100.0
Självrapporterad utsatthet för misshandel,2011,utbildning,MP,2.5194764102062424,100.0
Självrapporterad utsatthet för misshandel,2011,utbildning,S,3.1126344490057414,100.0
Självrapporterad utsatthet för misshandel,2011,utbildning,SD,3.1368888546428764,100.0
Självrapporterad utsatthet för misshandel,2011,utbildning,V,2.6451017985993484,100.0
Självrapporterad utsatthet för misshandel,2011,utbildning,ÖVR,2.630930864424235,100.0
Självrapporterad utsatthet för misshandel,2012,utbildning,ALLA,2.1916871202270882,100.0
Självrapporterad utsatthet för misshandel,2012,utbildning,C,2.393172134449083,100.00000000000001
Självrapporterad utsatthet för misshandel,2012,utbildning,KD,2.086570812303114,100.0
Självrapporterad utsatthet för misshandel,2012,utbildning,L,1.9627818159510144,100.0
Självrapporterad utsatthet för misshandel,2012,utbildning,M,2.0858831149324013,100.0
Självrapporterad utsatthet för misshandel,2012,utbildning,MP,1.9586225536288275,100.0
Självrapporterad utsatthet för misshandel,2012,utbildning,S,2.338803456315663,100.0
Självrapporterad utsatthet för misshandel,2012,utbildning,SD,2.3538860118424867,99.99999999999999
Självrapporterad utsatthet för misshandel,2012,utbildning,V,2.0212940881841983,99.99999999999999
Självrapporterad utsatthet för misshandel,2012,utbildning,ÖVR,2.197245572614455,100.0
Självrapporterad utsatthet för misshandel,2013,utbildning,ALLA,2.714584289238112,100.0
Självrapporterad utsatthet för misshandel,2013,utbildning,C,3.0661803528349862,100.0
Självrapporterad utsatthet för misshandel,2013,utbildning,KD,2.3237332911894826,100.0
Självrapporterad utsatthet för misshandel,2013,utbildning,L,2.2377886924861397,100.0
Självrapporterad utsatthet för misshandel,2013,utbildning,M,2.565451627735328,100.0
Självrapporterad utsatthet för misshandel,2013,utbildning,MP,2.347804171588431,100.0
Självrapporterad utsatthet för misshandel,2013,utbildning,S,2.9660858086239124,100.0
Självrapporterad utsatthet för misshandel,2013,utbildning,SD,3.214531769339946,100.00000000000001
Självrapporterad utsatthet för misshandel,2013,utbildning,V,2.322641986689169,100.0
Självrapporterad utsatthet för misshandel,2013,utbildning,ÖVR,2.5351596517527573,100.0
Självrapporterad utsatthet för misshandel,2014,utbildning,ALLA,2.331659652922298,100.0
Självrapporterad utsatthet för misshandel,2014,utbildning,C,2.4368880911967246,100.0
Självrapporterad utsatthet för misshandel,2014,utbildning,KD,2.237186107584696,100.0
Självrapporterad utsatthet för misshandel,2014,utbildning,L,2.0957781681648253,99.99999999999999
Självrapporterad utsatthet för misshandel,2014,utbildning,M,2.2445587602411994,100.0
Självrapporterad utsatthet för misshandel,2014,utbildning,MP,2.165179412840547,100.0
Självrapporterad utsatthet för misshandel,2014,utbildning,S,2.438582734945654,100.0
Självrapporterad utsatthet för misshandel,2014,utbildning,SD,2.561382943109824,100.0
Självrapporterad utsatthet för misshandel,2014,utbildning,V,2.2456444790399384,100.0
Självrapporterad utsatthet för misshandel,2014,utbildning,ÖVR,2.2363007203289023,100.0
Självrapporterad utsatthet för misshandel,2015,utbildning,ALLA,2.2599255723869485,99.99999999999999
Självrapporterad utsatthet för misshandel,2015,utbildning,C,2.2362697493122266,99.99999999999999
Självrapporterad utsatthet för misshandel,2015,utbildning,KD,2.2040194977585212,100.0
Självrapporterad utsatthet för misshandel,2015,utbildning,L,2.1141322379491334,100.0
Självrapporterad utsatthet för misshandel,2015,utbildning,M,2.234911939669552,100.0
Självrapporterad utsatthet för misshandel,2015,utbildning,MP,2.134339040505695,100.0
Självrapporterad utsatthet för misshandel,2015,utbildning,S,2.317866888865559,99.99999999999999
Självrapporterad utsatthet för misshandel,2015,utbildning,SD,2.358845197341841,100.00000000000001
Självrapporterad utsatthet för misshandel,2015,utbildning,V,2.1908086100101762,100.0
Självrapporterad utsatthet för misshandel,2015,utbildning,ÖVR,2.1670420853932537,100.0
Självrapporterad utsatthet för misshandel,2016,utbildning,ALLA,3.0463680163475373,100.0
Självrapporterad utsatthet för misshandel,2016,utbildning,C,2.9364396693756647,100.0
Självrapporterad utsatthet för misshandel,2016,utbildning,KD,2.927232536766968,100.0
Självrapporterad utsatthet för misshandel,2016,utbildning,L,2.684178114306123,100.00000000000001
Självrapporterad utsatthet för misshandel,2016,utbildning,M,2.9484228715383836,100.0
Självrapporterad utsatthet för misshandel,2016,utbildning,MP,2.757930053045486,100.0
Självrapporterad utsatthet för misshandel,2016,utbildning,S,3.1889954240019747,100.0
Självrapporterad utsatthet för misshandel,2016,utbildning,SD,3.2625588555620073,100.0
Självrapporterad utsatthet för misshandel,2016,utbildning,V,2.893455736894748,100.0
Självrapporterad utsatthet för misshandel,2016,utbildning,ÖVR,2.9825082000133434,100.0
Självrapporterad utsatthet för misshandel,2017,utbildning,ALLA,3.1964350451683545,100.0
Självrapporterad utsatthet för misshandel,2017,utbildning,C,3.083036934791823,100.0
Självrapporterad utsatthet för misshandel,2017,utbildning,KD,3.156702189004376,100.0
Självrapporterad utsatthet för misshandel,2017,utbildning,L,3.0694983454082583,100.00000000000003
Självrapporterad utsatthet för misshandel,2017,utbildning,M,3.125010779520659,100.0
Självrapporterad utsatthet för misshandel,2017,utbildning,MP,3.010344481488038,100.0
Självrapporterad utsatthet för misshandel,2017,utbildning,S,3.2924049842839134,100.0
Självrapporterad utsatthet för misshandel,2017,utbildning,SD,3.345140472473075,100.0
Självrapporterad utsatthet för misshandel,2017,utbildning,V,3.073420581272094,100.0
Självrapporterad utsatthet för misshandel,2017,utbildning,ÖVR,3.0105320347696973,100.0
Självrapporterad utsatthet för misshandel,2018,utbildning,ALLA,3.466329683964017,100.0
Självrapporterad utsatthet för misshandel,2018,utbildning,C,3.3024034256306543,100.0
Självrapporterad utsatthet för misshandel,2018,utbildning,KD,3.3400374850820853,100.00000000000001
Självrapporterad utsatthet för misshandel,2018,utbildning,L,3.1802851604968065,100.0
Självrapporterad utsatthet för misshandel,2018,utbildning,M,3.3731113565266786,100.0
Självrapporterad utsatthet för misshandel,2018,utbildning,MP,3.2316500748110197,100.0
Självrapporterad utsatthet för misshandel,2018,utbildning,S,3.6132987147043933,100.0
Självrapporterad utsatthet för misshandel,2018,utbildning,SD,3.7025320604530703,100.0
Självrapporterad utsatthet för misshandel,2018,utbildning,V,3.290440896877708,100.0
Självrapporterad utsatthet för misshandel,2018,utbildning,ÖVR,3.230627483677302,100.0
Självrapporterad utsatthet för misshandel,2019,utbildning,ALLA,3.440529415957623,100.0
Självrapporterad utsatthet för misshandel,2019,utbildning,C,3.2638605068507296,100.0
Självrapporterad utsatthet för misshandel,2019,utbildning,KD,3.371171719249306,100.0
Självrapporterad utsatthet för misshandel,2019,utbildning,L,3.1648611567105185,100.0
Självrapporterad utsatthet för misshandel,2019,utbildning,M,3.3485169634151855,100.0
Självrapporterad utsatthet för misshandel,2019,utbildning,MP,3.188999178795168,100.0
Självrapporterad utsatthet för misshandel,2019,utbildning,S,3.5873753281417584,100.0
Självrapporterad utsatthet för misshandel,2019,utbildning,SD,3.705436766556484,100.0
Självrapporterad utsatthet för misshandel,2019,utbildning,V,3.183669133239199,100.0
Självrapporterad utsatthet för misshandel,2019,utbildning,ÖVR,3.4176935842088882,100.0
Självrapporterad utsatthet för misshandel,2020,utbildning,ALLA,2.7201281968704016,100.0
Självrapporterad utsatthet för misshandel,2020,utbildning,C,2.6001019624292376,100.0
Självrapporterad utsatthet för misshandel,2020,utbildning,KD,2.635598031074439,100.0
Självrapporterad utsatthet för misshandel,2020,utbildning,L,2.4249141716045717,100.0
Självrapporterad utsatthet för misshandel,2020,utbildning,M,2.67560351648402,100.00000000000001
Självrapporterad utsatthet för misshandel,2020,utbildning,MP,2.5125622338123774,100.0
Självrapporterad utsatthet för misshandel,2020,utbildning,S,2.7742158494236007,100.0
Självrapporterad utsatthet för misshandel,2020,utbildning,SD,2.959612152159386,100.0
Självrapporterad utsatthet för misshandel,2020,utbildning,V,2.560733872750093,100.0
Självrapporterad utsatthet för misshandel,2020,utbildning,ÖVR,2.5996444899368396,100.0
Självrapporterad utsatthet för misshandel,2021,utbildning,ALLA,2.619097422051982,100.0
Självrapporterad utsatthet för misshandel,2021,utbildning,C,2.3328032287870757,100.0
Självrapporterad utsatthet för misshandel,2021,utbildning,KD,2.5045815933615985,100.0
Självrapporterad utsatthet för misshandel,2021,utbildning,L,2.30255429800856,99.99999999999999
Självrapporterad utsatthet för misshandel,2021,utbildning,M,2.471128143918163,100.0
Självrapporterad utsatthet för misshandel,2021,utbildning,MP,2.210602902296836,100.0
Självrapporterad utsatthet för misshandel,2021,utbildning,S,2.7414561042228285,100.0
Självrapporterad utsatthet för misshandel,2021,utbildning,SD,3.0002560644800784,100.00000000000001
Självrapporterad utsatthet för misshandel,2021,utbildning,V,2.4393906696989665,100.0
Självrapporterad utsatthet för misshandel,2021,utbildning,ÖVR,2.577622201516556,100.0
Självrapporterad utsatthet för misshandel,2022,utbildning,ALLA,2.625828049385495,100.0
Självrapporterad utsatthet för misshandel,2022,utbildning,C,2.4326499264170747,100.0
Självrapporterad utsatthet för misshandel,2022,utbildning,KD,2.652047847720788,100.00000000000001
Självrapporterad utsatthet för misshandel,2022,utbildning,L,2.386608516318575,100.00000000000001
Självrapporterad utsatthet för misshandel,2022,utbildning,M,2.570197959885943,100.0
Självrapporterad utsatthet för misshandel,2022,utbildning,MP,2.398738944702909,100.0
Självrapporterad utsatthet för misshandel,2022,utbildning,S,2.683488114065942,100.0
Självrapporterad utsatthet för misshandel,2022,utbildning,SD,2.802280370175234,100.0
Självrapporterad utsatthet för misshandel,2022,utbildning,V,2.5670569427110927,100.0
Självrapporterad utsatthet för misshandel,2022,utbildning,ÖVR,2.311772186013846,100.0
Självrapporterad utsatthet för misshandel,2023,utbildning,ALLA,2.5668521423830066,100.0
Självrapporterad utsatthet för misshandel,2023,utbildning,C,2.409373856877622,100.0
Självrapporterad utsatthet för misshandel,2023,utbildning,KD,2.599142317008776,100.0
Självrapporterad utsatthet för misshandel,2023,utbildning,L,2.372260727308106,100.0
Självrapporterad utsatthet för misshandel,2023,utbildning,M,2.5394490312879805,100.0
Självrapporterad utsatthet för misshandel,2023,utbildning,MP,2.2763382071383,99.99999999999999
Självrapporterad utsatthet för misshandel,2023,utbildning,S,2.620184824353426,100.0
Självrapporterad utsatthet för misshandel,2023,utbildning,SD,2.7346518421867136,100.0
Självrapporterad utsatthet för misshandel,2023,utbildning,V,2.3993499100338593,100.0
Självrapporterad utsatthet för misshandel,2023,utbildning,ÖVR,2.305629129557543,100.0
Självrapporterad utsatthet för misshandel,2024,utbildning,ALLA,2.509128381269113,100.0
Självrapporterad utsatthet för misshandel,2024,utbildning,C,2.3952731241770158,100.0
Självrapporterad utsatthet för misshandel,2024,utbildning,KD,2.4768825331734394,100.0
Självrapporterad utsatthet för misshandel,2024,utbildning,L,2.224671506007267,100.0
Självrapporterad utsatthet för misshandel,2024,utbildning,M,2.5072012471637755,100.0
Självrapporterad utsatthet för misshandel,2024,utbildning,MP,2.2162343097427426,100.0
Självrapporterad utsatthet för misshandel,2024,utbildning,S,2.5851479132117756,100.00000000000001
Självrapporterad utsatthet för misshandel,2024,utbildning,SD,2.6854221621468124,100.0
Självrapporterad utsatthet för misshandel,2024,utbildning,V,2.240720916355943,100.0
Självrapporterad utsatthet för misshandel,2024,utbildning,ÖVR,2.512024913805229,100.0
Självrapporterad utsatthet för något brott mot enskild person,2016,utbildning,ALLA,20.69000005620559,100.0
Självrapporterad utsatthet för något brott mot enskild person,2016,utbildning,C,20.80282289410936,100.0
Självrapporterad utsatthet för något brott mot enskild person,2016,utbildning,KD,20.9035519742004,100.0
Självrapporterad utsatthet för något brott mot enskild person,2016,utbildning,L,20.985658496209222,100.00000000000001
Självrapporterad utsatthet för något brott mot enskild person,2016,utbildning,M,20.70591613896683,100.0
Självrapporterad utsatthet för något brott mot enskild person,2016,utbildning,MP,21.040818715424685,100.0
Självrapporterad utsatthet för något brott mot enskild person,2016,utbildning,S,20.6251141904891,100.0
Självrapporterad utsatthet för något brott mot enskild person,2016,utbildning,SD,20.459481661771214,100.0
Självrapporterad utsatthet för något brott mot enskild person,2016,utbildning,V,20.788590606336744,100.0
Självrapporterad utsatthet för något brott mot enskild person,2016,utbildning,ÖVR,20.77177064636552,100.0
Självrapporterad utsatthet för något brott mot enskild person,2017,utbildning,ALLA,22.3210934506189,100.0
Självrapporterad utsatthet för något brott mot enskild person,2017,utbildning,C,22.4653185465182,100.0
Självrapporterad utsatthet för något brott mot enskild person,2017,utbildning,KD,22.394678964454137,100.0
Självrapporterad utsatthet för något brott mot enskild person,2017,utbildning,L,22.728690466347942,100.00000000000003
Självrapporterad utsatthet för något brott mot enskild person,2017,utbildning,M,22.405858424427915,100.0
Självrapporterad utsatthet för något brott mot enskild person,2017,utbildning,MP,22.699833270977127,100.0
Självrapporterad utsatthet för något brott mot enskild person,2017,utbildning,S,22.189429165629754,100.0
Självrapporterad utsatthet för något brott mot enskild person,2017,utbildning,SD,21.906987092005338,100.0
Självrapporterad utsatthet för något brott mot enskild person,2017,utbildning,V,22.64568925338152,100.0
Självrapporterad utsatthet för något brott mot enskild person,2017,utbildning,ÖVR,22.918373783802945,100.0
Självrapporterad utsatthet för något brott mot enskild person,2018,utbildning,ALLA,23.013033869065012,100.0
Självrapporterad utsatthet för något brott mot enskild person,2018,utbildning,C,23.090533060103322,100.0
Självrapporterad utsatthet för något brott mot enskild person,2018,utbildning,KD,23.068546084409988,100.00000000000001
Självrapporterad utsatthet för något brott mot enskild person,2018,utbildning,L,23.232605083794134,100.0
Självrapporterad utsatthet för något brott mot enskild person,2018,utbildning,M,23.018535978996205,100.0
Självrapporterad utsatthet för något brott mot enskild person,2018,utbildning,MP,23.313753907510485,100.0
Självrapporterad utsatthet för något brott mot enskild person,2018,utbildning,S,22.99915379011708,100.0
Självrapporterad utsatthet för något brott mot enskild person,2018,utbildning,SD,22.74437548171748,100.0
Självrapporterad utsatthet för något brott mot enskild person,2018,utbildning,V,23.11648080409543,100.0
Självrapporterad utsatthet för något brott mot enskild person,2018,utbildning,ÖVR,23.289605366684192,100.0
Självrapporterad utsatthet för något brott mot enskild person,2019,utbildning,ALLA,22.542362428652922,100.0
Självrapporterad utsatthet för något brott mot enskild person,2019,utbildning,C,22.543277823428006,100.0
Självrapporterad utsatthet för något brott mot enskild person,2019,utbildning,KD,22.532553303304585,100.0
Självrapporterad utsatthet för något brott mot enskild person,2019,utbildning,L,22.613220226651748,100.0
Självrapporterad utsatthet för något brott mot enskild person,2019,utbildning,M,22.522974897333206,100.0
Självrapporterad utsatthet för något brott mot enskild person,2019,utbildning,MP,22.594488996851773,100.0
Självrapporterad utsatthet för något brott mot enskild person,2019,utbildning,S,22.565277341230754,100.0
Självrapporterad utsatthet för något brott mot enskild person,2019,utbildning,SD,22.489066330604164,100.0
Självrapporterad utsatthet för något brott mot enskild person,2019,utbildning,V,22.564231151577374,100.0
Självrapporterad utsatthet för något brott mot enskild person,2019,utbildning,ÖVR,22.47170192921728,100.0
Självrapporterad utsatthet för något brott mot enskild person,2020,utbildning,ALLA,20.077143684128984,100.0
Självrapporterad utsatthet för något brott mot enskild person,2020,utbildning,C,20.067075595152783,100.0
Självrapporterad utsatthet för något brott mot enskild person,2020,utbildning,KD,19.93581142498356,100.0
Självrapporterad utsatthet för något brott mot enskild person,2020,utbildning,L,19.946046771383553,100.0
Självrapporterad utsatthet för något brott mot enskild person,2020,utbildning,M,20.040166614180848,100.00000000000001
Självrapporterad utsatthet för något brott mot enskild person,2020,utbildning,MP,20.10266074757874,100.0
Självrapporterad utsatthet för något brott mot enskild person,2020,utbildning,S,20.11821029757361,100.0
Självrapporterad utsatthet för något brott mot enskild person,2020,utbildning,SD,20.160322553659142,100.0
Självrapporterad utsatthet för något brott mot enskild person,2020,utbildning,V,20.014348321301085,100.0
Självrapporterad utsatthet för något brott mot enskild person,2020,utbildning,ÖVR,19.968950030098057,100.0
Självrapporterad utsatthet för något brott mot enskild person,2021,utbildning,ALLA,19.31098456618888,100.0
Självrapporterad utsatthet för något brott mot enskild person,2021,utbildning,C,19.076582232527958,100.0
Självrapporterad utsatthet för något brott mot enskild person,2021,utbildning,KD,19.178383862029797,100.0
Självrapporterad utsatthet för något brott mot enskild person,2021,utbildning,L,19.08023771976868,99.99999999999999
Självrapporterad utsatthet för något brott mot enskild person,2021,utbildning,M,19.181243989588157,100.0
Självrapporterad utsatthet för något brott mot enskild person,2021,utbildning,MP,18.970921673896655,100.0
Självrapporterad utsatthet för något brott mot enskild person,2021,utbildning,S,19.437904553605552,100.0
Självrapporterad utsatthet för något brott mot enskild person,2021,utbildning,SD,19.59877816680591,100.00000000000001
Självrapporterad utsatthet för något brott mot enskild person,2021,utbildning,V,19.166893246107104,100.0
Självrapporterad utsatthet för något brott mot enskild person,2021,utbildning,ÖVR,19.231222721287722,100.0
Självrapporterad utsatthet för något brott mot enskild person,2022,utbildning,ALLA,19.980337437523968,100.0
Självrapporterad utsatthet för något brott mot enskild person,2022,utbildning,C,19.937075758604966,100.0
Självrapporterad utsatthet för något brott mot enskild person,2022,utbildning,KD,19.978251514203947,100.00000000000001
Självrapporterad utsatthet för något brott mot enskild person,2022,utbildning,L,19.82807875235569,100.00000000000001
Självrapporterad utsatthet för något brott mot enskild person,2022,utbildning,M,19.942500992982893,100.0
Självrapporterad utsatthet för något brott mot enskild person,2022,utbildning,MP,19.95508034897089,100.0
Självrapporterad utsatthet för något brott mot enskild person,2022,utbildning,S,20.024068014143328,100.0
Självrapporterad utsatthet för något brott mot enskild person,2022,utbildning,SD,20.0029373212589,100.0
Självrapporterad utsatthet för något brott mot enskild person,2022,utbildning,V,20.009164141902996,100.0
Självrapporterad utsatthet för något brott mot enskild person,2022,utbildning,ÖVR,19.66778687113901,100.0
Självrapporterad utsatthet för något brott mot enskild person,2023,utbildning,ALLA,20.112330557555698,100.0
Självrapporterad utsatthet för något brott mot enskild person,2023,utbildning,C,20.29005570106892,100.0
Självrapporterad utsatthet för något brott mot enskild person,2023,utbildning,KD,20.06328077740976,100.0
Självrapporterad utsatthet för något brott mot enskild person,2023,utbildning,L,20.304321796402277,100.0
Självrapporterad utsatthet för något brott mot enskild person,2023,utbildning,M,20.126768530347693,100.0
Självrapporterad utsatthet för något brott mot enskild person,2023,utbildning,MP,20.37599851067864,99.99999999999999
Självrapporterad utsatthet för något brott mot enskild person,2023,utbildning,S,20.088782213186015,100.0
Självrapporterad utsatthet för något brott mot enskild person,2023,utbildning,SD,19.911028982107183,100.0
Självrapporterad utsatthet för något brott mot enskild person,2023,utbildning,V,20.27463810353255,100.0
Självrapporterad utsatthet för något brott mot enskild person,2023,utbildning,ÖVR,20.144164596607325,100.0
Självrapporterad utsatthet för något brott mot enskild person,2024,utbildning,ALLA,19.908409326825705,100.0
Självrapporterad utsatthet för något brott mot enskild person,2024,utbildning,C,19.977984160621777,100.0
Självrapporterad utsatthet för något brott mot enskild person,2024,utbildning,KD,19.919827828753043,100.0
Självrapporterad utsatthet för något brott mot enskild person,2024,utbildning,L,19.983126609429107,100.0
Självrapporterad utsatthet för något brott mot enskild person,2024,utbildning,M,19.894440769354034,100.0
Självrapporterad utsatthet för något brott mot enskild person,2024,utbildning,MP,19.971943050726722,100.0
Självrapporterad utsatthet för något brott mot enskild person,2024,utbildning,S,19.926032405103335,100.00000000000001
Självrapporterad utsatthet för något brott mot enskild person,2024,utbildning,SD,19.808416281609283,100.0
Självrapporterad utsatthet för något brott mot enskild person,2024,utbildning,V,19.97671350379869,100.0
Självrapporterad utsatthet för något brott mot enskild person,2024,utbildning,ÖVR,19.850663795879758,100.0
Förtroende för rättsväsendet som helhet,2007,född i Sverige/utrikes,ALLA,44.4523635105561,100.0
Förtroende för rättsväsendet som helhet,2007,född i Sverige/utrikes,C,44.95704874608759,100.0
Förtroende för rättsväsendet som helhet,2007,född i Sverige/utrikes,KD,44.53831142229981,100.00000000000001
Förtroende för rättsväsendet som helhet,2007,född i Sverige/utrikes,L,44.64278007387915,100.0
Förtroende för rättsväsendet som helhet,2007,född i Sverige/utrikes,M,44.61537546605615,100.0
Förtroende för rättsväsendet som helhet,2007,född i Sverige/utrikes,MP,44.32322387686255,100.0
Förtroende för rättsväsendet som helhet,2007,född i Sverige/utrikes,S,44.30142186243399,100.00000000000001
Förtroende för rättsväsendet som helhet,2007,född i Sverige/utrikes,V,44.14352985024803,100.0
Förtroende för rättsväsendet som helhet,2007,född i Sverige/utrikes,ÖVR,44.80995019016152,100.0
Förtroende för rättsväsendet som helhet,2008,född i Sverige/utrikes,ALLA,45.99135231100928,100.00000000000001
Förtroende för rättsväsendet som helhet,2008,född i Sverige/utrikes,C,46.34985883587117,100.0
Förtroende för rättsväsendet som helhet,2008,född i Sverige/utrikes,KD,46.01493681971501,100.0
Förtroende för rättsväsendet som helhet,2008,född i Sverige/utrikes,L,46.10749601537155,100.0
Förtroende för rättsväsendet som helhet,2008,född i Sverige/utrikes,M,46.13673609543299,100.0
Förtroende för rättsväsendet som helhet,2008,född i Sverige/utrikes,MP,45.97843968838863,100.0
Förtroende för rättsväsendet som helhet,2008,född i Sverige/utrikes,S,45.86045790396447,100.0
Förtroende för rättsväsendet som helhet,2008,född i Sverige/utrikes,V,45.871587315313,99.99999999999999
Förtroende för rättsväsendet som helhet,2008,född i Sverige/utrikes,ÖVR,46.222420664600676,100.0
Förtroende för rättsväsendet som helhet,2009,född i Sverige/utrikes,ALLA,47.739882579803464,100.0
Förtroende för rättsväsendet som helhet,2009,född i Sverige/utrikes,C,47.96623601601092,100.0
Förtroende för rättsväsendet som helhet,2009,född i Sverige/utrikes,KD,47.76526475950057,99.99999999999999
Förtroende för rättsväsendet som helhet,2009,född i Sverige/utrikes,L,47.78841127108599,100.00000000000001
Förtroende för rättsväsendet som helhet,2009,född i Sverige/utrikes,M,47.82240290287909,100.0
Förtroende för rättsväsendet som helhet,2009,född i Sverige/utrikes,MP,47.78996834611039,100.0
Förtroende för rättsväsendet som helhet,2009,född i Sverige/utrikes,S,47.628761174744334,100.0
Förtroende för rättsväsendet som helhet,2009,född i Sverige/utrikes,V,47.66080319071463,100.0
Förtroende för rättsväsendet som helhet,2009,född i Sverige/utrikes,ÖVR,47.866110092244945,99.99999999999999
Förtroende för rättsväsendet som helhet,2010,född i Sverige/utrikes,ALLA,48.866646972982025,100.0
Förtroende för rättsväsendet som helhet,2010,född i Sverige/utrikes,C,49.37036628805397,100.0
Förtroende för rättsväsendet som helhet,2010,född i Sverige/utrikes,KD,48.87956377011489,100.0
Förtroende för rättsväsendet som helhet,2010,född i Sverige/utrikes,L,49.14588506489932,100.0
Förtroende för rättsväsendet som helhet,2010,född i Sverige/utrikes,M,48.89275742763276,99.99999999999999
Förtroende för rättsväsendet som helhet,2010,född i Sverige/utrikes,MP,48.96696683165253,100.0
Förtroende för rättsväsendet som helhet,2010,född i Sverige/utrikes,S,48.68607191211022,100.0
Förtroende för rättsväsendet som helhet,2010,född i Sverige/utrikes,V,48.788939780523314,100.0
Förtroende för rättsväsendet som helhet,2010,född i Sverige/utrikes,ÖVR,49.12377812127868,100.0
Förtroende för rättsväsendet som helhet,2011,född i Sverige/utrikes,ALLA,50.04575787882447,100.0
Förtroende för rättsväsendet som helhet,2011,född i Sverige/utrikes,C,50.71591612537599,100.0
Förtroende för rättsväsendet som helhet,2011,född i Sverige/utrikes,KD,50.20865058490668,99.99999999999999
Förtroende för rättsväsendet som helhet,2011,född i Sverige/utrikes,L,50.249110800692804,100.0
Förtroende för rättsväsendet som helhet,2011,född i Sverige/utrikes,M,50.19007946062793,100.0
Förtroende för rättsväsendet som helhet,2011,född i Sverige/utrikes,MP,49.9558183719508,100.0
Förtroende för rättsväsendet som helhet,2011,född i Sverige/utrikes,S,49.74067965057578,100.0
Förtroende för rättsväsendet som helhet,2011,född i Sverige/utrikes,SD,50.43981229193387,100.0
Förtroende för rättsväsendet som helhet,2011,född i Sverige/utrikes,V,50.14352663289411,99.99999999999999
Förtroende för rättsväsendet som helhet,2011,född i Sverige/utrikes,ÖVR,50.00015370035534,100.0
Förtroende för rättsväsendet som helhet,2012,född i Sverige/utrikes,ALLA,47.944473132070826,99.99999999999999
Förtroende för rättsväsendet som helhet,2012,född i Sverige/utrikes,C,48.30954308232588,100.0
Förtroende för rättsväsendet som helhet,2012,född i Sverige/utrikes,KD,48.10934820747226,100.00000000000001
Förtroende för rättsväsendet som helhet,2012,född i Sverige/utrikes,L,48.175680250325875,100.0
Förtroende för rättsväsendet som helhet,2012,född i Sverige/utrikes,M,48.062861682406314,100.00000000000001
Förtroende för rättsväsendet som helhet,2012,född i Sverige/utrikes,MP,47.95927078991779,100.0
Förtroende för rättsväsendet som helhet,2012,född i Sverige/utrikes,S,47.729923490861054,100.0
Förtroende för rättsväsendet som helhet,2012,född i Sverige/utrikes,SD,48.124685633849786,100.0
Förtroende för rättsväsendet som helhet,2012,född i Sverige/utrikes,V,47.93041275889975,100.0
Förtroende för rättsväsendet som helhet,2012,född i Sverige/utrikes,ÖVR,48.407118141544515,100.0
Förtroende för rättsväsendet som helhet,2013,född i Sverige/utrikes,ALLA,48.51643761417233,99.99999999999999
Förtroende för rättsväsendet som helhet,2013,född i Sverige/utrikes,C,48.80959475544721,100.0
Förtroende för rättsväsendet som helhet,2013,född i Sverige/utrikes,KD,48.779992764014615,100.0
Förtroende för rättsväsendet som helhet,2013,född i Sverige/utrikes,L,48.66414571677735,100.0
Förtroende för rättsväsendet som helhet,2013,född i Sverige/utrikes,M,48.608230016171035,100.0
Förtroende för rättsväsendet som helhet,2013,född i Sverige/utrikes,MP,48.55040742293805,100.0
Förtroende för rättsväsendet som helhet,2013,född i Sverige/utrikes,S,48.38222098243108,100.0
Förtroende för rättsväsendet som helhet,2013,född i Sverige/utrikes,SD,48.66141669633024,100.0
Förtroende för rättsväsendet som helhet,2013,född i Sverige/utrikes,V,48.25058204802176,100.0
Förtroende för rättsväsendet som helhet,2013,född i Sverige/utrikes,ÖVR,48.29661357456868,100.00000000000001
Förtroende för rättsväsendet som helhet,2014,född i Sverige/utrikes,ALLA,47.75696303989929,100.0
Förtroende för rättsväsendet som helhet,2014,född i Sverige/utrikes,C,47.88471279049974,100.0
Förtroende för rättsväsendet som helhet,2014,född i Sverige/utrikes,KD,47.754224908530716,100.00000000000001
Förtroende för rättsväsendet som helhet,2014,född i Sverige/utrikes,L,47.794655691453336,100.00000000000001
Förtroende för rättsväsendet som helhet,2014,född i Sverige/utrikes,M,47.78747370042739,100.00000000000001
Förtroende för rättsväsendet som helhet,2014,född i Sverige/utrikes,MP,47.7731807815475,100.00000000000001
Förtroende för rättsväsendet som helhet,2014,född i Sverige/utrikes,S,47.707431262627885,99.99999999999999
Förtroende för rättsväsendet som helhet,2014,född i Sverige/utrikes,SD,47.85208679898281,99.99999999999999
Förtroende för rättsväsendet som helhet,2014,född i Sverige/utrikes,V,47.72975590922861,100.0
Förtroende för rättsväsendet som helhet,2014,född i Sverige/utrikes,ÖVR,47.73504578526656,99.99999999999999
Förtroende för rättsväsendet som helhet,2015,född i Sverige/utrikes,ALLA,51.14610324299208,100.0
Förtroende för rättsväsendet som helhet,2015,född i Sverige/utrikes,C,51.08474691213627,100.0
Förtroende för rättsväsendet som helhet,2015,född i Sverige/utrikes,KD,51.14883365965202,100.0
Förtroende för rättsväsendet som helhet,2015,född i Sverige/utrikes,L,51.12530363865438,100.00000000000001
Förtroende för rättsväsendet som helhet,2015,född i Sverige/utrikes,M,51.12561687739495,100.0
Förtroende för rättsväsendet som helhet,2015,född i Sverige/utrikes,MP,51.16096678355623,100.0
Förtroende för rättsväsendet som helhet,2015,född i Sverige/utrikes,S,51.18226750651011,100.0
Förtroende för rättsväsendet som helhet,2015,född i Sverige/utrikes,SD,51.114499550917486,99.99999999999999
Förtroende för rättsväsendet som helhet,2015,född i Sverige/utrikes,V,51.179113309486304,100.0
Förtroende för rättsväsendet som helhet,2015,född i Sverige/utrikes,ÖVR,51.1355970289924,100.0
Förtroende för rättsväsendet som helhet,2016,född i Sverige/utrikes,ALLA,48.40741350160827,100.0
Förtroende för rättsväsendet som helhet,2016,född i Sverige/utrikes,C,48.30127159399298,100.0
Förtroende för rättsväsendet som helhet,2016,född i Sverige/utrikes,KD,48.279537916762344,100.0
Förtroende för rättsväsendet som helhet,2016,född i Sverige/utrikes,L,48.35396211845771,100.0
Förtroende för rättsväsendet som helhet,2016,född i Sverige/utrikes,M,48.395753589957586,100.0
Förtroende för rättsväsendet som helhet,2016,född i Sverige/utrikes,MP,48.431001162839415,99.99999999999999
Förtroende för rättsväsendet som helhet,2016,född i Sverige/utrikes,S,48.483732617417516,99.99999999999999
Förtroende för rättsväsendet som helhet,2016,född i Sverige/utrikes,SD,48.35076070740388,99.99999999999999
Förtroende för rättsväsendet som helhet,2016,född i Sverige/utrikes,V,48.41631524270981,100.0
Förtroende för rättsväsendet som helhet,2016,född i Sverige/utrikes,ÖVR,48.279537916762344,100.0
Förtroende för rättsväsendet som helhet,2017,född i Sverige/utrikes,ALLA,44.42598091061154,100.00000000000001
Förtroende för rättsväsendet som helhet,2017,född i Sverige/utrikes,C,44.55802284112896,99.99999999999999
Förtroende för rättsväsendet som helhet,2017,född i Sverige/utrikes,KD,44.45885586490885,100.0
Förtroende för rättsväsendet som helhet,2017,född i Sverige/utrikes,L,44.460019120575964,100.00000000000001
Förtroende för rättsväsendet som helhet,2017,född i Sverige/utrikes,M,44.445913280556766,100.0
Förtroende för rättsväsendet som helhet,2017,född i Sverige/utrikes,MP,44.33047428654442,100.0
Förtroende för rättsväsendet som helhet,2017,född i Sverige/utrikes,S,44.35885068581547,99.99999999999999
Förtroende för rättsväsendet som helhet,2017,född i Sverige/utrikes,SD,44.47623079442895,100.0
Förtroende för rättsväsendet som helhet,2017,född i Sverige/utrikes,V,44.399797196430335,100.0
Förtroende för rättsväsendet som helhet,2017,född i Sverige/utrikes,ÖVR,44.38084026496906,100.0
Förtroende för rättsväsendet som helhet,2018,född i Sverige/utrikes,ALLA,47.43763602625115,99.99999999999999
Förtroende för rättsväsendet som helhet,2018,född i Sverige/utrikes,C,47.55644922824794,100.0
Förtroende för rättsväsendet som helhet,2018,född i Sverige/utrikes,KD,47.51858493784702,100.0
Förtroende för rättsväsendet som helhet,2018,född i Sverige/utrikes,L,47.55000027326186,100.0
Förtroende för rättsväsendet som helhet,2018,född i Sverige/utrikes,M,47.444448812600456,100.0
Förtroende för rättsväsendet som helhet,2018,född i Sverige/utrikes,MP,47.391105843674396,100.0
Förtroende för rättsväsendet som helhet,2018,född i Sverige/utrikes,S,47.30009471495508,100.00000000000001
Förtroende för rättsväsendet som helhet,2018,född i Sverige/utrikes,SD,47.535837236292465,100.00000000000001
Förtroende för rättsväsendet som helhet,2018,född i Sverige/utrikes,V,47.49004434806503,100.0
Förtroende för rättsväsendet som helhet,2018,född i Sverige/utrikes,ÖVR,47.49117879215779,100.00000000000001
Förtroende för rättsväsendet som helhet,2019,född i Sverige/utrikes,ALLA,48.999957033134564,100.0
Förtroende för rättsväsendet som helhet,2019,född i Sverige/utrikes,C,49.21291880049366,99.99999999999999
Förtroende för rättsväsendet som helhet,2019,född i Sverige/utrikes,KD,49.164930899303876,99.99999999999999
Förtroende för rättsväsendet som helhet,2019,född i Sverige/utrikes,L,48.9659815609409,100.0
Förtroende för rättsväsendet som helhet,2019,född i Sverige/utrikes,M,49.01885788406451,99.99999999999999
Förtroende för rättsväsendet som helhet,2019,född i Sverige/utrikes,MP,49.074307712023,100.0
Förtroende för rättsväsendet som helhet,2019,född i Sverige/utrikes,S,48.74742123358786,100.0
Förtroende för rättsväsendet som helhet,2019,född i Sverige/utrikes,SD,49.12433277958457,100.00000000000001
Förtroende för rättsväsendet som helhet,2019,född i Sverige/utrikes,V,49.105426380558555,100.00000000000001
Förtroende för rättsväsendet som helhet,2019,född i Sverige/utrikes,ÖVR,49.206726388355634,100.0
Förtroende för rättsväsendet som helhet,2020,född i Sverige/utrikes,ALLA,49.327120832904775,100.0
Förtroende för rättsväsendet som helhet,2020,född i Sverige/utrikes,C,49.53908600983612,100.0
Förtroende för rättsväsendet som helhet,2020,född i Sverige/utrikes,KD,49.4089881036524,100.0
Förtroende för rättsväsendet som helhet,2020,född i Sverige/utrikes,L,49.39939499356052,100.0
Förtroende för rättsväsendet som helhet,2020,född i Sverige/utrikes,M,49.440899483529186,100.0
Förtroende för rättsväsendet som helhet,2020,född i Sverige/utrikes,MP,49.25915350098953,100.0
Förtroende för rättsväsendet som helhet,2020,född i Sverige/utrikes,S,49.121112707281384,100.00000000000001
Förtroende för rättsväsendet som helhet,2020,född i Sverige/utrikes,SD,49.485632273680984,100.00000000000001
Förtroende för rättsväsendet som helhet,2020,född i Sverige/utrikes,V,49.26472480155469,100.0
Förtroende för rättsväsendet som helhet,2020,född i Sverige/utrikes,ÖVR,49.86690043716296,100.0
Förtroende för rättsväsendet som helhet,2021,född i Sverige/utrikes,ALLA,52.96743608083686,100.0
Förtroende för rättsväsendet som helhet,2021,född i Sverige/utrikes,C,53.072927125923364,100.0
Förtroende för rättsväsendet som helhet,2021,född i Sverige/utrikes,KD,53.14687498309239,100.00000000000001
Förtroende för rättsväsendet som helhet,2021,född i Sverige/utrikes,L,53.40288773462712,99.99999999999999
Förtroende för rättsväsendet som helhet,2021,född i Sverige/utrikes,M,53.2165675377974,100.0
Förtroende för rättsväsendet som helhet,2021,född i Sverige/utrikes,MP,53.039429809937296,100.00000000000001
Förtroende för rättsväsendet som helhet,2021,född i Sverige/utrikes,S,52.651764109719096,100.0
Förtroende för rättsväsendet som helhet,2021,född i Sverige/utrikes,SD,53.02452475496234,100.0
Förtroende för rättsväsendet som helhet,2021,född i Sverige/utrikes,V,52.87390613326987,100.00000000000001
Förtroende för rättsväsendet som helhet,2021,född i Sverige/utrikes,ÖVR,53.616635085770824,100.0
Förtroende för rättsväsendet som helhet,2022,född i Sverige/utrikes,ALLA,53.94736894293852,100.0
Förtroende för rättsväsendet som helhet,2022,född i Sverige/utrikes,C,54.20274902146878,100.0
Förtroende för rättsväsendet som helhet,2022,född i Sverige/utrikes,KD,54.37710715899664,100.00000000000001
Förtroende för rättsväsendet som helhet,2022,född i Sverige/utrikes,L,54.37120170018829,100.0
Förtroende för rättsväsendet som helhet,2022,född i Sverige/utrikes,M,54.155325461741896,100.0
Förtroende för rättsväsendet som helhet,2022,född i Sverige/utrikes,MP,53.79560929760512,100.0
Förtroende för rättsväsendet som helhet,2022,född i Sverige/utrikes,S,53.539484502962225,100.0
Förtroende för rättsväsendet som helhet,2022,född i Sverige/utrikes,SD,54.1734568114458,100.00000000000001
Förtroende för rättsväsendet som helhet,2022,född i Sverige/utrikes,V,53.92993641087599,100.0
Förtroende för rättsväsendet som helhet,2022,född i Sverige/utrikes,ÖVR,54.14716315850622,100.00000000000001
Förtroende för rättsväsendet som helhet,2023,född i Sverige/utrikes,ALLA,50.298575498687384,99.99999999999999
Förtroende för rättsväsendet som helhet,2023,född i Sverige/utrikes,C,50.550440756646054,100.0
Förtroende för rättsväsendet som helhet,2023,född i Sverige/utrikes,KD,50.06510699673225,99.99999999999999
Förtroende för rättsväsendet som helhet,2023,född i Sverige/utrikes,L,50.54955868859691,100.0
Förtroende för rättsväsendet som helhet,2023,född i Sverige/utrikes,M,50.49231111540881,100.0
Förtroende för rättsväsendet som helhet,2023,född i Sverige/utrikes,MP,50.515389568108674,100.0
Förtroende för rättsväsendet som helhet,2023,född i Sverige/utrikes,S,50.04220445948317,100.0
Förtroende för rättsväsendet som helhet,2023,född i Sverige/utrikes,SD,50.68865859173008,99.99999999999999
Förtroende för rättsväsendet som helhet,2023,född i Sverige/utrikes,V,49.91378589986954,100.0
Förtroende för rättsväsendet som helhet,2023,född i Sverige/utrikes,ÖVR,50.17902532046273,100.0
Förtroende för rättsväsendet som helhet,2024,född i Sverige/utrikes,ALLA,54.15870943935562,100.0
Förtroende för rättsväsendet som helhet,2024,född i Sverige/utrikes,C,54.840558899798395,100.0
Förtroende för rättsväsendet som helhet,2024,född i Sverige/utrikes,KD,54.39687214502542,100.0
Förtroende för rättsväsendet som helhet,2024,född i Sverige/utrikes,L,54.71452726862605,100.0
Förtroende för rättsväsendet som helhet,2024,född i Sverige/utrikes,M,54.3696846625937,100.00000000000001
Förtroende för rättsväsendet som helhet,2024,född i Sverige/utrikes,MP,54.64124158609875,100.00000000000001
Förtroende för rättsväsendet som helhet,2024,född i Sverige/utrikes,S,53.7577123457481,100.0
Förtroende för rättsväsendet som helhet,2024,född i Sverige/utrikes,SD,54.563130219611104,100.0
Förtroende för rättsväsendet som helhet,2024,född i Sverige/utrikes,V,53.33246851957307,100.00000000000001
Förtroende för rättsväsendet som helhet,2024,född i Sverige/utrikes,ÖVR,54.50639485590133,100.0
Förtroende för rättsväsendet som helhet,2025,född i Sverige/utrikes,ALLA,55.03289977893875,100.00000000000001
Förtroende för rättsväsendet som helhet,2025,född i Sverige/utrikes,C,55.63412469549192,100.0
Förtroende för rättsväsendet som helhet,2025,född i Sverige/utrikes,KD,55.282649389829494,100.00000000000003
Förtroende för rättsväsendet som helhet,2025,född i Sverige/utrikes,L,55.26589166882321,100.0
Förtroende för rättsväsendet som helhet,2025,född i Sverige/utrikes,M,55.5409231135795,100.0
Förtroende för rättsväsendet som helhet,2025,född i Sverige/utrikes,MP,55.2089337768193,100.0
Förtroende för rättsväsendet som helhet,2025,född i Sverige/utrikes,S,54.530779773575915,99.99999999999999
Förtroende för rättsväsendet som helhet,2025,född i Sverige/utrikes,SD,55.48995758075333,100.0
Förtroende för rättsväsendet som helhet,2025,född i Sverige/utrikes,V,54.44128964383298,100.0
Förtroende för rättsväsendet som helhet,2025,född i Sverige/utrikes,ÖVR,54.842419827106404,100.0
Oro över brottsligheten i samhället,2007,född i Sverige/utrikes,ALLA,36.88810218305542,100.0
Oro över brottsligheten i samhället,2007,född i Sverige/utrikes,C,37.16823939026999,100.0
Oro över brottsligheten i samhället,2007,född i Sverige/utrikes,KD,36.9358095583989,100.00000000000001
Oro över brottsligheten i samhället,2007,född i Sverige/utrikes,L,36.99379729854764,100.0
Oro över brottsligheten i samhället,2007,född i Sverige/utrikes,M,36.97858573744013,100.0
Oro över brottsligheten i samhället,2007,född i Sverige/utrikes,MP,36.81642024394435,100.0
Oro över brottsligheten i samhället,2007,född i Sverige/utrikes,S,36.80431853182029,100.00000000000001
Oro över brottsligheten i samhället,2007,född i Sverige/utrikes,V,36.71667692033411,100.0
Oro över brottsligheten i samhället,2007,född i Sverige/utrikes,ÖVR,37.086588936202276,100.0
Oro över brottsligheten i samhället,2008,född i Sverige/utrikes,ALLA,42.77581998446765,100.00000000000001
Oro över brottsligheten i samhället,2008,född i Sverige/utrikes,C,43.42926272620383,100.0
Oro över brottsligheten i samhället,2008,född i Sverige/utrikes,KD,42.81880700133468,100.0
Oro över brottsligheten i samhället,2008,född i Sverige/utrikes,L,42.9875128138886,100.0
Oro över brottsligheten i samhället,2008,född i Sverige/utrikes,M,43.04080812864274,100.0
Oro över brottsligheten i samhället,2008,född i Sverige/utrikes,MP,42.7522844029842,100.0
Oro över brottsligheten i samhället,2008,född i Sverige/utrikes,S,42.53724134144227,100.0
Oro över brottsligheten i samhället,2008,född i Sverige/utrikes,V,42.55752669906106,99.99999999999999
Oro över brottsligheten i samhället,2008,född i Sverige/utrikes,ÖVR,43.19698369566482,100.0
Oro över brottsligheten i samhället,2009,född i Sverige/utrikes,ALLA,35.455055370966285,100.0
Oro över brottsligheten i samhället,2009,född i Sverige/utrikes,C,35.60035151298211,100.0
Oro över brottsligheten i samhället,2009,född i Sverige/utrikes,KD,35.47134817768366,99.99999999999999
Oro över brottsligheten i samhället,2009,född i Sverige/utrikes,L,35.486205910311156,100.00000000000001
Oro över brottsligheten i samhället,2009,född i Sverige/utrikes,M,35.508025119434336,100.0
Oro över brottsligheten i samhället,2009,född i Sverige/utrikes,MP,35.4872053958841,100.0
Oro över brottsligheten i samhället,2009,född i Sverige/utrikes,S,35.38372660423322,100.0
Oro över brottsligheten i samhället,2009,född i Sverige/utrikes,V,35.40429435606813,100.0
Oro över brottsligheten i samhället,2009,född i Sverige/utrikes,ÖVR,35.53608073944,99.99999999999999
Oro över brottsligheten i samhället,2010,född i Sverige/utrikes,ALLA,32.02706422897929,100.0
Oro över brottsligheten i samhället,2010,född i Sverige/utrikes,C,32.225982636175814,100.0
Oro över brottsligheten i samhället,2010,född i Sverige/utrikes,KD,32.03216506318372,100.0
Oro över brottsligheten i samhället,2010,född i Sverige/utrikes,L,32.137335157273654,100.0
Oro över brottsligheten i samhället,2010,född i Sverige/utrikes,M,32.03737522936163,99.99999999999999
Oro över brottsligheten i samhället,2010,född i Sverige/utrikes,MP,32.06668047139808,100.0
Oro över brottsligheten i samhället,2010,född i Sverige/utrikes,S,31.95575526302688,100.0
Oro över brottsligheten i samhället,2010,född i Sverige/utrikes,V,31.996377712720935,100.0
Oro över brottsligheten i samhället,2010,född i Sverige/utrikes,ÖVR,32.12860514061274,100.0
Oro över brottsligheten i samhället,2011,född i Sverige/utrikes,ALLA,27.157962476774813,100.0
Oro över brottsligheten i samhället,2011,född i Sverige/utrikes,C,27.06279430073219,100.0
Oro över brottsligheten i samhället,2011,född i Sverige/utrikes,KD,27.134830325811574,99.99999999999999
Oro över brottsligheten i samhället,2011,född i Sverige/utrikes,L,27.12908463073363,100.0
Oro över brottsligheten i samhället,2011,född i Sverige/utrikes,M,27.13746758355445,100.0
Oro över brottsligheten i samhället,2011,född i Sverige/utrikes,MP,27.170734652402565,100.0
Oro över brottsligheten i samhället,2011,född i Sverige/utrikes,S,27.20128618230578,100.0
Oro över brottsligheten i samhället,2011,född i Sverige/utrikes,SD,27.102003395542674,100.0
Oro över brottsligheten i samhället,2011,född i Sverige/utrikes,V,27.144078481395148,99.99999999999999
Oro över brottsligheten i samhället,2011,född i Sverige/utrikes,ÖVR,27.164438658344114,100.0
Oro över brottsligheten i samhället,2012,född i Sverige/utrikes,ALLA,30.640809465655025,99.99999999999999
Oro över brottsligheten i samhället,2012,född i Sverige/utrikes,C,30.861841899862597,100.0
Oro över brottsligheten i samhället,2012,född i Sverige/utrikes,KD,30.740633456182525,100.00000000000001
Oro över brottsligheten i samhället,2012,född i Sverige/utrikes,L,30.78079434285,100.0
Oro över brottsligheten i samhället,2012,född i Sverige/utrikes,M,30.71248808353271,100.00000000000001
Oro över brottsligheten i samhället,2012,född i Sverige/utrikes,MP,30.649768741356024,100.0
Oro över brottsligheten i samhället,2012,född i Sverige/utrikes,S,30.51090989593742,100.0
Oro över brottsligheten i samhället,2012,född i Sverige/utrikes,SD,30.749919535971717,100.0
Oro över brottsligheten i samhället,2012,född i Sverige/utrikes,V,30.632296580642986,100.0
Oro över brottsligheten i samhället,2012,född i Sverige/utrikes,ÖVR,30.920918942062244,100.0
Oro över brottsligheten i samhället,2013,född i Sverige/utrikes,ALLA,28.009577851599246,99.99999999999999
Oro över brottsligheten i samhället,2013,född i Sverige/utrikes,C,28.293263100753528,100.0
Oro över brottsligheten i samhället,2013,född i Sverige/utrikes,KD,28.26461754813796,100.0
Oro över brottsligheten i samhället,2013,född i Sverige/utrikes,L,28.152513513024317,100.0
Oro över brottsligheten i samhället,2013,född i Sverige/utrikes,M,28.09840444582181,100.0
Oro över brottsligheten i samhället,2013,född i Sverige/utrikes,MP,28.042450097595083,100.0
Oro över brottsligheten i samhället,2013,född i Sverige/utrikes,S,27.879697752309884,100.0
Oro över brottsligheten i samhället,2013,född i Sverige/utrikes,SD,28.14987266708717,100.0
Oro över brottsligheten i samhället,2013,född i Sverige/utrikes,V,27.752312065084553,100.0
Oro över brottsligheten i samhället,2013,född i Sverige/utrikes,ÖVR,27.796856315381945,100.00000000000001
Oro över brottsligheten i samhället,2014,född i Sverige/utrikes,ALLA,28.23228868391384,100.0
Oro över brottsligheten i samhället,2014,född i Sverige/utrikes,C,28.344380617484767,100.0
Oro över brottsligheten i samhället,2014,född i Sverige/utrikes,KD,28.22988615523544,100.00000000000001
Oro över brottsligheten i samhället,2014,född i Sverige/utrikes,L,28.265361485811678,100.00000000000001
Oro över brottsligheten i samhället,2014,född i Sverige/utrikes,M,28.25905976500829,100.00000000000001
Oro över brottsligheten i samhället,2014,född i Sverige/utrikes,MP,28.246518676621903,100.00000000000001
Oro över brottsligheten i samhället,2014,född i Sverige/utrikes,S,28.188827834389972,99.99999999999999
Oro över brottsligheten i samhället,2014,född i Sverige/utrikes,SD,28.315753473739964,99.99999999999999
Oro över brottsligheten i samhället,2014,född i Sverige/utrikes,V,28.208416231173537,100.0
Oro över brottsligheten i samhället,2014,född i Sverige/utrikes,ÖVR,28.213057746563248,99.99999999999999
Oro över brottsligheten i samhället,2015,född i Sverige/utrikes,ALLA,32.94574508770275,100.0
Oro över brottsligheten i samhället,2015,född i Sverige/utrikes,C,33.23068516688234,100.0
Oro över brottsligheten i samhället,2015,född i Sverige/utrikes,KD,32.93306497583128,100.0
Oro över brottsligheten i samhället,2015,född i Sverige/utrikes,L,33.04233888371733,100.00000000000001
Oro över brottsligheten i samhället,2015,född i Sverige/utrikes,M,33.04088419647814,100.0
Oro över brottsligheten i samhället,2015,född i Sverige/utrikes,MP,32.876718495562024,100.0
Oro över brottsligheten i samhället,2015,född i Sverige/utrikes,S,32.77779749425051,100.0
Oro över brottsligheten i samhället,2015,född i Sverige/utrikes,SD,33.092513292328064,99.99999999999999
Oro över brottsligheten i samhället,2015,född i Sverige/utrikes,V,32.79244565096347,100.0
Oro över brottsligheten i samhället,2015,född i Sverige/utrikes,ÖVR,32.994536164470105,100.0
Oro över brottsligheten i samhället,2016,född i Sverige/utrikes,ALLA,36.867350614825114,100.0
Oro över brottsligheten i samhället,2016,född i Sverige/utrikes,C,37.48591853021497,100.0
Oro över brottsligheten i samhället,2016,född i Sverige/utrikes,KD,37.6125768475597,100.0
Oro över brottsligheten i samhället,2016,född i Sverige/utrikes,L,37.17885161752029,100.0
Oro över brottsligheten i samhället,2016,född i Sverige/utrikes,M,36.93530160049547,100.0
Oro över brottsligheten i samhället,2016,född i Sverige/utrikes,MP,36.72988775246957,99.99999999999999
Oro över brottsligheten i samhället,2016,född i Sverige/utrikes,S,36.422582309533,99.99999999999999
Oro över brottsligheten i samhället,2016,född i Sverige/utrikes,SD,37.19750862309306,99.99999999999999
Oro över brottsligheten i samhället,2016,född i Sverige/utrikes,V,36.815473542326316,100.0
Oro över brottsligheten i samhället,2016,född i Sverige/utrikes,ÖVR,37.6125768475597,100.0
Oro över brottsligheten i samhället,2017,född i Sverige/utrikes,ALLA,43.4807566715241,100.00000000000001
Oro över brottsligheten i samhället,2017,född i Sverige/utrikes,C,44.22673877652227,99.99999999999999
Oro över brottsligheten i samhället,2017,född i Sverige/utrikes,KD,43.666486518947,100.0
Oro över brottsligheten i samhället,2017,född i Sverige/utrikes,L,43.67305843067085,100.00000000000001
Oro över brottsligheten i samhället,2017,född i Sverige/utrikes,M,43.593366289022654,100.0
Oro över brottsligheten i samhället,2017,född i Sverige/utrikes,MP,42.941183884427794,100.0
Oro över brottsligheten i samhället,2017,född i Sverige/utrikes,S,43.10149876302379,99.99999999999999
Oro över brottsligheten i samhället,2017,född i Sverige/utrikes,SD,43.764647659478676,100.0
Oro över brottsligheten i samhället,2017,född i Sverige/utrikes,V,43.33282955363789,100.0
Oro över brottsligheten i samhället,2017,född i Sverige/utrikes,ÖVR,43.22573075872954,100.0
Oro över brottsligheten i samhället,2018,född i Sverige/utrikes,ALLA,42.2135341773589,99.99999999999999
Oro över brottsligheten i samhället,2018,född i Sverige/utrikes,C,42.52188062889581,100.0
Oro över brottsligheten i samhället,2018,född i Sverige/utrikes,KD,42.423614448127445,100.0
Oro över brottsligheten i samhället,2018,född i Sverige/utrikes,L,42.50514416903562,100.0
Oro över brottsligheten i samhället,2018,född i Sverige/utrikes,M,42.231214859813264,100.0
Oro över brottsligheten i samhället,2018,född i Sverige/utrikes,MP,42.092778095999414,100.0
Oro över brottsligheten i samhället,2018,född i Sverige/utrikes,S,41.85658415358107,100.00000000000001
Oro över brottsligheten i samhället,2018,född i Sverige/utrikes,SD,42.46838796586036,100.00000000000001
Oro över brottsligheten i samhället,2018,född i Sverige/utrikes,V,42.349545325873805,100.0
Oro över brottsligheten i samhället,2018,född i Sverige/utrikes,ÖVR,42.35248945838256,100.00000000000001
Oro över brottsligheten i samhället,2019,född i Sverige/utrikes,ALLA,43.73300475549743,100.0
Oro över brottsligheten i samhället,2019,född i Sverige/utrikes,C,44.271379954895735,99.99999999999999
Oro över brottsligheten i samhället,2019,född i Sverige/utrikes,KD,44.15006477146099,99.99999999999999
Oro över brottsligheten i samhället,2019,född i Sverige/utrikes,L,43.647113509177764,100.0
Oro över brottsligheten i samhället,2019,född i Sverige/utrikes,M,43.78078680348849,99.99999999999999
Oro över brottsligheten i samhället,2019,född i Sverige/utrikes,MP,43.92096601290222,100.0
Oro över brottsligheten i samhället,2019,född i Sverige/utrikes,S,43.09458494370603,100.0
Oro över brottsligheten i samhället,2019,född i Sverige/utrikes,SD,44.04743122803145,100.00000000000001
Oro över brottsligheten i samhället,2019,född i Sverige/utrikes,V,43.999635154249056,100.00000000000001
Oro över brottsligheten i samhället,2019,född i Sverige/utrikes,ÖVR,44.255725308707795,100.0
Oro över brottsligheten i samhället,2020,född i Sverige/utrikes,ALLA,47.64495668340857,100.0
Oro över brottsligheten i samhället,2020,född i Sverige/utrikes,C,48.07167878765042,100.0
Oro över brottsligheten i samhället,2020,född i Sverige/utrikes,KD,47.809769482132005,100.0
Oro över brottsligheten i samhället,2020,född i Sverige/utrikes,L,47.79045691303979,100.0
Oro över brottsligheten i samhället,2020,född i Sverige/utrikes,M,47.874012540201356,100.0
Oro över brottsligheten i samhället,2020,född i Sverige/utrikes,MP,47.50812683562666,100.0
Oro över brottsligheten i samhället,2020,född i Sverige/utrikes,S,47.23022714089792,100.00000000000001
Oro över brottsligheten i samhället,2020,född i Sverige/utrikes,SD,47.96406728701655,100.00000000000001
Oro över brottsligheten i samhället,2020,född i Sverige/utrikes,V,47.519342815227425,100.0
Oro över brottsligheten i samhället,2020,född i Sverige/utrikes,ÖVR,48.73162521967707,100.0
Oro över brottsligheten i samhället,2021,född i Sverige/utrikes,ALLA,45.988128293396585,100.0
Oro över brottsligheten i samhället,2021,född i Sverige/utrikes,C,46.18861050708781,100.0
Oro över brottsligheten i samhället,2021,född i Sverige/utrikes,KD,46.329145943918626,100.00000000000001
Oro över brottsligheten i samhället,2021,född i Sverige/utrikes,L,46.81568964171574,99.99999999999999
Oro över brottsligheten i samhället,2021,född i Sverige/utrikes,M,46.46159432030547,100.0
Oro över brottsligheten i samhället,2021,född i Sverige/utrikes,MP,46.12494997499151,100.00000000000001
Oro över brottsligheten i samhället,2021,född i Sverige/utrikes,S,45.38820423806019,100.0
Oro över brottsligheten i samhället,2021,född i Sverige/utrikes,SD,46.0966234150061,100.0
Oro över brottsligheten i samhället,2021,född i Sverige/utrikes,V,45.81037774671007,100.00000000000001
Oro över brottsligheten i samhället,2021,född i Sverige/utrikes,ÖVR,47.22190935536813,100.0
Oro över brottsligheten i samhället,2022,född i Sverige/utrikes,ALLA,46.906376693036194,100.0
Oro över brottsligheten i samhället,2022,född i Sverige/utrikes,C,47.24085480774328,100.0
Oro över brottsligheten i samhället,2022,född i Sverige/utrikes,KD,47.4692163207469,100.00000000000001
Oro över brottsligheten i samhället,2022,född i Sverige/utrikes,L,47.46148178350319,100.0
Oro över brottsligheten i samhället,2022,född i Sverige/utrikes,M,47.17874290402144,100.0
Oro över brottsligheten i samhället,2022,född i Sverige/utrikes,MP,46.70761302927721,100.0
Oro över brottsligheten i samhället,2022,född i Sverige/utrikes,S,46.37215953997247,100.0
Oro över brottsligheten i samhället,2022,född i Sverige/utrikes,SD,47.20249001734742,100.00000000000001
Oro över brottsligheten i samhället,2022,född i Sverige/utrikes,V,46.883544839853286,100.0
Oro över brottsligheten i samhället,2022,född i Sverige/utrikes,ÖVR,47.16805251730982,100.00000000000001
Oro över brottsligheten i samhället,2023,född i Sverige/utrikes,ALLA,53.38702760279619,99.99999999999999
Oro över brottsligheten i samhället,2023,född i Sverige/utrikes,C,53.779042545491386,100.0
Oro över brottsligheten i samhället,2023,född i Sverige/utrikes,KD,53.02364623707367,99.99999999999999
Oro över brottsligheten i samhället,2023,född i Sverige/utrikes,L,53.77766965326106,100.0
Oro över brottsligheten i samhället,2023,född i Sverige/utrikes,M,53.68856683572816,100.0
Oro över brottsligheten i samhället,2023,född i Sverige/utrikes,MP,53.72448722580481,100.0
Oro över brottsligheten i samhället,2023,född i Sverige/utrikes,S,52.9879996500849,100.0
Oro över brottsligheten i samhället,2023,född i Sverige/utrikes,SD,53.99417128988061,99.99999999999999
Oro över brottsligheten i samhället,2023,född i Sverige/utrikes,V,52.7881229592862,100.0
Oro över brottsligheten i samhället,2023,född i Sverige/utrikes,ÖVR,53.20095407822285,100.0
Oro över brottsligheten i samhället,2024,född i Sverige/utrikes,ALLA,51.07695072971882,100.0
Oro över brottsligheten i samhället,2024,född i Sverige/utrikes,C,51.939947662285064,100.0
Oro över brottsligheten i samhället,2024,född i Sverige/utrikes,KD,51.37838630511877,100.0
Oro över brottsligheten i samhället,2024,född i Sverige/utrikes,L,51.7804331104404,100.0
Oro över brottsligheten i samhället,2024,född i Sverige/utrikes,M,51.34397590325744,100.00000000000001
Oro över brottsligheten i samhället,2024,född i Sverige/utrikes,MP,51.687677564104675,100.00000000000001
Oro över brottsligheten i samhället,2024,född i Sverige/utrikes,S,50.56942042892992,100.0
Oro över brottsligheten i samhället,2024,född i Sverige/utrikes,SD,51.58881429062841,100.0
Oro över brottsligheten i samhället,2024,född i Sverige/utrikes,V,50.03120174742879,100.00000000000001
Oro över brottsligheten i samhället,2024,född i Sverige/utrikes,ÖVR,51.51700599907713,100.0
Oro över brottsligheten i samhället,2025,född i Sverige/utrikes,ALLA,53.99508358844458,100.00000000000001
Oro över brottsligheten i samhället,2025,född i Sverige/utrikes,C,54.57515276553502,100.0
Oro över brottsligheten i samhället,2025,född i Sverige/utrikes,KD,54.236045077696566,100.00000000000003
Oro över brottsligheten i samhället,2025,född i Sverige/utrikes,L,54.21987702283656,100.0
Oro över brottsligheten i samhället,2025,född i Sverige/utrikes,M,54.485230735634126,100.0
Oro över brottsligheten i samhället,2025,född i Sverige/utrikes,MP,54.16492334970385,100.0
Oro över brottsligheten i samhället,2025,född i Sverige/utrikes,S,53.51063204578181,99.99999999999999
Oro över brottsligheten i samhället,2025,född i Sverige/utrikes,SD,54.436058564168,100.0
Oro över brottsligheten i samhället,2025,född i Sverige/utrikes,V,53.42429087047706,100.0
Oro över brottsligheten i samhället,2025,född i Sverige/utrikes,ÖVR,53.81130619354706,100.0
Otrygghet vid utevistelse sent på kvällen i det egna bostadsområdet,2007,född i Sverige/utrikes,ALLA,24.794269305015643,100.0
Otrygghet vid utevistelse sent på kvällen i det egna bostadsområdet,2007,född i Sverige/utrikes,C,22.919954901382567,100.0
Otrygghet vid utevistelse sent på kvällen i det egna bostadsområdet,2007,född i Sverige/utrikes,KD,24.475073502162815,100.00000000000001
Otrygghet vid utevistelse sent på kvällen i det egna bostadsområdet,2007,född i Sverige/utrikes,L,24.087094848146812,100.0
Otrygghet vid utevistelse sent på kvällen i det egna bostadsområdet,2007,född i Sverige/utrikes,M,24.18887086129778,100.0
Otrygghet vid utevistelse sent på kvällen i det egna bostadsområdet,2007,född i Sverige/utrikes,MP,25.273871755158293,100.0
Otrygghet vid utevistelse sent på kvällen i det egna bostadsområdet,2007,född i Sverige/utrikes,S,25.354840697371575,100.00000000000001
Otrygghet vid utevistelse sent på kvällen i det egna bostadsområdet,2007,född i Sverige/utrikes,V,25.94122454976843,100.0
Otrygghet vid utevistelse sent på kvällen i det egna bostadsområdet,2007,född i Sverige/utrikes,ÖVR,23.46625370847065,100.0
Otrygghet vid utevistelse sent på kvällen i det egna bostadsområdet,2008,född i Sverige/utrikes,ALLA,24.075509126974136,100.00000000000001
Otrygghet vid utevistelse sent på kvällen i det egna bostadsområdet,2008,född i Sverige/utrikes,C,22.211299218189257,100.0
Otrygghet vid utevistelse sent på kvällen i det egna bostadsområdet,2008,född i Sverige/utrikes,KD,23.95287126190323,100.0
Otrygghet vid utevistelse sent på kvällen i det egna bostadsområdet,2008,född i Sverige/utrikes,L,23.471569646099834,100.0
Otrygghet vid utevistelse sent på kvällen i det egna bostadsområdet,2008,född i Sverige/utrikes,M,23.319523188911425,100.0
Otrygghet vid utevistelse sent på kvällen i det egna bostadsområdet,2008,född i Sverige/utrikes,MP,24.142653899435608,100.0
Otrygghet vid utevistelse sent på kvällen i det egna bostadsområdet,2008,född i Sverige/utrikes,S,24.75615127347757,100.0
Otrygghet vid utevistelse sent på kvällen i det egna bostadsområdet,2008,född i Sverige/utrikes,V,24.698279080153117,99.99999999999999
Otrygghet vid utevistelse sent på kvällen i det egna bostadsområdet,2008,född i Sverige/utrikes,ÖVR,22.873969170239306,100.0
Otrygghet vid utevistelse sent på kvällen i det egna bostadsområdet,2009,född i Sverige/utrikes,ALLA,22.735964589580185,100.0
Otrygghet vid utevistelse sent på kvällen i det egna bostadsområdet,2009,född i Sverige/utrikes,C,21.187340076125214,100.0
Otrygghet vid utevistelse sent på kvällen i det egna bostadsområdet,2009,född i Sverige/utrikes,KD,22.56230932574831,99.99999999999999
Otrygghet vid utevistelse sent på kvällen i det egna bostadsområdet,2009,född i Sverige/utrikes,L,22.403949656715934,100.00000000000001
Otrygghet vid utevistelse sent på kvällen i det egna bostadsområdet,2009,född i Sverige/utrikes,M,22.171391781169127,100.0
Otrygghet vid utevistelse sent på kvällen i det egna bostadsområdet,2009,född i Sverige/utrikes,MP,22.393296738905295,100.0
Otrygghet vid utevistelse sent på kvällen i det egna bostadsområdet,2009,född i Sverige/utrikes,S,23.496215172594997,100.0
Otrygghet vid utevistelse sent på kvällen i det egna bostadsområdet,2009,född i Sverige/utrikes,V,23.27699583038614,100.0
Otrygghet vid utevistelse sent på kvällen i det egna bostadsområdet,2009,född i Sverige/utrikes,ÖVR,21.87236373900524,99.99999999999999
Otrygghet vid utevistelse sent på kvällen i det egna bostadsområdet,2010,född i Sverige/utrikes,ALLA,21.45275028871541,100.0
Otrygghet vid utevistelse sent på kvällen i det egna bostadsområdet,2010,född i Sverige/utrikes,C,19.478791236247922,100.0
Otrygghet vid utevistelse sent på kvällen i det egna bostadsområdet,2010,född i Sverige/utrikes,KD,21.4021323595108,100.0
Otrygghet vid utevistelse sent på kvällen i det egna bostadsområdet,2010,född i Sverige/utrikes,L,20.358481034308998,100.0
Otrygghet vid utevistelse sent på kvällen i det egna bostadsområdet,2010,född i Sverige/utrikes,M,21.350429478733208,99.99999999999999
Otrygghet vid utevistelse sent på kvällen i det egna bostadsområdet,2010,född i Sverige/utrikes,MP,21.059620052808917,100.0
Otrygghet vid utevistelse sent på kvällen i det egna bostadsområdet,2010,född i Sverige/utrikes,S,22.160382030029247,100.0
Otrygghet vid utevistelse sent på kvällen i det egna bostadsområdet,2010,född i Sverige/utrikes,V,21.757266735486557,100.0
Otrygghet vid utevistelse sent på kvällen i det egna bostadsområdet,2010,född i Sverige/utrikes,ÖVR,20.44511301401799,100.0
Otrygghet vid utevistelse sent på kvällen i det egna bostadsområdet,2011,född i Sverige/utrikes,ALLA,21.21828749674049,100.0
Otrygghet vid utevistelse sent på kvällen i det egna bostadsområdet,2011,född i Sverige/utrikes,C,19.142311521391488,100.0
Otrygghet vid utevistelse sent på kvällen i det egna bostadsområdet,2011,född i Sverige/utrikes,KD,20.713688253015086,99.99999999999999
Otrygghet vid utevistelse sent på kvällen i det egna bostadsområdet,2011,född i Sverige/utrikes,L,20.588353026056893,100.0
Otrygghet vid utevistelse sent på kvällen i det egna bostadsområdet,2011,född i Sverige/utrikes,M,20.77121676667031,100.0
Otrygghet vid utevistelse sent på kvällen i det egna bostadsområdet,2011,född i Sverige/utrikes,MP,21.496896700559557,100.0
Otrygghet vid utevistelse sent på kvällen i det egna bostadsområdet,2011,född i Sverige/utrikes,S,22.16334051325613,100.0
Otrygghet vid utevistelse sent på kvällen i det egna bostadsområdet,2011,född i Sverige/utrikes,SD,19.997609397493278,100.0
Otrygghet vid utevistelse sent på kvällen i det egna bostadsområdet,2011,född i Sverige/utrikes,V,20.915425321078576,99.99999999999999
Otrygghet vid utevistelse sent på kvällen i det egna bostadsområdet,2011,född i Sverige/utrikes,ÖVR,21.359557382419904,100.0
Otrygghet vid utevistelse sent på kvällen i det egna bostadsområdet,2012,född i Sverige/utrikes,ALLA,21.433890309914908,99.99999999999999
Otrygghet vid utevistelse sent på kvällen i det egna bostadsområdet,2012,född i Sverige/utrikes,C,19.935543036907983,100.0
Otrygghet vid utevistelse sent på kvällen i det egna bostadsområdet,2012,född i Sverige/utrikes,KD,20.757197748826382,100.00000000000001
Otrygghet vid utevistelse sent på kvällen i det egna bostadsområdet,2012,född i Sverige/utrikes,L,20.48495283945151,100.0
Otrygghet vid utevistelse sent på kvällen i det egna bostadsområdet,2012,född i Sverige/utrikes,M,20.947991206396566,100.00000000000001
Otrygghet vid utevistelse sent på kvällen i det egna bostadsområdet,2012,född i Sverige/utrikes,MP,21.373156660743305,100.0
Otrygghet vid utevistelse sent på kvällen i det egna bostadsområdet,2012,född i Sverige/utrikes,S,22.31446092277057,100.0
Otrygghet vid utevistelse sent på kvällen i det egna bostadsområdet,2012,född i Sverige/utrikes,SD,20.69424874146039,100.0
Otrygghet vid utevistelse sent på kvällen i det egna bostadsområdet,2012,född i Sverige/utrikes,V,21.49159794042143,100.0
Otrygghet vid utevistelse sent på kvällen i det egna bostadsområdet,2012,född i Sverige/utrikes,ÖVR,19.535068213407502,100.0
Otrygghet vid utevistelse sent på kvällen i det egna bostadsområdet,2013,född i Sverige/utrikes,ALLA,20.25847963219422,99.99999999999999
Otrygghet vid utevistelse sent på kvällen i det egna bostadsområdet,2013,född i Sverige/utrikes,C,19.02560284341265,100.0
Otrygghet vid utevistelse sent på kvällen i det egna bostadsområdet,2013,född i Sverige/utrikes,KD,19.1500944658246,100.0
Otrygghet vid utevistelse sent på kvällen i det egna bostadsområdet,2013,född i Sverige/utrikes,L,19.637290974040617,100.0
Otrygghet vid utevistelse sent på kvällen i det egna bostadsområdet,2013,född i Sverige/utrikes,M,19.872445298121523,100.0
Otrygghet vid utevistelse sent på kvällen i det egna bostadsområdet,2013,född i Sverige/utrikes,MP,20.115619087967115,100.0
Otrygghet vid utevistelse sent på kvällen i det egna bostadsområdet,2013,född i Sverige/utrikes,S,20.82292970570305,100.0
Otrygghet vid utevistelse sent på kvällen i det egna bostadsområdet,2013,född i Sverige/utrikes,SD,19.64876791078078,100.0
Otrygghet vid utevistelse sent på kvällen i det egna bostadsområdet,2013,född i Sverige/utrikes,V,21.376539234119836,100.0
Otrygghet vid utevistelse sent på kvällen i det egna bostadsområdet,2013,född i Sverige/utrikes,ÖVR,21.18295295344769,100.00000000000001
Otrygghet vid utevistelse sent på kvällen i det egna bostadsområdet,2014,född i Sverige/utrikes,ALLA,20.880805764656106,100.0
Otrygghet vid utevistelse sent på kvällen i det egna bostadsområdet,2014,född i Sverige/utrikes,C,19.333548367056064,100.0
Otrygghet vid utevistelse sent på kvällen i det egna bostadsområdet,2014,född i Sverige/utrikes,KD,20.913968991947876,100.00000000000001
Otrygghet vid utevistelse sent på kvällen i det egna bostadsområdet,2014,född i Sverige/utrikes,L,20.42428640803868,100.00000000000001
Otrygghet vid utevistelse sent på kvällen i det egna bostadsområdet,2014,född i Sverige/utrikes,M,20.511272008340494,100.00000000000001
Otrygghet vid utevistelse sent på kvällen i det egna bostadsområdet,2014,född i Sverige/utrikes,MP,20.684382518273093,100.00000000000001
Otrygghet vid utevistelse sent på kvällen i det egna bostadsområdet,2014,född i Sverige/utrikes,S,21.480716202361453,99.99999999999999
Otrygghet vid utevistelse sent på kvällen i det egna bostadsområdet,2014,född i Sverige/utrikes,SD,19.72870222443223,99.99999999999999
Otrygghet vid utevistelse sent på kvällen i det egna bostadsområdet,2014,född i Sverige/utrikes,V,21.210328397771423,100.0
Otrygghet vid utevistelse sent på kvällen i det egna bostadsområdet,2014,född i Sverige/utrikes,ÖVR,21.14625938946711,99.99999999999999
Otrygghet vid utevistelse sent på kvällen i det egna bostadsområdet,2015,född i Sverige/utrikes,ALLA,20.66310451462298,100.0
Otrygghet vid utevistelse sent på kvällen i det egna bostadsområdet,2015,född i Sverige/utrikes,C,19.963300397860618,100.0
Otrygghet vid utevistelse sent på kvällen i det egna bostadsområdet,2015,född i Sverige/utrikes,KD,20.694246481433037,100.0
Otrygghet vid utevistelse sent på kvällen i det egna bostadsområdet,2015,född i Sverige/utrikes,L,20.42587310688514,100.00000000000001
Otrygghet vid utevistelse sent på kvällen i det egna bostadsområdet,2015,född i Sverige/utrikes,M,20.42944577423863,100.0
Otrygghet vid utevistelse sent på kvällen i det egna bostadsområdet,2015,född i Sverige/utrikes,MP,20.832631713061463,100.0
Otrygghet vid utevistelse sent på kvällen i det egna bostadsområdet,2015,född i Sverige/utrikes,S,21.075578665808067,100.0
Otrygghet vid utevistelse sent på kvällen i det egna bostadsområdet,2015,född i Sverige/utrikes,SD,20.30264629441635,99.99999999999999
Otrygghet vid utevistelse sent på kvällen i det egna bostadsområdet,2015,född i Sverige/utrikes,V,21.039603241079373,100.0
Otrygghet vid utevistelse sent på kvällen i det egna bostadsområdet,2015,född i Sverige/utrikes,ÖVR,20.543275122838672,100.0
Otrygghet vid utevistelse sent på kvällen i det egna bostadsområdet,2016,född i Sverige/utrikes,ALLA,26.889393432101006,100.0
Otrygghet vid utevistelse sent på kvällen i det egna bostadsområdet,2016,född i Sverige/utrikes,C,25.21949744484474,100.0
Otrygghet vid utevistelse sent på kvällen i det egna bostadsområdet,2016,född i Sverige/utrikes,KD,24.877568594957168,100.0
Otrygghet vid utevistelse sent på kvällen i det egna bostadsområdet,2016,född i Sverige/utrikes,L,26.048460267794972,100.0
Otrygghet vid utevistelse sent på kvällen i det egna bostadsområdet,2016,född i Sverige/utrikes,M,26.70595184795494,100.0
Otrygghet vid utevistelse sent på kvällen i det egna bostadsområdet,2016,född i Sverige/utrikes,MP,27.260490407118873,99.99999999999999
Otrygghet vid utevistelse sent på kvällen i det egna bostadsområdet,2016,född i Sverige/utrikes,S,28.09009717018282,99.99999999999999
Otrygghet vid utevistelse sent på kvällen i det egna bostadsområdet,2016,född i Sverige/utrikes,SD,25.99809351264157,99.99999999999999
Otrygghet vid utevistelse sent på kvällen i det egna bostadsområdet,2016,född i Sverige/utrikes,V,27.029441619278227,100.0
Otrygghet vid utevistelse sent på kvällen i det egna bostadsområdet,2016,född i Sverige/utrikes,ÖVR,24.877568594957168,100.0
Otrygghet vid utevistelse sent på kvällen i det egna bostadsområdet,2017,född i Sverige/utrikes,ALLA,26.906725499802057,100.00000000000001
Otrygghet vid utevistelse sent på kvällen i det egna bostadsområdet,2017,född i Sverige/utrikes,C,26.17444831066614,99.99999999999999
Otrygghet vid utevistelse sent på kvällen i det egna bostadsområdet,2017,född i Sverige/utrikes,KD,26.72440781456773,100.0
Otrygghet vid utevistelse sent på kvällen i det egna bostadsområdet,2017,född i Sverige/utrikes,L,26.717956639650605,100.00000000000001
Otrygghet vid utevistelse sent på kvällen i det egna bostadsområdet,2017,född i Sverige/utrikes,M,26.796184705835273,100.0
Otrygghet vid utevistelse sent på kvällen i det egna bostadsområdet,2017,född i Sverige/utrikes,MP,27.43638544904452,100.0
Otrygghet vid utevistelse sent på kvällen i det egna bostadsområdet,2017,född i Sverige/utrikes,S,27.27901581793892,99.99999999999999
Otrygghet vid utevistelse sent på kvällen i det egna bostadsområdet,2017,född i Sverige/utrikes,SD,26.628050055327538,100.0
Otrygghet vid utevistelse sent på kvällen i det egna bostadsområdet,2017,född i Sverige/utrikes,V,27.051934953697675,100.0
Otrygghet vid utevistelse sent på kvällen i det egna bostadsområdet,2017,född i Sverige/utrikes,ÖVR,27.157066167931724,100.0
Otrygghet vid utevistelse sent på kvällen i det egna bostadsområdet,2018,född i Sverige/utrikes,ALLA,26.89154146196001,99.99999999999999
Otrygghet vid utevistelse sent på kvällen i det egna bostadsområdet,2018,född i Sverige/utrikes,C,26.57887976471295,100.0
Otrygghet vid utevistelse sent på kvällen i det egna bostadsområdet,2018,född i Sverige/utrikes,KD,26.67852116064238,100.0
Otrygghet vid utevistelse sent på kvällen i det egna bostadsområdet,2018,född i Sverige/utrikes,L,26.595850447915936,100.0
Otrygghet vid utevistelse sent på kvällen i det egna bostadsområdet,2018,född i Sverige/utrikes,M,26.87361334196021,100.0
Otrygghet vid utevistelse sent på kvällen i det egna bostadsområdet,2018,född i Sverige/utrikes,MP,27.013987500053112,100.0
Otrygghet vid utevistelse sent på kvällen i det egna bostadsområdet,2018,född i Sverige/utrikes,S,27.253486928530084,100.00000000000001
Otrygghet vid utevistelse sent på kvällen i det egna bostadsområdet,2018,född i Sverige/utrikes,SD,26.633121046659166,100.00000000000001
Otrygghet vid utevistelse sent på kvällen i det egna bostadsområdet,2018,född i Sverige/utrikes,V,26.75362686515753,100.0
Otrygghet vid utevistelse sent på kvällen i det egna bostadsområdet,2018,född i Sverige/utrikes,ÖVR,26.75064153011469,100.00000000000001
Otrygghet vid utevistelse sent på kvällen i det egna bostadsområdet,2019,född i Sverige/utrikes,ALLA,26.85904104949282,100.0
Otrygghet vid utevistelse sent på kvällen i det egna bostadsområdet,2019,född i Sverige/utrikes,C,26.479411173798812,99.99999999999999
Otrygghet vid utevistelse sent på kvällen i det egna bostadsområdet,2019,född i Sverige/utrikes,KD,26.56495535944963,99.99999999999999
Otrygghet vid utevistelse sent på kvällen i det egna bostadsområdet,2019,född i Sverige/utrikes,L,26.91960640094286,100.0
Otrygghet vid utevistelse sent på kvällen i det egna bostadsområdet,2019,född i Sverige/utrikes,M,26.825348017273804,99.99999999999999
Otrygghet vid utevistelse sent på kvällen i det egna bostadsområdet,2019,född i Sverige/utrikes,MP,26.72650205277897,100.0
Otrygghet vid utevistelse sent på kvällen i det egna bostadsområdet,2019,född i Sverige/utrikes,S,27.309216380863635,100.0
Otrygghet vid utevistelse sent på kvällen i det egna bostadsområdet,2019,född i Sverige/utrikes,SD,26.6373263738978,100.00000000000001
Otrygghet vid utevistelse sent på kvällen i det egna bostadsområdet,2019,född i Sverige/utrikes,V,26.67102929626301,100.00000000000001
Otrygghet vid utevistelse sent på kvällen i det egna bostadsområdet,2019,född i Sverige/utrikes,ÖVR,26.490449890650925,100.0
Otrygghet vid utevistelse sent på kvällen i det egna bostadsområdet,2020,född i Sverige/utrikes,ALLA,29.080179784174632,100.0
Otrygghet vid utevistelse sent på kvällen i det egna bostadsområdet,2020,född i Sverige/utrikes,C,28.83052001424522,100.0
Otrygghet vid utevistelse sent på kvällen i det egna bostadsområdet,2020,född i Sverige/utrikes,KD,28.98375373780467,100.0
Otrygghet vid utevistelse sent på kvällen i det egna bostadsområdet,2020,född i Sverige/utrikes,L,28.99505282802844,100.0
Otrygghet vid utevistelse sent på kvällen i det egna bostadsområdet,2020,född i Sverige/utrikes,M,28.946167432952578,100.0
Otrygghet vid utevistelse sent på kvällen i det egna bostadsområdet,2020,född i Sverige/utrikes,MP,29.160234011450722,100.0
Otrygghet vid utevistelse sent på kvällen i det egna bostadsområdet,2020,född i Sverige/utrikes,S,29.32282313715983,100.00000000000001
Otrygghet vid utevistelse sent på kvällen i det egna bostadsområdet,2020,född i Sverige/utrikes,SD,28.893479636498075,100.00000000000001
Otrygghet vid utevistelse sent på kvällen i det egna bostadsområdet,2020,född i Sverige/utrikes,V,29.153671944806362,100.0
Otrygghet vid utevistelse sent på kvällen i det egna bostadsområdet,2020,född i Sverige/utrikes,ÖVR,28.44440907050059,100.0
Otrygghet vid utevistelse sent på kvällen i det egna bostadsområdet,2021,född i Sverige/utrikes,ALLA,27.343479056075445,100.0
Otrygghet vid utevistelse sent på kvällen i det egna bostadsområdet,2021,född i Sverige/utrikes,C,27.258418279893608,100.0
Otrygghet vid utevistelse sent på kvällen i det egna bostadsområdet,2021,född i Sverige/utrikes,KD,27.198791776784997,100.00000000000001
Otrygghet vid utevistelse sent på kvällen i det egna bostadsområdet,2021,född i Sverige/utrikes,L,26.992360573642255,99.99999999999999
Otrygghet vid utevistelse sent på kvällen i det egna bostadsområdet,2021,född i Sverige/utrikes,M,27.14259645904554,100.0
Otrygghet vid utevistelse sent på kvällen i det egna bostadsområdet,2021,född i Sverige/utrikes,MP,27.285428228420017,100.00000000000001
Otrygghet vid utevistelse sent på kvällen i det egna bostadsområdet,2021,född i Sverige/utrikes,S,27.598015380557882,100.0
Otrygghet vid utevistelse sent på kvällen i det egna bostadsområdet,2021,född i Sverige/utrikes,SD,27.297446647084488,100.0
Otrygghet vid utevistelse sent på kvällen i det egna bostadsområdet,2021,född i Sverige/utrikes,V,27.418895219881307,100.00000000000001
Otrygghet vid utevistelse sent på kvällen i det egna bostadsområdet,2021,född i Sverige/utrikes,ÖVR,26.820009303634574,100.0
Otrygghet vid utevistelse sent på kvällen i det egna bostadsområdet,2022,född i Sverige/utrikes,ALLA,25.907000065260203,100.0
Otrygghet vid utevistelse sent på kvällen i det egna bostadsområdet,2022,född i Sverige/utrikes,C,25.70712552654766,100.0
Otrygghet vid utevistelse sent på kvällen i det egna bostadsområdet,2022,född i Sverige/utrikes,KD,25.570663228823733,100.00000000000001
Otrygghet vid utevistelse sent på kvällen i det egna bostadsområdet,2022,född i Sverige/utrikes,L,25.57528516668982,100.0
Otrygghet vid utevistelse sent på kvällen i det egna bostadsområdet,2022,född i Sverige/utrikes,M,25.74424182073579,100.0
Otrygghet vid utevistelse sent på kvällen i det egna bostadsområdet,2022,född i Sverige/utrikes,MP,26.025775536239617,100.0
Otrygghet vid utevistelse sent på kvällen i det egna bostadsområdet,2022,född i Sverige/utrikes,S,26.22623293086771,100.0
Otrygghet vid utevistelse sent på kvällen i det egna bostadsområdet,2022,född i Sverige/utrikes,SD,25.730051226155517,100.00000000000001
Otrygghet vid utevistelse sent på kvällen i det egna bostadsområdet,2022,född i Sverige/utrikes,V,25.920643726600744,100.0
Otrygghet vid utevistelse sent på kvällen i det egna bostadsområdet,2022,född i Sverige/utrikes,ÖVR,25.750630089560246,100.00000000000001
Otrygghet vid utevistelse sent på kvällen i det egna bostadsområdet,2023,född i Sverige/utrikes,ALLA,25.701013222926438,99.99999999999999
Otrygghet vid utevistelse sent på kvällen i det egna bostadsområdet,2023,född i Sverige/utrikes,C,25.429940416816844,100.0
Otrygghet vid utevistelse sent på kvällen i det egna bostadsområdet,2023,född i Sverige/utrikes,KD,25.952286314245633,99.99999999999999
Otrygghet vid utevistelse sent på kvällen i det egna bostadsområdet,2023,född i Sverige/utrikes,L,25.430889752438606,100.0
Otrygghet vid utevistelse sent på kvällen i det egna bostadsområdet,2023,född i Sverige/utrikes,M,25.492503094559833,100.0
Otrygghet vid utevistelse sent på kvällen i det egna bostadsområdet,2023,född i Sverige/utrikes,MP,25.467664651240085,100.0
Otrygghet vid utevistelse sent på kvällen i det egna bostadsområdet,2023,född i Sverige/utrikes,S,25.97693542659027,100.0
Otrygghet vid utevistelse sent på kvällen i det egna bostadsområdet,2023,född i Sverige/utrikes,SD,25.28118192303217,99.99999999999999
Otrygghet vid utevistelse sent på kvällen i det egna bostadsområdet,2023,född i Sverige/utrikes,V,26.1151473403459,100.0
Otrygghet vid utevistelse sent på kvällen i det egna bostadsområdet,2023,född i Sverige/utrikes,ÖVR,25.82968044183909,100.0
Otrygghet vid utevistelse sent på kvällen i det egna bostadsområdet,2024,född i Sverige/utrikes,ALLA,23.51933409133259,100.0
Otrygghet vid utevistelse sent på kvällen i det egna bostadsområdet,2024,född i Sverige/utrikes,C,22.993810301977142,100.0
Otrygghet vid utevistelse sent på kvällen i det egna bostadsområdet,2024,född i Sverige/utrikes,KD,23.335774266433027,100.0
Otrygghet vid utevistelse sent på kvällen i det egna bostadsområdet,2024,född i Sverige/utrikes,L,23.090947022374827,100.0
Otrygghet vid utevistelse sent på kvällen i det egna bostadsområdet,2024,född i Sverige/utrikes,M,23.356728552707988,100.00000000000001
Otrygghet vid utevistelse sent på kvällen i det egna bostadsområdet,2024,född i Sverige/utrikes,MP,23.14743070656259,100.00000000000001
Otrygghet vid utevistelse sent på kvällen i det egna bostadsområdet,2024,född i Sverige/utrikes,S,23.828395730856805,100.0
Otrygghet vid utevistelse sent på kvällen i det egna bostadsområdet,2024,född i Sverige/utrikes,SD,23.207633703983262,100.0
Otrygghet vid utevistelse sent på kvällen i det egna bostadsområdet,2024,född i Sverige/utrikes,V,24.156145124082673,100.00000000000001
Otrygghet vid utevistelse sent på kvällen i det egna bostadsområdet,2024,född i Sverige/utrikes,ÖVR,23.25136151350276,100.0
Otrygghet vid utevistelse sent på kvällen i det egna bostadsområdet,2025,född i Sverige/utrikes,ALLA,24.294471289611163,100.00000000000001
Otrygghet vid utevistelse sent på kvällen i det egna bostadsområdet,2025,född i Sverige/utrikes,C,23.80419097046083,100.0
Otrygghet vid utevistelse sent på kvällen i det egna bostadsområdet,2025,född i Sverige/utrikes,KD,24.090808208518016,100.00000000000003
Otrygghet vid utevistelse sent på kvällen i det egna bostadsområdet,2025,född i Sverige/utrikes,L,24.10447361155937,100.0
Otrygghet vid utevistelse sent på kvällen i det egna bostadsområdet,2025,född i Sverige/utrikes,M,23.880193977101513,100.0
Otrygghet vid utevistelse sent på kvällen i det egna bostadsområdet,2025,född i Sverige/utrikes,MP,24.150921010362957,100.0
Otrygghet vid utevistelse sent på kvällen i det egna bostadsområdet,2025,född i Sverige/utrikes,S,24.70393461972798,99.99999999999999
Otrygghet vid utevistelse sent på kvällen i det egna bostadsområdet,2025,född i Sverige/utrikes,SD,23.92175479238332,100.0
Otrygghet vid utevistelse sent på kvällen i det egna bostadsområdet,2025,född i Sverige/utrikes,V,24.776911051946907,100.0
Otrygghet vid utevistelse sent på kvällen i det egna bostadsområdet,2025,född i Sverige/utrikes,ÖVR,24.44980179738769,100.0
Självrapporterad utsatthet för hot,2006,född i Sverige/utrikes,ALLA,6.595101769385519,100.0
Självrapporterad utsatthet för hot,2006,född i Sverige/utrikes,C,6.583372067168691,99.99999999999999
Självrapporterad utsatthet för hot,2006,född i Sverige/utrikes,KD,6.593354174867243,100.0
Självrapporterad utsatthet för hot,2006,född i Sverige/utrikes,L,6.591202182472397,100.0
Självrapporterad utsatthet för hot,2006,född i Sverige/utrikes,M,6.5916972638021525,100.0
Självrapporterad utsatthet för hot,2006,född i Sverige/utrikes,MP,6.597223572151692,100.0
Självrapporterad utsatthet för hot,2006,född i Sverige/utrikes,S,6.599585007076621,100.00000000000001
Självrapporterad utsatthet för hot,2006,född i Sverige/utrikes,V,6.595866546695878,99.99999999999999
Självrapporterad utsatthet för hot,2006,född i Sverige/utrikes,ÖVR,6.592868985310779,100.00000000000001
Självrapporterad utsatthet för hot,2007,född i Sverige/utrikes,ALLA,5.823282406606454,100.0
Självrapporterad utsatthet för hot,2007,född i Sverige/utrikes,C,5.899452641754955,100.0
Självrapporterad utsatthet för hot,2007,född i Sverige/utrikes,KD,5.836254200087092,100.00000000000001
Självrapporterad utsatthet för hot,2007,född i Sverige/utrikes,L,5.852021258832261,100.0
Självrapporterad utsatthet för hot,2007,född i Sverige/utrikes,M,5.84788518494884,100.0
Självrapporterad utsatthet för hot,2007,född i Sverige/utrikes,MP,5.803791849774391,100.0
Självrapporterad utsatthet för hot,2007,född i Sverige/utrikes,S,5.800501354137077,100.00000000000001
Självrapporterad utsatthet för hot,2007,född i Sverige/utrikes,V,5.776671309488337,100.0
Självrapporterad utsatthet för hot,2007,född i Sverige/utrikes,ÖVR,5.877251612665819,100.0
Självrapporterad utsatthet för hot,2008,född i Sverige/utrikes,ALLA,5.8058420542100295,100.00000000000001
Självrapporterad utsatthet för hot,2008,född i Sverige/utrikes,C,5.640412931769173,100.0
Självrapporterad utsatthet för hot,2008,född i Sverige/utrikes,KD,5.794959226959142,100.0
Självrapporterad utsatthet för hot,2008,född i Sverige/utrikes,L,5.752248744863474,100.0
Självrapporterad utsatthet för hot,2008,född i Sverige/utrikes,M,5.738756212791635,100.0
Självrapporterad utsatthet för hot,2008,född i Sverige/utrikes,MP,5.811800450167722,100.0
Självrapporterad utsatthet för hot,2008,född i Sverige/utrikes,S,5.866241922519773,100.0
Självrapporterad utsatthet för hot,2008,född i Sverige/utrikes,V,5.8611063709328635,99.99999999999999
Självrapporterad utsatthet för hot,2008,född i Sverige/utrikes,ÖVR,5.699217955880979,100.0
Självrapporterad utsatthet för hot,2009,född i Sverige/utrikes,ALLA,6.026848686800903,100.0
Självrapporterad utsatthet för hot,2009,född i Sverige/utrikes,C,5.976853667178863,100.0
Självrapporterad utsatthet för hot,2009,född i Sverige/utrikes,KD,6.021242487075073,99.99999999999999
Självrapporterad utsatthet för hot,2009,född i Sverige/utrikes,L,6.016130082685353,100.00000000000001
Självrapporterad utsatthet för hot,2009,född i Sverige/utrikes,M,6.008622300488826,100.0
Självrapporterad utsatthet för hot,2009,född i Sverige/utrikes,MP,6.015786169212237,100.0
Självrapporterad utsatthet för hot,2009,född i Sverige/utrikes,S,6.051392236567329,100.0
Självrapporterad utsatthet för hot,2009,född i Sverige/utrikes,V,6.044315068913042,100.0
Självrapporterad utsatthet för hot,2009,född i Sverige/utrikes,ÖVR,5.998968628662226,99.99999999999999
Självrapporterad utsatthet för hot,2010,född i Sverige/utrikes,ALLA,5.930265342437349,100.0
Självrapporterad utsatthet för hot,2010,född i Sverige/utrikes,C,5.920000762251431,100.0
Självrapporterad utsatthet för hot,2010,född i Sverige/utrikes,KD,5.9300021293820855,100.0
Självrapporterad utsatthet för hot,2010,född i Sverige/utrikes,L,5.924575146132214,100.0
Självrapporterad utsatthet för hot,2010,född i Sverige/utrikes,M,5.929733274582427,99.99999999999999
Självrapporterad utsatthet för hot,2010,född i Sverige/utrikes,MP,5.928221066582221,100.0
Självrapporterad utsatthet för hot,2010,född i Sverige/utrikes,S,5.933945025023336,100.0
Självrapporterad utsatthet för hot,2010,född i Sverige/utrikes,V,5.931848826898135,100.0
Självrapporterad utsatthet för hot,2010,född i Sverige/utrikes,ÖVR,5.925025632124452,100.0
Självrapporterad utsatthet för hot,2011,född i Sverige/utrikes,ALLA,5.856226218371596,100.0
Självrapporterad utsatthet för hot,2011,född i Sverige/utrikes,C,5.816435808981158,100.0
Självrapporterad utsatthet för hot,2011,född i Sverige/utrikes,KD,5.846554521432731,99.99999999999999
Självrapporterad utsatthet för hot,2011,född i Sverige/utrikes,L,5.844152210398822,100.0
Självrapporterad utsatthet för hot,2011,född i Sverige/utrikes,M,5.847657175383039,100.0
Självrapporterad utsatthet för hot,2011,född i Sverige/utrikes,MP,5.861566344852606,100.0
Självrapporterad utsatthet för hot,2011,född i Sverige/utrikes,S,5.874340130511886,100.0
Självrapporterad utsatthet för hot,2011,född i Sverige/utrikes,SD,5.832829376654859,100.0
Självrapporterad utsatthet för hot,2011,född i Sverige/utrikes,V,5.8504212331012635,99.99999999999999
Självrapporterad utsatthet för hot,2011,född i Sverige/utrikes,ÖVR,5.858933950374506,100.0
Självrapporterad utsatthet för hot,2012,född i Sverige/utrikes,ALLA,5.876826282193568,99.99999999999999
Självrapporterad utsatthet för hot,2012,född i Sverige/utrikes,C,5.805510649698487,100.0
Självrapporterad utsatthet för hot,2012,född i Sverige/utrikes,KD,5.844618289515141,100.00000000000001
Självrapporterad utsatthet för hot,2012,född i Sverige/utrikes,L,5.8316604670827825,100.0
Självrapporterad utsatthet för hot,2012,född i Sverige/utrikes,M,5.853699332573496,100.00000000000001
Självrapporterad utsatthet för hot,2012,född i Sverige/utrikes,MP,5.8739355914422084,100.0
Självrapporterad utsatthet för hot,2012,född i Sverige/utrikes,S,5.918738094857903,100.0
Självrapporterad utsatthet för hot,2012,född i Sverige/utrikes,SD,5.8416221561379755,100.0
Självrapporterad utsatthet för hot,2012,född i Sverige/utrikes,V,5.87957294596338,100.0
Självrapporterad utsatthet för hot,2012,född i Sverige/utrikes,ÖVR,5.786449570968067,100.0
Självrapporterad utsatthet för hot,2013,född i Sverige/utrikes,ALLA,6.250163520808881,99.99999999999999
Självrapporterad utsatthet för hot,2013,född i Sverige/utrikes,C,6.3055041137032966,100.0
Självrapporterad utsatthet för hot,2013,född i Sverige/utrikes,KD,6.2999160125585965,100.0
Självrapporterad utsatthet för hot,2013,född i Sverige/utrikes,L,6.278047044088998,100.0
Självrapporterad utsatthet för hot,2013,född i Sverige/utrikes,M,6.267491585640321,100.0
Självrapporterad utsatthet för hot,2013,född i Sverige/utrikes,MP,6.256576154488652,100.0
Självrapporterad utsatthet för hot,2013,född i Sverige/utrikes,S,6.224826843201263,100.0
Självrapporterad utsatthet för hot,2013,född i Sverige/utrikes,SD,6.277531874617409,100.0
Självrapporterad utsatthet för hot,2013,född i Sverige/utrikes,V,6.199976769119765,100.0
Självrapporterad utsatthet för hot,2013,född i Sverige/utrikes,ÖVR,6.208666347548124,100.00000000000001
Självrapporterad utsatthet för hot,2014,född i Sverige/utrikes,ALLA,5.702571295536217,100.0
Självrapporterad utsatthet för hot,2014,född i Sverige/utrikes,C,5.736658601505114,100.0
Självrapporterad utsatthet för hot,2014,född i Sverige/utrikes,KD,5.70184068337216,100.00000000000001
Självrapporterad utsatthet för hot,2014,född i Sverige/utrikes,L,5.712628778547046,100.00000000000001
Självrapporterad utsatthet för hot,2014,född i Sverige/utrikes,M,5.710712416875759,100.00000000000001
Självrapporterad utsatthet för hot,2014,född i Sverige/utrikes,MP,5.706898655230374,100.00000000000001
Självrapporterad utsatthet för hot,2014,född i Sverige/utrikes,S,5.689354793436619,99.99999999999999
Självrapporterad utsatthet för hot,2014,född i Sverige/utrikes,SD,5.727953049046898,99.99999999999999
Självrapporterad utsatthet för hot,2014,född i Sverige/utrikes,V,5.695311650931445,100.0
Självrapporterad utsatthet för hot,2014,född i Sverige/utrikes,ÖVR,5.696723141930022,99.99999999999999
Självrapporterad utsatthet för hot,2015,född i Sverige/utrikes,ALLA,6.930228869545641,100.0
Självrapporterad utsatthet för hot,2015,född i Sverige/utrikes,C,6.950139375500008,100.0
Självrapporterad utsatthet för hot,2015,född i Sverige/utrikes,KD,6.929342832580794,100.0
Självrapporterad utsatthet för hot,2015,född i Sverige/utrikes,L,6.936978468816619,100.00000000000001
Självrapporterad utsatthet för hot,2015,född i Sverige/utrikes,M,6.9368768209227145,100.0
Självrapporterad utsatthet för hot,2015,född i Sverige/utrikes,MP,6.925405559403435,100.0
Självrapporterad utsatthet för hot,2015,född i Sverige/utrikes,S,6.918493344065754,100.0
Självrapporterad utsatthet för hot,2015,född i Sverige/utrikes,SD,6.940484461600356,99.99999999999999
Självrapporterad utsatthet för hot,2015,född i Sverige/utrikes,V,6.919516900359744,100.0
Självrapporterad utsatthet för hot,2015,född i Sverige/utrikes,ÖVR,6.93363820047337,100.0
Självrapporterad utsatthet för hot,2016,född i Sverige/utrikes,ALLA,7.762983893989568,100.0
Självrapporterad utsatthet för hot,2016,född i Sverige/utrikes,C,7.73283208642371,100.0
Självrapporterad utsatthet för hot,2016,född i Sverige/utrikes,KD,7.726658185197705,100.0
Självrapporterad utsatthet för hot,2016,född i Sverige/utrikes,L,7.747799921371271,100.0
Självrapporterad utsatthet för hot,2016,född i Sverige/utrikes,M,7.759671654552526,100.0
Självrapporterad utsatthet för hot,2016,född i Sverige/utrikes,MP,7.769684457775817,99.99999999999999
Självrapporterad utsatthet för hot,2016,född i Sverige/utrikes,S,7.784663919769936,99.99999999999999
Självrapporterad utsatthet för hot,2016,född i Sverige/utrikes,SD,7.746890494244857,99.99999999999999
Självrapporterad utsatthet för hot,2016,född i Sverige/utrikes,V,7.765512617947191,100.0
Självrapporterad utsatthet för hot,2016,född i Sverige/utrikes,ÖVR,7.726658185197705,100.0
Självrapporterad utsatthet för hot,2017,född i Sverige/utrikes,ALLA,8.171007084185952,100.00000000000001
Självrapporterad utsatthet för hot,2017,född i Sverige/utrikes,C,8.125874569652336,99.99999999999999
Självrapporterad utsatthet för hot,2017,född i Sverige/utrikes,KD,8.15977027973451,100.0
Självrapporterad utsatthet för hot,2017,född i Sverige/utrikes,L,8.159372673814202,100.00000000000001
Självrapporterad utsatthet för hot,2017,född i Sverige/utrikes,M,8.164194112179889,100.0
Självrapporterad utsatthet för hot,2017,född i Sverige/utrikes,MP,8.20365166974961,100.0
Självrapporterad utsatthet för hot,2017,född i Sverige/utrikes,S,8.193952491257642,99.99999999999999
Självrapporterad utsatthet för hot,2017,född i Sverige/utrikes,SD,8.153831452151383,100.0
Självrapporterad utsatthet för hot,2017,född i Sverige/utrikes,V,8.179956793238198,100.0
Självrapporterad utsatthet för hot,2017,född i Sverige/utrikes,ÖVR,8.186436356065975,100.0
Självrapporterad utsatthet för hot,2018,född i Sverige/utrikes,ALLA,9.036545946106042,99.99999999999999
Självrapporterad utsatthet för hot,2018,född i Sverige/utrikes,C,9.055922136290334,100.0
Självrapporterad utsatthet för hot,2018,född i Sverige/utrikes,KD,9.049747185361722,100.0
Självrapporterad utsatthet för hot,2018,född i Sverige/utrikes,L,9.054870433481216,100.0
Självrapporterad utsatthet för hot,2018,född i Sverige/utrikes,M,9.03765698294177,100.0
Självrapporterad utsatthet för hot,2018,född i Sverige/utrikes,MP,9.028957751765978,100.0
Självrapporterad utsatthet för hot,2018,född i Sverige/utrikes,S,9.014115554860954,100.00000000000001
Självrapporterad utsatthet för hot,2018,född i Sverige/utrikes,SD,9.052560709533926,100.00000000000001
Självrapporterad utsatthet för hot,2018,född i Sverige/utrikes,V,9.045092753982937,100.0
Självrapporterad utsatthet för hot,2018,född i Sverige/utrikes,ÖVR,9.045277760397422,100.00000000000001
Självrapporterad utsatthet för hot,2019,född i Sverige/utrikes,ALLA,9.044980222528947,100.0
Självrapporterad utsatthet för hot,2019,född i Sverige/utrikes,C,9.029172261549606,99.99999999999999
Självrapporterad utsatthet för hot,2019,född i Sverige/utrikes,KD,9.032734360413153,99.99999999999999
Självrapporterad utsatthet för hot,2019,född i Sverige/utrikes,L,9.047502191356275,100.0
Självrapporterad utsatthet för hot,2019,född i Sverige/utrikes,M,9.04357722931715,99.99999999999999
Självrapporterad utsatthet för hot,2019,född i Sverige/utrikes,MP,9.039461238322387,100.0
Självrapporterad utsatthet för hot,2019,född i Sverige/utrikes,S,9.063725728422448,100.0
Självrapporterad utsatthet för hot,2019,född i Sverige/utrikes,SD,9.035747922426257,100.00000000000001
Självrapporterad utsatthet för hot,2019,född i Sverige/utrikes,V,9.037151327468248,100.00000000000001
Självrapporterad utsatthet för hot,2019,född i Sverige/utrikes,ÖVR,9.029631918748454,100.0
Självrapporterad utsatthet för hot,2020,född i Sverige/utrikes,ALLA,8.331347279259974,100.0
Självrapporterad utsatthet för hot,2020,född i Sverige/utrikes,C,8.308570558875454,100.0
Självrapporterad utsatthet för hot,2020,född i Sverige/utrikes,KD,8.322550230794478,100.0
Självrapporterad utsatthet för hot,2020,född i Sverige/utrikes,L,8.323581058543375,100.0
Självrapporterad utsatthet för hot,2020,född i Sverige/utrikes,M,8.31912119312395,100.0
Självrapporterad utsatthet för hot,2020,född i Sverige/utrikes,MP,8.338650709647585,100.0
Självrapporterad utsatthet för hot,2020,född i Sverige/utrikes,S,8.353483884631633,100.00000000000001
Självrapporterad utsatthet för hot,2020,född i Sverige/utrikes,SD,8.314314430673354,100.00000000000001
Självrapporterad utsatthet för hot,2020,född i Sverige/utrikes,V,8.338052045484972,100.0
Självrapporterad utsatthet för hot,2020,född i Sverige/utrikes,ÖVR,8.273345256034064,100.0
Självrapporterad utsatthet för hot,2021,född i Sverige/utrikes,ALLA,7.6569710246963645,100.0
Självrapporterad utsatthet för hot,2021,född i Sverige/utrikes,C,7.660693201030369,100.0
Självrapporterad utsatthet för hot,2021,född i Sverige/utrikes,KD,7.66330239846205,100.00000000000001
Självrapporterad utsatthet för hot,2021,född i Sverige/utrikes,L,7.672335625919272,99.99999999999999
Självrapporterad utsatthet för hot,2021,född i Sverige/utrikes,M,7.6657614505793825,100.0
Självrapporterad utsatthet för hot,2021,född i Sverige/utrikes,MP,7.659511272112006,100.00000000000001
Självrapporterad utsatthet för hot,2021,född i Sverige/utrikes,S,7.6458327642000325,100.0
Självrapporterad utsatthet för hot,2021,född i Sverige/utrikes,SD,7.658985357871236,100.0
Självrapporterad utsatthet för hot,2021,född i Sverige/utrikes,V,7.653670887162705,100.00000000000001
Självrapporterad utsatthet för hot,2021,född i Sverige/utrikes,ÖVR,7.679877548849615,100.0
Självrapporterad utsatthet för hot,2022,född i Sverige/utrikes,ALLA,7.5800058562034325,100.0
Självrapporterad utsatthet för hot,2022,född i Sverige/utrikes,C,7.554892466012364,100.0
Självrapporterad utsatthet för hot,2022,född i Sverige/utrikes,KD,7.537746555626853,100.00000000000001
Självrapporterad utsatthet för hot,2022,född i Sverige/utrikes,L,7.53832728256595,100.0
Självrapporterad utsatthet för hot,2022,född i Sverige/utrikes,M,7.559555971351249,100.0
Självrapporterad utsatthet för hot,2022,född i Sverige/utrikes,MP,7.594929491635176,100.0
Självrapporterad utsatthet för hot,2022,född i Sverige/utrikes,S,7.6201161152061765,100.0
Självrapporterad utsatthet för hot,2022,född i Sverige/utrikes,SD,7.5577729831776015,100.00000000000001
Självrapporterad utsatthet för hot,2022,född i Sverige/utrikes,V,7.581720124529388,100.0
Självrapporterad utsatthet för hot,2022,född i Sverige/utrikes,ÖVR,7.560358630302546,100.00000000000001
Självrapporterad utsatthet för hot,2023,född i Sverige/utrikes,ALLA,7.284253572386108,99.99999999999999
Självrapporterad utsatthet för hot,2023,född i Sverige/utrikes,C,7.273277784977994,100.0
Självrapporterad utsatthet för hot,2023,född i Sverige/utrikes,KD,7.2944276657276,99.99999999999999
Självrapporterad utsatthet för hot,2023,född i Sverige/utrikes,L,7.273316223750636,100.0
Självrapporterad utsatthet för hot,2023,född i Sverige/utrikes,M,7.275810959221639,100.0
Självrapporterad utsatthet för hot,2023,född i Sverige/utrikes,MP,7.27480524611696,100.0
Självrapporterad utsatthet för hot,2023,född i Sverige/utrikes,S,7.295425712786528,100.0
Självrapporterad utsatthet för hot,2023,född i Sverige/utrikes,SD,7.2672545264063775,99.99999999999999
Självrapporterad utsatthet för hot,2023,född i Sverige/utrikes,V,7.30102193840732,100.0
Självrapporterad utsatthet för hot,2023,född i Sverige/utrikes,ÖVR,7.289463331570167,100.0
Självrapporterad utsatthet för hot,2024,född i Sverige/utrikes,ALLA,7.4239276441315045,100.0
Självrapporterad utsatthet för hot,2024,född i Sverige/utrikes,C,7.408196508920198,100.0
Självrapporterad utsatthet för hot,2024,född i Sverige/utrikes,KD,7.418432927273109,100.0
Självrapporterad utsatthet för hot,2024,född i Sverige/utrikes,L,7.411104219120022,100.0
Självrapporterad utsatthet för hot,2024,född i Sverige/utrikes,M,7.419060177109034,100.00000000000001
Självrapporterad utsatthet för hot,2024,född i Sverige/utrikes,MP,7.412795013126283,100.00000000000001
Självrapporterad utsatthet för hot,2024,född i Sverige/utrikes,S,7.433179157647089,100.0
Självrapporterad utsatthet för hot,2024,född i Sverige/utrikes,SD,7.414597141805772,100.0
Självrapporterad utsatthet för hot,2024,född i Sverige/utrikes,V,7.442990074154945,100.00000000000001
Självrapporterad utsatthet för hot,2024,född i Sverige/utrikes,ÖVR,7.4159060988843635,100.0
Självrapporterad utsatthet för misshandel,2006,född i Sverige/utrikes,ALLA,3.071895004430601,100.0
Självrapporterad utsatthet för misshandel,2006,född i Sverige/utrikes,C,3.201090521035275,99.99999999999999
Självrapporterad utsatthet för misshandel,2006,född i Sverige/utrikes,KD,3.0911436922856286,100.0
Självrapporterad utsatthet för misshandel,2006,född i Sverige/utrikes,L,3.114846576130599,100.0
Självrapporterad utsatthet för misshandel,2006,född i Sverige/utrikes,M,3.109393557206775,100.0
Självrapporterad utsatthet för misshandel,2006,född i Sverige/utrikes,MP,3.048524640934452,100.0
Självrapporterad utsatthet för misshandel,2006,född i Sverige/utrikes,S,3.02251487534833,100.00000000000001
Självrapporterad utsatthet för misshandel,2006,född i Sverige/utrikes,V,3.063471448753494,99.99999999999999
Självrapporterad utsatthet för misshandel,2006,född i Sverige/utrikes,ÖVR,3.096487759359091,100.00000000000001
Självrapporterad utsatthet för misshandel,2007,född i Sverige/utrikes,ALLA,3.551535247217633,100.0
Självrapporterad utsatthet för misshandel,2007,född i Sverige/utrikes,C,3.686224425717553,100.0
Självrapporterad utsatthet för misshandel,2007,född i Sverige/utrikes,KD,3.5744728186216275,100.00000000000001
Självrapporterad utsatthet för misshandel,2007,född i Sverige/utrikes,L,3.6023531604061385,100.0
Självrapporterad utsatthet för misshandel,2007,född i Sverige/utrikes,M,3.5950394847625375,100.0
Självrapporterad utsatthet för misshandel,2007,född i Sverige/utrikes,MP,3.5170707732259427,100.0
Självrapporterad utsatthet för misshandel,2007,född i Sverige/utrikes,S,3.511252304195573,100.00000000000001
Självrapporterad utsatthet för misshandel,2007,född i Sverige/utrikes,V,3.46911446477447,100.0
Självrapporterad utsatthet för misshandel,2007,född i Sverige/utrikes,ÖVR,3.646967117872319,100.0
Självrapporterad utsatthet för misshandel,2008,född i Sverige/utrikes,ALLA,3.0075882527320257,100.00000000000001
Självrapporterad utsatthet för misshandel,2008,född i Sverige/utrikes,C,3.2011497146545826,100.0
Självrapporterad utsatthet för misshandel,2008,född i Sverige/utrikes,KD,3.0203217782531193,100.0
Självrapporterad utsatthet för misshandel,2008,född i Sverige/utrikes,L,3.070295466270536,100.0
Självrapporterad utsatthet för misshandel,2008,född i Sverige/utrikes,M,3.0860824945417873,100.0
Självrapporterad utsatthet för misshandel,2008,född i Sverige/utrikes,MP,3.0006165913022405,100.0
Självrapporterad utsatthet för misshandel,2008,född i Sverige/utrikes,S,2.936916978911159,100.0
Självrapporterad utsatthet för misshandel,2008,född i Sverige/utrikes,V,2.9429258657279047,99.99999999999999
Självrapporterad utsatthet för misshandel,2008,född i Sverige/utrikes,ÖVR,3.1323444990581453,100.0
Självrapporterad utsatthet för misshandel,2009,född i Sverige/utrikes,ALLA,2.889496191947603,100.0
Självrapporterad utsatthet för misshandel,2009,född i Sverige/utrikes,C,2.873893980181691,100.0
Självrapporterad utsatthet för misshandel,2009,född i Sverige/utrikes,KD,2.887746635372055,99.99999999999999
Självrapporterad utsatthet för misshandel,2009,född i Sverige/utrikes,L,2.8861511801342257,100.00000000000001
Självrapporterad utsatthet för misshandel,2009,född i Sverige/utrikes,M,2.8838081865999072,100.0
Självrapporterad utsatthet för misshandel,2009,född i Sverige/utrikes,MP,2.8860438532269206,100.0
Självrapporterad utsatthet för misshandel,2009,född i Sverige/utrikes,S,2.897155628104204,100.0
Självrapporterad utsatthet för misshandel,2009,född i Sverige/utrikes,V,2.8949470187411146,100.0
Självrapporterad utsatthet för misshandel,2009,född i Sverige/utrikes,ÖVR,2.8807955138717856,99.99999999999999
Självrapporterad utsatthet för misshandel,2010,född i Sverige/utrikes,ALLA,2.809938116236143,100.0
Självrapporterad utsatthet för misshandel,2010,född i Sverige/utrikes,C,2.9265184468163397,100.0
Självrapporterad utsatthet för misshandel,2010,född i Sverige/utrikes,KD,2.8129275677714127,100.0
Självrapporterad utsatthet för misshandel,2010,född i Sverige/utrikes,L,2.8745647209587584,100.0
Självrapporterad utsatthet för misshandel,2010,född i Sverige/utrikes,M,2.815981095617123,99.99999999999999
Självrapporterad utsatthet för misshandel,2010,född i Sverige/utrikes,MP,2.8331560511805174,100.0
Självrapporterad utsatthet för misshandel,2010,född i Sverige/utrikes,S,2.7681459918107225,100.0
Självrapporterad utsatthet för misshandel,2010,född i Sverige/utrikes,V,2.7919536357641137,100.0
Självrapporterad utsatthet för misshandel,2010,född i Sverige/utrikes,ÖVR,2.86944831045335,100.0
Självrapporterad utsatthet för misshandel,2011,född i Sverige/utrikes,ALLA,3.088782983687695,100.0
Självrapporterad utsatthet för misshandel,2011,född i Sverige/utrikes,C,3.173836759267223,100.0
Självrapporterad utsatthet för misshandel,2011,född i Sverige/utrikes,KD,3.1094566674600737,99.99999999999999
Självrapporterad utsatthet för misshandel,2011,född i Sverige/utrikes,L,3.114591714489757,100.0
Självrapporterad utsatthet för misshandel,2011,född i Sverige/utrikes,M,3.1070996954392225,100.0
Självrapporterad utsatthet för misshandel,2011,född i Sverige/utrikes,MP,3.077368225050117,100.0
Självrapporterad utsatthet för misshandel,2011,född i Sverige/utrikes,S,3.050063688218023,100.0
Självrapporterad utsatthet för misshandel,2011,född i Sverige/utrikes,SD,3.138794776859223,100.0
Självrapporterad utsatthet för misshandel,2011,född i Sverige/utrikes,V,3.10119139873014,99.99999999999999
Självrapporterad utsatthet för misshandel,2011,född i Sverige/utrikes,ÖVR,3.082995085708431,100.0
Självrapporterad utsatthet för misshandel,2012,född i Sverige/utrikes,ALLA,2.263118478703283,99.99999999999999
Självrapporterad utsatthet för misshandel,2012,född i Sverige/utrikes,C,2.2444730113594806,100.0
Självrapporterad utsatthet för misshandel,2012,född i Sverige/utrikes,KD,2.2546977011726845,100.00000000000001
Självrapporterad utsatthet för misshandel,2012,född i Sverige/utrikes,L,2.2513098793648076,100.0
Självrapporterad utsatthet för misshandel,2012,född i Sverige/utrikes,M,2.257071939272639,100.00000000000001
Självrapporterad utsatthet för misshandel,2012,född i Sverige/utrikes,MP,2.262362707799769,100.0
Självrapporterad utsatthet för misshandel,2012,född i Sverige/utrikes,S,2.2740763193198736,100.0
Självrapporterad utsatthet för misshandel,2012,född i Sverige/utrikes,SD,2.2539143623017086,100.0
Självrapporterad utsatthet för misshandel,2012,född i Sverige/utrikes,V,2.2638365937621097,100.0
Självrapporterad utsatthet för misshandel,2012,född i Sverige/utrikes,ÖVR,2.2394894936008716,100.0
Självrapporterad utsatthet för misshandel,2013,född i Sverige/utrikes,ALLA,2.8377463235085014,99.99999999999999
Självrapporterad utsatthet för misshandel,2013,född i Sverige/utrikes,C,2.961833120801194,100.0
Självrapporterad utsatthet för misshandel,2013,född i Sverige/utrikes,KD,2.949303266353907,100.0
Självrapporterad utsatthet för misshandel,2013,född i Sverige/utrikes,L,2.9002678275275713,100.0
Självrapporterad utsatthet för misshandel,2013,född i Sverige/utrikes,M,2.8765999742511985,100.0
Självrapporterad utsatthet för misshandel,2013,född i Sverige/utrikes,MP,2.85212497639088,100.0
Självrapporterad utsatthet för misshandel,2013,född i Sverige/utrikes,S,2.7809354544170684,100.0
Självrapporterad utsatthet för misshandel,2013,född i Sverige/utrikes,SD,2.899112694804029,100.0
Självrapporterad utsatthet för misshandel,2013,född i Sverige/utrikes,V,2.7252156663919833,100.0
Självrapporterad utsatthet för misshandel,2013,född i Sverige/utrikes,ÖVR,2.7446997720114514,100.00000000000001
Självrapporterad utsatthet för misshandel,2014,född i Sverige/utrikes,ALLA,2.4289651091710756,100.0
Självrapporterad utsatthet för misshandel,2014,född i Sverige/utrikes,C,2.528617341674091,100.0
Självrapporterad utsatthet för misshandel,2014,född i Sverige/utrikes,KD,2.4268292075158264,100.00000000000001
Självrapporterad utsatthet för misshandel,2014,född i Sverige/utrikes,L,2.458367568734902,100.00000000000001
Självrapporterad utsatthet för misshandel,2014,född i Sverige/utrikes,M,2.4527651981925884,100.00000000000001
Självrapporterad utsatthet för misshandel,2014,född i Sverige/utrikes,MP,2.4416158905135457,100.00000000000001
Självrapporterad utsatthet för misshandel,2014,född i Sverige/utrikes,S,2.3903274432520583,99.99999999999999
Självrapporterad utsatthet för misshandel,2014,född i Sverige/utrikes,SD,2.5031671715015054,99.99999999999999
Självrapporterad utsatthet för misshandel,2014,född i Sverige/utrikes,V,2.4077419654968892,100.0
Självrapporterad utsatthet för misshandel,2014,född i Sverige/utrikes,ÖVR,2.411868376345971,99.99999999999999
Självrapporterad utsatthet för misshandel,2015,född i Sverige/utrikes,ALLA,2.469166144879768,100.0
Självrapporterad utsatthet för misshandel,2015,född i Sverige/utrikes,C,2.5092455023353564,100.0
Självrapporterad utsatthet för misshandel,2015,född i Sverige/utrikes,KD,2.4673825743208737,100.0
Självrapporterad utsatthet för misshandel,2015,född i Sverige/utrikes,L,2.482752921754426,100.00000000000001
Självrapporterad utsatthet för misshandel,2015,född i Sverige/utrikes,M,2.4825483070508243,100.0
Självrapporterad utsatthet för misshandel,2015,född i Sverige/utrikes,MP,2.459456940515416,100.0
Självrapporterad utsatthet för misshandel,2015,född i Sverige/utrikes,S,2.4455428215089063,100.0
Självrapporterad utsatthet för misshandel,2015,född i Sverige/utrikes,SD,2.4898103987637055,99.99999999999999
Självrapporterad utsatthet för misshandel,2015,född i Sverige/utrikes,V,2.4476032150858815,100.0
Självrapporterad utsatthet för misshandel,2015,född i Sverige/utrikes,ÖVR,2.4760290439567676,100.0
Självrapporterad utsatthet för misshandel,2016,född i Sverige/utrikes,ALLA,3.115216716515638,100.0
Självrapporterad utsatthet för misshandel,2016,född i Sverige/utrikes,C,3.140176976148153,100.0
Självrapporterad utsatthet för misshandel,2016,född i Sverige/utrikes,KD,3.145287853073525,100.0
Självrapporterad utsatthet för misshandel,2016,född i Sverige/utrikes,L,3.1277863078403993,100.0
Självrapporterad utsatthet för misshandel,2016,född i Sverige/utrikes,M,3.1179586535001134,100.0
Självrapporterad utsatthet för misshandel,2016,född i Sverige/utrikes,MP,3.109669857959193,99.99999999999999
Självrapporterad utsatthet för misshandel,2016,född i Sverige/utrikes,S,3.0972695645535,99.99999999999999
Självrapporterad utsatthet för misshandel,2016,född i Sverige/utrikes,SD,3.12853914951142,99.99999999999999
Självrapporterad utsatthet för misshandel,2016,född i Sverige/utrikes,V,3.1131233890631,100.0
Självrapporterad utsatthet för misshandel,2016,född i Sverige/utrikes,ÖVR,3.145287853073525,100.0
Självrapporterad utsatthet för misshandel,2017,född i Sverige/utrikes,ALLA,3.2105299387529,100.00000000000001
Självrapporterad utsatthet för misshandel,2017,född i Sverige/utrikes,C,3.22243572379423,99.99999999999999
Självrapporterad utsatthet för misshandel,2017,född i Sverige/utrikes,KD,3.213494164870873,100.0
Självrapporterad utsatthet för misshandel,2017,född i Sverige/utrikes,L,3.2135990517947954,100.00000000000001
Självrapporterad utsatthet för misshandel,2017,född i Sverige/utrikes,M,3.2123271747596904,100.0
Självrapporterad utsatthet för misshandel,2017,född i Sverige/utrikes,MP,3.2019184217013805,100.0
Självrapporterad utsatthet för misshandel,2017,född i Sverige/utrikes,S,3.204477027961105,99.99999999999999
Självrapporterad utsatthet för misshandel,2017,född i Sverige/utrikes,SD,3.2150608049159244,100.0
Självrapporterad utsatthet för misshandel,2017,född i Sverige/utrikes,V,3.2081690396702855,100.0
Självrapporterad utsatthet för misshandel,2017,född i Sverige/utrikes,ÖVR,3.206459755731943,100.0
Självrapporterad utsatthet för misshandel,2018,född i Sverige/utrikes,ALLA,3.532994330348507,99.99999999999999
Självrapporterad utsatthet för misshandel,2018,född i Sverige/utrikes,C,3.5512944632859114,100.0
Självrapporterad utsatthet för misshandel,2018,född i Sverige/utrikes,KD,3.5454624384244315,100.0
Självrapporterad utsatthet för misshandel,2018,född i Sverige/utrikes,L,3.550301166820794,100.0
Självrapporterad utsatthet för misshandel,2018,född i Sverige/utrikes,M,3.5340436657234595,100.0
Självrapporterad utsatthet för misshandel,2018,född i Sverige/utrikes,MP,3.525827546586722,100.0
Självrapporterad utsatthet för misshandel,2018,född i Sverige/utrikes,S,3.511809611488973,100.00000000000001
Självrapporterad utsatthet för misshandel,2018,född i Sverige/utrikes,SD,3.548119713455501,100.00000000000001
Självrapporterad utsatthet för misshandel,2018,född i Sverige/utrikes,V,3.541066491018382,100.0
Självrapporterad utsatthet för misshandel,2018,född i Sverige/utrikes,ÖVR,3.5412412230966237,100.00000000000001
Självrapporterad utsatthet för misshandel,2019,född i Sverige/utrikes,ALLA,3.5452074618065983,100.0
Självrapporterad utsatthet för misshandel,2019,född i Sverige/utrikes,C,3.5781867100858658,99.99999999999999
Självrapporterad utsatthet för misshandel,2019,född i Sverige/utrikes,KD,3.5707553061894552,99.99999999999999
Självrapporterad utsatthet för misshandel,2019,född i Sverige/utrikes,L,3.5399460219398327,100.0
Självrapporterad utsatthet för misshandel,2019,född i Sverige/utrikes,M,3.548134446604096,99.99999999999999
Självrapporterad utsatthet för misshandel,2019,född i Sverige/utrikes,MP,3.556721404093991,100.0
Självrapporterad utsatthet för misshandel,2019,född i Sverige/utrikes,S,3.5060997809494507,100.0
Självrapporterad utsatthet för misshandel,2019,född i Sverige/utrikes,SD,3.564468283469377,100.00000000000001
Självrapporterad utsatthet för misshandel,2019,född i Sverige/utrikes,V,3.561540439494013,100.00000000000001
Självrapporterad utsatthet för misshandel,2019,född i Sverige/utrikes,ÖVR,3.5772277534624313,100.0
Självrapporterad utsatthet för misshandel,2020,född i Sverige/utrikes,ALLA,2.8180371948480034,100.0
Självrapporterad utsatthet för misshandel,2020,född i Sverige/utrikes,C,2.824662893776526,100.0
Självrapporterad utsatthet för misshandel,2020,född i Sverige/utrikes,KD,2.820596237309253,100.0
Självrapporterad utsatthet för misshandel,2020,född i Sverige/utrikes,L,2.820296371736157,100.0
Självrapporterad utsatthet för misshandel,2020,född i Sverige/utrikes,M,2.821593736985937,100.0
Självrapporterad utsatthet för misshandel,2020,född i Sverige/utrikes,MP,2.8159126426703067,100.0
Självrapporterad utsatthet för misshandel,2020,född i Sverige/utrikes,S,2.8115977039987503,100.00000000000001
Självrapporterad utsatthet för misshandel,2020,född i Sverige/utrikes,SD,2.822992013835321,100.00000000000001
Självrapporterad utsatthet för misshandel,2020,född i Sverige/utrikes,V,2.8160867927864697,100.0
Självrapporterad utsatthet för misshandel,2020,född i Sverige/utrikes,ÖVR,2.8349098585437487,100.0
Självrapporterad utsatthet för misshandel,2021,född i Sverige/utrikes,ALLA,2.7439674868665858,100.0
Självrapporterad utsatthet för misshandel,2021,född i Sverige/utrikes,C,2.7542200530199,100.0
Självrapporterad utsatthet för misshandel,2021,född i Sverige/utrikes,KD,2.761406969187994,100.00000000000001
Självrapporterad utsatthet för misshandel,2021,född i Sverige/utrikes,L,2.786288585149329,99.99999999999999
Självrapporterad utsatthet för misshandel,2021,född i Sverige/utrikes,M,2.7681803168870416,100.0
Självrapporterad utsatthet för misshandel,2021,född i Sverige/utrikes,MP,2.7509644833379046,100.00000000000001
Självrapporterad utsatthet för misshandel,2021,född i Sverige/utrikes,S,2.7132876527254166,100.0
Självrapporterad utsatthet för misshandel,2021,född i Sverige/utrikes,SD,2.74951587637772,100.0
Självrapporterad utsatthet för misshandel,2021,född i Sverige/utrikes,V,2.734877407476809,100.00000000000001
Självrapporterad utsatthet för misshandel,2021,född i Sverige/utrikes,ÖVR,2.807062470325078,100.0
Självrapporterad utsatthet för misshandel,2022,född i Sverige/utrikes,ALLA,2.7564644253986774,100.0
Självrapporterad utsatthet för misshandel,2022,född i Sverige/utrikes,C,2.7582909027223828,100.0
Självrapporterad utsatthet för misshandel,2022,född i Sverige/utrikes,KD,2.7595379114406455,100.00000000000001
Självrapporterad utsatthet för misshandel,2022,född i Sverige/utrikes,L,2.759495675622325,100.0
Självrapporterad utsatthet för misshandel,2022,född i Sverige/utrikes,M,2.7579517296085316,100.0
Självrapporterad utsatthet för misshandel,2022,född i Sverige/utrikes,MP,2.7553790410082803,100.0
Självrapporterad utsatthet för misshandel,2022,född i Sverige/utrikes,S,2.7535472374778482,100.0
Självrapporterad utsatthet för misshandel,2022,född i Sverige/utrikes,SD,2.758081404950763,100.00000000000001
Självrapporterad utsatthet för misshandel,2022,född i Sverige/utrikes,V,2.7563397479974867,100.0
Självrapporterad utsatthet för misshandel,2022,född i Sverige/utrikes,ÖVR,2.757893352847686,100.00000000000001
Självrapporterad utsatthet för misshandel,2023,född i Sverige/utrikes,ALLA,2.5559437831542815,99.99999999999999
Självrapporterad utsatthet för misshandel,2023,född i Sverige/utrikes,C,2.5409144761984295,100.0
Självrapporterad utsatthet för misshandel,2023,född i Sverige/utrikes,KD,2.569875318646098,99.99999999999999
Självrapporterad utsatthet för misshandel,2023,född i Sverige/utrikes,L,2.540967110974556,100.0
Självrapporterad utsatthet för misshandel,2023,född i Sverige/utrikes,M,2.54438318890803,100.0
Självrapporterad utsatthet för misshandel,2023,född i Sverige/utrikes,MP,2.543006051177707,100.0
Självrapporterad utsatthet för misshandel,2023,född i Sverige/utrikes,S,2.571241959147348,100.0
Självrapporterad utsatthet för misshandel,2023,född i Sverige/utrikes,SD,2.532666739741693,99.99999999999999
Självrapporterad utsatthet för misshandel,2023,född i Sverige/utrikes,V,2.578904953110487,100.0
Självrapporterad utsatthet för misshandel,2023,född i Sverige/utrikes,ÖVR,2.5630775829475825,100.0
Självrapporterad utsatthet för misshandel,2024,född i Sverige/utrikes,ALLA,2.6456705446466646,100.0
Självrapporterad utsatthet för misshandel,2024,född i Sverige/utrikes,C,2.663384532338722,100.0
Självrapporterad utsatthet för misshandel,2024,född i Sverige/utrikes,KD,2.6518578506162287,100.0
Självrapporterad utsatthet för misshandel,2024,född i Sverige/utrikes,L,2.6601103158247907,100.0
Självrapporterad utsatthet för misshandel,2024,född i Sverige/utrikes,M,2.651151538215746,100.00000000000001
Självrapporterad utsatthet för misshandel,2024,född i Sverige/utrikes,MP,2.6582064033725468,100.00000000000001
Självrapporterad utsatthet för misshandel,2024,född i Sverige/utrikes,S,2.6352529114405003,100.0
Självrapporterad utsatthet för misshandel,2024,född i Sverige/utrikes,SD,2.656177122915724,100.0
Självrapporterad utsatthet för misshandel,2024,född i Sverige/utrikes,V,2.6242053645258245,100.00000000000001
Självrapporterad utsatthet för misshandel,2024,född i Sverige/utrikes,ÖVR,2.654703176549605,100.0
Självrapporterad utsatthet för något brott mot enskild person,2016,född i Sverige/utrikes,ALLA,20.509396078692056,100.0
Självrapporterad utsatthet för något brott mot enskild person,2016,född i Sverige/utrikes,C,20.35861871517137,100.0
Självrapporterad utsatthet för något brott mot enskild person,2016,född i Sverige/utrikes,KD,20.32774545666237,100.0
Självrapporterad utsatthet för något brott mot enskild person,2016,född i Sverige/utrikes,L,20.433466987072702,100.0
Självrapporterad utsatthet för något brott mot enskild person,2016,född i Sverige/utrikes,M,20.492832868391123,100.0
Självrapporterad utsatthet för något brott mot enskild person,2016,född i Sverige/utrikes,MP,20.54290297009769,99.99999999999999
Självrapporterad utsatthet för något brott mot enskild person,2016,född i Sverige/utrikes,S,20.61780938429851,99.99999999999999
Självrapporterad utsatthet för något brott mot enskild person,2016,född i Sverige/utrikes,SD,20.428919298708234,99.99999999999999
Självrapporterad utsatthet för något brott mot enskild person,2016,född i Sverige/utrikes,V,20.522041235390184,100.0
Självrapporterad utsatthet för något brott mot enskild person,2016,född i Sverige/utrikes,ÖVR,20.32774545666237,100.0
Självrapporterad utsatthet för något brott mot enskild person,2017,född i Sverige/utrikes,ALLA,22.147637483247205,100.00000000000001
Självrapporterad utsatthet för något brott mot enskild person,2017,född i Sverige/utrikes,C,22.056901075753203,99.99999999999999
Självrapporterad utsatthet för något brott mot enskild person,2017,född i Sverige/utrikes,KD,22.125046513562207,100.0
Självrapporterad utsatthet för något brott mot enskild person,2017,född i Sverige/utrikes,L,22.12424714899811,100.00000000000001
Självrapporterad utsatthet för något brott mot enskild person,2017,född i Sverige/utrikes,M,22.13394038237491,100.0
Självrapporterad utsatthet för något brott mot enskild person,2017,född i Sverige/utrikes,MP,22.21326760487427,100.0
Självrapporterad utsatthet för något brott mot enskild person,2017,född i Sverige/utrikes,S,22.193767946565885,99.99999999999999
Självrapporterad utsatthet för något brott mot enskild person,2017,född i Sverige/utrikes,SD,22.113106831379913,100.0
Självrapporterad utsatthet för något brott mot enskild person,2017,född i Sverige/utrikes,V,22.165630374977454,100.0
Självrapporterad utsatthet för något brott mot enskild person,2017,född i Sverige/utrikes,ÖVR,22.17865717526102,100.0
Självrapporterad utsatthet för något brott mot enskild person,2018,född i Sverige/utrikes,ALLA,22.81924804910942,99.99999999999999
Självrapporterad utsatthet för något brott mot enskild person,2018,född i Sverige/utrikes,C,22.792872104970883,100.0
Självrapporterad utsatthet för något brott mot enskild person,2018,född i Sverige/utrikes,KD,22.80127779046438,100.0
Självrapporterad utsatthet för något brott mot enskild person,2018,född i Sverige/utrikes,L,22.794303741132577,100.0
Självrapporterad utsatthet för något brott mot enskild person,2018,född i Sverige/utrikes,M,22.817735644181706,100.0
Självrapporterad utsatthet för något brott mot enskild person,2018,född i Sverige/utrikes,MP,22.829577519873396,100.0
Självrapporterad utsatthet för något brott mot enskild person,2018,född i Sverige/utrikes,S,22.849781541032176,100.00000000000001
Självrapporterad utsatthet för något brott mot enskild person,2018,född i Sverige/utrikes,SD,22.797447865402084,100.00000000000001
Självrapporterad utsatthet för något brott mot enskild person,2018,född i Sverige/utrikes,V,22.807613660461303,100.0
Självrapporterad utsatthet för något brott mot enskild person,2018,född i Sverige/utrikes,ÖVR,22.807361819474647,100.00000000000001
Självrapporterad utsatthet för något brott mot enskild person,2019,född i Sverige/utrikes,ALLA,22.24451013700311,100.0
Självrapporterad utsatthet för något brott mot enskild person,2019,född i Sverige/utrikes,C,22.19210483703483,99.99999999999999
Självrapporterad utsatthet för något brott mot enskild person,2019,född i Sverige/utrikes,KD,22.203913625005953,99.99999999999999
Självrapporterad utsatthet för något brott mot enskild person,2019,född i Sverige/utrikes,L,22.252870768274878,100.0
Självrapporterad utsatthet för något brott mot enskild person,2019,född i Sverige/utrikes,M,22.23985904504927,99.99999999999999
Självrapporterad utsatthet för något brott mot enskild person,2019,född i Sverige/utrikes,MP,22.226214037762798,100.0
Självrapporterad utsatthet för något brott mot enskild person,2019,född i Sverige/utrikes,S,22.306653753165246,100.0
Självrapporterad utsatthet för något brott mot enskild person,2019,född i Sverige/utrikes,SD,22.213903947064328,100.00000000000001
Självrapporterad utsatthet för något brott mot enskild person,2019,född i Sverige/utrikes,V,22.218556404285003,100.00000000000001
Självrapporterad utsatthet för något brott mot enskild person,2019,född i Sverige/utrikes,ÖVR,22.19362865616746,100.0
Självrapporterad utsatthet för något brott mot enskild person,2020,född i Sverige/utrikes,ALLA,19.883220349148683,100.0
Självrapporterad utsatthet för något brott mot enskild person,2020,född i Sverige/utrikes,C,19.761442014721638,100.0
Självrapporterad utsatthet för något brott mot enskild person,2020,född i Sverige/utrikes,KD,19.83618592575864,100.0
Självrapporterad utsatthet för något brott mot enskild person,2020,född i Sverige/utrikes,L,19.841697363938618,100.0
Självrapporterad utsatthet för något brott mot enskild person,2020,född i Sverige/utrikes,M,19.817852184589817,100.0
Självrapporterad utsatthet för något brott mot enskild person,2020,född i Sverige/utrikes,MP,19.922268973059065,100.0
Självrapporterad utsatthet för något brott mot enskild person,2020,född i Sverige/utrikes,S,20.00157623562044,100.00000000000001
Självrapporterad utsatthet för något brott mot enskild person,2020,född i Sverige/utrikes,SD,19.79215228068189,100.00000000000001
Självrapporterad utsatthet för något brott mot enskild person,2020,född i Sverige/utrikes,V,19.919068146804296,100.0
Självrapporterad utsatthet för något brott mot enskild person,2020,född i Sverige/utrikes,ÖVR,19.57310591376885,100.0
Självrapporterad utsatthet för något brott mot enskild person,2021,född i Sverige/utrikes,ALLA,19.210200644744635,100.0
Självrapporterad utsatthet för något brott mot enskild person,2021,född i Sverige/utrikes,C,19.19421404474422,100.0
Självrapporterad utsatthet för något brott mot enskild person,2021,född i Sverige/utrikes,KD,19.183007645068503,100.00000000000001
Självrapporterad utsatthet för något brott mot enskild person,2021,född i Sverige/utrikes,L,19.14421029074867,99.99999999999999
Självrapporterad utsatthet för något brott mot enskild person,2021,född i Sverige/utrikes,M,19.172446113573937,100.0
Självrapporterad utsatthet för något brott mot enskild person,2021,född i Sverige/utrikes,MP,19.19929038265819,100.00000000000001
Självrapporterad utsatthet för något brott mot enskild person,2021,född i Sverige/utrikes,S,19.25803903263304,100.0
Självrapporterad utsatthet för något brott mot enskild person,2021,född i Sverige/utrikes,SD,19.20154916350232,100.0
Självrapporterad utsatthet för något brott mot enskild person,2021,född i Sverige/utrikes,V,19.22437460480529,100.00000000000001
Självrapporterad utsatthet för något brott mot enskild person,2021,född i Sverige/utrikes,ÖVR,19.111818030333772,100.0
Självrapporterad utsatthet för något brott mot enskild person,2022,född i Sverige/utrikes,ALLA,19.75940964014553,100.0
Självrapporterad utsatthet för något brott mot enskild person,2022,född i Sverige/utrikes,C,19.680200393203517,100.0
Självrapporterad utsatthet för något brott mot enskild person,2022,född i Sverige/utrikes,KD,19.626121089714864,100.00000000000001
Självrapporterad utsatthet för något brott mot enskild person,2022,född i Sverige/utrikes,L,19.62795273980969,100.0
Självrapporterad utsatthet för något brott mot enskild person,2022,född i Sverige/utrikes,M,19.69490938881075,100.0
Självrapporterad utsatthet för något brott mot enskild person,2022,född i Sverige/utrikes,MP,19.80647974558299,100.0
Självrapporterad utsatthet för något brott mot enskild person,2022,född i Sverige/utrikes,S,19.885919975312728,100.0
Självrapporterad utsatthet för något brott mot enskild person,2022,född i Sverige/utrikes,SD,19.689285729501247,100.00000000000001
Självrapporterad utsatthet för något brott mot enskild person,2022,född i Sverige/utrikes,V,19.764816552638127,100.0
Självrapporterad utsatthet för något brott mot enskild person,2022,född i Sverige/utrikes,ÖVR,19.697441026737756,100.00000000000001
Självrapporterad utsatthet för något brott mot enskild person,2023,född i Sverige/utrikes,ALLA,19.624846165761987,99.99999999999999
Självrapporterad utsatthet för något brott mot enskild person,2023,född i Sverige/utrikes,C,19.507692348399168,100.0
Självrapporterad utsatthet för något brott mot enskild person,2023,född i Sverige/utrikes,KD,19.733442827563234,99.99999999999999
Självrapporterad utsatthet för något brott mot enskild person,2023,född i Sverige/utrikes,L,19.508102637773614,100.0
Självrapporterad utsatthet för något brott mot enskild person,2023,född i Sverige/utrikes,M,19.534731049282602,100.0
Självrapporterad utsatthet för något brott mot enskild person,2023,född i Sverige/utrikes,MP,19.523996226804385,100.0
Självrapporterad utsatthet för något brott mot enskild person,2023,född i Sverige/utrikes,S,19.74409582388265,100.0
Självrapporterad utsatthet för något brott mot enskild person,2023,född i Sverige/utrikes,SD,19.443401039867943,99.99999999999999
Självrapporterad utsatthet för något brott mot enskild person,2023,född i Sverige/utrikes,V,19.803829050294688,100.0
Självrapporterad utsatthet för något brott mot enskild person,2023,född i Sverige/utrikes,ÖVR,19.680454310604738,100.0
Självrapporterad utsatthet för något brott mot enskild person,2024,född i Sverige/utrikes,ALLA,19.624772984384403,100.0
Självrapporterad utsatthet för något brott mot enskild person,2024,född i Sverige/utrikes,C,19.43005736613145,100.0
Självrapporterad utsatthet för något brott mot enskild person,2024,född i Sverige/utrikes,KD,19.55676090669034,100.0
Självrapporterad utsatthet för något brott mot enskild person,2024,född i Sverige/utrikes,L,19.466048194616107,100.0
Självrapporterad utsatthet för något brott mot enskild person,2024,född i Sverige/utrikes,M,19.5645248307785,100.00000000000001
Självrapporterad utsatthet för något brott mot enskild person,2024,född i Sverige/utrikes,MP,19.48697637277016,100.00000000000001
Självrapporterad utsatthet för något brott mot enskild person,2024,född i Sverige/utrikes,S,19.739285646678987,100.0
Självrapporterad utsatthet för något brott mot enskild person,2024,född i Sverige/utrikes,SD,19.509282620557396,100.0
Självrapporterad utsatthet för något brott mot enskild person,2024,född i Sverige/utrikes,V,19.86072244369302,100.00000000000001
Självrapporterad utsatthet för något brott mot enskild person,2024,född i Sverige/utrikes,ÖVR,19.525484527374743,100.0
ULF: avstått från att gå ut,2009,utbildning,ALLA,13.995897975093149,90.65884955451226
ULF: avstått från att gå ut,2009,utbildning,C,14.220951135579604,82.74461329731677
ULF: avstått från att gå ut,2009,utbildning,KD,13.711762518946879,83.8480349764167
ULF: avstått från att gå ut,2009,utbildning,L,13.315190737381249,87.85660765689417
ULF: avstått från att gå ut,2009,utbildning,M,13.835114868960446,91.03708602546295
ULF: avstått från att gå ut,2009,utbildning,MP,13.460484960784179,97.74695417261444
ULF: avstått från att gå ut,2009,utbildning,S,14.290107132992036,90.06006743574216
ULF: avstått från att gå ut,2009,utbildning,V,13.675891485434652,96.56670301272132
ULF: avstått från att gå ut,2009,utbildning,ÖVR,14.514053383185297,92.94083337310738
ULF: avstått från att gå ut,2011,utbildning,ALLA,11.85168122963426,99.99999999999999
ULF: avstått från att gå ut,2011,utbildning,C,12.149224516558387,100.0
ULF: avstått från att gå ut,2011,utbildning,KD,11.370932445793837,100.0
ULF: avstått från att gå ut,2011,utbildning,L,11.023831527602013,100.0
ULF: avstått från att gå ut,2011,utbildning,M,11.579190636375765,100.0
ULF: avstått från att gå ut,2011,utbildning,MP,11.132440756687423,100.0
ULF: avstått från att gå ut,2011,utbildning,S,12.401282950629486,100.0
ULF: avstått från att gå ut,2011,utbildning,SD,12.512187806265304,100.0
ULF: avstått från att gå ut,2011,utbildning,V,11.475557070443397,100.0
ULF: avstått från att gå ut,2011,utbildning,ÖVR,11.329560303625954,100.0
ULF: avstått från att gå ut,2013,utbildning,ALLA,10.56409207891416,100.0
ULF: avstått från att gå ut,2013,utbildning,C,10.929087191414325,100.0
ULF: avstått från att gå ut,2013,utbildning,KD,10.0403760431384,100.0
ULF: avstått från att gå ut,2013,utbildning,L,9.880332346618905,100.0
ULF: avstått från att gå ut,2013,utbildning,M,10.398632081283584,100.0
ULF: avstått från att gå ut,2013,utbildning,MP,10.081187753366066,100.0
ULF: avstått från att gå ut,2013,utbildning,S,10.881090500556857,100.0
ULF: avstått från att gå ut,2013,utbildning,SD,11.196740368236808,100.00000000000001
ULF: avstått från att gå ut,2013,utbildning,V,10.126149351414039,100.0
ULF: avstått från att gå ut,2013,utbildning,ÖVR,10.451119217117133,100.0
ULF: avstått från att gå ut,2017,utbildning,ALLA,15.24701138585639,100.0
ULF: avstått från att gå ut,2017,utbildning,C,14.995287022004295,100.0
ULF: avstått från att gå ut,2017,utbildning,KD,15.161017850632938,100.0
ULF: avstått från att gå ut,2017,utbildning,L,14.789722449400443,100.00000000000003
ULF: avstått från att gå ut,2017,utbildning,M,15.119651750890968,100.0
ULF: avstått från att gå ut,2017,utbildning,MP,14.725327624840583,100.0
ULF: avstått från att gå ut,2017,utbildning,S,15.438435127912571,100.0
ULF: avstått från att gå ut,2017,utbildning,SD,15.747414095575536,100.0
ULF: avstått från att gå ut,2017,utbildning,V,14.869779899559667,100.0
ULF: avstått från att gå ut,2017,utbildning,ÖVR,14.609921112624166,100.0
ULF: avstått från att gå ut,2020,utbildning,ALLA,15.674695312680871,100.0
ULF: avstått från att gå ut,2020,utbildning,C,15.58797895363566,100.0
ULF: avstått från att gå ut,2020,utbildning,KD,15.525641442859762,100.0
ULF: avstått från att gå ut,2020,utbildning,L,15.375353241890071,100.0
ULF: avstått från att gå ut,2020,utbildning,M,15.627142958644615,100.00000000000001
ULF: avstått från att gå ut,2020,utbildning,MP,15.530125387657755,100.0
ULF: avstått från att gå ut,2020,utbildning,S,15.737830550439767,100.0
ULF: avstått från att gå ut,2020,utbildning,SD,15.894142445839758,100.0
ULF: avstått från att gå ut,2020,utbildning,V,15.519483306933724,100.0
ULF: avstått från att gå ut,2020,utbildning,ÖVR,15.52414974451318,100.0
ULF: avstått från att gå ut,2021,utbildning,ALLA,16.944227905566844,100.0
ULF: avstått från att gå ut,2021,utbildning,C,16.37373893258388,100.0
ULF: avstått från att gå ut,2021,utbildning,KD,16.777366008260504,100.0
ULF: avstått från att gå ut,2021,utbildning,L,16.282729746641312,99.99999999999999
ULF: avstått från att gå ut,2021,utbildning,M,16.6595659192212,100.0
ULF: avstått från att gå ut,2021,utbildning,MP,16.132546760624805,100.0
ULF: avstått från att gå ut,2021,utbildning,S,17.15774342316498,100.0
ULF: avstått från att gå ut,2021,utbildning,SD,17.72822214713409,100.00000000000001
ULF: avstått från att gå ut,2021,utbildning,V,16.58027370326262,100.0
ULF: avstått från att gå ut,2021,utbildning,ÖVR,16.917629569121495,100.0
ULF: avstått från att gå ut,2022,utbildning,ALLA,18.10423054862857,100.0
ULF: avstått från att gå ut,2022,utbildning,C,17.30958812983377,100.0
ULF: avstått från att gå ut,2022,utbildning,KD,18.253606079889963,100.00000000000001
ULF: avstått från att gå ut,2022,utbildning,L,17.30146641002304,100.00000000000001
ULF: avstått från att gå ut,2022,utbildning,M,17.948062335642405,100.0
ULF: avstått från att gå ut,2022,utbildning,MP,16.695505134608275,100.0
ULF: avstått från att gå ut,2022,utbildning,S,18.24541253712778,100.0
ULF: avstått från att gå ut,2022,utbildning,SD,18.997550158719545,100.0
ULF: avstått från att gå ut,2022,utbildning,V,17.71604967049574,100.0
ULF: avstått från att gå ut,2022,utbildning,ÖVR,17.6642835276618,100.0
ULF: avstått från att gå ut,2023,utbildning,ALLA,17.3495510598312,100.0
ULF: avstått från att gå ut,2023,utbildning,C,16.640790402273268,100.0
ULF: avstått från att gå ut,2023,utbildning,KD,17.515686805705744,100.0
ULF: avstått från att gå ut,2023,utbildning,L,16.508649070917677,100.0
ULF: avstått från att gå ut,2023,utbildning,M,17.27107027034416,100.0
ULF: avstått från att gå ut,2023,utbildning,MP,16.103288847900146,99.99999999999999
ULF: avstått från att gå ut,2023,utbildning,S,17.515451919763375,100.0
ULF: avstått från att gå ut,2023,utbildning,SD,18.121611590473197,100.0
ULF: avstått från att gå ut,2023,utbildning,V,16.688249187719215,100.0
ULF: avstått från att gå ut,2023,utbildning,ÖVR,16.67854271526632,100.0
ULF: avstått från att gå ut,2024,utbildning,ALLA,17.467718548635347,100.0
ULF: avstått från att gå ut,2024,utbildning,C,17.10951049433531,100.0
ULF: avstått från att gå ut,2024,utbildning,KD,17.396544047419237,100.0
ULF: avstått från att gå ut,2024,utbildning,L,16.55527900283252,100.0
ULF: avstått från att gå ut,2024,utbildning,M,17.475808196032677,100.0
ULF: avstått från att gå ut,2024,utbildning,MP,16.458562581025664,100.0
ULF: avstått från att gå ut,2024,utbildning,S,17.615667235458446,100.00000000000001
ULF: avstått från att gå ut,2024,utbildning,SD,18.10036521715318,100.0
ULF: avstått från att gå ut,2024,utbildning,V,16.75804343181223,100.0
ULF: avstått från att gå ut,2024,utbildning,ÖVR,17.80115345220298,100.0
ULF: avstått från att gå ut,2025,utbildning,ALLA,17.295944894915475,100.0
ULF: avstått från att gå ut,2025,utbildning,C,16.632727348344932,100.0
ULF: avstått från att gå ut,2025,utbildning,KD,16.980289380433515,100.0
ULF: avstått från att gå ut,2025,utbildning,L,16.25603216571761,100.0
ULF: avstått från att gå ut,2025,utbildning,M,17.205004919631918,100.0
ULF: avstått från att gå ut,2025,utbildning,MP,16.4215016972115,100.0
ULF: avstått från att gå ut,2025,utbildning,S,17.504991935629715,100.0
ULF: avstått från att gå ut,2025,utbildning,SD,18.001389289591287,100.0
ULF: avstått från att gå ut,2025,utbildning,V,16.83584136404214,100.0
ULF: avstått från att gå ut,2025,utbildning,ÖVR,16.776940374839118,100.0
ULF: orolig för hushållets ekonomi,2009,utbildning,ALLA,23.714839549973796,90.65884955451226
ULF: orolig för hushållets ekonomi,2009,utbildning,C,23.534068782817236,82.74461329731677
ULF: orolig för hushållets ekonomi,2009,utbildning,KD,23.753219653222985,83.8480349764167
ULF: orolig för hushållets ekonomi,2009,utbildning,L,23.69067985457392,87.85660765689417
ULF: orolig för hushållets ekonomi,2009,utbildning,M,23.717809468442155,91.03708602546295
ULF: orolig för hushållets ekonomi,2009,utbildning,MP,23.62874911047815,97.74695417261444
ULF: orolig för hushållets ekonomi,2009,utbildning,S,23.737543432819475,90.06006743574216
ULF: orolig för hushållets ekonomi,2009,utbildning,V,23.756961566804318,96.56670301272132
ULF: orolig för hushållets ekonomi,2009,utbildning,ÖVR,23.791166557856442,92.94083337310738
ULF: orolig för hushållets ekonomi,2011,utbildning,ALLA,22.260425377557624,99.99999999999999
ULF: orolig för hushållets ekonomi,2011,utbildning,C,22.112553385043903,100.0
ULF: orolig för hushållets ekonomi,2011,utbildning,KD,22.038933763428723,100.0
ULF: orolig för hushållets ekonomi,2011,utbildning,L,21.35478177236675,100.0
ULF: orolig för hushållets ekonomi,2011,utbildning,M,22.27467510913479,100.0
ULF: orolig för hushållets ekonomi,2011,utbildning,MP,21.93287695187348,100.0
ULF: orolig för hushållets ekonomi,2011,utbildning,S,22.45123810124398,100.0
ULF: orolig för hushållets ekonomi,2011,utbildning,SD,22.618150647520967,100.0
ULF: orolig för hushållets ekonomi,2011,utbildning,V,22.472459076928384,100.0
ULF: orolig för hushållets ekonomi,2011,utbildning,ÖVR,22.022648135085937,100.0
ULF: orolig för hushållets ekonomi,2017,utbildning,ALLA,18.168013111261626,100.0
ULF: orolig för hushållets ekonomi,2017,utbildning,C,17.917150624620994,100.0
ULF: orolig för hushållets ekonomi,2017,utbildning,KD,18.154043287276718,100.0
ULF: orolig för hushållets ekonomi,2017,utbildning,L,17.830574176058047,100.00000000000003
ULF: orolig för hushållets ekonomi,2017,utbildning,M,18.125549879800744,100.0
ULF: orolig för hushållets ekonomi,2017,utbildning,MP,17.69262165297773,100.0
ULF: orolig för hushållets ekonomi,2017,utbildning,S,18.261567826592735,100.0
ULF: orolig för hushållets ekonomi,2017,utbildning,SD,18.59077283215648,100.0
ULF: orolig för hushållets ekonomi,2017,utbildning,V,17.924034408208236,100.0
ULF: orolig för hushållets ekonomi,2017,utbildning,ÖVR,17.813431763983573,100.0
ULF: orolig för hushållets ekonomi,2020,utbildning,ALLA,21.06562568761637,100.0
ULF: orolig för hushållets ekonomi,2020,utbildning,C,20.52189897490964,100.0
ULF: orolig för hushållets ekonomi,2020,utbildning,KD,21.06435081205698,100.0
ULF: orolig för hushållets ekonomi,2020,utbildning,L,19.768760439367234,100.0
ULF: orolig för hushållets ekonomi,2020,utbildning,M,21.060880662955604,100.00000000000001
ULF: orolig för hushållets ekonomi,2020,utbildning,MP,19.639398652917006,100.0
ULF: orolig för hushållets ekonomi,2020,utbildning,S,21.208653970791225,100.0
ULF: orolig för hushållets ekonomi,2020,utbildning,SD,22.052342726308293,100.0
ULF: orolig för hushållets ekonomi,2020,utbildning,V,20.361520596166944,100.0
ULF: orolig för hushållets ekonomi,2020,utbildning,ÖVR,20.81130103828558,100.0
ULF: orolig för hushållets ekonomi,2021,utbildning,ALLA,18.87979936728864,100.0
ULF: orolig för hushållets ekonomi,2021,utbildning,C,17.816878317736396,100.0
ULF: orolig för hushållets ekonomi,2021,utbildning,KD,18.94034685151262,100.0
ULF: orolig för hushållets ekonomi,2021,utbildning,L,17.58018680070231,99.99999999999999
ULF: orolig för hushållets ekonomi,2021,utbildning,M,18.3827600498748,100.0
ULF: orolig för hushållets ekonomi,2021,utbildning,MP,17.32643231724686,100.0
ULF: orolig för hushållets ekonomi,2021,utbildning,S,19.19434068912009,100.0
ULF: orolig för hushållets ekonomi,2021,utbildning,SD,20.372085206584718,100.00000000000001
ULF: orolig för hushållets ekonomi,2021,utbildning,V,18.157341413221882,100.0
ULF: orolig för hushållets ekonomi,2021,utbildning,ÖVR,19.032747253706237,100.0
ULF: orolig för hushållets ekonomi,2022,utbildning,ALLA,26.302717888132694,100.0
ULF: orolig för hushållets ekonomi,2022,utbildning,C,25.730423207862163,100.0
ULF: orolig för hushållets ekonomi,2022,utbildning,KD,26.468721822477015,100.00000000000001
ULF: orolig för hushållets ekonomi,2022,utbildning,L,25.57730256606707,100.00000000000001
ULF: orolig för hushållets ekonomi,2022,utbildning,M,26.220450936199878,100.0
ULF: orolig för hushållets ekonomi,2022,utbildning,MP,24.209070574707216,100.0
ULF: orolig för hushållets ekonomi,2022,utbildning,S,26.347436928213163,100.0
ULF: orolig för hushållets ekonomi,2022,utbildning,SD,27.27728559184045,100.0
ULF: orolig för hushållets ekonomi,2022,utbildning,V,25.904725668376976,100.0
ULF: orolig för hushållets ekonomi,2022,utbildning,ÖVR,26.68798350331695,100.0
ULF: orolig för hushållets ekonomi,2023,utbildning,ALLA,35.02293740986932,100.0
ULF: orolig för hushållets ekonomi,2023,utbildning,C,34.54249958165278,100.0
ULF: orolig för hushållets ekonomi,2023,utbildning,KD,35.159720427220506,100.0
ULF: orolig för hushållets ekonomi,2023,utbildning,L,34.4714301050849,100.0
ULF: orolig för hushållets ekonomi,2023,utbildning,M,35.05818357913955,100.0
ULF: orolig för hushållets ekonomi,2023,utbildning,MP,34.15718133096445,99.99999999999999
ULF: orolig för hushållets ekonomi,2023,utbildning,S,35.02114026655283,100.0
ULF: orolig för hushållets ekonomi,2023,utbildning,SD,35.559999215020966,100.0
ULF: orolig för hushållets ekonomi,2023,utbildning,V,34.78204799790215,100.0
ULF: orolig för hushållets ekonomi,2023,utbildning,ÖVR,35.29988016676344,100.0
ULF: orolig för hushållets ekonomi,2024,utbildning,ALLA,31.751448844125584,100.0
ULF: orolig för hushållets ekonomi,2024,utbildning,C,31.661569933109618,100.0
ULF: orolig för hushållets ekonomi,2024,utbildning,KD,31.792203266566823,100.0
ULF: orolig för hushållets ekonomi,2024,utbildning,L,31.559574422812084,100.0
ULF: orolig för hushållets ekonomi,2024,utbildning,M,31.788572932897946,100.0
ULF: orolig för hushållets ekonomi,2024,utbildning,MP,31.423725324415717,100.0
ULF: orolig för hushållets ekonomi,2024,utbildning,S,31.585272411203036,100.00000000000001
ULF: orolig för hushållets ekonomi,2024,utbildning,SD,32.04132860785901,100.0
ULF: orolig för hushållets ekonomi,2024,utbildning,V,31.874467279958445,100.0
ULF: orolig för hushållets ekonomi,2024,utbildning,ÖVR,32.44059228154816,100.0
ULF: orolig för hushållets ekonomi,2025,utbildning,ALLA,30.465325948832145,100.0
ULF: orolig för hushållets ekonomi,2025,utbildning,C,29.837335618779257,100.0
ULF: orolig för hushållets ekonomi,2025,utbildning,KD,30.44975501709104,100.0
ULF: orolig för hushållets ekonomi,2025,utbildning,L,29.436698511075118,100.0
ULF: orolig för hushållets ekonomi,2025,utbildning,M,30.54451353026212,100.0
ULF: orolig för hushållets ekonomi,2025,utbildning,MP,29.62286267462062,100.0
ULF: orolig för hushållets ekonomi,2025,utbildning,S,30.521140246725693,100.0
ULF: orolig för hushållets ekonomi,2025,utbildning,SD,31.13650492723445,100.0
ULF: orolig för hushållets ekonomi,2025,utbildning,V,30.07819659248673,100.0
ULF: orolig för hushållets ekonomi,2025,utbildning,ÖVR,30.72822148090508,100.0
ULF: utsatt för hot,2009,utbildning,ALLA,4.044789022906593,90.65884955451226
ULF: utsatt för hot,2009,utbildning,C,3.95517109263838,82.74461329731677
ULF: utsatt för hot,2009,utbildning,KD,4.114503669005982,83.8480349764167
ULF: utsatt för hot,2009,utbildning,L,4.144753957025465,87.85660765689417
ULF: utsatt för hot,2009,utbildning,M,4.090175382684366,91.03708602546295
ULF: utsatt för hot,2009,utbildning,MP,4.1513670049284,97.74695417261444
ULF: utsatt för hot,2009,utbildning,S,3.9777201723147506,90.06006743574216
ULF: utsatt för hot,2009,utbildning,V,4.170594558310576,96.56670301272132
ULF: utsatt för hot,2009,utbildning,ÖVR,3.917329526148955,92.94083337310738
ULF: utsatt för hot,2011,utbildning,ALLA,4.338259750530967,99.99999999999999
ULF: utsatt för hot,2011,utbildning,C,4.3225086779079,100.0
ULF: utsatt för hot,2011,utbildning,KD,4.356854066073118,100.0
ULF: utsatt för hot,2011,utbildning,L,4.468366406141662,100.0
ULF: utsatt för hot,2011,utbildning,M,4.352225292654395,100.0
ULF: utsatt för hot,2011,utbildning,MP,4.394756511039243,100.0
ULF: utsatt för hot,2011,utbildning,S,4.294571312989292,100.0
ULF: utsatt för hot,2011,utbildning,SD,4.300516573401614,100.0
ULF: utsatt för hot,2011,utbildning,V,4.339970135421941,100.0
ULF: utsatt för hot,2011,utbildning,ÖVR,4.351191983610437,100.0
ULF: utsatt för hot,2013,utbildning,ALLA,3.7456714626211713,100.0
ULF: utsatt för hot,2013,utbildning,C,3.7180592460933406,100.0
ULF: utsatt för hot,2013,utbildning,KD,3.746808155530059,100.0
ULF: utsatt för hot,2013,utbildning,L,3.7289855262011575,100.0
ULF: utsatt för hot,2013,utbildning,M,3.755606032380478,100.0
ULF: utsatt för hot,2013,utbildning,MP,3.7421192377371995,100.0
ULF: utsatt för hot,2013,utbildning,S,3.740268428899758,100.0
ULF: utsatt för hot,2013,utbildning,SD,3.742837974567414,100.00000000000001
ULF: utsatt för hot,2013,utbildning,V,3.770516563999071,100.0
ULF: utsatt för hot,2013,utbildning,ÖVR,3.7767677967245525,100.0
ULF: utsatt för hot,2017,utbildning,ALLA,5.058777055685244,100.0
ULF: utsatt för hot,2017,utbildning,C,5.108267170882991,100.0
ULF: utsatt för hot,2017,utbildning,KD,5.079838297641529,100.0
ULF: utsatt för hot,2017,utbildning,L,5.104138624892671,100.00000000000003
ULF: utsatt för hot,2017,utbildning,M,5.096910816483082,100.0
ULF: utsatt för hot,2017,utbildning,MP,5.13237382508876,100.0
ULF: utsatt för hot,2017,utbildning,S,5.010169315770368,100.0
ULF: utsatt för hot,2017,utbildning,SD,5.005524131896451,100.0
ULF: utsatt för hot,2017,utbildning,V,5.109539497069367,100.0
ULF: utsatt för hot,2017,utbildning,ÖVR,5.133413594387587,100.0
ULF: utsatt för hot,2020,utbildning,ALLA,4.776158251386732,100.0
ULF: utsatt för hot,2020,utbildning,C,4.744755637850153,100.0
ULF: utsatt för hot,2020,utbildning,KD,4.754261958369598,100.0
ULF: utsatt för hot,2020,utbildning,L,4.662274238567645,100.0
ULF: utsatt för hot,2020,utbildning,M,4.778970043391202,100.00000000000001
ULF: utsatt för hot,2020,utbildning,MP,4.670609783527595,100.0
ULF: utsatt för hot,2020,utbildning,S,4.790511435756923,100.0
ULF: utsatt för hot,2020,utbildning,SD,4.850131270227247,100.0
ULF: utsatt för hot,2020,utbildning,V,4.717302242413771,100.0
ULF: utsatt för hot,2020,utbildning,ÖVR,4.746569594050916,100.0
ULF: utsatt för hot,2021,utbildning,ALLA,4.052196630698793,100.0
ULF: utsatt för hot,2021,utbildning,C,3.9316735200021946,100.0
ULF: utsatt för hot,2021,utbildning,KD,4.131171039113915,100.0
ULF: utsatt för hot,2021,utbildning,L,3.887167263606925,99.99999999999999
ULF: utsatt för hot,2021,utbildning,M,4.003415739268379,100.0
ULF: utsatt för hot,2021,utbildning,MP,3.8702364804197265,100.0
ULF: utsatt för hot,2021,utbildning,S,4.06778898798603,100.0
ULF: utsatt för hot,2021,utbildning,SD,4.232077854413405,100.00000000000001
ULF: utsatt för hot,2021,utbildning,V,3.96201426902344,100.0
ULF: utsatt för hot,2021,utbildning,ÖVR,4.114187955826167,100.0
ULF: utsatt för hot,2024,utbildning,ALLA,3.812314305788648,100.0
ULF: utsatt för hot,2024,utbildning,C,3.818886351806546,100.0
ULF: utsatt för hot,2024,utbildning,KD,3.81991574077243,100.0
ULF: utsatt för hot,2024,utbildning,L,3.809786001905394,100.0
ULF: utsatt för hot,2024,utbildning,M,3.813412677658354,100.0
ULF: utsatt för hot,2024,utbildning,MP,3.791621173387385,100.0
ULF: utsatt för hot,2024,utbildning,S,3.7965160840920196,100.00000000000001
ULF: utsatt för hot,2024,utbildning,SD,3.8213013695734084,100.0
ULF: utsatt för hot,2024,utbildning,V,3.8445095900324486,100.0
ULF: utsatt för hot,2024,utbildning,ÖVR,3.878568596486832,100.0
ULF: utsatt för hot eller våld,2009,utbildning,ALLA,6.913445525395952,90.65884955451226
ULF: utsatt för hot eller våld,2009,utbildning,C,6.856125596127195,82.74461329731677
ULF: utsatt för hot eller våld,2009,utbildning,KD,6.868164065735898,83.8480349764167
ULF: utsatt för hot eller våld,2009,utbildning,L,6.65623044571046,87.85660765689417
ULF: utsatt för hot eller våld,2009,utbildning,M,6.895595406924328,91.03708602546295
ULF: utsatt för hot eller våld,2009,utbildning,MP,6.751662211585023,97.74695417261444
ULF: utsatt för hot eller våld,2009,utbildning,S,6.981645035538237,90.06006743574216
ULF: utsatt för hot eller våld,2009,utbildning,V,6.951917564177866,96.56670301272132
ULF: utsatt för hot eller våld,2009,utbildning,ÖVR,7.022603218132292,92.94083337310738
ULF: utsatt för hot eller våld,2011,utbildning,ALLA,7.122985627477399,99.99999999999999
ULF: utsatt för hot eller våld,2011,utbildning,C,7.1821345172007724,100.0
ULF: utsatt för hot eller våld,2011,utbildning,KD,7.052023896873568,100.0
ULF: utsatt för hot eller våld,2011,utbildning,L,6.941932354610228,100.0
ULF: utsatt för hot eller våld,2011,utbildning,M,7.074189704965277,100.0
ULF: utsatt för hot eller våld,2011,utbildning,MP,6.993135696659724,100.0
ULF: utsatt för hot eller våld,2011,utbildning,S,7.225085842102493,100.0
ULF: utsatt för hot eller våld,2011,utbildning,SD,7.228284347471678,100.0
ULF: utsatt för hot eller våld,2011,utbildning,V,7.062112152390943,100.0
ULF: utsatt för hot eller våld,2011,utbildning,ÖVR,7.051760663781332,100.0
ULF: utsatt för hot eller våld,2013,utbildning,ALLA,6.15910017225139,100.0
ULF: utsatt för hot eller våld,2013,utbildning,C,6.204509261079773,100.0
ULF: utsatt för hot eller våld,2013,utbildning,KD,5.953762137722692,100.0
ULF: utsatt för hot eller våld,2013,utbildning,L,5.841172145542003,100.0
ULF: utsatt för hot eller våld,2013,utbildning,M,6.126977273030425,100.0
ULF: utsatt för hot eller våld,2013,utbildning,MP,5.969201831390037,100.0
ULF: utsatt för hot eller våld,2013,utbildning,S,6.2654011866333015,100.0
ULF: utsatt för hot eller våld,2013,utbildning,SD,6.382781392872909,100.00000000000001
ULF: utsatt för hot eller våld,2013,utbildning,V,6.070008740783005,100.0
ULF: utsatt för hot eller våld,2013,utbildning,ÖVR,6.230439662617212,100.0
ULF: utsatt för hot eller våld,2017,utbildning,ALLA,7.178518621639163,100.0
ULF: utsatt för hot eller våld,2017,utbildning,C,7.2010808359969305,100.0
ULF: utsatt för hot eller våld,2017,utbildning,KD,7.193893645568542,100.0
ULF: utsatt för hot eller våld,2017,utbildning,L,7.184001034666734,100.00000000000003
ULF: utsatt för hot eller våld,2017,utbildning,M,7.206646516521704,100.0
ULF: utsatt för hot eller våld,2017,utbildning,MP,7.2004809389173765,100.0
ULF: utsatt för hot eller våld,2017,utbildning,S,7.145964723665019,100.0
ULF: utsatt för hot eller våld,2017,utbildning,SD,7.171949139809144,100.0
ULF: utsatt för hot eller våld,2017,utbildning,V,7.197350598720562,100.0
ULF: utsatt för hot eller våld,2017,utbildning,ÖVR,7.202954243904312,100.0
ULF: utsatt för hot eller våld,2020,utbildning,ALLA,6.5127243209190615,100.0
ULF: utsatt för hot eller våld,2020,utbildning,C,6.478043069129657,100.0
ULF: utsatt för hot eller våld,2020,utbildning,KD,6.513190919353337,100.0
ULF: utsatt för hot eller våld,2020,utbildning,L,6.38168075775427,100.0
ULF: utsatt för hot eller våld,2020,utbildning,M,6.531634433141905,100.00000000000001
ULF: utsatt för hot eller våld,2020,utbildning,MP,6.353815445225073,100.0
ULF: utsatt för hot eller våld,2020,utbildning,S,6.522044967091874,100.0
ULF: utsatt för hot eller våld,2020,utbildning,SD,6.59052583466977,100.0
ULF: utsatt för hot eller våld,2020,utbildning,V,6.445193551496693,100.0
ULF: utsatt för hot eller våld,2020,utbildning,ÖVR,6.499250950828976,100.0
ULF: utsatt för hot eller våld,2021,utbildning,ALLA,5.602168665595859,100.0
ULF: utsatt för hot eller våld,2021,utbildning,C,5.458447949537796,100.0
ULF: utsatt för hot eller våld,2021,utbildning,KD,5.737269167643135,100.0
ULF: utsatt för hot eller våld,2021,utbildning,L,5.415494221836735,99.99999999999999
ULF: utsatt för hot eller våld,2021,utbildning,M,5.543493690059098,100.0
ULF: utsatt för hot eller våld,2021,utbildning,MP,5.372557074789529,100.0
ULF: utsatt för hot eller våld,2021,utbildning,S,5.6263426971422055,100.0
ULF: utsatt för hot eller våld,2021,utbildning,SD,5.802983282601376,100.00000000000001
ULF: utsatt för hot eller våld,2021,utbildning,V,5.488437464405536,100.0
ULF: utsatt för hot eller våld,2021,utbildning,ÖVR,5.67824920227516,100.0
ULF: utsatt för hot eller våld,2024,utbildning,ALLA,5.927929495416981,100.0
ULF: utsatt för hot eller våld,2024,utbildning,C,5.8361523708105185,100.0
ULF: utsatt för hot eller våld,2024,utbildning,KD,5.9174352099041005,100.0
ULF: utsatt för hot eller våld,2024,utbildning,L,5.738000185503304,100.0
ULF: utsatt för hot eller våld,2024,utbildning,M,5.938863699340131,100.0
ULF: utsatt för hot eller våld,2024,utbildning,MP,5.711809225946217,100.0
ULF: utsatt för hot eller våld,2024,utbildning,S,5.9243211028177045,100.00000000000001
ULF: utsatt för hot eller våld,2024,utbildning,SD,6.0964377614190655,100.0
ULF: utsatt för hot eller våld,2024,utbildning,V,5.807924186784764,100.0
ULF: utsatt för hot eller våld,2024,utbildning,ÖVR,6.081036960797409,100.0
ULF: utsatt för hot eller våld i bostad,2009,utbildning,ALLA,1.2322938282017264,90.65884955451226
ULF: utsatt för hot eller våld i bostad,2009,utbildning,C,1.252369130191904,82.74461329731677
ULF: utsatt för hot eller våld i bostad,2009,utbildning,KD,1.1823757329899793,83.8480349764167
ULF: utsatt för hot eller våld i bostad,2009,utbildning,L,1.0919776328301976,87.85660765689417
ULF: utsatt för hot eller våld i bostad,2009,utbildning,M,1.2030593744840778,91.03708602546295
ULF: utsatt för hot eller våld i bostad,2009,utbildning,MP,1.1193379419515523,97.74695417261444
ULF: utsatt för hot eller våld i bostad,2009,utbildning,S,1.2907738406549343,90.06006743574216
ULF: utsatt för hot eller våld i bostad,2009,utbildning,V,1.1826220517764354,96.56670301272132
ULF: utsatt för hot eller våld i bostad,2009,utbildning,ÖVR,1.337506983685391,92.94083337310738
ULF: utsatt för hot eller våld i bostad,2011,utbildning,ALLA,1.2736052235006587,99.99999999999999
ULF: utsatt för hot eller våld i bostad,2011,utbildning,C,1.2970919106083838,100.0
ULF: utsatt för hot eller våld i bostad,2011,utbildning,KD,1.2035414209022446,100.0
ULF: utsatt för hot eller våld i bostad,2011,utbildning,L,1.1694450035789168,100.0
ULF: utsatt för hot eller våld i bostad,2011,utbildning,M,1.2443176616292302,100.0
ULF: utsatt för hot eller våld i bostad,2011,utbildning,MP,1.183391079254106,100.0
ULF: utsatt för hot eller våld i bostad,2011,utbildning,S,1.3385773332439543,100.0
ULF: utsatt för hot eller våld i bostad,2011,utbildning,SD,1.3670832907274957,100.0
ULF: utsatt för hot eller våld i bostad,2011,utbildning,V,1.2363605181638158,100.0
ULF: utsatt för hot eller våld i bostad,2011,utbildning,ÖVR,1.1940460374302952,100.0
ULF: utsatt för hot eller våld i bostad,2013,utbildning,ALLA,1.2707396902556152,100.0
ULF: utsatt för hot eller våld i bostad,2013,utbildning,C,1.3356696063762952,100.0
ULF: utsatt för hot eller våld i bostad,2013,utbildning,KD,1.0966261165920814,100.0
ULF: utsatt för hot eller våld i bostad,2013,utbildning,L,1.020234022592777,100.0
ULF: utsatt för hot eller våld i bostad,2013,utbildning,M,1.2339137946559187,100.0
ULF: utsatt för hot eller våld i bostad,2013,utbildning,MP,1.1154138770825353,100.0
ULF: utsatt för hot eller våld i bostad,2013,utbildning,S,1.3654635905421395,100.0
ULF: utsatt för hot eller våld i bostad,2013,utbildning,SD,1.460478116260875,100.00000000000001
ULF: utsatt för hot eller våld i bostad,2013,utbildning,V,1.1713346277270684,100.0
ULF: utsatt för hot eller våld i bostad,2013,utbildning,ÖVR,1.3010667821359225,100.0
ULF: utsatt för hot eller våld i bostad,2017,utbildning,ALLA,1.0959483668930372,100.0
ULF: utsatt för hot eller våld i bostad,2017,utbildning,C,1.0565744388377496,100.0
ULF: utsatt för hot eller våld i bostad,2017,utbildning,KD,1.109693875043555,100.0
ULF: utsatt för hot eller våld i bostad,2017,utbildning,L,1.1220153945038196,100.00000000000003
ULF: utsatt för hot eller våld i bostad,2017,utbildning,M,1.0996322996711698,100.0
ULF: utsatt för hot eller våld i bostad,2017,utbildning,MP,1.0635993486602588,100.0
ULF: utsatt för hot eller våld i bostad,2017,utbildning,S,1.0945144679764218,100.0
ULF: utsatt för hot eller våld i bostad,2017,utbildning,SD,1.0946012536779348,100.0
ULF: utsatt för hot eller våld i bostad,2017,utbildning,V,1.1188395155922288,100.0
ULF: utsatt för hot eller våld i bostad,2017,utbildning,ÖVR,1.171197688258789,100.0
ULF: utsatt för hot eller våld i bostad,2020,utbildning,ALLA,1.125369722358541,100.0
ULF: utsatt för hot eller våld i bostad,2020,utbildning,C,1.0353738066533646,100.0
ULF: utsatt för hot eller våld i bostad,2020,utbildning,KD,1.1165486314538322,100.0
ULF: utsatt för hot eller våld i bostad,2020,utbildning,L,0.9022318190860641,100.0
ULF: utsatt för hot eller våld i bostad,2020,utbildning,M,1.123103601103585,100.00000000000001
ULF: utsatt för hot eller våld i bostad,2020,utbildning,MP,0.8897448146657009,100.0
ULF: utsatt för hot eller våld i bostad,2020,utbildning,S,1.1513981087402236,100.0
ULF: utsatt för hot eller våld i bostad,2020,utbildning,SD,1.2932508441880515,100.0
ULF: utsatt för hot eller våld i bostad,2020,utbildning,V,1.004879210963888,100.0
ULF: utsatt för hot eller våld i bostad,2020,utbildning,ÖVR,1.0770637144612336,100.0
ULF: utsatt för hot eller våld i bostad,2021,utbildning,ALLA,1.5150498057487607,100.0
ULF: utsatt för hot eller våld i bostad,2021,utbildning,C,1.4261729933407392,100.0
ULF: utsatt för hot eller våld i bostad,2021,utbildning,KD,1.5150354509365247,100.0
ULF: utsatt för hot eller våld i bostad,2021,utbildning,L,1.4143536660038218,99.99999999999999
ULF: utsatt för hot eller våld i bostad,2021,utbildning,M,1.4713511635144556,100.0
ULF: utsatt för hot eller våld i bostad,2021,utbildning,MP,1.3824611426769784,100.0
ULF: utsatt för hot eller våld i bostad,2021,utbildning,S,1.5484317438350894,100.0
ULF: utsatt för hot eller våld i bostad,2021,utbildning,SD,1.632482461948969,100.00000000000001
ULF: utsatt för hot eller våld i bostad,2021,utbildning,V,1.454721664007585,100.0
ULF: utsatt för hot eller våld i bostad,2021,utbildning,ÖVR,1.5169531458756653,100.0
ULF: utsatt för hot eller våld i bostad,2024,utbildning,ALLA,1.2797031614812375,100.0
ULF: utsatt för hot eller våld i bostad,2024,utbildning,C,1.2272853327453692,100.0
ULF: utsatt för hot eller våld i bostad,2024,utbildning,KD,1.2747483154337051,100.0
ULF: utsatt för hot eller våld i bostad,2024,utbildning,L,1.1356373839930543,100.0
ULF: utsatt för hot eller våld i bostad,2024,utbildning,M,1.2826374665575515,100.0
ULF: utsatt för hot eller våld i bostad,2024,utbildning,MP,1.1063004574423765,100.0
ULF: utsatt för hot eller våld i bostad,2024,utbildning,S,1.2876834437028115,100.00000000000001
ULF: utsatt för hot eller våld i bostad,2024,utbildning,SD,1.3884161997044355,100.0
ULF: utsatt för hot eller våld i bostad,2024,utbildning,V,1.1959767787052402,100.0
ULF: utsatt för hot eller våld i bostad,2024,utbildning,ÖVR,1.3893199267848713,100.0
ULF: utsatt för hot eller våld på allmän plats,2009,utbildning,ALLA,3.4147822777491488,90.65884955451226
ULF: utsatt för hot eller våld på allmän plats,2009,utbildning,C,3.43501661687373,82.74461329731677
ULF: utsatt för hot eller våld på allmän plats,2009,utbildning,KD,3.2807860496095556,83.8480349764167
ULF: utsatt för hot eller våld på allmän plats,2009,utbildning,L,2.9719531036514804,87.85660765689417
ULF: utsatt för hot eller våld på allmän plats,2009,utbildning,M,3.342261701128269,91.03708602546295
ULF: utsatt för hot eller våld på allmän plats,2009,utbildning,MP,3.0874831215685945,97.74695417261444
ULF: utsatt för hot eller våld på allmän plats,2009,utbildning,S,3.5766374417123568,90.06006743574216
ULF: utsatt för hot eller våld på allmän plats,2009,utbildning,V,3.32838948699617,96.56670301272132
ULF: utsatt för hot eller våld på allmän plats,2009,utbildning,ÖVR,3.6964075071173945,92.94083337310738
ULF: utsatt för hot eller våld på allmän plats,2011,utbildning,ALLA,3.1391969907055106,99.99999999999999
ULF: utsatt för hot eller våld på allmän plats,2011,utbildning,C,3.229944722614277,100.0
ULF: utsatt för hot eller våld på allmän plats,2011,utbildning,KD,2.90176351708034,100.0
ULF: utsatt för hot eller våld på allmän plats,2011,utbildning,L,2.741044921382098,100.0
ULF: utsatt för hot eller våld på allmän plats,2011,utbildning,M,3.0336398052130216,100.0
ULF: utsatt för hot eller våld på allmän plats,2011,utbildning,MP,2.815571669608362,100.0
ULF: utsatt för hot eller våld på allmän plats,2011,utbildning,S,3.3751582058590266,100.0
ULF: utsatt för hot eller våld på allmän plats,2011,utbildning,SD,3.461945871939703,100.0
ULF: utsatt för hot eller våld på allmän plats,2011,utbildning,V,3.009420091831126,100.0
ULF: utsatt för hot eller våld på allmän plats,2011,utbildning,ÖVR,2.8740078338067434,100.0
ULF: utsatt för hot eller våld på allmän plats,2013,utbildning,ALLA,2.549681066736099,100.0
ULF: utsatt för hot eller våld på allmän plats,2013,utbildning,C,2.6482696563841603,100.0
ULF: utsatt för hot eller våld på allmän plats,2013,utbildning,KD,2.347797746725293,100.0
ULF: utsatt för hot eller våld på allmän plats,2013,utbildning,L,2.256060971171186,100.0
ULF: utsatt för hot eller våld på allmän plats,2013,utbildning,M,2.501130978510362,100.0
ULF: utsatt för hot eller våld på allmän plats,2013,utbildning,MP,2.354807234396314,100.0
ULF: utsatt för hot eller våld på allmän plats,2013,utbildning,S,2.664550439931783,100.0
ULF: utsatt för hot eller våld på allmän plats,2013,utbildning,SD,2.7930265349171424,100.00000000000001
ULF: utsatt för hot eller våld på allmän plats,2013,utbildning,V,2.418788842046523,100.0
ULF: utsatt för hot eller våld på allmän plats,2013,utbildning,ÖVR,2.5542708656154987,100.0
ULF: utsatt för hot eller våld på allmän plats,2017,utbildning,ALLA,2.789029344072442,100.0
ULF: utsatt för hot eller våld på allmän plats,2017,utbildning,C,2.6706679087507657,100.0
ULF: utsatt för hot eller våld på allmän plats,2017,utbildning,KD,2.769791707568931,100.0
ULF: utsatt för hot eller våld på allmän plats,2017,utbildning,L,2.6451215859741466,100.00000000000003
ULF: utsatt för hot eller våld på allmän plats,2017,utbildning,M,2.748332973114842,100.0
ULF: utsatt för hot eller våld på allmän plats,2017,utbildning,MP,2.579077448505143,100.0
ULF: utsatt för hot eller våld på allmän plats,2017,utbildning,S,2.854068081997397,100.0
ULF: utsatt för hot eller våld på allmän plats,2017,utbildning,SD,2.9670398071888178,100.0
ULF: utsatt för hot eller våld på allmän plats,2017,utbildning,V,2.6724912165483676,100.0
ULF: utsatt för hot eller våld på allmän plats,2017,utbildning,ÖVR,2.619340435159565,100.0
ULF: utsatt för hot eller våld på allmän plats,2020,utbildning,ALLA,2.5569353919145685,100.0
ULF: utsatt för hot eller våld på allmän plats,2020,utbildning,C,2.4191278542387287,100.0
ULF: utsatt för hot eller våld på allmän plats,2020,utbildning,KD,2.5118878248022525,100.0
ULF: utsatt för hot eller våld på allmän plats,2020,utbildning,L,2.2059952498458664,100.0
ULF: utsatt för hot eller våld på allmän plats,2020,utbildning,M,2.539502053631574,100.00000000000001
ULF: utsatt för hot eller våld på allmän plats,2020,utbildning,MP,2.2280732125876344,100.0
ULF: utsatt för hot eller våld på allmän plats,2020,utbildning,S,2.6052625339026214,100.0
ULF: utsatt för hot eller våld på allmän plats,2020,utbildning,SD,2.8239515364482077,100.0
ULF: utsatt för hot eller våld på allmän plats,2020,utbildning,V,2.3681809129109426,100.0
ULF: utsatt för hot eller våld på allmän plats,2020,utbildning,ÖVR,2.4591631099041433,100.0
ULF: utsatt för hot eller våld på allmän plats,2021,utbildning,ALLA,1.9622798040452543,100.0
ULF: utsatt för hot eller våld på allmän plats,2021,utbildning,C,1.7635446567149577,100.0
ULF: utsatt för hot eller våld på allmän plats,2021,utbildning,KD,1.9779550217840836,100.0
ULF: utsatt för hot eller våld på allmän plats,2021,utbildning,L,1.7153420710069411,99.99999999999999
ULF: utsatt för hot eller våld på allmän plats,2021,utbildning,M,1.8704928912490635,100.0
ULF: utsatt för hot eller våld på allmän plats,2021,utbildning,MP,1.6728269768329938,100.0
ULF: utsatt för hot eller våld på allmän plats,2021,utbildning,S,2.0174502478563023,100.0
ULF: utsatt för hot eller våld på allmän plats,2021,utbildning,SD,2.2447621998690455,100.00000000000001
ULF: utsatt för hot eller våld på allmän plats,2021,utbildning,V,1.8269168952226016,100.0
ULF: utsatt för hot eller våld på allmän plats,2021,utbildning,ÖVR,1.9968883953612342,100.0
ULF: utsatt för hot eller våld på allmän plats,2024,utbildning,ALLA,2.4054208168213473,100.0
ULF: utsatt för hot eller våld på allmän plats,2024,utbildning,C,2.335530755280873,100.0
ULF: utsatt för hot eller våld på allmän plats,2024,utbildning,KD,2.396863662948882,100.0
ULF: utsatt för hot eller våld på allmän plats,2024,utbildning,L,2.2484033132231662,100.0
ULF: utsatt för hot eller våld på allmän plats,2024,utbildning,M,2.412104087590919,100.0
ULF: utsatt för hot eller våld på allmän plats,2024,utbildning,MP,2.225421073505475,100.0
ULF: utsatt för hot eller våld på allmän plats,2024,utbildning,S,2.409161280959467,100.00000000000001
ULF: utsatt för hot eller våld på allmän plats,2024,utbildning,SD,2.535843923354923,100.0
ULF: utsatt för hot eller våld på allmän plats,2024,utbildning,V,2.304320660218181,100.0
ULF: utsatt för hot eller våld på allmän plats,2024,utbildning,ÖVR,2.5199677963393934,100.0
ULF: utsatt för våld,2009,utbildning,ALLA,3.7489353761712736,90.65884955451226
ULF: utsatt för våld,2009,utbildning,C,3.768872683029952,82.74461329731677
ULF: utsatt för våld,2009,utbildning,KD,3.6238322224390207,83.8480349764167
ULF: utsatt för våld,2009,utbildning,L,3.3428184909313288,87.85660765689417
ULF: utsatt för våld,2009,utbildning,M,3.679712859805017,91.03708602546295
ULF: utsatt för våld,2009,utbildning,MP,3.4426179700264283,97.74695417261444
ULF: utsatt för våld,2009,utbildning,S,3.9010893001966935,90.06006743574216
ULF: utsatt för våld,2009,utbildning,V,3.6606343191065744,96.56670301272132
ULF: utsatt för våld,2009,utbildning,ÖVR,4.0162902886863865,92.94083337310738
ULF: utsatt för våld,2011,utbildning,ALLA,3.652919269567355,99.99999999999999
ULF: utsatt för våld,2011,utbildning,C,3.75320598954695,100.0
ULF: utsatt för våld,2011,utbildning,KD,3.4934630011492747,100.0
ULF: utsatt för våld,2011,utbildning,L,3.217882931996586,100.0
ULF: utsatt för våld,2011,utbildning,M,3.5596804416111443,100.0
ULF: utsatt för våld,2011,utbildning,MP,3.3701760543139985,100.0
ULF: utsatt för våld,2011,utbildning,S,3.868739540680207,100.0
ULF: utsatt för våld,2011,utbildning,SD,3.8917445051254753,100.0
ULF: utsatt för våld,2011,utbildning,V,3.554666081570486,100.0
ULF: utsatt för våld,2011,utbildning,ÖVR,3.4909942797005966,100.0
ULF: utsatt för våld,2013,utbildning,ALLA,3.2270700414363707,100.0
ULF: utsatt för våld,2013,utbildning,C,3.3073869257167585,100.0
ULF: utsatt för våld,2013,utbildning,KD,2.9487094665684044,100.0
ULF: utsatt för våld,2013,utbildning,L,2.820332591234231,100.0
ULF: utsatt för våld,2013,utbildning,M,3.175321828959653,100.0
ULF: utsatt för våld,2013,utbildning,MP,2.9842936977081305,100.0
ULF: utsatt för våld,2013,utbildning,S,3.373898555512566,100.0
ULF: utsatt för våld,2013,utbildning,SD,3.5178691466662286,100.00000000000001
ULF: utsatt för våld,2013,utbildning,V,3.0864584588701844,100.0
ULF: utsatt för våld,2013,utbildning,ÖVR,3.304496488041656,100.0
ULF: utsatt för våld,2017,utbildning,ALLA,3.128799982112964,100.0
ULF: utsatt för våld,2017,utbildning,C,3.094890954252685,100.0
ULF: utsatt för våld,2017,utbildning,KD,3.1217549509899425,100.0
ULF: utsatt för våld,2017,utbildning,L,3.067832196092294,100.00000000000003
ULF: utsatt för våld,2017,utbildning,M,3.1180818981140543,100.0
ULF: utsatt för våld,2017,utbildning,MP,3.0571356289104368,100.0
ULF: utsatt för våld,2017,utbildning,S,3.147722273748639,100.0
ULF: utsatt för våld,2017,utbildning,SD,3.1980065294611935,100.0
ULF: utsatt för våld,2017,utbildning,V,3.082195056129893,100.0
ULF: utsatt för våld,2017,utbildning,ÖVR,3.051804139138872,100.0
ULF: utsatt för våld,2020,utbildning,ALLA,2.822929904852437,100.0
ULF: utsatt för våld,2020,utbildning,C,2.782152291928519,100.0
ULF: utsatt för våld,2020,utbildning,KD,2.847152117315687,100.0
ULF: utsatt för våld,2020,utbildning,L,2.7236567729354495,100.0
ULF: utsatt för våld,2020,utbildning,M,2.836919973278875,100.00000000000001
ULF: utsatt för våld,2020,utbildning,MP,2.678623781867498,100.0
ULF: utsatt för våld,2020,utbildning,S,2.827190518128231,100.0
ULF: utsatt för våld,2020,utbildning,SD,2.8920997655693683,100.0
ULF: utsatt för våld,2020,utbildning,V,2.769119784972505,100.0
ULF: utsatt för våld,2020,utbildning,ÖVR,2.822649516200423,100.0
ULF: utsatt för våld,2021,utbildning,ALLA,2.5063574619942806,100.0
ULF: utsatt för våld,2021,utbildning,C,2.4007181461628937,100.0
ULF: utsatt för våld,2021,utbildning,KD,2.5568947195917513,100.0
ULF: utsatt för våld,2021,utbildning,L,2.3876642032360564,99.99999999999999
ULF: utsatt för våld,2021,utbildning,M,2.4565376703978923,100.0
ULF: utsatt för våld,2021,utbildning,MP,2.3384856716358495,100.0
ULF: utsatt för våld,2021,utbildning,S,2.543236098386079,100.0
ULF: utsatt för våld,2021,utbildning,SD,2.6403052165933056,100.00000000000001
ULF: utsatt för våld,2021,utbildning,V,2.4278606579857547,100.0
ULF: utsatt för våld,2021,utbildning,ÖVR,2.5245239487692204,100.0
ULF: utsatt för våld,2024,utbildning,ALLA,3.0270338930269776,100.0
ULF: utsatt för våld,2024,utbildning,C,2.8856623808908943,100.0
ULF: utsatt för våld,2024,utbildning,KD,3.005321365083387,100.0
ULF: utsatt för våld,2024,utbildning,L,2.7178183630248496,100.0
ULF: utsatt för våld,2024,utbildning,M,3.039129094455153,100.0
ULF: utsatt för våld,2024,utbildning,MP,2.683538014894812,100.0
ULF: utsatt för våld,2024,utbildning,S,3.045664599298997,100.00000000000001
ULF: utsatt för våld,2024,utbildning,SD,3.2778682210090175,100.0
ULF: utsatt för våld,2024,utbildning,V,2.806242112616516,100.0
ULF: utsatt för våld,2024,utbildning,ÖVR,3.2097205098762047,100.0
ULF: utsatt för våld som krävde vård,2009,utbildning,ALLA,0.8461257752597895,90.65884955451226
ULF: utsatt för våld som krävde vård,2009,utbildning,C,0.8340621133849148,82.74461329731677
ULF: utsatt för våld som krävde vård,2009,utbildning,KD,0.8271256528796403,83.8480349764167
ULF: utsatt för våld som krävde vård,2009,utbildning,L,0.760476614966484,87.85660765689417
ULF: utsatt för våld som krävde vård,2009,utbildning,M,0.8368416768883076,91.03708602546295
ULF: utsatt för våld som krävde vård,2009,utbildning,MP,0.7871879149119709,97.74695417261444
ULF: utsatt för våld som krävde vård,2009,utbildning,S,0.8727125784888716,90.06006743574216
ULF: utsatt för våld som krävde vård,2009,utbildning,V,0.8470664811288803,96.56670301272132
ULF: utsatt för våld som krävde vård,2009,utbildning,ÖVR,0.891133815134058,92.94083337310738
ULF: utsatt för våld som krävde vård,2011,utbildning,ALLA,0.721594747866327,99.99999999999999
ULF: utsatt för våld som krävde vård,2011,utbildning,C,0.7576021926877443,100.0
ULF: utsatt för våld som krävde vård,2011,utbildning,KD,0.6512861627082125,100.0
ULF: utsatt för våld som krävde vård,2011,utbildning,L,0.5852314472390551,100.0
ULF: utsatt för våld som krävde vård,2011,utbildning,M,0.6854077986315901,100.0
ULF: utsatt för våld som krävde vård,2011,utbildning,MP,0.6161078815357828,100.0
ULF: utsatt för våld som krävde vård,2011,utbildning,S,0.8006293956378179,100.0
ULF: utsatt för våld som krävde vård,2011,utbildning,SD,0.8197814564181953,100.0
ULF: utsatt för våld som krävde vård,2011,utbildning,V,0.6769989117187482,100.0
ULF: utsatt för våld som krävde vård,2011,utbildning,ÖVR,0.6454107669137761,100.0
ULF: utsatt för våld som krävde vård,2013,utbildning,ALLA,0.5769180354762856,100.0
ULF: utsatt för våld som krävde vård,2013,utbildning,C,0.6131468010837601,100.0
ULF: utsatt för våld som krävde vård,2013,utbildning,KD,0.47840596353290865,100.0
ULF: utsatt för våld som krävde vård,2013,utbildning,L,0.4423271947996989,100.0
ULF: utsatt för våld som krävde vård,2013,utbildning,M,0.5552879862990959,100.0
ULF: utsatt för våld som krävde vård,2013,utbildning,MP,0.4963666610751964,100.0
ULF: utsatt för våld som krävde vård,2013,utbildning,S,0.6300508715310051,100.0
ULF: utsatt för våld som krävde vård,2013,utbildning,SD,0.6755191450937738,100.00000000000001
ULF: utsatt för våld som krävde vård,2013,utbildning,V,0.5191016193055815,100.0
ULF: utsatt för våld som krävde vård,2013,utbildning,ÖVR,0.596150601963609,100.0
ULF: utsatt för våld som krävde vård,2017,utbildning,ALLA,0.7078498008912848,100.0
ULF: utsatt för våld som krävde vård,2017,utbildning,C,0.651511530269753,100.0
ULF: utsatt för våld som krävde vård,2017,utbildning,KD,0.6967499762289089,100.0
ULF: utsatt för våld som krävde vård,2017,utbildning,L,0.6375119933862538,100.00000000000003
ULF: utsatt för våld som krävde vård,2017,utbildning,M,0.6859733589451096,100.0
ULF: utsatt för våld som krävde vård,2017,utbildning,MP,0.607547625891768,100.0
ULF: utsatt för våld som krävde vård,2017,utbildning,S,0.7415823900955809,100.0
ULF: utsatt för våld som krävde vård,2017,utbildning,SD,0.793322274235322,100.0
ULF: utsatt för våld som krävde vård,2017,utbildning,V,0.6496289248449911,100.0
ULF: utsatt för våld som krävde vård,2017,utbildning,ÖVR,0.6212615087653025,100.0
ULF: utsatt för våld som krävde vård,2020,utbildning,ALLA,0.5361386435186327,100.0
ULF: utsatt för våld som krävde vård,2020,utbildning,C,0.5155139539132623,100.0
ULF: utsatt för våld som krävde vård,2020,utbildning,KD,0.5363316019488384,100.0
ULF: utsatt för våld som krävde vård,2020,utbildning,L,0.4929777731516656,100.0
ULF: utsatt för våld som krävde vård,2020,utbildning,M,0.5337331352341242,100.00000000000001
ULF: utsatt för våld som krävde vård,2020,utbildning,MP,0.49007911383074154,100.0
ULF: utsatt för våld som krävde vård,2020,utbildning,S,0.5414567969520461,100.0
ULF: utsatt för våld som krävde vård,2020,utbildning,SD,0.5716419873684674,100.0
ULF: utsatt för våld som krävde vård,2020,utbildning,V,0.5122531553620336,100.0
ULF: utsatt för våld som krävde vård,2020,utbildning,ÖVR,0.5263866068881115,100.0
ULF: utsatt för våld som krävde vård,2021,utbildning,ALLA,0.5098288726364728,100.0
ULF: utsatt för våld som krävde vård,2021,utbildning,C,0.46598711904981294,100.0
ULF: utsatt för våld som krävde vård,2021,utbildning,KD,0.5633511889551314,100.0
ULF: utsatt för våld som krävde vård,2021,utbildning,L,0.4470769548599597,99.99999999999999
ULF: utsatt för våld som krävde vård,2021,utbildning,M,0.4938895664532555,100.0
ULF: utsatt för våld som krävde vård,2021,utbildning,MP,0.44008310313306936,100.0
ULF: utsatt för våld som krävde vård,2021,utbildning,S,0.5114249853232863,100.0
ULF: utsatt för våld som krävde vård,2021,utbildning,SD,0.5756446687664533,100.00000000000001
ULF: utsatt för våld som krävde vård,2021,utbildning,V,0.47393251735534747,100.0
ULF: utsatt för våld som krävde vård,2021,utbildning,ÖVR,0.5438710030564151,100.0
ULF: utsatt för våld som krävde vård,2024,utbildning,ALLA,1.022248076178959,100.0
ULF: utsatt för våld som krävde vård,2024,utbildning,C,0.9550148994822998,100.0
ULF: utsatt för våld som krävde vård,2024,utbildning,KD,1.0113100278111855,100.0
ULF: utsatt för våld som krävde vård,2024,utbildning,L,0.8781931446083897,100.0
ULF: utsatt för våld som krävde vård,2024,utbildning,M,1.0280014511025715,100.0
ULF: utsatt för våld som krävde vård,2024,utbildning,MP,0.8642144995763963,100.0
ULF: utsatt för våld som krävde vård,2024,utbildning,S,1.0319558377167275,100.00000000000001
ULF: utsatt för våld som krävde vård,2024,utbildning,SD,1.1392214892658263,100.0
ULF: utsatt för våld som krävde vård,2024,utbildning,V,0.9160188293345871,100.0
ULF: utsatt för våld som krävde vård,2024,utbildning,ÖVR,1.1017379859074183,100.0
ULF: avstått från att gå ut,2009,född i Sverige/utrikes,ALLA,14.239443710566498,100.0
ULF: avstått från att gå ut,2009,född i Sverige/utrikes,C,13.942082047102343,100.0
ULF: avstått från att gå ut,2009,född i Sverige/utrikes,KD,14.206099011658722,99.99999999999999
ULF: avstått från att gå ut,2009,född i Sverige/utrikes,L,14.175691321350348,100.00000000000001
ULF: avstått från att gå ut,2009,född i Sverige/utrikes,M,14.131036341319064,100.0
ULF: avstått från att gå ut,2009,född i Sverige/utrikes,MP,14.173645783950287,100.0
ULF: avstått från att gå ut,2009,född i Sverige/utrikes,S,14.38542446707055,100.0
ULF: avstått från att gå ut,2009,född i Sverige/utrikes,V,14.343330707288,100.0
ULF: avstått från att gå ut,2009,född i Sverige/utrikes,ÖVR,14.073617983758712,99.99999999999999
ULF: avstått från att gå ut,2011,född i Sverige/utrikes,ALLA,11.986009962072924,100.0
ULF: avstått från att gå ut,2011,född i Sverige/utrikes,C,11.5,100.0
ULF: avstått från att gå ut,2011,född i Sverige/utrikes,KD,11.867877448875712,99.99999999999999
ULF: avstått från att gå ut,2011,född i Sverige/utrikes,L,11.838535024096393,100.0
ULF: avstått från att gå ut,2011,född i Sverige/utrikes,M,11.881345538618412,100.0
ULF: avstått från att gå ut,2011,född i Sverige/utrikes,MP,12.051235595793715,100.0
ULF: avstått från att gå ut,2011,född i Sverige/utrikes,S,12.20725779257176,100.0
ULF: avstått från att gå ut,2011,född i Sverige/utrikes,SD,11.700235115079018,100.0
ULF: avstått från att gå ut,2011,född i Sverige/utrikes,V,11.915106427420012,99.99999999999999
ULF: avstått från att gå ut,2011,född i Sverige/utrikes,ÖVR,12.019082874571131,100.0
ULF: avstått från att gå ut,2013,född i Sverige/utrikes,ALLA,10.582077506244106,99.99999999999999
ULF: avstått från att gå ut,2013,född i Sverige/utrikes,C,10.268192407229792,100.0
ULF: avstått från att gå ut,2013,född i Sverige/utrikes,KD,10.299887435948635,100.0
ULF: avstått från att gå ut,2013,född i Sverige/utrikes,L,10.423925560124813,100.0
ULF: avstått från att gå ut,2013,född i Sverige/utrikes,M,10.483794834142635,100.0
ULF: avstått från att gå ut,2013,född i Sverige/utrikes,MP,10.545705829465051,100.0
ULF: avstått från att gå ut,2013,född i Sverige/utrikes,S,10.725784054071203,100.0
ULF: avstått från att gå ut,2013,född i Sverige/utrikes,SD,10.42684753858839,100.0
ULF: avstått från att gå ut,2013,född i Sverige/utrikes,V,10.86673064599634,100.0
ULF: avstått från att gå ut,2013,född i Sverige/utrikes,ÖVR,10.817444416074988,100.00000000000001
ULF: avstått från att gå ut,2017,född i Sverige/utrikes,ALLA,15.26305799002943,100.00000000000001
ULF: avstått från att gå ut,2017,född i Sverige/utrikes,C,15.289736230690359,99.99999999999999
ULF: avstått från att gå ut,2017,född i Sverige/utrikes,KD,15.269700167548525,100.0
ULF: avstått från att gå ut,2017,född i Sverige/utrikes,L,15.269935196031643,100.00000000000001
ULF: avstått från att gå ut,2017,född i Sverige/utrikes,M,15.267085199872984,100.0
ULF: avstått från att gå ut,2017,född i Sverige/utrikes,MP,15.243761477992752,100.0
ULF: avstått från att gå ut,2017,född i Sverige/utrikes,S,15.249494750793879,99.99999999999999
ULF: avstått från att gå ut,2017,född i Sverige/utrikes,SD,15.273210662657066,100.0
ULF: avstått från att gå ut,2017,född i Sverige/utrikes,V,15.257767735444498,100.0
ULF: avstått från att gå ut,2017,född i Sverige/utrikes,ÖVR,15.253937606804794,100.0
ULF: avstått från att gå ut,2020,född i Sverige/utrikes,ALLA,15.925624138910566,100.0
ULF: avstått från att gå ut,2020,född i Sverige/utrikes,C,15.954830675116966,100.0
ULF: avstått från att gå ut,2020,född i Sverige/utrikes,KD,15.936904573941572,100.0
ULF: avstått från att gå ut,2020,född i Sverige/utrikes,L,15.935582745888084,100.0
ULF: avstått från att gå ut,2020,född i Sverige/utrikes,M,15.941301621066295,100.0
ULF: avstått från att gå ut,2020,född i Sverige/utrikes,MP,15.91625896690838,100.0
ULF: avstått från att gå ut,2020,född i Sverige/utrikes,S,15.897238420714123,100.00000000000001
ULF: avstått från att gå ut,2020,född i Sverige/utrikes,SD,15.947465321510379,100.00000000000001
ULF: avstått från att gå ut,2020,född i Sverige/utrikes,V,15.917026632588327,100.0
ULF: avstått från att gå ut,2020,född i Sverige/utrikes,ÖVR,16.0,100.0
ULF: avstått från att gå ut,2021,född i Sverige/utrikes,ALLA,17.37157431618313,100.0
ULF: avstått från att gå ut,2021,född i Sverige/utrikes,C,17.408692155131277,100.0
ULF: avstått från att gå ut,2021,född i Sverige/utrikes,KD,17.434711279794513,100.00000000000001
ULF: avstått från att gå ut,2021,född i Sverige/utrikes,L,17.52479134367433,99.99999999999999
ULF: avstått från att gå ut,2021,född i Sverige/utrikes,M,17.459233143421002,100.0
ULF: avstått från att gå ut,2021,född i Sverige/utrikes,MP,17.396905865793197,100.00000000000001
ULF: avstått från att gå ut,2021,född i Sverige/utrikes,S,17.26050269512953,100.0
ULF: avstått från att gå ut,2021,född i Sverige/utrikes,SD,17.39166140708469,100.0
ULF: avstått från att gå ut,2021,född i Sverige/utrikes,V,17.33866508177584,100.00000000000001
ULF: avstått från att gå ut,2021,född i Sverige/utrikes,ÖVR,17.6,100.0
ULF: avstått från att gå ut,2022,född i Sverige/utrikes,ALLA,18.801872162123164,100.0
ULF: avstått från att gå ut,2022,född i Sverige/utrikes,C,18.953532690431235,100.0
ULF: avstått från att gå ut,2022,född i Sverige/utrikes,KD,19.057077365507176,100.00000000000001
ULF: avstått från att gå ut,2022,född i Sverige/utrikes,L,19.05357033783325,100.0
ULF: avstått från att gå ut,2022,född i Sverige/utrikes,M,18.925369639641126,100.0
ULF: avstått från att gå ut,2022,född i Sverige/utrikes,MP,18.711747873182663,100.0
ULF: avstått från att gå ut,2022,född i Sverige/utrikes,S,18.559645086262528,100.0
ULF: avstått från att gå ut,2022,född i Sverige/utrikes,SD,18.936137159530922,100.00000000000001
ULF: avstått från att gå ut,2022,född i Sverige/utrikes,V,18.791519643486765,100.0
ULF: avstått från att gå ut,2022,född i Sverige/utrikes,ÖVR,18.92052235778556,100.00000000000001
ULF: avstått från att gå ut,2023,född i Sverige/utrikes,ALLA,17.87371149395123,99.99999999999999
ULF: avstått från att gå ut,2023,född i Sverige/utrikes,C,17.96893493855732,100.0
ULF: avstått från att gå ut,2023,född i Sverige/utrikes,KD,17.785443365415457,99.99999999999999
ULF: avstått från att gå ut,2023,född i Sverige/utrikes,L,17.96860145247552,100.0
ULF: avstått från att gå ut,2023,född i Sverige/utrikes,M,17.94695769279826,100.0
ULF: avstått från att gå ut,2023,född i Sverige/utrikes,MP,17.955683031815127,100.0
ULF: avstått från att gå ut,2023,född i Sverige/utrikes,S,17.776784535274487,100.0
ULF: avstått från att gå ut,2023,född i Sverige/utrikes,SD,18.021191365145764,99.99999999999999
ULF: avstått från att gå ut,2023,född i Sverige/utrikes,V,17.728232949808223,100.0
ULF: avstått från att gå ut,2023,född i Sverige/utrikes,ÖVR,17.828512803722617,100.0
ULF: avstått från att gå ut,2024,född i Sverige/utrikes,ALLA,17.815681141877928,100.0
ULF: avstått från att gå ut,2024,född i Sverige/utrikes,C,17.806141658769775,100.0
ULF: avstått från att gå ut,2024,född i Sverige/utrikes,KD,17.812349102711607,100.0
ULF: avstått från att gå ut,2024,född i Sverige/utrikes,L,17.807904916917522,100.0
ULF: avstått från att gå ut,2024,född i Sverige/utrikes,M,17.812729471905186,100.00000000000001
ULF: avstått från att gå ut,2024,född i Sverige/utrikes,MP,17.808930227592526,100.00000000000001
ULF: avstått från att gå ut,2024,född i Sverige/utrikes,S,17.821291331843323,100.0
ULF: avstått från att gå ut,2024,född i Sverige/utrikes,SD,17.810023052481878,100.0
ULF: avstått från att gå ut,2024,född i Sverige/utrikes,V,17.827240748147048,100.00000000000001
ULF: avstått från att gå ut,2024,född i Sverige/utrikes,ÖVR,17.810816814265294,100.0
ULF: avstått från att gå ut,2025,född i Sverige/utrikes,ALLA,17.554603818702823,100.00000000000001
ULF: avstått från att gå ut,2025,född i Sverige/utrikes,C,17.413171640185713,100.0
ULF: avstått från att gå ut,2025,född i Sverige/utrikes,KD,17.49585270812912,100.00000000000003
ULF: avstått från att gå ut,2025,född i Sverige/utrikes,L,17.49979479523105,100.0
ULF: avstått från att gå ut,2025,född i Sverige/utrikes,M,17.435096384833162,100.0
ULF: avstått från att gå ut,2025,född i Sverige/utrikes,MP,17.513193572507344,100.0
ULF: avstått från att gå ut,2025,född i Sverige/utrikes,S,17.672722553106954,99.99999999999999
ULF: avstått från att gå ut,2025,född i Sverige/utrikes,SD,17.447085519245984,100.0
ULF: avstått från att gå ut,2025,född i Sverige/utrikes,V,17.693774215566126,100.0
ULF: avstått från att gå ut,2025,född i Sverige/utrikes,ÖVR,17.599412331806253,100.0
ULF: orolig för hushållets ekonomi,2009,född i Sverige/utrikes,ALLA,23.754880122774722,100.0
ULF: orolig för hushållets ekonomi,2009,född i Sverige/utrikes,C,21.755379282239897,100.0
ULF: orolig för hushållets ekonomi,2009,född i Sverige/utrikes,KD,23.53066576805004,99.99999999999999
ULF: orolig för hushållets ekonomi,2009,född i Sverige/utrikes,L,23.326200264252325,100.00000000000001
ULF: orolig för hushållets ekonomi,2009,född i Sverige/utrikes,M,23.025934019214382,100.0
ULF: orolig för hushållets ekonomi,2009,född i Sverige/utrikes,MP,23.312445788631248,100.0
ULF: orolig för hushållets ekonomi,2009,född i Sverige/utrikes,S,24.736474864784732,100.0
ULF: orolig för hushållets ekonomi,2009,född i Sverige/utrikes,V,24.45343061797103,100.0
ULF: orolig för hushållets ekonomi,2009,född i Sverige/utrikes,ÖVR,22.639845063205126,99.99999999999999
ULF: orolig för hushållets ekonomi,2011,född i Sverige/utrikes,ALLA,21.014045382776654,100.0
ULF: orolig för hushållets ekonomi,2011,född i Sverige/utrikes,C,18.8,100.0
ULF: orolig för hushållets ekonomi,2011,född i Sverige/utrikes,KD,20.47588615598936,99.99999999999999
ULF: orolig för hushållets ekonomi,2011,född i Sverige/utrikes,L,20.342215109772454,100.0
ULF: orolig för hushållets ekonomi,2011,född i Sverige/utrikes,M,20.537240787039433,100.0
ULF: orolig för hushållets ekonomi,2011,född i Sverige/utrikes,MP,21.311184380838025,100.0
ULF: orolig för hushållets ekonomi,2011,född i Sverige/utrikes,S,22.021952166160236,100.0
ULF: orolig för hushållets ekonomi,2011,född i Sverige/utrikes,SD,19.712182190915527,100.0
ULF: orolig för hushållets ekonomi,2011,född i Sverige/utrikes,V,20.691040391580056,99.99999999999999
ULF: orolig för hushållets ekonomi,2011,född i Sverige/utrikes,ÖVR,21.164710873046264,100.0
ULF: orolig för hushållets ekonomi,2017,född i Sverige/utrikes,ALLA,16.97957858826356,100.00000000000001
ULF: orolig för hushållets ekonomi,2017,född i Sverige/utrikes,C,15.405562389268898,99.99999999999999
ULF: orolig för hushållets ekonomi,2017,född i Sverige/utrikes,KD,16.587690114636985,100.0
ULF: orolig för hushållets ekonomi,2017,född i Sverige/utrikes,L,16.57382343413301,100.00000000000001
ULF: orolig för hushållets ekonomi,2017,född i Sverige/utrikes,M,16.741973207494073,100.0
ULF: orolig för hushållets ekonomi,2017,född i Sverige/utrikes,MP,18.118072798427463,100.0
ULF: orolig för hushållets ekonomi,2017,född i Sverige/utrikes,S,17.779809703161142,99.99999999999999
ULF: orolig för hushållets ekonomi,2017,född i Sverige/utrikes,SD,16.380570903233096,100.0
ULF: orolig för hushållets ekonomi,2017,född i Sverige/utrikes,V,17.29170360877468,100.0
ULF: orolig för hushållets ekonomi,2017,född i Sverige/utrikes,ÖVR,17.517681198517217,100.0
ULF: orolig för hushållets ekonomi,2020,född i Sverige/utrikes,ALLA,19.376698814005568,100.0
ULF: orolig för hushållets ekonomi,2020,född i Sverige/utrikes,C,18.286321462299934,100.0
ULF: orolig för hushållets ekonomi,2020,född i Sverige/utrikes,KD,18.95556257284802,100.0
ULF: orolig för hushållets ekonomi,2020,född i Sverige/utrikes,L,19.004910820178246,100.0
ULF: orolig för hushållets ekonomi,2020,född i Sverige/utrikes,M,18.791406146858343,100.0
ULF: orolig för hushållets ekonomi,2020,född i Sverige/utrikes,MP,19.72633190208709,100.0
ULF: orolig för hushållets ekonomi,2020,född i Sverige/utrikes,S,20.43643229333938,100.00000000000001
ULF: orolig för hushållets ekonomi,2020,född i Sverige/utrikes,SD,18.561294663612514,100.00000000000001
ULF: orolig för hushållets ekonomi,2020,född i Sverige/utrikes,V,19.69767238336919,100.0
ULF: orolig för hushållets ekonomi,2020,född i Sverige/utrikes,ÖVR,16.6,100.0
ULF: orolig för hushållets ekonomi,2021,född i Sverige/utrikes,ALLA,17.08526925766863,100.0
ULF: orolig för hushållets ekonomi,2021,född i Sverige/utrikes,C,16.567681614558293,100.0
ULF: orolig för hushållets ekonomi,2021,född i Sverige/utrikes,KD,16.204859376198698,100.00000000000001
ULF: orolig för hushållets ekonomi,2021,född i Sverige/utrikes,L,14.948742929874651,99.99999999999999
ULF: orolig för hushållets ekonomi,2021,född i Sverige/utrikes,M,15.862915611184972,100.0
ULF: orolig för hushållets ekonomi,2021,född i Sverige/utrikes,MP,16.732034871439343,100.00000000000001
ULF: orolig för hushållets ekonomi,2021,född i Sverige/utrikes,S,18.634101306804922,100.0
ULF: orolig för hushållets ekonomi,2021,född i Sverige/utrikes,SD,16.805165934541318,100.0
ULF: orolig för hushållets ekonomi,2021,född i Sverige/utrikes,V,17.544170248570204,100.00000000000001
ULF: orolig för hushållets ekonomi,2021,född i Sverige/utrikes,ÖVR,13.9,100.0
ULF: orolig för hushållets ekonomi,2022,född i Sverige/utrikes,ALLA,24.603841250180377,100.0
ULF: orolig för hushållets ekonomi,2022,född i Sverige/utrikes,C,23.90241130675555,100.0
ULF: orolig för hushållets ekonomi,2022,född i Sverige/utrikes,KD,23.423517184529317,100.00000000000001
ULF: orolig för hushållets ekonomi,2022,född i Sverige/utrikes,L,23.439737187521217,100.0
ULF: orolig för hushållets ekonomi,2022,född i Sverige/utrikes,M,24.03266541665979,100.0
ULF: orolig för hushållets ekonomi,2022,född i Sverige/utrikes,MP,25.02066608653018,100.0
ULF: orolig för hushållets ekonomi,2022,född i Sverige/utrikes,S,25.72414147603583,100.0
ULF: orolig för hushållets ekonomi,2022,född i Sverige/utrikes,SD,23.982865637169485,100.00000000000001
ULF: orolig för hushållets ekonomi,2022,född i Sverige/utrikes,V,24.651721648873707,100.0
ULF: orolig för hushållets ekonomi,2022,född i Sverige/utrikes,ÖVR,24.055084095241778,100.00000000000001
ULF: orolig för hushållets ekonomi,2023,född i Sverige/utrikes,ALLA,33.24086060924157,99.99999999999999
ULF: orolig för hushållets ekonomi,2023,född i Sverige/utrikes,C,32.23668610248643,100.0
ULF: orolig för hushållets ekonomi,2023,född i Sverige/utrikes,KD,34.17168814652789,99.99999999999999
ULF: orolig för hushållets ekonomi,2023,född i Sverige/utrikes,L,32.24020286480357,100.0
ULF: orolig för hushållets ekonomi,2023,född i Sverige/utrikes,M,32.468446148672854,100.0
ULF: orolig för hushållets ekonomi,2023,född i Sverige/utrikes,MP,32.37643348267682,100.0
ULF: orolig för hushållets ekonomi,2023,född i Sverige/utrikes,S,34.26299944619631,100.0
ULF: orolig för hushållets ekonomi,2023,född i Sverige/utrikes,SD,31.685618331190106,99.99999999999999
ULF: orolig för hushållets ekonomi,2023,född i Sverige/utrikes,V,34.77499798384056,100.0
ULF: orolig för hushållets ekonomi,2023,född i Sverige/utrikes,ÖVR,33.7175013425615,100.0
ULF: orolig för hushållets ekonomi,2024,född i Sverige/utrikes,ALLA,30.18918494995171,100.0
ULF: orolig för hushållets ekonomi,2024,född i Sverige/utrikes,C,28.309906777645278,100.0
ULF: orolig för hushållets ekonomi,2024,född i Sverige/utrikes,KD,29.532773234186703,100.0
ULF: orolig för hushållets ekonomi,2024,född i Sverige/utrikes,L,28.657268632751194,100.0
ULF: orolig för hushållets ekonomi,2024,född i Sverige/utrikes,M,29.60770596532167,100.00000000000001
ULF: orolig för hushållets ekonomi,2024,född i Sverige/utrikes,MP,28.859254835727302,100.00000000000001
ULF: orolig för hushållets ekonomi,2024,född i Sverige/utrikes,S,31.294392373135082,100.0
ULF: orolig för hushållets ekonomi,2024,född i Sverige/utrikes,SD,29.074541338929844,100.0
ULF: orolig för hushållets ekonomi,2024,född i Sverige/utrikes,V,32.46642738496867,100.00000000000001
ULF: orolig för hushållets ekonomi,2024,född i Sverige/utrikes,ÖVR,29.230912410263382,100.0
ULF: orolig för hushållets ekonomi,2025,född i Sverige/utrikes,ALLA,29.407023151341882,100.00000000000001
ULF: orolig för hushållets ekonomi,2025,född i Sverige/utrikes,C,27.80883953409856,100.0
ULF: orolig för hushållets ekonomi,2025,född i Sverige/utrikes,KD,28.743135601859073,100.00000000000003
ULF: orolig för hushållets ekonomi,2025,född i Sverige/utrikes,L,28.787681186110877,100.0
ULF: orolig för hushållets ekonomi,2025,född i Sverige/utrikes,M,28.05658914861476,100.0
ULF: orolig för hushållets ekonomi,2025,född i Sverige/utrikes,MP,28.939087369332974,100.0
ULF: orolig för hushållets ekonomi,2025,född i Sverige/utrikes,S,30.741764850108574,99.99999999999999
ULF: orolig för hushållets ekonomi,2025,född i Sverige/utrikes,SD,28.19206636747961,100.0
ULF: orolig för hushållets ekonomi,2025,född i Sverige/utrikes,V,30.97964863589725,100.0
ULF: orolig för hushållets ekonomi,2025,född i Sverige/utrikes,ÖVR,29.913359349410676,100.0
ULF: utsatt för hot,2009,född i Sverige/utrikes,ALLA,3.9454596941965345,100.0
ULF: utsatt för hot,2009,född i Sverige/utrikes,C,3.9146981428036907,100.0
ULF: utsatt för hot,2009,född i Sverige/utrikes,KD,3.942010242585385,99.99999999999999
ULF: utsatt för hot,2009,född i Sverige/utrikes,L,3.938864619450036,100.00000000000001
ULF: utsatt för hot,2009,född i Sverige/utrikes,M,3.9342451387571447,100.0
ULF: utsatt för hot,2009,född i Sverige/utrikes,MP,3.938653012132788,100.0
ULF: utsatt för hot,2009,född i Sverige/utrikes,S,3.960561151765919,100.0
ULF: utsatt för hot,2009,född i Sverige/utrikes,V,3.956206624891862,100.0
ULF: utsatt för hot,2009,född i Sverige/utrikes,ÖVR,3.928305308664694,99.99999999999999
ULF: utsatt för hot,2011,född i Sverige/utrikes,ALLA,4.2864017710351865,100.0
ULF: utsatt för hot,2011,född i Sverige/utrikes,C,4.2,100.0
ULF: utsatt för hot,2011,född i Sverige/utrikes,KD,4.265400435355683,99.99999999999999
ULF: utsatt för hot,2011,född i Sverige/utrikes,L,4.260184004283803,100.0
ULF: utsatt för hot,2011,född i Sverige/utrikes,M,4.267794762421051,100.0
ULF: utsatt för hot,2011,född i Sverige/utrikes,MP,4.2979974392522164,100.0
ULF: utsatt för hot,2011,född i Sverige/utrikes,S,4.325734718679424,100.0
ULF: utsatt för hot,2011,född i Sverige/utrikes,SD,4.235597353791826,100.0
ULF: utsatt för hot,2011,född i Sverige/utrikes,V,4.2737966982080025,99.99999999999999
ULF: utsatt för hot,2011,född i Sverige/utrikes,ÖVR,4.292281399923757,100.0
ULF: utsatt för hot,2013,född i Sverige/utrikes,ALLA,3.7246501616931686,99.99999999999999
ULF: utsatt för hot,2013,född i Sverige/utrikes,C,3.704399510143858,100.0
ULF: utsatt för hot,2013,född i Sverige/utrikes,KD,3.7064443507063634,100.0
ULF: utsatt för hot,2013,född i Sverige/utrikes,L,3.7144468103306325,100.0
ULF: utsatt för hot,2013,född i Sverige/utrikes,M,3.7183093441382344,100.0
ULF: utsatt för hot,2013,född i Sverige/utrikes,MP,3.7223036019009714,100.0
ULF: utsatt för hot,2013,född i Sverige/utrikes,S,3.7339215518755617,100.0
ULF: utsatt för hot,2013,född i Sverige/utrikes,SD,3.714635325070219,100.0
ULF: utsatt för hot,2013,född i Sverige/utrikes,V,3.7430148803868604,100.0
ULF: utsatt för hot,2013,född i Sverige/utrikes,ÖVR,3.739835123617741,100.00000000000001
ULF: utsatt för hot,2017,född i Sverige/utrikes,ALLA,4.961570016617616,100.00000000000001
ULF: utsatt för hot,2017,född i Sverige/utrikes,C,4.917106282182738,99.99999999999999
ULF: utsatt för hot,2017,född i Sverige/utrikes,KD,4.9504997207524575,100.0
ULF: utsatt för hot,2017,född i Sverige/utrikes,L,4.950108006613927,100.00000000000001
ULF: utsatt för hot,2017,född i Sverige/utrikes,M,4.954858000211697,100.0
ULF: utsatt för hot,2017,född i Sverige/utrikes,MP,4.993730870012075,100.0
ULF: utsatt för hot,2017,född i Sverige/utrikes,S,4.984175415343535,99.99999999999999
ULF: utsatt för hot,2017,född i Sverige/utrikes,SD,4.944648895571557,100.0
ULF: utsatt för hot,2017,född i Sverige/utrikes,V,4.970387107592505,100.0
ULF: utsatt för hot,2017,född i Sverige/utrikes,ÖVR,4.976770655325344,100.0
ULF: utsatt för hot,2020,född i Sverige/utrikes,ALLA,4.74875172217887,100.0
ULF: utsatt för hot,2020,född i Sverige/utrikes,C,4.690338649766067,100.0
ULF: utsatt för hot,2020,född i Sverige/utrikes,KD,4.726190852116858,100.0
ULF: utsatt för hot,2020,född i Sverige/utrikes,L,4.7288345082238346,100.0
ULF: utsatt för hot,2020,född i Sverige/utrikes,M,4.7173967578674105,100.0
ULF: utsatt för hot,2020,född i Sverige/utrikes,MP,4.767482066183237,100.0
ULF: utsatt för hot,2020,född i Sverige/utrikes,S,4.805523158571752,100.00000000000001
ULF: utsatt för hot,2020,född i Sverige/utrikes,SD,4.705069356979241,100.00000000000001
ULF: utsatt för hot,2020,född i Sverige/utrikes,V,4.765946734823349,100.0
ULF: utsatt för hot,2020,född i Sverige/utrikes,ÖVR,4.6,100.0
ULF: utsatt för hot,2021,född i Sverige/utrikes,ALLA,4.001522526140833,100.0
ULF: utsatt för hot,2021,född i Sverige/utrikes,C,3.985025708830543,100.0
ULF: utsatt för hot,2021,född i Sverige/utrikes,KD,3.9734616534246596,100.00000000000001
ULF: utsatt för hot,2021,född i Sverige/utrikes,L,3.9334260694780765,99.99999999999999
ULF: utsatt för hot,2021,född i Sverige/utrikes,M,3.9625630473684454,100.0
ULF: utsatt för hot,2021,född i Sverige/utrikes,MP,3.990264059647469,100.00000000000001
ULF: utsatt för hot,2021,född i Sverige/utrikes,S,4.050887691053544,100.0
ULF: utsatt för hot,2021,född i Sverige/utrikes,SD,3.992594930184584,100.0
ULF: utsatt för hot,2021,född i Sverige/utrikes,V,4.01614885254407,100.00000000000001
ULF: utsatt för hot,2021,född i Sverige/utrikes,ÖVR,3.9,100.0
ULF: utsatt för hot,2024,född i Sverige/utrikes,ALLA,3.741130276901347,100.0
ULF: utsatt för hot,2024,född i Sverige/utrikes,C,3.655274928927957,100.0
ULF: utsatt för hot,2024,född i Sverige/utrikes,KD,3.7111419244044686,100.0
ULF: utsatt för hot,2024,född i Sverige/utrikes,L,3.6711442522576694,100.0
ULF: utsatt för hot,2024,född i Sverige/utrikes,M,3.7145652471466755,100.00000000000001
ULF: utsatt för hot,2024,född i Sverige/utrikes,MP,3.68037204833272,100.00000000000001
ULF: utsatt för hot,2024,född i Sverige/utrikes,S,3.791621986589928,100.0
ULF: utsatt för hot,2024,född i Sverige/utrikes,SD,3.6902074723368967,100.0
ULF: utsatt för hot,2024,född i Sverige/utrikes,V,3.845166733323442,100.00000000000001
ULF: utsatt för hot,2024,född i Sverige/utrikes,ÖVR,3.697351328387667,100.0
ULF: utsatt för hot eller våld,2009,född i Sverige/utrikes,ALLA,6.906072619791913,100.0
ULF: utsatt för hot eller våld,2009,född i Sverige/utrikes,C,6.834295666541944,100.0
ULF: utsatt för hot eller våld,2009,född i Sverige/utrikes,KD,6.898023899365898,99.99999999999999
ULF: utsatt för hot eller våld,2009,född i Sverige/utrikes,L,6.890684112050082,100.00000000000001
ULF: utsatt för hot eller våld,2009,född i Sverige/utrikes,M,6.87990532376667,100.0
ULF: utsatt för hot eller våld,2009,född i Sverige/utrikes,MP,6.890190361643173,100.0
ULF: utsatt för hot eller våld,2009,född i Sverige/utrikes,S,6.941309354120477,100.0
ULF: utsatt för hot eller våld,2009,född i Sverige/utrikes,V,6.931148791414345,100.0
ULF: utsatt för hot eller våld,2009,född i Sverige/utrikes,ÖVR,6.8660457202176195,99.99999999999999
ULF: utsatt för hot eller våld,2011,född i Sverige/utrikes,ALLA,7.154001106896991,100.0
ULF: utsatt för hot eller våld,2011,född i Sverige/utrikes,C,7.1,100.0
ULF: utsatt för hot eller våld,2011,född i Sverige/utrikes,KD,7.140875272097301,99.99999999999999
ULF: utsatt för hot eller våld,2011,född i Sverige/utrikes,L,7.137615002677377,100.0
ULF: utsatt för hot eller våld,2011,född i Sverige/utrikes,M,7.142371726513156,100.0
ULF: utsatt för hot eller våld,2011,född i Sverige/utrikes,MP,7.161248399532635,100.0
ULF: utsatt för hot eller våld,2011,född i Sverige/utrikes,S,7.178584199174639,100.0
ULF: utsatt för hot eller våld,2011,född i Sverige/utrikes,SD,7.122248346119891,100.0
ULF: utsatt för hot eller våld,2011,född i Sverige/utrikes,V,7.146122936380001,99.99999999999999
ULF: utsatt för hot eller våld,2011,född i Sverige/utrikes,ÖVR,7.157675874952348,100.0
ULF: utsatt för hot eller våld,2013,född i Sverige/utrikes,ALLA,6.226049514920496,99.99999999999999
ULF: utsatt för hot eller våld,2013,född i Sverige/utrikes,C,6.286801469568428,100.0
ULF: utsatt för hot eller våld,2013,född i Sverige/utrikes,KD,6.280666947880908,100.0
ULF: utsatt för hot eller våld,2013,född i Sverige/utrikes,L,6.256659569008101,100.0
ULF: utsatt för hot eller våld,2013,född i Sverige/utrikes,M,6.245071967585297,100.0
ULF: utsatt för hot eller våld,2013,född i Sverige/utrikes,MP,6.233089194297088,100.0
ULF: utsatt för hot eller våld,2013,född i Sverige/utrikes,S,6.198235344373315,100.0
ULF: utsatt för hot eller våld,2013,född i Sverige/utrikes,SD,6.256094024789344,100.0
ULF: utsatt för hot eller våld,2013,född i Sverige/utrikes,V,6.170955358839418,100.0
ULF: utsatt för hot eller våld,2013,född i Sverige/utrikes,ÖVR,6.180494629146777,100.00000000000001
ULF: utsatt för hot eller våld,2017,född i Sverige/utrikes,ALLA,7.124628006647046,100.00000000000001
ULF: utsatt för hot eller våld,2017,född i Sverige/utrikes,C,7.1068425128730945,99.99999999999999
ULF: utsatt för hot eller våld,2017,född i Sverige/utrikes,KD,7.1201998883009825,100.0
ULF: utsatt för hot eller våld,2017,född i Sverige/utrikes,L,7.1200432026455704,100.00000000000001
ULF: utsatt för hot eller våld,2017,född i Sverige/utrikes,M,7.121943200084678,100.0
ULF: utsatt för hot eller våld,2017,född i Sverige/utrikes,MP,7.13749234800483,100.0
ULF: utsatt för hot eller våld,2017,född i Sverige/utrikes,S,7.133670166137414,99.99999999999999
ULF: utsatt för hot eller våld,2017,född i Sverige/utrikes,SD,7.1178595582286235,100.0
ULF: utsatt för hot eller våld,2017,född i Sverige/utrikes,V,7.1281548430370005,100.0
ULF: utsatt för hot eller våld,2017,född i Sverige/utrikes,ÖVR,7.1307082621301365,100.0
ULF: utsatt för hot eller våld,2020,född i Sverige/utrikes,ALLA,6.537187930544717,100.0
ULF: utsatt för hot eller våld,2020,född i Sverige/utrikes,C,6.522584662441517,100.0
ULF: utsatt för hot eller våld,2020,född i Sverige/utrikes,KD,6.531547713029215,100.0
ULF: utsatt för hot eller våld,2020,född i Sverige/utrikes,L,6.532208627055959,100.0
ULF: utsatt för hot eller våld,2020,född i Sverige/utrikes,M,6.529349189466853,100.0
ULF: utsatt för hot eller våld,2020,född i Sverige/utrikes,MP,6.541870516545808,100.0
ULF: utsatt för hot eller våld,2020,född i Sverige/utrikes,S,6.551380789642938,100.00000000000001
ULF: utsatt för hot eller våld,2020,född i Sverige/utrikes,SD,6.526267339244811,100.00000000000001
ULF: utsatt för hot eller våld,2020,född i Sverige/utrikes,V,6.541486683705838,100.0
ULF: utsatt för hot eller våld,2020,född i Sverige/utrikes,ÖVR,6.5,100.0
ULF: utsatt för hot eller våld,2021,född i Sverige/utrikes,ALLA,5.55228378921125,100.0
ULF: utsatt för hot eller våld,2021,född i Sverige/utrikes,C,5.527538563245815,100.0
ULF: utsatt för hot eller våld,2021,född i Sverige/utrikes,KD,5.510192480136991,100.00000000000001
ULF: utsatt för hot eller våld,2021,född i Sverige/utrikes,L,5.450139104217115,99.99999999999999
ULF: utsatt för hot eller våld,2021,född i Sverige/utrikes,M,5.493844571052668,100.0
ULF: utsatt för hot eller våld,2021,född i Sverige/utrikes,MP,5.535396089471203,100.00000000000001
ULF: utsatt för hot eller våld,2021,född i Sverige/utrikes,S,5.626331536580316,100.0
ULF: utsatt för hot eller våld,2021,född i Sverige/utrikes,SD,5.538892395276877,100.0
ULF: utsatt för hot eller våld,2021,född i Sverige/utrikes,V,5.574223278816105,100.00000000000001
ULF: utsatt för hot eller våld,2021,född i Sverige/utrikes,ÖVR,5.4,100.0
ULF: utsatt för hot eller våld,2024,född i Sverige/utrikes,ALLA,5.903854844413058,100.0
ULF: utsatt för hot eller våld,2024,född i Sverige/utrikes,C,5.779841564007048,100.0
ULF: utsatt för hot eller våld,2024,född i Sverige/utrikes,KD,5.860538335250899,100.0
ULF: utsatt för hot eller våld,2024,född i Sverige/utrikes,L,5.802763919927744,100.0
ULF: utsatt för hot eller våld,2024,född i Sverige/utrikes,M,5.865483134767421,100.00000000000001
ULF: utsatt för hot eller våld,2024,född i Sverige/utrikes,MP,5.816092958702817,100.00000000000001
ULF: utsatt för hot eller våld,2024,född i Sverige/utrikes,S,5.976787313963229,100.0
ULF: utsatt för hot eller våld,2024,född i Sverige/utrikes,SD,5.830299682264406,100.0
ULF: utsatt för hot eller våld,2024,född i Sverige/utrikes,V,6.054129725911638,100.00000000000001
ULF: utsatt för hot eller våld,2024,född i Sverige/utrikes,ÖVR,5.840618585448852,100.0
ULF: utsatt för hot eller våld i bostad,2009,född i Sverige/utrikes,ALLA,1.2454596941965341,100.0
ULF: utsatt för hot eller våld i bostad,2009,född i Sverige/utrikes,C,1.2146981428036907,100.0
ULF: utsatt för hot eller våld i bostad,2009,född i Sverige/utrikes,KD,1.2420102425853852,99.99999999999999
ULF: utsatt för hot eller våld i bostad,2009,född i Sverige/utrikes,L,1.2388646194500357,100.00000000000001
ULF: utsatt för hot eller våld i bostad,2009,född i Sverige/utrikes,M,1.2342451387571445,100.0
ULF: utsatt för hot eller våld i bostad,2009,född i Sverige/utrikes,MP,1.2386530121327883,100.0
ULF: utsatt för hot eller våld i bostad,2009,född i Sverige/utrikes,S,1.260561151765919,100.0
ULF: utsatt för hot eller våld i bostad,2009,född i Sverige/utrikes,V,1.256206624891862,100.0
ULF: utsatt för hot eller våld i bostad,2009,född i Sverige/utrikes,ÖVR,1.2283053086646945,99.99999999999999
ULF: utsatt för hot eller våld i bostad,2011,född i Sverige/utrikes,ALLA,1.3,100.0
ULF: utsatt för hot eller våld i bostad,2011,född i Sverige/utrikes,C,1.3,100.0
ULF: utsatt för hot eller våld i bostad,2011,född i Sverige/utrikes,KD,1.3000000000000003,99.99999999999999
ULF: utsatt för hot eller våld i bostad,2011,född i Sverige/utrikes,L,1.3,100.0
ULF: utsatt för hot eller våld i bostad,2011,född i Sverige/utrikes,M,1.3,100.0
ULF: utsatt för hot eller våld i bostad,2011,född i Sverige/utrikes,MP,1.3,100.0
ULF: utsatt för hot eller våld i bostad,2011,född i Sverige/utrikes,S,1.3,100.0
ULF: utsatt för hot eller våld i bostad,2011,född i Sverige/utrikes,SD,1.3,100.0
ULF: utsatt för hot eller våld i bostad,2011,född i Sverige/utrikes,V,1.3000000000000003,99.99999999999999
ULF: utsatt för hot eller våld i bostad,2011,född i Sverige/utrikes,ÖVR,1.3,100.0
ULF: utsatt för hot eller våld i bostad,2013,född i Sverige/utrikes,ALLA,1.275349838306832,99.99999999999999
ULF: utsatt för hot eller våld i bostad,2013,född i Sverige/utrikes,C,1.2956004898561426,100.0
ULF: utsatt för hot eller våld i bostad,2013,född i Sverige/utrikes,KD,1.2935556492936364,100.0
ULF: utsatt för hot eller våld i bostad,2013,född i Sverige/utrikes,L,1.285553189669367,100.0
ULF: utsatt för hot eller våld i bostad,2013,född i Sverige/utrikes,M,1.2816906558617653,100.0
ULF: utsatt för hot eller våld i bostad,2013,född i Sverige/utrikes,MP,1.277696398099029,100.0
ULF: utsatt för hot eller våld i bostad,2013,född i Sverige/utrikes,S,1.2660784481244385,100.0
ULF: utsatt för hot eller våld i bostad,2013,född i Sverige/utrikes,SD,1.2853646749297816,100.0
ULF: utsatt för hot eller våld i bostad,2013,född i Sverige/utrikes,V,1.2569851196131392,100.0
ULF: utsatt för hot eller våld i bostad,2013,född i Sverige/utrikes,ÖVR,1.260164876382259,100.00000000000001
ULF: utsatt för hot eller våld i bostad,2017,född i Sverige/utrikes,ALLA,1.0861980232646606,100.00000000000001
ULF: utsatt för hot eller våld i bostad,2017,född i Sverige/utrikes,C,1.0239487950558321,99.99999999999999
ULF: utsatt för hot eller våld i bostad,2017,född i Sverige/utrikes,KD,1.07069960905344,100.0
ULF: utsatt för hot eller våld i bostad,2017,född i Sverige/utrikes,L,1.0701512092594974,100.00000000000001
ULF: utsatt för hot eller våld i bostad,2017,född i Sverige/utrikes,M,1.0768012002963758,100.0
ULF: utsatt för hot eller våld i bostad,2017,född i Sverige/utrikes,MP,1.1312232180169053,100.0
ULF: utsatt för hot eller våld i bostad,2017,född i Sverige/utrikes,S,1.1178455814809491,99.99999999999999
ULF: utsatt för hot eller våld i bostad,2017,född i Sverige/utrikes,SD,1.062508453800179,100.0
ULF: utsatt för hot eller våld i bostad,2017,född i Sverige/utrikes,V,1.098541950629507,100.0
ULF: utsatt för hot eller våld i bostad,2017,född i Sverige/utrikes,ÖVR,1.107478917455483,100.0
ULF: utsatt för hot eller våld i bostad,2020,född i Sverige/utrikes,ALLA,1.1504160926070435,100.0
ULF: utsatt för hot eller våld i bostad,2020,född i Sverige/utrikes,C,1.169887116744644,100.0
ULF: utsatt för hot eller våld i bostad,2020,född i Sverige/utrikes,KD,1.157936382627714,100.0
ULF: utsatt för hot eller våld i bostad,2020,född i Sverige/utrikes,L,1.1570551639253885,100.0
ULF: utsatt för hot eller våld i bostad,2020,född i Sverige/utrikes,M,1.1608677473775295,100.0
ULF: utsatt för hot eller våld i bostad,2020,född i Sverige/utrikes,MP,1.1441726446055878,100.0
ULF: utsatt för hot eller våld i bostad,2020,född i Sverige/utrikes,S,1.1314922804760825,100.00000000000001
ULF: utsatt för hot eller våld i bostad,2020,född i Sverige/utrikes,SD,1.1649768810069192,100.00000000000001
ULF: utsatt för hot eller våld i bostad,2020,född i Sverige/utrikes,V,1.1446844217255503,100.0
ULF: utsatt för hot eller våld i bostad,2020,född i Sverige/utrikes,ÖVR,1.2,100.0
ULF: utsatt för hot eller våld i bostad,2021,född i Sverige/utrikes,ALLA,1.4761418946056244,100.0
ULF: utsatt för hot eller våld i bostad,2021,född i Sverige/utrikes,C,1.463769281622907,100.0
ULF: utsatt för hot eller våld i bostad,2021,född i Sverige/utrikes,KD,1.4550962400684948,100.00000000000001
ULF: utsatt för hot eller våld i bostad,2021,född i Sverige/utrikes,L,1.4250695521085575,99.99999999999999
ULF: utsatt för hot eller våld i bostad,2021,född i Sverige/utrikes,M,1.446922285526334,100.0
ULF: utsatt för hot eller våld i bostad,2021,född i Sverige/utrikes,MP,1.4676980447356016,100.00000000000001
ULF: utsatt för hot eller våld i bostad,2021,född i Sverige/utrikes,S,1.5131657682901574,100.0
ULF: utsatt för hot eller våld i bostad,2021,född i Sverige/utrikes,SD,1.4694461976384376,100.0
ULF: utsatt för hot eller våld i bostad,2021,född i Sverige/utrikes,V,1.4871116394080526,100.00000000000001
ULF: utsatt för hot eller våld i bostad,2021,född i Sverige/utrikes,ÖVR,1.4,100.0
ULF: utsatt för hot eller våld i bostad,2024,född i Sverige/utrikes,ALLA,1.294086851267565,100.0
ULF: utsatt för hot eller våld i bostad,2024,född i Sverige/utrikes,C,1.2368499526186378,100.0
ULF: utsatt för hot eller våld i bostad,2024,född i Sverige/utrikes,KD,1.2740946162696458,100.0
ULF: utsatt för hot eller våld i bostad,2024,född i Sverige/utrikes,L,1.2474295015051124,100.0
ULF: utsatt för hot eller våld i bostad,2024,född i Sverige/utrikes,M,1.2763768314311168,100.00000000000001
ULF: utsatt för hot eller våld i bostad,2024,född i Sverige/utrikes,MP,1.2535813655551462,100.00000000000001
ULF: utsatt för hot eller våld i bostad,2024,född i Sverige/utrikes,S,1.327747991059952,100.0
ULF: utsatt för hot eller våld i bostad,2024,född i Sverige/utrikes,SD,1.2601383148912644,100.0
ULF: utsatt för hot eller våld i bostad,2024,född i Sverige/utrikes,V,1.3634444888822945,100.00000000000001
ULF: utsatt för hot eller våld i bostad,2024,född i Sverige/utrikes,ÖVR,1.264900885591778,100.0
ULF: utsatt för hot eller våld på allmän plats,2009,född i Sverige/utrikes,ALLA,3.460612925595379,100.0
ULF: utsatt för hot eller våld på allmän plats,2009,född i Sverige/utrikes,C,3.4195975237382537,100.0
ULF: utsatt för hot eller våld på allmän plats,2009,född i Sverige/utrikes,KD,3.4560136567805135,99.99999999999999
ULF: utsatt för hot eller våld på allmän plats,2009,född i Sverige/utrikes,L,3.4518194926000474,100.00000000000001
ULF: utsatt för hot eller våld på allmän plats,2009,född i Sverige/utrikes,M,3.4456601850095256,100.0
ULF: utsatt för hot eller våld på allmän plats,2009,född i Sverige/utrikes,MP,3.4515373495103847,100.0
ULF: utsatt för hot eller våld på allmän plats,2009,född i Sverige/utrikes,S,3.480748202354558,100.0
ULF: utsatt för hot eller våld på allmän plats,2009,född i Sverige/utrikes,V,3.474942166522483,100.0
ULF: utsatt för hot eller våld på allmän plats,2009,född i Sverige/utrikes,ÖVR,3.4377404115529258,99.99999999999999
ULF: utsatt för hot eller våld på allmän plats,2011,född i Sverige/utrikes,ALLA,3.2783995572412032,100.0
ULF: utsatt för hot eller våld på allmän plats,2011,född i Sverige/utrikes,C,3.3,100.0
ULF: utsatt för hot eller våld på allmän plats,2011,född i Sverige/utrikes,KD,3.283649891161079,99.99999999999999
ULF: utsatt för hot eller våld på allmän plats,2011,född i Sverige/utrikes,L,3.284953998929049,100.0
ULF: utsatt för hot eller våld på allmän plats,2011,född i Sverige/utrikes,M,3.2830513093947373,100.0
ULF: utsatt för hot eller våld på allmän plats,2011,född i Sverige/utrikes,MP,3.2755006401869458,100.0
ULF: utsatt för hot eller våld på allmän plats,2011,född i Sverige/utrikes,S,3.268566320330144,100.0
ULF: utsatt för hot eller våld på allmän plats,2011,född i Sverige/utrikes,SD,3.291100661552044,100.0
ULF: utsatt för hot eller våld på allmän plats,2011,född i Sverige/utrikes,V,3.2815508254479995,99.99999999999999
ULF: utsatt för hot eller våld på allmän plats,2011,född i Sverige/utrikes,ÖVR,3.276929650019061,100.0
ULF: utsatt för hot eller våld på allmän plats,2013,född i Sverige/utrikes,ALLA,2.575349838306832,99.99999999999999
ULF: utsatt för hot eller våld på allmän plats,2013,född i Sverige/utrikes,C,2.595600489856143,100.0
ULF: utsatt för hot eller våld på allmän plats,2013,född i Sverige/utrikes,KD,2.5935556492936365,100.0
ULF: utsatt för hot eller våld på allmän plats,2013,född i Sverige/utrikes,L,2.585553189669367,100.0
ULF: utsatt för hot eller våld på allmän plats,2013,född i Sverige/utrikes,M,2.5816906558617654,100.0
ULF: utsatt för hot eller våld på allmän plats,2013,född i Sverige/utrikes,MP,2.5776963980990293,100.0
ULF: utsatt för hot eller våld på allmän plats,2013,född i Sverige/utrikes,S,2.566078448124438,100.0
ULF: utsatt för hot eller våld på allmän plats,2013,född i Sverige/utrikes,SD,2.5853646749297816,100.0
ULF: utsatt för hot eller våld på allmän plats,2013,född i Sverige/utrikes,V,2.5569851196131395,100.0
ULF: utsatt för hot eller våld på allmän plats,2013,född i Sverige/utrikes,ÖVR,2.560164876382259,100.00000000000001
ULF: utsatt för hot eller våld på allmän plats,2017,född i Sverige/utrikes,ALLA,2.8138019767353395,100.00000000000001
ULF: utsatt för hot eller våld på allmän plats,2017,född i Sverige/utrikes,C,2.8760512049441678,99.99999999999999
ULF: utsatt för hot eller våld på allmän plats,2017,född i Sverige/utrikes,KD,2.8293003909465595,100.0
ULF: utsatt för hot eller våld på allmän plats,2017,född i Sverige/utrikes,L,2.829848790740502,100.00000000000001
ULF: utsatt för hot eller våld på allmän plats,2017,född i Sverige/utrikes,M,2.8231987997036248,100.0
ULF: utsatt för hot eller våld på allmän plats,2017,född i Sverige/utrikes,MP,2.7687767819830946,100.0
ULF: utsatt för hot eller våld på allmän plats,2017,född i Sverige/utrikes,S,2.7821544185190508,99.99999999999999
ULF: utsatt för hot eller våld på allmän plats,2017,född i Sverige/utrikes,SD,2.837491546199821,100.0
ULF: utsatt för hot eller våld på allmän plats,2017,född i Sverige/utrikes,V,2.801458049370493,100.0
ULF: utsatt för hot eller våld på allmän plats,2017,född i Sverige/utrikes,ÖVR,2.792521082544517,100.0
ULF: utsatt för hot eller våld på allmän plats,2020,född i Sverige/utrikes,ALLA,2.5487517221788694,100.0
ULF: utsatt för hot eller våld på allmän plats,2020,född i Sverige/utrikes,C,2.490338649766068,100.0
ULF: utsatt för hot eller våld på allmän plats,2020,född i Sverige/utrikes,KD,2.526190852116858,100.0
ULF: utsatt för hot eller våld på allmän plats,2020,född i Sverige/utrikes,L,2.5288345082238344,100.0
ULF: utsatt för hot eller våld på allmän plats,2020,född i Sverige/utrikes,M,2.5173967578674112,100.0
ULF: utsatt för hot eller våld på allmän plats,2020,född i Sverige/utrikes,MP,2.5674820661832367,100.0
ULF: utsatt för hot eller våld på allmän plats,2020,född i Sverige/utrikes,S,2.605523158571752,100.00000000000001
ULF: utsatt för hot eller våld på allmän plats,2020,född i Sverige/utrikes,SD,2.5050693569792415,100.00000000000001
ULF: utsatt för hot eller våld på allmän plats,2020,född i Sverige/utrikes,V,2.5659467348233496,100.0
ULF: utsatt för hot eller våld på allmän plats,2020,född i Sverige/utrikes,ÖVR,2.4,100.0
ULF: utsatt för hot eller våld på allmän plats,2021,född i Sverige/utrikes,ALLA,2.0253806315352083,100.0
ULF: utsatt för hot eller våld på allmän plats,2021,född i Sverige/utrikes,C,2.0212564272076357,100.0
ULF: utsatt för hot eller våld på allmän plats,2021,född i Sverige/utrikes,KD,2.018365413356165,100.00000000000001
ULF: utsatt för hot eller våld på allmän plats,2021,född i Sverige/utrikes,L,2.0083565173695193,99.99999999999999
ULF: utsatt för hot eller våld på allmän plats,2021,född i Sverige/utrikes,M,2.0156407618421115,100.0
ULF: utsatt för hot eller våld på allmän plats,2021,född i Sverige/utrikes,MP,2.022566014911867,100.00000000000001
ULF: utsatt för hot eller våld på allmän plats,2021,född i Sverige/utrikes,S,2.037721922763386,100.0
ULF: utsatt för hot eller våld på allmän plats,2021,född i Sverige/utrikes,SD,2.023148732546146,100.0
ULF: utsatt för hot eller våld på allmän plats,2021,född i Sverige/utrikes,V,2.0290372131360175,100.00000000000001
ULF: utsatt för hot eller våld på allmän plats,2021,född i Sverige/utrikes,ÖVR,2.0,100.0
ULF: utsatt för hot eller våld på allmän plats,2024,född i Sverige/utrikes,ALLA,2.3940868512675646,100.0
ULF: utsatt för hot eller våld på allmän plats,2024,född i Sverige/utrikes,C,2.3368499526186377,100.0
ULF: utsatt för hot eller våld på allmän plats,2024,född i Sverige/utrikes,KD,2.3740946162696455,100.0
ULF: utsatt för hot eller våld på allmän plats,2024,född i Sverige/utrikes,L,2.3474295015051125,100.0
ULF: utsatt för hot eller våld på allmän plats,2024,född i Sverige/utrikes,M,2.376376831431117,100.00000000000001
ULF: utsatt för hot eller våld på allmän plats,2024,född i Sverige/utrikes,MP,2.3535813655551463,100.00000000000001
ULF: utsatt för hot eller våld på allmän plats,2024,född i Sverige/utrikes,S,2.4277479910599515,100.0
ULF: utsatt för hot eller våld på allmän plats,2024,född i Sverige/utrikes,SD,2.3601383148912642,100.0
ULF: utsatt för hot eller våld på allmän plats,2024,född i Sverige/utrikes,V,2.463444488882294,100.00000000000001
ULF: utsatt för hot eller våld på allmän plats,2024,född i Sverige/utrikes,ÖVR,2.364900885591778,100.0
ULF: utsatt för våld,2009,född i Sverige/utrikes,ALLA,3.7454596941965344,100.0
ULF: utsatt för våld,2009,född i Sverige/utrikes,C,3.7146981428036914,100.0
ULF: utsatt för våld,2009,född i Sverige/utrikes,KD,3.7420102425853856,99.99999999999999
ULF: utsatt för våld,2009,född i Sverige/utrikes,L,3.738864619450036,100.00000000000001
ULF: utsatt för våld,2009,född i Sverige/utrikes,M,3.7342451387571445,100.0
ULF: utsatt för våld,2009,född i Sverige/utrikes,MP,3.7386530121327888,100.0
ULF: utsatt för våld,2009,född i Sverige/utrikes,S,3.760561151765919,100.0
ULF: utsatt för våld,2009,född i Sverige/utrikes,V,3.756206624891862,100.0
ULF: utsatt för våld,2009,född i Sverige/utrikes,ÖVR,3.728305308664694,99.99999999999999
ULF: utsatt för våld,2011,född i Sverige/utrikes,ALLA,3.845998893103008,100.0
ULF: utsatt för våld,2011,född i Sverige/utrikes,C,3.9,100.0
ULF: utsatt för våld,2011,född i Sverige/utrikes,KD,3.8591247279026986,99.99999999999999
ULF: utsatt för våld,2011,född i Sverige/utrikes,L,3.862384997322623,100.0
ULF: utsatt för våld,2011,född i Sverige/utrikes,M,3.8576282734868426,100.0
ULF: utsatt för våld,2011,född i Sverige/utrikes,MP,3.8387516004673654,100.0
ULF: utsatt för våld,2011,född i Sverige/utrikes,S,3.8214158008253607,100.0
ULF: utsatt för våld,2011,född i Sverige/utrikes,SD,3.8777516538801087,100.0
ULF: utsatt för våld,2011,född i Sverige/utrikes,V,3.853877063619999,99.99999999999999
ULF: utsatt för våld,2011,född i Sverige/utrikes,ÖVR,3.842324125047652,100.0
ULF: utsatt för våld,2013,född i Sverige/utrikes,ALLA,3.2506996766136638,99.99999999999999
ULF: utsatt för våld,2013,född i Sverige/utrikes,C,3.2912009797122845,100.0
ULF: utsatt för våld,2013,född i Sverige/utrikes,KD,3.2871112985872726,100.0
ULF: utsatt för våld,2013,född i Sverige/utrikes,L,3.271106379338734,100.0
ULF: utsatt för våld,2013,född i Sverige/utrikes,M,3.263381311723531,100.0
ULF: utsatt för våld,2013,född i Sverige/utrikes,MP,3.2553927961980578,100.0
ULF: utsatt för våld,2013,född i Sverige/utrikes,S,3.232156896248877,100.0
ULF: utsatt för våld,2013,född i Sverige/utrikes,SD,3.2707293498595624,100.0
ULF: utsatt för våld,2013,född i Sverige/utrikes,V,3.2139702392262786,100.0
ULF: utsatt för våld,2013,född i Sverige/utrikes,ÖVR,3.220329752764518,100.00000000000001
ULF: utsatt för våld,2017,född i Sverige/utrikes,ALLA,3.1507439867059084,100.00000000000001
ULF: utsatt för våld,2017,född i Sverige/utrikes,C,3.1863149742538104,99.99999999999999
ULF: utsatt för våld,2017,född i Sverige/utrikes,KD,3.1596002233980345,100.0
ULF: utsatt för våld,2017,född i Sverige/utrikes,L,3.159913594708859,100.00000000000001
ULF: utsatt för våld,2017,född i Sverige/utrikes,M,3.156113599830643,100.0
ULF: utsatt för våld,2017,född i Sverige/utrikes,MP,3.12501530399034,100.0
ULF: utsatt för våld,2017,född i Sverige/utrikes,S,3.1326596677251723,99.99999999999999
ULF: utsatt för våld,2017,född i Sverige/utrikes,SD,3.1642808835427547,100.0
ULF: utsatt för våld,2017,född i Sverige/utrikes,V,3.1436903139259957,100.0
ULF: utsatt för våld,2017,född i Sverige/utrikes,ÖVR,3.1385834757397237,100.0
ULF: utsatt för våld,2020,född i Sverige/utrikes,ALLA,2.8884362083658477,100.0
ULF: utsatt för våld,2020,född i Sverige/utrikes,C,2.9322460126754493,100.0
ULF: utsatt för våld,2020,född i Sverige/utrikes,KD,2.905356860912357,100.0
ULF: utsatt för våld,2020,född i Sverige/utrikes,L,2.9033741188321245,100.0
ULF: utsatt för våld,2020,född i Sverige/utrikes,M,2.9119524315994414,100.0
ULF: utsatt för våld,2020,född i Sverige/utrikes,MP,2.8743884503625723,100.0
ULF: utsatt för våld,2020,född i Sverige/utrikes,S,2.8458576310711856,100.00000000000001
ULF: utsatt för våld,2020,född i Sverige/utrikes,SD,2.9211979822655687,100.00000000000001
ULF: utsatt för våld,2020,född i Sverige/utrikes,V,2.8755399488824884,100.0
ULF: utsatt för våld,2020,född i Sverige/utrikes,ÖVR,3.0,100.0
ULF: utsatt för våld,2021,född i Sverige/utrikes,ALLA,2.538070947302812,100.0
ULF: utsatt för våld,2021,född i Sverige/utrikes,C,2.5318846408114535,100.0
ULF: utsatt för våld,2021,född i Sverige/utrikes,KD,2.527548120034247,100.00000000000001
ULF: utsatt för våld,2021,född i Sverige/utrikes,L,2.512534776054278,99.99999999999999
ULF: utsatt för våld,2021,född i Sverige/utrikes,M,2.5234611427631672,100.0
ULF: utsatt för våld,2021,född i Sverige/utrikes,MP,2.533849022367801,100.00000000000001
ULF: utsatt för våld,2021,född i Sverige/utrikes,S,2.556582884145079,100.0
ULF: utsatt för våld,2021,född i Sverige/utrikes,SD,2.534723098819219,100.0
ULF: utsatt för våld,2021,född i Sverige/utrikes,V,2.5435558197040264,100.00000000000001
ULF: utsatt för våld,2021,född i Sverige/utrikes,ÖVR,2.5,100.0
ULF: utsatt för våld,2024,född i Sverige/utrikes,ALLA,3.0568114187792745,100.0
ULF: utsatt för våld,2024,född i Sverige/utrikes,C,2.9614165876977303,100.0
ULF: utsatt för våld,2024,född i Sverige/utrikes,KD,3.023491027116076,100.0
ULF: utsatt för våld,2024,född i Sverige/utrikes,L,2.9790491691751875,100.0
ULF: utsatt för våld,2024,född i Sverige/utrikes,M,3.0272947190518615,100.00000000000001
ULF: utsatt för våld,2024,född i Sverige/utrikes,MP,2.9893022759252434,100.00000000000001
ULF: utsatt för våld,2024,född i Sverige/utrikes,S,3.112913318433253,100.0
ULF: utsatt för våld,2024,född i Sverige/utrikes,SD,3.0002305248187735,100.0
ULF: utsatt för våld,2024,född i Sverige/utrikes,V,3.1724074814704903,100.00000000000001
ULF: utsatt för våld,2024,född i Sverige/utrikes,ÖVR,3.008168142652963,100.0
ULF: utsatt för våld som krävde vård,2009,född i Sverige/utrikes,ALLA,0.8363790825896024,100.0
ULF: utsatt för våld som krävde vård,2009,född i Sverige/utrikes,C,0.7440944284110722,100.0
ULF: utsatt för våld som krävde vård,2009,född i Sverige/utrikes,KD,0.8260307277561556,99.99999999999999
ULF: utsatt för våld som krävde vård,2009,född i Sverige/utrikes,L,0.8165938583501074,100.00000000000001
ULF: utsatt för våld som krävde vård,2009,född i Sverige/utrikes,M,0.8027354162714332,100.0
ULF: utsatt för våld som krävde vård,2009,född i Sverige/utrikes,MP,0.8159590363983653,100.0
ULF: utsatt för våld som krävde vård,2009,född i Sverige/utrikes,S,0.8816834552977568,100.0
ULF: utsatt för våld som krävde vård,2009,född i Sverige/utrikes,V,0.8686198746755859,100.0
ULF: utsatt för våld som krävde vård,2009,född i Sverige/utrikes,ÖVR,0.7849159259940827,99.99999999999999
ULF: utsatt för våld som krävde vård,2011,född i Sverige/utrikes,ALLA,0.8108002213793983,100.0
ULF: utsatt för våld som krävde vård,2011,född i Sverige/utrikes,C,0.8,100.0
ULF: utsatt för våld som krävde vård,2011,född i Sverige/utrikes,KD,0.8081750544194604,99.99999999999999
ULF: utsatt för våld som krävde vård,2011,född i Sverige/utrikes,L,0.8075230005354755,100.0
ULF: utsatt för våld som krävde vård,2011,född i Sverige/utrikes,M,0.8084743453026313,100.0
ULF: utsatt för våld som krävde vård,2011,född i Sverige/utrikes,MP,0.8122496799065269,100.0
ULF: utsatt för våld som krävde vård,2011,född i Sverige/utrikes,S,0.815716839834928,100.0
ULF: utsatt för våld som krävde vård,2011,född i Sverige/utrikes,SD,0.8044496692239782,100.0
ULF: utsatt för våld som krävde vård,2011,född i Sverige/utrikes,V,0.8092245872760004,99.99999999999999
ULF: utsatt för våld som krävde vård,2011,född i Sverige/utrikes,ÖVR,0.8115351749904697,100.0
ULF: utsatt för våld som krävde vård,2013,född i Sverige/utrikes,ALLA,0.6369752425397522,99.99999999999999
ULF: utsatt för våld som krävde vård,2013,född i Sverige/utrikes,C,0.6065992652157863,100.0
ULF: utsatt för våld som krävde vård,2013,född i Sverige/utrikes,KD,0.6096665260595454,100.0
ULF: utsatt för våld som krävde vård,2013,född i Sverige/utrikes,L,0.6216702154959495,100.0
ULF: utsatt för våld som krävde vård,2013,född i Sverige/utrikes,M,0.6274640162073519,100.0
ULF: utsatt för våld som krävde vård,2013,född i Sverige/utrikes,MP,0.6334554028514566,100.0
ULF: utsatt för våld som krävde vård,2013,född i Sverige/utrikes,S,0.6508823278133423,100.0
ULF: utsatt för våld som krävde vård,2013,född i Sverige/utrikes,SD,0.6219529876053281,100.0
ULF: utsatt för våld som krävde vård,2013,född i Sverige/utrikes,V,0.6645223205802911,100.0
ULF: utsatt för våld som krävde vård,2013,född i Sverige/utrikes,ÖVR,0.6597526854266116,100.00000000000001
ULF: utsatt för våld som krävde vård,2017,född i Sverige/utrikes,ALLA,0.712314003323523,100.00000000000001
ULF: utsatt för våld som krävde vård,2017,född i Sverige/utrikes,C,0.7034212564365475,99.99999999999999
ULF: utsatt för våld som krävde vård,2017,född i Sverige/utrikes,KD,0.7100999441504914,100.0
ULF: utsatt för våld som krävde vård,2017,född i Sverige/utrikes,L,0.7100216013227854,100.00000000000001
ULF: utsatt för våld som krävde vård,2017,född i Sverige/utrikes,M,0.7109716000423394,100.0
ULF: utsatt för våld som krävde vård,2017,född i Sverige/utrikes,MP,0.7187461740024149,100.0
ULF: utsatt för våld som krävde vård,2017,född i Sverige/utrikes,S,0.716835083068707,99.99999999999999
ULF: utsatt för våld som krävde vård,2017,född i Sverige/utrikes,SD,0.7089297791143113,100.0
ULF: utsatt för våld som krävde vård,2017,född i Sverige/utrikes,V,0.7140774215185008,100.0
ULF: utsatt för våld som krävde vård,2017,född i Sverige/utrikes,ÖVR,0.715354131065069,100.0
ULF: utsatt för våld som krävde vård,2020,född i Sverige/utrikes,ALLA,0.6,100.0
ULF: utsatt för våld som krävde vård,2020,född i Sverige/utrikes,C,0.6,100.0
ULF: utsatt för våld som krävde vård,2020,född i Sverige/utrikes,KD,0.6,100.0
ULF: utsatt för våld som krävde vård,2020,född i Sverige/utrikes,L,0.6,100.0
ULF: utsatt för våld som krävde vård,2020,född i Sverige/utrikes,M,0.6,100.0
ULF: utsatt för våld som krävde vård,2020,född i Sverige/utrikes,MP,0.6,100.0
ULF: utsatt för våld som krävde vård,2020,född i Sverige/utrikes,S,0.6,100.00000000000001
ULF: utsatt för våld som krävde vård,2020,född i Sverige/utrikes,SD,0.6,100.00000000000001
ULF: utsatt för våld som krävde vård,2020,född i Sverige/utrikes,V,0.6,100.0
ULF: utsatt för våld som krävde vård,2020,född i Sverige/utrikes,ÖVR,0.6,100.0
ULF: utsatt för våld som krävde vård,2021,född i Sverige/utrikes,ALLA,0.4888322103732288,100.0
ULF: utsatt för våld som krävde vård,2021,född i Sverige/utrikes,C,0.4743974952267253,100.0
ULF: utsatt för våld som krävde vård,2021,född i Sverige/utrikes,KD,0.4642789467465772,100.00000000000001
ULF: utsatt för våld som krävde vård,2021,född i Sverige/utrikes,L,0.42924781079331703,99.99999999999999
ULF: utsatt för våld som krävde vård,2021,född i Sverige/utrikes,M,0.4547426664473896,100.0
ULF: utsatt för våld som krävde vård,2021,född i Sverige/utrikes,MP,0.4789810521915355,100.00000000000001
ULF: utsatt för våld som krävde vård,2021,född i Sverige/utrikes,S,0.5320267296718505,100.0
ULF: utsatt för våld som krävde vård,2021,född i Sverige/utrikes,SD,0.4810205639115108,100.0
ULF: utsatt för våld som krävde vård,2021,född i Sverige/utrikes,V,0.5016302459760615,100.00000000000001
ULF: utsatt för våld som krävde vård,2021,född i Sverige/utrikes,ÖVR,0.4,100.0
ULF: utsatt för våld som krävde vård,2024,född i Sverige/utrikes,ALLA,0.972492560657202,100.0
ULF: utsatt för våld som krävde vård,2024,född i Sverige/utrikes,C,0.867558246467503,100.0
ULF: utsatt för våld som krävde vård,2024,född i Sverige/utrikes,KD,0.9358401298276839,100.0
ULF: utsatt för våld som krävde vård,2024,född i Sverige/utrikes,L,0.8869540860927061,100.0
ULF: utsatt för våld som krävde vård,2024,född i Sverige/utrikes,M,0.9400241909570475,100.00000000000001
ULF: utsatt för våld som krävde vård,2024,född i Sverige/utrikes,MP,0.8982325035177682,100.00000000000001
ULF: utsatt för våld som krävde vård,2024,född i Sverige/utrikes,S,1.0342046502765785,100.0
ULF: utsatt för våld som krävde vård,2024,född i Sverige/utrikes,SD,0.9102535773006513,100.0
ULF: utsatt för våld som krävde vård,2024,född i Sverige/utrikes,V,1.0996482296175398,100.00000000000001
ULF: utsatt för våld som krävde vård,2024,född i Sverige/utrikes,ÖVR,0.9189849569182599,100.0
ULF: avstått från att gå ut,2009,inkomst (kvintil),ALLA,14.283194810958543,96.9733144624635
ULF: avstått från att gå ut,2009,inkomst (kvintil),C,14.731498817938135,99.19335880885102
ULF: avstått från att gå ut,2009,inkomst (kvintil),KD,14.420038605400368,98.85341992206403
ULF: avstått från att gå ut,2009,inkomst (kvintil),L,13.936789854817384,95.96260703243705
ULF: avstått från att gå ut,2009,inkomst (kvintil),M,13.828089634233818,97.90856678806277
ULF: avstått från att gå ut,2009,inkomst (kvintil),MP,14.786267129508222,95.87558479536024
ULF: avstått från att gå ut,2009,inkomst (kvintil),S,14.446718942540466,96.77422114887564
ULF: avstått från att gå ut,2009,inkomst (kvintil),V,14.395631657668263,96.2142124855021
ULF: avstått från att gå ut,2009,inkomst (kvintil),ÖVR,14.913202451143986,92.65846817208623
ULF: avstått från att gå ut,2011,inkomst (kvintil),ALLA,12.29357892281043,96.33938183728952
ULF: avstått från att gå ut,2011,inkomst (kvintil),C,12.91632087945152,97.87611266941202
ULF: avstått från att gå ut,2011,inkomst (kvintil),KD,12.060726795526092,100.00000000000001
ULF: avstått från att gå ut,2011,inkomst (kvintil),L,11.78042267978036,97.22359364995398
ULF: avstått från att gå ut,2011,inkomst (kvintil),M,11.372540151345424,97.00264608242105
ULF: avstått från att gå ut,2011,inkomst (kvintil),MP,13.12080120293669,93.28567026972588
ULF: avstått från att gå ut,2011,inkomst (kvintil),S,12.692970799104245,96.56456301167802
ULF: avstått från att gå ut,2011,inkomst (kvintil),SD,13.023622243335698,94.84717267938044
ULF: avstått från att gå ut,2011,inkomst (kvintil),V,12.897679561647493,94.95619983288151
ULF: avstått från att gå ut,2011,inkomst (kvintil),ÖVR,14.506820704110478,91.98693940393805
ULF: avstått från att gå ut,2013,inkomst (kvintil),ALLA,10.509570500816295,97.0936960523259
ULF: avstått från att gå ut,2013,inkomst (kvintil),C,11.109468194134113,100.0
ULF: avstått från att gå ut,2013,inkomst (kvintil),KD,10.643603849412385,100.0
ULF: avstått från att gå ut,2013,inkomst (kvintil),L,9.884433395137945,95.9533634573274
ULF: avstått från att gå ut,2013,inkomst (kvintil),M,9.853118239308856,97.34022017035645
ULF: avstått från att gå ut,2013,inkomst (kvintil),MP,11.194747956709024,95.8802297435411
ULF: avstått från att gå ut,2013,inkomst (kvintil),S,10.719598924222616,97.85270570697872
ULF: avstått från att gå ut,2013,inkomst (kvintil),SD,10.610365749189105,94.8169516376166
ULF: avstått från att gå ut,2013,inkomst (kvintil),V,10.730883264329066,95.22518839385583
ULF: avstått från att gå ut,2013,inkomst (kvintil),ÖVR,12.503917114513563,100.0
ULF: avstått från att gå ut,2017,inkomst (kvintil),ALLA,15.262209068939976,100.0
ULF: avstått från att gå ut,2017,inkomst (kvintil),C,15.283215243221303,100.0
ULF: avstått från att gå ut,2017,inkomst (kvintil),KD,15.385120596458938,100.0
ULF: avstått från att gå ut,2017,inkomst (kvintil),L,15.18588558363928,99.99999999999999
ULF: avstått från att gå ut,2017,inkomst (kvintil),M,14.636710649597783,100.0
ULF: avstått från att gå ut,2017,inkomst (kvintil),MP,15.385006653214433,100.0
ULF: avstått från att gå ut,2017,inkomst (kvintil),S,15.406387755433084,100.0
ULF: avstått från att gå ut,2017,inkomst (kvintil),SD,15.344812585923721,100.00000000000001
ULF: avstått från att gå ut,2017,inkomst (kvintil),V,15.51405699492826,100.0
ULF: avstått från att gå ut,2017,inkomst (kvintil),ÖVR,16.741851237312794,100.0
ULF: avstått från att gå ut,2020,inkomst (kvintil),ALLA,15.82255305128566,100.0
ULF: avstått från att gå ut,2020,inkomst (kvintil),C,15.898168137393853,100.00000000000001
ULF: avstått från att gå ut,2020,inkomst (kvintil),KD,15.643640872581097,100.0
ULF: avstått från att gå ut,2020,inkomst (kvintil),L,15.60834794162169,100.0
ULF: avstått från att gå ut,2020,inkomst (kvintil),M,15.364073965706334,100.0
ULF: avstått från att gå ut,2020,inkomst (kvintil),MP,16.292146992855532,100.0
ULF: avstått från att gå ut,2020,inkomst (kvintil),S,15.969054351107705,100.0
ULF: avstått från att gå ut,2020,inkomst (kvintil),SD,15.727663694807559,100.0
ULF: avstått från att gå ut,2020,inkomst (kvintil),V,16.43296456458504,100.0
ULF: avstått från att gå ut,2020,inkomst (kvintil),ÖVR,16.39760812203269,100.0
ULF: avstått från att gå ut,2021,inkomst (kvintil),ALLA,16.930594633518023,100.00000000000001
ULF: avstått från att gå ut,2021,inkomst (kvintil),C,16.4948256904432,100.0
ULF: avstått från att gå ut,2021,inkomst (kvintil),KD,17.300125439864292,100.0
ULF: avstått från att gå ut,2021,inkomst (kvintil),L,16.028093479929957,100.0
ULF: avstått från att gå ut,2021,inkomst (kvintil),M,16.04089209693082,99.99999999999999
ULF: avstått från att gå ut,2021,inkomst (kvintil),MP,16.929200561288486,100.0
ULF: avstått från att gå ut,2021,inkomst (kvintil),S,17.49384416876422,100.0
ULF: avstått från att gå ut,2021,inkomst (kvintil),SD,16.869073272408542,100.0
ULF: avstått från att gå ut,2021,inkomst (kvintil),V,17.767736584979765,100.0
ULF: avstått från att gå ut,2021,inkomst (kvintil),ÖVR,17.65656956434163,100.0
ULF: avstått från att gå ut,2022,inkomst (kvintil),ALLA,18.242691687789517,100.0
ULF: avstått från att gå ut,2022,inkomst (kvintil),C,17.838574623519765,100.0
ULF: avstått från att gå ut,2022,inkomst (kvintil),KD,18.210876525227544,100.0
ULF: avstått från att gå ut,2022,inkomst (kvintil),L,17.777298191968697,100.0
ULF: avstått från att gå ut,2022,inkomst (kvintil),M,17.670908662909223,99.99999999999999
ULF: avstått från att gå ut,2022,inkomst (kvintil),MP,17.82972678806903,100.00000000000001
ULF: avstått från att gå ut,2022,inkomst (kvintil),S,18.70274865366482,100.0
ULF: avstått från att gå ut,2022,inkomst (kvintil),SD,18.068790430753403,100.0
ULF: avstått från att gå ut,2022,inkomst (kvintil),V,18.804496105250244,100.0
ULF: avstått från att gå ut,2022,inkomst (kvintil),ÖVR,18.81762891999465,100.0
ULF: avstått från att gå ut,2023,inkomst (kvintil),ALLA,17.488117535991638,100.0
ULF: avstått från att gå ut,2023,inkomst (kvintil),C,17.076270552915606,100.0
ULF: avstått från att gå ut,2023,inkomst (kvintil),KD,17.858970648310443,100.0
ULF: avstått från att gå ut,2023,inkomst (kvintil),L,16.449396563862237,100.0
ULF: avstått från att gå ut,2023,inkomst (kvintil),M,16.702628260530954,100.0
ULF: avstått från att gå ut,2023,inkomst (kvintil),MP,17.71571677393181,100.0
ULF: avstått från att gå ut,2023,inkomst (kvintil),S,17.777827472041164,100.0
ULF: avstått från att gå ut,2023,inkomst (kvintil),SD,17.502286230411652,100.0
ULF: avstått från att gå ut,2023,inkomst (kvintil),V,18.356291098785917,100.0
ULF: avstått från att gå ut,2023,inkomst (kvintil),ÖVR,18.235093372871994,100.0
ULF: avstått från att gå ut,2024,inkomst (kvintil),ALLA,17.630218185437226,100.0
ULF: avstått från att gå ut,2024,inkomst (kvintil),C,17.33738571771467,100.0
ULF: avstått från att gå ut,2024,inkomst (kvintil),KD,17.880071054800965,100.0
ULF: avstått från att gå ut,2024,inkomst (kvintil),L,16.772215372079646,100.0
ULF: avstått från att gå ut,2024,inkomst (kvintil),M,16.88841166549103,100.0
ULF: avstått från att gå ut,2024,inkomst (kvintil),MP,17.753514932315724,100.0
ULF: avstått från att gå ut,2024,inkomst (kvintil),S,17.893474917193835,100.0
ULF: avstått från att gå ut,2024,inkomst (kvintil),SD,17.77095183174412,100.0
ULF: avstått från att gå ut,2024,inkomst (kvintil),V,18.20980840332524,99.99999999999999
ULF: avstått från att gå ut,2024,inkomst (kvintil),ÖVR,18.104134598806496,100.0
ULF: avstått från att gå ut,2025,inkomst (kvintil),ALLA,17.610900612330187,100.0
ULF: avstått från att gå ut,2025,inkomst (kvintil),C,16.98680299137504,100.0
ULF: avstått från att gå ut,2025,inkomst (kvintil),KD,17.33979796402927,100.00000000000001
ULF: avstått från att gå ut,2025,inkomst (kvintil),L,16.704212607750154,100.0
ULF: avstått från att gå ut,2025,inkomst (kvintil),M,17.02016467462273,100.0
ULF: avstått från att gå ut,2025,inkomst (kvintil),MP,17.949487370160913,100.0
ULF: avstått från att gå ut,2025,inkomst (kvintil),S,17.828777852202276,100.0
ULF: avstått från att gå ut,2025,inkomst (kvintil),SD,17.861741058193164,100.0
ULF: avstått från att gå ut,2025,inkomst (kvintil),V,18.101628495756284,100.0
ULF: avstått från att gå ut,2025,inkomst (kvintil),ÖVR,17.679675509187984,100.0
ULF: orolig för hushållets ekonomi,2009,inkomst (kvintil),ALLA,24.23751434935165,96.9733144624635
ULF: orolig för hushållets ekonomi,2009,inkomst (kvintil),C,26.037008727797875,99.19335880885102
ULF: orolig för hushållets ekonomi,2009,inkomst (kvintil),KD,24.779820542286803,98.85341992206403
ULF: orolig för hushållets ekonomi,2009,inkomst (kvintil),L,22.49537442535121,95.96260703243705
ULF: orolig för hushållets ekonomi,2009,inkomst (kvintil),M,21.980218629214782,97.90856678806277
ULF: orolig för hushållets ekonomi,2009,inkomst (kvintil),MP,26.47963771291191,95.87558479536024
ULF: orolig för hushållets ekonomi,2009,inkomst (kvintil),S,25.14820945165019,96.77422114887564
ULF: orolig för hushållets ekonomi,2009,inkomst (kvintil),V,25.311516518102966,96.2142124855021
ULF: orolig för hushållets ekonomi,2009,inkomst (kvintil),ÖVR,26.87639554353208,92.65846817208623
ULF: orolig för hushållets ekonomi,2011,inkomst (kvintil),ALLA,22.368341791264598,96.33938183728952
ULF: orolig för hushållets ekonomi,2011,inkomst (kvintil),C,23.783106492893573,97.87611266941202
ULF: orolig för hushållets ekonomi,2011,inkomst (kvintil),KD,21.9607696577137,100.00000000000001
ULF: orolig för hushållets ekonomi,2011,inkomst (kvintil),L,20.178199739436295,97.22359364995398
ULF: orolig för hushållets ekonomi,2011,inkomst (kvintil),M,19.43949536419554,97.00264608242105
ULF: orolig för hushållets ekonomi,2011,inkomst (kvintil),MP,24.194285923061745,93.28567026972588
ULF: orolig för hushållets ekonomi,2011,inkomst (kvintil),S,24.058270023414227,96.56456301167802
ULF: orolig för hushållets ekonomi,2011,inkomst (kvintil),SD,24.528566831601317,94.84717267938044
ULF: orolig för hushållets ekonomi,2011,inkomst (kvintil),V,24.12781662799368,94.95619983288151
ULF: orolig för hushållets ekonomi,2011,inkomst (kvintil),ÖVR,28.4905850678492,91.98693940393805
ULF: orolig för hushållets ekonomi,2017,inkomst (kvintil),ALLA,17.98121570580696,100.0
ULF: orolig för hushållets ekonomi,2017,inkomst (kvintil),C,18.06170596419616,100.0
ULF: orolig för hushållets ekonomi,2017,inkomst (kvintil),KD,18.698877920886776,100.0
ULF: orolig för hushållets ekonomi,2017,inkomst (kvintil),L,17.940728867303893,99.99999999999999
ULF: orolig för hushållets ekonomi,2017,inkomst (kvintil),M,15.844940631904926,100.0
ULF: orolig för hushållets ekonomi,2017,inkomst (kvintil),MP,18.821715616248405,100.0
ULF: orolig för hushållets ekonomi,2017,inkomst (kvintil),S,18.399009583593735,100.0
ULF: orolig för hushållets ekonomi,2017,inkomst (kvintil),SD,18.0795563463599,100.00000000000001
ULF: orolig för hushållets ekonomi,2017,inkomst (kvintil),V,18.800232747443797,100.0
ULF: orolig för hushållets ekonomi,2017,inkomst (kvintil),ÖVR,23.710287813618702,100.0
ULF: orolig för hushållets ekonomi,2020,inkomst (kvintil),ALLA,20.875633087222084,100.0
ULF: orolig för hushållets ekonomi,2020,inkomst (kvintil),C,21.339382398855633,100.00000000000001
ULF: orolig för hushållets ekonomi,2020,inkomst (kvintil),KD,20.01660652779803,100.0
ULF: orolig för hushållets ekonomi,2020,inkomst (kvintil),L,20.102613322483695,100.0
ULF: orolig för hushållets ekonomi,2020,inkomst (kvintil),M,19.004453651550367,100.0
ULF: orolig för hushållets ekonomi,2020,inkomst (kvintil),MP,23.216965128163064,100.0
ULF: orolig för hushållets ekonomi,2020,inkomst (kvintil),S,21.407311713358858,100.0
ULF: orolig för hushållets ekonomi,2020,inkomst (kvintil),SD,20.29215122639233,100.0
ULF: orolig för hushållets ekonomi,2020,inkomst (kvintil),V,23.683698914446367,100.0
ULF: orolig för hushållets ekonomi,2020,inkomst (kvintil),ÖVR,23.45621569442021,100.0
ULF: orolig för hushållets ekonomi,2021,inkomst (kvintil),ALLA,18.501213062445856,100.00000000000001
ULF: orolig för hushållets ekonomi,2021,inkomst (kvintil),C,17.55368360284258,100.0
ULF: orolig för hushållets ekonomi,2021,inkomst (kvintil),KD,19.664083382207647,100.0
ULF: orolig för hushållets ekonomi,2021,inkomst (kvintil),L,16.258151832158358,100.0
ULF: orolig för hushållets ekonomi,2021,inkomst (kvintil),M,16.154196954308674,99.99999999999999
ULF: orolig för hushållets ekonomi,2021,inkomst (kvintil),MP,18.826643182555074,100.0
ULF: orolig för hushållets ekonomi,2021,inkomst (kvintil),S,19.726729985522024,100.0
ULF: orolig för hushållets ekonomi,2021,inkomst (kvintil),SD,17.99867108049042,100.0
ULF: orolig för hushållets ekonomi,2021,inkomst (kvintil),V,21.77452765880309,100.0
ULF: orolig för hushållets ekonomi,2021,inkomst (kvintil),ÖVR,20.832681846695614,100.0
ULF: orolig för hushållets ekonomi,2022,inkomst (kvintil),ALLA,25.974085331245334,100.0
ULF: orolig för hushållets ekonomi,2022,inkomst (kvintil),C,24.65974735382196,100.0
ULF: orolig för hushållets ekonomi,2022,inkomst (kvintil),KD,25.925941208793656,100.0
ULF: orolig för hushållets ekonomi,2022,inkomst (kvintil),L,24.342208853286493,100.0
ULF: orolig för hushållets ekonomi,2022,inkomst (kvintil),M,24.256886828234414,99.99999999999999
ULF: orolig för hushållets ekonomi,2022,inkomst (kvintil),MP,25.78997428772951,100.00000000000001
ULF: orolig för hushållets ekonomi,2022,inkomst (kvintil),S,27.129797053391485,100.0
ULF: orolig för hushållets ekonomi,2022,inkomst (kvintil),SD,25.64606998168116,100.0
ULF: orolig för hushållets ekonomi,2022,inkomst (kvintil),V,27.738611579275325,100.0
ULF: orolig för hushållets ekonomi,2022,inkomst (kvintil),ÖVR,28.367496693582417,100.0
ULF: orolig för hushållets ekonomi,2023,inkomst (kvintil),ALLA,34.56813993786486,100.0
ULF: orolig för hushållets ekonomi,2023,inkomst (kvintil),C,33.46898068894241,100.0
ULF: orolig för hushållets ekonomi,2023,inkomst (kvintil),KD,36.174764342273804,100.0
ULF: orolig för hushållets ekonomi,2023,inkomst (kvintil),L,31.94090885166676,100.0
ULF: orolig för hushållets ekonomi,2023,inkomst (kvintil),M,32.3978111530938,100.0
ULF: orolig för hushållets ekonomi,2023,inkomst (kvintil),MP,35.042179829223905,100.0
ULF: orolig för hushållets ekonomi,2023,inkomst (kvintil),S,35.286561497979484,100.0
ULF: orolig för hushållets ekonomi,2023,inkomst (kvintil),SD,34.60765086374902,100.0
ULF: orolig för hushållets ekonomi,2023,inkomst (kvintil),V,37.054463650068534,100.0
ULF: orolig för hushållets ekonomi,2023,inkomst (kvintil),ÖVR,36.40248561272727,100.0
ULF: orolig för hushållets ekonomi,2024,inkomst (kvintil),ALLA,31.321865356190745,100.0
ULF: orolig för hushållets ekonomi,2024,inkomst (kvintil),C,29.97638847833395,100.0
ULF: orolig för hushållets ekonomi,2024,inkomst (kvintil),KD,32.55048520097126,100.0
ULF: orolig för hushållets ekonomi,2024,inkomst (kvintil),L,28.53663756376009,100.0
ULF: orolig för hushållets ekonomi,2024,inkomst (kvintil),M,29.37126378110952,100.0
ULF: orolig för hushållets ekonomi,2024,inkomst (kvintil),MP,31.730162484864522,100.0
ULF: orolig för hushållets ekonomi,2024,inkomst (kvintil),S,31.852222759002323,100.0
ULF: orolig för hushållets ekonomi,2024,inkomst (kvintil),SD,31.672613593275308,100.0
ULF: orolig för hushållets ekonomi,2024,inkomst (kvintil),V,33.409678500356065,99.99999999999999
ULF: orolig för hushållets ekonomi,2024,inkomst (kvintil),ÖVR,34.01587344977815,100.0
ULF: orolig för hushållets ekonomi,2025,inkomst (kvintil),ALLA,30.574820083628143,100.0
ULF: orolig för hushållets ekonomi,2025,inkomst (kvintil),C,28.084424714205785,100.0
ULF: orolig för hushållets ekonomi,2025,inkomst (kvintil),KD,29.66323594605722,100.00000000000001
ULF: orolig för hushållets ekonomi,2025,inkomst (kvintil),L,27.152665887619765,100.0
ULF: orolig för hushållets ekonomi,2025,inkomst (kvintil),M,28.192141942170803,100.0
ULF: orolig för hushållets ekonomi,2025,inkomst (kvintil),MP,31.99290501684188,100.0
ULF: orolig för hushållets ekonomi,2025,inkomst (kvintil),S,31.3103246203827,100.0
ULF: orolig för hushållets ekonomi,2025,inkomst (kvintil),SD,31.56653003361849,100.0
ULF: orolig för hushållets ekonomi,2025,inkomst (kvintil),V,32.838106729600646,100.0
ULF: orolig för hushållets ekonomi,2025,inkomst (kvintil),ÖVR,31.5808026631011,100.0
ULF: utsatt för hot,2009,inkomst (kvintil),ALLA,4.032930616307887,96.9733144624635
ULF: utsatt för hot,2009,inkomst (kvintil),C,4.195929795208835,99.19335880885102
ULF: utsatt för hot,2009,inkomst (kvintil),KD,4.066069629735853,98.85341992206403
ULF: utsatt för hot,2009,inkomst (kvintil),L,3.889459693743542,95.96260703243705
ULF: utsatt för hot,2009,inkomst (kvintil),M,3.8487214178350824,97.90856678806277
ULF: utsatt för hot,2009,inkomst (kvintil),MP,4.257491890463413,95.87558479536024
ULF: utsatt för hot,2009,inkomst (kvintil),S,4.0949396273562,96.77422114887564
ULF: utsatt för hot,2009,inkomst (kvintil),V,4.119338102458259,96.2142124855021
ULF: utsatt för hot,2009,inkomst (kvintil),ÖVR,4.288118950599284,92.65846817208623
ULF: utsatt för hot,2011,inkomst (kvintil),ALLA,4.353427498842984,96.33938183728952
ULF: utsatt för hot,2011,inkomst (kvintil),C,4.4227934565762475,97.87611266941202
ULF: utsatt för hot,2011,inkomst (kvintil),KD,4.317216441840747,100.00000000000001
ULF: utsatt för hot,2011,inkomst (kvintil),L,4.247363920017732,97.22359364995398
ULF: utsatt för hot,2011,inkomst (kvintil),M,4.217232041585828,97.00264608242105
ULF: utsatt för hot,2011,inkomst (kvintil),MP,4.429873131936177,93.28567026972588
ULF: utsatt för hot,2011,inkomst (kvintil),S,4.441064339114706,96.56456301167802
ULF: utsatt för hot,2011,inkomst (kvintil),SD,4.43536634290913,94.84717267938044
ULF: utsatt för hot,2011,inkomst (kvintil),V,4.4365808885990585,94.95619983288151
ULF: utsatt för hot,2011,inkomst (kvintil),ÖVR,4.574149771442098,91.98693940393805
ULF: utsatt för hot,2013,inkomst (kvintil),ALLA,3.7061017638947575,97.0936960523259
ULF: utsatt för hot,2013,inkomst (kvintil),C,3.8195397913628812,100.0
ULF: utsatt för hot,2013,inkomst (kvintil),KD,3.740112934910547,100.0
ULF: utsatt för hot,2013,inkomst (kvintil),L,3.5350355489021963,95.9533634573274
ULF: utsatt för hot,2013,inkomst (kvintil),M,3.540473007744973,97.34022017035645
ULF: utsatt för hot,2013,inkomst (kvintil),MP,3.8496529681383866,95.8802297435411
ULF: utsatt för hot,2013,inkomst (kvintil),S,3.768915077056223,97.85270570697872
ULF: utsatt för hot,2013,inkomst (kvintil),SD,3.7428241346102853,94.8169516376166
ULF: utsatt för hot,2013,inkomst (kvintil),V,3.7855634084955154,95.22518839385583
ULF: utsatt för hot,2013,inkomst (kvintil),ÖVR,4.141493512841496,100.0
ULF: utsatt för hot,2017,inkomst (kvintil),ALLA,4.9711027858808,100.0
ULF: utsatt för hot,2017,inkomst (kvintil),C,5.000631884458139,100.0
ULF: utsatt för hot,2017,inkomst (kvintil),KD,5.066837916328643,100.0
ULF: utsatt för hot,2017,inkomst (kvintil),L,4.970370094034001,99.99999999999999
ULF: utsatt för hot,2017,inkomst (kvintil),M,4.78925059573086,100.0
ULF: utsatt för hot,2017,inkomst (kvintil),MP,5.0583198212469975,100.0
ULF: utsatt för hot,2017,inkomst (kvintil),S,4.989862412704783,100.0
ULF: utsatt för hot,2017,inkomst (kvintil),SD,4.963903991857456,100.00000000000001
ULF: utsatt för hot,2017,inkomst (kvintil),V,5.047883783737123,100.0
ULF: utsatt för hot,2017,inkomst (kvintil),ÖVR,5.580970478965579,100.0
ULF: utsatt för hot,2020,inkomst (kvintil),ALLA,4.768601701680734,100.0
ULF: utsatt för hot,2020,inkomst (kvintil),C,4.805186482287209,100.00000000000001
ULF: utsatt för hot,2020,inkomst (kvintil),KD,4.7289697603832055,100.0
ULF: utsatt för hot,2020,inkomst (kvintil),L,4.798972846489575,100.0
ULF: utsatt för hot,2020,inkomst (kvintil),M,4.762233715395416,100.0
ULF: utsatt för hot,2020,inkomst (kvintil),MP,4.891229737315132,100.0
ULF: utsatt för hot,2020,inkomst (kvintil),S,4.75586226516535,100.0
ULF: utsatt för hot,2020,inkomst (kvintil),SD,4.704769332987151,100.0
ULF: utsatt för hot,2020,inkomst (kvintil),V,4.873366907302626,100.0
ULF: utsatt för hot,2020,inkomst (kvintil),ÖVR,4.838101127170242,100.0
ULF: utsatt för hot,2021,inkomst (kvintil),ALLA,3.9560098661952123,100.00000000000001
ULF: utsatt för hot,2021,inkomst (kvintil),C,3.8683311983764384,100.0
ULF: utsatt för hot,2021,inkomst (kvintil),KD,4.075934435610982,100.0
ULF: utsatt för hot,2021,inkomst (kvintil),L,3.742495171189485,100.0
ULF: utsatt för hot,2021,inkomst (kvintil),M,3.727231580931538,99.99999999999999
ULF: utsatt för hot,2021,inkomst (kvintil),MP,3.995697202871842,100.0
ULF: utsatt för hot,2021,inkomst (kvintil),S,4.067598676743732,100.0
ULF: utsatt för hot,2021,inkomst (kvintil),SD,3.8968931007339362,100.0
ULF: utsatt för hot,2021,inkomst (kvintil),V,4.30770431880476,100.0
ULF: utsatt för hot,2021,inkomst (kvintil),ÖVR,4.200693131306168,100.0
ULF: utsatt för hot,2024,inkomst (kvintil),ALLA,3.7854230380572846,100.0
ULF: utsatt för hot,2024,inkomst (kvintil),C,3.72688029722808,100.0
ULF: utsatt för hot,2024,inkomst (kvintil),KD,3.856019030533935,100.0
ULF: utsatt för hot,2024,inkomst (kvintil),L,3.604437223348547,100.0
ULF: utsatt för hot,2024,inkomst (kvintil),M,3.631848872880894,100.0
ULF: utsatt för hot,2024,inkomst (kvintil),MP,3.835682721555188,100.0
ULF: utsatt för hot,2024,inkomst (kvintil),S,3.824468199010161,100.0
ULF: utsatt för hot,2024,inkomst (kvintil),SD,3.795650949507002,100.0
ULF: utsatt för hot,2024,inkomst (kvintil),V,3.9651287667786748,99.99999999999999
ULF: utsatt för hot,2024,inkomst (kvintil),ÖVR,3.957830215941107,100.0
ULF: utsatt för hot eller våld,2009,inkomst (kvintil),ALLA,7.065150632758883,96.9733144624635
ULF: utsatt för hot eller våld,2009,inkomst (kvintil),C,7.347905248540995,99.19335880885102
ULF: utsatt för hot eller våld,2009,inkomst (kvintil),KD,7.170724287541105,98.85341992206403
ULF: utsatt för hot eller våld,2009,inkomst (kvintil),L,6.7653160187129755,95.96260703243705
ULF: utsatt för hot eller våld,2009,inkomst (kvintil),M,6.675416034888562,97.90856678806277
ULF: utsatt för hot eller våld,2009,inkomst (kvintil),MP,7.39556994847486,95.87558479536024
ULF: utsatt för hot eller våld,2009,inkomst (kvintil),S,7.239758360034568,96.77422114887564
ULF: utsatt för hot eller våld,2009,inkomst (kvintil),V,7.259788160835739,96.2142124855021
ULF: utsatt för hot eller våld,2009,inkomst (kvintil),ÖVR,7.462872377848093,92.65846817208623
ULF: utsatt för hot eller våld,2011,inkomst (kvintil),ALLA,7.197848554596441,96.33938183728952
ULF: utsatt för hot eller våld,2011,inkomst (kvintil),C,7.3747119590998755,97.87611266941202
ULF: utsatt för hot eller våld,2011,inkomst (kvintil),KD,7.157887346953784,100.00000000000001
ULF: utsatt för hot eller våld,2011,inkomst (kvintil),L,7.012761870919387,97.22359364995398
ULF: utsatt för hot eller våld,2011,inkomst (kvintil),M,6.917700538580509,97.00264608242105
ULF: utsatt för hot eller våld,2011,inkomst (kvintil),MP,7.328990814561321,93.28567026972588
ULF: utsatt för hot eller våld,2011,inkomst (kvintil),S,7.363133786127517,96.56456301167802
ULF: utsatt för hot eller våld,2011,inkomst (kvintil),SD,7.4128815104220545,94.84717267938044
ULF: utsatt för hot eller våld,2011,inkomst (kvintil),V,7.359200361784645,94.95619983288151
ULF: utsatt för hot eller våld,2011,inkomst (kvintil),ÖVR,7.714795786165132,91.98693940393805
ULF: utsatt för hot eller våld,2013,inkomst (kvintil),ALLA,6.115159623339655,97.0936960523259
ULF: utsatt för hot eller våld,2013,inkomst (kvintil),C,6.304598127142679,100.0
ULF: utsatt för hot eller våld,2013,inkomst (kvintil),KD,6.1767962602639885,100.0
ULF: utsatt för hot eller våld,2013,inkomst (kvintil),L,5.852841984832556,95.9533634573274
ULF: utsatt för hot eller våld,2013,inkomst (kvintil),M,5.862513410513686,97.34022017035645
ULF: utsatt för hot eller våld,2013,inkomst (kvintil),MP,6.340263854355672,95.8802297435411
ULF: utsatt för hot eller våld,2013,inkomst (kvintil),S,6.20557359535211,97.85270570697872
ULF: utsatt för hot eller våld,2013,inkomst (kvintil),SD,6.167821446031897,94.8169516376166
ULF: utsatt för hot eller våld,2013,inkomst (kvintil),V,6.237036289156721,95.22518839385583
ULF: utsatt för hot eller våld,2013,inkomst (kvintil),ÖVR,6.8264719484565966,100.0
ULF: utsatt för hot eller våld,2017,inkomst (kvintil),ALLA,7.072896376774902,100.0
ULF: utsatt för hot eller våld,2017,inkomst (kvintil),C,7.104602679878378,100.0
ULF: utsatt för hot eller våld,2017,inkomst (kvintil),KD,7.173372433305026,100.0
ULF: utsatt för hot eller våld,2017,inkomst (kvintil),L,7.086138502159315,99.99999999999999
ULF: utsatt för hot eller våld,2017,inkomst (kvintil),M,6.848234346765585,100.0
ULF: utsatt för hot eller våld,2017,inkomst (kvintil),MP,7.209254016697234,100.0
ULF: utsatt för hot eller våld,2017,inkomst (kvintil),S,7.093114448592814,100.0
ULF: utsatt för hot eller våld,2017,inkomst (kvintil),SD,7.0549220704025,100.00000000000001
ULF: utsatt för hot eller våld,2017,inkomst (kvintil),V,7.188032572895476,100.0
ULF: utsatt för hot eller våld,2017,inkomst (kvintil),ÖVR,7.830738390621102,100.0
ULF: utsatt för hot eller våld,2020,inkomst (kvintil),ALLA,6.496033731905247,100.0
ULF: utsatt för hot eller våld,2020,inkomst (kvintil),C,6.496511717506158,100.00000000000001
ULF: utsatt för hot eller våld,2020,inkomst (kvintil),KD,6.458736801048701,100.0
ULF: utsatt för hot eller våld,2020,inkomst (kvintil),L,6.493388841112129,100.0
ULF: utsatt för hot eller våld,2020,inkomst (kvintil),M,6.400053471698883,100.0
ULF: utsatt för hot eller våld,2020,inkomst (kvintil),MP,6.596906335862543,100.0
ULF: utsatt för hot eller våld,2020,inkomst (kvintil),S,6.521816133177971,100.0
ULF: utsatt för hot eller våld,2020,inkomst (kvintil),SD,6.455328371051151,100.0
ULF: utsatt för hot eller våld,2020,inkomst (kvintil),V,6.680498441690417,100.0
ULF: utsatt för hot eller våld,2020,inkomst (kvintil),ÖVR,6.600304861068816,100.0
ULF: utsatt för hot eller våld,2021,inkomst (kvintil),ALLA,5.5661557927777725,100.00000000000001
ULF: utsatt för hot eller våld,2021,inkomst (kvintil),C,5.41027635942124,100.0
ULF: utsatt för hot eller våld,2021,inkomst (kvintil),KD,5.7599330448485135,100.0
ULF: utsatt för hot eller våld,2021,inkomst (kvintil),L,5.195056742396539,100.0
ULF: utsatt för hot eller våld,2021,inkomst (kvintil),M,5.176216548315982,99.99999999999999
ULF: utsatt för hot eller våld,2021,inkomst (kvintil),MP,5.635609661303684,100.0
ULF: utsatt för hot eller våld,2021,inkomst (kvintil),S,5.767332108442916,100.0
ULF: utsatt för hot eller våld,2021,inkomst (kvintil),SD,5.5039265872757435,100.0
ULF: utsatt för hot eller våld,2021,inkomst (kvintil),V,6.069070556551896,100.0
ULF: utsatt för hot eller våld,2021,inkomst (kvintil),ÖVR,5.923242030174224,100.0
ULF: utsatt för hot eller våld,2024,inkomst (kvintil),ALLA,5.922371304017079,100.0
ULF: utsatt för hot eller våld,2024,inkomst (kvintil),C,5.818998469817683,100.0
ULF: utsatt för hot eller våld,2024,inkomst (kvintil),KD,6.029998685199371,100.0
ULF: utsatt för hot eller våld,2024,inkomst (kvintil),L,5.629892979883888,100.0
ULF: utsatt för hot eller våld,2024,inkomst (kvintil),M,5.679789704848884,100.0
ULF: utsatt för hot eller våld,2024,inkomst (kvintil),MP,5.984776592842627,100.0
ULF: utsatt för hot eller våld,2024,inkomst (kvintil),S,5.992793557699255,100.0
ULF: utsatt för hot eller våld,2024,inkomst (kvintil),SD,5.950807842033353,100.0
ULF: utsatt för hot eller våld,2024,inkomst (kvintil),V,6.173753115579892,99.99999999999999
ULF: utsatt för hot eller våld,2024,inkomst (kvintil),ÖVR,6.165497533469795,100.0
ULF: utsatt för hot eller våld i bostad,2009,inkomst (kvintil),ALLA,1.2723890471640957,96.9733144624635
ULF: utsatt för hot eller våld i bostad,2009,inkomst (kvintil),C,1.3687117483922,99.19335880885102
ULF: utsatt för hot eller våld i bostad,2009,inkomst (kvintil),KD,1.2688506545947433,98.85341992206403
ULF: utsatt för hot eller våld i bostad,2009,inkomst (kvintil),L,1.1804148868280382,95.96260703243705
ULF: utsatt för hot eller våld i bostad,2009,inkomst (kvintil),M,1.1589568388019298,97.90856678806277
ULF: utsatt för hot eller våld i bostad,2009,inkomst (kvintil),MP,1.4536352998747084,95.87558479536024
ULF: utsatt för hot eller våld i bostad,2009,inkomst (kvintil),S,1.2995793318339124,96.77422114887564
ULF: utsatt för hot eller våld i bostad,2009,inkomst (kvintil),V,1.3548644047507046,96.2142124855021
ULF: utsatt för hot eller våld i bostad,2009,inkomst (kvintil),ÖVR,1.45607956693715,92.65846817208623
ULF: utsatt för hot eller våld i bostad,2011,inkomst (kvintil),ALLA,1.3147133921458123,96.33938183728952
ULF: utsatt för hot eller våld i bostad,2011,inkomst (kvintil),C,1.4044985813888873,97.87611266941202
ULF: utsatt för hot eller våld i bostad,2011,inkomst (kvintil),KD,1.2799632276972672,100.00000000000001
ULF: utsatt för hot eller våld i bostad,2011,inkomst (kvintil),L,1.2213291293238773,97.22359364995398
ULF: utsatt för hot eller våld i bostad,2011,inkomst (kvintil),M,1.1653895879938414,97.00264608242105
ULF: utsatt för hot eller våld i bostad,2011,inkomst (kvintil),MP,1.4412876545219642,93.28567026972588
ULF: utsatt för hot eller våld i bostad,2011,inkomst (kvintil),S,1.3856061035147704,96.56456301167802
ULF: utsatt för hot eller våld i bostad,2011,inkomst (kvintil),SD,1.4284245840824847,94.84717267938044
ULF: utsatt för hot eller våld i bostad,2011,inkomst (kvintil),V,1.4112490522563517,94.95619983288151
ULF: utsatt för hot eller våld i bostad,2011,inkomst (kvintil),ÖVR,1.6617879514423035,91.98693940393805
ULF: utsatt för hot eller våld i bostad,2013,inkomst (kvintil),ALLA,1.217915206875183,97.0936960523259
ULF: utsatt för hot eller våld i bostad,2013,inkomst (kvintil),C,1.3462178374155738,100.0
ULF: utsatt för hot eller våld i bostad,2013,inkomst (kvintil),KD,1.2556423190209016,100.0
ULF: utsatt för hot eller våld i bostad,2013,inkomst (kvintil),L,1.0599892368932895,95.9533634573274
ULF: utsatt för hot eller våld i bostad,2013,inkomst (kvintil),M,1.0557840915169685,97.34022017035645
ULF: utsatt för hot eller våld i bostad,2013,inkomst (kvintil),MP,1.3492701953466941,95.8802297435411
ULF: utsatt för hot eller våld i bostad,2013,inkomst (kvintil),S,1.2814803115523659,97.85270570697872
ULF: utsatt för hot eller våld i bostad,2013,inkomst (kvintil),SD,1.2453166132470652,94.8169516376166
ULF: utsatt för hot eller våld i bostad,2013,inkomst (kvintil),V,1.2822638206505876,95.22518839385583
ULF: utsatt för hot eller våld i bostad,2013,inkomst (kvintil),ÖVR,1.6374251108995324,100.0
ULF: utsatt för hot eller våld i bostad,2017,inkomst (kvintil),ALLA,1.088133544535549,100.0
ULF: utsatt för hot eller våld i bostad,2017,inkomst (kvintil),C,1.1194272043921885,100.0
ULF: utsatt för hot eller våld i bostad,2017,inkomst (kvintil),KD,1.1720455040668722,100.0
ULF: utsatt för hot eller våld i bostad,2017,inkomst (kvintil),L,1.1065076201014075,99.99999999999999
ULF: utsatt för hot eller våld i bostad,2017,inkomst (kvintil),M,0.9520256690711179,100.0
ULF: utsatt för hot eller våld i bostad,2017,inkomst (kvintil),MP,1.1969114718757763,100.0
ULF: utsatt för hot eller våld i bostad,2017,inkomst (kvintil),S,1.0882048982188361,100.0
ULF: utsatt för hot eller våld i bostad,2017,inkomst (kvintil),SD,1.06162360913261,100.00000000000001
ULF: utsatt för hot eller våld i bostad,2017,inkomst (kvintil),V,1.1656963823021336,100.0
ULF: utsatt för hot eller våld i bostad,2017,inkomst (kvintil),ÖVR,1.6350588210677972,100.0
ULF: utsatt för hot eller våld i bostad,2020,inkomst (kvintil),ALLA,1.0983648461976938,100.0
ULF: utsatt för hot eller våld i bostad,2020,inkomst (kvintil),C,1.1633014169035254,100.00000000000001
ULF: utsatt för hot eller våld i bostad,2020,inkomst (kvintil),KD,1.049436497452978,100.0
ULF: utsatt för hot eller våld i bostad,2020,inkomst (kvintil),L,1.1287326283488772,100.0
ULF: utsatt för hot eller våld i bostad,2020,inkomst (kvintil),M,1.069085296725938,100.0
ULF: utsatt för hot eller våld i bostad,2020,inkomst (kvintil),MP,1.2705459302090298,100.0
ULF: utsatt för hot eller våld i bostad,2020,inkomst (kvintil),S,1.0741318740114079,100.0
ULF: utsatt för hot eller våld i bostad,2020,inkomst (kvintil),SD,1.0380485307516076,100.0
ULF: utsatt för hot eller våld i bostad,2020,inkomst (kvintil),V,1.250995134343983,100.0
ULF: utsatt för hot eller våld i bostad,2020,inkomst (kvintil),ÖVR,1.2088707756344392,100.0
ULF: utsatt för hot eller våld i bostad,2021,inkomst (kvintil),ALLA,1.4774513766781956,100.00000000000001
ULF: utsatt för hot eller våld i bostad,2021,inkomst (kvintil),C,1.3873704043146307,100.0
ULF: utsatt för hot eller våld i bostad,2021,inkomst (kvintil),KD,1.567106227432771,100.0
ULF: utsatt för hot eller våld i bostad,2021,inkomst (kvintil),L,1.299762443186021,100.0
ULF: utsatt för hot eller våld i bostad,2021,inkomst (kvintil),M,1.2921124252396494,99.99999999999999
ULF: utsatt för hot eller våld i bostad,2021,inkomst (kvintil),MP,1.4730567516027309,100.0
ULF: utsatt för hot eller våld i bostad,2021,inkomst (kvintil),S,1.5845423634597882,100.0
ULF: utsatt för hot eller våld i bostad,2021,inkomst (kvintil),SD,1.4387664998493124,100.0
ULF: utsatt för hot eller våld i bostad,2021,inkomst (kvintil),V,1.7236504114970324,100.0
ULF: utsatt för hot eller våld i bostad,2021,inkomst (kvintil),ÖVR,1.6888836958770803,100.0
ULF: utsatt för hot eller våld i bostad,2024,inkomst (kvintil),ALLA,1.273008096855103,100.0
ULF: utsatt för hot eller våld i bostad,2024,inkomst (kvintil),C,1.1751034398881033,100.0
ULF: utsatt för hot eller våld i bostad,2024,inkomst (kvintil),KD,1.3920584253275259,100.0
ULF: utsatt för hot eller våld i bostad,2024,inkomst (kvintil),L,1.0484037592487185,100.0
ULF: utsatt för hot eller våld i bostad,2024,inkomst (kvintil),M,1.1187847114276785,100.0
ULF: utsatt för hot eller våld i bostad,2024,inkomst (kvintil),MP,1.3242851033089704,100.0
ULF: utsatt för hot eller våld i bostad,2024,inkomst (kvintil),S,1.3029297590323348,100.0
ULF: utsatt för hot eller våld i bostad,2024,inkomst (kvintil),SD,1.2623125492958902,100.0
ULF: utsatt för hot eller våld i bostad,2024,inkomst (kvintil),V,1.5230882448329006,99.99999999999999
ULF: utsatt för hot eller våld i bostad,2024,inkomst (kvintil),ÖVR,1.567732774624506,100.0
ULF: utsatt för hot eller våld på allmän plats,2009,inkomst (kvintil),ALLA,3.54450794731906,96.9733144624635
ULF: utsatt för hot eller våld på allmän plats,2009,inkomst (kvintil),C,3.7243282275341243,99.19335880885102
ULF: utsatt för hot eller våld på allmän plats,2009,inkomst (kvintil),KD,3.5585168637474522,98.85341992206403
ULF: utsatt för hot eller våld på allmän plats,2009,inkomst (kvintil),L,3.3735832749645707,95.96260703243705
ULF: utsatt för hot eller våld på allmän plats,2009,inkomst (kvintil),M,3.3185991812591658,97.90856678806277
ULF: utsatt för hot eller våld på allmän plats,2009,inkomst (kvintil),MP,3.819101573875178,95.87558479536024
ULF: utsatt för hot eller våld på allmän plats,2009,inkomst (kvintil),S,3.618172525025011,96.77422114887564
ULF: utsatt för hot eller våld på allmän plats,2009,inkomst (kvintil),V,3.73170334414358,96.2142124855021
ULF: utsatt för hot eller våld på allmän plats,2009,inkomst (kvintil),ÖVR,3.817512453725972,92.65846817208623
ULF: utsatt för hot eller våld på allmän plats,2011,inkomst (kvintil),ALLA,3.2895489739191555,96.33938183728952
ULF: utsatt för hot eller våld på allmän plats,2011,inkomst (kvintil),C,3.3906673310376276,97.87611266941202
ULF: utsatt för hot eller våld på allmän plats,2011,inkomst (kvintil),KD,3.27966281716596,100.00000000000001
ULF: utsatt för hot eller våld på allmän plats,2011,inkomst (kvintil),L,3.2043635055680992,97.22359364995398
ULF: utsatt för hot eller våld på allmän plats,2011,inkomst (kvintil),M,3.1454762395687794,97.00264608242105
ULF: utsatt för hot eller våld på allmän plats,2011,inkomst (kvintil),MP,3.3494143574719266,93.28567026972588
ULF: utsatt för hot eller våld på allmän plats,2011,inkomst (kvintil),S,3.369862185018289,96.56456301167802
ULF: utsatt för hot eller våld på allmän plats,2011,inkomst (kvintil),SD,3.414424947985855,94.84717267938044
ULF: utsatt för hot eller våld på allmän plats,2011,inkomst (kvintil),V,3.3696124304977992,94.95619983288151
ULF: utsatt för hot eller våld på allmän plats,2011,inkomst (kvintil),ÖVR,3.575610123975479,91.98693940393805
ULF: utsatt för hot eller våld på allmän plats,2013,inkomst (kvintil),ALLA,2.562450112901099,97.0936960523259
ULF: utsatt för hot eller våld på allmän plats,2013,inkomst (kvintil),C,2.661445758321839,100.0
ULF: utsatt för hot eller våld på allmän plats,2013,inkomst (kvintil),KD,2.58283588348567,100.0
ULF: utsatt för hot eller våld på allmän plats,2013,inkomst (kvintil),L,2.432037096879521,95.9533634573274
ULF: utsatt för hot eller våld på allmän plats,2013,inkomst (kvintil),M,2.434422553360764,97.34022017035645
ULF: utsatt för hot eller våld på allmän plats,2013,inkomst (kvintil),MP,2.704585733369793,95.8802297435411
ULF: utsatt för hot eller våld på allmän plats,2013,inkomst (kvintil),S,2.6020316129395247,97.85270570697872
ULF: utsatt för hot eller våld på allmän plats,2013,inkomst (kvintil),SD,2.5904649355920815,94.8169516376166
ULF: utsatt för hot eller våld på allmän plats,2013,inkomst (kvintil),V,2.6176639442497476,95.22518839385583
ULF: utsatt för hot eller våld på allmän plats,2013,inkomst (kvintil),ÖVR,2.95209764347731,100.0
ULF: utsatt för hot eller våld på allmän plats,2017,inkomst (kvintil),ALLA,2.758939676079306,100.0
ULF: utsatt för hot eller våld på allmän plats,2017,inkomst (kvintil),C,2.795677548995933,100.0
ULF: utsatt för hot eller våld på allmän plats,2017,inkomst (kvintil),KD,2.839159339550166,100.0
ULF: utsatt för hot eller våld på allmän plats,2017,inkomst (kvintil),L,2.773260011187916,99.99999999999999
ULF: utsatt för hot eller våld på allmän plats,2017,inkomst (kvintil),M,2.6590853049016125,100.0
ULF: utsatt för hot eller våld på allmän plats,2017,inkomst (kvintil),MP,2.846915585628478,100.0
ULF: utsatt för hot eller våld på allmän plats,2017,inkomst (kvintil),S,2.7489448890319927,100.0
ULF: utsatt för hot eller våld på allmän plats,2017,inkomst (kvintil),SD,2.7306669459244928,100.00000000000001
ULF: utsatt för hot eller våld på allmän plats,2017,inkomst (kvintil),V,2.8214158289397653,100.0
ULF: utsatt för hot eller våld på allmän plats,2017,inkomst (kvintil),ÖVR,3.2315578812474968,100.0
ULF: utsatt för hot eller våld på allmän plats,2020,inkomst (kvintil),ALLA,2.6135172590206808,100.0
ULF: utsatt för hot eller våld på allmän plats,2020,inkomst (kvintil),C,2.6452946359433005,100.00000000000001
ULF: utsatt för hot eller våld på allmän plats,2020,inkomst (kvintil),KD,2.550890919550481,100.0
ULF: utsatt för hot eller våld på allmän plats,2020,inkomst (kvintil),L,2.601327324803586,100.0
ULF: utsatt för hot eller våld på allmän plats,2020,inkomst (kvintil),M,2.514556153832738,100.0
ULF: utsatt för hot eller våld på allmän plats,2020,inkomst (kvintil),MP,2.7881999869579364,100.0
ULF: utsatt för hot eller våld på allmän plats,2020,inkomst (kvintil),S,2.6360187002023077,100.0
ULF: utsatt för hot eller våld på allmän plats,2020,inkomst (kvintil),SD,2.5448856606128976,100.0
ULF: utsatt för hot eller våld på allmän plats,2020,inkomst (kvintil),V,2.824084977984021,100.0
ULF: utsatt för hot eller våld på allmän plats,2020,inkomst (kvintil),ÖVR,2.7710353031900947,100.0
ULF: utsatt för hot eller våld på allmän plats,2021,inkomst (kvintil),ALLA,1.950940360624978,100.00000000000001
ULF: utsatt för hot eller våld på allmän plats,2021,inkomst (kvintil),C,1.904145473579266,100.0
ULF: utsatt för hot eller våld på allmän plats,2021,inkomst (kvintil),KD,2.019672966166167,100.0
ULF: utsatt för hot eller våld på allmän plats,2021,inkomst (kvintil),L,1.8067339813436232,100.0
ULF: utsatt för hot eller våld på allmän plats,2021,inkomst (kvintil),M,1.8054886440654916,99.99999999999999
ULF: utsatt för hot eller våld på allmän plats,2021,inkomst (kvintil),MP,1.98133646535112,100.0
ULF: utsatt för hot eller våld på allmän plats,2021,inkomst (kvintil),S,2.024118478242361,100.0
ULF: utsatt för hot eller våld på allmän plats,2021,inkomst (kvintil),SD,1.9019564172429393,100.0
ULF: utsatt för hot eller våld på allmän plats,2021,inkomst (kvintil),V,2.189659631864803,100.0
ULF: utsatt för hot eller våld på allmän plats,2021,inkomst (kvintil),ÖVR,2.0857248034615457,100.0
ULF: utsatt för hot eller våld på allmän plats,2024,inkomst (kvintil),ALLA,2.3979438163294056,100.0
ULF: utsatt för hot eller våld på allmän plats,2024,inkomst (kvintil),C,2.3897662849254866,100.0
ULF: utsatt för hot eller våld på allmän plats,2024,inkomst (kvintil),KD,2.4070699447217376,100.0
ULF: utsatt för hot eller våld på allmän plats,2024,inkomst (kvintil),L,2.33214031282159,100.0
ULF: utsatt för hot eller våld på allmän plats,2024,inkomst (kvintil),M,2.326102281963838,100.0
ULF: utsatt för hot eller våld på allmän plats,2024,inkomst (kvintil),MP,2.412844553619861,100.0
ULF: utsatt för hot eller våld på allmän plats,2024,inkomst (kvintil),S,2.4253273418836923,100.0
ULF: utsatt för hot eller våld på allmän plats,2024,inkomst (kvintil),SD,2.40771074477659,100.0
ULF: utsatt för hot eller våld på allmän plats,2024,inkomst (kvintil),V,2.4489909536261854,99.99999999999999
ULF: utsatt för hot eller våld på allmän plats,2024,inkomst (kvintil),ÖVR,2.411934380344479,100.0
ULF: utsatt för våld,2009,inkomst (kvintil),ALLA,3.893158497718215,96.9733144624635
ULF: utsatt för våld,2009,inkomst (kvintil),C,4.063773392099742,99.19335880885102
ULF: utsatt för våld,2009,inkomst (kvintil),KD,3.9691170690397137,98.85341992206403
ULF: utsatt för våld,2009,inkomst (kvintil),L,3.679060005404464,95.96260703243705
ULF: utsatt för våld,2009,inkomst (kvintil),M,3.622932935664707,97.90856678806277
ULF: utsatt för våld,2009,inkomst (kvintil),MP,4.105553182229202,95.87558479536024
ULF: utsatt för våld,2009,inkomst (kvintil),S,4.023499458482799,96.77422114887564
ULF: utsatt för våld,2009,inkomst (kvintil),V,4.022835006946568,96.2142124855021
ULF: utsatt för våld,2009,inkomst (kvintil),ÖVR,4.155910389769206,92.65846817208623
ULF: utsatt för våld,2011,inkomst (kvintil),ALLA,3.753051986276187,96.33938183728952
ULF: utsatt för våld,2011,inkomst (kvintil),C,3.899454625648332,97.87611266941202
ULF: utsatt för våld,2011,inkomst (kvintil),KD,3.7359906952652393,100.00000000000001
ULF: utsatt för våld,2011,inkomst (kvintil),L,3.6582251214477792,97.22359364995398
ULF: utsatt för våld,2011,inkomst (kvintil),M,3.567057781839667,97.00264608242105
ULF: utsatt för våld,2011,inkomst (kvintil),MP,3.844054605112767,93.28567026972588
ULF: utsatt för våld,2011,inkomst (kvintil),S,3.8467498223462058,96.56456301167802
ULF: utsatt för våld,2011,inkomst (kvintil),SD,3.9216404273939043,94.84717267938044
ULF: utsatt för våld,2011,inkomst (kvintil),V,3.858858417972916,94.95619983288151
ULF: utsatt för våld,2011,inkomst (kvintil),ÖVR,4.144867567660242,91.98693940393805
ULF: utsatt för våld,2013,inkomst (kvintil),ALLA,3.2285324715242605,97.0936960523259
ULF: utsatt för våld,2013,inkomst (kvintil),C,3.3394577652015855,100.0
ULF: utsatt för våld,2013,inkomst (kvintil),KD,3.2588533901288033,100.0
ULF: utsatt för våld,2013,inkomst (kvintil),L,3.060992567843683,95.9533634573274
ULF: utsatt för våld,2013,inkomst (kvintil),M,3.0584059292843957,97.34022017035645
ULF: utsatt för våld,2013,inkomst (kvintil),MP,3.3551676509932205,95.8802297435411
ULF: utsatt för våld,2013,inkomst (kvintil),S,3.3021491094839637,97.85270570697872
ULF: utsatt för våld,2013,inkomst (kvintil),SD,3.263069735596491,94.8169516376166
ULF: utsatt för våld,2013,inkomst (kvintil),V,3.300784886486841,95.22518839385583
ULF: utsatt för våld,2013,inkomst (kvintil),ÖVR,3.611397238786665,100.0
ULF: utsatt för våld,2017,inkomst (kvintil),ALLA,3.073571073978383,100.0
ULF: utsatt för våld,2017,inkomst (kvintil),C,3.0993110972094007,100.0
ULF: utsatt för våld,2017,inkomst (kvintil),KD,3.12491868183374,100.0
ULF: utsatt för våld,2017,inkomst (kvintil),L,3.0988005247400343,99.99999999999999
ULF: utsatt för våld,2017,inkomst (kvintil),M,2.973588921537311,100.0
ULF: utsatt för våld,2017,inkomst (kvintil),MP,3.1809637983459855,100.0
ULF: utsatt för våld,2017,inkomst (kvintil),S,3.066139192982841,100.0
ULF: utsatt för våld,2017,inkomst (kvintil),SD,3.0425431288475857,100.00000000000001
ULF: utsatt för våld,2017,inkomst (kvintil),V,3.1535753570546543,100.0
ULF: utsatt för våld,2017,inkomst (kvintil),ÖVR,3.5109036407556635,100.0
ULF: utsatt för våld,2020,inkomst (kvintil),ALLA,2.7817274158506815,100.0
ULF: utsatt för våld,2020,inkomst (kvintil),C,2.7777998152591223,100.00000000000001
ULF: utsatt för våld,2020,inkomst (kvintil),KD,2.753236953340722,100.0
ULF: utsatt för våld,2020,inkomst (kvintil),L,2.7356227374270112,100.0
ULF: utsatt för våld,2020,inkomst (kvintil),M,2.636743459303517,100.0
ULF: utsatt för våld,2020,inkomst (kvintil),MP,2.8595525412175804,100.0
ULF: utsatt för våld,2020,inkomst (kvintil),S,2.823853865543649,100.0
ULF: utsatt för våld,2020,inkomst (kvintil),SD,2.783588143930095,100.0
ULF: utsatt för våld,2020,inkomst (kvintil),V,2.966501055352184,100.0
ULF: utsatt för våld,2020,inkomst (kvintil),ÖVR,2.908349868255235,100.0
ULF: utsatt för våld,2021,inkomst (kvintil),ALLA,2.5011199861402256,100.00000000000001
ULF: utsatt för våld,2021,inkomst (kvintil),C,2.417354875514971,100.0
ULF: utsatt för våld,2021,inkomst (kvintil),KD,2.617744860495366,100.0
ULF: utsatt för våld,2021,inkomst (kvintil),L,2.2591389729026434,100.0
ULF: utsatt för våld,2021,inkomst (kvintil),M,2.2540815565811716,99.99999999999999
ULF: utsatt för våld,2021,inkomst (kvintil),MP,2.5715813992122327,100.0
ULF: utsatt för våld,2021,inkomst (kvintil),S,2.6254656940041103,100.0
ULF: utsatt för våld,2021,inkomst (kvintil),SD,2.4658373791456234,100.0
ULF: utsatt för våld,2021,inkomst (kvintil),V,2.8086525810495355,100.0
ULF: utsatt för våld,2021,inkomst (kvintil),ÖVR,2.675773834564671,100.0
ULF: utsatt för våld,2024,inkomst (kvintil),ALLA,3.068178320433364,100.0
ULF: utsatt för våld,2024,inkomst (kvintil),C,3.0065867843483183,100.0
ULF: utsatt för våld,2024,inkomst (kvintil),KD,3.147540644324323,100.0
ULF: utsatt för våld,2024,inkomst (kvintil),L,2.887188745582007,100.0
ULF: utsatt för våld,2024,inkomst (kvintil),M,2.9204201384973163,100.0
ULF: utsatt för våld,2024,inkomst (kvintil),MP,3.1231306825137803,100.0
ULF: utsatt för våld,2024,inkomst (kvintil),S,3.1003876864333684,100.0
ULF: utsatt för våld,2024,inkomst (kvintil),SD,3.0710953504219254,100.0
ULF: utsatt för våld,2024,inkomst (kvintil),V,3.264935575952502,99.99999999999999
ULF: utsatt för våld,2024,inkomst (kvintil),ÖVR,3.2696784116552795,100.0
ULF: utsatt för våld som krävde vård,2009,inkomst (kvintil),ALLA,0.8973136751102696,96.9733144624635
ULF: utsatt för våld som krävde vård,2009,inkomst (kvintil),C,0.9573736250305674,99.19335880885102
ULF: utsatt för våld som krävde vård,2009,inkomst (kvintil),KD,0.9151401053506311,98.85341992206403
ULF: utsatt för våld som krävde vård,2009,inkomst (kvintil),L,0.8334449434816648,95.96260703243705
ULF: utsatt för våld som krävde vård,2009,inkomst (kvintil),M,0.8166509043689949,97.90856678806277
ULF: utsatt för våld som krävde vård,2009,inkomst (kvintil),MP,0.9795638890603224,95.87558479536024
ULF: utsatt för våld som krävde vård,2009,inkomst (kvintil),S,0.93023549724004,96.77422114887564
ULF: utsatt för våld som krävde vård,2009,inkomst (kvintil),V,0.9359164128310151,96.2142124855021
ULF: utsatt för våld som krävde vård,2009,inkomst (kvintil),ÖVR,0.9935633041276021,92.65846817208623
ULF: utsatt för våld som krävde vård,2011,inkomst (kvintil),ALLA,0.7808912549011604,96.33938183728952
ULF: utsatt för våld som krävde vård,2011,inkomst (kvintil),C,0.844710954028877,97.87611266941202
ULF: utsatt för våld som krävde vård,2011,inkomst (kvintil),KD,0.7715930425693667,100.00000000000001
ULF: utsatt för våld som krävde vård,2011,inkomst (kvintil),L,0.7159876360118238,97.22359364995398
ULF: utsatt för våld som krävde vård,2011,inkomst (kvintil),M,0.6790509960901541,97.00264608242105
ULF: utsatt för våld som krävde vård,2011,inkomst (kvintil),MP,0.8336820889145736,93.28567026972588
ULF: utsatt för våld som krävde vård,2011,inkomst (kvintil),S,0.8369224456871546,96.56456301167802
ULF: utsatt för våld som krävde vård,2011,inkomst (kvintil),SD,0.8656786313904882,94.84717267938044
ULF: utsatt för våld som krävde vård,2011,inkomst (kvintil),V,0.8395108824104522,94.95619983288151
ULF: utsatt för våld som krävde vård,2011,inkomst (kvintil),ÖVR,0.9935283254407424,91.98693940393805
ULF: utsatt för våld som krävde vård,2013,inkomst (kvintil),ALLA,0.592572067079378,97.0936960523259
ULF: utsatt för våld som krävde vård,2013,inkomst (kvintil),C,0.6405910915678653,100.0
ULF: utsatt för våld som krävde vård,2013,inkomst (kvintil),KD,0.6017942395905853,100.0
ULF: utsatt för våld som krävde vård,2013,inkomst (kvintil),L,0.5277466403794638,95.9533634573274
ULF: utsatt för våld som krävde vård,2013,inkomst (kvintil),M,0.5301274130207857,97.34022017035645
ULF: utsatt för våld som krävde vård,2013,inkomst (kvintil),MP,0.66694225114542,95.8802297435411
ULF: utsatt för våld som krävde vård,2013,inkomst (kvintil),S,0.6103002290775184,97.85270570697872
ULF: utsatt för våld som krävde vård,2013,inkomst (kvintil),SD,0.6072078187385911,94.8169516376166
ULF: utsatt för våld som krävde vård,2013,inkomst (kvintil),V,0.620748149333664,95.22518839385583
ULF: utsatt för våld som krävde vård,2013,inkomst (kvintil),ÖVR,0.7920229742761578,100.0
ULF: utsatt för våld som krävde vård,2017,inkomst (kvintil),ALLA,0.6678216898627152,100.0
ULF: utsatt för våld som krävde vård,2017,inkomst (kvintil),C,0.675781996078629,100.0
ULF: utsatt för våld som krävde vård,2017,inkomst (kvintil),KD,0.69701774751424,100.0
ULF: utsatt för våld som krävde vård,2017,inkomst (kvintil),L,0.67214299660035,99.99999999999999
ULF: utsatt för våld som krävde vård,2017,inkomst (kvintil),M,0.614697184753994,100.0
ULF: utsatt för våld som krävde vård,2017,inkomst (kvintil),MP,0.7020911953160117,100.0
ULF: utsatt för våld som krävde vård,2017,inkomst (kvintil),S,0.6721177443694185,100.0
ULF: utsatt för våld som krävde vård,2017,inkomst (kvintil),SD,0.6623791640609835,100.00000000000001
ULF: utsatt för våld som krävde vård,2017,inkomst (kvintil),V,0.6922466077577646,100.0
ULF: utsatt för våld som krävde vård,2017,inkomst (kvintil),ÖVR,0.8541015896276372,100.0
ULF: utsatt för våld som krävde vård,2020,inkomst (kvintil),ALLA,0.5535593079114095,100.0
ULF: utsatt för våld som krävde vård,2020,inkomst (kvintil),C,0.555734322164023,100.00000000000001
ULF: utsatt för våld som krävde vård,2020,inkomst (kvintil),KD,0.5364374067364706,100.0
ULF: utsatt för våld som krävde vård,2020,inkomst (kvintil),L,0.5405343229695463,100.0
ULF: utsatt för våld som krävde vård,2020,inkomst (kvintil),M,0.5108420367224735,100.0
ULF: utsatt för våld som krävde vård,2020,inkomst (kvintil),MP,0.5966331975961866,100.0
ULF: utsatt för våld som krävde vård,2020,inkomst (kvintil),S,0.5681142529951297,100.0
ULF: utsatt för våld som krävde vård,2020,inkomst (kvintil),SD,0.5392182576069061,100.0
ULF: utsatt för våld som krävde vård,2020,inkomst (kvintil),V,0.6201466246040668,100.0
ULF: utsatt för våld som krävde vård,2020,inkomst (kvintil),ÖVR,0.6037955685461115,100.0
ULF: utsatt för våld som krävde vård,2021,inkomst (kvintil),ALLA,0.5133362967386316,100.00000000000001
ULF: utsatt för våld som krävde vård,2021,inkomst (kvintil),C,0.5024234593475434,100.0
ULF: utsatt för våld som krävde vård,2021,inkomst (kvintil),KD,0.5507061854541374,100.0
ULF: utsatt för våld som krävde vård,2021,inkomst (kvintil),L,0.44150875543212154,100.0
ULF: utsatt för våld som krävde vård,2021,inkomst (kvintil),M,0.4399895388862998,99.99999999999999
ULF: utsatt för våld som krävde vård,2021,inkomst (kvintil),MP,0.5501029467955312,100.0
ULF: utsatt för våld som krävde vård,2021,inkomst (kvintil),S,0.5412454130178443,100.0
ULF: utsatt för våld som krävde vård,2021,inkomst (kvintil),SD,0.4803134519202699,100.0
ULF: utsatt för våld som krävde vård,2021,inkomst (kvintil),V,0.6603153367361497,100.0
ULF: utsatt för våld som krävde vård,2021,inkomst (kvintil),ÖVR,0.5704574984820073,100.0
ULF: utsatt för våld som krävde vård,2024,inkomst (kvintil),ALLA,1.0598960325727995,100.0
ULF: utsatt för våld som krävde vård,2024,inkomst (kvintil),C,1.0406935020722696,100.0
ULF: utsatt för våld som krävde vård,2024,inkomst (kvintil),KD,1.0842482095113757,100.0
ULF: utsatt för våld som krävde vård,2024,inkomst (kvintil),L,1.0164672781592032,100.0
ULF: utsatt för våld som krävde vård,2024,inkomst (kvintil),M,1.0316761309335822,100.0
ULF: utsatt för våld som krävde vård,2024,inkomst (kvintil),MP,1.0681116010338543,100.0
ULF: utsatt för våld som krävde vård,2024,inkomst (kvintil),S,1.0656185878371225,100.0
ULF: utsatt för våld som krävde vård,2024,inkomst (kvintil),SD,1.054700083555218,100.0
ULF: utsatt för våld som krävde vård,2024,inkomst (kvintil),V,1.1114163768256398,99.99999999999999
ULF: utsatt för våld som krävde vård,2024,inkomst (kvintil),ÖVR,1.1197653155299327,100.0
