kalla,typ,matt,polisregion,ar,manad,antal
polisen__skjutningar-per-polisregion-2017,skjutningar,avlidna,Bergslagen,2017,1,0
polisen__skjutningar-per-polisregion-2017,skjutningar,avlidna,Bergslagen,2017,2,0
polisen__skjutningar-per-polisregion-2017,skjutningar,avlidna,Bergslagen,2017,3,0
polisen__skjutningar-per-polisregion-2017,skjutningar,avlidna,Bergslagen,2017,4,0
polisen__skjutningar-per-polisregion-2017,skjutningar,avlidna,Bergslagen,2017,5,0
polisen__skjutningar-per-polisregion-2017,skjutningar,avlidna,Bergslagen,2017,6,0
polisen__skjutningar-per-polisregion-2017,skjutningar,avlidna,Bergslagen,2017,7,0
polisen__skjutningar-per-polisregion-2017,skjutningar,avlidna,Bergslagen,2017,8,0
polisen__skjutningar-per-polisregion-2017,skjutningar,avlidna,Bergslagen,2017,9,0
polisen__skjutningar-per-polisregion-2017,skjutningar,avlidna,Bergslagen,2017,10,0
polisen__skjutningar-per-polisregion-2017,skjutningar,avlidna,Bergslagen,2017,11,0
polisen__skjutningar-per-polisregion-2017,skjutningar,avlidna,Bergslagen,2017,12,0
polisen__skjutningar-per-polisregion-2018,skjutningar,avlidna,Bergslagen,2018,1,0
polisen__skjutningar-per-polisregion-2018,skjutningar,avlidna,Bergslagen,2018,2,0
polisen__skjutningar-per-polisregion-2018,skjutningar,avlidna,Bergslagen,2018,3,0
polisen__skjutningar-per-polisregion-2018,skjutningar,avlidna,Bergslagen,2018,4,0
polisen__skjutningar-per-polisregion-2018,skjutningar,avlidna,Bergslagen,2018,5,0
polisen__skjutningar-per-polisregion-2018,skjutningar,avlidna,Bergslagen,2018,6,0
polisen__skjutningar-per-polisregion-2018,skjutningar,avlidna,Bergslagen,2018,7,3
polisen__skjutningar-per-polisregion-2018,skjutningar,avlidna,Bergslagen,2018,8,0
polisen__skjutningar-per-polisregion-2018,skjutningar,avlidna,Bergslagen,2018,9,0
polisen__skjutningar-per-polisregion-2018,skjutningar,avlidna,Bergslagen,2018,10,0
polisen__skjutningar-per-polisregion-2018,skjutningar,avlidna,Bergslagen,2018,11,0
polisen__skjutningar-per-polisregion-2018,skjutningar,avlidna,Bergslagen,2018,12,0
polisen__skjutningar-per-polisregion-2019,skjutningar,avlidna,Bergslagen,2019,1,1
polisen__skjutningar-per-polisregion-2019,skjutningar,avlidna,Bergslagen,2019,2,0
polisen__skjutningar-per-polisregion-2019,skjutningar,avlidna,Bergslagen,2019,3,0
polisen__skjutningar-per-polisregion-2019,skjutningar,avlidna,Bergslagen,2019,4,1
polisen__skjutningar-per-polisregion-2019,skjutningar,avlidna,Bergslagen,2019,5,0
polisen__skjutningar-per-polisregion-2019,skjutningar,avlidna,Bergslagen,2019,6,0
polisen__skjutningar-per-polisregion-2019,skjutningar,avlidna,Bergslagen,2019,7,1
polisen__skjutningar-per-polisregion-2019,skjutningar,avlidna,Bergslagen,2019,8,0
polisen__skjutningar-per-polisregion-2019,skjutningar,avlidna,Bergslagen,2019,9,0
polisen__skjutningar-per-polisregion-2019,skjutningar,avlidna,Bergslagen,2019,10,0
polisen__skjutningar-per-polisregion-2019,skjutningar,avlidna,Bergslagen,2019,11,0
polisen__skjutningar-per-polisregion-2019,skjutningar,avlidna,Bergslagen,2019,12,0
polisen__skjutningar-per-polisregion-2020,skjutningar,avlidna,Bergslagen,2020,1,0
polisen__skjutningar-per-polisregion-2020,skjutningar,avlidna,Bergslagen,2020,2,0
polisen__skjutningar-per-polisregion-2020,skjutningar,avlidna,Bergslagen,2020,3,0
polisen__skjutningar-per-polisregion-2020,skjutningar,avlidna,Bergslagen,2020,4,0
polisen__skjutningar-per-polisregion-2020,skjutningar,avlidna,Bergslagen,2020,5,0
polisen__skjutningar-per-polisregion-2020,skjutningar,avlidna,Bergslagen,2020,6,0
polisen__skjutningar-per-polisregion-2020,skjutningar,avlidna,Bergslagen,2020,7,2
polisen__skjutningar-per-polisregion-2020,skjutningar,avlidna,Bergslagen,2020,8,0
polisen__skjutningar-per-polisregion-2020,skjutningar,avlidna,Bergslagen,2020,9,0
polisen__skjutningar-per-polisregion-2020,skjutningar,avlidna,Bergslagen,2020,10,0
polisen__skjutningar-per-polisregion-2020,skjutningar,avlidna,Bergslagen,2020,11,0
polisen__skjutningar-per-polisregion-2020,skjutningar,avlidna,Bergslagen,2020,12,0
polisen__skjutningar-per-polisregion-2021,skjutningar,avlidna,Bergslagen,2021,1,0
polisen__skjutningar-per-polisregion-2021,skjutningar,avlidna,Bergslagen,2021,2,1
polisen__skjutningar-per-polisregion-2021,skjutningar,avlidna,Bergslagen,2021,3,0
polisen__skjutningar-per-polisregion-2021,skjutningar,avlidna,Bergslagen,2021,4,0
polisen__skjutningar-per-polisregion-2021,skjutningar,avlidna,Bergslagen,2021,5,1
polisen__skjutningar-per-polisregion-2021,skjutningar,avlidna,Bergslagen,2021,6,0
polisen__skjutningar-per-polisregion-2021,skjutningar,avlidna,Bergslagen,2021,7,0
polisen__skjutningar-per-polisregion-2021,skjutningar,avlidna,Bergslagen,2021,8,0
polisen__skjutningar-per-polisregion-2021,skjutningar,avlidna,Bergslagen,2021,9,0
polisen__skjutningar-per-polisregion-2021,skjutningar,avlidna,Bergslagen,2021,10,0
polisen__skjutningar-per-polisregion-2021,skjutningar,avlidna,Bergslagen,2021,11,0
polisen__skjutningar-per-polisregion-2021,skjutningar,avlidna,Bergslagen,2021,12,0
polisen__skjutningar-per-polisregion-2022,skjutningar,avlidna,Bergslagen,2022,1,0
polisen__skjutningar-per-polisregion-2022,skjutningar,avlidna,Bergslagen,2022,2,0
polisen__skjutningar-per-polisregion-2022,skjutningar,avlidna,Bergslagen,2022,3,0
polisen__skjutningar-per-polisregion-2022,skjutningar,avlidna,Bergslagen,2022,4,0
polisen__skjutningar-per-polisregion-2022,skjutningar,avlidna,Bergslagen,2022,5,3
polisen__skjutningar-per-polisregion-2022,skjutningar,avlidna,Bergslagen,2022,6,0
polisen__skjutningar-per-polisregion-2022,skjutningar,avlidna,Bergslagen,2022,7,1
polisen__skjutningar-per-polisregion-2022,skjutningar,avlidna,Bergslagen,2022,8,0
polisen__skjutningar-per-polisregion-2022,skjutningar,avlidna,Bergslagen,2022,9,0
polisen__skjutningar-per-polisregion-2022,skjutningar,avlidna,Bergslagen,2022,10,0
polisen__skjutningar-per-polisregion-2022,skjutningar,avlidna,Bergslagen,2022,11,0
polisen__skjutningar-per-polisregion-2022,skjutningar,avlidna,Bergslagen,2022,12,0
polisen__skjutningar-per-polisregion-2023,skjutningar,avlidna,Bergslagen,2023,1,0
polisen__skjutningar-per-polisregion-2023,skjutningar,avlidna,Bergslagen,2023,2,0
polisen__skjutningar-per-polisregion-2023,skjutningar,avlidna,Bergslagen,2023,3,0
polisen__skjutningar-per-polisregion-2023,skjutningar,avlidna,Bergslagen,2023,4,1
polisen__skjutningar-per-polisregion-2023,skjutningar,avlidna,Bergslagen,2023,5,0
polisen__skjutningar-per-polisregion-2023,skjutningar,avlidna,Bergslagen,2023,6,0
polisen__skjutningar-per-polisregion-2023,skjutningar,avlidna,Bergslagen,2023,7,1
polisen__skjutningar-per-polisregion-2023,skjutningar,avlidna,Bergslagen,2023,8,0
polisen__skjutningar-per-polisregion-2023,skjutningar,avlidna,Bergslagen,2023,9,0
polisen__skjutningar-per-polisregion-2023,skjutningar,avlidna,Bergslagen,2023,10,0
polisen__skjutningar-per-polisregion-2023,skjutningar,avlidna,Bergslagen,2023,11,0
polisen__skjutningar-per-polisregion-2023,skjutningar,avlidna,Bergslagen,2023,12,0
polisen__skjutningar-per-polisregion-2024,skjutningar,avlidna,Bergslagen,2024,1,0
polisen__skjutningar-per-polisregion-2024,skjutningar,avlidna,Bergslagen,2024,2,0
polisen__skjutningar-per-polisregion-2024,skjutningar,avlidna,Bergslagen,2024,3,0
polisen__skjutningar-per-polisregion-2024,skjutningar,avlidna,Bergslagen,2024,4,0
polisen__skjutningar-per-polisregion-2024,skjutningar,avlidna,Bergslagen,2024,5,0
polisen__skjutningar-per-polisregion-2024,skjutningar,avlidna,Bergslagen,2024,6,0
polisen__skjutningar-per-polisregion-2024,skjutningar,avlidna,Bergslagen,2024,7,0
polisen__skjutningar-per-polisregion-2024,skjutningar,avlidna,Bergslagen,2024,8,0
polisen__skjutningar-per-polisregion-2024,skjutningar,avlidna,Bergslagen,2024,9,1
polisen__skjutningar-per-polisregion-2024,skjutningar,avlidna,Bergslagen,2024,10,0
polisen__skjutningar-per-polisregion-2024,skjutningar,avlidna,Bergslagen,2024,11,0
polisen__skjutningar-per-polisregion-2024,skjutningar,avlidna,Bergslagen,2024,12,0
polisen__skjutningar-per-polisregion-2025,skjutningar,avlidna,Bergslagen,2025,1,0
polisen__skjutningar-per-polisregion-2025,skjutningar,avlidna,Bergslagen,2025,2,10
polisen__skjutningar-per-polisregion-2025,skjutningar,avlidna,Bergslagen,2025,3,0
polisen__skjutningar-per-polisregion-2025,skjutningar,avlidna,Bergslagen,2025,4,0
polisen__skjutningar-per-polisregion-2025,skjutningar,avlidna,Bergslagen,2025,5,0
polisen__skjutningar-per-polisregion-2025,skjutningar,avlidna,Bergslagen,2025,6,0
polisen__skjutningar-per-polisregion-2025,skjutningar,avlidna,Bergslagen,2025,7,0
polisen__skjutningar-per-polisregion-2025,skjutningar,avlidna,Bergslagen,2025,8,1
polisen__skjutningar-per-polisregion-2025,skjutningar,avlidna,Bergslagen,2025,9,0
polisen__skjutningar-per-polisregion-2025,skjutningar,avlidna,Bergslagen,2025,10,0
polisen__skjutningar-per-polisregion-2025,skjutningar,avlidna,Bergslagen,2025,11,0
polisen__skjutningar-per-polisregion-2025,skjutningar,avlidna,Bergslagen,2025,12,0
polisen__skjutningar-per-polisregion-tolv-manader,skjutningar,avlidna,Bergslagen,2026,1,0
polisen__skjutningar-per-polisregion-tolv-manader,skjutningar,avlidna,Bergslagen,2026,2,0
polisen__skjutningar-per-polisregion-tolv-manader,skjutningar,avlidna,Bergslagen,2026,3,1
polisen__skjutningar-per-polisregion-tolv-manader,skjutningar,avlidna,Bergslagen,2026,4,0
polisen__skjutningar-per-polisregion-tolv-manader,skjutningar,avlidna,Bergslagen,2026,5,0
polisen__skjutningar-per-polisregion-tolv-manader,skjutningar,avlidna,Bergslagen,2026,6,0
polisen__skjutningar-per-polisregion-tolv-manader,skjutningar,avlidna,Bergslagen,2026,7,0
polisen__skjutningar-per-polisregion-tolv-manader,skjutningar,avlidna,Bergslagen,2026,8,0
polisen__skjutningar-per-polisregion-2017,skjutningar,avlidna,Mitt,2017,1,0
polisen__skjutningar-per-polisregion-2017,skjutningar,avlidna,Mitt,2017,2,0
polisen__skjutningar-per-polisregion-2017,skjutningar,avlidna,Mitt,2017,3,0
polisen__skjutningar-per-polisregion-2017,skjutningar,avlidna,Mitt,2017,4,2
polisen__skjutningar-per-polisregion-2017,skjutningar,avlidna,Mitt,2017,5,0
polisen__skjutningar-per-polisregion-2017,skjutningar,avlidna,Mitt,2017,6,0
polisen__skjutningar-per-polisregion-2017,skjutningar,avlidna,Mitt,2017,7,0
polisen__skjutningar-per-polisregion-2017,skjutningar,avlidna,Mitt,2017,8,1
polisen__skjutningar-per-polisregion-2017,skjutningar,avlidna,Mitt,2017,9,0
polisen__skjutningar-per-polisregion-2017,skjutningar,avlidna,Mitt,2017,10,0
polisen__skjutningar-per-polisregion-2017,skjutningar,avlidna,Mitt,2017,11,1
polisen__skjutningar-per-polisregion-2017,skjutningar,avlidna,Mitt,2017,12,0
polisen__skjutningar-per-polisregion-2018,skjutningar,avlidna,Mitt,2018,1,0
polisen__skjutningar-per-polisregion-2018,skjutningar,avlidna,Mitt,2018,2,1
polisen__skjutningar-per-polisregion-2018,skjutningar,avlidna,Mitt,2018,3,0
polisen__skjutningar-per-polisregion-2018,skjutningar,avlidna,Mitt,2018,4,0
polisen__skjutningar-per-polisregion-2018,skjutningar,avlidna,Mitt,2018,5,0
polisen__skjutningar-per-polisregion-2018,skjutningar,avlidna,Mitt,2018,6,0
polisen__skjutningar-per-polisregion-2018,skjutningar,avlidna,Mitt,2018,7,0
polisen__skjutningar-per-polisregion-2018,skjutningar,avlidna,Mitt,2018,8,0
polisen__skjutningar-per-polisregion-2018,skjutningar,avlidna,Mitt,2018,9,0
polisen__skjutningar-per-polisregion-2018,skjutningar,avlidna,Mitt,2018,10,0
polisen__skjutningar-per-polisregion-2018,skjutningar,avlidna,Mitt,2018,11,2
polisen__skjutningar-per-polisregion-2018,skjutningar,avlidna,Mitt,2018,12,0
polisen__skjutningar-per-polisregion-2019,skjutningar,avlidna,Mitt,2019,1,0
polisen__skjutningar-per-polisregion-2019,skjutningar,avlidna,Mitt,2019,2,2
polisen__skjutningar-per-polisregion-2019,skjutningar,avlidna,Mitt,2019,3,0
polisen__skjutningar-per-polisregion-2019,skjutningar,avlidna,Mitt,2019,4,0
polisen__skjutningar-per-polisregion-2019,skjutningar,avlidna,Mitt,2019,5,0
polisen__skjutningar-per-polisregion-2019,skjutningar,avlidna,Mitt,2019,6,0
polisen__skjutningar-per-polisregion-2019,skjutningar,avlidna,Mitt,2019,7,0
polisen__skjutningar-per-polisregion-2019,skjutningar,avlidna,Mitt,2019,8,0
polisen__skjutningar-per-polisregion-2019,skjutningar,avlidna,Mitt,2019,9,0
polisen__skjutningar-per-polisregion-2019,skjutningar,avlidna,Mitt,2019,10,1
polisen__skjutningar-per-polisregion-2019,skjutningar,avlidna,Mitt,2019,11,0
polisen__skjutningar-per-polisregion-2019,skjutningar,avlidna,Mitt,2019,12,1
polisen__skjutningar-per-polisregion-2020,skjutningar,avlidna,Mitt,2020,1,0
polisen__skjutningar-per-polisregion-2020,skjutningar,avlidna,Mitt,2020,2,0
polisen__skjutningar-per-polisregion-2020,skjutningar,avlidna,Mitt,2020,3,0
polisen__skjutningar-per-polisregion-2020,skjutningar,avlidna,Mitt,2020,4,0
polisen__skjutningar-per-polisregion-2020,skjutningar,avlidna,Mitt,2020,5,0
polisen__skjutningar-per-polisregion-2020,skjutningar,avlidna,Mitt,2020,6,0
polisen__skjutningar-per-polisregion-2020,skjutningar,avlidna,Mitt,2020,7,0
polisen__skjutningar-per-polisregion-2020,skjutningar,avlidna,Mitt,2020,8,0
polisen__skjutningar-per-polisregion-2020,skjutningar,avlidna,Mitt,2020,9,1
polisen__skjutningar-per-polisregion-2020,skjutningar,avlidna,Mitt,2020,10,0
polisen__skjutningar-per-polisregion-2020,skjutningar,avlidna,Mitt,2020,11,0
polisen__skjutningar-per-polisregion-2020,skjutningar,avlidna,Mitt,2020,12,0
polisen__skjutningar-per-polisregion-2021,skjutningar,avlidna,Mitt,2021,1,0
polisen__skjutningar-per-polisregion-2021,skjutningar,avlidna,Mitt,2021,2,0
polisen__skjutningar-per-polisregion-2021,skjutningar,avlidna,Mitt,2021,3,0
polisen__skjutningar-per-polisregion-2021,skjutningar,avlidna,Mitt,2021,4,0
polisen__skjutningar-per-polisregion-2021,skjutningar,avlidna,Mitt,2021,5,0
polisen__skjutningar-per-polisregion-2021,skjutningar,avlidna,Mitt,2021,6,1
polisen__skjutningar-per-polisregion-2021,skjutningar,avlidna,Mitt,2021,7,0
polisen__skjutningar-per-polisregion-2021,skjutningar,avlidna,Mitt,2021,8,1
polisen__skjutningar-per-polisregion-2021,skjutningar,avlidna,Mitt,2021,9,1
polisen__skjutningar-per-polisregion-2021,skjutningar,avlidna,Mitt,2021,10,0
polisen__skjutningar-per-polisregion-2021,skjutningar,avlidna,Mitt,2021,11,1
polisen__skjutningar-per-polisregion-2021,skjutningar,avlidna,Mitt,2021,12,0
polisen__skjutningar-per-polisregion-2022,skjutningar,avlidna,Mitt,2022,1,0
polisen__skjutningar-per-polisregion-2022,skjutningar,avlidna,Mitt,2022,2,1
polisen__skjutningar-per-polisregion-2022,skjutningar,avlidna,Mitt,2022,3,0
polisen__skjutningar-per-polisregion-2022,skjutningar,avlidna,Mitt,2022,4,0
polisen__skjutningar-per-polisregion-2022,skjutningar,avlidna,Mitt,2022,5,0
polisen__skjutningar-per-polisregion-2022,skjutningar,avlidna,Mitt,2022,6,0
polisen__skjutningar-per-polisregion-2022,skjutningar,avlidna,Mitt,2022,7,0
polisen__skjutningar-per-polisregion-2022,skjutningar,avlidna,Mitt,2022,8,0
polisen__skjutningar-per-polisregion-2022,skjutningar,avlidna,Mitt,2022,9,0
polisen__skjutningar-per-polisregion-2022,skjutningar,avlidna,Mitt,2022,10,1
polisen__skjutningar-per-polisregion-2022,skjutningar,avlidna,Mitt,2022,11,2
polisen__skjutningar-per-polisregion-2022,skjutningar,avlidna,Mitt,2022,12,0
polisen__skjutningar-per-polisregion-2023,skjutningar,avlidna,Mitt,2023,1,0
polisen__skjutningar-per-polisregion-2023,skjutningar,avlidna,Mitt,2023,2,1
polisen__skjutningar-per-polisregion-2023,skjutningar,avlidna,Mitt,2023,3,0
polisen__skjutningar-per-polisregion-2023,skjutningar,avlidna,Mitt,2023,4,0
polisen__skjutningar-per-polisregion-2023,skjutningar,avlidna,Mitt,2023,5,0
polisen__skjutningar-per-polisregion-2023,skjutningar,avlidna,Mitt,2023,6,0
polisen__skjutningar-per-polisregion-2023,skjutningar,avlidna,Mitt,2023,7,4
polisen__skjutningar-per-polisregion-2023,skjutningar,avlidna,Mitt,2023,8,1
polisen__skjutningar-per-polisregion-2023,skjutningar,avlidna,Mitt,2023,9,4
polisen__skjutningar-per-polisregion-2023,skjutningar,avlidna,Mitt,2023,10,0
polisen__skjutningar-per-polisregion-2023,skjutningar,avlidna,Mitt,2023,11,1
polisen__skjutningar-per-polisregion-2023,skjutningar,avlidna,Mitt,2023,12,0
polisen__skjutningar-per-polisregion-2024,skjutningar,avlidna,Mitt,2024,1,1
polisen__skjutningar-per-polisregion-2024,skjutningar,avlidna,Mitt,2024,2,0
polisen__skjutningar-per-polisregion-2024,skjutningar,avlidna,Mitt,2024,3,0
polisen__skjutningar-per-polisregion-2024,skjutningar,avlidna,Mitt,2024,4,0
polisen__skjutningar-per-polisregion-2024,skjutningar,avlidna,Mitt,2024,5,0
polisen__skjutningar-per-polisregion-2024,skjutningar,avlidna,Mitt,2024,6,0
polisen__skjutningar-per-polisregion-2024,skjutningar,avlidna,Mitt,2024,7,1
polisen__skjutningar-per-polisregion-2024,skjutningar,avlidna,Mitt,2024,8,0
polisen__skjutningar-per-polisregion-2024,skjutningar,avlidna,Mitt,2024,9,1
polisen__skjutningar-per-polisregion-2024,skjutningar,avlidna,Mitt,2024,10,0
polisen__skjutningar-per-polisregion-2024,skjutningar,avlidna,Mitt,2024,11,0
polisen__skjutningar-per-polisregion-2024,skjutningar,avlidna,Mitt,2024,12,0
polisen__skjutningar-per-polisregion-2025,skjutningar,avlidna,Mitt,2025,1,0
polisen__skjutningar-per-polisregion-2025,skjutningar,avlidna,Mitt,2025,2,2
polisen__skjutningar-per-polisregion-2025,skjutningar,avlidna,Mitt,2025,3,0
polisen__skjutningar-per-polisregion-2025,skjutningar,avlidna,Mitt,2025,4,3
polisen__skjutningar-per-polisregion-2025,skjutningar,avlidna,Mitt,2025,5,1
polisen__skjutningar-per-polisregion-2025,skjutningar,avlidna,Mitt,2025,6,0
polisen__skjutningar-per-polisregion-2025,skjutningar,avlidna,Mitt,2025,7,0
polisen__skjutningar-per-polisregion-2025,skjutningar,avlidna,Mitt,2025,8,0
polisen__skjutningar-per-polisregion-2025,skjutningar,avlidna,Mitt,2025,9,0
polisen__skjutningar-per-polisregion-2025,skjutningar,avlidna,Mitt,2025,10,1
polisen__skjutningar-per-polisregion-2025,skjutningar,avlidna,Mitt,2025,11,0
polisen__skjutningar-per-polisregion-2025,skjutningar,avlidna,Mitt,2025,12,0
polisen__skjutningar-per-polisregion-tolv-manader,skjutningar,avlidna,Mitt,2026,1,0
polisen__skjutningar-per-polisregion-tolv-manader,skjutningar,avlidna,Mitt,2026,2,0
polisen__skjutningar-per-polisregion-tolv-manader,skjutningar,avlidna,Mitt,2026,3,0
polisen__skjutningar-per-polisregion-tolv-manader,skjutningar,avlidna,Mitt,2026,4,0
polisen__skjutningar-per-polisregion-tolv-manader,skjutningar,avlidna,Mitt,2026,5,0
polisen__skjutningar-per-polisregion-tolv-manader,skjutningar,avlidna,Mitt,2026,6,0
polisen__skjutningar-per-polisregion-tolv-manader,skjutningar,avlidna,Mitt,2026,7,1
polisen__skjutningar-per-polisregion-tolv-manader,skjutningar,avlidna,Mitt,2026,8,0
polisen__skjutningar-per-polisregion-2017,skjutningar,avlidna,Nord,2017,1,0
polisen__skjutningar-per-polisregion-2017,skjutningar,avlidna,Nord,2017,2,0
polisen__skjutningar-per-polisregion-2017,skjutningar,avlidna,Nord,2017,3,0
polisen__skjutningar-per-polisregion-2017,skjutningar,avlidna,Nord,2017,4,0
polisen__skjutningar-per-polisregion-2017,skjutningar,avlidna,Nord,2017,5,0
polisen__skjutningar-per-polisregion-2017,skjutningar,avlidna,Nord,2017,6,0
polisen__skjutningar-per-polisregion-2017,skjutningar,avlidna,Nord,2017,7,0
polisen__skjutningar-per-polisregion-2017,skjutningar,avlidna,Nord,2017,8,0
polisen__skjutningar-per-polisregion-2017,skjutningar,avlidna,Nord,2017,9,0
polisen__skjutningar-per-polisregion-2017,skjutningar,avlidna,Nord,2017,10,0
polisen__skjutningar-per-polisregion-2017,skjutningar,avlidna,Nord,2017,11,0
polisen__skjutningar-per-polisregion-2017,skjutningar,avlidna,Nord,2017,12,0
polisen__skjutningar-per-polisregion-2018,skjutningar,avlidna,Nord,2018,1,0
polisen__skjutningar-per-polisregion-2018,skjutningar,avlidna,Nord,2018,2,0
polisen__skjutningar-per-polisregion-2018,skjutningar,avlidna,Nord,2018,3,0
polisen__skjutningar-per-polisregion-2018,skjutningar,avlidna,Nord,2018,4,0
polisen__skjutningar-per-polisregion-2018,skjutningar,avlidna,Nord,2018,5,0
polisen__skjutningar-per-polisregion-2018,skjutningar,avlidna,Nord,2018,6,0
polisen__skjutningar-per-polisregion-2018,skjutningar,avlidna,Nord,2018,7,0
polisen__skjutningar-per-polisregion-2018,skjutningar,avlidna,Nord,2018,8,0
polisen__skjutningar-per-polisregion-2018,skjutningar,avlidna,Nord,2018,9,0
polisen__skjutningar-per-polisregion-2018,skjutningar,avlidna,Nord,2018,10,0
polisen__skjutningar-per-polisregion-2018,skjutningar,avlidna,Nord,2018,11,0
polisen__skjutningar-per-polisregion-2018,skjutningar,avlidna,Nord,2018,12,0
polisen__skjutningar-per-polisregion-2019,skjutningar,avlidna,Nord,2019,1,1
polisen__skjutningar-per-polisregion-2019,skjutningar,avlidna,Nord,2019,2,0
polisen__skjutningar-per-polisregion-2019,skjutningar,avlidna,Nord,2019,3,0
polisen__skjutningar-per-polisregion-2019,skjutningar,avlidna,Nord,2019,4,0
polisen__skjutningar-per-polisregion-2019,skjutningar,avlidna,Nord,2019,5,0
polisen__skjutningar-per-polisregion-2019,skjutningar,avlidna,Nord,2019,6,0
polisen__skjutningar-per-polisregion-2019,skjutningar,avlidna,Nord,2019,7,0
polisen__skjutningar-per-polisregion-2019,skjutningar,avlidna,Nord,2019,8,0
polisen__skjutningar-per-polisregion-2019,skjutningar,avlidna,Nord,2019,9,0
polisen__skjutningar-per-polisregion-2019,skjutningar,avlidna,Nord,2019,10,0
polisen__skjutningar-per-polisregion-2019,skjutningar,avlidna,Nord,2019,11,0
polisen__skjutningar-per-polisregion-2019,skjutningar,avlidna,Nord,2019,12,1
polisen__skjutningar-per-polisregion-2020,skjutningar,avlidna,Nord,2020,1,1
polisen__skjutningar-per-polisregion-2020,skjutningar,avlidna,Nord,2020,2,0
polisen__skjutningar-per-polisregion-2020,skjutningar,avlidna,Nord,2020,3,0
polisen__skjutningar-per-polisregion-2020,skjutningar,avlidna,Nord,2020,4,0
polisen__skjutningar-per-polisregion-2020,skjutningar,avlidna,Nord,2020,5,0
polisen__skjutningar-per-polisregion-2020,skjutningar,avlidna,Nord,2020,6,0
polisen__skjutningar-per-polisregion-2020,skjutningar,avlidna,Nord,2020,7,0
polisen__skjutningar-per-polisregion-2020,skjutningar,avlidna,Nord,2020,8,0
polisen__skjutningar-per-polisregion-2020,skjutningar,avlidna,Nord,2020,9,0
polisen__skjutningar-per-polisregion-2020,skjutningar,avlidna,Nord,2020,10,1
polisen__skjutningar-per-polisregion-2020,skjutningar,avlidna,Nord,2020,11,0
polisen__skjutningar-per-polisregion-2020,skjutningar,avlidna,Nord,2020,12,1
polisen__skjutningar-per-polisregion-2021,skjutningar,avlidna,Nord,2021,1,0
polisen__skjutningar-per-polisregion-2021,skjutningar,avlidna,Nord,2021,2,0
polisen__skjutningar-per-polisregion-2021,skjutningar,avlidna,Nord,2021,3,0
polisen__skjutningar-per-polisregion-2021,skjutningar,avlidna,Nord,2021,4,0
polisen__skjutningar-per-polisregion-2021,skjutningar,avlidna,Nord,2021,5,0
polisen__skjutningar-per-polisregion-2021,skjutningar,avlidna,Nord,2021,6,0
polisen__skjutningar-per-polisregion-2021,skjutningar,avlidna,Nord,2021,7,1
polisen__skjutningar-per-polisregion-2021,skjutningar,avlidna,Nord,2021,8,0
polisen__skjutningar-per-polisregion-2021,skjutningar,avlidna,Nord,2021,9,0
polisen__skjutningar-per-polisregion-2021,skjutningar,avlidna,Nord,2021,10,0
polisen__skjutningar-per-polisregion-2021,skjutningar,avlidna,Nord,2021,11,0
polisen__skjutningar-per-polisregion-2021,skjutningar,avlidna,Nord,2021,12,0
polisen__skjutningar-per-polisregion-2022,skjutningar,avlidna,Nord,2022,1,0
polisen__skjutningar-per-polisregion-2022,skjutningar,avlidna,Nord,2022,2,0
polisen__skjutningar-per-polisregion-2022,skjutningar,avlidna,Nord,2022,3,0
polisen__skjutningar-per-polisregion-2022,skjutningar,avlidna,Nord,2022,4,1
polisen__skjutningar-per-polisregion-2022,skjutningar,avlidna,Nord,2022,5,0
polisen__skjutningar-per-polisregion-2022,skjutningar,avlidna,Nord,2022,6,0
polisen__skjutningar-per-polisregion-2022,skjutningar,avlidna,Nord,2022,7,0
polisen__skjutningar-per-polisregion-2022,skjutningar,avlidna,Nord,2022,8,0
polisen__skjutningar-per-polisregion-2022,skjutningar,avlidna,Nord,2022,9,0
polisen__skjutningar-per-polisregion-2022,skjutningar,avlidna,Nord,2022,10,0
polisen__skjutningar-per-polisregion-2022,skjutningar,avlidna,Nord,2022,11,0
polisen__skjutningar-per-polisregion-2022,skjutningar,avlidna,Nord,2022,12,1
polisen__skjutningar-per-polisregion-2023,skjutningar,avlidna,Nord,2023,1,0
polisen__skjutningar-per-polisregion-2023,skjutningar,avlidna,Nord,2023,2,0
polisen__skjutningar-per-polisregion-2023,skjutningar,avlidna,Nord,2023,3,0
polisen__skjutningar-per-polisregion-2023,skjutningar,avlidna,Nord,2023,4,0
polisen__skjutningar-per-polisregion-2023,skjutningar,avlidna,Nord,2023,5,0
polisen__skjutningar-per-polisregion-2023,skjutningar,avlidna,Nord,2023,6,0
polisen__skjutningar-per-polisregion-2023,skjutningar,avlidna,Nord,2023,7,0
polisen__skjutningar-per-polisregion-2023,skjutningar,avlidna,Nord,2023,8,0
polisen__skjutningar-per-polisregion-2023,skjutningar,avlidna,Nord,2023,9,0
polisen__skjutningar-per-polisregion-2023,skjutningar,avlidna,Nord,2023,10,0
polisen__skjutningar-per-polisregion-2023,skjutningar,avlidna,Nord,2023,11,0
polisen__skjutningar-per-polisregion-2023,skjutningar,avlidna,Nord,2023,12,0
polisen__skjutningar-per-polisregion-2024,skjutningar,avlidna,Nord,2024,1,0
polisen__skjutningar-per-polisregion-2024,skjutningar,avlidna,Nord,2024,2,0
polisen__skjutningar-per-polisregion-2024,skjutningar,avlidna,Nord,2024,3,0
polisen__skjutningar-per-polisregion-2024,skjutningar,avlidna,Nord,2024,4,0
polisen__skjutningar-per-polisregion-2024,skjutningar,avlidna,Nord,2024,5,0
polisen__skjutningar-per-polisregion-2024,skjutningar,avlidna,Nord,2024,6,0
polisen__skjutningar-per-polisregion-2024,skjutningar,avlidna,Nord,2024,7,0
polisen__skjutningar-per-polisregion-2024,skjutningar,avlidna,Nord,2024,8,0
polisen__skjutningar-per-polisregion-2024,skjutningar,avlidna,Nord,2024,9,0
polisen__skjutningar-per-polisregion-2024,skjutningar,avlidna,Nord,2024,10,0
polisen__skjutningar-per-polisregion-2024,skjutningar,avlidna,Nord,2024,11,0
polisen__skjutningar-per-polisregion-2024,skjutningar,avlidna,Nord,2024,12,0
polisen__skjutningar-per-polisregion-2025,skjutningar,avlidna,Nord,2025,1,0
polisen__skjutningar-per-polisregion-2025,skjutningar,avlidna,Nord,2025,2,0
polisen__skjutningar-per-polisregion-2025,skjutningar,avlidna,Nord,2025,3,0
polisen__skjutningar-per-polisregion-2025,skjutningar,avlidna,Nord,2025,4,0
polisen__skjutningar-per-polisregion-2025,skjutningar,avlidna,Nord,2025,5,0
polisen__skjutningar-per-polisregion-2025,skjutningar,avlidna,Nord,2025,6,0
polisen__skjutningar-per-polisregion-2025,skjutningar,avlidna,Nord,2025,7,0
polisen__skjutningar-per-polisregion-2025,skjutningar,avlidna,Nord,2025,8,0
polisen__skjutningar-per-polisregion-2025,skjutningar,avlidna,Nord,2025,9,0
polisen__skjutningar-per-polisregion-2025,skjutningar,avlidna,Nord,2025,10,0
polisen__skjutningar-per-polisregion-2025,skjutningar,avlidna,Nord,2025,11,0
polisen__skjutningar-per-polisregion-2025,skjutningar,avlidna,Nord,2025,12,0
polisen__skjutningar-per-polisregion-tolv-manader,skjutningar,avlidna,Nord,2026,1,0
polisen__skjutningar-per-polisregion-tolv-manader,skjutningar,avlidna,Nord,2026,2,0
polisen__skjutningar-per-polisregion-tolv-manader,skjutningar,avlidna,Nord,2026,3,0
polisen__skjutningar-per-polisregion-tolv-manader,skjutningar,avlidna,Nord,2026,4,0
polisen__skjutningar-per-polisregion-tolv-manader,skjutningar,avlidna,Nord,2026,5,0
polisen__skjutningar-per-polisregion-tolv-manader,skjutningar,avlidna,Nord,2026,6,0
polisen__skjutningar-per-polisregion-tolv-manader,skjutningar,avlidna,Nord,2026,7,0
polisen__skjutningar-per-polisregion-tolv-manader,skjutningar,avlidna,Nord,2026,8,0
polisen__skjutningar-per-polisregion-2017,skjutningar,avlidna,Stockholm,2017,1,0
polisen__skjutningar-per-polisregion-2017,skjutningar,avlidna,Stockholm,2017,2,0
polisen__skjutningar-per-polisregion-2017,skjutningar,avlidna,Stockholm,2017,3,0
polisen__skjutningar-per-polisregion-2017,skjutningar,avlidna,Stockholm,2017,4,0
polisen__skjutningar-per-polisregion-2017,skjutningar,avlidna,Stockholm,2017,5,1
polisen__skjutningar-per-polisregion-2017,skjutningar,avlidna,Stockholm,2017,6,2
polisen__skjutningar-per-polisregion-2017,skjutningar,avlidna,Stockholm,2017,7,1
polisen__skjutningar-per-polisregion-2017,skjutningar,avlidna,Stockholm,2017,8,1
polisen__skjutningar-per-polisregion-2017,skjutningar,avlidna,Stockholm,2017,9,1
polisen__skjutningar-per-polisregion-2017,skjutningar,avlidna,Stockholm,2017,10,1
polisen__skjutningar-per-polisregion-2017,skjutningar,avlidna,Stockholm,2017,11,3
polisen__skjutningar-per-polisregion-2017,skjutningar,avlidna,Stockholm,2017,12,1
polisen__skjutningar-per-polisregion-2018,skjutningar,avlidna,Stockholm,2018,1,2
polisen__skjutningar-per-polisregion-2018,skjutningar,avlidna,Stockholm,2018,2,0
polisen__skjutningar-per-polisregion-2018,skjutningar,avlidna,Stockholm,2018,3,0
polisen__skjutningar-per-polisregion-2018,skjutningar,avlidna,Stockholm,2018,4,0
polisen__skjutningar-per-polisregion-2018,skjutningar,avlidna,Stockholm,2018,5,0
polisen__skjutningar-per-polisregion-2018,skjutningar,avlidna,Stockholm,2018,6,4
polisen__skjutningar-per-polisregion-2018,skjutningar,avlidna,Stockholm,2018,7,0
polisen__skjutningar-per-polisregion-2018,skjutningar,avlidna,Stockholm,2018,8,0
polisen__skjutningar-per-polisregion-2018,skjutningar,avlidna,Stockholm,2018,9,1
polisen__skjutningar-per-polisregion-2018,skjutningar,avlidna,Stockholm,2018,10,1
polisen__skjutningar-per-polisregion-2018,skjutningar,avlidna,Stockholm,2018,11,2
polisen__skjutningar-per-polisregion-2018,skjutningar,avlidna,Stockholm,2018,12,1
polisen__skjutningar-per-polisregion-2019,skjutningar,avlidna,Stockholm,2019,1,2
polisen__skjutningar-per-polisregion-2019,skjutningar,avlidna,Stockholm,2019,2,3
polisen__skjutningar-per-polisregion-2019,skjutningar,avlidna,Stockholm,2019,3,1
polisen__skjutningar-per-polisregion-2019,skjutningar,avlidna,Stockholm,2019,4,3
polisen__skjutningar-per-polisregion-2019,skjutningar,avlidna,Stockholm,2019,5,0
polisen__skjutningar-per-polisregion-2019,skjutningar,avlidna,Stockholm,2019,6,2
polisen__skjutningar-per-polisregion-2019,skjutningar,avlidna,Stockholm,2019,7,0
polisen__skjutningar-per-polisregion-2019,skjutningar,avlidna,Stockholm,2019,8,3
polisen__skjutningar-per-polisregion-2019,skjutningar,avlidna,Stockholm,2019,9,1
polisen__skjutningar-per-polisregion-2019,skjutningar,avlidna,Stockholm,2019,10,1
polisen__skjutningar-per-polisregion-2019,skjutningar,avlidna,Stockholm,2019,11,0
polisen__skjutningar-per-polisregion-2019,skjutningar,avlidna,Stockholm,2019,12,1
polisen__skjutningar-per-polisregion-2020,skjutningar,avlidna,Stockholm,2020,1,2
polisen__skjutningar-per-polisregion-2020,skjutningar,avlidna,Stockholm,2020,2,1
polisen__skjutningar-per-polisregion-2020,skjutningar,avlidna,Stockholm,2020,3,2
polisen__skjutningar-per-polisregion-2020,skjutningar,avlidna,Stockholm,2020,4,2
polisen__skjutningar-per-polisregion-2020,skjutningar,avlidna,Stockholm,2020,5,1
polisen__skjutningar-per-polisregion-2020,skjutningar,avlidna,Stockholm,2020,6,1
polisen__skjutningar-per-polisregion-2020,skjutningar,avlidna,Stockholm,2020,7,1
polisen__skjutningar-per-polisregion-2020,skjutningar,avlidna,Stockholm,2020,8,5
polisen__skjutningar-per-polisregion-2020,skjutningar,avlidna,Stockholm,2020,9,2
polisen__skjutningar-per-polisregion-2020,skjutningar,avlidna,Stockholm,2020,10,2
polisen__skjutningar-per-polisregion-2020,skjutningar,avlidna,Stockholm,2020,11,4
polisen__skjutningar-per-polisregion-2020,skjutningar,avlidna,Stockholm,2020,12,2
polisen__skjutningar-per-polisregion-2021,skjutningar,avlidna,Stockholm,2021,1,1
polisen__skjutningar-per-polisregion-2021,skjutningar,avlidna,Stockholm,2021,2,2
polisen__skjutningar-per-polisregion-2021,skjutningar,avlidna,Stockholm,2021,3,1
polisen__skjutningar-per-polisregion-2021,skjutningar,avlidna,Stockholm,2021,4,2
polisen__skjutningar-per-polisregion-2021,skjutningar,avlidna,Stockholm,2021,5,5
polisen__skjutningar-per-polisregion-2021,skjutningar,avlidna,Stockholm,2021,6,1
polisen__skjutningar-per-polisregion-2021,skjutningar,avlidna,Stockholm,2021,7,2
polisen__skjutningar-per-polisregion-2021,skjutningar,avlidna,Stockholm,2021,8,4
polisen__skjutningar-per-polisregion-2021,skjutningar,avlidna,Stockholm,2021,9,0
polisen__skjutningar-per-polisregion-2021,skjutningar,avlidna,Stockholm,2021,10,2
polisen__skjutningar-per-polisregion-2021,skjutningar,avlidna,Stockholm,2021,11,2
polisen__skjutningar-per-polisregion-2021,skjutningar,avlidna,Stockholm,2021,12,1
polisen__skjutningar-per-polisregion-2022,skjutningar,avlidna,Stockholm,2022,1,3
polisen__skjutningar-per-polisregion-2022,skjutningar,avlidna,Stockholm,2022,2,3
polisen__skjutningar-per-polisregion-2022,skjutningar,avlidna,Stockholm,2022,3,2
polisen__skjutningar-per-polisregion-2022,skjutningar,avlidna,Stockholm,2022,4,5
polisen__skjutningar-per-polisregion-2022,skjutningar,avlidna,Stockholm,2022,5,0
polisen__skjutningar-per-polisregion-2022,skjutningar,avlidna,Stockholm,2022,6,2
polisen__skjutningar-per-polisregion-2022,skjutningar,avlidna,Stockholm,2022,7,4
polisen__skjutningar-per-polisregion-2022,skjutningar,avlidna,Stockholm,2022,8,3
polisen__skjutningar-per-polisregion-2022,skjutningar,avlidna,Stockholm,2022,9,1
polisen__skjutningar-per-polisregion-2022,skjutningar,avlidna,Stockholm,2022,10,3
polisen__skjutningar-per-polisregion-2022,skjutningar,avlidna,Stockholm,2022,11,0
polisen__skjutningar-per-polisregion-2022,skjutningar,avlidna,Stockholm,2022,12,3
polisen__skjutningar-per-polisregion-2023,skjutningar,avlidna,Stockholm,2023,1,3
polisen__skjutningar-per-polisregion-2023,skjutningar,avlidna,Stockholm,2023,2,0
polisen__skjutningar-per-polisregion-2023,skjutningar,avlidna,Stockholm,2023,3,2
polisen__skjutningar-per-polisregion-2023,skjutningar,avlidna,Stockholm,2023,4,3
polisen__skjutningar-per-polisregion-2023,skjutningar,avlidna,Stockholm,2023,5,3
polisen__skjutningar-per-polisregion-2023,skjutningar,avlidna,Stockholm,2023,6,2
polisen__skjutningar-per-polisregion-2023,skjutningar,avlidna,Stockholm,2023,7,1
polisen__skjutningar-per-polisregion-2023,skjutningar,avlidna,Stockholm,2023,8,2
polisen__skjutningar-per-polisregion-2023,skjutningar,avlidna,Stockholm,2023,9,7
polisen__skjutningar-per-polisregion-2023,skjutningar,avlidna,Stockholm,2023,10,3
polisen__skjutningar-per-polisregion-2023,skjutningar,avlidna,Stockholm,2023,11,0
polisen__skjutningar-per-polisregion-2023,skjutningar,avlidna,Stockholm,2023,12,0
polisen__skjutningar-per-polisregion-2024,skjutningar,avlidna,Stockholm,2024,1,0
polisen__skjutningar-per-polisregion-2024,skjutningar,avlidna,Stockholm,2024,2,0
polisen__skjutningar-per-polisregion-2024,skjutningar,avlidna,Stockholm,2024,3,3
polisen__skjutningar-per-polisregion-2024,skjutningar,avlidna,Stockholm,2024,4,1
polisen__skjutningar-per-polisregion-2024,skjutningar,avlidna,Stockholm,2024,5,2
polisen__skjutningar-per-polisregion-2024,skjutningar,avlidna,Stockholm,2024,6,1
polisen__skjutningar-per-polisregion-2024,skjutningar,avlidna,Stockholm,2024,7,3
polisen__skjutningar-per-polisregion-2024,skjutningar,avlidna,Stockholm,2024,8,2
polisen__skjutningar-per-polisregion-2024,skjutningar,avlidna,Stockholm,2024,9,0
polisen__skjutningar-per-polisregion-2024,skjutningar,avlidna,Stockholm,2024,10,2
polisen__skjutningar-per-polisregion-2024,skjutningar,avlidna,Stockholm,2024,11,0
polisen__skjutningar-per-polisregion-2024,skjutningar,avlidna,Stockholm,2024,12,0
polisen__skjutningar-per-polisregion-2025,skjutningar,avlidna,Stockholm,2025,1,2
polisen__skjutningar-per-polisregion-2025,skjutningar,avlidna,Stockholm,2025,2,1
polisen__skjutningar-per-polisregion-2025,skjutningar,avlidna,Stockholm,2025,3,2
polisen__skjutningar-per-polisregion-2025,skjutningar,avlidna,Stockholm,2025,4,0
polisen__skjutningar-per-polisregion-2025,skjutningar,avlidna,Stockholm,2025,5,0
polisen__skjutningar-per-polisregion-2025,skjutningar,avlidna,Stockholm,2025,6,1
polisen__skjutningar-per-polisregion-2025,skjutningar,avlidna,Stockholm,2025,7,1
polisen__skjutningar-per-polisregion-2025,skjutningar,avlidna,Stockholm,2025,8,2
polisen__skjutningar-per-polisregion-2025,skjutningar,avlidna,Stockholm,2025,9,1
polisen__skjutningar-per-polisregion-2025,skjutningar,avlidna,Stockholm,2025,10,1
polisen__skjutningar-per-polisregion-2025,skjutningar,avlidna,Stockholm,2025,11,1
polisen__skjutningar-per-polisregion-2025,skjutningar,avlidna,Stockholm,2025,12,0
polisen__skjutningar-per-polisregion-tolv-manader,skjutningar,avlidna,Stockholm,2026,1,0
polisen__skjutningar-per-polisregion-tolv-manader,skjutningar,avlidna,Stockholm,2026,2,0
polisen__skjutningar-per-polisregion-tolv-manader,skjutningar,avlidna,Stockholm,2026,3,2
polisen__skjutningar-per-polisregion-tolv-manader,skjutningar,avlidna,Stockholm,2026,4,1
polisen__skjutningar-per-polisregion-tolv-manader,skjutningar,avlidna,Stockholm,2026,5,0
polisen__skjutningar-per-polisregion-tolv-manader,skjutningar,avlidna,Stockholm,2026,6,0
polisen__skjutningar-per-polisregion-tolv-manader,skjutningar,avlidna,Stockholm,2026,7,1
polisen__skjutningar-per-polisregion-tolv-manader,skjutningar,avlidna,Stockholm,2026,8,0
polisen__skjutningar-per-polisregion-2017,skjutningar,avlidna,Syd,2017,1,2
polisen__skjutningar-per-polisregion-2017,skjutningar,avlidna,Syd,2017,2,1
polisen__skjutningar-per-polisregion-2017,skjutningar,avlidna,Syd,2017,3,2
polisen__skjutningar-per-polisregion-2017,skjutningar,avlidna,Syd,2017,4,0
polisen__skjutningar-per-polisregion-2017,skjutningar,avlidna,Syd,2017,5,1
polisen__skjutningar-per-polisregion-2017,skjutningar,avlidna,Syd,2017,6,2
polisen__skjutningar-per-polisregion-2017,skjutningar,avlidna,Syd,2017,7,0
polisen__skjutningar-per-polisregion-2017,skjutningar,avlidna,Syd,2017,8,0
polisen__skjutningar-per-polisregion-2017,skjutningar,avlidna,Syd,2017,9,0
polisen__skjutningar-per-polisregion-2017,skjutningar,avlidna,Syd,2017,10,1
polisen__skjutningar-per-polisregion-2017,skjutningar,avlidna,Syd,2017,11,1
polisen__skjutningar-per-polisregion-2017,skjutningar,avlidna,Syd,2017,12,0
polisen__skjutningar-per-polisregion-2018,skjutningar,avlidna,Syd,2018,1,2
polisen__skjutningar-per-polisregion-2018,skjutningar,avlidna,Syd,2018,2,1
polisen__skjutningar-per-polisregion-2018,skjutningar,avlidna,Syd,2018,3,0
polisen__skjutningar-per-polisregion-2018,skjutningar,avlidna,Syd,2018,4,1
polisen__skjutningar-per-polisregion-2018,skjutningar,avlidna,Syd,2018,5,2
polisen__skjutningar-per-polisregion-2018,skjutningar,avlidna,Syd,2018,6,4
polisen__skjutningar-per-polisregion-2018,skjutningar,avlidna,Syd,2018,7,2
polisen__skjutningar-per-polisregion-2018,skjutningar,avlidna,Syd,2018,8,0
polisen__skjutningar-per-polisregion-2018,skjutningar,avlidna,Syd,2018,9,1
polisen__skjutningar-per-polisregion-2018,skjutningar,avlidna,Syd,2018,10,0
polisen__skjutningar-per-polisregion-2018,skjutningar,avlidna,Syd,2018,11,0
polisen__skjutningar-per-polisregion-2018,skjutningar,avlidna,Syd,2018,12,1
polisen__skjutningar-per-polisregion-2019,skjutningar,avlidna,Syd,2019,1,0
polisen__skjutningar-per-polisregion-2019,skjutningar,avlidna,Syd,2019,2,0
polisen__skjutningar-per-polisregion-2019,skjutningar,avlidna,Syd,2019,3,0
polisen__skjutningar-per-polisregion-2019,skjutningar,avlidna,Syd,2019,4,2
polisen__skjutningar-per-polisregion-2019,skjutningar,avlidna,Syd,2019,5,0
polisen__skjutningar-per-polisregion-2019,skjutningar,avlidna,Syd,2019,6,2
polisen__skjutningar-per-polisregion-2019,skjutningar,avlidna,Syd,2019,7,0
polisen__skjutningar-per-polisregion-2019,skjutningar,avlidna,Syd,2019,8,1
polisen__skjutningar-per-polisregion-2019,skjutningar,avlidna,Syd,2019,9,0
polisen__skjutningar-per-polisregion-2019,skjutningar,avlidna,Syd,2019,10,2
polisen__skjutningar-per-polisregion-2019,skjutningar,avlidna,Syd,2019,11,1
polisen__skjutningar-per-polisregion-2019,skjutningar,avlidna,Syd,2019,12,3
polisen__skjutningar-per-polisregion-2020,skjutningar,avlidna,Syd,2020,1,1
polisen__skjutningar-per-polisregion-2020,skjutningar,avlidna,Syd,2020,2,1
polisen__skjutningar-per-polisregion-2020,skjutningar,avlidna,Syd,2020,3,2
polisen__skjutningar-per-polisregion-2020,skjutningar,avlidna,Syd,2020,4,0
polisen__skjutningar-per-polisregion-2020,skjutningar,avlidna,Syd,2020,5,1
polisen__skjutningar-per-polisregion-2020,skjutningar,avlidna,Syd,2020,6,0
polisen__skjutningar-per-polisregion-2020,skjutningar,avlidna,Syd,2020,7,0
polisen__skjutningar-per-polisregion-2020,skjutningar,avlidna,Syd,2020,8,0
polisen__skjutningar-per-polisregion-2020,skjutningar,avlidna,Syd,2020,9,0
polisen__skjutningar-per-polisregion-2020,skjutningar,avlidna,Syd,2020,10,0
polisen__skjutningar-per-polisregion-2020,skjutningar,avlidna,Syd,2020,11,0
polisen__skjutningar-per-polisregion-2020,skjutningar,avlidna,Syd,2020,12,1
polisen__skjutningar-per-polisregion-2021,skjutningar,avlidna,Syd,2021,1,0
polisen__skjutningar-per-polisregion-2021,skjutningar,avlidna,Syd,2021,2,0
polisen__skjutningar-per-polisregion-2021,skjutningar,avlidna,Syd,2021,3,0
polisen__skjutningar-per-polisregion-2021,skjutningar,avlidna,Syd,2021,4,1
polisen__skjutningar-per-polisregion-2021,skjutningar,avlidna,Syd,2021,5,1
polisen__skjutningar-per-polisregion-2021,skjutningar,avlidna,Syd,2021,6,0
polisen__skjutningar-per-polisregion-2021,skjutningar,avlidna,Syd,2021,7,0
polisen__skjutningar-per-polisregion-2021,skjutningar,avlidna,Syd,2021,8,2
polisen__skjutningar-per-polisregion-2021,skjutningar,avlidna,Syd,2021,9,1
polisen__skjutningar-per-polisregion-2021,skjutningar,avlidna,Syd,2021,10,1
polisen__skjutningar-per-polisregion-2021,skjutningar,avlidna,Syd,2021,11,0
polisen__skjutningar-per-polisregion-2021,skjutningar,avlidna,Syd,2021,12,1
polisen__skjutningar-per-polisregion-2022,skjutningar,avlidna,Syd,2022,1,3
polisen__skjutningar-per-polisregion-2022,skjutningar,avlidna,Syd,2022,2,2
polisen__skjutningar-per-polisregion-2022,skjutningar,avlidna,Syd,2022,3,1
polisen__skjutningar-per-polisregion-2022,skjutningar,avlidna,Syd,2022,4,1
polisen__skjutningar-per-polisregion-2022,skjutningar,avlidna,Syd,2022,5,1
polisen__skjutningar-per-polisregion-2022,skjutningar,avlidna,Syd,2022,6,1
polisen__skjutningar-per-polisregion-2022,skjutningar,avlidna,Syd,2022,7,2
polisen__skjutningar-per-polisregion-2022,skjutningar,avlidna,Syd,2022,8,2
polisen__skjutningar-per-polisregion-2022,skjutningar,avlidna,Syd,2022,9,1
polisen__skjutningar-per-polisregion-2022,skjutningar,avlidna,Syd,2022,10,0
polisen__skjutningar-per-polisregion-2022,skjutningar,avlidna,Syd,2022,11,1
polisen__skjutningar-per-polisregion-2022,skjutningar,avlidna,Syd,2022,12,0
polisen__skjutningar-per-polisregion-2023,skjutningar,avlidna,Syd,2023,1,0
polisen__skjutningar-per-polisregion-2023,skjutningar,avlidna,Syd,2023,2,1
polisen__skjutningar-per-polisregion-2023,skjutningar,avlidna,Syd,2023,3,0
polisen__skjutningar-per-polisregion-2023,skjutningar,avlidna,Syd,2023,4,0
polisen__skjutningar-per-polisregion-2023,skjutningar,avlidna,Syd,2023,5,1
polisen__skjutningar-per-polisregion-2023,skjutningar,avlidna,Syd,2023,6,1
polisen__skjutningar-per-polisregion-2023,skjutningar,avlidna,Syd,2023,7,0
polisen__skjutningar-per-polisregion-2023,skjutningar,avlidna,Syd,2023,8,2
polisen__skjutningar-per-polisregion-2023,skjutningar,avlidna,Syd,2023,9,0
polisen__skjutningar-per-polisregion-2023,skjutningar,avlidna,Syd,2023,10,1
polisen__skjutningar-per-polisregion-2023,skjutningar,avlidna,Syd,2023,11,0
polisen__skjutningar-per-polisregion-2023,skjutningar,avlidna,Syd,2023,12,0
polisen__skjutningar-per-polisregion-2024,skjutningar,avlidna,Syd,2024,1,1
polisen__skjutningar-per-polisregion-2024,skjutningar,avlidna,Syd,2024,2,0
polisen__skjutningar-per-polisregion-2024,skjutningar,avlidna,Syd,2024,3,1
polisen__skjutningar-per-polisregion-2024,skjutningar,avlidna,Syd,2024,4,2
polisen__skjutningar-per-polisregion-2024,skjutningar,avlidna,Syd,2024,5,0
polisen__skjutningar-per-polisregion-2024,skjutningar,avlidna,Syd,2024,6,0
polisen__skjutningar-per-polisregion-2024,skjutningar,avlidna,Syd,2024,7,0
polisen__skjutningar-per-polisregion-2024,skjutningar,avlidna,Syd,2024,8,2
polisen__skjutningar-per-polisregion-2024,skjutningar,avlidna,Syd,2024,9,0
polisen__skjutningar-per-polisregion-2024,skjutningar,avlidna,Syd,2024,10,2
polisen__skjutningar-per-polisregion-2024,skjutningar,avlidna,Syd,2024,11,1
polisen__skjutningar-per-polisregion-2024,skjutningar,avlidna,Syd,2024,12,2
polisen__skjutningar-per-polisregion-2025,skjutningar,avlidna,Syd,2025,1,1
polisen__skjutningar-per-polisregion-2025,skjutningar,avlidna,Syd,2025,2,0
polisen__skjutningar-per-polisregion-2025,skjutningar,avlidna,Syd,2025,3,0
polisen__skjutningar-per-polisregion-2025,skjutningar,avlidna,Syd,2025,4,0
polisen__skjutningar-per-polisregion-2025,skjutningar,avlidna,Syd,2025,5,0
polisen__skjutningar-per-polisregion-2025,skjutningar,avlidna,Syd,2025,6,0
polisen__skjutningar-per-polisregion-2025,skjutningar,avlidna,Syd,2025,7,1
polisen__skjutningar-per-polisregion-2025,skjutningar,avlidna,Syd,2025,8,0
polisen__skjutningar-per-polisregion-2025,skjutningar,avlidna,Syd,2025,9,0
polisen__skjutningar-per-polisregion-2025,skjutningar,avlidna,Syd,2025,10,1
polisen__skjutningar-per-polisregion-2025,skjutningar,avlidna,Syd,2025,11,0
polisen__skjutningar-per-polisregion-2025,skjutningar,avlidna,Syd,2025,12,1
polisen__skjutningar-per-polisregion-tolv-manader,skjutningar,avlidna,Syd,2026,1,0
polisen__skjutningar-per-polisregion-tolv-manader,skjutningar,avlidna,Syd,2026,2,0
polisen__skjutningar-per-polisregion-tolv-manader,skjutningar,avlidna,Syd,2026,3,1
polisen__skjutningar-per-polisregion-tolv-manader,skjutningar,avlidna,Syd,2026,4,1
polisen__skjutningar-per-polisregion-tolv-manader,skjutningar,avlidna,Syd,2026,5,0
polisen__skjutningar-per-polisregion-tolv-manader,skjutningar,avlidna,Syd,2026,6,1
polisen__skjutningar-per-polisregion-tolv-manader,skjutningar,avlidna,Syd,2026,7,1
polisen__skjutningar-per-polisregion-tolv-manader,skjutningar,avlidna,Syd,2026,8,0
polisen__skjutningar-per-polisregion-2017,skjutningar,avlidna,Totalt,2017,1,2
polisen__skjutningar-per-polisregion-2017,skjutningar,avlidna,Totalt,2017,2,1
polisen__skjutningar-per-polisregion-2017,skjutningar,avlidna,Totalt,2017,3,3
polisen__skjutningar-per-polisregion-2017,skjutningar,avlidna,Totalt,2017,4,2
polisen__skjutningar-per-polisregion-2017,skjutningar,avlidna,Totalt,2017,5,4
polisen__skjutningar-per-polisregion-2017,skjutningar,avlidna,Totalt,2017,6,6
polisen__skjutningar-per-polisregion-2017,skjutningar,avlidna,Totalt,2017,7,1
polisen__skjutningar-per-polisregion-2017,skjutningar,avlidna,Totalt,2017,8,3
polisen__skjutningar-per-polisregion-2017,skjutningar,avlidna,Totalt,2017,9,1
polisen__skjutningar-per-polisregion-2017,skjutningar,avlidna,Totalt,2017,10,2
polisen__skjutningar-per-polisregion-2017,skjutningar,avlidna,Totalt,2017,11,7
polisen__skjutningar-per-polisregion-2017,skjutningar,avlidna,Totalt,2017,12,2
polisen__skjutningar-per-polisregion-2018,skjutningar,avlidna,Totalt,2018,1,6
polisen__skjutningar-per-polisregion-2018,skjutningar,avlidna,Totalt,2018,2,2
polisen__skjutningar-per-polisregion-2018,skjutningar,avlidna,Totalt,2018,3,0
polisen__skjutningar-per-polisregion-2018,skjutningar,avlidna,Totalt,2018,4,1
polisen__skjutningar-per-polisregion-2018,skjutningar,avlidna,Totalt,2018,5,5
polisen__skjutningar-per-polisregion-2018,skjutningar,avlidna,Totalt,2018,6,8
polisen__skjutningar-per-polisregion-2018,skjutningar,avlidna,Totalt,2018,7,7
polisen__skjutningar-per-polisregion-2018,skjutningar,avlidna,Totalt,2018,8,1
polisen__skjutningar-per-polisregion-2018,skjutningar,avlidna,Totalt,2018,9,3
polisen__skjutningar-per-polisregion-2018,skjutningar,avlidna,Totalt,2018,10,2
polisen__skjutningar-per-polisregion-2018,skjutningar,avlidna,Totalt,2018,11,6
polisen__skjutningar-per-polisregion-2018,skjutningar,avlidna,Totalt,2018,12,2
polisen__skjutningar-per-polisregion-2019,skjutningar,avlidna,Totalt,2019,1,4
polisen__skjutningar-per-polisregion-2019,skjutningar,avlidna,Totalt,2019,2,5
polisen__skjutningar-per-polisregion-2019,skjutningar,avlidna,Totalt,2019,3,1
polisen__skjutningar-per-polisregion-2019,skjutningar,avlidna,Totalt,2019,4,6
polisen__skjutningar-per-polisregion-2019,skjutningar,avlidna,Totalt,2019,5,2
polisen__skjutningar-per-polisregion-2019,skjutningar,avlidna,Totalt,2019,6,4
polisen__skjutningar-per-polisregion-2019,skjutningar,avlidna,Totalt,2019,7,1
polisen__skjutningar-per-polisregion-2019,skjutningar,avlidna,Totalt,2019,8,4
polisen__skjutningar-per-polisregion-2019,skjutningar,avlidna,Totalt,2019,9,1
polisen__skjutningar-per-polisregion-2019,skjutningar,avlidna,Totalt,2019,10,4
polisen__skjutningar-per-polisregion-2019,skjutningar,avlidna,Totalt,2019,11,1
polisen__skjutningar-per-polisregion-2019,skjutningar,avlidna,Totalt,2019,12,10
polisen__skjutningar-per-polisregion-2020,skjutningar,avlidna,Totalt,2020,1,4
polisen__skjutningar-per-polisregion-2020,skjutningar,avlidna,Totalt,2020,2,3
polisen__skjutningar-per-polisregion-2020,skjutningar,avlidna,Totalt,2020,3,5
polisen__skjutningar-per-polisregion-2020,skjutningar,avlidna,Totalt,2020,4,3
polisen__skjutningar-per-polisregion-2020,skjutningar,avlidna,Totalt,2020,5,4
polisen__skjutningar-per-polisregion-2020,skjutningar,avlidna,Totalt,2020,6,3
polisen__skjutningar-per-polisregion-2020,skjutningar,avlidna,Totalt,2020,7,3
polisen__skjutningar-per-polisregion-2020,skjutningar,avlidna,Totalt,2020,8,5
polisen__skjutningar-per-polisregion-2020,skjutningar,avlidna,Totalt,2020,9,5
polisen__skjutningar-per-polisregion-2020,skjutningar,avlidna,Totalt,2020,10,3
polisen__skjutningar-per-polisregion-2020,skjutningar,avlidna,Totalt,2020,11,5
polisen__skjutningar-per-polisregion-2020,skjutningar,avlidna,Totalt,2020,12,4
polisen__skjutningar-per-polisregion-2021,skjutningar,avlidna,Totalt,2021,1,1
polisen__skjutningar-per-polisregion-2021,skjutningar,avlidna,Totalt,2021,2,3
polisen__skjutningar-per-polisregion-2021,skjutningar,avlidna,Totalt,2021,3,1
polisen__skjutningar-per-polisregion-2021,skjutningar,avlidna,Totalt,2021,4,3
polisen__skjutningar-per-polisregion-2021,skjutningar,avlidna,Totalt,2021,5,9
polisen__skjutningar-per-polisregion-2021,skjutningar,avlidna,Totalt,2021,6,3
polisen__skjutningar-per-polisregion-2021,skjutningar,avlidna,Totalt,2021,7,4
polisen__skjutningar-per-polisregion-2021,skjutningar,avlidna,Totalt,2021,8,9
polisen__skjutningar-per-polisregion-2021,skjutningar,avlidna,Totalt,2021,9,2
polisen__skjutningar-per-polisregion-2021,skjutningar,avlidna,Totalt,2021,10,4
polisen__skjutningar-per-polisregion-2021,skjutningar,avlidna,Totalt,2021,11,3
polisen__skjutningar-per-polisregion-2021,skjutningar,avlidna,Totalt,2021,12,3
polisen__skjutningar-per-polisregion-2022,skjutningar,avlidna,Totalt,2022,1,7
polisen__skjutningar-per-polisregion-2022,skjutningar,avlidna,Totalt,2022,2,7
polisen__skjutningar-per-polisregion-2022,skjutningar,avlidna,Totalt,2022,3,4
polisen__skjutningar-per-polisregion-2022,skjutningar,avlidna,Totalt,2022,4,8
polisen__skjutningar-per-polisregion-2022,skjutningar,avlidna,Totalt,2022,5,5
polisen__skjutningar-per-polisregion-2022,skjutningar,avlidna,Totalt,2022,6,3
polisen__skjutningar-per-polisregion-2022,skjutningar,avlidna,Totalt,2022,7,8
polisen__skjutningar-per-polisregion-2022,skjutningar,avlidna,Totalt,2022,8,5
polisen__skjutningar-per-polisregion-2022,skjutningar,avlidna,Totalt,2022,9,2
polisen__skjutningar-per-polisregion-2022,skjutningar,avlidna,Totalt,2022,10,5
polisen__skjutningar-per-polisregion-2022,skjutningar,avlidna,Totalt,2022,11,4
polisen__skjutningar-per-polisregion-2022,skjutningar,avlidna,Totalt,2022,12,4
polisen__skjutningar-per-polisregion-2023,skjutningar,avlidna,Totalt,2023,1,3
polisen__skjutningar-per-polisregion-2023,skjutningar,avlidna,Totalt,2023,2,2
polisen__skjutningar-per-polisregion-2023,skjutningar,avlidna,Totalt,2023,3,2
polisen__skjutningar-per-polisregion-2023,skjutningar,avlidna,Totalt,2023,4,7
polisen__skjutningar-per-polisregion-2023,skjutningar,avlidna,Totalt,2023,5,5
polisen__skjutningar-per-polisregion-2023,skjutningar,avlidna,Totalt,2023,6,4
polisen__skjutningar-per-polisregion-2023,skjutningar,avlidna,Totalt,2023,7,7
polisen__skjutningar-per-polisregion-2023,skjutningar,avlidna,Totalt,2023,8,5
polisen__skjutningar-per-polisregion-2023,skjutningar,avlidna,Totalt,2023,9,11
polisen__skjutningar-per-polisregion-2023,skjutningar,avlidna,Totalt,2023,10,4
polisen__skjutningar-per-polisregion-2023,skjutningar,avlidna,Totalt,2023,11,2
polisen__skjutningar-per-polisregion-2023,skjutningar,avlidna,Totalt,2023,12,2
polisen__skjutningar-per-polisregion-2024,skjutningar,avlidna,Totalt,2024,1,2
polisen__skjutningar-per-polisregion-2024,skjutningar,avlidna,Totalt,2024,2,2
polisen__skjutningar-per-polisregion-2024,skjutningar,avlidna,Totalt,2024,3,4
polisen__skjutningar-per-polisregion-2024,skjutningar,avlidna,Totalt,2024,4,4
polisen__skjutningar-per-polisregion-2024,skjutningar,avlidna,Totalt,2024,5,2
polisen__skjutningar-per-polisregion-2024,skjutningar,avlidna,Totalt,2024,6,4
polisen__skjutningar-per-polisregion-2024,skjutningar,avlidna,Totalt,2024,7,5
polisen__skjutningar-per-polisregion-2024,skjutningar,avlidna,Totalt,2024,8,8
polisen__skjutningar-per-polisregion-2024,skjutningar,avlidna,Totalt,2024,9,3
polisen__skjutningar-per-polisregion-2024,skjutningar,avlidna,Totalt,2024,10,5
polisen__skjutningar-per-polisregion-2024,skjutningar,avlidna,Totalt,2024,11,1
polisen__skjutningar-per-polisregion-2024,skjutningar,avlidna,Totalt,2024,12,4
polisen__skjutningar-per-polisregion-2025,skjutningar,avlidna,Totalt,2025,1,3
polisen__skjutningar-per-polisregion-2025,skjutningar,avlidna,Totalt,2025,2,13
polisen__skjutningar-per-polisregion-2025,skjutningar,avlidna,Totalt,2025,3,3
polisen__skjutningar-per-polisregion-2025,skjutningar,avlidna,Totalt,2025,4,6
polisen__skjutningar-per-polisregion-2025,skjutningar,avlidna,Totalt,2025,5,1
polisen__skjutningar-per-polisregion-2025,skjutningar,avlidna,Totalt,2025,6,1
polisen__skjutningar-per-polisregion-2025,skjutningar,avlidna,Totalt,2025,7,2
polisen__skjutningar-per-polisregion-2025,skjutningar,avlidna,Totalt,2025,8,3
polisen__skjutningar-per-polisregion-2025,skjutningar,avlidna,Totalt,2025,9,6
polisen__skjutningar-per-polisregion-2025,skjutningar,avlidna,Totalt,2025,10,3
polisen__skjutningar-per-polisregion-2025,skjutningar,avlidna,Totalt,2025,11,1
polisen__skjutningar-per-polisregion-2025,skjutningar,avlidna,Totalt,2025,12,1
polisen__skjutningar-per-polisregion-tolv-manader,skjutningar,avlidna,Totalt,2026,1,0
polisen__skjutningar-per-polisregion-tolv-manader,skjutningar,avlidna,Totalt,2026,2,1
polisen__skjutningar-per-polisregion-tolv-manader,skjutningar,avlidna,Totalt,2026,3,4
polisen__skjutningar-per-polisregion-tolv-manader,skjutningar,avlidna,Totalt,2026,4,3
polisen__skjutningar-per-polisregion-tolv-manader,skjutningar,avlidna,Totalt,2026,5,0
polisen__skjutningar-per-polisregion-tolv-manader,skjutningar,avlidna,Totalt,2026,6,1
polisen__skjutningar-per-polisregion-tolv-manader,skjutningar,avlidna,Totalt,2026,7,3
polisen__skjutningar-per-polisregion-tolv-manader,skjutningar,avlidna,Totalt,2026,8,0
polisen__skjutningar-per-polisregion-2017,skjutningar,avlidna,Väst,2017,1,0
polisen__skjutningar-per-polisregion-2017,skjutningar,avlidna,Väst,2017,2,0
polisen__skjutningar-per-polisregion-2017,skjutningar,avlidna,Väst,2017,3,0
polisen__skjutningar-per-polisregion-2017,skjutningar,avlidna,Väst,2017,4,0
polisen__skjutningar-per-polisregion-2017,skjutningar,avlidna,Väst,2017,5,1
polisen__skjutningar-per-polisregion-2017,skjutningar,avlidna,Väst,2017,6,2
polisen__skjutningar-per-polisregion-2017,skjutningar,avlidna,Väst,2017,7,0
polisen__skjutningar-per-polisregion-2017,skjutningar,avlidna,Väst,2017,8,1
polisen__skjutningar-per-polisregion-2017,skjutningar,avlidna,Väst,2017,9,0
polisen__skjutningar-per-polisregion-2017,skjutningar,avlidna,Väst,2017,10,0
polisen__skjutningar-per-polisregion-2017,skjutningar,avlidna,Väst,2017,11,0
polisen__skjutningar-per-polisregion-2017,skjutningar,avlidna,Väst,2017,12,1
polisen__skjutningar-per-polisregion-2018,skjutningar,avlidna,Väst,2018,1,2
polisen__skjutningar-per-polisregion-2018,skjutningar,avlidna,Väst,2018,2,0
polisen__skjutningar-per-polisregion-2018,skjutningar,avlidna,Väst,2018,3,0
polisen__skjutningar-per-polisregion-2018,skjutningar,avlidna,Väst,2018,4,0
polisen__skjutningar-per-polisregion-2018,skjutningar,avlidna,Väst,2018,5,3
polisen__skjutningar-per-polisregion-2018,skjutningar,avlidna,Väst,2018,6,0
polisen__skjutningar-per-polisregion-2018,skjutningar,avlidna,Väst,2018,7,2
polisen__skjutningar-per-polisregion-2018,skjutningar,avlidna,Väst,2018,8,0
polisen__skjutningar-per-polisregion-2018,skjutningar,avlidna,Väst,2018,9,1
polisen__skjutningar-per-polisregion-2018,skjutningar,avlidna,Väst,2018,10,0
polisen__skjutningar-per-polisregion-2018,skjutningar,avlidna,Väst,2018,11,1
polisen__skjutningar-per-polisregion-2018,skjutningar,avlidna,Väst,2018,12,0
polisen__skjutningar-per-polisregion-2019,skjutningar,avlidna,Väst,2019,1,0
polisen__skjutningar-per-polisregion-2019,skjutningar,avlidna,Väst,2019,2,0
polisen__skjutningar-per-polisregion-2019,skjutningar,avlidna,Väst,2019,3,0
polisen__skjutningar-per-polisregion-2019,skjutningar,avlidna,Väst,2019,4,0
polisen__skjutningar-per-polisregion-2019,skjutningar,avlidna,Väst,2019,5,2
polisen__skjutningar-per-polisregion-2019,skjutningar,avlidna,Väst,2019,6,0
polisen__skjutningar-per-polisregion-2019,skjutningar,avlidna,Väst,2019,7,0
polisen__skjutningar-per-polisregion-2019,skjutningar,avlidna,Väst,2019,8,0
polisen__skjutningar-per-polisregion-2019,skjutningar,avlidna,Väst,2019,9,0
polisen__skjutningar-per-polisregion-2019,skjutningar,avlidna,Väst,2019,10,0
polisen__skjutningar-per-polisregion-2019,skjutningar,avlidna,Väst,2019,11,0
polisen__skjutningar-per-polisregion-2019,skjutningar,avlidna,Väst,2019,12,2
polisen__skjutningar-per-polisregion-2020,skjutningar,avlidna,Väst,2020,1,0
polisen__skjutningar-per-polisregion-2020,skjutningar,avlidna,Väst,2020,2,0
polisen__skjutningar-per-polisregion-2020,skjutningar,avlidna,Väst,2020,3,1
polisen__skjutningar-per-polisregion-2020,skjutningar,avlidna,Väst,2020,4,0
polisen__skjutningar-per-polisregion-2020,skjutningar,avlidna,Väst,2020,5,1
polisen__skjutningar-per-polisregion-2020,skjutningar,avlidna,Väst,2020,6,0
polisen__skjutningar-per-polisregion-2020,skjutningar,avlidna,Väst,2020,7,0
polisen__skjutningar-per-polisregion-2020,skjutningar,avlidna,Väst,2020,8,0
polisen__skjutningar-per-polisregion-2020,skjutningar,avlidna,Väst,2020,9,0
polisen__skjutningar-per-polisregion-2020,skjutningar,avlidna,Väst,2020,10,0
polisen__skjutningar-per-polisregion-2020,skjutningar,avlidna,Väst,2020,11,1
polisen__skjutningar-per-polisregion-2020,skjutningar,avlidna,Väst,2020,12,0
polisen__skjutningar-per-polisregion-2021,skjutningar,avlidna,Väst,2021,1,0
polisen__skjutningar-per-polisregion-2021,skjutningar,avlidna,Väst,2021,2,0
polisen__skjutningar-per-polisregion-2021,skjutningar,avlidna,Väst,2021,3,0
polisen__skjutningar-per-polisregion-2021,skjutningar,avlidna,Väst,2021,4,0
polisen__skjutningar-per-polisregion-2021,skjutningar,avlidna,Väst,2021,5,1
polisen__skjutningar-per-polisregion-2021,skjutningar,avlidna,Väst,2021,6,1
polisen__skjutningar-per-polisregion-2021,skjutningar,avlidna,Väst,2021,7,1
polisen__skjutningar-per-polisregion-2021,skjutningar,avlidna,Väst,2021,8,0
polisen__skjutningar-per-polisregion-2021,skjutningar,avlidna,Väst,2021,9,0
polisen__skjutningar-per-polisregion-2021,skjutningar,avlidna,Väst,2021,10,0
polisen__skjutningar-per-polisregion-2021,skjutningar,avlidna,Väst,2021,11,0
polisen__skjutningar-per-polisregion-2021,skjutningar,avlidna,Väst,2021,12,0
polisen__skjutningar-per-polisregion-2022,skjutningar,avlidna,Väst,2022,1,0
polisen__skjutningar-per-polisregion-2022,skjutningar,avlidna,Väst,2022,2,1
polisen__skjutningar-per-polisregion-2022,skjutningar,avlidna,Väst,2022,3,1
polisen__skjutningar-per-polisregion-2022,skjutningar,avlidna,Väst,2022,4,1
polisen__skjutningar-per-polisregion-2022,skjutningar,avlidna,Väst,2022,5,0
polisen__skjutningar-per-polisregion-2022,skjutningar,avlidna,Väst,2022,6,0
polisen__skjutningar-per-polisregion-2022,skjutningar,avlidna,Väst,2022,7,1
polisen__skjutningar-per-polisregion-2022,skjutningar,avlidna,Väst,2022,8,0
polisen__skjutningar-per-polisregion-2022,skjutningar,avlidna,Väst,2022,9,0
polisen__skjutningar-per-polisregion-2022,skjutningar,avlidna,Väst,2022,10,1
polisen__skjutningar-per-polisregion-2022,skjutningar,avlidna,Väst,2022,11,1
polisen__skjutningar-per-polisregion-2022,skjutningar,avlidna,Väst,2022,12,0
polisen__skjutningar-per-polisregion-2023,skjutningar,avlidna,Väst,2023,1,0
polisen__skjutningar-per-polisregion-2023,skjutningar,avlidna,Väst,2023,2,0
polisen__skjutningar-per-polisregion-2023,skjutningar,avlidna,Väst,2023,3,0
polisen__skjutningar-per-polisregion-2023,skjutningar,avlidna,Väst,2023,4,1
polisen__skjutningar-per-polisregion-2023,skjutningar,avlidna,Väst,2023,5,1
polisen__skjutningar-per-polisregion-2023,skjutningar,avlidna,Väst,2023,6,1
polisen__skjutningar-per-polisregion-2023,skjutningar,avlidna,Väst,2023,7,0
polisen__skjutningar-per-polisregion-2023,skjutningar,avlidna,Väst,2023,8,0
polisen__skjutningar-per-polisregion-2023,skjutningar,avlidna,Väst,2023,9,0
polisen__skjutningar-per-polisregion-2023,skjutningar,avlidna,Väst,2023,10,0
polisen__skjutningar-per-polisregion-2023,skjutningar,avlidna,Väst,2023,11,0
polisen__skjutningar-per-polisregion-2023,skjutningar,avlidna,Väst,2023,12,0
polisen__skjutningar-per-polisregion-2024,skjutningar,avlidna,Väst,2024,1,0
polisen__skjutningar-per-polisregion-2024,skjutningar,avlidna,Väst,2024,2,2
polisen__skjutningar-per-polisregion-2024,skjutningar,avlidna,Väst,2024,3,0
polisen__skjutningar-per-polisregion-2024,skjutningar,avlidna,Väst,2024,4,0
polisen__skjutningar-per-polisregion-2024,skjutningar,avlidna,Väst,2024,5,0
polisen__skjutningar-per-polisregion-2024,skjutningar,avlidna,Väst,2024,6,1
polisen__skjutningar-per-polisregion-2024,skjutningar,avlidna,Väst,2024,7,1
polisen__skjutningar-per-polisregion-2024,skjutningar,avlidna,Väst,2024,8,1
polisen__skjutningar-per-polisregion-2024,skjutningar,avlidna,Väst,2024,9,1
polisen__skjutningar-per-polisregion-2024,skjutningar,avlidna,Väst,2024,10,0
polisen__skjutningar-per-polisregion-2024,skjutningar,avlidna,Väst,2024,11,0
polisen__skjutningar-per-polisregion-2024,skjutningar,avlidna,Väst,2024,12,1
polisen__skjutningar-per-polisregion-2025,skjutningar,avlidna,Väst,2025,1,0
polisen__skjutningar-per-polisregion-2025,skjutningar,avlidna,Väst,2025,2,0
polisen__skjutningar-per-polisregion-2025,skjutningar,avlidna,Väst,2025,3,1
polisen__skjutningar-per-polisregion-2025,skjutningar,avlidna,Väst,2025,4,2
polisen__skjutningar-per-polisregion-2025,skjutningar,avlidna,Väst,2025,5,0
polisen__skjutningar-per-polisregion-2025,skjutningar,avlidna,Väst,2025,6,0
polisen__skjutningar-per-polisregion-2025,skjutningar,avlidna,Väst,2025,7,0
polisen__skjutningar-per-polisregion-2025,skjutningar,avlidna,Väst,2025,8,0
polisen__skjutningar-per-polisregion-2025,skjutningar,avlidna,Väst,2025,9,3
polisen__skjutningar-per-polisregion-2025,skjutningar,avlidna,Väst,2025,10,0
polisen__skjutningar-per-polisregion-2025,skjutningar,avlidna,Väst,2025,11,0
polisen__skjutningar-per-polisregion-2025,skjutningar,avlidna,Väst,2025,12,0
polisen__skjutningar-per-polisregion-tolv-manader,skjutningar,avlidna,Väst,2026,1,0
polisen__skjutningar-per-polisregion-tolv-manader,skjutningar,avlidna,Väst,2026,2,0
polisen__skjutningar-per-polisregion-tolv-manader,skjutningar,avlidna,Väst,2026,3,0
polisen__skjutningar-per-polisregion-tolv-manader,skjutningar,avlidna,Väst,2026,4,0
polisen__skjutningar-per-polisregion-tolv-manader,skjutningar,avlidna,Väst,2026,5,0
polisen__skjutningar-per-polisregion-tolv-manader,skjutningar,avlidna,Väst,2026,6,0
polisen__skjutningar-per-polisregion-tolv-manader,skjutningar,avlidna,Väst,2026,7,0
polisen__skjutningar-per-polisregion-tolv-manader,skjutningar,avlidna,Väst,2026,8,0
polisen__skjutningar-per-polisregion-2017,skjutningar,avlidna,Öst,2017,1,0
polisen__skjutningar-per-polisregion-2017,skjutningar,avlidna,Öst,2017,2,0
polisen__skjutningar-per-polisregion-2017,skjutningar,avlidna,Öst,2017,3,1
polisen__skjutningar-per-polisregion-2017,skjutningar,avlidna,Öst,2017,4,0
polisen__skjutningar-per-polisregion-2017,skjutningar,avlidna,Öst,2017,5,1
polisen__skjutningar-per-polisregion-2017,skjutningar,avlidna,Öst,2017,6,0
polisen__skjutningar-per-polisregion-2017,skjutningar,avlidna,Öst,2017,7,0
polisen__skjutningar-per-polisregion-2017,skjutningar,avlidna,Öst,2017,8,0
polisen__skjutningar-per-polisregion-2017,skjutningar,avlidna,Öst,2017,9,0
polisen__skjutningar-per-polisregion-2017,skjutningar,avlidna,Öst,2017,10,0
polisen__skjutningar-per-polisregion-2017,skjutningar,avlidna,Öst,2017,11,2
polisen__skjutningar-per-polisregion-2017,skjutningar,avlidna,Öst,2017,12,0
polisen__skjutningar-per-polisregion-2018,skjutningar,avlidna,Öst,2018,1,0
polisen__skjutningar-per-polisregion-2018,skjutningar,avlidna,Öst,2018,2,0
polisen__skjutningar-per-polisregion-2018,skjutningar,avlidna,Öst,2018,3,0
polisen__skjutningar-per-polisregion-2018,skjutningar,avlidna,Öst,2018,4,0
polisen__skjutningar-per-polisregion-2018,skjutningar,avlidna,Öst,2018,5,0
polisen__skjutningar-per-polisregion-2018,skjutningar,avlidna,Öst,2018,6,0
polisen__skjutningar-per-polisregion-2018,skjutningar,avlidna,Öst,2018,7,0
polisen__skjutningar-per-polisregion-2018,skjutningar,avlidna,Öst,2018,8,1
polisen__skjutningar-per-polisregion-2018,skjutningar,avlidna,Öst,2018,9,0
polisen__skjutningar-per-polisregion-2018,skjutningar,avlidna,Öst,2018,10,1
polisen__skjutningar-per-polisregion-2018,skjutningar,avlidna,Öst,2018,11,1
polisen__skjutningar-per-polisregion-2018,skjutningar,avlidna,Öst,2018,12,0
polisen__skjutningar-per-polisregion-2019,skjutningar,avlidna,Öst,2019,1,0
polisen__skjutningar-per-polisregion-2019,skjutningar,avlidna,Öst,2019,2,0
polisen__skjutningar-per-polisregion-2019,skjutningar,avlidna,Öst,2019,3,0
polisen__skjutningar-per-polisregion-2019,skjutningar,avlidna,Öst,2019,4,0
polisen__skjutningar-per-polisregion-2019,skjutningar,avlidna,Öst,2019,5,0
polisen__skjutningar-per-polisregion-2019,skjutningar,avlidna,Öst,2019,6,0
polisen__skjutningar-per-polisregion-2019,skjutningar,avlidna,Öst,2019,7,0
polisen__skjutningar-per-polisregion-2019,skjutningar,avlidna,Öst,2019,8,0
polisen__skjutningar-per-polisregion-2019,skjutningar,avlidna,Öst,2019,9,0
polisen__skjutningar-per-polisregion-2019,skjutningar,avlidna,Öst,2019,10,0
polisen__skjutningar-per-polisregion-2019,skjutningar,avlidna,Öst,2019,11,0
polisen__skjutningar-per-polisregion-2019,skjutningar,avlidna,Öst,2019,12,2
polisen__skjutningar-per-polisregion-2020,skjutningar,avlidna,Öst,2020,1,0
polisen__skjutningar-per-polisregion-2020,skjutningar,avlidna,Öst,2020,2,1
polisen__skjutningar-per-polisregion-2020,skjutningar,avlidna,Öst,2020,3,0
polisen__skjutningar-per-polisregion-2020,skjutningar,avlidna,Öst,2020,4,1
polisen__skjutningar-per-polisregion-2020,skjutningar,avlidna,Öst,2020,5,1
polisen__skjutningar-per-polisregion-2020,skjutningar,avlidna,Öst,2020,6,2
polisen__skjutningar-per-polisregion-2020,skjutningar,avlidna,Öst,2020,7,0
polisen__skjutningar-per-polisregion-2020,skjutningar,avlidna,Öst,2020,8,0
polisen__skjutningar-per-polisregion-2020,skjutningar,avlidna,Öst,2020,9,2
polisen__skjutningar-per-polisregion-2020,skjutningar,avlidna,Öst,2020,10,0
polisen__skjutningar-per-polisregion-2020,skjutningar,avlidna,Öst,2020,11,0
polisen__skjutningar-per-polisregion-2020,skjutningar,avlidna,Öst,2020,12,0
polisen__skjutningar-per-polisregion-2021,skjutningar,avlidna,Öst,2021,1,0
polisen__skjutningar-per-polisregion-2021,skjutningar,avlidna,Öst,2021,2,0
polisen__skjutningar-per-polisregion-2021,skjutningar,avlidna,Öst,2021,3,0
polisen__skjutningar-per-polisregion-2021,skjutningar,avlidna,Öst,2021,4,0
polisen__skjutningar-per-polisregion-2021,skjutningar,avlidna,Öst,2021,5,1
polisen__skjutningar-per-polisregion-2021,skjutningar,avlidna,Öst,2021,6,0
polisen__skjutningar-per-polisregion-2021,skjutningar,avlidna,Öst,2021,7,0
polisen__skjutningar-per-polisregion-2021,skjutningar,avlidna,Öst,2021,8,2
polisen__skjutningar-per-polisregion-2021,skjutningar,avlidna,Öst,2021,9,0
polisen__skjutningar-per-polisregion-2021,skjutningar,avlidna,Öst,2021,10,1
polisen__skjutningar-per-polisregion-2021,skjutningar,avlidna,Öst,2021,11,0
polisen__skjutningar-per-polisregion-2021,skjutningar,avlidna,Öst,2021,12,1
polisen__skjutningar-per-polisregion-2022,skjutningar,avlidna,Öst,2022,1,1
polisen__skjutningar-per-polisregion-2022,skjutningar,avlidna,Öst,2022,2,0
polisen__skjutningar-per-polisregion-2022,skjutningar,avlidna,Öst,2022,3,0
polisen__skjutningar-per-polisregion-2022,skjutningar,avlidna,Öst,2022,4,0
polisen__skjutningar-per-polisregion-2022,skjutningar,avlidna,Öst,2022,5,1
polisen__skjutningar-per-polisregion-2022,skjutningar,avlidna,Öst,2022,6,0
polisen__skjutningar-per-polisregion-2022,skjutningar,avlidna,Öst,2022,7,0
polisen__skjutningar-per-polisregion-2022,skjutningar,avlidna,Öst,2022,8,0
polisen__skjutningar-per-polisregion-2022,skjutningar,avlidna,Öst,2022,9,0
polisen__skjutningar-per-polisregion-2022,skjutningar,avlidna,Öst,2022,10,0
polisen__skjutningar-per-polisregion-2022,skjutningar,avlidna,Öst,2022,11,0
polisen__skjutningar-per-polisregion-2022,skjutningar,avlidna,Öst,2022,12,0
polisen__skjutningar-per-polisregion-2023,skjutningar,avlidna,Öst,2023,1,0
polisen__skjutningar-per-polisregion-2023,skjutningar,avlidna,Öst,2023,2,0
polisen__skjutningar-per-polisregion-2023,skjutningar,avlidna,Öst,2023,3,0
polisen__skjutningar-per-polisregion-2023,skjutningar,avlidna,Öst,2023,4,2
polisen__skjutningar-per-polisregion-2023,skjutningar,avlidna,Öst,2023,5,0
polisen__skjutningar-per-polisregion-2023,skjutningar,avlidna,Öst,2023,6,0
polisen__skjutningar-per-polisregion-2023,skjutningar,avlidna,Öst,2023,7,1
polisen__skjutningar-per-polisregion-2023,skjutningar,avlidna,Öst,2023,8,0
polisen__skjutningar-per-polisregion-2023,skjutningar,avlidna,Öst,2023,9,0
polisen__skjutningar-per-polisregion-2023,skjutningar,avlidna,Öst,2023,10,0
polisen__skjutningar-per-polisregion-2023,skjutningar,avlidna,Öst,2023,11,1
polisen__skjutningar-per-polisregion-2023,skjutningar,avlidna,Öst,2023,12,2
polisen__skjutningar-per-polisregion-2024,skjutningar,avlidna,Öst,2024,1,0
polisen__skjutningar-per-polisregion-2024,skjutningar,avlidna,Öst,2024,2,0
polisen__skjutningar-per-polisregion-2024,skjutningar,avlidna,Öst,2024,3,0
polisen__skjutningar-per-polisregion-2024,skjutningar,avlidna,Öst,2024,4,1
polisen__skjutningar-per-polisregion-2024,skjutningar,avlidna,Öst,2024,5,0
polisen__skjutningar-per-polisregion-2024,skjutningar,avlidna,Öst,2024,6,2
polisen__skjutningar-per-polisregion-2024,skjutningar,avlidna,Öst,2024,7,0
polisen__skjutningar-per-polisregion-2024,skjutningar,avlidna,Öst,2024,8,3
polisen__skjutningar-per-polisregion-2024,skjutningar,avlidna,Öst,2024,9,0
polisen__skjutningar-per-polisregion-2024,skjutningar,avlidna,Öst,2024,10,1
polisen__skjutningar-per-polisregion-2024,skjutningar,avlidna,Öst,2024,11,0
polisen__skjutningar-per-polisregion-2024,skjutningar,avlidna,Öst,2024,12,1
polisen__skjutningar-per-polisregion-2025,skjutningar,avlidna,Öst,2025,1,0
polisen__skjutningar-per-polisregion-2025,skjutningar,avlidna,Öst,2025,2,0
polisen__skjutningar-per-polisregion-2025,skjutningar,avlidna,Öst,2025,3,0
polisen__skjutningar-per-polisregion-2025,skjutningar,avlidna,Öst,2025,4,1
polisen__skjutningar-per-polisregion-2025,skjutningar,avlidna,Öst,2025,5,0
polisen__skjutningar-per-polisregion-2025,skjutningar,avlidna,Öst,2025,6,0
polisen__skjutningar-per-polisregion-2025,skjutningar,avlidna,Öst,2025,7,0
polisen__skjutningar-per-polisregion-2025,skjutningar,avlidna,Öst,2025,8,0
polisen__skjutningar-per-polisregion-2025,skjutningar,avlidna,Öst,2025,9,2
polisen__skjutningar-per-polisregion-2025,skjutningar,avlidna,Öst,2025,10,0
polisen__skjutningar-per-polisregion-2025,skjutningar,avlidna,Öst,2025,11,0
polisen__skjutningar-per-polisregion-2025,skjutningar,avlidna,Öst,2025,12,0
polisen__skjutningar-per-polisregion-tolv-manader,skjutningar,avlidna,Öst,2026,1,0
polisen__skjutningar-per-polisregion-tolv-manader,skjutningar,avlidna,Öst,2026,2,1
polisen__skjutningar-per-polisregion-tolv-manader,skjutningar,avlidna,Öst,2026,3,0
polisen__skjutningar-per-polisregion-tolv-manader,skjutningar,avlidna,Öst,2026,4,1
polisen__skjutningar-per-polisregion-tolv-manader,skjutningar,avlidna,Öst,2026,5,0
polisen__skjutningar-per-polisregion-tolv-manader,skjutningar,avlidna,Öst,2026,6,0
polisen__skjutningar-per-polisregion-tolv-manader,skjutningar,avlidna,Öst,2026,7,0
polisen__skjutningar-per-polisregion-tolv-manader,skjutningar,avlidna,Öst,2026,8,0
polisen__skjutningar-per-polisregion-2017,skjutningar,skadade,Bergslagen,2017,1,0
polisen__skjutningar-per-polisregion-2017,skjutningar,skadade,Bergslagen,2017,2,0
polisen__skjutningar-per-polisregion-2017,skjutningar,skadade,Bergslagen,2017,3,0
polisen__skjutningar-per-polisregion-2017,skjutningar,skadade,Bergslagen,2017,4,0
polisen__skjutningar-per-polisregion-2017,skjutningar,skadade,Bergslagen,2017,5,0
polisen__skjutningar-per-polisregion-2017,skjutningar,skadade,Bergslagen,2017,6,0
polisen__skjutningar-per-polisregion-2017,skjutningar,skadade,Bergslagen,2017,7,0
polisen__skjutningar-per-polisregion-2017,skjutningar,skadade,Bergslagen,2017,8,0
polisen__skjutningar-per-polisregion-2017,skjutningar,skadade,Bergslagen,2017,9,0
polisen__skjutningar-per-polisregion-2017,skjutningar,skadade,Bergslagen,2017,10,0
polisen__skjutningar-per-polisregion-2017,skjutningar,skadade,Bergslagen,2017,11,0
polisen__skjutningar-per-polisregion-2017,skjutningar,skadade,Bergslagen,2017,12,0
polisen__skjutningar-per-polisregion-2018,skjutningar,skadade,Bergslagen,2018,1,0
polisen__skjutningar-per-polisregion-2018,skjutningar,skadade,Bergslagen,2018,2,0
polisen__skjutningar-per-polisregion-2018,skjutningar,skadade,Bergslagen,2018,3,0
polisen__skjutningar-per-polisregion-2018,skjutningar,skadade,Bergslagen,2018,4,0
polisen__skjutningar-per-polisregion-2018,skjutningar,skadade,Bergslagen,2018,5,1
polisen__skjutningar-per-polisregion-2018,skjutningar,skadade,Bergslagen,2018,6,0
polisen__skjutningar-per-polisregion-2018,skjutningar,skadade,Bergslagen,2018,7,1
polisen__skjutningar-per-polisregion-2018,skjutningar,skadade,Bergslagen,2018,8,0
polisen__skjutningar-per-polisregion-2018,skjutningar,skadade,Bergslagen,2018,9,2
polisen__skjutningar-per-polisregion-2018,skjutningar,skadade,Bergslagen,2018,10,0
polisen__skjutningar-per-polisregion-2018,skjutningar,skadade,Bergslagen,2018,11,0
polisen__skjutningar-per-polisregion-2018,skjutningar,skadade,Bergslagen,2018,12,0
polisen__skjutningar-per-polisregion-2019,skjutningar,skadade,Bergslagen,2019,1,1
polisen__skjutningar-per-polisregion-2019,skjutningar,skadade,Bergslagen,2019,2,0
polisen__skjutningar-per-polisregion-2019,skjutningar,skadade,Bergslagen,2019,3,0
polisen__skjutningar-per-polisregion-2019,skjutningar,skadade,Bergslagen,2019,4,1
polisen__skjutningar-per-polisregion-2019,skjutningar,skadade,Bergslagen,2019,5,0
polisen__skjutningar-per-polisregion-2019,skjutningar,skadade,Bergslagen,2019,6,0
polisen__skjutningar-per-polisregion-2019,skjutningar,skadade,Bergslagen,2019,7,2
polisen__skjutningar-per-polisregion-2019,skjutningar,skadade,Bergslagen,2019,8,0
polisen__skjutningar-per-polisregion-2019,skjutningar,skadade,Bergslagen,2019,9,0
polisen__skjutningar-per-polisregion-2019,skjutningar,skadade,Bergslagen,2019,10,0
polisen__skjutningar-per-polisregion-2019,skjutningar,skadade,Bergslagen,2019,11,0
polisen__skjutningar-per-polisregion-2019,skjutningar,skadade,Bergslagen,2019,12,0
polisen__skjutningar-per-polisregion-2020,skjutningar,skadade,Bergslagen,2020,1,0
polisen__skjutningar-per-polisregion-2020,skjutningar,skadade,Bergslagen,2020,2,0
polisen__skjutningar-per-polisregion-2020,skjutningar,skadade,Bergslagen,2020,3,1
polisen__skjutningar-per-polisregion-2020,skjutningar,skadade,Bergslagen,2020,4,0
polisen__skjutningar-per-polisregion-2020,skjutningar,skadade,Bergslagen,2020,5,1
polisen__skjutningar-per-polisregion-2020,skjutningar,skadade,Bergslagen,2020,6,1
polisen__skjutningar-per-polisregion-2020,skjutningar,skadade,Bergslagen,2020,7,0
polisen__skjutningar-per-polisregion-2020,skjutningar,skadade,Bergslagen,2020,8,2
polisen__skjutningar-per-polisregion-2020,skjutningar,skadade,Bergslagen,2020,9,0
polisen__skjutningar-per-polisregion-2020,skjutningar,skadade,Bergslagen,2020,10,1
polisen__skjutningar-per-polisregion-2020,skjutningar,skadade,Bergslagen,2020,11,0
polisen__skjutningar-per-polisregion-2020,skjutningar,skadade,Bergslagen,2020,12,0
polisen__skjutningar-per-polisregion-2021,skjutningar,skadade,Bergslagen,2021,1,1
polisen__skjutningar-per-polisregion-2021,skjutningar,skadade,Bergslagen,2021,2,0
polisen__skjutningar-per-polisregion-2021,skjutningar,skadade,Bergslagen,2021,3,0
polisen__skjutningar-per-polisregion-2021,skjutningar,skadade,Bergslagen,2021,4,0
polisen__skjutningar-per-polisregion-2021,skjutningar,skadade,Bergslagen,2021,5,0
polisen__skjutningar-per-polisregion-2021,skjutningar,skadade,Bergslagen,2021,6,0
polisen__skjutningar-per-polisregion-2021,skjutningar,skadade,Bergslagen,2021,7,0
polisen__skjutningar-per-polisregion-2021,skjutningar,skadade,Bergslagen,2021,8,0
polisen__skjutningar-per-polisregion-2021,skjutningar,skadade,Bergslagen,2021,9,1
polisen__skjutningar-per-polisregion-2021,skjutningar,skadade,Bergslagen,2021,10,0
polisen__skjutningar-per-polisregion-2021,skjutningar,skadade,Bergslagen,2021,11,0
polisen__skjutningar-per-polisregion-2021,skjutningar,skadade,Bergslagen,2021,12,0
polisen__skjutningar-per-polisregion-2022,skjutningar,skadade,Bergslagen,2022,1,0
polisen__skjutningar-per-polisregion-2022,skjutningar,skadade,Bergslagen,2022,2,0
polisen__skjutningar-per-polisregion-2022,skjutningar,skadade,Bergslagen,2022,3,1
polisen__skjutningar-per-polisregion-2022,skjutningar,skadade,Bergslagen,2022,4,0
polisen__skjutningar-per-polisregion-2022,skjutningar,skadade,Bergslagen,2022,5,0
polisen__skjutningar-per-polisregion-2022,skjutningar,skadade,Bergslagen,2022,6,0
polisen__skjutningar-per-polisregion-2022,skjutningar,skadade,Bergslagen,2022,7,0
polisen__skjutningar-per-polisregion-2022,skjutningar,skadade,Bergslagen,2022,8,0
polisen__skjutningar-per-polisregion-2022,skjutningar,skadade,Bergslagen,2022,9,0
polisen__skjutningar-per-polisregion-2022,skjutningar,skadade,Bergslagen,2022,10,0
polisen__skjutningar-per-polisregion-2022,skjutningar,skadade,Bergslagen,2022,11,0
polisen__skjutningar-per-polisregion-2022,skjutningar,skadade,Bergslagen,2022,12,0
polisen__skjutningar-per-polisregion-2023,skjutningar,skadade,Bergslagen,2023,1,0
polisen__skjutningar-per-polisregion-2023,skjutningar,skadade,Bergslagen,2023,2,0
polisen__skjutningar-per-polisregion-2023,skjutningar,skadade,Bergslagen,2023,3,1
polisen__skjutningar-per-polisregion-2023,skjutningar,skadade,Bergslagen,2023,4,0
polisen__skjutningar-per-polisregion-2023,skjutningar,skadade,Bergslagen,2023,5,0
polisen__skjutningar-per-polisregion-2023,skjutningar,skadade,Bergslagen,2023,6,0
polisen__skjutningar-per-polisregion-2023,skjutningar,skadade,Bergslagen,2023,7,1
polisen__skjutningar-per-polisregion-2023,skjutningar,skadade,Bergslagen,2023,8,0
polisen__skjutningar-per-polisregion-2023,skjutningar,skadade,Bergslagen,2023,9,0
polisen__skjutningar-per-polisregion-2023,skjutningar,skadade,Bergslagen,2023,10,0
polisen__skjutningar-per-polisregion-2023,skjutningar,skadade,Bergslagen,2023,11,0
polisen__skjutningar-per-polisregion-2023,skjutningar,skadade,Bergslagen,2023,12,0
polisen__skjutningar-per-polisregion-2024,skjutningar,skadade,Bergslagen,2024,1,1
polisen__skjutningar-per-polisregion-2024,skjutningar,skadade,Bergslagen,2024,2,3
polisen__skjutningar-per-polisregion-2024,skjutningar,skadade,Bergslagen,2024,3,0
polisen__skjutningar-per-polisregion-2024,skjutningar,skadade,Bergslagen,2024,4,0
polisen__skjutningar-per-polisregion-2024,skjutningar,skadade,Bergslagen,2024,5,2
polisen__skjutningar-per-polisregion-2024,skjutningar,skadade,Bergslagen,2024,6,0
polisen__skjutningar-per-polisregion-2024,skjutningar,skadade,Bergslagen,2024,7,1
polisen__skjutningar-per-polisregion-2024,skjutningar,skadade,Bergslagen,2024,8,0
polisen__skjutningar-per-polisregion-2024,skjutningar,skadade,Bergslagen,2024,9,0
polisen__skjutningar-per-polisregion-2024,skjutningar,skadade,Bergslagen,2024,10,0
polisen__skjutningar-per-polisregion-2024,skjutningar,skadade,Bergslagen,2024,11,1
polisen__skjutningar-per-polisregion-2024,skjutningar,skadade,Bergslagen,2024,12,0
polisen__skjutningar-per-polisregion-2025,skjutningar,skadade,Bergslagen,2025,1,0
polisen__skjutningar-per-polisregion-2025,skjutningar,skadade,Bergslagen,2025,2,6
polisen__skjutningar-per-polisregion-2025,skjutningar,skadade,Bergslagen,2025,3,0
polisen__skjutningar-per-polisregion-2025,skjutningar,skadade,Bergslagen,2025,4,0
polisen__skjutningar-per-polisregion-2025,skjutningar,skadade,Bergslagen,2025,5,0
polisen__skjutningar-per-polisregion-2025,skjutningar,skadade,Bergslagen,2025,6,0
polisen__skjutningar-per-polisregion-2025,skjutningar,skadade,Bergslagen,2025,7,0
polisen__skjutningar-per-polisregion-2025,skjutningar,skadade,Bergslagen,2025,8,1
polisen__skjutningar-per-polisregion-2025,skjutningar,skadade,Bergslagen,2025,9,0
polisen__skjutningar-per-polisregion-2025,skjutningar,skadade,Bergslagen,2025,10,0
polisen__skjutningar-per-polisregion-2025,skjutningar,skadade,Bergslagen,2025,11,0
polisen__skjutningar-per-polisregion-2025,skjutningar,skadade,Bergslagen,2025,12,0
polisen__skjutningar-per-polisregion-tolv-manader,skjutningar,skadade,Bergslagen,2026,1,0
polisen__skjutningar-per-polisregion-tolv-manader,skjutningar,skadade,Bergslagen,2026,2,0
polisen__skjutningar-per-polisregion-tolv-manader,skjutningar,skadade,Bergslagen,2026,3,0
polisen__skjutningar-per-polisregion-tolv-manader,skjutningar,skadade,Bergslagen,2026,4,0
polisen__skjutningar-per-polisregion-tolv-manader,skjutningar,skadade,Bergslagen,2026,5,0
polisen__skjutningar-per-polisregion-tolv-manader,skjutningar,skadade,Bergslagen,2026,6,0
polisen__skjutningar-per-polisregion-tolv-manader,skjutningar,skadade,Bergslagen,2026,7,0
polisen__skjutningar-per-polisregion-tolv-manader,skjutningar,skadade,Bergslagen,2026,8,0
polisen__skjutningar-per-polisregion-2017,skjutningar,skadade,Mitt,2017,1,1
polisen__skjutningar-per-polisregion-2017,skjutningar,skadade,Mitt,2017,2,3
polisen__skjutningar-per-polisregion-2017,skjutningar,skadade,Mitt,2017,3,1
polisen__skjutningar-per-polisregion-2017,skjutningar,skadade,Mitt,2017,4,3
polisen__skjutningar-per-polisregion-2017,skjutningar,skadade,Mitt,2017,5,0
polisen__skjutningar-per-polisregion-2017,skjutningar,skadade,Mitt,2017,6,0
polisen__skjutningar-per-polisregion-2017,skjutningar,skadade,Mitt,2017,7,2
polisen__skjutningar-per-polisregion-2017,skjutningar,skadade,Mitt,2017,8,3
polisen__skjutningar-per-polisregion-2017,skjutningar,skadade,Mitt,2017,9,2
polisen__skjutningar-per-polisregion-2017,skjutningar,skadade,Mitt,2017,10,2
polisen__skjutningar-per-polisregion-2017,skjutningar,skadade,Mitt,2017,11,2
polisen__skjutningar-per-polisregion-2017,skjutningar,skadade,Mitt,2017,12,0
polisen__skjutningar-per-polisregion-2018,skjutningar,skadade,Mitt,2018,1,2
polisen__skjutningar-per-polisregion-2018,skjutningar,skadade,Mitt,2018,2,1
polisen__skjutningar-per-polisregion-2018,skjutningar,skadade,Mitt,2018,3,1
polisen__skjutningar-per-polisregion-2018,skjutningar,skadade,Mitt,2018,4,1
polisen__skjutningar-per-polisregion-2018,skjutningar,skadade,Mitt,2018,5,3
polisen__skjutningar-per-polisregion-2018,skjutningar,skadade,Mitt,2018,6,1
polisen__skjutningar-per-polisregion-2018,skjutningar,skadade,Mitt,2018,7,0
polisen__skjutningar-per-polisregion-2018,skjutningar,skadade,Mitt,2018,8,6
polisen__skjutningar-per-polisregion-2018,skjutningar,skadade,Mitt,2018,9,0
polisen__skjutningar-per-polisregion-2018,skjutningar,skadade,Mitt,2018,10,0
polisen__skjutningar-per-polisregion-2018,skjutningar,skadade,Mitt,2018,11,2
polisen__skjutningar-per-polisregion-2018,skjutningar,skadade,Mitt,2018,12,0
polisen__skjutningar-per-polisregion-2019,skjutningar,skadade,Mitt,2019,1,0
polisen__skjutningar-per-polisregion-2019,skjutningar,skadade,Mitt,2019,2,0
polisen__skjutningar-per-polisregion-2019,skjutningar,skadade,Mitt,2019,3,2
polisen__skjutningar-per-polisregion-2019,skjutningar,skadade,Mitt,2019,4,1
polisen__skjutningar-per-polisregion-2019,skjutningar,skadade,Mitt,2019,5,0
polisen__skjutningar-per-polisregion-2019,skjutningar,skadade,Mitt,2019,6,6
polisen__skjutningar-per-polisregion-2019,skjutningar,skadade,Mitt,2019,7,1
polisen__skjutningar-per-polisregion-2019,skjutningar,skadade,Mitt,2019,8,5
polisen__skjutningar-per-polisregion-2019,skjutningar,skadade,Mitt,2019,9,1
polisen__skjutningar-per-polisregion-2019,skjutningar,skadade,Mitt,2019,10,1
polisen__skjutningar-per-polisregion-2019,skjutningar,skadade,Mitt,2019,11,1
polisen__skjutningar-per-polisregion-2019,skjutningar,skadade,Mitt,2019,12,6
polisen__skjutningar-per-polisregion-2020,skjutningar,skadade,Mitt,2020,1,5
polisen__skjutningar-per-polisregion-2020,skjutningar,skadade,Mitt,2020,2,0
polisen__skjutningar-per-polisregion-2020,skjutningar,skadade,Mitt,2020,3,1
polisen__skjutningar-per-polisregion-2020,skjutningar,skadade,Mitt,2020,4,1
polisen__skjutningar-per-polisregion-2020,skjutningar,skadade,Mitt,2020,5,0
polisen__skjutningar-per-polisregion-2020,skjutningar,skadade,Mitt,2020,6,1
polisen__skjutningar-per-polisregion-2020,skjutningar,skadade,Mitt,2020,7,2
polisen__skjutningar-per-polisregion-2020,skjutningar,skadade,Mitt,2020,8,1
polisen__skjutningar-per-polisregion-2020,skjutningar,skadade,Mitt,2020,9,0
polisen__skjutningar-per-polisregion-2020,skjutningar,skadade,Mitt,2020,10,0
polisen__skjutningar-per-polisregion-2020,skjutningar,skadade,Mitt,2020,11,0
polisen__skjutningar-per-polisregion-2020,skjutningar,skadade,Mitt,2020,12,1
polisen__skjutningar-per-polisregion-2021,skjutningar,skadade,Mitt,2021,1,1
polisen__skjutningar-per-polisregion-2021,skjutningar,skadade,Mitt,2021,2,2
polisen__skjutningar-per-polisregion-2021,skjutningar,skadade,Mitt,2021,3,0
polisen__skjutningar-per-polisregion-2021,skjutningar,skadade,Mitt,2021,4,3
polisen__skjutningar-per-polisregion-2021,skjutningar,skadade,Mitt,2021,5,0
polisen__skjutningar-per-polisregion-2021,skjutningar,skadade,Mitt,2021,6,5
polisen__skjutningar-per-polisregion-2021,skjutningar,skadade,Mitt,2021,7,2
polisen__skjutningar-per-polisregion-2021,skjutningar,skadade,Mitt,2021,8,1
polisen__skjutningar-per-polisregion-2021,skjutningar,skadade,Mitt,2021,9,1
polisen__skjutningar-per-polisregion-2021,skjutningar,skadade,Mitt,2021,10,4
polisen__skjutningar-per-polisregion-2021,skjutningar,skadade,Mitt,2021,11,0
polisen__skjutningar-per-polisregion-2021,skjutningar,skadade,Mitt,2021,12,3
polisen__skjutningar-per-polisregion-2022,skjutningar,skadade,Mitt,2022,1,0
polisen__skjutningar-per-polisregion-2022,skjutningar,skadade,Mitt,2022,2,1
polisen__skjutningar-per-polisregion-2022,skjutningar,skadade,Mitt,2022,3,1
polisen__skjutningar-per-polisregion-2022,skjutningar,skadade,Mitt,2022,4,6
polisen__skjutningar-per-polisregion-2022,skjutningar,skadade,Mitt,2022,5,3
polisen__skjutningar-per-polisregion-2022,skjutningar,skadade,Mitt,2022,6,0
polisen__skjutningar-per-polisregion-2022,skjutningar,skadade,Mitt,2022,7,1
polisen__skjutningar-per-polisregion-2022,skjutningar,skadade,Mitt,2022,8,3
polisen__skjutningar-per-polisregion-2022,skjutningar,skadade,Mitt,2022,9,3
polisen__skjutningar-per-polisregion-2022,skjutningar,skadade,Mitt,2022,10,1
polisen__skjutningar-per-polisregion-2022,skjutningar,skadade,Mitt,2022,11,0
polisen__skjutningar-per-polisregion-2022,skjutningar,skadade,Mitt,2022,12,0
polisen__skjutningar-per-polisregion-2023,skjutningar,skadade,Mitt,2023,1,0
polisen__skjutningar-per-polisregion-2023,skjutningar,skadade,Mitt,2023,2,0
polisen__skjutningar-per-polisregion-2023,skjutningar,skadade,Mitt,2023,3,1
polisen__skjutningar-per-polisregion-2023,skjutningar,skadade,Mitt,2023,4,2
polisen__skjutningar-per-polisregion-2023,skjutningar,skadade,Mitt,2023,5,0
polisen__skjutningar-per-polisregion-2023,skjutningar,skadade,Mitt,2023,6,2
polisen__skjutningar-per-polisregion-2023,skjutningar,skadade,Mitt,2023,7,5
polisen__skjutningar-per-polisregion-2023,skjutningar,skadade,Mitt,2023,8,1
polisen__skjutningar-per-polisregion-2023,skjutningar,skadade,Mitt,2023,9,3
polisen__skjutningar-per-polisregion-2023,skjutningar,skadade,Mitt,2023,10,1
polisen__skjutningar-per-polisregion-2023,skjutningar,skadade,Mitt,2023,11,1
polisen__skjutningar-per-polisregion-2023,skjutningar,skadade,Mitt,2023,12,2
polisen__skjutningar-per-polisregion-2024,skjutningar,skadade,Mitt,2024,1,0
polisen__skjutningar-per-polisregion-2024,skjutningar,skadade,Mitt,2024,2,0
polisen__skjutningar-per-polisregion-2024,skjutningar,skadade,Mitt,2024,3,1
polisen__skjutningar-per-polisregion-2024,skjutningar,skadade,Mitt,2024,4,0
polisen__skjutningar-per-polisregion-2024,skjutningar,skadade,Mitt,2024,5,0
polisen__skjutningar-per-polisregion-2024,skjutningar,skadade,Mitt,2024,6,0
polisen__skjutningar-per-polisregion-2024,skjutningar,skadade,Mitt,2024,7,2
polisen__skjutningar-per-polisregion-2024,skjutningar,skadade,Mitt,2024,8,0
polisen__skjutningar-per-polisregion-2024,skjutningar,skadade,Mitt,2024,9,0
polisen__skjutningar-per-polisregion-2024,skjutningar,skadade,Mitt,2024,10,0
polisen__skjutningar-per-polisregion-2024,skjutningar,skadade,Mitt,2024,11,1
polisen__skjutningar-per-polisregion-2024,skjutningar,skadade,Mitt,2024,12,1
polisen__skjutningar-per-polisregion-2025,skjutningar,skadade,Mitt,2025,1,0
polisen__skjutningar-per-polisregion-2025,skjutningar,skadade,Mitt,2025,2,0
polisen__skjutningar-per-polisregion-2025,skjutningar,skadade,Mitt,2025,3,0
polisen__skjutningar-per-polisregion-2025,skjutningar,skadade,Mitt,2025,4,0
polisen__skjutningar-per-polisregion-2025,skjutningar,skadade,Mitt,2025,5,0
polisen__skjutningar-per-polisregion-2025,skjutningar,skadade,Mitt,2025,6,0
polisen__skjutningar-per-polisregion-2025,skjutningar,skadade,Mitt,2025,7,0
polisen__skjutningar-per-polisregion-2025,skjutningar,skadade,Mitt,2025,8,0
polisen__skjutningar-per-polisregion-2025,skjutningar,skadade,Mitt,2025,9,2
polisen__skjutningar-per-polisregion-2025,skjutningar,skadade,Mitt,2025,10,8
polisen__skjutningar-per-polisregion-2025,skjutningar,skadade,Mitt,2025,11,0
polisen__skjutningar-per-polisregion-2025,skjutningar,skadade,Mitt,2025,12,0
polisen__skjutningar-per-polisregion-tolv-manader,skjutningar,skadade,Mitt,2026,1,0
polisen__skjutningar-per-polisregion-tolv-manader,skjutningar,skadade,Mitt,2026,2,0
polisen__skjutningar-per-polisregion-tolv-manader,skjutningar,skadade,Mitt,2026,3,0
polisen__skjutningar-per-polisregion-tolv-manader,skjutningar,skadade,Mitt,2026,4,0
polisen__skjutningar-per-polisregion-tolv-manader,skjutningar,skadade,Mitt,2026,5,0
polisen__skjutningar-per-polisregion-tolv-manader,skjutningar,skadade,Mitt,2026,6,0
polisen__skjutningar-per-polisregion-tolv-manader,skjutningar,skadade,Mitt,2026,7,1
polisen__skjutningar-per-polisregion-tolv-manader,skjutningar,skadade,Mitt,2026,8,0
polisen__skjutningar-per-polisregion-2017,skjutningar,skadade,Nord,2017,1,0
polisen__skjutningar-per-polisregion-2017,skjutningar,skadade,Nord,2017,2,0
polisen__skjutningar-per-polisregion-2017,skjutningar,skadade,Nord,2017,3,0
polisen__skjutningar-per-polisregion-2017,skjutningar,skadade,Nord,2017,4,0
polisen__skjutningar-per-polisregion-2017,skjutningar,skadade,Nord,2017,5,0
polisen__skjutningar-per-polisregion-2017,skjutningar,skadade,Nord,2017,6,1
polisen__skjutningar-per-polisregion-2017,skjutningar,skadade,Nord,2017,7,0
polisen__skjutningar-per-polisregion-2017,skjutningar,skadade,Nord,2017,8,0
polisen__skjutningar-per-polisregion-2017,skjutningar,skadade,Nord,2017,9,0
polisen__skjutningar-per-polisregion-2017,skjutningar,skadade,Nord,2017,10,0
polisen__skjutningar-per-polisregion-2017,skjutningar,skadade,Nord,2017,11,0
polisen__skjutningar-per-polisregion-2017,skjutningar,skadade,Nord,2017,12,0
polisen__skjutningar-per-polisregion-2018,skjutningar,skadade,Nord,2018,1,0
polisen__skjutningar-per-polisregion-2018,skjutningar,skadade,Nord,2018,2,0
polisen__skjutningar-per-polisregion-2018,skjutningar,skadade,Nord,2018,3,0
polisen__skjutningar-per-polisregion-2018,skjutningar,skadade,Nord,2018,4,0
polisen__skjutningar-per-polisregion-2018,skjutningar,skadade,Nord,2018,5,0
polisen__skjutningar-per-polisregion-2018,skjutningar,skadade,Nord,2018,6,1
polisen__skjutningar-per-polisregion-2018,skjutningar,skadade,Nord,2018,7,0
polisen__skjutningar-per-polisregion-2018,skjutningar,skadade,Nord,2018,8,0
polisen__skjutningar-per-polisregion-2018,skjutningar,skadade,Nord,2018,9,0
polisen__skjutningar-per-polisregion-2018,skjutningar,skadade,Nord,2018,10,0
polisen__skjutningar-per-polisregion-2018,skjutningar,skadade,Nord,2018,11,1
polisen__skjutningar-per-polisregion-2018,skjutningar,skadade,Nord,2018,12,1
polisen__skjutningar-per-polisregion-2019,skjutningar,skadade,Nord,2019,1,3
polisen__skjutningar-per-polisregion-2019,skjutningar,skadade,Nord,2019,2,0
polisen__skjutningar-per-polisregion-2019,skjutningar,skadade,Nord,2019,3,0
polisen__skjutningar-per-polisregion-2019,skjutningar,skadade,Nord,2019,4,0
polisen__skjutningar-per-polisregion-2019,skjutningar,skadade,Nord,2019,5,1
polisen__skjutningar-per-polisregion-2019,skjutningar,skadade,Nord,2019,6,0
polisen__skjutningar-per-polisregion-2019,skjutningar,skadade,Nord,2019,7,0
polisen__skjutningar-per-polisregion-2019,skjutningar,skadade,Nord,2019,8,0
polisen__skjutningar-per-polisregion-2019,skjutningar,skadade,Nord,2019,9,0
polisen__skjutningar-per-polisregion-2019,skjutningar,skadade,Nord,2019,10,0
polisen__skjutningar-per-polisregion-2019,skjutningar,skadade,Nord,2019,11,0
polisen__skjutningar-per-polisregion-2019,skjutningar,skadade,Nord,2019,12,0
polisen__skjutningar-per-polisregion-2020,skjutningar,skadade,Nord,2020,1,0
polisen__skjutningar-per-polisregion-2020,skjutningar,skadade,Nord,2020,2,0
polisen__skjutningar-per-polisregion-2020,skjutningar,skadade,Nord,2020,3,1
polisen__skjutningar-per-polisregion-2020,skjutningar,skadade,Nord,2020,4,0
polisen__skjutningar-per-polisregion-2020,skjutningar,skadade,Nord,2020,5,0
polisen__skjutningar-per-polisregion-2020,skjutningar,skadade,Nord,2020,6,0
polisen__skjutningar-per-polisregion-2020,skjutningar,skadade,Nord,2020,7,0
polisen__skjutningar-per-polisregion-2020,skjutningar,skadade,Nord,2020,8,1
polisen__skjutningar-per-polisregion-2020,skjutningar,skadade,Nord,2020,9,3
polisen__skjutningar-per-polisregion-2020,skjutningar,skadade,Nord,2020,10,0
polisen__skjutningar-per-polisregion-2020,skjutningar,skadade,Nord,2020,11,0
polisen__skjutningar-per-polisregion-2020,skjutningar,skadade,Nord,2020,12,0
polisen__skjutningar-per-polisregion-2021,skjutningar,skadade,Nord,2021,1,0
polisen__skjutningar-per-polisregion-2021,skjutningar,skadade,Nord,2021,2,0
polisen__skjutningar-per-polisregion-2021,skjutningar,skadade,Nord,2021,3,0
polisen__skjutningar-per-polisregion-2021,skjutningar,skadade,Nord,2021,4,0
polisen__skjutningar-per-polisregion-2021,skjutningar,skadade,Nord,2021,5,0
polisen__skjutningar-per-polisregion-2021,skjutningar,skadade,Nord,2021,6,0
polisen__skjutningar-per-polisregion-2021,skjutningar,skadade,Nord,2021,7,0
polisen__skjutningar-per-polisregion-2021,skjutningar,skadade,Nord,2021,8,0
polisen__skjutningar-per-polisregion-2021,skjutningar,skadade,Nord,2021,9,0
polisen__skjutningar-per-polisregion-2021,skjutningar,skadade,Nord,2021,10,1
polisen__skjutningar-per-polisregion-2021,skjutningar,skadade,Nord,2021,11,0
polisen__skjutningar-per-polisregion-2021,skjutningar,skadade,Nord,2021,12,1
polisen__skjutningar-per-polisregion-2022,skjutningar,skadade,Nord,2022,1,0
polisen__skjutningar-per-polisregion-2022,skjutningar,skadade,Nord,2022,2,0
polisen__skjutningar-per-polisregion-2022,skjutningar,skadade,Nord,2022,3,0
polisen__skjutningar-per-polisregion-2022,skjutningar,skadade,Nord,2022,4,1
polisen__skjutningar-per-polisregion-2022,skjutningar,skadade,Nord,2022,5,0
polisen__skjutningar-per-polisregion-2022,skjutningar,skadade,Nord,2022,6,1
polisen__skjutningar-per-polisregion-2022,skjutningar,skadade,Nord,2022,7,0
polisen__skjutningar-per-polisregion-2022,skjutningar,skadade,Nord,2022,8,0
polisen__skjutningar-per-polisregion-2022,skjutningar,skadade,Nord,2022,9,1
polisen__skjutningar-per-polisregion-2022,skjutningar,skadade,Nord,2022,10,0
polisen__skjutningar-per-polisregion-2022,skjutningar,skadade,Nord,2022,11,0
polisen__skjutningar-per-polisregion-2022,skjutningar,skadade,Nord,2022,12,1
polisen__skjutningar-per-polisregion-2023,skjutningar,skadade,Nord,2023,1,0
polisen__skjutningar-per-polisregion-2023,skjutningar,skadade,Nord,2023,2,0
polisen__skjutningar-per-polisregion-2023,skjutningar,skadade,Nord,2023,3,0
polisen__skjutningar-per-polisregion-2023,skjutningar,skadade,Nord,2023,4,1
polisen__skjutningar-per-polisregion-2023,skjutningar,skadade,Nord,2023,5,0
polisen__skjutningar-per-polisregion-2023,skjutningar,skadade,Nord,2023,6,0
polisen__skjutningar-per-polisregion-2023,skjutningar,skadade,Nord,2023,7,0
polisen__skjutningar-per-polisregion-2023,skjutningar,skadade,Nord,2023,8,0
polisen__skjutningar-per-polisregion-2023,skjutningar,skadade,Nord,2023,9,0
polisen__skjutningar-per-polisregion-2023,skjutningar,skadade,Nord,2023,10,0
polisen__skjutningar-per-polisregion-2023,skjutningar,skadade,Nord,2023,11,0
polisen__skjutningar-per-polisregion-2023,skjutningar,skadade,Nord,2023,12,0
polisen__skjutningar-per-polisregion-2024,skjutningar,skadade,Nord,2024,1,1
polisen__skjutningar-per-polisregion-2024,skjutningar,skadade,Nord,2024,2,0
polisen__skjutningar-per-polisregion-2024,skjutningar,skadade,Nord,2024,3,0
polisen__skjutningar-per-polisregion-2024,skjutningar,skadade,Nord,2024,4,0
polisen__skjutningar-per-polisregion-2024,skjutningar,skadade,Nord,2024,5,0
polisen__skjutningar-per-polisregion-2024,skjutningar,skadade,Nord,2024,6,0
polisen__skjutningar-per-polisregion-2024,skjutningar,skadade,Nord,2024,7,1
polisen__skjutningar-per-polisregion-2024,skjutningar,skadade,Nord,2024,8,0
polisen__skjutningar-per-polisregion-2024,skjutningar,skadade,Nord,2024,9,0
polisen__skjutningar-per-polisregion-2024,skjutningar,skadade,Nord,2024,10,0
polisen__skjutningar-per-polisregion-2024,skjutningar,skadade,Nord,2024,11,0
polisen__skjutningar-per-polisregion-2024,skjutningar,skadade,Nord,2024,12,0
polisen__skjutningar-per-polisregion-2025,skjutningar,skadade,Nord,2025,1,0
polisen__skjutningar-per-polisregion-2025,skjutningar,skadade,Nord,2025,2,0
polisen__skjutningar-per-polisregion-2025,skjutningar,skadade,Nord,2025,3,0
polisen__skjutningar-per-polisregion-2025,skjutningar,skadade,Nord,2025,4,0
polisen__skjutningar-per-polisregion-2025,skjutningar,skadade,Nord,2025,5,0
polisen__skjutningar-per-polisregion-2025,skjutningar,skadade,Nord,2025,6,0
polisen__skjutningar-per-polisregion-2025,skjutningar,skadade,Nord,2025,7,0
polisen__skjutningar-per-polisregion-2025,skjutningar,skadade,Nord,2025,8,0
polisen__skjutningar-per-polisregion-2025,skjutningar,skadade,Nord,2025,9,0
polisen__skjutningar-per-polisregion-2025,skjutningar,skadade,Nord,2025,10,0
polisen__skjutningar-per-polisregion-2025,skjutningar,skadade,Nord,2025,11,0
polisen__skjutningar-per-polisregion-2025,skjutningar,skadade,Nord,2025,12,0
polisen__skjutningar-per-polisregion-tolv-manader,skjutningar,skadade,Nord,2026,1,0
polisen__skjutningar-per-polisregion-tolv-manader,skjutningar,skadade,Nord,2026,2,0
polisen__skjutningar-per-polisregion-tolv-manader,skjutningar,skadade,Nord,2026,3,0
polisen__skjutningar-per-polisregion-tolv-manader,skjutningar,skadade,Nord,2026,4,0
polisen__skjutningar-per-polisregion-tolv-manader,skjutningar,skadade,Nord,2026,5,0
polisen__skjutningar-per-polisregion-tolv-manader,skjutningar,skadade,Nord,2026,6,0
polisen__skjutningar-per-polisregion-tolv-manader,skjutningar,skadade,Nord,2026,7,0
polisen__skjutningar-per-polisregion-tolv-manader,skjutningar,skadade,Nord,2026,8,0
polisen__skjutningar-per-polisregion-2017,skjutningar,skadade,Stockholm,2017,1,0
polisen__skjutningar-per-polisregion-2017,skjutningar,skadade,Stockholm,2017,2,0
polisen__skjutningar-per-polisregion-2017,skjutningar,skadade,Stockholm,2017,3,0
polisen__skjutningar-per-polisregion-2017,skjutningar,skadade,Stockholm,2017,4,1
polisen__skjutningar-per-polisregion-2017,skjutningar,skadade,Stockholm,2017,5,0
polisen__skjutningar-per-polisregion-2017,skjutningar,skadade,Stockholm,2017,6,3
polisen__skjutningar-per-polisregion-2017,skjutningar,skadade,Stockholm,2017,7,5
polisen__skjutningar-per-polisregion-2017,skjutningar,skadade,Stockholm,2017,8,3
polisen__skjutningar-per-polisregion-2017,skjutningar,skadade,Stockholm,2017,9,3
polisen__skjutningar-per-polisregion-2017,skjutningar,skadade,Stockholm,2017,10,2
polisen__skjutningar-per-polisregion-2017,skjutningar,skadade,Stockholm,2017,11,1
polisen__skjutningar-per-polisregion-2017,skjutningar,skadade,Stockholm,2017,12,5
polisen__skjutningar-per-polisregion-2018,skjutningar,skadade,Stockholm,2018,1,4
polisen__skjutningar-per-polisregion-2018,skjutningar,skadade,Stockholm,2018,2,0
polisen__skjutningar-per-polisregion-2018,skjutningar,skadade,Stockholm,2018,3,6
polisen__skjutningar-per-polisregion-2018,skjutningar,skadade,Stockholm,2018,4,3
polisen__skjutningar-per-polisregion-2018,skjutningar,skadade,Stockholm,2018,5,4
polisen__skjutningar-per-polisregion-2018,skjutningar,skadade,Stockholm,2018,6,8
polisen__skjutningar-per-polisregion-2018,skjutningar,skadade,Stockholm,2018,7,3
polisen__skjutningar-per-polisregion-2018,skjutningar,skadade,Stockholm,2018,8,1
polisen__skjutningar-per-polisregion-2018,skjutningar,skadade,Stockholm,2018,9,4
polisen__skjutningar-per-polisregion-2018,skjutningar,skadade,Stockholm,2018,10,5
polisen__skjutningar-per-polisregion-2018,skjutningar,skadade,Stockholm,2018,11,7
polisen__skjutningar-per-polisregion-2018,skjutningar,skadade,Stockholm,2018,12,3
polisen__skjutningar-per-polisregion-2019,skjutningar,skadade,Stockholm,2019,1,3
polisen__skjutningar-per-polisregion-2019,skjutningar,skadade,Stockholm,2019,2,3
polisen__skjutningar-per-polisregion-2019,skjutningar,skadade,Stockholm,2019,3,1
polisen__skjutningar-per-polisregion-2019,skjutningar,skadade,Stockholm,2019,4,2
polisen__skjutningar-per-polisregion-2019,skjutningar,skadade,Stockholm,2019,5,4
polisen__skjutningar-per-polisregion-2019,skjutningar,skadade,Stockholm,2019,6,4
polisen__skjutningar-per-polisregion-2019,skjutningar,skadade,Stockholm,2019,7,1
polisen__skjutningar-per-polisregion-2019,skjutningar,skadade,Stockholm,2019,8,1
polisen__skjutningar-per-polisregion-2019,skjutningar,skadade,Stockholm,2019,9,5
polisen__skjutningar-per-polisregion-2019,skjutningar,skadade,Stockholm,2019,10,4
polisen__skjutningar-per-polisregion-2019,skjutningar,skadade,Stockholm,2019,11,6
polisen__skjutningar-per-polisregion-2019,skjutningar,skadade,Stockholm,2019,12,4
polisen__skjutningar-per-polisregion-2020,skjutningar,skadade,Stockholm,2020,1,4
polisen__skjutningar-per-polisregion-2020,skjutningar,skadade,Stockholm,2020,2,2
polisen__skjutningar-per-polisregion-2020,skjutningar,skadade,Stockholm,2020,3,7
polisen__skjutningar-per-polisregion-2020,skjutningar,skadade,Stockholm,2020,4,2
polisen__skjutningar-per-polisregion-2020,skjutningar,skadade,Stockholm,2020,5,9
polisen__skjutningar-per-polisregion-2020,skjutningar,skadade,Stockholm,2020,6,6
polisen__skjutningar-per-polisregion-2020,skjutningar,skadade,Stockholm,2020,7,6
polisen__skjutningar-per-polisregion-2020,skjutningar,skadade,Stockholm,2020,8,4
polisen__skjutningar-per-polisregion-2020,skjutningar,skadade,Stockholm,2020,9,2
polisen__skjutningar-per-polisregion-2020,skjutningar,skadade,Stockholm,2020,10,5
polisen__skjutningar-per-polisregion-2020,skjutningar,skadade,Stockholm,2020,11,1
polisen__skjutningar-per-polisregion-2020,skjutningar,skadade,Stockholm,2020,12,5
polisen__skjutningar-per-polisregion-2021,skjutningar,skadade,Stockholm,2021,1,3
polisen__skjutningar-per-polisregion-2021,skjutningar,skadade,Stockholm,2021,2,3
polisen__skjutningar-per-polisregion-2021,skjutningar,skadade,Stockholm,2021,3,0
polisen__skjutningar-per-polisregion-2021,skjutningar,skadade,Stockholm,2021,4,1
polisen__skjutningar-per-polisregion-2021,skjutningar,skadade,Stockholm,2021,5,1
polisen__skjutningar-per-polisregion-2021,skjutningar,skadade,Stockholm,2021,6,3
polisen__skjutningar-per-polisregion-2021,skjutningar,skadade,Stockholm,2021,7,10
polisen__skjutningar-per-polisregion-2021,skjutningar,skadade,Stockholm,2021,8,5
polisen__skjutningar-per-polisregion-2021,skjutningar,skadade,Stockholm,2021,9,6
polisen__skjutningar-per-polisregion-2021,skjutningar,skadade,Stockholm,2021,10,6
polisen__skjutningar-per-polisregion-2021,skjutningar,skadade,Stockholm,2021,11,4
polisen__skjutningar-per-polisregion-2021,skjutningar,skadade,Stockholm,2021,12,3
polisen__skjutningar-per-polisregion-2022,skjutningar,skadade,Stockholm,2022,1,0
polisen__skjutningar-per-polisregion-2022,skjutningar,skadade,Stockholm,2022,2,1
polisen__skjutningar-per-polisregion-2022,skjutningar,skadade,Stockholm,2022,3,1
polisen__skjutningar-per-polisregion-2022,skjutningar,skadade,Stockholm,2022,4,2
polisen__skjutningar-per-polisregion-2022,skjutningar,skadade,Stockholm,2022,5,1
polisen__skjutningar-per-polisregion-2022,skjutningar,skadade,Stockholm,2022,6,3
polisen__skjutningar-per-polisregion-2022,skjutningar,skadade,Stockholm,2022,7,6
polisen__skjutningar-per-polisregion-2022,skjutningar,skadade,Stockholm,2022,8,2
polisen__skjutningar-per-polisregion-2022,skjutningar,skadade,Stockholm,2022,9,8
polisen__skjutningar-per-polisregion-2022,skjutningar,skadade,Stockholm,2022,10,3
polisen__skjutningar-per-polisregion-2022,skjutningar,skadade,Stockholm,2022,11,1
polisen__skjutningar-per-polisregion-2022,skjutningar,skadade,Stockholm,2022,12,3
polisen__skjutningar-per-polisregion-2023,skjutningar,skadade,Stockholm,2023,1,2
polisen__skjutningar-per-polisregion-2023,skjutningar,skadade,Stockholm,2023,2,7
polisen__skjutningar-per-polisregion-2023,skjutningar,skadade,Stockholm,2023,3,4
polisen__skjutningar-per-polisregion-2023,skjutningar,skadade,Stockholm,2023,4,2
polisen__skjutningar-per-polisregion-2023,skjutningar,skadade,Stockholm,2023,5,4
polisen__skjutningar-per-polisregion-2023,skjutningar,skadade,Stockholm,2023,6,10
polisen__skjutningar-per-polisregion-2023,skjutningar,skadade,Stockholm,2023,7,0
polisen__skjutningar-per-polisregion-2023,skjutningar,skadade,Stockholm,2023,8,1
polisen__skjutningar-per-polisregion-2023,skjutningar,skadade,Stockholm,2023,9,2
polisen__skjutningar-per-polisregion-2023,skjutningar,skadade,Stockholm,2023,10,3
polisen__skjutningar-per-polisregion-2023,skjutningar,skadade,Stockholm,2023,11,2
polisen__skjutningar-per-polisregion-2023,skjutningar,skadade,Stockholm,2023,12,5
polisen__skjutningar-per-polisregion-2024,skjutningar,skadade,Stockholm,2024,1,1
polisen__skjutningar-per-polisregion-2024,skjutningar,skadade,Stockholm,2024,2,0
polisen__skjutningar-per-polisregion-2024,skjutningar,skadade,Stockholm,2024,3,1
polisen__skjutningar-per-polisregion-2024,skjutningar,skadade,Stockholm,2024,4,1
polisen__skjutningar-per-polisregion-2024,skjutningar,skadade,Stockholm,2024,5,2
polisen__skjutningar-per-polisregion-2024,skjutningar,skadade,Stockholm,2024,6,0
polisen__skjutningar-per-polisregion-2024,skjutningar,skadade,Stockholm,2024,7,3
polisen__skjutningar-per-polisregion-2024,skjutningar,skadade,Stockholm,2024,8,3
polisen__skjutningar-per-polisregion-2024,skjutningar,skadade,Stockholm,2024,9,3
polisen__skjutningar-per-polisregion-2024,skjutningar,skadade,Stockholm,2024,10,1
polisen__skjutningar-per-polisregion-2024,skjutningar,skadade,Stockholm,2024,11,4
polisen__skjutningar-per-polisregion-2024,skjutningar,skadade,Stockholm,2024,12,0
polisen__skjutningar-per-polisregion-2025,skjutningar,skadade,Stockholm,2025,1,1
polisen__skjutningar-per-polisregion-2025,skjutningar,skadade,Stockholm,2025,2,0
polisen__skjutningar-per-polisregion-2025,skjutningar,skadade,Stockholm,2025,3,1
polisen__skjutningar-per-polisregion-2025,skjutningar,skadade,Stockholm,2025,4,2
polisen__skjutningar-per-polisregion-2025,skjutningar,skadade,Stockholm,2025,5,1
polisen__skjutningar-per-polisregion-2025,skjutningar,skadade,Stockholm,2025,6,1
polisen__skjutningar-per-polisregion-2025,skjutningar,skadade,Stockholm,2025,7,2
polisen__skjutningar-per-polisregion-2025,skjutningar,skadade,Stockholm,2025,8,4
polisen__skjutningar-per-polisregion-2025,skjutningar,skadade,Stockholm,2025,9,1
polisen__skjutningar-per-polisregion-2025,skjutningar,skadade,Stockholm,2025,10,3
polisen__skjutningar-per-polisregion-2025,skjutningar,skadade,Stockholm,2025,11,0
polisen__skjutningar-per-polisregion-2025,skjutningar,skadade,Stockholm,2025,12,2
polisen__skjutningar-per-polisregion-tolv-manader,skjutningar,skadade,Stockholm,2026,1,0
polisen__skjutningar-per-polisregion-tolv-manader,skjutningar,skadade,Stockholm,2026,2,0
polisen__skjutningar-per-polisregion-tolv-manader,skjutningar,skadade,Stockholm,2026,3,2
polisen__skjutningar-per-polisregion-tolv-manader,skjutningar,skadade,Stockholm,2026,4,1
polisen__skjutningar-per-polisregion-tolv-manader,skjutningar,skadade,Stockholm,2026,5,3
polisen__skjutningar-per-polisregion-tolv-manader,skjutningar,skadade,Stockholm,2026,6,1
polisen__skjutningar-per-polisregion-tolv-manader,skjutningar,skadade,Stockholm,2026,7,0
polisen__skjutningar-per-polisregion-tolv-manader,skjutningar,skadade,Stockholm,2026,8,1
polisen__skjutningar-per-polisregion-2017,skjutningar,skadade,Syd,2017,1,4
polisen__skjutningar-per-polisregion-2017,skjutningar,skadade,Syd,2017,2,3
polisen__skjutningar-per-polisregion-2017,skjutningar,skadade,Syd,2017,3,5
polisen__skjutningar-per-polisregion-2017,skjutningar,skadade,Syd,2017,4,1
polisen__skjutningar-per-polisregion-2017,skjutningar,skadade,Syd,2017,5,2
polisen__skjutningar-per-polisregion-2017,skjutningar,skadade,Syd,2017,6,4
polisen__skjutningar-per-polisregion-2017,skjutningar,skadade,Syd,2017,7,9
polisen__skjutningar-per-polisregion-2017,skjutningar,skadade,Syd,2017,8,7
polisen__skjutningar-per-polisregion-2017,skjutningar,skadade,Syd,2017,9,7
polisen__skjutningar-per-polisregion-2017,skjutningar,skadade,Syd,2017,10,2
polisen__skjutningar-per-polisregion-2017,skjutningar,skadade,Syd,2017,11,1
polisen__skjutningar-per-polisregion-2017,skjutningar,skadade,Syd,2017,12,3
polisen__skjutningar-per-polisregion-2018,skjutningar,skadade,Syd,2018,1,1
polisen__skjutningar-per-polisregion-2018,skjutningar,skadade,Syd,2018,2,1
polisen__skjutningar-per-polisregion-2018,skjutningar,skadade,Syd,2018,3,3
polisen__skjutningar-per-polisregion-2018,skjutningar,skadade,Syd,2018,4,1
polisen__skjutningar-per-polisregion-2018,skjutningar,skadade,Syd,2018,5,1
polisen__skjutningar-per-polisregion-2018,skjutningar,skadade,Syd,2018,6,7
polisen__skjutningar-per-polisregion-2018,skjutningar,skadade,Syd,2018,7,6
polisen__skjutningar-per-polisregion-2018,skjutningar,skadade,Syd,2018,8,2
polisen__skjutningar-per-polisregion-2018,skjutningar,skadade,Syd,2018,9,1
polisen__skjutningar-per-polisregion-2018,skjutningar,skadade,Syd,2018,10,0
polisen__skjutningar-per-polisregion-2018,skjutningar,skadade,Syd,2018,11,3
polisen__skjutningar-per-polisregion-2018,skjutningar,skadade,Syd,2018,12,2
polisen__skjutningar-per-polisregion-2019,skjutningar,skadade,Syd,2019,1,0
polisen__skjutningar-per-polisregion-2019,skjutningar,skadade,Syd,2019,2,0
polisen__skjutningar-per-polisregion-2019,skjutningar,skadade,Syd,2019,3,1
polisen__skjutningar-per-polisregion-2019,skjutningar,skadade,Syd,2019,4,2
polisen__skjutningar-per-polisregion-2019,skjutningar,skadade,Syd,2019,5,4
polisen__skjutningar-per-polisregion-2019,skjutningar,skadade,Syd,2019,6,2
polisen__skjutningar-per-polisregion-2019,skjutningar,skadade,Syd,2019,7,4
polisen__skjutningar-per-polisregion-2019,skjutningar,skadade,Syd,2019,8,4
polisen__skjutningar-per-polisregion-2019,skjutningar,skadade,Syd,2019,9,2
polisen__skjutningar-per-polisregion-2019,skjutningar,skadade,Syd,2019,10,0
polisen__skjutningar-per-polisregion-2019,skjutningar,skadade,Syd,2019,11,2
polisen__skjutningar-per-polisregion-2019,skjutningar,skadade,Syd,2019,12,4
polisen__skjutningar-per-polisregion-2020,skjutningar,skadade,Syd,2020,1,1
polisen__skjutningar-per-polisregion-2020,skjutningar,skadade,Syd,2020,2,0
polisen__skjutningar-per-polisregion-2020,skjutningar,skadade,Syd,2020,3,1
polisen__skjutningar-per-polisregion-2020,skjutningar,skadade,Syd,2020,4,1
polisen__skjutningar-per-polisregion-2020,skjutningar,skadade,Syd,2020,5,0
polisen__skjutningar-per-polisregion-2020,skjutningar,skadade,Syd,2020,6,1
polisen__skjutningar-per-polisregion-2020,skjutningar,skadade,Syd,2020,7,0
polisen__skjutningar-per-polisregion-2020,skjutningar,skadade,Syd,2020,8,1
polisen__skjutningar-per-polisregion-2020,skjutningar,skadade,Syd,2020,9,3
polisen__skjutningar-per-polisregion-2020,skjutningar,skadade,Syd,2020,10,1
polisen__skjutningar-per-polisregion-2020,skjutningar,skadade,Syd,2020,11,1
polisen__skjutningar-per-polisregion-2020,skjutningar,skadade,Syd,2020,12,1
polisen__skjutningar-per-polisregion-2021,skjutningar,skadade,Syd,2021,1,0
polisen__skjutningar-per-polisregion-2021,skjutningar,skadade,Syd,2021,2,2
polisen__skjutningar-per-polisregion-2021,skjutningar,skadade,Syd,2021,3,1
polisen__skjutningar-per-polisregion-2021,skjutningar,skadade,Syd,2021,4,2
polisen__skjutningar-per-polisregion-2021,skjutningar,skadade,Syd,2021,5,1
polisen__skjutningar-per-polisregion-2021,skjutningar,skadade,Syd,2021,6,0
polisen__skjutningar-per-polisregion-2021,skjutningar,skadade,Syd,2021,7,0
polisen__skjutningar-per-polisregion-2021,skjutningar,skadade,Syd,2021,8,5
polisen__skjutningar-per-polisregion-2021,skjutningar,skadade,Syd,2021,9,2
polisen__skjutningar-per-polisregion-2021,skjutningar,skadade,Syd,2021,10,2
polisen__skjutningar-per-polisregion-2021,skjutningar,skadade,Syd,2021,11,3
polisen__skjutningar-per-polisregion-2021,skjutningar,skadade,Syd,2021,12,1
polisen__skjutningar-per-polisregion-2022,skjutningar,skadade,Syd,2022,1,4
polisen__skjutningar-per-polisregion-2022,skjutningar,skadade,Syd,2022,2,0
polisen__skjutningar-per-polisregion-2022,skjutningar,skadade,Syd,2022,3,2
polisen__skjutningar-per-polisregion-2022,skjutningar,skadade,Syd,2022,4,2
polisen__skjutningar-per-polisregion-2022,skjutningar,skadade,Syd,2022,5,0
polisen__skjutningar-per-polisregion-2022,skjutningar,skadade,Syd,2022,6,3
polisen__skjutningar-per-polisregion-2022,skjutningar,skadade,Syd,2022,7,1
polisen__skjutningar-per-polisregion-2022,skjutningar,skadade,Syd,2022,8,2
polisen__skjutningar-per-polisregion-2022,skjutningar,skadade,Syd,2022,9,0
polisen__skjutningar-per-polisregion-2022,skjutningar,skadade,Syd,2022,10,2
polisen__skjutningar-per-polisregion-2022,skjutningar,skadade,Syd,2022,11,1
polisen__skjutningar-per-polisregion-2022,skjutningar,skadade,Syd,2022,12,1
polisen__skjutningar-per-polisregion-2023,skjutningar,skadade,Syd,2023,1,1
polisen__skjutningar-per-polisregion-2023,skjutningar,skadade,Syd,2023,2,1
polisen__skjutningar-per-polisregion-2023,skjutningar,skadade,Syd,2023,3,5
polisen__skjutningar-per-polisregion-2023,skjutningar,skadade,Syd,2023,4,1
polisen__skjutningar-per-polisregion-2023,skjutningar,skadade,Syd,2023,5,3
polisen__skjutningar-per-polisregion-2023,skjutningar,skadade,Syd,2023,6,5
polisen__skjutningar-per-polisregion-2023,skjutningar,skadade,Syd,2023,7,2
polisen__skjutningar-per-polisregion-2023,skjutningar,skadade,Syd,2023,8,3
polisen__skjutningar-per-polisregion-2023,skjutningar,skadade,Syd,2023,9,1
polisen__skjutningar-per-polisregion-2023,skjutningar,skadade,Syd,2023,10,3
polisen__skjutningar-per-polisregion-2023,skjutningar,skadade,Syd,2023,11,2
polisen__skjutningar-per-polisregion-2023,skjutningar,skadade,Syd,2023,12,1
polisen__skjutningar-per-polisregion-2024,skjutningar,skadade,Syd,2024,1,1
polisen__skjutningar-per-polisregion-2024,skjutningar,skadade,Syd,2024,2,0
polisen__skjutningar-per-polisregion-2024,skjutningar,skadade,Syd,2024,3,1
polisen__skjutningar-per-polisregion-2024,skjutningar,skadade,Syd,2024,4,0
polisen__skjutningar-per-polisregion-2024,skjutningar,skadade,Syd,2024,5,2
polisen__skjutningar-per-polisregion-2024,skjutningar,skadade,Syd,2024,6,2
polisen__skjutningar-per-polisregion-2024,skjutningar,skadade,Syd,2024,7,2
polisen__skjutningar-per-polisregion-2024,skjutningar,skadade,Syd,2024,8,2
polisen__skjutningar-per-polisregion-2024,skjutningar,skadade,Syd,2024,9,2
polisen__skjutningar-per-polisregion-2024,skjutningar,skadade,Syd,2024,10,0
polisen__skjutningar-per-polisregion-2024,skjutningar,skadade,Syd,2024,11,0
polisen__skjutningar-per-polisregion-2024,skjutningar,skadade,Syd,2024,12,2
polisen__skjutningar-per-polisregion-2025,skjutningar,skadade,Syd,2025,1,0
polisen__skjutningar-per-polisregion-2025,skjutningar,skadade,Syd,2025,2,0
polisen__skjutningar-per-polisregion-2025,skjutningar,skadade,Syd,2025,3,1
polisen__skjutningar-per-polisregion-2025,skjutningar,skadade,Syd,2025,4,2
polisen__skjutningar-per-polisregion-2025,skjutningar,skadade,Syd,2025,5,0
polisen__skjutningar-per-polisregion-2025,skjutningar,skadade,Syd,2025,6,0
polisen__skjutningar-per-polisregion-2025,skjutningar,skadade,Syd,2025,7,0
polisen__skjutningar-per-polisregion-2025,skjutningar,skadade,Syd,2025,8,0
polisen__skjutningar-per-polisregion-2025,skjutningar,skadade,Syd,2025,9,0
polisen__skjutningar-per-polisregion-2025,skjutningar,skadade,Syd,2025,10,0
polisen__skjutningar-per-polisregion-2025,skjutningar,skadade,Syd,2025,11,0
polisen__skjutningar-per-polisregion-2025,skjutningar,skadade,Syd,2025,12,0
polisen__skjutningar-per-polisregion-tolv-manader,skjutningar,skadade,Syd,2026,1,1
polisen__skjutningar-per-polisregion-tolv-manader,skjutningar,skadade,Syd,2026,2,2
polisen__skjutningar-per-polisregion-tolv-manader,skjutningar,skadade,Syd,2026,3,0
polisen__skjutningar-per-polisregion-tolv-manader,skjutningar,skadade,Syd,2026,4,1
polisen__skjutningar-per-polisregion-tolv-manader,skjutningar,skadade,Syd,2026,5,0
polisen__skjutningar-per-polisregion-tolv-manader,skjutningar,skadade,Syd,2026,6,0
polisen__skjutningar-per-polisregion-tolv-manader,skjutningar,skadade,Syd,2026,7,0
polisen__skjutningar-per-polisregion-tolv-manader,skjutningar,skadade,Syd,2026,8,0
polisen__skjutningar-per-polisregion-2017,skjutningar,skadade,Totalt,2017,1,5
polisen__skjutningar-per-polisregion-2017,skjutningar,skadade,Totalt,2017,2,6
polisen__skjutningar-per-polisregion-2017,skjutningar,skadade,Totalt,2017,3,7
polisen__skjutningar-per-polisregion-2017,skjutningar,skadade,Totalt,2017,4,7
polisen__skjutningar-per-polisregion-2017,skjutningar,skadade,Totalt,2017,5,6
polisen__skjutningar-per-polisregion-2017,skjutningar,skadade,Totalt,2017,6,9
polisen__skjutningar-per-polisregion-2017,skjutningar,skadade,Totalt,2017,7,23
polisen__skjutningar-per-polisregion-2017,skjutningar,skadade,Totalt,2017,8,19
polisen__skjutningar-per-polisregion-2017,skjutningar,skadade,Totalt,2017,9,16
polisen__skjutningar-per-polisregion-2017,skjutningar,skadade,Totalt,2017,10,9
polisen__skjutningar-per-polisregion-2017,skjutningar,skadade,Totalt,2017,11,6
polisen__skjutningar-per-polisregion-2017,skjutningar,skadade,Totalt,2017,12,11
polisen__skjutningar-per-polisregion-2018,skjutningar,skadade,Totalt,2018,1,10
polisen__skjutningar-per-polisregion-2018,skjutningar,skadade,Totalt,2018,2,2
polisen__skjutningar-per-polisregion-2018,skjutningar,skadade,Totalt,2018,3,12
polisen__skjutningar-per-polisregion-2018,skjutningar,skadade,Totalt,2018,4,9
polisen__skjutningar-per-polisregion-2018,skjutningar,skadade,Totalt,2018,5,14
polisen__skjutningar-per-polisregion-2018,skjutningar,skadade,Totalt,2018,6,19
polisen__skjutningar-per-polisregion-2018,skjutningar,skadade,Totalt,2018,7,12
polisen__skjutningar-per-polisregion-2018,skjutningar,skadade,Totalt,2018,8,12
polisen__skjutningar-per-polisregion-2018,skjutningar,skadade,Totalt,2018,9,15
polisen__skjutningar-per-polisregion-2018,skjutningar,skadade,Totalt,2018,10,8
polisen__skjutningar-per-polisregion-2018,skjutningar,skadade,Totalt,2018,11,20
polisen__skjutningar-per-polisregion-2018,skjutningar,skadade,Totalt,2018,12,6
polisen__skjutningar-per-polisregion-2019,skjutningar,skadade,Totalt,2019,1,7
polisen__skjutningar-per-polisregion-2019,skjutningar,skadade,Totalt,2019,2,3
polisen__skjutningar-per-polisregion-2019,skjutningar,skadade,Totalt,2019,3,7
polisen__skjutningar-per-polisregion-2019,skjutningar,skadade,Totalt,2019,4,8
polisen__skjutningar-per-polisregion-2019,skjutningar,skadade,Totalt,2019,5,13
polisen__skjutningar-per-polisregion-2019,skjutningar,skadade,Totalt,2019,6,17
polisen__skjutningar-per-polisregion-2019,skjutningar,skadade,Totalt,2019,7,11
polisen__skjutningar-per-polisregion-2019,skjutningar,skadade,Totalt,2019,8,13
polisen__skjutningar-per-polisregion-2019,skjutningar,skadade,Totalt,2019,9,11
polisen__skjutningar-per-polisregion-2019,skjutningar,skadade,Totalt,2019,10,6
polisen__skjutningar-per-polisregion-2019,skjutningar,skadade,Totalt,2019,11,12
polisen__skjutningar-per-polisregion-2019,skjutningar,skadade,Totalt,2019,12,17
polisen__skjutningar-per-polisregion-2020,skjutningar,skadade,Totalt,2020,1,14
polisen__skjutningar-per-polisregion-2020,skjutningar,skadade,Totalt,2020,2,4
polisen__skjutningar-per-polisregion-2020,skjutningar,skadade,Totalt,2020,3,13
polisen__skjutningar-per-polisregion-2020,skjutningar,skadade,Totalt,2020,4,6
polisen__skjutningar-per-polisregion-2020,skjutningar,skadade,Totalt,2020,5,14
polisen__skjutningar-per-polisregion-2020,skjutningar,skadade,Totalt,2020,6,9
polisen__skjutningar-per-polisregion-2020,skjutningar,skadade,Totalt,2020,7,11
polisen__skjutningar-per-polisregion-2020,skjutningar,skadade,Totalt,2020,8,11
polisen__skjutningar-per-polisregion-2020,skjutningar,skadade,Totalt,2020,9,12
polisen__skjutningar-per-polisregion-2020,skjutningar,skadade,Totalt,2020,10,12
polisen__skjutningar-per-polisregion-2020,skjutningar,skadade,Totalt,2020,11,3
polisen__skjutningar-per-polisregion-2020,skjutningar,skadade,Totalt,2020,12,9
polisen__skjutningar-per-polisregion-2021,skjutningar,skadade,Totalt,2021,1,8
polisen__skjutningar-per-polisregion-2021,skjutningar,skadade,Totalt,2021,2,7
polisen__skjutningar-per-polisregion-2021,skjutningar,skadade,Totalt,2021,3,2
polisen__skjutningar-per-polisregion-2021,skjutningar,skadade,Totalt,2021,4,8
polisen__skjutningar-per-polisregion-2021,skjutningar,skadade,Totalt,2021,5,4
polisen__skjutningar-per-polisregion-2021,skjutningar,skadade,Totalt,2021,6,11
polisen__skjutningar-per-polisregion-2021,skjutningar,skadade,Totalt,2021,7,12
polisen__skjutningar-per-polisregion-2021,skjutningar,skadade,Totalt,2021,8,13
polisen__skjutningar-per-polisregion-2021,skjutningar,skadade,Totalt,2021,9,12
polisen__skjutningar-per-polisregion-2021,skjutningar,skadade,Totalt,2021,10,15
polisen__skjutningar-per-polisregion-2021,skjutningar,skadade,Totalt,2021,11,10
polisen__skjutningar-per-polisregion-2021,skjutningar,skadade,Totalt,2021,12,12
polisen__skjutningar-per-polisregion-2022,skjutningar,skadade,Totalt,2022,1,11
polisen__skjutningar-per-polisregion-2022,skjutningar,skadade,Totalt,2022,2,4
polisen__skjutningar-per-polisregion-2022,skjutningar,skadade,Totalt,2022,3,9
polisen__skjutningar-per-polisregion-2022,skjutningar,skadade,Totalt,2022,4,12
polisen__skjutningar-per-polisregion-2022,skjutningar,skadade,Totalt,2022,5,6
polisen__skjutningar-per-polisregion-2022,skjutningar,skadade,Totalt,2022,6,7
polisen__skjutningar-per-polisregion-2022,skjutningar,skadade,Totalt,2022,7,11
polisen__skjutningar-per-polisregion-2022,skjutningar,skadade,Totalt,2022,8,14
polisen__skjutningar-per-polisregion-2022,skjutningar,skadade,Totalt,2022,9,14
polisen__skjutningar-per-polisregion-2022,skjutningar,skadade,Totalt,2022,10,8
polisen__skjutningar-per-polisregion-2022,skjutningar,skadade,Totalt,2022,11,5
polisen__skjutningar-per-polisregion-2022,skjutningar,skadade,Totalt,2022,12,6
polisen__skjutningar-per-polisregion-2023,skjutningar,skadade,Totalt,2023,1,4
polisen__skjutningar-per-polisregion-2023,skjutningar,skadade,Totalt,2023,2,8
polisen__skjutningar-per-polisregion-2023,skjutningar,skadade,Totalt,2023,3,12
polisen__skjutningar-per-polisregion-2023,skjutningar,skadade,Totalt,2023,4,8
polisen__skjutningar-per-polisregion-2023,skjutningar,skadade,Totalt,2023,5,9
polisen__skjutningar-per-polisregion-2023,skjutningar,skadade,Totalt,2023,6,17
polisen__skjutningar-per-polisregion-2023,skjutningar,skadade,Totalt,2023,7,10
polisen__skjutningar-per-polisregion-2023,skjutningar,skadade,Totalt,2023,8,8
polisen__skjutningar-per-polisregion-2023,skjutningar,skadade,Totalt,2023,9,8
polisen__skjutningar-per-polisregion-2023,skjutningar,skadade,Totalt,2023,10,9
polisen__skjutningar-per-polisregion-2023,skjutningar,skadade,Totalt,2023,11,7
polisen__skjutningar-per-polisregion-2023,skjutningar,skadade,Totalt,2023,12,8
polisen__skjutningar-per-polisregion-2024,skjutningar,skadade,Totalt,2024,1,7
polisen__skjutningar-per-polisregion-2024,skjutningar,skadade,Totalt,2024,2,4
polisen__skjutningar-per-polisregion-2024,skjutningar,skadade,Totalt,2024,3,4
polisen__skjutningar-per-polisregion-2024,skjutningar,skadade,Totalt,2024,4,1
polisen__skjutningar-per-polisregion-2024,skjutningar,skadade,Totalt,2024,5,7
polisen__skjutningar-per-polisregion-2024,skjutningar,skadade,Totalt,2024,6,6
polisen__skjutningar-per-polisregion-2024,skjutningar,skadade,Totalt,2024,7,11
polisen__skjutningar-per-polisregion-2024,skjutningar,skadade,Totalt,2024,8,7
polisen__skjutningar-per-polisregion-2024,skjutningar,skadade,Totalt,2024,9,5
polisen__skjutningar-per-polisregion-2024,skjutningar,skadade,Totalt,2024,10,4
polisen__skjutningar-per-polisregion-2024,skjutningar,skadade,Totalt,2024,11,6
polisen__skjutningar-per-polisregion-2024,skjutningar,skadade,Totalt,2024,12,4
polisen__skjutningar-per-polisregion-2025,skjutningar,skadade,Totalt,2025,1,1
polisen__skjutningar-per-polisregion-2025,skjutningar,skadade,Totalt,2025,2,6
polisen__skjutningar-per-polisregion-2025,skjutningar,skadade,Totalt,2025,3,3
polisen__skjutningar-per-polisregion-2025,skjutningar,skadade,Totalt,2025,4,5
polisen__skjutningar-per-polisregion-2025,skjutningar,skadade,Totalt,2025,5,2
polisen__skjutningar-per-polisregion-2025,skjutningar,skadade,Totalt,2025,6,3
polisen__skjutningar-per-polisregion-2025,skjutningar,skadade,Totalt,2025,7,3
polisen__skjutningar-per-polisregion-2025,skjutningar,skadade,Totalt,2025,8,5
polisen__skjutningar-per-polisregion-2025,skjutningar,skadade,Totalt,2025,9,4
polisen__skjutningar-per-polisregion-2025,skjutningar,skadade,Totalt,2025,10,12
polisen__skjutningar-per-polisregion-2025,skjutningar,skadade,Totalt,2025,11,0
polisen__skjutningar-per-polisregion-2025,skjutningar,skadade,Totalt,2025,12,2
polisen__skjutningar-per-polisregion-tolv-manader,skjutningar,skadade,Totalt,2026,1,1
polisen__skjutningar-per-polisregion-tolv-manader,skjutningar,skadade,Totalt,2026,2,2
polisen__skjutningar-per-polisregion-tolv-manader,skjutningar,skadade,Totalt,2026,3,3
polisen__skjutningar-per-polisregion-tolv-manader,skjutningar,skadade,Totalt,2026,4,2
polisen__skjutningar-per-polisregion-tolv-manader,skjutningar,skadade,Totalt,2026,5,4
polisen__skjutningar-per-polisregion-tolv-manader,skjutningar,skadade,Totalt,2026,6,1
polisen__skjutningar-per-polisregion-tolv-manader,skjutningar,skadade,Totalt,2026,7,1
polisen__skjutningar-per-polisregion-tolv-manader,skjutningar,skadade,Totalt,2026,8,1
polisen__skjutningar-per-polisregion-2017,skjutningar,skadade,Väst,2017,1,0
polisen__skjutningar-per-polisregion-2017,skjutningar,skadade,Väst,2017,2,0
polisen__skjutningar-per-polisregion-2017,skjutningar,skadade,Väst,2017,3,1
polisen__skjutningar-per-polisregion-2017,skjutningar,skadade,Väst,2017,4,1
polisen__skjutningar-per-polisregion-2017,skjutningar,skadade,Väst,2017,5,3
polisen__skjutningar-per-polisregion-2017,skjutningar,skadade,Väst,2017,6,1
polisen__skjutningar-per-polisregion-2017,skjutningar,skadade,Väst,2017,7,5
polisen__skjutningar-per-polisregion-2017,skjutningar,skadade,Väst,2017,8,3
polisen__skjutningar-per-polisregion-2017,skjutningar,skadade,Väst,2017,9,1
polisen__skjutningar-per-polisregion-2017,skjutningar,skadade,Väst,2017,10,2
polisen__skjutningar-per-polisregion-2017,skjutningar,skadade,Väst,2017,11,0
polisen__skjutningar-per-polisregion-2017,skjutningar,skadade,Väst,2017,12,3
polisen__skjutningar-per-polisregion-2018,skjutningar,skadade,Väst,2018,1,2
polisen__skjutningar-per-polisregion-2018,skjutningar,skadade,Väst,2018,2,0
polisen__skjutningar-per-polisregion-2018,skjutningar,skadade,Väst,2018,3,2
polisen__skjutningar-per-polisregion-2018,skjutningar,skadade,Väst,2018,4,3
polisen__skjutningar-per-polisregion-2018,skjutningar,skadade,Väst,2018,5,4
polisen__skjutningar-per-polisregion-2018,skjutningar,skadade,Väst,2018,6,1
polisen__skjutningar-per-polisregion-2018,skjutningar,skadade,Väst,2018,7,1
polisen__skjutningar-per-polisregion-2018,skjutningar,skadade,Väst,2018,8,3
polisen__skjutningar-per-polisregion-2018,skjutningar,skadade,Väst,2018,9,3
polisen__skjutningar-per-polisregion-2018,skjutningar,skadade,Väst,2018,10,2
polisen__skjutningar-per-polisregion-2018,skjutningar,skadade,Väst,2018,11,6
polisen__skjutningar-per-polisregion-2018,skjutningar,skadade,Väst,2018,12,0
polisen__skjutningar-per-polisregion-2019,skjutningar,skadade,Väst,2019,1,0
polisen__skjutningar-per-polisregion-2019,skjutningar,skadade,Väst,2019,2,0
polisen__skjutningar-per-polisregion-2019,skjutningar,skadade,Väst,2019,3,1
polisen__skjutningar-per-polisregion-2019,skjutningar,skadade,Väst,2019,4,1
polisen__skjutningar-per-polisregion-2019,skjutningar,skadade,Väst,2019,5,2
polisen__skjutningar-per-polisregion-2019,skjutningar,skadade,Väst,2019,6,0
polisen__skjutningar-per-polisregion-2019,skjutningar,skadade,Väst,2019,7,2
polisen__skjutningar-per-polisregion-2019,skjutningar,skadade,Väst,2019,8,1
polisen__skjutningar-per-polisregion-2019,skjutningar,skadade,Väst,2019,9,3
polisen__skjutningar-per-polisregion-2019,skjutningar,skadade,Väst,2019,10,0
polisen__skjutningar-per-polisregion-2019,skjutningar,skadade,Väst,2019,11,2
polisen__skjutningar-per-polisregion-2019,skjutningar,skadade,Väst,2019,12,1
polisen__skjutningar-per-polisregion-2020,skjutningar,skadade,Väst,2020,1,2
polisen__skjutningar-per-polisregion-2020,skjutningar,skadade,Väst,2020,2,1
polisen__skjutningar-per-polisregion-2020,skjutningar,skadade,Väst,2020,3,2
polisen__skjutningar-per-polisregion-2020,skjutningar,skadade,Väst,2020,4,0
polisen__skjutningar-per-polisregion-2020,skjutningar,skadade,Väst,2020,5,3
polisen__skjutningar-per-polisregion-2020,skjutningar,skadade,Väst,2020,6,0
polisen__skjutningar-per-polisregion-2020,skjutningar,skadade,Väst,2020,7,1
polisen__skjutningar-per-polisregion-2020,skjutningar,skadade,Väst,2020,8,1
polisen__skjutningar-per-polisregion-2020,skjutningar,skadade,Väst,2020,9,3
polisen__skjutningar-per-polisregion-2020,skjutningar,skadade,Väst,2020,10,5
polisen__skjutningar-per-polisregion-2020,skjutningar,skadade,Väst,2020,11,1
polisen__skjutningar-per-polisregion-2020,skjutningar,skadade,Väst,2020,12,1
polisen__skjutningar-per-polisregion-2021,skjutningar,skadade,Väst,2021,1,3
polisen__skjutningar-per-polisregion-2021,skjutningar,skadade,Väst,2021,2,0
polisen__skjutningar-per-polisregion-2021,skjutningar,skadade,Väst,2021,3,1
polisen__skjutningar-per-polisregion-2021,skjutningar,skadade,Väst,2021,4,1
polisen__skjutningar-per-polisregion-2021,skjutningar,skadade,Väst,2021,5,2
polisen__skjutningar-per-polisregion-2021,skjutningar,skadade,Väst,2021,6,3
polisen__skjutningar-per-polisregion-2021,skjutningar,skadade,Väst,2021,7,0
polisen__skjutningar-per-polisregion-2021,skjutningar,skadade,Väst,2021,8,1
polisen__skjutningar-per-polisregion-2021,skjutningar,skadade,Väst,2021,9,0
polisen__skjutningar-per-polisregion-2021,skjutningar,skadade,Väst,2021,10,1
polisen__skjutningar-per-polisregion-2021,skjutningar,skadade,Väst,2021,11,1
polisen__skjutningar-per-polisregion-2021,skjutningar,skadade,Väst,2021,12,3
polisen__skjutningar-per-polisregion-2022,skjutningar,skadade,Väst,2022,1,1
polisen__skjutningar-per-polisregion-2022,skjutningar,skadade,Väst,2022,2,0
polisen__skjutningar-per-polisregion-2022,skjutningar,skadade,Väst,2022,3,2
polisen__skjutningar-per-polisregion-2022,skjutningar,skadade,Väst,2022,4,0
polisen__skjutningar-per-polisregion-2022,skjutningar,skadade,Väst,2022,5,0
polisen__skjutningar-per-polisregion-2022,skjutningar,skadade,Väst,2022,6,0
polisen__skjutningar-per-polisregion-2022,skjutningar,skadade,Väst,2022,7,3
polisen__skjutningar-per-polisregion-2022,skjutningar,skadade,Väst,2022,8,3
polisen__skjutningar-per-polisregion-2022,skjutningar,skadade,Väst,2022,9,2
polisen__skjutningar-per-polisregion-2022,skjutningar,skadade,Väst,2022,10,1
polisen__skjutningar-per-polisregion-2022,skjutningar,skadade,Väst,2022,11,1
polisen__skjutningar-per-polisregion-2022,skjutningar,skadade,Väst,2022,12,1
polisen__skjutningar-per-polisregion-2023,skjutningar,skadade,Väst,2023,1,0
polisen__skjutningar-per-polisregion-2023,skjutningar,skadade,Väst,2023,2,0
polisen__skjutningar-per-polisregion-2023,skjutningar,skadade,Väst,2023,3,1
polisen__skjutningar-per-polisregion-2023,skjutningar,skadade,Väst,2023,4,2
polisen__skjutningar-per-polisregion-2023,skjutningar,skadade,Väst,2023,5,2
polisen__skjutningar-per-polisregion-2023,skjutningar,skadade,Väst,2023,6,0
polisen__skjutningar-per-polisregion-2023,skjutningar,skadade,Väst,2023,7,0
polisen__skjutningar-per-polisregion-2023,skjutningar,skadade,Väst,2023,8,1
polisen__skjutningar-per-polisregion-2023,skjutningar,skadade,Väst,2023,9,0
polisen__skjutningar-per-polisregion-2023,skjutningar,skadade,Väst,2023,10,1
polisen__skjutningar-per-polisregion-2023,skjutningar,skadade,Väst,2023,11,1
polisen__skjutningar-per-polisregion-2023,skjutningar,skadade,Väst,2023,12,0
polisen__skjutningar-per-polisregion-2024,skjutningar,skadade,Väst,2024,1,1
polisen__skjutningar-per-polisregion-2024,skjutningar,skadade,Väst,2024,2,1
polisen__skjutningar-per-polisregion-2024,skjutningar,skadade,Väst,2024,3,0
polisen__skjutningar-per-polisregion-2024,skjutningar,skadade,Väst,2024,4,0
polisen__skjutningar-per-polisregion-2024,skjutningar,skadade,Väst,2024,5,0
polisen__skjutningar-per-polisregion-2024,skjutningar,skadade,Väst,2024,6,2
polisen__skjutningar-per-polisregion-2024,skjutningar,skadade,Väst,2024,7,2
polisen__skjutningar-per-polisregion-2024,skjutningar,skadade,Väst,2024,8,1
polisen__skjutningar-per-polisregion-2024,skjutningar,skadade,Väst,2024,9,0
polisen__skjutningar-per-polisregion-2024,skjutningar,skadade,Väst,2024,10,2
polisen__skjutningar-per-polisregion-2024,skjutningar,skadade,Väst,2024,11,0
polisen__skjutningar-per-polisregion-2024,skjutningar,skadade,Väst,2024,12,1
polisen__skjutningar-per-polisregion-2025,skjutningar,skadade,Väst,2025,1,0
polisen__skjutningar-per-polisregion-2025,skjutningar,skadade,Väst,2025,2,0
polisen__skjutningar-per-polisregion-2025,skjutningar,skadade,Väst,2025,3,1
polisen__skjutningar-per-polisregion-2025,skjutningar,skadade,Väst,2025,4,0
polisen__skjutningar-per-polisregion-2025,skjutningar,skadade,Väst,2025,5,1
polisen__skjutningar-per-polisregion-2025,skjutningar,skadade,Väst,2025,6,2
polisen__skjutningar-per-polisregion-2025,skjutningar,skadade,Väst,2025,7,0
polisen__skjutningar-per-polisregion-2025,skjutningar,skadade,Väst,2025,8,0
polisen__skjutningar-per-polisregion-2025,skjutningar,skadade,Väst,2025,9,1
polisen__skjutningar-per-polisregion-2025,skjutningar,skadade,Väst,2025,10,0
polisen__skjutningar-per-polisregion-2025,skjutningar,skadade,Väst,2025,11,0
polisen__skjutningar-per-polisregion-2025,skjutningar,skadade,Väst,2025,12,0
polisen__skjutningar-per-polisregion-tolv-manader,skjutningar,skadade,Väst,2026,1,0
polisen__skjutningar-per-polisregion-tolv-manader,skjutningar,skadade,Väst,2026,2,0
polisen__skjutningar-per-polisregion-tolv-manader,skjutningar,skadade,Väst,2026,3,1
polisen__skjutningar-per-polisregion-tolv-manader,skjutningar,skadade,Väst,2026,4,0
polisen__skjutningar-per-polisregion-tolv-manader,skjutningar,skadade,Väst,2026,5,1
polisen__skjutningar-per-polisregion-tolv-manader,skjutningar,skadade,Väst,2026,6,0
polisen__skjutningar-per-polisregion-tolv-manader,skjutningar,skadade,Väst,2026,7,0
polisen__skjutningar-per-polisregion-tolv-manader,skjutningar,skadade,Väst,2026,8,0
polisen__skjutningar-per-polisregion-2017,skjutningar,skadade,Öst,2017,1,0
polisen__skjutningar-per-polisregion-2017,skjutningar,skadade,Öst,2017,2,0
polisen__skjutningar-per-polisregion-2017,skjutningar,skadade,Öst,2017,3,0
polisen__skjutningar-per-polisregion-2017,skjutningar,skadade,Öst,2017,4,1
polisen__skjutningar-per-polisregion-2017,skjutningar,skadade,Öst,2017,5,1
polisen__skjutningar-per-polisregion-2017,skjutningar,skadade,Öst,2017,6,0
polisen__skjutningar-per-polisregion-2017,skjutningar,skadade,Öst,2017,7,2
polisen__skjutningar-per-polisregion-2017,skjutningar,skadade,Öst,2017,8,3
polisen__skjutningar-per-polisregion-2017,skjutningar,skadade,Öst,2017,9,3
polisen__skjutningar-per-polisregion-2017,skjutningar,skadade,Öst,2017,10,1
polisen__skjutningar-per-polisregion-2017,skjutningar,skadade,Öst,2017,11,2
polisen__skjutningar-per-polisregion-2017,skjutningar,skadade,Öst,2017,12,0
polisen__skjutningar-per-polisregion-2018,skjutningar,skadade,Öst,2018,1,1
polisen__skjutningar-per-polisregion-2018,skjutningar,skadade,Öst,2018,2,0
polisen__skjutningar-per-polisregion-2018,skjutningar,skadade,Öst,2018,3,0
polisen__skjutningar-per-polisregion-2018,skjutningar,skadade,Öst,2018,4,1
polisen__skjutningar-per-polisregion-2018,skjutningar,skadade,Öst,2018,5,1
polisen__skjutningar-per-polisregion-2018,skjutningar,skadade,Öst,2018,6,1
polisen__skjutningar-per-polisregion-2018,skjutningar,skadade,Öst,2018,7,1
polisen__skjutningar-per-polisregion-2018,skjutningar,skadade,Öst,2018,8,0
polisen__skjutningar-per-polisregion-2018,skjutningar,skadade,Öst,2018,9,5
polisen__skjutningar-per-polisregion-2018,skjutningar,skadade,Öst,2018,10,1
polisen__skjutningar-per-polisregion-2018,skjutningar,skadade,Öst,2018,11,1
polisen__skjutningar-per-polisregion-2018,skjutningar,skadade,Öst,2018,12,0
polisen__skjutningar-per-polisregion-2019,skjutningar,skadade,Öst,2019,1,0
polisen__skjutningar-per-polisregion-2019,skjutningar,skadade,Öst,2019,2,0
polisen__skjutningar-per-polisregion-2019,skjutningar,skadade,Öst,2019,3,2
polisen__skjutningar-per-polisregion-2019,skjutningar,skadade,Öst,2019,4,1
polisen__skjutningar-per-polisregion-2019,skjutningar,skadade,Öst,2019,5,2
polisen__skjutningar-per-polisregion-2019,skjutningar,skadade,Öst,2019,6,5
polisen__skjutningar-per-polisregion-2019,skjutningar,skadade,Öst,2019,7,1
polisen__skjutningar-per-polisregion-2019,skjutningar,skadade,Öst,2019,8,2
polisen__skjutningar-per-polisregion-2019,skjutningar,skadade,Öst,2019,9,0
polisen__skjutningar-per-polisregion-2019,skjutningar,skadade,Öst,2019,10,1
polisen__skjutningar-per-polisregion-2019,skjutningar,skadade,Öst,2019,11,1
polisen__skjutningar-per-polisregion-2019,skjutningar,skadade,Öst,2019,12,2
polisen__skjutningar-per-polisregion-2020,skjutningar,skadade,Öst,2020,1,2
polisen__skjutningar-per-polisregion-2020,skjutningar,skadade,Öst,2020,2,1
polisen__skjutningar-per-polisregion-2020,skjutningar,skadade,Öst,2020,3,0
polisen__skjutningar-per-polisregion-2020,skjutningar,skadade,Öst,2020,4,2
polisen__skjutningar-per-polisregion-2020,skjutningar,skadade,Öst,2020,5,1
polisen__skjutningar-per-polisregion-2020,skjutningar,skadade,Öst,2020,6,0
polisen__skjutningar-per-polisregion-2020,skjutningar,skadade,Öst,2020,7,2
polisen__skjutningar-per-polisregion-2020,skjutningar,skadade,Öst,2020,8,1
polisen__skjutningar-per-polisregion-2020,skjutningar,skadade,Öst,2020,9,1
polisen__skjutningar-per-polisregion-2020,skjutningar,skadade,Öst,2020,10,0
polisen__skjutningar-per-polisregion-2020,skjutningar,skadade,Öst,2020,11,0
polisen__skjutningar-per-polisregion-2020,skjutningar,skadade,Öst,2020,12,1
polisen__skjutningar-per-polisregion-2021,skjutningar,skadade,Öst,2021,1,0
polisen__skjutningar-per-polisregion-2021,skjutningar,skadade,Öst,2021,2,0
polisen__skjutningar-per-polisregion-2021,skjutningar,skadade,Öst,2021,3,0
polisen__skjutningar-per-polisregion-2021,skjutningar,skadade,Öst,2021,4,1
polisen__skjutningar-per-polisregion-2021,skjutningar,skadade,Öst,2021,5,0
polisen__skjutningar-per-polisregion-2021,skjutningar,skadade,Öst,2021,6,0
polisen__skjutningar-per-polisregion-2021,skjutningar,skadade,Öst,2021,7,0
polisen__skjutningar-per-polisregion-2021,skjutningar,skadade,Öst,2021,8,1
polisen__skjutningar-per-polisregion-2021,skjutningar,skadade,Öst,2021,9,2
polisen__skjutningar-per-polisregion-2021,skjutningar,skadade,Öst,2021,10,1
polisen__skjutningar-per-polisregion-2021,skjutningar,skadade,Öst,2021,11,2
polisen__skjutningar-per-polisregion-2021,skjutningar,skadade,Öst,2021,12,1
polisen__skjutningar-per-polisregion-2022,skjutningar,skadade,Öst,2022,1,6
polisen__skjutningar-per-polisregion-2022,skjutningar,skadade,Öst,2022,2,2
polisen__skjutningar-per-polisregion-2022,skjutningar,skadade,Öst,2022,3,2
polisen__skjutningar-per-polisregion-2022,skjutningar,skadade,Öst,2022,4,1
polisen__skjutningar-per-polisregion-2022,skjutningar,skadade,Öst,2022,5,2
polisen__skjutningar-per-polisregion-2022,skjutningar,skadade,Öst,2022,6,0
polisen__skjutningar-per-polisregion-2022,skjutningar,skadade,Öst,2022,7,0
polisen__skjutningar-per-polisregion-2022,skjutningar,skadade,Öst,2022,8,4
polisen__skjutningar-per-polisregion-2022,skjutningar,skadade,Öst,2022,9,0
polisen__skjutningar-per-polisregion-2022,skjutningar,skadade,Öst,2022,10,1
polisen__skjutningar-per-polisregion-2022,skjutningar,skadade,Öst,2022,11,2
polisen__skjutningar-per-polisregion-2022,skjutningar,skadade,Öst,2022,12,0
polisen__skjutningar-per-polisregion-2023,skjutningar,skadade,Öst,2023,1,1
polisen__skjutningar-per-polisregion-2023,skjutningar,skadade,Öst,2023,2,0
polisen__skjutningar-per-polisregion-2023,skjutningar,skadade,Öst,2023,3,0
polisen__skjutningar-per-polisregion-2023,skjutningar,skadade,Öst,2023,4,0
polisen__skjutningar-per-polisregion-2023,skjutningar,skadade,Öst,2023,5,0
polisen__skjutningar-per-polisregion-2023,skjutningar,skadade,Öst,2023,6,0
polisen__skjutningar-per-polisregion-2023,skjutningar,skadade,Öst,2023,7,2
polisen__skjutningar-per-polisregion-2023,skjutningar,skadade,Öst,2023,8,2
polisen__skjutningar-per-polisregion-2023,skjutningar,skadade,Öst,2023,9,2
polisen__skjutningar-per-polisregion-2023,skjutningar,skadade,Öst,2023,10,1
polisen__skjutningar-per-polisregion-2023,skjutningar,skadade,Öst,2023,11,1
polisen__skjutningar-per-polisregion-2023,skjutningar,skadade,Öst,2023,12,0
polisen__skjutningar-per-polisregion-2024,skjutningar,skadade,Öst,2024,1,2
polisen__skjutningar-per-polisregion-2024,skjutningar,skadade,Öst,2024,2,0
polisen__skjutningar-per-polisregion-2024,skjutningar,skadade,Öst,2024,3,1
polisen__skjutningar-per-polisregion-2024,skjutningar,skadade,Öst,2024,4,0
polisen__skjutningar-per-polisregion-2024,skjutningar,skadade,Öst,2024,5,1
polisen__skjutningar-per-polisregion-2024,skjutningar,skadade,Öst,2024,6,2
polisen__skjutningar-per-polisregion-2024,skjutningar,skadade,Öst,2024,7,0
polisen__skjutningar-per-polisregion-2024,skjutningar,skadade,Öst,2024,8,1
polisen__skjutningar-per-polisregion-2024,skjutningar,skadade,Öst,2024,9,0
polisen__skjutningar-per-polisregion-2024,skjutningar,skadade,Öst,2024,10,1
polisen__skjutningar-per-polisregion-2024,skjutningar,skadade,Öst,2024,11,0
polisen__skjutningar-per-polisregion-2024,skjutningar,skadade,Öst,2024,12,0
polisen__skjutningar-per-polisregion-2025,skjutningar,skadade,Öst,2025,1,0
polisen__skjutningar-per-polisregion-2025,skjutningar,skadade,Öst,2025,2,0
polisen__skjutningar-per-polisregion-2025,skjutningar,skadade,Öst,2025,3,0
polisen__skjutningar-per-polisregion-2025,skjutningar,skadade,Öst,2025,4,1
polisen__skjutningar-per-polisregion-2025,skjutningar,skadade,Öst,2025,5,0
polisen__skjutningar-per-polisregion-2025,skjutningar,skadade,Öst,2025,6,0
polisen__skjutningar-per-polisregion-2025,skjutningar,skadade,Öst,2025,7,1
polisen__skjutningar-per-polisregion-2025,skjutningar,skadade,Öst,2025,8,0
polisen__skjutningar-per-polisregion-2025,skjutningar,skadade,Öst,2025,9,0
polisen__skjutningar-per-polisregion-2025,skjutningar,skadade,Öst,2025,10,1
polisen__skjutningar-per-polisregion-2025,skjutningar,skadade,Öst,2025,11,0
polisen__skjutningar-per-polisregion-2025,skjutningar,skadade,Öst,2025,12,0
polisen__skjutningar-per-polisregion-tolv-manader,skjutningar,skadade,Öst,2026,1,0
polisen__skjutningar-per-polisregion-tolv-manader,skjutningar,skadade,Öst,2026,2,0
polisen__skjutningar-per-polisregion-tolv-manader,skjutningar,skadade,Öst,2026,3,0
polisen__skjutningar-per-polisregion-tolv-manader,skjutningar,skadade,Öst,2026,4,0
polisen__skjutningar-per-polisregion-tolv-manader,skjutningar,skadade,Öst,2026,5,0
polisen__skjutningar-per-polisregion-tolv-manader,skjutningar,skadade,Öst,2026,6,0
polisen__skjutningar-per-polisregion-tolv-manader,skjutningar,skadade,Öst,2026,7,0
polisen__skjutningar-per-polisregion-tolv-manader,skjutningar,skadade,Öst,2026,8,0
polisen__skjutningar-per-polisregion-2017,skjutningar,skjutningar,Bergslagen,2017,1,0
polisen__skjutningar-per-polisregion-2017,skjutningar,skjutningar,Bergslagen,2017,2,0
polisen__skjutningar-per-polisregion-2017,skjutningar,skjutningar,Bergslagen,2017,3,0
polisen__skjutningar-per-polisregion-2017,skjutningar,skjutningar,Bergslagen,2017,4,0
polisen__skjutningar-per-polisregion-2017,skjutningar,skjutningar,Bergslagen,2017,5,0
polisen__skjutningar-per-polisregion-2017,skjutningar,skjutningar,Bergslagen,2017,6,0
polisen__skjutningar-per-polisregion-2017,skjutningar,skjutningar,Bergslagen,2017,7,0
polisen__skjutningar-per-polisregion-2017,skjutningar,skjutningar,Bergslagen,2017,8,0
polisen__skjutningar-per-polisregion-2017,skjutningar,skjutningar,Bergslagen,2017,9,0
polisen__skjutningar-per-polisregion-2017,skjutningar,skjutningar,Bergslagen,2017,10,0
polisen__skjutningar-per-polisregion-2017,skjutningar,skjutningar,Bergslagen,2017,11,1
polisen__skjutningar-per-polisregion-2017,skjutningar,skjutningar,Bergslagen,2017,12,1
polisen__skjutningar-per-polisregion-2018,skjutningar,skjutningar,Bergslagen,2018,1,0
polisen__skjutningar-per-polisregion-2018,skjutningar,skjutningar,Bergslagen,2018,2,0
polisen__skjutningar-per-polisregion-2018,skjutningar,skjutningar,Bergslagen,2018,3,1
polisen__skjutningar-per-polisregion-2018,skjutningar,skjutningar,Bergslagen,2018,4,0
polisen__skjutningar-per-polisregion-2018,skjutningar,skjutningar,Bergslagen,2018,5,2
polisen__skjutningar-per-polisregion-2018,skjutningar,skjutningar,Bergslagen,2018,6,0
polisen__skjutningar-per-polisregion-2018,skjutningar,skjutningar,Bergslagen,2018,7,2
polisen__skjutningar-per-polisregion-2018,skjutningar,skjutningar,Bergslagen,2018,8,0
polisen__skjutningar-per-polisregion-2018,skjutningar,skjutningar,Bergslagen,2018,9,2
polisen__skjutningar-per-polisregion-2018,skjutningar,skjutningar,Bergslagen,2018,10,0
polisen__skjutningar-per-polisregion-2018,skjutningar,skjutningar,Bergslagen,2018,11,0
polisen__skjutningar-per-polisregion-2018,skjutningar,skjutningar,Bergslagen,2018,12,1
polisen__skjutningar-per-polisregion-2019,skjutningar,skjutningar,Bergslagen,2019,1,3
polisen__skjutningar-per-polisregion-2019,skjutningar,skjutningar,Bergslagen,2019,2,0
polisen__skjutningar-per-polisregion-2019,skjutningar,skjutningar,Bergslagen,2019,3,0
polisen__skjutningar-per-polisregion-2019,skjutningar,skjutningar,Bergslagen,2019,4,3
polisen__skjutningar-per-polisregion-2019,skjutningar,skjutningar,Bergslagen,2019,5,0
polisen__skjutningar-per-polisregion-2019,skjutningar,skjutningar,Bergslagen,2019,6,1
polisen__skjutningar-per-polisregion-2019,skjutningar,skjutningar,Bergslagen,2019,7,3
polisen__skjutningar-per-polisregion-2019,skjutningar,skjutningar,Bergslagen,2019,8,1
polisen__skjutningar-per-polisregion-2019,skjutningar,skjutningar,Bergslagen,2019,9,1
polisen__skjutningar-per-polisregion-2019,skjutningar,skjutningar,Bergslagen,2019,10,1
polisen__skjutningar-per-polisregion-2019,skjutningar,skjutningar,Bergslagen,2019,11,2
polisen__skjutningar-per-polisregion-2019,skjutningar,skjutningar,Bergslagen,2019,12,0
polisen__skjutningar-per-polisregion-2020,skjutningar,skjutningar,Bergslagen,2020,1,0
polisen__skjutningar-per-polisregion-2020,skjutningar,skjutningar,Bergslagen,2020,2,1
polisen__skjutningar-per-polisregion-2020,skjutningar,skjutningar,Bergslagen,2020,3,1
polisen__skjutningar-per-polisregion-2020,skjutningar,skjutningar,Bergslagen,2020,4,0
polisen__skjutningar-per-polisregion-2020,skjutningar,skjutningar,Bergslagen,2020,5,1
polisen__skjutningar-per-polisregion-2020,skjutningar,skjutningar,Bergslagen,2020,6,1
polisen__skjutningar-per-polisregion-2020,skjutningar,skjutningar,Bergslagen,2020,7,2
polisen__skjutningar-per-polisregion-2020,skjutningar,skjutningar,Bergslagen,2020,8,5
polisen__skjutningar-per-polisregion-2020,skjutningar,skjutningar,Bergslagen,2020,9,0
polisen__skjutningar-per-polisregion-2020,skjutningar,skjutningar,Bergslagen,2020,10,1
polisen__skjutningar-per-polisregion-2020,skjutningar,skjutningar,Bergslagen,2020,11,1
polisen__skjutningar-per-polisregion-2020,skjutningar,skjutningar,Bergslagen,2020,12,0
polisen__skjutningar-per-polisregion-2021,skjutningar,skjutningar,Bergslagen,2021,1,1
polisen__skjutningar-per-polisregion-2021,skjutningar,skjutningar,Bergslagen,2021,2,2
polisen__skjutningar-per-polisregion-2021,skjutningar,skjutningar,Bergslagen,2021,3,1
polisen__skjutningar-per-polisregion-2021,skjutningar,skjutningar,Bergslagen,2021,4,2
polisen__skjutningar-per-polisregion-2021,skjutningar,skjutningar,Bergslagen,2021,5,2
polisen__skjutningar-per-polisregion-2021,skjutningar,skjutningar,Bergslagen,2021,6,1
polisen__skjutningar-per-polisregion-2021,skjutningar,skjutningar,Bergslagen,2021,7,1
polisen__skjutningar-per-polisregion-2021,skjutningar,skjutningar,Bergslagen,2021,8,0
polisen__skjutningar-per-polisregion-2021,skjutningar,skjutningar,Bergslagen,2021,9,2
polisen__skjutningar-per-polisregion-2021,skjutningar,skjutningar,Bergslagen,2021,10,2
polisen__skjutningar-per-polisregion-2021,skjutningar,skjutningar,Bergslagen,2021,11,2
polisen__skjutningar-per-polisregion-2021,skjutningar,skjutningar,Bergslagen,2021,12,5
polisen__skjutningar-per-polisregion-2022,skjutningar,skjutningar,Bergslagen,2022,1,3
polisen__skjutningar-per-polisregion-2022,skjutningar,skjutningar,Bergslagen,2022,2,2
polisen__skjutningar-per-polisregion-2022,skjutningar,skjutningar,Bergslagen,2022,3,4
polisen__skjutningar-per-polisregion-2022,skjutningar,skjutningar,Bergslagen,2022,4,2
polisen__skjutningar-per-polisregion-2022,skjutningar,skjutningar,Bergslagen,2022,5,2
polisen__skjutningar-per-polisregion-2022,skjutningar,skjutningar,Bergslagen,2022,6,1
polisen__skjutningar-per-polisregion-2022,skjutningar,skjutningar,Bergslagen,2022,7,2
polisen__skjutningar-per-polisregion-2022,skjutningar,skjutningar,Bergslagen,2022,8,0
polisen__skjutningar-per-polisregion-2022,skjutningar,skjutningar,Bergslagen,2022,9,1
polisen__skjutningar-per-polisregion-2022,skjutningar,skjutningar,Bergslagen,2022,10,3
polisen__skjutningar-per-polisregion-2022,skjutningar,skjutningar,Bergslagen,2022,11,0
polisen__skjutningar-per-polisregion-2022,skjutningar,skjutningar,Bergslagen,2022,12,1
polisen__skjutningar-per-polisregion-2023,skjutningar,skjutningar,Bergslagen,2023,1,0
polisen__skjutningar-per-polisregion-2023,skjutningar,skjutningar,Bergslagen,2023,2,1
polisen__skjutningar-per-polisregion-2023,skjutningar,skjutningar,Bergslagen,2023,3,4
polisen__skjutningar-per-polisregion-2023,skjutningar,skjutningar,Bergslagen,2023,4,3
polisen__skjutningar-per-polisregion-2023,skjutningar,skjutningar,Bergslagen,2023,5,2
polisen__skjutningar-per-polisregion-2023,skjutningar,skjutningar,Bergslagen,2023,6,3
polisen__skjutningar-per-polisregion-2023,skjutningar,skjutningar,Bergslagen,2023,7,5
polisen__skjutningar-per-polisregion-2023,skjutningar,skjutningar,Bergslagen,2023,8,0
polisen__skjutningar-per-polisregion-2023,skjutningar,skjutningar,Bergslagen,2023,9,2
polisen__skjutningar-per-polisregion-2023,skjutningar,skjutningar,Bergslagen,2023,10,1
polisen__skjutningar-per-polisregion-2023,skjutningar,skjutningar,Bergslagen,2023,11,1
polisen__skjutningar-per-polisregion-2023,skjutningar,skjutningar,Bergslagen,2023,12,1
polisen__skjutningar-per-polisregion-2024,skjutningar,skjutningar,Bergslagen,2024,1,1
polisen__skjutningar-per-polisregion-2024,skjutningar,skjutningar,Bergslagen,2024,2,3
polisen__skjutningar-per-polisregion-2024,skjutningar,skjutningar,Bergslagen,2024,3,1
polisen__skjutningar-per-polisregion-2024,skjutningar,skjutningar,Bergslagen,2024,4,1
polisen__skjutningar-per-polisregion-2024,skjutningar,skjutningar,Bergslagen,2024,5,2
polisen__skjutningar-per-polisregion-2024,skjutningar,skjutningar,Bergslagen,2024,6,2
polisen__skjutningar-per-polisregion-2024,skjutningar,skjutningar,Bergslagen,2024,7,1
polisen__skjutningar-per-polisregion-2024,skjutningar,skjutningar,Bergslagen,2024,8,1
polisen__skjutningar-per-polisregion-2024,skjutningar,skjutningar,Bergslagen,2024,9,1
polisen__skjutningar-per-polisregion-2024,skjutningar,skjutningar,Bergslagen,2024,10,1
polisen__skjutningar-per-polisregion-2024,skjutningar,skjutningar,Bergslagen,2024,11,1
polisen__skjutningar-per-polisregion-2024,skjutningar,skjutningar,Bergslagen,2024,12,1
polisen__skjutningar-per-polisregion-2025,skjutningar,skjutningar,Bergslagen,2025,1,0
polisen__skjutningar-per-polisregion-2025,skjutningar,skjutningar,Bergslagen,2025,2,1
polisen__skjutningar-per-polisregion-2025,skjutningar,skjutningar,Bergslagen,2025,3,1
polisen__skjutningar-per-polisregion-2025,skjutningar,skjutningar,Bergslagen,2025,4,0
polisen__skjutningar-per-polisregion-2025,skjutningar,skjutningar,Bergslagen,2025,5,1
polisen__skjutningar-per-polisregion-2025,skjutningar,skjutningar,Bergslagen,2025,6,0
polisen__skjutningar-per-polisregion-2025,skjutningar,skjutningar,Bergslagen,2025,7,1
polisen__skjutningar-per-polisregion-2025,skjutningar,skjutningar,Bergslagen,2025,8,2
polisen__skjutningar-per-polisregion-2025,skjutningar,skjutningar,Bergslagen,2025,9,1
polisen__skjutningar-per-polisregion-2025,skjutningar,skjutningar,Bergslagen,2025,10,1
polisen__skjutningar-per-polisregion-2025,skjutningar,skjutningar,Bergslagen,2025,11,1
polisen__skjutningar-per-polisregion-2025,skjutningar,skjutningar,Bergslagen,2025,12,1
polisen__skjutningar-per-polisregion-tolv-manader,skjutningar,skjutningar,Bergslagen,2026,1,1
polisen__skjutningar-per-polisregion-tolv-manader,skjutningar,skjutningar,Bergslagen,2026,2,0
polisen__skjutningar-per-polisregion-tolv-manader,skjutningar,skjutningar,Bergslagen,2026,3,2
polisen__skjutningar-per-polisregion-tolv-manader,skjutningar,skjutningar,Bergslagen,2026,4,1
polisen__skjutningar-per-polisregion-tolv-manader,skjutningar,skjutningar,Bergslagen,2026,5,1
polisen__skjutningar-per-polisregion-tolv-manader,skjutningar,skjutningar,Bergslagen,2026,6,0
polisen__skjutningar-per-polisregion-tolv-manader,skjutningar,skjutningar,Bergslagen,2026,7,0
polisen__skjutningar-per-polisregion-tolv-manader,skjutningar,skjutningar,Bergslagen,2026,8,0
polisen__skjutningar-per-polisregion-2017,skjutningar,skjutningar,Mitt,2017,1,4
polisen__skjutningar-per-polisregion-2017,skjutningar,skjutningar,Mitt,2017,2,3
polisen__skjutningar-per-polisregion-2017,skjutningar,skjutningar,Mitt,2017,3,6
polisen__skjutningar-per-polisregion-2017,skjutningar,skjutningar,Mitt,2017,4,4
polisen__skjutningar-per-polisregion-2017,skjutningar,skjutningar,Mitt,2017,5,0
polisen__skjutningar-per-polisregion-2017,skjutningar,skjutningar,Mitt,2017,6,0
polisen__skjutningar-per-polisregion-2017,skjutningar,skjutningar,Mitt,2017,7,2
polisen__skjutningar-per-polisregion-2017,skjutningar,skjutningar,Mitt,2017,8,5
polisen__skjutningar-per-polisregion-2017,skjutningar,skjutningar,Mitt,2017,9,4
polisen__skjutningar-per-polisregion-2017,skjutningar,skjutningar,Mitt,2017,10,3
polisen__skjutningar-per-polisregion-2017,skjutningar,skjutningar,Mitt,2017,11,7
polisen__skjutningar-per-polisregion-2017,skjutningar,skjutningar,Mitt,2017,12,0
polisen__skjutningar-per-polisregion-2018,skjutningar,skjutningar,Mitt,2018,1,1
polisen__skjutningar-per-polisregion-2018,skjutningar,skjutningar,Mitt,2018,2,2
polisen__skjutningar-per-polisregion-2018,skjutningar,skjutningar,Mitt,2018,3,2
polisen__skjutningar-per-polisregion-2018,skjutningar,skjutningar,Mitt,2018,4,3
polisen__skjutningar-per-polisregion-2018,skjutningar,skjutningar,Mitt,2018,5,3
polisen__skjutningar-per-polisregion-2018,skjutningar,skjutningar,Mitt,2018,6,1
polisen__skjutningar-per-polisregion-2018,skjutningar,skjutningar,Mitt,2018,7,0
polisen__skjutningar-per-polisregion-2018,skjutningar,skjutningar,Mitt,2018,8,10
polisen__skjutningar-per-polisregion-2018,skjutningar,skjutningar,Mitt,2018,9,1
polisen__skjutningar-per-polisregion-2018,skjutningar,skjutningar,Mitt,2018,10,0
polisen__skjutningar-per-polisregion-2018,skjutningar,skjutningar,Mitt,2018,11,7
polisen__skjutningar-per-polisregion-2018,skjutningar,skjutningar,Mitt,2018,12,1
polisen__skjutningar-per-polisregion-2019,skjutningar,skjutningar,Mitt,2019,1,1
polisen__skjutningar-per-polisregion-2019,skjutningar,skjutningar,Mitt,2019,2,2
polisen__skjutningar-per-polisregion-2019,skjutningar,skjutningar,Mitt,2019,3,4
polisen__skjutningar-per-polisregion-2019,skjutningar,skjutningar,Mitt,2019,4,2
polisen__skjutningar-per-polisregion-2019,skjutningar,skjutningar,Mitt,2019,5,3
polisen__skjutningar-per-polisregion-2019,skjutningar,skjutningar,Mitt,2019,6,11
polisen__skjutningar-per-polisregion-2019,skjutningar,skjutningar,Mitt,2019,7,2
polisen__skjutningar-per-polisregion-2019,skjutningar,skjutningar,Mitt,2019,8,8
polisen__skjutningar-per-polisregion-2019,skjutningar,skjutningar,Mitt,2019,9,7
polisen__skjutningar-per-polisregion-2019,skjutningar,skjutningar,Mitt,2019,10,3
polisen__skjutningar-per-polisregion-2019,skjutningar,skjutningar,Mitt,2019,11,3
polisen__skjutningar-per-polisregion-2019,skjutningar,skjutningar,Mitt,2019,12,9
polisen__skjutningar-per-polisregion-2020,skjutningar,skjutningar,Mitt,2020,1,5
polisen__skjutningar-per-polisregion-2020,skjutningar,skjutningar,Mitt,2020,2,2
polisen__skjutningar-per-polisregion-2020,skjutningar,skjutningar,Mitt,2020,3,4
polisen__skjutningar-per-polisregion-2020,skjutningar,skjutningar,Mitt,2020,4,4
polisen__skjutningar-per-polisregion-2020,skjutningar,skjutningar,Mitt,2020,5,0
polisen__skjutningar-per-polisregion-2020,skjutningar,skjutningar,Mitt,2020,6,8
polisen__skjutningar-per-polisregion-2020,skjutningar,skjutningar,Mitt,2020,7,5
polisen__skjutningar-per-polisregion-2020,skjutningar,skjutningar,Mitt,2020,8,4
polisen__skjutningar-per-polisregion-2020,skjutningar,skjutningar,Mitt,2020,9,1
polisen__skjutningar-per-polisregion-2020,skjutningar,skjutningar,Mitt,2020,10,1
polisen__skjutningar-per-polisregion-2020,skjutningar,skjutningar,Mitt,2020,11,2
polisen__skjutningar-per-polisregion-2020,skjutningar,skjutningar,Mitt,2020,12,3
polisen__skjutningar-per-polisregion-2021,skjutningar,skjutningar,Mitt,2021,1,3
polisen__skjutningar-per-polisregion-2021,skjutningar,skjutningar,Mitt,2021,2,2
polisen__skjutningar-per-polisregion-2021,skjutningar,skjutningar,Mitt,2021,3,2
polisen__skjutningar-per-polisregion-2021,skjutningar,skjutningar,Mitt,2021,4,2
polisen__skjutningar-per-polisregion-2021,skjutningar,skjutningar,Mitt,2021,5,1
polisen__skjutningar-per-polisregion-2021,skjutningar,skjutningar,Mitt,2021,6,7
polisen__skjutningar-per-polisregion-2021,skjutningar,skjutningar,Mitt,2021,7,4
polisen__skjutningar-per-polisregion-2021,skjutningar,skjutningar,Mitt,2021,8,4
polisen__skjutningar-per-polisregion-2021,skjutningar,skjutningar,Mitt,2021,9,3
polisen__skjutningar-per-polisregion-2021,skjutningar,skjutningar,Mitt,2021,10,6
polisen__skjutningar-per-polisregion-2021,skjutningar,skjutningar,Mitt,2021,11,2
polisen__skjutningar-per-polisregion-2021,skjutningar,skjutningar,Mitt,2021,12,3
polisen__skjutningar-per-polisregion-2022,skjutningar,skjutningar,Mitt,2022,1,1
polisen__skjutningar-per-polisregion-2022,skjutningar,skjutningar,Mitt,2022,2,1
polisen__skjutningar-per-polisregion-2022,skjutningar,skjutningar,Mitt,2022,3,1
polisen__skjutningar-per-polisregion-2022,skjutningar,skjutningar,Mitt,2022,4,7
polisen__skjutningar-per-polisregion-2022,skjutningar,skjutningar,Mitt,2022,5,4
polisen__skjutningar-per-polisregion-2022,skjutningar,skjutningar,Mitt,2022,6,3
polisen__skjutningar-per-polisregion-2022,skjutningar,skjutningar,Mitt,2022,7,3
polisen__skjutningar-per-polisregion-2022,skjutningar,skjutningar,Mitt,2022,8,3
polisen__skjutningar-per-polisregion-2022,skjutningar,skjutningar,Mitt,2022,9,6
polisen__skjutningar-per-polisregion-2022,skjutningar,skjutningar,Mitt,2022,10,6
polisen__skjutningar-per-polisregion-2022,skjutningar,skjutningar,Mitt,2022,11,3
polisen__skjutningar-per-polisregion-2022,skjutningar,skjutningar,Mitt,2022,12,3
polisen__skjutningar-per-polisregion-2023,skjutningar,skjutningar,Mitt,2023,1,5
polisen__skjutningar-per-polisregion-2023,skjutningar,skjutningar,Mitt,2023,2,1
polisen__skjutningar-per-polisregion-2023,skjutningar,skjutningar,Mitt,2023,3,4
polisen__skjutningar-per-polisregion-2023,skjutningar,skjutningar,Mitt,2023,4,2
polisen__skjutningar-per-polisregion-2023,skjutningar,skjutningar,Mitt,2023,5,2
polisen__skjutningar-per-polisregion-2023,skjutningar,skjutningar,Mitt,2023,6,3
polisen__skjutningar-per-polisregion-2023,skjutningar,skjutningar,Mitt,2023,7,7
polisen__skjutningar-per-polisregion-2023,skjutningar,skjutningar,Mitt,2023,8,3
polisen__skjutningar-per-polisregion-2023,skjutningar,skjutningar,Mitt,2023,9,9
polisen__skjutningar-per-polisregion-2023,skjutningar,skjutningar,Mitt,2023,10,4
polisen__skjutningar-per-polisregion-2023,skjutningar,skjutningar,Mitt,2023,11,3
polisen__skjutningar-per-polisregion-2023,skjutningar,skjutningar,Mitt,2023,12,2
polisen__skjutningar-per-polisregion-2024,skjutningar,skjutningar,Mitt,2024,1,5
polisen__skjutningar-per-polisregion-2024,skjutningar,skjutningar,Mitt,2024,2,0
polisen__skjutningar-per-polisregion-2024,skjutningar,skjutningar,Mitt,2024,3,1
polisen__skjutningar-per-polisregion-2024,skjutningar,skjutningar,Mitt,2024,4,0
polisen__skjutningar-per-polisregion-2024,skjutningar,skjutningar,Mitt,2024,5,4
polisen__skjutningar-per-polisregion-2024,skjutningar,skjutningar,Mitt,2024,6,3
polisen__skjutningar-per-polisregion-2024,skjutningar,skjutningar,Mitt,2024,7,2
polisen__skjutningar-per-polisregion-2024,skjutningar,skjutningar,Mitt,2024,8,1
polisen__skjutningar-per-polisregion-2024,skjutningar,skjutningar,Mitt,2024,9,5
polisen__skjutningar-per-polisregion-2024,skjutningar,skjutningar,Mitt,2024,10,1
polisen__skjutningar-per-polisregion-2024,skjutningar,skjutningar,Mitt,2024,11,1
polisen__skjutningar-per-polisregion-2024,skjutningar,skjutningar,Mitt,2024,12,2
polisen__skjutningar-per-polisregion-2025,skjutningar,skjutningar,Mitt,2025,1,2
polisen__skjutningar-per-polisregion-2025,skjutningar,skjutningar,Mitt,2025,2,4
polisen__skjutningar-per-polisregion-2025,skjutningar,skjutningar,Mitt,2025,3,0
polisen__skjutningar-per-polisregion-2025,skjutningar,skjutningar,Mitt,2025,4,2
polisen__skjutningar-per-polisregion-2025,skjutningar,skjutningar,Mitt,2025,5,2
polisen__skjutningar-per-polisregion-2025,skjutningar,skjutningar,Mitt,2025,6,1
polisen__skjutningar-per-polisregion-2025,skjutningar,skjutningar,Mitt,2025,7,3
polisen__skjutningar-per-polisregion-2025,skjutningar,skjutningar,Mitt,2025,8,1
polisen__skjutningar-per-polisregion-2025,skjutningar,skjutningar,Mitt,2025,9,5
polisen__skjutningar-per-polisregion-2025,skjutningar,skjutningar,Mitt,2025,10,3
polisen__skjutningar-per-polisregion-2025,skjutningar,skjutningar,Mitt,2025,11,0
polisen__skjutningar-per-polisregion-2025,skjutningar,skjutningar,Mitt,2025,12,1
polisen__skjutningar-per-polisregion-tolv-manader,skjutningar,skjutningar,Mitt,2026,1,2
polisen__skjutningar-per-polisregion-tolv-manader,skjutningar,skjutningar,Mitt,2026,2,1
polisen__skjutningar-per-polisregion-tolv-manader,skjutningar,skjutningar,Mitt,2026,3,1
polisen__skjutningar-per-polisregion-tolv-manader,skjutningar,skjutningar,Mitt,2026,4,0
polisen__skjutningar-per-polisregion-tolv-manader,skjutningar,skjutningar,Mitt,2026,5,0
polisen__skjutningar-per-polisregion-tolv-manader,skjutningar,skjutningar,Mitt,2026,6,0
polisen__skjutningar-per-polisregion-tolv-manader,skjutningar,skjutningar,Mitt,2026,7,2
polisen__skjutningar-per-polisregion-tolv-manader,skjutningar,skjutningar,Mitt,2026,8,0
polisen__skjutningar-per-polisregion-2017,skjutningar,skjutningar,Nord,2017,1,0
polisen__skjutningar-per-polisregion-2017,skjutningar,skjutningar,Nord,2017,2,0
polisen__skjutningar-per-polisregion-2017,skjutningar,skjutningar,Nord,2017,3,0
polisen__skjutningar-per-polisregion-2017,skjutningar,skjutningar,Nord,2017,4,0
polisen__skjutningar-per-polisregion-2017,skjutningar,skjutningar,Nord,2017,5,0
polisen__skjutningar-per-polisregion-2017,skjutningar,skjutningar,Nord,2017,6,1
polisen__skjutningar-per-polisregion-2017,skjutningar,skjutningar,Nord,2017,7,0
polisen__skjutningar-per-polisregion-2017,skjutningar,skjutningar,Nord,2017,8,0
polisen__skjutningar-per-polisregion-2017,skjutningar,skjutningar,Nord,2017,9,1
polisen__skjutningar-per-polisregion-2017,skjutningar,skjutningar,Nord,2017,10,0
polisen__skjutningar-per-polisregion-2017,skjutningar,skjutningar,Nord,2017,11,0
polisen__skjutningar-per-polisregion-2017,skjutningar,skjutningar,Nord,2017,12,0
polisen__skjutningar-per-polisregion-2018,skjutningar,skjutningar,Nord,2018,1,1
polisen__skjutningar-per-polisregion-2018,skjutningar,skjutningar,Nord,2018,2,0
polisen__skjutningar-per-polisregion-2018,skjutningar,skjutningar,Nord,2018,3,1
polisen__skjutningar-per-polisregion-2018,skjutningar,skjutningar,Nord,2018,4,0
polisen__skjutningar-per-polisregion-2018,skjutningar,skjutningar,Nord,2018,5,1
polisen__skjutningar-per-polisregion-2018,skjutningar,skjutningar,Nord,2018,6,1
polisen__skjutningar-per-polisregion-2018,skjutningar,skjutningar,Nord,2018,7,2
polisen__skjutningar-per-polisregion-2018,skjutningar,skjutningar,Nord,2018,8,0
polisen__skjutningar-per-polisregion-2018,skjutningar,skjutningar,Nord,2018,9,2
polisen__skjutningar-per-polisregion-2018,skjutningar,skjutningar,Nord,2018,10,0
polisen__skjutningar-per-polisregion-2018,skjutningar,skjutningar,Nord,2018,11,1
polisen__skjutningar-per-polisregion-2018,skjutningar,skjutningar,Nord,2018,12,4
polisen__skjutningar-per-polisregion-2019,skjutningar,skjutningar,Nord,2019,1,4
polisen__skjutningar-per-polisregion-2019,skjutningar,skjutningar,Nord,2019,2,0
polisen__skjutningar-per-polisregion-2019,skjutningar,skjutningar,Nord,2019,3,2
polisen__skjutningar-per-polisregion-2019,skjutningar,skjutningar,Nord,2019,4,2
polisen__skjutningar-per-polisregion-2019,skjutningar,skjutningar,Nord,2019,5,7
polisen__skjutningar-per-polisregion-2019,skjutningar,skjutningar,Nord,2019,6,6
polisen__skjutningar-per-polisregion-2019,skjutningar,skjutningar,Nord,2019,7,6
polisen__skjutningar-per-polisregion-2019,skjutningar,skjutningar,Nord,2019,8,0
polisen__skjutningar-per-polisregion-2019,skjutningar,skjutningar,Nord,2019,9,3
polisen__skjutningar-per-polisregion-2019,skjutningar,skjutningar,Nord,2019,10,0
polisen__skjutningar-per-polisregion-2019,skjutningar,skjutningar,Nord,2019,11,1
polisen__skjutningar-per-polisregion-2019,skjutningar,skjutningar,Nord,2019,12,3
polisen__skjutningar-per-polisregion-2020,skjutningar,skjutningar,Nord,2020,1,2
polisen__skjutningar-per-polisregion-2020,skjutningar,skjutningar,Nord,2020,2,1
polisen__skjutningar-per-polisregion-2020,skjutningar,skjutningar,Nord,2020,3,2
polisen__skjutningar-per-polisregion-2020,skjutningar,skjutningar,Nord,2020,4,1
polisen__skjutningar-per-polisregion-2020,skjutningar,skjutningar,Nord,2020,5,1
polisen__skjutningar-per-polisregion-2020,skjutningar,skjutningar,Nord,2020,6,1
polisen__skjutningar-per-polisregion-2020,skjutningar,skjutningar,Nord,2020,7,0
polisen__skjutningar-per-polisregion-2020,skjutningar,skjutningar,Nord,2020,8,1
polisen__skjutningar-per-polisregion-2020,skjutningar,skjutningar,Nord,2020,9,3
polisen__skjutningar-per-polisregion-2020,skjutningar,skjutningar,Nord,2020,10,3
polisen__skjutningar-per-polisregion-2020,skjutningar,skjutningar,Nord,2020,11,1
polisen__skjutningar-per-polisregion-2020,skjutningar,skjutningar,Nord,2020,12,1
polisen__skjutningar-per-polisregion-2021,skjutningar,skjutningar,Nord,2021,1,0
polisen__skjutningar-per-polisregion-2021,skjutningar,skjutningar,Nord,2021,2,0
polisen__skjutningar-per-polisregion-2021,skjutningar,skjutningar,Nord,2021,3,0
polisen__skjutningar-per-polisregion-2021,skjutningar,skjutningar,Nord,2021,4,2
polisen__skjutningar-per-polisregion-2021,skjutningar,skjutningar,Nord,2021,5,3
polisen__skjutningar-per-polisregion-2021,skjutningar,skjutningar,Nord,2021,6,4
polisen__skjutningar-per-polisregion-2021,skjutningar,skjutningar,Nord,2021,7,1
polisen__skjutningar-per-polisregion-2021,skjutningar,skjutningar,Nord,2021,8,1
polisen__skjutningar-per-polisregion-2021,skjutningar,skjutningar,Nord,2021,9,3
polisen__skjutningar-per-polisregion-2021,skjutningar,skjutningar,Nord,2021,10,2
polisen__skjutningar-per-polisregion-2021,skjutningar,skjutningar,Nord,2021,11,0
polisen__skjutningar-per-polisregion-2021,skjutningar,skjutningar,Nord,2021,12,2
polisen__skjutningar-per-polisregion-2022,skjutningar,skjutningar,Nord,2022,1,0
polisen__skjutningar-per-polisregion-2022,skjutningar,skjutningar,Nord,2022,2,0
polisen__skjutningar-per-polisregion-2022,skjutningar,skjutningar,Nord,2022,3,0
polisen__skjutningar-per-polisregion-2022,skjutningar,skjutningar,Nord,2022,4,2
polisen__skjutningar-per-polisregion-2022,skjutningar,skjutningar,Nord,2022,5,1
polisen__skjutningar-per-polisregion-2022,skjutningar,skjutningar,Nord,2022,6,1
polisen__skjutningar-per-polisregion-2022,skjutningar,skjutningar,Nord,2022,7,1
polisen__skjutningar-per-polisregion-2022,skjutningar,skjutningar,Nord,2022,8,0
polisen__skjutningar-per-polisregion-2022,skjutningar,skjutningar,Nord,2022,9,2
polisen__skjutningar-per-polisregion-2022,skjutningar,skjutningar,Nord,2022,10,1
polisen__skjutningar-per-polisregion-2022,skjutningar,skjutningar,Nord,2022,11,0
polisen__skjutningar-per-polisregion-2022,skjutningar,skjutningar,Nord,2022,12,2
polisen__skjutningar-per-polisregion-2023,skjutningar,skjutningar,Nord,2023,1,0
polisen__skjutningar-per-polisregion-2023,skjutningar,skjutningar,Nord,2023,2,0
polisen__skjutningar-per-polisregion-2023,skjutningar,skjutningar,Nord,2023,3,0
polisen__skjutningar-per-polisregion-2023,skjutningar,skjutningar,Nord,2023,4,1
polisen__skjutningar-per-polisregion-2023,skjutningar,skjutningar,Nord,2023,5,0
polisen__skjutningar-per-polisregion-2023,skjutningar,skjutningar,Nord,2023,6,2
polisen__skjutningar-per-polisregion-2023,skjutningar,skjutningar,Nord,2023,7,2
polisen__skjutningar-per-polisregion-2023,skjutningar,skjutningar,Nord,2023,8,2
polisen__skjutningar-per-polisregion-2023,skjutningar,skjutningar,Nord,2023,9,0
polisen__skjutningar-per-polisregion-2023,skjutningar,skjutningar,Nord,2023,10,0
polisen__skjutningar-per-polisregion-2023,skjutningar,skjutningar,Nord,2023,11,0
polisen__skjutningar-per-polisregion-2023,skjutningar,skjutningar,Nord,2023,12,0
polisen__skjutningar-per-polisregion-2024,skjutningar,skjutningar,Nord,2024,1,1
polisen__skjutningar-per-polisregion-2024,skjutningar,skjutningar,Nord,2024,2,0
polisen__skjutningar-per-polisregion-2024,skjutningar,skjutningar,Nord,2024,3,0
polisen__skjutningar-per-polisregion-2024,skjutningar,skjutningar,Nord,2024,4,1
polisen__skjutningar-per-polisregion-2024,skjutningar,skjutningar,Nord,2024,5,0
polisen__skjutningar-per-polisregion-2024,skjutningar,skjutningar,Nord,2024,6,1
polisen__skjutningar-per-polisregion-2024,skjutningar,skjutningar,Nord,2024,7,1
polisen__skjutningar-per-polisregion-2024,skjutningar,skjutningar,Nord,2024,8,0
polisen__skjutningar-per-polisregion-2024,skjutningar,skjutningar,Nord,2024,9,0
polisen__skjutningar-per-polisregion-2024,skjutningar,skjutningar,Nord,2024,10,2
polisen__skjutningar-per-polisregion-2024,skjutningar,skjutningar,Nord,2024,11,1
polisen__skjutningar-per-polisregion-2024,skjutningar,skjutningar,Nord,2024,12,0
polisen__skjutningar-per-polisregion-2025,skjutningar,skjutningar,Nord,2025,1,0
polisen__skjutningar-per-polisregion-2025,skjutningar,skjutningar,Nord,2025,2,1
polisen__skjutningar-per-polisregion-2025,skjutningar,skjutningar,Nord,2025,3,0
polisen__skjutningar-per-polisregion-2025,skjutningar,skjutningar,Nord,2025,4,0
polisen__skjutningar-per-polisregion-2025,skjutningar,skjutningar,Nord,2025,5,0
polisen__skjutningar-per-polisregion-2025,skjutningar,skjutningar,Nord,2025,6,0
polisen__skjutningar-per-polisregion-2025,skjutningar,skjutningar,Nord,2025,7,0
polisen__skjutningar-per-polisregion-2025,skjutningar,skjutningar,Nord,2025,8,0
polisen__skjutningar-per-polisregion-2025,skjutningar,skjutningar,Nord,2025,9,0
polisen__skjutningar-per-polisregion-2025,skjutningar,skjutningar,Nord,2025,10,0
polisen__skjutningar-per-polisregion-2025,skjutningar,skjutningar,Nord,2025,11,1
polisen__skjutningar-per-polisregion-2025,skjutningar,skjutningar,Nord,2025,12,0
polisen__skjutningar-per-polisregion-tolv-manader,skjutningar,skjutningar,Nord,2026,1,0
polisen__skjutningar-per-polisregion-tolv-manader,skjutningar,skjutningar,Nord,2026,2,0
polisen__skjutningar-per-polisregion-tolv-manader,skjutningar,skjutningar,Nord,2026,3,0
polisen__skjutningar-per-polisregion-tolv-manader,skjutningar,skjutningar,Nord,2026,4,0
polisen__skjutningar-per-polisregion-tolv-manader,skjutningar,skjutningar,Nord,2026,5,0
polisen__skjutningar-per-polisregion-tolv-manader,skjutningar,skjutningar,Nord,2026,6,0
polisen__skjutningar-per-polisregion-tolv-manader,skjutningar,skjutningar,Nord,2026,7,0
polisen__skjutningar-per-polisregion-tolv-manader,skjutningar,skjutningar,Nord,2026,8,1
polisen__skjutningar-per-polisregion-2017,skjutningar,skjutningar,Stockholm,2017,1,0
polisen__skjutningar-per-polisregion-2017,skjutningar,skjutningar,Stockholm,2017,2,0
polisen__skjutningar-per-polisregion-2017,skjutningar,skjutningar,Stockholm,2017,3,0
polisen__skjutningar-per-polisregion-2017,skjutningar,skjutningar,Stockholm,2017,4,10
polisen__skjutningar-per-polisregion-2017,skjutningar,skjutningar,Stockholm,2017,5,10
polisen__skjutningar-per-polisregion-2017,skjutningar,skjutningar,Stockholm,2017,6,10
polisen__skjutningar-per-polisregion-2017,skjutningar,skjutningar,Stockholm,2017,7,10
polisen__skjutningar-per-polisregion-2017,skjutningar,skjutningar,Stockholm,2017,8,8
polisen__skjutningar-per-polisregion-2017,skjutningar,skjutningar,Stockholm,2017,9,8
polisen__skjutningar-per-polisregion-2017,skjutningar,skjutningar,Stockholm,2017,10,3
polisen__skjutningar-per-polisregion-2017,skjutningar,skjutningar,Stockholm,2017,11,6
polisen__skjutningar-per-polisregion-2017,skjutningar,skjutningar,Stockholm,2017,12,13
polisen__skjutningar-per-polisregion-2018,skjutningar,skjutningar,Stockholm,2018,1,10
polisen__skjutningar-per-polisregion-2018,skjutningar,skjutningar,Stockholm,2018,2,6
polisen__skjutningar-per-polisregion-2018,skjutningar,skjutningar,Stockholm,2018,3,10
polisen__skjutningar-per-polisregion-2018,skjutningar,skjutningar,Stockholm,2018,4,8
polisen__skjutningar-per-polisregion-2018,skjutningar,skjutningar,Stockholm,2018,5,8
polisen__skjutningar-per-polisregion-2018,skjutningar,skjutningar,Stockholm,2018,6,13
polisen__skjutningar-per-polisregion-2018,skjutningar,skjutningar,Stockholm,2018,7,9
polisen__skjutningar-per-polisregion-2018,skjutningar,skjutningar,Stockholm,2018,8,6
polisen__skjutningar-per-polisregion-2018,skjutningar,skjutningar,Stockholm,2018,9,8
polisen__skjutningar-per-polisregion-2018,skjutningar,skjutningar,Stockholm,2018,10,9
polisen__skjutningar-per-polisregion-2018,skjutningar,skjutningar,Stockholm,2018,11,8
polisen__skjutningar-per-polisregion-2018,skjutningar,skjutningar,Stockholm,2018,12,10
polisen__skjutningar-per-polisregion-2019,skjutningar,skjutningar,Stockholm,2019,1,8
polisen__skjutningar-per-polisregion-2019,skjutningar,skjutningar,Stockholm,2019,2,10
polisen__skjutningar-per-polisregion-2019,skjutningar,skjutningar,Stockholm,2019,3,5
polisen__skjutningar-per-polisregion-2019,skjutningar,skjutningar,Stockholm,2019,4,9
polisen__skjutningar-per-polisregion-2019,skjutningar,skjutningar,Stockholm,2019,5,5
polisen__skjutningar-per-polisregion-2019,skjutningar,skjutningar,Stockholm,2019,6,11
polisen__skjutningar-per-polisregion-2019,skjutningar,skjutningar,Stockholm,2019,7,9
polisen__skjutningar-per-polisregion-2019,skjutningar,skjutningar,Stockholm,2019,8,10
polisen__skjutningar-per-polisregion-2019,skjutningar,skjutningar,Stockholm,2019,9,9
polisen__skjutningar-per-polisregion-2019,skjutningar,skjutningar,Stockholm,2019,10,8
polisen__skjutningar-per-polisregion-2019,skjutningar,skjutningar,Stockholm,2019,11,10
polisen__skjutningar-per-polisregion-2019,skjutningar,skjutningar,Stockholm,2019,12,6
polisen__skjutningar-per-polisregion-2020,skjutningar,skjutningar,Stockholm,2020,1,12
polisen__skjutningar-per-polisregion-2020,skjutningar,skjutningar,Stockholm,2020,2,7
polisen__skjutningar-per-polisregion-2020,skjutningar,skjutningar,Stockholm,2020,3,18
polisen__skjutningar-per-polisregion-2020,skjutningar,skjutningar,Stockholm,2020,4,8
polisen__skjutningar-per-polisregion-2020,skjutningar,skjutningar,Stockholm,2020,5,15
polisen__skjutningar-per-polisregion-2020,skjutningar,skjutningar,Stockholm,2020,6,12
polisen__skjutningar-per-polisregion-2020,skjutningar,skjutningar,Stockholm,2020,7,13
polisen__skjutningar-per-polisregion-2020,skjutningar,skjutningar,Stockholm,2020,8,21
polisen__skjutningar-per-polisregion-2020,skjutningar,skjutningar,Stockholm,2020,9,15
polisen__skjutningar-per-polisregion-2020,skjutningar,skjutningar,Stockholm,2020,10,18
polisen__skjutningar-per-polisregion-2020,skjutningar,skjutningar,Stockholm,2020,11,11
polisen__skjutningar-per-polisregion-2020,skjutningar,skjutningar,Stockholm,2020,12,14
polisen__skjutningar-per-polisregion-2021,skjutningar,skjutningar,Stockholm,2021,1,10
polisen__skjutningar-per-polisregion-2021,skjutningar,skjutningar,Stockholm,2021,2,6
polisen__skjutningar-per-polisregion-2021,skjutningar,skjutningar,Stockholm,2021,3,10
polisen__skjutningar-per-polisregion-2021,skjutningar,skjutningar,Stockholm,2021,4,6
polisen__skjutningar-per-polisregion-2021,skjutningar,skjutningar,Stockholm,2021,5,15
polisen__skjutningar-per-polisregion-2021,skjutningar,skjutningar,Stockholm,2021,6,10
polisen__skjutningar-per-polisregion-2021,skjutningar,skjutningar,Stockholm,2021,7,15
polisen__skjutningar-per-polisregion-2021,skjutningar,skjutningar,Stockholm,2021,8,18
polisen__skjutningar-per-polisregion-2021,skjutningar,skjutningar,Stockholm,2021,9,12
polisen__skjutningar-per-polisregion-2021,skjutningar,skjutningar,Stockholm,2021,10,17
polisen__skjutningar-per-polisregion-2021,skjutningar,skjutningar,Stockholm,2021,11,12
polisen__skjutningar-per-polisregion-2021,skjutningar,skjutningar,Stockholm,2021,12,5
polisen__skjutningar-per-polisregion-2022,skjutningar,skjutningar,Stockholm,2022,1,6
polisen__skjutningar-per-polisregion-2022,skjutningar,skjutningar,Stockholm,2022,2,7
polisen__skjutningar-per-polisregion-2022,skjutningar,skjutningar,Stockholm,2022,3,12
polisen__skjutningar-per-polisregion-2022,skjutningar,skjutningar,Stockholm,2022,4,13
polisen__skjutningar-per-polisregion-2022,skjutningar,skjutningar,Stockholm,2022,5,10
polisen__skjutningar-per-polisregion-2022,skjutningar,skjutningar,Stockholm,2022,6,13
polisen__skjutningar-per-polisregion-2022,skjutningar,skjutningar,Stockholm,2022,7,15
polisen__skjutningar-per-polisregion-2022,skjutningar,skjutningar,Stockholm,2022,8,10
polisen__skjutningar-per-polisregion-2022,skjutningar,skjutningar,Stockholm,2022,9,17
polisen__skjutningar-per-polisregion-2022,skjutningar,skjutningar,Stockholm,2022,10,11
polisen__skjutningar-per-polisregion-2022,skjutningar,skjutningar,Stockholm,2022,11,7
polisen__skjutningar-per-polisregion-2022,skjutningar,skjutningar,Stockholm,2022,12,7
polisen__skjutningar-per-polisregion-2023,skjutningar,skjutningar,Stockholm,2023,1,17
polisen__skjutningar-per-polisregion-2023,skjutningar,skjutningar,Stockholm,2023,2,9
polisen__skjutningar-per-polisregion-2023,skjutningar,skjutningar,Stockholm,2023,3,11
polisen__skjutningar-per-polisregion-2023,skjutningar,skjutningar,Stockholm,2023,4,11
polisen__skjutningar-per-polisregion-2023,skjutningar,skjutningar,Stockholm,2023,5,7
polisen__skjutningar-per-polisregion-2023,skjutningar,skjutningar,Stockholm,2023,6,10
polisen__skjutningar-per-polisregion-2023,skjutningar,skjutningar,Stockholm,2023,7,9
polisen__skjutningar-per-polisregion-2023,skjutningar,skjutningar,Stockholm,2023,8,5
polisen__skjutningar-per-polisregion-2023,skjutningar,skjutningar,Stockholm,2023,9,18
polisen__skjutningar-per-polisregion-2023,skjutningar,skjutningar,Stockholm,2023,10,11
polisen__skjutningar-per-polisregion-2023,skjutningar,skjutningar,Stockholm,2023,11,4
polisen__skjutningar-per-polisregion-2023,skjutningar,skjutningar,Stockholm,2023,12,7
polisen__skjutningar-per-polisregion-2024,skjutningar,skjutningar,Stockholm,2024,1,3
polisen__skjutningar-per-polisregion-2024,skjutningar,skjutningar,Stockholm,2024,2,1
polisen__skjutningar-per-polisregion-2024,skjutningar,skjutningar,Stockholm,2024,3,8
polisen__skjutningar-per-polisregion-2024,skjutningar,skjutningar,Stockholm,2024,4,3
polisen__skjutningar-per-polisregion-2024,skjutningar,skjutningar,Stockholm,2024,5,11
polisen__skjutningar-per-polisregion-2024,skjutningar,skjutningar,Stockholm,2024,6,11
polisen__skjutningar-per-polisregion-2024,skjutningar,skjutningar,Stockholm,2024,7,17
polisen__skjutningar-per-polisregion-2024,skjutningar,skjutningar,Stockholm,2024,8,8
polisen__skjutningar-per-polisregion-2024,skjutningar,skjutningar,Stockholm,2024,9,10
polisen__skjutningar-per-polisregion-2024,skjutningar,skjutningar,Stockholm,2024,10,13
polisen__skjutningar-per-polisregion-2024,skjutningar,skjutningar,Stockholm,2024,11,10
polisen__skjutningar-per-polisregion-2024,skjutningar,skjutningar,Stockholm,2024,12,3
polisen__skjutningar-per-polisregion-2025,skjutningar,skjutningar,Stockholm,2025,1,13
polisen__skjutningar-per-polisregion-2025,skjutningar,skjutningar,Stockholm,2025,2,7
polisen__skjutningar-per-polisregion-2025,skjutningar,skjutningar,Stockholm,2025,3,5
polisen__skjutningar-per-polisregion-2025,skjutningar,skjutningar,Stockholm,2025,4,5
polisen__skjutningar-per-polisregion-2025,skjutningar,skjutningar,Stockholm,2025,5,5
polisen__skjutningar-per-polisregion-2025,skjutningar,skjutningar,Stockholm,2025,6,6
polisen__skjutningar-per-polisregion-2025,skjutningar,skjutningar,Stockholm,2025,7,6
polisen__skjutningar-per-polisregion-2025,skjutningar,skjutningar,Stockholm,2025,8,8
polisen__skjutningar-per-polisregion-2025,skjutningar,skjutningar,Stockholm,2025,9,7
polisen__skjutningar-per-polisregion-2025,skjutningar,skjutningar,Stockholm,2025,10,3
polisen__skjutningar-per-polisregion-2025,skjutningar,skjutningar,Stockholm,2025,11,2
polisen__skjutningar-per-polisregion-2025,skjutningar,skjutningar,Stockholm,2025,12,2
polisen__skjutningar-per-polisregion-tolv-manader,skjutningar,skjutningar,Stockholm,2026,1,3
polisen__skjutningar-per-polisregion-tolv-manader,skjutningar,skjutningar,Stockholm,2026,2,0
polisen__skjutningar-per-polisregion-tolv-manader,skjutningar,skjutningar,Stockholm,2026,3,4
polisen__skjutningar-per-polisregion-tolv-manader,skjutningar,skjutningar,Stockholm,2026,4,2
polisen__skjutningar-per-polisregion-tolv-manader,skjutningar,skjutningar,Stockholm,2026,5,2
polisen__skjutningar-per-polisregion-tolv-manader,skjutningar,skjutningar,Stockholm,2026,6,2
polisen__skjutningar-per-polisregion-tolv-manader,skjutningar,skjutningar,Stockholm,2026,7,4
polisen__skjutningar-per-polisregion-tolv-manader,skjutningar,skjutningar,Stockholm,2026,8,2
polisen__skjutningar-per-polisregion-2017,skjutningar,skjutningar,Syd,2017,1,15
polisen__skjutningar-per-polisregion-2017,skjutningar,skjutningar,Syd,2017,2,7
polisen__skjutningar-per-polisregion-2017,skjutningar,skjutningar,Syd,2017,3,10
polisen__skjutningar-per-polisregion-2017,skjutningar,skjutningar,Syd,2017,4,3
polisen__skjutningar-per-polisregion-2017,skjutningar,skjutningar,Syd,2017,5,5
polisen__skjutningar-per-polisregion-2017,skjutningar,skjutningar,Syd,2017,6,9
polisen__skjutningar-per-polisregion-2017,skjutningar,skjutningar,Syd,2017,7,12
polisen__skjutningar-per-polisregion-2017,skjutningar,skjutningar,Syd,2017,8,6
polisen__skjutningar-per-polisregion-2017,skjutningar,skjutningar,Syd,2017,9,11
polisen__skjutningar-per-polisregion-2017,skjutningar,skjutningar,Syd,2017,10,6
polisen__skjutningar-per-polisregion-2017,skjutningar,skjutningar,Syd,2017,11,4
polisen__skjutningar-per-polisregion-2017,skjutningar,skjutningar,Syd,2017,12,10
polisen__skjutningar-per-polisregion-2018,skjutningar,skjutningar,Syd,2018,1,5
polisen__skjutningar-per-polisregion-2018,skjutningar,skjutningar,Syd,2018,2,3
polisen__skjutningar-per-polisregion-2018,skjutningar,skjutningar,Syd,2018,3,5
polisen__skjutningar-per-polisregion-2018,skjutningar,skjutningar,Syd,2018,4,3
polisen__skjutningar-per-polisregion-2018,skjutningar,skjutningar,Syd,2018,5,8
polisen__skjutningar-per-polisregion-2018,skjutningar,skjutningar,Syd,2018,6,7
polisen__skjutningar-per-polisregion-2018,skjutningar,skjutningar,Syd,2018,7,13
polisen__skjutningar-per-polisregion-2018,skjutningar,skjutningar,Syd,2018,8,6
polisen__skjutningar-per-polisregion-2018,skjutningar,skjutningar,Syd,2018,9,14
polisen__skjutningar-per-polisregion-2018,skjutningar,skjutningar,Syd,2018,10,4
polisen__skjutningar-per-polisregion-2018,skjutningar,skjutningar,Syd,2018,11,11
polisen__skjutningar-per-polisregion-2018,skjutningar,skjutningar,Syd,2018,12,7
polisen__skjutningar-per-polisregion-2019,skjutningar,skjutningar,Syd,2019,1,3
polisen__skjutningar-per-polisregion-2019,skjutningar,skjutningar,Syd,2019,2,6
polisen__skjutningar-per-polisregion-2019,skjutningar,skjutningar,Syd,2019,3,1
polisen__skjutningar-per-polisregion-2019,skjutningar,skjutningar,Syd,2019,4,4
polisen__skjutningar-per-polisregion-2019,skjutningar,skjutningar,Syd,2019,5,6
polisen__skjutningar-per-polisregion-2019,skjutningar,skjutningar,Syd,2019,6,8
polisen__skjutningar-per-polisregion-2019,skjutningar,skjutningar,Syd,2019,7,7
polisen__skjutningar-per-polisregion-2019,skjutningar,skjutningar,Syd,2019,8,7
polisen__skjutningar-per-polisregion-2019,skjutningar,skjutningar,Syd,2019,9,11
polisen__skjutningar-per-polisregion-2019,skjutningar,skjutningar,Syd,2019,10,2
polisen__skjutningar-per-polisregion-2019,skjutningar,skjutningar,Syd,2019,11,9
polisen__skjutningar-per-polisregion-2019,skjutningar,skjutningar,Syd,2019,12,12
polisen__skjutningar-per-polisregion-2020,skjutningar,skjutningar,Syd,2020,1,5
polisen__skjutningar-per-polisregion-2020,skjutningar,skjutningar,Syd,2020,2,4
polisen__skjutningar-per-polisregion-2020,skjutningar,skjutningar,Syd,2020,3,7
polisen__skjutningar-per-polisregion-2020,skjutningar,skjutningar,Syd,2020,4,2
polisen__skjutningar-per-polisregion-2020,skjutningar,skjutningar,Syd,2020,5,2
polisen__skjutningar-per-polisregion-2020,skjutningar,skjutningar,Syd,2020,6,7
polisen__skjutningar-per-polisregion-2020,skjutningar,skjutningar,Syd,2020,7,6
polisen__skjutningar-per-polisregion-2020,skjutningar,skjutningar,Syd,2020,8,3
polisen__skjutningar-per-polisregion-2020,skjutningar,skjutningar,Syd,2020,9,6
polisen__skjutningar-per-polisregion-2020,skjutningar,skjutningar,Syd,2020,10,6
polisen__skjutningar-per-polisregion-2020,skjutningar,skjutningar,Syd,2020,11,4
polisen__skjutningar-per-polisregion-2020,skjutningar,skjutningar,Syd,2020,12,4
polisen__skjutningar-per-polisregion-2021,skjutningar,skjutningar,Syd,2021,1,1
polisen__skjutningar-per-polisregion-2021,skjutningar,skjutningar,Syd,2021,2,2
polisen__skjutningar-per-polisregion-2021,skjutningar,skjutningar,Syd,2021,3,5
polisen__skjutningar-per-polisregion-2021,skjutningar,skjutningar,Syd,2021,4,4
polisen__skjutningar-per-polisregion-2021,skjutningar,skjutningar,Syd,2021,5,7
polisen__skjutningar-per-polisregion-2021,skjutningar,skjutningar,Syd,2021,6,5
polisen__skjutningar-per-polisregion-2021,skjutningar,skjutningar,Syd,2021,7,10
polisen__skjutningar-per-polisregion-2021,skjutningar,skjutningar,Syd,2021,8,11
polisen__skjutningar-per-polisregion-2021,skjutningar,skjutningar,Syd,2021,9,6
polisen__skjutningar-per-polisregion-2021,skjutningar,skjutningar,Syd,2021,10,5
polisen__skjutningar-per-polisregion-2021,skjutningar,skjutningar,Syd,2021,11,6
polisen__skjutningar-per-polisregion-2021,skjutningar,skjutningar,Syd,2021,12,3
polisen__skjutningar-per-polisregion-2022,skjutningar,skjutningar,Syd,2022,1,12
polisen__skjutningar-per-polisregion-2022,skjutningar,skjutningar,Syd,2022,2,9
polisen__skjutningar-per-polisregion-2022,skjutningar,skjutningar,Syd,2022,3,6
polisen__skjutningar-per-polisregion-2022,skjutningar,skjutningar,Syd,2022,4,12
polisen__skjutningar-per-polisregion-2022,skjutningar,skjutningar,Syd,2022,5,6
polisen__skjutningar-per-polisregion-2022,skjutningar,skjutningar,Syd,2022,6,8
polisen__skjutningar-per-polisregion-2022,skjutningar,skjutningar,Syd,2022,7,11
polisen__skjutningar-per-polisregion-2022,skjutningar,skjutningar,Syd,2022,8,6
polisen__skjutningar-per-polisregion-2022,skjutningar,skjutningar,Syd,2022,9,5
polisen__skjutningar-per-polisregion-2022,skjutningar,skjutningar,Syd,2022,10,5
polisen__skjutningar-per-polisregion-2022,skjutningar,skjutningar,Syd,2022,11,3
polisen__skjutningar-per-polisregion-2022,skjutningar,skjutningar,Syd,2022,12,3
polisen__skjutningar-per-polisregion-2023,skjutningar,skjutningar,Syd,2023,1,6
polisen__skjutningar-per-polisregion-2023,skjutningar,skjutningar,Syd,2023,2,6
polisen__skjutningar-per-polisregion-2023,skjutningar,skjutningar,Syd,2023,3,7
polisen__skjutningar-per-polisregion-2023,skjutningar,skjutningar,Syd,2023,4,4
polisen__skjutningar-per-polisregion-2023,skjutningar,skjutningar,Syd,2023,5,9
polisen__skjutningar-per-polisregion-2023,skjutningar,skjutningar,Syd,2023,6,9
polisen__skjutningar-per-polisregion-2023,skjutningar,skjutningar,Syd,2023,7,12
polisen__skjutningar-per-polisregion-2023,skjutningar,skjutningar,Syd,2023,8,11
polisen__skjutningar-per-polisregion-2023,skjutningar,skjutningar,Syd,2023,9,9
polisen__skjutningar-per-polisregion-2023,skjutningar,skjutningar,Syd,2023,10,7
polisen__skjutningar-per-polisregion-2023,skjutningar,skjutningar,Syd,2023,11,2
polisen__skjutningar-per-polisregion-2023,skjutningar,skjutningar,Syd,2023,12,5
polisen__skjutningar-per-polisregion-2024,skjutningar,skjutningar,Syd,2024,1,5
polisen__skjutningar-per-polisregion-2024,skjutningar,skjutningar,Syd,2024,2,2
polisen__skjutningar-per-polisregion-2024,skjutningar,skjutningar,Syd,2024,3,3
polisen__skjutningar-per-polisregion-2024,skjutningar,skjutningar,Syd,2024,4,7
polisen__skjutningar-per-polisregion-2024,skjutningar,skjutningar,Syd,2024,5,5
polisen__skjutningar-per-polisregion-2024,skjutningar,skjutningar,Syd,2024,6,8
polisen__skjutningar-per-polisregion-2024,skjutningar,skjutningar,Syd,2024,7,5
polisen__skjutningar-per-polisregion-2024,skjutningar,skjutningar,Syd,2024,8,6
polisen__skjutningar-per-polisregion-2024,skjutningar,skjutningar,Syd,2024,9,3
polisen__skjutningar-per-polisregion-2024,skjutningar,skjutningar,Syd,2024,10,2
polisen__skjutningar-per-polisregion-2024,skjutningar,skjutningar,Syd,2024,11,2
polisen__skjutningar-per-polisregion-2024,skjutningar,skjutningar,Syd,2024,12,3
polisen__skjutningar-per-polisregion-2025,skjutningar,skjutningar,Syd,2025,1,6
polisen__skjutningar-per-polisregion-2025,skjutningar,skjutningar,Syd,2025,2,1
polisen__skjutningar-per-polisregion-2025,skjutningar,skjutningar,Syd,2025,3,4
polisen__skjutningar-per-polisregion-2025,skjutningar,skjutningar,Syd,2025,4,2
polisen__skjutningar-per-polisregion-2025,skjutningar,skjutningar,Syd,2025,5,0
polisen__skjutningar-per-polisregion-2025,skjutningar,skjutningar,Syd,2025,6,2
polisen__skjutningar-per-polisregion-2025,skjutningar,skjutningar,Syd,2025,7,2
polisen__skjutningar-per-polisregion-2025,skjutningar,skjutningar,Syd,2025,8,1
polisen__skjutningar-per-polisregion-2025,skjutningar,skjutningar,Syd,2025,9,2
polisen__skjutningar-per-polisregion-2025,skjutningar,skjutningar,Syd,2025,10,1
polisen__skjutningar-per-polisregion-2025,skjutningar,skjutningar,Syd,2025,11,1
polisen__skjutningar-per-polisregion-2025,skjutningar,skjutningar,Syd,2025,12,4
polisen__skjutningar-per-polisregion-tolv-manader,skjutningar,skjutningar,Syd,2026,1,1
polisen__skjutningar-per-polisregion-tolv-manader,skjutningar,skjutningar,Syd,2026,2,2
polisen__skjutningar-per-polisregion-tolv-manader,skjutningar,skjutningar,Syd,2026,3,2
polisen__skjutningar-per-polisregion-tolv-manader,skjutningar,skjutningar,Syd,2026,4,2
polisen__skjutningar-per-polisregion-tolv-manader,skjutningar,skjutningar,Syd,2026,5,0
polisen__skjutningar-per-polisregion-tolv-manader,skjutningar,skjutningar,Syd,2026,6,1
polisen__skjutningar-per-polisregion-tolv-manader,skjutningar,skjutningar,Syd,2026,7,1
polisen__skjutningar-per-polisregion-tolv-manader,skjutningar,skjutningar,Syd,2026,8,0
polisen__skjutningar-per-polisregion-2017,skjutningar,skjutningar,Totalt,2017,1,20
polisen__skjutningar-per-polisregion-2017,skjutningar,skjutningar,Totalt,2017,2,11
polisen__skjutningar-per-polisregion-2017,skjutningar,skjutningar,Totalt,2017,3,19
polisen__skjutningar-per-polisregion-2017,skjutningar,skjutningar,Totalt,2017,4,19
polisen__skjutningar-per-polisregion-2017,skjutningar,skjutningar,Totalt,2017,5,21
polisen__skjutningar-per-polisregion-2017,skjutningar,skjutningar,Totalt,2017,6,24
polisen__skjutningar-per-polisregion-2017,skjutningar,skjutningar,Totalt,2017,7,31
polisen__skjutningar-per-polisregion-2017,skjutningar,skjutningar,Totalt,2017,8,31
polisen__skjutningar-per-polisregion-2017,skjutningar,skjutningar,Totalt,2017,9,31
polisen__skjutningar-per-polisregion-2017,skjutningar,skjutningar,Totalt,2017,10,18
polisen__skjutningar-per-polisregion-2017,skjutningar,skjutningar,Totalt,2017,11,24
polisen__skjutningar-per-polisregion-2017,skjutningar,skjutningar,Totalt,2017,12,32
polisen__skjutningar-per-polisregion-2018,skjutningar,skjutningar,Totalt,2018,1,24
polisen__skjutningar-per-polisregion-2018,skjutningar,skjutningar,Totalt,2018,2,13
polisen__skjutningar-per-polisregion-2018,skjutningar,skjutningar,Totalt,2018,3,20
polisen__skjutningar-per-polisregion-2018,skjutningar,skjutningar,Totalt,2018,4,22
polisen__skjutningar-per-polisregion-2018,skjutningar,skjutningar,Totalt,2018,5,32
polisen__skjutningar-per-polisregion-2018,skjutningar,skjutningar,Totalt,2018,6,28
polisen__skjutningar-per-polisregion-2018,skjutningar,skjutningar,Totalt,2018,7,35
polisen__skjutningar-per-polisregion-2018,skjutningar,skjutningar,Totalt,2018,8,28
polisen__skjutningar-per-polisregion-2018,skjutningar,skjutningar,Totalt,2018,9,36
polisen__skjutningar-per-polisregion-2018,skjutningar,skjutningar,Totalt,2018,10,27
polisen__skjutningar-per-polisregion-2018,skjutningar,skjutningar,Totalt,2018,11,34
polisen__skjutningar-per-polisregion-2018,skjutningar,skjutningar,Totalt,2018,12,26
polisen__skjutningar-per-polisregion-2019,skjutningar,skjutningar,Totalt,2019,1,21
polisen__skjutningar-per-polisregion-2019,skjutningar,skjutningar,Totalt,2019,2,23
polisen__skjutningar-per-polisregion-2019,skjutningar,skjutningar,Totalt,2019,3,18
polisen__skjutningar-per-polisregion-2019,skjutningar,skjutningar,Totalt,2019,4,29
polisen__skjutningar-per-polisregion-2019,skjutningar,skjutningar,Totalt,2019,5,31
polisen__skjutningar-per-polisregion-2019,skjutningar,skjutningar,Totalt,2019,6,46
polisen__skjutningar-per-polisregion-2019,skjutningar,skjutningar,Totalt,2019,7,32
polisen__skjutningar-per-polisregion-2019,skjutningar,skjutningar,Totalt,2019,8,37
polisen__skjutningar-per-polisregion-2019,skjutningar,skjutningar,Totalt,2019,9,38
polisen__skjutningar-per-polisregion-2019,skjutningar,skjutningar,Totalt,2019,10,19
polisen__skjutningar-per-polisregion-2019,skjutningar,skjutningar,Totalt,2019,11,30
polisen__skjutningar-per-polisregion-2019,skjutningar,skjutningar,Totalt,2019,12,36
polisen__skjutningar-per-polisregion-2020,skjutningar,skjutningar,Totalt,2020,1,34
polisen__skjutningar-per-polisregion-2020,skjutningar,skjutningar,Totalt,2020,2,22
polisen__skjutningar-per-polisregion-2020,skjutningar,skjutningar,Totalt,2020,3,36
polisen__skjutningar-per-polisregion-2020,skjutningar,skjutningar,Totalt,2020,4,23
polisen__skjutningar-per-polisregion-2020,skjutningar,skjutningar,Totalt,2020,5,29
polisen__skjutningar-per-polisregion-2020,skjutningar,skjutningar,Totalt,2020,6,37
polisen__skjutningar-per-polisregion-2020,skjutningar,skjutningar,Totalt,2020,7,35
polisen__skjutningar-per-polisregion-2020,skjutningar,skjutningar,Totalt,2020,8,43
polisen__skjutningar-per-polisregion-2020,skjutningar,skjutningar,Totalt,2020,9,39
polisen__skjutningar-per-polisregion-2020,skjutningar,skjutningar,Totalt,2020,10,35
polisen__skjutningar-per-polisregion-2020,skjutningar,skjutningar,Totalt,2020,11,22
polisen__skjutningar-per-polisregion-2020,skjutningar,skjutningar,Totalt,2020,12,24
polisen__skjutningar-per-polisregion-2021,skjutningar,skjutningar,Totalt,2021,1,21
polisen__skjutningar-per-polisregion-2021,skjutningar,skjutningar,Totalt,2021,2,14
polisen__skjutningar-per-polisregion-2021,skjutningar,skjutningar,Totalt,2021,3,21
polisen__skjutningar-per-polisregion-2021,skjutningar,skjutningar,Totalt,2021,4,21
polisen__skjutningar-per-polisregion-2021,skjutningar,skjutningar,Totalt,2021,5,36
polisen__skjutningar-per-polisregion-2021,skjutningar,skjutningar,Totalt,2021,6,34
polisen__skjutningar-per-polisregion-2021,skjutningar,skjutningar,Totalt,2021,7,35
polisen__skjutningar-per-polisregion-2021,skjutningar,skjutningar,Totalt,2021,8,43
polisen__skjutningar-per-polisregion-2021,skjutningar,skjutningar,Totalt,2021,9,28
polisen__skjutningar-per-polisregion-2021,skjutningar,skjutningar,Totalt,2021,10,40
polisen__skjutningar-per-polisregion-2021,skjutningar,skjutningar,Totalt,2021,11,28
polisen__skjutningar-per-polisregion-2021,skjutningar,skjutningar,Totalt,2021,12,23
polisen__skjutningar-per-polisregion-2022,skjutningar,skjutningar,Totalt,2022,1,29
polisen__skjutningar-per-polisregion-2022,skjutningar,skjutningar,Totalt,2022,2,25
polisen__skjutningar-per-polisregion-2022,skjutningar,skjutningar,Totalt,2022,3,40
polisen__skjutningar-per-polisregion-2022,skjutningar,skjutningar,Totalt,2022,4,41
polisen__skjutningar-per-polisregion-2022,skjutningar,skjutningar,Totalt,2022,5,36
polisen__skjutningar-per-polisregion-2022,skjutningar,skjutningar,Totalt,2022,6,34
polisen__skjutningar-per-polisregion-2022,skjutningar,skjutningar,Totalt,2022,7,41
polisen__skjutningar-per-polisregion-2022,skjutningar,skjutningar,Totalt,2022,8,30
polisen__skjutningar-per-polisregion-2022,skjutningar,skjutningar,Totalt,2022,9,38
polisen__skjutningar-per-polisregion-2022,skjutningar,skjutningar,Totalt,2022,10,34
polisen__skjutningar-per-polisregion-2022,skjutningar,skjutningar,Totalt,2022,11,24
polisen__skjutningar-per-polisregion-2022,skjutningar,skjutningar,Totalt,2022,12,19
polisen__skjutningar-per-polisregion-2023,skjutningar,skjutningar,Totalt,2023,1,36
polisen__skjutningar-per-polisregion-2023,skjutningar,skjutningar,Totalt,2023,2,22
polisen__skjutningar-per-polisregion-2023,skjutningar,skjutningar,Totalt,2023,3,31
polisen__skjutningar-per-polisregion-2023,skjutningar,skjutningar,Totalt,2023,4,34
polisen__skjutningar-per-polisregion-2023,skjutningar,skjutningar,Totalt,2023,5,26
polisen__skjutningar-per-polisregion-2023,skjutningar,skjutningar,Totalt,2023,6,37
polisen__skjutningar-per-polisregion-2023,skjutningar,skjutningar,Totalt,2023,7,43
polisen__skjutningar-per-polisregion-2023,skjutningar,skjutningar,Totalt,2023,8,26
polisen__skjutningar-per-polisregion-2023,skjutningar,skjutningar,Totalt,2023,9,45
polisen__skjutningar-per-polisregion-2023,skjutningar,skjutningar,Totalt,2023,10,30
polisen__skjutningar-per-polisregion-2023,skjutningar,skjutningar,Totalt,2023,11,20
polisen__skjutningar-per-polisregion-2023,skjutningar,skjutningar,Totalt,2023,12,18
polisen__skjutningar-per-polisregion-2024,skjutningar,skjutningar,Totalt,2024,1,20
polisen__skjutningar-per-polisregion-2024,skjutningar,skjutningar,Totalt,2024,2,13
polisen__skjutningar-per-polisregion-2024,skjutningar,skjutningar,Totalt,2024,3,27
polisen__skjutningar-per-polisregion-2024,skjutningar,skjutningar,Totalt,2024,4,20
polisen__skjutningar-per-polisregion-2024,skjutningar,skjutningar,Totalt,2024,5,32
polisen__skjutningar-per-polisregion-2024,skjutningar,skjutningar,Totalt,2024,6,36
polisen__skjutningar-per-polisregion-2024,skjutningar,skjutningar,Totalt,2024,7,31
polisen__skjutningar-per-polisregion-2024,skjutningar,skjutningar,Totalt,2024,8,29
polisen__skjutningar-per-polisregion-2024,skjutningar,skjutningar,Totalt,2024,9,26
polisen__skjutningar-per-polisregion-2024,skjutningar,skjutningar,Totalt,2024,10,29
polisen__skjutningar-per-polisregion-2024,skjutningar,skjutningar,Totalt,2024,11,17
polisen__skjutningar-per-polisregion-2024,skjutningar,skjutningar,Totalt,2024,12,16
polisen__skjutningar-per-polisregion-2025,skjutningar,skjutningar,Totalt,2025,1,22
polisen__skjutningar-per-polisregion-2025,skjutningar,skjutningar,Totalt,2025,2,17
polisen__skjutningar-per-polisregion-2025,skjutningar,skjutningar,Totalt,2025,3,13
polisen__skjutningar-per-polisregion-2025,skjutningar,skjutningar,Totalt,2025,4,12
polisen__skjutningar-per-polisregion-2025,skjutningar,skjutningar,Totalt,2025,5,9
polisen__skjutningar-per-polisregion-2025,skjutningar,skjutningar,Totalt,2025,6,13
polisen__skjutningar-per-polisregion-2025,skjutningar,skjutningar,Totalt,2025,7,15
polisen__skjutningar-per-polisregion-2025,skjutningar,skjutningar,Totalt,2025,8,13
polisen__skjutningar-per-polisregion-2025,skjutningar,skjutningar,Totalt,2025,9,22
polisen__skjutningar-per-polisregion-2025,skjutningar,skjutningar,Totalt,2025,10,9
polisen__skjutningar-per-polisregion-2025,skjutningar,skjutningar,Totalt,2025,11,5
polisen__skjutningar-per-polisregion-2025,skjutningar,skjutningar,Totalt,2025,12,8
polisen__skjutningar-per-polisregion-tolv-manader,skjutningar,skjutningar,Totalt,2026,1,8
polisen__skjutningar-per-polisregion-tolv-manader,skjutningar,skjutningar,Totalt,2026,2,7
polisen__skjutningar-per-polisregion-tolv-manader,skjutningar,skjutningar,Totalt,2026,3,10
polisen__skjutningar-per-polisregion-tolv-manader,skjutningar,skjutningar,Totalt,2026,4,6
polisen__skjutningar-per-polisregion-tolv-manader,skjutningar,skjutningar,Totalt,2026,5,6
polisen__skjutningar-per-polisregion-tolv-manader,skjutningar,skjutningar,Totalt,2026,6,3
polisen__skjutningar-per-polisregion-tolv-manader,skjutningar,skjutningar,Totalt,2026,7,9
polisen__skjutningar-per-polisregion-tolv-manader,skjutningar,skjutningar,Totalt,2026,8,4
polisen__skjutningar-per-polisregion-2017,skjutningar,skjutningar,Väst,2017,1,1
polisen__skjutningar-per-polisregion-2017,skjutningar,skjutningar,Väst,2017,2,1
polisen__skjutningar-per-polisregion-2017,skjutningar,skjutningar,Väst,2017,3,1
polisen__skjutningar-per-polisregion-2017,skjutningar,skjutningar,Väst,2017,4,1
polisen__skjutningar-per-polisregion-2017,skjutningar,skjutningar,Väst,2017,5,4
polisen__skjutningar-per-polisregion-2017,skjutningar,skjutningar,Väst,2017,6,3
polisen__skjutningar-per-polisregion-2017,skjutningar,skjutningar,Väst,2017,7,5
polisen__skjutningar-per-polisregion-2017,skjutningar,skjutningar,Väst,2017,8,5
polisen__skjutningar-per-polisregion-2017,skjutningar,skjutningar,Väst,2017,9,4
polisen__skjutningar-per-polisregion-2017,skjutningar,skjutningar,Väst,2017,10,5
polisen__skjutningar-per-polisregion-2017,skjutningar,skjutningar,Väst,2017,11,1
polisen__skjutningar-per-polisregion-2017,skjutningar,skjutningar,Väst,2017,12,7
polisen__skjutningar-per-polisregion-2018,skjutningar,skjutningar,Väst,2018,1,6
polisen__skjutningar-per-polisregion-2018,skjutningar,skjutningar,Väst,2018,2,2
polisen__skjutningar-per-polisregion-2018,skjutningar,skjutningar,Väst,2018,3,1
polisen__skjutningar-per-polisregion-2018,skjutningar,skjutningar,Väst,2018,4,6
polisen__skjutningar-per-polisregion-2018,skjutningar,skjutningar,Väst,2018,5,9
polisen__skjutningar-per-polisregion-2018,skjutningar,skjutningar,Väst,2018,6,3
polisen__skjutningar-per-polisregion-2018,skjutningar,skjutningar,Väst,2018,7,6
polisen__skjutningar-per-polisregion-2018,skjutningar,skjutningar,Väst,2018,8,5
polisen__skjutningar-per-polisregion-2018,skjutningar,skjutningar,Väst,2018,9,4
polisen__skjutningar-per-polisregion-2018,skjutningar,skjutningar,Väst,2018,10,8
polisen__skjutningar-per-polisregion-2018,skjutningar,skjutningar,Väst,2018,11,5
polisen__skjutningar-per-polisregion-2018,skjutningar,skjutningar,Väst,2018,12,3
polisen__skjutningar-per-polisregion-2019,skjutningar,skjutningar,Väst,2019,1,0
polisen__skjutningar-per-polisregion-2019,skjutningar,skjutningar,Väst,2019,2,1
polisen__skjutningar-per-polisregion-2019,skjutningar,skjutningar,Väst,2019,3,3
polisen__skjutningar-per-polisregion-2019,skjutningar,skjutningar,Väst,2019,4,7
polisen__skjutningar-per-polisregion-2019,skjutningar,skjutningar,Väst,2019,5,7
polisen__skjutningar-per-polisregion-2019,skjutningar,skjutningar,Väst,2019,6,5
polisen__skjutningar-per-polisregion-2019,skjutningar,skjutningar,Väst,2019,7,2
polisen__skjutningar-per-polisregion-2019,skjutningar,skjutningar,Väst,2019,8,6
polisen__skjutningar-per-polisregion-2019,skjutningar,skjutningar,Väst,2019,9,5
polisen__skjutningar-per-polisregion-2019,skjutningar,skjutningar,Väst,2019,10,3
polisen__skjutningar-per-polisregion-2019,skjutningar,skjutningar,Väst,2019,11,4
polisen__skjutningar-per-polisregion-2019,skjutningar,skjutningar,Väst,2019,12,3
polisen__skjutningar-per-polisregion-2020,skjutningar,skjutningar,Väst,2020,1,6
polisen__skjutningar-per-polisregion-2020,skjutningar,skjutningar,Väst,2020,2,1
polisen__skjutningar-per-polisregion-2020,skjutningar,skjutningar,Väst,2020,3,3
polisen__skjutningar-per-polisregion-2020,skjutningar,skjutningar,Väst,2020,4,4
polisen__skjutningar-per-polisregion-2020,skjutningar,skjutningar,Väst,2020,5,6
polisen__skjutningar-per-polisregion-2020,skjutningar,skjutningar,Väst,2020,6,5
polisen__skjutningar-per-polisregion-2020,skjutningar,skjutningar,Väst,2020,7,6
polisen__skjutningar-per-polisregion-2020,skjutningar,skjutningar,Väst,2020,8,3
polisen__skjutningar-per-polisregion-2020,skjutningar,skjutningar,Väst,2020,9,10
polisen__skjutningar-per-polisregion-2020,skjutningar,skjutningar,Väst,2020,10,6
polisen__skjutningar-per-polisregion-2020,skjutningar,skjutningar,Väst,2020,11,2
polisen__skjutningar-per-polisregion-2020,skjutningar,skjutningar,Väst,2020,12,1
polisen__skjutningar-per-polisregion-2021,skjutningar,skjutningar,Väst,2021,1,4
polisen__skjutningar-per-polisregion-2021,skjutningar,skjutningar,Väst,2021,2,2
polisen__skjutningar-per-polisregion-2021,skjutningar,skjutningar,Väst,2021,3,3
polisen__skjutningar-per-polisregion-2021,skjutningar,skjutningar,Väst,2021,4,2
polisen__skjutningar-per-polisregion-2021,skjutningar,skjutningar,Väst,2021,5,4
polisen__skjutningar-per-polisregion-2021,skjutningar,skjutningar,Väst,2021,6,7
polisen__skjutningar-per-polisregion-2021,skjutningar,skjutningar,Väst,2021,7,2
polisen__skjutningar-per-polisregion-2021,skjutningar,skjutningar,Väst,2021,8,6
polisen__skjutningar-per-polisregion-2021,skjutningar,skjutningar,Väst,2021,9,0
polisen__skjutningar-per-polisregion-2021,skjutningar,skjutningar,Väst,2021,10,4
polisen__skjutningar-per-polisregion-2021,skjutningar,skjutningar,Väst,2021,11,4
polisen__skjutningar-per-polisregion-2021,skjutningar,skjutningar,Väst,2021,12,3
polisen__skjutningar-per-polisregion-2022,skjutningar,skjutningar,Väst,2022,1,1
polisen__skjutningar-per-polisregion-2022,skjutningar,skjutningar,Väst,2022,2,3
polisen__skjutningar-per-polisregion-2022,skjutningar,skjutningar,Väst,2022,3,6
polisen__skjutningar-per-polisregion-2022,skjutningar,skjutningar,Väst,2022,4,1
polisen__skjutningar-per-polisregion-2022,skjutningar,skjutningar,Väst,2022,5,5
polisen__skjutningar-per-polisregion-2022,skjutningar,skjutningar,Väst,2022,6,4
polisen__skjutningar-per-polisregion-2022,skjutningar,skjutningar,Väst,2022,7,5
polisen__skjutningar-per-polisregion-2022,skjutningar,skjutningar,Väst,2022,8,6
polisen__skjutningar-per-polisregion-2022,skjutningar,skjutningar,Väst,2022,9,4
polisen__skjutningar-per-polisregion-2022,skjutningar,skjutningar,Väst,2022,10,5
polisen__skjutningar-per-polisregion-2022,skjutningar,skjutningar,Väst,2022,11,5
polisen__skjutningar-per-polisregion-2022,skjutningar,skjutningar,Väst,2022,12,3
polisen__skjutningar-per-polisregion-2023,skjutningar,skjutningar,Väst,2023,1,3
polisen__skjutningar-per-polisregion-2023,skjutningar,skjutningar,Väst,2023,2,2
polisen__skjutningar-per-polisregion-2023,skjutningar,skjutningar,Väst,2023,3,3
polisen__skjutningar-per-polisregion-2023,skjutningar,skjutningar,Väst,2023,4,8
polisen__skjutningar-per-polisregion-2023,skjutningar,skjutningar,Väst,2023,5,3
polisen__skjutningar-per-polisregion-2023,skjutningar,skjutningar,Väst,2023,6,8
polisen__skjutningar-per-polisregion-2023,skjutningar,skjutningar,Väst,2023,7,1
polisen__skjutningar-per-polisregion-2023,skjutningar,skjutningar,Väst,2023,8,3
polisen__skjutningar-per-polisregion-2023,skjutningar,skjutningar,Väst,2023,9,2
polisen__skjutningar-per-polisregion-2023,skjutningar,skjutningar,Väst,2023,10,3
polisen__skjutningar-per-polisregion-2023,skjutningar,skjutningar,Väst,2023,11,5
polisen__skjutningar-per-polisregion-2023,skjutningar,skjutningar,Väst,2023,12,1
polisen__skjutningar-per-polisregion-2024,skjutningar,skjutningar,Väst,2024,1,2
polisen__skjutningar-per-polisregion-2024,skjutningar,skjutningar,Väst,2024,2,5
polisen__skjutningar-per-polisregion-2024,skjutningar,skjutningar,Väst,2024,3,8
polisen__skjutningar-per-polisregion-2024,skjutningar,skjutningar,Väst,2024,4,4
polisen__skjutningar-per-polisregion-2024,skjutningar,skjutningar,Väst,2024,5,7
polisen__skjutningar-per-polisregion-2024,skjutningar,skjutningar,Väst,2024,6,8
polisen__skjutningar-per-polisregion-2024,skjutningar,skjutningar,Väst,2024,7,4
polisen__skjutningar-per-polisregion-2024,skjutningar,skjutningar,Väst,2024,8,9
polisen__skjutningar-per-polisregion-2024,skjutningar,skjutningar,Väst,2024,9,5
polisen__skjutningar-per-polisregion-2024,skjutningar,skjutningar,Väst,2024,10,8
polisen__skjutningar-per-polisregion-2024,skjutningar,skjutningar,Väst,2024,11,2
polisen__skjutningar-per-polisregion-2024,skjutningar,skjutningar,Väst,2024,12,5
polisen__skjutningar-per-polisregion-2025,skjutningar,skjutningar,Väst,2025,1,0
polisen__skjutningar-per-polisregion-2025,skjutningar,skjutningar,Väst,2025,2,2
polisen__skjutningar-per-polisregion-2025,skjutningar,skjutningar,Väst,2025,3,3
polisen__skjutningar-per-polisregion-2025,skjutningar,skjutningar,Väst,2025,4,1
polisen__skjutningar-per-polisregion-2025,skjutningar,skjutningar,Väst,2025,5,1
polisen__skjutningar-per-polisregion-2025,skjutningar,skjutningar,Väst,2025,6,3
polisen__skjutningar-per-polisregion-2025,skjutningar,skjutningar,Väst,2025,7,0
polisen__skjutningar-per-polisregion-2025,skjutningar,skjutningar,Väst,2025,8,0
polisen__skjutningar-per-polisregion-2025,skjutningar,skjutningar,Väst,2025,9,4
polisen__skjutningar-per-polisregion-2025,skjutningar,skjutningar,Väst,2025,10,0
polisen__skjutningar-per-polisregion-2025,skjutningar,skjutningar,Väst,2025,11,0
polisen__skjutningar-per-polisregion-2025,skjutningar,skjutningar,Väst,2025,12,0
polisen__skjutningar-per-polisregion-tolv-manader,skjutningar,skjutningar,Väst,2026,1,0
polisen__skjutningar-per-polisregion-tolv-manader,skjutningar,skjutningar,Väst,2026,2,1
polisen__skjutningar-per-polisregion-tolv-manader,skjutningar,skjutningar,Väst,2026,3,1
polisen__skjutningar-per-polisregion-tolv-manader,skjutningar,skjutningar,Väst,2026,4,0
polisen__skjutningar-per-polisregion-tolv-manader,skjutningar,skjutningar,Väst,2026,5,3
polisen__skjutningar-per-polisregion-tolv-manader,skjutningar,skjutningar,Väst,2026,6,0
polisen__skjutningar-per-polisregion-tolv-manader,skjutningar,skjutningar,Väst,2026,7,1
polisen__skjutningar-per-polisregion-tolv-manader,skjutningar,skjutningar,Väst,2026,8,1
polisen__skjutningar-per-polisregion-2017,skjutningar,skjutningar,Öst,2017,1,0
polisen__skjutningar-per-polisregion-2017,skjutningar,skjutningar,Öst,2017,2,0
polisen__skjutningar-per-polisregion-2017,skjutningar,skjutningar,Öst,2017,3,2
polisen__skjutningar-per-polisregion-2017,skjutningar,skjutningar,Öst,2017,4,1
polisen__skjutningar-per-polisregion-2017,skjutningar,skjutningar,Öst,2017,5,2
polisen__skjutningar-per-polisregion-2017,skjutningar,skjutningar,Öst,2017,6,1
polisen__skjutningar-per-polisregion-2017,skjutningar,skjutningar,Öst,2017,7,2
polisen__skjutningar-per-polisregion-2017,skjutningar,skjutningar,Öst,2017,8,7
polisen__skjutningar-per-polisregion-2017,skjutningar,skjutningar,Öst,2017,9,3
polisen__skjutningar-per-polisregion-2017,skjutningar,skjutningar,Öst,2017,10,1
polisen__skjutningar-per-polisregion-2017,skjutningar,skjutningar,Öst,2017,11,5
polisen__skjutningar-per-polisregion-2017,skjutningar,skjutningar,Öst,2017,12,1
polisen__skjutningar-per-polisregion-2018,skjutningar,skjutningar,Öst,2018,1,1
polisen__skjutningar-per-polisregion-2018,skjutningar,skjutningar,Öst,2018,2,0
polisen__skjutningar-per-polisregion-2018,skjutningar,skjutningar,Öst,2018,3,0
polisen__skjutningar-per-polisregion-2018,skjutningar,skjutningar,Öst,2018,4,2
polisen__skjutningar-per-polisregion-2018,skjutningar,skjutningar,Öst,2018,5,1
polisen__skjutningar-per-polisregion-2018,skjutningar,skjutningar,Öst,2018,6,3
polisen__skjutningar-per-polisregion-2018,skjutningar,skjutningar,Öst,2018,7,3
polisen__skjutningar-per-polisregion-2018,skjutningar,skjutningar,Öst,2018,8,1
polisen__skjutningar-per-polisregion-2018,skjutningar,skjutningar,Öst,2018,9,5
polisen__skjutningar-per-polisregion-2018,skjutningar,skjutningar,Öst,2018,10,6
polisen__skjutningar-per-polisregion-2018,skjutningar,skjutningar,Öst,2018,11,2
polisen__skjutningar-per-polisregion-2018,skjutningar,skjutningar,Öst,2018,12,0
polisen__skjutningar-per-polisregion-2019,skjutningar,skjutningar,Öst,2019,1,2
polisen__skjutningar-per-polisregion-2019,skjutningar,skjutningar,Öst,2019,2,4
polisen__skjutningar-per-polisregion-2019,skjutningar,skjutningar,Öst,2019,3,3
polisen__skjutningar-per-polisregion-2019,skjutningar,skjutningar,Öst,2019,4,2
polisen__skjutningar-per-polisregion-2019,skjutningar,skjutningar,Öst,2019,5,3
polisen__skjutningar-per-polisregion-2019,skjutningar,skjutningar,Öst,2019,6,4
polisen__skjutningar-per-polisregion-2019,skjutningar,skjutningar,Öst,2019,7,3
polisen__skjutningar-per-polisregion-2019,skjutningar,skjutningar,Öst,2019,8,5
polisen__skjutningar-per-polisregion-2019,skjutningar,skjutningar,Öst,2019,9,2
polisen__skjutningar-per-polisregion-2019,skjutningar,skjutningar,Öst,2019,10,2
polisen__skjutningar-per-polisregion-2019,skjutningar,skjutningar,Öst,2019,11,1
polisen__skjutningar-per-polisregion-2019,skjutningar,skjutningar,Öst,2019,12,3
polisen__skjutningar-per-polisregion-2020,skjutningar,skjutningar,Öst,2020,1,4
polisen__skjutningar-per-polisregion-2020,skjutningar,skjutningar,Öst,2020,2,6
polisen__skjutningar-per-polisregion-2020,skjutningar,skjutningar,Öst,2020,3,1
polisen__skjutningar-per-polisregion-2020,skjutningar,skjutningar,Öst,2020,4,4
polisen__skjutningar-per-polisregion-2020,skjutningar,skjutningar,Öst,2020,5,4
polisen__skjutningar-per-polisregion-2020,skjutningar,skjutningar,Öst,2020,6,3
polisen__skjutningar-per-polisregion-2020,skjutningar,skjutningar,Öst,2020,7,3
polisen__skjutningar-per-polisregion-2020,skjutningar,skjutningar,Öst,2020,8,6
polisen__skjutningar-per-polisregion-2020,skjutningar,skjutningar,Öst,2020,9,4
polisen__skjutningar-per-polisregion-2020,skjutningar,skjutningar,Öst,2020,10,0
polisen__skjutningar-per-polisregion-2020,skjutningar,skjutningar,Öst,2020,11,1
polisen__skjutningar-per-polisregion-2020,skjutningar,skjutningar,Öst,2020,12,1
polisen__skjutningar-per-polisregion-2021,skjutningar,skjutningar,Öst,2021,1,2
polisen__skjutningar-per-polisregion-2021,skjutningar,skjutningar,Öst,2021,2,0
polisen__skjutningar-per-polisregion-2021,skjutningar,skjutningar,Öst,2021,3,0
polisen__skjutningar-per-polisregion-2021,skjutningar,skjutningar,Öst,2021,4,3
polisen__skjutningar-per-polisregion-2021,skjutningar,skjutningar,Öst,2021,5,4
polisen__skjutningar-per-polisregion-2021,skjutningar,skjutningar,Öst,2021,6,0
polisen__skjutningar-per-polisregion-2021,skjutningar,skjutningar,Öst,2021,7,2
polisen__skjutningar-per-polisregion-2021,skjutningar,skjutningar,Öst,2021,8,3
polisen__skjutningar-per-polisregion-2021,skjutningar,skjutningar,Öst,2021,9,2
polisen__skjutningar-per-polisregion-2021,skjutningar,skjutningar,Öst,2021,10,4
polisen__skjutningar-per-polisregion-2021,skjutningar,skjutningar,Öst,2021,11,2
polisen__skjutningar-per-polisregion-2021,skjutningar,skjutningar,Öst,2021,12,2
polisen__skjutningar-per-polisregion-2022,skjutningar,skjutningar,Öst,2022,1,6
polisen__skjutningar-per-polisregion-2022,skjutningar,skjutningar,Öst,2022,2,3
polisen__skjutningar-per-polisregion-2022,skjutningar,skjutningar,Öst,2022,3,11
polisen__skjutningar-per-polisregion-2022,skjutningar,skjutningar,Öst,2022,4,4
polisen__skjutningar-per-polisregion-2022,skjutningar,skjutningar,Öst,2022,5,8
polisen__skjutningar-per-polisregion-2022,skjutningar,skjutningar,Öst,2022,6,4
polisen__skjutningar-per-polisregion-2022,skjutningar,skjutningar,Öst,2022,7,4
polisen__skjutningar-per-polisregion-2022,skjutningar,skjutningar,Öst,2022,8,5
polisen__skjutningar-per-polisregion-2022,skjutningar,skjutningar,Öst,2022,9,3
polisen__skjutningar-per-polisregion-2022,skjutningar,skjutningar,Öst,2022,10,3
polisen__skjutningar-per-polisregion-2022,skjutningar,skjutningar,Öst,2022,11,6
polisen__skjutningar-per-polisregion-2022,skjutningar,skjutningar,Öst,2022,12,0
polisen__skjutningar-per-polisregion-2023,skjutningar,skjutningar,Öst,2023,1,5
polisen__skjutningar-per-polisregion-2023,skjutningar,skjutningar,Öst,2023,2,3
polisen__skjutningar-per-polisregion-2023,skjutningar,skjutningar,Öst,2023,3,2
polisen__skjutningar-per-polisregion-2023,skjutningar,skjutningar,Öst,2023,4,5
polisen__skjutningar-per-polisregion-2023,skjutningar,skjutningar,Öst,2023,5,3
polisen__skjutningar-per-polisregion-2023,skjutningar,skjutningar,Öst,2023,6,2
polisen__skjutningar-per-polisregion-2023,skjutningar,skjutningar,Öst,2023,7,7
polisen__skjutningar-per-polisregion-2023,skjutningar,skjutningar,Öst,2023,8,2
polisen__skjutningar-per-polisregion-2023,skjutningar,skjutningar,Öst,2023,9,5
polisen__skjutningar-per-polisregion-2023,skjutningar,skjutningar,Öst,2023,10,4
polisen__skjutningar-per-polisregion-2023,skjutningar,skjutningar,Öst,2023,11,5
polisen__skjutningar-per-polisregion-2023,skjutningar,skjutningar,Öst,2023,12,2
polisen__skjutningar-per-polisregion-2024,skjutningar,skjutningar,Öst,2024,1,3
polisen__skjutningar-per-polisregion-2024,skjutningar,skjutningar,Öst,2024,2,2
polisen__skjutningar-per-polisregion-2024,skjutningar,skjutningar,Öst,2024,3,6
polisen__skjutningar-per-polisregion-2024,skjutningar,skjutningar,Öst,2024,4,4
polisen__skjutningar-per-polisregion-2024,skjutningar,skjutningar,Öst,2024,5,3
polisen__skjutningar-per-polisregion-2024,skjutningar,skjutningar,Öst,2024,6,3
polisen__skjutningar-per-polisregion-2024,skjutningar,skjutningar,Öst,2024,7,1
polisen__skjutningar-per-polisregion-2024,skjutningar,skjutningar,Öst,2024,8,4
polisen__skjutningar-per-polisregion-2024,skjutningar,skjutningar,Öst,2024,9,2
polisen__skjutningar-per-polisregion-2024,skjutningar,skjutningar,Öst,2024,10,2
polisen__skjutningar-per-polisregion-2024,skjutningar,skjutningar,Öst,2024,11,0
polisen__skjutningar-per-polisregion-2024,skjutningar,skjutningar,Öst,2024,12,2
polisen__skjutningar-per-polisregion-2025,skjutningar,skjutningar,Öst,2025,1,1
polisen__skjutningar-per-polisregion-2025,skjutningar,skjutningar,Öst,2025,2,1
polisen__skjutningar-per-polisregion-2025,skjutningar,skjutningar,Öst,2025,3,0
polisen__skjutningar-per-polisregion-2025,skjutningar,skjutningar,Öst,2025,4,2
polisen__skjutningar-per-polisregion-2025,skjutningar,skjutningar,Öst,2025,5,0
polisen__skjutningar-per-polisregion-2025,skjutningar,skjutningar,Öst,2025,6,1
polisen__skjutningar-per-polisregion-2025,skjutningar,skjutningar,Öst,2025,7,3
polisen__skjutningar-per-polisregion-2025,skjutningar,skjutningar,Öst,2025,8,1
polisen__skjutningar-per-polisregion-2025,skjutningar,skjutningar,Öst,2025,9,3
polisen__skjutningar-per-polisregion-2025,skjutningar,skjutningar,Öst,2025,10,1
polisen__skjutningar-per-polisregion-2025,skjutningar,skjutningar,Öst,2025,11,0
polisen__skjutningar-per-polisregion-2025,skjutningar,skjutningar,Öst,2025,12,0
polisen__skjutningar-per-polisregion-tolv-manader,skjutningar,skjutningar,Öst,2026,1,1
polisen__skjutningar-per-polisregion-tolv-manader,skjutningar,skjutningar,Öst,2026,2,3
polisen__skjutningar-per-polisregion-tolv-manader,skjutningar,skjutningar,Öst,2026,3,0
polisen__skjutningar-per-polisregion-tolv-manader,skjutningar,skjutningar,Öst,2026,4,1
polisen__skjutningar-per-polisregion-tolv-manader,skjutningar,skjutningar,Öst,2026,5,0
polisen__skjutningar-per-polisregion-tolv-manader,skjutningar,skjutningar,Öst,2026,6,0
polisen__skjutningar-per-polisregion-tolv-manader,skjutningar,skjutningar,Öst,2026,7,1
polisen__skjutningar-per-polisregion-tolv-manader,skjutningar,skjutningar,Öst,2026,8,0
polisen__sprangningar-per-polisregion-2018,sprängningar,detonationer,Bergslagen,2018,1,0
polisen__sprangningar-per-polisregion-2018,sprängningar,detonationer,Bergslagen,2018,2,0
polisen__sprangningar-per-polisregion-2018,sprängningar,detonationer,Bergslagen,2018,3,0
polisen__sprangningar-per-polisregion-2018,sprängningar,detonationer,Bergslagen,2018,4,0
polisen__sprangningar-per-polisregion-2018,sprängningar,detonationer,Bergslagen,2018,5,0
polisen__sprangningar-per-polisregion-2018,sprängningar,detonationer,Bergslagen,2018,6,1
polisen__sprangningar-per-polisregion-2018,sprängningar,detonationer,Bergslagen,2018,7,0
polisen__sprangningar-per-polisregion-2018,sprängningar,detonationer,Bergslagen,2018,8,1
polisen__sprangningar-per-polisregion-2018,sprängningar,detonationer,Bergslagen,2018,9,1
polisen__sprangningar-per-polisregion-2018,sprängningar,detonationer,Bergslagen,2018,10,0
polisen__sprangningar-per-polisregion-2018,sprängningar,detonationer,Bergslagen,2018,11,0
polisen__sprangningar-per-polisregion-2018,sprängningar,detonationer,Bergslagen,2018,12,0
polisen__sprangningar-per-polisregion-2019,sprängningar,detonationer,Bergslagen,2019,1,0
polisen__sprangningar-per-polisregion-2019,sprängningar,detonationer,Bergslagen,2019,2,0
polisen__sprangningar-per-polisregion-2019,sprängningar,detonationer,Bergslagen,2019,3,0
polisen__sprangningar-per-polisregion-2019,sprängningar,detonationer,Bergslagen,2019,4,1
polisen__sprangningar-per-polisregion-2019,sprängningar,detonationer,Bergslagen,2019,5,0
polisen__sprangningar-per-polisregion-2019,sprängningar,detonationer,Bergslagen,2019,6,2
polisen__sprangningar-per-polisregion-2019,sprängningar,detonationer,Bergslagen,2019,7,0
polisen__sprangningar-per-polisregion-2019,sprängningar,detonationer,Bergslagen,2019,8,0
polisen__sprangningar-per-polisregion-2019,sprängningar,detonationer,Bergslagen,2019,9,0
polisen__sprangningar-per-polisregion-2019,sprängningar,detonationer,Bergslagen,2019,10,0
polisen__sprangningar-per-polisregion-2019,sprängningar,detonationer,Bergslagen,2019,11,1
polisen__sprangningar-per-polisregion-2019,sprängningar,detonationer,Bergslagen,2019,12,3
polisen__sprangningar-per-polisregion-2020,sprängningar,detonationer,Bergslagen,2020,1,0
polisen__sprangningar-per-polisregion-2020,sprängningar,detonationer,Bergslagen,2020,2,0
polisen__sprangningar-per-polisregion-2020,sprängningar,detonationer,Bergslagen,2020,3,0
polisen__sprangningar-per-polisregion-2020,sprängningar,detonationer,Bergslagen,2020,4,0
polisen__sprangningar-per-polisregion-2020,sprängningar,detonationer,Bergslagen,2020,5,0
polisen__sprangningar-per-polisregion-2020,sprängningar,detonationer,Bergslagen,2020,6,0
polisen__sprangningar-per-polisregion-2020,sprängningar,detonationer,Bergslagen,2020,7,1
polisen__sprangningar-per-polisregion-2020,sprängningar,detonationer,Bergslagen,2020,8,1
polisen__sprangningar-per-polisregion-2020,sprängningar,detonationer,Bergslagen,2020,9,0
polisen__sprangningar-per-polisregion-2020,sprängningar,detonationer,Bergslagen,2020,10,0
polisen__sprangningar-per-polisregion-2020,sprängningar,detonationer,Bergslagen,2020,11,0
polisen__sprangningar-per-polisregion-2020,sprängningar,detonationer,Bergslagen,2020,12,0
polisen__sprangningar-per-polisregion-2021,sprängningar,detonationer,Bergslagen,2021,1,0
polisen__sprangningar-per-polisregion-2021,sprängningar,detonationer,Bergslagen,2021,2,0
polisen__sprangningar-per-polisregion-2021,sprängningar,detonationer,Bergslagen,2021,3,0
polisen__sprangningar-per-polisregion-2021,sprängningar,detonationer,Bergslagen,2021,4,0
polisen__sprangningar-per-polisregion-2021,sprängningar,detonationer,Bergslagen,2021,5,0
polisen__sprangningar-per-polisregion-2021,sprängningar,detonationer,Bergslagen,2021,6,0
polisen__sprangningar-per-polisregion-2021,sprängningar,detonationer,Bergslagen,2021,7,0
polisen__sprangningar-per-polisregion-2021,sprängningar,detonationer,Bergslagen,2021,8,0
polisen__sprangningar-per-polisregion-2021,sprängningar,detonationer,Bergslagen,2021,9,0
polisen__sprangningar-per-polisregion-2021,sprängningar,detonationer,Bergslagen,2021,10,0
polisen__sprangningar-per-polisregion-2021,sprängningar,detonationer,Bergslagen,2021,11,0
polisen__sprangningar-per-polisregion-2021,sprängningar,detonationer,Bergslagen,2021,12,1
polisen__sprangningar-per-polisregion-2022,sprängningar,detonationer,Bergslagen,2022,1,0
polisen__sprangningar-per-polisregion-2022,sprängningar,detonationer,Bergslagen,2022,2,0
polisen__sprangningar-per-polisregion-2022,sprängningar,detonationer,Bergslagen,2022,3,0
polisen__sprangningar-per-polisregion-2022,sprängningar,detonationer,Bergslagen,2022,4,0
polisen__sprangningar-per-polisregion-2022,sprängningar,detonationer,Bergslagen,2022,5,0
polisen__sprangningar-per-polisregion-2022,sprängningar,detonationer,Bergslagen,2022,6,0
polisen__sprangningar-per-polisregion-2022,sprängningar,detonationer,Bergslagen,2022,7,0
polisen__sprangningar-per-polisregion-2022,sprängningar,detonationer,Bergslagen,2022,8,0
polisen__sprangningar-per-polisregion-2022,sprängningar,detonationer,Bergslagen,2022,9,0
polisen__sprangningar-per-polisregion-2022,sprängningar,detonationer,Bergslagen,2022,10,0
polisen__sprangningar-per-polisregion-2022,sprängningar,detonationer,Bergslagen,2022,11,0
polisen__sprangningar-per-polisregion-2022,sprängningar,detonationer,Bergslagen,2022,12,0
polisen__sprangningar-per-polisregion-2023,sprängningar,detonationer,Bergslagen,2023,1,0
polisen__sprangningar-per-polisregion-2023,sprängningar,detonationer,Bergslagen,2023,2,0
polisen__sprangningar-per-polisregion-2023,sprängningar,detonationer,Bergslagen,2023,3,1
polisen__sprangningar-per-polisregion-2023,sprängningar,detonationer,Bergslagen,2023,4,0
polisen__sprangningar-per-polisregion-2023,sprängningar,detonationer,Bergslagen,2023,5,1
polisen__sprangningar-per-polisregion-2023,sprängningar,detonationer,Bergslagen,2023,6,0
polisen__sprangningar-per-polisregion-2023,sprängningar,detonationer,Bergslagen,2023,7,0
polisen__sprangningar-per-polisregion-2023,sprängningar,detonationer,Bergslagen,2023,8,1
polisen__sprangningar-per-polisregion-2023,sprängningar,detonationer,Bergslagen,2023,9,0
polisen__sprangningar-per-polisregion-2023,sprängningar,detonationer,Bergslagen,2023,10,0
polisen__sprangningar-per-polisregion-2023,sprängningar,detonationer,Bergslagen,2023,11,0
polisen__sprangningar-per-polisregion-2023,sprängningar,detonationer,Bergslagen,2023,12,0
polisen__sprangningar-per-polisregion-2024,sprängningar,detonationer,Bergslagen,2024,1,0
polisen__sprangningar-per-polisregion-2024,sprängningar,detonationer,Bergslagen,2024,2,0
polisen__sprangningar-per-polisregion-2024,sprängningar,detonationer,Bergslagen,2024,3,0
polisen__sprangningar-per-polisregion-2024,sprängningar,detonationer,Bergslagen,2024,4,1
polisen__sprangningar-per-polisregion-2024,sprängningar,detonationer,Bergslagen,2024,5,0
polisen__sprangningar-per-polisregion-2024,sprängningar,detonationer,Bergslagen,2024,6,0
polisen__sprangningar-per-polisregion-2024,sprängningar,detonationer,Bergslagen,2024,7,3
polisen__sprangningar-per-polisregion-2024,sprängningar,detonationer,Bergslagen,2024,8,0
polisen__sprangningar-per-polisregion-2024,sprängningar,detonationer,Bergslagen,2024,9,0
polisen__sprangningar-per-polisregion-2024,sprängningar,detonationer,Bergslagen,2024,10,0
polisen__sprangningar-per-polisregion-2024,sprängningar,detonationer,Bergslagen,2024,11,0
polisen__sprangningar-per-polisregion-2024,sprängningar,detonationer,Bergslagen,2024,12,0
polisen__sprangningar-per-polisregion-2025,sprängningar,detonationer,Bergslagen,2025,1,0
polisen__sprangningar-per-polisregion-2025,sprängningar,detonationer,Bergslagen,2025,2,0
polisen__sprangningar-per-polisregion-2025,sprängningar,detonationer,Bergslagen,2025,3,0
polisen__sprangningar-per-polisregion-2025,sprängningar,detonationer,Bergslagen,2025,4,0
polisen__sprangningar-per-polisregion-2025,sprängningar,detonationer,Bergslagen,2025,5,2
polisen__sprangningar-per-polisregion-2025,sprängningar,detonationer,Bergslagen,2025,6,1
polisen__sprangningar-per-polisregion-2025,sprängningar,detonationer,Bergslagen,2025,7,0
polisen__sprangningar-per-polisregion-2025,sprängningar,detonationer,Bergslagen,2025,8,2
polisen__sprangningar-per-polisregion-2025,sprängningar,detonationer,Bergslagen,2025,9,0
polisen__sprangningar-per-polisregion-2025,sprängningar,detonationer,Bergslagen,2025,10,0
polisen__sprangningar-per-polisregion-2025,sprängningar,detonationer,Bergslagen,2025,11,1
polisen__sprangningar-per-polisregion-2025,sprängningar,detonationer,Bergslagen,2025,12,0
polisen__sprangningar-per-polisregion-tolv-manader,sprängningar,detonationer,Bergslagen,2026,1,0
polisen__sprangningar-per-polisregion-tolv-manader,sprängningar,detonationer,Bergslagen,2026,2,0
polisen__sprangningar-per-polisregion-tolv-manader,sprängningar,detonationer,Bergslagen,2026,3,0
polisen__sprangningar-per-polisregion-tolv-manader,sprängningar,detonationer,Bergslagen,2026,4,0
polisen__sprangningar-per-polisregion-tolv-manader,sprängningar,detonationer,Bergslagen,2026,5,0
polisen__sprangningar-per-polisregion-tolv-manader,sprängningar,detonationer,Bergslagen,2026,6,0
polisen__sprangningar-per-polisregion-tolv-manader,sprängningar,detonationer,Bergslagen,2026,7,0
polisen__sprangningar-per-polisregion-tolv-manader,sprängningar,detonationer,Bergslagen,2026,8,0
polisen__sprangningar-per-polisregion-2018,sprängningar,detonationer,Mitt,2018,1,0
polisen__sprangningar-per-polisregion-2018,sprängningar,detonationer,Mitt,2018,2,0
polisen__sprangningar-per-polisregion-2018,sprängningar,detonationer,Mitt,2018,3,0
polisen__sprangningar-per-polisregion-2018,sprängningar,detonationer,Mitt,2018,4,2
polisen__sprangningar-per-polisregion-2018,sprängningar,detonationer,Mitt,2018,5,0
polisen__sprangningar-per-polisregion-2018,sprängningar,detonationer,Mitt,2018,6,0
polisen__sprangningar-per-polisregion-2018,sprängningar,detonationer,Mitt,2018,7,0
polisen__sprangningar-per-polisregion-2018,sprängningar,detonationer,Mitt,2018,8,0
polisen__sprangningar-per-polisregion-2018,sprängningar,detonationer,Mitt,2018,9,0
polisen__sprangningar-per-polisregion-2018,sprängningar,detonationer,Mitt,2018,10,0
polisen__sprangningar-per-polisregion-2018,sprängningar,detonationer,Mitt,2018,11,0
polisen__sprangningar-per-polisregion-2018,sprängningar,detonationer,Mitt,2018,12,1
polisen__sprangningar-per-polisregion-2019,sprängningar,detonationer,Mitt,2019,1,0
polisen__sprangningar-per-polisregion-2019,sprängningar,detonationer,Mitt,2019,2,0
polisen__sprangningar-per-polisregion-2019,sprängningar,detonationer,Mitt,2019,3,0
polisen__sprangningar-per-polisregion-2019,sprängningar,detonationer,Mitt,2019,4,1
polisen__sprangningar-per-polisregion-2019,sprängningar,detonationer,Mitt,2019,5,0
polisen__sprangningar-per-polisregion-2019,sprängningar,detonationer,Mitt,2019,6,1
polisen__sprangningar-per-polisregion-2019,sprängningar,detonationer,Mitt,2019,7,0
polisen__sprangningar-per-polisregion-2019,sprängningar,detonationer,Mitt,2019,8,0
polisen__sprangningar-per-polisregion-2019,sprängningar,detonationer,Mitt,2019,9,1
polisen__sprangningar-per-polisregion-2019,sprängningar,detonationer,Mitt,2019,10,0
polisen__sprangningar-per-polisregion-2019,sprängningar,detonationer,Mitt,2019,11,0
polisen__sprangningar-per-polisregion-2019,sprängningar,detonationer,Mitt,2019,12,0
polisen__sprangningar-per-polisregion-2020,sprängningar,detonationer,Mitt,2020,1,1
polisen__sprangningar-per-polisregion-2020,sprängningar,detonationer,Mitt,2020,2,1
polisen__sprangningar-per-polisregion-2020,sprängningar,detonationer,Mitt,2020,3,0
polisen__sprangningar-per-polisregion-2020,sprängningar,detonationer,Mitt,2020,4,0
polisen__sprangningar-per-polisregion-2020,sprängningar,detonationer,Mitt,2020,5,0
polisen__sprangningar-per-polisregion-2020,sprängningar,detonationer,Mitt,2020,6,2
polisen__sprangningar-per-polisregion-2020,sprängningar,detonationer,Mitt,2020,7,1
polisen__sprangningar-per-polisregion-2020,sprängningar,detonationer,Mitt,2020,8,0
polisen__sprangningar-per-polisregion-2020,sprängningar,detonationer,Mitt,2020,9,1
polisen__sprangningar-per-polisregion-2020,sprängningar,detonationer,Mitt,2020,10,0
polisen__sprangningar-per-polisregion-2020,sprängningar,detonationer,Mitt,2020,11,1
polisen__sprangningar-per-polisregion-2020,sprängningar,detonationer,Mitt,2020,12,0
polisen__sprangningar-per-polisregion-2021,sprängningar,detonationer,Mitt,2021,1,0
polisen__sprangningar-per-polisregion-2021,sprängningar,detonationer,Mitt,2021,2,0
polisen__sprangningar-per-polisregion-2021,sprängningar,detonationer,Mitt,2021,3,0
polisen__sprangningar-per-polisregion-2021,sprängningar,detonationer,Mitt,2021,4,0
polisen__sprangningar-per-polisregion-2021,sprängningar,detonationer,Mitt,2021,5,1
polisen__sprangningar-per-polisregion-2021,sprängningar,detonationer,Mitt,2021,6,0
polisen__sprangningar-per-polisregion-2021,sprängningar,detonationer,Mitt,2021,7,0
polisen__sprangningar-per-polisregion-2021,sprängningar,detonationer,Mitt,2021,8,1
polisen__sprangningar-per-polisregion-2021,sprängningar,detonationer,Mitt,2021,9,0
polisen__sprangningar-per-polisregion-2021,sprängningar,detonationer,Mitt,2021,10,0
polisen__sprangningar-per-polisregion-2021,sprängningar,detonationer,Mitt,2021,11,0
polisen__sprangningar-per-polisregion-2021,sprängningar,detonationer,Mitt,2021,12,0
polisen__sprangningar-per-polisregion-2022,sprängningar,detonationer,Mitt,2022,1,1
polisen__sprangningar-per-polisregion-2022,sprängningar,detonationer,Mitt,2022,2,0
polisen__sprangningar-per-polisregion-2022,sprängningar,detonationer,Mitt,2022,3,0
polisen__sprangningar-per-polisregion-2022,sprängningar,detonationer,Mitt,2022,4,0
polisen__sprangningar-per-polisregion-2022,sprängningar,detonationer,Mitt,2022,5,0
polisen__sprangningar-per-polisregion-2022,sprängningar,detonationer,Mitt,2022,6,0
polisen__sprangningar-per-polisregion-2022,sprängningar,detonationer,Mitt,2022,7,0
polisen__sprangningar-per-polisregion-2022,sprängningar,detonationer,Mitt,2022,8,1
polisen__sprangningar-per-polisregion-2022,sprängningar,detonationer,Mitt,2022,9,2
polisen__sprangningar-per-polisregion-2022,sprängningar,detonationer,Mitt,2022,10,0
polisen__sprangningar-per-polisregion-2022,sprängningar,detonationer,Mitt,2022,11,0
polisen__sprangningar-per-polisregion-2022,sprängningar,detonationer,Mitt,2022,12,0
polisen__sprangningar-per-polisregion-2023,sprängningar,detonationer,Mitt,2023,1,1
polisen__sprangningar-per-polisregion-2023,sprängningar,detonationer,Mitt,2023,2,0
polisen__sprangningar-per-polisregion-2023,sprängningar,detonationer,Mitt,2023,3,1
polisen__sprangningar-per-polisregion-2023,sprängningar,detonationer,Mitt,2023,4,0
polisen__sprangningar-per-polisregion-2023,sprängningar,detonationer,Mitt,2023,5,0
polisen__sprangningar-per-polisregion-2023,sprängningar,detonationer,Mitt,2023,6,2
polisen__sprangningar-per-polisregion-2023,sprängningar,detonationer,Mitt,2023,7,1
polisen__sprangningar-per-polisregion-2023,sprängningar,detonationer,Mitt,2023,8,0
polisen__sprangningar-per-polisregion-2023,sprängningar,detonationer,Mitt,2023,9,2
polisen__sprangningar-per-polisregion-2023,sprängningar,detonationer,Mitt,2023,10,0
polisen__sprangningar-per-polisregion-2023,sprängningar,detonationer,Mitt,2023,11,1
polisen__sprangningar-per-polisregion-2023,sprängningar,detonationer,Mitt,2023,12,2
polisen__sprangningar-per-polisregion-2024,sprängningar,detonationer,Mitt,2024,1,1
polisen__sprangningar-per-polisregion-2024,sprängningar,detonationer,Mitt,2024,2,1
polisen__sprangningar-per-polisregion-2024,sprängningar,detonationer,Mitt,2024,3,0
polisen__sprangningar-per-polisregion-2024,sprängningar,detonationer,Mitt,2024,4,0
polisen__sprangningar-per-polisregion-2024,sprängningar,detonationer,Mitt,2024,5,2
polisen__sprangningar-per-polisregion-2024,sprängningar,detonationer,Mitt,2024,6,0
polisen__sprangningar-per-polisregion-2024,sprängningar,detonationer,Mitt,2024,7,0
polisen__sprangningar-per-polisregion-2024,sprängningar,detonationer,Mitt,2024,8,0
polisen__sprangningar-per-polisregion-2024,sprängningar,detonationer,Mitt,2024,9,0
polisen__sprangningar-per-polisregion-2024,sprängningar,detonationer,Mitt,2024,10,0
polisen__sprangningar-per-polisregion-2024,sprängningar,detonationer,Mitt,2024,11,0
polisen__sprangningar-per-polisregion-2024,sprängningar,detonationer,Mitt,2024,12,0
polisen__sprangningar-per-polisregion-2025,sprängningar,detonationer,Mitt,2025,1,3
polisen__sprangningar-per-polisregion-2025,sprängningar,detonationer,Mitt,2025,2,1
polisen__sprangningar-per-polisregion-2025,sprängningar,detonationer,Mitt,2025,3,0
polisen__sprangningar-per-polisregion-2025,sprängningar,detonationer,Mitt,2025,4,0
polisen__sprangningar-per-polisregion-2025,sprängningar,detonationer,Mitt,2025,5,1
polisen__sprangningar-per-polisregion-2025,sprängningar,detonationer,Mitt,2025,6,0
polisen__sprangningar-per-polisregion-2025,sprängningar,detonationer,Mitt,2025,7,1
polisen__sprangningar-per-polisregion-2025,sprängningar,detonationer,Mitt,2025,8,0
polisen__sprangningar-per-polisregion-2025,sprängningar,detonationer,Mitt,2025,9,1
polisen__sprangningar-per-polisregion-2025,sprängningar,detonationer,Mitt,2025,10,1
polisen__sprangningar-per-polisregion-2025,sprängningar,detonationer,Mitt,2025,11,1
polisen__sprangningar-per-polisregion-2025,sprängningar,detonationer,Mitt,2025,12,3
polisen__sprangningar-per-polisregion-tolv-manader,sprängningar,detonationer,Mitt,2026,1,5
polisen__sprangningar-per-polisregion-tolv-manader,sprängningar,detonationer,Mitt,2026,2,1
polisen__sprangningar-per-polisregion-tolv-manader,sprängningar,detonationer,Mitt,2026,3,0
polisen__sprangningar-per-polisregion-tolv-manader,sprängningar,detonationer,Mitt,2026,4,0
polisen__sprangningar-per-polisregion-tolv-manader,sprängningar,detonationer,Mitt,2026,5,0
polisen__sprangningar-per-polisregion-tolv-manader,sprängningar,detonationer,Mitt,2026,6,0
polisen__sprangningar-per-polisregion-tolv-manader,sprängningar,detonationer,Mitt,2026,7,0
polisen__sprangningar-per-polisregion-tolv-manader,sprängningar,detonationer,Mitt,2026,8,0
polisen__sprangningar-per-polisregion-2018,sprängningar,detonationer,Nord,2018,1,0
polisen__sprangningar-per-polisregion-2018,sprängningar,detonationer,Nord,2018,2,0
polisen__sprangningar-per-polisregion-2018,sprängningar,detonationer,Nord,2018,3,0
polisen__sprangningar-per-polisregion-2018,sprängningar,detonationer,Nord,2018,4,0
polisen__sprangningar-per-polisregion-2018,sprängningar,detonationer,Nord,2018,5,0
polisen__sprangningar-per-polisregion-2018,sprängningar,detonationer,Nord,2018,6,1
polisen__sprangningar-per-polisregion-2018,sprängningar,detonationer,Nord,2018,7,0
polisen__sprangningar-per-polisregion-2018,sprängningar,detonationer,Nord,2018,8,0
polisen__sprangningar-per-polisregion-2018,sprängningar,detonationer,Nord,2018,9,0
polisen__sprangningar-per-polisregion-2018,sprängningar,detonationer,Nord,2018,10,1
polisen__sprangningar-per-polisregion-2018,sprängningar,detonationer,Nord,2018,11,0
polisen__sprangningar-per-polisregion-2018,sprängningar,detonationer,Nord,2018,12,0
polisen__sprangningar-per-polisregion-2019,sprängningar,detonationer,Nord,2019,1,1
polisen__sprangningar-per-polisregion-2019,sprängningar,detonationer,Nord,2019,2,0
polisen__sprangningar-per-polisregion-2019,sprängningar,detonationer,Nord,2019,3,0
polisen__sprangningar-per-polisregion-2019,sprängningar,detonationer,Nord,2019,4,0
polisen__sprangningar-per-polisregion-2019,sprängningar,detonationer,Nord,2019,5,0
polisen__sprangningar-per-polisregion-2019,sprängningar,detonationer,Nord,2019,6,0
polisen__sprangningar-per-polisregion-2019,sprängningar,detonationer,Nord,2019,7,0
polisen__sprangningar-per-polisregion-2019,sprängningar,detonationer,Nord,2019,8,0
polisen__sprangningar-per-polisregion-2019,sprängningar,detonationer,Nord,2019,9,0
polisen__sprangningar-per-polisregion-2019,sprängningar,detonationer,Nord,2019,10,0
polisen__sprangningar-per-polisregion-2019,sprängningar,detonationer,Nord,2019,11,0
polisen__sprangningar-per-polisregion-2019,sprängningar,detonationer,Nord,2019,12,0
polisen__sprangningar-per-polisregion-2020,sprängningar,detonationer,Nord,2020,1,0
polisen__sprangningar-per-polisregion-2020,sprängningar,detonationer,Nord,2020,2,0
polisen__sprangningar-per-polisregion-2020,sprängningar,detonationer,Nord,2020,3,0
polisen__sprangningar-per-polisregion-2020,sprängningar,detonationer,Nord,2020,4,1
polisen__sprangningar-per-polisregion-2020,sprängningar,detonationer,Nord,2020,5,0
polisen__sprangningar-per-polisregion-2020,sprängningar,detonationer,Nord,2020,6,1
polisen__sprangningar-per-polisregion-2020,sprängningar,detonationer,Nord,2020,7,1
polisen__sprangningar-per-polisregion-2020,sprängningar,detonationer,Nord,2020,8,0
polisen__sprangningar-per-polisregion-2020,sprängningar,detonationer,Nord,2020,9,1
polisen__sprangningar-per-polisregion-2020,sprängningar,detonationer,Nord,2020,10,0
polisen__sprangningar-per-polisregion-2020,sprängningar,detonationer,Nord,2020,11,0
polisen__sprangningar-per-polisregion-2020,sprängningar,detonationer,Nord,2020,12,0
polisen__sprangningar-per-polisregion-2021,sprängningar,detonationer,Nord,2021,1,0
polisen__sprangningar-per-polisregion-2021,sprängningar,detonationer,Nord,2021,2,0
polisen__sprangningar-per-polisregion-2021,sprängningar,detonationer,Nord,2021,3,0
polisen__sprangningar-per-polisregion-2021,sprängningar,detonationer,Nord,2021,4,0
polisen__sprangningar-per-polisregion-2021,sprängningar,detonationer,Nord,2021,5,0
polisen__sprangningar-per-polisregion-2021,sprängningar,detonationer,Nord,2021,6,0
polisen__sprangningar-per-polisregion-2021,sprängningar,detonationer,Nord,2021,7,0
polisen__sprangningar-per-polisregion-2021,sprängningar,detonationer,Nord,2021,8,0
polisen__sprangningar-per-polisregion-2021,sprängningar,detonationer,Nord,2021,9,1
polisen__sprangningar-per-polisregion-2021,sprängningar,detonationer,Nord,2021,10,1
polisen__sprangningar-per-polisregion-2021,sprängningar,detonationer,Nord,2021,11,1
polisen__sprangningar-per-polisregion-2021,sprängningar,detonationer,Nord,2021,12,0
polisen__sprangningar-per-polisregion-2022,sprängningar,detonationer,Nord,2022,1,0
polisen__sprangningar-per-polisregion-2022,sprängningar,detonationer,Nord,2022,2,0
polisen__sprangningar-per-polisregion-2022,sprängningar,detonationer,Nord,2022,3,0
polisen__sprangningar-per-polisregion-2022,sprängningar,detonationer,Nord,2022,4,0
polisen__sprangningar-per-polisregion-2022,sprängningar,detonationer,Nord,2022,5,0
polisen__sprangningar-per-polisregion-2022,sprängningar,detonationer,Nord,2022,6,1
polisen__sprangningar-per-polisregion-2022,sprängningar,detonationer,Nord,2022,7,0
polisen__sprangningar-per-polisregion-2022,sprängningar,detonationer,Nord,2022,8,0
polisen__sprangningar-per-polisregion-2022,sprängningar,detonationer,Nord,2022,9,0
polisen__sprangningar-per-polisregion-2022,sprängningar,detonationer,Nord,2022,10,0
polisen__sprangningar-per-polisregion-2022,sprängningar,detonationer,Nord,2022,11,0
polisen__sprangningar-per-polisregion-2022,sprängningar,detonationer,Nord,2022,12,0
polisen__sprangningar-per-polisregion-2023,sprängningar,detonationer,Nord,2023,1,0
polisen__sprangningar-per-polisregion-2023,sprängningar,detonationer,Nord,2023,2,0
polisen__sprangningar-per-polisregion-2023,sprängningar,detonationer,Nord,2023,3,1
polisen__sprangningar-per-polisregion-2023,sprängningar,detonationer,Nord,2023,4,0
polisen__sprangningar-per-polisregion-2023,sprängningar,detonationer,Nord,2023,5,0
polisen__sprangningar-per-polisregion-2023,sprängningar,detonationer,Nord,2023,6,0
polisen__sprangningar-per-polisregion-2023,sprängningar,detonationer,Nord,2023,7,0
polisen__sprangningar-per-polisregion-2023,sprängningar,detonationer,Nord,2023,8,0
polisen__sprangningar-per-polisregion-2023,sprängningar,detonationer,Nord,2023,9,0
polisen__sprangningar-per-polisregion-2023,sprängningar,detonationer,Nord,2023,10,0
polisen__sprangningar-per-polisregion-2023,sprängningar,detonationer,Nord,2023,11,0
polisen__sprangningar-per-polisregion-2023,sprängningar,detonationer,Nord,2023,12,0
polisen__sprangningar-per-polisregion-2024,sprängningar,detonationer,Nord,2024,1,1
polisen__sprangningar-per-polisregion-2024,sprängningar,detonationer,Nord,2024,2,0
polisen__sprangningar-per-polisregion-2024,sprängningar,detonationer,Nord,2024,3,0
polisen__sprangningar-per-polisregion-2024,sprängningar,detonationer,Nord,2024,4,0
polisen__sprangningar-per-polisregion-2024,sprängningar,detonationer,Nord,2024,5,1
polisen__sprangningar-per-polisregion-2024,sprängningar,detonationer,Nord,2024,6,0
polisen__sprangningar-per-polisregion-2024,sprängningar,detonationer,Nord,2024,7,0
polisen__sprangningar-per-polisregion-2024,sprängningar,detonationer,Nord,2024,8,0
polisen__sprangningar-per-polisregion-2024,sprängningar,detonationer,Nord,2024,9,0
polisen__sprangningar-per-polisregion-2024,sprängningar,detonationer,Nord,2024,10,0
polisen__sprangningar-per-polisregion-2024,sprängningar,detonationer,Nord,2024,11,0
polisen__sprangningar-per-polisregion-2024,sprängningar,detonationer,Nord,2024,12,0
polisen__sprangningar-per-polisregion-2025,sprängningar,detonationer,Nord,2025,1,0
polisen__sprangningar-per-polisregion-2025,sprängningar,detonationer,Nord,2025,2,0
polisen__sprangningar-per-polisregion-2025,sprängningar,detonationer,Nord,2025,3,0
polisen__sprangningar-per-polisregion-2025,sprängningar,detonationer,Nord,2025,4,0
polisen__sprangningar-per-polisregion-2025,sprängningar,detonationer,Nord,2025,5,0
polisen__sprangningar-per-polisregion-2025,sprängningar,detonationer,Nord,2025,6,0
polisen__sprangningar-per-polisregion-2025,sprängningar,detonationer,Nord,2025,7,1
polisen__sprangningar-per-polisregion-2025,sprängningar,detonationer,Nord,2025,8,0
polisen__sprangningar-per-polisregion-2025,sprängningar,detonationer,Nord,2025,9,0
polisen__sprangningar-per-polisregion-2025,sprängningar,detonationer,Nord,2025,10,0
polisen__sprangningar-per-polisregion-2025,sprängningar,detonationer,Nord,2025,11,1
polisen__sprangningar-per-polisregion-2025,sprängningar,detonationer,Nord,2025,12,0
polisen__sprangningar-per-polisregion-tolv-manader,sprängningar,detonationer,Nord,2026,1,0
polisen__sprangningar-per-polisregion-tolv-manader,sprängningar,detonationer,Nord,2026,2,0
polisen__sprangningar-per-polisregion-tolv-manader,sprängningar,detonationer,Nord,2026,3,0
polisen__sprangningar-per-polisregion-tolv-manader,sprängningar,detonationer,Nord,2026,4,0
polisen__sprangningar-per-polisregion-tolv-manader,sprängningar,detonationer,Nord,2026,5,0
polisen__sprangningar-per-polisregion-tolv-manader,sprängningar,detonationer,Nord,2026,6,0
polisen__sprangningar-per-polisregion-tolv-manader,sprängningar,detonationer,Nord,2026,7,0
polisen__sprangningar-per-polisregion-tolv-manader,sprängningar,detonationer,Nord,2026,8,1
polisen__sprangningar-per-polisregion-2018,sprängningar,detonationer,Stockholm,2018,1,1
polisen__sprangningar-per-polisregion-2018,sprängningar,detonationer,Stockholm,2018,2,2
polisen__sprangningar-per-polisregion-2018,sprängningar,detonationer,Stockholm,2018,3,0
polisen__sprangningar-per-polisregion-2018,sprängningar,detonationer,Stockholm,2018,4,1
polisen__sprangningar-per-polisregion-2018,sprängningar,detonationer,Stockholm,2018,5,2
polisen__sprangningar-per-polisregion-2018,sprängningar,detonationer,Stockholm,2018,6,1
polisen__sprangningar-per-polisregion-2018,sprängningar,detonationer,Stockholm,2018,7,3
polisen__sprangningar-per-polisregion-2018,sprängningar,detonationer,Stockholm,2018,8,4
polisen__sprangningar-per-polisregion-2018,sprängningar,detonationer,Stockholm,2018,9,4
polisen__sprangningar-per-polisregion-2018,sprängningar,detonationer,Stockholm,2018,10,1
polisen__sprangningar-per-polisregion-2018,sprängningar,detonationer,Stockholm,2018,11,2
polisen__sprangningar-per-polisregion-2018,sprängningar,detonationer,Stockholm,2018,12,2
polisen__sprangningar-per-polisregion-2019,sprängningar,detonationer,Stockholm,2019,1,3
polisen__sprangningar-per-polisregion-2019,sprängningar,detonationer,Stockholm,2019,2,1
polisen__sprangningar-per-polisregion-2019,sprängningar,detonationer,Stockholm,2019,3,3
polisen__sprangningar-per-polisregion-2019,sprängningar,detonationer,Stockholm,2019,4,1
polisen__sprangningar-per-polisregion-2019,sprängningar,detonationer,Stockholm,2019,5,3
polisen__sprangningar-per-polisregion-2019,sprängningar,detonationer,Stockholm,2019,6,2
polisen__sprangningar-per-polisregion-2019,sprängningar,detonationer,Stockholm,2019,7,0
polisen__sprangningar-per-polisregion-2019,sprängningar,detonationer,Stockholm,2019,8,1
polisen__sprangningar-per-polisregion-2019,sprängningar,detonationer,Stockholm,2019,9,2
polisen__sprangningar-per-polisregion-2019,sprängningar,detonationer,Stockholm,2019,10,7
polisen__sprangningar-per-polisregion-2019,sprängningar,detonationer,Stockholm,2019,11,4
polisen__sprangningar-per-polisregion-2019,sprängningar,detonationer,Stockholm,2019,12,1
polisen__sprangningar-per-polisregion-2020,sprängningar,detonationer,Stockholm,2020,1,6
polisen__sprangningar-per-polisregion-2020,sprängningar,detonationer,Stockholm,2020,2,3
polisen__sprangningar-per-polisregion-2020,sprängningar,detonationer,Stockholm,2020,3,4
polisen__sprangningar-per-polisregion-2020,sprängningar,detonationer,Stockholm,2020,4,3
polisen__sprangningar-per-polisregion-2020,sprängningar,detonationer,Stockholm,2020,5,2
polisen__sprangningar-per-polisregion-2020,sprängningar,detonationer,Stockholm,2020,6,2
polisen__sprangningar-per-polisregion-2020,sprängningar,detonationer,Stockholm,2020,7,1
polisen__sprangningar-per-polisregion-2020,sprängningar,detonationer,Stockholm,2020,8,3
polisen__sprangningar-per-polisregion-2020,sprängningar,detonationer,Stockholm,2020,9,3
polisen__sprangningar-per-polisregion-2020,sprängningar,detonationer,Stockholm,2020,10,1
polisen__sprangningar-per-polisregion-2020,sprängningar,detonationer,Stockholm,2020,11,2
polisen__sprangningar-per-polisregion-2020,sprängningar,detonationer,Stockholm,2020,12,2
polisen__sprangningar-per-polisregion-2021,sprängningar,detonationer,Stockholm,2021,1,5
polisen__sprangningar-per-polisregion-2021,sprängningar,detonationer,Stockholm,2021,2,0
polisen__sprangningar-per-polisregion-2021,sprängningar,detonationer,Stockholm,2021,3,5
polisen__sprangningar-per-polisregion-2021,sprängningar,detonationer,Stockholm,2021,4,5
polisen__sprangningar-per-polisregion-2021,sprängningar,detonationer,Stockholm,2021,5,2
polisen__sprangningar-per-polisregion-2021,sprängningar,detonationer,Stockholm,2021,6,0
polisen__sprangningar-per-polisregion-2021,sprängningar,detonationer,Stockholm,2021,7,2
polisen__sprangningar-per-polisregion-2021,sprängningar,detonationer,Stockholm,2021,8,1
polisen__sprangningar-per-polisregion-2021,sprängningar,detonationer,Stockholm,2021,9,2
polisen__sprangningar-per-polisregion-2021,sprängningar,detonationer,Stockholm,2021,10,0
polisen__sprangningar-per-polisregion-2021,sprängningar,detonationer,Stockholm,2021,11,2
polisen__sprangningar-per-polisregion-2021,sprängningar,detonationer,Stockholm,2021,12,1
polisen__sprangningar-per-polisregion-2022,sprängningar,detonationer,Stockholm,2022,1,4
polisen__sprangningar-per-polisregion-2022,sprängningar,detonationer,Stockholm,2022,2,2
polisen__sprangningar-per-polisregion-2022,sprängningar,detonationer,Stockholm,2022,3,4
polisen__sprangningar-per-polisregion-2022,sprängningar,detonationer,Stockholm,2022,4,1
polisen__sprangningar-per-polisregion-2022,sprängningar,detonationer,Stockholm,2022,5,2
polisen__sprangningar-per-polisregion-2022,sprängningar,detonationer,Stockholm,2022,6,5
polisen__sprangningar-per-polisregion-2022,sprängningar,detonationer,Stockholm,2022,7,1
polisen__sprangningar-per-polisregion-2022,sprängningar,detonationer,Stockholm,2022,8,0
polisen__sprangningar-per-polisregion-2022,sprängningar,detonationer,Stockholm,2022,9,5
polisen__sprangningar-per-polisregion-2022,sprängningar,detonationer,Stockholm,2022,10,1
polisen__sprangningar-per-polisregion-2022,sprängningar,detonationer,Stockholm,2022,11,1
polisen__sprangningar-per-polisregion-2022,sprängningar,detonationer,Stockholm,2022,12,5
polisen__sprangningar-per-polisregion-2023,sprängningar,detonationer,Stockholm,2023,1,11
polisen__sprangningar-per-polisregion-2023,sprängningar,detonationer,Stockholm,2023,2,1
polisen__sprangningar-per-polisregion-2023,sprängningar,detonationer,Stockholm,2023,3,5
polisen__sprangningar-per-polisregion-2023,sprängningar,detonationer,Stockholm,2023,4,1
polisen__sprangningar-per-polisregion-2023,sprängningar,detonationer,Stockholm,2023,5,5
polisen__sprangningar-per-polisregion-2023,sprängningar,detonationer,Stockholm,2023,6,6
polisen__sprangningar-per-polisregion-2023,sprängningar,detonationer,Stockholm,2023,7,4
polisen__sprangningar-per-polisregion-2023,sprängningar,detonationer,Stockholm,2023,8,6
polisen__sprangningar-per-polisregion-2023,sprängningar,detonationer,Stockholm,2023,9,4
polisen__sprangningar-per-polisregion-2023,sprängningar,detonationer,Stockholm,2023,10,5
polisen__sprangningar-per-polisregion-2023,sprängningar,detonationer,Stockholm,2023,11,1
polisen__sprangningar-per-polisregion-2023,sprängningar,detonationer,Stockholm,2023,12,1
polisen__sprangningar-per-polisregion-2024,sprängningar,detonationer,Stockholm,2024,1,0
polisen__sprangningar-per-polisregion-2024,sprängningar,detonationer,Stockholm,2024,2,5
polisen__sprangningar-per-polisregion-2024,sprängningar,detonationer,Stockholm,2024,3,7
polisen__sprangningar-per-polisregion-2024,sprängningar,detonationer,Stockholm,2024,4,0
polisen__sprangningar-per-polisregion-2024,sprängningar,detonationer,Stockholm,2024,5,0
polisen__sprangningar-per-polisregion-2024,sprängningar,detonationer,Stockholm,2024,6,1
polisen__sprangningar-per-polisregion-2024,sprängningar,detonationer,Stockholm,2024,7,4
polisen__sprangningar-per-polisregion-2024,sprängningar,detonationer,Stockholm,2024,8,0
polisen__sprangningar-per-polisregion-2024,sprängningar,detonationer,Stockholm,2024,9,3
polisen__sprangningar-per-polisregion-2024,sprängningar,detonationer,Stockholm,2024,10,7
polisen__sprangningar-per-polisregion-2024,sprängningar,detonationer,Stockholm,2024,11,5
polisen__sprangningar-per-polisregion-2024,sprängningar,detonationer,Stockholm,2024,12,13
polisen__sprangningar-per-polisregion-2025,sprängningar,detonationer,Stockholm,2025,1,18
polisen__sprangningar-per-polisregion-2025,sprängningar,detonationer,Stockholm,2025,2,3
polisen__sprangningar-per-polisregion-2025,sprängningar,detonationer,Stockholm,2025,3,4
polisen__sprangningar-per-polisregion-2025,sprängningar,detonationer,Stockholm,2025,4,11
polisen__sprangningar-per-polisregion-2025,sprängningar,detonationer,Stockholm,2025,5,4
polisen__sprangningar-per-polisregion-2025,sprängningar,detonationer,Stockholm,2025,6,3
polisen__sprangningar-per-polisregion-2025,sprängningar,detonationer,Stockholm,2025,7,3
polisen__sprangningar-per-polisregion-2025,sprängningar,detonationer,Stockholm,2025,8,6
polisen__sprangningar-per-polisregion-2025,sprängningar,detonationer,Stockholm,2025,9,6
polisen__sprangningar-per-polisregion-2025,sprängningar,detonationer,Stockholm,2025,10,2
polisen__sprangningar-per-polisregion-2025,sprängningar,detonationer,Stockholm,2025,11,2
polisen__sprangningar-per-polisregion-2025,sprängningar,detonationer,Stockholm,2025,12,3
polisen__sprangningar-per-polisregion-tolv-manader,sprängningar,detonationer,Stockholm,2026,1,5
polisen__sprangningar-per-polisregion-tolv-manader,sprängningar,detonationer,Stockholm,2026,2,7
polisen__sprangningar-per-polisregion-tolv-manader,sprängningar,detonationer,Stockholm,2026,3,3
polisen__sprangningar-per-polisregion-tolv-manader,sprängningar,detonationer,Stockholm,2026,4,6
polisen__sprangningar-per-polisregion-tolv-manader,sprängningar,detonationer,Stockholm,2026,5,5
polisen__sprangningar-per-polisregion-tolv-manader,sprängningar,detonationer,Stockholm,2026,6,2
polisen__sprangningar-per-polisregion-tolv-manader,sprängningar,detonationer,Stockholm,2026,7,1
polisen__sprangningar-per-polisregion-tolv-manader,sprängningar,detonationer,Stockholm,2026,8,1
polisen__sprangningar-per-polisregion-2018,sprängningar,detonationer,Syd,2018,1,4
polisen__sprangningar-per-polisregion-2018,sprängningar,detonationer,Syd,2018,2,4
polisen__sprangningar-per-polisregion-2018,sprängningar,detonationer,Syd,2018,3,1
polisen__sprangningar-per-polisregion-2018,sprängningar,detonationer,Syd,2018,4,1
polisen__sprangningar-per-polisregion-2018,sprängningar,detonationer,Syd,2018,5,3
polisen__sprangningar-per-polisregion-2018,sprängningar,detonationer,Syd,2018,6,1
polisen__sprangningar-per-polisregion-2018,sprängningar,detonationer,Syd,2018,7,2
polisen__sprangningar-per-polisregion-2018,sprängningar,detonationer,Syd,2018,8,1
polisen__sprangningar-per-polisregion-2018,sprängningar,detonationer,Syd,2018,9,1
polisen__sprangningar-per-polisregion-2018,sprängningar,detonationer,Syd,2018,10,2
polisen__sprangningar-per-polisregion-2018,sprängningar,detonationer,Syd,2018,11,6
polisen__sprangningar-per-polisregion-2018,sprängningar,detonationer,Syd,2018,12,14
polisen__sprangningar-per-polisregion-2019,sprängningar,detonationer,Syd,2019,1,6
polisen__sprangningar-per-polisregion-2019,sprängningar,detonationer,Syd,2019,2,4
polisen__sprangningar-per-polisregion-2019,sprängningar,detonationer,Syd,2019,3,2
polisen__sprangningar-per-polisregion-2019,sprängningar,detonationer,Syd,2019,4,3
polisen__sprangningar-per-polisregion-2019,sprängningar,detonationer,Syd,2019,5,2
polisen__sprangningar-per-polisregion-2019,sprängningar,detonationer,Syd,2019,6,4
polisen__sprangningar-per-polisregion-2019,sprängningar,detonationer,Syd,2019,7,5
polisen__sprangningar-per-polisregion-2019,sprängningar,detonationer,Syd,2019,8,3
polisen__sprangningar-per-polisregion-2019,sprängningar,detonationer,Syd,2019,9,8
polisen__sprangningar-per-polisregion-2019,sprängningar,detonationer,Syd,2019,10,7
polisen__sprangningar-per-polisregion-2019,sprängningar,detonationer,Syd,2019,11,11
polisen__sprangningar-per-polisregion-2019,sprängningar,detonationer,Syd,2019,12,5
polisen__sprangningar-per-polisregion-2020,sprängningar,detonationer,Syd,2020,1,4
polisen__sprangningar-per-polisregion-2020,sprängningar,detonationer,Syd,2020,2,2
polisen__sprangningar-per-polisregion-2020,sprängningar,detonationer,Syd,2020,3,5
polisen__sprangningar-per-polisregion-2020,sprängningar,detonationer,Syd,2020,4,6
polisen__sprangningar-per-polisregion-2020,sprängningar,detonationer,Syd,2020,5,4
polisen__sprangningar-per-polisregion-2020,sprängningar,detonationer,Syd,2020,6,3
polisen__sprangningar-per-polisregion-2020,sprängningar,detonationer,Syd,2020,7,3
polisen__sprangningar-per-polisregion-2020,sprängningar,detonationer,Syd,2020,8,4
polisen__sprangningar-per-polisregion-2020,sprängningar,detonationer,Syd,2020,9,1
polisen__sprangningar-per-polisregion-2020,sprängningar,detonationer,Syd,2020,10,6
polisen__sprangningar-per-polisregion-2020,sprängningar,detonationer,Syd,2020,11,0
polisen__sprangningar-per-polisregion-2020,sprängningar,detonationer,Syd,2020,12,2
polisen__sprangningar-per-polisregion-2021,sprängningar,detonationer,Syd,2021,1,2
polisen__sprangningar-per-polisregion-2021,sprängningar,detonationer,Syd,2021,2,4
polisen__sprangningar-per-polisregion-2021,sprängningar,detonationer,Syd,2021,3,3
polisen__sprangningar-per-polisregion-2021,sprängningar,detonationer,Syd,2021,4,1
polisen__sprangningar-per-polisregion-2021,sprängningar,detonationer,Syd,2021,5,5
polisen__sprangningar-per-polisregion-2021,sprängningar,detonationer,Syd,2021,6,6
polisen__sprangningar-per-polisregion-2021,sprängningar,detonationer,Syd,2021,7,1
polisen__sprangningar-per-polisregion-2021,sprängningar,detonationer,Syd,2021,8,2
polisen__sprangningar-per-polisregion-2021,sprängningar,detonationer,Syd,2021,9,2
polisen__sprangningar-per-polisregion-2021,sprängningar,detonationer,Syd,2021,10,4
polisen__sprangningar-per-polisregion-2021,sprängningar,detonationer,Syd,2021,11,2
polisen__sprangningar-per-polisregion-2021,sprängningar,detonationer,Syd,2021,12,1
polisen__sprangningar-per-polisregion-2022,sprängningar,detonationer,Syd,2022,1,3
polisen__sprangningar-per-polisregion-2022,sprängningar,detonationer,Syd,2022,2,5
polisen__sprangningar-per-polisregion-2022,sprängningar,detonationer,Syd,2022,3,2
polisen__sprangningar-per-polisregion-2022,sprängningar,detonationer,Syd,2022,4,4
polisen__sprangningar-per-polisregion-2022,sprängningar,detonationer,Syd,2022,5,4
polisen__sprangningar-per-polisregion-2022,sprängningar,detonationer,Syd,2022,6,1
polisen__sprangningar-per-polisregion-2022,sprängningar,detonationer,Syd,2022,7,2
polisen__sprangningar-per-polisregion-2022,sprängningar,detonationer,Syd,2022,8,4
polisen__sprangningar-per-polisregion-2022,sprängningar,detonationer,Syd,2022,9,5
polisen__sprangningar-per-polisregion-2022,sprängningar,detonationer,Syd,2022,10,4
polisen__sprangningar-per-polisregion-2022,sprängningar,detonationer,Syd,2022,11,1
polisen__sprangningar-per-polisregion-2022,sprängningar,detonationer,Syd,2022,12,0
polisen__sprangningar-per-polisregion-2023,sprängningar,detonationer,Syd,2023,1,1
polisen__sprangningar-per-polisregion-2023,sprängningar,detonationer,Syd,2023,2,6
polisen__sprangningar-per-polisregion-2023,sprängningar,detonationer,Syd,2023,3,11
polisen__sprangningar-per-polisregion-2023,sprängningar,detonationer,Syd,2023,4,6
polisen__sprangningar-per-polisregion-2023,sprängningar,detonationer,Syd,2023,5,6
polisen__sprangningar-per-polisregion-2023,sprängningar,detonationer,Syd,2023,6,6
polisen__sprangningar-per-polisregion-2023,sprängningar,detonationer,Syd,2023,7,1
polisen__sprangningar-per-polisregion-2023,sprängningar,detonationer,Syd,2023,8,4
polisen__sprangningar-per-polisregion-2023,sprängningar,detonationer,Syd,2023,9,0
polisen__sprangningar-per-polisregion-2023,sprängningar,detonationer,Syd,2023,10,1
polisen__sprangningar-per-polisregion-2023,sprängningar,detonationer,Syd,2023,11,1
polisen__sprangningar-per-polisregion-2023,sprängningar,detonationer,Syd,2023,12,4
polisen__sprangningar-per-polisregion-2024,sprängningar,detonationer,Syd,2024,1,6
polisen__sprangningar-per-polisregion-2024,sprängningar,detonationer,Syd,2024,2,0
polisen__sprangningar-per-polisregion-2024,sprängningar,detonationer,Syd,2024,3,0
polisen__sprangningar-per-polisregion-2024,sprängningar,detonationer,Syd,2024,4,5
polisen__sprangningar-per-polisregion-2024,sprängningar,detonationer,Syd,2024,5,2
polisen__sprangningar-per-polisregion-2024,sprängningar,detonationer,Syd,2024,6,0
polisen__sprangningar-per-polisregion-2024,sprängningar,detonationer,Syd,2024,7,1
polisen__sprangningar-per-polisregion-2024,sprängningar,detonationer,Syd,2024,8,6
polisen__sprangningar-per-polisregion-2024,sprängningar,detonationer,Syd,2024,9,3
polisen__sprangningar-per-polisregion-2024,sprängningar,detonationer,Syd,2024,10,4
polisen__sprangningar-per-polisregion-2024,sprängningar,detonationer,Syd,2024,11,1
polisen__sprangningar-per-polisregion-2024,sprängningar,detonationer,Syd,2024,12,9
polisen__sprangningar-per-polisregion-2025,sprängningar,detonationer,Syd,2025,1,4
polisen__sprangningar-per-polisregion-2025,sprängningar,detonationer,Syd,2025,2,3
polisen__sprangningar-per-polisregion-2025,sprängningar,detonationer,Syd,2025,3,1
polisen__sprangningar-per-polisregion-2025,sprängningar,detonationer,Syd,2025,4,9
polisen__sprangningar-per-polisregion-2025,sprängningar,detonationer,Syd,2025,5,3
polisen__sprangningar-per-polisregion-2025,sprängningar,detonationer,Syd,2025,6,4
polisen__sprangningar-per-polisregion-2025,sprängningar,detonationer,Syd,2025,7,6
polisen__sprangningar-per-polisregion-2025,sprängningar,detonationer,Syd,2025,8,5
polisen__sprangningar-per-polisregion-2025,sprängningar,detonationer,Syd,2025,9,6
polisen__sprangningar-per-polisregion-2025,sprängningar,detonationer,Syd,2025,10,8
polisen__sprangningar-per-polisregion-2025,sprängningar,detonationer,Syd,2025,11,2
polisen__sprangningar-per-polisregion-2025,sprängningar,detonationer,Syd,2025,12,2
polisen__sprangningar-per-polisregion-tolv-manader,sprängningar,detonationer,Syd,2026,1,0
polisen__sprangningar-per-polisregion-tolv-manader,sprängningar,detonationer,Syd,2026,2,7
polisen__sprangningar-per-polisregion-tolv-manader,sprängningar,detonationer,Syd,2026,3,1
polisen__sprangningar-per-polisregion-tolv-manader,sprängningar,detonationer,Syd,2026,4,4
polisen__sprangningar-per-polisregion-tolv-manader,sprängningar,detonationer,Syd,2026,5,2
polisen__sprangningar-per-polisregion-tolv-manader,sprängningar,detonationer,Syd,2026,6,1
polisen__sprangningar-per-polisregion-tolv-manader,sprängningar,detonationer,Syd,2026,7,0
polisen__sprangningar-per-polisregion-tolv-manader,sprängningar,detonationer,Syd,2026,8,2
polisen__sprangningar-per-polisregion-2018,sprängningar,detonationer,Totalt,2018,1,6
polisen__sprangningar-per-polisregion-2018,sprängningar,detonationer,Totalt,2018,2,7
polisen__sprangningar-per-polisregion-2018,sprängningar,detonationer,Totalt,2018,3,3
polisen__sprangningar-per-polisregion-2018,sprängningar,detonationer,Totalt,2018,4,4
polisen__sprangningar-per-polisregion-2018,sprängningar,detonationer,Totalt,2018,5,8
polisen__sprangningar-per-polisregion-2018,sprängningar,detonationer,Totalt,2018,6,7
polisen__sprangningar-per-polisregion-2018,sprängningar,detonationer,Totalt,2018,7,6
polisen__sprangningar-per-polisregion-2018,sprängningar,detonationer,Totalt,2018,8,9
polisen__sprangningar-per-polisregion-2018,sprängningar,detonationer,Totalt,2018,9,6
polisen__sprangningar-per-polisregion-2018,sprängningar,detonationer,Totalt,2018,10,5
polisen__sprangningar-per-polisregion-2018,sprängningar,detonationer,Totalt,2018,11,11
polisen__sprangningar-per-polisregion-2018,sprängningar,detonationer,Totalt,2018,12,18
polisen__sprangningar-per-polisregion-2019,sprängningar,detonationer,Totalt,2019,1,18
polisen__sprangningar-per-polisregion-2019,sprängningar,detonationer,Totalt,2019,2,6
polisen__sprangningar-per-polisregion-2019,sprängningar,detonationer,Totalt,2019,3,6
polisen__sprangningar-per-polisregion-2019,sprängningar,detonationer,Totalt,2019,4,10
polisen__sprangningar-per-polisregion-2019,sprängningar,detonationer,Totalt,2019,5,6
polisen__sprangningar-per-polisregion-2019,sprängningar,detonationer,Totalt,2019,6,11
polisen__sprangningar-per-polisregion-2019,sprängningar,detonationer,Totalt,2019,7,8
polisen__sprangningar-per-polisregion-2019,sprängningar,detonationer,Totalt,2019,8,5
polisen__sprangningar-per-polisregion-2019,sprängningar,detonationer,Totalt,2019,9,14
polisen__sprangningar-per-polisregion-2019,sprängningar,detonationer,Totalt,2019,10,16
polisen__sprangningar-per-polisregion-2019,sprängningar,detonationer,Totalt,2019,11,22
polisen__sprangningar-per-polisregion-2019,sprängningar,detonationer,Totalt,2019,12,11
polisen__sprangningar-per-polisregion-2020,sprängningar,detonationer,Totalt,2020,1,12
polisen__sprangningar-per-polisregion-2020,sprängningar,detonationer,Totalt,2020,2,8
polisen__sprangningar-per-polisregion-2020,sprängningar,detonationer,Totalt,2020,3,12
polisen__sprangningar-per-polisregion-2020,sprängningar,detonationer,Totalt,2020,4,13
polisen__sprangningar-per-polisregion-2020,sprängningar,detonationer,Totalt,2020,5,7
polisen__sprangningar-per-polisregion-2020,sprängningar,detonationer,Totalt,2020,6,8
polisen__sprangningar-per-polisregion-2020,sprängningar,detonationer,Totalt,2020,7,7
polisen__sprangningar-per-polisregion-2020,sprängningar,detonationer,Totalt,2020,8,11
polisen__sprangningar-per-polisregion-2020,sprängningar,detonationer,Totalt,2020,9,6
polisen__sprangningar-per-polisregion-2020,sprängningar,detonationer,Totalt,2020,10,11
polisen__sprangningar-per-polisregion-2020,sprängningar,detonationer,Totalt,2020,11,7
polisen__sprangningar-per-polisregion-2020,sprängningar,detonationer,Totalt,2020,12,5
polisen__sprangningar-per-polisregion-2021,sprängningar,detonationer,Totalt,2021,1,9
polisen__sprangningar-per-polisregion-2021,sprängningar,detonationer,Totalt,2021,2,5
polisen__sprangningar-per-polisregion-2021,sprängningar,detonationer,Totalt,2021,3,9
polisen__sprangningar-per-polisregion-2021,sprängningar,detonationer,Totalt,2021,4,8
polisen__sprangningar-per-polisregion-2021,sprängningar,detonationer,Totalt,2021,5,11
polisen__sprangningar-per-polisregion-2021,sprängningar,detonationer,Totalt,2021,6,6
polisen__sprangningar-per-polisregion-2021,sprängningar,detonationer,Totalt,2021,7,3
polisen__sprangningar-per-polisregion-2021,sprängningar,detonationer,Totalt,2021,8,5
polisen__sprangningar-per-polisregion-2021,sprängningar,detonationer,Totalt,2021,9,8
polisen__sprangningar-per-polisregion-2021,sprängningar,detonationer,Totalt,2021,10,6
polisen__sprangningar-per-polisregion-2021,sprängningar,detonationer,Totalt,2021,11,5
polisen__sprangningar-per-polisregion-2021,sprängningar,detonationer,Totalt,2021,12,4
polisen__sprangningar-per-polisregion-2022,sprängningar,detonationer,Totalt,2022,1,9
polisen__sprangningar-per-polisregion-2022,sprängningar,detonationer,Totalt,2022,2,8
polisen__sprangningar-per-polisregion-2022,sprängningar,detonationer,Totalt,2022,3,9
polisen__sprangningar-per-polisregion-2022,sprängningar,detonationer,Totalt,2022,4,5
polisen__sprangningar-per-polisregion-2022,sprängningar,detonationer,Totalt,2022,5,8
polisen__sprangningar-per-polisregion-2022,sprängningar,detonationer,Totalt,2022,6,11
polisen__sprangningar-per-polisregion-2022,sprängningar,detonationer,Totalt,2022,7,5
polisen__sprangningar-per-polisregion-2022,sprängningar,detonationer,Totalt,2022,8,7
polisen__sprangningar-per-polisregion-2022,sprängningar,detonationer,Totalt,2022,9,14
polisen__sprangningar-per-polisregion-2022,sprängningar,detonationer,Totalt,2022,10,7
polisen__sprangningar-per-polisregion-2022,sprängningar,detonationer,Totalt,2022,11,2
polisen__sprangningar-per-polisregion-2022,sprängningar,detonationer,Totalt,2022,12,5
polisen__sprangningar-per-polisregion-2023,sprängningar,detonationer,Totalt,2023,1,16
polisen__sprangningar-per-polisregion-2023,sprängningar,detonationer,Totalt,2023,2,13
polisen__sprangningar-per-polisregion-2023,sprängningar,detonationer,Totalt,2023,3,21
polisen__sprangningar-per-polisregion-2023,sprängningar,detonationer,Totalt,2023,4,13
polisen__sprangningar-per-polisregion-2023,sprängningar,detonationer,Totalt,2023,5,17
polisen__sprangningar-per-polisregion-2023,sprängningar,detonationer,Totalt,2023,6,18
polisen__sprangningar-per-polisregion-2023,sprängningar,detonationer,Totalt,2023,7,10
polisen__sprangningar-per-polisregion-2023,sprängningar,detonationer,Totalt,2023,8,19
polisen__sprangningar-per-polisregion-2023,sprängningar,detonationer,Totalt,2023,9,12
polisen__sprangningar-per-polisregion-2023,sprängningar,detonationer,Totalt,2023,10,8
polisen__sprangningar-per-polisregion-2023,sprängningar,detonationer,Totalt,2023,11,4
polisen__sprangningar-per-polisregion-2023,sprängningar,detonationer,Totalt,2023,12,8
polisen__sprangningar-per-polisregion-2024,sprängningar,detonationer,Totalt,2024,1,14
polisen__sprangningar-per-polisregion-2024,sprängningar,detonationer,Totalt,2024,2,9
polisen__sprangningar-per-polisregion-2024,sprängningar,detonationer,Totalt,2024,3,14
polisen__sprangningar-per-polisregion-2024,sprängningar,detonationer,Totalt,2024,4,10
polisen__sprangningar-per-polisregion-2024,sprängningar,detonationer,Totalt,2024,5,8
polisen__sprangningar-per-polisregion-2024,sprängningar,detonationer,Totalt,2024,6,3
polisen__sprangningar-per-polisregion-2024,sprängningar,detonationer,Totalt,2024,7,13
polisen__sprangningar-per-polisregion-2024,sprängningar,detonationer,Totalt,2024,8,10
polisen__sprangningar-per-polisregion-2024,sprängningar,detonationer,Totalt,2024,9,9
polisen__sprangningar-per-polisregion-2024,sprängningar,detonationer,Totalt,2024,10,13
polisen__sprangningar-per-polisregion-2024,sprängningar,detonationer,Totalt,2024,11,11
polisen__sprangningar-per-polisregion-2024,sprängningar,detonationer,Totalt,2024,12,25
polisen__sprangningar-per-polisregion-2025,sprängningar,detonationer,Totalt,2025,1,34
polisen__sprangningar-per-polisregion-2025,sprängningar,detonationer,Totalt,2025,2,7
polisen__sprangningar-per-polisregion-2025,sprängningar,detonationer,Totalt,2025,3,10
polisen__sprangningar-per-polisregion-2025,sprängningar,detonationer,Totalt,2025,4,26
polisen__sprangningar-per-polisregion-2025,sprängningar,detonationer,Totalt,2025,5,18
polisen__sprangningar-per-polisregion-2025,sprängningar,detonationer,Totalt,2025,6,13
polisen__sprangningar-per-polisregion-2025,sprängningar,detonationer,Totalt,2025,7,15
polisen__sprangningar-per-polisregion-2025,sprängningar,detonationer,Totalt,2025,8,16
polisen__sprangningar-per-polisregion-2025,sprängningar,detonationer,Totalt,2025,9,19
polisen__sprangningar-per-polisregion-2025,sprängningar,detonationer,Totalt,2025,10,14
polisen__sprangningar-per-polisregion-2025,sprängningar,detonationer,Totalt,2025,11,12
polisen__sprangningar-per-polisregion-2025,sprängningar,detonationer,Totalt,2025,12,10
polisen__sprangningar-per-polisregion-tolv-manader,sprängningar,detonationer,Totalt,2026,1,13
polisen__sprangningar-per-polisregion-tolv-manader,sprängningar,detonationer,Totalt,2026,2,19
polisen__sprangningar-per-polisregion-tolv-manader,sprängningar,detonationer,Totalt,2026,3,5
polisen__sprangningar-per-polisregion-tolv-manader,sprängningar,detonationer,Totalt,2026,4,14
polisen__sprangningar-per-polisregion-tolv-manader,sprängningar,detonationer,Totalt,2026,5,13
polisen__sprangningar-per-polisregion-tolv-manader,sprängningar,detonationer,Totalt,2026,6,5
polisen__sprangningar-per-polisregion-tolv-manader,sprängningar,detonationer,Totalt,2026,7,2
polisen__sprangningar-per-polisregion-tolv-manader,sprängningar,detonationer,Totalt,2026,8,4
polisen__sprangningar-per-polisregion-2018,sprängningar,detonationer,Väst,2018,1,0
polisen__sprangningar-per-polisregion-2018,sprängningar,detonationer,Väst,2018,2,1
polisen__sprangningar-per-polisregion-2018,sprängningar,detonationer,Väst,2018,3,0
polisen__sprangningar-per-polisregion-2018,sprängningar,detonationer,Väst,2018,4,0
polisen__sprangningar-per-polisregion-2018,sprängningar,detonationer,Väst,2018,5,3
polisen__sprangningar-per-polisregion-2018,sprängningar,detonationer,Väst,2018,6,2
polisen__sprangningar-per-polisregion-2018,sprängningar,detonationer,Väst,2018,7,0
polisen__sprangningar-per-polisregion-2018,sprängningar,detonationer,Väst,2018,8,2
polisen__sprangningar-per-polisregion-2018,sprängningar,detonationer,Väst,2018,9,0
polisen__sprangningar-per-polisregion-2018,sprängningar,detonationer,Väst,2018,10,0
polisen__sprangningar-per-polisregion-2018,sprängningar,detonationer,Väst,2018,11,2
polisen__sprangningar-per-polisregion-2018,sprängningar,detonationer,Väst,2018,12,1
polisen__sprangningar-per-polisregion-2019,sprängningar,detonationer,Väst,2019,1,3
polisen__sprangningar-per-polisregion-2019,sprängningar,detonationer,Väst,2019,2,0
polisen__sprangningar-per-polisregion-2019,sprängningar,detonationer,Väst,2019,3,1
polisen__sprangningar-per-polisregion-2019,sprängningar,detonationer,Väst,2019,4,1
polisen__sprangningar-per-polisregion-2019,sprängningar,detonationer,Väst,2019,5,0
polisen__sprangningar-per-polisregion-2019,sprängningar,detonationer,Väst,2019,6,1
polisen__sprangningar-per-polisregion-2019,sprängningar,detonationer,Väst,2019,7,3
polisen__sprangningar-per-polisregion-2019,sprängningar,detonationer,Väst,2019,8,1
polisen__sprangningar-per-polisregion-2019,sprängningar,detonationer,Väst,2019,9,3
polisen__sprangningar-per-polisregion-2019,sprängningar,detonationer,Väst,2019,10,0
polisen__sprangningar-per-polisregion-2019,sprängningar,detonationer,Väst,2019,11,6
polisen__sprangningar-per-polisregion-2019,sprängningar,detonationer,Väst,2019,12,2
polisen__sprangningar-per-polisregion-2020,sprängningar,detonationer,Väst,2020,1,0
polisen__sprangningar-per-polisregion-2020,sprängningar,detonationer,Väst,2020,2,2
polisen__sprangningar-per-polisregion-2020,sprängningar,detonationer,Väst,2020,3,3
polisen__sprangningar-per-polisregion-2020,sprängningar,detonationer,Väst,2020,4,2
polisen__sprangningar-per-polisregion-2020,sprängningar,detonationer,Väst,2020,5,1
polisen__sprangningar-per-polisregion-2020,sprängningar,detonationer,Väst,2020,6,0
polisen__sprangningar-per-polisregion-2020,sprängningar,detonationer,Väst,2020,7,0
polisen__sprangningar-per-polisregion-2020,sprängningar,detonationer,Väst,2020,8,3
polisen__sprangningar-per-polisregion-2020,sprängningar,detonationer,Väst,2020,9,0
polisen__sprangningar-per-polisregion-2020,sprängningar,detonationer,Väst,2020,10,4
polisen__sprangningar-per-polisregion-2020,sprängningar,detonationer,Väst,2020,11,3
polisen__sprangningar-per-polisregion-2020,sprängningar,detonationer,Väst,2020,12,1
polisen__sprangningar-per-polisregion-2021,sprängningar,detonationer,Väst,2021,1,2
polisen__sprangningar-per-polisregion-2021,sprängningar,detonationer,Väst,2021,2,1
polisen__sprangningar-per-polisregion-2021,sprängningar,detonationer,Väst,2021,3,1
polisen__sprangningar-per-polisregion-2021,sprängningar,detonationer,Väst,2021,4,2
polisen__sprangningar-per-polisregion-2021,sprängningar,detonationer,Väst,2021,5,2
polisen__sprangningar-per-polisregion-2021,sprängningar,detonationer,Väst,2021,6,0
polisen__sprangningar-per-polisregion-2021,sprängningar,detonationer,Väst,2021,7,0
polisen__sprangningar-per-polisregion-2021,sprängningar,detonationer,Väst,2021,8,1
polisen__sprangningar-per-polisregion-2021,sprängningar,detonationer,Väst,2021,9,2
polisen__sprangningar-per-polisregion-2021,sprängningar,detonationer,Väst,2021,10,1
polisen__sprangningar-per-polisregion-2021,sprängningar,detonationer,Väst,2021,11,0
polisen__sprangningar-per-polisregion-2021,sprängningar,detonationer,Väst,2021,12,1
polisen__sprangningar-per-polisregion-2022,sprängningar,detonationer,Väst,2022,1,0
polisen__sprangningar-per-polisregion-2022,sprängningar,detonationer,Väst,2022,2,1
polisen__sprangningar-per-polisregion-2022,sprängningar,detonationer,Väst,2022,3,3
polisen__sprangningar-per-polisregion-2022,sprängningar,detonationer,Väst,2022,4,0
polisen__sprangningar-per-polisregion-2022,sprängningar,detonationer,Väst,2022,5,2
polisen__sprangningar-per-polisregion-2022,sprängningar,detonationer,Väst,2022,6,1
polisen__sprangningar-per-polisregion-2022,sprängningar,detonationer,Väst,2022,7,0
polisen__sprangningar-per-polisregion-2022,sprängningar,detonationer,Väst,2022,8,2
polisen__sprangningar-per-polisregion-2022,sprängningar,detonationer,Väst,2022,9,2
polisen__sprangningar-per-polisregion-2022,sprängningar,detonationer,Väst,2022,10,2
polisen__sprangningar-per-polisregion-2022,sprängningar,detonationer,Väst,2022,11,0
polisen__sprangningar-per-polisregion-2022,sprängningar,detonationer,Väst,2022,12,0
polisen__sprangningar-per-polisregion-2023,sprängningar,detonationer,Väst,2023,1,2
polisen__sprangningar-per-polisregion-2023,sprängningar,detonationer,Väst,2023,2,5
polisen__sprangningar-per-polisregion-2023,sprängningar,detonationer,Väst,2023,3,2
polisen__sprangningar-per-polisregion-2023,sprängningar,detonationer,Väst,2023,4,3
polisen__sprangningar-per-polisregion-2023,sprängningar,detonationer,Väst,2023,5,2
polisen__sprangningar-per-polisregion-2023,sprängningar,detonationer,Väst,2023,6,3
polisen__sprangningar-per-polisregion-2023,sprängningar,detonationer,Väst,2023,7,2
polisen__sprangningar-per-polisregion-2023,sprängningar,detonationer,Väst,2023,8,7
polisen__sprangningar-per-polisregion-2023,sprängningar,detonationer,Väst,2023,9,3
polisen__sprangningar-per-polisregion-2023,sprängningar,detonationer,Väst,2023,10,2
polisen__sprangningar-per-polisregion-2023,sprängningar,detonationer,Väst,2023,11,0
polisen__sprangningar-per-polisregion-2023,sprängningar,detonationer,Väst,2023,12,1
polisen__sprangningar-per-polisregion-2024,sprängningar,detonationer,Väst,2024,1,6
polisen__sprangningar-per-polisregion-2024,sprängningar,detonationer,Väst,2024,2,1
polisen__sprangningar-per-polisregion-2024,sprängningar,detonationer,Väst,2024,3,2
polisen__sprangningar-per-polisregion-2024,sprängningar,detonationer,Väst,2024,4,3
polisen__sprangningar-per-polisregion-2024,sprängningar,detonationer,Väst,2024,5,3
polisen__sprangningar-per-polisregion-2024,sprängningar,detonationer,Väst,2024,6,2
polisen__sprangningar-per-polisregion-2024,sprängningar,detonationer,Väst,2024,7,2
polisen__sprangningar-per-polisregion-2024,sprängningar,detonationer,Väst,2024,8,2
polisen__sprangningar-per-polisregion-2024,sprängningar,detonationer,Väst,2024,9,2
polisen__sprangningar-per-polisregion-2024,sprängningar,detonationer,Väst,2024,10,2
polisen__sprangningar-per-polisregion-2024,sprängningar,detonationer,Väst,2024,11,3
polisen__sprangningar-per-polisregion-2024,sprängningar,detonationer,Väst,2024,12,3
polisen__sprangningar-per-polisregion-2025,sprängningar,detonationer,Väst,2025,1,6
polisen__sprangningar-per-polisregion-2025,sprängningar,detonationer,Väst,2025,2,0
polisen__sprangningar-per-polisregion-2025,sprängningar,detonationer,Väst,2025,3,4
polisen__sprangningar-per-polisregion-2025,sprängningar,detonationer,Väst,2025,4,4
polisen__sprangningar-per-polisregion-2025,sprängningar,detonationer,Väst,2025,5,5
polisen__sprangningar-per-polisregion-2025,sprängningar,detonationer,Väst,2025,6,3
polisen__sprangningar-per-polisregion-2025,sprängningar,detonationer,Väst,2025,7,3
polisen__sprangningar-per-polisregion-2025,sprängningar,detonationer,Väst,2025,8,2
polisen__sprangningar-per-polisregion-2025,sprängningar,detonationer,Väst,2025,9,2
polisen__sprangningar-per-polisregion-2025,sprängningar,detonationer,Väst,2025,10,2
polisen__sprangningar-per-polisregion-2025,sprängningar,detonationer,Väst,2025,11,2
polisen__sprangningar-per-polisregion-2025,sprängningar,detonationer,Väst,2025,12,1
polisen__sprangningar-per-polisregion-tolv-manader,sprängningar,detonationer,Väst,2026,1,2
polisen__sprangningar-per-polisregion-tolv-manader,sprängningar,detonationer,Väst,2026,2,2
polisen__sprangningar-per-polisregion-tolv-manader,sprängningar,detonationer,Väst,2026,3,1
polisen__sprangningar-per-polisregion-tolv-manader,sprängningar,detonationer,Väst,2026,4,4
polisen__sprangningar-per-polisregion-tolv-manader,sprängningar,detonationer,Väst,2026,5,5
polisen__sprangningar-per-polisregion-tolv-manader,sprängningar,detonationer,Väst,2026,6,1
polisen__sprangningar-per-polisregion-tolv-manader,sprängningar,detonationer,Väst,2026,7,1
polisen__sprangningar-per-polisregion-tolv-manader,sprängningar,detonationer,Väst,2026,8,0
polisen__sprangningar-per-polisregion-2018,sprängningar,detonationer,Öst,2018,1,1
polisen__sprangningar-per-polisregion-2018,sprängningar,detonationer,Öst,2018,2,0
polisen__sprangningar-per-polisregion-2018,sprängningar,detonationer,Öst,2018,3,2
polisen__sprangningar-per-polisregion-2018,sprängningar,detonationer,Öst,2018,4,0
polisen__sprangningar-per-polisregion-2018,sprängningar,detonationer,Öst,2018,5,0
polisen__sprangningar-per-polisregion-2018,sprängningar,detonationer,Öst,2018,6,1
polisen__sprangningar-per-polisregion-2018,sprängningar,detonationer,Öst,2018,7,1
polisen__sprangningar-per-polisregion-2018,sprängningar,detonationer,Öst,2018,8,1
polisen__sprangningar-per-polisregion-2018,sprängningar,detonationer,Öst,2018,9,0
polisen__sprangningar-per-polisregion-2018,sprängningar,detonationer,Öst,2018,10,1
polisen__sprangningar-per-polisregion-2018,sprängningar,detonationer,Öst,2018,11,1
polisen__sprangningar-per-polisregion-2018,sprängningar,detonationer,Öst,2018,12,0
polisen__sprangningar-per-polisregion-2019,sprängningar,detonationer,Öst,2019,1,5
polisen__sprangningar-per-polisregion-2019,sprängningar,detonationer,Öst,2019,2,1
polisen__sprangningar-per-polisregion-2019,sprängningar,detonationer,Öst,2019,3,0
polisen__sprangningar-per-polisregion-2019,sprängningar,detonationer,Öst,2019,4,3
polisen__sprangningar-per-polisregion-2019,sprängningar,detonationer,Öst,2019,5,1
polisen__sprangningar-per-polisregion-2019,sprängningar,detonationer,Öst,2019,6,1
polisen__sprangningar-per-polisregion-2019,sprängningar,detonationer,Öst,2019,7,0
polisen__sprangningar-per-polisregion-2019,sprängningar,detonationer,Öst,2019,8,0
polisen__sprangningar-per-polisregion-2019,sprängningar,detonationer,Öst,2019,9,0
polisen__sprangningar-per-polisregion-2019,sprängningar,detonationer,Öst,2019,10,2
polisen__sprangningar-per-polisregion-2019,sprängningar,detonationer,Öst,2019,11,0
polisen__sprangningar-per-polisregion-2019,sprängningar,detonationer,Öst,2019,12,0
polisen__sprangningar-per-polisregion-2020,sprängningar,detonationer,Öst,2020,1,1
polisen__sprangningar-per-polisregion-2020,sprängningar,detonationer,Öst,2020,2,0
polisen__sprangningar-per-polisregion-2020,sprängningar,detonationer,Öst,2020,3,0
polisen__sprangningar-per-polisregion-2020,sprängningar,detonationer,Öst,2020,4,1
polisen__sprangningar-per-polisregion-2020,sprängningar,detonationer,Öst,2020,5,0
polisen__sprangningar-per-polisregion-2020,sprängningar,detonationer,Öst,2020,6,0
polisen__sprangningar-per-polisregion-2020,sprängningar,detonationer,Öst,2020,7,0
polisen__sprangningar-per-polisregion-2020,sprängningar,detonationer,Öst,2020,8,0
polisen__sprangningar-per-polisregion-2020,sprängningar,detonationer,Öst,2020,9,0
polisen__sprangningar-per-polisregion-2020,sprängningar,detonationer,Öst,2020,10,0
polisen__sprangningar-per-polisregion-2020,sprängningar,detonationer,Öst,2020,11,1
polisen__sprangningar-per-polisregion-2020,sprängningar,detonationer,Öst,2020,12,0
polisen__sprangningar-per-polisregion-2021,sprängningar,detonationer,Öst,2021,1,0
polisen__sprangningar-per-polisregion-2021,sprängningar,detonationer,Öst,2021,2,0
polisen__sprangningar-per-polisregion-2021,sprängningar,detonationer,Öst,2021,3,0
polisen__sprangningar-per-polisregion-2021,sprängningar,detonationer,Öst,2021,4,0
polisen__sprangningar-per-polisregion-2021,sprängningar,detonationer,Öst,2021,5,1
polisen__sprangningar-per-polisregion-2021,sprängningar,detonationer,Öst,2021,6,0
polisen__sprangningar-per-polisregion-2021,sprängningar,detonationer,Öst,2021,7,0
polisen__sprangningar-per-polisregion-2021,sprängningar,detonationer,Öst,2021,8,0
polisen__sprangningar-per-polisregion-2021,sprängningar,detonationer,Öst,2021,9,1
polisen__sprangningar-per-polisregion-2021,sprängningar,detonationer,Öst,2021,10,0
polisen__sprangningar-per-polisregion-2021,sprängningar,detonationer,Öst,2021,11,0
polisen__sprangningar-per-polisregion-2021,sprängningar,detonationer,Öst,2021,12,0
polisen__sprangningar-per-polisregion-2022,sprängningar,detonationer,Öst,2022,1,1
polisen__sprangningar-per-polisregion-2022,sprängningar,detonationer,Öst,2022,2,0
polisen__sprangningar-per-polisregion-2022,sprängningar,detonationer,Öst,2022,3,0
polisen__sprangningar-per-polisregion-2022,sprängningar,detonationer,Öst,2022,4,0
polisen__sprangningar-per-polisregion-2022,sprängningar,detonationer,Öst,2022,5,0
polisen__sprangningar-per-polisregion-2022,sprängningar,detonationer,Öst,2022,6,3
polisen__sprangningar-per-polisregion-2022,sprängningar,detonationer,Öst,2022,7,2
polisen__sprangningar-per-polisregion-2022,sprängningar,detonationer,Öst,2022,8,0
polisen__sprangningar-per-polisregion-2022,sprängningar,detonationer,Öst,2022,9,0
polisen__sprangningar-per-polisregion-2022,sprängningar,detonationer,Öst,2022,10,0
polisen__sprangningar-per-polisregion-2022,sprängningar,detonationer,Öst,2022,11,0
polisen__sprangningar-per-polisregion-2022,sprängningar,detonationer,Öst,2022,12,0
polisen__sprangningar-per-polisregion-2023,sprängningar,detonationer,Öst,2023,1,1
polisen__sprangningar-per-polisregion-2023,sprängningar,detonationer,Öst,2023,2,1
polisen__sprangningar-per-polisregion-2023,sprängningar,detonationer,Öst,2023,3,0
polisen__sprangningar-per-polisregion-2023,sprängningar,detonationer,Öst,2023,4,3
polisen__sprangningar-per-polisregion-2023,sprängningar,detonationer,Öst,2023,5,3
polisen__sprangningar-per-polisregion-2023,sprängningar,detonationer,Öst,2023,6,1
polisen__sprangningar-per-polisregion-2023,sprängningar,detonationer,Öst,2023,7,2
polisen__sprangningar-per-polisregion-2023,sprängningar,detonationer,Öst,2023,8,1
polisen__sprangningar-per-polisregion-2023,sprängningar,detonationer,Öst,2023,9,3
polisen__sprangningar-per-polisregion-2023,sprängningar,detonationer,Öst,2023,10,0
polisen__sprangningar-per-polisregion-2023,sprängningar,detonationer,Öst,2023,11,1
polisen__sprangningar-per-polisregion-2023,sprängningar,detonationer,Öst,2023,12,0
polisen__sprangningar-per-polisregion-2024,sprängningar,detonationer,Öst,2024,1,0
polisen__sprangningar-per-polisregion-2024,sprängningar,detonationer,Öst,2024,2,2
polisen__sprangningar-per-polisregion-2024,sprängningar,detonationer,Öst,2024,3,5
polisen__sprangningar-per-polisregion-2024,sprängningar,detonationer,Öst,2024,4,1
polisen__sprangningar-per-polisregion-2024,sprängningar,detonationer,Öst,2024,5,0
polisen__sprangningar-per-polisregion-2024,sprängningar,detonationer,Öst,2024,6,0
polisen__sprangningar-per-polisregion-2024,sprängningar,detonationer,Öst,2024,7,3
polisen__sprangningar-per-polisregion-2024,sprängningar,detonationer,Öst,2024,8,2
polisen__sprangningar-per-polisregion-2024,sprängningar,detonationer,Öst,2024,9,1
polisen__sprangningar-per-polisregion-2024,sprängningar,detonationer,Öst,2024,10,0
polisen__sprangningar-per-polisregion-2024,sprängningar,detonationer,Öst,2024,11,2
polisen__sprangningar-per-polisregion-2024,sprängningar,detonationer,Öst,2024,12,0
polisen__sprangningar-per-polisregion-2025,sprängningar,detonationer,Öst,2025,1,3
polisen__sprangningar-per-polisregion-2025,sprängningar,detonationer,Öst,2025,2,0
polisen__sprangningar-per-polisregion-2025,sprängningar,detonationer,Öst,2025,3,1
polisen__sprangningar-per-polisregion-2025,sprängningar,detonationer,Öst,2025,4,2
polisen__sprangningar-per-polisregion-2025,sprängningar,detonationer,Öst,2025,5,3
polisen__sprangningar-per-polisregion-2025,sprängningar,detonationer,Öst,2025,6,2
polisen__sprangningar-per-polisregion-2025,sprängningar,detonationer,Öst,2025,7,1
polisen__sprangningar-per-polisregion-2025,sprängningar,detonationer,Öst,2025,8,1
polisen__sprangningar-per-polisregion-2025,sprängningar,detonationer,Öst,2025,9,4
polisen__sprangningar-per-polisregion-2025,sprängningar,detonationer,Öst,2025,10,1
polisen__sprangningar-per-polisregion-2025,sprängningar,detonationer,Öst,2025,11,3
polisen__sprangningar-per-polisregion-2025,sprängningar,detonationer,Öst,2025,12,1
polisen__sprangningar-per-polisregion-tolv-manader,sprängningar,detonationer,Öst,2026,1,1
polisen__sprangningar-per-polisregion-tolv-manader,sprängningar,detonationer,Öst,2026,2,2
polisen__sprangningar-per-polisregion-tolv-manader,sprängningar,detonationer,Öst,2026,3,0
polisen__sprangningar-per-polisregion-tolv-manader,sprängningar,detonationer,Öst,2026,4,0
polisen__sprangningar-per-polisregion-tolv-manader,sprängningar,detonationer,Öst,2026,5,1
polisen__sprangningar-per-polisregion-tolv-manader,sprängningar,detonationer,Öst,2026,6,1
polisen__sprangningar-per-polisregion-tolv-manader,sprängningar,detonationer,Öst,2026,7,0
polisen__sprangningar-per-polisregion-tolv-manader,sprängningar,detonationer,Öst,2026,8,0
polisen__sprangningar-per-polisregion-2018,sprängningar,förberedelser,Bergslagen,2018,1,0
polisen__sprangningar-per-polisregion-2018,sprängningar,förberedelser,Bergslagen,2018,2,0
polisen__sprangningar-per-polisregion-2018,sprängningar,förberedelser,Bergslagen,2018,3,0
polisen__sprangningar-per-polisregion-2018,sprängningar,förberedelser,Bergslagen,2018,4,1
polisen__sprangningar-per-polisregion-2018,sprängningar,förberedelser,Bergslagen,2018,5,0
polisen__sprangningar-per-polisregion-2018,sprängningar,förberedelser,Bergslagen,2018,6,1
polisen__sprangningar-per-polisregion-2018,sprängningar,förberedelser,Bergslagen,2018,7,0
polisen__sprangningar-per-polisregion-2018,sprängningar,förberedelser,Bergslagen,2018,8,0
polisen__sprangningar-per-polisregion-2018,sprängningar,förberedelser,Bergslagen,2018,9,0
polisen__sprangningar-per-polisregion-2018,sprängningar,förberedelser,Bergslagen,2018,10,0
polisen__sprangningar-per-polisregion-2018,sprängningar,förberedelser,Bergslagen,2018,11,0
polisen__sprangningar-per-polisregion-2018,sprängningar,förberedelser,Bergslagen,2018,12,0
polisen__sprangningar-per-polisregion-2019,sprängningar,förberedelser,Bergslagen,2019,1,0
polisen__sprangningar-per-polisregion-2019,sprängningar,förberedelser,Bergslagen,2019,2,0
polisen__sprangningar-per-polisregion-2019,sprängningar,förberedelser,Bergslagen,2019,3,1
polisen__sprangningar-per-polisregion-2019,sprängningar,förberedelser,Bergslagen,2019,4,0
polisen__sprangningar-per-polisregion-2019,sprängningar,förberedelser,Bergslagen,2019,5,1
polisen__sprangningar-per-polisregion-2019,sprängningar,förberedelser,Bergslagen,2019,6,1
polisen__sprangningar-per-polisregion-2019,sprängningar,förberedelser,Bergslagen,2019,7,1
polisen__sprangningar-per-polisregion-2019,sprängningar,förberedelser,Bergslagen,2019,8,0
polisen__sprangningar-per-polisregion-2019,sprängningar,förberedelser,Bergslagen,2019,9,0
polisen__sprangningar-per-polisregion-2019,sprängningar,förberedelser,Bergslagen,2019,10,1
polisen__sprangningar-per-polisregion-2019,sprängningar,förberedelser,Bergslagen,2019,11,0
polisen__sprangningar-per-polisregion-2019,sprängningar,förberedelser,Bergslagen,2019,12,0
polisen__sprangningar-per-polisregion-2020,sprängningar,förberedelser,Bergslagen,2020,1,1
polisen__sprangningar-per-polisregion-2020,sprängningar,förberedelser,Bergslagen,2020,2,1
polisen__sprangningar-per-polisregion-2020,sprängningar,förberedelser,Bergslagen,2020,3,1
polisen__sprangningar-per-polisregion-2020,sprängningar,förberedelser,Bergslagen,2020,4,0
polisen__sprangningar-per-polisregion-2020,sprängningar,förberedelser,Bergslagen,2020,5,0
polisen__sprangningar-per-polisregion-2020,sprängningar,förberedelser,Bergslagen,2020,6,0
polisen__sprangningar-per-polisregion-2020,sprängningar,förberedelser,Bergslagen,2020,7,0
polisen__sprangningar-per-polisregion-2020,sprängningar,förberedelser,Bergslagen,2020,8,0
polisen__sprangningar-per-polisregion-2020,sprängningar,förberedelser,Bergslagen,2020,9,0
polisen__sprangningar-per-polisregion-2020,sprängningar,förberedelser,Bergslagen,2020,10,0
polisen__sprangningar-per-polisregion-2020,sprängningar,förberedelser,Bergslagen,2020,11,1
polisen__sprangningar-per-polisregion-2020,sprängningar,förberedelser,Bergslagen,2020,12,0
polisen__sprangningar-per-polisregion-2021,sprängningar,förberedelser,Bergslagen,2021,1,0
polisen__sprangningar-per-polisregion-2021,sprängningar,förberedelser,Bergslagen,2021,2,1
polisen__sprangningar-per-polisregion-2021,sprängningar,förberedelser,Bergslagen,2021,3,1
polisen__sprangningar-per-polisregion-2021,sprängningar,förberedelser,Bergslagen,2021,4,0
polisen__sprangningar-per-polisregion-2021,sprängningar,förberedelser,Bergslagen,2021,5,0
polisen__sprangningar-per-polisregion-2021,sprängningar,förberedelser,Bergslagen,2021,6,0
polisen__sprangningar-per-polisregion-2021,sprängningar,förberedelser,Bergslagen,2021,7,0
polisen__sprangningar-per-polisregion-2021,sprängningar,förberedelser,Bergslagen,2021,8,1
polisen__sprangningar-per-polisregion-2021,sprängningar,förberedelser,Bergslagen,2021,9,1
polisen__sprangningar-per-polisregion-2021,sprängningar,förberedelser,Bergslagen,2021,10,0
polisen__sprangningar-per-polisregion-2021,sprängningar,förberedelser,Bergslagen,2021,11,0
polisen__sprangningar-per-polisregion-2021,sprängningar,förberedelser,Bergslagen,2021,12,0
polisen__sprangningar-per-polisregion-2022,sprängningar,förberedelser,Bergslagen,2022,1,0
polisen__sprangningar-per-polisregion-2022,sprängningar,förberedelser,Bergslagen,2022,2,0
polisen__sprangningar-per-polisregion-2022,sprängningar,förberedelser,Bergslagen,2022,3,1
polisen__sprangningar-per-polisregion-2022,sprängningar,förberedelser,Bergslagen,2022,4,1
polisen__sprangningar-per-polisregion-2022,sprängningar,förberedelser,Bergslagen,2022,5,0
polisen__sprangningar-per-polisregion-2022,sprängningar,förberedelser,Bergslagen,2022,6,1
polisen__sprangningar-per-polisregion-2022,sprängningar,förberedelser,Bergslagen,2022,7,0
polisen__sprangningar-per-polisregion-2022,sprängningar,förberedelser,Bergslagen,2022,8,0
polisen__sprangningar-per-polisregion-2022,sprängningar,förberedelser,Bergslagen,2022,9,0
polisen__sprangningar-per-polisregion-2022,sprängningar,förberedelser,Bergslagen,2022,10,0
polisen__sprangningar-per-polisregion-2022,sprängningar,förberedelser,Bergslagen,2022,11,1
polisen__sprangningar-per-polisregion-2022,sprängningar,förberedelser,Bergslagen,2022,12,0
polisen__sprangningar-per-polisregion-2023,sprängningar,förberedelser,Bergslagen,2023,1,0
polisen__sprangningar-per-polisregion-2023,sprängningar,förberedelser,Bergslagen,2023,2,2
polisen__sprangningar-per-polisregion-2023,sprängningar,förberedelser,Bergslagen,2023,3,0
polisen__sprangningar-per-polisregion-2023,sprängningar,förberedelser,Bergslagen,2023,4,2
polisen__sprangningar-per-polisregion-2023,sprängningar,förberedelser,Bergslagen,2023,5,1
polisen__sprangningar-per-polisregion-2023,sprängningar,förberedelser,Bergslagen,2023,6,0
polisen__sprangningar-per-polisregion-2023,sprängningar,förberedelser,Bergslagen,2023,7,0
polisen__sprangningar-per-polisregion-2023,sprängningar,förberedelser,Bergslagen,2023,8,0
polisen__sprangningar-per-polisregion-2023,sprängningar,förberedelser,Bergslagen,2023,9,2
polisen__sprangningar-per-polisregion-2023,sprängningar,förberedelser,Bergslagen,2023,10,1
polisen__sprangningar-per-polisregion-2023,sprängningar,förberedelser,Bergslagen,2023,11,0
polisen__sprangningar-per-polisregion-2023,sprängningar,förberedelser,Bergslagen,2023,12,0
polisen__sprangningar-per-polisregion-2024,sprängningar,förberedelser,Bergslagen,2024,1,1
polisen__sprangningar-per-polisregion-2024,sprängningar,förberedelser,Bergslagen,2024,2,0
polisen__sprangningar-per-polisregion-2024,sprängningar,förberedelser,Bergslagen,2024,3,0
polisen__sprangningar-per-polisregion-2024,sprängningar,förberedelser,Bergslagen,2024,4,0
polisen__sprangningar-per-polisregion-2024,sprängningar,förberedelser,Bergslagen,2024,5,1
polisen__sprangningar-per-polisregion-2024,sprängningar,förberedelser,Bergslagen,2024,6,1
polisen__sprangningar-per-polisregion-2024,sprängningar,förberedelser,Bergslagen,2024,7,0
polisen__sprangningar-per-polisregion-2024,sprängningar,förberedelser,Bergslagen,2024,8,0
polisen__sprangningar-per-polisregion-2024,sprängningar,förberedelser,Bergslagen,2024,9,1
polisen__sprangningar-per-polisregion-2024,sprängningar,förberedelser,Bergslagen,2024,10,0
polisen__sprangningar-per-polisregion-2024,sprängningar,förberedelser,Bergslagen,2024,11,1
polisen__sprangningar-per-polisregion-2024,sprängningar,förberedelser,Bergslagen,2024,12,1
polisen__sprangningar-per-polisregion-2025,sprängningar,förberedelser,Bergslagen,2025,1,4
polisen__sprangningar-per-polisregion-2025,sprängningar,förberedelser,Bergslagen,2025,2,1
polisen__sprangningar-per-polisregion-2025,sprängningar,förberedelser,Bergslagen,2025,3,0
polisen__sprangningar-per-polisregion-2025,sprängningar,förberedelser,Bergslagen,2025,4,3
polisen__sprangningar-per-polisregion-2025,sprängningar,förberedelser,Bergslagen,2025,5,1
polisen__sprangningar-per-polisregion-2025,sprängningar,förberedelser,Bergslagen,2025,6,1
polisen__sprangningar-per-polisregion-2025,sprängningar,förberedelser,Bergslagen,2025,7,0
polisen__sprangningar-per-polisregion-2025,sprängningar,förberedelser,Bergslagen,2025,8,0
polisen__sprangningar-per-polisregion-2025,sprängningar,förberedelser,Bergslagen,2025,9,6
polisen__sprangningar-per-polisregion-2025,sprängningar,förberedelser,Bergslagen,2025,10,4
polisen__sprangningar-per-polisregion-2025,sprängningar,förberedelser,Bergslagen,2025,11,2
polisen__sprangningar-per-polisregion-2025,sprängningar,förberedelser,Bergslagen,2025,12,4
polisen__sprangningar-per-polisregion-tolv-manader,sprängningar,förberedelser,Bergslagen,2026,1,1
polisen__sprangningar-per-polisregion-tolv-manader,sprängningar,förberedelser,Bergslagen,2026,2,0
polisen__sprangningar-per-polisregion-tolv-manader,sprängningar,förberedelser,Bergslagen,2026,3,1
polisen__sprangningar-per-polisregion-tolv-manader,sprängningar,förberedelser,Bergslagen,2026,4,4
polisen__sprangningar-per-polisregion-tolv-manader,sprängningar,förberedelser,Bergslagen,2026,5,1
polisen__sprangningar-per-polisregion-tolv-manader,sprängningar,förberedelser,Bergslagen,2026,6,0
polisen__sprangningar-per-polisregion-tolv-manader,sprängningar,förberedelser,Bergslagen,2026,7,3
polisen__sprangningar-per-polisregion-tolv-manader,sprängningar,förberedelser,Bergslagen,2026,8,0
polisen__sprangningar-per-polisregion-2018,sprängningar,förberedelser,Mitt,2018,1,2
polisen__sprangningar-per-polisregion-2018,sprängningar,förberedelser,Mitt,2018,2,1
polisen__sprangningar-per-polisregion-2018,sprängningar,förberedelser,Mitt,2018,3,0
polisen__sprangningar-per-polisregion-2018,sprängningar,förberedelser,Mitt,2018,4,0
polisen__sprangningar-per-polisregion-2018,sprängningar,förberedelser,Mitt,2018,5,0
polisen__sprangningar-per-polisregion-2018,sprängningar,förberedelser,Mitt,2018,6,0
polisen__sprangningar-per-polisregion-2018,sprängningar,förberedelser,Mitt,2018,7,1
polisen__sprangningar-per-polisregion-2018,sprängningar,förberedelser,Mitt,2018,8,2
polisen__sprangningar-per-polisregion-2018,sprängningar,förberedelser,Mitt,2018,9,1
polisen__sprangningar-per-polisregion-2018,sprängningar,förberedelser,Mitt,2018,10,2
polisen__sprangningar-per-polisregion-2018,sprängningar,förberedelser,Mitt,2018,11,1
polisen__sprangningar-per-polisregion-2018,sprängningar,förberedelser,Mitt,2018,12,0
polisen__sprangningar-per-polisregion-2019,sprängningar,förberedelser,Mitt,2019,1,0
polisen__sprangningar-per-polisregion-2019,sprängningar,förberedelser,Mitt,2019,2,0
polisen__sprangningar-per-polisregion-2019,sprängningar,förberedelser,Mitt,2019,3,1
polisen__sprangningar-per-polisregion-2019,sprängningar,förberedelser,Mitt,2019,4,1
polisen__sprangningar-per-polisregion-2019,sprängningar,förberedelser,Mitt,2019,5,1
polisen__sprangningar-per-polisregion-2019,sprängningar,förberedelser,Mitt,2019,6,0
polisen__sprangningar-per-polisregion-2019,sprängningar,förberedelser,Mitt,2019,7,0
polisen__sprangningar-per-polisregion-2019,sprängningar,förberedelser,Mitt,2019,8,0
polisen__sprangningar-per-polisregion-2019,sprängningar,förberedelser,Mitt,2019,9,1
polisen__sprangningar-per-polisregion-2019,sprängningar,förberedelser,Mitt,2019,10,1
polisen__sprangningar-per-polisregion-2019,sprängningar,förberedelser,Mitt,2019,11,1
polisen__sprangningar-per-polisregion-2019,sprängningar,förberedelser,Mitt,2019,12,1
polisen__sprangningar-per-polisregion-2020,sprängningar,förberedelser,Mitt,2020,1,2
polisen__sprangningar-per-polisregion-2020,sprängningar,förberedelser,Mitt,2020,2,0
polisen__sprangningar-per-polisregion-2020,sprängningar,förberedelser,Mitt,2020,3,1
polisen__sprangningar-per-polisregion-2020,sprängningar,förberedelser,Mitt,2020,4,0
polisen__sprangningar-per-polisregion-2020,sprängningar,förberedelser,Mitt,2020,5,1
polisen__sprangningar-per-polisregion-2020,sprängningar,förberedelser,Mitt,2020,6,0
polisen__sprangningar-per-polisregion-2020,sprängningar,förberedelser,Mitt,2020,7,0
polisen__sprangningar-per-polisregion-2020,sprängningar,förberedelser,Mitt,2020,8,1
polisen__sprangningar-per-polisregion-2020,sprängningar,förberedelser,Mitt,2020,9,0
polisen__sprangningar-per-polisregion-2020,sprängningar,förberedelser,Mitt,2020,10,0
polisen__sprangningar-per-polisregion-2020,sprängningar,förberedelser,Mitt,2020,11,2
polisen__sprangningar-per-polisregion-2020,sprängningar,förberedelser,Mitt,2020,12,1
polisen__sprangningar-per-polisregion-2021,sprängningar,förberedelser,Mitt,2021,1,0
polisen__sprangningar-per-polisregion-2021,sprängningar,förberedelser,Mitt,2021,2,1
polisen__sprangningar-per-polisregion-2021,sprängningar,förberedelser,Mitt,2021,3,0
polisen__sprangningar-per-polisregion-2021,sprängningar,förberedelser,Mitt,2021,4,0
polisen__sprangningar-per-polisregion-2021,sprängningar,förberedelser,Mitt,2021,5,0
polisen__sprangningar-per-polisregion-2021,sprängningar,förberedelser,Mitt,2021,6,0
polisen__sprangningar-per-polisregion-2021,sprängningar,förberedelser,Mitt,2021,7,0
polisen__sprangningar-per-polisregion-2021,sprängningar,förberedelser,Mitt,2021,8,0
polisen__sprangningar-per-polisregion-2021,sprängningar,förberedelser,Mitt,2021,9,2
polisen__sprangningar-per-polisregion-2021,sprängningar,förberedelser,Mitt,2021,10,1
polisen__sprangningar-per-polisregion-2021,sprängningar,förberedelser,Mitt,2021,11,2
polisen__sprangningar-per-polisregion-2021,sprängningar,förberedelser,Mitt,2021,12,0
polisen__sprangningar-per-polisregion-2022,sprängningar,förberedelser,Mitt,2022,1,1
polisen__sprangningar-per-polisregion-2022,sprängningar,förberedelser,Mitt,2022,2,5
polisen__sprangningar-per-polisregion-2022,sprängningar,förberedelser,Mitt,2022,3,0
polisen__sprangningar-per-polisregion-2022,sprängningar,förberedelser,Mitt,2022,4,2
polisen__sprangningar-per-polisregion-2022,sprängningar,förberedelser,Mitt,2022,5,0
polisen__sprangningar-per-polisregion-2022,sprängningar,förberedelser,Mitt,2022,6,2
polisen__sprangningar-per-polisregion-2022,sprängningar,förberedelser,Mitt,2022,7,3
polisen__sprangningar-per-polisregion-2022,sprängningar,förberedelser,Mitt,2022,8,0
polisen__sprangningar-per-polisregion-2022,sprängningar,förberedelser,Mitt,2022,9,1
polisen__sprangningar-per-polisregion-2022,sprängningar,förberedelser,Mitt,2022,10,2
polisen__sprangningar-per-polisregion-2022,sprängningar,förberedelser,Mitt,2022,11,0
polisen__sprangningar-per-polisregion-2022,sprängningar,förberedelser,Mitt,2022,12,1
polisen__sprangningar-per-polisregion-2023,sprängningar,förberedelser,Mitt,2023,1,2
polisen__sprangningar-per-polisregion-2023,sprängningar,förberedelser,Mitt,2023,2,0
polisen__sprangningar-per-polisregion-2023,sprängningar,förberedelser,Mitt,2023,3,1
polisen__sprangningar-per-polisregion-2023,sprängningar,förberedelser,Mitt,2023,4,0
polisen__sprangningar-per-polisregion-2023,sprängningar,förberedelser,Mitt,2023,5,0
polisen__sprangningar-per-polisregion-2023,sprängningar,förberedelser,Mitt,2023,6,1
polisen__sprangningar-per-polisregion-2023,sprängningar,förberedelser,Mitt,2023,7,0
polisen__sprangningar-per-polisregion-2023,sprängningar,förberedelser,Mitt,2023,8,0
polisen__sprangningar-per-polisregion-2023,sprängningar,förberedelser,Mitt,2023,9,3
polisen__sprangningar-per-polisregion-2023,sprängningar,förberedelser,Mitt,2023,10,2
polisen__sprangningar-per-polisregion-2023,sprängningar,förberedelser,Mitt,2023,11,3
polisen__sprangningar-per-polisregion-2023,sprängningar,förberedelser,Mitt,2023,12,2
polisen__sprangningar-per-polisregion-2024,sprängningar,förberedelser,Mitt,2024,1,3
polisen__sprangningar-per-polisregion-2024,sprängningar,förberedelser,Mitt,2024,2,2
polisen__sprangningar-per-polisregion-2024,sprängningar,förberedelser,Mitt,2024,3,1
polisen__sprangningar-per-polisregion-2024,sprängningar,förberedelser,Mitt,2024,4,0
polisen__sprangningar-per-polisregion-2024,sprängningar,förberedelser,Mitt,2024,5,2
polisen__sprangningar-per-polisregion-2024,sprängningar,förberedelser,Mitt,2024,6,0
polisen__sprangningar-per-polisregion-2024,sprängningar,förberedelser,Mitt,2024,7,1
polisen__sprangningar-per-polisregion-2024,sprängningar,förberedelser,Mitt,2024,8,1
polisen__sprangningar-per-polisregion-2024,sprängningar,förberedelser,Mitt,2024,9,0
polisen__sprangningar-per-polisregion-2024,sprängningar,förberedelser,Mitt,2024,10,0
polisen__sprangningar-per-polisregion-2024,sprängningar,förberedelser,Mitt,2024,11,0
polisen__sprangningar-per-polisregion-2024,sprängningar,förberedelser,Mitt,2024,12,2
polisen__sprangningar-per-polisregion-2025,sprängningar,förberedelser,Mitt,2025,1,2
polisen__sprangningar-per-polisregion-2025,sprängningar,förberedelser,Mitt,2025,2,2
polisen__sprangningar-per-polisregion-2025,sprängningar,förberedelser,Mitt,2025,3,2
polisen__sprangningar-per-polisregion-2025,sprängningar,förberedelser,Mitt,2025,4,0
polisen__sprangningar-per-polisregion-2025,sprängningar,förberedelser,Mitt,2025,5,0
polisen__sprangningar-per-polisregion-2025,sprängningar,förberedelser,Mitt,2025,6,2
polisen__sprangningar-per-polisregion-2025,sprängningar,förberedelser,Mitt,2025,7,0
polisen__sprangningar-per-polisregion-2025,sprängningar,förberedelser,Mitt,2025,8,0
polisen__sprangningar-per-polisregion-2025,sprängningar,förberedelser,Mitt,2025,9,1
polisen__sprangningar-per-polisregion-2025,sprängningar,förberedelser,Mitt,2025,10,1
polisen__sprangningar-per-polisregion-2025,sprängningar,förberedelser,Mitt,2025,11,1
polisen__sprangningar-per-polisregion-2025,sprängningar,förberedelser,Mitt,2025,12,2
polisen__sprangningar-per-polisregion-tolv-manader,sprängningar,förberedelser,Mitt,2026,1,2
polisen__sprangningar-per-polisregion-tolv-manader,sprängningar,förberedelser,Mitt,2026,2,3
polisen__sprangningar-per-polisregion-tolv-manader,sprängningar,förberedelser,Mitt,2026,3,1
polisen__sprangningar-per-polisregion-tolv-manader,sprängningar,förberedelser,Mitt,2026,4,0
polisen__sprangningar-per-polisregion-tolv-manader,sprängningar,förberedelser,Mitt,2026,5,3
polisen__sprangningar-per-polisregion-tolv-manader,sprängningar,förberedelser,Mitt,2026,6,1
polisen__sprangningar-per-polisregion-tolv-manader,sprängningar,förberedelser,Mitt,2026,7,0
polisen__sprangningar-per-polisregion-tolv-manader,sprängningar,förberedelser,Mitt,2026,8,0
polisen__sprangningar-per-polisregion-2018,sprängningar,förberedelser,Nord,2018,1,0
polisen__sprangningar-per-polisregion-2018,sprängningar,förberedelser,Nord,2018,2,0
polisen__sprangningar-per-polisregion-2018,sprängningar,förberedelser,Nord,2018,3,0
polisen__sprangningar-per-polisregion-2018,sprängningar,förberedelser,Nord,2018,4,0
polisen__sprangningar-per-polisregion-2018,sprängningar,förberedelser,Nord,2018,5,0
polisen__sprangningar-per-polisregion-2018,sprängningar,förberedelser,Nord,2018,6,0
polisen__sprangningar-per-polisregion-2018,sprängningar,förberedelser,Nord,2018,7,0
polisen__sprangningar-per-polisregion-2018,sprängningar,förberedelser,Nord,2018,8,0
polisen__sprangningar-per-polisregion-2018,sprängningar,förberedelser,Nord,2018,9,0
polisen__sprangningar-per-polisregion-2018,sprängningar,förberedelser,Nord,2018,10,0
polisen__sprangningar-per-polisregion-2018,sprängningar,förberedelser,Nord,2018,11,0
polisen__sprangningar-per-polisregion-2018,sprängningar,förberedelser,Nord,2018,12,0
polisen__sprangningar-per-polisregion-2019,sprängningar,förberedelser,Nord,2019,1,0
polisen__sprangningar-per-polisregion-2019,sprängningar,förberedelser,Nord,2019,2,0
polisen__sprangningar-per-polisregion-2019,sprängningar,förberedelser,Nord,2019,3,0
polisen__sprangningar-per-polisregion-2019,sprängningar,förberedelser,Nord,2019,4,0
polisen__sprangningar-per-polisregion-2019,sprängningar,förberedelser,Nord,2019,5,0
polisen__sprangningar-per-polisregion-2019,sprängningar,förberedelser,Nord,2019,6,0
polisen__sprangningar-per-polisregion-2019,sprängningar,förberedelser,Nord,2019,7,0
polisen__sprangningar-per-polisregion-2019,sprängningar,förberedelser,Nord,2019,8,1
polisen__sprangningar-per-polisregion-2019,sprängningar,förberedelser,Nord,2019,9,0
polisen__sprangningar-per-polisregion-2019,sprängningar,förberedelser,Nord,2019,10,0
polisen__sprangningar-per-polisregion-2019,sprängningar,förberedelser,Nord,2019,11,1
polisen__sprangningar-per-polisregion-2019,sprängningar,förberedelser,Nord,2019,12,0
polisen__sprangningar-per-polisregion-2020,sprängningar,förberedelser,Nord,2020,1,0
polisen__sprangningar-per-polisregion-2020,sprängningar,förberedelser,Nord,2020,2,0
polisen__sprangningar-per-polisregion-2020,sprängningar,förberedelser,Nord,2020,3,0
polisen__sprangningar-per-polisregion-2020,sprängningar,förberedelser,Nord,2020,4,1
polisen__sprangningar-per-polisregion-2020,sprängningar,förberedelser,Nord,2020,5,0
polisen__sprangningar-per-polisregion-2020,sprängningar,förberedelser,Nord,2020,6,0
polisen__sprangningar-per-polisregion-2020,sprängningar,förberedelser,Nord,2020,7,0
polisen__sprangningar-per-polisregion-2020,sprängningar,förberedelser,Nord,2020,8,1
polisen__sprangningar-per-polisregion-2020,sprängningar,förberedelser,Nord,2020,9,0
polisen__sprangningar-per-polisregion-2020,sprängningar,förberedelser,Nord,2020,10,4
polisen__sprangningar-per-polisregion-2020,sprängningar,förberedelser,Nord,2020,11,0
polisen__sprangningar-per-polisregion-2020,sprängningar,förberedelser,Nord,2020,12,0
polisen__sprangningar-per-polisregion-2021,sprängningar,förberedelser,Nord,2021,1,0
polisen__sprangningar-per-polisregion-2021,sprängningar,förberedelser,Nord,2021,2,0
polisen__sprangningar-per-polisregion-2021,sprängningar,förberedelser,Nord,2021,3,1
polisen__sprangningar-per-polisregion-2021,sprängningar,förberedelser,Nord,2021,4,0
polisen__sprangningar-per-polisregion-2021,sprängningar,förberedelser,Nord,2021,5,0
polisen__sprangningar-per-polisregion-2021,sprängningar,förberedelser,Nord,2021,6,0
polisen__sprangningar-per-polisregion-2021,sprängningar,förberedelser,Nord,2021,7,0
polisen__sprangningar-per-polisregion-2021,sprängningar,förberedelser,Nord,2021,8,0
polisen__sprangningar-per-polisregion-2021,sprängningar,förberedelser,Nord,2021,9,0
polisen__sprangningar-per-polisregion-2021,sprängningar,förberedelser,Nord,2021,10,1
polisen__sprangningar-per-polisregion-2021,sprängningar,förberedelser,Nord,2021,11,1
polisen__sprangningar-per-polisregion-2021,sprängningar,förberedelser,Nord,2021,12,0
polisen__sprangningar-per-polisregion-2022,sprängningar,förberedelser,Nord,2022,1,0
polisen__sprangningar-per-polisregion-2022,sprängningar,förberedelser,Nord,2022,2,1
polisen__sprangningar-per-polisregion-2022,sprängningar,förberedelser,Nord,2022,3,0
polisen__sprangningar-per-polisregion-2022,sprängningar,förberedelser,Nord,2022,4,1
polisen__sprangningar-per-polisregion-2022,sprängningar,förberedelser,Nord,2022,5,0
polisen__sprangningar-per-polisregion-2022,sprängningar,förberedelser,Nord,2022,6,0
polisen__sprangningar-per-polisregion-2022,sprängningar,förberedelser,Nord,2022,7,0
polisen__sprangningar-per-polisregion-2022,sprängningar,förberedelser,Nord,2022,8,0
polisen__sprangningar-per-polisregion-2022,sprängningar,förberedelser,Nord,2022,9,0
polisen__sprangningar-per-polisregion-2022,sprängningar,förberedelser,Nord,2022,10,0
polisen__sprangningar-per-polisregion-2022,sprängningar,förberedelser,Nord,2022,11,0
polisen__sprangningar-per-polisregion-2022,sprängningar,förberedelser,Nord,2022,12,0
polisen__sprangningar-per-polisregion-2023,sprängningar,förberedelser,Nord,2023,1,1
polisen__sprangningar-per-polisregion-2023,sprängningar,förberedelser,Nord,2023,2,0
polisen__sprangningar-per-polisregion-2023,sprängningar,förberedelser,Nord,2023,3,0
polisen__sprangningar-per-polisregion-2023,sprängningar,förberedelser,Nord,2023,4,0
polisen__sprangningar-per-polisregion-2023,sprängningar,förberedelser,Nord,2023,5,2
polisen__sprangningar-per-polisregion-2023,sprängningar,förberedelser,Nord,2023,6,0
polisen__sprangningar-per-polisregion-2023,sprängningar,förberedelser,Nord,2023,7,0
polisen__sprangningar-per-polisregion-2023,sprängningar,förberedelser,Nord,2023,8,1
polisen__sprangningar-per-polisregion-2023,sprängningar,förberedelser,Nord,2023,9,0
polisen__sprangningar-per-polisregion-2023,sprängningar,förberedelser,Nord,2023,10,0
polisen__sprangningar-per-polisregion-2023,sprängningar,förberedelser,Nord,2023,11,0
polisen__sprangningar-per-polisregion-2023,sprängningar,förberedelser,Nord,2023,12,1
polisen__sprangningar-per-polisregion-2024,sprängningar,förberedelser,Nord,2024,1,0
polisen__sprangningar-per-polisregion-2024,sprängningar,förberedelser,Nord,2024,2,0
polisen__sprangningar-per-polisregion-2024,sprängningar,förberedelser,Nord,2024,3,0
polisen__sprangningar-per-polisregion-2024,sprängningar,förberedelser,Nord,2024,4,0
polisen__sprangningar-per-polisregion-2024,sprängningar,förberedelser,Nord,2024,5,0
polisen__sprangningar-per-polisregion-2024,sprängningar,förberedelser,Nord,2024,6,0
polisen__sprangningar-per-polisregion-2024,sprängningar,förberedelser,Nord,2024,7,0
polisen__sprangningar-per-polisregion-2024,sprängningar,förberedelser,Nord,2024,8,2
polisen__sprangningar-per-polisregion-2024,sprängningar,förberedelser,Nord,2024,9,2
polisen__sprangningar-per-polisregion-2024,sprängningar,förberedelser,Nord,2024,10,0
polisen__sprangningar-per-polisregion-2024,sprängningar,förberedelser,Nord,2024,11,1
polisen__sprangningar-per-polisregion-2024,sprängningar,förberedelser,Nord,2024,12,0
polisen__sprangningar-per-polisregion-2025,sprängningar,förberedelser,Nord,2025,1,1
polisen__sprangningar-per-polisregion-2025,sprängningar,förberedelser,Nord,2025,2,4
polisen__sprangningar-per-polisregion-2025,sprängningar,förberedelser,Nord,2025,3,0
polisen__sprangningar-per-polisregion-2025,sprängningar,förberedelser,Nord,2025,4,3
polisen__sprangningar-per-polisregion-2025,sprängningar,förberedelser,Nord,2025,5,0
polisen__sprangningar-per-polisregion-2025,sprängningar,förberedelser,Nord,2025,6,0
polisen__sprangningar-per-polisregion-2025,sprängningar,förberedelser,Nord,2025,7,1
polisen__sprangningar-per-polisregion-2025,sprängningar,förberedelser,Nord,2025,8,1
polisen__sprangningar-per-polisregion-2025,sprängningar,förberedelser,Nord,2025,9,3
polisen__sprangningar-per-polisregion-2025,sprängningar,förberedelser,Nord,2025,10,2
polisen__sprangningar-per-polisregion-2025,sprängningar,förberedelser,Nord,2025,11,2
polisen__sprangningar-per-polisregion-2025,sprängningar,förberedelser,Nord,2025,12,1
polisen__sprangningar-per-polisregion-tolv-manader,sprängningar,förberedelser,Nord,2026,1,2
polisen__sprangningar-per-polisregion-tolv-manader,sprängningar,förberedelser,Nord,2026,2,0
polisen__sprangningar-per-polisregion-tolv-manader,sprängningar,förberedelser,Nord,2026,3,2
polisen__sprangningar-per-polisregion-tolv-manader,sprängningar,förberedelser,Nord,2026,4,1
polisen__sprangningar-per-polisregion-tolv-manader,sprängningar,förberedelser,Nord,2026,5,0
polisen__sprangningar-per-polisregion-tolv-manader,sprängningar,förberedelser,Nord,2026,6,0
polisen__sprangningar-per-polisregion-tolv-manader,sprängningar,förberedelser,Nord,2026,7,0
polisen__sprangningar-per-polisregion-tolv-manader,sprängningar,förberedelser,Nord,2026,8,0
polisen__sprangningar-per-polisregion-2018,sprängningar,förberedelser,Stockholm,2018,1,0
polisen__sprangningar-per-polisregion-2018,sprängningar,förberedelser,Stockholm,2018,2,3
polisen__sprangningar-per-polisregion-2018,sprängningar,förberedelser,Stockholm,2018,3,3
polisen__sprangningar-per-polisregion-2018,sprängningar,förberedelser,Stockholm,2018,4,1
polisen__sprangningar-per-polisregion-2018,sprängningar,förberedelser,Stockholm,2018,5,1
polisen__sprangningar-per-polisregion-2018,sprängningar,förberedelser,Stockholm,2018,6,0
polisen__sprangningar-per-polisregion-2018,sprängningar,förberedelser,Stockholm,2018,7,1
polisen__sprangningar-per-polisregion-2018,sprängningar,förberedelser,Stockholm,2018,8,3
polisen__sprangningar-per-polisregion-2018,sprängningar,förberedelser,Stockholm,2018,9,1
polisen__sprangningar-per-polisregion-2018,sprängningar,förberedelser,Stockholm,2018,10,2
polisen__sprangningar-per-polisregion-2018,sprängningar,förberedelser,Stockholm,2018,11,1
polisen__sprangningar-per-polisregion-2018,sprängningar,förberedelser,Stockholm,2018,12,0
polisen__sprangningar-per-polisregion-2019,sprängningar,förberedelser,Stockholm,2019,1,0
polisen__sprangningar-per-polisregion-2019,sprängningar,förberedelser,Stockholm,2019,2,4
polisen__sprangningar-per-polisregion-2019,sprängningar,förberedelser,Stockholm,2019,3,2
polisen__sprangningar-per-polisregion-2019,sprängningar,förberedelser,Stockholm,2019,4,4
polisen__sprangningar-per-polisregion-2019,sprängningar,förberedelser,Stockholm,2019,5,0
polisen__sprangningar-per-polisregion-2019,sprängningar,förberedelser,Stockholm,2019,6,0
polisen__sprangningar-per-polisregion-2019,sprängningar,förberedelser,Stockholm,2019,7,0
polisen__sprangningar-per-polisregion-2019,sprängningar,förberedelser,Stockholm,2019,8,1
polisen__sprangningar-per-polisregion-2019,sprängningar,förberedelser,Stockholm,2019,9,0
polisen__sprangningar-per-polisregion-2019,sprängningar,förberedelser,Stockholm,2019,10,0
polisen__sprangningar-per-polisregion-2019,sprängningar,förberedelser,Stockholm,2019,11,2
polisen__sprangningar-per-polisregion-2019,sprängningar,förberedelser,Stockholm,2019,12,2
polisen__sprangningar-per-polisregion-2020,sprängningar,förberedelser,Stockholm,2020,1,1
polisen__sprangningar-per-polisregion-2020,sprängningar,förberedelser,Stockholm,2020,2,1
polisen__sprangningar-per-polisregion-2020,sprängningar,förberedelser,Stockholm,2020,3,3
polisen__sprangningar-per-polisregion-2020,sprängningar,förberedelser,Stockholm,2020,4,2
polisen__sprangningar-per-polisregion-2020,sprängningar,förberedelser,Stockholm,2020,5,4
polisen__sprangningar-per-polisregion-2020,sprängningar,förberedelser,Stockholm,2020,6,4
polisen__sprangningar-per-polisregion-2020,sprängningar,förberedelser,Stockholm,2020,7,3
polisen__sprangningar-per-polisregion-2020,sprängningar,förberedelser,Stockholm,2020,8,2
polisen__sprangningar-per-polisregion-2020,sprängningar,förberedelser,Stockholm,2020,9,5
polisen__sprangningar-per-polisregion-2020,sprängningar,förberedelser,Stockholm,2020,10,5
polisen__sprangningar-per-polisregion-2020,sprängningar,förberedelser,Stockholm,2020,11,0
polisen__sprangningar-per-polisregion-2020,sprängningar,förberedelser,Stockholm,2020,12,0
polisen__sprangningar-per-polisregion-2021,sprängningar,förberedelser,Stockholm,2021,1,2
polisen__sprangningar-per-polisregion-2021,sprängningar,förberedelser,Stockholm,2021,2,3
polisen__sprangningar-per-polisregion-2021,sprängningar,förberedelser,Stockholm,2021,3,4
polisen__sprangningar-per-polisregion-2021,sprängningar,förberedelser,Stockholm,2021,4,4
polisen__sprangningar-per-polisregion-2021,sprängningar,förberedelser,Stockholm,2021,5,5
polisen__sprangningar-per-polisregion-2021,sprängningar,förberedelser,Stockholm,2021,6,0
polisen__sprangningar-per-polisregion-2021,sprängningar,förberedelser,Stockholm,2021,7,1
polisen__sprangningar-per-polisregion-2021,sprängningar,förberedelser,Stockholm,2021,8,3
polisen__sprangningar-per-polisregion-2021,sprängningar,förberedelser,Stockholm,2021,9,1
polisen__sprangningar-per-polisregion-2021,sprängningar,förberedelser,Stockholm,2021,10,1
polisen__sprangningar-per-polisregion-2021,sprängningar,förberedelser,Stockholm,2021,11,0
polisen__sprangningar-per-polisregion-2021,sprängningar,förberedelser,Stockholm,2021,12,3
polisen__sprangningar-per-polisregion-2022,sprängningar,förberedelser,Stockholm,2022,1,2
polisen__sprangningar-per-polisregion-2022,sprängningar,förberedelser,Stockholm,2022,2,3
polisen__sprangningar-per-polisregion-2022,sprängningar,förberedelser,Stockholm,2022,3,0
polisen__sprangningar-per-polisregion-2022,sprängningar,förberedelser,Stockholm,2022,4,0
polisen__sprangningar-per-polisregion-2022,sprängningar,förberedelser,Stockholm,2022,5,0
polisen__sprangningar-per-polisregion-2022,sprängningar,förberedelser,Stockholm,2022,6,2
polisen__sprangningar-per-polisregion-2022,sprängningar,förberedelser,Stockholm,2022,7,2
polisen__sprangningar-per-polisregion-2022,sprängningar,förberedelser,Stockholm,2022,8,1
polisen__sprangningar-per-polisregion-2022,sprängningar,förberedelser,Stockholm,2022,9,1
polisen__sprangningar-per-polisregion-2022,sprängningar,förberedelser,Stockholm,2022,10,1
polisen__sprangningar-per-polisregion-2022,sprängningar,förberedelser,Stockholm,2022,11,0
polisen__sprangningar-per-polisregion-2022,sprängningar,förberedelser,Stockholm,2022,12,0
polisen__sprangningar-per-polisregion-2023,sprängningar,förberedelser,Stockholm,2023,1,7
polisen__sprangningar-per-polisregion-2023,sprängningar,förberedelser,Stockholm,2023,2,7
polisen__sprangningar-per-polisregion-2023,sprängningar,förberedelser,Stockholm,2023,3,5
polisen__sprangningar-per-polisregion-2023,sprängningar,förberedelser,Stockholm,2023,4,1
polisen__sprangningar-per-polisregion-2023,sprängningar,förberedelser,Stockholm,2023,5,6
polisen__sprangningar-per-polisregion-2023,sprängningar,förberedelser,Stockholm,2023,6,3
polisen__sprangningar-per-polisregion-2023,sprängningar,förberedelser,Stockholm,2023,7,2
polisen__sprangningar-per-polisregion-2023,sprängningar,förberedelser,Stockholm,2023,8,3
polisen__sprangningar-per-polisregion-2023,sprängningar,förberedelser,Stockholm,2023,9,4
polisen__sprangningar-per-polisregion-2023,sprängningar,förberedelser,Stockholm,2023,10,9
polisen__sprangningar-per-polisregion-2023,sprängningar,förberedelser,Stockholm,2023,11,5
polisen__sprangningar-per-polisregion-2023,sprängningar,förberedelser,Stockholm,2023,12,2
polisen__sprangningar-per-polisregion-2024,sprängningar,förberedelser,Stockholm,2024,1,1
polisen__sprangningar-per-polisregion-2024,sprängningar,förberedelser,Stockholm,2024,2,6
polisen__sprangningar-per-polisregion-2024,sprängningar,förberedelser,Stockholm,2024,3,7
polisen__sprangningar-per-polisregion-2024,sprängningar,förberedelser,Stockholm,2024,4,5
polisen__sprangningar-per-polisregion-2024,sprängningar,förberedelser,Stockholm,2024,5,2
polisen__sprangningar-per-polisregion-2024,sprängningar,förberedelser,Stockholm,2024,6,1
polisen__sprangningar-per-polisregion-2024,sprängningar,förberedelser,Stockholm,2024,7,1
polisen__sprangningar-per-polisregion-2024,sprängningar,förberedelser,Stockholm,2024,8,1
polisen__sprangningar-per-polisregion-2024,sprängningar,förberedelser,Stockholm,2024,9,2
polisen__sprangningar-per-polisregion-2024,sprängningar,förberedelser,Stockholm,2024,10,6
polisen__sprangningar-per-polisregion-2024,sprängningar,förberedelser,Stockholm,2024,11,6
polisen__sprangningar-per-polisregion-2024,sprängningar,förberedelser,Stockholm,2024,12,4
polisen__sprangningar-per-polisregion-2025,sprängningar,förberedelser,Stockholm,2025,1,16
polisen__sprangningar-per-polisregion-2025,sprängningar,förberedelser,Stockholm,2025,2,9
polisen__sprangningar-per-polisregion-2025,sprängningar,förberedelser,Stockholm,2025,3,8
polisen__sprangningar-per-polisregion-2025,sprängningar,förberedelser,Stockholm,2025,4,8
polisen__sprangningar-per-polisregion-2025,sprängningar,förberedelser,Stockholm,2025,5,5
polisen__sprangningar-per-polisregion-2025,sprängningar,förberedelser,Stockholm,2025,6,2
polisen__sprangningar-per-polisregion-2025,sprängningar,förberedelser,Stockholm,2025,7,3
polisen__sprangningar-per-polisregion-2025,sprängningar,förberedelser,Stockholm,2025,8,6
polisen__sprangningar-per-polisregion-2025,sprängningar,förberedelser,Stockholm,2025,9,8
polisen__sprangningar-per-polisregion-2025,sprängningar,förberedelser,Stockholm,2025,10,4
polisen__sprangningar-per-polisregion-2025,sprängningar,förberedelser,Stockholm,2025,11,5
polisen__sprangningar-per-polisregion-2025,sprängningar,förberedelser,Stockholm,2025,12,4
polisen__sprangningar-per-polisregion-tolv-manader,sprängningar,förberedelser,Stockholm,2026,1,6
polisen__sprangningar-per-polisregion-tolv-manader,sprängningar,förberedelser,Stockholm,2026,2,16
polisen__sprangningar-per-polisregion-tolv-manader,sprängningar,förberedelser,Stockholm,2026,3,5
polisen__sprangningar-per-polisregion-tolv-manader,sprängningar,förberedelser,Stockholm,2026,4,6
polisen__sprangningar-per-polisregion-tolv-manader,sprängningar,förberedelser,Stockholm,2026,5,2
polisen__sprangningar-per-polisregion-tolv-manader,sprängningar,förberedelser,Stockholm,2026,6,2
polisen__sprangningar-per-polisregion-tolv-manader,sprängningar,förberedelser,Stockholm,2026,7,2
polisen__sprangningar-per-polisregion-tolv-manader,sprängningar,förberedelser,Stockholm,2026,8,2
polisen__sprangningar-per-polisregion-2018,sprängningar,förberedelser,Syd,2018,1,1
polisen__sprangningar-per-polisregion-2018,sprängningar,förberedelser,Syd,2018,2,2
polisen__sprangningar-per-polisregion-2018,sprängningar,förberedelser,Syd,2018,3,2
polisen__sprangningar-per-polisregion-2018,sprängningar,förberedelser,Syd,2018,4,0
polisen__sprangningar-per-polisregion-2018,sprängningar,förberedelser,Syd,2018,5,0
polisen__sprangningar-per-polisregion-2018,sprängningar,förberedelser,Syd,2018,6,2
polisen__sprangningar-per-polisregion-2018,sprängningar,förberedelser,Syd,2018,7,0
polisen__sprangningar-per-polisregion-2018,sprängningar,förberedelser,Syd,2018,8,1
polisen__sprangningar-per-polisregion-2018,sprängningar,förberedelser,Syd,2018,9,0
polisen__sprangningar-per-polisregion-2018,sprängningar,förberedelser,Syd,2018,10,0
polisen__sprangningar-per-polisregion-2018,sprängningar,förberedelser,Syd,2018,11,1
polisen__sprangningar-per-polisregion-2018,sprängningar,förberedelser,Syd,2018,12,1
polisen__sprangningar-per-polisregion-2019,sprängningar,förberedelser,Syd,2019,1,1
polisen__sprangningar-per-polisregion-2019,sprängningar,förberedelser,Syd,2019,2,1
polisen__sprangningar-per-polisregion-2019,sprängningar,förberedelser,Syd,2019,3,0
polisen__sprangningar-per-polisregion-2019,sprängningar,förberedelser,Syd,2019,4,3
polisen__sprangningar-per-polisregion-2019,sprängningar,förberedelser,Syd,2019,5,3
polisen__sprangningar-per-polisregion-2019,sprängningar,förberedelser,Syd,2019,6,2
polisen__sprangningar-per-polisregion-2019,sprängningar,förberedelser,Syd,2019,7,4
polisen__sprangningar-per-polisregion-2019,sprängningar,förberedelser,Syd,2019,8,4
polisen__sprangningar-per-polisregion-2019,sprängningar,förberedelser,Syd,2019,9,4
polisen__sprangningar-per-polisregion-2019,sprängningar,förberedelser,Syd,2019,10,5
polisen__sprangningar-per-polisregion-2019,sprängningar,förberedelser,Syd,2019,11,5
polisen__sprangningar-per-polisregion-2019,sprängningar,förberedelser,Syd,2019,12,3
polisen__sprangningar-per-polisregion-2020,sprängningar,förberedelser,Syd,2020,1,3
polisen__sprangningar-per-polisregion-2020,sprängningar,förberedelser,Syd,2020,2,2
polisen__sprangningar-per-polisregion-2020,sprängningar,förberedelser,Syd,2020,3,1
polisen__sprangningar-per-polisregion-2020,sprängningar,förberedelser,Syd,2020,4,7
polisen__sprangningar-per-polisregion-2020,sprängningar,förberedelser,Syd,2020,5,3
polisen__sprangningar-per-polisregion-2020,sprängningar,förberedelser,Syd,2020,6,1
polisen__sprangningar-per-polisregion-2020,sprängningar,förberedelser,Syd,2020,7,2
polisen__sprangningar-per-polisregion-2020,sprängningar,förberedelser,Syd,2020,8,1
polisen__sprangningar-per-polisregion-2020,sprängningar,förberedelser,Syd,2020,9,2
polisen__sprangningar-per-polisregion-2020,sprängningar,förberedelser,Syd,2020,10,2
polisen__sprangningar-per-polisregion-2020,sprängningar,förberedelser,Syd,2020,11,0
polisen__sprangningar-per-polisregion-2020,sprängningar,förberedelser,Syd,2020,12,4
polisen__sprangningar-per-polisregion-2021,sprängningar,förberedelser,Syd,2021,1,1
polisen__sprangningar-per-polisregion-2021,sprängningar,förberedelser,Syd,2021,2,0
polisen__sprangningar-per-polisregion-2021,sprängningar,förberedelser,Syd,2021,3,1
polisen__sprangningar-per-polisregion-2021,sprängningar,förberedelser,Syd,2021,4,1
polisen__sprangningar-per-polisregion-2021,sprängningar,förberedelser,Syd,2021,5,0
polisen__sprangningar-per-polisregion-2021,sprängningar,förberedelser,Syd,2021,6,2
polisen__sprangningar-per-polisregion-2021,sprängningar,förberedelser,Syd,2021,7,3
polisen__sprangningar-per-polisregion-2021,sprängningar,förberedelser,Syd,2021,8,1
polisen__sprangningar-per-polisregion-2021,sprängningar,förberedelser,Syd,2021,9,2
polisen__sprangningar-per-polisregion-2021,sprängningar,förberedelser,Syd,2021,10,1
polisen__sprangningar-per-polisregion-2021,sprängningar,förberedelser,Syd,2021,11,0
polisen__sprangningar-per-polisregion-2021,sprängningar,förberedelser,Syd,2021,12,2
polisen__sprangningar-per-polisregion-2022,sprängningar,förberedelser,Syd,2022,1,0
polisen__sprangningar-per-polisregion-2022,sprängningar,förberedelser,Syd,2022,2,3
polisen__sprangningar-per-polisregion-2022,sprängningar,förberedelser,Syd,2022,3,1
polisen__sprangningar-per-polisregion-2022,sprängningar,förberedelser,Syd,2022,4,2
polisen__sprangningar-per-polisregion-2022,sprängningar,förberedelser,Syd,2022,5,1
polisen__sprangningar-per-polisregion-2022,sprängningar,förberedelser,Syd,2022,6,3
polisen__sprangningar-per-polisregion-2022,sprängningar,förberedelser,Syd,2022,7,0
polisen__sprangningar-per-polisregion-2022,sprängningar,förberedelser,Syd,2022,8,1
polisen__sprangningar-per-polisregion-2022,sprängningar,förberedelser,Syd,2022,9,2
polisen__sprangningar-per-polisregion-2022,sprängningar,förberedelser,Syd,2022,10,0
polisen__sprangningar-per-polisregion-2022,sprängningar,förberedelser,Syd,2022,11,2
polisen__sprangningar-per-polisregion-2022,sprängningar,förberedelser,Syd,2022,12,2
polisen__sprangningar-per-polisregion-2023,sprängningar,förberedelser,Syd,2023,1,1
polisen__sprangningar-per-polisregion-2023,sprängningar,förberedelser,Syd,2023,2,1
polisen__sprangningar-per-polisregion-2023,sprängningar,förberedelser,Syd,2023,3,3
polisen__sprangningar-per-polisregion-2023,sprängningar,förberedelser,Syd,2023,4,2
polisen__sprangningar-per-polisregion-2023,sprängningar,förberedelser,Syd,2023,5,5
polisen__sprangningar-per-polisregion-2023,sprängningar,förberedelser,Syd,2023,6,1
polisen__sprangningar-per-polisregion-2023,sprängningar,förberedelser,Syd,2023,7,2
polisen__sprangningar-per-polisregion-2023,sprängningar,förberedelser,Syd,2023,8,3
polisen__sprangningar-per-polisregion-2023,sprängningar,förberedelser,Syd,2023,9,2
polisen__sprangningar-per-polisregion-2023,sprängningar,förberedelser,Syd,2023,10,4
polisen__sprangningar-per-polisregion-2023,sprängningar,förberedelser,Syd,2023,11,0
polisen__sprangningar-per-polisregion-2023,sprängningar,förberedelser,Syd,2023,12,5
polisen__sprangningar-per-polisregion-2024,sprängningar,förberedelser,Syd,2024,1,1
polisen__sprangningar-per-polisregion-2024,sprängningar,förberedelser,Syd,2024,2,6
polisen__sprangningar-per-polisregion-2024,sprängningar,förberedelser,Syd,2024,3,2
polisen__sprangningar-per-polisregion-2024,sprängningar,förberedelser,Syd,2024,4,1
polisen__sprangningar-per-polisregion-2024,sprängningar,förberedelser,Syd,2024,5,6
polisen__sprangningar-per-polisregion-2024,sprängningar,förberedelser,Syd,2024,6,0
polisen__sprangningar-per-polisregion-2024,sprängningar,förberedelser,Syd,2024,7,0
polisen__sprangningar-per-polisregion-2024,sprängningar,förberedelser,Syd,2024,8,3
polisen__sprangningar-per-polisregion-2024,sprängningar,förberedelser,Syd,2024,9,1
polisen__sprangningar-per-polisregion-2024,sprängningar,förberedelser,Syd,2024,10,2
polisen__sprangningar-per-polisregion-2024,sprängningar,förberedelser,Syd,2024,11,0
polisen__sprangningar-per-polisregion-2024,sprängningar,förberedelser,Syd,2024,12,1
polisen__sprangningar-per-polisregion-2025,sprängningar,förberedelser,Syd,2025,1,1
polisen__sprangningar-per-polisregion-2025,sprängningar,förberedelser,Syd,2025,2,6
polisen__sprangningar-per-polisregion-2025,sprängningar,förberedelser,Syd,2025,3,5
polisen__sprangningar-per-polisregion-2025,sprängningar,förberedelser,Syd,2025,4,3
polisen__sprangningar-per-polisregion-2025,sprängningar,förberedelser,Syd,2025,5,6
polisen__sprangningar-per-polisregion-2025,sprängningar,förberedelser,Syd,2025,6,2
polisen__sprangningar-per-polisregion-2025,sprängningar,förberedelser,Syd,2025,7,4
polisen__sprangningar-per-polisregion-2025,sprängningar,förberedelser,Syd,2025,8,2
polisen__sprangningar-per-polisregion-2025,sprängningar,förberedelser,Syd,2025,9,7
polisen__sprangningar-per-polisregion-2025,sprängningar,förberedelser,Syd,2025,10,4
polisen__sprangningar-per-polisregion-2025,sprängningar,förberedelser,Syd,2025,11,5
polisen__sprangningar-per-polisregion-2025,sprängningar,förberedelser,Syd,2025,12,4
polisen__sprangningar-per-polisregion-tolv-manader,sprängningar,förberedelser,Syd,2026,1,5
polisen__sprangningar-per-polisregion-tolv-manader,sprängningar,förberedelser,Syd,2026,2,6
polisen__sprangningar-per-polisregion-tolv-manader,sprängningar,förberedelser,Syd,2026,3,3
polisen__sprangningar-per-polisregion-tolv-manader,sprängningar,förberedelser,Syd,2026,4,5
polisen__sprangningar-per-polisregion-tolv-manader,sprängningar,förberedelser,Syd,2026,5,3
polisen__sprangningar-per-polisregion-tolv-manader,sprängningar,förberedelser,Syd,2026,6,5
polisen__sprangningar-per-polisregion-tolv-manader,sprängningar,förberedelser,Syd,2026,7,1
polisen__sprangningar-per-polisregion-tolv-manader,sprängningar,förberedelser,Syd,2026,8,1
polisen__sprangningar-per-polisregion-2018,sprängningar,förberedelser,Totalt,2018,1,3
polisen__sprangningar-per-polisregion-2018,sprängningar,förberedelser,Totalt,2018,2,7
polisen__sprangningar-per-polisregion-2018,sprängningar,förberedelser,Totalt,2018,3,5
polisen__sprangningar-per-polisregion-2018,sprängningar,förberedelser,Totalt,2018,4,4
polisen__sprangningar-per-polisregion-2018,sprängningar,förberedelser,Totalt,2018,5,4
polisen__sprangningar-per-polisregion-2018,sprängningar,förberedelser,Totalt,2018,6,5
polisen__sprangningar-per-polisregion-2018,sprängningar,förberedelser,Totalt,2018,7,3
polisen__sprangningar-per-polisregion-2018,sprängningar,förberedelser,Totalt,2018,8,6
polisen__sprangningar-per-polisregion-2018,sprängningar,förberedelser,Totalt,2018,9,2
polisen__sprangningar-per-polisregion-2018,sprängningar,förberedelser,Totalt,2018,10,5
polisen__sprangningar-per-polisregion-2018,sprängningar,förberedelser,Totalt,2018,11,6
polisen__sprangningar-per-polisregion-2018,sprängningar,förberedelser,Totalt,2018,12,2
polisen__sprangningar-per-polisregion-2019,sprängningar,förberedelser,Totalt,2019,1,2
polisen__sprangningar-per-polisregion-2019,sprängningar,förberedelser,Totalt,2019,2,5
polisen__sprangningar-per-polisregion-2019,sprängningar,förberedelser,Totalt,2019,3,5
polisen__sprangningar-per-polisregion-2019,sprängningar,förberedelser,Totalt,2019,4,9
polisen__sprangningar-per-polisregion-2019,sprängningar,förberedelser,Totalt,2019,5,8
polisen__sprangningar-per-polisregion-2019,sprängningar,förberedelser,Totalt,2019,6,4
polisen__sprangningar-per-polisregion-2019,sprängningar,förberedelser,Totalt,2019,7,5
polisen__sprangningar-per-polisregion-2019,sprängningar,förberedelser,Totalt,2019,8,10
polisen__sprangningar-per-polisregion-2019,sprängningar,förberedelser,Totalt,2019,9,9
polisen__sprangningar-per-polisregion-2019,sprängningar,förberedelser,Totalt,2019,10,9
polisen__sprangningar-per-polisregion-2019,sprängningar,förberedelser,Totalt,2019,11,9
polisen__sprangningar-per-polisregion-2019,sprängningar,förberedelser,Totalt,2019,12,7
polisen__sprangningar-per-polisregion-2020,sprängningar,förberedelser,Totalt,2020,1,9
polisen__sprangningar-per-polisregion-2020,sprängningar,förberedelser,Totalt,2020,2,5
polisen__sprangningar-per-polisregion-2020,sprängningar,förberedelser,Totalt,2020,3,7
polisen__sprangningar-per-polisregion-2020,sprängningar,förberedelser,Totalt,2020,4,10
polisen__sprangningar-per-polisregion-2020,sprängningar,förberedelser,Totalt,2020,5,9
polisen__sprangningar-per-polisregion-2020,sprängningar,förberedelser,Totalt,2020,6,6
polisen__sprangningar-per-polisregion-2020,sprängningar,förberedelser,Totalt,2020,7,5
polisen__sprangningar-per-polisregion-2020,sprängningar,förberedelser,Totalt,2020,8,6
polisen__sprangningar-per-polisregion-2020,sprängningar,förberedelser,Totalt,2020,9,7
polisen__sprangningar-per-polisregion-2020,sprängningar,förberedelser,Totalt,2020,10,13
polisen__sprangningar-per-polisregion-2020,sprängningar,förberedelser,Totalt,2020,11,4
polisen__sprangningar-per-polisregion-2020,sprängningar,förberedelser,Totalt,2020,12,8
polisen__sprangningar-per-polisregion-2021,sprängningar,förberedelser,Totalt,2021,1,3
polisen__sprangningar-per-polisregion-2021,sprängningar,förberedelser,Totalt,2021,2,7
polisen__sprangningar-per-polisregion-2021,sprängningar,förberedelser,Totalt,2021,3,9
polisen__sprangningar-per-polisregion-2021,sprängningar,förberedelser,Totalt,2021,4,5
polisen__sprangningar-per-polisregion-2021,sprängningar,förberedelser,Totalt,2021,5,5
polisen__sprangningar-per-polisregion-2021,sprängningar,förberedelser,Totalt,2021,6,4
polisen__sprangningar-per-polisregion-2021,sprängningar,förberedelser,Totalt,2021,7,6
polisen__sprangningar-per-polisregion-2021,sprängningar,förberedelser,Totalt,2021,8,7
polisen__sprangningar-per-polisregion-2021,sprängningar,förberedelser,Totalt,2021,9,6
polisen__sprangningar-per-polisregion-2021,sprängningar,förberedelser,Totalt,2021,10,6
polisen__sprangningar-per-polisregion-2021,sprängningar,förberedelser,Totalt,2021,11,4
polisen__sprangningar-per-polisregion-2021,sprängningar,förberedelser,Totalt,2021,12,7
polisen__sprangningar-per-polisregion-2022,sprängningar,förberedelser,Totalt,2022,1,6
polisen__sprangningar-per-polisregion-2022,sprängningar,förberedelser,Totalt,2022,2,13
polisen__sprangningar-per-polisregion-2022,sprängningar,förberedelser,Totalt,2022,3,4
polisen__sprangningar-per-polisregion-2022,sprängningar,förberedelser,Totalt,2022,4,7
polisen__sprangningar-per-polisregion-2022,sprängningar,förberedelser,Totalt,2022,5,2
polisen__sprangningar-per-polisregion-2022,sprängningar,förberedelser,Totalt,2022,6,10
polisen__sprangningar-per-polisregion-2022,sprängningar,förberedelser,Totalt,2022,7,6
polisen__sprangningar-per-polisregion-2022,sprängningar,förberedelser,Totalt,2022,8,4
polisen__sprangningar-per-polisregion-2022,sprängningar,förberedelser,Totalt,2022,9,5
polisen__sprangningar-per-polisregion-2022,sprängningar,förberedelser,Totalt,2022,10,3
polisen__sprangningar-per-polisregion-2022,sprängningar,förberedelser,Totalt,2022,11,3
polisen__sprangningar-per-polisregion-2022,sprängningar,förberedelser,Totalt,2022,12,5
polisen__sprangningar-per-polisregion-2023,sprängningar,förberedelser,Totalt,2023,1,12
polisen__sprangningar-per-polisregion-2023,sprängningar,förberedelser,Totalt,2023,2,11
polisen__sprangningar-per-polisregion-2023,sprängningar,förberedelser,Totalt,2023,3,13
polisen__sprangningar-per-polisregion-2023,sprängningar,förberedelser,Totalt,2023,4,7
polisen__sprangningar-per-polisregion-2023,sprängningar,förberedelser,Totalt,2023,5,17
polisen__sprangningar-per-polisregion-2023,sprängningar,förberedelser,Totalt,2023,6,6
polisen__sprangningar-per-polisregion-2023,sprängningar,förberedelser,Totalt,2023,7,5
polisen__sprangningar-per-polisregion-2023,sprängningar,förberedelser,Totalt,2023,8,18
polisen__sprangningar-per-polisregion-2023,sprängningar,förberedelser,Totalt,2023,9,17
polisen__sprangningar-per-polisregion-2023,sprängningar,förberedelser,Totalt,2023,10,20
polisen__sprangningar-per-polisregion-2023,sprängningar,förberedelser,Totalt,2023,11,9
polisen__sprangningar-per-polisregion-2023,sprängningar,förberedelser,Totalt,2023,12,10
polisen__sprangningar-per-polisregion-2024,sprängningar,förberedelser,Totalt,2024,1,7
polisen__sprangningar-per-polisregion-2024,sprängningar,förberedelser,Totalt,2024,2,18
polisen__sprangningar-per-polisregion-2024,sprängningar,förberedelser,Totalt,2024,3,16
polisen__sprangningar-per-polisregion-2024,sprängningar,förberedelser,Totalt,2024,4,14
polisen__sprangningar-per-polisregion-2024,sprängningar,förberedelser,Totalt,2024,5,17
polisen__sprangningar-per-polisregion-2024,sprängningar,förberedelser,Totalt,2024,6,6
polisen__sprangningar-per-polisregion-2024,sprängningar,förberedelser,Totalt,2024,7,3
polisen__sprangningar-per-polisregion-2024,sprängningar,förberedelser,Totalt,2024,8,9
polisen__sprangningar-per-polisregion-2024,sprängningar,förberedelser,Totalt,2024,9,7
polisen__sprangningar-per-polisregion-2024,sprängningar,förberedelser,Totalt,2024,10,11
polisen__sprangningar-per-polisregion-2024,sprängningar,förberedelser,Totalt,2024,11,12
polisen__sprangningar-per-polisregion-2024,sprängningar,förberedelser,Totalt,2024,12,12
polisen__sprangningar-per-polisregion-2025,sprängningar,förberedelser,Totalt,2025,1,34
polisen__sprangningar-per-polisregion-2025,sprängningar,förberedelser,Totalt,2025,2,29
polisen__sprangningar-per-polisregion-2025,sprängningar,förberedelser,Totalt,2025,3,20
polisen__sprangningar-per-polisregion-2025,sprängningar,förberedelser,Totalt,2025,4,20
polisen__sprangningar-per-polisregion-2025,sprängningar,förberedelser,Totalt,2025,5,16
polisen__sprangningar-per-polisregion-2025,sprängningar,förberedelser,Totalt,2025,6,10
polisen__sprangningar-per-polisregion-2025,sprängningar,förberedelser,Totalt,2025,7,11
polisen__sprangningar-per-polisregion-2025,sprängningar,förberedelser,Totalt,2025,8,19
polisen__sprangningar-per-polisregion-2025,sprängningar,förberedelser,Totalt,2025,9,32
polisen__sprangningar-per-polisregion-2025,sprängningar,förberedelser,Totalt,2025,10,27
polisen__sprangningar-per-polisregion-2025,sprängningar,förberedelser,Totalt,2025,11,20
polisen__sprangningar-per-polisregion-2025,sprängningar,förberedelser,Totalt,2025,12,17
polisen__sprangningar-per-polisregion-tolv-manader,sprängningar,förberedelser,Totalt,2026,1,21
polisen__sprangningar-per-polisregion-tolv-manader,sprängningar,förberedelser,Totalt,2026,2,31
polisen__sprangningar-per-polisregion-tolv-manader,sprängningar,förberedelser,Totalt,2026,3,22
polisen__sprangningar-per-polisregion-tolv-manader,sprängningar,förberedelser,Totalt,2026,4,24
polisen__sprangningar-per-polisregion-tolv-manader,sprängningar,förberedelser,Totalt,2026,5,18
polisen__sprangningar-per-polisregion-tolv-manader,sprängningar,förberedelser,Totalt,2026,6,12
polisen__sprangningar-per-polisregion-tolv-manader,sprängningar,förberedelser,Totalt,2026,7,7
polisen__sprangningar-per-polisregion-tolv-manader,sprängningar,förberedelser,Totalt,2026,8,6
polisen__sprangningar-per-polisregion-2018,sprängningar,förberedelser,Väst,2018,1,0
polisen__sprangningar-per-polisregion-2018,sprängningar,förberedelser,Väst,2018,2,0
polisen__sprangningar-per-polisregion-2018,sprängningar,förberedelser,Väst,2018,3,0
polisen__sprangningar-per-polisregion-2018,sprängningar,förberedelser,Väst,2018,4,2
polisen__sprangningar-per-polisregion-2018,sprängningar,förberedelser,Väst,2018,5,1
polisen__sprangningar-per-polisregion-2018,sprängningar,förberedelser,Väst,2018,6,2
polisen__sprangningar-per-polisregion-2018,sprängningar,förberedelser,Väst,2018,7,1
polisen__sprangningar-per-polisregion-2018,sprängningar,förberedelser,Väst,2018,8,0
polisen__sprangningar-per-polisregion-2018,sprängningar,förberedelser,Väst,2018,9,0
polisen__sprangningar-per-polisregion-2018,sprängningar,förberedelser,Väst,2018,10,1
polisen__sprangningar-per-polisregion-2018,sprängningar,förberedelser,Väst,2018,11,2
polisen__sprangningar-per-polisregion-2018,sprängningar,förberedelser,Väst,2018,12,0
polisen__sprangningar-per-polisregion-2019,sprängningar,förberedelser,Väst,2019,1,0
polisen__sprangningar-per-polisregion-2019,sprängningar,förberedelser,Väst,2019,2,0
polisen__sprangningar-per-polisregion-2019,sprängningar,förberedelser,Väst,2019,3,1
polisen__sprangningar-per-polisregion-2019,sprängningar,förberedelser,Väst,2019,4,1
polisen__sprangningar-per-polisregion-2019,sprängningar,förberedelser,Väst,2019,5,1
polisen__sprangningar-per-polisregion-2019,sprängningar,förberedelser,Väst,2019,6,1
polisen__sprangningar-per-polisregion-2019,sprängningar,förberedelser,Väst,2019,7,0
polisen__sprangningar-per-polisregion-2019,sprängningar,förberedelser,Väst,2019,8,0
polisen__sprangningar-per-polisregion-2019,sprängningar,förberedelser,Väst,2019,9,4
polisen__sprangningar-per-polisregion-2019,sprängningar,förberedelser,Väst,2019,10,1
polisen__sprangningar-per-polisregion-2019,sprängningar,förberedelser,Väst,2019,11,0
polisen__sprangningar-per-polisregion-2019,sprängningar,förberedelser,Väst,2019,12,0
polisen__sprangningar-per-polisregion-2020,sprängningar,förberedelser,Väst,2020,1,2
polisen__sprangningar-per-polisregion-2020,sprängningar,förberedelser,Väst,2020,2,0
polisen__sprangningar-per-polisregion-2020,sprängningar,förberedelser,Väst,2020,3,0
polisen__sprangningar-per-polisregion-2020,sprängningar,förberedelser,Väst,2020,4,0
polisen__sprangningar-per-polisregion-2020,sprängningar,förberedelser,Väst,2020,5,0
polisen__sprangningar-per-polisregion-2020,sprängningar,förberedelser,Väst,2020,6,1
polisen__sprangningar-per-polisregion-2020,sprängningar,förberedelser,Väst,2020,7,0
polisen__sprangningar-per-polisregion-2020,sprängningar,förberedelser,Väst,2020,8,1
polisen__sprangningar-per-polisregion-2020,sprängningar,förberedelser,Väst,2020,9,0
polisen__sprangningar-per-polisregion-2020,sprängningar,förberedelser,Väst,2020,10,1
polisen__sprangningar-per-polisregion-2020,sprängningar,förberedelser,Väst,2020,11,0
polisen__sprangningar-per-polisregion-2020,sprängningar,förberedelser,Väst,2020,12,2
polisen__sprangningar-per-polisregion-2021,sprängningar,förberedelser,Väst,2021,1,0
polisen__sprangningar-per-polisregion-2021,sprängningar,förberedelser,Väst,2021,2,2
polisen__sprangningar-per-polisregion-2021,sprängningar,förberedelser,Väst,2021,3,2
polisen__sprangningar-per-polisregion-2021,sprängningar,förberedelser,Väst,2021,4,0
polisen__sprangningar-per-polisregion-2021,sprängningar,förberedelser,Väst,2021,5,0
polisen__sprangningar-per-polisregion-2021,sprängningar,förberedelser,Väst,2021,6,2
polisen__sprangningar-per-polisregion-2021,sprängningar,förberedelser,Väst,2021,7,0
polisen__sprangningar-per-polisregion-2021,sprängningar,förberedelser,Väst,2021,8,2
polisen__sprangningar-per-polisregion-2021,sprängningar,förberedelser,Väst,2021,9,0
polisen__sprangningar-per-polisregion-2021,sprängningar,förberedelser,Väst,2021,10,1
polisen__sprangningar-per-polisregion-2021,sprängningar,förberedelser,Väst,2021,11,1
polisen__sprangningar-per-polisregion-2021,sprängningar,förberedelser,Väst,2021,12,2
polisen__sprangningar-per-polisregion-2022,sprängningar,förberedelser,Väst,2022,1,2
polisen__sprangningar-per-polisregion-2022,sprängningar,förberedelser,Väst,2022,2,1
polisen__sprangningar-per-polisregion-2022,sprängningar,förberedelser,Väst,2022,3,2
polisen__sprangningar-per-polisregion-2022,sprängningar,förberedelser,Väst,2022,4,0
polisen__sprangningar-per-polisregion-2022,sprängningar,förberedelser,Väst,2022,5,0
polisen__sprangningar-per-polisregion-2022,sprängningar,förberedelser,Väst,2022,6,0
polisen__sprangningar-per-polisregion-2022,sprängningar,förberedelser,Väst,2022,7,0
polisen__sprangningar-per-polisregion-2022,sprängningar,förberedelser,Väst,2022,8,1
polisen__sprangningar-per-polisregion-2022,sprängningar,förberedelser,Väst,2022,9,0
polisen__sprangningar-per-polisregion-2022,sprängningar,förberedelser,Väst,2022,10,0
polisen__sprangningar-per-polisregion-2022,sprängningar,förberedelser,Väst,2022,11,0
polisen__sprangningar-per-polisregion-2022,sprängningar,förberedelser,Väst,2022,12,0
polisen__sprangningar-per-polisregion-2023,sprängningar,förberedelser,Väst,2023,1,1
polisen__sprangningar-per-polisregion-2023,sprängningar,förberedelser,Väst,2023,2,1
polisen__sprangningar-per-polisregion-2023,sprängningar,förberedelser,Väst,2023,3,2
polisen__sprangningar-per-polisregion-2023,sprängningar,förberedelser,Väst,2023,4,1
polisen__sprangningar-per-polisregion-2023,sprängningar,förberedelser,Väst,2023,5,2
polisen__sprangningar-per-polisregion-2023,sprängningar,förberedelser,Väst,2023,6,1
polisen__sprangningar-per-polisregion-2023,sprängningar,förberedelser,Väst,2023,7,0
polisen__sprangningar-per-polisregion-2023,sprängningar,förberedelser,Väst,2023,8,9
polisen__sprangningar-per-polisregion-2023,sprängningar,förberedelser,Väst,2023,9,2
polisen__sprangningar-per-polisregion-2023,sprängningar,förberedelser,Väst,2023,10,4
polisen__sprangningar-per-polisregion-2023,sprängningar,förberedelser,Väst,2023,11,1
polisen__sprangningar-per-polisregion-2023,sprängningar,förberedelser,Väst,2023,12,0
polisen__sprangningar-per-polisregion-2024,sprängningar,förberedelser,Väst,2024,1,1
polisen__sprangningar-per-polisregion-2024,sprängningar,förberedelser,Väst,2024,2,2
polisen__sprangningar-per-polisregion-2024,sprängningar,förberedelser,Väst,2024,3,3
polisen__sprangningar-per-polisregion-2024,sprängningar,förberedelser,Väst,2024,4,2
polisen__sprangningar-per-polisregion-2024,sprängningar,förberedelser,Väst,2024,5,2
polisen__sprangningar-per-polisregion-2024,sprängningar,förberedelser,Väst,2024,6,2
polisen__sprangningar-per-polisregion-2024,sprängningar,förberedelser,Väst,2024,7,1
polisen__sprangningar-per-polisregion-2024,sprängningar,förberedelser,Väst,2024,8,2
polisen__sprangningar-per-polisregion-2024,sprängningar,förberedelser,Väst,2024,9,1
polisen__sprangningar-per-polisregion-2024,sprängningar,förberedelser,Väst,2024,10,2
polisen__sprangningar-per-polisregion-2024,sprängningar,förberedelser,Väst,2024,11,4
polisen__sprangningar-per-polisregion-2024,sprängningar,förberedelser,Väst,2024,12,2
polisen__sprangningar-per-polisregion-2025,sprängningar,förberedelser,Väst,2025,1,5
polisen__sprangningar-per-polisregion-2025,sprängningar,förberedelser,Väst,2025,2,5
polisen__sprangningar-per-polisregion-2025,sprängningar,förberedelser,Väst,2025,3,3
polisen__sprangningar-per-polisregion-2025,sprängningar,förberedelser,Väst,2025,4,2
polisen__sprangningar-per-polisregion-2025,sprängningar,förberedelser,Väst,2025,5,3
polisen__sprangningar-per-polisregion-2025,sprängningar,förberedelser,Väst,2025,6,3
polisen__sprangningar-per-polisregion-2025,sprängningar,förberedelser,Väst,2025,7,1
polisen__sprangningar-per-polisregion-2025,sprängningar,förberedelser,Väst,2025,8,9
polisen__sprangningar-per-polisregion-2025,sprängningar,förberedelser,Väst,2025,9,2
polisen__sprangningar-per-polisregion-2025,sprängningar,förberedelser,Väst,2025,10,9
polisen__sprangningar-per-polisregion-2025,sprängningar,förberedelser,Väst,2025,11,2
polisen__sprangningar-per-polisregion-2025,sprängningar,förberedelser,Väst,2025,12,2
polisen__sprangningar-per-polisregion-tolv-manader,sprängningar,förberedelser,Väst,2026,1,4
polisen__sprangningar-per-polisregion-tolv-manader,sprängningar,förberedelser,Väst,2026,2,2
polisen__sprangningar-per-polisregion-tolv-manader,sprängningar,förberedelser,Väst,2026,3,8
polisen__sprangningar-per-polisregion-tolv-manader,sprängningar,förberedelser,Väst,2026,4,4
polisen__sprangningar-per-polisregion-tolv-manader,sprängningar,förberedelser,Väst,2026,5,7
polisen__sprangningar-per-polisregion-tolv-manader,sprängningar,förberedelser,Väst,2026,6,2
polisen__sprangningar-per-polisregion-tolv-manader,sprängningar,förberedelser,Väst,2026,7,1
polisen__sprangningar-per-polisregion-tolv-manader,sprängningar,förberedelser,Väst,2026,8,2
polisen__sprangningar-per-polisregion-2018,sprängningar,förberedelser,Öst,2018,1,0
polisen__sprangningar-per-polisregion-2018,sprängningar,förberedelser,Öst,2018,2,1
polisen__sprangningar-per-polisregion-2018,sprängningar,förberedelser,Öst,2018,3,0
polisen__sprangningar-per-polisregion-2018,sprängningar,förberedelser,Öst,2018,4,0
polisen__sprangningar-per-polisregion-2018,sprängningar,förberedelser,Öst,2018,5,2
polisen__sprangningar-per-polisregion-2018,sprängningar,förberedelser,Öst,2018,6,0
polisen__sprangningar-per-polisregion-2018,sprängningar,förberedelser,Öst,2018,7,0
polisen__sprangningar-per-polisregion-2018,sprängningar,förberedelser,Öst,2018,8,0
polisen__sprangningar-per-polisregion-2018,sprängningar,förberedelser,Öst,2018,9,0
polisen__sprangningar-per-polisregion-2018,sprängningar,förberedelser,Öst,2018,10,0
polisen__sprangningar-per-polisregion-2018,sprängningar,förberedelser,Öst,2018,11,1
polisen__sprangningar-per-polisregion-2018,sprängningar,förberedelser,Öst,2018,12,1
polisen__sprangningar-per-polisregion-2019,sprängningar,förberedelser,Öst,2019,1,1
polisen__sprangningar-per-polisregion-2019,sprängningar,förberedelser,Öst,2019,2,0
polisen__sprangningar-per-polisregion-2019,sprängningar,förberedelser,Öst,2019,3,0
polisen__sprangningar-per-polisregion-2019,sprängningar,förberedelser,Öst,2019,4,0
polisen__sprangningar-per-polisregion-2019,sprängningar,förberedelser,Öst,2019,5,2
polisen__sprangningar-per-polisregion-2019,sprängningar,förberedelser,Öst,2019,6,0
polisen__sprangningar-per-polisregion-2019,sprängningar,förberedelser,Öst,2019,7,0
polisen__sprangningar-per-polisregion-2019,sprängningar,förberedelser,Öst,2019,8,4
polisen__sprangningar-per-polisregion-2019,sprängningar,förberedelser,Öst,2019,9,0
polisen__sprangningar-per-polisregion-2019,sprängningar,förberedelser,Öst,2019,10,1
polisen__sprangningar-per-polisregion-2019,sprängningar,förberedelser,Öst,2019,11,0
polisen__sprangningar-per-polisregion-2019,sprängningar,förberedelser,Öst,2019,12,1
polisen__sprangningar-per-polisregion-2020,sprängningar,förberedelser,Öst,2020,1,0
polisen__sprangningar-per-polisregion-2020,sprängningar,förberedelser,Öst,2020,2,1
polisen__sprangningar-per-polisregion-2020,sprängningar,förberedelser,Öst,2020,3,1
polisen__sprangningar-per-polisregion-2020,sprängningar,förberedelser,Öst,2020,4,0
polisen__sprangningar-per-polisregion-2020,sprängningar,förberedelser,Öst,2020,5,1
polisen__sprangningar-per-polisregion-2020,sprängningar,förberedelser,Öst,2020,6,0
polisen__sprangningar-per-polisregion-2020,sprängningar,förberedelser,Öst,2020,7,0
polisen__sprangningar-per-polisregion-2020,sprängningar,förberedelser,Öst,2020,8,0
polisen__sprangningar-per-polisregion-2020,sprängningar,förberedelser,Öst,2020,9,0
polisen__sprangningar-per-polisregion-2020,sprängningar,förberedelser,Öst,2020,10,1
polisen__sprangningar-per-polisregion-2020,sprängningar,förberedelser,Öst,2020,11,1
polisen__sprangningar-per-polisregion-2020,sprängningar,förberedelser,Öst,2020,12,1
polisen__sprangningar-per-polisregion-2021,sprängningar,förberedelser,Öst,2021,1,0
polisen__sprangningar-per-polisregion-2021,sprängningar,förberedelser,Öst,2021,2,0
polisen__sprangningar-per-polisregion-2021,sprängningar,förberedelser,Öst,2021,3,0
polisen__sprangningar-per-polisregion-2021,sprängningar,förberedelser,Öst,2021,4,0
polisen__sprangningar-per-polisregion-2021,sprängningar,förberedelser,Öst,2021,5,0
polisen__sprangningar-per-polisregion-2021,sprängningar,förberedelser,Öst,2021,6,0
polisen__sprangningar-per-polisregion-2021,sprängningar,förberedelser,Öst,2021,7,2
polisen__sprangningar-per-polisregion-2021,sprängningar,förberedelser,Öst,2021,8,0
polisen__sprangningar-per-polisregion-2021,sprängningar,förberedelser,Öst,2021,9,0
polisen__sprangningar-per-polisregion-2021,sprängningar,förberedelser,Öst,2021,10,1
polisen__sprangningar-per-polisregion-2021,sprängningar,förberedelser,Öst,2021,11,0
polisen__sprangningar-per-polisregion-2021,sprängningar,förberedelser,Öst,2021,12,0
polisen__sprangningar-per-polisregion-2022,sprängningar,förberedelser,Öst,2022,1,1
polisen__sprangningar-per-polisregion-2022,sprängningar,förberedelser,Öst,2022,2,0
polisen__sprangningar-per-polisregion-2022,sprängningar,förberedelser,Öst,2022,3,0
polisen__sprangningar-per-polisregion-2022,sprängningar,förberedelser,Öst,2022,4,1
polisen__sprangningar-per-polisregion-2022,sprängningar,förberedelser,Öst,2022,5,1
polisen__sprangningar-per-polisregion-2022,sprängningar,förberedelser,Öst,2022,6,2
polisen__sprangningar-per-polisregion-2022,sprängningar,förberedelser,Öst,2022,7,1
polisen__sprangningar-per-polisregion-2022,sprängningar,förberedelser,Öst,2022,8,1
polisen__sprangningar-per-polisregion-2022,sprängningar,förberedelser,Öst,2022,9,1
polisen__sprangningar-per-polisregion-2022,sprängningar,förberedelser,Öst,2022,10,0
polisen__sprangningar-per-polisregion-2022,sprängningar,förberedelser,Öst,2022,11,0
polisen__sprangningar-per-polisregion-2022,sprängningar,förberedelser,Öst,2022,12,2
polisen__sprangningar-per-polisregion-2023,sprängningar,förberedelser,Öst,2023,1,0
polisen__sprangningar-per-polisregion-2023,sprängningar,förberedelser,Öst,2023,2,0
polisen__sprangningar-per-polisregion-2023,sprängningar,förberedelser,Öst,2023,3,2
polisen__sprangningar-per-polisregion-2023,sprängningar,förberedelser,Öst,2023,4,1
polisen__sprangningar-per-polisregion-2023,sprängningar,förberedelser,Öst,2023,5,1
polisen__sprangningar-per-polisregion-2023,sprängningar,förberedelser,Öst,2023,6,0
polisen__sprangningar-per-polisregion-2023,sprängningar,förberedelser,Öst,2023,7,1
polisen__sprangningar-per-polisregion-2023,sprängningar,förberedelser,Öst,2023,8,2
polisen__sprangningar-per-polisregion-2023,sprängningar,förberedelser,Öst,2023,9,4
polisen__sprangningar-per-polisregion-2023,sprängningar,förberedelser,Öst,2023,10,0
polisen__sprangningar-per-polisregion-2023,sprängningar,förberedelser,Öst,2023,11,0
polisen__sprangningar-per-polisregion-2023,sprängningar,förberedelser,Öst,2023,12,0
polisen__sprangningar-per-polisregion-2024,sprängningar,förberedelser,Öst,2024,1,0
polisen__sprangningar-per-polisregion-2024,sprängningar,förberedelser,Öst,2024,2,2
polisen__sprangningar-per-polisregion-2024,sprängningar,förberedelser,Öst,2024,3,3
polisen__sprangningar-per-polisregion-2024,sprängningar,förberedelser,Öst,2024,4,6
polisen__sprangningar-per-polisregion-2024,sprängningar,förberedelser,Öst,2024,5,4
polisen__sprangningar-per-polisregion-2024,sprängningar,förberedelser,Öst,2024,6,2
polisen__sprangningar-per-polisregion-2024,sprängningar,förberedelser,Öst,2024,7,0
polisen__sprangningar-per-polisregion-2024,sprängningar,förberedelser,Öst,2024,8,0
polisen__sprangningar-per-polisregion-2024,sprängningar,förberedelser,Öst,2024,9,0
polisen__sprangningar-per-polisregion-2024,sprängningar,förberedelser,Öst,2024,10,1
polisen__sprangningar-per-polisregion-2024,sprängningar,förberedelser,Öst,2024,11,0
polisen__sprangningar-per-polisregion-2024,sprängningar,förberedelser,Öst,2024,12,2
polisen__sprangningar-per-polisregion-2025,sprängningar,förberedelser,Öst,2025,1,5
polisen__sprangningar-per-polisregion-2025,sprängningar,förberedelser,Öst,2025,2,2
polisen__sprangningar-per-polisregion-2025,sprängningar,förberedelser,Öst,2025,3,2
polisen__sprangningar-per-polisregion-2025,sprängningar,förberedelser,Öst,2025,4,1
polisen__sprangningar-per-polisregion-2025,sprängningar,förberedelser,Öst,2025,5,1
polisen__sprangningar-per-polisregion-2025,sprängningar,förberedelser,Öst,2025,6,0
polisen__sprangningar-per-polisregion-2025,sprängningar,förberedelser,Öst,2025,7,2
polisen__sprangningar-per-polisregion-2025,sprängningar,förberedelser,Öst,2025,8,1
polisen__sprangningar-per-polisregion-2025,sprängningar,förberedelser,Öst,2025,9,5
polisen__sprangningar-per-polisregion-2025,sprängningar,förberedelser,Öst,2025,10,3
polisen__sprangningar-per-polisregion-2025,sprängningar,förberedelser,Öst,2025,11,3
polisen__sprangningar-per-polisregion-2025,sprängningar,förberedelser,Öst,2025,12,0
polisen__sprangningar-per-polisregion-tolv-manader,sprängningar,förberedelser,Öst,2026,1,1
polisen__sprangningar-per-polisregion-tolv-manader,sprängningar,förberedelser,Öst,2026,2,4
polisen__sprangningar-per-polisregion-tolv-manader,sprängningar,förberedelser,Öst,2026,3,2
polisen__sprangningar-per-polisregion-tolv-manader,sprängningar,förberedelser,Öst,2026,4,4
polisen__sprangningar-per-polisregion-tolv-manader,sprängningar,förberedelser,Öst,2026,5,2
polisen__sprangningar-per-polisregion-tolv-manader,sprängningar,förberedelser,Öst,2026,6,2
polisen__sprangningar-per-polisregion-tolv-manader,sprängningar,förberedelser,Öst,2026,7,0
polisen__sprangningar-per-polisregion-tolv-manader,sprängningar,förberedelser,Öst,2026,8,1
polisen__sprangningar-per-polisregion-2018,sprängningar,försök,Bergslagen,2018,1,0
polisen__sprangningar-per-polisregion-2018,sprängningar,försök,Bergslagen,2018,2,0
polisen__sprangningar-per-polisregion-2018,sprängningar,försök,Bergslagen,2018,3,0
polisen__sprangningar-per-polisregion-2018,sprängningar,försök,Bergslagen,2018,4,0
polisen__sprangningar-per-polisregion-2018,sprängningar,försök,Bergslagen,2018,5,0
polisen__sprangningar-per-polisregion-2018,sprängningar,försök,Bergslagen,2018,6,0
polisen__sprangningar-per-polisregion-2018,sprängningar,försök,Bergslagen,2018,7,0
polisen__sprangningar-per-polisregion-2018,sprängningar,försök,Bergslagen,2018,8,0
polisen__sprangningar-per-polisregion-2018,sprängningar,försök,Bergslagen,2018,9,0
polisen__sprangningar-per-polisregion-2018,sprängningar,försök,Bergslagen,2018,10,0
polisen__sprangningar-per-polisregion-2018,sprängningar,försök,Bergslagen,2018,11,0
polisen__sprangningar-per-polisregion-2018,sprängningar,försök,Bergslagen,2018,12,0
polisen__sprangningar-per-polisregion-2019,sprängningar,försök,Bergslagen,2019,1,0
polisen__sprangningar-per-polisregion-2019,sprängningar,försök,Bergslagen,2019,2,0
polisen__sprangningar-per-polisregion-2019,sprängningar,försök,Bergslagen,2019,3,0
polisen__sprangningar-per-polisregion-2019,sprängningar,försök,Bergslagen,2019,4,0
polisen__sprangningar-per-polisregion-2019,sprängningar,försök,Bergslagen,2019,5,0
polisen__sprangningar-per-polisregion-2019,sprängningar,försök,Bergslagen,2019,6,0
polisen__sprangningar-per-polisregion-2019,sprängningar,försök,Bergslagen,2019,7,0
polisen__sprangningar-per-polisregion-2019,sprängningar,försök,Bergslagen,2019,8,0
polisen__sprangningar-per-polisregion-2019,sprängningar,försök,Bergslagen,2019,9,0
polisen__sprangningar-per-polisregion-2019,sprängningar,försök,Bergslagen,2019,10,0
polisen__sprangningar-per-polisregion-2019,sprängningar,försök,Bergslagen,2019,11,0
polisen__sprangningar-per-polisregion-2019,sprängningar,försök,Bergslagen,2019,12,0
polisen__sprangningar-per-polisregion-2020,sprängningar,försök,Bergslagen,2020,1,0
polisen__sprangningar-per-polisregion-2020,sprängningar,försök,Bergslagen,2020,2,0
polisen__sprangningar-per-polisregion-2020,sprängningar,försök,Bergslagen,2020,3,0
polisen__sprangningar-per-polisregion-2020,sprängningar,försök,Bergslagen,2020,4,0
polisen__sprangningar-per-polisregion-2020,sprängningar,försök,Bergslagen,2020,5,0
polisen__sprangningar-per-polisregion-2020,sprängningar,försök,Bergslagen,2020,6,0
polisen__sprangningar-per-polisregion-2020,sprängningar,försök,Bergslagen,2020,7,0
polisen__sprangningar-per-polisregion-2020,sprängningar,försök,Bergslagen,2020,8,0
polisen__sprangningar-per-polisregion-2020,sprängningar,försök,Bergslagen,2020,9,0
polisen__sprangningar-per-polisregion-2020,sprängningar,försök,Bergslagen,2020,10,0
polisen__sprangningar-per-polisregion-2020,sprängningar,försök,Bergslagen,2020,11,0
polisen__sprangningar-per-polisregion-2020,sprängningar,försök,Bergslagen,2020,12,0
polisen__sprangningar-per-polisregion-2021,sprängningar,försök,Bergslagen,2021,1,0
polisen__sprangningar-per-polisregion-2021,sprängningar,försök,Bergslagen,2021,2,0
polisen__sprangningar-per-polisregion-2021,sprängningar,försök,Bergslagen,2021,3,0
polisen__sprangningar-per-polisregion-2021,sprängningar,försök,Bergslagen,2021,4,0
polisen__sprangningar-per-polisregion-2021,sprängningar,försök,Bergslagen,2021,5,0
polisen__sprangningar-per-polisregion-2021,sprängningar,försök,Bergslagen,2021,6,0
polisen__sprangningar-per-polisregion-2021,sprängningar,försök,Bergslagen,2021,7,0
polisen__sprangningar-per-polisregion-2021,sprängningar,försök,Bergslagen,2021,8,0
polisen__sprangningar-per-polisregion-2021,sprängningar,försök,Bergslagen,2021,9,0
polisen__sprangningar-per-polisregion-2021,sprängningar,försök,Bergslagen,2021,10,0
polisen__sprangningar-per-polisregion-2021,sprängningar,försök,Bergslagen,2021,11,0
polisen__sprangningar-per-polisregion-2021,sprängningar,försök,Bergslagen,2021,12,0
polisen__sprangningar-per-polisregion-2022,sprängningar,försök,Bergslagen,2022,1,0
polisen__sprangningar-per-polisregion-2022,sprängningar,försök,Bergslagen,2022,2,0
polisen__sprangningar-per-polisregion-2022,sprängningar,försök,Bergslagen,2022,3,0
polisen__sprangningar-per-polisregion-2022,sprängningar,försök,Bergslagen,2022,4,0
polisen__sprangningar-per-polisregion-2022,sprängningar,försök,Bergslagen,2022,5,1
polisen__sprangningar-per-polisregion-2022,sprängningar,försök,Bergslagen,2022,6,0
polisen__sprangningar-per-polisregion-2022,sprängningar,försök,Bergslagen,2022,7,0
polisen__sprangningar-per-polisregion-2022,sprängningar,försök,Bergslagen,2022,8,0
polisen__sprangningar-per-polisregion-2022,sprängningar,försök,Bergslagen,2022,9,0
polisen__sprangningar-per-polisregion-2022,sprängningar,försök,Bergslagen,2022,10,0
polisen__sprangningar-per-polisregion-2022,sprängningar,försök,Bergslagen,2022,11,0
polisen__sprangningar-per-polisregion-2022,sprängningar,försök,Bergslagen,2022,12,0
polisen__sprangningar-per-polisregion-2023,sprängningar,försök,Bergslagen,2023,1,0
polisen__sprangningar-per-polisregion-2023,sprängningar,försök,Bergslagen,2023,2,0
polisen__sprangningar-per-polisregion-2023,sprängningar,försök,Bergslagen,2023,3,2
polisen__sprangningar-per-polisregion-2023,sprängningar,försök,Bergslagen,2023,4,0
polisen__sprangningar-per-polisregion-2023,sprängningar,försök,Bergslagen,2023,5,0
polisen__sprangningar-per-polisregion-2023,sprängningar,försök,Bergslagen,2023,6,1
polisen__sprangningar-per-polisregion-2023,sprängningar,försök,Bergslagen,2023,7,0
polisen__sprangningar-per-polisregion-2023,sprängningar,försök,Bergslagen,2023,8,0
polisen__sprangningar-per-polisregion-2023,sprängningar,försök,Bergslagen,2023,9,0
polisen__sprangningar-per-polisregion-2023,sprängningar,försök,Bergslagen,2023,10,0
polisen__sprangningar-per-polisregion-2023,sprängningar,försök,Bergslagen,2023,11,0
polisen__sprangningar-per-polisregion-2023,sprängningar,försök,Bergslagen,2023,12,0
polisen__sprangningar-per-polisregion-2024,sprängningar,försök,Bergslagen,2024,1,0
polisen__sprangningar-per-polisregion-2024,sprängningar,försök,Bergslagen,2024,2,0
polisen__sprangningar-per-polisregion-2024,sprängningar,försök,Bergslagen,2024,3,0
polisen__sprangningar-per-polisregion-2024,sprängningar,försök,Bergslagen,2024,4,0
polisen__sprangningar-per-polisregion-2024,sprängningar,försök,Bergslagen,2024,5,1
polisen__sprangningar-per-polisregion-2024,sprängningar,försök,Bergslagen,2024,6,0
polisen__sprangningar-per-polisregion-2024,sprängningar,försök,Bergslagen,2024,7,0
polisen__sprangningar-per-polisregion-2024,sprängningar,försök,Bergslagen,2024,8,0
polisen__sprangningar-per-polisregion-2024,sprängningar,försök,Bergslagen,2024,9,0
polisen__sprangningar-per-polisregion-2024,sprängningar,försök,Bergslagen,2024,10,0
polisen__sprangningar-per-polisregion-2024,sprängningar,försök,Bergslagen,2024,11,0
polisen__sprangningar-per-polisregion-2024,sprängningar,försök,Bergslagen,2024,12,0
polisen__sprangningar-per-polisregion-2025,sprängningar,försök,Bergslagen,2025,1,1
polisen__sprangningar-per-polisregion-2025,sprängningar,försök,Bergslagen,2025,2,0
polisen__sprangningar-per-polisregion-2025,sprängningar,försök,Bergslagen,2025,3,0
polisen__sprangningar-per-polisregion-2025,sprängningar,försök,Bergslagen,2025,4,1
polisen__sprangningar-per-polisregion-2025,sprängningar,försök,Bergslagen,2025,5,1
polisen__sprangningar-per-polisregion-2025,sprängningar,försök,Bergslagen,2025,6,0
polisen__sprangningar-per-polisregion-2025,sprängningar,försök,Bergslagen,2025,7,0
polisen__sprangningar-per-polisregion-2025,sprängningar,försök,Bergslagen,2025,8,1
polisen__sprangningar-per-polisregion-2025,sprängningar,försök,Bergslagen,2025,9,0
polisen__sprangningar-per-polisregion-2025,sprängningar,försök,Bergslagen,2025,10,0
polisen__sprangningar-per-polisregion-2025,sprängningar,försök,Bergslagen,2025,11,0
polisen__sprangningar-per-polisregion-2025,sprängningar,försök,Bergslagen,2025,12,0
polisen__sprangningar-per-polisregion-tolv-manader,sprängningar,försök,Bergslagen,2026,1,0
polisen__sprangningar-per-polisregion-tolv-manader,sprängningar,försök,Bergslagen,2026,2,0
polisen__sprangningar-per-polisregion-tolv-manader,sprängningar,försök,Bergslagen,2026,3,0
polisen__sprangningar-per-polisregion-tolv-manader,sprängningar,försök,Bergslagen,2026,4,1
polisen__sprangningar-per-polisregion-tolv-manader,sprängningar,försök,Bergslagen,2026,5,0
polisen__sprangningar-per-polisregion-tolv-manader,sprängningar,försök,Bergslagen,2026,6,0
polisen__sprangningar-per-polisregion-tolv-manader,sprängningar,försök,Bergslagen,2026,7,0
polisen__sprangningar-per-polisregion-tolv-manader,sprängningar,försök,Bergslagen,2026,8,0
polisen__sprangningar-per-polisregion-2018,sprängningar,försök,Mitt,2018,1,1
polisen__sprangningar-per-polisregion-2018,sprängningar,försök,Mitt,2018,2,0
polisen__sprangningar-per-polisregion-2018,sprängningar,försök,Mitt,2018,3,0
polisen__sprangningar-per-polisregion-2018,sprängningar,försök,Mitt,2018,4,0
polisen__sprangningar-per-polisregion-2018,sprängningar,försök,Mitt,2018,5,1
polisen__sprangningar-per-polisregion-2018,sprängningar,försök,Mitt,2018,6,0
polisen__sprangningar-per-polisregion-2018,sprängningar,försök,Mitt,2018,7,0
polisen__sprangningar-per-polisregion-2018,sprängningar,försök,Mitt,2018,8,0
polisen__sprangningar-per-polisregion-2018,sprängningar,försök,Mitt,2018,9,0
polisen__sprangningar-per-polisregion-2018,sprängningar,försök,Mitt,2018,10,0
polisen__sprangningar-per-polisregion-2018,sprängningar,försök,Mitt,2018,11,0
polisen__sprangningar-per-polisregion-2018,sprängningar,försök,Mitt,2018,12,0
polisen__sprangningar-per-polisregion-2019,sprängningar,försök,Mitt,2019,1,0
polisen__sprangningar-per-polisregion-2019,sprängningar,försök,Mitt,2019,2,0
polisen__sprangningar-per-polisregion-2019,sprängningar,försök,Mitt,2019,3,0
polisen__sprangningar-per-polisregion-2019,sprängningar,försök,Mitt,2019,4,0
polisen__sprangningar-per-polisregion-2019,sprängningar,försök,Mitt,2019,5,0
polisen__sprangningar-per-polisregion-2019,sprängningar,försök,Mitt,2019,6,0
polisen__sprangningar-per-polisregion-2019,sprängningar,försök,Mitt,2019,7,0
polisen__sprangningar-per-polisregion-2019,sprängningar,försök,Mitt,2019,8,1
polisen__sprangningar-per-polisregion-2019,sprängningar,försök,Mitt,2019,9,0
polisen__sprangningar-per-polisregion-2019,sprängningar,försök,Mitt,2019,10,0
polisen__sprangningar-per-polisregion-2019,sprängningar,försök,Mitt,2019,11,0
polisen__sprangningar-per-polisregion-2019,sprängningar,försök,Mitt,2019,12,0
polisen__sprangningar-per-polisregion-2020,sprängningar,försök,Mitt,2020,1,0
polisen__sprangningar-per-polisregion-2020,sprängningar,försök,Mitt,2020,2,1
polisen__sprangningar-per-polisregion-2020,sprängningar,försök,Mitt,2020,3,0
polisen__sprangningar-per-polisregion-2020,sprängningar,försök,Mitt,2020,4,0
polisen__sprangningar-per-polisregion-2020,sprängningar,försök,Mitt,2020,5,0
polisen__sprangningar-per-polisregion-2020,sprängningar,försök,Mitt,2020,6,0
polisen__sprangningar-per-polisregion-2020,sprängningar,försök,Mitt,2020,7,0
polisen__sprangningar-per-polisregion-2020,sprängningar,försök,Mitt,2020,8,0
polisen__sprangningar-per-polisregion-2020,sprängningar,försök,Mitt,2020,9,0
polisen__sprangningar-per-polisregion-2020,sprängningar,försök,Mitt,2020,10,0
polisen__sprangningar-per-polisregion-2020,sprängningar,försök,Mitt,2020,11,0
polisen__sprangningar-per-polisregion-2020,sprängningar,försök,Mitt,2020,12,0
polisen__sprangningar-per-polisregion-2021,sprängningar,försök,Mitt,2021,1,0
polisen__sprangningar-per-polisregion-2021,sprängningar,försök,Mitt,2021,2,0
polisen__sprangningar-per-polisregion-2021,sprängningar,försök,Mitt,2021,3,0
polisen__sprangningar-per-polisregion-2021,sprängningar,försök,Mitt,2021,4,0
polisen__sprangningar-per-polisregion-2021,sprängningar,försök,Mitt,2021,5,1
polisen__sprangningar-per-polisregion-2021,sprängningar,försök,Mitt,2021,6,0
polisen__sprangningar-per-polisregion-2021,sprängningar,försök,Mitt,2021,7,0
polisen__sprangningar-per-polisregion-2021,sprängningar,försök,Mitt,2021,8,0
polisen__sprangningar-per-polisregion-2021,sprängningar,försök,Mitt,2021,9,0
polisen__sprangningar-per-polisregion-2021,sprängningar,försök,Mitt,2021,10,0
polisen__sprangningar-per-polisregion-2021,sprängningar,försök,Mitt,2021,11,0
polisen__sprangningar-per-polisregion-2021,sprängningar,försök,Mitt,2021,12,0
polisen__sprangningar-per-polisregion-2022,sprängningar,försök,Mitt,2022,1,1
polisen__sprangningar-per-polisregion-2022,sprängningar,försök,Mitt,2022,2,0
polisen__sprangningar-per-polisregion-2022,sprängningar,försök,Mitt,2022,3,0
polisen__sprangningar-per-polisregion-2022,sprängningar,försök,Mitt,2022,4,0
polisen__sprangningar-per-polisregion-2022,sprängningar,försök,Mitt,2022,5,1
polisen__sprangningar-per-polisregion-2022,sprängningar,försök,Mitt,2022,6,0
polisen__sprangningar-per-polisregion-2022,sprängningar,försök,Mitt,2022,7,0
polisen__sprangningar-per-polisregion-2022,sprängningar,försök,Mitt,2022,8,0
polisen__sprangningar-per-polisregion-2022,sprängningar,försök,Mitt,2022,9,0
polisen__sprangningar-per-polisregion-2022,sprängningar,försök,Mitt,2022,10,0
polisen__sprangningar-per-polisregion-2022,sprängningar,försök,Mitt,2022,11,0
polisen__sprangningar-per-polisregion-2022,sprängningar,försök,Mitt,2022,12,0
polisen__sprangningar-per-polisregion-2023,sprängningar,försök,Mitt,2023,1,1
polisen__sprangningar-per-polisregion-2023,sprängningar,försök,Mitt,2023,2,1
polisen__sprangningar-per-polisregion-2023,sprängningar,försök,Mitt,2023,3,0
polisen__sprangningar-per-polisregion-2023,sprängningar,försök,Mitt,2023,4,0
polisen__sprangningar-per-polisregion-2023,sprängningar,försök,Mitt,2023,5,1
polisen__sprangningar-per-polisregion-2023,sprängningar,försök,Mitt,2023,6,0
polisen__sprangningar-per-polisregion-2023,sprängningar,försök,Mitt,2023,7,1
polisen__sprangningar-per-polisregion-2023,sprängningar,försök,Mitt,2023,8,2
polisen__sprangningar-per-polisregion-2023,sprängningar,försök,Mitt,2023,9,1
polisen__sprangningar-per-polisregion-2023,sprängningar,försök,Mitt,2023,10,1
polisen__sprangningar-per-polisregion-2023,sprängningar,försök,Mitt,2023,11,0
polisen__sprangningar-per-polisregion-2023,sprängningar,försök,Mitt,2023,12,1
polisen__sprangningar-per-polisregion-2024,sprängningar,försök,Mitt,2024,1,0
polisen__sprangningar-per-polisregion-2024,sprängningar,försök,Mitt,2024,2,2
polisen__sprangningar-per-polisregion-2024,sprängningar,försök,Mitt,2024,3,1
polisen__sprangningar-per-polisregion-2024,sprängningar,försök,Mitt,2024,4,0
polisen__sprangningar-per-polisregion-2024,sprängningar,försök,Mitt,2024,5,0
polisen__sprangningar-per-polisregion-2024,sprängningar,försök,Mitt,2024,6,0
polisen__sprangningar-per-polisregion-2024,sprängningar,försök,Mitt,2024,7,0
polisen__sprangningar-per-polisregion-2024,sprängningar,försök,Mitt,2024,8,0
polisen__sprangningar-per-polisregion-2024,sprängningar,försök,Mitt,2024,9,1
polisen__sprangningar-per-polisregion-2024,sprängningar,försök,Mitt,2024,10,1
polisen__sprangningar-per-polisregion-2024,sprängningar,försök,Mitt,2024,11,0
polisen__sprangningar-per-polisregion-2024,sprängningar,försök,Mitt,2024,12,1
polisen__sprangningar-per-polisregion-2025,sprängningar,försök,Mitt,2025,1,0
polisen__sprangningar-per-polisregion-2025,sprängningar,försök,Mitt,2025,2,0
polisen__sprangningar-per-polisregion-2025,sprängningar,försök,Mitt,2025,3,1
polisen__sprangningar-per-polisregion-2025,sprängningar,försök,Mitt,2025,4,0
polisen__sprangningar-per-polisregion-2025,sprängningar,försök,Mitt,2025,5,0
polisen__sprangningar-per-polisregion-2025,sprängningar,försök,Mitt,2025,6,0
polisen__sprangningar-per-polisregion-2025,sprängningar,försök,Mitt,2025,7,0
polisen__sprangningar-per-polisregion-2025,sprängningar,försök,Mitt,2025,8,0
polisen__sprangningar-per-polisregion-2025,sprängningar,försök,Mitt,2025,9,1
polisen__sprangningar-per-polisregion-2025,sprängningar,försök,Mitt,2025,10,2
polisen__sprangningar-per-polisregion-2025,sprängningar,försök,Mitt,2025,11,0
polisen__sprangningar-per-polisregion-2025,sprängningar,försök,Mitt,2025,12,0
polisen__sprangningar-per-polisregion-tolv-manader,sprängningar,försök,Mitt,2026,1,0
polisen__sprangningar-per-polisregion-tolv-manader,sprängningar,försök,Mitt,2026,2,0
polisen__sprangningar-per-polisregion-tolv-manader,sprängningar,försök,Mitt,2026,3,0
polisen__sprangningar-per-polisregion-tolv-manader,sprängningar,försök,Mitt,2026,4,1
polisen__sprangningar-per-polisregion-tolv-manader,sprängningar,försök,Mitt,2026,5,0
polisen__sprangningar-per-polisregion-tolv-manader,sprängningar,försök,Mitt,2026,6,0
polisen__sprangningar-per-polisregion-tolv-manader,sprängningar,försök,Mitt,2026,7,0
polisen__sprangningar-per-polisregion-tolv-manader,sprängningar,försök,Mitt,2026,8,0
polisen__sprangningar-per-polisregion-2018,sprängningar,försök,Nord,2018,1,0
polisen__sprangningar-per-polisregion-2018,sprängningar,försök,Nord,2018,2,0
polisen__sprangningar-per-polisregion-2018,sprängningar,försök,Nord,2018,3,0
polisen__sprangningar-per-polisregion-2018,sprängningar,försök,Nord,2018,4,0
polisen__sprangningar-per-polisregion-2018,sprängningar,försök,Nord,2018,5,0
polisen__sprangningar-per-polisregion-2018,sprängningar,försök,Nord,2018,6,1
polisen__sprangningar-per-polisregion-2018,sprängningar,försök,Nord,2018,7,0
polisen__sprangningar-per-polisregion-2018,sprängningar,försök,Nord,2018,8,0
polisen__sprangningar-per-polisregion-2018,sprängningar,försök,Nord,2018,9,1
polisen__sprangningar-per-polisregion-2018,sprängningar,försök,Nord,2018,10,0
polisen__sprangningar-per-polisregion-2018,sprängningar,försök,Nord,2018,11,0
polisen__sprangningar-per-polisregion-2018,sprängningar,försök,Nord,2018,12,0
polisen__sprangningar-per-polisregion-2019,sprängningar,försök,Nord,2019,1,0
polisen__sprangningar-per-polisregion-2019,sprängningar,försök,Nord,2019,2,0
polisen__sprangningar-per-polisregion-2019,sprängningar,försök,Nord,2019,3,1
polisen__sprangningar-per-polisregion-2019,sprängningar,försök,Nord,2019,4,0
polisen__sprangningar-per-polisregion-2019,sprängningar,försök,Nord,2019,5,0
polisen__sprangningar-per-polisregion-2019,sprängningar,försök,Nord,2019,6,0
polisen__sprangningar-per-polisregion-2019,sprängningar,försök,Nord,2019,7,1
polisen__sprangningar-per-polisregion-2019,sprängningar,försök,Nord,2019,8,0
polisen__sprangningar-per-polisregion-2019,sprängningar,försök,Nord,2019,9,0
polisen__sprangningar-per-polisregion-2019,sprängningar,försök,Nord,2019,10,0
polisen__sprangningar-per-polisregion-2019,sprängningar,försök,Nord,2019,11,0
polisen__sprangningar-per-polisregion-2019,sprängningar,försök,Nord,2019,12,0
polisen__sprangningar-per-polisregion-2020,sprängningar,försök,Nord,2020,1,0
polisen__sprangningar-per-polisregion-2020,sprängningar,försök,Nord,2020,2,0
polisen__sprangningar-per-polisregion-2020,sprängningar,försök,Nord,2020,3,0
polisen__sprangningar-per-polisregion-2020,sprängningar,försök,Nord,2020,4,0
polisen__sprangningar-per-polisregion-2020,sprängningar,försök,Nord,2020,5,0
polisen__sprangningar-per-polisregion-2020,sprängningar,försök,Nord,2020,6,0
polisen__sprangningar-per-polisregion-2020,sprängningar,försök,Nord,2020,7,0
polisen__sprangningar-per-polisregion-2020,sprängningar,försök,Nord,2020,8,0
polisen__sprangningar-per-polisregion-2020,sprängningar,försök,Nord,2020,9,1
polisen__sprangningar-per-polisregion-2020,sprängningar,försök,Nord,2020,10,2
polisen__sprangningar-per-polisregion-2020,sprängningar,försök,Nord,2020,11,0
polisen__sprangningar-per-polisregion-2020,sprängningar,försök,Nord,2020,12,0
polisen__sprangningar-per-polisregion-2021,sprängningar,försök,Nord,2021,1,0
polisen__sprangningar-per-polisregion-2021,sprängningar,försök,Nord,2021,2,0
polisen__sprangningar-per-polisregion-2021,sprängningar,försök,Nord,2021,3,0
polisen__sprangningar-per-polisregion-2021,sprängningar,försök,Nord,2021,4,1
polisen__sprangningar-per-polisregion-2021,sprängningar,försök,Nord,2021,5,0
polisen__sprangningar-per-polisregion-2021,sprängningar,försök,Nord,2021,6,0
polisen__sprangningar-per-polisregion-2021,sprängningar,försök,Nord,2021,7,0
polisen__sprangningar-per-polisregion-2021,sprängningar,försök,Nord,2021,8,0
polisen__sprangningar-per-polisregion-2021,sprängningar,försök,Nord,2021,9,0
polisen__sprangningar-per-polisregion-2021,sprängningar,försök,Nord,2021,10,0
polisen__sprangningar-per-polisregion-2021,sprängningar,försök,Nord,2021,11,0
polisen__sprangningar-per-polisregion-2021,sprängningar,försök,Nord,2021,12,0
polisen__sprangningar-per-polisregion-2022,sprängningar,försök,Nord,2022,1,0
polisen__sprangningar-per-polisregion-2022,sprängningar,försök,Nord,2022,2,0
polisen__sprangningar-per-polisregion-2022,sprängningar,försök,Nord,2022,3,0
polisen__sprangningar-per-polisregion-2022,sprängningar,försök,Nord,2022,4,0
polisen__sprangningar-per-polisregion-2022,sprängningar,försök,Nord,2022,5,0
polisen__sprangningar-per-polisregion-2022,sprängningar,försök,Nord,2022,6,0
polisen__sprangningar-per-polisregion-2022,sprängningar,försök,Nord,2022,7,0
polisen__sprangningar-per-polisregion-2022,sprängningar,försök,Nord,2022,8,0
polisen__sprangningar-per-polisregion-2022,sprängningar,försök,Nord,2022,9,0
polisen__sprangningar-per-polisregion-2022,sprängningar,försök,Nord,2022,10,0
polisen__sprangningar-per-polisregion-2022,sprängningar,försök,Nord,2022,11,0
polisen__sprangningar-per-polisregion-2022,sprängningar,försök,Nord,2022,12,0
polisen__sprangningar-per-polisregion-2023,sprängningar,försök,Nord,2023,1,0
polisen__sprangningar-per-polisregion-2023,sprängningar,försök,Nord,2023,2,0
polisen__sprangningar-per-polisregion-2023,sprängningar,försök,Nord,2023,3,0
polisen__sprangningar-per-polisregion-2023,sprängningar,försök,Nord,2023,4,1
polisen__sprangningar-per-polisregion-2023,sprängningar,försök,Nord,2023,5,0
polisen__sprangningar-per-polisregion-2023,sprängningar,försök,Nord,2023,6,0
polisen__sprangningar-per-polisregion-2023,sprängningar,försök,Nord,2023,7,0
polisen__sprangningar-per-polisregion-2023,sprängningar,försök,Nord,2023,8,0
polisen__sprangningar-per-polisregion-2023,sprängningar,försök,Nord,2023,9,0
polisen__sprangningar-per-polisregion-2023,sprängningar,försök,Nord,2023,10,0
polisen__sprangningar-per-polisregion-2023,sprängningar,försök,Nord,2023,11,0
polisen__sprangningar-per-polisregion-2023,sprängningar,försök,Nord,2023,12,0
polisen__sprangningar-per-polisregion-2024,sprängningar,försök,Nord,2024,1,0
polisen__sprangningar-per-polisregion-2024,sprängningar,försök,Nord,2024,2,0
polisen__sprangningar-per-polisregion-2024,sprängningar,försök,Nord,2024,3,0
polisen__sprangningar-per-polisregion-2024,sprängningar,försök,Nord,2024,4,0
polisen__sprangningar-per-polisregion-2024,sprängningar,försök,Nord,2024,5,0
polisen__sprangningar-per-polisregion-2024,sprängningar,försök,Nord,2024,6,0
polisen__sprangningar-per-polisregion-2024,sprängningar,försök,Nord,2024,7,0
polisen__sprangningar-per-polisregion-2024,sprängningar,försök,Nord,2024,8,0
polisen__sprangningar-per-polisregion-2024,sprängningar,försök,Nord,2024,9,0
polisen__sprangningar-per-polisregion-2024,sprängningar,försök,Nord,2024,10,0
polisen__sprangningar-per-polisregion-2024,sprängningar,försök,Nord,2024,11,0
polisen__sprangningar-per-polisregion-2024,sprängningar,försök,Nord,2024,12,0
polisen__sprangningar-per-polisregion-2025,sprängningar,försök,Nord,2025,1,0
polisen__sprangningar-per-polisregion-2025,sprängningar,försök,Nord,2025,2,0
polisen__sprangningar-per-polisregion-2025,sprängningar,försök,Nord,2025,3,0
polisen__sprangningar-per-polisregion-2025,sprängningar,försök,Nord,2025,4,0
polisen__sprangningar-per-polisregion-2025,sprängningar,försök,Nord,2025,5,0
polisen__sprangningar-per-polisregion-2025,sprängningar,försök,Nord,2025,6,0
polisen__sprangningar-per-polisregion-2025,sprängningar,försök,Nord,2025,7,0
polisen__sprangningar-per-polisregion-2025,sprängningar,försök,Nord,2025,8,0
polisen__sprangningar-per-polisregion-2025,sprängningar,försök,Nord,2025,9,0
polisen__sprangningar-per-polisregion-2025,sprängningar,försök,Nord,2025,10,0
polisen__sprangningar-per-polisregion-2025,sprängningar,försök,Nord,2025,11,0
polisen__sprangningar-per-polisregion-2025,sprängningar,försök,Nord,2025,12,0
polisen__sprangningar-per-polisregion-tolv-manader,sprängningar,försök,Nord,2026,1,0
polisen__sprangningar-per-polisregion-tolv-manader,sprängningar,försök,Nord,2026,2,0
polisen__sprangningar-per-polisregion-tolv-manader,sprängningar,försök,Nord,2026,3,0
polisen__sprangningar-per-polisregion-tolv-manader,sprängningar,försök,Nord,2026,4,0
polisen__sprangningar-per-polisregion-tolv-manader,sprängningar,försök,Nord,2026,5,0
polisen__sprangningar-per-polisregion-tolv-manader,sprängningar,försök,Nord,2026,6,1
polisen__sprangningar-per-polisregion-tolv-manader,sprängningar,försök,Nord,2026,7,0
polisen__sprangningar-per-polisregion-tolv-manader,sprängningar,försök,Nord,2026,8,0
polisen__sprangningar-per-polisregion-2018,sprängningar,försök,Stockholm,2018,1,1
polisen__sprangningar-per-polisregion-2018,sprängningar,försök,Stockholm,2018,2,0
polisen__sprangningar-per-polisregion-2018,sprängningar,försök,Stockholm,2018,3,0
polisen__sprangningar-per-polisregion-2018,sprängningar,försök,Stockholm,2018,4,1
polisen__sprangningar-per-polisregion-2018,sprängningar,försök,Stockholm,2018,5,0
polisen__sprangningar-per-polisregion-2018,sprängningar,försök,Stockholm,2018,6,0
polisen__sprangningar-per-polisregion-2018,sprängningar,försök,Stockholm,2018,7,0
polisen__sprangningar-per-polisregion-2018,sprängningar,försök,Stockholm,2018,8,0
polisen__sprangningar-per-polisregion-2018,sprängningar,försök,Stockholm,2018,9,2
polisen__sprangningar-per-polisregion-2018,sprängningar,försök,Stockholm,2018,10,0
polisen__sprangningar-per-polisregion-2018,sprängningar,försök,Stockholm,2018,11,0
polisen__sprangningar-per-polisregion-2018,sprängningar,försök,Stockholm,2018,12,0
polisen__sprangningar-per-polisregion-2019,sprängningar,försök,Stockholm,2019,1,0
polisen__sprangningar-per-polisregion-2019,sprängningar,försök,Stockholm,2019,2,0
polisen__sprangningar-per-polisregion-2019,sprängningar,försök,Stockholm,2019,3,0
polisen__sprangningar-per-polisregion-2019,sprängningar,försök,Stockholm,2019,4,0
polisen__sprangningar-per-polisregion-2019,sprängningar,försök,Stockholm,2019,5,1
polisen__sprangningar-per-polisregion-2019,sprängningar,försök,Stockholm,2019,6,0
polisen__sprangningar-per-polisregion-2019,sprängningar,försök,Stockholm,2019,7,1
polisen__sprangningar-per-polisregion-2019,sprängningar,försök,Stockholm,2019,8,1
polisen__sprangningar-per-polisregion-2019,sprängningar,försök,Stockholm,2019,9,0
polisen__sprangningar-per-polisregion-2019,sprängningar,försök,Stockholm,2019,10,1
polisen__sprangningar-per-polisregion-2019,sprängningar,försök,Stockholm,2019,11,1
polisen__sprangningar-per-polisregion-2019,sprängningar,försök,Stockholm,2019,12,0
polisen__sprangningar-per-polisregion-2020,sprängningar,försök,Stockholm,2020,1,0
polisen__sprangningar-per-polisregion-2020,sprängningar,försök,Stockholm,2020,2,0
polisen__sprangningar-per-polisregion-2020,sprängningar,försök,Stockholm,2020,3,1
polisen__sprangningar-per-polisregion-2020,sprängningar,försök,Stockholm,2020,4,1
polisen__sprangningar-per-polisregion-2020,sprängningar,försök,Stockholm,2020,5,0
polisen__sprangningar-per-polisregion-2020,sprängningar,försök,Stockholm,2020,6,0
polisen__sprangningar-per-polisregion-2020,sprängningar,försök,Stockholm,2020,7,0
polisen__sprangningar-per-polisregion-2020,sprängningar,försök,Stockholm,2020,8,0
polisen__sprangningar-per-polisregion-2020,sprängningar,försök,Stockholm,2020,9,0
polisen__sprangningar-per-polisregion-2020,sprängningar,försök,Stockholm,2020,10,0
polisen__sprangningar-per-polisregion-2020,sprängningar,försök,Stockholm,2020,11,0
polisen__sprangningar-per-polisregion-2020,sprängningar,försök,Stockholm,2020,12,0
polisen__sprangningar-per-polisregion-2021,sprängningar,försök,Stockholm,2021,1,0
polisen__sprangningar-per-polisregion-2021,sprängningar,försök,Stockholm,2021,2,0
polisen__sprangningar-per-polisregion-2021,sprängningar,försök,Stockholm,2021,3,0
polisen__sprangningar-per-polisregion-2021,sprängningar,försök,Stockholm,2021,4,0
polisen__sprangningar-per-polisregion-2021,sprängningar,försök,Stockholm,2021,5,0
polisen__sprangningar-per-polisregion-2021,sprängningar,försök,Stockholm,2021,6,0
polisen__sprangningar-per-polisregion-2021,sprängningar,försök,Stockholm,2021,7,0
polisen__sprangningar-per-polisregion-2021,sprängningar,försök,Stockholm,2021,8,0
polisen__sprangningar-per-polisregion-2021,sprängningar,försök,Stockholm,2021,9,0
polisen__sprangningar-per-polisregion-2021,sprängningar,försök,Stockholm,2021,10,0
polisen__sprangningar-per-polisregion-2021,sprängningar,försök,Stockholm,2021,11,0
polisen__sprangningar-per-polisregion-2021,sprängningar,försök,Stockholm,2021,12,0
polisen__sprangningar-per-polisregion-2022,sprängningar,försök,Stockholm,2022,1,0
polisen__sprangningar-per-polisregion-2022,sprängningar,försök,Stockholm,2022,2,0
polisen__sprangningar-per-polisregion-2022,sprängningar,försök,Stockholm,2022,3,0
polisen__sprangningar-per-polisregion-2022,sprängningar,försök,Stockholm,2022,4,2
polisen__sprangningar-per-polisregion-2022,sprängningar,försök,Stockholm,2022,5,1
polisen__sprangningar-per-polisregion-2022,sprängningar,försök,Stockholm,2022,6,0
polisen__sprangningar-per-polisregion-2022,sprängningar,försök,Stockholm,2022,7,2
polisen__sprangningar-per-polisregion-2022,sprängningar,försök,Stockholm,2022,8,2
polisen__sprangningar-per-polisregion-2022,sprängningar,försök,Stockholm,2022,9,0
polisen__sprangningar-per-polisregion-2022,sprängningar,försök,Stockholm,2022,10,0
polisen__sprangningar-per-polisregion-2022,sprängningar,försök,Stockholm,2022,11,0
polisen__sprangningar-per-polisregion-2022,sprängningar,försök,Stockholm,2022,12,1
polisen__sprangningar-per-polisregion-2023,sprängningar,försök,Stockholm,2023,1,1
polisen__sprangningar-per-polisregion-2023,sprängningar,försök,Stockholm,2023,2,1
polisen__sprangningar-per-polisregion-2023,sprängningar,försök,Stockholm,2023,3,1
polisen__sprangningar-per-polisregion-2023,sprängningar,försök,Stockholm,2023,4,1
polisen__sprangningar-per-polisregion-2023,sprängningar,försök,Stockholm,2023,5,1
polisen__sprangningar-per-polisregion-2023,sprängningar,försök,Stockholm,2023,6,2
polisen__sprangningar-per-polisregion-2023,sprängningar,försök,Stockholm,2023,7,0
polisen__sprangningar-per-polisregion-2023,sprängningar,försök,Stockholm,2023,8,2
polisen__sprangningar-per-polisregion-2023,sprängningar,försök,Stockholm,2023,9,7
polisen__sprangningar-per-polisregion-2023,sprängningar,försök,Stockholm,2023,10,0
polisen__sprangningar-per-polisregion-2023,sprängningar,försök,Stockholm,2023,11,4
polisen__sprangningar-per-polisregion-2023,sprängningar,försök,Stockholm,2023,12,2
polisen__sprangningar-per-polisregion-2024,sprängningar,försök,Stockholm,2024,1,2
polisen__sprangningar-per-polisregion-2024,sprängningar,försök,Stockholm,2024,2,1
polisen__sprangningar-per-polisregion-2024,sprängningar,försök,Stockholm,2024,3,1
polisen__sprangningar-per-polisregion-2024,sprängningar,försök,Stockholm,2024,4,1
polisen__sprangningar-per-polisregion-2024,sprängningar,försök,Stockholm,2024,5,2
polisen__sprangningar-per-polisregion-2024,sprängningar,försök,Stockholm,2024,6,2
polisen__sprangningar-per-polisregion-2024,sprängningar,försök,Stockholm,2024,7,2
polisen__sprangningar-per-polisregion-2024,sprängningar,försök,Stockholm,2024,8,0
polisen__sprangningar-per-polisregion-2024,sprängningar,försök,Stockholm,2024,9,1
polisen__sprangningar-per-polisregion-2024,sprängningar,försök,Stockholm,2024,10,3
polisen__sprangningar-per-polisregion-2024,sprängningar,försök,Stockholm,2024,11,1
polisen__sprangningar-per-polisregion-2024,sprängningar,försök,Stockholm,2024,12,2
polisen__sprangningar-per-polisregion-2025,sprängningar,försök,Stockholm,2025,1,6
polisen__sprangningar-per-polisregion-2025,sprängningar,försök,Stockholm,2025,2,0
polisen__sprangningar-per-polisregion-2025,sprängningar,försök,Stockholm,2025,3,1
polisen__sprangningar-per-polisregion-2025,sprängningar,försök,Stockholm,2025,4,1
polisen__sprangningar-per-polisregion-2025,sprängningar,försök,Stockholm,2025,5,0
polisen__sprangningar-per-polisregion-2025,sprängningar,försök,Stockholm,2025,6,2
polisen__sprangningar-per-polisregion-2025,sprängningar,försök,Stockholm,2025,7,0
polisen__sprangningar-per-polisregion-2025,sprängningar,försök,Stockholm,2025,8,0
polisen__sprangningar-per-polisregion-2025,sprängningar,försök,Stockholm,2025,9,4
polisen__sprangningar-per-polisregion-2025,sprängningar,försök,Stockholm,2025,10,2
polisen__sprangningar-per-polisregion-2025,sprängningar,försök,Stockholm,2025,11,0
polisen__sprangningar-per-polisregion-2025,sprängningar,försök,Stockholm,2025,12,0
polisen__sprangningar-per-polisregion-tolv-manader,sprängningar,försök,Stockholm,2026,1,0
polisen__sprangningar-per-polisregion-tolv-manader,sprängningar,försök,Stockholm,2026,2,0
polisen__sprangningar-per-polisregion-tolv-manader,sprängningar,försök,Stockholm,2026,3,0
polisen__sprangningar-per-polisregion-tolv-manader,sprängningar,försök,Stockholm,2026,4,0
polisen__sprangningar-per-polisregion-tolv-manader,sprängningar,försök,Stockholm,2026,5,0
polisen__sprangningar-per-polisregion-tolv-manader,sprängningar,försök,Stockholm,2026,6,0
polisen__sprangningar-per-polisregion-tolv-manader,sprängningar,försök,Stockholm,2026,7,0
polisen__sprangningar-per-polisregion-tolv-manader,sprängningar,försök,Stockholm,2026,8,1
polisen__sprangningar-per-polisregion-2018,sprängningar,försök,Syd,2018,1,0
polisen__sprangningar-per-polisregion-2018,sprängningar,försök,Syd,2018,2,2
polisen__sprangningar-per-polisregion-2018,sprängningar,försök,Syd,2018,3,1
polisen__sprangningar-per-polisregion-2018,sprängningar,försök,Syd,2018,4,0
polisen__sprangningar-per-polisregion-2018,sprängningar,försök,Syd,2018,5,0
polisen__sprangningar-per-polisregion-2018,sprängningar,försök,Syd,2018,6,0
polisen__sprangningar-per-polisregion-2018,sprängningar,försök,Syd,2018,7,0
polisen__sprangningar-per-polisregion-2018,sprängningar,försök,Syd,2018,8,0
polisen__sprangningar-per-polisregion-2018,sprängningar,försök,Syd,2018,9,0
polisen__sprangningar-per-polisregion-2018,sprängningar,försök,Syd,2018,10,0
polisen__sprangningar-per-polisregion-2018,sprängningar,försök,Syd,2018,11,0
polisen__sprangningar-per-polisregion-2018,sprängningar,försök,Syd,2018,12,0
polisen__sprangningar-per-polisregion-2019,sprängningar,försök,Syd,2019,1,0
polisen__sprangningar-per-polisregion-2019,sprängningar,försök,Syd,2019,2,0
polisen__sprangningar-per-polisregion-2019,sprängningar,försök,Syd,2019,3,0
polisen__sprangningar-per-polisregion-2019,sprängningar,försök,Syd,2019,4,1
polisen__sprangningar-per-polisregion-2019,sprängningar,försök,Syd,2019,5,0
polisen__sprangningar-per-polisregion-2019,sprängningar,försök,Syd,2019,6,0
polisen__sprangningar-per-polisregion-2019,sprängningar,försök,Syd,2019,7,1
polisen__sprangningar-per-polisregion-2019,sprängningar,försök,Syd,2019,8,3
polisen__sprangningar-per-polisregion-2019,sprängningar,försök,Syd,2019,9,1
polisen__sprangningar-per-polisregion-2019,sprängningar,försök,Syd,2019,10,0
polisen__sprangningar-per-polisregion-2019,sprängningar,försök,Syd,2019,11,2
polisen__sprangningar-per-polisregion-2019,sprängningar,försök,Syd,2019,12,2
polisen__sprangningar-per-polisregion-2020,sprängningar,försök,Syd,2020,1,2
polisen__sprangningar-per-polisregion-2020,sprängningar,försök,Syd,2020,2,1
polisen__sprangningar-per-polisregion-2020,sprängningar,försök,Syd,2020,3,0
polisen__sprangningar-per-polisregion-2020,sprängningar,försök,Syd,2020,4,0
polisen__sprangningar-per-polisregion-2020,sprängningar,försök,Syd,2020,5,0
polisen__sprangningar-per-polisregion-2020,sprängningar,försök,Syd,2020,6,0
polisen__sprangningar-per-polisregion-2020,sprängningar,försök,Syd,2020,7,0
polisen__sprangningar-per-polisregion-2020,sprängningar,försök,Syd,2020,8,0
polisen__sprangningar-per-polisregion-2020,sprängningar,försök,Syd,2020,9,0
polisen__sprangningar-per-polisregion-2020,sprängningar,försök,Syd,2020,10,0
polisen__sprangningar-per-polisregion-2020,sprängningar,försök,Syd,2020,11,0
polisen__sprangningar-per-polisregion-2020,sprängningar,försök,Syd,2020,12,0
polisen__sprangningar-per-polisregion-2021,sprängningar,försök,Syd,2021,1,0
polisen__sprangningar-per-polisregion-2021,sprängningar,försök,Syd,2021,2,0
polisen__sprangningar-per-polisregion-2021,sprängningar,försök,Syd,2021,3,0
polisen__sprangningar-per-polisregion-2021,sprängningar,försök,Syd,2021,4,1
polisen__sprangningar-per-polisregion-2021,sprängningar,försök,Syd,2021,5,1
polisen__sprangningar-per-polisregion-2021,sprängningar,försök,Syd,2021,6,0
polisen__sprangningar-per-polisregion-2021,sprängningar,försök,Syd,2021,7,0
polisen__sprangningar-per-polisregion-2021,sprängningar,försök,Syd,2021,8,0
polisen__sprangningar-per-polisregion-2021,sprängningar,försök,Syd,2021,9,0
polisen__sprangningar-per-polisregion-2021,sprängningar,försök,Syd,2021,10,0
polisen__sprangningar-per-polisregion-2021,sprängningar,försök,Syd,2021,11,1
polisen__sprangningar-per-polisregion-2021,sprängningar,försök,Syd,2021,12,0
polisen__sprangningar-per-polisregion-2022,sprängningar,försök,Syd,2022,1,1
polisen__sprangningar-per-polisregion-2022,sprängningar,försök,Syd,2022,2,2
polisen__sprangningar-per-polisregion-2022,sprängningar,försök,Syd,2022,3,2
polisen__sprangningar-per-polisregion-2022,sprängningar,försök,Syd,2022,4,6
polisen__sprangningar-per-polisregion-2022,sprängningar,försök,Syd,2022,5,0
polisen__sprangningar-per-polisregion-2022,sprängningar,försök,Syd,2022,6,0
polisen__sprangningar-per-polisregion-2022,sprängningar,försök,Syd,2022,7,0
polisen__sprangningar-per-polisregion-2022,sprängningar,försök,Syd,2022,8,0
polisen__sprangningar-per-polisregion-2022,sprängningar,försök,Syd,2022,9,0
polisen__sprangningar-per-polisregion-2022,sprängningar,försök,Syd,2022,10,0
polisen__sprangningar-per-polisregion-2022,sprängningar,försök,Syd,2022,11,2
polisen__sprangningar-per-polisregion-2022,sprängningar,försök,Syd,2022,12,0
polisen__sprangningar-per-polisregion-2023,sprängningar,försök,Syd,2023,1,0
polisen__sprangningar-per-polisregion-2023,sprängningar,försök,Syd,2023,2,2
polisen__sprangningar-per-polisregion-2023,sprängningar,försök,Syd,2023,3,1
polisen__sprangningar-per-polisregion-2023,sprängningar,försök,Syd,2023,4,1
polisen__sprangningar-per-polisregion-2023,sprängningar,försök,Syd,2023,5,0
polisen__sprangningar-per-polisregion-2023,sprängningar,försök,Syd,2023,6,1
polisen__sprangningar-per-polisregion-2023,sprängningar,försök,Syd,2023,7,0
polisen__sprangningar-per-polisregion-2023,sprängningar,försök,Syd,2023,8,1
polisen__sprangningar-per-polisregion-2023,sprängningar,försök,Syd,2023,9,0
polisen__sprangningar-per-polisregion-2023,sprängningar,försök,Syd,2023,10,4
polisen__sprangningar-per-polisregion-2023,sprängningar,försök,Syd,2023,11,2
polisen__sprangningar-per-polisregion-2023,sprängningar,försök,Syd,2023,12,1
polisen__sprangningar-per-polisregion-2024,sprängningar,försök,Syd,2024,1,2
polisen__sprangningar-per-polisregion-2024,sprängningar,försök,Syd,2024,2,3
polisen__sprangningar-per-polisregion-2024,sprängningar,försök,Syd,2024,3,0
polisen__sprangningar-per-polisregion-2024,sprängningar,försök,Syd,2024,4,0
polisen__sprangningar-per-polisregion-2024,sprängningar,försök,Syd,2024,5,2
polisen__sprangningar-per-polisregion-2024,sprängningar,försök,Syd,2024,6,0
polisen__sprangningar-per-polisregion-2024,sprängningar,försök,Syd,2024,7,1
polisen__sprangningar-per-polisregion-2024,sprängningar,försök,Syd,2024,8,3
polisen__sprangningar-per-polisregion-2024,sprängningar,försök,Syd,2024,9,2
polisen__sprangningar-per-polisregion-2024,sprängningar,försök,Syd,2024,10,1
polisen__sprangningar-per-polisregion-2024,sprängningar,försök,Syd,2024,11,0
polisen__sprangningar-per-polisregion-2024,sprängningar,försök,Syd,2024,12,3
polisen__sprangningar-per-polisregion-2025,sprängningar,försök,Syd,2025,1,0
polisen__sprangningar-per-polisregion-2025,sprängningar,försök,Syd,2025,2,0
polisen__sprangningar-per-polisregion-2025,sprängningar,försök,Syd,2025,3,0
polisen__sprangningar-per-polisregion-2025,sprängningar,försök,Syd,2025,4,3
polisen__sprangningar-per-polisregion-2025,sprängningar,försök,Syd,2025,5,2
polisen__sprangningar-per-polisregion-2025,sprängningar,försök,Syd,2025,6,0
polisen__sprangningar-per-polisregion-2025,sprängningar,försök,Syd,2025,7,0
polisen__sprangningar-per-polisregion-2025,sprängningar,försök,Syd,2025,8,2
polisen__sprangningar-per-polisregion-2025,sprängningar,försök,Syd,2025,9,6
polisen__sprangningar-per-polisregion-2025,sprängningar,försök,Syd,2025,10,2
polisen__sprangningar-per-polisregion-2025,sprängningar,försök,Syd,2025,11,1
polisen__sprangningar-per-polisregion-2025,sprängningar,försök,Syd,2025,12,0
polisen__sprangningar-per-polisregion-tolv-manader,sprängningar,försök,Syd,2026,1,1
polisen__sprangningar-per-polisregion-tolv-manader,sprängningar,försök,Syd,2026,2,0
polisen__sprangningar-per-polisregion-tolv-manader,sprängningar,försök,Syd,2026,3,1
polisen__sprangningar-per-polisregion-tolv-manader,sprängningar,försök,Syd,2026,4,0
polisen__sprangningar-per-polisregion-tolv-manader,sprängningar,försök,Syd,2026,5,1
polisen__sprangningar-per-polisregion-tolv-manader,sprängningar,försök,Syd,2026,6,0
polisen__sprangningar-per-polisregion-tolv-manader,sprängningar,försök,Syd,2026,7,0
polisen__sprangningar-per-polisregion-tolv-manader,sprängningar,försök,Syd,2026,8,0
polisen__sprangningar-per-polisregion-2018,sprängningar,försök,Totalt,2018,1,2
polisen__sprangningar-per-polisregion-2018,sprängningar,försök,Totalt,2018,2,2
polisen__sprangningar-per-polisregion-2018,sprängningar,försök,Totalt,2018,3,1
polisen__sprangningar-per-polisregion-2018,sprängningar,försök,Totalt,2018,4,2
polisen__sprangningar-per-polisregion-2018,sprängningar,försök,Totalt,2018,5,1
polisen__sprangningar-per-polisregion-2018,sprängningar,försök,Totalt,2018,6,1
polisen__sprangningar-per-polisregion-2018,sprängningar,försök,Totalt,2018,7,0
polisen__sprangningar-per-polisregion-2018,sprängningar,försök,Totalt,2018,8,0
polisen__sprangningar-per-polisregion-2018,sprängningar,försök,Totalt,2018,9,3
polisen__sprangningar-per-polisregion-2018,sprängningar,försök,Totalt,2018,10,0
polisen__sprangningar-per-polisregion-2018,sprängningar,försök,Totalt,2018,11,0
polisen__sprangningar-per-polisregion-2018,sprängningar,försök,Totalt,2018,12,0
polisen__sprangningar-per-polisregion-2019,sprängningar,försök,Totalt,2019,1,0
polisen__sprangningar-per-polisregion-2019,sprängningar,försök,Totalt,2019,2,0
polisen__sprangningar-per-polisregion-2019,sprängningar,försök,Totalt,2019,3,1
polisen__sprangningar-per-polisregion-2019,sprängningar,försök,Totalt,2019,4,4
polisen__sprangningar-per-polisregion-2019,sprängningar,försök,Totalt,2019,5,1
polisen__sprangningar-per-polisregion-2019,sprängningar,försök,Totalt,2019,6,0
polisen__sprangningar-per-polisregion-2019,sprängningar,försök,Totalt,2019,7,3
polisen__sprangningar-per-polisregion-2019,sprängningar,försök,Totalt,2019,8,5
polisen__sprangningar-per-polisregion-2019,sprängningar,försök,Totalt,2019,9,6
polisen__sprangningar-per-polisregion-2019,sprängningar,försök,Totalt,2019,10,1
polisen__sprangningar-per-polisregion-2019,sprängningar,försök,Totalt,2019,11,3
polisen__sprangningar-per-polisregion-2019,sprängningar,försök,Totalt,2019,12,3
polisen__sprangningar-per-polisregion-2020,sprängningar,försök,Totalt,2020,1,3
polisen__sprangningar-per-polisregion-2020,sprängningar,försök,Totalt,2020,2,2
polisen__sprangningar-per-polisregion-2020,sprängningar,försök,Totalt,2020,3,1
polisen__sprangningar-per-polisregion-2020,sprängningar,försök,Totalt,2020,4,1
polisen__sprangningar-per-polisregion-2020,sprängningar,försök,Totalt,2020,5,0
polisen__sprangningar-per-polisregion-2020,sprängningar,försök,Totalt,2020,6,0
polisen__sprangningar-per-polisregion-2020,sprängningar,försök,Totalt,2020,7,0
polisen__sprangningar-per-polisregion-2020,sprängningar,försök,Totalt,2020,8,0
polisen__sprangningar-per-polisregion-2020,sprängningar,försök,Totalt,2020,9,2
polisen__sprangningar-per-polisregion-2020,sprängningar,försök,Totalt,2020,10,4
polisen__sprangningar-per-polisregion-2020,sprängningar,försök,Totalt,2020,11,0
polisen__sprangningar-per-polisregion-2020,sprängningar,försök,Totalt,2020,12,0
polisen__sprangningar-per-polisregion-2021,sprängningar,försök,Totalt,2021,1,0
polisen__sprangningar-per-polisregion-2021,sprängningar,försök,Totalt,2021,2,2
polisen__sprangningar-per-polisregion-2021,sprängningar,försök,Totalt,2021,3,0
polisen__sprangningar-per-polisregion-2021,sprängningar,försök,Totalt,2021,4,2
polisen__sprangningar-per-polisregion-2021,sprängningar,försök,Totalt,2021,5,2
polisen__sprangningar-per-polisregion-2021,sprängningar,försök,Totalt,2021,6,0
polisen__sprangningar-per-polisregion-2021,sprängningar,försök,Totalt,2021,7,1
polisen__sprangningar-per-polisregion-2021,sprängningar,försök,Totalt,2021,8,0
polisen__sprangningar-per-polisregion-2021,sprängningar,försök,Totalt,2021,9,0
polisen__sprangningar-per-polisregion-2021,sprängningar,försök,Totalt,2021,10,0
polisen__sprangningar-per-polisregion-2021,sprängningar,försök,Totalt,2021,11,3
polisen__sprangningar-per-polisregion-2021,sprängningar,försök,Totalt,2021,12,0
polisen__sprangningar-per-polisregion-2022,sprängningar,försök,Totalt,2022,1,3
polisen__sprangningar-per-polisregion-2022,sprängningar,försök,Totalt,2022,2,2
polisen__sprangningar-per-polisregion-2022,sprängningar,försök,Totalt,2022,3,2
polisen__sprangningar-per-polisregion-2022,sprängningar,försök,Totalt,2022,4,9
polisen__sprangningar-per-polisregion-2022,sprängningar,försök,Totalt,2022,5,3
polisen__sprangningar-per-polisregion-2022,sprängningar,försök,Totalt,2022,6,0
polisen__sprangningar-per-polisregion-2022,sprängningar,försök,Totalt,2022,7,2
polisen__sprangningar-per-polisregion-2022,sprängningar,försök,Totalt,2022,8,3
polisen__sprangningar-per-polisregion-2022,sprängningar,försök,Totalt,2022,9,1
polisen__sprangningar-per-polisregion-2022,sprängningar,försök,Totalt,2022,10,3
polisen__sprangningar-per-polisregion-2022,sprängningar,försök,Totalt,2022,11,3
polisen__sprangningar-per-polisregion-2022,sprängningar,försök,Totalt,2022,12,2
polisen__sprangningar-per-polisregion-2023,sprängningar,försök,Totalt,2023,1,2
polisen__sprangningar-per-polisregion-2023,sprängningar,försök,Totalt,2023,2,4
polisen__sprangningar-per-polisregion-2023,sprängningar,försök,Totalt,2023,3,6
polisen__sprangningar-per-polisregion-2023,sprängningar,försök,Totalt,2023,4,5
polisen__sprangningar-per-polisregion-2023,sprängningar,försök,Totalt,2023,5,4
polisen__sprangningar-per-polisregion-2023,sprängningar,försök,Totalt,2023,6,4
polisen__sprangningar-per-polisregion-2023,sprängningar,försök,Totalt,2023,7,2
polisen__sprangningar-per-polisregion-2023,sprängningar,försök,Totalt,2023,8,6
polisen__sprangningar-per-polisregion-2023,sprängningar,försök,Totalt,2023,9,13
polisen__sprangningar-per-polisregion-2023,sprängningar,försök,Totalt,2023,10,7
polisen__sprangningar-per-polisregion-2023,sprängningar,försök,Totalt,2023,11,6
polisen__sprangningar-per-polisregion-2023,sprängningar,försök,Totalt,2023,12,5
polisen__sprangningar-per-polisregion-2024,sprängningar,försök,Totalt,2024,1,6
polisen__sprangningar-per-polisregion-2024,sprängningar,försök,Totalt,2024,2,7
polisen__sprangningar-per-polisregion-2024,sprängningar,försök,Totalt,2024,3,6
polisen__sprangningar-per-polisregion-2024,sprängningar,försök,Totalt,2024,4,3
polisen__sprangningar-per-polisregion-2024,sprängningar,försök,Totalt,2024,5,7
polisen__sprangningar-per-polisregion-2024,sprängningar,försök,Totalt,2024,6,2
polisen__sprangningar-per-polisregion-2024,sprängningar,försök,Totalt,2024,7,7
polisen__sprangningar-per-polisregion-2024,sprängningar,försök,Totalt,2024,8,3
polisen__sprangningar-per-polisregion-2024,sprängningar,försök,Totalt,2024,9,6
polisen__sprangningar-per-polisregion-2024,sprängningar,försök,Totalt,2024,10,6
polisen__sprangningar-per-polisregion-2024,sprängningar,försök,Totalt,2024,11,2
polisen__sprangningar-per-polisregion-2024,sprängningar,försök,Totalt,2024,12,8
polisen__sprangningar-per-polisregion-2025,sprängningar,försök,Totalt,2025,1,10
polisen__sprangningar-per-polisregion-2025,sprängningar,försök,Totalt,2025,2,2
polisen__sprangningar-per-polisregion-2025,sprängningar,försök,Totalt,2025,3,3
polisen__sprangningar-per-polisregion-2025,sprängningar,försök,Totalt,2025,4,6
polisen__sprangningar-per-polisregion-2025,sprängningar,försök,Totalt,2025,5,4
polisen__sprangningar-per-polisregion-2025,sprängningar,försök,Totalt,2025,6,3
polisen__sprangningar-per-polisregion-2025,sprängningar,försök,Totalt,2025,7,0
polisen__sprangningar-per-polisregion-2025,sprängningar,försök,Totalt,2025,8,5
polisen__sprangningar-per-polisregion-2025,sprängningar,försök,Totalt,2025,9,16
polisen__sprangningar-per-polisregion-2025,sprängningar,försök,Totalt,2025,10,8
polisen__sprangningar-per-polisregion-2025,sprängningar,försök,Totalt,2025,11,2
polisen__sprangningar-per-polisregion-2025,sprängningar,försök,Totalt,2025,12,0
polisen__sprangningar-per-polisregion-tolv-manader,sprängningar,försök,Totalt,2026,1,5
polisen__sprangningar-per-polisregion-tolv-manader,sprängningar,försök,Totalt,2026,2,0
polisen__sprangningar-per-polisregion-tolv-manader,sprängningar,försök,Totalt,2026,3,1
polisen__sprangningar-per-polisregion-tolv-manader,sprängningar,försök,Totalt,2026,4,3
polisen__sprangningar-per-polisregion-tolv-manader,sprängningar,försök,Totalt,2026,5,4
polisen__sprangningar-per-polisregion-tolv-manader,sprängningar,försök,Totalt,2026,6,1
polisen__sprangningar-per-polisregion-tolv-manader,sprängningar,försök,Totalt,2026,7,0
polisen__sprangningar-per-polisregion-tolv-manader,sprängningar,försök,Totalt,2026,8,1
polisen__sprangningar-per-polisregion-2018,sprängningar,försök,Väst,2018,1,0
polisen__sprangningar-per-polisregion-2018,sprängningar,försök,Väst,2018,2,0
polisen__sprangningar-per-polisregion-2018,sprängningar,försök,Väst,2018,3,0
polisen__sprangningar-per-polisregion-2018,sprängningar,försök,Väst,2018,4,1
polisen__sprangningar-per-polisregion-2018,sprängningar,försök,Väst,2018,5,0
polisen__sprangningar-per-polisregion-2018,sprängningar,försök,Väst,2018,6,0
polisen__sprangningar-per-polisregion-2018,sprängningar,försök,Väst,2018,7,0
polisen__sprangningar-per-polisregion-2018,sprängningar,försök,Väst,2018,8,0
polisen__sprangningar-per-polisregion-2018,sprängningar,försök,Väst,2018,9,0
polisen__sprangningar-per-polisregion-2018,sprängningar,försök,Väst,2018,10,0
polisen__sprangningar-per-polisregion-2018,sprängningar,försök,Väst,2018,11,0
polisen__sprangningar-per-polisregion-2018,sprängningar,försök,Väst,2018,12,0
polisen__sprangningar-per-polisregion-2019,sprängningar,försök,Väst,2019,1,0
polisen__sprangningar-per-polisregion-2019,sprängningar,försök,Väst,2019,2,0
polisen__sprangningar-per-polisregion-2019,sprängningar,försök,Väst,2019,3,0
polisen__sprangningar-per-polisregion-2019,sprängningar,försök,Väst,2019,4,3
polisen__sprangningar-per-polisregion-2019,sprängningar,försök,Väst,2019,5,0
polisen__sprangningar-per-polisregion-2019,sprängningar,försök,Väst,2019,6,0
polisen__sprangningar-per-polisregion-2019,sprängningar,försök,Väst,2019,7,0
polisen__sprangningar-per-polisregion-2019,sprängningar,försök,Väst,2019,8,0
polisen__sprangningar-per-polisregion-2019,sprängningar,försök,Väst,2019,9,4
polisen__sprangningar-per-polisregion-2019,sprängningar,försök,Väst,2019,10,0
polisen__sprangningar-per-polisregion-2019,sprängningar,försök,Väst,2019,11,0
polisen__sprangningar-per-polisregion-2019,sprängningar,försök,Väst,2019,12,0
polisen__sprangningar-per-polisregion-2020,sprängningar,försök,Väst,2020,1,1
polisen__sprangningar-per-polisregion-2020,sprängningar,försök,Väst,2020,2,0
polisen__sprangningar-per-polisregion-2020,sprängningar,försök,Väst,2020,3,0
polisen__sprangningar-per-polisregion-2020,sprängningar,försök,Väst,2020,4,0
polisen__sprangningar-per-polisregion-2020,sprängningar,försök,Väst,2020,5,0
polisen__sprangningar-per-polisregion-2020,sprängningar,försök,Väst,2020,6,0
polisen__sprangningar-per-polisregion-2020,sprängningar,försök,Väst,2020,7,0
polisen__sprangningar-per-polisregion-2020,sprängningar,försök,Väst,2020,8,0
polisen__sprangningar-per-polisregion-2020,sprängningar,försök,Väst,2020,9,1
polisen__sprangningar-per-polisregion-2020,sprängningar,försök,Väst,2020,10,1
polisen__sprangningar-per-polisregion-2020,sprängningar,försök,Väst,2020,11,0
polisen__sprangningar-per-polisregion-2020,sprängningar,försök,Väst,2020,12,0
polisen__sprangningar-per-polisregion-2021,sprängningar,försök,Väst,2021,1,0
polisen__sprangningar-per-polisregion-2021,sprängningar,försök,Väst,2021,2,1
polisen__sprangningar-per-polisregion-2021,sprängningar,försök,Väst,2021,3,0
polisen__sprangningar-per-polisregion-2021,sprängningar,försök,Väst,2021,4,0
polisen__sprangningar-per-polisregion-2021,sprängningar,försök,Väst,2021,5,0
polisen__sprangningar-per-polisregion-2021,sprängningar,försök,Väst,2021,6,0
polisen__sprangningar-per-polisregion-2021,sprängningar,försök,Väst,2021,7,1
polisen__sprangningar-per-polisregion-2021,sprängningar,försök,Väst,2021,8,0
polisen__sprangningar-per-polisregion-2021,sprängningar,försök,Väst,2021,9,0
polisen__sprangningar-per-polisregion-2021,sprängningar,försök,Väst,2021,10,0
polisen__sprangningar-per-polisregion-2021,sprängningar,försök,Väst,2021,11,1
polisen__sprangningar-per-polisregion-2021,sprängningar,försök,Väst,2021,12,0
polisen__sprangningar-per-polisregion-2022,sprängningar,försök,Väst,2022,1,1
polisen__sprangningar-per-polisregion-2022,sprängningar,försök,Väst,2022,2,0
polisen__sprangningar-per-polisregion-2022,sprängningar,försök,Väst,2022,3,0
polisen__sprangningar-per-polisregion-2022,sprängningar,försök,Väst,2022,4,1
polisen__sprangningar-per-polisregion-2022,sprängningar,försök,Väst,2022,5,0
polisen__sprangningar-per-polisregion-2022,sprängningar,försök,Väst,2022,6,0
polisen__sprangningar-per-polisregion-2022,sprängningar,försök,Väst,2022,7,0
polisen__sprangningar-per-polisregion-2022,sprängningar,försök,Väst,2022,8,0
polisen__sprangningar-per-polisregion-2022,sprängningar,försök,Väst,2022,9,0
polisen__sprangningar-per-polisregion-2022,sprängningar,försök,Väst,2022,10,0
polisen__sprangningar-per-polisregion-2022,sprängningar,försök,Väst,2022,11,0
polisen__sprangningar-per-polisregion-2022,sprängningar,försök,Väst,2022,12,1
polisen__sprangningar-per-polisregion-2023,sprängningar,försök,Väst,2023,1,0
polisen__sprangningar-per-polisregion-2023,sprängningar,försök,Väst,2023,2,0
polisen__sprangningar-per-polisregion-2023,sprängningar,försök,Väst,2023,3,1
polisen__sprangningar-per-polisregion-2023,sprängningar,försök,Väst,2023,4,1
polisen__sprangningar-per-polisregion-2023,sprängningar,försök,Väst,2023,5,1
polisen__sprangningar-per-polisregion-2023,sprängningar,försök,Väst,2023,6,0
polisen__sprangningar-per-polisregion-2023,sprängningar,försök,Väst,2023,7,0
polisen__sprangningar-per-polisregion-2023,sprängningar,försök,Väst,2023,8,0
polisen__sprangningar-per-polisregion-2023,sprängningar,försök,Väst,2023,9,3
polisen__sprangningar-per-polisregion-2023,sprängningar,försök,Väst,2023,10,1
polisen__sprangningar-per-polisregion-2023,sprängningar,försök,Väst,2023,11,0
polisen__sprangningar-per-polisregion-2023,sprängningar,försök,Väst,2023,12,1
polisen__sprangningar-per-polisregion-2024,sprängningar,försök,Väst,2024,1,2
polisen__sprangningar-per-polisregion-2024,sprängningar,försök,Väst,2024,2,1
polisen__sprangningar-per-polisregion-2024,sprängningar,försök,Väst,2024,3,4
polisen__sprangningar-per-polisregion-2024,sprängningar,försök,Väst,2024,4,2
polisen__sprangningar-per-polisregion-2024,sprängningar,försök,Väst,2024,5,1
polisen__sprangningar-per-polisregion-2024,sprängningar,försök,Väst,2024,6,0
polisen__sprangningar-per-polisregion-2024,sprängningar,försök,Väst,2024,7,4
polisen__sprangningar-per-polisregion-2024,sprängningar,försök,Väst,2024,8,0
polisen__sprangningar-per-polisregion-2024,sprängningar,försök,Väst,2024,9,2
polisen__sprangningar-per-polisregion-2024,sprängningar,försök,Väst,2024,10,1
polisen__sprangningar-per-polisregion-2024,sprängningar,försök,Väst,2024,11,0
polisen__sprangningar-per-polisregion-2024,sprängningar,försök,Väst,2024,12,2
polisen__sprangningar-per-polisregion-2025,sprängningar,försök,Väst,2025,1,1
polisen__sprangningar-per-polisregion-2025,sprängningar,försök,Väst,2025,2,2
polisen__sprangningar-per-polisregion-2025,sprängningar,försök,Väst,2025,3,1
polisen__sprangningar-per-polisregion-2025,sprängningar,försök,Väst,2025,4,0
polisen__sprangningar-per-polisregion-2025,sprängningar,försök,Väst,2025,5,1
polisen__sprangningar-per-polisregion-2025,sprängningar,försök,Väst,2025,6,0
polisen__sprangningar-per-polisregion-2025,sprängningar,försök,Väst,2025,7,0
polisen__sprangningar-per-polisregion-2025,sprängningar,försök,Väst,2025,8,2
polisen__sprangningar-per-polisregion-2025,sprängningar,försök,Väst,2025,9,3
polisen__sprangningar-per-polisregion-2025,sprängningar,försök,Väst,2025,10,2
polisen__sprangningar-per-polisregion-2025,sprängningar,försök,Väst,2025,11,1
polisen__sprangningar-per-polisregion-2025,sprängningar,försök,Väst,2025,12,0
polisen__sprangningar-per-polisregion-tolv-manader,sprängningar,försök,Väst,2026,1,4
polisen__sprangningar-per-polisregion-tolv-manader,sprängningar,försök,Väst,2026,2,0
polisen__sprangningar-per-polisregion-tolv-manader,sprängningar,försök,Väst,2026,3,0
polisen__sprangningar-per-polisregion-tolv-manader,sprängningar,försök,Väst,2026,4,1
polisen__sprangningar-per-polisregion-tolv-manader,sprängningar,försök,Väst,2026,5,3
polisen__sprangningar-per-polisregion-tolv-manader,sprängningar,försök,Väst,2026,6,0
polisen__sprangningar-per-polisregion-tolv-manader,sprängningar,försök,Väst,2026,7,0
polisen__sprangningar-per-polisregion-tolv-manader,sprängningar,försök,Väst,2026,8,0
polisen__sprangningar-per-polisregion-2018,sprängningar,försök,Öst,2018,1,0
polisen__sprangningar-per-polisregion-2018,sprängningar,försök,Öst,2018,2,0
polisen__sprangningar-per-polisregion-2018,sprängningar,försök,Öst,2018,3,0
polisen__sprangningar-per-polisregion-2018,sprängningar,försök,Öst,2018,4,0
polisen__sprangningar-per-polisregion-2018,sprängningar,försök,Öst,2018,5,0
polisen__sprangningar-per-polisregion-2018,sprängningar,försök,Öst,2018,6,0
polisen__sprangningar-per-polisregion-2018,sprängningar,försök,Öst,2018,7,0
polisen__sprangningar-per-polisregion-2018,sprängningar,försök,Öst,2018,8,0
polisen__sprangningar-per-polisregion-2018,sprängningar,försök,Öst,2018,9,0
polisen__sprangningar-per-polisregion-2018,sprängningar,försök,Öst,2018,10,0
polisen__sprangningar-per-polisregion-2018,sprängningar,försök,Öst,2018,11,0
polisen__sprangningar-per-polisregion-2018,sprängningar,försök,Öst,2018,12,0
polisen__sprangningar-per-polisregion-2019,sprängningar,försök,Öst,2019,1,0
polisen__sprangningar-per-polisregion-2019,sprängningar,försök,Öst,2019,2,0
polisen__sprangningar-per-polisregion-2019,sprängningar,försök,Öst,2019,3,0
polisen__sprangningar-per-polisregion-2019,sprängningar,försök,Öst,2019,4,0
polisen__sprangningar-per-polisregion-2019,sprängningar,försök,Öst,2019,5,0
polisen__sprangningar-per-polisregion-2019,sprängningar,försök,Öst,2019,6,0
polisen__sprangningar-per-polisregion-2019,sprängningar,försök,Öst,2019,7,0
polisen__sprangningar-per-polisregion-2019,sprängningar,försök,Öst,2019,8,0
polisen__sprangningar-per-polisregion-2019,sprängningar,försök,Öst,2019,9,1
polisen__sprangningar-per-polisregion-2019,sprängningar,försök,Öst,2019,10,0
polisen__sprangningar-per-polisregion-2019,sprängningar,försök,Öst,2019,11,0
polisen__sprangningar-per-polisregion-2019,sprängningar,försök,Öst,2019,12,1
polisen__sprangningar-per-polisregion-2020,sprängningar,försök,Öst,2020,1,0
polisen__sprangningar-per-polisregion-2020,sprängningar,försök,Öst,2020,2,0
polisen__sprangningar-per-polisregion-2020,sprängningar,försök,Öst,2020,3,0
polisen__sprangningar-per-polisregion-2020,sprängningar,försök,Öst,2020,4,0
polisen__sprangningar-per-polisregion-2020,sprängningar,försök,Öst,2020,5,0
polisen__sprangningar-per-polisregion-2020,sprängningar,försök,Öst,2020,6,0
polisen__sprangningar-per-polisregion-2020,sprängningar,försök,Öst,2020,7,0
polisen__sprangningar-per-polisregion-2020,sprängningar,försök,Öst,2020,8,0
polisen__sprangningar-per-polisregion-2020,sprängningar,försök,Öst,2020,9,0
polisen__sprangningar-per-polisregion-2020,sprängningar,försök,Öst,2020,10,1
polisen__sprangningar-per-polisregion-2020,sprängningar,försök,Öst,2020,11,0
polisen__sprangningar-per-polisregion-2020,sprängningar,försök,Öst,2020,12,0
polisen__sprangningar-per-polisregion-2021,sprängningar,försök,Öst,2021,1,0
polisen__sprangningar-per-polisregion-2021,sprängningar,försök,Öst,2021,2,1
polisen__sprangningar-per-polisregion-2021,sprängningar,försök,Öst,2021,3,0
polisen__sprangningar-per-polisregion-2021,sprängningar,försök,Öst,2021,4,0
polisen__sprangningar-per-polisregion-2021,sprängningar,försök,Öst,2021,5,0
polisen__sprangningar-per-polisregion-2021,sprängningar,försök,Öst,2021,6,0
polisen__sprangningar-per-polisregion-2021,sprängningar,försök,Öst,2021,7,0
polisen__sprangningar-per-polisregion-2021,sprängningar,försök,Öst,2021,8,0
polisen__sprangningar-per-polisregion-2021,sprängningar,försök,Öst,2021,9,0
polisen__sprangningar-per-polisregion-2021,sprängningar,försök,Öst,2021,10,0
polisen__sprangningar-per-polisregion-2021,sprängningar,försök,Öst,2021,11,1
polisen__sprangningar-per-polisregion-2021,sprängningar,försök,Öst,2021,12,0
polisen__sprangningar-per-polisregion-2022,sprängningar,försök,Öst,2022,1,0
polisen__sprangningar-per-polisregion-2022,sprängningar,försök,Öst,2022,2,0
polisen__sprangningar-per-polisregion-2022,sprängningar,försök,Öst,2022,3,0
polisen__sprangningar-per-polisregion-2022,sprängningar,försök,Öst,2022,4,0
polisen__sprangningar-per-polisregion-2022,sprängningar,försök,Öst,2022,5,0
polisen__sprangningar-per-polisregion-2022,sprängningar,försök,Öst,2022,6,0
polisen__sprangningar-per-polisregion-2022,sprängningar,försök,Öst,2022,7,0
polisen__sprangningar-per-polisregion-2022,sprängningar,försök,Öst,2022,8,1
polisen__sprangningar-per-polisregion-2022,sprängningar,försök,Öst,2022,9,1
polisen__sprangningar-per-polisregion-2022,sprängningar,försök,Öst,2022,10,3
polisen__sprangningar-per-polisregion-2022,sprängningar,försök,Öst,2022,11,1
polisen__sprangningar-per-polisregion-2022,sprängningar,försök,Öst,2022,12,0
polisen__sprangningar-per-polisregion-2023,sprängningar,försök,Öst,2023,1,0
polisen__sprangningar-per-polisregion-2023,sprängningar,försök,Öst,2023,2,0
polisen__sprangningar-per-polisregion-2023,sprängningar,försök,Öst,2023,3,1
polisen__sprangningar-per-polisregion-2023,sprängningar,försök,Öst,2023,4,1
polisen__sprangningar-per-polisregion-2023,sprängningar,försök,Öst,2023,5,1
polisen__sprangningar-per-polisregion-2023,sprängningar,försök,Öst,2023,6,0
polisen__sprangningar-per-polisregion-2023,sprängningar,försök,Öst,2023,7,1
polisen__sprangningar-per-polisregion-2023,sprängningar,försök,Öst,2023,8,1
polisen__sprangningar-per-polisregion-2023,sprängningar,försök,Öst,2023,9,2
polisen__sprangningar-per-polisregion-2023,sprängningar,försök,Öst,2023,10,1
polisen__sprangningar-per-polisregion-2023,sprängningar,försök,Öst,2023,11,0
polisen__sprangningar-per-polisregion-2023,sprängningar,försök,Öst,2023,12,0
polisen__sprangningar-per-polisregion-2024,sprängningar,försök,Öst,2024,1,0
polisen__sprangningar-per-polisregion-2024,sprängningar,försök,Öst,2024,2,0
polisen__sprangningar-per-polisregion-2024,sprängningar,försök,Öst,2024,3,0
polisen__sprangningar-per-polisregion-2024,sprängningar,försök,Öst,2024,4,0
polisen__sprangningar-per-polisregion-2024,sprängningar,försök,Öst,2024,5,1
polisen__sprangningar-per-polisregion-2024,sprängningar,försök,Öst,2024,6,0
polisen__sprangningar-per-polisregion-2024,sprängningar,försök,Öst,2024,7,0
polisen__sprangningar-per-polisregion-2024,sprängningar,försök,Öst,2024,8,0
polisen__sprangningar-per-polisregion-2024,sprängningar,försök,Öst,2024,9,0
polisen__sprangningar-per-polisregion-2024,sprängningar,försök,Öst,2024,10,0
polisen__sprangningar-per-polisregion-2024,sprängningar,försök,Öst,2024,11,1
polisen__sprangningar-per-polisregion-2024,sprängningar,försök,Öst,2024,12,0
polisen__sprangningar-per-polisregion-2025,sprängningar,försök,Öst,2025,1,2
polisen__sprangningar-per-polisregion-2025,sprängningar,försök,Öst,2025,2,0
polisen__sprangningar-per-polisregion-2025,sprängningar,försök,Öst,2025,3,0
polisen__sprangningar-per-polisregion-2025,sprängningar,försök,Öst,2025,4,1
polisen__sprangningar-per-polisregion-2025,sprängningar,försök,Öst,2025,5,0
polisen__sprangningar-per-polisregion-2025,sprängningar,försök,Öst,2025,6,1
polisen__sprangningar-per-polisregion-2025,sprängningar,försök,Öst,2025,7,0
polisen__sprangningar-per-polisregion-2025,sprängningar,försök,Öst,2025,8,0
polisen__sprangningar-per-polisregion-2025,sprängningar,försök,Öst,2025,9,2
polisen__sprangningar-per-polisregion-2025,sprängningar,försök,Öst,2025,10,0
polisen__sprangningar-per-polisregion-2025,sprängningar,försök,Öst,2025,11,0
polisen__sprangningar-per-polisregion-2025,sprängningar,försök,Öst,2025,12,0
polisen__sprangningar-per-polisregion-tolv-manader,sprängningar,försök,Öst,2026,1,0
polisen__sprangningar-per-polisregion-tolv-manader,sprängningar,försök,Öst,2026,2,0
polisen__sprangningar-per-polisregion-tolv-manader,sprängningar,försök,Öst,2026,3,0
polisen__sprangningar-per-polisregion-tolv-manader,sprängningar,försök,Öst,2026,4,0
polisen__sprangningar-per-polisregion-tolv-manader,sprängningar,försök,Öst,2026,5,0
polisen__sprangningar-per-polisregion-tolv-manader,sprängningar,försök,Öst,2026,6,0
polisen__sprangningar-per-polisregion-tolv-manader,sprängningar,försök,Öst,2026,7,0
polisen__sprangningar-per-polisregion-tolv-manader,sprängningar,försök,Öst,2026,8,0
