intressent_id,namn,parti,valkrets,kon,fodd,avstar,franvarande,ja,nej,rm,voteringar,narvaro
010343930918,Tenfjord-Toftby Cecilie,M,Västra Götalands läns södra,kvinna,1970,13,56,288,87,2014/15,444,87.38738738738738
0103624617217,Pettersson Helén,S,Västerbottens län,kvinna,1972,6,49,367,22,2014/15,444,88.96396396396396
0105126451619,Hagwall Anna,SD,Västerbottens län,kvinna,1953,38,36,181,189,2014/15,444,91.89189189189189
0105632258713,Åberg Boriana,M,Skåne läns södra,kvinna,1968,14,98,250,82,2014/15,444,77.92792792792793
0105797223918,Cederbratt Mikael,M,Västra Götalands läns norra,man,1955,12,82,271,79,2014/15,444,81.53153153153153
0108109641223,Bohlin Carl-Oskar,M,Dalarnas län,man,1986,14,16,312,102,2014/15,444,96.3963963963964
0110600080618,Juholt Håkan,S,Kalmar län,man,1962,5,67,351,21,2014/15,444,84.90990990990991
0111479807829,Wallentheim Anna,S,Skåne läns norra och östra,kvinna,1985,6,26,396,16,2014/15,444,94.14414414414415
0113077554312,Pärssinen Raimo,S,Gävleborgs län,man,1956,6,23,392,23,2014/15,444,94.81981981981981
0114869877121,Karlsson Sara,S,Södermanlands län,kvinna,1985,5,115,304,20,2014/15,444,74.09909909909909
0115834246514,Wallrup Emma,V,Uppsala län,kvinna,1971,48,39,256,101,2014/15,444,91.21621621621621
0116759114313,Eliasson Bengt,L,Hallands län,man,1961,29,73,260,82,2014/15,444,83.55855855855856
0117203219614,Warborn Jörgen,M,Hallands län,man,1969,14,66,282,82,2014/15,444,85.13513513513513
012053331219,Kinberg Batra Anna,M,Stockholms län,kvinna,1970,3,205,180,56,2014/15,444,53.828828828828826
0122987223112,Johnsson Fornarve Lotta,V,Södermanlands län,kvinna,1956,42,93,226,83,2014/15,444,79.05405405405406
0125056691517,Nordell Lars-Axel,KD,Örebro län,man,1952,18,29,315,82,2014/15,444,93.46846846846847
012576033427,Bergstedt Hannah,S,Norrbottens län,kvinna,1977,6,69,347,22,2014/15,444,84.45945945945947
0126797549328,Forssell Johan,M,Stockholms kommun,man,1979,12,64,276,92,2014/15,444,85.58558558558559
0128805841317,Brännström Katarina,M,Kronobergs län,kvinna,1950,12,61,285,86,2014/15,444,86.26126126126125
0130789484021,Bäckström Johansson Mattias,SD,Västernorrlands län,man,1985,39,15,190,200,2014/15,444,96.62162162162163
0132818093422,Nordin Rickard,C,Göteborgs kommun,man,1983,22,48,280,94,2014/15,444,89.1891891891892
0133767709317,Andersson Phia,S,Västra Götalands läns södra,kvinna,1955,5,36,381,22,2014/15,444,91.89189189189189
0134101155612,Larsson Rikard,S,Skåne läns södra,man,1966,6,26,389,23,2014/15,444,94.14414414414415
0136310791918,Granlund Marie,S,Malmö kommun,kvinna,1962,5,85,334,20,2014/15,444,80.85585585585586
0136801772915,Strömkvist Maria,S,Dalarnas län,kvinna,1964,6,8,406,24,2014/15,444,98.1981981981982
0138741628520,Bengtsson Angelika,SD,Stockholms kommun,kvinna,1990,41,6,190,207,2014/15,444,98.64864864864865
0139948283718,Börjesson Agneta,MP,Hallands län,kvinna,1957,4,12,407,21,2014/15,444,97.2972972972973
014386615025,Esbati Ali,V,Stockholms län,man,1976,51,33,259,101,2014/15,444,92.56756756756756
0144048894712,Juntti Ellen,M,Västra Götalands läns västra,kvinna,1958,14,32,305,93,2014/15,444,92.7927927927928
0145294944502,Richtoff Roger,SD,Skåne läns västra,man,1948,33,60,171,180,2014/15,444,86.48648648648648
0150118366721,Snecker Linda,V,Östergötlands län,kvinna,1983,19,29,112,48,2014/15,208,86.0576923076923
0150664940102,Lohman Eva,M,Västernorrlands län,kvinna,1948,13,52,289,90,2014/15,444,88.28828828828829
0155487380917,Lundgren Kerstin,C,Stockholms län,kvinna,1955,24,89,256,75,2014/15,444,79.95495495495494
0157062733618,Eriksson Jonas,MP,Örebro län,man,1967,2,143,278,21,2014/15,444,67.7927927927928
0161597857912,Skånberg Tuve,KD,Skåne läns norra och östra,man,1956,22,7,329,86,2014/15,444,98.42342342342343
0166790812128,Bali Hanif,M,Stockholms län,man,1987,15,16,314,99,2014/15,444,96.3963963963964
016950536026,Wigh Hanna,SD,Norrbottens län,kvinna,1986,32,104,146,162,2014/15,444,76.57657657657657
0170585430421,Ståhl Jimmy,SD,Göteborgs kommun,man,1975,32,66,161,185,2014/15,444,85.13513513513513
0172220256016,Lillemets Annika,MP,Östergötlands län,kvinna,1962,4,122,298,20,2014/15,444,72.52252252252251
0173210620224,Abdu Said,L,Västra Götalands läns norra,man,1986,19,79,264,82,2014/15,444,82.2072072072072
0173946230722,Andersson Willner Maria,S,Västra Götalands läns norra,kvinna,1978,7,5,408,24,2014/15,444,98.87387387387388
0176437434123,Petersson Jenny,M,Hallands län,kvinna,1981,6,0,170,60,2014/15,236,100.0
0182190010218,Dingizian Esabelle,MP,Stockholms län,kvinna,1962,6,134,286,18,2014/15,444,69.81981981981981
0182800488922,Bieler Paula,SD,Kalmar län,kvinna,1988,30,112,139,163,2014/15,444,74.77477477477478
0183544538819,Jönsson Patrik,SD,Skåne läns södra,man,1972,3,6,11,21,2014/15,41,85.36585365853658
0186426023519,Hamednaca Arhe,S,Stockholms kommun,man,1953,7,44,369,24,2014/15,444,90.09009009009009
0190560012714,Hallström Pia,M,Värmlands län,kvinna,1961,13,91,257,83,2014/15,444,79.5045045045045
0192918410514,Nordgren Gunilla,M,Skåne läns södra,kvinna,1956,13,21,310,100,2014/15,444,95.27027027027027
0193378456716,Berg Ulf,M,Dalarnas län,man,1957,11,43,296,94,2014/15,444,90.31531531531532
0194498232620,Güclü Hedin Roza,S,Dalarnas län,kvinna,1982,5,118,307,14,2014/15,444,73.42342342342343
0196024739401,Kjellin Margareta B,M,Gävleborgs län,kvinna,1948,4,266,144,30,2014/15,444,40.090090090090094
0196077326617,Zander Solveig,C,Uppsala län,kvinna,1955,24,53,281,86,2014/15,444,88.06306306306307
0198031297912,Åkesson Anette,M,Skåne läns norra och östra,kvinna,1966,15,32,302,95,2014/15,444,92.7927927927928
0198917587520,Karlsson Maj,V,Göteborgs kommun,kvinna,1980,55,4,278,107,2014/15,444,99.09909909909909
0199751900210,Karlsson Annelie,S,Skåne läns norra och östra,kvinna,1965,5,62,357,20,2014/15,444,86.03603603603604
0200490530919,Venegas Marco,MP,Södermanlands län,man,1962,6,12,404,22,2014/15,444,97.2972972972973
0204240926023,Wiechel Markus,SD,Västra Götalands läns norra,man,1988,34,44,175,191,2014/15,444,90.09009009009009
0204443909416,Hedin Johan,C,Stockholms kommun,man,1969,26,41,290,87,2014/15,444,90.76576576576576
0205360448417,Johnsson Peter,S,Västra Götalands läns norra,man,1962,4,121,299,20,2014/15,444,72.74774774774775
0208558695314,Nilsson Ingemar,S,Västernorrlands län,man,1956,4,22,395,23,2014/15,444,95.04504504504504
0210198640127,Schulte Fredrik,M,Stockholms län,man,1981,16,9,317,102,2014/15,444,97.97297297297297
0211757295524,Fransson Josef,SD,Uppsala län,man,1978,38,13,190,203,2014/15,444,97.07207207207207
0216534495014,Holm Jens,V,Stockholms kommun,man,1971,48,63,242,91,2014/15,444,85.8108108108108
0219220227418,Hökmark Isabella,M,Stockholms län,kvinna,1962,10,23,287,93,2014/15,413,94.43099273607749
0222691314314,Kristersson Ulf,M,Södermanlands län,man,1963,10,97,256,81,2014/15,444,78.15315315315316
0223069839622,Hannah Robert,L,Göteborgs kommun,man,1985,28,56,275,85,2014/15,444,87.38738738738738
0224712677012,Pehrson Johan,L,Örebro län,man,1968,5,98,141,38,2014/15,282,65.24822695035462
0227531635413,Püss Lars,M,Hallands län,man,1966,10,20,141,37,2014/15,208,90.38461538461539
0229760896014,W Jonsson Anders,C,Gävleborgs län,man,1961,24,89,257,74,2014/15,444,79.95495495495494
0231432628318,Heydari Shadiye,S,Göteborgs kommun,kvinna,1967,5,39,376,24,2014/15,444,91.21621621621621
0235974887200,Eberstein Susanne,S,Västernorrlands län,kvinna,1948,5,10,405,24,2014/15,444,97.74774774774775
0236051814311,Jansson Mikael,SD,Gävleborgs län,man,1965,32,47,175,190,2014/15,444,89.41441441441441
0237055280513,Utbult Roland,KD,Västra Götalands läns västra,man,1951,22,22,316,84,2014/15,444,95.04504504504504
023767922422,Persson Mats,L,Skåne läns södra,man,1980,29,63,268,84,2014/15,444,85.8108108108108
0246927519019,Rågsjö Karin,V,Stockholms kommun,kvinna,1955,52,11,274,107,2014/15,444,97.52252252252252
0250583732424,Skalberg Karlsson Jesper,M,Gotlands län,man,1993,13,6,281,98,2014/15,398,98.49246231155779
0251617324715,Köhler Katarina,S,Västerbottens län,kvinna,1954,5,155,266,18,2014/15,444,65.09009009009009
0252067342313,Lindestam Åsa,S,Gävleborgs län,kvinna,1956,6,35,386,17,2014/15,444,92.11711711711712
0256716955026,Köse Serkan,S,Stockholms län,man,1976,6,31,384,23,2014/15,444,93.01801801801803
0256743155204,Johnsson Per-Ingvar,C,Skåne läns norra och östra,man,1944,23,32,295,94,2014/15,444,92.7927927927928
0257612529618,Forslund Kenneth G,S,Västra Götalands läns västra,man,1967,6,64,353,21,2014/15,444,85.58558558558559
025967059622,Manhammar Magnus,S,Blekinge län,man,1980,6,54,362,22,2014/15,444,87.83783783783784
0262017901513,Ask Beatrice,M,Stockholms kommun,kvinna,1956,16,70,269,89,2014/15,444,84.23423423423424
0264838147315,Bråkenhielm Catharina,S,Västra Götalands läns västra,kvinna,1956,3,76,351,14,2014/15,444,82.88288288288288
0266517781926,Örnebjär Christina,L,Örebro län,kvinna,1979,19,0,105,38,2014/15,162,100.0
0269067253614,Strand Thomas,S,Jönköpings län,man,1954,5,15,405,19,2014/15,444,96.62162162162163
0271543079118,Karlsson Heidi,SD,Jönköpings län,kvinna,1969,15,1,70,74,2014/15,160,99.375
0271543079118,Karlsson Heidi,SD,Västra Götalands läns östra,kvinna,1969,6,61,39,34,2014/15,140,56.42857142857143
0271543079118,Kronvall Heidi,SD,Jönköpings län,kvinna,1969,1,0,2,4,2014/15,7,100.0
0273506284025,Riedl Edward,M,Västerbottens län,man,1976,15,6,323,100,2014/15,444,98.64864864864865
0274462857213,Löberg Petter,S,Västra Götalands läns södra,man,1968,5,24,392,23,2014/15,444,94.5945945945946
0275724540919,Ullenhag Erik,L,Stockholms kommun,man,1972,30,102,240,72,2014/15,444,77.02702702702703
0280087199210,Mutt Valter,MP,Göteborgs kommun,man,1955,6,78,339,21,2014/15,444,82.43243243243244
0283117091429,Öz Emanuel,S,Stockholms kommun,man,1979,5,10,406,23,2014/15,444,97.74774774774775
0284039893826,Dalunde Jakop,MP,Stockholms kommun,man,1984,5,45,370,24,2014/15,444,89.86486486486487
0284192765516,Eneroth Tomas,S,Kronobergs län,man,1966,3,15,403,23,2014/15,444,96.62162162162163
0285631067215,Halef Robert,KD,Stockholms län,man,1964,21,22,318,83,2014/15,444,95.04504504504504
0294138886823,Kinnunen Martin,SD,Göteborgs kommun,man,1983,33,67,159,185,2014/15,444,84.90990990990991
0299937536814,Bergman Håkan,S,Örebro län,man,1954,5,82,338,19,2014/15,444,81.53153153153153
0306286538528,Damm Sofia,KD,Skåne läns södra,kvinna,1977,21,40,301,82,2014/15,444,90.990990990991
0308306375022,Haddad Roger,L,Västmanlands län,man,1978,29,36,291,88,2014/15,444,91.89189189189189
031005479013,Westerberg Per,M,Södermanlands län,man,1951,3,7,29,2,2014/15,41,82.92682926829268
0313210809828,Källström Emil,C,Västernorrlands län,man,1987,22,79,261,82,2014/15,444,82.2072072072072
0313390540217,Nylund Watz Ingela,S,Stockholms län,kvinna,1962,3,68,358,15,2014/15,444,84.68468468468468
0315499690028,Carvalho Teresa,S,Östergötlands län,kvinna,1984,5,0,415,24,2014/15,444,100.0
0316345926026,Hoffstedt Gustaf,M,Gotlands län,man,1974,3,6,34,3,2014/15,46,86.95652173913044
0316505710324,Alm Ericson Janine,MP,Västra Götalands läns norra,kvinna,1973,5,4,410,25,2014/15,444,99.09909909909909
0321885416125,Dinamarca Rossana,V,Västra Götalands läns norra,kvinna,1974,37,113,209,85,2014/15,444,74.54954954954955
0325462829512,Thuring Christina,SD,Kalmar län,kvinna,1968,0,0,1,1,2014/15,2,100.0
0325462829512,Östberg Christina,SD,Kalmar län,kvinna,1968,37,42,178,185,2014/15,442,90.49773755656109
0338458649710,Avsan Anti,M,Stockholms län,man,1958,12,79,272,81,2014/15,444,82.2072072072072
0339894357417,Nilsson Jennie,S,Hallands län,kvinna,1972,5,66,351,22,2014/15,444,85.13513513513513
0341628241813,Pettersson Marianne,S,Skåne läns södra,kvinna,1958,4,56,363,21,2014/15,444,87.38738738738738
0344222203323,Dioukarev Dennis,SD,Jönköpings län,man,1993,37,30,180,197,2014/15,444,93.24324324324324
0363228965800,Westerholm Barbro,L,Stockholms län,kvinna,1933,17,148,217,62,2014/15,444,66.66666666666667
0363721826713,Lodenius Per,C,Stockholms län,man,1966,27,16,307,94,2014/15,444,96.3963963963964
0365797008114,Pettersson Leif,S,Norrbottens län,man,1954,6,28,386,24,2014/15,444,93.69369369369369
0369028728526,Ekeroth Kent,SD,Skåne läns norra och östra,man,1981,28,108,155,153,2014/15,444,75.67567567567568
0373223420310,Malmberg Niclas,MP,Uppsala län,man,1970,6,16,400,22,2014/15,444,96.3963963963964
037508021018,Björlund Torbjörn,V,Östergötlands län,man,1957,33,0,149,54,2014/15,236,100.0
037561614928,Redar Lawen,S,Stockholms kommun,kvinna,1989,5,39,377,23,2014/15,444,91.21621621621621
0376353897112,Nysmed Leif,S,Stockholms län,man,1970,2,62,358,22,2014/15,444,86.03603603603604
0376867803913,Gille Agneta,S,Uppsala län,kvinna,1956,1,96,325,22,2014/15,444,78.37837837837837
0381918573217,Svensson Michael,M,Hallands län,man,1957,18,7,324,95,2014/15,444,98.42342342342343
0383111552218,Sjöstedt Jonas,V,Västerbottens län,man,1964,42,95,226,81,2014/15,444,78.6036036036036
0387358739126,Millard Jonas,SD,Västra Götalands läns norra,man,1981,38,33,177,196,2014/15,444,92.56756756756756
0394430340317,Tedestam Berglöw Monica,SD,Västra Götalands läns östra,kvinna,1962,6,1,22,30,2014/15,59,98.30508474576271
0397924710612,Karlsson Ulrika,M,Uppsala län,kvinna,1973,1,2,62,15,2014/15,80,97.5
0401968752713,Bergström Stina,MP,Värmlands län,kvinna,1958,3,64,361,16,2014/15,444,85.58558558558559
0403769921921,Ghasemi Tina,M,Stockholms kommun,kvinna,1985,15,40,299,90,2014/15,444,90.990990990991
0407081382317,Sätherberg Anna-Caren,S,Jämtlands län,kvinna,1964,6,21,394,23,2014/15,444,95.27027027027027
0409540163215,Rothenberg Hans,M,Göteborgs kommun,man,1961,16,22,311,95,2014/15,444,95.04504504504504
0412148992926,Westerén Hanna,S,Gotlands län,kvinna,1981,1,1,377,17,2014/15,396,99.74747474747475
0414687558527,Weimer Maria,L,Uppsala län,kvinna,1979,26,108,237,73,2014/15,444,75.67567567567568
0415959965211,Sydow Mölleby Mia,V,Örebro län,kvinna,1960,48,30,261,105,2014/15,444,93.24324324324324
0418929039326,Lundqvist Patrik,S,Gävleborgs län,man,1984,5,129,291,19,2014/15,444,70.94594594594594
0427321850912,Larsson Lars Mejern,S,Värmlands län,man,1965,3,30,389,22,2014/15,444,93.24324324324324
0438928446810,Ek Lena,C,Östergötlands län,kvinna,1958,17,145,211,71,2014/15,444,67.34234234234235
043972220518,Omanovic Jasenko,S,Västernorrlands län,man,1967,5,11,404,24,2014/15,444,97.52252252252252
0442629549320,Dibrani Adnan,S,Hallands län,man,1985,6,124,295,19,2014/15,444,72.07207207207207
0446541913415,Widman Allan,L,Malmö kommun,man,1964,34,42,282,86,2014/15,444,90.54054054054053
0447797778718,Delis Sotiris,M,Jönköpings län,man,1955,13,52,287,92,2014/15,444,88.28828828828829
0448155122323,Lavesson Olof,M,Malmö kommun,man,1976,15,48,294,87,2014/15,444,89.1891891891892
0452755722723,Söder Björn,SD,Stockholms län,man,1976,17,205,96,126,2014/15,444,53.828828828828826
0455086201022,Skalin Johnny,SD,Hallands län,man,1978,21,226,98,99,2014/15,444,49.0990990990991
0456066032422,Sundin Mathias,L,Östergötlands län,man,1978,30,43,283,88,2014/15,444,90.31531531531532
0457308547314,Svensson Smith Karin,MP,Skåne läns södra,kvinna,1956,3,121,310,10,2014/15,444,72.74774774774775
0460690753617,Nilsson Pia,S,Västmanlands län,kvinna,1962,6,45,371,22,2014/15,444,89.86486486486487
0462699892622,Ferm Maria,MP,Stockholms kommun,kvinna,1985,2,11,315,20,2014/15,348,96.83908045977012
046426524512,Felten Olle,SD,Södermanlands län,man,1953,36,38,176,194,2014/15,444,91.44144144144144
0465398691116,Erlandsson Eskil,C,Kronobergs län,man,1957,18,106,241,79,2014/15,444,76.12612612612612
0467253407311,Unander Hans,S,Dalarnas län,man,1970,6,93,329,16,2014/15,444,79.05405405405406
0468956880528,Eskilandersson Mikael,SD,Gävleborgs län,man,1977,39,2,194,209,2014/15,444,99.54954954954955
0469825305127,Forsberg Anders,SD,Malmö kommun,man,1974,34,78,151,181,2014/15,444,82.43243243243244
0472349361027,Olsson Kalle,S,Jämtlands län,man,1984,6,37,379,22,2014/15,444,91.66666666666666
0474290584024,Rojhan Gustafsson Azadeh,S,Stockholms län,kvinna,1986,5,43,378,18,2014/15,444,90.31531531531532
0475778011711,Ekström Hans,S,Södermanlands län,man,1958,3,64,358,19,2014/15,444,85.58558558558559
0480085646428,Andersson Erik,M,Stockholms län,man,1974,16,0,326,102,2014/15,444,100.0
0480339311713,Eclund Annika,KD,Västra Götalands läns östra,kvinna,1961,17,45,303,79,2014/15,444,89.86486486486487
0482689573825,Wiechel Björn,S,Västerbottens län,man,1983,6,52,364,22,2014/15,444,88.28828828828829
0482927154110,Jakobsson Leif,S,Malmö kommun,man,1955,6,66,348,24,2014/15,444,85.13513513513513
0483837558914,Sörenson Anna-Lena,S,Östergötlands län,kvinna,1954,4,46,371,23,2014/15,444,89.63963963963964
0485476395125,Holm Christian,M,Värmlands län,man,1976,10,48,292,94,2014/15,444,89.1891891891892
048970816012,Jansson Eva-Lena,S,Örebro län,kvinna,1963,7,62,351,24,2014/15,444,86.03603603603604
0493288854424,Wykman Niklas,M,Stockholms län,man,1981,16,4,323,101,2014/15,444,99.09909909909909
0494054455310,Lång David,SD,Örebro län,man,1972,40,0,195,209,2014/15,444,100.0
0495218011521,Jönsson Johanna,C,Stockholms kommun,kvinna,1982,16,100,255,73,2014/15,444,77.47747747747748
0495314169413,Jacobsson Gjörtler Jonas,M,Skåne läns västra,man,1973,11,49,294,90,2014/15,444,88.96396396396396
0496341906327,Völker Alexandra,S,Stockholms län,kvinna,1989,6,19,395,24,2014/15,444,95.72072072072072
0499755198526,Jonsson Mattias,S,Göteborgs kommun,man,1974,6,13,402,23,2014/15,444,97.07207207207207
0504711999229,Gamov Pavel,SD,Skåne läns södra,man,1989,25,172,128,119,2014/15,444,61.261261261261254
0506482805418,From Isak,S,Västerbottens län,man,1967,6,48,369,21,2014/15,444,89.1891891891892
0506541436524,Eriksson Sanne,S,Uppsala län,kvinna,1988,5,8,407,24,2014/15,444,98.1981981981982
0506806850221,Bylund Linus,SD,Skåne läns norra och östra,man,1978,40,4,192,208,2014/15,444,99.09909909909909
0509830681123,Karkiainen Ida,S,Norrbottens län,kvinna,1988,6,45,371,22,2014/15,444,89.86486486486487
051207517226,Åkesson Jimmie,SD,Jönköpings län,man,1979,5,184,19,28,2014/15,236,22.033898305084744
0513020576128,Bengtzboe Erik,M,Södermanlands län,man,1987,9,36,215,68,2014/15,328,89.02439024390245
0513020576128,Bengtzboe Erik,M,,man,1987,3,0,50,22,2014/15,75,100.0
0515990253512,Kerimo Yilmaz,S,Stockholms län,man,1963,5,35,381,23,2014/15,444,92.11711711711712
0516528386117,Björck Patrik,S,Västra Götalands läns östra,man,1957,3,63,356,22,2014/15,444,85.8108108108108
0519542449425,Christensson Fredrik,C,Västra Götalands läns västra,man,1991,28,14,306,96,2014/15,444,96.84684684684684
0519740099915,Quicklund Saila,M,Jämtlands län,kvinna,1961,12,58,290,84,2014/15,444,86.93693693693693
0521844714515,Höj Larsen Christina,V,Västernorrlands län,kvinna,1971,53,22,266,103,2014/15,444,95.04504504504504
0522460069116,Magnusson Cecilia,M,Göteborgs kommun,kvinna,1962,15,27,303,99,2014/15,444,93.91891891891892
0526129317828,Lindholm Veronica,S,Västerbottens län,kvinna,1984,6,49,373,16,2014/15,444,88.96396396396396
0529103571012,Andersson Jan R,M,Kalmar län,man,1970,16,87,257,84,2014/15,444,80.4054054054054
0535526562910,Tysklind Lars,L,Västra Götalands läns västra,man,1953,31,71,264,78,2014/15,444,84.009009009009
0537400268911,Helmersson Olsson Caroline,S,Södermanlands län,kvinna,1963,5,33,383,23,2014/15,444,92.56756756756756
0538387395826,Green Mats,M,Jönköpings län,man,1979,12,51,289,92,2014/15,444,88.51351351351352
0540190357911,Hoff Hans,S,Hallands län,man,1963,6,1,413,24,2014/15,444,99.77477477477478
0541320528015,Lundström Nina,L,Stockholms kommun,kvinna,1961,34,44,278,88,2014/15,444,90.09009009009009
0542160909628,Carlson Andreas,KD,Jönköpings län,man,1987,19,53,295,77,2014/15,444,88.06306306306307
0544046588414,Larsson Jan-Olof,S,Västra Götalands läns västra,man,1951,5,65,359,15,2014/15,444,85.36036036036036
0545353563812,Kakabaveh Amineh,V,Stockholms kommun,kvinna,1970,52,34,262,96,2014/15,444,92.34234234234235
0545733815610,Reslow Patrick,M,Malmö kommun,man,1970,13,99,247,85,2014/15,444,77.7027027027027
0547818628111,Malmberg Betty,M,Östergötlands län,kvinna,1958,15,33,299,97,2014/15,444,92.56756756756756
0548314774911,Palm Veronica,S,Stockholms kommun,kvinna,1973,5,73,345,21,2014/15,444,83.55855855855856
0552248175312,Högman Berit,S,Värmlands län,kvinna,1958,6,27,389,22,2014/15,444,93.91891891891892
055257333723,Sjöstedt Oscar,SD,Södermanlands län,man,1981,34,48,171,191,2014/15,444,89.1891891891892
0554852839719,Dahlqvist Mikael,S,Värmlands län,man,1967,6,20,397,21,2014/15,444,95.4954954954955
0558039843819,Pettersson Göran,M,Stockholms län,man,1960,11,93,259,81,2014/15,444,79.05405405405406
0559925283228,Lindberg Teres,S,Stockholms kommun,kvinna,1974,4,23,394,23,2014/15,444,94.81981981981981
0564126739422,Coenraads Åsa,M,Västmanlands län,kvinna,1978,14,11,319,100,2014/15,444,97.52252252252252
0565167965311,Sonidsson Eva,S,Västernorrlands län,kvinna,1955,3,68,351,22,2014/15,444,84.68468468468468
0572788110724,Malmer Stenergard Maria,M,Skåne läns norra och östra,kvinna,1981,14,49,288,93,2014/15,444,88.96396396396396
0573136138218,Örnfjäder Krister,S,Kalmar län,man,1952,4,107,314,19,2014/15,444,75.90090090090091
0574355225922,Eriksson Fredrik,SD,Jönköpings län,man,1975,3,0,13,25,2014/15,41,100.0
0574355225922,Eriksson Fredrik,SD,Skåne läns södra,man,1975,37,0,182,184,2014/15,403,100.0
0582811195313,Acketoft Tina,L,Skåne läns västra,kvinna,1966,19,88,216,81,2014/15,404,78.21782178217822
0584659199514,Hägglund Göran,KD,Hallands län,man,1959,15,82,174,49,2014/15,320,74.375
0585684563812,Norlén Andreas,M,Östergötlands län,man,1973,13,109,248,74,2014/15,444,75.45045045045045
0590042760718,Engblom Annicka,M,Blekinge län,kvinna,1967,12,81,273,78,2014/15,444,81.75675675675676
0599390849728,Ahl Jeff,SD,Hallands län,man,1987,29,46,160,150,2014/15,385,88.05194805194805
0600784831409,Klackenberg Dag,M,Stockholms kommun,man,1948,11,69,236,87,2014/15,403,82.87841191066998
0603490586517,Björklund Jan,L,Stockholms län,man,1962,19,223,148,54,2014/15,444,49.77477477477478
0603753860213,Herrstedt Carina,SD,Stockholms län,kvinna,1971,39,18,189,198,2014/15,444,95.94594594594594
0604459858621,Töyrä Emilia,S,Norrbottens län,kvinna,1985,5,52,365,22,2014/15,444,88.28828828828829
0604811710522,Drougge Ida,M,Stockholms län,kvinna,1990,16,15,316,97,2014/15,444,96.62162162162163
0607691439013,Enström Karin,M,Stockholms län,kvinna,1966,16,57,282,89,2014/15,444,87.16216216216216
0612916684825,Löfstrand Johan,S,Östergötlands län,man,1976,4,41,376,23,2014/15,444,90.76576576576576
0613297818326,Tegnér Mathias,S,Stockholms län,man,1979,4,45,373,22,2014/15,444,89.86486486486487
0617957067613,Petersson Helene,S,Jönköpings län,kvinna,1956,5,11,404,24,2014/15,444,97.52252252252252
0618560932311,Engström Hillevi,M,Stockholms län,kvinna,1963,3,12,29,2,2014/15,46,73.91304347826086
0628190530410,Andersson Ulla,V,Gävleborgs län,kvinna,1963,48,29,267,100,2014/15,444,93.46846846846847
0628870165823,Hult Emma,MP,Jönköpings län,kvinna,1988,1,101,321,21,2014/15,444,77.25225225225225
0630820052511,Håkansson Per-Arne,S,Skåne läns norra och östra,man,1963,5,24,392,23,2014/15,444,94.5945945945946
0630824497414,Polfjärd Jessica,M,Västmanlands län,kvinna,1971,13,72,278,81,2014/15,444,83.78378378378379
0638497389621,Kronlid Julia,SD,Stockholms län,kvinna,1980,37,54,164,189,2014/15,444,87.83783783783784
0641486384014,Lindholm Jan,MP,Dalarnas län,man,1951,4,42,377,21,2014/15,444,90.54054054054053
0641953830512,Persson Magnus,SD,Dalarnas län,man,1970,38,3,196,207,2014/15,444,99.32432432432432
0644177413119,Henriksson Stig,V,Västmanlands län,man,1955,48,49,247,100,2014/15,444,88.96396396396396
0644591005314,Spets Crister,SD,Hallands län,man,1964,6,0,24,29,2014/15,59,100.0
0644591005314,Spets Crister,SD,Västra Götalands läns östra,man,1964,9,0,47,45,2014/15,101,100.0
064601872511,Elmsäter-Svärd Catharina,M,Stockholms län,kvinna,1965,3,2,24,2,2014/15,31,93.5483870967742
065105536026,Karlsson Niklas,S,Skåne läns västra,man,1974,6,86,330,22,2014/15,444,80.63063063063063
0652497579621,Haraldsson Johanna,S,Jönköpings län,kvinna,1980,5,13,404,22,2014/15,444,97.07207207207207
0653904370212,Olovsson Fredrik,S,Södermanlands län,man,1973,6,50,365,23,2014/15,444,88.73873873873875
0655028250417,Emilsson Lena,S,Skåne läns västra,kvinna,1957,6,35,385,18,2014/15,444,92.11711711711712
0656591334119,Klarberg Per,SD,Västra Götalands läns västra,man,1965,30,94,156,164,2014/15,444,78.82882882882882
065701062615,Filper Runar,SD,Östergötlands län,man,1964,30,113,142,159,2014/15,444,74.54954954954955
0658668232410,Bill Per,M,Uppsala län,man,1958,14,25,306,99,2014/15,444,94.36936936936937
0665485817222,Bäckström Daniel,C,Värmlands län,man,1975,26,24,299,95,2014/15,444,94.5945945945946
0666958447826,Szyber Caroline,KD,Stockholms kommun,kvinna,1981,18,101,257,68,2014/15,444,77.25225225225225
0667220767927,Ezelius Erik,S,Västra Götalands läns östra,man,1986,2,47,372,23,2014/15,444,89.41441441441441
066769783310,Olsson Lotta,M,Örebro län,kvinna,1960,14,24,311,95,2014/15,444,94.5945945945946
0671881934227,Nissinen Johan,SD,Skåne läns norra och östra,man,1989,36,43,179,186,2014/15,444,90.31531531531532
0677738818613,Åkesson Anders,C,Kalmar län,man,1958,18,67,279,80,2014/15,444,84.90990990990991
0678712094213,Jakobsson Stefan,SD,Västmanlands län,man,1968,31,70,162,181,2014/15,444,84.23423423423424
0679228585116,Åsling Per,C,Jämtlands län,man,1957,21,42,295,86,2014/15,444,90.54054054054053
067992138910,Jeppsson Peter,S,Blekinge län,man,1968,6,66,350,22,2014/15,444,85.13513513513513
0680329141121,Modig Aron,KD,Göteborgs kommun,man,1985,22,7,328,87,2014/15,444,98.42342342342343
0682989845822,Svenneling Håkan,V,Värmlands län,man,1985,53,47,252,92,2014/15,444,89.41441441441441
069309987221,Hultberg Johan,M,Kronobergs län,man,1985,15,16,317,96,2014/15,444,96.3963963963964
0693341580004,Wiklander Tony,SD,Västra Götalands läns västra,man,1939,36,18,187,203,2014/15,444,95.94594594594594
069436402021,Tobé Tomas,M,Gävleborgs län,man,1978,13,180,193,58,2014/15,444,59.45945945945945
0695090885212,Abrahamsson Maria,M,Stockholms kommun,kvinna,1963,11,32,306,95,2014/15,444,92.7927927927928
0697941234716,Larsson Margareta,SD,Västra Götalands läns östra,kvinna,1964,0,115,9,20,2014/15,144,20.138888888888886
07012286624,Riazat Daniel,V,Dalarnas län,man,1991,52,5,279,108,2014/15,444,98.87387387387388
0704744533715,Stålhammar Pernilla,MP,Stockholms kommun,kvinna,1971,6,64,352,22,2014/15,444,85.58558558558559
0709749259417,Persson Rickard,MP,Skåne läns västra,man,1959,5,48,369,22,2014/15,444,89.1891891891892
0710022029620,Rasmusson Magda,MP,Stockholms kommun,kvinna,1992,0,42,52,2,2014/15,96,56.25
0714579775816,Thalén Finné Ewa,M,Skåne läns södra,kvinna,1959,13,71,276,84,2014/15,444,84.009009009009
0716036604716,Knutsson Elisabet,MP,Skåne läns norra och östra,kvinna,1952,6,10,404,24,2014/15,444,97.74774774774775
0718034011110,Roswall Jessika,M,Uppsala län,kvinna,1972,13,83,263,85,2014/15,444,81.30630630630631
0718937995813,Staxäng Lars-Arne,M,Västra Götalands läns västra,man,1956,14,135,224,71,2014/15,444,69.5945945945946
072019517020,Adan Amir,M,Stockholms kommun,man,1985,16,0,326,102,2014/15,444,100.0
0720249554818,Vestlund Börje,S,Stockholms kommun,man,1960,5,119,303,17,2014/15,444,73.1981981981982
0721509806321,Dadgostar Nooshi,V,Stockholms län,kvinna,1985,51,20,269,104,2014/15,444,95.4954954954955
0721657655513,Bengtsson Finn,M,Östergötlands län,man,1956,15,7,319,103,2014/15,444,98.42342342342343
0729710260118,Bouveng Helena,M,Jönköpings län,kvinna,1962,11,45,298,90,2014/15,444,89.86486486486487
0731442709013,Nylander Christer,L,Skåne läns norra och östra,man,1968,33,17,302,92,2014/15,444,96.17117117117118
07351347121,Schröder Anders,MP,Gävleborgs län,man,1990,4,2,413,25,2014/15,444,99.54954954954955
0737073162411,Carlsson Löfdahl Emma,L,Jönköpings län,kvinna,1970,26,67,270,81,2014/15,444,84.90990990990991
0744139167426,Ling Rasmus,MP,Malmö kommun,man,1984,4,72,352,16,2014/15,444,83.78378378378379
0750518623913,Finstorp Lotta,M,Södermanlands län,kvinna,1958,16,0,326,102,2014/15,444,100.0
0750727320521,Gunnarsson Jonas,S,Värmlands län,man,1980,5,142,278,19,2014/15,444,68.01801801801801
0752691002718,Niemi Pyry,S,Uppsala län,man,1965,5,42,376,21,2014/15,444,90.54054054054053
0758652610,Arnholm Maria,L,Stockholms län,kvinna,1958,15,150,211,68,2014/15,444,66.21621621621621
0760500234712,Haider Monica,S,Kronobergs län,kvinna,1963,4,40,383,17,2014/15,444,90.990990990991
0766496753128,Malm Fredrik,L,Stockholms kommun,man,1977,32,25,298,89,2014/15,444,94.36936936936937
0768605712423,Sestrajcic Daniel,V,Malmö kommun,man,1976,40,131,195,78,2014/15,444,70.4954954954955
0772402807013,Sällström Sven-Olof,SD,Dalarnas län,man,1968,39,2,192,211,2014/15,444,99.54954954954955
0773497241728,Hedlund Roger,SD,Stockholms län,man,1979,32,83,154,175,2014/15,444,81.30630630630631
0778725756419,Sundén Andersson Lisbeth,M,Göteborgs kommun,kvinna,1950,12,103,251,78,2014/15,444,76.8018018018018
0779781772919,Nilsson Kristina,S,Västernorrlands län,kvinna,1965,5,45,372,22,2014/15,444,89.86486486486487
0781520322912,Hellman Jörgen,S,Västra Götalands läns norra,man,1963,6,6,408,24,2014/15,444,98.64864864864865
0781623040415,Waltersson Grönvall Camilla,M,Västra Götalands läns norra,kvinna,1969,15,36,297,96,2014/15,444,91.89189189189189
0787533297400,von Sydow Björn,S,Stockholms län,man,1945,6,58,361,19,2014/15,444,86.93693693693693
0787535945527,Åfeldt Jennie,SD,Malmö kommun,kvinna,1974,35,49,175,185,2014/15,444,88.96396396396396
0788526088220,Henriksson Emma,KD,Stockholms län,kvinna,1977,22,73,279,70,2014/15,444,83.55855855855856
0791649913415,Nilsson Stefan,MP,Stockholms kommun,man,1959,3,41,375,25,2014/15,444,90.76576576576576
0791786201912,Plass Maria,M,Västra Götalands läns västra,kvinna,1953,15,24,308,97,2014/15,444,94.5945945945946
0792733370419,Oscarsson Magnus,KD,Östergötlands län,man,1970,16,72,282,74,2014/15,444,83.78378378378379
0801311569314,Svantorp Gunilla,S,Värmlands län,kvinna,1964,6,31,384,23,2014/15,444,93.01801801801803
0802546764724,Westlund Åsa,S,Stockholms län,kvinna,1976,6,39,376,23,2014/15,444,91.21621621621621
0802826314426,Arkelsten Sofia,M,Stockholms kommun,kvinna,1976,14,69,274,87,2014/15,444,84.45945945945947
0803753212716,Jomshof Richard,SD,Blekinge län,man,1969,31,88,151,174,2014/15,444,80.18018018018019
0810201628512,Hammar Johnsson Ann-Charlotte,M,Skåne läns västra,kvinna,1966,16,37,299,92,2014/15,444,91.66666666666666
0819601620927,Hirvonen Annika,MP,Stockholms län,kvinna,1989,7,4,408,25,2014/15,444,99.09909909909909
0825441263617,Lahti Birger,V,Norrbottens län,man,1964,52,19,266,107,2014/15,444,95.72072072072072
0828198456420,Nordin Lise,MP,Göteborgs kommun,kvinna,1982,2,47,371,24,2014/15,444,89.41441441441441
0828721176319,Bergheden Sten,M,Västra Götalands läns östra,man,1965,13,55,289,87,2014/15,444,87.61261261261262
0831039938224,Marttinen Adam,SD,Stockholms kommun,man,1983,40,12,189,203,2014/15,444,97.2972972972973
0831636664429,Karlsson Mattias,SD,Värmlands län,man,1977,33,115,142,154,2014/15,444,74.09909909909909
0832311880029,Ottoson Erik,M,Stockholms län,man,1989,13,1,285,99,2014/15,398,99.74874371859298
0836001490919,Carlsson Ulrika,C,Västra Götalands läns östra,kvinna,1965,23,119,226,76,2014/15,444,73.1981981981982
0843345349823,Hansson Anders,M,Skåne läns södra,man,1976,15,32,301,96,2014/15,444,92.7927927927928
084624777218,Lindahl Helena,C,Västerbottens län,kvinna,1972,24,26,300,94,2014/15,444,94.14414414414415
0849219210615,Amin Jabar,MP,Västerbottens län,man,1959,5,26,390,23,2014/15,444,94.14414414414415
0853395328224,Hallengren Lena,S,Kalmar län,kvinna,1973,5,79,341,19,2014/15,444,82.2072072072072
085742305813,Engström Patrik,S,Dalarnas län,man,1968,5,94,327,18,2014/15,444,78.82882882882882
0859721748313,Andersson Jörgen,M,Kalmar län,man,1966,17,40,294,93,2014/15,444,90.990990990991
0859968278117,Ohlsson Carina,S,Västra Götalands läns östra,kvinna,1957,3,153,270,18,2014/15,444,65.54054054054055
0860364634014,Ottosson Mattias,S,Östergötlands län,man,1971,4,11,405,24,2014/15,444,97.52252252252252
0860429409414,Pethrus Désirée,KD,Stockholms kommun,kvinna,1959,16,46,305,77,2014/15,444,89.63963963963964
0861143074410,Strandberg Torkild,L,Skåne läns västra,man,1970,0,35,3,2,2014/15,40,12.5
0861447317415,Finnborg Thomas,M,Skåne läns västra,man,1954,12,62,284,86,2014/15,444,86.03603603603604
0861521539920,Emilsson Aron,SD,Skåne läns västra,man,1990,31,101,154,158,2014/15,444,77.25225225225225
0862868280923,Lööf Annie,C,Jönköpings län,kvinna,1983,13,229,160,42,2014/15,444,48.42342342342343
0871764071911,Kain Nina,SD,Västra Götalands läns södra,kvinna,1973,37,65,163,179,2014/15,444,85.36036036036036
0875221317013,Carlsson Gunilla,S,Göteborgs kommun,kvinna,1966,6,72,346,20,2014/15,444,83.78378378378379
0877778793323,Büser Johan,S,Göteborgs kommun,man,1983,2,57,361,24,2014/15,444,87.16216216216216
0878075468027,Larsson Hillevi,S,Malmö kommun,kvinna,1974,6,70,353,15,2014/15,444,84.23423423423424
0879014196003,Åkerlund Jonas,SD,Västmanlands län,man,1949,40,17,187,200,2014/15,444,96.17117117117118
0879782396219,Thorell Olle,S,Västmanlands län,man,1967,3,84,337,20,2014/15,444,81.08108108108108
0880137451720,Nohrén Emma,MP,Västra Götalands läns västra,kvinna,1980,3,102,317,22,2014/15,444,77.02702702702703
088028607414,Asplund Lena,M,Västernorrlands län,kvinna,1956,15,65,278,86,2014/15,444,85.36036036036036
0882001830516,Jämtin Carin,S,Stockholms kommun,kvinna,1964,1,143,280,20,2014/15,444,67.7927927927928
0884738092723,Yngwe Kristina,C,Skåne läns södra,kvinna,1983,26,26,299,93,2014/15,444,94.14414414414415
0889860537413,Hammarbergh Krister,M,Norrbottens län,man,1963,16,26,306,96,2014/15,444,94.14414414414415
089246126523,Lundgren Elin,S,Gävleborgs län,kvinna,1978,3,28,390,23,2014/15,444,93.69369369369369
0893004490313,Widegren Cecilia,M,Västra Götalands läns östra,kvinna,1973,16,34,301,93,2014/15,444,92.34234234234235
0899112324519,Svantesson Elisabeth,M,Örebro län,kvinna,1967,13,87,259,85,2014/15,444,80.4054054054054
0901257862125,Linde Hans,V,Göteborgs kommun,man,1979,48,70,239,87,2014/15,444,84.23423423423424
0903307301618,Persson Peter,S,Jönköpings län,man,1955,0,315,121,8,2014/15,444,29.054054054054056
0905312407726,Sundin Cassandra,SD,Östergötlands län,kvinna,1991,33,71,170,170,2014/15,444,84.009009009009
0905637653912,Nilsson Kerstin,S,Skåne läns södra,kvinna,1956,5,37,382,20,2014/15,444,91.66666666666666
0909948830718,Ahlberg Ann-Christin,S,Västra Götalands läns södra,kvinna,1957,6,1,413,24,2014/15,444,99.77477477477478
0910241260018,Härstedt Kent,S,Skåne läns västra,man,1965,4,88,336,16,2014/15,444,80.18018018018019
0911916463828,Lundh Sammeli Fredrik,S,Norrbottens län,man,1977,4,63,356,21,2014/15,444,85.8108108108108
0914002106327,Fölster Sofia,M,Stockholms län,kvinna,1991,16,2,324,102,2014/15,444,99.54954954954955
0916608741910,Svensson Suzanne,S,Blekinge län,kvinna,1958,6,40,376,22,2014/15,444,90.990990990991
0920966427818,Ahlgren Anders,C,Dalarnas län,man,1952,26,36,289,93,2014/15,444,91.89189189189189
0925451929216,Gunther Penilla,KD,Västra Götalands läns norra,kvinna,1964,17,134,236,57,2014/15,444,69.81981981981981
0925652297119,Ramhorn Per,SD,Kronobergs län,man,1967,31,105,135,173,2014/15,444,76.35135135135135
0930305890123,Bjälkö Sara-Lena,SD,Örebro län,kvinna,1976,36,46,168,194,2014/15,444,89.63963963963964
0932000030511,Stockhaus Maria,M,Stockholms län,kvinna,1963,16,13,314,101,2014/15,444,97.07207207207207
0934639939611,Johansson Ola,C,Hallands län,man,1960,23,67,269,85,2014/15,444,84.90990990990991
0936723349517,Engelhardt Christer,S,Gotlands län,man,1969,1,6,35,6,2014/15,48,87.5
0938534705001,Hedberg Gunnar,M,Uppsala län,man,1948,13,24,242,85,2014/15,364,93.4065934065934
0938901612810,Reinfeldt Fredrik,M,Stockholms kommun,man,1965,0,41,0,0,2014/15,41,0.0
0940980416614,Ericson Jan,M,Västra Götalands läns södra,man,1961,11,87,267,79,2014/15,444,80.4054054054054
0954072997110,Schlyter Carl,MP,Stockholms län,man,1968,3,73,345,23,2014/15,444,83.55855855855856
0955748436811,Stenkvist Robert,SD,Västra Götalands läns östra,man,1958,33,39,176,196,2014/15,444,91.21621621621621
0956595590924,Billström Tobias,M,Malmö kommun,man,1973,12,107,249,76,2014/15,444,75.90090090090091
0958776965517,Axelsson Lennart,S,Örebro län,man,1952,5,77,342,20,2014/15,444,82.65765765765765
0962841101917,Qarlsson Annika,C,Västra Götalands läns norra,kvinna,1964,25,51,281,87,2014/15,444,88.51351351351352
0964730940415,Andersson Johan,S,Östergötlands län,man,1961,5,35,382,22,2014/15,444,92.11711711711712
0970259744617,Cederfelt Margareta,M,Stockholms kommun,kvinna,1959,9,149,220,66,2014/15,444,66.44144144144144
0970427364222,Wallén Anna,S,Västmanlands län,kvinna,1980,5,75,343,21,2014/15,444,83.10810810810811
0973782197017,Oscarsson Mikael,KD,Uppsala län,man,1967,15,108,262,59,2014/15,444,75.67567567567568
0974061238314,Holmqvist Paula,S,Västra Götalands läns norra,kvinna,1964,6,25,392,21,2014/15,444,94.36936936936937
0975579292417,Green Monica,S,Västra Götalands läns östra,kvinna,1959,5,105,316,18,2014/15,444,76.35135135135135
0980316377627,Hjälmered Lars,M,Göteborgs kommun,man,1977,16,5,322,101,2014/15,444,98.87387387387388
0980681611418,Wallmark Hans,M,Skåne läns norra och östra,man,1965,15,40,297,92,2014/15,444,90.990990990991
0982795248728,Forssmed Jakob,KD,Stockholms län,man,1974,13,174,206,51,2014/15,444,60.810810810810814
0983984918111,Ernkrans Matilda,S,Örebro län,kvinna,1973,6,63,353,22,2014/15,444,85.8108108108108
0988383147219,Eriksson Lars,S,Västmanlands län,man,1970,5,47,370,22,2014/15,444,89.41441441441441
0992420223820,Rosencrantz Jessica,M,Stockholms kommun,kvinna,1987,16,0,326,102,2014/15,444,100.0
0992473266516,Söder Larry,KD,Hallands län,man,1969,2,0,95,27,2014/15,124,100.0
0995355603410,Johansson Wiwi-Anne,V,Västra Götalands läns västra,kvinna,1950,43,69,238,94,2014/15,444,84.45945945945947
0996640018922,Larsson Yasmine,S,Skåne läns västra,kvinna,1988,6,24,393,21,2014/15,444,94.5945945945946
010343930918,Cecilie Tenfjord-Toftby,M,Västra Götalands läns södra,kvinna,1970,42,33,356,200,2015/16,631,94.77020602218701
0103624617217,Helén Pettersson,S,Västerbottens län,kvinna,1972,3,70,545,13,2015/16,631,88.90649762282092
0105126451619,Anna Hagwall,SD,Västerbottens län,kvinna,1953,59,86,296,190,2015/16,631,86.37083993660856
0105632258713,Boriana Åberg,M,Skåne läns södra,kvinna,1968,33,124,308,166,2015/16,631,80.3486529318542
0105797223918,Mikael Cederbratt,M,Västra Götalands läns norra,man,1955,32,133,296,170,2015/16,631,78.92234548335975
0108109641223,Carl-Oskar Bohlin,M,Dalarnas län,man,1986,41,30,360,200,2015/16,631,95.24564183835183
0110600080618,Håkan Juholt,S,Kalmar län,man,1962,3,151,464,12,2015/16,630,76.03174603174602
0111479807829,Anna Wallentheim,S,Skåne läns norra och östra,kvinna,1985,3,24,588,15,2015/16,630,96.19047619047619
0113077554312,Raimo Pärssinen,S,Gävleborgs län,man,1956,3,34,581,13,2015/16,631,94.61172741679873
0114869877121,Sara Karlsson,S,Södermanlands län,kvinna,1985,7,86,525,13,2015/16,631,86.37083993660856
0115834246514,Emma Wallrup,V,Uppsala län,kvinna,1971,82,9,429,111,2015/16,631,98.57369255150554
0116712544316,Eva Wallin,KD,Västra Götalands läns västra,kvinna,1967,29,2,176,83,2015/16,290,99.3103448275862
0116759114313,Bengt Eliasson,L,Hallands län,man,1961,1,0,20,8,2015/16,29,100.0
0116759114313,Bengt Eliasson,L,Hallands län,man,1961,51,52,351,148,2015/16,602,91.36212624584718
0117203219614,Jörgen Warborn,M,Hallands län,man,1969,41,69,333,188,2015/16,631,89.06497622820919
012053331219,Anna Kinberg Batra,M,Stockholms län,kvinna,1970,26,272,210,123,2015/16,631,56.89381933438986
0121939297619,Jamal El-Haj,S,Malmö kommun,man,1960,0,19,53,0,2015/16,72,73.61111111111111
0122987223112,Lotta Johnsson Fornarve,V,Södermanlands län,kvinna,1956,59,131,350,91,2015/16,631,79.2393026941363
0125056691517,Lars-Axel Nordell,KD,Örebro län,man,1952,97,45,321,168,2015/16,631,92.86846275752774
012576033427,Hannah Bergstedt,S,Norrbottens län,kvinna,1977,3,173,444,11,2015/16,631,72.58320126782884
0126797549328,Johan Forssell,M,Stockholms kommun,man,1979,40,96,317,178,2015/16,631,84.78605388272584
0128805841317,Katarina Brännström,M,Kronobergs län,kvinna,1950,44,11,365,211,2015/16,631,98.25673534072901
0130789484021,Mattias Bäckström Johansson,SD,Västernorrlands län,man,1985,76,10,331,214,2015/16,631,98.41521394611728
0132818093422,Rickard Nordin,C,Göteborgs kommun,man,1983,69,96,309,157,2015/16,631,84.78605388272584
0133767709317,Phia Andersson,S,Västra Götalands läns södra,kvinna,1955,3,16,598,14,2015/16,631,97.46434231378764
0134101155612,Rikard Larsson,S,Skåne läns södra,man,1966,3,18,596,14,2015/16,631,97.1473851030111
0136310791918,Marie Granlund,S,Malmö kommun,kvinna,1962,3,31,582,15,2015/16,631,95.08716323296355
0136801772915,Maria Strömkvist,S,Dalarnas län,kvinna,1964,3,28,585,15,2015/16,631,95.56259904912837
0138741628520,Angelika Bengtsson,SD,Stockholms kommun,kvinna,1990,74,24,325,208,2015/16,631,96.19651347068145
0139948283718,Agneta Börjesson,MP,Hallands län,kvinna,1957,3,33,582,13,2015/16,631,94.77020602218701
014386615025,Ali Esbati,V,Stockholms län,man,1976,47,33,340,85,2015/16,505,93.46534653465346
0144048894712,Ellen Juntti,M,Västra Götalands läns västra,kvinna,1958,43,0,375,213,2015/16,631,100.0
0145294944502,Roger Richtoff,SD,Skåne läns västra,man,1948,72,52,308,199,2015/16,631,91.75911251980983
0150027900515,Anders Lönnberg,S,Stockholms län,man,1954,1,113,345,10,2015/16,469,75.90618336886993
0150118366721,Linda Snecker,V,Östergötlands län,kvinna,1983,65,40,324,81,2015/16,510,92.15686274509804
0150664940102,Eva Lohman,M,Västernorrlands län,kvinna,1948,38,13,371,209,2015/16,631,97.93977812995246
0155487380917,Kerstin Lundgren,C,Stockholms län,kvinna,1955,58,143,291,139,2015/16,631,77.33755942947703
0157062733618,Jonas Eriksson,MP,Örebro län,man,1967,0,3,117,4,2015/16,124,97.58064516129032
0161597857912,Tuve Skånberg,KD,Skåne läns norra och östra,man,1956,99,43,323,166,2015/16,631,93.18541996830427
0165360915617,Christer Adelsbo,S,Skåne läns norra och östra,man,1962,0,0,1,0,2015/16,1,100.0
0166790812128,Hanif Bali,M,Stockholms län,man,1987,45,13,362,211,2015/16,631,97.93977812995246
016950536026,Hanna Wigh,SD,Norrbottens län,kvinna,1986,48,241,216,126,2015/16,631,61.806656101426306
0170585430421,Jimmy Ståhl,SD,Göteborgs kommun,man,1975,66,79,301,185,2015/16,631,87.48019017432647
0172220256016,Annika Lillemets,MP,Östergötlands län,kvinna,1962,3,139,474,15,2015/16,631,77.97147385103011
0173210620224,Said Abdu,L,Västra Götalands läns norra,man,1986,1,3,18,7,2015/16,29,89.65517241379311
0173210620224,Said Abdu,L,Västra Götalands läns norra,man,1986,42,123,310,127,2015/16,602,79.56810631229236
0173946230722,Maria Andersson Willner,S,Västra Götalands läns norra,kvinna,1978,2,83,534,12,2015/16,631,86.84627575277337
0176437434123,Jenny Petersson,M,Hallands län,kvinna,1981,39,91,312,189,2015/16,631,85.57844690966719
0182190010218,Esabelle Dingizian,MP,Stockholms län,kvinna,1962,1,82,537,11,2015/16,631,87.00475435816165
0182800488922,Paula Bieler,SD,Kalmar län,kvinna,1988,73,31,319,208,2015/16,631,95.08716323296355
0186426023519,Arhe Hamednaca,S,Stockholms kommun,man,1953,3,127,488,13,2015/16,631,79.87321711568937
0190560012714,Pia Hallström,M,Värmlands län,kvinna,1961,29,190,266,145,2015/16,630,69.84126984126983
0192918410514,Gunilla Nordgren,M,Skåne läns södra,kvinna,1956,45,18,359,209,2015/16,631,97.1473851030111
0193378456716,Ulf Berg,M,Dalarnas län,man,1957,41,50,342,197,2015/16,630,92.06349206349206
0194498232620,Roza Güclü Hedin,S,Dalarnas län,kvinna,1982,4,104,509,14,2015/16,631,83.51822503961965
0196024739401,Margareta B Kjellin,M,Gävleborgs län,kvinna,1948,36,192,249,154,2015/16,631,69.57210776545166
0196077326617,Solveig Zander,C,Uppsala län,kvinna,1955,73,51,341,166,2015/16,631,91.9175911251981
0198031297912,Anette Åkesson,M,Skåne läns norra och östra,kvinna,1966,41,41,354,195,2015/16,631,93.50237717908082
0198917587520,Maj Karlsson,V,Göteborgs kommun,kvinna,1980,81,70,384,96,2015/16,631,88.90649762282092
0199751900210,Annelie Karlsson,S,Skåne läns norra och östra,kvinna,1965,2,101,516,12,2015/16,631,83.99366085578447
0200490530919,Marco Venegas,MP,Södermanlands län,man,1962,5,2,608,16,2015/16,631,99.68304278922345
0204240926023,Markus Wiechel,SD,Västra Götalands läns norra,man,1988,65,73,301,192,2015/16,631,88.4310618066561
0204443909416,Johan Hedin,C,Stockholms kommun,man,1969,79,50,333,169,2015/16,631,92.07606973058637
0204494765606,Ann-Britt Åsebol,M,Dalarnas län,kvinna,1947,0,0,1,0,2015/16,1,100.0
0205360448417,Peter Johnsson,S,Västra Götalands läns norra,man,1962,5,33,537,13,2015/16,588,94.38775510204081
0208558695314,Ingemar Nilsson,S,Västernorrlands län,man,1956,3,76,538,14,2015/16,631,87.95562599049128
0210198640127,Fredrik Schulte,M,Stockholms län,man,1981,40,67,330,194,2015/16,631,89.38193343898574
0211757295524,Josef Fransson,SD,Uppsala län,man,1978,74,29,324,204,2015/16,631,95.4041204437401
0216534495014,Jens Holm,V,Stockholms kommun,man,1971,68,129,343,91,2015/16,631,79.55625990491284
0219220227418,Isabella Hökmark,M,Stockholms län,kvinna,1962,41,28,360,202,2015/16,631,95.56259904912837
0222691314314,Ulf Kristersson,M,Södermanlands län,man,1963,32,64,341,194,2015/16,631,89.85736925515056
0223069839622,Robert Hannah,L,Göteborgs kommun,man,1985,1,0,20,8,2015/16,29,100.0
0223069839622,Robert Hannah,L,Göteborgs kommun,man,1985,47,30,371,154,2015/16,602,95.01661129568106
0229760896014,Anders W Jonsson,C,Gävleborgs län,man,1961,63,143,280,145,2015/16,631,77.33755942947703
0231432628318,Shadiye Heydari,S,Göteborgs kommun,kvinna,1967,3,106,508,14,2015/16,631,83.2012678288431
0235974887200,Susanne Eberstein,S,Västernorrlands län,kvinna,1948,2,60,557,12,2015/16,631,90.49128367670365
0236051814311,Mikael Jansson,SD,Gävleborgs län,man,1965,68,57,309,197,2015/16,631,90.96671949286846
0237055280513,Roland Utbult,KD,Västra Götalands läns västra,man,1951,59,85,119,78,2015/16,341,75.0733137829912
023767922422,Mats Persson,L,Skåne läns södra,man,1980,1,6,15,7,2015/16,29,79.3103448275862
023767922422,Mats Persson,L,Skåne läns södra,man,1980,51,62,348,141,2015/16,602,89.70099667774086
0246927519019,Karin Rågsjö,V,Stockholms kommun,kvinna,1955,62,74,399,96,2015/16,631,88.27258320126784
0250583732424,Jesper Skalberg Karlsson,M,Gotlands län,man,1993,42,49,346,194,2015/16,631,92.23454833597464
0251617324715,Katarina Köhler,S,Västerbottens län,kvinna,1954,0,4,0,0,2015/16,4,0.0
0252067342313,Åsa Lindestam,S,Gävleborgs län,kvinna,1956,3,83,531,14,2015/16,631,86.84627575277337
0256716955026,Serkan Köse,S,Stockholms län,man,1976,3,39,575,14,2015/16,631,93.81933438985737
0256743155204,Per-Ingvar Johnsson,C,Skåne läns norra och östra,man,1944,79,0,369,183,2015/16,631,100.0
0257612529618,Kenneth G Forslund,S,Västra Götalands läns västra,man,1967,2,154,466,9,2015/16,631,75.59429477020603
025967059622,Magnus Manhammar,S,Blekinge län,man,1980,3,111,505,12,2015/16,631,82.40887480190175
0262017901513,Beatrice Ask,M,Stockholms kommun,kvinna,1956,35,89,323,184,2015/16,631,85.89540412044374
0264838147315,Catharina Bråkenhielm,S,Västra Götalands läns västra,kvinna,1956,1,298,324,8,2015/16,631,52.77337559429477
0266517781926,Christina Örnebjär,L,Örebro län,kvinna,1979,1,0,20,8,2015/16,29,100.0
0266517781926,Christina Örnebjär,L,Örebro län,kvinna,1979,42,99,323,138,2015/16,602,83.55481727574751
0269067253614,Thomas Strand,S,Jönköpings län,man,1954,4,86,528,13,2015/16,631,86.37083993660856
0271543079118,Heidi Karlsson,SD,Hallands län,kvinna,1969,61,38,252,158,2015/16,509,92.5343811394892
0271543079118,Heidi Karlsson,SD,Stockholms län,kvinna,1969,0,0,1,0,2015/16,1,100.0
0273506284025,Edward Riedl,M,Västerbottens län,man,1976,36,70,342,183,2015/16,631,88.90649762282092
0274462857213,Petter Löberg,S,Västra Götalands läns södra,man,1968,2,21,593,15,2015/16,631,96.67194928684629
0275724540919,Erik Ullenhag,L,Stockholms kommun,man,1972,1,0,20,8,2015/16,29,100.0
0275724540919,Erik Ullenhag,L,Stockholms kommun,man,1972,45,117,308,131,2015/16,601,80.5324459234609
0277648711624,Anders Österberg,S,Stockholms kommun,man,1981,2,95,522,12,2015/16,631,84.9445324881141
0280087199210,Valter Mutt,MP,Göteborgs kommun,man,1955,5,112,498,16,2015/16,631,82.25039619651346
0283117091429,Emanuel Öz,S,Stockholms kommun,man,1979,1,72,548,10,2015/16,631,88.58954041204437
0284039893826,Jakop Dalunde,MP,Stockholms kommun,man,1984,3,70,449,13,2015/16,535,86.91588785046729
0284192765516,Tomas Eneroth,S,Kronobergs län,man,1966,4,158,459,10,2015/16,631,74.96038034865293
0285631067215,Robert Halef,KD,Stockholms län,man,1964,82,73,316,160,2015/16,631,88.4310618066561
0294138886823,Martin Kinnunen,SD,Göteborgs kommun,man,1983,53,183,242,153,2015/16,631,70.99841521394612
0296384583518,Åsa Eriksson,S,Västmanlands län,kvinna,1972,0,0,1,0,2015/16,1,100.0
0299937536814,Håkan Bergman,S,Örebro län,man,1954,4,53,562,12,2015/16,631,91.60063391442155
0306286538528,Sofia Damm,KD,Skåne läns södra,kvinna,1977,94,114,280,143,2015/16,631,81.93343898573693
0308306375022,Roger Haddad,L,Västmanlands län,man,1978,1,4,16,8,2015/16,29,86.20689655172413
0308306375022,Roger Haddad,L,Västmanlands län,man,1978,54,59,342,147,2015/16,602,90.19933554817275
0313210809828,Emil Källström,C,Västernorrlands län,man,1987,65,87,315,164,2015/16,631,86.2123613312203
0313390540217,Ingela Nylund Watz,S,Stockholms län,kvinna,1962,3,63,551,14,2015/16,631,90.01584786053883
0315499690028,Teresa Carvalho,S,Östergötlands län,kvinna,1984,1,14,389,10,2015/16,414,96.61835748792271
0316505710324,Janine Alm Ericson,MP,Västra Götalands läns norra,kvinna,1973,2,108,508,13,2015/16,631,82.88431061806656
0321885416125,Rossana Dinamarca,V,Västra Götalands läns norra,kvinna,1974,49,332,203,47,2015/16,631,47.3851030110935
0325462829512,Christina Östberg,SD,Kalmar län,kvinna,1968,68,55,305,203,2015/16,631,91.28367670364501
0338458649710,Anti Avsan,M,Stockholms län,man,1958,35,143,282,171,2015/16,631,77.33755942947703
0339894357417,Jennie Nilsson,S,Hallands län,kvinna,1972,3,29,585,14,2015/16,631,95.4041204437401
0341628241813,Marianne Pettersson,S,Skåne läns södra,kvinna,1958,3,0,613,15,2015/16,631,100.0
0344222203323,Dennis Dioukarev,SD,Jönköpings län,man,1993,69,58,304,200,2015/16,631,90.80824088748018
0352254228107,Staffan Danielsson,C,Östergötlands län,man,1947,73,88,317,153,2015/16,631,86.05388272583201
0363228965800,Barbro Westerholm,L,Stockholms län,kvinna,1933,1,14,11,3,2015/16,29,51.72413793103448
0363228965800,Barbro Westerholm,L,Stockholms län,kvinna,1933,43,102,323,134,2015/16,602,83.05647840531562
0363721826713,Per Lodenius,C,Stockholms län,man,1966,68,33,355,175,2015/16,631,94.77020602218701
0365797008114,Leif Pettersson,S,Norrbottens län,man,1954,2,59,558,12,2015/16,631,90.64976228209191
0369028728526,Kent Ekeroth,SD,Skåne läns norra och östra,man,1981,72,30,321,208,2015/16,631,95.24564183835183
0373223420310,Niclas Malmberg,MP,Uppsala län,man,1970,3,57,558,13,2015/16,631,90.96671949286846
037508021018,Torbjörn Björlund,V,Östergötlands län,man,1957,9,0,90,22,2015/16,121,100.0
037561614928,Lawen Redar,S,Stockholms kommun,kvinna,1989,2,161,458,10,2015/16,631,74.4849445324881
0376353897112,Leif Nysmed,S,Stockholms län,man,1970,2,107,511,11,2015/16,631,83.04278922345483
0376867803913,Agneta Gille,S,Uppsala län,kvinna,1956,3,66,549,13,2015/16,631,89.54041204437401
0381918573217,Michael Svensson,M,Hallands län,man,1957,40,18,366,207,2015/16,631,97.1473851030111
0383111552218,Jonas Sjöstedt,V,Västerbottens län,man,1964,70,141,333,87,2015/16,631,77.65451664025356
0387358739126,Jonas Millard,SD,Västra Götalands läns norra,man,1981,72,49,312,198,2015/16,631,92.23454833597464
0393199907225,Jenny Bengtsson,V,Stockholms län,kvinna,1983,30,0,74,22,2015/16,126,100.0
0397377293714,Göran Lindell,C,Jönköpings län,man,1954,36,64,135,68,2015/16,303,78.87788778877888
0397924710612,Ulrika Karlsson,M,Uppsala län,kvinna,1973,38,163,273,157,2015/16,631,74.16798732171156
0401968752713,Stina Bergström,MP,Värmlands län,kvinna,1958,2,98,518,13,2015/16,631,84.46909667194929
0403769921921,Tina Ghasemi,M,Stockholms kommun,kvinna,1985,32,146,285,168,2015/16,631,76.8621236133122
0404025497421,Birgitta Ohlsson,L,Stockholms kommun,kvinna,1975,1,0,20,8,2015/16,29,100.0
0404025497421,Birgitta Ohlsson,L,Stockholms kommun,kvinna,1975,45,102,321,134,2015/16,602,83.05647840531562
0407081382317,Anna-Caren Sätherberg,S,Jämtlands län,kvinna,1964,3,65,550,13,2015/16,631,89.69889064976229
0409540163215,Hans Rothenberg,M,Göteborgs kommun,man,1961,33,110,311,177,2015/16,631,82.56735340729001
0412148992926,Hanna Westerén,S,Gotlands län,kvinna,1981,4,55,558,14,2015/16,631,91.28367670364501
0412502344925,Ida Ekeroth,S,Västra Götalands läns östra,kvinna,1991,0,1,116,4,2015/16,121,99.17355371900827
0414687558527,Maria Weimer,L,Uppsala län,kvinna,1979,0,9,14,6,2015/16,29,68.96551724137932
0414687558527,Maria Weimer,L,Uppsala län,kvinna,1979,49,56,352,145,2015/16,602,90.69767441860466
0415959965211,Mia Sydow Mölleby,V,Örebro län,kvinna,1960,83,1,435,112,2015/16,631,99.84152139461173
0418929039326,Patrik Lundqvist,S,Gävleborgs län,man,1984,3,1,612,15,2015/16,631,99.84152139461173
0427321850912,Lars Mejern Larsson,S,Värmlands län,man,1965,2,79,538,12,2015/16,631,87.48019017432647
043972220518,Jasenko Omanovic,S,Västernorrlands län,man,1967,3,51,562,15,2015/16,631,91.9175911251981
0442629549320,Adnan Dibrani,S,Hallands län,man,1985,3,68,548,12,2015/16,631,89.22345483359746
0446541913415,Allan Widman,L,Malmö kommun,man,1964,1,0,20,8,2015/16,29,100.0
0446541913415,Allan Widman,L,Malmö kommun,man,1964,44,78,340,140,2015/16,602,87.04318936877077
0447797778718,Sotiris Delis,M,Jönköpings län,man,1955,39,92,315,185,2015/16,631,85.41996830427892
0448155122323,Olof Lavesson,M,Malmö kommun,man,1976,43,18,367,203,2015/16,631,97.1473851030111
0452755722723,Björn Söder,SD,Stockholms län,man,1976,58,135,270,168,2015/16,631,78.6053882725832
0455086201022,Johnny Skalin,SD,Hallands län,man,1978,59,182,234,156,2015/16,631,71.15689381933439
0456066032422,Mathias Sundin,L,Östergötlands län,man,1978,1,1,19,8,2015/16,29,96.55172413793103
0456066032422,Mathias Sundin,L,Östergötlands län,man,1978,50,111,314,127,2015/16,602,81.56146179401993
0457308547314,Karin Svensson Smith,MP,Skåne läns södra,kvinna,1956,2,162,456,11,2015/16,631,74.32646592709983
0460690753617,Pia Nilsson,S,Västmanlands län,kvinna,1962,3,5,608,15,2015/16,631,99.20760697305863
0462699892622,Maria Ferm,MP,Stockholms kommun,kvinna,1985,3,32,467,8,2015/16,510,93.72549019607843
046426524512,Olle Felten,SD,Södermanlands län,man,1953,77,7,332,215,2015/16,631,98.8906497622821
0465398691116,Eskil Erlandsson,C,Kronobergs län,man,1957,74,71,322,164,2015/16,631,88.74801901743264
0467253407311,Hans Unander,S,Dalarnas län,man,1970,4,108,507,12,2015/16,631,82.88431061806656
0468956880528,Mikael Eskilandersson,SD,Gävleborgs län,man,1977,75,3,335,218,2015/16,631,99.52456418383518
0469825305127,Anders Forsberg,SD,Malmö kommun,man,1974,61,133,267,170,2015/16,631,78.92234548335975
0472349361027,Kalle Olsson,S,Jämtlands län,man,1984,2,101,515,13,2015/16,631,83.99366085578447
0474290584024,Azadeh Rojhan Gustafsson,S,Stockholms län,kvinna,1986,1,87,530,12,2015/16,630,86.19047619047619
0475778011711,Hans Ekström,S,Södermanlands län,man,1958,4,83,533,11,2015/16,631,86.84627575277337
0480085646428,Erik Andersson,M,Stockholms län,man,1974,43,8,370,210,2015/16,631,98.73217115689383
0480339311713,Annika Eclund,KD,Västra Götalands läns östra,kvinna,1961,98,73,301,159,2015/16,631,88.4310618066561
0482689573825,Björn Wiechel,S,Västerbottens län,man,1983,3,109,506,13,2015/16,631,82.7258320126783
0482927154110,Leif Jakobsson,S,Malmö kommun,man,1955,2,15,529,13,2015/16,559,97.31663685152057
0483338990013,Roland Gustbée,M,Kronobergs län,man,1958,0,0,1,0,2015/16,1,100.0
0483837558914,Anna-Lena Sörenson,S,Östergötlands län,kvinna,1954,4,6,607,14,2015/16,631,99.04912836767036
0485476395125,Christian Holm Barenfeld,M,Värmlands län,man,1976,39,71,330,191,2015/16,631,88.74801901743264
0488357052317,Mats Pertoft,MP,Stockholms län,man,1954,3,112,424,12,2015/16,551,79.67332123411978
048970816012,Eva-Lena Jansson,S,Örebro län,kvinna,1963,3,99,516,13,2015/16,631,84.31061806656102
0493288854424,Niklas Wykman,M,Stockholms län,man,1981,39,29,362,201,2015/16,631,95.4041204437401
0494054455310,David Lång,SD,Örebro län,man,1972,77,1,335,218,2015/16,631,99.84152139461173
0495218011521,Johanna Jönsson,C,Stockholms kommun,kvinna,1982,71,87,308,165,2015/16,631,86.2123613312203
0495314169413,Jonas Jacobsson Gjörtler,M,Skåne läns västra,man,1973,29,43,288,150,2015/16,510,91.56862745098039
0496341906327,Alexandra Völker,S,Stockholms län,kvinna,1989,3,25,588,15,2015/16,631,96.03803486529318
0499755198526,Mattias Jonsson,S,Göteborgs kommun,man,1974,2,104,513,12,2015/16,631,83.51822503961965
0502688311316,Anna Vikström,S,Stockholms län,kvinna,1957,0,72,389,9,2015/16,470,84.68085106382979
0504711999229,Pavel Gamov,SD,Skåne läns södra,man,1989,58,154,263,156,2015/16,631,75.59429477020603
0506482805418,Isak From,S,Västerbottens län,man,1967,3,20,593,15,2015/16,631,96.83042789223455
0506541436524,Sanne Eriksson,S,Uppsala län,kvinna,1988,3,26,586,15,2015/16,630,95.87301587301587
0506541436524,Sanne Lennström,S,Uppsala län,kvinna,1988,0,0,1,0,2015/16,1,100.0
0506806850221,Linus Bylund,SD,Skåne läns norra och östra,man,1978,72,34,319,206,2015/16,631,94.61172741679873
0509830681123,Ida Karkiainen,S,Norrbottens län,kvinna,1988,3,0,319,6,2015/16,328,100.0
051207517226,Jimmie Åkesson,SD,Jönköpings län,man,1979,46,234,209,142,2015/16,631,62.91600633914422
0513020576128,Erik Bengtzboe,M,Södermanlands län,man,1987,45,20,363,203,2015/16,631,96.83042789223455
0515990253512,Yilmaz Kerimo,S,Stockholms län,man,1963,2,33,583,13,2015/16,631,94.77020602218701
0516528386117,Patrik Björck,S,Västra Götalands läns östra,man,1957,2,34,580,15,2015/16,631,94.61172741679873
0519542449425,Fredrik Christensson,C,Västra Götalands läns västra,man,1991,80,4,364,183,2015/16,631,99.3660855784469
0519740099915,Saila Quicklund,M,Jämtlands län,kvinna,1961,41,22,360,208,2015/16,631,96.513470681458
0521844714515,Christina Höj Larsen,V,Västernorrlands län,kvinna,1971,76,45,405,105,2015/16,631,92.86846275752774
0522460069116,Cecilia Magnusson,M,Göteborgs kommun,kvinna,1962,34,95,321,181,2015/16,631,84.9445324881141
0526129317828,Veronica Lindholm,S,Västerbottens län,kvinna,1984,2,61,555,13,2015/16,631,90.33280507131536
0529103571012,Jan R Andersson,M,Kalmar län,man,1970,41,79,335,176,2015/16,631,87.48019017432647
0530361204603,Rolf Åbjörnsson,KD,Stockholms län,man,1941,11,0,67,26,2015/16,104,100.0
0535526562910,Lars Tysklind,L,Västra Götalands läns västra,man,1953,1,0,20,8,2015/16,29,100.0
0535526562910,Lars Tysklind,L,Västra Götalands läns västra,man,1953,49,89,327,137,2015/16,602,85.21594684385381
0537400268911,Caroline Helmersson Olsson,S,Södermanlands län,kvinna,1963,3,114,500,14,2015/16,631,81.93343898573693
0538387395826,Mats Green,M,Jönköpings län,man,1979,40,61,340,190,2015/16,631,90.33280507131536
0540190357911,Hans Hoff,S,Hallands län,man,1963,4,13,599,15,2015/16,631,97.93977812995246
0541320528015,Nina Lundström,L,Stockholms kommun,kvinna,1961,0,0,1,0,2015/16,1,100.0
0542160909628,Andreas Carlson,KD,Jönköpings län,man,1987,87,114,279,151,2015/16,631,81.93343898573693
0544046588414,Jan-Olof Larsson,S,Västra Götalands läns västra,man,1951,3,49,565,14,2015/16,631,92.23454833597464
0545353563812,Amineh Kakabaveh,V,Stockholms kommun,kvinna,1970,74,47,407,103,2015/16,631,92.55150554675119
0545733815610,Patrick Reslow,M,Malmö kommun,man,1970,39,95,323,174,2015/16,631,84.9445324881141
0547818628111,Betty Malmberg,M,Östergötlands län,kvinna,1958,39,84,320,188,2015/16,631,86.6877971473851
0552248175312,Berit Högman,S,Värmlands län,kvinna,1958,2,119,498,12,2015/16,631,81.14104595879556
055257333723,Oscar Sjöstedt,SD,Södermanlands län,man,1981,69,57,307,198,2015/16,631,90.96671949286846
0554852839719,Mikael Dahlqvist,S,Värmlands län,man,1967,3,2,611,15,2015/16,631,99.68304278922345
0558039843819,Göran Pettersson,M,Stockholms län,man,1960,37,139,287,168,2015/16,631,77.97147385103011
0559925283228,Teres Lindberg,S,Stockholms kommun,kvinna,1974,2,102,514,13,2015/16,631,83.83518225039619
0564126739422,Åsa Coenraads,M,Västmanlands län,kvinna,1978,41,3,374,213,2015/16,631,99.52456418383518
0565167965311,Eva Sonidsson,S,Västernorrlands län,kvinna,1955,3,58,555,15,2015/16,631,90.80824088748018
0572788110724,Maria Malmer Stenergard,M,Skåne läns norra och östra,kvinna,1981,36,93,319,183,2015/16,631,85.26148969889064
0573136138218,Krister Örnfjäder,S,Kalmar län,man,1952,2,170,451,8,2015/16,631,73.05863708399366
0574355225922,Fredrik Eriksson,SD,Skåne läns södra,man,1975,74,21,326,210,2015/16,631,96.67194928684629
0582811195313,Tina Acketoft,L,Skåne läns västra,kvinna,1966,0,19,8,2,2015/16,29,34.48275862068966
0582811195313,Tina Acketoft,L,Skåne läns västra,kvinna,1966,46,81,334,141,2015/16,602,86.54485049833886
0585684563812,Andreas Norlén,M,Östergötlands län,man,1973,33,95,325,178,2015/16,631,84.9445324881141
0590042760718,Annicka Engblom,M,Blekinge län,kvinna,1967,37,81,330,183,2015/16,631,87.16323296354992
0599390849728,Jeff Ahl,SD,Hallands län,man,1987,12,19,50,41,2015/16,122,84.42622950819671
0600784831409,Dag Klackenberg,M,Stockholms kommun,man,1948,44,23,362,202,2015/16,631,96.35499207606973
0603490586517,Jan Björklund,L,Stockholms län,man,1962,0,10,13,6,2015/16,29,65.51724137931035
0603490586517,Jan Björklund,L,Stockholms län,man,1962,30,272,204,96,2015/16,602,54.8172757475083
0603753860213,Carina Herrstedt,SD,Stockholms län,kvinna,1971,71,26,324,210,2015/16,631,95.8795562599049
0604459858621,Emilia Töyrä,S,Norrbottens län,kvinna,1985,2,78,539,12,2015/16,631,87.63866877971473
0604811710522,Ida Drougge,M,Stockholms län,kvinna,1990,39,121,289,181,2015/16,630,80.7936507936508
0607691439013,Karin Enström,M,Stockholms län,kvinna,1966,36,96,316,183,2015/16,631,84.78605388272584
0612916684825,Johan Löfstrand,S,Östergötlands län,man,1976,3,94,403,10,2015/16,510,81.56862745098039
0613297818326,Mathias Tegnér,S,Stockholms län,man,1979,2,3,153,4,2015/16,162,98.14814814814815
0617957067613,Helene Petersson,S,Jönköpings län,kvinna,1956,2,42,572,15,2015/16,631,93.34389857369256
0619928872229,Laila Naraghi,S,Kalmar län,kvinna,1982,0,0,1,0,2015/16,1,100.0
0628190530410,Ulla Andersson,V,Gävleborgs län,kvinna,1963,83,32,410,106,2015/16,631,94.92868462757528
0628870165823,Emma Hult,MP,Jönköpings län,kvinna,1988,2,77,538,14,2015/16,631,87.79714738510302
0630820052511,Per-Arne Håkansson,S,Skåne läns norra och östra,man,1963,2,22,592,15,2015/16,631,96.513470681458
0630824497414,Jessica Polfjärd,M,Västmanlands län,kvinna,1971,29,169,277,156,2015/16,631,73.21711568938194
0638497389621,Julia Kronlid,SD,Stockholms län,kvinna,1980,57,62,265,175,2015/16,559,88.9087656529517
0641486384014,Jan Lindholm,MP,Dalarnas län,man,1951,3,39,574,15,2015/16,631,93.81933438985737
0641953830512,Magnus Persson,SD,Dalarnas län,man,1970,68,52,314,197,2015/16,631,91.75911251980983
0642224351118,Pål Jonson,M,Värmlands län,man,1972,0,0,1,0,2015/16,1,100.0
0644177413119,Stig Henriksson,V,Västmanlands län,man,1955,80,46,404,101,2015/16,631,92.70998415213946
0644591005314,Crister Spets,SD,Stockholms län,man,1964,13,1,34,23,2015/16,71,98.59154929577466
065105536026,Niklas Karlsson,S,Skåne läns västra,man,1974,2,71,545,13,2015/16,631,88.74801901743264
0652497579621,Johanna Haraldsson,S,Jönköpings län,kvinna,1980,5,12,599,15,2015/16,631,98.09825673534073
0653904370212,Fredrik Olovsson,S,Södermanlands län,man,1973,3,105,510,13,2015/16,631,83.35974643423138
0655028250417,Lena Emilsson,S,Skåne läns västra,kvinna,1957,3,10,603,15,2015/16,631,98.41521394611728
0656591334119,Per Klarberg,SD,Västra Götalands läns västra,man,1965,74,29,321,207,2015/16,631,95.4041204437401
065701062615,Runar Filper,SD,Östergötlands län,man,1964,55,147,263,166,2015/16,631,76.70364500792392
0665485817222,Daniel Bäckström,C,Värmlands län,man,1975,81,17,359,174,2015/16,631,97.30586370839937
0666958447826,Caroline Szyber,KD,Stockholms kommun,kvinna,1981,85,95,295,156,2015/16,631,84.9445324881141
0667220767927,Erik Ezelius,S,Västra Götalands läns östra,man,1986,2,51,446,11,2015/16,510,90.0
066769783310,Lotta Olsson,M,Örebro län,kvinna,1960,40,0,378,213,2015/16,631,100.0
0671881934227,Johan Nissinen,SD,Skåne läns norra och östra,man,1989,56,150,258,167,2015/16,631,76.2282091917591
0677738818613,Anders Åkesson,C,Kalmar län,man,1958,71,96,307,157,2015/16,631,84.78605388272584
0678712094213,Stefan Jakobsson,SD,Västmanlands län,man,1968,77,9,332,213,2015/16,631,98.57369255150554
0679228585116,Per Åsling,C,Jämtlands län,man,1957,75,47,341,168,2015/16,631,92.55150554675119
067992138910,Peter Jeppsson,S,Blekinge län,man,1968,1,119,498,13,2015/16,631,81.14104595879556
0680329141121,Aron Modig,KD,Göteborgs kommun,man,1985,92,96,296,147,2015/16,631,84.78605388272584
0681030112815,Peter Helander,C,Dalarnas län,man,1961,45,55,271,139,2015/16,510,89.21568627450979
0682989845822,Håkan Svenneling,V,Värmlands län,man,1985,80,23,422,106,2015/16,631,96.35499207606973
0692076685824,Camilla Hansén,MP,Örebro län,kvinna,1976,2,3,493,9,2015/16,507,99.40828402366864
069309987221,Johan Hultberg,M,Kronobergs län,man,1985,38,41,353,198,2015/16,630,93.4920634920635
0693341580004,Tony Wiklander,SD,Västra Götalands läns västra,man,1939,76,21,328,206,2015/16,631,96.67194928684629
069436402021,Tomas Tobé,M,Gävleborgs län,man,1978,26,209,260,136,2015/16,631,66.87797147385103
0695090885212,Maria Abrahamsson,M,Stockholms kommun,kvinna,1963,42,15,369,205,2015/16,631,97.62282091917591
0697941234716,Margareta Larsson,-,Västra Götalands läns östra,kvinna,1964,0,627,0,0,2015/16,627,0.0
0697941234716,Margareta Larsson,SD,Västra Götalands läns östra,kvinna,1964,0,4,0,0,2015/16,4,0.0
07012286624,Daniel Riazat,V,Dalarnas län,man,1991,71,56,402,102,2015/16,631,91.12519809825673
0704744533715,Pernilla Stålhammar,MP,Stockholms kommun,kvinna,1971,2,98,518,13,2015/16,631,84.46909667194929
0706528359123,Linus Sköld,S,Norrbottens län,man,1983,0,3,291,9,2015/16,303,99.00990099009901
0709749259417,Rickard Persson,MP,Skåne läns västra,man,1959,3,13,601,14,2015/16,631,97.93977812995246
0710022029620,Magda Rasmusson,MP,Stockholms kommun,kvinna,1992,1,0,116,4,2015/16,121,100.0
0714579775816,Ewa Thalén Finné,M,Skåne läns södra,kvinna,1959,42,21,362,206,2015/16,631,96.67194928684629
0716036604716,Elisabet Knutsson,MP,Skåne läns norra och östra,kvinna,1952,4,45,569,13,2015/16,631,92.86846275752774
0718034011110,Jessika Roswall,M,Uppsala län,kvinna,1972,43,21,358,209,2015/16,631,96.67194928684629
0718937995813,Lars-Arne Staxäng,M,Västra Götalands läns västra,man,1956,42,51,343,195,2015/16,631,91.9175911251981
072019517020,Amir Adan,M,Stockholms kommun,man,1985,41,36,352,202,2015/16,631,94.29477020602218
0720249554818,Börje Vestlund,S,Stockholms kommun,man,1960,3,43,572,13,2015/16,631,93.18541996830427
0721509806321,Nooshi Dadgostar,V,Stockholms län,kvinna,1985,84,3,433,111,2015/16,631,99.52456418383518
0721657655513,Finn Bengtsson,M,Östergötlands län,man,1956,44,4,371,212,2015/16,631,99.3660855784469
0729710260118,Helena Bouveng,M,Jönköpings län,kvinna,1962,40,0,378,213,2015/16,631,100.0
0731442709013,Christer Nylander,L,Skåne läns norra och östra,man,1968,0,6,16,7,2015/16,29,79.3103448275862
0731442709013,Christer Nylander,L,Skåne läns norra och östra,man,1968,52,30,369,151,2015/16,602,95.01661129568106
0732677378827,Marta Obminska,M,Uppsala län,kvinna,1979,42,42,353,194,2015/16,631,93.34389857369256
07351347121,Anders Schröder,MP,Gävleborgs län,man,1990,3,69,545,14,2015/16,631,89.06497622820919
0737073162411,Emma Carlsson Löfdahl,L,Jönköpings län,kvinna,1970,1,4,16,8,2015/16,29,86.20689655172413
0737073162411,Emma Carlsson Löfdahl,L,Jönköpings län,kvinna,1970,42,123,311,126,2015/16,602,79.56810631229236
0744139167426,Rasmus Ling,MP,Malmö kommun,man,1984,8,61,547,15,2015/16,631,90.33280507131536
0750518623913,Lotta Finstorp,M,Södermanlands län,kvinna,1958,38,67,329,197,2015/16,631,89.38193343898574
0750727320521,Jonas Gunnarsson,S,Värmlands län,man,1980,4,93,521,13,2015/16,631,85.26148969889064
0752691002718,Pyry Niemi,S,Uppsala län,man,1965,2,141,475,13,2015/16,631,77.65451664025356
0758652610,Maria Arnholm,L,Stockholms län,kvinna,1958,1,2,19,7,2015/16,29,93.10344827586206
0758652610,Maria Arnholm,L,Stockholms län,kvinna,1958,43,140,293,126,2015/16,602,76.74418604651163
0760500234712,Monica Haider,S,Kronobergs län,kvinna,1963,3,54,560,14,2015/16,631,91.44215530903328
0764949934324,Ulrika Heindorff,M,Skåne läns västra,kvinna,1983,13,1,62,45,2015/16,121,99.17355371900827
0766496753128,Fredrik Malm,L,Stockholms kommun,man,1977,1,3,18,7,2015/16,29,89.65517241379311
0766496753128,Fredrik Malm,L,Stockholms kommun,man,1977,41,125,310,126,2015/16,602,79.2358803986711
0768605712423,Daniel Sestrajcic,V,Malmö kommun,man,1976,54,225,283,69,2015/16,631,64.34231378763866
0772402807013,Sven-Olof Sällström,SD,Dalarnas län,man,1968,72,20,324,215,2015/16,631,96.83042789223455
0773497241728,Roger Hedlund,SD,Stockholms län,man,1979,51,180,238,162,2015/16,631,71.47385103011094
0778725756419,Lisbeth Sundén Andersson,M,Göteborgs kommun,kvinna,1950,37,146,286,162,2015/16,631,76.8621236133122
0779781772919,Kristina Nilsson,S,Västernorrlands län,kvinna,1965,3,42,571,15,2015/16,631,93.34389857369256
0780214960516,Eva Lindh,S,Östergötlands län,kvinna,1971,2,18,309,9,2015/16,338,94.67455621301775
0781520322912,Jörgen Hellman,S,Västra Götalands läns norra,man,1963,3,52,563,13,2015/16,631,91.75911251980983
0781623040415,Camilla Waltersson Grönvall,M,Västra Götalands läns norra,kvinna,1969,38,55,343,195,2015/16,631,91.28367670364501
0787533297400,Björn von Sydow,S,Stockholms län,man,1945,2,46,569,14,2015/16,631,92.70998415213946
0787535945527,Jennie Åfeldt,SD,Malmö kommun,kvinna,1974,75,4,336,216,2015/16,631,99.3660855784469
0788526088220,Emma Henriksson,KD,Stockholms län,kvinna,1977,91,74,310,156,2015/16,631,88.27258320126784
0791649913415,Stefan Nilsson,MP,Stockholms kommun,man,1959,3,51,563,14,2015/16,631,91.9175911251981
0791786201912,Maria Plass,M,Västra Götalands läns västra,kvinna,1953,41,91,319,180,2015/16,631,85.57844690966719
0792733370419,Magnus Oscarsson,KD,Östergötlands län,man,1970,88,94,293,156,2015/16,631,85.10301109350237
0801311569314,Gunilla Svantorp,S,Värmlands län,kvinna,1964,3,3,610,15,2015/16,631,99.52456418383518
0802546764724,Åsa Westlund,S,Stockholms län,kvinna,1976,2,18,138,4,2015/16,162,88.88888888888889
0802826314426,Sofia Arkelsten,M,Stockholms kommun,kvinna,1976,41,36,353,201,2015/16,631,94.29477020602218
0803753212716,Richard Jomshof,SD,Blekinge län,man,1969,68,121,265,177,2015/16,631,80.82408874801902
080633830413,Jamal Mouneimne,S,Västerbottens län,man,1971,3,30,580,14,2015/16,627,95.21531100478468
0810201628512,Ann-Charlotte Hammar Johnsson,M,Skåne läns västra,kvinna,1966,40,39,352,200,2015/16,631,93.81933438985737
0819601620927,Annika Hirvonen,MP,Stockholms län,kvinna,1989,0,0,1,0,2015/16,1,100.0
0819601620927,Annika Hirvonen Falk,MP,Stockholms län,kvinna,1989,0,4,73,2,2015/16,79,94.9367088607595
0825441263617,Birger Lahti,V,Norrbottens län,man,1964,83,20,418,110,2015/16,631,96.83042789223455
0828198456420,Lise Nordin,MP,Göteborgs kommun,kvinna,1982,2,7,607,15,2015/16,631,98.8906497622821
0828721176319,Sten Bergheden,M,Västra Götalands läns östra,man,1965,45,0,373,213,2015/16,631,100.0
0831039938224,Adam Marttinen,SD,Stockholms kommun,man,1983,68,52,315,196,2015/16,631,91.75911251980983
0831636664429,Mattias Karlsson,SD,Värmlands län,man,1977,61,106,281,183,2015/16,631,83.2012678288431
0832311880029,Erik Ottoson,M,Stockholms län,man,1989,42,0,376,213,2015/16,631,100.0
0836001490919,Ulrika Carlsson,C,Västra Götalands läns östra,kvinna,1965,70,96,313,152,2015/16,631,84.78605388272584
0843345349823,Anders Hansson,M,Skåne läns södra,man,1976,44,2,372,213,2015/16,631,99.68304278922345
084624777218,Helena Lindahl,C,Västerbottens län,kvinna,1972,69,45,346,171,2015/16,631,92.86846275752774
0849219210615,Jabar Amin,MP,Västerbottens län,man,1959,6,0,606,19,2015/16,631,100.0
0853395328224,Lena Hallengren,S,Kalmar län,kvinna,1973,2,59,557,13,2015/16,631,90.64976228209191
085742305813,Patrik Engström,S,Dalarnas län,man,1968,3,28,586,14,2015/16,631,95.56259904912837
0859721748313,Jörgen Andersson,M,Kalmar län,man,1966,40,74,325,192,2015/16,631,88.27258320126784
0859968278117,Carina Ohlsson,S,Västra Götalands läns östra,kvinna,1957,3,126,492,10,2015/16,631,80.03169572107765
0860364634014,Mattias Ottosson,S,Östergötlands län,man,1971,3,29,585,14,2015/16,631,95.4041204437401
0860429409414,Désirée Pethrus,KD,Stockholms kommun,kvinna,1959,81,116,293,141,2015/16,631,81.61648177496038
0861447317415,Thomas Finnborg,M,Skåne läns västra,man,1954,43,37,350,201,2015/16,631,94.13629160063391
0861521539920,Aron Emilsson,SD,Skåne läns västra,man,1990,67,112,273,179,2015/16,631,82.25039619651346
0862868280923,Annie Lööf,C,Jönköpings län,kvinna,1983,32,107,120,69,2015/16,328,67.3780487804878
0866055333028,Alexandra Anstrell,M,Stockholms län,kvinna,1974,0,0,1,0,2015/16,1,100.0
0871764071911,Nina Kain,SD,Västra Götalands läns södra,kvinna,1973,2,611,10,8,2015/16,631,3.1695721077654504
0875221317013,Gunilla Carlsson,S,Göteborgs kommun,kvinna,1966,3,80,534,14,2015/16,631,87.3217115689382
0877778793323,Johan Büser,S,Göteborgs kommun,man,1983,3,54,562,12,2015/16,631,91.44215530903328
0878075468027,Hillevi Larsson,S,Malmö kommun,kvinna,1974,4,12,601,14,2015/16,631,98.09825673534073
0879014196003,Jonas Åkerlund,SD,Västmanlands län,man,1949,67,101,285,178,2015/16,631,83.99366085578447
0879782396219,Olle Thorell,S,Västmanlands län,man,1967,1,186,434,9,2015/16,630,70.47619047619047
0880137451720,Emma Nohrén,MP,Västra Götalands läns västra,kvinna,1980,3,38,575,15,2015/16,631,93.97781299524564
088028607414,Lena Asplund,M,Västernorrlands län,kvinna,1956,37,116,302,176,2015/16,631,81.61648177496038
0882001830516,Carin Jämtin,S,Stockholms kommun,kvinna,1964,3,154,464,10,2015/16,631,75.59429477020603
0884738092723,Kristina Yngwe,C,Skåne läns södra,kvinna,1983,61,137,292,141,2015/16,631,78.28843106180665
0885483214625,John Skoglund,S,Västra Götalands läns norra,man,1993,0,0,42,1,2015/16,43,100.0
0889860537413,Krister Hammarbergh,M,Norrbottens län,man,1963,40,21,367,203,2015/16,631,96.67194928684629
089246126523,Elin Lundgren,S,Gävleborgs län,kvinna,1978,2,9,606,14,2015/16,631,98.57369255150554
0893004490313,Cecilia Widegren,M,Västra Götalands läns östra,kvinna,1973,39,65,335,192,2015/16,631,89.69889064976229
0899112324519,Elisabeth Svantesson,M,Örebro län,kvinna,1967,37,131,300,163,2015/16,631,79.2393026941363
0901257862125,Hans Linde,V,Göteborgs kommun,man,1979,68,92,373,98,2015/16,631,85.41996830427892
0903307301618,Peter Persson,S,Jönköpings län,man,1955,2,28,586,15,2015/16,631,95.56259904912837
0905312407726,Cassandra Sundin,SD,Östergötlands län,kvinna,1991,67,49,310,205,2015/16,631,92.23454833597464
0905637653912,Kerstin Nilsson,S,Skåne läns södra,kvinna,1956,4,6,606,15,2015/16,631,99.04912836767036
0909948830718,Ann-Christin Ahlberg,S,Västra Götalands läns södra,kvinna,1957,3,37,577,14,2015/16,631,94.13629160063391
0910241260018,Kent Härstedt,S,Skåne läns västra,man,1965,5,91,522,13,2015/16,631,85.57844690966719
0911916463828,Fredrik Lundh Sammeli,S,Norrbottens län,man,1977,3,19,595,14,2015/16,631,96.98890649762282
0914002106327,Sofia Fölster,M,Stockholms län,kvinna,1991,44,3,372,212,2015/16,631,99.52456418383518
0916608741910,Suzanne Svensson,S,Blekinge län,kvinna,1958,3,62,551,15,2015/16,631,90.1743264659271
0920966427818,Anders Ahlgren,C,Dalarnas län,man,1952,17,26,53,25,2015/16,121,78.51239669421489
0925451929216,Penilla Gunther,KD,Västra Götalands läns norra,kvinna,1964,65,185,260,121,2015/16,631,70.68145800316957
0925652297119,Per Ramhorn,SD,Kronobergs län,man,1967,74,16,325,216,2015/16,631,97.46434231378764
0930305890123,Sara-Lena Bjälkö,SD,Örebro län,kvinna,1976,65,93,288,185,2015/16,631,85.26148969889064
0932000030511,Maria Stockhaus,M,Stockholms län,kvinna,1963,40,82,325,184,2015/16,631,87.00475435816165
0934639939611,Ola Johansson,C,Hallands län,man,1960,75,45,343,168,2015/16,631,92.86846275752774
0940980416614,Jan Ericson,M,Västra Götalands läns södra,man,1961,41,68,337,185,2015/16,631,89.22345483359746
0951854268017,Åsa Romson,MP,Stockholms kommun,kvinna,1972,1,0,93,2,2015/16,96,100.0
0954072997110,Carl Schlyter,MP,Stockholms län,man,1968,6,36,572,17,2015/16,631,94.29477020602218
0955748436811,Robert Stenkvist,SD,Västra Götalands läns östra,man,1958,71,40,320,200,2015/16,631,93.6608557844691
0956595590924,Tobias Billström,M,Malmö kommun,man,1973,35,107,305,184,2015/16,631,83.04278922345483
0958776965517,Lennart Axelsson,S,Örebro län,man,1952,3,78,536,14,2015/16,631,87.63866877971473
0962841101917,Annika Qarlsson,C,Västra Götalands läns norra,kvinna,1964,71,81,318,161,2015/16,631,87.16323296354992
0964730940415,Johan Andersson,S,Östergötlands län,man,1961,3,32,583,13,2015/16,631,94.92868462757528
0970259744617,Margareta Cederfelt,M,Stockholms kommun,kvinna,1959,28,158,288,157,2015/16,631,74.96038034865293
0970427364222,Anna Wallén,S,Västmanlands län,kvinna,1980,2,257,363,9,2015/16,631,59.27099841521395
0973782197017,Mikael Oscarsson,KD,Uppsala län,man,1967,80,140,264,147,2015/16,631,77.81299524564183
0974061238314,Paula Holmqvist,S,Västra Götalands läns norra,kvinna,1964,4,41,572,14,2015/16,631,93.50237717908082
0975579292417,Monica Green,S,Västra Götalands läns östra,kvinna,1959,3,133,481,14,2015/16,631,78.92234548335975
0980316377627,Lars Hjälmered,M,Göteborgs kommun,man,1977,35,100,315,181,2015/16,631,84.15213946117275
0980681611418,Hans Wallmark,M,Skåne läns norra och östra,man,1965,34,195,257,145,2015/16,631,69.09667194928684
0982795248728,Jakob Forssmed,KD,Stockholms län,man,1974,78,111,220,118,2015/16,527,78.93738140417457
0983984918111,Matilda Ernkrans,S,Örebro län,kvinna,1973,3,43,571,14,2015/16,631,93.18541996830427
0988383147219,Lars Eriksson,S,Västmanlands län,man,1970,3,14,599,15,2015/16,631,97.78129952456418
0992420223820,Jessica Rosencrantz,M,Stockholms kommun,kvinna,1987,38,67,335,191,2015/16,631,89.38193343898574
0992473266516,Larry Söder,KD,Hallands län,man,1969,97,59,313,162,2015/16,631,90.64976228209191
0995355603410,Wiwi-Anne Johansson,V,Västra Götalands läns västra,kvinna,1950,53,242,264,72,2015/16,631,61.64817749603804
0996640018922,Yasmine Larsson,S,Skåne läns västra,kvinna,1988,1,145,474,11,2015/16,631,77.02060221870047
010343930918,Cecilie Tenfjord-Toftby,M,Västra Götalands läns södra,kvinna,1970,56,102,339,204,2016/17,701,85.4493580599144
0103624617217,Helén Pettersson,S,Västerbottens län,kvinna,1972,0,135,531,35,2016/17,701,80.74179743223966
010392780417,Marie Olsson,S,Dalarnas län,kvinna,1967,1,78,281,20,2016/17,380,79.47368421052632
0105126451619,Anna Hagwall,-,Västerbottens län,kvinna,1953,56,181,203,114,2016/17,554,67.32851985559567
0105126451619,Anna Hagwall,SD,Västerbottens län,kvinna,1953,2,121,15,9,2016/17,147,17.68707482993197
0105632258713,Boriana Åberg,M,Skåne läns södra,kvinna,1968,54,128,325,194,2016/17,701,81.74037089871612
0105797223918,Mikael Cederbratt,M,Västra Götalands läns norra,man,1955,62,33,382,224,2016/17,701,95.29243937232525
0108109641223,Carl-Oskar Bohlin,M,Dalarnas län,man,1986,62,16,397,226,2016/17,701,97.71754636233952
0111479807829,Anna Wallentheim,S,Skåne läns norra och östra,kvinna,1985,0,18,444,26,2016/17,488,96.31147540983606
0113077554312,Raimo Pärssinen,S,Gävleborgs län,man,1956,0,51,609,41,2016/17,701,92.7246790299572
0114869877121,Sara Karlsson,S,Södermanlands län,kvinna,1985,0,56,604,41,2016/17,701,92.0114122681883
0115834246514,Emma Wallrup,V,Uppsala län,kvinna,1971,63,55,442,141,2016/17,701,92.15406562054208
0116759114313,Bengt Eliasson,L,Hallands län,man,1961,73,18,450,160,2016/17,701,97.43223965763195
0117203219614,Jörgen Warborn,M,Hallands län,man,1969,61,79,356,205,2016/17,701,88.73038516405136
012053331219,Anna Kinberg Batra,M,Stockholms län,kvinna,1970,24,421,164,92,2016/17,701,39.94293865905849
0121939297619,Jamal El-Haj,S,Malmö kommun,man,1960,1,25,633,42,2016/17,701,96.43366619115548
0122987223112,Lotta Johnsson Fornarve,V,Södermanlands län,kvinna,1956,60,122,395,124,2016/17,701,82.5962910128388
0125056691517,Lars-Axel Nordell,KD,Örebro län,man,1952,111,8,418,164,2016/17,701,98.85877318116975
012576033427,Hannah Bergstedt,S,Norrbottens län,kvinna,1977,0,17,112,8,2016/17,137,87.59124087591242
0126797549328,Johan Forssell,M,Stockholms kommun,man,1979,58,106,337,200,2016/17,701,84.87874465049929
0128805841317,Katarina Brännström,M,Kronobergs län,kvinna,1950,57,77,356,211,2016/17,701,89.01569186875892
0130789484021,Mattias Bäckström Johansson,SD,Västernorrlands län,man,1985,90,21,359,231,2016/17,701,97.00427960057061
0132818093422,Rickard Nordin,C,Göteborgs kommun,man,1983,72,192,296,141,2016/17,701,72.61055634807418
0133767709317,Phia Andersson,S,Västra Götalands läns södra,kvinna,1955,0,15,643,43,2016/17,701,97.8601997146933
0134101155612,Rikard Larsson,S,Skåne läns södra,man,1966,0,53,608,40,2016/17,701,92.43937232524965
0136310791918,Marie Granlund,S,Malmö kommun,kvinna,1962,0,106,559,36,2016/17,701,84.87874465049929
0136801772915,Maria Strömkvist,S,Dalarnas län,kvinna,1964,0,34,628,39,2016/17,701,95.14978601997147
0138741628520,Angelika Bengtsson,SD,Stockholms kommun,kvinna,1990,83,54,342,222,2016/17,701,92.29671897289586
0139948283718,Agneta Börjesson,MP,Hallands län,kvinna,1957,2,11,650,38,2016/17,701,98.43081312410843
014386615025,Ali Esbati,V,Stockholms län,man,1976,60,92,419,130,2016/17,701,86.87589158345222
0144048894712,Ellen Juntti,M,Västra Götalands läns västra,kvinna,1958,61,54,374,212,2016/17,701,92.29671897289586
0145294944502,Roger Richtoff,SD,Skåne läns västra,man,1948,88,42,349,222,2016/17,701,94.00855920114122
0150027900515,Anders Lönnberg,S,Stockholms län,man,1954,1,147,220,12,2016/17,380,61.31578947368421
0150118366721,Linda Snecker,V,Östergötlands län,kvinna,1983,62,105,407,127,2016/17,701,85.02139800285306
0150664940102,Eva Lohman,M,Västernorrlands län,kvinna,1948,59,49,375,218,2016/17,701,93.00998573466477
0155487380917,Kerstin Lundgren,C,Stockholms län,kvinna,1955,76,166,319,140,2016/17,701,76.31954350927246
0157062733618,Jonas Eriksson,MP,Örebro län,man,1967,1,218,454,28,2016/17,701,68.90156918687589
0161597857912,Tuve Skånberg,KD,Skåne läns norra och östra,man,1956,113,0,422,166,2016/17,701,100.0
0165360915617,Christer Adelsbo,S,Skåne läns norra och östra,man,1962,0,0,199,14,2016/17,213,100.0
0166790812128,Hanif Bali,M,Stockholms län,man,1987,64,25,388,224,2016/17,701,96.43366619115548
016950536026,Hanna Wigh,SD,Norrbottens län,kvinna,1986,49,297,218,137,2016/17,701,57.63195435092725
0170585430421,Jimmy Ståhl,SD,Göteborgs kommun,man,1975,84,68,340,209,2016/17,701,90.29957203994294
0172220256016,Annika Lillemets,MP,Östergötlands län,kvinna,1962,1,111,556,33,2016/17,701,84.1654778887304
0173210620224,Said Abdu,L,Västra Götalands läns norra,man,1986,57,151,365,128,2016/17,701,78.45934379457917
0173946230722,Maria Andersson Willner,S,Västra Götalands läns norra,kvinna,1978,1,67,591,42,2016/17,701,90.44222539229672
0176437434123,Jenny Petersson,M,Hallands län,kvinna,1981,61,105,333,202,2016/17,701,85.02139800285306
0182190010218,Esabelle Dingizian,MP,Stockholms län,kvinna,1962,0,9,649,43,2016/17,701,98.71611982881598
0182800488922,Paula Bieler,SD,Kalmar län,kvinna,1988,77,4,321,191,2016/17,593,99.32546374367622
0186426023519,Arhe Hamednaca,S,Stockholms kommun,man,1953,0,92,113,8,2016/17,213,56.8075117370892
0192918410514,Gunilla Nordgren,M,Skåne läns södra,kvinna,1956,60,59,367,215,2016/17,701,91.58345221112695
0194498232620,Roza Güclü Hedin,S,Dalarnas län,kvinna,1982,0,76,588,37,2016/17,701,89.1583452211127
0196024739401,Margareta B Kjellin,M,Gävleborgs län,kvinna,1948,8,43,61,32,2016/17,144,70.13888888888889
0196077326617,Solveig Zander,C,Uppsala län,kvinna,1955,87,94,354,166,2016/17,701,86.59058487874465
0198031297912,Anette Åkesson,M,Skåne läns norra och östra,kvinna,1966,66,1,399,235,2016/17,701,99.85734664764621
0198917587520,Maj Karlsson,V,Göteborgs kommun,kvinna,1980,68,21,470,142,2016/17,701,97.00427960057061
0199751900210,Annelie Karlsson,S,Skåne läns norra och östra,kvinna,1965,0,45,613,43,2016/17,701,93.58059914407988
0200490530919,Marco Venegas,MP,Södermanlands län,man,1962,3,6,650,42,2016/17,701,99.14407988587732
0204240926023,Markus Wiechel,SD,Västra Götalands läns norra,man,1988,53,237,251,160,2016/17,701,66.19115549215407
0204443909416,Johan Hedin,C,Stockholms kommun,man,1969,84,138,325,154,2016/17,701,80.31383737517832
0204494765606,Ann-Britt Åsebol,M,Dalarnas län,kvinna,1947,65,9,397,230,2016/17,701,98.71611982881598
0205360448417,Peter Johnsson,S,Västra Götalands läns norra,man,1962,0,143,519,39,2016/17,701,79.60057061340942
0208558695314,Ingemar Nilsson,S,Västernorrlands län,man,1956,0,88,578,35,2016/17,701,87.44650499286733
0210198640127,Fredrik Schulte,M,Stockholms län,man,1981,56,79,359,207,2016/17,701,88.73038516405136
0211757295524,Josef Fransson,SD,Uppsala län,man,1978,77,124,307,193,2016/17,701,82.31098430813124
0216534495014,Jens Holm,V,Stockholms kommun,man,1971,59,54,447,141,2016/17,701,92.29671897289586
0219220227418,Isabella Hökmark,M,Stockholms län,kvinna,1962,64,12,395,230,2016/17,701,98.28815977175464
0222691314314,Ulf Kristersson,M,Södermanlands län,man,1963,52,145,328,176,2016/17,701,79.31526390870185
0223069839622,Robert Hannah,L,Göteborgs kommun,man,1985,67,44,439,151,2016/17,701,93.72325249643366
0229760896014,Anders W Jonsson,C,Gävleborgs län,man,1961,91,74,369,167,2016/17,701,89.44365192582026
0231432628318,Shadiye Heydari,S,Göteborgs kommun,kvinna,1967,0,70,594,37,2016/17,701,90.01426533523538
0235974887200,Susanne Eberstein,S,Västernorrlands län,kvinna,1948,0,34,631,36,2016/17,701,95.14978601997147
0236051814311,Mikael Jansson,SD,Gävleborgs län,man,1965,82,80,324,215,2016/17,701,88.58773181169758
0237055280513,Roland Utbult,KD,Västra Götalands läns västra,man,1951,95,109,358,139,2016/17,701,84.45078459343794
023767922422,Mats Persson,L,Skåne läns södra,man,1980,39,79,259,82,2016/17,459,82.78867102396515
0246927519019,Karin Rågsjö,V,Stockholms kommun,kvinna,1955,66,51,443,141,2016/17,701,92.7246790299572
0250583732424,Jesper Skalberg Karlsson,M,Gotlands län,man,1993,55,79,360,207,2016/17,701,88.73038516405136
0252067342313,Åsa Lindestam,S,Gävleborgs län,kvinna,1956,0,140,523,38,2016/17,701,80.02853067047076
0256716955026,Serkan Köse,S,Stockholms län,man,1976,0,16,287,18,2016/17,321,95.01557632398755
0256743155204,Per-Ingvar Johnsson,C,Skåne läns norra och östra,man,1944,98,12,400,191,2016/17,701,98.28815977175464
0257612529618,Kenneth G Forslund,S,Västra Götalands läns västra,man,1967,0,87,573,41,2016/17,701,87.58915834522112
025967059622,Magnus Manhammar,S,Blekinge län,man,1980,0,28,632,41,2016/17,701,96.00570613409415
0262017901513,Beatrice Ask,M,Stockholms kommun,kvinna,1956,40,229,281,151,2016/17,701,67.3323823109843
0264838147315,Catharina Bråkenhielm,S,Västra Götalands läns västra,kvinna,1956,0,137,527,37,2016/17,701,80.4564907275321
0266517781926,Christina Örnebjär,L,Örebro län,kvinna,1979,68,77,408,148,2016/17,701,89.01569186875892
0269067253614,Thomas Strand,S,Jönköpings län,man,1954,0,109,558,34,2016/17,701,84.45078459343794
0271543079118,Heidi Karlsson,SD,Hallands län,kvinna,1969,8,1,27,17,2016/17,53,98.11320754716981
0271543079118,Heidi Karlsson,SD,Malmö kommun,kvinna,1969,5,58,26,19,2016/17,108,46.29629629629629
0271543079118,Heidi Karlsson,SD,Stockholms län,kvinna,1969,66,73,251,150,2016/17,540,86.48148148148148
0273506284025,Edward Riedl,M,Västerbottens län,man,1976,61,16,398,226,2016/17,701,97.71754636233952
0274462857213,Petter Löberg,S,Västra Götalands läns södra,man,1968,0,24,635,42,2016/17,701,96.57631954350927
0277648711624,Anders Österberg,S,Stockholms kommun,man,1981,3,44,613,41,2016/17,701,93.72325249643366
0280087199210,Valter Mutt,MP,Göteborgs kommun,man,1955,0,155,511,35,2016/17,701,77.88873038516405
0283117091429,Emanuel Öz,S,Stockholms kommun,man,1979,0,122,539,40,2016/17,701,82.5962910128388
0284192765516,Tomas Eneroth,S,Kronobergs län,man,1966,0,130,532,39,2016/17,701,81.45506419400857
0285631067215,Robert Halef,KD,Stockholms län,man,1964,98,55,394,154,2016/17,701,92.15406562054208
0294138886823,Martin Kinnunen,SD,Göteborgs kommun,man,1983,77,90,326,208,2016/17,701,87.16119828815977
0296384583518,Åsa Eriksson,S,Västmanlands län,kvinna,1972,2,52,250,17,2016/17,321,83.8006230529595
0299937536814,Håkan Bergman,S,Örebro län,man,1954,0,214,449,38,2016/17,701,69.47218259629102
0306286538528,Sofia Damm,KD,Skåne läns södra,kvinna,1977,96,112,357,136,2016/17,701,84.0228245363766
0308306375022,Roger Haddad,L,Västmanlands län,man,1978,66,36,443,156,2016/17,701,94.8644793152639
0313210809828,Emil Källström,C,Västernorrlands län,man,1987,79,125,345,152,2016/17,701,82.16833095577746
0313390540217,Ingela Nylund Watz,S,Stockholms län,kvinna,1962,0,154,513,34,2016/17,701,78.03138373751783
0315499690028,Teresa Carvalho,S,Östergötlands län,kvinna,1984,0,51,505,32,2016/17,588,91.3265306122449
0316505710324,Janine Alm Ericson,MP,Västra Götalands läns norra,kvinna,1973,0,162,506,33,2016/17,701,76.8901569186876
0321885416125,Rossana Dinamarca,V,Västra Götalands läns norra,kvinna,1974,60,114,405,122,2016/17,701,83.73751783166905
0325462829512,Christina Östberg,SD,Kalmar län,kvinna,1968,89,17,364,231,2016/17,701,97.57489300998573
0338458649710,Anti Avsan,M,Stockholms län,man,1958,57,102,344,198,2016/17,701,85.4493580599144
0339894357417,Jennie Nilsson,S,Hallands län,kvinna,1972,0,135,529,37,2016/17,701,80.74179743223966
0341628241813,Marianne Pettersson,S,Skåne läns södra,kvinna,1958,0,7,651,43,2016/17,701,99.00142653352354
0344222203323,Dennis Dioukarev,SD,Jönköpings län,man,1993,89,16,365,231,2016/17,701,97.71754636233952
0352254228107,Staffan Danielsson,C,Östergötlands län,man,1947,83,150,313,155,2016/17,701,78.60199714693296
0363228965800,Barbro Westerholm,L,Stockholms län,kvinna,1933,56,142,365,138,2016/17,701,79.74322396576319
0363721826713,Per Lodenius,C,Stockholms län,man,1966,72,172,310,147,2016/17,701,75.46362339514978
0365797008114,Leif Pettersson,S,Norrbottens län,man,1954,0,200,470,31,2016/17,701,71.46932952924394
0369028728526,Kent Ekeroth,SD,Skåne läns norra och östra,man,1981,17,572,62,50,2016/17,701,18.402282453637664
0373223420310,Niclas Malmberg,MP,Uppsala län,man,1970,0,78,586,37,2016/17,701,88.87303851640513
037561614928,Lawen Redar,S,Stockholms kommun,kvinna,1989,1,71,593,36,2016/17,701,89.87161198288159
0376353897112,Leif Nysmed,S,Stockholms län,man,1970,0,13,94,6,2016/17,113,88.49557522123894
0376867803913,Agneta Gille,S,Uppsala län,kvinna,1956,1,56,608,36,2016/17,701,92.0114122681883
0381918573217,Michael Svensson,M,Hallands län,man,1957,55,129,325,192,2016/17,701,81.59771754636233
0383111552218,Jonas Sjöstedt,V,Västerbottens län,man,1964,27,308,277,89,2016/17,701,56.06276747503567
0387358739126,Jonas Millard,SD,Västra Götalands läns norra,man,1981,79,126,294,202,2016/17,701,82.02567760342367
0397073482210,Camilla Mårtensen,L,Skåne läns södra,kvinna,1970,19,50,125,48,2016/17,242,79.33884297520662
0397924710612,Ulrika Karlsson,M,Uppsala län,kvinna,1973,15,428,106,68,2016/17,617,30.63209076175041
0401968752713,Stina Bergström,MP,Värmlands län,kvinna,1958,2,108,552,39,2016/17,701,84.59343794579172
0403769921921,Tina Ghasemi,M,Stockholms kommun,kvinna,1985,57,85,356,203,2016/17,701,87.87446504992867
0404025497421,Birgitta Ohlsson,L,Stockholms kommun,kvinna,1975,63,112,390,136,2016/17,701,84.0228245363766
0407081382317,Anna-Caren Sätherberg,S,Jämtlands län,kvinna,1964,1,78,583,39,2016/17,701,88.87303851640513
0409540163215,Hans Rothenberg,M,Göteborgs kommun,man,1961,65,37,376,223,2016/17,701,94.72182596291013
0412148992926,Hanna Westerén,S,Gotlands län,kvinna,1981,1,129,539,32,2016/17,701,81.59771754636233
0414687558527,Maria Weimer,L,Uppsala län,kvinna,1979,55,168,347,131,2016/17,701,76.03423680456491
0415959965211,Mia Sydow Mölleby,V,Örebro län,kvinna,1960,56,137,384,124,2016/17,701,80.4564907275321
0418929039326,Patrik Lundqvist,S,Gävleborgs län,man,1984,0,33,627,41,2016/17,701,95.29243937232525
0427321850912,Lars Mejern Larsson,S,Värmlands län,man,1965,0,50,612,39,2016/17,701,92.86733238231099
043972220518,Jasenko Omanovic,S,Västernorrlands län,man,1967,0,7,652,42,2016/17,701,99.00142653352354
0442629549320,Adnan Dibrani,S,Hallands län,man,1985,1,123,539,38,2016/17,701,82.45363766048503
0446541913415,Allan Widman,L,Malmö kommun,man,1964,67,82,409,143,2016/17,701,88.30242510699001
0447797778718,Sotiris Delis,M,Jönköpings län,man,1955,61,40,379,221,2016/17,701,94.29386590584879
0448155122323,Olof Lavesson,M,Malmö kommun,man,1976,63,22,393,223,2016/17,701,96.86162624821684
0452755722723,Björn Söder,SD,Stockholms län,man,1976,61,208,265,167,2016/17,701,70.3281027104137
0455086201022,Johnny Skalin,SD,Hallands län,man,1978,78,92,327,204,2016/17,701,86.87589158345222
0456066032422,Mathias Sundin,L,Östergötlands län,man,1978,66,81,411,143,2016/17,701,88.44507845934379
0457308547314,Karin Svensson Smith,MP,Skåne läns södra,kvinna,1956,0,131,538,32,2016/17,701,81.31241084165478
0460690753617,Pia Nilsson,S,Västmanlands län,kvinna,1962,0,65,595,41,2016/17,701,90.72753209700429
0462699892622,Maria Ferm,MP,Stockholms kommun,kvinna,1985,0,240,437,24,2016/17,701,65.76319543509273
046426524512,Olle Felten,SD,Södermanlands län,man,1953,91,24,358,228,2016/17,701,96.57631954350927
0465398691116,Eskil Erlandsson,C,Kronobergs län,man,1957,82,110,344,165,2016/17,701,84.30813124108415
0467253407311,Hans Unander,S,Dalarnas län,man,1970,0,11,259,19,2016/17,289,96.19377162629758
0467253407311,Hans Unander,S,,man,1970,0,0,32,0,2016/17,32,100.0
0468765214727,Yasmine Posio Nilsson,V,Göteborgs kommun,kvinna,1974,5,0,57,26,2016/17,88,100.0
0468956880528,Mikael Eskilandersson,SD,Gävleborgs län,man,1977,93,3,370,235,2016/17,701,99.57203994293866
0469825305127,Anders Forsberg,SD,Malmö kommun,man,1974,18,78,66,51,2016/17,213,63.38028169014085
0472349361027,Kalle Olsson,S,Jämtlands län,man,1984,0,103,559,39,2016/17,701,85.30670470756063
0474290584024,Azadeh Rojhan Gustafsson,S,Stockholms län,kvinna,1986,0,80,281,19,2016/17,380,78.94736842105263
0475778011711,Hans Ekström,S,Södermanlands län,man,1958,1,108,553,39,2016/17,701,84.59343794579172
0480085646428,Erik Andersson,M,Stockholms län,man,1974,65,21,386,229,2016/17,701,97.00427960057061
0480339311713,Annika Eclund,KD,Västra Götalands läns östra,kvinna,1961,58,143,190,68,2016/17,459,68.84531590413943
0482689573825,Björn Wiechel,S,Västerbottens län,man,1983,0,65,297,21,2016/17,383,83.02872062663185
0483338990013,Roland Gustbée,M,Kronobergs län,man,1958,12,6,95,48,2016/17,161,96.27329192546584
0483837558914,Anna-Lena Sörenson,S,Östergötlands län,kvinna,1954,1,27,630,43,2016/17,701,96.14835948644793
0485476395125,Christian Holm Barenfeld,M,Värmlands län,man,1976,51,114,344,192,2016/17,701,83.73751783166905
048970816012,Eva-Lena Jansson,S,Örebro län,kvinna,1963,1,125,540,35,2016/17,701,82.16833095577746
0493288854424,Niklas Wykman,M,Stockholms län,man,1981,61,60,370,210,2016/17,701,91.44079885877319
0494054455310,David Lång,SD,Örebro län,man,1972,90,12,367,232,2016/17,701,98.28815977175464
0495218011521,Johanna Jönsson,C,Stockholms kommun,kvinna,1982,86,85,360,170,2016/17,701,87.87446504992867
0495314169413,Jonas Jacobsson Gjörtler,M,Skåne läns västra,man,1973,61,62,363,215,2016/17,701,91.15549215406563
0496341906327,Alexandra Völker,S,Stockholms län,kvinna,1989,0,110,556,35,2016/17,701,84.30813124108415
0499755198526,Mattias Jonsson,S,Göteborgs kommun,man,1974,0,73,590,38,2016/17,701,89.58630527817404
0502688311316,Anna Vikström,S,Stockholms län,kvinna,1957,1,1,300,19,2016/17,321,99.68847352024922
0504073787702,Björn Rubenson,KD,Västra Götalands läns östra,man,1946,28,0,153,61,2016/17,242,100.0
0504711999229,Pavel Gamov,SD,Skåne läns södra,man,1989,81,88,328,204,2016/17,701,87.44650499286733
0506482805418,Isak From,S,Västerbottens län,man,1967,0,77,585,39,2016/17,701,89.01569186875892
0506541436524,Sanne Lennström,S,Uppsala län,kvinna,1988,0,66,338,18,2016/17,422,84.36018957345972
0506806850221,Linus Bylund,SD,Skåne läns norra och östra,man,1978,87,48,346,220,2016/17,701,93.15263908701854
0509830681123,Ida Karkiainen,S,Norrbottens län,kvinna,1988,0,47,612,42,2016/17,701,93.29529243937232
051207517226,Jimmie Åkesson,SD,Jönköpings län,man,1979,33,411,175,82,2016/17,701,41.36947218259629
0513020576128,Erik Bengtzboe,M,Södermanlands län,man,1987,62,33,382,224,2016/17,701,95.29243937232525
0515990253512,Yilmaz Kerimo,S,Stockholms län,man,1963,0,121,547,33,2016/17,701,82.73894436519258
0516528386117,Patrik Björck,S,Västra Götalands läns östra,man,1957,0,56,608,37,2016/17,701,92.0114122681883
0519542449425,Fredrik Christensson,C,Västra Götalands läns västra,man,1991,97,61,370,173,2016/17,701,91.2981455064194
0519740099915,Saila Quicklund,M,Jämtlands län,kvinna,1961,63,45,372,221,2016/17,701,93.58059914407988
0521844714515,Christina Höj Larsen,V,Västernorrlands län,kvinna,1971,67,26,461,147,2016/17,701,96.29101283880172
0522460069116,Cecilia Magnusson,M,Göteborgs kommun,kvinna,1962,58,90,353,200,2016/17,701,87.16119828815977
0526129317828,Veronica Lindholm,S,Västerbottens län,kvinna,1984,1,41,622,37,2016/17,701,94.15121255349501
0526874284718,Stefan Svanström,KD,Stockholms kommun,man,1972,29,0,58,23,2016/17,110,100.0
0529103571012,Jan R Andersson,M,Kalmar län,man,1970,61,33,386,221,2016/17,701,95.29243937232525
0530361204603,Rolf Åbjörnsson,KD,Stockholms län,man,1941,1,0,22,6,2016/17,29,100.0
0535526562910,Lars Tysklind,L,Västra Götalands läns västra,man,1953,68,73,419,141,2016/17,701,89.58630527817404
0537400268911,Caroline Helmersson Olsson,S,Södermanlands län,kvinna,1963,0,33,629,39,2016/17,701,95.29243937232525
0538387395826,Mats Green,M,Jönköpings län,man,1979,40,190,302,169,2016/17,701,72.89586305278173
0540190357911,Hans Hoff,S,Hallands län,man,1963,1,27,633,40,2016/17,701,96.14835948644793
0541320528015,Nina Lundström,L,Stockholms kommun,kvinna,1961,57,135,379,130,2016/17,701,80.74179743223966
0542160909628,Andreas Carlson,KD,Jönköpings län,man,1987,76,190,313,122,2016/17,701,72.89586305278173
0544046588414,Jan-Olof Larsson,S,Västra Götalands läns västra,man,1951,0,10,62,4,2016/17,76,86.8421052631579
0544046588414,Jan-Olof Larsson,S,,man,1951,0,0,35,2,2016/17,37,100.0
0545353563812,Amineh Kakabaveh,V,Stockholms kommun,kvinna,1970,60,67,439,135,2016/17,701,90.44222539229672
0545733815610,Patrick Reslow,-,Malmö kommun,man,1970,18,0,85,58,2016/17,161,100.0
0545733815610,Patrick Reslow,M,Malmö kommun,man,1970,39,157,217,127,2016/17,540,70.92592592592592
0547818628111,Betty Malmberg,M,Östergötlands län,kvinna,1958,55,103,347,196,2016/17,701,85.30670470756063
0552248175312,Berit Högman,S,Värmlands län,kvinna,1958,0,90,573,38,2016/17,701,87.16119828815977
055257333723,Oscar Sjöstedt,SD,Södermanlands län,man,1981,87,37,356,221,2016/17,701,94.72182596291013
0554852839719,Mikael Dahlqvist,S,Värmlands län,man,1967,0,14,644,43,2016/17,701,98.00285306704708
0558039843819,Göran Pettersson,M,Stockholms län,man,1960,46,151,328,176,2016/17,701,78.45934379457917
0559925283228,Teres Lindberg,S,Stockholms kommun,kvinna,1974,1,212,460,28,2016/17,701,69.75748930099857
0564126739422,Åsa Coenraads,M,Västmanlands län,kvinna,1978,65,15,394,227,2016/17,701,97.8601997146933
0565167965311,Eva Sonidsson,S,Västernorrlands län,kvinna,1955,1,13,644,43,2016/17,701,98.14550641940085
0572788110724,Maria Malmer Stenergard,M,Skåne läns norra och östra,kvinna,1981,64,13,394,230,2016/17,701,98.14550641940085
0573136138218,Krister Örnfjäder,S,Kalmar län,man,1952,0,154,509,38,2016/17,701,78.03138373751783
0574355225922,Fredrik Eriksson,SD,Skåne läns södra,man,1975,82,104,321,194,2016/17,701,85.16405135520685
0582811195313,Tina Acketoft,L,Skåne läns västra,kvinna,1966,65,108,391,137,2016/17,701,84.59343794579172
0585684563812,Andreas Norlén,M,Östergötlands län,man,1973,59,106,342,194,2016/17,701,84.87874465049929
0588282566419,Lars Beckman,M,Gävleborgs län,man,1967,48,37,295,177,2016/17,557,93.35727109515261
0590042760718,Annicka Engblom,M,Blekinge län,kvinna,1967,59,98,339,205,2016/17,701,86.01997146932952
0599390849728,Jeff Ahl,SD,Hallands län,man,1987,59,121,223,137,2016/17,540,77.5925925925926
0600784831409,Dag Klackenberg,M,Stockholms kommun,man,1948,62,29,386,224,2016/17,701,95.86305278174036
0603490586517,Jan Björklund,L,Stockholms län,man,1962,47,268,282,104,2016/17,701,61.76890156918687
0603753860213,Carina Herrstedt,SD,Stockholms län,kvinna,1971,89,36,350,226,2016/17,701,94.8644793152639
0604459858621,Emilia Töyrä,S,Norrbottens län,kvinna,1985,0,54,607,40,2016/17,701,92.29671897289586
0604811710522,Ida Drougge,M,Stockholms län,kvinna,1990,48,87,262,167,2016/17,564,84.57446808510637
0607691439013,Karin Enström,M,Stockholms län,kvinna,1966,55,98,350,198,2016/17,701,86.01997146932952
0612916684825,Johan Löfstrand,S,Östergötlands län,man,1976,0,15,137,9,2016/17,161,90.6832298136646
0613297818326,Mathias Tegnér,S,Stockholms län,man,1979,0,151,517,33,2016/17,701,78.45934379457917
0617957067613,Helene Petersson,S,Jönköpings län,kvinna,1956,0,5,653,43,2016/17,701,99.2867332382311
0619928872229,Laila Naraghi,S,Kalmar län,kvinna,1982,1,12,645,43,2016/17,701,98.28815977175464
0628190530410,Ulla Andersson,V,Gävleborgs län,kvinna,1963,60,100,412,129,2016/17,701,85.73466476462197
0628870165823,Emma Hult,MP,Jönköpings län,kvinna,1988,0,138,527,36,2016/17,701,80.31383737517832
0630820052511,Per-Arne Håkansson,S,Skåne läns norra och östra,man,1963,0,0,659,42,2016/17,701,100.0
0630824497414,Jessica Polfjärd,M,Västmanlands län,kvinna,1971,55,125,327,194,2016/17,701,82.16833095577746
0638497389621,Julia Kronlid,SD,Stockholms län,kvinna,1980,18,6,83,54,2016/17,161,96.27329192546584
0641486384014,Jan Lindholm,MP,Dalarnas län,man,1951,0,31,629,41,2016/17,701,95.57774607703281
0641953830512,Magnus Persson,SD,Dalarnas län,man,1970,84,67,328,222,2016/17,701,90.44222539229672
0642224351118,Pål Jonson,M,Värmlands län,man,1972,61,26,386,228,2016/17,701,96.29101283880172
0644177413119,Stig Henriksson,V,Västmanlands län,man,1955,69,11,475,146,2016/17,701,98.43081312410843
0644591005314,Crister Spets,SD,Hallands län,man,1964,10,0,58,40,2016/17,108,100.0
0644591005314,Crister Spets,SD,Kalmar län,man,1964,12,9,45,42,2016/17,108,91.66666666666666
0644591005314,Crister Spets,SD,Malmö kommun,man,1964,56,0,204,120,2016/17,380,100.0
065105536026,Niklas Karlsson,S,Skåne läns västra,man,1974,1,67,595,38,2016/17,701,90.44222539229672
0652497579621,Johanna Haraldsson,S,Jönköpings län,kvinna,1980,0,20,637,44,2016/17,701,97.14693295292439
0653904370212,Fredrik Olovsson,S,Södermanlands län,man,1973,0,114,556,31,2016/17,701,83.73751783166905
0655028250417,Lena Emilsson,S,Skåne läns västra,kvinna,1957,1,83,578,39,2016/17,701,88.15977175463622
0656591334119,Per Klarberg,SD,Västra Götalands läns västra,man,1965,86,35,353,227,2016/17,701,95.00713266761768
065701062615,Runar Filper,SD,Östergötlands län,man,1964,90,34,352,225,2016/17,701,95.14978601997147
0665485817222,Daniel Bäckström,C,Värmlands län,man,1975,102,5,400,194,2016/17,701,99.2867332382311
0666958447826,Caroline Szyber,KD,Stockholms kommun,kvinna,1981,28,11,149,57,2016/17,245,95.51020408163265
0667220767927,Erik Ezelius,S,Västra Götalands läns östra,man,1986,0,63,601,37,2016/17,701,91.01283880171184
066769783310,Lotta Olsson,M,Örebro län,kvinna,1960,53,74,361,213,2016/17,701,89.44365192582026
0671881934227,Johan Nissinen,SD,Skåne läns norra och östra,man,1989,70,152,290,189,2016/17,701,78.3166904422254
0677738818613,Anders Åkesson,C,Kalmar län,man,1958,80,134,326,161,2016/17,701,80.88445078459343
0678712094213,Stefan Jakobsson,SD,Västmanlands län,man,1968,76,115,315,195,2016/17,701,83.59486447931526
0679228585116,Per Åsling,C,Jämtlands län,man,1957,95,48,380,178,2016/17,701,93.15263908701854
067992138910,Peter Jeppsson,S,Blekinge län,man,1968,1,145,518,37,2016/17,701,79.31526390870185
0680329141121,Aron Modig,KD,Göteborgs kommun,man,1985,106,45,396,154,2016/17,701,93.58059914407988
0681030112815,Peter Helander,C,Dalarnas län,man,1961,85,93,354,169,2016/17,701,86.73323823109843
0682989845822,Håkan Svenneling,V,Värmlands län,man,1985,62,73,434,132,2016/17,701,89.58630527817404
0687163544710,Sofia Modigh,KD,Stockholms kommun,kvinna,1970,55,1,209,81,2016/17,346,99.71098265895954
069309987221,Johan Hultberg,M,Kronobergs län,man,1985,40,56,277,167,2016/17,540,89.62962962962962
0693341580004,Tony Wiklander,SD,Västra Götalands läns västra,man,1939,92,6,366,237,2016/17,701,99.14407988587732
069436402021,Tomas Tobé,M,Gävleborgs län,man,1978,38,244,265,154,2016/17,701,65.19258202567761
0695090885212,Maria Abrahamsson,M,Stockholms kommun,kvinna,1963,60,22,393,226,2016/17,701,96.86162624821684
0697941234716,Margareta Larsson,-,Västra Götalands läns östra,kvinna,1964,20,626,34,21,2016/17,701,10.699001426533528
07012286624,Daniel Riazat,V,Dalarnas län,man,1991,69,20,467,145,2016/17,701,97.14693295292439
0704744533715,Pernilla Stålhammar,MP,Stockholms kommun,kvinna,1971,1,125,418,23,2016/17,567,77.95414462081129
0704744533715,Pernilla Stålhammar,MP,,kvinna,1971,0,20,105,9,2016/17,134,85.07462686567165
0706528359123,Linus Sköld,S,Norrbottens län,man,1983,0,65,470,29,2016/17,564,88.47517730496453
0709749259417,Rickard Persson,MP,Skåne läns västra,man,1959,1,2,656,42,2016/17,701,99.71469329529245
0714579775816,Ewa Thalén Finné,M,Skåne läns södra,kvinna,1959,66,2,399,234,2016/17,701,99.71469329529245
0716036604716,Elisabet Knutsson,MP,Skåne läns norra och östra,kvinna,1952,1,133,536,31,2016/17,701,81.02710413694722
0718034011110,Jessika Roswall,M,Uppsala län,kvinna,1972,65,31,381,224,2016/17,701,95.57774607703281
0718937995813,Lars-Arne Staxäng,M,Västra Götalands läns västra,man,1956,66,12,392,231,2016/17,701,98.28815977175464
072019517020,Amir Adan,M,Stockholms kommun,man,1985,61,97,304,192,2016/17,654,85.16819571865443
0720249554818,Börje Vestlund,S,Stockholms kommun,man,1960,2,139,530,30,2016/17,701,80.17118402282453
0721509806321,Nooshi Dadgostar,V,Stockholms län,kvinna,1985,63,45,458,135,2016/17,701,93.58059914407988
0721657655513,Finn Bengtsson,M,Östergötlands län,man,1956,60,61,369,211,2016/17,701,91.2981455064194
0729710260118,Helena Bouveng,M,Jönköpings län,kvinna,1962,66,5,398,232,2016/17,701,99.2867332382311
0731442709013,Christer Nylander,L,Skåne läns norra och östra,man,1968,70,59,423,149,2016/17,701,91.58345221112695
0732677378827,Marta Obminska,M,Uppsala län,kvinna,1979,57,52,379,213,2016/17,701,92.58202567760343
07351347121,Anders Schröder,MP,Gävleborgs län,man,1990,0,1,657,43,2016/17,701,99.85734664764621
0737073162411,Emma Carlsson Löfdahl,L,Jönköpings län,kvinna,1970,58,174,348,121,2016/17,701,75.17831669044223
0741005094627,Gustav Blix,M,Stockholms kommun,man,1974,1,18,17,11,2016/17,47,61.702127659574465
0744139167426,Rasmus Ling,MP,Malmö kommun,man,1984,0,27,635,39,2016/17,701,96.14835948644793
0750518623913,Lotta Finstorp,M,Södermanlands län,kvinna,1958,61,35,382,223,2016/17,701,95.00713266761768
0750727320521,Jonas Gunnarsson,S,Värmlands län,man,1980,0,197,471,33,2016/17,701,71.89728958630528
0752691002718,Pyry Niemi,S,Uppsala län,man,1965,0,122,545,34,2016/17,701,82.5962910128388
075747847023,Gustaf Lantz,S,Uppsala län,man,1981,0,5,253,21,2016/17,279,98.2078853046595
0758652610,Maria Arnholm,L,Stockholms län,kvinna,1958,53,163,364,121,2016/17,701,76.7475035663338
0759167494321,Petra Ekerum,S,Västra Götalands läns västra,kvinna,1980,0,75,482,31,2016/17,588,87.24489795918367
0760500234712,Monica Haider,S,Kronobergs län,kvinna,1963,0,82,579,40,2016/17,701,88.30242510699001
0766496753128,Fredrik Malm,L,Stockholms kommun,man,1977,51,227,326,97,2016/17,701,67.61768901569187
0768605712423,Daniel Sestrajcic,V,Malmö kommun,man,1976,52,158,365,126,2016/17,701,77.46077032810271
0771287795114,Marie-Louise Rönnmark,S,Västerbottens län,kvinna,1954,1,26,273,18,2016/17,318,91.82389937106919
0772402807013,Sven-Olof Sällström,SD,Dalarnas län,man,1968,85,59,345,212,2016/17,701,91.58345221112695
0773497241728,Roger Hedlund,SD,Stockholms län,man,1979,89,25,361,226,2016/17,701,96.43366619115548
0778725756419,Lisbeth Sundén Andersson,M,Göteborgs kommun,kvinna,1950,58,96,351,196,2016/17,701,86.3052781740371
0779781772919,Kristina Nilsson,S,Västernorrlands län,kvinna,1965,0,238,432,31,2016/17,701,66.04850213980029
0780214960516,Eva Lindh,S,Östergötlands län,kvinna,1971,0,85,531,37,2016/17,653,86.98315467075038
0781520322912,Jörgen Hellman,S,Västra Götalands läns norra,man,1963,0,21,638,42,2016/17,701,97.00427960057061
0781623040415,Camilla Waltersson Grönvall,M,Västra Götalands läns norra,kvinna,1969,52,113,333,203,2016/17,701,83.88017118402283
0787533297400,Björn von Sydow,S,Stockholms län,man,1945,0,58,601,42,2016/17,701,91.72610556348074
0787535945527,Jennie Åfeldt,SD,Malmö kommun,kvinna,1974,89,27,356,229,2016/17,701,96.14835948644793
0788526088220,Emma Henriksson,KD,Stockholms län,kvinna,1977,101,80,370,150,2016/17,701,88.58773181169758
0791649913415,Stefan Nilsson,MP,Stockholms kommun,man,1959,0,68,597,36,2016/17,701,90.29957203994294
0791786201912,Maria Plass,M,Västra Götalands läns västra,kvinna,1953,64,40,378,219,2016/17,701,94.29386590584879
0792733370419,Magnus Oscarsson,KD,Östergötlands län,man,1970,96,131,341,133,2016/17,701,81.31241084165478
0801311569314,Gunilla Svantorp,S,Värmlands län,kvinna,1964,0,104,563,34,2016/17,701,85.16405135520685
0802546764724,Åsa Westlund,S,Stockholms län,kvinna,1976,1,120,542,38,2016/17,701,82.88159771754636
0802826314426,Sofia Arkelsten,M,Stockholms kommun,kvinna,1976,58,85,356,202,2016/17,701,87.87446504992867
0803753212716,Richard Jomshof,SD,Blekinge län,man,1969,55,230,269,147,2016/17,701,67.18972895863054
080633830413,Jamal Mouneimne,S,Västerbottens län,man,1971,0,38,620,43,2016/17,701,94.57917261055636
0810201628512,Ann-Charlotte Hammar Johnsson,M,Skåne läns västra,kvinna,1966,61,37,381,222,2016/17,701,94.72182596291013
0819601620927,Annika Hirvonen Falk,MP,Stockholms län,kvinna,1989,0,85,577,39,2016/17,701,87.87446504992867
0825441263617,Birger Lahti,V,Norrbottens län,man,1964,65,80,420,136,2016/17,701,88.58773181169758
0828198456420,Lise Nordin,MP,Göteborgs kommun,kvinna,1982,0,2,656,43,2016/17,701,99.71469329529245
0828721176319,Sten Bergheden,M,Västra Götalands läns östra,man,1965,61,54,371,215,2016/17,701,92.29671897289586
0831039938224,Adam Marttinen,SD,Stockholms kommun,man,1983,87,28,360,226,2016/17,701,96.00570613409415
0831636664429,Mattias Karlsson,SD,Värmlands län,man,1977,80,98,316,207,2016/17,701,86.01997146932952
0832311880029,Erik Ottoson,M,Stockholms län,man,1989,66,0,404,231,2016/17,701,100.0
0836001490919,Ulrika Carlsson,C,Västra Götalands läns östra,kvinna,1965,86,103,348,164,2016/17,701,85.30670470756063
0843345349823,Anders Hansson,M,Skåne läns södra,man,1976,64,6,398,233,2016/17,701,99.14407988587732
084624777218,Helena Lindahl,C,Västerbottens län,kvinna,1972,88,65,364,184,2016/17,701,90.72753209700429
0849219210615,Jabar Amin,MP,Västerbottens län,man,1959,1,107,555,38,2016/17,701,84.73609129814551
0853395328224,Lena Hallengren,S,Kalmar län,kvinna,1973,0,43,619,39,2016/17,701,93.86590584878745
085742305813,Patrik Engström,S,Dalarnas län,man,1968,0,58,571,40,2016/17,669,91.33034379671152
085742305813,Patrik Engström,S,,man,1968,0,0,32,0,2016/17,32,100.0
0859721748313,Jörgen Andersson,M,Kalmar län,man,1966,41,233,278,149,2016/17,701,66.76176890156918
0859968278117,Carina Ohlsson,S,Västra Götalands läns östra,kvinna,1957,0,142,525,34,2016/17,701,79.74322396576319
0860364634014,Mattias Ottosson,S,Östergötlands län,man,1971,0,0,658,43,2016/17,701,100.0
0860429409414,Désirée Pethrus,KD,Stockholms kommun,kvinna,1959,94,86,379,142,2016/17,701,87.7318116975749
0861447317415,Thomas Finnborg,M,Skåne läns västra,man,1954,59,99,335,208,2016/17,701,85.87731811697574
0861521539920,Aron Emilsson,SD,Skåne läns västra,man,1990,90,22,363,226,2016/17,701,96.86162624821684
0862868280923,Annie Lööf,C,Jönköpings län,kvinna,1983,55,265,253,128,2016/17,701,62.19686162624822
0866055333028,Alexandra Anstrell,M,Stockholms län,kvinna,1974,14,6,79,38,2016/17,137,95.62043795620438
0867950366726,Faradj Koliev,S,Stockholms län,man,1986,3,23,529,33,2016/17,588,96.08843537414967
0871764071911,Nina Kain,SD,Västra Götalands läns södra,kvinna,1973,7,638,37,19,2016/17,701,8.987161198288163
0875221317013,Gunilla Carlsson,S,Göteborgs kommun,kvinna,1966,0,79,582,40,2016/17,701,88.73038516405136
0877778793323,Johan Büser,S,Göteborgs kommun,man,1983,2,51,607,41,2016/17,701,92.7246790299572
0878075468027,Hillevi Larsson,S,Malmö kommun,kvinna,1974,2,22,635,42,2016/17,701,96.86162624821684
0879014196003,Jonas Åkerlund,SD,Västmanlands län,man,1949,75,123,305,198,2016/17,701,82.45363766048503
0879782396219,Olle Thorell,S,Västmanlands län,man,1967,0,136,226,18,2016/17,380,64.21052631578948
0880137451720,Emma Nohrén,MP,Västra Götalands läns västra,kvinna,1980,0,149,515,37,2016/17,701,78.74465049928673
088028607414,Lena Asplund,M,Västernorrlands län,kvinna,1956,45,244,261,151,2016/17,701,65.19258202567761
0882001830516,Carin Jämtin,S,Stockholms kommun,kvinna,1964,0,131,414,22,2016/17,567,76.89594356261023
0884738092723,Kristina Yngwe,C,Skåne läns södra,kvinna,1983,90,96,344,171,2016/17,701,86.3052781740371
0889860537413,Krister Hammarbergh,M,Norrbottens län,man,1963,64,20,388,229,2016/17,701,97.14693295292439
089246126523,Elin Lundgren,S,Gävleborgs län,kvinna,1978,0,33,625,43,2016/17,701,95.29243937232525
0893004490313,Cecilia Widegren,M,Västra Götalands läns östra,kvinna,1973,57,117,327,200,2016/17,701,83.3095577746077
0899112324519,Elisabeth Svantesson,M,Örebro län,kvinna,1967,48,194,292,167,2016/17,701,72.32524964336662
0901257862125,Hans Linde,V,Göteborgs kommun,man,1979,55,87,365,106,2016/17,613,85.80750407830342
0903307301618,Peter Persson,S,Jönköpings län,man,1955,1,126,539,35,2016/17,701,82.02567760342367
0905312407726,Cassandra Sundin,SD,Östergötlands län,kvinna,1991,70,117,313,201,2016/17,701,83.3095577746077
0905637653912,Kerstin Nilsson,S,Skåne läns södra,kvinna,1956,0,23,635,43,2016/17,701,96.71897289586305
0909948830718,Ann-Christin Ahlberg,S,Västra Götalands läns södra,kvinna,1957,0,12,647,42,2016/17,701,98.28815977175464
0910241260018,Kent Härstedt,S,Skåne läns västra,man,1965,1,273,397,30,2016/17,701,61.05563480741798
0911067396229,Mattias Vepsä,S,Stockholms kommun,man,1980,0,1,120,13,2016/17,134,99.25373134328358
0911916463828,Fredrik Lundh Sammeli,S,Norrbottens län,man,1977,0,60,601,40,2016/17,701,91.44079885877319
0914002106327,Sofia Fölster,M,Stockholms län,kvinna,1991,63,18,393,227,2016/17,701,97.43223965763195
0916608741910,Suzanne Svensson,S,Blekinge län,kvinna,1958,1,11,646,43,2016/17,701,98.43081312410843
0925451929216,Penilla Gunther,KD,Västra Götalands läns norra,kvinna,1964,91,114,354,142,2016/17,701,83.73751783166905
0925652297119,Per Ramhorn,SD,Kronobergs län,man,1967,88,21,365,227,2016/17,701,97.00427960057061
0930305890123,Sara-Lena Bjälkö,SD,Örebro län,kvinna,1976,81,72,338,210,2016/17,701,89.72895863052783
0932000030511,Maria Stockhaus,M,Stockholms län,kvinna,1963,62,60,361,218,2016/17,701,91.44079885877319
0934639939611,Ola Johansson,C,Hallands län,man,1960,88,106,335,172,2016/17,701,84.87874465049929
0938534705001,Gunnar Hedberg,M,Uppsala län,man,1948,8,0,52,24,2016/17,84,100.0
0940980416614,Jan Ericson,M,Västra Götalands läns södra,man,1961,59,95,341,206,2016/17,701,86.44793152639087
0951854268017,Åsa Romson,MP,Stockholms kommun,kvinna,1972,0,76,466,25,2016/17,567,86.59611992945327
0951854268017,Åsa Romson,MP,,kvinna,1972,0,0,121,13,2016/17,134,100.0
0954072997110,Carl Schlyter,MP,Stockholms län,man,1968,4,80,580,37,2016/17,701,88.58773181169758
0955748436811,Robert Stenkvist,SD,Västra Götalands läns östra,man,1958,93,2,370,236,2016/17,701,99.71469329529245
0956595590924,Tobias Billström,M,Malmö kommun,man,1973,50,171,302,178,2016/17,701,75.60627674750357
0958776965517,Lennart Axelsson,S,Örebro län,man,1952,0,52,611,38,2016/17,701,92.58202567760343
0962410717322,Sultan Kayhan,S,Stockholms kommun,kvinna,1988,0,9,450,29,2016/17,488,98.15573770491804
0962841101917,Annika Qarlsson,C,Västra Götalands läns norra,kvinna,1964,89,67,370,175,2016/17,701,90.44222539229672
0964730940415,Johan Andersson,S,Östergötlands län,man,1961,0,88,576,37,2016/17,701,87.44650499286733
0970259744617,Margareta Cederfelt,M,Stockholms kommun,kvinna,1959,45,197,290,169,2016/17,701,71.89728958630528
0970427364222,Anna Wallén,S,Västmanlands län,kvinna,1980,0,61,599,41,2016/17,701,91.2981455064194
0973782197017,Mikael Oscarsson,KD,Uppsala län,man,1967,89,169,315,128,2016/17,701,75.89158345221114
0974061238314,Paula Holmqvist,S,Västra Götalands läns norra,kvinna,1964,0,129,538,34,2016/17,701,81.59771754636233
0975579292417,Monica Green,S,Västra Götalands läns östra,kvinna,1959,0,104,560,37,2016/17,701,85.16405135520685
0980316377627,Lars Hjälmered,M,Göteborgs kommun,man,1977,63,21,391,226,2016/17,701,97.00427960057061
0980681611418,Hans Wallmark,M,Skåne läns norra och östra,man,1965,53,173,307,168,2016/17,701,75.320970042796
0982795248728,Jakob Forssmed,KD,Stockholms län,man,1974,95,205,264,108,2016/17,672,69.49404761904762
0983984918111,Matilda Ernkrans,S,Örebro län,kvinna,1973,0,99,567,35,2016/17,701,85.87731811697574
0988383147219,Lars Eriksson,S,Västmanlands län,man,1970,0,55,607,39,2016/17,701,92.15406562054208
0992420223820,Jessica Rosencrantz,M,Stockholms kommun,kvinna,1987,54,117,335,195,2016/17,701,83.3095577746077
0992473266516,Larry Söder,KD,Hallands län,man,1969,113,24,406,158,2016/17,701,96.57631954350927
0995355603410,Wiwi-Anne Johansson,V,Västra Götalands läns västra,kvinna,1950,41,219,337,104,2016/17,701,68.75891583452211
0996640018922,Yasmine Larsson,S,Skåne läns västra,kvinna,1988,0,67,594,40,2016/17,701,90.44222539229672
010343930918,Cecilie Tenfjord-Toftby,M,Västra Götalands läns södra,kvinna,1970,72,88,434,232,2017/18,826,89.34624697336562
0103624617217,Helén Pettersson,S,Västerbottens län,kvinna,1972,1,75,721,29,2017/18,826,90.92009685230025
010392780417,Marie Olsson,S,Dalarnas län,kvinna,1967,1,6,780,39,2017/18,826,99.27360774818402
0105126451619,Anna Hagwall,-,Västerbottens län,kvinna,1953,92,286,244,204,2017/18,826,65.37530266343825
0105632258713,Boriana Åberg,M,Skåne läns södra,kvinna,1968,71,144,394,217,2017/18,826,82.56658595641646
0105797223918,Mikael Cederbratt,M,Västra Götalands läns norra,man,1955,80,56,439,251,2017/18,826,93.22033898305084
0108109641223,Carl-Oskar Bohlin,M,Dalarnas län,man,1986,79,63,447,237,2017/18,826,92.37288135593221
0111479807829,Anna Wallentheim,S,Skåne läns norra och östra,kvinna,1985,1,58,728,39,2017/18,826,92.97820823244552
0113077554312,Raimo Pärssinen,S,Gävleborgs län,man,1956,0,262,539,25,2017/18,826,68.28087167070218
0114869877121,Sara Karlsson,S,Södermanlands län,kvinna,1985,0,89,479,25,2017/18,593,84.99156829679595
0115834246514,Emma Wallrup,V,Uppsala län,kvinna,1971,81,153,385,105,2017/18,724,78.86740331491713
0116759114313,Bengt Eliasson,L,Hallands län,man,1961,87,54,482,203,2017/18,826,93.46246973365618
0117203219614,Jörgen Warborn,M,Hallands län,man,1969,78,64,442,242,2017/18,826,92.25181598062953
012053331219,Anna Kinberg Batra,M,Stockholms län,kvinna,1970,72,225,332,197,2017/18,826,72.76029055690071
0121939297619,Jamal El-Haj,S,Malmö kommun,man,1960,2,28,756,40,2017/18,826,96.61016949152543
0122987223112,Lotta Johnsson Fornarve,V,Södermanlands län,kvinna,1956,100,112,472,142,2017/18,826,86.4406779661017
012481285121,Amne Ali,S,Stockholms kommun,kvinna,1990,1,0,465,20,2017/18,486,100.0
0125056691517,Lars-Axel Nordell,KD,Örebro län,man,1952,84,141,419,182,2017/18,826,82.92978208232445
012576033427,Hannah Bergstedt,S,Norrbottens län,kvinna,1977,0,309,166,12,2017/18,487,36.55030800821355
0126797549328,Johan Forssell,M,Stockholms kommun,man,1979,84,43,449,250,2017/18,826,94.79418886198548
0128805841317,Katarina Brännström,M,Kronobergs län,kvinna,1950,74,149,387,216,2017/18,826,81.96125907990314
0130789484021,Mattias Bäckström Johansson,SD,Västernorrlands län,man,1985,111,65,385,265,2017/18,826,92.13075060532687
0132818093422,Rickard Nordin,C,Göteborgs kommun,man,1983,83,185,386,172,2017/18,826,77.60290556900726
0133767709317,Phia Andersson,S,Västra Götalands läns södra,kvinna,1955,2,32,753,39,2017/18,826,96.12590799031477
0134101155612,Rikard Larsson,S,Skåne läns södra,man,1966,1,123,663,39,2017/18,826,85.10895883777239
0136310791918,Marie Granlund,S,Malmö kommun,kvinna,1962,0,197,598,31,2017/18,826,76.15012106537532
0136801772915,Maria Strömkvist,S,Dalarnas län,kvinna,1964,1,82,704,39,2017/18,826,90.07263922518159
0138741628520,Angelika Bengtsson,SD,Stockholms kommun,kvinna,1990,97,135,343,251,2017/18,826,83.65617433414043
0139948283718,Agneta Börjesson,MP,Hallands län,kvinna,1957,3,5,778,40,2017/18,826,99.39467312348668
014386615025,Ali Esbati,V,Stockholms län,man,1976,110,91,491,134,2017/18,826,88.98305084745762
0144048894712,Ellen Juntti,M,Västra Götalands läns västra,kvinna,1958,79,32,459,256,2017/18,826,96.12590799031477
0145294944502,Roger Richtoff,SD,Skåne läns västra,man,1948,95,126,345,260,2017/18,826,84.7457627118644
0150118366721,Linda Snecker,V,Östergötlands län,kvinna,1983,102,152,439,133,2017/18,826,81.59806295399515
0150664940102,Eva Lohman,M,Västernorrlands län,kvinna,1948,76,84,426,240,2017/18,826,89.83050847457628
0155487380917,Kerstin Lundgren,C,Stockholms län,kvinna,1955,77,102,446,201,2017/18,826,87.65133171912834
0157062733618,Jonas Eriksson,MP,Örebro län,man,1967,0,193,604,29,2017/18,826,76.63438256658596
0161597857912,Tuve Skånberg,KD,Skåne läns norra och östra,man,1956,97,12,502,215,2017/18,826,98.54721549636804
0166790812128,Hanif Bali,M,Stockholms län,man,1987,83,32,452,259,2017/18,826,96.12590799031477
016950536026,Hanna Wigh,-,Norrbottens län,kvinna,1986,10,787,24,3,2017/18,824,4.490291262135926
016950536026,Hanna Wigh,SD,Norrbottens län,kvinna,1986,0,2,0,0,2017/18,2,0.0
0170585430421,Jimmy Ståhl,SD,Göteborgs kommun,man,1975,110,14,410,292,2017/18,826,98.30508474576271
0172220256016,Annika Lillemets,MP,Östergötlands län,kvinna,1962,2,156,628,40,2017/18,826,81.1138014527845
0173210620224,Said Abdu,L,Västra Götalands läns norra,man,1986,90,94,449,193,2017/18,826,88.61985472154964
0173946230722,Maria Andersson Willner,S,Västra Götalands läns norra,kvinna,1978,2,62,726,36,2017/18,826,92.49394673123487
0176437434123,Jenny Petersson,M,Hallands län,kvinna,1981,25,62,197,103,2017/18,387,83.97932816537468
0182190010218,Esabelle Dingizian,MP,Stockholms län,kvinna,1962,2,81,708,35,2017/18,826,90.19370460048425
0182800488922,Paula Bieler,SD,Kalmar län,kvinna,1988,113,49,390,274,2017/18,826,94.0677966101695
0192918410514,Gunilla Nordgren,M,Skåne läns södra,kvinna,1956,83,62,440,241,2017/18,826,92.49394673123487
0194498232620,Roza Güclü Hedin,S,Dalarnas län,kvinna,1982,1,141,647,37,2017/18,826,82.92978208232445
0196077326617,Solveig Zander,C,Uppsala län,kvinna,1955,87,119,431,189,2017/18,826,85.59322033898304
0198031297912,Anette Åkesson,M,Skåne läns norra och östra,kvinna,1966,84,40,449,253,2017/18,826,95.15738498789347
0198917587520,Maj Karlsson,V,Göteborgs kommun,kvinna,1980,98,139,452,137,2017/18,826,83.17191283292978
0199751900210,Annelie Karlsson,S,Skåne läns norra och östra,kvinna,1965,1,116,677,32,2017/18,826,85.95641646489103
0200490530919,Marco Venegas,MP,Södermanlands län,man,1962,2,105,681,38,2017/18,826,87.28813559322035
0204240926023,Markus Wiechel,SD,Västra Götalands läns norra,man,1988,115,70,376,265,2017/18,826,91.52542372881356
0204443909416,Johan Hedin,C,Stockholms kommun,man,1969,89,73,460,204,2017/18,826,91.16222760290556
0204494765606,Ann-Britt Åsebol,M,Dalarnas län,kvinna,1947,78,69,433,246,2017/18,826,91.64648910411623
0205360448417,Peter Johnsson,S,Västra Götalands läns norra,man,1962,1,135,654,36,2017/18,826,83.65617433414043
0206034257412,Jacob Sandgren,S,Södermanlands län,man,1973,0,25,0,0,2017/18,25,0.0
0208558695314,Ingemar Nilsson,S,Västernorrlands län,man,1956,1,101,688,36,2017/18,826,87.77239709443099
0210198640127,Fredrik Schulte,M,Stockholms län,man,1981,82,43,450,251,2017/18,826,94.79418886198548
0211757295524,Josef Fransson,SD,Uppsala län,man,1978,110,30,400,286,2017/18,826,96.3680387409201
0216534495014,Jens Holm,V,Stockholms kommun,man,1971,105,82,498,141,2017/18,826,90.07263922518159
0219220227418,Isabella Hökmark,M,Stockholms län,kvinna,1962,84,11,469,262,2017/18,826,98.6682808716707
0222691314314,Ulf Kristersson,M,Södermanlands län,man,1963,11,692,78,45,2017/18,826,16.222760290556902
0223069839622,Robert Hannah,L,Göteborgs kommun,man,1985,70,235,373,148,2017/18,826,71.5496368038741
0227531635413,Lars Püss,M,Hallands län,man,1966,58,1,237,143,2017/18,439,99.77220956719817
0228027853620,Vasiliki Tsouplaki,V,Västmanlands län,kvinna,1980,107,117,455,131,2017/18,810,85.55555555555556
0229760896014,Anders W Jonsson,C,Gävleborgs län,man,1961,46,313,323,144,2017/18,826,62.10653753026634
0235974887200,Susanne Eberstein,S,Västernorrlands län,kvinna,1948,1,91,697,37,2017/18,826,88.98305084745762
0236051814311,Mikael Jansson,-,Gävleborgs län,man,1965,60,30,158,133,2017/18,381,92.1259842519685
0236051814311,Mikael Jansson,SD,Gävleborgs län,man,1965,55,15,225,150,2017/18,445,96.62921348314607
0237055280513,Roland Utbult,KD,Västra Götalands läns västra,man,1951,86,120,436,184,2017/18,826,85.4721549636804
023767922422,Mats Persson,L,Skåne läns södra,man,1980,68,186,405,167,2017/18,826,77.4818401937046
0246927519019,Karin Rågsjö,V,Stockholms kommun,kvinna,1955,110,95,484,137,2017/18,826,88.49878934624698
0250583732424,Jesper Skalberg Karlsson,M,Gotlands län,man,1993,60,141,398,227,2017/18,826,82.92978208232445
0251617324715,Katarina Köhler,S,Västerbottens län,kvinna,1954,0,2,0,0,2017/18,2,0.0
0252067342313,Åsa Lindestam,S,Gävleborgs län,kvinna,1956,0,203,598,25,2017/18,826,75.42372881355932
0254695027922,Momodou Jallow,V,Malmö kommun,man,1975,72,266,375,113,2017/18,826,67.79661016949152
0256716955026,Serkan Köse,S,Stockholms län,man,1976,2,92,695,37,2017/18,826,88.86198547215496
0256743155204,Per-Ingvar Johnsson,C,Skåne läns norra och östra,man,1944,100,23,484,219,2017/18,826,97.21549636803874
0257612529618,Kenneth G Forslund,S,Västra Götalands läns västra,man,1967,3,159,631,33,2017/18,826,80.75060532687651
025877594729,John Widegren,M,Östergötlands län,man,1980,13,0,83,38,2017/18,134,100.0
025967059622,Magnus Manhammar,S,Blekinge län,man,1980,1,73,714,38,2017/18,826,91.16222760290556
0262017901513,Beatrice Ask,M,Stockholms kommun,kvinna,1956,75,67,442,242,2017/18,826,91.88861985472155
0264838147315,Catharina Bråkenhielm,S,Västra Götalands läns västra,kvinna,1956,2,122,665,37,2017/18,826,85.23002421307507
0266517781926,Christina Örnebjär,L,Örebro län,kvinna,1979,84,117,440,185,2017/18,826,85.83535108958837
0269067253614,Thomas Strand,S,Jönköpings län,man,1954,1,18,767,40,2017/18,826,97.82082324455206
0271543079118,Heidi Karlsson,SD,Malmö kommun,kvinna,1969,89,123,360,254,2017/18,826,85.10895883777239
0273506284025,Edward Riedl,M,Västerbottens län,man,1976,81,57,445,243,2017/18,826,93.09927360774819
0274462857213,Petter Löberg,S,Västra Götalands läns södra,man,1968,2,47,741,36,2017/18,826,94.30992736077482
0277648711624,Anders Österberg,S,Stockholms kommun,man,1981,1,31,757,37,2017/18,826,96.24697336561742
0280087199210,Valter Mutt,MP,Göteborgs kommun,man,1955,2,172,621,31,2017/18,826,79.1767554479419
0283117091429,Emanuel Öz,S,Stockholms kommun,man,1979,0,84,241,15,2017/18,340,75.29411764705883
0285631067215,Robert Halef,KD,Stockholms län,man,1964,98,18,498,212,2017/18,826,97.82082324455206
0294138886823,Martin Kinnunen,SD,Göteborgs kommun,man,1983,91,93,375,267,2017/18,826,88.7409200968523
0296384583518,Åsa Eriksson,S,Västmanlands län,kvinna,1972,1,108,679,33,2017/18,821,86.84531059683313
0299937536814,Håkan Bergman,S,Örebro län,man,1954,1,104,689,32,2017/18,826,87.40920096852301
0306286538528,Sofia Damm,KD,Skåne läns södra,kvinna,1977,84,133,431,178,2017/18,826,83.89830508474576
0308306375022,Roger Haddad,L,Västmanlands län,man,1978,86,80,465,195,2017/18,826,90.31476997578693
0313210809828,Emil Källström,C,Västernorrlands län,man,1987,83,124,427,192,2017/18,826,84.98789346246973
0313390540217,Ingela Nylund Watz,S,Stockholms län,kvinna,1962,0,198,597,31,2017/18,826,76.02905569007264
0315499690028,Teresa Carvalho,S,Östergötlands län,kvinna,1984,2,79,710,35,2017/18,826,90.4358353510896
0316505710324,Janine Alm Ericson,MP,Västra Götalands läns norra,kvinna,1973,2,146,642,36,2017/18,826,82.32445520581113
0316979049321,Karl Längberg,S,Kalmar län,man,1985,1,0,507,22,2017/18,530,100.0
0321885416125,Rossana Dinamarca,V,Västra Götalands läns norra,kvinna,1974,91,120,474,141,2017/18,826,85.4721549636804
0325462829512,Christina Östberg,SD,Kalmar län,kvinna,1968,116,0,413,297,2017/18,826,100.0
0338458649710,Anti Avsan,M,Stockholms län,man,1958,62,180,378,206,2017/18,826,78.20823244552058
0339894357417,Jennie Nilsson,S,Hallands län,kvinna,1972,1,123,669,33,2017/18,826,85.10895883777239
0341628241813,Marianne Pettersson,S,Skåne läns södra,kvinna,1958,1,130,662,33,2017/18,826,84.26150121065376
0344222203323,Dennis Dioukarev,SD,Jönköpings län,man,1993,116,0,414,296,2017/18,826,100.0
0352254228107,Staffan Danielsson,C,Östergötlands län,man,1947,86,119,431,190,2017/18,826,85.59322033898304
0363228965800,Barbro Westerholm,L,Stockholms län,kvinna,1933,64,181,413,168,2017/18,826,78.08716707021792
0363721826713,Per Lodenius,C,Stockholms län,man,1966,99,36,474,217,2017/18,826,95.64164648910412
0365797008114,Leif Pettersson,S,Norrbottens län,man,1954,1,93,696,36,2017/18,826,88.7409200968523
0369028728526,Kent Ekeroth,SD,Skåne läns norra och östra,man,1981,28,553,146,99,2017/18,826,33.05084745762712
0373223420310,Niclas Malmberg,MP,Uppsala län,man,1970,1,0,785,40,2017/18,826,100.0
037561614928,Lawen Redar,S,Stockholms kommun,kvinna,1989,1,135,663,27,2017/18,826,83.65617433414043
0376353897112,Leif Nysmed,S,Stockholms län,man,1970,0,96,694,36,2017/18,826,88.37772397094432
0376867803913,Agneta Gille,S,Uppsala län,kvinna,1956,1,129,657,39,2017/18,826,84.38256658595643
0381918573217,Michael Svensson,M,Hallands län,man,1957,58,201,374,193,2017/18,826,75.66585956416465
0383111552218,Jonas Sjöstedt,V,Västerbottens län,man,1964,91,192,416,127,2017/18,826,76.75544794188862
0387358739126,Jonas Millard,SD,Västra Götalands läns norra,man,1981,96,117,355,258,2017/18,826,85.83535108958837
0397924710612,Ulrika Karlsson,M,Uppsala län,kvinna,1973,49,334,295,148,2017/18,826,59.56416464891041
0401968752713,Stina Bergström,MP,Värmlands län,kvinna,1958,0,248,551,27,2017/18,826,69.97578692493947
0403769921921,Tina Ghasemi,M,Stockholms kommun,kvinna,1985,48,138,250,147,2017/18,583,76.32933104631218
0404025497421,Birgitta Ohlsson,L,Stockholms kommun,kvinna,1975,70,194,404,158,2017/18,826,76.51331719128329
0407081382317,Anna-Caren Sätherberg,S,Jämtlands län,kvinna,1964,2,186,616,22,2017/18,826,77.4818401937046
0409540163215,Hans Rothenberg,M,Göteborgs kommun,man,1961,73,81,431,241,2017/18,826,90.19370460048425
0412148992926,Hanna Westerén,S,Gotlands län,kvinna,1981,0,2,2,1,2017/18,5,60.0
0414687558527,Maria Weimer,L,Uppsala län,kvinna,1979,72,184,400,170,2017/18,826,77.72397094430993
0415959965211,Mia Sydow Mölleby,V,Örebro län,kvinna,1960,119,5,546,156,2017/18,826,99.39467312348668
0418929039326,Patrik Lundqvist,S,Gävleborgs län,man,1984,1,122,668,35,2017/18,826,85.23002421307507
0427321850912,Lars Mejern Larsson,S,Värmlands län,man,1965,1,44,745,36,2017/18,826,94.67312348668281
043972220518,Jasenko Omanovic,S,Västernorrlands län,man,1967,0,77,714,35,2017/18,826,90.67796610169492
0442629549320,Adnan Dibrani,S,Hallands län,man,1985,1,89,702,34,2017/18,826,89.22518159806295
0446541913415,Allan Widman,L,Malmö kommun,man,1964,82,95,458,191,2017/18,826,88.49878934624698
0447797778718,Sotiris Delis,M,Jönköpings län,man,1955,85,7,473,261,2017/18,826,99.15254237288136
0448155122323,Olof Lavesson,M,Malmö kommun,man,1976,86,24,460,256,2017/18,826,97.09443099273608
0452755722723,Björn Söder,SD,Stockholms län,man,1976,66,319,269,172,2017/18,826,61.38014527845037
0455086201022,Johnny Skalin,SD,Hallands län,man,1978,32,609,102,83,2017/18,826,26.271186440677962
0456066032422,Mathias Sundin,L,Östergötlands län,man,1978,68,169,413,176,2017/18,826,79.53995157384988
0457308547314,Karin Svensson Smith,MP,Skåne läns södra,kvinna,1956,0,200,594,32,2017/18,826,75.78692493946731
0460690753617,Pia Nilsson,S,Västmanlands län,kvinna,1962,1,104,683,38,2017/18,826,87.40920096852301
0462699892622,Maria Ferm,MP,Stockholms kommun,kvinna,1985,5,160,628,33,2017/18,826,80.62953995157385
046426524512,Olle Felten,-,Södermanlands län,man,1953,71,18,175,149,2017/18,413,95.64164648910412
046426524512,Olle Felten,SD,Södermanlands län,man,1953,49,19,208,137,2017/18,413,95.39951573849879
0465398691116,Eskil Erlandsson,C,Kronobergs län,man,1957,94,82,450,200,2017/18,826,90.07263922518159
0468765214727,Yasmine Posio Nilsson,V,Göteborgs kommun,kvinna,1974,96,143,464,123,2017/18,826,82.68765133171912
0468956880528,Mikael Eskilandersson,SD,Gävleborgs län,man,1977,117,0,414,295,2017/18,826,100.0
0472349361027,Kalle Olsson,S,Jämtlands län,man,1984,1,197,603,25,2017/18,826,76.15012106537532
0474290584024,Azadeh Rojhan Gustafsson,S,Stockholms län,kvinna,1986,2,153,637,34,2017/18,826,81.47699757869249
0475778011711,Hans Ekström,S,Södermanlands län,man,1958,0,128,666,32,2017/18,826,84.50363196125907
0480085646428,Erik Andersson,M,Stockholms län,man,1974,83,56,442,245,2017/18,826,93.22033898305084
0480339311713,Annika Eclund,KD,Västra Götalands läns östra,kvinna,1961,97,40,478,206,2017/18,821,95.1278928136419
0482689573825,Björn Wiechel,S,Västerbottens län,man,1983,1,31,758,36,2017/18,826,96.24697336561742
0483837558914,Anna-Lena Sörenson,S,Östergötlands län,kvinna,1954,1,82,707,36,2017/18,826,90.07263922518159
0485476395125,Christian Holm Barenfeld,M,Värmlands län,man,1976,67,169,384,206,2017/18,826,79.53995157384988
0488357052317,Mats Pertoft,MP,Stockholms län,man,1954,0,63,351,24,2017/18,438,85.61643835616438
048970816012,Eva-Lena Jansson,S,Örebro län,kvinna,1963,2,173,623,28,2017/18,826,79.05569007263922
049290762318,ClasGöran Carlsson,S,Kronobergs län,man,1962,1,99,692,34,2017/18,826,88.01452784503631
0493288854424,Niklas Wykman,M,Stockholms län,man,1981,81,42,450,253,2017/18,826,94.91525423728814
0494054455310,David Lång,SD,Örebro län,man,1972,99,130,345,252,2017/18,826,84.26150121065376
0495218011521,Johanna Jönsson,C,Stockholms kommun,kvinna,1982,67,218,379,162,2017/18,826,73.60774818401937
0495314169413,Jonas Jacobsson Gjörtler,M,Skåne läns västra,man,1973,77,132,396,221,2017/18,826,84.01937046004842
0495661214429,Lorentz Tovatt,MP,Stockholms kommun,man,1989,1,82,708,35,2017/18,826,90.07263922518159
0496341906327,Alexandra Völker,S,Stockholms län,kvinna,1989,1,59,729,37,2017/18,826,92.85714285714286
0499755198526,Mattias Jonsson,S,Göteborgs kommun,man,1974,1,158,638,29,2017/18,826,80.87167070217917
0504073787702,Björn Rubenson,KD,Västra Götalands läns östra,man,1946,0,0,5,0,2017/18,5,100.0
0504711999229,Pavel Gamov,-,Skåne läns södra,man,1989,24,489,112,67,2017/18,692,29.335260115606932
0504711999229,Pavel Gamov,SD,Skåne läns södra,man,1989,7,90,17,20,2017/18,134,32.83582089552238
0506482805418,Isak From,S,Västerbottens län,man,1967,1,159,632,34,2017/18,826,80.75060532687651
0506541436524,Sanne Lennström,S,Uppsala län,kvinna,1988,1,96,573,22,2017/18,692,86.12716763005781
0506806850221,Linus Bylund,SD,Skåne läns norra och östra,man,1978,105,82,376,263,2017/18,826,90.07263922518159
0509830681123,Ida Karkiainen,S,Norrbottens län,kvinna,1988,1,63,724,38,2017/18,826,92.37288135593221
051207517226,Jimmie Åkesson,SD,Jönköpings län,man,1979,31,611,109,75,2017/18,826,26.029055690072646
0513020576128,Erik Bengtzboe,M,Södermanlands län,man,1987,77,79,431,239,2017/18,826,90.4358353510896
0515990253512,Yilmaz Kerimo,S,Stockholms län,man,1963,0,204,598,24,2017/18,826,75.30266343825666
0516528386117,Patrik Björck,S,Västra Götalands läns östra,man,1957,2,68,718,38,2017/18,826,91.76755447941889
0519542449425,Fredrik Christensson,C,Västra Götalands läns västra,man,1991,96,97,433,200,2017/18,826,88.25665859564165
0519740099915,Saila Quicklund,M,Jämtlands län,kvinna,1961,83,45,448,250,2017/18,826,94.55205811138015
0521844714515,Christina Höj Larsen,V,Västernorrlands län,kvinna,1971,99,121,467,139,2017/18,826,85.35108958837773
0522460069116,Cecilia Magnusson,M,Göteborgs kommun,kvinna,1962,68,94,423,241,2017/18,826,88.61985472154964
0526129317828,Veronica Lindholm,S,Västerbottens län,kvinna,1984,1,0,785,40,2017/18,826,100.0
0529103571012,Jan R Andersson,M,Kalmar län,man,1970,77,137,394,218,2017/18,826,83.4140435835351
0535526562910,Lars Tysklind,L,Västra Götalands läns västra,man,1953,77,181,401,167,2017/18,826,78.08716707021792
0537400268911,Caroline Helmersson Olsson,S,Södermanlands län,kvinna,1963,1,27,760,38,2017/18,826,96.73123486682809
0538387395826,Mats Green,M,Jönköpings län,man,1979,71,121,410,224,2017/18,826,85.35108958837773
0540190357911,Hans Hoff,S,Hallands län,man,1963,4,0,782,40,2017/18,826,100.0
0541320528015,Nina Lundström,L,Stockholms kommun,kvinna,1961,82,72,476,196,2017/18,826,91.28329297820824
0542160909628,Andreas Carlson,KD,Jönköpings län,man,1987,91,134,425,176,2017/18,826,83.7772397094431
0545353563812,Amineh Kakabaveh,V,Stockholms kommun,kvinna,1970,113,51,515,147,2017/18,826,93.82566585956417
0545733815610,Patrick Reslow,-,Malmö kommun,man,1970,117,4,412,293,2017/18,826,99.51573849878935
0547818628111,Betty Malmberg,M,Östergötlands län,kvinna,1958,64,127,415,220,2017/18,826,84.62469733656175
0551169456620,Gabriel Wikström,S,Västmanlands län,man,1985,0,36,0,0,2017/18,36,0.0
0552248175312,Berit Högman,S,Värmlands län,kvinna,1958,0,30,303,25,2017/18,358,91.62011173184358
055257333723,Oscar Sjöstedt,SD,Södermanlands län,man,1981,117,1,413,295,2017/18,826,99.87893462469734
0554852839719,Mikael Dahlqvist,S,Värmlands län,man,1967,1,48,738,39,2017/18,826,94.18886198547214
0558039843819,Göran Pettersson,M,Stockholms län,man,1960,73,194,355,204,2017/18,826,76.51331719128329
0559925283228,Teres Lindberg,S,Stockholms kommun,kvinna,1974,1,98,691,36,2017/18,826,88.13559322033898
0564126739422,Åsa Coenraads,M,Västmanlands län,kvinna,1978,84,33,456,253,2017/18,826,96.00484261501211
0565167965311,Eva Sonidsson,S,Västernorrlands län,kvinna,1955,1,33,757,35,2017/18,826,96.00484261501211
0572788110724,Maria Malmer Stenergard,M,Skåne läns norra och östra,kvinna,1981,54,190,378,204,2017/18,826,76.99757869249395
0573136138218,Krister Örnfjäder,S,Kalmar län,man,1952,3,192,601,30,2017/18,826,76.75544794188862
0574355225922,Fredrik Eriksson,SD,Skåne läns södra,man,1975,114,10,410,292,2017/18,826,98.78934624697337
0582811195313,Tina Acketoft,L,Skåne läns västra,kvinna,1966,83,93,463,187,2017/18,826,88.7409200968523
0585684563812,Andreas Norlén,M,Östergötlands län,man,1973,59,126,320,187,2017/18,692,81.79190751445087
0588282566419,Lars Beckman,M,Gävleborgs län,man,1967,83,37,453,253,2017/18,826,95.52058111380146
0590042760718,Annicka Engblom,M,Blekinge län,kvinna,1967,65,171,373,217,2017/18,826,79.29782082324455
0598053101129,David Lindvall,S,Gotlands län,man,1994,1,9,774,37,2017/18,821,98.90377588306943
0599390849728,Jeff Ahl,-,Hallands län,man,1987,57,121,125,110,2017/18,413,70.70217917675545
0599390849728,Jeff Ahl,SD,Hallands län,man,1987,24,91,88,58,2017/18,261,65.13409961685824
0600784831409,Dag Klackenberg,M,Stockholms kommun,man,1948,85,10,469,262,2017/18,826,98.78934624697337
0603490586517,Jan Björklund,L,Stockholms län,man,1962,61,322,311,132,2017/18,826,61.01694915254237
0603753860213,Carina Ståhl Herrstedt,SD,Stockholms län,kvinna,1971,117,3,410,296,2017/18,826,99.63680387409201
0604459858621,Emilia Töyrä,S,Norrbottens län,kvinna,1985,2,179,609,36,2017/18,826,78.32929782082324
0604811710522,Ida Drougge,M,Stockholms län,kvinna,1990,71,47,458,250,2017/18,826,94.30992736077482
0607691439013,Karin Enström,M,Stockholms län,kvinna,1966,69,101,427,229,2017/18,826,87.77239709443099
0612916684825,Johan Löfstrand,S,Östergötlands län,man,1976,2,246,552,26,2017/18,826,70.2179176755448
0613297818326,Mathias Tegnér,S,Stockholms län,man,1979,1,67,725,33,2017/18,826,91.88861985472155
0617957067613,Helene Petersson,S,Jönköpings län,kvinna,1956,1,90,698,37,2017/18,826,89.10411622276028
0619928872229,Laila Naraghi,S,Kalmar län,kvinna,1982,2,63,721,40,2017/18,826,92.37288135593221
0628190530410,Ulla Andersson,V,Gävleborgs län,kvinna,1963,87,213,406,120,2017/18,826,74.21307506053269
0628870165823,Emma Hult,MP,Jönköpings län,kvinna,1988,2,130,658,36,2017/18,826,84.26150121065376
0630820052511,Per-Arne Håkansson,S,Skåne läns norra och östra,man,1963,1,32,754,39,2017/18,826,96.12590799031477
0630824497414,Jessica Polfjärd,M,Västmanlands län,kvinna,1971,71,191,363,201,2017/18,826,76.87651331719128
0638497389621,Julia Kronlid,SD,Stockholms län,kvinna,1980,110,60,386,270,2017/18,826,92.7360774818402
0641486384014,Jan Lindholm,MP,Dalarnas län,man,1951,1,77,714,34,2017/18,826,90.67796610169492
0641953830512,Magnus Persson,SD,Dalarnas län,man,1970,115,16,407,288,2017/18,826,98.06295399515739
0642224351118,Pål Jonson,M,Värmlands län,man,1972,81,49,452,244,2017/18,826,94.0677966101695
0644177413119,Stig Henriksson,V,Västmanlands län,man,1955,1,0,11,4,2017/18,16,100.0
0644591005314,Crister Spets,SD,Hallands län,man,1964,9,8,74,61,2017/18,152,94.73684210526316
065105536026,Niklas Karlsson,S,Skåne läns västra,man,1974,1,79,707,39,2017/18,826,90.4358353510896
0652497579621,Johanna Haraldsson,S,Jönköpings län,kvinna,1980,1,119,669,37,2017/18,826,85.59322033898304
0653904370212,Fredrik Olovsson,S,Södermanlands län,man,1973,1,283,517,25,2017/18,826,65.73849878934624
0655028250417,Lena Emilsson,S,Skåne läns västra,kvinna,1957,1,43,742,40,2017/18,826,94.79418886198548
0656591334119,Per Klarberg,SD,Västra Götalands läns västra,man,1965,102,71,382,271,2017/18,826,91.4043583535109
065701062615,Runar Filper,SD,Östergötlands län,man,1964,97,139,342,248,2017/18,826,83.17191283292978
0665485817222,Daniel Bäckström,C,Värmlands län,man,1975,81,133,415,197,2017/18,826,83.89830508474576
0666958447826,Caroline Szyber,KD,Stockholms kommun,kvinna,1981,74,212,379,161,2017/18,826,74.33414043583535
0667220767927,Erik Ezelius,S,Västra Götalands läns östra,man,1986,2,102,688,34,2017/18,826,87.65133171912834
066769783310,Lotta Olsson,M,Örebro län,kvinna,1960,82,26,461,257,2017/18,826,96.85230024213075
0671881934227,Johan Nissinen,SD,Skåne läns norra och östra,man,1989,80,240,309,197,2017/18,826,70.94430992736078
0677738818613,Anders Åkesson,C,Kalmar län,man,1958,74,238,350,164,2017/18,826,71.1864406779661
0678712094213,Stefan Jakobsson,SD,Västmanlands län,man,1968,88,244,296,198,2017/18,826,70.46004842615012
0679228585116,Per Åsling,C,Jämtlands län,man,1957,79,137,422,188,2017/18,826,83.4140435835351
067992138910,Peter Jeppsson,S,Blekinge län,man,1968,2,54,735,35,2017/18,826,93.46246973365618
0680329141121,Aron Modig,KD,Göteborgs kommun,man,1985,100,0,509,217,2017/18,826,100.0
0681030112815,Peter Helander,C,Dalarnas län,man,1961,89,94,441,202,2017/18,826,88.61985472154964
0682989845822,Håkan Svenneling,V,Värmlands län,man,1985,109,59,513,145,2017/18,826,92.85714285714286
0691264514114,Anna Johansson,S,Göteborgs kommun,kvinna,1971,2,104,687,33,2017/18,826,87.40920096852301
069309987221,Johan Hultberg,M,Kronobergs län,man,1985,82,102,407,235,2017/18,826,87.65133171912834
0693341580004,Tony Wiklander,SD,Västra Götalands läns västra,man,1939,75,243,297,211,2017/18,826,70.58111380145277
069436402021,Tomas Tobé,M,Gävleborgs län,man,1978,67,170,381,208,2017/18,826,79.41888619854721
0695090885212,Maria Abrahamsson,M,Stockholms kommun,kvinna,1963,79,59,444,244,2017/18,826,92.85714285714286
0697941234716,Margareta Larsson,-,Västra Götalands läns östra,kvinna,1964,3,779,26,18,2017/18,826,5.6900726392251855
07012286624,Daniel Riazat,V,Dalarnas län,man,1991,115,47,513,151,2017/18,826,94.30992736077482
0704744533715,Pernilla Stålhammar,MP,Stockholms kommun,kvinna,1971,0,181,619,26,2017/18,826,78.08716707021792
0706528359123,Linus Sköld,S,Norrbottens län,man,1983,1,76,253,9,2017/18,339,77.5811209439528
0709749259417,Rickard Persson,MP,Skåne läns västra,man,1959,2,67,724,33,2017/18,826,91.88861985472155
0714579775816,Ewa Thalén Finné,M,Skåne läns södra,kvinna,1959,84,28,457,257,2017/18,826,96.61016949152543
0716036604716,Elisabet Knutsson,MP,Skåne läns norra och östra,kvinna,1952,3,164,623,36,2017/18,826,80.1452784503632
0718034011110,Jessika Roswall,M,Uppsala län,kvinna,1972,83,52,444,247,2017/18,826,93.7046004842615
0718937995813,Lars-Arne Staxäng,M,Västra Götalands läns västra,man,1956,75,64,447,240,2017/18,826,92.25181598062953
072019517020,Amir Adan,M,Stockholms kommun,man,1985,82,82,420,242,2017/18,826,90.07263922518159
0720249554818,Börje Vestlund,S,Stockholms kommun,man,1960,0,2,0,0,2017/18,2,0.0
0721509806321,Nooshi Dadgostar,V,Stockholms län,kvinna,1985,119,5,546,156,2017/18,826,99.39467312348668
0721657655513,Finn Bengtsson,M,Östergötlands län,man,1956,78,110,414,224,2017/18,826,86.68280871670702
072821648404,Helena Bonnier,M,Stockholms kommun,kvinna,1939,11,22,146,64,2017/18,243,90.94650205761316
0729710260118,Helena Bouveng,M,Jönköpings län,kvinna,1962,61,168,389,208,2017/18,826,79.66101694915254
0731442709013,Christer Nylander,L,Skåne läns norra och östra,man,1968,89,59,477,201,2017/18,826,92.85714285714286
0732677378827,Marta Obminska,M,Uppsala län,kvinna,1979,73,140,395,218,2017/18,826,83.05084745762711
07351347121,Anders Schröder,MP,Gävleborgs län,man,1990,1,147,642,36,2017/18,826,82.20338983050848
0737073162411,Emma Carlsson Löfdahl,L,Jönköpings län,kvinna,1970,66,229,375,156,2017/18,826,72.27602905569007
0744139167426,Rasmus Ling,MP,Malmö kommun,man,1984,2,73,710,41,2017/18,826,91.16222760290556
0744993950910,Anders Ygeman,S,Stockholms kommun,man,1970,0,92,700,34,2017/18,826,88.86198547215496
0747488001814,Hamza Demir,V,Västra Götalands läns västra,man,1956,117,1,539,153,2017/18,810,99.87654320987654
0750518623913,Lotta Finstorp,M,Södermanlands län,kvinna,1958,66,109,420,231,2017/18,826,86.80387409200969
0750727320521,Jonas Gunnarsson,S,Värmlands län,man,1980,2,118,544,23,2017/18,687,82.82387190684133
0752691002718,Pyry Niemi,S,Uppsala län,man,1965,1,212,579,34,2017/18,826,74.33414043583535
075747847023,Gustaf Lantz,S,Uppsala län,man,1981,0,0,121,13,2017/18,134,100.0
0758652610,Maria Arnholm,L,Stockholms län,kvinna,1958,70,150,433,173,2017/18,826,81.84019370460048
0759167494321,Petra Ekerum,S,Västra Götalands läns västra,kvinna,1980,2,100,687,37,2017/18,826,87.89346246973365
0760500234712,Monica Haider,S,Kronobergs län,kvinna,1963,1,214,578,33,2017/18,826,74.09200968523002
0766496753128,Fredrik Malm,L,Stockholms kommun,man,1977,71,162,412,181,2017/18,826,80.38740920096852
0767167947420,Erik Slottner,KD,Stockholms kommun,man,1980,57,177,293,128,2017/18,655,72.97709923664122
0771287795114,Marie-Louise Rönnmark,S,Västerbottens län,kvinna,1954,1,112,674,37,2017/18,824,86.40776699029126
0772402807013,Sven-Olof Sällström,SD,Dalarnas län,man,1968,117,0,415,294,2017/18,826,100.0
0773497241728,Roger Hedlund,SD,Stockholms län,man,1979,116,3,411,296,2017/18,826,99.63680387409201
0778725756419,Lisbeth Sundén Andersson,M,Göteborgs kommun,kvinna,1950,76,91,420,239,2017/18,826,88.98305084745762
0779781772919,Kristina Nilsson,S,Västernorrlands län,kvinna,1965,1,32,754,39,2017/18,826,96.12590799031477
0781520322912,Jörgen Hellman,S,Västra Götalands läns norra,man,1963,1,47,739,39,2017/18,826,94.30992736077482
0781623040415,Camilla Waltersson Grönvall,M,Västra Götalands läns norra,kvinna,1969,61,272,313,180,2017/18,826,67.07021791767555
0787533297400,Björn von Sydow,S,Stockholms län,man,1945,2,148,644,32,2017/18,826,82.08232445520581
0787535945527,Jennie Åfeldt,SD,Malmö kommun,kvinna,1974,112,44,395,275,2017/18,826,94.67312348668281
0788526088220,Emma Henriksson,KD,Stockholms län,kvinna,1977,90,54,483,199,2017/18,826,93.46246973365618
0791649913415,Stefan Nilsson,-,Stockholms kommun,man,1959,0,7,131,11,2017/18,149,95.30201342281879
0791649913415,Stefan Nilsson,MP,Stockholms kommun,man,1959,1,110,537,29,2017/18,677,83.75184638109306
0791786201912,Maria Plass,M,Västra Götalands läns västra,kvinna,1953,72,83,437,234,2017/18,826,89.95157384987893
0792733370419,Magnus Oscarsson,KD,Östergötlands län,man,1970,92,127,420,187,2017/18,826,84.62469733656175
0797352642914,Mikael Peterson,S,Västmanlands län,man,1966,1,1,197,4,2017/18,203,99.50738916256158
0801311569314,Gunilla Svantorp,S,Värmlands län,kvinna,1964,1,114,673,38,2017/18,826,86.19854721549636
0802546764724,Åsa Westlund,S,Stockholms län,kvinna,1976,0,150,644,32,2017/18,826,81.84019370460048
0802826314426,Sofia Arkelsten,M,Stockholms kommun,kvinna,1976,67,69,451,239,2017/18,826,91.64648910411623
0803753212716,Richard Jomshof,SD,Blekinge län,man,1969,84,241,282,219,2017/18,826,70.8232445520581
0810201628512,Ann-Charlotte Hammar Johnsson,M,Skåne läns västra,kvinna,1966,72,151,397,206,2017/18,826,81.71912832929782
0819601620927,Annika Hirvonen Falk,MP,Stockholms län,kvinna,1989,1,56,318,13,2017/18,388,85.56701030927836
0825441263617,Birger Lahti,V,Norrbottens län,man,1964,106,94,482,144,2017/18,826,88.61985472154964
0828198456420,Lise Nordin,MP,Göteborgs kommun,kvinna,1982,1,15,771,39,2017/18,826,98.18401937046005
0828721176319,Sten Bergheden,M,Västra Götalands läns östra,man,1965,77,51,450,248,2017/18,826,93.82566585956417
0831039938224,Adam Marttinen,SD,Stockholms kommun,man,1983,94,130,351,251,2017/18,826,84.26150121065376
0831636664429,Mattias Karlsson,SD,Värmlands län,man,1977,94,192,318,222,2017/18,826,76.75544794188862
0832311880029,Erik Ottoson,M,Stockholms län,man,1989,83,34,457,252,2017/18,826,95.88377723970945
0836001490919,Ulrika Carlsson,C,Västra Götalands läns östra,kvinna,1965,95,121,411,199,2017/18,826,85.35108958837773
0843345349823,Anders Hansson,M,Skåne läns södra,man,1976,80,53,450,243,2017/18,826,93.58353510895884
084624777218,Helena Lindahl,C,Västerbottens län,kvinna,1972,95,79,448,204,2017/18,826,90.4358353510896
0849219210615,Jabar Amin,MP,Västerbottens län,man,1959,1,94,693,38,2017/18,826,88.61985472154964
0853395328224,Lena Hallengren,S,Kalmar län,kvinna,1973,0,65,216,15,2017/18,296,78.04054054054053
085742305813,Patrik Engström,S,Dalarnas län,man,1968,1,54,732,39,2017/18,826,93.46246973365618
0859721748313,Jörgen Andersson,M,Kalmar län,man,1966,65,169,376,216,2017/18,826,79.53995157384988
0859968278117,Carina Ohlsson,S,Västra Götalands läns östra,kvinna,1957,1,80,707,38,2017/18,826,90.31476997578693
0860364634014,Mattias Ottosson,S,Östergötlands län,man,1971,1,29,759,37,2017/18,826,96.48910411622276
0860429409414,Désirée Pethrus,KD,Stockholms kommun,kvinna,1959,28,5,97,41,2017/18,171,97.07602339181287
0860699089813,Jeannette Escanilla,V,Uppsala län,kvinna,1961,18,2,68,14,2017/18,102,98.0392156862745
0861447317415,Thomas Finnborg,M,Skåne läns västra,man,1954,59,186,372,209,2017/18,826,77.4818401937046
0861521539920,Aron Emilsson,SD,Skåne läns västra,man,1990,110,115,347,254,2017/18,826,86.0774818401937
0862868280923,Annie Lööf,C,Jönköpings län,kvinna,1983,61,384,260,121,2017/18,826,53.510895883777245
0871764071911,Nina Kain,SD,Västra Götalands läns södra,kvinna,1973,0,822,1,3,2017/18,826,0.4842615012106588
0875221317013,Gunilla Carlsson,S,Göteborgs kommun,kvinna,1966,1,147,647,31,2017/18,826,82.20338983050848
0877778793323,Johan Büser,S,Göteborgs kommun,man,1983,1,195,600,30,2017/18,826,76.39225181598063
0878075468027,Hillevi Larsson,S,Malmö kommun,kvinna,1974,1,122,667,36,2017/18,826,85.23002421307507
0879014196003,Jonas Åkerlund,SD,Västmanlands län,man,1949,24,572,124,106,2017/18,826,30.750605326876514
0879782396219,Olle Thorell,S,Västmanlands län,man,1967,0,130,663,33,2017/18,826,84.26150121065376
0880137451720,Emma Nohrén,MP,Västra Götalands läns västra,kvinna,1980,5,80,702,39,2017/18,826,90.31476997578693
088028607414,Lena Asplund,M,Västernorrlands län,kvinna,1956,82,40,456,248,2017/18,826,95.15738498789347
0884738092723,Kristina Yngwe,C,Skåne läns södra,kvinna,1983,98,53,462,213,2017/18,826,93.58353510895884
0889860537413,Krister Hammarbergh,M,Norrbottens län,man,1963,69,121,409,227,2017/18,826,85.35108958837773
089246126523,Elin Lundgren,S,Gävleborgs län,kvinna,1978,0,82,709,35,2017/18,826,90.07263922518159
0893004490313,Cecilia Widegren,M,Västra Götalands läns östra,kvinna,1973,68,128,404,226,2017/18,826,84.50363196125907
089413816205,Leif Hård,S,Södermanlands län,man,1944,0,5,195,8,2017/18,208,97.59615384615384
0899112324519,Elisabeth Svantesson,M,Örebro län,kvinna,1967,52,404,247,123,2017/18,826,51.08958837772397
0903307301618,Peter Persson,S,Jönköpings län,man,1955,2,127,662,35,2017/18,826,84.62469733656175
0905312407726,Cassandra Sundin,SD,Östergötlands län,kvinna,1991,95,131,354,246,2017/18,826,84.14043583535108
0905637653912,Kerstin Nilsson,S,Skåne läns södra,kvinna,1956,0,159,635,32,2017/18,826,80.75060532687651
0909948830718,Ann-Christin Ahlberg,S,Västra Götalands läns södra,kvinna,1957,1,99,691,35,2017/18,826,88.01452784503631
0910241260018,Kent Härstedt,S,Skåne läns västra,man,1965,0,74,714,38,2017/18,826,91.0411622276029
0911067396229,Mattias Vepsä,S,Stockholms kommun,man,1980,0,39,746,39,2017/18,824,95.26699029126213
0911916463828,Fredrik Lundh Sammeli,S,Norrbottens län,man,1977,1,232,564,29,2017/18,826,71.91283292978208
0914002106327,Sofia Fölster,M,Stockholms län,kvinna,1991,82,24,463,257,2017/18,826,97.09443099273608
0916608741910,Suzanne Svensson,S,Blekinge län,kvinna,1958,1,121,672,32,2017/18,826,85.35108958837773
0923797859612,Eva-Lena Gustavsson,S,Värmlands län,kvinna,1956,2,40,539,26,2017/18,607,93.41021416803954
0925451929216,Penilla Gunther,KD,Västra Götalands läns norra,kvinna,1964,88,227,358,153,2017/18,826,72.5181598062954
0925652297119,Per Ramhorn,SD,Kronobergs län,man,1967,111,52,384,279,2017/18,826,93.7046004842615
0930305890123,Sara-Lena Bjälkö,SD,Örebro län,kvinna,1976,106,112,358,250,2017/18,826,86.4406779661017
0932000030511,Maria Stockhaus,M,Stockholms län,kvinna,1963,57,191,375,203,2017/18,826,76.87651331719128
0934639939611,Ola Johansson,C,Hallands län,man,1960,84,142,419,181,2017/18,826,82.80871670702179
0940980416614,Jan Ericson,M,Västra Götalands läns södra,man,1961,80,61,440,245,2017/18,826,92.61501210653753
0954072997110,Carl Schlyter,MP,Stockholms län,man,1968,2,24,749,51,2017/18,826,97.09443099273608
0955748436811,Robert Stenkvist,SD,Västra Götalands läns östra,man,1958,113,5,414,294,2017/18,826,99.39467312348668
0956595590924,Tobias Billström,M,Malmö kommun,man,1973,63,145,394,224,2017/18,826,82.44552058111381
0958776965517,Lennart Axelsson,S,Örebro län,man,1952,1,85,703,37,2017/18,826,89.70944309927361
0962410717322,Sultan Kayhan,S,Stockholms kommun,kvinna,1988,0,33,755,38,2017/18,826,96.00484261501211
0962841101917,Annika Qarlsson,C,Västra Götalands läns norra,kvinna,1964,61,281,343,141,2017/18,826,65.98062953995158
0964730940415,Johan Andersson,S,Östergötlands län,man,1961,1,33,754,38,2017/18,826,96.00484261501211
0970259744617,Margareta Cederfelt,M,Stockholms kommun,kvinna,1959,71,179,365,211,2017/18,826,78.32929782082324
0970427364222,Anna Wallén,S,Västmanlands län,kvinna,1980,1,0,270,12,2017/18,283,100.0
0973782197017,Mikael Oscarsson,KD,Uppsala län,man,1967,86,96,455,189,2017/18,826,88.37772397094432
0974061238314,Paula Holmqvist,S,Västra Götalands läns norra,kvinna,1964,1,123,666,36,2017/18,826,85.10895883777239
0975579292417,Monica Green,S,Västra Götalands läns östra,kvinna,1959,3,178,612,33,2017/18,826,78.4503631961259
0980316377627,Lars Hjälmered,M,Göteborgs kommun,man,1977,74,86,426,240,2017/18,826,89.58837772397095
0980681611418,Hans Wallmark,M,Skåne läns norra och östra,man,1965,72,100,421,233,2017/18,826,87.89346246973365
0982795248728,Jakob Forssmed,KD,Stockholms län,man,1974,68,236,366,156,2017/18,826,71.42857142857143
0983984918111,Matilda Ernkrans,S,Örebro län,kvinna,1973,1,107,680,38,2017/18,826,87.046004842615
0988383147219,Lars Eriksson,S,Västmanlands län,man,1970,0,0,289,20,2017/18,309,100.0
0992420223820,Jessica Rosencrantz,M,Stockholms kommun,kvinna,1987,86,18,464,258,2017/18,826,97.82082324455206
0992473266516,Larry Söder,KD,Hallands län,man,1969,93,40,486,207,2017/18,826,95.15738498789347
0995355603410,Wiwi-Anne Johansson,V,Västra Götalands läns västra,kvinna,1950,0,12,4,0,2017/18,16,25.0
0996640018922,Yasmine Larsson,S,Skåne läns västra,kvinna,1988,6,66,718,36,2017/18,826,92.00968523002422
010343930918,Cecilie Tenfjord Toftby,M,Västra Götalands läns södra,kvinna,1970,88,25,369,189,2018/19,671,96.274217585693
0103624617217,Helén Pettersson,S,Västerbottens län,kvinna,1972,6,40,591,34,2018/19,671,94.0387481371088
0105632258713,Boriana Åberg,M,Skåne läns södra,kvinna,1968,59,180,290,142,2018/19,671,73.17436661698957
010643534813,Eric Westroth,SD,Hallands län,man,1971,127,10,314,220,2018/19,671,98.50968703427719
0108109641223,Carl-Oskar Bohlin,M,Dalarnas län,man,1986,77,101,331,162,2018/19,671,84.9478390461997
0111479807829,Anna Wallentheim,S,Skåne läns norra och östra,kvinna,1985,2,86,549,34,2018/19,671,87.1833084947839
0116759114313,Bengt Eliasson,L,Hallands län,man,1961,75,163,351,82,2018/19,671,75.70789865871834
0117203219614,Jörgen Warborn,M,Hallands län,man,1969,39,309,222,101,2018/19,671,53.94932935916543
0121939297619,Jamal El-Haj,S,Malmö kommun,man,1960,1,59,578,33,2018/19,671,91.20715350223547
0122987223112,Lotta Johnsson Fornarve,V,Södermanlands län,kvinna,1956,72,18,467,114,2018/19,671,97.31743666169895
012576033427,Hannah Bergstedt,S,Norrbottens län,kvinna,1977,3,154,401,26,2018/19,584,73.63013698630137
0126797549328,Johan Forssell,M,Stockholms kommun,man,1979,79,55,361,176,2018/19,671,91.80327868852459
0128805841317,Katarina Brännström,M,Kronobergs län,kvinna,1950,89,0,389,193,2018/19,671,100.0
0130640724922,Clara Aranda,SD,Skåne läns södra,kvinna,1988,128,0,319,224,2018/19,671,100.0
0130789484021,Mattias Bäckström Johansson,SD,Kalmar län,man,1985,128,0,319,224,2018/19,671,100.0
0132818093422,Rickard Nordin,C,Göteborgs kommun,man,1983,78,24,463,106,2018/19,671,96.42324888226528
0134101155612,Rikard Larsson,S,Skåne läns södra,man,1966,5,102,534,30,2018/19,671,84.79880774962743
0136801772915,Maria Strömkvist,S,Dalarnas län,kvinna,1964,5,0,630,36,2018/19,671,100.0
0138741628520,Angelika Bengtsson,SD,Blekinge län,kvinna,1990,123,18,311,219,2018/19,671,97.31743666169895
014386615025,Ali Esbati,V,Stockholms kommun,man,1976,69,68,430,104,2018/19,671,89.86587183308494
0144048894712,Ellen Juntti,M,Västra Götalands läns västra,kvinna,1958,42,53,182,102,2018/19,379,86.01583113456465
0145294944502,Roger Richtoff,SD,Södermanlands län,man,1948,124,2,321,224,2018/19,671,99.70193740685544
0148424181819,Ann-Christine From Utterstedt,SD,Västmanlands län,kvinna,1972,128,1,316,226,2018/19,671,99.85096870342772
0150027900515,Anders Lönnberg,S,Stockholms län,man,1954,1,17,55,4,2018/19,77,77.92207792207793
0150118366721,Linda Westerlund Snecker,V,Östergötlands län,kvinna,1983,76,65,425,105,2018/19,671,90.31296572280179
0155487380917,Kerstin Lundgren,C,Stockholms län,kvinna,1955,83,3,470,115,2018/19,671,99.55290611028316
0157062733618,Jonas Eriksson,MP,Örebro län,man,1967,5,68,567,31,2018/19,671,89.86587183308494
0161597857912,Tuve Skånberg,KD,Skåne läns norra och östra,man,1956,109,0,402,160,2018/19,671,100.0
0161616238120,Lina Nordquist,L,Uppsala län,kvinna,1977,84,35,447,105,2018/19,671,94.7839046199702
0166790812128,Hanif Bali,M,Stockholms län,man,1987,87,23,374,187,2018/19,671,96.57228017883756
0170585430421,Jimmy Ståhl,SD,Västra Götalands läns norra,man,1975,127,0,319,225,2018/19,671,100.0
0170630324419,Per Schöldberg,C,Kronobergs län,man,1962,68,0,342,88,2018/19,498,100.0
0182800488922,Paula Bieler,SD,Uppsala län,kvinna,1988,126,0,320,225,2018/19,671,100.0
0183544538819,Patrik Jönsson,SD,Västra Götalands läns södra,man,1972,128,0,318,225,2018/19,671,100.0
0184153884114,Jari Puustinen,M,Södermanlands län,man,1969,0,18,0,0,2018/19,18,0.0
0194021108712,Mikael Strandman,SD,Stockholms län,man,1966,126,0,320,225,2018/19,671,100.0
019430605328,Josefin Malmqvist,M,Stockholms län,kvinna,1987,84,30,369,188,2018/19,671,95.52906110283159
0194498232620,Roza Güclü Hedin,S,Dalarnas län,kvinna,1982,4,159,484,24,2018/19,671,76.30402384500745
0196077326617,Solveig Zander,C,Uppsala län,kvinna,1955,79,79,412,101,2018/19,671,88.22652757078987
0198917587520,Maj Karlsson,V,Göteborgs kommun,kvinna,1980,79,10,466,116,2018/19,671,98.50968703427719
0199751900210,Annelie Karlsson,S,Skåne läns norra och östra,kvinna,1965,5,39,593,34,2018/19,671,94.18777943368107
0201207390210,Lars Adaktusson,KD,Dalarnas län,man,1955,92,107,340,132,2018/19,671,84.05365126676602
0202577142527,Matheus Enholm,SD,Västra Götalands läns norra,man,1979,128,6,314,223,2018/19,671,99.10581222056632
0203877548421,Malin Larsson,S,Västernorrlands län,kvinna,1980,5,28,602,36,2018/19,671,95.82712369597616
0204240926023,Markus Wiechel,SD,Östergötlands län,man,1988,111,53,297,210,2018/19,671,92.10134128166915
0204443909416,Johan Hedin,C,Stockholms kommun,man,1969,9,10,52,6,2018/19,77,87.01298701298701
0204494765606,Ann-Britt Åsebol,M,Dalarnas län,kvinna,1947,67,108,335,161,2018/19,671,83.90461997019374
0208558695314,Ingemar Nilsson,S,Västernorrlands län,man,1956,5,46,586,34,2018/19,671,93.1445603576751
0210198640127,Fredrik Schulte,M,Stockholms län,man,1981,92,2,328,172,2018/19,594,99.66329966329967
0211757295524,Josef Fransson,SD,Västra Götalands läns östra,man,1978,115,52,295,209,2018/19,671,92.25037257824144
0216534495014,Jens Holm,V,Stockholms kommun,man,1971,79,83,402,107,2018/19,671,87.63040238450075
0222691314314,Ulf Kristersson,M,Stockholms kommun,man,1963,33,433,134,71,2018/19,671,35.46944858420268
0223069839622,Robert Hannah,L,Göteborgs kommun,man,1985,32,3,197,33,2018/19,265,98.86792452830188
0224712677012,Johan Pehrson,L,Örebro län,man,1968,65,209,325,72,2018/19,671,68.85245901639344
0226631365426,Mikael Larsson,C,Västra Götalands läns södra,man,1989,80,39,441,111,2018/19,671,94.18777943368107
0227531635413,Lars Püss,M,Hallands län,man,1966,89,0,387,195,2018/19,671,100.0
0227802801605,Thomas Hammarberg,S,Stockholms kommun,man,1942,5,212,431,23,2018/19,671,68.40536512667661
0228027853620,Vasiliki Tsouplaki,V,Västmanlands län,kvinna,1980,71,41,450,109,2018/19,671,93.88971684053651
022805994927,Sofia Westergren,M,Västra Götalands läns västra,kvinna,1974,76,75,347,173,2018/19,671,88.82265275707898
0228167770927,Maria Nilsson,L,Göteborgs kommun,kvinna,1979,81,44,445,101,2018/19,671,93.44262295081968
0229350341619,Ilona Szatmari Waldau,V,Uppsala län,kvinna,1962,82,18,455,116,2018/19,671,97.31743666169895
0229760896014,Anders W Jonsson,C,Gävleborgs län,man,1961,78,49,437,107,2018/19,671,92.69746646795826
0237055280513,Roland Utbult,KD,Västra Götalands läns västra,man,1951,109,0,403,159,2018/19,671,100.0
023767922422,Mats Persson,L,Skåne läns södra,man,1980,72,85,419,95,2018/19,671,87.33233979135619
0238095659621,Linda Ylivainio,C,Norrbottens län,kvinna,1975,82,0,474,115,2018/19,671,100.0
0238588409223,Gustav Fridolin,MP,Stockholms län,man,1983,1,230,343,20,2018/19,594,61.27946127946128
0246927519019,Karin Rågsjö,V,Stockholms kommun,kvinna,1955,73,58,432,108,2018/19,671,91.35618479880775
025158809026,Ida Gabrielsson,V,Stockholms län,kvinna,1981,59,139,378,95,2018/19,671,79.28464977645305
0252067342313,Åsa Lindestam,S,Gävleborgs län,kvinna,1956,3,107,532,29,2018/19,671,84.05365126676602
0254021157518,Lars Andersson,SD,Skåne läns södra,man,1964,126,17,312,216,2018/19,671,97.46646795827124
0254695027922,Momodou Malcolm Jallow,V,Malmö kommun,man,1975,74,68,422,107,2018/19,671,89.86587183308494
0256716955026,Serkan Köse,S,Stockholms län,man,1976,4,52,583,32,2018/19,671,92.25037257824144
0257612529618,Kenneth G Forslund,S,Västra Götalands läns västra,man,1967,8,9,621,33,2018/19,671,98.65871833084948
025877594729,John Widegren,M,Östergötlands län,man,1980,89,0,387,195,2018/19,671,100.0
025931369428,Jonas Andersson,SD,Östergötlands län,man,1989,127,0,319,225,2018/19,671,100.0
025967059622,Magnus Manhammar,S,Blekinge län,man,1980,6,74,557,34,2018/19,671,88.97168405365127
0262017901513,Beatrice Ask,M,Stockholms kommun,kvinna,1956,80,38,366,187,2018/19,671,94.33681073025335
02658325625,Angelica Lundberg,SD,Jönköpings län,kvinna,1981,128,0,319,224,2018/19,671,100.0
0267085997926,Lena Rådström Baastad,S,Örebro län,kvinna,1974,5,140,493,33,2018/19,671,79.13561847988078
0271338654822,Ola Möller,S,Skåne läns västra,man,1983,6,3,626,36,2018/19,671,99.55290611028316
0272006117024,Jon Thorbjörnson,V,Hallands län,man,1976,78,64,421,108,2018/19,671,90.46199701937408
0273506284025,Edward Riedl,M,Västerbottens län,man,1976,79,67,354,171,2018/19,671,90.01490312965723
0274462857213,Petter Löberg,S,Västra Götalands läns södra,man,1968,6,123,511,31,2018/19,671,81.66915052160954
0277648711624,Anders Österberg,S,Stockholms kommun,man,1981,4,128,514,25,2018/19,671,80.92399403874813
0279488554424,Alexander Christiansson,SD,Göteborgs kommun,man,1981,109,58,296,208,2018/19,671,91.35618479880775
0281670919717,Jörgen Grubb,SD,Östergötlands län,man,1962,128,1,318,224,2018/19,671,99.85096870342772
0285527517421,Caroline Nordengrip,SD,Västra Götalands läns södra,kvinna,1980,104,87,283,197,2018/19,671,87.03427719821161
0285631067215,Robert Halef,KD,Stockholms län,man,1964,92,63,371,145,2018/19,671,90.61102831594636
028954589415,Ann-Sofie Alm,M,Västra Götalands läns norra,kvinna,1971,81,76,338,176,2018/19,671,88.6736214605067
02910042914,Carina Ödebrink,S,Jönköpings län,kvinna,1961,4,65,568,34,2018/19,671,90.31296572280179
0294138886823,Martin Kinnunen,SD,Stockholms län,man,1983,116,57,292,206,2018/19,671,91.50521609538002
0296384583518,Åsa Eriksson,S,Västmanlands län,kvinna,1972,3,167,472,29,2018/19,671,75.1117734724292
0304498908019,Gudrun Brunegård,KD,Kalmar län,kvinna,1957,64,54,214,88,2018/19,420,87.14285714285714
0306286538528,Sofia Damm,KD,Skåne läns södra,kvinna,1977,92,74,365,140,2018/19,671,88.97168405365127
0308306375022,Roger Haddad,L,Västmanlands län,man,1978,88,0,474,109,2018/19,671,100.0
0309480686522,Leila Ali-Elmi,MP,Göteborgs kommun,kvinna,1988,2,203,444,22,2018/19,671,69.74664679582712
0313210809828,Emil Källström,C,Västernorrlands län,man,1987,69,88,412,102,2018/19,671,86.88524590163934
0313390540217,Ingela Nylund Watz,S,Stockholms län,kvinna,1962,3,111,528,29,2018/19,671,83.4575260804769
0315499690028,Teresa Carvalho,S,Östergötlands län,kvinna,1984,5,0,67,5,2018/19,77,100.0
0316505710324,Janine Alm Ericson,MP,Västra Götalands läns västra,kvinna,1973,2,98,536,35,2018/19,671,85.39493293591654
0322827326923,Arman Teimouri,L,Värmlands län,man,1980,86,10,466,109,2018/19,671,98.50968703427719
0325462829512,Christina Östberg,SD,Skåne läns norra och östra,kvinna,1968,127,2,318,224,2018/19,671,99.70193740685544
0331791853028,Yasmine Eriksson,SD,Stockholms kommun,kvinna,1989,127,1,318,225,2018/19,671,99.85096870342772
0333193598116,Bo Broman,SD,Stockholms län,man,1969,126,0,320,225,2018/19,671,100.0
0334816698724,Karolina Skog,MP,Stockholms län,kvinna,1976,2,228,345,19,2018/19,594,61.61616161616161
0338088431726,Sara Seppälä,SD,Malmö kommun,kvinna,1981,109,102,268,192,2018/19,671,84.79880774962743
033935884729,Martina Johansson,C,Södermanlands län,kvinna,1975,74,87,408,102,2018/19,671,87.03427719821161
0339894357417,Jennie Nilsson,S,Hallands län,kvinna,1972,4,0,68,5,2018/19,77,100.0
0341628241813,Marianne Pettersson,S,Skåne läns södra,kvinna,1958,4,0,631,36,2018/19,671,100.0
0342890774415,Maria Jacobsson,S,Jämtlands län,kvinna,1961,4,0,14,1,2018/19,19,100.0
0344222203323,Dennis Dioukarev,SD,Göteborgs kommun,man,1993,111,70,286,204,2018/19,671,89.56780923994039
0358278412329,Björn Petersson,S,Kalmar län,man,1982,6,28,603,34,2018/19,671,95.82712369597616
0358514648113,Marléne Lund Kopparklint,M,Värmlands län,kvinna,1973,73,90,332,176,2018/19,671,86.58718330849479
0363228965800,Barbro Westerholm,L,Stockholms län,kvinna,1933,52,227,326,66,2018/19,671,66.16989567809239
0363721826713,Per Lodenius,C,Stockholms län,man,1966,71,71,423,106,2018/19,671,89.41877794336811
0364687971222,Alireza Akhondi,C,Stockholms län,man,1980,81,14,462,114,2018/19,671,97.91356184798808
0365748677411,Mats Nordberg,SD,Dalarnas län,man,1958,126,2,316,227,2018/19,671,99.70193740685544
037561614928,Lawen Redar,S,Stockholms kommun,kvinna,1989,5,61,575,30,2018/19,671,90.9090909090909
0376353897112,Leif Nysmed,S,Stockholms län,man,1970,4,78,557,32,2018/19,671,88.37555886736214
0376395541120,Joakim Sandell,S,Malmö kommun,man,1975,5,13,617,36,2018/19,671,98.06259314456037
0376461485627,Henrik Edin,L,Göteborgs kommun,man,1989,55,0,275,76,2018/19,406,100.0
037781229619,Staffan Eklöf,SD,Hallands län,man,1965,128,0,318,225,2018/19,671,100.0
0378597308227,Camilla Brodin,KD,Stockholms län,kvinna,1979,98,64,364,145,2018/19,671,90.46199701937408
0383111552218,Jonas Sjöstedt,V,Västerbottens län,man,1964,73,137,362,99,2018/19,671,79.58271236959762
0387358739126,Jonas Millard,SD,Örebro län,man,1981,1,36,18,22,2018/19,77,53.24675324675325
0389220391128,Christian Carlsson,KD,Stockholms kommun,man,1987,6,0,53,18,2018/19,77,100.0
0406831930624,Henrik Vinge,SD,Stockholms kommun,man,1988,127,0,319,225,2018/19,671,100.0
0407081382317,Anna-Caren Sätherberg,S,Jämtlands län,kvinna,1964,4,53,584,30,2018/19,671,92.10134128166915
0409540163215,Hans Rothenberg,M,Göteborgs kommun,man,1961,85,20,371,195,2018/19,671,97.0193740685544
0409763768311,Marie Axelsson,S,Stockholms län,kvinna,1970,4,131,511,25,2018/19,671,80.4769001490313
0411459873625,Hanna Gunnarsson,V,Skåne läns södra,kvinna,1983,82,0,471,118,2018/19,671,100.0
0412148992926,Hanna Westerén,S,Gotlands län,kvinna,1981,4,5,626,36,2018/19,671,99.2548435171386
0415959965211,Mia Sydow Mölleby,V,Örebro län,kvinna,1960,82,3,470,116,2018/19,671,99.55290611028316
0418929039326,Patrik Lundqvist,S,Gävleborgs län,man,1984,2,26,608,35,2018/19,671,96.1251862891207
041911485722,Magdalena Schröder,M,Stockholms län,kvinna,1990,89,4,379,195,2018/19,667,99.40029985007496
042413114103,Anne Oskarsson,SD,Kalmar län,kvinna,1946,128,0,319,224,2018/19,671,100.0
0425115010020,Kadir Kasirga,S,Stockholms kommun,man,1975,5,53,583,30,2018/19,671,92.10134128166915
0427321850912,Lars Mejern Larsson,S,Värmlands län,man,1965,5,11,619,36,2018/19,671,98.36065573770492
0430865615328,Linda Lindberg,SD,Skåne läns västra,kvinna,1974,127,0,319,225,2018/19,671,100.0
0435740736429,Hampus Hagman,KD,Göteborgs kommun,man,1987,103,69,351,148,2018/19,671,89.71684053651266
043972220518,Jasenko Omanovic,S,Västernorrlands län,man,1967,5,53,580,33,2018/19,671,92.10134128166915
0442629549320,Adnan Dibrani,S,Hallands län,man,1985,5,185,455,26,2018/19,671,72.42921013412817
0446541913415,Allan Widman,L,Malmö kommun,man,1964,70,157,363,81,2018/19,671,76.602086438152
0452755722723,Björn Söder,SD,Skåne läns norra och östra,man,1976,104,140,243,184,2018/19,671,79.13561847988078
0454698803028,Sofia Nilsson,C,Skåne läns norra och östra,kvinna,1982,80,56,433,102,2018/19,671,91.65424739195231
0455086201022,Johnny Skalin,SD,Västernorrlands län,man,1978,105,115,267,184,2018/19,671,82.86140089418778
0456680171315,Charlotte Quensel,SD,Västra Götalands läns västra,kvinna,1961,129,0,316,226,2018/19,671,100.0
0457722435319,Tomas Kronståhl,S,Kalmar län,man,1967,6,7,622,36,2018/19,671,98.95678092399403
0460690753617,Pia Nilsson,S,Västmanlands län,kvinna,1962,2,73,566,30,2018/19,671,89.12071535022355
0462699892622,Maria Ferm,MP,Stockholms kommun,kvinna,1985,5,9,59,4,2018/19,77,88.31168831168831
0465398691116,Eskil Erlandsson,C,Kronobergs län,man,1957,13,31,106,23,2018/19,173,82.08092485549133
0465804601318,Pia Steensland,KD,Södermanlands län,kvinna,1972,101,21,394,155,2018/19,671,96.87034277198212
0466653728712,Denis Begic,S,Örebro län,man,1970,5,65,567,34,2018/19,671,90.31296572280179
0468765214727,Yasmine Posio,V,Göteborgs kommun,kvinna,1974,80,35,445,111,2018/19,671,94.7839046199702
0468956880528,Mikael Eskilandersson,SD,Skåne läns norra och östra,man,1977,127,0,319,225,2018/19,671,100.0
0472349361027,Kalle Olsson,S,Jämtlands län,man,1984,1,40,579,32,2018/19,652,93.86503067484662
0474290584024,Azadeh Rojhan Gustafsson,S,Stockholms län,kvinna,1986,5,114,520,32,2018/19,671,83.01043219076006
0475643059428,Jonny Cato Hansson,C,Skåne läns västra,man,1994,79,21,457,114,2018/19,671,96.87034277198212
0475778011711,Hans Ekström,S,Södermanlands län,man,1958,5,51,581,34,2018/19,671,92.39940387481371
0480085646428,Erik Andersson,M,Stockholms län,man,1974,0,0,4,0,2018/19,4,100.0
0481460392727,Jessica Wetterling,V,Västra Götalands läns västra,kvinna,1986,80,25,450,116,2018/19,671,96.274217585693
0482689573825,Björn Wiechel,S,Västerbottens län,man,1983,1,32,572,33,2018/19,638,94.98432601880877
0492644357418,Per Söderlund,SD,Örebro län,man,1972,113,46,257,178,2018/19,594,92.25589225589226
049290762318,ClasGöran Carlsson,S,Kronobergs län,man,1962,4,455,200,12,2018/19,671,32.19076005961252
0493288854424,Niklas Wykman,M,Stockholms län,man,1981,89,0,387,195,2018/19,671,100.0
0494054455310,David Lång,SD,Örebro län,man,1972,127,7,316,221,2018/19,671,98.95678092399403
0494242537816,Hans Eklind,KD,Örebro län,man,1966,106,6,399,160,2018/19,671,99.10581222056632
0494843794418,Martin Ådahl,C,Stockholms kommun,man,1969,68,123,387,93,2018/19,671,81.66915052160954
0495218011521,Johanna Jönsson,C,Stockholms kommun,kvinna,1982,74,84,409,104,2018/19,671,87.48137108792847
0495661214429,Lorentz Tovatt,MP,Stockholms kommun,man,1989,6,32,600,33,2018/19,671,95.23099850968704
0497217816024,Markus Selin,S,Stockholms län,man,1978,6,47,583,35,2018/19,671,92.99552906110283
0499755198526,Mattias Jonsson,S,Göteborgs kommun,man,1974,6,137,496,32,2018/19,671,79.58271236959762
0502490570219,Kristina Axén Olin,M,Stockholms kommun,kvinna,1962,76,64,353,178,2018/19,671,90.46199701937408
0502688311316,Anna Vikström,S,Stockholms län,kvinna,1957,3,81,558,29,2018/19,671,87.9284649776453
0503029811325,David Josefsson,M,Göteborgs kommun,man,1983,88,0,388,195,2018/19,671,100.0
0505783078517,Helene Hellmark Knutsson,S,Stockholms län,kvinna,1969,1,1,561,31,2018/19,594,99.83164983164983
0506482805418,Isak From,S,Västerbottens län,man,1967,5,40,593,33,2018/19,671,94.0387481371088
0506541436524,Sanne Lennström,S,Uppsala län,kvinna,1988,6,57,575,33,2018/19,671,91.50521609538002
0509415296421,Kjell-Arne Ottosson,KD,Värmlands län,man,1975,105,22,387,157,2018/19,671,96.72131147540983
0509830681123,Ida Karkiainen,S,Norrbottens län,kvinna,1988,5,21,610,35,2018/19,671,96.87034277198212
0511863596121,Erica Nådin,S,Östergötlands län,kvinna,1995,2,28,533,31,2018/19,594,95.28619528619528
051207517226,Jimmie Åkesson,SD,Jönköpings län,man,1979,54,390,132,95,2018/19,671,41.87779433681072
0512510717328,Ebba Busch Thor,KD,Västra Götalands läns östra,kvinna,1987,73,243,255,100,2018/19,671,63.785394932935915
0513020576128,Erik Bengtzboe,M,Södermanlands län,man,1987,36,99,202,94,2018/19,431,77.03016241299304
0516528386117,Patrik Björck,S,Västra Götalands läns östra,man,1957,5,95,538,33,2018/19,671,85.84202682563338
051870309210,Anna Sibinska,MP,Göteborgs kommun,kvinna,1963,4,89,543,35,2018/19,671,86.73621460506706
0519542449425,Fredrik Christensson,C,Västra Götalands läns norra,man,1991,81,31,452,107,2018/19,671,95.38002980625932
0519740099915,Saila Quicklund,M,Jämtlands län,kvinna,1961,88,0,388,195,2018/19,671,100.0
0521844714515,Christina Höj Larsen,V,Västernorrlands län,kvinna,1971,81,35,441,114,2018/19,671,94.7839046199702
0522054204918,Mattias Karlsson,M,Norrbottens län,man,1972,76,63,351,181,2018/19,671,90.61102831594636
0522240580423,Arin Karapet,M,Stockholms kommun,man,1988,76,74,352,169,2018/19,671,88.97168405365127
0523902030928,Aylin Fazelian,S,Västra Götalands läns västra,kvinna,1992,5,65,568,33,2018/19,671,90.31296572280179
0526748040023,Ludvig Aspling,SD,Stockholms län,man,1983,99,14,273,193,2018/19,579,97.58203799654576
0529103571012,Jan R Andersson,M,Kalmar län,man,1970,65,172,297,137,2018/19,671,74.36661698956782
0534870997412,Åsa Hartzell,M,Göteborgs kommun,kvinna,1963,70,0,239,129,2018/19,438,100.0
0537400268911,Caroline Helmersson Olsson,S,Södermanlands län,kvinna,1963,2,32,601,36,2018/19,671,95.23099850968704
0538387395826,Mats Green,M,Jönköpings län,man,1979,85,16,379,191,2018/19,671,97.61549925484351
0538494048717,Jonas Andersson,SD,Västerbottens län,man,1972,126,2,318,225,2018/19,671,99.70193740685544
0540190357911,Hans Hoff,S,Hallands län,man,1963,5,28,602,36,2018/19,671,95.82712369597616
0542160909628,Andreas Carlson,KD,Jönköpings län,man,1987,106,8,398,159,2018/19,671,98.80774962742176
0545353563812,Amineh Kakabaveh,V,Stockholms län,kvinna,1970,82,1,469,119,2018/19,671,99.85096870342772
0545733815610,Patrick Reslow,SD,Värmlands län,man,1970,120,49,295,207,2018/19,671,92.69746646795826
0546731406922,Rebecka Le Moine,MP,Östergötlands län,kvinna,1990,6,0,629,36,2018/19,671,100.0
0547805254924,Jessica Thunander,V,Västra Götalands läns östra,kvinna,1973,82,0,471,118,2018/19,671,100.0
0547818628111,Betty Malmberg,M,Östergötlands län,kvinna,1958,88,10,382,191,2018/19,671,98.50968703427719
055257333723,Oscar Sjöstedt,SD,Västmanlands län,man,1981,123,25,307,216,2018/19,671,96.274217585693
0554852839719,Mikael Dahlqvist,S,Värmlands län,man,1967,4,10,621,36,2018/19,671,98.50968703427719
0557180142229,Fredrik Lindahl,SD,Stockholms län,man,1987,127,0,319,225,2018/19,671,100.0
055824190225,Ebba Hermansson,SD,Skåne läns västra,kvinna,1996,111,71,283,206,2018/19,671,89.41877794336811
0559925283228,Teres Lindberg,S,Stockholms kommun,kvinna,1974,6,101,538,26,2018/19,671,84.9478390461997
0563922839001,Katarina Olofsson,SD,Stockholms län,kvinna,1943,22,0,41,29,2018/19,92,100.0
0564126739422,Åsa Coenraads,M,Västmanlands län,kvinna,1978,85,26,374,186,2018/19,671,96.1251862891207
0572788110724,Maria Malmer Stenergard,M,Skåne läns norra och östra,kvinna,1981,84,24,375,188,2018/19,671,96.42324888226528
057993099726,Magnus Ek,C,Östergötlands län,man,1994,62,118,397,94,2018/19,671,82.41430700447094
0582811195313,Tina Acketoft,L,Skåne läns västra,kvinna,1966,76,52,441,102,2018/19,671,92.25037257824144
0587736055221,Niels Paarup-Petersen,C,Malmö kommun,man,1978,80,10,466,115,2018/19,671,98.50968703427719
0588282566419,Lars Beckman,M,Gävleborgs län,man,1967,86,85,328,172,2018/19,671,87.33233979135619
0590042760718,Annicka Engblom,M,Blekinge län,kvinna,1967,69,95,340,167,2018/19,671,85.84202682563338
0594680769027,Daniel Andersson,S,Örebro län,man,1986,0,117,455,22,2018/19,594,80.3030303030303
0598792324417,Ulrika Jörgensen,M,Hallands län,kvinna,1967,89,0,387,195,2018/19,671,100.0
0603490586517,Jan Björklund,L,Stockholms län,man,1962,38,348,229,56,2018/19,671,48.1371087928465
0603753860213,Carina Ståhl Herrstedt,SD,Skåne läns västra,kvinna,1971,129,4,314,224,2018/19,671,99.40387481371089
0604459858621,Emilia Töyrä,S,Norrbottens län,kvinna,1985,4,14,65,4,2018/19,87,83.9080459770115
0604811710522,Ida Drougge,M,Stockholms län,kvinna,1990,0,0,60,17,2018/19,77,100.0
0606863154419,Mats Berglund,MP,Stockholms kommun,man,1970,1,0,562,31,2018/19,594,100.0
0607691439013,Karin Enström,M,Stockholms län,kvinna,1966,84,41,365,181,2018/19,671,93.88971684053651
0612916684825,Johan Löfstrand,S,Östergötlands län,man,1976,5,151,484,31,2018/19,671,77.4962742175857
0613297818326,Mathias Tegnér,S,Stockholms län,man,1979,4,33,600,34,2018/19,671,95.08196721311475
0616721755222,Louise Meijer,M,Skåne läns södra,kvinna,1990,85,39,364,183,2018/19,671,94.18777943368107
0619928872229,Laila Naraghi,S,Kalmar län,kvinna,1982,1,62,196,9,2018/19,268,76.86567164179104
062367962120,Åsa Lindhagen,MP,Stockholms kommun,kvinna,1980,5,1,65,6,2018/19,77,98.7012987012987
0624040854527,Emma Berginger,MP,Skåne läns södra,kvinna,1986,5,49,581,36,2018/19,671,92.69746646795826
0624994476012,Nermina Mizimovic,S,Kalmar län,kvinna,1973,1,1,384,17,2018/19,403,99.75186104218362
0628005785225,Jörgen Berglund,M,Västernorrlands län,man,1974,89,0,387,195,2018/19,671,100.0
0628190530410,Ulla Andersson,V,Gävleborgs län,kvinna,1963,65,99,403,104,2018/19,671,85.24590163934427
0628870165823,Emma Hult,MP,Jönköpings län,kvinna,1988,2,192,452,25,2018/19,671,71.3859910581222
0630820052511,Per-Arne Håkansson,S,Skåne läns norra och östra,man,1963,2,1,632,36,2018/19,671,99.85096870342772
0630824497414,Jessica Polfjärd,M,Västmanlands län,kvinna,1971,32,365,190,84,2018/19,671,45.603576751117735
0638497389621,Julia Kronlid,SD,Stockholms län,kvinna,1980,119,34,300,218,2018/19,671,94.93293591654248
0640627133410,Elisabeth Falkhaven,MP,Hallands län,kvinna,1955,4,0,631,36,2018/19,671,100.0
0641953830512,Magnus Persson,SD,Dalarnas län,man,1970,122,21,310,218,2018/19,671,96.87034277198212
0642224351118,Pål Jonson,M,Värmlands län,man,1972,80,44,369,178,2018/19,671,93.44262295081968
0645111757928,Elin Gustafsson,S,Skåne läns södra,kvinna,1989,5,18,613,35,2018/19,671,97.31743666169895
064711971110,Maria Gardfjell,MP,Uppsala län,kvinna,1965,6,53,578,34,2018/19,671,92.10134128166915
0648224557612,Åsa Karlsson,S,Västerbottens län,kvinna,1973,5,41,591,34,2018/19,671,93.88971684053651
065105536026,Niklas Karlsson,S,Skåne läns västra,man,1974,2,33,601,35,2018/19,671,95.08196721311475
0652497579621,Johanna Haraldsson,S,Jönköpings län,kvinna,1980,4,66,573,28,2018/19,671,90.1639344262295
0653904370212,Fredrik Olovsson,S,Södermanlands län,man,1973,2,58,579,32,2018/19,671,91.35618479880775
0655028250417,Lena Emilsson,S,Skåne läns västra,kvinna,1957,2,7,515,26,2018/19,550,98.72727272727273
065701062615,Runar Filper,SD,Värmlands län,man,1964,117,67,281,206,2018/19,671,90.01490312965723
0665360289423,Fredrik Stenberg,S,Västerbottens län,man,1988,4,0,27,2,2018/19,33,100.0
0665485817222,Daniel Bäckström,C,Värmlands län,man,1975,84,13,461,113,2018/19,671,98.06259314456037
0667220767927,Erik Ezelius,S,Västra Götalands läns östra,man,1986,2,49,585,35,2018/19,671,92.69746646795826
066769783310,Lotta Olsson,M,Örebro län,kvinna,1960,76,61,360,174,2018/19,671,90.9090909090909
0671241874717,Elisabeth Björnsdotter Rahm,M,Västerbottens län,kvinna,1964,88,7,383,193,2018/19,671,98.95678092399403
0677738818613,Anders Åkesson,C,Kalmar län,man,1958,69,97,406,99,2018/19,671,85.54396423248882
0679228585116,Per Åsling,C,Jämtlands län,man,1957,71,116,390,94,2018/19,671,82.71236959761549
0681030112815,Peter Helander,C,Dalarnas län,man,1961,82,25,452,112,2018/19,671,96.274217585693
0682989845822,Håkan Svenneling,V,Värmlands län,man,1985,55,194,344,78,2018/19,671,71.08792846497765
0685749336810,Dag Larsson,S,Stockholms kommun,man,1960,5,92,544,30,2018/19,671,86.28912071535022
0691264514114,Anna Johansson,S,Göteborgs kommun,kvinna,1971,5,111,522,33,2018/19,671,83.4575260804769
069309987221,Johan Hultberg,M,Västra Götalands läns norra,man,1985,85,35,365,186,2018/19,671,94.7839046199702
069436402021,Tomas Tobé,M,Stockholms län,man,1978,46,323,199,103,2018/19,671,51.8628912071535
0694917698222,Michael Rubbestad,SD,Uppsala län,man,1980,125,13,311,222,2018/19,671,98.06259314456037
07012286624,Daniel Riazat,V,Dalarnas län,man,1991,79,54,428,110,2018/19,671,91.95230998509687
0704744533715,Pernilla Stålhammar,MP,Stockholms kommun,kvinna,1971,1,1,565,27,2018/19,594,99.83164983164983
0706528359123,Linus Sköld,S,Norrbottens län,man,1983,5,117,514,35,2018/19,671,82.56333830104322
0709911904721,Johanna Rantsi,M,Västra Götalands läns västra,kvinna,1990,45,0,161,86,2018/19,292,100.0
0718034011110,Jessika Roswall,M,Uppsala län,kvinna,1972,89,7,381,194,2018/19,671,98.95678092399403
0719332223713,Juno Blom,L,Östergötlands län,kvinna,1968,77,63,438,93,2018/19,671,90.61102831594636
0720250789315,Mats Wiking,S,Västra Götalands läns norra,man,1961,5,0,631,35,2018/19,671,100.0
0721509806321,Nooshi Dadgostar,V,Stockholms kommun,kvinna,1985,76,47,436,112,2018/19,671,92.99552906110283
0729710260118,Helena Bouveng,M,Jönköpings län,kvinna,1962,78,95,329,169,2018/19,671,85.84202682563338
0731442709013,Christer Nylander,L,Skåne läns norra och östra,man,1968,75,36,455,105,2018/19,671,94.63487332339791
0732677378827,Marta Obminska,M,Uppsala län,kvinna,1979,22,429,145,75,2018/19,671,36.065573770491795
0736867676621,Jimmy Loord,KD,Kalmar län,man,1980,31,1,160,59,2018/19,251,99.60159362549801
0737073162411,Emma Carlsson Löfdahl,-,Jönköpings län,kvinna,1970,0,473,0,0,2018/19,473,0.0
0737073162411,Emma Carlsson Löfdahl,L,Jönköpings län,kvinna,1970,12,73,90,23,2018/19,198,63.13131313131313
0737666060225,Joakim Järrebring,S,Västra Götalands läns västra,man,1976,5,1,629,36,2018/19,671,99.85096870342772
0742883909221,John Weinerhall,M,Östergötlands län,man,1995,88,0,388,195,2018/19,671,100.0
0744139167426,Rasmus Ling,MP,Malmö kommun,man,1984,4,93,544,30,2018/19,671,86.14008941877795
0744993950910,Anders Ygeman,S,Stockholms kommun,man,1970,5,3,65,4,2018/19,77,96.1038961038961
0750518623913,Lotta Finstorp,M,Södermanlands län,kvinna,1958,66,128,318,159,2018/19,671,80.92399403874813
0752691002718,Pyry Niemi,S,Uppsala län,man,1965,2,98,540,31,2018/19,671,85.39493293591654
075747847023,Gustaf Lantz,S,Uppsala län,man,1981,6,16,615,34,2018/19,671,97.61549925484351
0758652610,Maria Arnholm,L,Stockholms län,kvinna,1958,82,116,386,87,2018/19,671,82.71236959761549
0760500234712,Monica Haider,S,Kronobergs län,kvinna,1963,5,21,610,35,2018/19,671,96.87034277198212
0764949934324,Ulrika Heindorff,M,Skåne läns västra,kvinna,1983,73,78,344,176,2018/19,671,88.37555886736214
0766496753128,Fredrik Malm,L,Stockholms kommun,man,1977,77,86,418,90,2018/19,671,87.1833084947839
0768554866215,Katja Nyberg,SD,Stockholms kommun,kvinna,1971,126,10,315,220,2018/19,671,98.50968703427719
0772402807013,Sven-Olof Sällström,SD,Kronobergs län,man,1968,123,24,308,216,2018/19,671,96.42324888226528
0773497241728,Roger Hedlund,SD,Gävleborgs län,man,1979,116,48,297,210,2018/19,671,92.84649776453055
0776705932527,Ciczie Weidby,V,Jönköpings län,kvinna,1974,82,11,461,117,2018/19,671,98.36065573770492
0779329190517,Kjell Jansson,M,Stockholms län,man,1959,85,22,373,191,2018/19,671,96.72131147540983
0779781772919,Kristina Nilsson,S,Västernorrlands län,kvinna,1965,5,0,630,36,2018/19,671,100.0
0780214960516,Eva Lindh,S,Östergötlands län,kvinna,1971,7,35,593,36,2018/19,671,94.7839046199702
0781520322912,Jörgen Hellman,S,Västra Götalands läns norra,man,1963,5,77,556,33,2018/19,671,88.52459016393442
0781623040415,Camilla Waltersson Grönvall,M,Västra Götalands läns västra,kvinna,1969,71,137,304,159,2018/19,671,79.58271236959762
0787535945527,Jennie Åfeldt,SD,Skåne läns södra,kvinna,1974,128,0,318,225,2018/19,671,100.0
0787584650516,Alice Bah Kuhnke,MP,Stockholms län,kvinna,1971,0,369,166,4,2018/19,539,31.53988868274582
0787584650516,Alice Bah Kuhnke,MP,,kvinna,1971,0,37,0,0,2018/19,37,0.0
0792733370419,Magnus Oscarsson,KD,Östergötlands län,man,1970,98,76,360,137,2018/19,671,88.6736214605067
0793372891224,Noria Manouchi,M,Malmö kommun,kvinna,1991,84,58,351,178,2018/19,671,91.35618479880775
0796071663617,Acko Ankarberg Johansson,KD,Jönköpings län,kvinna,1964,94,75,368,134,2018/19,671,88.82265275707898
0796312429425,Viktor Wärnick,M,Gävleborgs län,man,1991,88,7,383,193,2018/19,671,98.95678092399403
0800956862429,Gulan Avci,L,Stockholms kommun,kvinna,1977,69,127,389,86,2018/19,671,81.07302533532041
0801311569314,Gunilla Svantorp,S,Värmlands län,kvinna,1964,5,21,610,35,2018/19,671,96.87034277198212
0802546764724,Åsa Westlund,S,Stockholms län,kvinna,1976,5,144,489,33,2018/19,671,78.53949329359166
0803753212716,Richard Jomshof,SD,Blekinge län,man,1969,98,121,266,186,2018/19,671,81.9672131147541
0810201628512,Ann-Charlotte Hammar Johnsson,M,Skåne läns västra,kvinna,1966,71,79,346,175,2018/19,671,88.22652757078987
0810852280213,Marie-Louise Hänel Sandström,M,Göteborgs kommun,kvinna,1968,77,82,343,169,2018/19,671,87.77943368107303
0819601620927,Annika Hirvonen Falk,MP,Stockholms län,kvinna,1989,4,3,79,9,2018/19,95,96.84210526315789
0825441263617,Birger Lahti,V,Norrbottens län,man,1964,82,0,471,118,2018/19,671,100.0
0828001951212,Ingemar Kihlström,KD,Västra Götalands läns södra,man,1966,105,23,390,153,2018/19,671,96.57228017883756
0828721176319,Sten Bergheden,M,Västra Götalands läns östra,man,1965,89,0,387,195,2018/19,671,100.0
0831039938224,Adam Marttinen,SD,Södermanlands län,man,1983,116,39,305,211,2018/19,671,94.18777943368107
0831636664429,Mattias Karlsson,SD,Kronobergs län,man,1977,75,224,221,151,2018/19,671,66.61698956780924
0832311880029,Erik Ottoson,M,Stockholms län,man,1989,89,50,350,182,2018/19,671,92.54843517138599
0836001490919,Ulrika Heie,C,Västra Götalands läns östra,kvinna,1965,74,87,414,96,2018/19,671,87.03427719821161
0838085832923,Ann-Sofie Lifvenhage,M,Södermanlands län,kvinna,1976,31,0,121,70,2018/19,222,100.0
0843345349823,Anders Hansson,M,Skåne läns södra,man,1976,90,7,381,193,2018/19,671,98.95678092399403
084624777218,Helena Lindahl,C,Västerbottens län,kvinna,1972,81,1,473,116,2018/19,671,99.85096870342772
0852475703226,Lorena Delgado Varas,V,Stockholms län,kvinna,1974,78,35,445,113,2018/19,671,94.7839046199702
0853204119514,Marlene Burwick,S,Uppsala län,kvinna,1971,4,50,583,34,2018/19,671,92.54843517138599
0853831481615,Lars Thomsson,C,Gotlands län,man,1964,65,118,398,90,2018/19,671,82.41430700447094
085742305813,Patrik Engström,S,Dalarnas län,man,1968,3,56,579,33,2018/19,671,91.65424739195231
0859968278117,Carina Ohlsson,S,Västra Götalands läns östra,kvinna,1957,5,134,503,29,2018/19,671,80.02980625931446
0860364634014,Mattias Ottosson,S,Östergötlands län,man,1971,5,13,619,34,2018/19,671,98.06259314456037
0860429409414,Désirée Pethrus,KD,Stockholms kommun,kvinna,1959,99,11,345,139,2018/19,594,98.14814814814815
0861521539920,Aron Emilsson,SD,Västra Götalands läns västra,man,1990,123,19,311,218,2018/19,671,97.16840536512667
0862868280923,Annie Lööf,C,Jönköpings län,kvinna,1983,48,195,343,85,2018/19,671,70.93889716840536
0866055333028,Alexandra Anstrell,M,Stockholms län,kvinna,1974,89,11,381,190,2018/19,671,98.36065573770492
086684470825,Tobias Andersson,SD,Västra Götalands läns östra,man,1996,94,134,259,184,2018/19,671,80.02980625931446
0873650166625,Sara Heikkinen Breitholtz,S,Hallands län,kvinna,1986,1,161,409,23,2018/19,594,72.8956228956229
0875221317013,Gunilla Carlsson,S,Göteborgs kommun,kvinna,1966,5,34,596,36,2018/19,671,94.93293591654248
0877778793323,Johan Büser,S,Göteborgs kommun,man,1983,4,95,539,33,2018/19,671,85.84202682563338
0878075468027,Hillevi Larsson,S,Malmö kommun,kvinna,1974,2,10,623,36,2018/19,671,98.50968703427719
0879782396219,Olle Thorell,S,Västmanlands län,man,1967,5,154,483,29,2018/19,671,77.04918032786885
0880018341619,Thomas Morell,SD,Gävleborgs län,man,1957,130,0,316,225,2018/19,671,100.0
0884738092723,Kristina Yngwe,C,Skåne läns södra,kvinna,1983,83,14,460,114,2018/19,671,97.91356184798808
089246126523,Elin Lundgren,S,Gävleborgs län,kvinna,1978,3,25,607,36,2018/19,671,96.274217585693
0892978334516,Michael Anefur,KD,Skåne läns västra,man,1957,104,31,388,148,2018/19,671,95.38002980625932
0893004490313,Cecilia Widegren,M,Västra Götalands läns östra,kvinna,1973,69,134,305,163,2018/19,671,80.02980625931446
0895706637124,Abir Al-Sahlani,C,Stockholms kommun,kvinna,1976,55,223,257,59,2018/19,594,62.45791245791246
0899112324519,Elisabeth Svantesson,M,Örebro län,kvinna,1967,68,139,306,158,2018/19,671,79.28464977645305
0899169869710,Helena Gellerman,L,Västra Götalands läns västra,kvinna,1960,73,138,379,81,2018/19,671,79.43368107302533
0903081277919,Helena Vilhelmsson,C,Örebro län,kvinna,1965,69,89,411,102,2018/19,671,86.73621460506706
0903307301618,Peter Persson,S,Jönköpings län,man,1955,5,327,316,23,2018/19,671,51.266766020864374
0905312407726,Cassandra Sundin,SD,Jämtlands län,kvinna,1991,119,47,295,210,2018/19,671,92.99552906110283
0909948830718,Ann-Christin Ahlberg,S,Västra Götalands läns södra,kvinna,1957,5,16,614,36,2018/19,671,97.61549925484351
0911067396229,Mattias Vepsä,S,Stockholms kommun,man,1980,0,99,474,21,2018/19,594,83.33333333333334
0911916463828,Fredrik Lundh Sammeli,S,Norrbottens län,man,1977,5,104,531,31,2018/19,671,84.50074515648286
091303475611,Eric Palmqvist,SD,Norrbottens län,man,1970,125,28,304,214,2018/19,671,95.82712369597616
0920901966627,Tony Haddou,V,Göteborgs kommun,man,1989,63,130,390,88,2018/19,671,80.62593144560357
0925652297119,Per Ramhorn,SD,Malmö kommun,man,1967,126,0,322,223,2018/19,671,100.0
0926214745119,Heléne Björklund,S,Blekinge län,kvinna,1972,2,85,552,32,2018/19,671,87.33233979135619
0932000030511,Maria Stockhaus,M,Stockholms län,kvinna,1963,81,76,345,169,2018/19,671,88.6736214605067
0934639939611,Ola Johansson,C,Hallands län,man,1960,79,29,453,110,2018/19,671,95.67809239940388
0940980416614,Jan Ericson,M,Västra Götalands läns södra,man,1961,84,49,355,183,2018/19,671,92.69746646795826
0952789103522,Elin Segerlind,V,Västra Götalands läns norra,kvinna,1985,76,65,422,108,2018/19,671,90.31296572280179
0955748436811,Robert Stenkvist,SD,Stockholms län,man,1958,125,2,319,225,2018/19,671,99.70193740685544
0956595590924,Tobias Billström,M,Malmö kommun,man,1973,78,64,345,184,2018/19,671,90.46199701937408
0962261029919,Annica Hjerling,MP,Stockholms län,kvinna,1965,4,0,68,5,2018/19,77,100.0
0962410717322,Sultan Kayhan,S,Stockholms kommun,kvinna,1988,7,55,580,29,2018/19,671,91.80327868852459
0962841101917,Annika Qarlsson,C,Västra Götalands läns västra,kvinna,1964,81,38,442,110,2018/19,671,94.33681073025335
0964730940415,Johan Andersson,S,Östergötlands län,man,1961,2,39,597,33,2018/19,671,94.18777943368107
0970259744617,Margareta Cederfelt,M,Stockholms kommun,kvinna,1959,75,102,327,167,2018/19,671,84.79880774962743
0973782197017,Mikael Oscarsson,KD,Uppsala län,man,1967,106,86,343,136,2018/19,671,87.1833084947839
0974061238314,Paula Holmqvist,S,Västra Götalands läns norra,kvinna,1964,6,29,600,36,2018/19,671,95.67809239940388
0977592683711,Magnus Jacobsson,KD,Västra Götalands läns norra,man,1968,96,100,335,140,2018/19,671,85.09687034277198
0980092192122,Joar Forssell,L,Stockholms kommun,man,1993,86,4,471,110,2018/19,671,99.40387481371089
0980316377627,Lars Hjälmered,M,Göteborgs kommun,man,1977,14,25,133,61,2018/19,233,89.27038626609442
0980681611418,Hans Wallmark,M,Skåne läns norra och östra,man,1965,69,164,290,148,2018/19,671,75.55886736214606
0982795248728,Jakob Forssmed,KD,Stockholms län,man,1974,93,82,352,144,2018/19,671,87.77943368107303
0983984918111,Matilda Ernkrans,S,Örebro län,kvinna,1973,4,0,68,5,2018/19,77,100.0
0992420223820,Jessica Rosencrantz,M,Stockholms kommun,kvinna,1987,89,0,387,195,2018/19,671,100.0
0992473266516,Larry Söder,KD,Hallands län,man,1969,105,21,391,154,2018/19,671,96.87034277198212
0996640018922,Yasmine Bladelius,S,Skåne läns västra,kvinna,1988,0,0,78,8,2018/19,86,100.0
0996640018922,Yasmine Larsson,S,Skåne läns västra,kvinna,1988,0,34,1,0,2018/19,35,2.857142857142858
0999976269027,Amanda Palmstierna,MP,Stockholms län,kvinna,1977,3,4,65,5,2018/19,77,94.8051948051948
010343930918,Cecilie Tenfjord Toftby,M,Västra Götalands läns södra,kvinna,1970,52,275,170,113,2019/20,610,54.91803278688525
0103624617217,Helén Pettersson,S,Västerbottens län,kvinna,1972,0,308,285,17,2019/20,610,49.50819672131147
0105632258713,Boriana Åberg,M,Skåne läns södra,kvinna,1968,44,345,133,88,2019/20,610,43.442622950819676
010643534813,Eric Westroth,SD,Hallands län,man,1971,43,396,90,81,2019/20,610,35.08196721311475
0108109641223,Carl-Oskar Bohlin,M,Dalarnas län,man,1986,32,418,92,67,2019/20,609,31.362889983579635
0111479807829,Anna Wallentheim,S,Skåne läns norra och östra,kvinna,1985,0,398,199,13,2019/20,610,34.75409836065574
0116759114313,Bengt Eliasson,L,Hallands län,man,1961,12,397,172,29,2019/20,610,34.91803278688524
0121939297619,Jamal El-Haj,S,Malmö kommun,man,1960,0,411,185,14,2019/20,610,32.622950819672134
0122987223112,Lotta Johnsson Fornarve,V,Södermanlands län,kvinna,1956,39,407,114,50,2019/20,610,33.27868852459016
012576033427,Hannah Bergstedt,S,Norrbottens län,kvinna,1977,0,23,28,0,2019/20,51,54.90196078431373
0126797549328,Johan Forssell,M,Stockholms kommun,man,1979,33,399,103,75,2019/20,610,34.59016393442623
0128805841317,Katarina Brännström,M,Kronobergs län,kvinna,1950,31,402,103,74,2019/20,610,34.0983606557377
0130640724922,Clara Aranda,SD,Skåne läns södra,kvinna,1988,49,365,106,90,2019/20,610,40.16393442622951
0130789484021,Mattias Bäckström Johansson,SD,Kalmar län,man,1985,102,130,221,157,2019/20,610,78.68852459016394
0132818093422,Rickard Nordin,C,Göteborgs kommun,man,1983,33,324,201,52,2019/20,610,46.88524590163935
0134101155612,Rikard Larsson,S,Skåne läns södra,man,1966,0,297,289,24,2019/20,610,51.31147540983607
0136801772915,Maria Strömkvist,S,Dalarnas län,kvinna,1964,0,337,258,15,2019/20,610,44.75409836065574
0138741628520,Angelika Bengtsson,SD,Blekinge län,kvinna,1990,114,53,249,194,2019/20,610,91.31147540983606
014386615025,Ali Esbati,V,Stockholms kommun,man,1976,44,419,101,46,2019/20,610,31.311475409836063
0144048894712,Ellen Juntti,M,Västra Götalands läns västra,kvinna,1958,34,397,104,75,2019/20,610,34.91803278688524
0145294944502,Roger Richthoff,SD,Södermanlands län,man,1948,41,410,80,79,2019/20,610,32.786885245901644
0146133946627,Andreas Lennkvist Manriquez,V,Stockholms kommun,man,1994,37,1,77,34,2019/20,149,99.32885906040269
0148424181819,Ann-Christine From Utterstedt,SD,Västmanlands län,kvinna,1972,72,295,127,116,2019/20,610,51.63934426229508
0150118366721,Linda Westerlund Snecker,V,Östergötlands län,kvinna,1983,44,407,111,48,2019/20,610,33.27868852459016
0155487380917,Kerstin Lundgren,C,Stockholms län,kvinna,1955,37,310,208,55,2019/20,610,49.18032786885246
0157062733618,Jonas Eriksson,MP,Örebro län,man,1967,0,0,20,0,2019/20,20,100.0
0161597857912,Tuve Skånberg,KD,Skåne läns norra och östra,man,1956,50,344,145,71,2019/20,610,43.606557377049185
0161616238120,Lina Nordquist,L,Uppsala län,kvinna,1977,10,405,168,27,2019/20,610,33.606557377049185
0166790812128,Hanif Bali,M,Stockholms län,man,1987,33,400,103,74,2019/20,610,34.42622950819673
0170585430421,Jimmy Ståhl,SD,Västra Götalands läns norra,man,1975,56,350,112,92,2019/20,610,42.622950819672134
0170630324419,Per Schöldberg,C,Kronobergs län,man,1962,16,377,177,40,2019/20,610,38.196721311475414
0182800488922,Paula Bieler,SD,Uppsala län,kvinna,1988,27,17,50,55,2019/20,149,88.59060402684564
0183544538819,Patrik Jönsson,SD,Västra Götalands läns södra,man,1972,64,291,145,110,2019/20,610,52.29508196721311
0194021108712,Mikael Strandman,SD,Stockholms län,man,1966,79,203,187,141,2019/20,610,66.72131147540983
019430605328,Josefin Malmqvist,M,Stockholms län,kvinna,1987,47,262,176,125,2019/20,610,57.049180327868854
0194498232620,Roza Güclü Hedin,S,Dalarnas län,kvinna,1982,0,369,227,14,2019/20,610,39.50819672131147
0196077326617,Solveig Zander,C,Uppsala län,kvinna,1955,59,72,380,99,2019/20,610,88.19672131147541
0198917587520,Maj Karlsson,V,Göteborgs kommun,kvinna,1980,43,378,131,58,2019/20,610,38.032786885245905
0199751900210,Annelie Karlsson,S,Skåne läns norra och östra,kvinna,1965,0,256,330,24,2019/20,610,58.032786885245905
0201207390210,Lars Adaktusson,KD,Dalarnas län,man,1955,32,441,91,46,2019/20,610,27.704918032786885
0202577142527,Matheus Enholm,SD,Västra Götalands läns norra,man,1979,59,316,126,109,2019/20,610,48.19672131147541
0203877548421,Malin Larsson,S,Västernorrlands län,kvinna,1980,0,396,201,13,2019/20,610,35.08196721311475
0204240926023,Markus Wiechel,SD,Östergötlands län,man,1988,41,374,107,88,2019/20,610,38.68852459016393
0204443909416,Johan Hedin,C,Stockholms kommun,man,1969,22,304,228,56,2019/20,610,50.1639344262295
0204494765606,Ann-Britt Åsebol,M,Dalarnas län,kvinna,1947,32,408,100,70,2019/20,610,33.114754098360656
0208558695314,Ingemar Nilsson,S,Västernorrlands län,man,1956,0,397,200,13,2019/20,610,34.91803278688524
0210198640127,Fredrik Schulte,M,Stockholms län,man,1981,31,397,108,74,2019/20,610,34.91803278688524
0211757295524,Josef Fransson,SD,Västra Götalands läns östra,man,1978,47,395,85,83,2019/20,610,35.245901639344254
0216534495014,Jens Holm,V,Stockholms kommun,man,1971,89,78,331,112,2019/20,610,87.21311475409837
0222691314314,Ulf Kristersson,M,Stockholms kommun,man,1963,9,513,50,38,2019/20,610,15.901639344262296
0223069839622,Robert Hannah,L,Göteborgs kommun,man,1985,12,385,188,25,2019/20,610,36.885245901639344
0224712677012,Johan Pehrson,L,Örebro län,man,1968,9,427,150,24,2019/20,610,30.000000000000004
0226631365426,Mikael Larsson,C,Västra Götalands läns södra,man,1989,16,379,178,37,2019/20,610,37.86885245901639
0227531635413,Lars Püss,M,Hallands län,man,1966,37,342,134,97,2019/20,610,43.9344262295082
0227802801605,Thomas Hammarberg,S,Stockholms kommun,man,1942,0,519,86,5,2019/20,610,14.918032786885249
0228027853620,Vasiliki Tsouplaki,V,Västmanlands län,kvinna,1980,31,424,110,45,2019/20,610,30.491803278688522
022805994927,Sofia Westergren,M,Västra Götalands läns västra,kvinna,1974,37,378,117,78,2019/20,610,38.032786885245905
0228167770927,Maria Nilsson,L,Göteborgs kommun,kvinna,1979,11,396,173,30,2019/20,610,35.08196721311475
0229350341619,Ilona Szatmari Waldau,V,Uppsala län,kvinna,1962,48,374,132,56,2019/20,610,38.68852459016393
0229760896014,Anders W Jonsson,C,Gävleborgs län,man,1961,13,412,152,33,2019/20,610,32.45901639344262
0237055280513,Roland Utbult,KD,Västra Götalands läns västra,man,1951,35,418,111,46,2019/20,610,31.47540983606557
023767922422,Mats Persson,L,Skåne läns södra,man,1980,10,415,160,25,2019/20,610,31.967213114754102
0238095659621,Linda Modig,C,Norrbottens län,kvinna,1975,17,363,115,30,2019/20,525,30.85714285714286
0238095659621,Linda Ylivainio,C,Norrbottens län,kvinna,1975,2,1,76,6,2019/20,85,98.82352941176471
0246927519019,Karin Rågsjö,V,Stockholms kommun,kvinna,1955,80,107,324,99,2019/20,610,82.45901639344262
025158809026,Ida Gabrielsson,V,Stockholms län,kvinna,1981,32,468,76,34,2019/20,610,23.278688524590162
0252067342313,Åsa Lindestam,S,Gävleborgs län,kvinna,1956,1,287,292,30,2019/20,610,52.95081967213115
0254021157518,Lars Andersson,SD,Skåne läns södra,man,1964,42,403,89,76,2019/20,610,33.9344262295082
0254695027922,Momodou Malcolm Jallow,V,Malmö kommun,man,1975,42,408,111,49,2019/20,610,33.114754098360656
0256404677510,Cecilia Engström,KD,Skåne läns västra,kvinna,1972,27,358,88,51,2019/20,524,31.6793893129771
0256716955026,Serkan Köse,S,Stockholms län,man,1976,0,249,328,33,2019/20,610,59.18032786885246
0257612529618,Kenneth G Forslund,S,Västra Götalands läns västra,man,1967,0,328,268,14,2019/20,610,46.22950819672131
025877594729,John Widegren,M,Östergötlands län,man,1980,30,425,86,69,2019/20,610,30.327868852459016
025931369428,Jonas Andersson,SD,Östergötlands län,man,1989,43,396,90,81,2019/20,610,35.08196721311475
025967059622,Magnus Manhammar,S,Blekinge län,man,1980,0,397,200,13,2019/20,610,34.91803278688524
0262017901513,Beatrice Ask,M,Stockholms kommun,kvinna,1956,19,0,40,26,2019/20,85,100.0
02658325625,Angelica Lundberg,SD,Jönköpings län,kvinna,1981,56,345,114,95,2019/20,610,43.442622950819676
0267085997926,Lena Rådström Baastad,S,Örebro län,kvinna,1974,0,408,189,13,2019/20,610,33.114754098360656
0271338654822,Ola Möller,S,Skåne läns västra,man,1983,0,434,149,8,2019/20,591,26.56514382402707
0272006117024,Jon Thorbjörnson,V,Hallands län,man,1976,47,374,129,60,2019/20,610,38.68852459016393
0273506284025,Edward Riedl,M,Västerbottens län,man,1976,58,262,174,116,2019/20,610,57.049180327868854
0274462857213,Petter Löberg,S,Västra Götalands läns södra,man,1968,0,397,199,14,2019/20,610,34.91803278688524
0277648711624,Anders Österberg,S,Stockholms kommun,man,1981,0,418,180,12,2019/20,610,31.47540983606557
0279488554424,Alexander Christiansson,SD,Göteborgs kommun,man,1981,34,393,99,84,2019/20,610,35.57377049180328
0281670919717,Jörgen Grubb,SD,Östergötlands län,man,1962,52,366,105,87,2019/20,610,40.0
0285527517421,Caroline Nordengrip,SD,Västra Götalands läns södra,kvinna,1980,61,318,129,102,2019/20,610,47.868852459016395
0285631067215,Robert Halef,KD,Stockholms län,man,1964,36,414,111,49,2019/20,610,32.131147540983605
028954589415,Ann-Sofie Alm,M,Västra Götalands läns norra,kvinna,1971,33,395,106,76,2019/20,610,35.245901639344254
02910042914,Carina Ödebrink,S,Jönköpings län,kvinna,1961,0,384,213,13,2019/20,610,37.04918032786885
0294138886823,Martin Kinnunen,SD,Stockholms län,man,1983,56,330,124,100,2019/20,610,45.90163934426229
0296384583518,Åsa Eriksson,S,Västmanlands län,kvinna,1972,0,402,193,15,2019/20,610,34.0983606557377
0304498908019,Gudrun Brunegård,KD,Kalmar län,kvinna,1957,48,359,138,65,2019/20,610,41.147540983606554
0306286538528,Sofia Damm,KD,Skåne läns södra,kvinna,1977,36,404,117,53,2019/20,610,33.77049180327869
0308306375022,Roger Haddad,L,Västmanlands län,man,1978,17,355,204,34,2019/20,610,41.80327868852459
0309480686522,Leila Ali-Elmi,MP,Göteborgs kommun,kvinna,1988,0,384,210,16,2019/20,610,37.04918032786885
0313210809828,Emil Källström,C,Västernorrlands län,man,1987,15,407,153,35,2019/20,610,33.27868852459016
0313390540217,Ingela Nylund Watz,S,Stockholms län,kvinna,1962,0,390,204,16,2019/20,610,36.065573770491795
0315499690028,Teresa Carvalho,S,Östergötlands län,kvinna,1984,0,358,190,11,2019/20,559,35.95706618962433
0316505710324,Janine Alm Ericson,MP,Västra Götalands läns västra,kvinna,1973,0,369,228,13,2019/20,610,39.50819672131147
0316870450511,Harald Hjalmarsson,M,Kalmar län,man,1963,3,394,15,9,2019/20,421,6.413301662707838
0322827326923,Arman Teimouri,L,Värmlands län,man,1980,15,358,202,35,2019/20,610,41.31147540983606
0325462829512,Christina Östberg,SD,Skåne läns norra och östra,kvinna,1968,43,397,89,81,2019/20,610,34.91803278688524
0331791853028,Yasmine Eriksson,SD,Stockholms kommun,kvinna,1989,43,396,90,81,2019/20,610,35.08196721311475
0333193598116,Bo Broman,SD,Stockholms län,man,1969,42,407,84,77,2019/20,610,33.27868852459016
0334816698724,Karolina Skog,MP,Stockholms län,kvinna,1976,0,345,252,13,2019/20,610,43.442622950819676
0338088431726,Sara Gille,SD,Malmö kommun,kvinna,1981,43,397,89,81,2019/20,610,34.91803278688524
033935884729,Martina Johansson,C,Södermanlands län,kvinna,1975,50,248,244,68,2019/20,610,59.34426229508196
0341628241813,Marianne Pettersson,S,Skåne läns södra,kvinna,1958,0,397,200,13,2019/20,610,34.91803278688524
0344222203323,Dennis Dioukarev,SD,Göteborgs kommun,man,1993,62,317,133,98,2019/20,610,48.032786885245905
0358278412329,Björn Petersson,S,Kalmar län,man,1982,0,415,180,15,2019/20,610,31.967213114754102
0358514648113,Marléne Lund Kopparklint,M,Värmlands län,kvinna,1973,30,484,52,44,2019/20,610,20.65573770491803
0363228965800,Barbro Westerholm,L,Stockholms län,kvinna,1933,8,437,143,22,2019/20,610,28.36065573770492
0363721826713,Per Lodenius,C,Stockholms län,man,1966,22,332,208,48,2019/20,610,45.57377049180328
0364687971222,Alireza Akhondi,C,Stockholms län,man,1980,22,340,205,43,2019/20,610,44.26229508196722
0365748677411,Mats Nordberg,SD,Dalarnas län,man,1958,43,397,89,81,2019/20,610,34.91803278688524
037561614928,Lawen Redar,S,Stockholms kommun,kvinna,1989,0,142,440,28,2019/20,610,76.72131147540983
0376353897112,Leif Nysmed,S,Stockholms län,man,1970,0,241,346,23,2019/20,610,60.49180327868853
0376395541120,Joakim Sandell,S,Malmö kommun,man,1975,0,383,210,17,2019/20,610,37.21311475409836
037781229619,Staffan Eklöf,SD,Hallands län,man,1965,43,397,89,81,2019/20,610,34.91803278688524
0378597308227,Camilla Brodin,KD,Stockholms län,kvinna,1979,78,226,208,98,2019/20,610,62.95081967213114
0383111552218,Jonas Sjöstedt,V,Västerbottens län,man,1964,86,69,339,116,2019/20,610,88.68852459016394
0397377293714,Göran Lindell,C,Jönköpings län,man,1954,21,364,113,37,2019/20,535,31.9626168224299
0406831930624,Henrik Vinge,SD,Stockholms kommun,man,1988,72,272,141,125,2019/20,610,55.40983606557377
0407081382317,Anna-Caren Sätherberg,S,Jämtlands län,kvinna,1964,0,343,251,16,2019/20,610,43.77049180327869
0409540163215,Hans Rothenberg,M,Göteborgs kommun,man,1961,59,223,199,129,2019/20,610,63.44262295081967
0411459873625,Hanna Gunnarsson,V,Skåne läns södra,kvinna,1983,86,54,355,115,2019/20,610,91.14754098360656
0412148992926,Hanna Westerén,S,Gotlands län,kvinna,1981,0,323,272,15,2019/20,610,47.049180327868854
0415959965211,Mia Sydow Mölleby,V,Örebro län,kvinna,1960,36,412,112,50,2019/20,610,32.45901639344262
0418929039326,Patrik Lundqvist,S,Gävleborgs län,man,1984,0,398,199,13,2019/20,610,34.75409836065574
041911485722,Magdalena Schröder,M,Stockholms län,kvinna,1990,42,265,186,117,2019/20,610,56.55737704918033
042413114103,Anne Oskarsson,SD,Kalmar län,kvinna,1946,43,397,89,81,2019/20,610,34.91803278688524
0425115010020,Kadir Kasirga,S,Stockholms kommun,man,1975,0,0,174,12,2019/20,186,100.0
0427321850912,Lars Mejern Larsson,S,Värmlands län,man,1965,0,403,195,12,2019/20,610,33.9344262295082
0430865615328,Linda Lindberg,SD,Skåne läns västra,kvinna,1974,47,380,97,86,2019/20,610,37.704918032786885
0435740736429,Hampus Hagman,KD,Göteborgs kommun,man,1987,54,307,166,83,2019/20,610,49.67213114754099
043972220518,Jasenko Omanovic,S,Västernorrlands län,man,1967,0,396,201,13,2019/20,610,35.08196721311475
0442629549320,Adnan Dibrani,S,Hallands län,man,1985,0,406,189,15,2019/20,610,33.44262295081967
0446541913415,Allan Widman,L,Malmö kommun,man,1964,10,418,157,25,2019/20,610,31.47540983606557
0452755722723,Björn Söder,SD,Skåne läns norra och östra,man,1976,40,436,69,65,2019/20,610,28.524590163934427
0454698803028,Sofia Nilsson,C,Skåne läns norra och östra,kvinna,1982,30,346,186,48,2019/20,610,43.27868852459016
0455086201022,Johnny Skalin,SD,Västernorrlands län,man,1978,29,452,65,64,2019/20,610,25.901639344262296
0456680171315,Charlotte Quensel,SD,Västra Götalands läns västra,kvinna,1961,66,277,136,131,2019/20,610,54.59016393442623
0457722435319,Tomas Kronståhl,S,Kalmar län,man,1967,0,396,201,12,2019/20,609,34.97536945812808
0460690753617,Pia Nilsson,S,Västmanlands län,kvinna,1962,0,403,192,15,2019/20,610,33.9344262295082
0465804601318,Pia Steensland,KD,Södermanlands län,kvinna,1972,39,384,123,64,2019/20,610,37.04918032786885
0466653728712,Denis Begic,S,Örebro län,man,1970,0,395,202,13,2019/20,610,35.245901639344254
0468765214727,Yasmine Posio,V,Göteborgs kommun,kvinna,1974,35,432,101,42,2019/20,610,29.180327868852462
0468956880528,Mikael Eskilandersson,SD,Skåne läns norra och östra,man,1977,43,396,90,81,2019/20,610,35.08196721311475
0472349361027,Kalle Olsson,S,Jämtlands län,man,1984,0,442,159,9,2019/20,610,27.54098360655738
0474290584024,Azadeh Rojhan Gustafsson,S,Stockholms län,kvinna,1986,0,238,343,29,2019/20,610,60.983606557377044
0475643059428,Jonny Cato,C,Skåne läns västra,man,1994,17,379,178,36,2019/20,610,37.86885245901639
0475778011711,Hans Ekström,S,Södermanlands län,man,1958,0,225,360,25,2019/20,610,63.11475409836065
0481460392727,Jessica Wetterling,V,Västra Götalands läns västra,kvinna,1986,42,399,118,51,2019/20,610,34.59016393442623
0482689573825,Björn Wiechel,S,Västerbottens län,man,1983,0,20,62,4,2019/20,86,76.74418604651163
0488332307829,Abraham Halef,S,Stockholms län,man,1992,0,0,1,0,2019/20,1,100.0
0492644357418,Per Söderlund,SD,Örebro län,man,1972,43,404,87,76,2019/20,610,33.77049180327869
049290762318,ClasGöran Carlsson,S,Kronobergs län,man,1962,0,407,191,12,2019/20,610,33.27868852459016
0493288854424,Niklas Wykman,M,Stockholms län,man,1981,52,290,155,113,2019/20,610,52.459016393442624
0494054455310,David Lång,SD,Örebro län,man,1972,81,230,164,135,2019/20,610,62.295081967213115
0494242537816,Hans Eklind,KD,Örebro län,man,1966,50,346,142,72,2019/20,610,43.27868852459016
0494843794418,Martin Ådahl,C,Stockholms kommun,man,1969,31,267,249,63,2019/20,610,56.22950819672131
0495218011521,Johanna Jönsson,C,Stockholms kommun,kvinna,1982,15,398,164,33,2019/20,610,34.75409836065574
0495661214429,Lorentz Tovatt,MP,Stockholms kommun,man,1989,0,382,212,16,2019/20,610,37.37704918032787
0496341906327,Alexandra Völker,S,Stockholms län,kvinna,1989,0,329,270,11,2019/20,610,46.06557377049181
0497217816024,Markus Selin,S,Stockholms län,man,1978,0,223,355,32,2019/20,610,63.44262295081967
0499755198526,Mattias Jonsson,S,Göteborgs kommun,man,1974,0,426,173,11,2019/20,610,30.16393442622951
0502490570219,Kristina Axén Olin,M,Stockholms kommun,kvinna,1962,59,288,154,109,2019/20,610,52.78688524590164
0502688311316,Anna Vikström,S,Stockholms län,kvinna,1957,0,198,380,32,2019/20,610,67.54098360655738
0503029811325,David Josefsson,M,Göteborgs kommun,man,1983,32,394,108,76,2019/20,610,35.40983606557377
0505783078517,Helene Hellmark Knutsson,S,Stockholms län,kvinna,1969,0,125,445,39,2019/20,609,79.47454844006569
0506482805418,Isak From,S,Västerbottens län,man,1967,1,298,292,19,2019/20,610,51.14754098360657
0506541436524,Sanne Lennström,S,Uppsala län,kvinna,1988,0,119,17,0,2019/20,136,12.5
0509415296421,Kjell-Arne Ottosson,KD,Värmlands län,man,1975,52,380,116,62,2019/20,610,37.704918032786885
0509830681123,Ida Karkiainen,S,Norrbottens län,kvinna,1988,0,363,224,23,2019/20,610,40.49180327868852
0511863596121,Erica Nådin,S,Östergötlands län,kvinna,1995,0,0,48,3,2019/20,51,100.0
051207517226,Jimmie Åkesson,SD,Jönköpings län,man,1979,30,504,41,35,2019/20,610,17.377049180327862
0512510717328,Ebba Busch,KD,Västra Götalands läns östra,kvinna,1987,1,388,6,2,2019/20,397,2.267002518891692
0512510717328,Ebba Busch Thor,KD,Västra Götalands läns östra,kvinna,1987,15,126,51,21,2019/20,213,40.845070422535215
0516528386117,Patrik Björck,S,Västra Götalands läns östra,man,1957,0,364,232,14,2019/20,610,40.32786885245901
051870309210,Anna Sibinska,MP,Göteborgs kommun,kvinna,1963,0,399,198,13,2019/20,610,34.59016393442623
0519542449425,Fredrik Christensson,C,Västra Götalands läns norra,man,1991,16,350,202,42,2019/20,610,42.622950819672134
0519740099915,Saila Quicklund,M,Jämtlands län,kvinna,1961,49,302,153,106,2019/20,610,50.49180327868852
0521844714515,Christina Höj Larsen,V,Västernorrlands län,kvinna,1971,42,434,92,42,2019/20,610,28.85245901639344
0522054204918,Mattias Karlsson,M,Norrbottens län,man,1972,59,295,148,108,2019/20,610,51.63934426229508
0522240580423,Arin Karapet,M,Stockholms kommun,man,1988,44,328,143,95,2019/20,610,46.22950819672131
0523902030928,Aylin Fazelian,S,Västra Götalands läns västra,kvinna,1992,0,428,171,11,2019/20,610,29.836065573770487
0526748040023,Ludvig Aspling,SD,Stockholms län,man,1983,47,350,112,101,2019/20,610,42.622950819672134
0529103571012,Jan R Andersson,M,Kalmar län,man,1970,28,10,88,63,2019/20,189,94.70899470899471
0530425150220,Annika Strandhäll,S,Stockholms kommun,kvinna,1975,1,279,308,22,2019/20,610,54.26229508196722
0537400268911,Caroline Helmersson Olsson,S,Södermanlands län,kvinna,1963,0,258,320,32,2019/20,610,57.70491803278688
0538387395826,Mats Green,M,Jönköpings län,man,1979,36,387,110,77,2019/20,610,36.55737704918033
0538494048717,Jonas Andersson,SD,Västerbottens län,man,1972,46,388,94,82,2019/20,610,36.39344262295082
0540190357911,Hans Hoff,S,Hallands län,man,1963,1,397,199,13,2019/20,610,34.91803278688524
0541320528015,Nina Lundström,L,Stockholms län,kvinna,1961,12,354,189,35,2019/20,590,40.0
0542160909628,Andreas Carlson,KD,Jönköpings län,man,1987,38,310,77,33,2019/20,458,32.314410480349345
0545353563812,Amineh Kakabaveh,-,Stockholms län,kvinna,1970,42,407,114,47,2019/20,610,33.27868852459016
0545733815610,Patrick Reslow,SD,Värmlands län,man,1970,43,396,90,81,2019/20,610,35.08196721311475
0546731406922,Rebecka Le Moine,MP,Östergötlands län,kvinna,1990,0,344,250,16,2019/20,610,43.606557377049185
0547805254924,Jessica Thunander,V,Västra Götalands läns östra,kvinna,1973,43,420,100,47,2019/20,610,31.147540983606557
0547818628111,Betty Malmberg,M,Östergötlands län,kvinna,1958,50,369,107,84,2019/20,610,39.50819672131147
055257333723,Oscar Sjöstedt,SD,Västmanlands län,man,1981,61,319,114,116,2019/20,610,47.70491803278688
0554852839719,Mikael Dahlqvist,S,Värmlands län,man,1967,0,418,179,13,2019/20,610,31.47540983606557
0557180142229,Fredrik Lindahl,SD,Stockholms län,man,1987,59,328,119,104,2019/20,610,46.22950819672131
055824190225,Ebba Hermansson,SD,Skåne läns västra,kvinna,1996,74,273,144,119,2019/20,610,55.24590163934426
0559925283228,Teres Lindberg,S,Stockholms kommun,kvinna,1974,0,269,316,25,2019/20,610,55.901639344262286
0564126739422,Åsa Coenraads,M,Västmanlands län,kvinna,1978,34,380,116,80,2019/20,610,37.704918032786885
0572788110724,Maria Malmer Stenergard,M,Skåne läns norra och östra,kvinna,1981,44,314,149,103,2019/20,610,48.52459016393442
0575283695521,Helena Antoni,M,Hallands län,kvinna,1995,31,385,114,80,2019/20,610,36.885245901639344
057993099726,Magnus Ek,C,Östergötlands län,man,1994,17,371,185,37,2019/20,610,39.18032786885246
0582811195313,Tina Acketoft,L,Skåne läns västra,kvinna,1966,8,445,138,19,2019/20,610,27.04918032786885
0587736055221,Niels Paarup-Petersen,C,Malmö kommun,man,1978,15,400,160,35,2019/20,610,34.42622950819673
0588282566419,Lars Beckman,M,Gävleborgs län,man,1967,31,404,105,70,2019/20,610,33.77049180327869
0590042760718,Annicka Engblom,M,Blekinge län,kvinna,1967,40,376,112,82,2019/20,610,38.36065573770492
0594680769027,Daniel Andersson,S,Örebro län,man,1986,0,419,179,12,2019/20,610,31.311475409836063
0598792324417,Ulrika Jörgensen,M,Hallands län,kvinna,1967,32,401,102,75,2019/20,610,34.26229508196721
0603366539729,Malin Danielsson,L,Stockholms län,kvinna,1977,42,119,278,61,2019/20,500,76.2
0603490586517,Jan Björklund,L,Stockholms län,man,1962,0,11,9,0,2019/20,20,44.99999999999999
0603753860213,Carina Ståhl Herrstedt,SD,Skåne läns västra,kvinna,1971,56,350,111,93,2019/20,610,42.622950819672134
0604459858621,Emilia Töyrä,S,Norrbottens län,kvinna,1985,0,415,134,10,2019/20,559,25.760286225402506
0604811710522,Ida Drougge,M,Stockholms län,kvinna,1990,36,371,118,85,2019/20,610,39.18032786885246
0606863154419,Mats Berglund,MP,Stockholms kommun,man,1970,0,326,267,17,2019/20,610,46.557377049180324
0607691439013,Karin Enström,M,Stockholms län,kvinna,1966,60,188,215,147,2019/20,610,69.18032786885246
0612916684825,Johan Löfstrand,S,Östergötlands län,man,1976,0,331,266,13,2019/20,610,45.73770491803278
0613297818326,Mathias Tegnér,S,Stockholms län,man,1979,0,247,331,32,2019/20,610,59.50819672131147
0616721755222,Louise Meijer,M,Skåne läns södra,kvinna,1990,14,477,68,51,2019/20,610,21.803278688524586
0619928872229,Laila Naraghi,S,Kalmar län,kvinna,1982,0,425,71,7,2019/20,503,15.506958250497016
0624040854527,Emma Berginger,MP,Skåne läns södra,kvinna,1986,1,299,287,23,2019/20,610,50.98360655737705
0624994476012,Nermina Mizimovic,S,Kalmar län,kvinna,1973,0,0,102,6,2019/20,108,100.0
0625199891029,Johanna Öfverbeck,MP,Malmö kommun,kvinna,1984,0,153,36,8,2019/20,197,22.33502538071066
0628005785225,Jörgen Berglund,M,Västernorrlands län,man,1974,41,332,138,99,2019/20,610,45.57377049180328
0628190530410,Ulla Andersson,V,Gävleborgs län,kvinna,1963,42,420,101,47,2019/20,610,31.147540983606557
0628870165823,Emma Hult,MP,Jönköpings län,kvinna,1988,0,310,282,18,2019/20,610,49.18032786885246
0630820052511,Per-Arne Håkansson,S,Skåne läns norra och östra,man,1963,0,396,201,13,2019/20,610,35.08196721311475
0637784834317,Diana Laitinen Carlsson,S,Jönköpings län,kvinna,1972,0,0,1,0,2019/20,1,100.0
0638497389621,Julia Kronlid,SD,Stockholms län,kvinna,1980,48,350,120,92,2019/20,610,42.622950819672134
0640627133410,Elisabeth Falkhaven,MP,Hallands län,kvinna,1955,0,405,192,13,2019/20,610,33.606557377049185
0641953830512,Magnus Persson,SD,Dalarnas län,man,1970,56,345,110,99,2019/20,610,43.442622950819676
0642224351118,Pål Jonson,M,Värmlands län,man,1972,48,355,120,87,2019/20,610,41.80327868852459
0645111757928,Elin Gustafsson,S,Skåne läns södra,kvinna,1989,0,397,200,13,2019/20,610,34.91803278688524
064711971110,Maria Gardfjell,MP,Uppsala län,kvinna,1965,0,314,274,22,2019/20,610,48.52459016393442
0648224557612,Åsa Karlsson,S,Västerbottens län,kvinna,1973,0,397,200,13,2019/20,610,34.91803278688524
065105536026,Niklas Karlsson,S,Skåne läns västra,man,1974,0,292,301,17,2019/20,610,52.131147540983605
0652497579621,Johanna Haraldsson,S,Jönköpings län,kvinna,1980,0,300,293,17,2019/20,610,50.81967213114754
0653904370212,Fredrik Olovsson,S,Södermanlands län,man,1973,1,347,253,9,2019/20,610,43.11475409836065
0655028250417,Lena Emilsson,S,Skåne läns västra,kvinna,1957,0,1,19,0,2019/20,20,95.0
065701062615,Runar Filper,SD,Värmlands län,man,1964,42,398,89,81,2019/20,610,34.75409836065574
066036027425,Mikael Damsgaard,M,Västmanlands län,man,1976,36,344,140,90,2019/20,610,43.606557377049185
0665360289423,Fredrik Stenberg,S,Västerbottens län,man,1988,0,203,292,29,2019/20,524,61.25954198473282
0665485817222,Daniel Bäckström,C,Värmlands län,man,1975,26,347,190,47,2019/20,610,43.11475409836065
0667220767927,Erik Ezelius,S,Västra Götalands läns östra,man,1986,0,350,243,17,2019/20,610,42.622950819672134
066769783310,Lotta Olsson,M,Örebro län,kvinna,1960,47,322,141,100,2019/20,610,47.21311475409836
0671241874717,Elisabeth Björnsdotter Rahm,M,Västerbottens län,kvinna,1964,31,403,103,73,2019/20,610,33.9344262295082
0677738818613,Anders Åkesson,C,Kalmar län,man,1958,27,358,182,43,2019/20,610,41.31147540983606
0679228585116,Per Åsling,C,Jämtlands län,man,1957,14,427,141,28,2019/20,610,30.000000000000004
0681030112815,Peter Helander,C,Dalarnas län,man,1961,25,385,160,40,2019/20,610,36.885245901639344
0682989845822,Håkan Svenneling,V,Värmlands län,man,1985,34,404,121,51,2019/20,610,33.77049180327869
0685749336810,Dag Larsson,S,Stockholms kommun,man,1960,0,211,370,29,2019/20,610,65.40983606557378
0691264514114,Anna Johansson,S,Göteborgs kommun,kvinna,1971,0,341,254,15,2019/20,610,44.0983606557377
0692076685824,Camilla Hansén,MP,Örebro län,kvinna,1976,0,253,310,27,2019/20,590,57.11864406779661
069309987221,Johan Hultberg,M,Västra Götalands läns norra,man,1985,42,195,141,83,2019/20,461,57.70065075921909
0694917698222,Michael Rubbestad,SD,Uppsala län,man,1980,59,325,126,100,2019/20,610,46.721311475409834
07012286624,Daniel Riazat,V,Dalarnas län,man,1991,42,407,111,50,2019/20,610,33.27868852459016
0704744533715,Pernilla Stålhammar,MP,Stockholms kommun,kvinna,1971,0,410,188,12,2019/20,610,32.786885245901644
0706528359123,Linus Sköld,S,Norrbottens län,man,1983,0,390,206,14,2019/20,610,36.065573770491795
0718034011110,Jessika Roswall,M,Uppsala län,kvinna,1972,28,406,105,71,2019/20,610,33.44262295081967
0718937995813,Lars-Arne Staxäng,M,Västra Götalands läns norra,man,1956,21,23,63,42,2019/20,149,84.56375838926175
0719332223713,Juno Blom,L,Östergötlands län,kvinna,1968,11,383,185,31,2019/20,610,37.21311475409836
072019517020,Amir Adan,M,Stockholms kommun,man,1985,14,200,65,49,2019/20,328,39.02439024390244
0720250789315,Mats Wiking,S,Västra Götalands läns norra,man,1961,0,379,214,17,2019/20,610,37.86885245901639
0721509806321,Nooshi Dadgostar,V,Stockholms kommun,kvinna,1985,8,379,54,20,2019/20,461,17.78741865509761
0722683622001,Lars Jilmstad,M,Stockholms kommun,man,1946,33,397,106,74,2019/20,610,34.91803278688524
0729710260118,Helena Bouveng,M,Jönköpings län,kvinna,1962,31,402,105,72,2019/20,610,34.0983606557377
0731442709013,Christer Nylander,L,Skåne läns norra och östra,man,1968,20,361,190,39,2019/20,610,40.81967213114754
0732677378827,Marta Obminska,M,Uppsala län,kvinna,1979,17,466,76,51,2019/20,610,23.606557377049175
0737073162411,Emma Carlsson Löfdahl,-,Jönköpings län,kvinna,1970,10,413,159,28,2019/20,610,32.295081967213115
0737666060225,Joakim Järrebring,S,Västra Götalands läns västra,man,1976,0,397,200,13,2019/20,610,34.91803278688524
0742883909221,John Weinerhall,M,Östergötlands län,man,1995,35,379,115,81,2019/20,610,37.86885245901639
0744139167426,Rasmus Ling,MP,Malmö kommun,man,1984,0,131,267,15,2019/20,413,68.28087167070218
0750518623913,Lotta Finstorp,M,Södermanlands län,kvinna,1958,62,232,191,125,2019/20,610,61.9672131147541
0752691002718,Pyry Niemi,S,Uppsala län,man,1965,0,247,334,29,2019/20,610,59.50819672131147
075747847023,Gustaf Lantz,S,Uppsala län,man,1981,0,386,202,21,2019/20,609,36.61740558292282
0758652610,Maria Arnholm,L,Stockholms län,kvinna,1958,2,2,95,11,2019/20,110,98.18181818181819
0760500234712,Monica Haider,S,Kronobergs län,kvinna,1963,0,405,194,11,2019/20,610,33.606557377049185
0764949934324,Ulrika Heindorff,M,Skåne läns västra,kvinna,1983,30,434,83,63,2019/20,610,28.85245901639344
0765747165821,Marcus Jonsson,KD,Stockholms län,man,1980,10,1,30,23,2019/20,64,98.4375
0766496753128,Fredrik Malm,L,Stockholms kommun,man,1977,27,259,271,53,2019/20,610,57.540983606557376
0768554866215,Katja Nyberg,SD,Stockholms kommun,kvinna,1971,61,317,125,107,2019/20,610,48.032786885245905
0772402807013,Sven-Olof Sällström,SD,Kronobergs län,man,1968,110,45,257,198,2019/20,610,92.62295081967213
0773497241728,Roger Hedlund,SD,Gävleborgs län,man,1979,49,361,102,98,2019/20,610,40.81967213114754
0776705932527,Ciczie Weidby,V,Jönköpings län,kvinna,1974,48,362,138,62,2019/20,610,40.65573770491804
0779329190517,Kjell Jansson,M,Stockholms län,man,1959,42,286,166,116,2019/20,610,53.11475409836066
0779781772919,Kristina Nilsson,S,Västernorrlands län,kvinna,1965,0,358,238,14,2019/20,610,41.31147540983606
0780214960516,Eva Lindh,S,Östergötlands län,kvinna,1971,0,445,157,8,2019/20,610,27.04918032786885
0781520322912,Jörgen Hellman,S,Västra Götalands läns norra,man,1963,0,245,339,26,2019/20,610,59.83606557377049
0781623040415,Camilla Waltersson Grönvall,M,Västra Götalands läns västra,kvinna,1969,41,316,146,107,2019/20,610,48.19672131147541
0787535945527,Jennie Åfeldt,SD,Skåne läns södra,kvinna,1974,43,404,86,77,2019/20,610,33.77049180327869
0792733370419,Magnus Oscarsson,KD,Östergötlands län,man,1970,40,407,109,54,2019/20,610,33.27868852459016
0793372891224,Noria Manouchi,M,Malmö kommun,kvinna,1991,30,406,101,73,2019/20,610,33.44262295081967
0796071663617,Acko Ankarberg Johansson,KD,Jönköpings län,kvinna,1964,49,373,124,64,2019/20,610,38.852459016393446
0796312429425,Viktor Wärnick,M,Gävleborgs län,man,1991,32,371,122,85,2019/20,610,39.18032786885246
0800956862429,Gulan Avci,L,Stockholms kommun,kvinna,1977,25,296,246,43,2019/20,610,51.47540983606558
0801311569314,Gunilla Svantorp,S,Värmlands län,kvinna,1964,0,157,429,24,2019/20,610,74.26229508196721
0802546764724,Åsa Westlund,S,Stockholms län,kvinna,1976,0,287,306,17,2019/20,610,52.95081967213115
0803753212716,Richard Jomshof,SD,Blekinge län,man,1969,44,400,92,74,2019/20,610,34.42622950819673
0810201628512,Ann-Charlotte Hammar Johnsson,M,Skåne läns västra,kvinna,1966,32,404,102,72,2019/20,610,33.77049180327869
0810852280213,Marie-Louise Hänel Sandström,M,Göteborgs kommun,kvinna,1968,33,397,105,75,2019/20,610,34.91803278688524
0819601620927,Annika Hirvonen Falk,MP,Stockholms län,kvinna,1989,0,349,243,18,2019/20,610,42.786885245901644
0825441263617,Birger Lahti,V,Norrbottens län,man,1964,39,403,118,50,2019/20,610,33.9344262295082
0828001951212,Ingemar Kihlström,KD,Västra Götalands läns södra,man,1966,52,314,167,77,2019/20,610,48.52459016393442
0828721176319,Sten Bergheden,M,Västra Götalands läns östra,man,1965,32,398,104,76,2019/20,610,34.75409836065574
0831039938224,Adam Marttinen,SD,Södermanlands län,man,1983,58,277,147,128,2019/20,610,54.59016393442623
0831636664429,Mattias Karlsson,SD,Kronobergs län,man,1977,38,441,71,60,2019/20,610,27.704918032786885
0832311880029,Erik Ottoson,M,Stockholms län,man,1989,43,301,160,106,2019/20,610,50.655737704918025
0836001490919,Ulrika Heie,C,Västra Götalands läns östra,kvinna,1965,49,158,326,77,2019/20,610,74.09836065573771
0838085832923,Ann-Sofie Lifvenhage,M,Södermanlands län,kvinna,1976,31,408,98,73,2019/20,610,33.114754098360656
083953568015,Malin Höglund,M,Dalarnas län,kvinna,1969,0,0,0,1,2019/20,1,100.0
0843345349823,Anders Hansson,M,Skåne läns södra,man,1976,43,359,123,85,2019/20,610,41.147540983606554
084624777218,Helena Lindahl,C,Västerbottens län,kvinna,1972,10,465,113,22,2019/20,610,23.77049180327869
0846730583715,Monika Lövgren,SD,Uppsala län,kvinna,1961,18,391,33,19,2019/20,461,15.184381778741862
0847676507229,Stina Larsson,C,Skåne läns södra,kvinna,1977,4,263,29,6,2019/20,302,12.91390728476821
0852475703226,Lorena Delgado Varas,V,Stockholms län,kvinna,1974,41,403,114,52,2019/20,610,33.9344262295082
0853204119514,Marlene Burwick,S,Uppsala län,kvinna,1971,0,374,221,15,2019/20,610,38.68852459016393
0853831481615,Lars Thomsson,C,Gotlands län,man,1964,19,397,159,35,2019/20,610,34.91803278688524
085742305813,Patrik Engström,S,Dalarnas län,man,1968,0,406,191,13,2019/20,610,33.44262295081967
0859968278117,Carina Ohlsson,S,Västra Götalands läns östra,kvinna,1957,0,345,250,15,2019/20,610,43.442622950819676
0860364634014,Mattias Ottosson,S,Östergötlands län,man,1971,0,416,182,12,2019/20,610,31.803278688524593
0860429409414,Désirée Pethrus,KD,Stockholms kommun,kvinna,1959,56,360,131,63,2019/20,610,40.98360655737705
0861521539920,Aron Emilsson,SD,Västra Götalands läns västra,man,1990,45,388,98,79,2019/20,610,36.39344262295082
0862868280923,Annie Lööf,C,Jönköpings län,kvinna,1983,2,60,10,3,2019/20,75,19.999999999999996
0866055333028,Alexandra Anstrell,M,Stockholms län,kvinna,1974,37,354,128,91,2019/20,610,41.967213114754095
086684470825,Tobias Andersson,SD,Västra Götalands läns östra,man,1996,88,172,199,151,2019/20,610,71.80327868852459
0873650166625,Sara Heikkinen Breitholtz,S,Hallands län,kvinna,1986,0,434,164,12,2019/20,610,28.85245901639344
0875221317013,Gunilla Carlsson,S,Göteborgs kommun,kvinna,1966,0,379,217,14,2019/20,610,37.86885245901639
0877778793323,Johan Büser,S,Göteborgs kommun,man,1983,0,384,209,17,2019/20,610,37.04918032786885
0878075468027,Hillevi Larsson,S,Malmö kommun,kvinna,1974,0,397,200,13,2019/20,610,34.91803278688524
0879782396219,Olle Thorell,S,Västmanlands län,man,1967,0,420,178,12,2019/20,610,31.147540983606557
0880018341619,Thomas Morell,SD,Gävleborgs län,man,1957,80,211,168,151,2019/20,610,65.40983606557378
0884738092723,Kristina Yngwe,C,Skåne läns södra,kvinna,1983,14,125,141,28,2019/20,308,59.41558441558441
089246126523,Elin Lundgren,S,Gävleborgs län,kvinna,1978,1,383,213,13,2019/20,610,37.21311475409836
0892978334516,Michael Anefur,KD,Skåne läns västra,man,1957,22,1,46,17,2019/20,86,98.83720930232558
0893004490313,Cecilia Widegren,M,Västra Götalands läns östra,kvinna,1973,39,413,88,70,2019/20,610,32.295081967213115
0899112324519,Elisabeth Svantesson,M,Örebro län,kvinna,1967,42,350,130,88,2019/20,610,42.622950819672134
0899169869710,Helena Gellerman,L,Västra Götalands läns västra,kvinna,1960,14,378,190,28,2019/20,610,38.032786885245905
0903081277919,Helena Vilhelmsson,C,Örebro län,kvinna,1965,22,313,220,55,2019/20,610,48.68852459016394
0903307301618,Peter Persson,S,Jönköpings län,man,1955,0,413,186,10,2019/20,609,32.18390804597702
0905312407726,Cassandra Sundin,SD,Jämtlands län,kvinna,1991,43,397,89,81,2019/20,610,34.91803278688524
0909948830718,Ann-Christin Ahlberg,S,Västra Götalands läns södra,kvinna,1957,0,377,219,14,2019/20,610,38.196721311475414
0911067396229,Mattias Vepsä,S,Stockholms kommun,man,1980,0,232,174,18,2019/20,424,45.28301886792453
0911916463828,Fredrik Lundh Sammeli,S,Norrbottens län,man,1977,0,248,336,26,2019/20,610,59.34426229508196
091303475611,Eric Palmqvist,SD,Norrbottens län,man,1970,47,381,96,86,2019/20,610,37.540983606557376
0920901966627,Tony Haddou,V,Göteborgs kommun,man,1989,42,397,120,51,2019/20,610,34.91803278688524
0925652297119,Per Ramhorn,SD,Malmö kommun,man,1967,51,367,106,86,2019/20,610,39.8360655737705
0926214745119,Heléne Björklund,S,Blekinge län,kvinna,1972,0,398,199,13,2019/20,610,34.75409836065574
0932000030511,Maria Stockhaus,M,Stockholms län,kvinna,1963,85,113,246,166,2019/20,610,81.47540983606557
0934639939611,Ola Johansson,C,Hallands län,man,1960,18,311,226,55,2019/20,610,49.01639344262295
0940980416614,Jan Ericson,M,Västra Götalands läns södra,man,1961,67,218,187,138,2019/20,610,64.26229508196721
0952789103522,Elin Segerlind,V,Västra Götalands läns norra,kvinna,1985,32,442,97,39,2019/20,610,27.54098360655738
0955748436811,Robert Stenkvist,SD,Stockholms län,man,1958,68,246,165,131,2019/20,610,59.67213114754099
0956595590924,Tobias Billström,M,Malmö kommun,man,1973,54,252,180,124,2019/20,610,58.68852459016394
0962410717322,Sultan Kayhan,S,Stockholms kommun,kvinna,1988,0,224,354,32,2019/20,610,63.278688524590166
0962841101917,Annika Qarlsson,C,Västra Götalands läns västra,kvinna,1964,15,414,148,33,2019/20,610,32.131147540983605
0964730940415,Johan Andersson,S,Östergötlands län,man,1961,0,389,204,17,2019/20,610,36.22950819672132
0970259744617,Margareta Cederfelt,M,Stockholms kommun,kvinna,1959,20,453,76,61,2019/20,610,25.73770491803279
0970709885516,Inga-Lill Sjöblom,S,Uppsala län,kvinna,1959,1,270,191,13,2019/20,475,43.15789473684211
0973782197017,Mikael Oscarsson,KD,Uppsala län,man,1967,37,404,112,57,2019/20,610,33.77049180327869
0974061238314,Paula Holmqvist,S,Västra Götalands läns norra,kvinna,1964,0,436,162,12,2019/20,610,28.524590163934427
0977592683711,Magnus Jacobsson,KD,Västra Götalands läns norra,man,1968,64,260,196,90,2019/20,610,57.377049180327866
0980092192122,Joar Forssell,L,Stockholms kommun,man,1993,40,119,382,69,2019/20,610,80.49180327868852
0980316377627,Lars Hjälmered,M,Göteborgs kommun,man,1977,45,276,170,119,2019/20,610,54.754098360655746
0980681611418,Hans Wallmark,M,Skåne läns norra och östra,man,1965,33,369,124,84,2019/20,610,39.50819672131147
0982795248728,Jakob Forssmed,KD,Stockholms län,man,1974,23,442,57,24,2019/20,546,19.047619047619047
0989755177525,Mattias Ingeson,KD,Jönköpings län,man,1974,19,30,64,39,2019/20,152,80.26315789473684
0992420223820,Jessica Rosencrantz,M,Stockholms kommun,kvinna,1987,18,120,38,21,2019/20,197,39.086294416243646
0992473266516,Larry Söder,KD,Hallands län,man,1969,63,265,194,88,2019/20,610,56.55737704918033
0996640018922,Yasmine Bladelius,S,Skåne läns västra,kvinna,1988,0,446,151,12,2019/20,609,26.76518883415435
0999976269027,Amanda Palmstierna,MP,Stockholms län,kvinna,1977,0,264,311,35,2019/20,610,56.72131147540984
010343930918,Cecilie Tenfjord Toftby,M,Västra Götalands läns södra,kvinna,1970,9,747,69,35,2020/21,860,13.139534883720927
0103624617217,Helén Pettersson,S,Västerbottens län,kvinna,1972,0,859,1,0,2020/21,860,0.11627906976744429
0105632258713,Boriana Åberg,M,Skåne läns södra,kvinna,1968,23,696,84,57,2020/21,860,19.069767441860463
010643534813,Eric Westroth,SD,Hallands län,man,1971,43,661,84,72,2020/21,860,23.139534883720923
0108109641223,Carl-Oskar Bohlin,M,Dalarnas län,man,1986,1,696,13,8,2020/21,718,3.064066852367686
0111479807829,Anna Wallentheim,S,Skåne läns norra och östra,kvinna,1985,0,684,159,17,2020/21,860,20.465116279069772
0116759114313,Bengt Eliasson,L,Hallands län,man,1961,30,641,153,36,2020/21,860,25.465116279069765
0119851690521,David Perez,SD,Uppsala län,man,1990,57,382,135,73,2020/21,647,40.95826893353941
0121939297619,Jamal El-Haj,S,Malmö kommun,man,1960,0,768,79,13,2020/21,860,10.697674418604652
0122987223112,Lotta Johnsson Fornarve,V,Södermanlands län,kvinna,1956,9,817,25,9,2020/21,860,5.000000000000004
012576033427,Hannah Bergstedt,S,Norrbottens län,kvinna,1977,0,576,0,0,2020/21,576,0.0
0126797549328,Johan Forssell,M,Stockholms kommun,man,1979,0,827,24,9,2020/21,860,3.8372093023255838
0128805841317,Katarina Brännström,M,Kronobergs län,kvinna,1950,0,859,0,1,2020/21,860,0.11627906976744429
0130640724922,Clara Aranda,SD,Skåne läns södra,kvinna,1988,49,678,76,57,2020/21,860,21.162790697674417
0130789484021,Mattias Bäckström Johansson,SD,Kalmar län,man,1985,0,859,0,1,2020/21,860,0.11627906976744429
0132818093422,Rickard Nordin,C,Göteborgs kommun,man,1983,22,686,126,26,2020/21,860,20.232558139534884
0134101155612,Rikard Larsson,S,Skåne läns södra,man,1966,0,585,229,46,2020/21,860,31.976744186046513
0136801772915,Maria Strömkvist,S,Dalarnas län,kvinna,1964,0,629,197,34,2020/21,860,26.860465116279077
0138741628520,Angelika Bengtsson,SD,Blekinge län,kvinna,1990,75,515,156,114,2020/21,860,40.116279069767444
014386615025,Ali Esbati,V,Stockholms kommun,man,1976,6,805,39,10,2020/21,860,6.395348837209303
0144048894712,Ellen Juntti,M,Västra Götalands läns västra,kvinna,1958,23,674,101,62,2020/21,860,21.627906976744182
0145294944502,Roger Richthoff,SD,Södermanlands län,man,1948,8,809,23,20,2020/21,860,5.9302325581395365
0148424181819,Ann-Christine From Utterstedt,SD,Västmanlands län,kvinna,1972,52,536,168,104,2020/21,860,37.67441860465116
0150118366721,Linda Westerlund Snecker,V,Östergötlands län,kvinna,1983,13,767,63,17,2020/21,860,10.813953488372096
0150200797210,Mats Sander,M,Skåne läns västra,man,1963,13,420,43,22,2020/21,498,15.662650602409634
0155487380917,Kerstin Lundgren,C,Stockholms län,kvinna,1955,33,540,200,87,2020/21,860,37.2093023255814
0161597857912,Tuve Skånberg,KD,Skåne läns norra och östra,man,1956,14,791,34,21,2020/21,860,8.02325581395349
0161616238120,Lina Nordquist,L,Uppsala län,kvinna,1977,4,810,39,7,2020/21,860,5.813953488372093
0166790812128,Hanif Bali,M,Stockholms län,man,1987,0,860,0,0,2020/21,860,0.0
0170585430421,Jimmy Ståhl,SD,Västra Götalands läns norra,man,1975,2,824,19,15,2020/21,860,4.1860465116279055
0170630324419,Per Schöldberg,C,Kronobergs län,man,1962,35,610,164,51,2020/21,860,29.06976744186046
0183544538819,Patrik Jönsson,SD,Västra Götalands läns södra,man,1972,37,674,90,59,2020/21,860,21.627906976744182
0194021108712,Mikael Strandman,SD,Stockholms län,man,1966,73,511,167,109,2020/21,860,40.58139534883721
019430605328,Josefin Malmqvist,M,Stockholms län,kvinna,1987,11,775,46,28,2020/21,860,9.883720930232553
0194498232620,Roza Güclü Hedin,S,Dalarnas län,kvinna,1982,0,747,95,18,2020/21,860,13.139534883720927
0196077326617,Solveig Zander,C,Uppsala län,kvinna,1955,8,24,72,8,2020/21,112,78.57142857142857
0198917587520,Maj Karlsson,V,Göteborgs kommun,kvinna,1980,0,841,16,3,2020/21,860,2.209302325581397
0199751900210,Annelie Karlsson,S,Skåne läns norra och östra,kvinna,1965,0,780,67,13,2020/21,860,9.302325581395355
0201207390210,Lars Adaktusson,KD,Dalarnas län,man,1955,9,810,30,11,2020/21,860,5.813953488372093
0202577142527,Matheus Enholm,SD,Västra Götalands läns norra,man,1979,16,743,60,41,2020/21,860,13.604651162790693
0203877548421,Malin Larsson,S,Västernorrlands län,kvinna,1980,0,706,133,21,2020/21,860,17.906976744186043
0204240926023,Markus Wiechel,SD,Östergötlands län,man,1988,46,687,74,53,2020/21,860,20.11627906976744
0204443909416,Johan Hedin,C,Stockholms kommun,man,1969,11,696,42,10,2020/21,759,8.300395256916993
0204494765606,Ann-Britt Åsebol,M,Dalarnas län,kvinna,1947,4,837,12,7,2020/21,860,2.674418604651163
0208558695314,Ingemar Nilsson,S,Västernorrlands län,man,1956,0,858,1,0,2020/21,859,0.11641443538998875
0210198640127,Fredrik Schulte,M,Stockholms län,man,1981,0,844,11,5,2020/21,860,1.8604651162790753
0211757295524,Josef Fransson,SD,Västra Götalands läns östra,man,1978,0,859,0,1,2020/21,860,0.11627906976744429
0216534495014,Jens Holm,V,Stockholms kommun,man,1971,74,467,224,95,2020/21,860,45.69767441860465
0222691314314,Ulf Kristersson,M,Stockholms kommun,man,1963,0,860,0,0,2020/21,860,0.0
0223069839622,Robert Hannah,L,Göteborgs kommun,man,1985,18,706,113,23,2020/21,860,17.906976744186043
0224712677012,Johan Pehrson,L,Örebro län,man,1968,4,824,24,8,2020/21,860,4.1860465116279055
0226631365426,Mikael Larsson,C,Västra Götalands läns södra,man,1989,34,589,167,70,2020/21,860,31.51162790697675
0227531635413,Lars Püss,M,Hallands län,man,1966,16,685,101,58,2020/21,860,20.348837209302328
0227802801605,Thomas Hammarberg,S,Stockholms kommun,man,1942,0,859,1,0,2020/21,860,0.11627906976744429
0228027853620,Vasiliki Tsouplaki,V,Västmanlands län,kvinna,1980,0,859,1,0,2020/21,860,0.11627906976744429
022805994927,Sofia Westergren,M,Västra Götalands läns västra,kvinna,1974,16,737,71,36,2020/21,860,14.302325581395348
0228167770927,Maria Nilsson,L,Göteborgs kommun,kvinna,1979,28,604,181,47,2020/21,860,29.767441860465116
0229350341619,Ilona Szatmari Waldau,V,Uppsala län,kvinna,1962,18,718,90,34,2020/21,860,16.511627906976745
0229760896014,Anders W Jonsson,C,Gävleborgs län,man,1961,15,750,71,24,2020/21,860,12.790697674418606
0237055280513,Roland Utbult,KD,Västra Götalands läns västra,man,1951,16,777,48,19,2020/21,860,9.651162790697676
023767922422,Mats Persson,L,Skåne läns södra,man,1980,5,793,50,12,2020/21,860,7.790697674418601
0238095659621,Linda Modig,C,Norrbottens län,kvinna,1975,37,570,196,57,2020/21,860,33.720930232558146
0246927519019,Karin Rågsjö,V,Stockholms kommun,kvinna,1955,84,251,375,150,2020/21,860,70.81395348837209
0249261021627,Hannes Hervieu,C,Stockholms kommun,man,1989,1,72,21,7,2020/21,101,28.712871287128717
025158809026,Ida Gabrielsson,V,Stockholms län,kvinna,1981,0,859,1,0,2020/21,860,0.11627906976744429
0252067342313,Åsa Lindestam,S,Gävleborgs län,kvinna,1956,0,801,54,5,2020/21,860,6.860465116279069
0254021157518,Lars Andersson,SD,Skåne läns södra,man,1964,49,662,81,68,2020/21,860,23.02325581395349
0254695027922,Momodou Malcolm Jallow,V,Malmö kommun,man,1975,0,859,1,0,2020/21,860,0.11627906976744429
0256716955026,Serkan Köse,S,Stockholms län,man,1976,0,572,254,34,2020/21,860,33.48837209302326
0257612529618,Kenneth G Forslund,S,Västra Götalands läns västra,man,1967,0,721,123,16,2020/21,860,16.162790697674424
025877594729,John Widegren,M,Östergötlands län,man,1980,37,573,159,91,2020/21,860,33.372093023255815
025931369428,Jonas Andersson,SD,Östergötlands län,man,1989,8,823,19,10,2020/21,860,4.302325581395349
025967059622,Magnus Manhammar,S,Blekinge län,man,1980,0,805,45,10,2020/21,860,6.395348837209303
02658325625,Angelica Lundberg,SD,Jönköpings län,kvinna,1981,28,710,69,53,2020/21,860,17.441860465116278
0267085997926,Lena Rådström Baastad,S,Örebro län,kvinna,1974,0,859,0,0,2020/21,859,0.0
0271338654822,Ola Möller,S,Skåne läns västra,man,1983,0,784,65,11,2020/21,860,8.837209302325578
0272006117024,Jon Thorbjörnson,V,Hallands län,man,1976,9,772,62,17,2020/21,860,10.232558139534886
0273506284025,Edward Riedl,M,Västerbottens län,man,1976,24,679,103,54,2020/21,860,21.046511627906973
0274462857213,Petter Löberg,S,Västra Götalands läns södra,man,1968,0,759,89,12,2020/21,860,11.74418604651163
0277648711624,Anders Österberg,S,Stockholms kommun,man,1981,0,856,3,1,2020/21,860,0.46511627906976605
0279488554424,Alexander Christiansson,SD,Göteborgs kommun,man,1981,29,722,57,52,2020/21,860,16.04651162790698
0281670919717,Jörgen Grubb,SD,Östergötlands län,man,1962,23,790,28,19,2020/21,860,8.139534883720934
0285527517421,Caroline Nordengrip,SD,Västra Götalands läns södra,kvinna,1980,14,763,52,31,2020/21,860,11.279069767441863
0285631067215,Robert Halef,KD,Stockholms län,man,1964,1,859,0,0,2020/21,860,0.11627906976744429
028954589415,Ann-Sofie Alm,M,Västra Götalands läns norra,kvinna,1971,23,762,46,29,2020/21,860,11.395348837209307
02910042914,Carina Ödebrink,S,Jönköpings län,kvinna,1961,0,606,227,27,2020/21,860,29.534883720930228
0294138886823,Martin Kinnunen,SD,Stockholms län,man,1983,0,859,0,1,2020/21,860,0.11627906976744429
0296384583518,Åsa Eriksson,S,Västmanlands län,kvinna,1972,0,733,119,8,2020/21,860,14.767441860465114
0304498908019,Gudrun Brunegård,KD,Kalmar län,kvinna,1957,29,736,64,31,2020/21,860,14.418604651162791
0306286538528,Sofia Damm,KD,Skåne läns södra,kvinna,1977,32,760,46,22,2020/21,860,11.627906976744185
0308306375022,Roger Haddad,L,Västmanlands län,man,1978,13,789,45,13,2020/21,860,8.255813953488367
0309480686522,Leila Ali-Elmi,MP,Göteborgs kommun,kvinna,1988,0,722,122,16,2020/21,860,16.04651162790698
0313210809828,Emil Källström,C,Västernorrlands län,man,1987,0,507,0,0,2020/21,507,0.0
0313390540217,Ingela Nylund Watz,S,Stockholms län,kvinna,1962,0,844,16,0,2020/21,860,1.8604651162790753
0315499690028,Teresa Carvalho,S,Östergötlands län,kvinna,1984,0,745,86,29,2020/21,860,13.372093023255815
0316505710324,Janine Alm Ericson,MP,Västra Götalands läns västra,kvinna,1973,0,108,50,7,2020/21,165,34.54545454545455
0322827326923,Arman Teimouri,L,Värmlands län,man,1980,10,797,44,9,2020/21,860,7.325581395348834
0323000187920,Solange Olame Bayibsa,S,Stockholms län,kvinna,1987,0,641,138,31,2020/21,810,20.864197530864192
0325462829512,Christina Tapper Östberg,SD,Skåne läns norra och östra,kvinna,1968,0,0,0,1,2020/21,1,100.0
0325462829512,Christina Östberg,SD,Skåne läns norra och östra,kvinna,1968,0,859,0,0,2020/21,859,0.0
0331791853028,Yasmine Eriksson,SD,Stockholms kommun,kvinna,1989,0,859,0,1,2020/21,860,0.11627906976744429
0333193598116,Bo Broman,SD,Stockholms län,man,1969,10,793,31,26,2020/21,860,7.790697674418601
0334816698724,Karolina Skog,MP,Stockholms län,kvinna,1976,0,845,13,2,2020/21,860,1.744186046511631
0338088431726,Sara Gille,SD,Malmö kommun,kvinna,1981,15,707,82,55,2020/21,859,17.694994179278233
033935884729,Martina Johansson,C,Södermanlands län,kvinna,1975,28,589,169,74,2020/21,860,31.51162790697675
0339894357417,Jennie Nilsson,S,Hallands län,kvinna,1972,0,0,1,0,2020/21,1,100.0
0341628241813,Marianne Fundahn,S,Skåne läns södra,kvinna,1958,0,0,1,0,2020/21,1,100.0
0341628241813,Marianne Pettersson,S,Skåne läns södra,kvinna,1958,0,816,38,5,2020/21,859,5.005820721769494
0344222203323,Dennis Dioukarev,SD,Göteborgs kommun,man,1993,39,663,88,70,2020/21,860,22.906976744186046
0358278412329,Björn Petersson,S,Kalmar län,man,1982,0,787,51,22,2020/21,860,8.488372093023255
0358514648113,Marléne Lund Kopparklint,M,Värmlands län,kvinna,1973,0,859,0,1,2020/21,860,0.11627906976744429
0360160202728,Emma Ahlström Köster,M,Skåne läns södra,kvinna,1987,13,378,43,31,2020/21,465,18.709677419354843
0363228965800,Barbro Westerholm,L,Stockholms län,kvinna,1933,17,752,78,13,2020/21,860,12.558139534883717
0363721826713,Per Lodenius,C,Stockholms län,man,1966,10,753,70,27,2020/21,860,12.441860465116283
0364687971222,Alireza Akhondi,C,Stockholms län,man,1980,5,829,19,7,2020/21,860,3.604651162790695
0365696629917,Inge Ståhlgren,S,Södermanlands län,man,1952,0,496,311,46,2020/21,853,41.85228604923799
0365748677411,Mats Nordberg,SD,Dalarnas län,man,1958,0,859,0,1,2020/21,860,0.11627906976744429
037561614928,Lawen Redar,S,Stockholms kommun,kvinna,1989,0,683,161,16,2020/21,860,20.581395348837205
0376353897112,Leif Nysmed,S,Stockholms län,man,1970,0,690,149,21,2020/21,860,19.76744186046512
0376395541120,Joakim Sandell,S,Malmö kommun,man,1975,0,662,167,31,2020/21,860,23.02325581395349
037781229619,Staffan Eklöf,SD,Hallands län,man,1965,15,823,11,11,2020/21,860,4.302325581395349
0378597308227,Camilla Brodin,KD,Stockholms län,kvinna,1979,63,499,190,108,2020/21,860,41.97674418604651
0383111552218,Jonas Sjöstedt,V,Västerbottens län,man,1964,2,0,12,3,2020/21,17,100.0
0389220391128,Christian Carlsson,KD,Stockholms kommun,man,1987,18,602,40,17,2020/21,677,11.07828655834564
0397924710612,Ulrika Karlsson,M,Uppsala län,kvinna,1973,0,399,0,1,2020/21,400,0.24999999999999467
0406831930624,Henrik Vinge,SD,Stockholms kommun,man,1988,0,851,7,2,2020/21,860,1.0465116279069764
0407081382317,Anna-Caren Sätherberg,S,Jämtlands län,kvinna,1964,0,714,133,13,2020/21,860,16.97674418604651
0409540163215,Hans Rothenberg,M,Göteborgs kommun,man,1961,18,709,84,49,2020/21,860,17.558139534883722
0409655917321,Jakob Olofsgård,L,Jönköpings län,man,1975,0,0,1,0,2020/21,1,100.0
0411459873625,Hanna Gunnarsson,V,Skåne läns södra,kvinna,1983,117,13,526,204,2020/21,860,98.48837209302326
0412148992926,Hanna Westerén,S,Gotlands län,kvinna,1981,0,782,66,12,2020/21,860,9.069767441860465
0415959965211,Mia Sydow Mölleby,V,Örebro län,kvinna,1960,39,616,145,60,2020/21,860,28.372093023255818
0418929039326,Patrik Lundqvist,S,Gävleborgs län,man,1984,0,741,105,14,2020/21,860,13.837209302325581
041911485722,Magdalena Schröder,M,Stockholms län,kvinna,1990,19,648,125,68,2020/21,860,24.65116279069768
042413114103,Anne Oskarsson,SD,Kalmar län,kvinna,1946,43,626,112,79,2020/21,860,27.209302325581397
0427321850912,Lars Mejern Larsson,S,Värmlands län,man,1965,0,854,4,2,2020/21,860,0.6976744186046546
0430865615328,Linda Lindberg,SD,Skåne läns västra,kvinna,1974,36,719,60,45,2020/21,860,16.3953488372093
0435740736429,Hampus Hagman,KD,Göteborgs kommun,man,1987,49,643,105,63,2020/21,860,25.232558139534888
043972220518,Jasenko Omanovic,S,Västernorrlands län,man,1967,0,727,113,20,2020/21,860,15.465116279069768
0442629549320,Adnan Dibrani,S,Hallands län,man,1985,0,711,133,16,2020/21,860,17.325581395348834
0446541913415,Allan Widman,L,Malmö kommun,man,1964,0,859,1,0,2020/21,860,0.11627906976744429
0452755722723,Björn Söder,SD,Skåne läns norra och östra,man,1976,2,812,23,23,2020/21,860,5.581395348837215
0454698803028,Sofia Nilsson,C,Skåne läns norra och östra,kvinna,1982,14,747,75,24,2020/21,860,13.139534883720927
0455086201022,Johnny Skalin,SD,Västernorrlands län,man,1978,51,597,131,81,2020/21,860,30.581395348837216
0456680171315,Charlotte Quensel,SD,Västra Götalands läns västra,kvinna,1961,70,516,162,112,2020/21,860,40.0
0457722435319,Tomas Kronståhl,S,Kalmar län,man,1967,0,788,21,1,2020/21,810,2.716049382716046
0460690753617,Pia Nilsson,S,Västmanlands län,kvinna,1962,0,753,84,23,2020/21,860,12.441860465116283
0465804601318,Pia Steensland,KD,Södermanlands län,kvinna,1972,31,757,42,30,2020/21,860,11.976744186046506
0466653728712,Denis Begic,S,Örebro län,man,1970,0,797,57,6,2020/21,860,7.325581395348834
0468765214727,Yasmine Posio,V,Göteborgs kommun,kvinna,1974,4,810,32,14,2020/21,860,5.813953488372093
0468956880528,Mikael Eskilandersson,SD,Skåne läns norra och östra,man,1977,9,771,48,32,2020/21,860,10.348837209302332
0472349361027,Kalle Olsson,S,Jämtlands län,man,1984,0,704,132,24,2020/21,860,18.13953488372093
0474290584024,Azadeh Rojhan Gustafsson,S,Stockholms län,kvinna,1986,1,577,237,45,2020/21,860,32.906976744186046
0475643059428,Jonny Cato,C,Skåne läns västra,man,1994,23,647,131,59,2020/21,860,24.767441860465112
0475778011711,Hans Ekström,S,Södermanlands län,man,1958,0,816,39,5,2020/21,860,5.116279069767438
0481460392727,Jessica Wetterling,V,Västra Götalands läns västra,kvinna,1986,65,333,330,132,2020/21,860,61.27906976744186
0482689573825,Björn Wiechel,S,Västerbottens län,man,1983,0,698,149,13,2020/21,860,18.837209302325586
0488332307829,Abraham Halef,S,Stockholms län,man,1992,1,667,178,14,2020/21,860,22.44186046511628
048970816012,Eva-Lena Jansson,S,Örebro län,kvinna,1963,0,0,1,0,2020/21,1,100.0
0492644357418,Per Söderlund,SD,Örebro län,man,1972,18,723,68,51,2020/21,860,15.930232558139535
049290762318,ClasGöran Carlsson,S,Kronobergs län,man,1962,0,632,201,27,2020/21,860,26.51162790697674
0493288854424,Niklas Wykman,M,Stockholms län,man,1981,20,670,110,60,2020/21,860,22.093023255813947
0494054455310,David Lång,SD,Örebro län,man,1972,63,644,89,64,2020/21,860,25.116279069767444
0494242537816,Hans Eklind,KD,Örebro län,man,1966,27,668,105,60,2020/21,860,22.325581395348838
0494843794418,Martin Ådahl,C,Stockholms kommun,man,1969,0,850,7,3,2020/21,860,1.1627906976744207
0495218011521,Johanna Jönsson,C,Stockholms kommun,kvinna,1982,7,800,46,6,2020/21,859,6.868451688009314
0495661214429,Lorentz Tovatt,MP,Stockholms kommun,man,1989,0,717,128,15,2020/21,860,16.62790697674419
0496341906327,Alexandra Völker,S,Stockholms län,kvinna,1989,0,487,45,11,2020/21,543,10.313075506445667
0497217816024,Markus Selin,S,Stockholms län,man,1978,0,572,251,37,2020/21,860,33.48837209302326
0499755198526,Mattias Jonsson,S,Göteborgs kommun,man,1974,0,770,81,9,2020/21,860,10.465116279069765
0502490570219,Kristina Axén Olin,M,Stockholms kommun,kvinna,1962,41,634,119,66,2020/21,860,26.279069767441865
0502688311316,Anna Vikström,S,Stockholms län,kvinna,1957,0,528,296,36,2020/21,860,38.604651162790695
0503029811325,David Josefsson,M,Göteborgs kommun,man,1983,11,703,97,48,2020/21,859,18.160651920838188
0503363679811,Stefan Plath,SD,Malmö kommun,man,1970,0,1,0,0,2020/21,1,0.0
0506482805418,Isak From,S,Västerbottens län,man,1967,1,559,249,51,2020/21,860,35.0
0506541436524,Sanne Lennström,S,Uppsala län,kvinna,1988,0,757,88,15,2020/21,860,11.976744186046506
0509415296421,Kjell-Arne Ottosson,KD,Värmlands län,man,1975,44,699,74,43,2020/21,860,18.720930232558143
0509830681123,Ida Karkiainen,S,Norrbottens län,kvinna,1988,0,662,177,21,2020/21,860,23.02325581395349
051207517226,Jimmie Åkesson,SD,Jönköpings län,man,1979,0,860,0,0,2020/21,860,0.0
0512510717328,Ebba Busch,KD,Västra Götalands läns östra,kvinna,1987,0,860,0,0,2020/21,860,0.0
0516528386117,Patrik Björck,S,Västra Götalands läns östra,man,1957,0,820,40,0,2020/21,860,4.651162790697672
051870309210,Anna Sibinska,MP,Göteborgs kommun,kvinna,1963,0,681,158,21,2020/21,860,20.813953488372093
0519542449425,Fredrik Christensson,C,Västra Götalands läns norra,man,1991,7,697,118,38,2020/21,860,18.95348837209302
0519740099915,Saila Quicklund,M,Jämtlands län,kvinna,1961,72,357,275,156,2020/21,860,58.48837209302326
0521260619925,Sofia Amloh,S,Södermanlands län,kvinna,1986,0,0,1,0,2020/21,1,100.0
0521844714515,Christina Höj Larsen,V,Västernorrlands län,kvinna,1971,0,860,0,0,2020/21,860,0.0
0522054204918,Mattias Karlsson,M,Norrbottens län,man,1972,15,679,102,64,2020/21,860,21.046511627906973
0522240580423,Arin Karapet,M,Stockholms kommun,man,1988,23,716,73,48,2020/21,860,16.744186046511633
0523902030928,Aylin Fazelian,S,Västra Götalands läns västra,kvinna,1992,0,849,8,2,2020/21,859,1.1641443538998875
0526748040023,Ludvig Aspling,SD,Stockholms län,man,1983,1,843,8,8,2020/21,860,1.9767441860465085
0529103571012,Jan R Andersson,M,Kalmar län,man,1970,21,729,64,46,2020/21,860,15.23255813953488
0530425150220,Annika Strandhäll,S,Stockholms kommun,kvinna,1975,0,821,38,1,2020/21,860,4.534883720930227
0534870997412,Åsa Hartzell,M,Göteborgs kommun,kvinna,1963,0,0,0,1,2020/21,1,100.0
0537400268911,Caroline Helmersson Olsson,S,Södermanlands län,kvinna,1963,0,511,317,32,2020/21,860,40.58139534883721
0538387395826,Mats Green,M,Jönköpings län,man,1979,45,616,127,72,2020/21,860,28.372093023255818
0538494048717,Jonas Andersson,SD,Västerbottens län,man,1972,58,513,174,115,2020/21,860,40.348837209302324
0540190357911,Hans Hoff,S,Hallands län,man,1963,0,854,4,2,2020/21,860,0.6976744186046546
0541320528015,Nina Lundström,L,Stockholms län,kvinna,1961,5,830,24,1,2020/21,860,3.488372093023251
0542160909628,Andreas Carlson,KD,Jönköpings län,man,1987,3,843,10,4,2020/21,860,1.9767441860465085
0545353563812,Amineh Kakabaveh,-,Stockholms län,kvinna,1970,156,224,366,114,2020/21,860,73.95348837209302
0545733815610,Patrick Reslow,SD,Värmlands län,man,1970,38,737,41,44,2020/21,860,14.302325581395348
0546731406922,Rebecka Le Moine,MP,Östergötlands län,kvinna,1990,0,746,104,9,2020/21,859,13.154831199068685
0547805254924,Jessica Thunander,V,Västra Götalands läns östra,kvinna,1973,3,829,20,8,2020/21,860,3.604651162790695
0547818628111,Betty Malmberg,M,Östergötlands län,kvinna,1958,17,707,89,47,2020/21,860,17.79069767441861
055257333723,Oscar Sjöstedt,SD,Västmanlands län,man,1981,8,788,36,28,2020/21,860,8.372093023255811
0554852839719,Mikael Dahlqvist,S,Värmlands län,man,1967,0,752,94,14,2020/21,860,12.558139534883717
0556755096938,Axel Hallberg,MP,Skåne läns södra,man,1999,0,0,1,0,2020/21,1,100.0
0557180142229,Fredrik Lindahl,SD,Stockholms län,man,1987,0,857,2,1,2020/21,860,0.34883720930232176
055824190225,Ebba Hermansson,SD,Skåne läns västra,kvinna,1996,23,777,42,18,2020/21,860,9.651162790697676
0559925283228,Teres Lindberg,S,Stockholms kommun,kvinna,1974,0,651,187,22,2020/21,860,24.302325581395344
0564126739422,Åsa Coenraads,M,Västmanlands län,kvinna,1978,22,642,124,72,2020/21,860,25.34883720930232
0572788110724,Maria Malmer Stenergard,M,Skåne läns norra och östra,kvinna,1981,34,565,172,89,2020/21,860,34.30232558139535
0575283695521,Helena Antoni,M,Hallands län,kvinna,1995,21,671,106,61,2020/21,859,21.885913853317806
0575283695521,Helena Storckenfeldt,M,Hallands län,kvinna,1995,0,0,0,1,2020/21,1,100.0
0575584900819,Daniel Färm,S,Stockholms län,man,1972,0,0,60,14,2020/21,74,100.0
057993099726,Magnus Ek,C,Östergötlands län,man,1994,24,675,123,38,2020/21,860,21.51162790697675
0582811195313,Tina Acketoft,L,Skåne läns västra,kvinna,1966,2,834,19,5,2020/21,860,3.023255813953485
0584506101017,Magnus Stuart,M,Södermanlands län,man,1952,16,608,53,41,2020/21,718,15.320334261838441
0587736055221,Niels Paarup-Petersen,C,Malmö kommun,man,1978,18,736,88,18,2020/21,860,14.418604651162791
0588282566419,Lars Beckman,M,Gävleborgs län,man,1967,0,859,0,1,2020/21,860,0.11627906976744429
0590042760718,Annicka Engblom,M,Blekinge län,kvinna,1967,17,775,45,23,2020/21,860,9.883720930232553
0594680769027,Daniel Andersson,S,Örebro län,man,1986,0,816,37,7,2020/21,860,5.116279069767438
0598792324417,Ulrika Jörgensen,M,Hallands län,kvinna,1967,11,753,66,30,2020/21,860,12.441860465116283
0603366539729,Malin Danielsson,L,Stockholms län,kvinna,1977,39,522,239,60,2020/21,860,39.30232558139535
0603753860213,Carina Ståhl Herrstedt,SD,Skåne läns västra,kvinna,1971,0,859,0,1,2020/21,860,0.11627906976744429
0604459858621,Emilia Töyrä,S,Norrbottens län,kvinna,1985,0,245,34,5,2020/21,284,13.732394366197187
0604811710522,Ida Drougge,M,Stockholms län,kvinna,1990,27,670,102,61,2020/21,860,22.093023255813947
0606863154419,Mats Berglund,MP,Stockholms kommun,man,1970,0,695,146,19,2020/21,860,19.186046511627907
0607691439013,Karin Enström,M,Stockholms län,kvinna,1966,35,680,90,55,2020/21,860,20.93023255813954
0612916684825,Johan Löfstrand,S,Östergötlands län,man,1976,0,677,167,16,2020/21,860,21.27906976744186
0613297818326,Mathias Tegnér,S,Stockholms län,man,1979,0,187,80,26,2020/21,293,36.17747440273038
0616721755222,Louise Meijer,M,Skåne läns södra,kvinna,1990,15,288,54,38,2020/21,395,27.088607594936708
0619928872229,Laila Naraghi,S,Kalmar län,kvinna,1982,0,840,19,1,2020/21,860,2.3255813953488413
0624040854527,Emma Berginger,MP,Skåne läns södra,kvinna,1986,0,708,118,33,2020/21,859,17.578579743888245
0624994476012,Nermina Mizimovic,S,Kalmar län,kvinna,1973,0,50,0,0,2020/21,50,0.0
0625199891029,Johanna Öfverbeck,MP,Malmö kommun,kvinna,1984,0,107,3,2,2020/21,112,4.46428571428571
0628005785225,Jörgen Berglund,M,Västernorrlands län,man,1974,37,682,93,48,2020/21,860,20.69767441860465
0628190530410,Ulla Andersson,V,Gävleborgs län,kvinna,1963,3,830,20,7,2020/21,860,3.488372093023251
0628870165823,Emma Hult,MP,Jönköpings län,kvinna,1988,0,608,225,27,2020/21,860,29.30232558139535
0630820052511,Per-Arne Håkansson,S,Skåne läns norra och östra,man,1963,0,610,211,39,2020/21,860,29.06976744186046
0637784834317,Diana Laitinen Carlsson,S,Jönköpings län,kvinna,1972,0,739,113,8,2020/21,860,14.06976744186047
0638497389621,Julia Kronlid,SD,Stockholms län,kvinna,1980,0,859,0,1,2020/21,860,0.11627906976744429
0640627133410,Elisabeth Falkhaven,MP,Hallands län,kvinna,1955,0,797,59,4,2020/21,860,7.325581395348834
0641953830512,Magnus Persson,SD,Dalarnas län,man,1970,87,511,162,100,2020/21,860,40.58139534883721
0642224351118,Pål Jonson,M,Värmlands län,man,1972,26,713,71,50,2020/21,860,17.093023255813954
0645111757928,Elin Gustafsson,S,Skåne läns södra,kvinna,1989,0,811,43,6,2020/21,860,5.697674418604648
064711971110,Maria Gardfjell,MP,Uppsala län,kvinna,1965,0,745,98,17,2020/21,860,13.372093023255815
0648224557612,Åsa Karlsson,S,Västerbottens län,kvinna,1973,0,854,4,2,2020/21,860,0.6976744186046546
065105536026,Niklas Karlsson,S,Skåne läns västra,man,1974,0,771,73,16,2020/21,860,10.348837209302332
0652497579621,Johanna Haraldsson,S,Jönköpings län,kvinna,1980,0,518,288,54,2020/21,860,39.76744186046511
0653904370212,Fredrik Olovsson,S,Södermanlands län,man,1973,0,6,0,0,2020/21,6,0.0
0655028250417,Lena Emilsson,S,Skåne läns västra,kvinna,1957,0,458,56,1,2020/21,515,11.067961165048546
065701062615,Runar Filper,SD,Värmlands län,man,1964,42,717,63,38,2020/21,860,16.62790697674419
066036027425,Mikael Damsgaard,M,Västmanlands län,man,1976,28,619,142,71,2020/21,860,28.023255813953483
0665485817222,Daniel Bäckström,C,Värmlands län,man,1975,5,830,20,5,2020/21,860,3.488372093023251
0667220767927,Erik Ezelius,S,Västra Götalands läns östra,man,1986,0,808,47,5,2020/21,860,6.04651162790698
066769783310,Lotta Olsson,M,Örebro län,kvinna,1960,25,696,87,52,2020/21,860,19.069767441860463
0671241874717,Elisabeth Björnsdotter Rahm,M,Västerbottens län,kvinna,1964,16,760,54,30,2020/21,860,11.627906976744185
0677738818613,Anders Åkesson,C,Kalmar län,man,1958,9,760,70,21,2020/21,860,11.627906976744185
0679228585116,Per Åsling,C,Jämtlands län,man,1957,0,859,1,0,2020/21,860,0.11627906976744429
0681030112815,Peter Helander,C,Dalarnas län,man,1961,14,716,97,33,2020/21,860,16.744186046511633
0682989845822,Håkan Svenneling,V,Värmlands län,man,1985,1,839,16,4,2020/21,860,2.4418604651162745
0685749336810,Dag Larsson,S,Stockholms kommun,man,1960,0,683,169,8,2020/21,860,20.581395348837205
0691264514114,Anna Johansson,S,Göteborgs kommun,kvinna,1971,0,466,339,55,2020/21,860,45.81395348837209
0692076685824,Camilla Hansén,MP,Örebro län,kvinna,1976,0,497,308,55,2020/21,860,42.2093023255814
069309987221,Johan Hultberg,M,Västra Götalands läns norra,man,1985,25,696,91,48,2020/21,860,19.069767441860463
0694273653613,Margareta Fransson,MP,Östergötlands län,kvinna,1971,0,0,1,0,2020/21,1,100.0
0694917698222,Michael Rubbestad,SD,Uppsala län,man,1980,13,783,36,28,2020/21,860,8.953488372093021
07012286624,Daniel Riazat,V,Dalarnas län,man,1991,6,831,15,8,2020/21,860,3.3720930232558177
0704744533715,Pernilla Stålhammar,MP,Stockholms kommun,kvinna,1971,0,769,82,9,2020/21,860,10.581395348837209
0706528359123,Linus Sköld,S,Norrbottens län,man,1983,0,760,91,9,2020/21,860,11.627906976744185
0718034011110,Jessika Roswall,M,Uppsala län,kvinna,1972,11,785,44,20,2020/21,860,8.720930232558144
0719332223713,Juno Blom,L,Östergötlands län,kvinna,1968,4,837,18,1,2020/21,860,2.674418604651163
0720250789315,Mats Wiking,S,Västra Götalands läns norra,man,1961,1,666,168,25,2020/21,860,22.558139534883725
0721509806321,Nooshi Dadgostar,V,Stockholms kommun,kvinna,1985,3,847,7,3,2020/21,860,1.5116279069767424
0722683622001,Lars Jilmstad,M,Stockholms kommun,man,1946,19,714,85,42,2020/21,860,16.97674418604651
0729710260118,Helena Bouveng,M,Jönköpings län,kvinna,1962,13,762,51,34,2020/21,860,11.395348837209307
0731442709013,Christer Nylander,L,Skåne läns norra och östra,man,1968,11,785,52,12,2020/21,860,8.720930232558144
0732677378827,Marta Obminska,M,Uppsala län,kvinna,1979,0,460,0,0,2020/21,460,0.0
0737073162411,Emma Carlsson Löfdahl,-,Jönköpings län,kvinna,1970,0,859,0,0,2020/21,859,0.0
0737666060225,Joakim Järrebring,S,Västra Götalands läns västra,man,1976,0,777,73,10,2020/21,860,9.651162790697676
0742883909221,John Weinerhall,M,Östergötlands län,man,1995,45,626,113,76,2020/21,860,27.209302325581397
0744139167426,Rasmus Ling,MP,Malmö kommun,man,1984,0,419,274,55,2020/21,748,43.98395721925134
0750518623913,Lotta Finstorp,M,Södermanlands län,kvinna,1958,17,91,20,14,2020/21,142,35.91549295774647
0752691002718,Pyry Niemi,S,Uppsala län,man,1965,0,788,69,3,2020/21,860,8.372093023255811
075747847023,Gustaf Lantz,S,Uppsala län,man,1981,1,629,109,23,2020/21,762,17.454068241469813
0760500234712,Monica Haider,S,Kronobergs län,kvinna,1963,0,637,185,38,2020/21,860,25.930232558139533
0764949934324,Ulrika Heindorff,M,Skåne läns västra,kvinna,1983,10,245,68,39,2020/21,362,32.32044198895028
0766496753128,Fredrik Malm,L,Stockholms kommun,man,1977,43,497,267,53,2020/21,860,42.2093023255814
0768554866215,Katja Nyberg,SD,Stockholms kommun,kvinna,1971,49,645,108,58,2020/21,860,25.0
0770363683317,Malin Björk,C,Stockholms kommun,kvinna,1969,0,0,1,0,2020/21,1,100.0
0772402807013,Sven-Olof Sällström,SD,Kronobergs län,man,1968,15,791,31,23,2020/21,860,8.02325581395349
0773497241728,Roger Hedlund,SD,Gävleborgs län,man,1979,6,813,21,20,2020/21,860,5.46511627906977
0776705932527,Ciczie Weidby,V,Jönköpings län,kvinna,1974,1,828,21,10,2020/21,860,3.7209302325581395
0779329190517,Kjell Jansson,M,Stockholms län,man,1959,18,688,105,49,2020/21,860,19.999999999999996
0779781772919,Kristina Nilsson,S,Västernorrlands län,kvinna,1965,0,667,177,16,2020/21,860,22.44186046511628
0780214960516,Eva Lindh,S,Östergötlands län,kvinna,1971,0,673,163,24,2020/21,860,21.744186046511626
0781520322912,Jörgen Hellman,S,Västra Götalands läns norra,man,1963,0,691,153,16,2020/21,860,19.651162790697676
0781623040415,Camilla Waltersson Grönvall,M,Västra Götalands läns västra,kvinna,1969,27,640,129,64,2020/21,860,25.581395348837212
0787535945527,Jennie Åfeldt,SD,Skåne läns södra,kvinna,1974,92,434,201,133,2020/21,860,49.53488372093023
07921826010,Anna-Belle Strömberg,S,Västernorrlands län,kvinna,1965,0,0,1,0,2020/21,1,100.0
0792733370419,Magnus Oscarsson,KD,Östergötlands län,man,1970,29,722,76,33,2020/21,860,16.04651162790698
0793372891224,Noria Manouchi,M,Malmö kommun,kvinna,1991,0,859,0,1,2020/21,860,0.11627906976744429
0796071663617,Acko Ankarberg Johansson,KD,Jönköpings län,kvinna,1964,61,499,200,100,2020/21,860,41.97674418604651
0796312429425,Viktor Wärnick,M,Gävleborgs län,man,1991,2,838,10,10,2020/21,860,2.558139534883719
0800956862429,Gulan Avci,L,Stockholms kommun,kvinna,1977,32,619,173,36,2020/21,860,28.023255813953483
0801311569314,Gunilla Svantorp,S,Värmlands län,kvinna,1964,0,533,285,42,2020/21,860,38.0232558139535
0802546764724,Åsa Westlund,S,Stockholms län,kvinna,1976,1,691,153,15,2020/21,860,19.651162790697676
0803753212716,Richard Jomshof,SD,Blekinge län,man,1969,6,821,17,16,2020/21,860,4.534883720930227
0810201628512,Ann-Charlotte Hammar Johnsson,M,Skåne läns västra,kvinna,1966,24,742,56,38,2020/21,860,13.720930232558137
0810852280213,Marie-Louise Hänel Sandström,M,Göteborgs kommun,kvinna,1968,34,672,91,63,2020/21,860,21.86046511627907
0819601620927,Annika Hirvonen,MP,Stockholms län,kvinna,1989,0,669,132,15,2020/21,816,18.014705882352942
0819601620927,Annika Hirvonen Falk,MP,Stockholms län,kvinna,1989,0,29,11,4,2020/21,44,34.09090909090909
0825441263617,Birger Lahti,V,Norrbottens län,man,1964,7,787,40,26,2020/21,860,8.488372093023255
0828001951212,Ingemar Kihlström,KD,Västra Götalands läns södra,man,1966,16,737,69,38,2020/21,860,14.302325581395348
0828721176319,Sten Bergheden,M,Västra Götalands läns östra,man,1965,0,854,4,2,2020/21,860,0.6976744186046546
0831039938224,Adam Marttinen,SD,Södermanlands län,man,1983,0,859,0,1,2020/21,860,0.11627906976744429
0831636664429,Mattias Karlsson,SD,Kronobergs län,man,1977,0,860,0,0,2020/21,860,0.0
0832311880029,Erik Ottoson,M,Stockholms län,man,1989,2,760,10,10,2020/21,782,2.813299232736577
0836001490919,Ulrika Heie,C,Västra Götalands läns östra,kvinna,1965,8,781,55,16,2020/21,860,9.18604651162791
0838085832923,Ann-Sofie Lifvenhage,M,Södermanlands län,kvinna,1976,28,612,142,78,2020/21,860,28.837209302325583
083953568015,Malin Höglund,M,Dalarnas län,kvinna,1969,0,129,10,3,2020/21,142,9.154929577464788
0843345349823,Anders Hansson,M,Skåne läns södra,man,1976,0,859,0,1,2020/21,860,0.11627906976744429
084624777218,Helena Lindahl,C,Västerbottens län,kvinna,1972,5,759,76,20,2020/21,860,11.74418604651163
0846730583715,Monika Lövgren,SD,Uppsala län,kvinna,1961,14,125,35,39,2020/21,213,41.31455399061033
0847676507229,Stina Larsson,C,Skåne läns södra,kvinna,1977,0,50,0,0,2020/21,50,0.0
0852475703226,Lorena Delgado Varas,V,Stockholms län,kvinna,1974,8,789,50,13,2020/21,860,8.255813953488367
0853204119514,Marlene Burwick,S,Uppsala län,kvinna,1971,0,576,258,26,2020/21,860,33.02325581395349
0853831481615,Lars Thomsson,C,Gotlands län,man,1964,11,758,67,24,2020/21,860,11.860465116279073
085742305813,Patrik Engström,S,Dalarnas län,man,1968,0,730,120,10,2020/21,860,15.116279069767447
0859968278117,Carina Ohlsson,S,Västra Götalands läns östra,kvinna,1957,0,679,151,30,2020/21,860,21.046511627906973
0860364634014,Mattias Ottosson,S,Östergötlands län,man,1971,0,695,144,21,2020/21,860,19.186046511627907
0860429409414,Désirée Pethrus,KD,Stockholms kommun,kvinna,1959,4,157,13,9,2020/21,183,14.207650273224049
0861521539920,Aron Emilsson,SD,Västra Götalands läns västra,man,1990,7,825,16,12,2020/21,860,4.069767441860462
0862868280923,Annie Lööf,C,Jönköpings län,kvinna,1983,5,796,40,19,2020/21,860,7.441860465116279
0866055333028,Alexandra Anstrell,M,Stockholms län,kvinna,1974,13,745,63,39,2020/21,860,13.372093023255815
086684470825,Tobias Andersson,SD,Västra Götalands läns östra,man,1996,124,335,240,161,2020/21,860,61.04651162790697
0873650166625,Sara Heikkinen Breitholtz,S,Hallands län,kvinna,1986,0,859,0,0,2020/21,859,0.0
0875221317013,Gunilla Carlsson,S,Göteborgs kommun,kvinna,1966,0,768,84,8,2020/21,860,10.697674418604652
0877778793323,Johan Büser,S,Göteborgs kommun,man,1983,1,717,120,22,2020/21,860,16.62790697674419
0878075468027,Hillevi Larsson,S,Malmö kommun,kvinna,1974,0,860,0,0,2020/21,860,0.0
0879782396219,Olle Thorell,S,Västmanlands län,man,1967,0,773,64,23,2020/21,860,10.116279069767442
0880018341619,Thomas Morell,SD,Gävleborgs län,man,1957,90,411,217,142,2020/21,860,52.2093023255814
088461404416,Richard Herrey,M,Stockholms län,man,1964,1,68,8,1,2020/21,78,12.82051282051282
0884738092723,Kristina Yngwe,C,Skåne läns södra,kvinna,1983,19,650,94,47,2020/21,810,19.753086419753085
089246126523,Elin Lundgren,S,Gävleborgs län,kvinna,1978,0,770,76,14,2020/21,860,10.465116279069765
0892978334516,Michael Anefur,KD,Skåne läns västra,man,1957,2,849,5,4,2020/21,860,1.279069767441865
0893004490313,Cecilia Widegren,M,Västra Götalands läns östra,kvinna,1973,19,758,47,36,2020/21,860,11.860465116279073
0899112324519,Elisabeth Svantesson,M,Örebro län,kvinna,1967,23,685,107,45,2020/21,860,20.348837209302328
0899169869710,Helena Gellerman,L,Västra Götalands läns västra,kvinna,1960,11,793,47,9,2020/21,860,7.790697674418601
0903081277919,Helena Vilhelmsson,C,Örebro län,kvinna,1965,21,689,114,36,2020/21,860,19.883720930232563
0905312407726,Cassandra Sundin,SD,Jämtlands län,kvinna,1991,5,845,2,8,2020/21,860,1.744186046511631
0909948830718,Ann-Christin Ahlberg,S,Västra Götalands läns södra,kvinna,1957,0,720,132,8,2020/21,860,16.279069767441857
0911067396229,Mattias Vepsä,S,Stockholms kommun,man,1980,0,730,98,32,2020/21,860,15.116279069767447
0911916463828,Fredrik Lundh Sammeli,S,Norrbottens län,man,1977,3,626,207,24,2020/21,860,27.209302325581397
091303475611,Eric Palmqvist,SD,Norrbottens län,man,1970,27,762,39,32,2020/21,860,11.395348837209307
0920901966627,Tony Haddou,V,Göteborgs kommun,man,1989,0,859,1,0,2020/21,860,0.11627906976744429
0925652297119,Per Ramhorn,SD,Malmö kommun,man,1967,0,859,0,1,2020/21,860,0.11627906976744429
0926214745119,Heléne Björklund,S,Blekinge län,kvinna,1972,0,666,177,17,2020/21,860,22.558139534883725
0932000030511,Maria Stockhaus,M,Stockholms län,kvinna,1963,20,687,101,52,2020/21,860,20.11627906976744
0934639939611,Ola Johansson,C,Hallands län,man,1960,16,654,138,52,2020/21,860,23.953488372093023
0940980416614,Jan Ericson,M,Västra Götalands läns södra,man,1961,19,732,68,41,2020/21,860,14.883720930232558
0947572086414,Anne-Li Sjölund,C,Västernorrlands län,kvinna,1966,7,253,76,17,2020/21,353,28.328611898016998
0952789103522,Elin Segerlind,V,Västra Götalands läns norra,kvinna,1985,2,835,18,5,2020/21,860,2.9069767441860517
0955748436811,Robert Stenkvist,SD,Stockholms län,man,1958,111,300,270,179,2020/21,860,65.11627906976744
0956595590924,Tobias Billström,M,Malmö kommun,man,1973,17,703,95,45,2020/21,860,18.255813953488374
0961483563503,Gudrun Nordborg,V,Västerbottens län,kvinna,1946,0,842,1,0,2020/21,843,0.11862396204033177
0962410717322,Sultan Kayhan,S,Stockholms kommun,kvinna,1988,0,560,258,42,2020/21,860,34.883720930232556
0962841101917,Annika Qarlsson,C,Västra Götalands läns västra,kvinna,1964,10,809,35,6,2020/21,860,5.9302325581395365
0964730940415,Johan Andersson,S,Östergötlands län,man,1961,0,770,73,17,2020/21,860,10.465116279069765
0965245623824,Nicklas Attefjord,MP,Västra Götalands läns västra,man,1973,0,492,183,20,2020/21,695,29.208633093525183
0970259744617,Margareta Cederfelt,M,Stockholms kommun,kvinna,1959,6,765,61,28,2020/21,860,11.046511627906973
0970709885516,Inga-Lill Sjöblom,S,Uppsala län,kvinna,1959,0,81,15,2,2020/21,98,17.3469387755102
0973782197017,Mikael Oscarsson,KD,Uppsala län,man,1967,1,859,0,0,2020/21,860,0.11627906976744429
0974061238314,Paula Holmqvist,S,Västra Götalands läns norra,kvinna,1964,0,778,58,24,2020/21,860,9.534883720930232
0977592683711,Magnus Jacobsson,KD,Västra Götalands läns norra,man,1968,21,749,61,29,2020/21,860,12.90697674418605
0980092192122,Joar Forssell,L,Stockholms kommun,man,1993,44,465,290,61,2020/21,860,45.93023255813954
0980316377627,Lars Hjälmered,M,Göteborgs kommun,man,1977,1,852,5,2,2020/21,860,0.9302325581395321
0980681611418,Hans Wallmark,M,Skåne läns norra och östra,man,1965,45,598,136,81,2020/21,860,30.465116279069772
0982795248728,Jakob Forssmed,KD,Stockholms län,man,1974,0,860,0,0,2020/21,860,0.0
0986091320811,Catarina Deremar,C,Uppsala län,kvinna,1965,8,608,101,31,2020/21,748,18.71657754010695
0987246082523,Paula Örn,S,Västra Götalands läns västra,kvinna,1978,0,0,1,0,2020/21,1,100.0
0992420223820,Jessica Rosencrantz,M,Stockholms kommun,kvinna,1987,15,760,51,34,2020/21,860,11.627906976744185
0992473266516,Larry Söder,KD,Hallands län,man,1969,44,589,153,74,2020/21,860,31.51162790697675
0996640018922,Yasmine Bladelius,S,Skåne läns västra,kvinna,1988,0,299,38,8,2020/21,345,13.33333333333333
0999976269027,Amanda Palmstierna,MP,Stockholms län,kvinna,1977,0,831,26,3,2020/21,860,3.3720930232558177
010343930918,Cecilie Tenfjord Toftby,M,Västra Götalands läns södra,kvinna,1970,108,67,631,265,2021/22,1071,93.74416433239962
0103624617217,Helén Pettersson,S,Västerbottens län,kvinna,1972,3,274,659,135,2021/22,1071,74.41643323996266
0105632258713,Boriana Åberg,M,Skåne läns södra,kvinna,1968,86,284,479,222,2021/22,1071,73.4827264239029
010643534813,Eric Westroth,SD,Hallands län,man,1971,160,51,566,294,2021/22,1071,95.23809523809523
0108109641223,Carl-Oskar Bohlin,M,Dalarnas län,man,1986,59,409,360,172,2021/22,1000,59.099999999999994
0111479807829,Anna Wallentheim,S,Skåne läns norra och östra,kvinna,1985,6,93,818,154,2021/22,1071,91.31652661064426
0116759114313,Bengt Eliasson,L,Hallands län,man,1961,129,173,629,140,2021/22,1071,83.8468720821662
0119851690521,David Perez,SD,Uppsala län,man,1990,161,42,572,296,2021/22,1071,96.07843137254902
0121939297619,Jamal El Haj,S,Malmö kommun,man,1960,0,0,2,0,2021/22,2,100.0
0121939297619,Jamal El-Haj,S,Malmö kommun,man,1960,3,72,837,157,2021/22,1069,93.26473339569691
0122987223112,Lotta Johnsson Fornarve,V,Södermanlands län,kvinna,1956,120,106,569,276,2021/22,1071,90.10270774976658
012547905113,Christina Nilsson,SD,Östergötlands län,kvinna,1956,4,0,23,12,2021/22,39,100.0
012576033427,Hannah Bergstedt,S,Norrbottens län,kvinna,1977,2,427,481,99,2021/22,1009,57.680872150644205
0126797549328,Johan Forssell,M,Stockholms kommun,man,1979,100,170,568,233,2021/22,1071,84.12698412698413
0128805841317,Katarina Brännström,M,Kronobergs län,kvinna,1950,106,83,612,270,2021/22,1071,92.25023342670401
0130640724922,Clara Aranda,SD,Skåne läns södra,kvinna,1988,140,133,534,264,2021/22,1071,87.58169934640523
0130789484021,Mattias Bäckström Johansson,SD,Kalmar län,man,1985,146,134,520,271,2021/22,1071,87.48832866479925
0132818093422,Rickard Nordin,C,Göteborgs kommun,man,1983,126,146,566,233,2021/22,1071,86.36788048552755
0134101155612,Rikard Larsson,S,Skåne läns södra,man,1966,4,137,784,146,2021/22,1071,87.20821661998133
0136310791918,Marie Granlund,S,Malmö kommun,kvinna,1962,4,84,805,161,2021/22,1054,92.0303605313093
0136801772915,Maria Strömkvist,S,Dalarnas län,kvinna,1964,4,147,770,150,2021/22,1071,86.27450980392157
0138741628520,Angelika Bengtsson,SD,Blekinge län,kvinna,1990,161,39,573,298,2021/22,1071,96.35854341736695
014386615025,Ali Esbati,V,Stockholms kommun,man,1976,111,193,513,254,2021/22,1071,81.97945845004668
0144048894712,Ellen Juntti,M,Västra Götalands läns västra,kvinna,1958,114,8,662,287,2021/22,1071,99.2530345471522
0145294944502,Roger Richthoff,-,Södermanlands län,man,1948,59,382,156,76,2021/22,673,43.23922734026746
0145294944502,Roger Richthoff,SD,Södermanlands län,man,1948,36,55,200,107,2021/22,398,86.18090452261306
0148424181819,Ann-Christine From Utterstedt,SD,Västmanlands län,kvinna,1972,157,71,556,287,2021/22,1071,93.37068160597572
0150118366721,Linda Westerlund Snecker,V,Östergötlands län,kvinna,1983,116,142,542,271,2021/22,1071,86.74136321195145
0150200797210,Mats Sander,M,Skåne läns västra,man,1963,61,66,263,101,2021/22,491,86.55804480651732
0155487380917,Kerstin Lundgren,C,Stockholms län,kvinna,1955,131,122,600,218,2021/22,1071,88.60877684407096
0161597857912,Tuve Skånberg,KD,Skåne läns norra och östra,man,1956,153,35,620,263,2021/22,1071,96.73202614379085
0161616238120,Lina Nordquist,L,Uppsala län,kvinna,1977,115,185,630,141,2021/22,1071,82.72642390289448
0166790812128,Hanif Bali,M,Stockholms län,man,1987,103,95,613,260,2021/22,1071,91.12978524743231
0170585430421,Jimmy Ståhl,SD,Västra Götalands läns norra,man,1975,151,77,555,288,2021/22,1071,92.81045751633987
0170630324419,Per Schöldberg,C,Kronobergs län,man,1962,128,94,605,244,2021/22,1071,91.22315592903828
0183544538819,Patrik Jönsson,SD,Västra Götalands läns södra,man,1972,166,0,594,311,2021/22,1071,100.0
0194021108712,Mikael Strandman,SD,Stockholms län,man,1966,127,238,466,240,2021/22,1071,77.77777777777779
019430605328,Josefin Malmqvist,M,Stockholms län,kvinna,1987,88,195,554,234,2021/22,1071,81.79271708683473
0194498232620,Roza Güclü Hedin,S,Dalarnas län,kvinna,1982,3,173,740,155,2021/22,1071,83.8468720821662
0198917587520,Maj Karlsson,V,Göteborgs kommun,kvinna,1980,36,708,228,99,2021/22,1071,33.89355742296919
0199751900210,Annelie Karlsson,S,Skåne läns norra och östra,kvinna,1965,2,383,578,108,2021/22,1071,64.2390289449113
0201207390210,Lars Adaktusson,KD,Dalarnas län,man,1955,69,200,278,110,2021/22,657,69.558599695586
0202577142527,Matheus Enholm,SD,Västra Götalands läns norra,man,1979,149,166,507,249,2021/22,1071,84.50046685340803
0203877548421,Malin Larsson,S,Västernorrlands län,kvinna,1980,4,52,852,163,2021/22,1071,95.14472455648925
0204240926023,Markus Wiechel,SD,Östergötlands län,man,1988,123,233,455,221,2021/22,1032,77.42248062015504
0204443909416,Johan Hedin,C,Stockholms kommun,man,1969,115,321,449,186,2021/22,1071,70.02801120448179
0204494765606,Ann-Britt Åsebol,M,Dalarnas län,kvinna,1947,113,16,656,286,2021/22,1071,98.5060690943044
0210198640127,Fredrik Schulte,M,Stockholms län,man,1981,28,92,137,71,2021/22,328,71.95121951219512
0211757295524,Josef Fransson,SD,Västra Götalands läns östra,man,1978,145,148,512,266,2021/22,1071,86.1811391223156
0216534495014,Jens Holm,V,Stockholms kommun,man,1971,110,134,552,275,2021/22,1071,87.48832866479925
0222691314314,Ulf Kristersson,M,Stockholms kommun,man,1963,1,1045,18,7,2021/22,1071,2.4276377217553713
0223069839622,Robert Hannah,L,Göteborgs kommun,man,1985,116,254,581,120,2021/22,1071,76.28384687208217
0224712677012,Johan Pehrson,L,Örebro län,man,1968,54,683,265,69,2021/22,1071,36.22782446311859
0226631365426,Mikael Larsson,C,Västra Götalands läns södra,man,1989,135,81,618,237,2021/22,1071,92.43697478991596
0227531635413,Lars Püss,M,Hallands län,man,1966,108,70,623,270,2021/22,1071,93.4640522875817
0227802801605,Thomas Hammarberg,S,Stockholms kommun,man,1942,0,54,56,13,2021/22,123,56.09756097560976
0228027853620,Vasiliki Tsouplaki,V,Västmanlands län,kvinna,1980,113,177,526,255,2021/22,1071,83.4733893557423
022805994927,Sofia Westergren,M,Västra Götalands läns västra,kvinna,1974,93,207,535,236,2021/22,1071,80.67226890756302
0228167770927,Maria Nilsson,L,Göteborgs kommun,kvinna,1979,105,235,593,138,2021/22,1071,78.05788982259571
0229350341619,Ilona Szatmari Waldau,V,Uppsala län,kvinna,1962,118,187,502,262,2021/22,1069,82.50701590271281
0229350341619,Ilona Szatmári Waldau,V,Uppsala län,kvinna,1962,1,0,0,1,2021/22,2,100.0
0229760896014,Anders W Jonsson,C,Gävleborgs län,man,1961,137,76,616,242,2021/22,1071,92.90382819794584
0237055280513,Roland Utbult,KD,Västra Götalands läns västra,man,1951,125,222,510,214,2021/22,1071,79.27170868347339
023732429721,Sofie Eriksson,S,Dalarnas län,kvinna,1992,4,55,761,150,2021/22,970,94.3298969072165
023767922422,Mats Persson,L,Skåne läns södra,man,1980,115,157,655,144,2021/22,1071,85.3408029878618
0238095659621,Linda Modig,C,Norrbottens län,kvinna,1975,127,156,579,209,2021/22,1071,85.43417366946778
0246927519019,Karin Rågsjö,V,Stockholms kommun,kvinna,1955,114,172,530,255,2021/22,1071,83.94024276377218
025158809026,Ida Gabrielsson,V,Stockholms län,kvinna,1981,113,193,511,254,2021/22,1071,81.97945845004668
0252067342313,Åsa Lindestam,S,Gävleborgs län,kvinna,1956,0,326,629,116,2021/22,1071,69.56115779645191
0254021157518,Lars Andersson,SD,Skåne läns södra,man,1964,164,28,579,300,2021/22,1071,97.38562091503267
0254695027922,Malcolm Momodou Jallow,V,Malmö kommun,man,1975,0,2,0,0,2021/22,2,0.0
0254695027922,Momodou Malcolm Jallow,V,Malmö kommun,man,1975,79,373,403,214,2021/22,1069,65.10757717492984
0256716955026,Serkan Köse,S,Stockholms län,man,1976,4,173,754,140,2021/22,1071,83.8468720821662
0257612529618,Kenneth G Forslund,S,Västra Götalands läns västra,man,1967,1,285,658,127,2021/22,1071,73.38935574229693
025877594729,John Widegren,M,Östergötlands län,man,1980,116,8,658,289,2021/22,1071,99.2530345471522
025931369428,Jonas Andersson,SD,Östergötlands län,man,1989,158,36,577,300,2021/22,1071,96.63865546218487
025967059622,Magnus Manhammar,S,Blekinge län,man,1980,2,83,515,106,2021/22,706,88.24362606232295
02658325625,Angelica Lundberg,SD,Jönköpings län,kvinna,1981,157,66,560,288,2021/22,1071,93.8375350140056
0271338654822,Ola Möller,S,Skåne läns västra,man,1983,4,127,778,162,2021/22,1071,88.14192343604108
0272006117024,Jon Thorbjörnson,V,Hallands län,man,1976,124,110,554,283,2021/22,1071,89.72922502334268
0273506284025,Edward Riedl,M,Västerbottens län,man,1976,117,13,658,283,2021/22,1071,98.78618113912232
0274462857213,Petter Löberg,S,Västra Götalands läns södra,man,1968,5,75,826,165,2021/22,1071,92.99719887955182
0277648711624,Anders Österberg,S,Stockholms kommun,man,1981,4,209,715,143,2021/22,1071,80.48552754435107
0279488554424,Alexander Christiansson,SD,Göteborgs kommun,man,1981,132,211,483,245,2021/22,1071,80.29878618113912
0281670919717,Jörgen Grubb,SD,Östergötlands län,man,1962,164,20,584,303,2021/22,1071,98.13258636788048
0285527517421,Caroline Nordengrip,SD,Västra Götalands läns södra,kvinna,1980,97,375,382,217,2021/22,1071,64.9859943977591
0285631067215,Robert Halef,KD,Stockholms län,man,1964,147,81,593,250,2021/22,1071,92.43697478991596
028954589415,Ann-Sofie Alm,M,Västra Götalands läns norra,kvinna,1971,103,167,569,232,2021/22,1071,84.40709617180205
02910042914,Carina Ödebrink,S,Jönköpings län,kvinna,1961,3,105,797,166,2021/22,1071,90.19607843137256
0294138886823,Martin Kinnunen,SD,Stockholms län,man,1983,166,25,581,299,2021/22,1071,97.6657329598506
0296384583518,Åsa Eriksson,S,Västmanlands län,kvinna,1972,4,63,835,169,2021/22,1071,94.11764705882352
0304498908019,Gudrun Brunegård,KD,Kalmar län,kvinna,1957,135,127,575,234,2021/22,1071,88.14192343604108
0306286538528,Sofia Damm,KD,Skåne läns södra,kvinna,1977,122,237,499,213,2021/22,1071,77.87114845938376
0308306375022,Roger Haddad,L,Västmanlands län,man,1978,120,181,620,150,2021/22,1071,83.09990662931838
0309480686522,Leila Ali Elmi,MP,Göteborgs kommun,kvinna,1988,0,2,0,0,2021/22,2,0.0
0309480686522,Leila Ali-Elmi,MP,Göteborgs kommun,kvinna,1988,67,316,525,161,2021/22,1069,70.43966323666979
0313390540217,Ingela Nylund Watz,S,Stockholms län,kvinna,1962,1,430,531,109,2021/22,1071,59.85060690943044
0315499690028,Teresa Carvalho,S,Östergötlands län,kvinna,1984,4,63,839,165,2021/22,1071,94.11764705882352
0316505710324,Janine Alm Ericson,MP,Västra Götalands läns västra,kvinna,1973,69,380,414,146,2021/22,1009,62.338949454905844
0322827326923,Arman Teimouri,L,Värmlands län,man,1980,124,132,662,153,2021/22,1071,87.6750700280112
0323000187920,Solange Olame Bayibsa,S,Stockholms län,kvinna,1987,0,0,48,14,2021/22,62,100.0
0325462829512,Christina Tapper Östberg,SD,Skåne läns norra och östra,kvinna,1968,157,54,566,294,2021/22,1071,94.9579831932773
0331791853028,Yasmine Eriksson,SD,Stockholms kommun,kvinna,1989,158,28,583,302,2021/22,1071,97.38562091503267
0333193598116,Bo Broman,SD,Stockholms län,man,1969,147,86,550,288,2021/22,1071,91.97012138188609
0334816698724,Karolina Skog,MP,Stockholms län,kvinna,1976,1,14,66,20,2021/22,101,86.13861386138613
0338088431726,Sara Gille,SD,Malmö kommun,kvinna,1981,0,9,0,0,2021/22,9,0.0
033935884729,Martina Johansson,C,Södermanlands län,kvinna,1975,115,175,565,216,2021/22,1071,83.66013071895425
0339894357417,Jennie Nilsson,S,Hallands län,kvinna,1972,4,42,864,161,2021/22,1071,96.07843137254902
0341604836310,Karin Engdahl,S,Västra Götalands läns norra,kvinna,1972,1,30,111,18,2021/22,160,81.25
0341628241813,Marianne Fundahn,S,Skåne läns södra,kvinna,1958,4,51,849,167,2021/22,1071,95.23809523809523
0344222203323,Dennis Dioukarev,SD,Göteborgs kommun,man,1993,156,41,574,300,2021/22,1071,96.171802054155
0358278412329,Björn Petersson,S,Kalmar län,man,1982,3,144,767,157,2021/22,1071,86.5546218487395
0358514648113,Marléne Lund Kopparklint,M,Värmlands län,kvinna,1973,75,309,490,197,2021/22,1071,71.1484593837535
0363228965800,Barbro Westerholm,L,Stockholms län,kvinna,1933,119,241,581,130,2021/22,1071,77.49766573295986
0363721826713,Per Lodenius,C,Stockholms län,man,1966,0,0,12,2,2021/22,14,100.0
0364687971222,Alireza Akhondi,C,Stockholms län,man,1980,133,173,557,208,2021/22,1071,83.8468720821662
0365748677411,Mats Nordberg,SD,Dalarnas län,man,1958,139,170,512,250,2021/22,1071,84.12698412698413
037561614928,Lawen Redar,S,Stockholms kommun,kvinna,1989,3,173,755,140,2021/22,1071,83.8468720821662
0376353897112,Leif Nysmed,S,Stockholms län,man,1970,4,36,862,169,2021/22,1071,96.63865546218487
0376395541120,Joakim Sandell,S,Malmö kommun,man,1975,3,108,558,96,2021/22,765,85.88235294117648
037781229619,Staffan Eklöf,SD,Hallands län,man,1965,153,86,539,293,2021/22,1071,91.97012138188609
0378597308227,Camilla Brodin,KD,Stockholms län,kvinna,1979,139,123,570,239,2021/22,1071,88.51540616246498
0378961686325,Hanna Wagenius,C,Jämtlands län,kvinna,1988,45,6,136,72,2021/22,259,97.68339768339769
0389220391128,Christian Carlsson,KD,Stockholms kommun,man,1987,137,57,545,237,2021/22,976,94.15983606557377
0389795960120,Martin Marmgren,MP,Stockholms län,man,1975,78,208,517,167,2021/22,970,78.55670103092784
0395154929710,Anders Frimert,S,Jämtlands län,man,1972,4,75,776,154,2021/22,1009,92.56689791873141
0395762282903,Elsemarie Bjellqvist,S,Stockholms kommun,kvinna,1944,3,38,812,156,2021/22,1009,96.23389494549059
0397924710612,Ulrika Karlsson,M,Uppsala län,kvinna,1973,44,304,354,154,2021/22,856,64.48598130841121
0406831930624,Henrik Vinge,SD,Stockholms kommun,man,1988,91,529,295,156,2021/22,1071,50.60690943043884
0407081382317,Anna-Caren Sätherberg,S,Jämtlands län,kvinna,1964,0,0,48,14,2021/22,62,100.0
0409540163215,Hans Rothenberg,M,Göteborgs kommun,man,1961,101,98,615,257,2021/22,1071,90.84967320261438
0409655917321,Jakob Olofsgård,L,Jönköpings län,man,1975,126,146,649,150,2021/22,1071,86.36788048552755
0411459873625,Hanna Gunnarsson,V,Skåne läns södra,kvinna,1983,123,124,547,277,2021/22,1071,88.42203548085901
0412148992926,Hanna Westerén,S,Gotlands län,kvinna,1981,4,17,877,173,2021/22,1071,98.41269841269842
0415959965211,Mia Sydow Mölleby,V,Örebro län,kvinna,1960,108,220,489,254,2021/22,1071,79.45845004668534
0418929039326,Patrik Lundqvist,S,Gävleborgs län,man,1984,2,148,718,126,2021/22,994,85.11066398390342
041911485722,Magdalena Schröder,M,Stockholms län,kvinna,1990,1,0,61,24,2021/22,86,100.0
042413114103,Anne Oskarsson,SD,Kalmar län,kvinna,1946,157,93,545,276,2021/22,1071,91.31652661064426
0426843954410,Ulrik Bergman,M,Dalarnas län,man,1970,6,0,45,20,2021/22,71,100.0
0427321850912,Lars Mejern Larsson,S,Värmlands län,man,1965,4,76,833,158,2021/22,1071,92.90382819794584
0430865615328,Linda Lindberg,SD,Skåne läns västra,kvinna,1974,124,232,470,245,2021/22,1071,78.33800186741364
0433422973328,Kristoffer Lindberg,S,Gävleborgs län,man,1992,0,0,62,15,2021/22,77,100.0
0435740736429,Hampus Hagman,KD,Göteborgs kommun,man,1987,147,81,591,252,2021/22,1071,92.43697478991596
043972220518,Jasenko Omanovic,S,Västernorrlands län,man,1967,4,139,766,162,2021/22,1071,87.02147525676938
0442629549320,Adnan Dibrani,S,Hallands län,man,1985,5,219,715,132,2021/22,1071,79.55182072829132
0446541913415,Allan Widman,L,Malmö kommun,man,1964,123,172,635,141,2021/22,1071,83.94024276377218
0452755722723,Björn Söder,SD,Skåne läns norra och östra,man,1976,112,270,456,233,2021/22,1071,74.78991596638656
0454698803028,Sofia Nilsson,C,Skåne läns norra och östra,kvinna,1982,148,73,606,244,2021/22,1071,93.18394024276377
0455086201022,Johnny Skalin,SD,Västernorrlands län,man,1978,151,134,507,279,2021/22,1071,87.48832866479925
0456680171315,Charlotte Quensel,SD,Västra Götalands läns västra,kvinna,1961,157,55,563,296,2021/22,1071,94.86461251167133
0457722435319,Tomas Kronståhl,S,Kalmar län,man,1967,0,266,672,133,2021/22,1071,75.16339869281046
0460690753617,Pia Nilsson,S,Västmanlands län,kvinna,1962,4,167,755,145,2021/22,1071,84.40709617180205
0462699892622,Maria Ferm,MP,Stockholms kommun,kvinna,1985,59,452,357,141,2021/22,1009,55.203171456888
0465804601318,Pia Steensland,KD,Södermanlands län,kvinna,1972,119,206,529,217,2021/22,1071,80.765639589169
0466653728712,Denis Begic,S,Örebro län,man,1970,4,183,741,143,2021/22,1071,82.91316526610643
0468765214727,Yasmine Posio,V,Göteborgs kommun,kvinna,1974,105,290,440,236,2021/22,1071,72.92250233426705
0468956880528,Mikael Eskilandersson,SD,Skåne läns norra och östra,man,1977,161,32,577,301,2021/22,1071,97.01213818860877
0472349361027,Kalle Olsson,S,Jämtlands län,man,1984,2,108,807,154,2021/22,1071,89.91596638655463
0474290584024,Azadeh Rojhan,S,Stockholms län,kvinna,1986,0,0,2,0,2021/22,2,100.0
0474290584024,Azadeh Rojhan Gustafsson,S,Stockholms län,kvinna,1986,4,223,707,135,2021/22,1069,79.13938260056128
0475643059428,Jonny Cato,C,Skåne läns västra,man,1994,135,94,606,236,2021/22,1071,91.22315592903828
0475778011711,Hans Ekström,S,Södermanlands län,man,1958,4,41,857,169,2021/22,1071,96.171802054155
0481460392727,Jessica Wetterling,V,Västra Götalands läns västra,kvinna,1986,104,212,518,237,2021/22,1071,80.20541549953315
0482689573825,Björn Wiechel,S,Västerbottens län,man,1983,3,229,715,124,2021/22,1071,78.61811391223156
0488332307829,Abraham Halef,S,Stockholms län,man,1992,0,0,120,25,2021/22,145,100.0
048970816012,Eva-Lena Jansson,S,Örebro län,kvinna,1963,4,153,767,147,2021/22,1071,85.71428571428572
0492644357418,Per Söderlund,SD,Örebro län,man,1972,144,171,494,262,2021/22,1071,84.03361344537815
049290762318,ClasGöran Carlsson,S,Kronobergs län,man,1962,5,22,872,172,2021/22,1071,97.94584500466853
0493288854424,Niklas Wykman,M,Stockholms län,man,1981,105,111,594,261,2021/22,1071,89.6358543417367
0494054455310,David Lång,SD,Örebro län,man,1972,164,9,590,308,2021/22,1071,99.15966386554622
0494242537816,Hans Eklind,KD,Örebro län,man,1966,136,100,588,247,2021/22,1071,90.66293183940243
0494843794418,Martin Ådahl,C,Stockholms kommun,man,1969,127,159,551,234,2021/22,1071,85.15406162464986
0495661214429,Lorentz Tovatt,MP,Stockholms kommun,man,1989,76,273,540,182,2021/22,1071,74.50980392156863
0496341906327,Alexandra Völker,S,Stockholms län,kvinna,1989,4,191,605,128,2021/22,928,79.41810344827587
0497217816024,Markus Selin,S,Stockholms län,man,1978,4,66,832,169,2021/22,1071,93.8375350140056
0499755198526,Mattias Jonsson,S,Göteborgs kommun,man,1974,3,130,781,157,2021/22,1071,87.86181139122316
0502490570219,Kristina Axén Olin,M,Stockholms kommun,kvinna,1962,106,191,537,237,2021/22,1071,82.16619981325863
0502688311316,Anna Vikström,S,Stockholms län,kvinna,1957,4,16,875,176,2021/22,1071,98.5060690943044
0503029811325,David Josefsson,M,Göteborgs kommun,man,1983,113,82,573,241,2021/22,1009,91.87314172447968
0503363679811,Stefan Plath,SD,Malmö kommun,man,1970,138,132,523,269,2021/22,1062,87.57062146892656
0506482805418,Isak From,S,Västerbottens län,man,1967,4,125,797,145,2021/22,1071,88.32866479925303
0506541436524,Sanne Lennström,S,Uppsala län,kvinna,1988,3,211,722,135,2021/22,1071,80.29878618113912
0509415296421,Kjell-Arne Ottosson,KD,Värmlands län,man,1975,144,65,604,258,2021/22,1071,93.93090569561157
0509830681123,Ida Karkiainen,S,Norrbottens län,kvinna,1988,0,0,48,14,2021/22,62,100.0
051207517226,Jimmie Åkesson,SD,Jönköpings län,man,1979,11,1006,38,16,2021/22,1071,6.069094304388423
0512510717328,Ebba Busch,KD,Västra Götalands läns östra,kvinna,1987,2,1011,44,14,2021/22,1071,5.602240896358546
0516528386117,Patrik Björck,S,Västra Götalands läns östra,man,1957,2,135,783,151,2021/22,1071,87.39495798319328
051870309210,Anna Sibinska,MP,Göteborgs kommun,kvinna,1963,74,282,546,169,2021/22,1071,73.66946778711485
0519542449425,Fredrik Christensson,C,Västra Götalands läns norra,man,1991,138,92,602,239,2021/22,1071,91.40989729225024
0519740099915,Saila Quicklund,M,Jämtlands län,kvinna,1961,109,83,611,268,2021/22,1071,92.25023342670401
0521260619925,Sofia Amloh,S,Södermanlands län,kvinna,1986,4,89,813,165,2021/22,1071,91.69000933706816
0521844714515,Christina Höj Larsen,V,Västernorrlands län,kvinna,1971,122,71,592,286,2021/22,1071,93.37068160597572
0522054204918,Mattias Karlsson,M,Norrbottens län,man,1972,101,95,611,264,2021/22,1071,91.12978524743231
0522240580423,Arin Karapet,M,Stockholms kommun,man,1988,107,51,642,271,2021/22,1071,95.23809523809523
0523902030928,Aylin Fazelian,S,Västra Götalands läns västra,kvinna,1992,4,60,760,146,2021/22,970,93.81443298969072
0526748040023,Ludvig Aspling,SD,Stockholms län,man,1983,136,163,507,265,2021/22,1071,84.78057889822595
0529103571012,Jan R Andersson,M,Kalmar län,man,1970,115,41,639,276,2021/22,1071,96.171802054155
0530425150220,Annika Strandhäll,S,Stockholms kommun,kvinna,1975,0,19,33,10,2021/22,62,69.35483870967742
0534870997412,Åsa Hartzell,M,Göteborgs kommun,kvinna,1963,1,6,38,17,2021/22,62,90.32258064516128
0537400268911,Caroline Helmersson Olsson,S,Södermanlands län,kvinna,1963,4,118,794,155,2021/22,1071,88.98225957049486
0538387395826,Mats Green,M,Jönköpings län,man,1979,109,79,613,270,2021/22,1071,92.62371615312792
0538494048717,Jonas Andersson,SD,Västerbottens län,man,1972,164,22,583,302,2021/22,1071,97.94584500466853
0540190357911,Hans Hoff,S,Hallands län,man,1963,5,42,855,169,2021/22,1071,96.07843137254902
0541320528015,Nina Lundström,L,Stockholms län,kvinna,1961,112,276,552,131,2021/22,1071,74.2296918767507
0542160909628,Andreas Carlson,KD,Jönköpings län,man,1987,108,355,434,174,2021/22,1071,66.85340802987862
0545353563812,Amineh Kakabaveh,-,Stockholms län,kvinna,1970,111,83,603,274,2021/22,1071,92.25023342670401
0545733815610,Patrick Reslow,SD,Värmlands län,man,1970,151,89,550,281,2021/22,1071,91.69000933706816
0546731406922,Rebecka Le Moine,MP,Östergötlands län,kvinna,1990,28,73,182,58,2021/22,341,78.59237536656892
0547805254924,Jessica Thunander,V,Västra Götalands läns östra,kvinna,1973,94,204,524,249,2021/22,1071,80.95238095238095
0547818628111,Betty Malmberg,M,Östergötlands län,kvinna,1958,51,489,377,154,2021/22,1071,54.34173669467788
055257333723,Oscar Sjöstedt,SD,Västmanlands län,man,1981,155,89,543,284,2021/22,1071,91.69000933706816
0554852839719,Mikael Dahlqvist,S,Värmlands län,man,1967,3,18,876,174,2021/22,1071,98.31932773109243
0556755096938,Axel Hallberg,MP,Skåne läns södra,man,1999,73,57,497,156,2021/22,783,92.72030651340997
0557180142229,Fredrik Lindahl,SD,Stockholms län,man,1987,153,87,547,284,2021/22,1071,91.87675070028011
055824190225,Ebba Hermansson,SD,Skåne läns västra,kvinna,1996,8,0,64,29,2021/22,101,100.0
0559925283228,Teres Lindberg,S,Stockholms kommun,kvinna,1974,6,243,694,128,2021/22,1071,77.31092436974791
0564126739422,Åsa Coenraads,M,Västmanlands län,kvinna,1978,92,145,578,256,2021/22,1071,86.46125116713353
0572788110724,Maria Malmer Stenergard,M,Skåne läns norra och östra,kvinna,1981,86,209,537,239,2021/22,1071,80.48552754435107
0575283695521,Helena Storckenfeldt,M,Hallands län,kvinna,1995,104,65,625,277,2021/22,1071,93.93090569561157
0576619284416,Aphram Melki,C,Stockholms län,man,1959,142,81,595,239,2021/22,1057,92.3368022705771
057993099726,Magnus Ek,C,Östergötlands län,man,1994,144,53,627,247,2021/22,1071,95.05135387488328
0582811195313,Tina Acketoft,L,Skåne läns västra,kvinna,1966,83,502,398,88,2021/22,1071,53.12791783380019
0584506101017,Magnus Stuart,M,Södermanlands län,man,1952,110,19,657,285,2021/22,1071,98.22595704948645
0587736055221,Niels Paarup-Petersen,C,Malmö kommun,man,1978,148,18,649,256,2021/22,1071,98.31932773109243
0588282566419,Lars Beckman,M,Gävleborgs län,man,1967,83,268,509,211,2021/22,1071,74.97665732959851
0590042760718,Annicka Engblom,M,Blekinge län,kvinna,1967,82,356,435,198,2021/22,1071,66.76003734827265
0594680769027,Daniel Andersson,S,Örebro län,man,1986,3,255,679,134,2021/22,1071,76.19047619047619
0598792324417,Ulrika Jörgensen,M,Hallands län,kvinna,1967,106,73,626,266,2021/22,1071,93.18394024276377
0603366539729,Malin Danielsson,L,Stockholms län,kvinna,1977,122,130,671,148,2021/22,1071,87.86181139122316
0603753860213,Carina Ståhl Herrstedt,SD,Skåne läns västra,kvinna,1971,143,177,500,251,2021/22,1071,83.4733893557423
0604459858621,Emilia Töyrä,S,Norrbottens län,kvinna,1985,4,278,663,126,2021/22,1071,74.04295051353876
0604811710522,Ida Drougge,M,Stockholms län,kvinna,1990,104,150,564,253,2021/22,1071,85.99439775910365
0606863154419,Mats Berglund,MP,Stockholms kommun,man,1970,0,6,42,14,2021/22,62,90.32258064516128
0607691439013,Karin Enström,M,Stockholms län,kvinna,1966,107,120,583,261,2021/22,1071,88.79551820728291
0612916684825,Johan Löfstrand,S,Östergötlands län,man,1976,3,165,758,145,2021/22,1071,84.593837535014
0613297818326,Mathias Tegnér,S,Stockholms län,man,1979,4,215,720,132,2021/22,1071,79.92530345471522
0616721755222,Louise Meijer,M,Skåne läns södra,kvinna,1990,108,144,577,242,2021/22,1071,86.5546218487395
0619928872229,Laila Naraghi,S,Kalmar län,kvinna,1982,1,389,563,118,2021/22,1071,63.67880485527544
0624040854527,Emma Berginger,MP,Skåne läns södra,kvinna,1986,20,51,162,55,2021/22,288,82.29166666666666
0628005785225,Jörgen Berglund,M,Västernorrlands län,man,1974,113,79,610,269,2021/22,1071,92.62371615312792
0628190530410,Ulla Andersson,V,Gävleborgs län,kvinna,1963,88,346,443,194,2021/22,1071,67.6937441643324
0628870165823,Emma Hult,MP,Jönköpings län,kvinna,1988,84,275,557,155,2021/22,1071,74.32306255835668
0630820052511,Per-Arne Håkansson,S,Skåne läns norra och östra,man,1963,2,44,861,164,2021/22,1071,95.89169000933707
0630993685307,Ulf Lönnberg,KD,Stockholms kommun,man,1945,6,0,70,19,2021/22,95,100.0
0637784834317,Diana Laitinen Carlsson,S,Jönköpings län,kvinna,1972,4,133,778,156,2021/22,1071,87.58169934640523
0638497389621,Julia Kronlid,SD,Stockholms län,kvinna,1980,147,107,536,281,2021/22,1071,90.0093370681606
0640627133410,Elisabeth Falkhaven,MP,Hallands län,kvinna,1955,104,32,703,232,2021/22,1071,97.01213818860877
0641953830512,Magnus Persson,SD,Dalarnas län,man,1970,152,87,545,287,2021/22,1071,91.87675070028011
0642224351118,Pål Jonson,M,Värmlands län,man,1972,80,370,438,183,2021/22,1071,65.45284780578898
0645111757928,Elin Gustafsson,S,Skåne läns södra,kvinna,1989,2,34,867,168,2021/22,1071,96.82539682539682
064711971110,Maria Gardfjell,MP,Uppsala län,kvinna,1965,75,290,533,173,2021/22,1071,72.92250233426705
0648224557612,Åsa Karlsson,S,Västerbottens län,kvinna,1973,4,119,784,164,2021/22,1071,88.88888888888889
065105536026,Niklas Karlsson,S,Skåne läns västra,man,1974,5,206,711,149,2021/22,1071,80.765639589169
0652497579621,Johanna Haraldsson,S,Jönköpings län,kvinna,1980,3,83,826,159,2021/22,1071,92.25023342670401
065701062615,Runar Filper,SD,Värmlands län,man,1964,139,107,536,289,2021/22,1071,90.0093370681606
066036027425,Mikael Damsgaard,M,Västmanlands län,man,1976,112,25,649,285,2021/22,1071,97.6657329598506
0665485817222,Daniel Bäckström,C,Värmlands län,man,1975,142,68,619,242,2021/22,1071,93.65079365079364
0667220767927,Erik Ezelius,S,Västra Götalands läns östra,man,1986,4,80,825,162,2021/22,1071,92.53034547152194
066769783310,Lotta Olsson,M,Örebro län,kvinna,1960,69,331,468,203,2021/22,1071,69.09430438842203
0671241874717,Elisabeth Björnsdotter Rahm,M,Västerbottens län,kvinna,1964,83,239,521,226,2021/22,1069,77.64265668849391
0671241874717,Elisabeth Rahm,M,Västerbottens län,kvinna,1964,0,0,1,1,2021/22,2,100.0
0677738818613,Anders Åkesson,C,Kalmar län,man,1958,135,119,586,231,2021/22,1071,88.88888888888889
0679228585116,Per Åsling,C,Jämtlands län,man,1957,49,332,330,101,2021/22,812,59.11330049261083
0681030112815,Peter Helander,C,Dalarnas län,man,1961,126,94,622,229,2021/22,1071,91.22315592903828
0682989845822,Håkan Svenneling,V,Värmlands län,man,1985,80,454,349,188,2021/22,1071,57.609710550887016
0685749336810,Dag Larsson,S,Stockholms kommun,man,1960,0,166,586,106,2021/22,858,80.65268065268066
0691264514114,Anna Johansson,S,Göteborgs kommun,kvinna,1971,4,40,859,168,2021/22,1071,96.26517273576097
0692076685824,Camilla Hansén,MP,Örebro län,kvinna,1976,92,242,558,179,2021/22,1071,77.40429505135388
069309987221,Johan Hultberg,M,Västra Götalands läns norra,man,1985,93,148,575,255,2021/22,1071,86.1811391223156
0694273653613,Margareta Fransson,MP,Östergötlands län,kvinna,1971,75,4,500,151,2021/22,730,99.45205479452055
0694917698222,Michael Rubbestad,SD,Uppsala län,man,1980,118,278,450,225,2021/22,1071,74.04295051353876
07012286624,Daniel Riazat,V,Dalarnas län,man,1991,127,61,595,288,2021/22,1071,94.30438842203547
0704744533715,Pernilla Stålhammar,MP,Stockholms kommun,kvinna,1971,0,0,46,16,2021/22,62,100.0
0706528359123,Linus Sköld,S,Norrbottens län,man,1983,4,115,790,162,2021/22,1071,89.2623716153128
0718034011110,Jessika Roswall,M,Uppsala län,kvinna,1972,89,192,550,240,2021/22,1071,82.07282913165265
0719332223713,Juno Blom,L,Östergötlands län,kvinna,1968,123,209,600,139,2021/22,1071,80.48552754435107
0720250789315,Mats Wiking,S,Västra Götalands läns norra,man,1961,0,123,790,158,2021/22,1071,88.51540616246498
0721509806321,Nooshi Dadgostar,V,Stockholms kommun,kvinna,1985,98,344,410,219,2021/22,1071,67.88048552754435
0722683622001,Lars Jilmstad,M,Stockholms kommun,man,1946,98,134,574,265,2021/22,1071,87.48832866479925
0729710260118,Helena Bouveng,M,Jönköpings län,kvinna,1962,98,125,587,261,2021/22,1071,88.32866479925303
0731442709013,Christer Nylander,L,Skåne läns norra och östra,man,1968,139,71,701,160,2021/22,1071,93.37068160597572
0732677378827,Marta Obminska,M,Uppsala län,kvinna,1979,0,215,0,0,2021/22,215,0.0
0737666060225,Joakim Järrebring,S,Västra Götalands läns västra,man,1976,4,223,705,139,2021/22,1071,79.17833800186742
0742883909221,John E Weinerhall,M,Östergötlands län,man,1995,93,1,484,199,2021/22,777,99.87129987129987
0742883909221,John E. Weinerhall,M,Östergötlands län,man,1995,20,22,151,73,2021/22,266,91.72932330827068
0742883909221,John Weinerhall,M,Östergötlands län,man,1995,0,0,18,10,2021/22,28,100.0
0744139167426,Rasmus Ling,MP,Malmö kommun,man,1984,88,180,603,200,2021/22,1071,83.19327731092436
0751280022025,Alexander Ojanne,S,Stockholms kommun,man,1986,4,76,723,145,2021/22,948,91.9831223628692
0752691002718,Pyry Niemi,S,Uppsala län,man,1965,4,199,712,156,2021/22,1071,81.41923436041083
075747847023,Gustaf Lantz,S,Uppsala län,man,1981,3,52,846,170,2021/22,1071,95.14472455648925
0760500234712,Monica Haider,S,Kronobergs län,kvinna,1963,2,331,625,113,2021/22,1071,69.09430438842203
0764949934324,Ulrika Heindorff,M,Skåne läns västra,kvinna,1983,27,189,244,120,2021/22,580,67.41379310344828
0766496753128,Fredrik Malm,L,Stockholms kommun,man,1977,123,164,641,143,2021/22,1071,84.68720821661998
0768554866215,Katja Nyberg,SD,Stockholms kommun,kvinna,1971,150,114,524,283,2021/22,1071,89.35574229691878
0770363683317,Malin Björk,C,Stockholms kommun,kvinna,1969,135,76,617,243,2021/22,1071,92.90382819794584
0772402807013,Sven Olof Sällström,SD,Kronobergs län,man,1968,0,0,1,1,2021/22,2,100.0
0772402807013,Sven-Olof Sällström,SD,Kronobergs län,man,1968,50,605,274,140,2021/22,1069,43.40505144995323
0773497241728,Roger Hedlund,SD,Gävleborgs län,man,1979,152,87,543,289,2021/22,1071,91.87675070028011
0776705932527,Ciczie Weidby,V,Jönköpings län,kvinna,1974,127,73,588,283,2021/22,1071,93.18394024276377
0779329190517,Kjell Jansson,M,Stockholms län,man,1959,108,59,629,275,2021/22,1071,94.49112978524742
0779781772919,Kristina Nilsson,S,Västernorrlands län,kvinna,1965,4,168,742,157,2021/22,1071,84.31372549019608
0780214960516,Eva Lindh,S,Östergötlands län,kvinna,1971,2,268,673,128,2021/22,1071,74.97665732959851
0781520322912,Jörgen Hellman,S,Västra Götalands läns norra,man,1963,2,201,604,104,2021/22,911,77.93633369923161
0781623040415,Camilla Waltersson Grönvall,M,Västra Götalands läns västra,kvinna,1969,92,204,535,240,2021/22,1071,80.95238095238095
0787535945527,Jennie Åfeldt,SD,Skåne läns södra,kvinna,1974,147,142,508,274,2021/22,1071,86.74136321195145
07921826010,Anna-Belle Strömberg,S,Västernorrlands län,kvinna,1965,3,74,835,159,2021/22,1071,93.09056956115779
0792733370419,Magnus Oscarsson,KD,Östergötlands län,man,1970,138,132,566,235,2021/22,1071,87.6750700280112
0793372891224,Noria Manouchi,M,Malmö kommun,kvinna,1991,116,22,652,281,2021/22,1071,97.94584500466853
0796071663617,Acko Ankarberg Johansson,KD,Jönköpings län,kvinna,1964,140,43,627,261,2021/22,1071,95.98506069094304
0796312429425,Viktor Wärnick,M,Gävleborgs län,man,1991,113,53,627,278,2021/22,1071,95.05135387488328
0800956862429,Gulan Avci,L,Stockholms kommun,kvinna,1977,121,197,609,144,2021/22,1071,81.60597572362278
0801311569314,Gunilla Svantorp,S,Värmlands län,kvinna,1964,4,149,780,138,2021/22,1071,86.08776844070962
0802546764724,Åsa Westlund,S,Stockholms län,kvinna,1976,4,92,814,161,2021/22,1071,91.40989729225024
0803753212716,Richard Jomshof,SD,Blekinge län,man,1969,127,261,457,226,2021/22,1071,75.63025210084034
0810201628512,Ann-Charlotte Hammar Johnsson,M,Skåne läns västra,kvinna,1966,114,43,640,274,2021/22,1071,95.98506069094304
0810852280213,Marie-Louise Hänel Sandström,M,Göteborgs kommun,kvinna,1968,109,68,622,272,2021/22,1071,93.65079365079364
0819601620927,Annika Hirvonen,MP,Stockholms län,kvinna,1989,96,101,657,217,2021/22,1071,90.56956115779646
0825441263617,Birger Lahti,V,Norrbottens län,man,1964,127,87,574,283,2021/22,1071,91.87675070028011
0828001951212,Ingemar Kihlström,KD,Västra Götalands läns södra,man,1966,140,143,562,226,2021/22,1071,86.64799253034548
0828721176319,Sten Bergheden,M,Västra Götalands läns östra,man,1965,96,143,573,259,2021/22,1071,86.64799253034548
0831039938224,Adam Marttinen,SD,Södermanlands län,man,1983,140,118,536,277,2021/22,1071,88.98225957049486
0831636664429,Mattias Karlsson,SD,Kronobergs län,man,1977,131,268,438,234,2021/22,1071,74.97665732959851
0832311880029,Erik Ottoson,M,Stockholms län,man,1989,116,0,666,289,2021/22,1071,100.0
0833552896828,Jasmin Farid,M,Stockholms län,kvinna,1992,85,0,467,189,2021/22,741,100.0
0836001490919,Ulrika Heie,C,Västra Götalands läns östra,kvinna,1965,138,92,610,231,2021/22,1071,91.40989729225024
0838085832923,Ann-Sofie Lifvenhage,M,Södermanlands län,kvinna,1976,102,138,579,252,2021/22,1071,87.11484593837535
0843345349823,Anders Hansson,M,Skåne läns södra,man,1976,114,87,610,260,2021/22,1071,91.87675070028011
084624777218,Helena Lindahl,C,Västerbottens län,kvinna,1972,137,113,600,221,2021/22,1071,89.44911297852475
0852475703226,Lorena Delgado,V,Stockholms län,kvinna,1974,1,0,0,1,2021/22,2,100.0
0852475703226,Lorena Delgado Varas,V,Stockholms län,kvinna,1974,115,77,586,291,2021/22,1069,92.79700654817586
0853204119514,Marlene Burwick,S,Uppsala län,kvinna,1971,4,95,810,162,2021/22,1071,91.12978524743231
0853831481615,Lars Thomsson,C,Gotlands län,man,1964,129,104,609,229,2021/22,1071,90.28944911297853
085742305813,Patrik Engström,S,Dalarnas län,man,1968,0,0,82,19,2021/22,101,100.0
0859968278117,Carina Ohlsson,S,Västra Götalands läns östra,kvinna,1957,4,222,707,138,2021/22,1071,79.27170868347339
0860364634014,Mattias Ottosson,S,Östergötlands län,man,1971,5,0,890,176,2021/22,1071,100.0
0861521539920,Aron Emilsson,SD,Västra Götalands läns västra,man,1990,160,64,556,291,2021/22,1071,94.02427637721755
0862868280923,Annie Lööf,C,Jönköpings län,kvinna,1983,70,553,314,134,2021/22,1071,48.366013071895416
0866055333028,Alexandra Anstrell,M,Stockholms län,kvinna,1974,101,83,618,269,2021/22,1071,92.25023342670401
086684470825,Tobias Andersson,SD,Västra Götalands läns östra,man,1996,163,23,580,305,2021/22,1071,97.85247432306255
0875221317013,Gunilla Carlsson,S,Göteborgs kommun,kvinna,1966,3,87,824,157,2021/22,1071,91.87675070028011
0877778793323,Johan Büser,S,Göteborgs kommun,man,1983,4,368,578,121,2021/22,1071,65.63958916900093
0878075468027,Hillevi Larsson,S,Malmö kommun,kvinna,1974,0,17,0,0,2021/22,17,0.0
0879782396219,Olle Thorell,S,Västmanlands län,man,1967,4,162,744,161,2021/22,1071,84.87394957983193
0880018341619,Thomas Morell,SD,Gävleborgs län,man,1957,156,58,561,296,2021/22,1071,94.5845004668534
088172351225,Andrea Törnestam,S,Stockholms kommun,kvinna,1991,2,2,174,35,2021/22,213,99.06103286384976
088461404416,Richard Herrey,M,Stockholms län,man,1964,109,66,563,249,2021/22,987,93.3130699088146
0884738092723,Kristina Yngwe,C,Skåne läns södra,kvinna,1983,138,169,536,228,2021/22,1071,84.2203548085901
089246126523,Elin Lundgren,S,Gävleborgs län,kvinna,1978,4,82,824,161,2021/22,1071,92.34360410830999
0892978334516,Michael Anefur,KD,Skåne läns västra,man,1957,117,282,479,193,2021/22,1071,73.66946778711485
0893004490313,Cecilia Widegren,M,Västra Götalands läns östra,kvinna,1973,78,305,489,199,2021/22,1071,71.5219421101774
0899112324519,Elisabeth Svantesson,M,Örebro län,kvinna,1967,63,447,380,181,2021/22,1071,58.26330532212884
0899169869710,Helena Gellerman,L,Västra Götalands läns västra,kvinna,1960,123,186,619,143,2021/22,1071,82.6330532212885
0903081277919,Helena Vilhelmsson,C,Örebro län,kvinna,1965,120,226,532,193,2021/22,1071,78.89822595704949
0905312407726,Cassandra Sundin,SD,Jämtlands län,kvinna,1991,161,21,585,304,2021/22,1071,98.0392156862745
0909948830718,Ann-Christin Ahlberg,S,Västra Götalands läns södra,kvinna,1957,5,116,784,166,2021/22,1071,89.16900093370681
0911067396229,Mattias Vepsä,S,Stockholms kommun,man,1980,4,238,697,132,2021/22,1071,77.77777777777779
0911916463828,Fredrik Lundh Sammeli,S,Norrbottens län,man,1977,4,181,734,152,2021/22,1071,83.09990662931838
091303475611,Eric Palmqvist,SD,Norrbottens län,man,1970,142,176,492,261,2021/22,1071,83.56676003734827
0916608741910,Suzanne Svensson,S,Blekinge län,kvinna,1958,1,0,305,59,2021/22,365,100.0
0920901966627,Tony Haddou,V,Göteborgs kommun,man,1989,100,246,486,239,2021/22,1071,77.03081232492998
0925652297119,Per Ramhorn,SD,Malmö kommun,man,1967,164,25,580,302,2021/22,1071,97.6657329598506
0925968558417,Lennart Sacrédeus,KD,Dalarnas län,man,1957,46,10,249,109,2021/22,414,97.58454106280193
0926002991620,Pontus Andersson,SD,Skåne läns västra,man,1992,133,124,465,248,2021/22,970,87.21649484536083
0926214745119,Heléne Björklund,S,Blekinge län,kvinna,1972,1,195,734,141,2021/22,1071,81.79271708683473
0932000030511,Maria Stockhaus,M,Stockholms län,kvinna,1963,87,170,570,244,2021/22,1071,84.12698412698413
0934639939611,Ola Johansson,C,Hallands län,man,1960,135,128,577,231,2021/22,1071,88.04855275443511
0940558892720,Mubarik Mohamed Abdirahman,S,Malmö kommun,man,1982,1,0,248,57,2021/22,306,100.0
0940980416614,Jan Ericson,M,Västra Götalands läns södra,man,1961,98,165,563,245,2021/22,1071,84.593837535014
0947572086414,Anne-Li Sjölund,C,Västernorrlands län,kvinna,1966,147,29,646,249,2021/22,1071,97.2922502334267
0952789103522,Elin Segerlind,V,Västra Götalands läns norra,kvinna,1985,104,236,494,237,2021/22,1071,77.96451914098974
0955748436811,Robert Stenkvist,SD,Stockholms län,man,1958,156,47,568,300,2021/22,1071,95.61157796451914
0956444284814,Per Bolund,MP,Stockholms kommun,man,1971,76,265,502,166,2021/22,1009,73.73637264618434
0956595590924,Tobias Billström,M,Malmö kommun,man,1973,112,23,650,286,2021/22,1071,97.85247432306255
0961483563503,Gudrun Nordborg,V,Västerbottens län,kvinna,1946,98,217,516,240,2021/22,1071,79.73856209150327
0962410717322,Sultan Kayhan,S,Stockholms kommun,kvinna,1988,3,375,575,118,2021/22,1071,64.9859943977591
0962841101917,Annika Qarlsson,C,Västra Götalands läns västra,kvinna,1964,110,294,473,194,2021/22,1071,72.54901960784314
0964730940415,Johan Andersson,S,Östergötlands län,man,1961,4,30,865,172,2021/22,1071,97.19887955182072
0965245623824,Nicklas Attefjord,MP,Västra Götalands läns västra,man,1973,0,0,46,16,2021/22,62,100.0
0970259744617,Margareta Cederfelt,M,Stockholms kommun,kvinna,1959,61,645,260,105,2021/22,1071,39.77591036414566
0973474532717,Ibrahim Baylan,S,Stockholms län,man,1972,4,151,715,137,2021/22,1007,85.00496524329692
0973782197017,Mikael Oscarsson,KD,Uppsala län,man,1967,137,146,561,227,2021/22,1071,86.36788048552755
0974061238314,Paula Holmqvist,S,Västra Götalands läns norra,kvinna,1964,3,372,566,130,2021/22,1071,65.26610644257703
0977592683711,Magnus Jacobsson,KD,Västra Götalands läns norra,man,1968,125,160,553,231,2021/22,1069,85.03274087932647
0977592683711,Magnus Jakobsson,KD,Västra Götalands läns norra,man,1968,0,0,1,1,2021/22,2,100.0
0980092192122,Joar Forssell,L,Stockholms kommun,man,1993,112,239,586,134,2021/22,1071,77.68440709617181
0980316377627,Lars Hjälmered,M,Göteborgs kommun,man,1977,109,86,612,264,2021/22,1071,91.97012138188609
0980681611418,Hans Wallmark,M,Skåne läns norra och östra,man,1965,82,247,517,225,2021/22,1071,76.937441643324
0982795248728,Jakob Forssmed,KD,Stockholms län,man,1974,108,363,421,179,2021/22,1071,66.1064425770308
0986091320811,Catarina Deremar,C,Uppsala län,kvinna,1965,143,88,609,231,2021/22,1071,91.78338001867414
0987246082523,Paula Örn,S,Västra Götalands läns västra,kvinna,1978,0,0,82,19,2021/22,101,100.0
0992420223820,Jessica Rosencrantz,M,Stockholms kommun,kvinna,1987,86,247,505,233,2021/22,1071,76.937441643324
0992473266516,Larry Söder,KD,Hallands län,man,1969,144,40,624,263,2021/22,1071,96.26517273576097
0996640018922,Yasmine Bladelius,S,Skåne läns västra,kvinna,1988,3,201,725,142,2021/22,1071,81.23249299719888
0999976269027,Amanda Palmstierna,MP,Stockholms län,kvinna,1977,39,561,351,120,2021/22,1071,47.61904761904761
0103624617217,Helén Pettersson,S,Västerbottens län,kvinna,1972,44,49,306,165,2022/23,564,91.31205673758865
0105632258713,Boriana Åberg,M,Skåne läns södra,kvinna,1968,0,165,397,2,2022/23,564,70.74468085106382
010643534813,Eric Westroth,SD,Jönköpings län,man,1971,75,53,341,95,2022/23,564,90.60283687943263
0111479807829,Anna Wallentheim,S,Skåne läns norra och östra,kvinna,1985,48,25,318,173,2022/23,564,95.56737588652481
0111697351426,Louise Eklund,L,Malmö kommun,kvinna,1979,0,44,518,2,2022/23,564,92.19858156028369
0112333043027,Rasmus Giertz,SD,Dalarnas län,man,1994,75,40,352,97,2022/23,564,92.90780141843972
0112806493429,Fredrik Saweståhl,M,Stockholms län,man,1977,0,23,389,2,2022/23,414,94.44444444444444
011548866929,Elin Nilsson,L,Örebro län,kvinna,1982,1,43,517,3,2022/23,564,92.37588652482269
0119851690521,David Perez,SD,Uppsala län,man,1990,81,11,369,103,2022/23,564,98.04964539007092
0121015874810,Torsten Elofsson,KD,Skåne läns norra och östra,man,1950,0,79,484,1,2022/23,564,85.99290780141844
0121939297619,Jamal El-Haj,S,Malmö kommun,man,1960,36,95,280,153,2022/23,564,83.15602836879432
0122987223112,Lotta Johnsson Fornarve,V,Södermanlands län,kvinna,1956,71,110,227,156,2022/23,564,80.49645390070921
0130640724922,Clara Aranda,SD,Östergötlands län,kvinna,1988,81,15,364,104,2022/23,564,97.3404255319149
0130789484021,Mattias Bäckström Johansson,SD,Kalmar län,man,1985,67,103,309,85,2022/23,564,81.73758865248226
0132818093422,Rickard Nordin,C,Göteborgs kommun,man,1983,148,71,210,135,2022/23,564,87.41134751773049
0136268785826,Nima Gholam Ali Pour,SD,Malmö kommun,man,1981,81,5,374,104,2022/23,564,99.11347517730496
0138741628520,Angelika Bengtsson,SD,Stockholms kommun,kvinna,1990,56,191,251,66,2022/23,564,66.13475177304964
0140985614421,Peder Björk,S,Västernorrlands län,man,1975,48,0,338,178,2022/23,564,100.0
014386615025,Ali Esbati,V,Stockholms kommun,man,1976,68,141,214,141,2022/23,564,75.0
0144048894712,Ellen Juntti,M,Västra Götalands läns västra,kvinna,1958,0,39,522,3,2022/23,564,93.08510638297872
014744660015,Mikael Damberg,S,Stockholms län,man,1971,39,84,292,149,2022/23,564,85.1063829787234
0148424181819,Ann-Christine From Utterstedt,SD,Blekinge län,kvinna,1972,72,83,322,87,2022/23,564,85.28368794326241
0150118366721,Linda W Snecker,V,Östergötlands län,kvinna,1983,76,56,241,152,2022/23,525,89.33333333333333
0150118366721,Linda Westerlund Snecker,V,Östergötlands län,kvinna,1983,3,2,12,22,2022/23,39,94.87179487179486
0155487380917,Kerstin Lundgren,C,Stockholms län,kvinna,1955,157,69,206,132,2022/23,564,87.7659574468085
0157618290428,Rashid Farivar,SD,Västra Götalands läns västra,man,1982,73,68,333,90,2022/23,564,87.94326241134752
0161616238120,Lina Nordquist,L,Uppsala län,kvinna,1977,0,104,458,2,2022/23,564,81.56028368794325
0161972600410,Elsa Widding,-,Stockholms kommun,kvinna,1968,32,29,128,37,2022/23,226,87.16814159292035
0161972600410,Elsa Widding,SD,Stockholms kommun,kvinna,1968,27,89,180,42,2022/23,338,73.66863905325444
0170585430421,Jimmy Ståhl,SD,Göteborgs kommun,man,1975,81,0,379,104,2022/23,564,100.0
0174490514929,Marcus Andersson,S,Västra Götalands läns östra,man,1987,36,39,236,126,2022/23,437,91.07551487414187
0178323535715,Johnny Svedin,SD,Norrbottens län,man,1969,78,23,363,100,2022/23,564,95.92198581560284
0183544538819,Patrik Jönsson,SD,Västra Götalands läns södra,man,1972,81,14,366,103,2022/23,564,97.51773049645391
0184968091618,Jan Riise,MP,Hallands län,man,1957,118,56,227,163,2022/23,564,90.0709219858156
0191189790215,Peter Ollén,M,Malmö kommun,man,1959,0,12,549,3,2022/23,564,97.87234042553192
019430605328,Josefin Malmqvist,M,Stockholms län,kvinna,1987,0,26,143,1,2022/23,170,84.70588235294117
0198917587520,Maj Karlsson,V,Göteborgs kommun,kvinna,1980,43,239,168,114,2022/23,564,57.62411347517731
0202577142527,Matheus Enholm,SD,Västra Götalands läns norra,man,1979,62,93,321,88,2022/23,564,83.51063829787235
0203877548421,Malin Larsson,S,Västernorrlands län,kvinna,1980,47,9,332,176,2022/23,564,98.40425531914893
0204240926023,Markus Wiechel,SD,Västra Götalands läns norra,man,1988,59,182,252,71,2022/23,564,67.7304964539007
0210444373111,Katarina Luhr,MP,Stockholms kommun,kvinna,1973,117,56,230,161,2022/23,564,90.0709219858156
0211757295524,Josef Fransson,SD,Jämtlands län,man,1978,38,37,171,45,2022/23,291,87.2852233676976
0220064764318,Camilla Brunsberg,M,Blekinge län,kvinna,1972,0,52,509,3,2022/23,564,90.78014184397163
0222102752213,Stefan Olsson,M,Uppsala län,man,1968,0,42,519,3,2022/23,564,92.5531914893617
0223069839622,Robert Hannah,L,Göteborgs kommun,man,1985,0,123,439,2,2022/23,564,78.19148936170212
0226631365426,Mikael Larsson,C,Västra Götalands läns södra,man,1989,148,55,221,140,2022/23,564,90.24822695035462
0227531635413,Lars Püss,M,Hallands län,man,1966,0,154,407,3,2022/23,564,72.69503546099291
0228027853620,Vasiliki Tsouplaki,V,Västmanlands län,kvinna,1980,66,142,218,138,2022/23,564,74.822695035461
0229350341619,Ilona Szatmári Waldau,V,Uppsala län,kvinna,1962,72,111,227,154,2022/23,564,80.31914893617021
0229627943828,Jytte Guteland,S,Stockholms kommun,kvinna,1979,33,66,306,159,2022/23,564,88.29787234042553
0229760896014,Anders W Jonsson,C,Gävleborgs län,man,1961,139,79,219,127,2022/23,564,85.99290780141844
0236597884217,Rose-Marie Carlsson,S,Malmö kommun,kvinna,1954,36,36,241,131,2022/23,444,91.89189189189189
0237055280513,Roland Utbult,KD,Västra Götalands läns västra,man,1951,0,144,417,3,2022/23,564,74.46808510638299
023732429721,Sofie Eriksson,S,Dalarnas län,kvinna,1992,47,19,324,174,2022/23,564,96.63120567375887
0240670797111,Björn Tidland,SD,Göteborgs kommun,man,1963,81,0,379,104,2022/23,564,100.0
0245113256029,Daniel Vencu Velasquez Castro,S,Stockholms kommun,man,1994,40,77,291,156,2022/23,564,86.34751773049645
0245468368228,Yusuf Aydin,KD,Stockholms län,man,1982,0,160,400,2,2022/23,562,71.53024911032028
0246927519019,Karin Rågsjö,V,Stockholms kommun,kvinna,1955,73,101,234,156,2022/23,564,82.09219858156028
0249730539015,Anders Karlsson,C,Jönköpings län,man,1961,156,13,204,132,2022/23,505,97.42574257425743
0250583732424,Jesper Skalberg Karlsson,M,Gotlands län,man,1993,0,3,558,3,2022/23,564,99.46808510638297
0251136832626,Muharrem Demirok,C,Östergötlands län,man,1976,108,202,154,100,2022/23,564,64.18439716312056
025158809026,Ida Gabrielsson,V,Stockholms kommun,kvinna,1981,50,211,182,121,2022/23,564,62.5886524822695
0254021157518,Lars Andersson,SD,Skåne läns södra,man,1964,75,43,353,93,2022/23,564,92.37588652482269
0254161225015,Lars Wistedt,SD,Uppsala län,man,1964,70,65,338,91,2022/23,564,88.47517730496453
0254695027922,Malcolm Momodou Jallow,V,Malmö kommun,man,1975,64,118,223,159,2022/23,564,79.07801418439716
0256404677510,Cecilia Engström,KD,Skåne läns södra,kvinna,1972,1,70,490,3,2022/23,564,87.58865248226951
0256716955026,Serkan Köse,S,Stockholms län,man,1976,39,142,245,138,2022/23,564,74.822695035461
0257612529618,Kenneth G Forslund,S,Västra Götalands läns västra,man,1967,41,40,318,165,2022/23,564,92.90780141843972
025877594729,John Widegren,M,Östergötlands län,man,1980,0,28,533,3,2022/23,564,95.0354609929078
025931369428,Jonas Andersson,SD,Östergötlands län,man,1989,81,39,347,97,2022/23,564,93.08510638297872
025967059622,Magnus Manhammar,S,Blekinge län,man,1980,0,0,5,0,2022/23,5,100.0
0262525788220,Johanna Hornberger,M,Stockholms län,kvinna,1975,0,27,535,2,2022/23,564,95.2127659574468
02658325625,Angelica Lundberg,SD,Västmanlands län,kvinna,1981,77,34,356,97,2022/23,564,93.97163120567376
0271338654822,Ola Möller,S,Skåne läns västra,man,1983,45,38,316,165,2022/23,564,93.26241134751773
0273506284025,Edward Riedl,M,Västerbottens län,man,1976,0,129,432,3,2022/23,564,77.12765957446808
0274462857213,Petter Löberg,S,Västra Götalands läns södra,man,1968,45,22,329,168,2022/23,564,96.09929078014184
0279488554424,Alexander Christiansson,SD,Västra Götalands läns västra,man,1981,58,155,277,74,2022/23,564,72.51773049645391
027964311318,Karin Sundin,S,Örebro län,kvinna,1972,46,40,313,165,2022/23,564,92.90780141843972
0281670919717,Jörgen Grubb,SD,Västra Götalands läns östra,man,1962,75,29,363,97,2022/23,564,94.8581560283688
0283284978818,Markus Kallifatides,S,Stockholms kommun,man,1972,47,9,331,177,2022/23,564,98.40425531914893
0284192765516,Tomas Eneroth,S,Kronobergs län,man,1966,45,78,293,148,2022/23,564,86.17021276595744
028954589415,Ann-Sofie Alm,M,Västra Götalands läns norra,kvinna,1971,0,100,461,3,2022/23,564,82.26950354609929
02910042914,Carina Ödebrink,S,Jönköpings län,kvinna,1961,35,99,278,152,2022/23,564,82.4468085106383
0294138886823,Martin Kinnunen,SD,Stockholms län,man,1983,73,37,358,96,2022/23,564,93.43971631205675
0296384583518,Åsa Eriksson,S,Västmanlands län,kvinna,1972,40,85,287,152,2022/23,564,84.9290780141844
0302393368216,Camilla Rinaldo Miller,KD,Jönköpings län,kvinna,1969,0,61,501,2,2022/23,564,89.18439716312056
0304498908019,Gudrun Brunegård,KD,Kalmar län,kvinna,1957,0,117,444,3,2022/23,564,79.25531914893618
0309480686522,Leila Ali Elmi,MP,Göteborgs kommun,kvinna,1988,99,107,197,132,2022/23,535,80.0
0313390540217,Ingela Nylund Watz,S,Stockholms län,kvinna,1962,40,125,260,139,2022/23,564,77.83687943262412
0314794471216,Anna Starbrink,L,Stockholms län,kvinna,1971,0,120,442,2,2022/23,564,78.72340425531915
0315499690028,Teresa Carvalho,S,Östergötlands län,kvinna,1984,41,56,304,163,2022/23,564,90.0709219858156
0316505710324,Janine Alm Ericson,MP,Västra Götalands läns västra,kvinna,1973,106,97,213,148,2022/23,564,82.80141843971631
0327372175911,Fredrik Ahlstedt,M,Uppsala län,man,1968,0,18,543,3,2022/23,564,96.80851063829788
0331791853028,Yasmine Eriksson,SD,Västra Götalands läns västra,kvinna,1989,71,70,334,89,2022/23,564,87.58865248226951
0333193598116,Bo Broman,SD,Skåne läns västra,man,1969,75,26,364,99,2022/23,564,95.39007092198581
0338088431726,Sara Gille,SD,Dalarnas län,kvinna,1981,59,23,223,66,2022/23,371,93.80053908355795
033935884729,Martina Johansson,C,Södermanlands län,kvinna,1975,155,54,217,138,2022/23,564,90.42553191489363
0339894357417,Jennie Nilsson,S,Hallands län,kvinna,1972,45,32,316,171,2022/23,564,94.32624113475178
0340418158820,Daniel Persson,SD,Gävleborgs län,man,1982,81,1,378,104,2022/23,564,99.822695035461
0341628241813,Marianne Fundahn,S,Skåne läns södra,kvinna,1958,37,108,280,139,2022/23,564,80.85106382978724
0344222203323,Dennis Dioukarev,SD,Göteborgs kommun,man,1993,68,66,340,90,2022/23,564,88.29787234042553
0345062474310,Mona Olin,SD,Kalmar län,kvinna,1967,68,52,351,93,2022/23,564,90.78014184397163
0348383585915,Marielle Lahti,MP,Södermanlands län,kvinna,1969,89,164,173,131,2022/23,557,70.55655296229803
0349986646724,Märta Stenevi,MP,Stockholms län,kvinna,1976,84,196,165,119,2022/23,564,65.24822695035462
035234573112,Anna-Lena Blomkvist,SD,Dalarnas län,kvinna,1973,68,107,305,84,2022/23,564,81.02836879432624
0358514648113,Marléne Lund Kopparklint,M,Värmlands län,kvinna,1973,0,107,455,2,2022/23,564,81.02836879432624
0360160202728,Emma Ahlström Köster,M,Skåne läns södra,kvinna,1987,0,31,531,2,2022/23,564,94.50354609929079
0362779191527,Erik Hellsborn,SD,Hallands län,man,1984,79,10,372,103,2022/23,564,98.22695035460993
0364687971222,Alireza Akhondi,C,Stockholms län,man,1980,152,63,212,137,2022/23,564,88.82978723404256
0365748677411,Mats Nordberg,SD,Dalarnas län,man,1958,0,11,26,2,2022/23,39,71.7948717948718
0369212790927,Sofia Skönnbrink,S,Värmlands län,kvinna,1991,34,94,286,150,2022/23,564,83.33333333333334
0371013828421,Lars Larsson,SD,Hallands län,man,1995,0,0,5,0,2022/23,5,100.0
0371882294919,Carita Boulwén,SD,Hallands län,kvinna,1967,79,12,370,103,2022/23,564,97.87234042553192
0372414474424,Oskar Svärd,M,Örebro län,man,1995,0,34,527,3,2022/23,564,93.97163120567376
037561614928,Lawen Redar,S,Stockholms kommun,kvinna,1989,38,75,296,155,2022/23,564,86.70212765957447
0376353897112,Leif Nysmed,S,Stockholms län,man,1970,41,82,283,158,2022/23,564,85.46099290780143
0376395541120,Joakim Sandell,S,Malmö kommun,man,1975,2,18,49,13,2022/23,82,78.04878048780488
037781229619,Staffan Eklöf,SD,Jönköpings län,man,1965,81,19,364,100,2022/23,564,96.63120567375887
0378597308227,Camilla Brodin,KD,Stockholms kommun,kvinna,1979,0,116,445,3,2022/23,564,79.43262411347519
0381853591928,Malte Roos,MP,Malmö kommun,man,1994,44,0,86,54,2022/23,184,100.0
0386912710815,Mats Arkhem,SD,Stockholms län,man,1966,82,21,360,101,2022/23,564,96.27659574468085
0387230530213,Crister Carlsson,M,Dalarnas län,man,1963,0,0,561,3,2022/23,564,100.0
0389220391128,Christian Carlsson,KD,Stockholms län,man,1987,0,100,461,3,2022/23,564,82.26950354609929
039102787629,Oliver Rosengren,M,Kronobergs län,man,1992,0,60,501,3,2022/23,564,89.36170212765957
0397073482210,Camilla Mårtensen,L,Skåne läns södra,kvinna,1970,1,79,482,2,2022/23,564,85.99290780141844
0398471271026,Frida Tånghag,V,Göteborgs kommun,kvinna,1989,63,0,211,126,2022/23,400,100.0
0405594274208,Ewa Pihl Krabbe,S,Skåne läns norra och östra,kvinna,1947,46,0,340,178,2022/23,564,100.0
0406831930624,Henrik Vinge,SD,Stockholms kommun,man,1988,56,137,292,79,2022/23,564,75.70921985815603
0407081382317,Anna-Caren Sätherberg,S,Jämtlands län,kvinna,1964,42,98,276,148,2022/23,564,82.62411347517731
0409655917321,Jakob Olofsgård,L,Jönköpings län,man,1975,0,26,536,2,2022/23,564,95.39007092198581
0410231576416,Lars Johnsson,M,Skåne läns norra och östra,man,1964,0,26,535,3,2022/23,564,95.39007092198581
0410640630411,Ulrik Nilsson,M,Västra Götalands läns södra,man,1963,0,3,558,3,2022/23,564,99.46808510638297
0411459873625,Hanna Gunnarsson,V,Skåne läns södra,kvinna,1983,87,21,272,184,2022/23,564,96.27659574468085
0412148992926,Hanna Westerén,S,Gotlands län,kvinna,1981,36,91,287,150,2022/23,564,83.86524822695036
0412502344925,Ida Ekeroth Clausson,S,Västra Götalands läns östra,kvinna,1991,41,102,279,142,2022/23,564,81.91489361702128
0418929039326,Patrik Lundqvist,S,Gävleborgs län,man,1984,0,2,0,0,2022/23,2,0.0
041911485722,Magdalena Schröder,M,Stockholms län,kvinna,1990,0,0,28,0,2022/23,28,100.0
041911485722,Magdalena Thuresson,M,Stockholms län,kvinna,1990,0,13,108,1,2022/23,122,89.34426229508196
0425115010020,Kadir Kasirga,S,Stockholms kommun,man,1975,32,129,266,137,2022/23,564,77.12765957446808
0427321850912,Lars Mejern Larsson,S,Värmlands län,man,1965,45,39,312,168,2022/23,564,93.08510638297872
0430865615328,Linda Lindberg,SD,Skåne läns västra,kvinna,1974,54,113,313,84,2022/23,564,79.9645390070922
0433422973328,Kristoffer Lindberg,S,Gävleborgs län,man,1992,38,103,284,139,2022/23,564,81.73758865248226
0440673458216,Ulrika Liljeberg,C,Dalarnas län,kvinna,1969,137,97,203,127,2022/23,564,82.80141843971631
0442073683012,Zara Leghissa,S,Norrbottens län,kvinna,1970,46,11,331,176,2022/23,564,98.04964539007092
0442629549320,Adnan Dibrani,S,Hallands län,man,1985,36,173,241,114,2022/23,564,69.32624113475177
0448973586529,Adrian Magnusson,S,Skåne läns södra,man,1994,42,33,319,170,2022/23,564,94.14893617021276
0452755722723,Björn Söder,SD,Skåne läns norra och östra,man,1976,75,90,311,88,2022/23,564,84.04255319148936
0456522027421,Linnéa Wickman,S,Gävleborgs län,kvinna,1992,32,148,248,136,2022/23,564,73.75886524822694
0456680171315,Charlotte Quensel,SD,Värmlands län,kvinna,1961,76,14,372,102,2022/23,564,97.51773049645391
04571388712,Adam Reuterskiöld,M,Stockholms län,man,1966,0,43,518,3,2022/23,564,92.37588652482269
0457722435319,Tomas Kronståhl,S,Kalmar län,man,1967,40,34,322,168,2022/23,564,93.97163120567376
0466653728712,Denis Begic,S,Örebro län,man,1970,41,164,236,123,2022/23,564,70.92198581560284
0468956880528,Mikael Eskilandersson,SD,Skåne läns norra och östra,man,1977,81,2,377,104,2022/23,564,99.64539007092199
0469084171710,Ulrika Westerlund,MP,Stockholms kommun,kvinna,1972,104,103,209,148,2022/23,564,81.73758865248226
0469384565811,Anders Alftberg,SD,Västra Götalands läns södra,man,1973,75,38,354,97,2022/23,564,93.26241134751773
0472349361027,Kalle Olsson,S,Jämtlands län,man,1984,39,33,302,152,2022/23,526,93.72623574144487
0473783431010,Morgan Johansson,S,Skåne läns södra,man,1970,47,21,325,171,2022/23,564,96.27659574468085
0474290584024,Azadeh Rojhan,S,Stockholms län,kvinna,1986,33,163,247,121,2022/23,564,71.09929078014184
0475643059428,Jonny Cato,C,Skåne läns västra,man,1994,169,18,230,147,2022/23,564,96.80851063829788
0475778011711,Hans Ekström,S,Södermanlands län,man,1958,36,152,248,128,2022/23,564,73.04964539007092
0477013214601,Carl B Hamilton,L,Stockholms kommun,man,1946,2,162,393,2,2022/23,559,71.01967799642217
0481460392727,Jessica Wetterling,V,Västra Götalands läns västra,kvinna,1986,83,35,268,178,2022/23,564,93.79432624113475
0482689573825,Björn Wiechel,S,Västerbottens län,man,1983,15,2,120,56,2022/23,193,98.96373056994818
048561486727,Isabell Mixter,V,Västernorrlands län,kvinna,1989,87,1,285,191,2022/23,564,99.822695035461
0492644357418,Per Söderlund,SD,Örebro län,man,1972,81,22,359,102,2022/23,564,96.09929078014184
0494054455310,David Lång,SD,Västernorrlands län,man,1972,74,16,374,100,2022/23,564,97.16312056737588
0494242537816,Hans Eklind,KD,Örebro län,man,1966,0,149,412,3,2022/23,564,73.58156028368793
0494843794418,Martin Ådahl,C,Stockholms kommun,man,1969,141,78,214,131,2022/23,564,86.17021276595744
0496341906327,Alexandra Völker,S,Stockholms län,kvinna,1989,32,126,263,143,2022/23,564,77.65957446808511
0497217816024,Markus Selin,S,Stockholms län,man,1978,46,20,324,174,2022/23,564,96.45390070921985
0499755198526,Mattias Jonsson,S,Göteborgs kommun,man,1974,36,130,273,125,2022/23,564,76.95035460992908
0502490570219,Kristina Axén Olin,M,Stockholms kommun,kvinna,1962,0,48,513,3,2022/23,564,91.48936170212765
0502688311316,Anna Vikström,S,Stockholms län,kvinna,1957,45,47,306,166,2022/23,564,91.66666666666666
0503029811325,David Josefsson,M,Göteborgs kommun,man,1983,0,132,431,1,2022/23,564,76.59574468085107
0504851635310,Daniel Helldén,MP,Stockholms kommun,man,1965,107,63,234,160,2022/23,564,88.82978723404256
0506482805418,Isak From,S,Västerbottens län,man,1967,38,50,314,162,2022/23,564,91.13475177304964
0506541436524,Sanne Lennström,S,Uppsala län,kvinna,1988,42,68,299,155,2022/23,564,87.94326241134752
0509415296421,Kjell-Arne Ottosson,KD,Värmlands län,man,1975,0,108,454,2,2022/23,564,80.85106382978724
0509830681123,Ida Karkiainen,S,Norrbottens län,kvinna,1988,45,30,317,172,2022/23,564,94.68085106382979
051207517226,Jimmie Åkesson,SD,Jönköpings län,man,1979,6,543,12,3,2022/23,564,3.7234042553191515
0512645510895,Jonathan Svensson,S,Västra Götalands läns norra,man,2000,0,0,5,0,2022/23,5,100.0
0514669448526,Elin Söderberg,MP,Västerbottens län,kvinna,1984,91,114,214,145,2022/23,564,79.7872340425532
0515213566019,Lars Isacsson,S,Dalarnas län,man,1970,39,62,299,164,2022/23,564,89.00709219858156
0516528386117,Patrik Björck,S,Västra Götalands läns östra,man,1957,42,70,299,153,2022/23,564,87.58865248226951
0519740099915,Saila Quicklund,M,Jämtlands län,kvinna,1961,0,2,559,3,2022/23,564,99.64539007092199
0521260619925,Sofia Amloh,S,Södermanlands län,kvinna,1986,39,56,303,166,2022/23,564,90.0709219858156
0522054204918,Mattias Karlsson,M,Norrbottens län,man,1972,0,126,437,1,2022/23,564,77.65957446808511
0522240580423,Arin Karapet,M,Stockholms kommun,man,1988,1,68,493,2,2022/23,564,87.94326241134752
0523902030928,Aylin Fazelian,S,Västra Götalands läns västra,kvinna,1992,39,59,299,153,2022/23,550,89.27272727272727
0523902030928,Aylin Nouri,S,Västra Götalands läns västra,kvinna,1992,0,0,12,2,2022/23,14,100.0
0525562399327,Caroline Högström,M,Västmanlands län,kvinna,1991,0,84,477,3,2022/23,564,85.1063829787234
0526748040023,Ludvig Aspling,SD,Stockholms län,man,1983,70,97,311,86,2022/23,564,82.80141843971631
0530425150220,Annika Strandhäll,S,Stockholms kommun,kvinna,1975,34,153,247,130,2022/23,564,72.87234042553192
0533104339313,Merit Frost Lindberg,M,Stockholms kommun,kvinna,1973,0,1,517,2,2022/23,520,99.8076923076923
0537400268911,Caroline Helmersson Olsson,S,Södermanlands län,kvinna,1963,45,43,314,162,2022/23,564,92.37588652482269
0538387395826,Mats Green,M,Jönköpings län,man,1979,0,44,518,2,2022/23,564,92.19858156028369
0545733815610,Patrick Reslow,SD,Malmö kommun,man,1970,75,36,351,102,2022/23,564,93.61702127659575
0546731406922,Rebecka Le Moine,MP,Östergötlands län,kvinna,1990,84,153,200,127,2022/23,564,72.87234042553192
055257333723,Oscar Sjöstedt,SD,Västmanlands län,man,1981,75,30,356,103,2022/23,564,94.68085106382979
0554852839719,Mikael Dahlqvist,S,Värmlands län,man,1967,44,38,313,169,2022/23,564,93.26241134751773
0557180142229,Fredrik Lindahl,SD,Stockholms län,man,1987,75,39,354,96,2022/23,564,93.08510638297872
05634168328,Nike Örbrink,KD,Stockholms län,kvinna,1997,0,2,0,0,2022/23,2,0.0
0575283695521,Helena Storckenfeldt,M,Hallands län,kvinna,1995,0,53,508,3,2022/23,564,90.60283687943263
0576122429317,Martin Melin,L,Stockholms kommun,man,1967,0,27,311,3,2022/23,341,92.08211143695014
0584183916016,Ulf Holm,MP,Skåne läns södra,man,1969,34,19,64,37,2022/23,154,87.66233766233766
0587736055221,Niels Paarup-Petersen,C,Malmö kommun,man,1978,153,60,218,133,2022/23,564,89.36170212765957
0588282566419,Lars Beckman,M,Gävleborgs län,man,1967,0,85,477,2,2022/23,564,84.9290780141844
0589561178823,Peter Hedberg,S,Västernorrlands län,man,1990,48,31,313,172,2022/23,564,94.50354609929079
0591020192311,Ulf Lindholm,SD,Västernorrlands län,man,1963,75,2,384,103,2022/23,564,99.64539007092199
0591055036519,Mauricio Rojas,L,Skåne läns västra,man,1950,0,107,336,1,2022/23,444,75.90090090090091
0592345073323,Anna af Sillén,M,Södermanlands län,kvinna,1976,0,115,446,3,2022/23,564,79.60992907801419
0599661454115,Lena Bäckelin,S,Jämtlands län,kvinna,1964,6,0,18,14,2022/23,38,100.0
0600069352021,Fredrik Kärrholm,M,Stockholms kommun,man,1985,0,56,505,3,2022/23,564,90.0709219858156
0602744999917,Elisabeth Thand Ringqvist,C,Stockholms kommun,kvinna,1972,138,110,190,126,2022/23,564,80.49645390070921
0603366539729,Malin Danielsson,L,Stockholms kommun,kvinna,1977,0,60,501,3,2022/23,564,89.36170212765957
0603753860213,Carina Ståhl Herrstedt,SD,Skåne läns västra,kvinna,1971,68,110,300,86,2022/23,564,80.49645390070921
0604604418610,Jacob Risberg,MP,Uppsala län,man,1972,118,29,250,167,2022/23,564,94.8581560283688
0604811710522,Ida Drougge,M,Stockholms län,kvinna,1990,0,17,543,4,2022/23,564,96.98581560283688
0607691439013,Karin Enström,M,Stockholms län,kvinna,1966,0,120,443,1,2022/23,564,78.72340425531915
0610162335824,Niklas Sigvardsson,S,Jönköpings län,man,1991,40,27,327,170,2022/23,564,95.2127659574468
0611350076611,Susanne Nordström,M,Östergötlands län,kvinna,1963,0,1,560,3,2022/23,564,99.822695035461
0612916684825,Johan Löfstrand,S,Östergötlands län,man,1976,37,73,296,158,2022/23,564,87.05673758865248
0613297818326,Mathias Tegnér,S,Stockholms län,man,1979,40,105,280,139,2022/23,564,81.38297872340425
0616721755222,Louise Meijer,M,Skåne läns södra,kvinna,1990,0,130,432,2,2022/23,564,76.95035460992908
0618938634020,Marcus Wennerström,S,Uppsala län,man,1982,0,0,5,0,2022/23,5,100.0
0619928872229,Laila Naraghi,S,Kalmar län,kvinna,1982,32,100,282,150,2022/23,564,82.26950354609929
0624040854527,Emma Berginger,MP,Skåne läns södra,kvinna,1986,78,67,151,114,2022/23,410,83.65853658536585
0627450126815,Kajsa Fredholm,V,Dalarnas län,kvinna,1961,81,30,269,184,2022/23,564,94.68085106382979
0628005785225,Jörgen Berglund,M,Västernorrlands län,man,1974,0,83,480,1,2022/23,564,85.28368794326241
0630820052511,Per-Arne Håkansson,S,Skåne läns norra och östra,man,1963,47,1,338,178,2022/23,564,99.822695035461
0635943298419,Dan Hovskär,KD,Västra Götalands läns östra,man,1970,0,90,473,1,2022/23,564,84.04255319148936
0638497389621,Julia Kronlid,SD,Stockholms län,kvinna,1980,53,252,202,57,2022/23,564,55.319148936170215
0639398547124,Bassem Nasr,MP,Malmö kommun,man,1981,32,50,61,48,2022/23,191,73.82198952879581
0641953830512,Magnus Persson,SD,Skåne läns norra och östra,man,1970,69,58,345,92,2022/23,564,89.71631205673759
0648224557612,Åsa Karlsson,S,Västerbottens län,kvinna,1973,45,36,313,170,2022/23,564,93.61702127659575
065105536026,Niklas Karlsson,S,Skåne läns västra,man,1974,43,53,305,163,2022/23,564,90.60283687943263
0652497579621,Johanna Haraldsson,S,Jönköpings län,kvinna,1980,42,115,264,143,2022/23,564,79.60992907801419
0653904370212,Fredrik Olovsson,S,Södermanlands län,man,1973,42,78,290,154,2022/23,564,86.17021276595744
065701062615,Runar Filper,SD,Värmlands län,man,1964,74,39,355,96,2022/23,564,93.08510638297872
066036027425,Mikael Damsgaard,M,Västmanlands län,man,1976,0,29,532,3,2022/23,564,94.8581560283688
0662032691523,Amalia Rud Pedersen,S,Göteborgs kommun,kvinna,1993,41,106,275,142,2022/23,564,81.20567375886525
0663840649717,Anette Rangdag,SD,Jämtlands län,kvinna,1962,35,1,184,53,2022/23,273,99.63369963369964
0663851410627,Beatrice Timgren,SD,Stockholms län,kvinna,1989,66,153,270,75,2022/23,564,72.87234042553192
0665360289423,Fredrik Stenberg,S,Västerbottens län,man,1988,32,0,218,121,2022/23,371,100.0
0665485817222,Daniel Bäckström,C,Värmlands län,man,1975,133,126,193,112,2022/23,564,77.65957446808511
0667220767927,Erik Ezelius,S,Västra Götalands läns östra,man,1986,6,34,60,27,2022/23,127,73.22834645669292
0671571847522,Mattias Eriksson Falk,SD,Södermanlands län,man,1990,48,193,256,67,2022/23,564,65.78014184397163
0678597762924,Martin Westmont,SD,Stockholms kommun,man,1978,81,0,379,104,2022/23,564,100.0
0682989845822,Håkan Svenneling,V,Värmlands län,man,1985,82,81,237,164,2022/23,564,85.63829787234043
068822158616,Katarina Tolgfors,M,Örebro län,kvinna,1967,0,103,460,1,2022/23,564,81.73758865248226
0692076685824,Camilla Hansén,MP,Örebro län,kvinna,1976,116,34,242,172,2022/23,564,93.97163120567376
069309987221,Johan Hultberg,M,Västra Götalands läns norra,man,1985,0,104,457,3,2022/23,564,81.56028368794325
0694917698222,Michael Rubbestad,SD,Örebro län,man,1980,66,149,275,74,2022/23,564,73.58156028368793
069534526423,Mathias Bengtsson,KD,Dalarnas län,man,1998,0,121,441,2,2022/23,564,78.54609929078013
07012286624,Daniel Riazat,V,Stockholms län,man,1991,69,134,210,151,2022/23,564,76.24113475177306
0706528359123,Linus Sköld,S,Norrbottens län,man,1983,44,69,295,156,2022/23,564,87.7659574468085
0709911904721,Johanna Rantsi,M,Västra Götalands läns västra,kvinna,1990,0,34,527,3,2022/23,564,93.97163120567376
0710595759638,Aida Birinxhiku,S,Hallands län,kvinna,1999,46,0,340,178,2022/23,564,100.0
071293048118,Thomas Ragnarsson,M,Kronobergs län,man,1970,0,18,544,2,2022/23,564,96.80851063829788
0717363246311,Jessica Stegrud,SD,Skåne läns södra,kvinna,1970,62,126,296,80,2022/23,564,77.65957446808511
0719332223713,Juno Blom,L,Östergötlands län,kvinna,1968,0,99,463,2,2022/23,564,82.4468085106383
0720250789315,Mats Wiking,S,Västra Götalands läns norra,man,1961,45,77,287,155,2022/23,564,86.34751773049645
0721509806321,Nooshi Dadgostar,V,Stockholms län,kvinna,1985,77,87,248,152,2022/23,564,84.57446808510637
0723133822026,Carl Nordblom,M,Stockholms kommun,man,1994,0,18,543,3,2022/23,564,96.80851063829788
0729710260118,Helena Bouveng,M,Jönköpings län,kvinna,1962,0,87,474,3,2022/23,564,84.57446808510637
0737666060225,Joakim Järrebring,S,Västra Götalands läns västra,man,1976,45,46,306,167,2022/23,564,91.84397163120568
0737824098113,Magnus Berntsson,KD,Göteborgs kommun,man,1973,0,58,503,3,2022/23,564,89.71631205673759
0742883909221,John E Weinerhall,M,Östergötlands län,man,1995,0,123,439,2,2022/23,564,78.19148936170212
074310796828,Magnus Resare,M,Värmlands län,man,1987,0,85,476,3,2022/23,564,84.9290780141844
0744139167426,Rasmus Ling,MP,Malmö kommun,man,1984,39,22,77,51,2022/23,189,88.35978835978835
0744993950910,Anders Ygeman,S,Stockholms kommun,man,1970,43,30,325,166,2022/23,564,94.68085106382979
0747883322423,Amir Jawad,L,Skåne läns västra,man,1995,0,34,86,0,2022/23,120,71.66666666666667
0749416304126,Marie Nicholson,M,Kalmar län,kvinna,1976,0,60,501,3,2022/23,564,89.36170212765957
0750092881021,Joanna Lewerentz,M,Stockholms län,kvinna,1992,0,0,392,2,2022/23,394,100.0
075747847023,Gustaf Lantz,S,Uppsala län,man,1981,43,42,308,166,2022/23,559,92.4865831842576
0760500234712,Monica Haider,S,Kronobergs län,kvinna,1963,40,68,303,153,2022/23,564,87.94326241134752
0764422217512,Lars Engsund,M,Kalmar län,man,1968,1,1,559,3,2022/23,564,99.822695035461
0764949934324,Ulrika Heindorff,M,Skåne läns västra,kvinna,1983,0,119,443,2,2022/23,564,78.90070921985816
0766496753128,Fredrik Malm,L,Stockholms län,man,1977,0,115,446,3,2022/23,564,79.60992907801419
0768554866215,Katja Nyberg,SD,Kronobergs län,kvinna,1971,79,18,368,99,2022/23,564,96.80851063829788
0770363683317,Malin Björk,C,Stockholms kommun,kvinna,1969,141,91,204,128,2022/23,564,83.86524822695036
0772402807013,Sven-Olof Sällström,SD,Östergötlands län,man,1968,41,236,224,63,2022/23,564,58.156028368794324
0773497241728,Roger Hedlund,SD,Gävleborgs län,man,1979,53,160,278,73,2022/23,564,71.63120567375887
0776705932527,Ciczie Weidby,V,Jönköpings län,kvinna,1974,88,2,284,190,2022/23,564,99.64539007092199
0779329190517,Kjell Jansson,M,Stockholms län,man,1959,0,378,184,2,2022/23,564,32.97872340425532
0780214960516,Eva Lindh,S,Östergötlands län,kvinna,1971,30,160,240,134,2022/23,564,71.63120567375887
0783069490115,Mirja Räihä,S,Stockholms kommun,kvinna,1959,42,57,307,158,2022/23,564,89.8936170212766
07921826010,Anna-Belle Strömberg,S,Västernorrlands län,kvinna,1965,35,139,259,131,2022/23,564,75.35460992907801
0792733370419,Magnus Oscarsson,KD,Östergötlands län,man,1970,0,82,480,2,2022/23,564,85.46099290780143
0793372891224,Noria Manouchi,M,Malmö kommun,kvinna,1991,0,28,534,2,2022/23,564,95.0354609929078
0796312429425,Viktor Wärnick,M,Gävleborgs län,man,1991,0,127,434,3,2022/23,564,77.48226950354609
0800956862429,Gulan Avci,L,Stockholms län,kvinna,1977,0,131,430,3,2022/23,564,76.77304964539007
0801311569314,Gunilla Svantorp,S,Värmlands län,kvinna,1964,41,44,314,165,2022/23,564,92.19858156028369
0802091197024,Andrea Andersson Tay,V,Stockholms län,kvinna,1988,74,39,268,183,2022/23,564,93.08510638297872
0802546764724,Åsa Westlund,S,Stockholms län,kvinna,1976,42,80,291,151,2022/23,564,85.81560283687944
0803753212716,Richard Jomshof,SD,Blekinge län,man,1969,61,103,317,83,2022/23,564,81.73758865248226
0803790353229,Azra Muranovic,S,Jönköpings län,kvinna,1987,36,174,233,121,2022/23,564,69.14893617021276
0810201628512,Ann-Charlotte Hammar Johnsson,M,Skåne läns västra,kvinna,1966,0,45,516,3,2022/23,564,92.02127659574468
0810852280213,Marie-Louise Hänel Sandström,M,Göteborgs kommun,kvinna,1968,0,17,544,3,2022/23,564,96.98581560283688
0819601620927,Annika Hirvonen,MP,Stockholms län,kvinna,1989,115,66,226,157,2022/23,564,88.29787234042553
0822010116020,Jim Svensk Larm,S,Gävleborgs län,man,1987,42,92,286,142,2022/23,562,83.62989323843416
0825441263617,Birger Lahti,V,Norrbottens län,man,1964,86,17,277,184,2022/23,564,96.98581560283688
0828001951212,Ingemar Kihlström,KD,Västra Götalands läns södra,man,1966,0,135,427,2,2022/23,564,76.06382978723404
0828721176319,Sten Bergheden,M,Västra Götalands läns östra,man,1965,0,51,510,3,2022/23,564,90.95744680851064
0831039938224,Adam Marttinen,SD,Södermanlands län,man,1983,63,96,316,89,2022/23,564,82.97872340425532
0831636664429,Mattias Karlsson,SD,Kronobergs län,man,1977,69,83,326,86,2022/23,564,85.28368794326241
0832311880029,Erik Ottoson,M,Stockholms län,man,1989,0,136,425,3,2022/23,564,75.88652482269504
0834510274913,Charlotte Nordström,M,Västra Götalands läns östra,kvinna,1963,0,38,523,3,2022/23,564,93.26241134751773
0836001490919,Ulrika Heie,C,Västra Götalands läns östra,kvinna,1965,122,120,195,127,2022/23,564,78.72340425531915
0837394708917,Anders Ådahl,C,Västra Götalands läns västra,man,1972,144,56,224,140,2022/23,564,90.0709219858156
0838085832923,Ann-Sofie Lifvenhage,M,Södermanlands län,kvinna,1976,0,152,410,2,2022/23,564,73.04964539007092
083953568015,Malin Höglund,M,Dalarnas län,kvinna,1969,0,39,522,3,2022/23,564,93.08510638297872
0845133742919,Lili André,KD,Gävleborgs län,kvinna,1970,0,28,533,3,2022/23,564,95.0354609929078
0845783625227,Arwin Sohrabi,S,Malmö kommun,man,1994,9,0,74,37,2022/23,120,100.0
084624777218,Helena Lindahl,C,Västerbottens län,kvinna,1972,147,71,215,131,2022/23,564,87.41134751773049
0847676507229,Stina Larsson,C,Skåne läns södra,kvinna,1977,167,15,234,148,2022/23,564,97.3404255319149
0852475703226,Lorena Delgado Varas,V,Stockholms kommun,kvinna,1974,67,141,215,141,2022/23,564,75.0
0853395328224,Lena Hallengren,S,Kalmar län,kvinna,1973,32,157,257,118,2022/23,564,72.16312056737588
0855286184126,Jessica Rodén,S,Västra Götalands läns södra,kvinna,1976,46,23,321,174,2022/23,564,95.92198581560284
0859909330720,Sanna Backeskog,S,Gävleborgs län,kvinna,1985,38,63,302,161,2022/23,564,88.82978723404256
0860364634014,Mattias Ottosson,S,Östergötlands län,man,1971,35,111,279,139,2022/23,564,80.31914893617021
0861521539920,Aron Emilsson,SD,Östergötlands län,man,1990,72,82,323,87,2022/23,564,85.46099290780143
0862868280923,Annie Lööf,C,Jönköpings län,kvinna,1983,0,38,14,7,2022/23,59,35.59322033898306
0866055333028,Alexandra Anstrell,M,Stockholms län,kvinna,1974,0,210,352,2,2022/23,564,62.76595744680851
086684470825,Tobias Andersson,SD,Västra Götalands läns östra,man,1996,76,16,371,101,2022/23,564,97.16312056737588
0875221317013,Gunilla Carlsson,S,Göteborgs kommun,kvinna,1966,42,71,290,161,2022/23,564,87.41134751773049
0877778793323,Johan Büser,S,Göteborgs kommun,man,1983,33,95,286,150,2022/23,564,83.15602836879432
0879782396219,Olle Thorell,S,Västmanlands län,man,1967,42,89,280,153,2022/23,564,84.21985815602837
0880018341619,Thomas Morell,SD,Skåne läns norra och östra,man,1957,81,12,368,103,2022/23,564,97.87234042553192
0880137451720,Emma Nohrén,MP,Göteborgs kommun,kvinna,1980,116,48,245,155,2022/23,564,91.48936170212765
0888807074321,Amanda Lind,MP,Stockholms län,kvinna,1980,66,232,156,110,2022/23,564,58.865248226950364
0890152141226,Nadja Awad,V,Örebro län,kvinna,1991,86,31,268,179,2022/23,564,94.50354609929079
0899169869710,Helena Gellerman,L,Västra Götalands läns västra,kvinna,1960,0,89,472,3,2022/23,564,84.21985815602837
0903081277919,Helena Vilhelmsson,C,Örebro län,kvinna,1965,146,81,206,131,2022/23,564,85.63829787234043
0904448094023,Linus Lakso,MP,Södermanlands län,man,1983,1,0,3,3,2022/23,7,100.0
0905254899611,Louise Thunström,S,Västra Götalands läns norra,kvinna,1973,44,33,319,168,2022/23,564,94.14893617021276
0910803550317,Lena Johansson,S,Västmanlands län,kvinna,1969,39,88,284,153,2022/23,564,84.39716312056737
0911067396229,Mattias Vepsä,S,Stockholms kommun,man,1980,38,130,258,138,2022/23,564,76.95035460992908
0911916463828,Fredrik Lundh Sammeli,S,Norrbottens län,man,1977,48,14,330,172,2022/23,564,97.51773049645391
091303475611,Eric Palmqvist,SD,Norrbottens län,man,1970,78,20,364,102,2022/23,564,96.45390070921985
0920901966627,Tony Haddou,V,Göteborgs kommun,man,1989,22,14,68,60,2022/23,164,91.46341463414635
0922497728524,Ardalan Shekarabi,S,Uppsala län,man,1978,42,94,283,145,2022/23,564,83.33333333333334
0926002991620,Pontus Andersson,SD,Västerbottens län,man,1992,76,28,357,98,2022/23,559,94.99105545617174
0926002991620,Pontus Andersson Garpvall,SD,Västerbottens län,man,1992,0,0,5,0,2022/23,5,100.0
0926214745119,Heléne Björklund,S,Blekinge län,kvinna,1972,43,80,295,146,2022/23,564,85.81560283687944
0926477102420,Cecilia Rönn,L,Hallands län,kvinna,1980,0,35,528,1,2022/23,564,93.79432624113475
0930305890123,Sara-Lena Bjälkö,SD,Hallands län,kvinna,1976,63,107,301,88,2022/23,559,80.85867620751341
0932000030511,Maria Stockhaus,M,Stockholms län,kvinna,1963,1,152,408,3,2022/23,564,73.04964539007092
0937688366013,Peter Hultqvist,S,Dalarnas län,man,1958,43,45,313,163,2022/23,564,92.02127659574468
0938171000810,Annette Rydell,S,Blekinge län,kvinna,1965,47,8,327,177,2022/23,559,98.56887298747765
0939158389321,Samuel Gonzalez Westling,V,Gävleborgs län,man,1983,69,96,237,162,2022/23,564,82.97872340425532
0940980416614,Jan Ericson,M,Västra Götalands läns södra,man,1961,0,50,511,3,2022/23,564,91.13475177304964
0947572086414,Anne-Li Sjölund,C,Västernorrlands län,kvinna,1966,156,63,213,132,2022/23,564,88.82978723404256
0951905661227,Christofer Bergenblock,C,Hallands län,man,1974,167,13,235,149,2022/23,564,97.69503546099291
0955748436811,Robert Stenkvist,SD,Stockholms län,man,1958,81,5,375,103,2022/23,564,99.11347517730496
0956444284814,Per Bolund,MP,Stockholms kommun,man,1971,70,249,153,92,2022/23,564,55.851063829787236
0961483563503,Gudrun Nordborg,V,Västerbottens län,kvinna,1946,80,27,278,179,2022/23,564,95.2127659574468
0964730940415,Johan Andersson,S,Östergötlands län,man,1961,40,88,286,150,2022/23,564,84.39716312056737
0965245623824,Nicklas Attefjord,MP,Göteborgs kommun,man,1973,3,1,11,14,2022/23,29,96.55172413793103
0966063008623,Leonid Yurkovskiy,SD,Stockholms län,man,1995,69,93,315,87,2022/23,564,83.51063829787235
0970259744617,Margareta Cederfelt,M,Stockholms kommun,kvinna,1959,0,265,297,2,2022/23,564,53.01418439716312
0970709885516,Inga-Lill Sjöblom,S,Uppsala län,kvinna,1959,42,66,298,158,2022/23,564,88.29787234042553
0972636989226,Dzenan Cisija,S,Göteborgs kommun,man,1976,46,0,339,179,2022/23,564,100.0
0973782197017,Mikael Oscarsson,KD,Uppsala län,man,1967,0,146,415,3,2022/23,564,74.11347517730496
0974061238314,Paula Holmqvist,S,Västra Götalands läns norra,kvinna,1964,31,170,234,124,2022/23,559,69.58855098389982
0977592683711,Magnus Jacobsson,KD,Västra Götalands läns norra,man,1968,0,104,457,3,2022/23,564,81.56028368794325
0980092192122,Joar Forssell,L,Stockholms kommun,man,1993,0,10,218,0,2022/23,228,95.6140350877193
0980681611418,Hans Wallmark,M,Skåne läns norra och östra,man,1965,0,158,406,0,2022/23,564,71.98581560283688
098329342620,Jennie Wernäng,M,Västra Götalands läns västra,kvinna,1985,0,10,552,2,2022/23,564,98.22695035460993
0983984918111,Matilda Ernkrans,S,Örebro län,kvinna,1973,42,99,279,144,2022/23,564,82.4468085106383
098412828516,Magdalena Andersson,S,Stockholms län,kvinna,1967,15,397,111,41,2022/23,564,29.609929078014186
0984153507725,Gustaf Göthberg,M,Göteborgs kommun,man,1993,0,121,440,3,2022/23,564,78.54609929078013
0985426914829,Anna Lasses,C,Stockholms län,kvinna,1977,139,98,206,121,2022/23,564,82.62411347517731
0985943148917,Victoria Tiblom,SD,Skåne läns södra,kvinna,1969,64,158,267,75,2022/23,564,71.98581560283688
0986091320811,Catarina Deremar,C,Uppsala län,kvinna,1965,105,208,159,92,2022/23,564,63.12056737588653
0990587970528,Zinaida Kajevic,S,Malmö kommun,kvinna,1979,42,0,282,158,2022/23,482,100.0
0992420223820,Jessica Rosencrantz,M,Stockholms kommun,kvinna,1987,0,16,27,1,2022/23,44,63.63636363636363
0992473266516,Larry Söder,KD,Hallands län,man,1969,0,23,538,3,2022/23,564,95.92198581560284
0996640018922,Yasmine Bladelius,S,Skåne läns västra,kvinna,1988,33,123,270,138,2022/23,564,78.19148936170212
0998575875190,Daniel Lönn,SD,Dalarnas län,man,2001,22,21,85,26,2022/23,154,86.36363636363636
0103624617217,Helén Pettersson,S,Västerbottens län,kvinna,1972,87,13,285,209,2023/24,594,97.81144781144782
010392780417,Marie Olsson,S,Dalarnas län,kvinna,1967,0,0,1,0,2023/24,1,100.0
0105632258713,Boriana Åberg,M,Skåne läns södra,kvinna,1968,0,301,292,1,2023/24,594,49.32659932659933
010643534813,Eric Westroth,SD,Jönköpings län,man,1971,64,54,392,84,2023/24,594,90.9090909090909
0111479807829,Anna Wallentheim,S,Skåne läns norra och östra,kvinna,1985,77,51,270,196,2023/24,594,91.41414141414141
0111697351426,Louise Eklund,L,Malmö kommun,kvinna,1979,0,24,568,2,2023/24,594,95.95959595959596
0112333043027,Rasmus Giertz,SD,Dalarnas län,man,1994,62,31,417,84,2023/24,594,94.78114478114477
0112806493429,Fredrik Saweståhl,M,Stockholms län,man,1977,0,0,1,0,2023/24,1,100.0
011548866929,Elin Nilsson,L,Örebro län,kvinna,1982,0,84,508,2,2023/24,594,85.85858585858585
0119851690521,David Perez,SD,Uppsala län,man,1990,22,0,160,31,2023/24,213,100.0
0121015874810,Torsten Elofsson,KD,Skåne läns norra och östra,man,1950,0,60,531,3,2023/24,594,89.8989898989899
0121939297619,Jamal El-Haj,-,Malmö kommun,man,1960,67,37,220,174,2023/24,498,92.570281124498
0121939297619,Jamal El-Haj,S,Malmö kommun,man,1960,12,0,43,41,2023/24,96,100.0
0122987223112,Lotta Johnsson Fornarve,V,Södermanlands län,kvinna,1956,92,19,274,209,2023/24,594,96.8013468013468
0130640724922,Clara Aranda,SD,Östergötlands län,kvinna,1988,52,152,323,67,2023/24,594,74.41077441077442
0130789484021,Mattias Bäckström Johansson,SD,Kalmar län,man,1985,53,187,299,55,2023/24,594,68.5185185185185
0132818093422,Rickard Nordin,C,Göteborgs kommun,man,1983,76,168,244,106,2023/24,594,71.71717171717171
0136268785826,Nima Gholam Ali Pour,SD,Malmö kommun,man,1981,66,23,420,85,2023/24,594,96.12794612794613
0138741628520,Angelika Bengtsson,SD,Stockholms kommun,kvinna,1990,1,7,49,4,2023/24,61,88.52459016393442
0140985614421,Peder Björk,S,Västernorrlands län,man,1975,86,32,275,201,2023/24,594,94.61279461279462
014386615025,Ali Esbati,V,Stockholms kommun,man,1976,8,17,10,25,2023/24,60,71.66666666666667
0144048894712,Ellen Juntti,M,Västra Götalands läns västra,kvinna,1958,0,7,343,3,2023/24,353,98.01699716713881
0146133946627,Andreas Lennkvist Manriquez,V,Stockholms kommun,man,1994,70,59,235,170,2023/24,534,88.95131086142321
014744660015,Mikael Damberg,S,Stockholms län,man,1971,86,24,279,205,2023/24,594,95.95959595959596
0148424181819,Ann-Christine Frohm,SD,Blekinge län,kvinna,1972,25,0,141,30,2023/24,196,100.0
0148424181819,Ann-Christine Frohm Utterstedt,SD,Blekinge län,kvinna,1972,37,42,264,55,2023/24,398,89.44723618090453
0150118366721,Linda W Snecker,V,Östergötlands län,kvinna,1983,86,107,221,179,2023/24,593,81.95615514333896
0150200797210,Mats Sander,M,Skåne läns västra,man,1963,0,0,1,0,2023/24,1,100.0
0153782796218,Ulf Rexefjord,SD,Västra Götalands läns norra,man,1967,16,0,64,20,2023/24,100,100.0
0155487380917,Kerstin Lundgren,C,Stockholms län,kvinna,1955,103,95,271,125,2023/24,594,84.006734006734
0157618290428,Rashid Farivar,SD,Västra Götalands läns västra,man,1982,68,25,412,89,2023/24,594,95.7912457912458
0161616238120,Lina Nordquist,L,Uppsala län,kvinna,1977,0,161,431,2,2023/24,594,72.8956228956229
0161972600410,Elsa Widding,-,Stockholms kommun,kvinna,1968,51,200,286,57,2023/24,594,66.32996632996633
0163772273014,Anna Vedin,M,Västra Götalands läns västra,kvinna,1966,0,0,241,0,2023/24,241,100.0
0170585430421,Jimmy Ståhl,SD,Göteborgs kommun,man,1975,69,22,416,87,2023/24,594,96.2962962962963
0178323535715,Johnny Svedin,SD,Norrbottens län,man,1969,70,16,420,88,2023/24,594,97.3063973063973
0183544538819,Patrik Jönsson,SD,Västra Götalands läns södra,man,1972,64,44,404,82,2023/24,594,92.5925925925926
0184968091618,Jan Riise,MP,Hallands län,man,1957,152,15,215,212,2023/24,594,97.47474747474747
0191189790215,Peter Ollén,M,Malmö kommun,man,1959,0,61,531,2,2023/24,594,89.73063973063972
019430605328,Josefin Malmqvist,M,Stockholms län,kvinna,1987,0,193,400,1,2023/24,594,67.50841750841751
0198917587520,Maj Karlsson,V,Göteborgs kommun,kvinna,1980,72,89,254,179,2023/24,594,85.01683501683502
0202577142527,Matheus Enholm,SD,Västra Götalands läns norra,man,1979,65,48,400,81,2023/24,594,91.91919191919192
0203877548421,Malin Larsson,S,Västernorrlands län,kvinna,1980,84,32,275,203,2023/24,594,94.61279461279462
0204240926023,Markus Wiechel,SD,Västra Götalands läns norra,man,1988,47,51,332,64,2023/24,494,89.67611336032388
0210444373111,Katarina Luhr,MP,Stockholms kommun,kvinna,1973,140,60,200,194,2023/24,594,89.8989898989899
0211757295524,Josef Fransson,SD,Jämtlands län,man,1978,1,9,55,5,2023/24,70,87.14285714285714
0220064764318,Camilla Brunsberg,M,Blekinge län,kvinna,1972,0,221,372,1,2023/24,594,62.79461279461279
0222102752213,Stefan Olsson,M,Uppsala län,man,1968,0,22,570,2,2023/24,594,96.2962962962963
0223069839622,Robert Hannah,L,Göteborgs kommun,man,1985,0,96,496,2,2023/24,594,83.83838383838383
0226631365426,Mikael Larsson,C,Västra Götalands läns södra,man,1989,99,91,284,120,2023/24,594,84.68013468013467
0227531635413,Lars Püss,M,Hallands län,man,1966,0,76,516,2,2023/24,594,87.20538720538721
0228027853620,Vasiliki Tsouplaki,V,Västmanlands län,kvinna,1980,91,46,257,200,2023/24,594,92.25589225589226
0229350341619,Ilona Szatmári Waldau,V,Uppsala län,kvinna,1962,77,185,189,143,2023/24,594,68.85521885521885
0229627943828,Jytte Guteland,S,Stockholms kommun,kvinna,1979,81,38,273,202,2023/24,594,93.60269360269359
0229760896014,Anders W Jonsson,C,Gävleborgs län,man,1961,109,76,286,123,2023/24,594,87.20538720538721
0236597884217,Rose-Marie Carlsson,S,Malmö kommun,kvinna,1954,73,53,241,178,2023/24,545,90.27522935779817
0237055280513,Roland Utbult,KD,Västra Götalands läns västra,man,1951,0,120,471,3,2023/24,594,79.7979797979798
023732429721,Sofie Eriksson,S,Dalarnas län,kvinna,1992,57,228,170,138,2023/24,593,61.5514333895447
0240670797111,Björn Tidland,SD,Göteborgs kommun,man,1963,70,15,421,88,2023/24,594,97.47474747474747
0245113256029,Daniel Vencu Velasquez Castro,S,Stockholms kommun,man,1994,69,116,238,171,2023/24,594,80.47138047138047
0245468368228,Yusuf Aydin,KD,Stockholms län,man,1982,0,173,419,2,2023/24,594,70.87542087542087
0246927519019,Karin Rågsjö,V,Stockholms kommun,kvinna,1955,73,93,241,187,2023/24,594,84.34343434343434
0249730539015,Anders Karlsson,C,Jönköpings län,man,1961,109,63,296,126,2023/24,594,89.39393939393939
0250583732424,Jesper Skalberg Karlsson,M,Gotlands län,man,1993,0,0,592,2,2023/24,594,100.0
0251136832626,Muharrem Demirok,C,Östergötlands län,man,1976,70,218,212,94,2023/24,594,63.2996632996633
025158809026,Ida Gabrielsson,V,Stockholms kommun,kvinna,1981,57,240,174,123,2023/24,594,59.5959595959596
0254021157518,Lars Andersson,SD,Skåne läns södra,man,1964,53,104,370,67,2023/24,594,82.49158249158249
0254161225015,Lars Wistedt,SD,Uppsala län,man,1964,62,80,375,77,2023/24,594,86.53198653198653
0254695027922,Malcolm Momodou Jallow,V,Malmö kommun,man,1975,59,200,189,146,2023/24,594,66.32996632996633
0256404677510,Cecilia Engström,KD,Skåne läns södra,kvinna,1972,0,130,462,2,2023/24,594,78.11447811447812
0256716955026,Serkan Köse,S,Stockholms län,man,1976,77,52,271,194,2023/24,594,91.24579124579124
0257313105220,Arber Gashi,S,Hallands län,man,1994,0,0,1,0,2023/24,1,100.0
0257612529618,Kenneth G Forslund,S,Västra Götalands läns västra,man,1967,76,75,252,191,2023/24,594,87.37373737373737
025877594729,John Widegren,M,Östergötlands län,man,1980,0,24,568,2,2023/24,594,95.95959595959596
025931369428,Jonas Andersson,SD,Östergötlands län,man,1989,61,78,376,79,2023/24,594,86.86868686868688
025967059622,Magnus Manhammar,S,Blekinge län,man,1980,64,109,239,182,2023/24,594,81.64983164983165
0262525788220,Johanna Hornberger,M,Stockholms län,kvinna,1975,0,125,466,2,2023/24,593,78.92074198988196
02658325625,Angelica Lundberg,SD,Västmanlands län,kvinna,1981,60,94,364,76,2023/24,594,84.17508417508417
0271338654822,Ola Möller,S,Skåne läns västra,man,1983,80,90,239,179,2023/24,588,84.6938775510204
0273506284025,Edward Riedl,M,Västerbottens län,man,1976,0,82,510,2,2023/24,594,86.19528619528619
0274462857213,Petter Löberg,S,Västra Götalands läns södra,man,1968,83,38,276,197,2023/24,594,93.60269360269359
0279488554424,Alexander Christiansson,SD,Västra Götalands läns västra,man,1981,59,73,385,77,2023/24,594,87.71043771043772
027964311318,Karin Sundin,S,Örebro län,kvinna,1972,81,23,283,207,2023/24,594,96.12794612794613
0281670919717,Jörgen Grubb,SD,Västra Götalands läns östra,man,1962,68,14,425,87,2023/24,594,97.64309764309765
0283284978818,Markus Kallifatides,S,Stockholms kommun,man,1972,79,79,253,183,2023/24,594,86.7003367003367
0284192765516,Tomas Eneroth,S,Kronobergs län,man,1966,57,179,211,147,2023/24,594,69.86531986531986
0287315215921,Mona Smedman,C,Värmlands län,kvinna,1975,77,54,221,94,2023/24,446,87.89237668161435
028954589415,Ann-Sofie Alm,M,Västra Götalands läns norra,kvinna,1971,1,242,350,1,2023/24,594,59.25925925925925
02910042914,Carina Ödebrink,S,Jönköpings län,kvinna,1961,70,87,253,184,2023/24,594,85.35353535353536
0294138886823,Martin Kinnunen,SD,Stockholms län,man,1983,68,17,421,88,2023/24,594,97.13804713804713
0296384583518,Åsa Eriksson,S,Västmanlands län,kvinna,1972,78,76,253,187,2023/24,594,87.20538720538721
0301987597720,Liza-Maria Norlin,KD,Stockholms län,kvinna,1980,0,60,277,3,2023/24,340,82.35294117647058
0302393368216,Camilla Rinaldo Miller,KD,Jönköpings län,kvinna,1969,0,73,519,2,2023/24,594,87.71043771043772
0304498908019,Gudrun Brunegård,KD,Kalmar län,kvinna,1957,0,71,520,3,2023/24,594,88.04713804713805
0307835692938,Emelie Nyman,C,Malmö kommun,kvinna,1999,91,90,251,101,2023/24,533,83.11444652908068
0309480686522,Leila Ali Elmi,MP,Göteborgs kommun,kvinna,1988,125,85,188,196,2023/24,594,85.6902356902357
0313390540217,Ingela Nylund Watz,S,Stockholms län,kvinna,1962,57,173,205,159,2023/24,594,70.87542087542087
0314794471216,Anna Starbrink,L,Stockholms län,kvinna,1971,0,105,487,2,2023/24,594,82.32323232323232
0315499690028,Teresa Carvalho,S,Östergötlands län,kvinna,1984,78,73,256,187,2023/24,594,87.71043771043772
0316505710324,Janine Alm Ericson,MP,Västra Götalands läns västra,kvinna,1973,135,64,198,197,2023/24,594,89.22558922558923
0327372175911,Fredrik Ahlstedt,M,Uppsala län,man,1968,0,43,549,2,2023/24,594,92.76094276094275
0331791853028,Yasmine Eriksson,SD,Västra Götalands läns västra,kvinna,1989,61,61,392,80,2023/24,594,89.73063973063972
0333193598116,Bo Broman,SD,Skåne läns västra,man,1969,68,31,410,85,2023/24,594,94.78114478114477
0338088431726,Sara Gille,SD,Dalarnas län,kvinna,1981,51,152,325,66,2023/24,594,74.41077441077442
033935884729,Martina Johansson,C,Södermanlands län,kvinna,1975,99,106,274,115,2023/24,594,82.15488215488216
0339894357417,Jennie Nilsson,S,Hallands län,kvinna,1972,84,40,268,202,2023/24,594,93.26599326599326
0340418158820,Daniel Persson,SD,Gävleborgs län,man,1982,68,5,432,89,2023/24,594,99.15824915824916
0341628241813,Marianne Fundahn,S,Skåne läns södra,kvinna,1958,73,100,236,185,2023/24,594,83.16498316498317
0344222203323,Dennis Dioukarev,SD,Göteborgs kommun,man,1993,64,74,382,74,2023/24,594,87.54208754208754
0345062474310,Mona Olin,SD,Kalmar län,kvinna,1967,60,73,386,75,2023/24,594,87.71043771043772
0349986646724,Märta Stenevi,MP,Stockholms län,kvinna,1976,35,283,37,40,2023/24,395,28.35443037974683
035234573112,Anna-Lena Hedberg,SD,Dalarnas län,kvinna,1973,48,172,315,59,2023/24,594,71.04377104377105
0358278412329,Björn Petersson,S,Kalmar län,man,1982,10,31,33,26,2023/24,100,69.0
0358514648113,Marléne Lund Kopparklint,M,Värmlands län,kvinna,1973,0,129,463,2,2023/24,594,78.28282828282829
0360160202728,Emma Ahlström Köster,M,Skåne läns södra,kvinna,1987,0,38,554,2,2023/24,594,93.60269360269359
0360187680814,Mats Hellhoff,SD,Västernorrlands län,man,1954,0,0,0,1,2023/24,1,100.0
0362779191527,Erik Hellsborn,SD,Hallands län,man,1984,70,0,435,89,2023/24,594,100.0
0364687971222,Alireza Akhondi,C,Stockholms län,man,1980,104,60,301,129,2023/24,594,89.8989898989899
0369212790927,Sofia Skönnbrink,S,Värmlands län,kvinna,1991,62,191,193,148,2023/24,594,67.84511784511784
0371882294919,Carita Boulwén,SD,Hallands län,kvinna,1967,51,128,341,74,2023/24,594,78.45117845117845
0372414474424,Oskar Svärd,M,Örebro län,man,1995,0,5,587,2,2023/24,594,99.15824915824916
037561614928,Lawen Redar,S,Stockholms kommun,kvinna,1989,68,123,228,175,2023/24,594,79.29292929292929
0376353897112,Leif Nysmed,S,Stockholms län,man,1970,57,181,211,145,2023/24,594,69.52861952861953
0376395541120,Joakim Sandell,S,Malmö kommun,man,1975,86,10,286,212,2023/24,594,98.31649831649831
037781229619,Staffan Eklöf,SD,Jönköpings län,man,1965,63,22,424,85,2023/24,594,96.2962962962963
0378597308227,Camilla Brodin,KD,Stockholms kommun,kvinna,1979,0,138,453,3,2023/24,594,76.76767676767678
0386912710815,Mats Arkhem,SD,Stockholms län,man,1966,70,3,433,88,2023/24,594,99.4949494949495
0387230530213,Crister Carlsson,M,Dalarnas län,man,1963,0,0,592,2,2023/24,594,100.0
0388994689418,Malin Östh,V,Östergötlands län,kvinna,1972,0,0,1,0,2023/24,1,100.0
0389220391128,Christian Carlsson,KD,Stockholms län,man,1987,0,39,215,0,2023/24,254,84.64566929133859
039102787629,Oliver Rosengren,M,Kronobergs län,man,1992,0,0,592,2,2023/24,594,100.0
0397073482210,Camilla Mårtensen,L,Skåne läns södra,kvinna,1970,0,209,384,1,2023/24,594,64.81481481481481
0405594274208,Ewa Pihl Krabbe,S,Skåne läns norra och östra,kvinna,1947,79,23,288,204,2023/24,594,96.12794612794613
0406831930624,Henrik Vinge,SD,Stockholms kommun,man,1988,54,125,346,69,2023/24,594,78.95622895622895
0407081382317,Anna-Caren Sätherberg,S,Jämtlands län,kvinna,1964,79,64,258,193,2023/24,594,89.22558922558923
0409655917321,Jakob Olofsgård,L,Jönköpings län,man,1975,0,177,417,0,2023/24,594,70.2020202020202
0410231576416,Lars Johnsson,M,Skåne läns norra och östra,man,1964,0,65,528,1,2023/24,594,89.05723905723906
0410640630411,Ulrik Nilsson,M,Västra Götalands läns södra,man,1963,0,97,495,2,2023/24,594,83.67003367003367
0411459873625,Hanna Gunnarsson,V,Skåne läns södra,kvinna,1983,68,113,234,179,2023/24,594,80.97643097643098
0412148992926,Hanna Westerén,S,Gotlands län,kvinna,1981,85,16,285,208,2023/24,594,97.3063973063973
0412502344925,Ida Ekeroth Clausson,S,Västra Götalands läns östra,kvinna,1991,87,15,283,209,2023/24,594,97.47474747474747
0418929039326,Patrik Lundqvist,S,Gävleborgs län,man,1984,80,90,245,175,2023/24,590,84.7457627118644
041911485722,Magdalena Thuresson,M,Stockholms län,kvinna,1990,0,69,261,0,2023/24,330,79.0909090909091
0425115010020,Kadir Kasirga,S,Stockholms kommun,man,1975,79,45,268,202,2023/24,594,92.42424242424242
0427321850912,Lars Mejern Larsson,S,Värmlands län,man,1965,78,81,248,187,2023/24,594,86.36363636363636
0430865615328,Linda Lindberg,SD,Skåne läns västra,kvinna,1974,37,268,240,49,2023/24,594,54.882154882154886
0433422973328,Kristoffer Lindberg,S,Gävleborgs län,man,1992,69,87,255,183,2023/24,594,85.35353535353536
0440673458216,Ulrika Liljeberg,C,Dalarnas län,kvinna,1969,115,23,321,135,2023/24,594,96.12794612794613
0442073683012,Zara Leghissa,S,Norrbottens län,kvinna,1970,80,49,272,193,2023/24,594,91.75084175084174
0442629549320,Adnan Dibrani,S,Hallands län,man,1985,55,253,157,128,2023/24,593,57.33558178752107
0448973586529,Adrian Magnusson,S,Skåne läns södra,man,1994,79,50,270,195,2023/24,594,91.58249158249158
0452755722723,Björn Söder,SD,Skåne läns norra och östra,man,1976,59,74,382,79,2023/24,594,87.54208754208754
0456522027421,Linnéa Wickman,S,Gävleborgs län,kvinna,1992,75,100,237,182,2023/24,594,83.16498316498317
0456680171315,Charlotte Quensel,SD,Värmlands län,kvinna,1961,70,8,428,88,2023/24,594,98.65319865319864
04571388712,Adam Reuterskiöld,M,Stockholms län,man,1966,0,110,483,1,2023/24,594,81.4814814814815
0457722435319,Tomas Kronståhl,S,Kalmar län,man,1967,70,78,261,185,2023/24,594,86.86868686868688
0466653728712,Denis Begic,S,Örebro län,man,1970,74,103,242,175,2023/24,594,82.65993265993265
0468956880528,Mikael Eskilandersson,SD,Skåne läns norra och östra,man,1977,66,41,402,85,2023/24,594,93.0976430976431
0469084171710,Ulrika Westerlund,MP,Stockholms kommun,kvinna,1972,119,127,174,174,2023/24,594,78.61952861952862
0469384565811,Anders Alftberg,SD,Västra Götalands läns södra,man,1973,69,12,425,88,2023/24,594,97.97979797979798
0472349361027,Kalle Olsson,S,Jämtlands län,man,1984,32,0,110,70,2023/24,212,100.0
0473783431010,Morgan Johansson,S,Skåne läns södra,man,1970,80,39,272,203,2023/24,594,93.43434343434343
0474290584024,Azadeh Rojhan,S,Stockholms län,kvinna,1986,61,167,214,152,2023/24,594,71.88552188552188
0475643059428,Jonny Cato,C,Skåne läns västra,man,1994,103,69,294,128,2023/24,594,88.38383838383838
0475778011711,Hans Ekström,S,Södermanlands län,man,1958,67,132,221,174,2023/24,594,77.77777777777779
0481460392727,Jessica Wetterling,V,Västra Götalands läns västra,kvinna,1986,77,81,247,189,2023/24,594,86.36363636363636
0482689573825,Björn Wiechel,S,Västerbottens län,man,1983,74,72,258,190,2023/24,594,87.87878787878788
048561486727,Isabell Mixter,V,Västernorrlands län,kvinna,1989,75,92,236,191,2023/24,594,84.51178451178451
0492644357418,Per Söderlund,SD,Örebro län,man,1972,66,45,400,83,2023/24,594,92.42424242424242
0494054455310,David Lång,SD,Västernorrlands län,man,1972,59,94,366,74,2023/24,593,84.14839797639124
0494242537816,Hans Eklind,KD,Örebro län,man,1966,0,142,449,3,2023/24,594,76.0942760942761
0494843794418,Martin Ådahl,C,Stockholms kommun,man,1969,88,164,234,108,2023/24,594,72.39057239057239
0496341906327,Alexandra Völker,S,Stockholms län,kvinna,1989,70,127,231,166,2023/24,594,78.61952861952862
0497217816024,Markus Selin,S,Stockholms län,man,1978,85,10,288,211,2023/24,594,98.31649831649831
0499755198526,Mattias Jonsson,S,Göteborgs kommun,man,1974,71,128,228,167,2023/24,594,78.45117845117845
0502490570219,Kristina Axén Olin,M,Stockholms kommun,kvinna,1962,0,0,592,2,2023/24,594,100.0
0502688311316,Anna Vikström,S,Stockholms län,kvinna,1957,77,66,254,197,2023/24,594,88.88888888888889
0503029811325,David Josefsson,M,Göteborgs kommun,man,1983,0,49,542,2,2023/24,593,91.73693086003372
0504851635310,Daniel Helldén,MP,Stockholms kommun,man,1965,107,181,152,154,2023/24,594,69.52861952861953
0506482805418,Isak From,S,Västerbottens län,man,1967,73,107,237,177,2023/24,594,81.98653198653199
0506541436524,Sanne Lennström,S,Uppsala län,kvinna,1988,71,86,246,191,2023/24,594,85.52188552188552
0509415296421,Kjell-Arne Ottosson,KD,Värmlands län,man,1975,0,241,350,3,2023/24,594,59.427609427609426
0509830681123,Ida Karkiainen,S,Norrbottens län,kvinna,1988,82,27,281,204,2023/24,594,95.45454545454545
051207517226,Jimmie Åkesson,SD,Jönköpings län,man,1979,0,593,0,1,2023/24,594,0.16835016835017313
0512645510895,Jonathan Svensson,S,Västra Götalands läns norra,man,2000,85,10,290,209,2023/24,594,98.31649831649831
0514669448526,Elin Söderberg,MP,Västerbottens län,kvinna,1984,139,79,185,191,2023/24,594,86.7003367003367
0515213566019,Lars Isacsson,S,Dalarnas län,man,1970,87,5,289,213,2023/24,594,99.15824915824916
0516528386117,Patrik Björck,S,Västra Götalands läns östra,man,1957,87,2,289,216,2023/24,594,99.66329966329967
0519740099915,Saila Quicklund,M,Jämtlands län,kvinna,1961,0,16,576,2,2023/24,594,97.3063973063973
0521260619925,Sofia Amloh,S,Södermanlands län,kvinna,1986,72,62,270,190,2023/24,594,89.56228956228956
0522054204918,Mattias Karlsson,M,Norrbottens län,man,1972,0,144,448,2,2023/24,594,75.75757575757575
0522240580423,Arin Karapet,M,Stockholms kommun,man,1988,0,47,545,2,2023/24,594,92.08754208754209
0523902030928,Aylin Nouri,S,Västra Götalands läns västra,kvinna,1992,3,11,27,28,2023/24,69,84.05797101449275
0525562399327,Caroline Högström,M,Västmanlands län,kvinna,1991,0,79,134,0,2023/24,213,62.91079812206573
0526748040023,Ludvig Aspling,SD,Stockholms län,man,1983,56,128,342,68,2023/24,594,78.45117845117845
0526772256714,Göran Hargestam,SD,Östergötlands län,man,1966,50,20,281,62,2023/24,413,95.15738498789347
0530425150220,Annika Strandhäll,S,Stockholms kommun,kvinna,1975,61,179,204,150,2023/24,594,69.86531986531986
0533104339313,Merit Frost Lindberg,M,Stockholms kommun,kvinna,1973,0,0,1,0,2023/24,1,100.0
0534870997412,Åsa Hartzell,M,Göteborgs kommun,kvinna,1963,0,0,1,0,2023/24,1,100.0
0537400268911,Caroline Helmersson Olsson,S,Södermanlands län,kvinna,1963,78,49,269,198,2023/24,594,91.75084175084174
0538387395826,Mats Green,M,Jönköpings län,man,1979,0,82,510,2,2023/24,594,86.19528619528619
0545733815610,Patrick Reslow,SD,Malmö kommun,man,1970,57,118,353,66,2023/24,594,80.13468013468014
0546731406922,Rebecka Le Moine,MP,Östergötlands län,kvinna,1990,109,155,168,162,2023/24,594,73.9057239057239
055257333723,Oscar Sjöstedt,SD,Västmanlands län,man,1981,63,76,379,76,2023/24,594,87.20538720538721
0554852839719,Mikael Dahlqvist,S,Värmlands län,man,1967,83,35,273,203,2023/24,594,94.10774410774411
0557180142229,Fredrik Lindahl,SD,Stockholms län,man,1987,53,110,356,75,2023/24,594,81.4814814814815
0575283695521,Helena Storckenfeldt,M,Hallands län,kvinna,1995,0,29,563,2,2023/24,594,95.1178451178451
0576122429317,Martin Melin,L,Stockholms kommun,man,1967,0,115,477,2,2023/24,594,80.63973063973064
0587736055221,Niels Paarup-Petersen,C,Malmö kommun,man,1978,11,7,29,14,2023/24,61,88.52459016393442
0588282566419,Lars Beckman,M,Gävleborgs län,man,1967,0,25,567,2,2023/24,594,95.7912457912458
0589561178823,Peter Hedberg,S,Västernorrlands län,man,1990,80,44,277,193,2023/24,594,92.5925925925926
0591020192311,Ulf Lindholm,SD,Västernorrlands län,man,1963,61,85,369,79,2023/24,594,85.6902356902357
0591055036519,Mauricio Rojas,L,Skåne läns västra,man,1950,0,60,532,2,2023/24,594,89.8989898989899
0592345073323,Anna af Sillén,M,Södermanlands län,kvinna,1976,0,70,522,2,2023/24,594,88.21548821548821
0599661454115,Lena Bäckelin,S,Jämtlands län,kvinna,1964,55,3,180,144,2023/24,382,99.21465968586386
0600069352021,Fredrik Kärrholm,M,Stockholms kommun,man,1985,0,316,277,1,2023/24,594,46.801346801346796
0602744999917,Elisabeth Thand Ringqvist,C,Stockholms kommun,kvinna,1972,97,149,242,106,2023/24,594,74.91582491582491
0603366539729,Malin Danielsson,L,Stockholms kommun,kvinna,1977,0,221,372,1,2023/24,594,62.79461279461279
0603753860213,Carina Ståhl Herrstedt,SD,Skåne läns västra,kvinna,1971,53,101,368,72,2023/24,594,82.996632996633
0604604418610,Jacob Risberg,MP,Uppsala län,man,1972,137,66,194,197,2023/24,594,88.88888888888889
0604811710522,Ida Drougge,M,Stockholms län,kvinna,1990,1,63,529,1,2023/24,594,89.39393939393939
0606863154419,Mats Berglund,MP,Stockholms kommun,man,1970,128,66,172,168,2023/24,534,87.64044943820225
0607691439013,Karin Enström,M,Stockholms län,kvinna,1966,0,222,370,2,2023/24,594,62.62626262626263
0610162335824,Niklas Sigvardsson,S,Jönköpings län,man,1991,85,4,291,214,2023/24,594,99.32659932659934
0611350076611,Susanne Nordström,M,Östergötlands län,kvinna,1963,0,63,529,2,2023/24,594,89.39393939393939
0612916684825,Johan Löfstrand,S,Östergötlands län,man,1976,73,114,238,169,2023/24,594,80.8080808080808
0613297818326,Mathias Tegnér,S,Stockholms län,man,1979,68,142,225,159,2023/24,594,76.0942760942761
0615175917521,Kent Kumpula,SD,Uppsala län,man,1975,44,41,242,54,2023/24,381,89.23884514435696
0616721755222,Louise Meijer,M,Skåne läns södra,kvinna,1990,0,65,528,1,2023/24,594,89.05723905723906
0618938634020,Marcus Wennerström,S,Uppsala län,man,1982,53,21,170,138,2023/24,382,94.50261780104712
0619928872229,Laila Naraghi,S,Kalmar län,kvinna,1982,62,127,243,162,2023/24,594,78.61952861952862
0624040854527,Emma Berginger,MP,Skåne läns södra,kvinna,1986,122,99,190,183,2023/24,594,83.33333333333334
0627450126815,Kajsa Fredholm,V,Dalarnas län,kvinna,1961,69,150,202,173,2023/24,594,74.74747474747474
0628005785225,Jörgen Berglund,M,Västernorrlands län,man,1974,0,58,534,2,2023/24,594,90.23569023569024
0630820052511,Per-Arne Håkansson,S,Skåne läns norra och östra,man,1963,75,60,266,193,2023/24,594,89.8989898989899
0635943298419,Dan Hovskär,KD,Västra Götalands läns östra,man,1970,0,86,506,2,2023/24,594,85.52188552188552
0638497389621,Julia Kronlid,SD,Stockholms län,kvinna,1980,52,121,351,70,2023/24,594,79.62962962962963
0641953830512,Magnus Persson,SD,Skåne läns norra och östra,man,1970,67,9,429,89,2023/24,594,98.48484848484848
0648224557612,Åsa Karlsson,S,Västerbottens län,kvinna,1973,79,70,252,193,2023/24,594,88.21548821548821
065105536026,Niklas Karlsson,S,Skåne läns västra,man,1974,77,78,255,184,2023/24,594,86.86868686868688
0652497579621,Johanna Haraldsson,S,Jönköpings län,kvinna,1980,81,69,258,186,2023/24,594,88.38383838383838
0653578338415,Agneta Nilsson,S,Skåne läns västra,kvinna,1956,0,0,3,3,2023/24,6,100.0
0653904370212,Fredrik Olovsson,S,Södermanlands län,man,1973,61,158,219,156,2023/24,594,73.4006734006734
065701062615,Runar Filper,SD,Värmlands län,man,1964,63,74,377,80,2023/24,594,87.54208754208754
066036027425,Mikael Damsgaard,M,Västmanlands län,man,1976,0,100,493,1,2023/24,594,83.16498316498317
0662032691523,Amalia Rud Pedersen,S,Göteborgs kommun,kvinna,1993,2,17,22,19,2023/24,60,71.66666666666667
0662032691523,Amalia Rud Stenlöf,S,Göteborgs kommun,kvinna,1993,0,44,1,0,2023/24,45,2.2222222222222254
0663840649717,Anette Rangdag,SD,Jämtlands län,kvinna,1962,60,75,316,73,2023/24,524,85.68702290076335
0663851410627,Beatrice Timgren,SD,Stockholms län,kvinna,1989,46,212,274,61,2023/24,593,64.2495784148398
0665485817222,Daniel Bäckström,C,Värmlands län,man,1975,28,14,77,29,2023/24,148,90.54054054054053
0667220767927,Erik Ezelius,S,Västra Götalands läns östra,man,1986,73,129,224,168,2023/24,594,78.28282828282829
0671571847522,Mattias Eriksson Falk,SD,Södermanlands län,man,1990,49,168,312,65,2023/24,594,71.71717171717171
0678597762924,Martin Westmont,SD,Stockholms kommun,man,1978,70,10,425,89,2023/24,594,98.31649831649831
0682989845822,Håkan Svenneling,V,Värmlands län,man,1985,86,56,249,203,2023/24,594,90.57239057239057
068822158616,Katarina Tolgfors,M,Örebro län,kvinna,1967,0,133,460,1,2023/24,594,77.60942760942761
0692076685824,Camilla Hansén,MP,Örebro län,kvinna,1976,139,59,197,199,2023/24,594,90.06734006734007
069309987221,Johan Hultberg,M,Västra Götalands läns norra,man,1985,0,39,553,2,2023/24,594,93.43434343434343
0694917698222,Michael Rubbestad,SD,Örebro län,man,1980,51,131,343,69,2023/24,594,77.94612794612794
069534526423,Mathias Bengtsson,KD,Dalarnas län,man,1998,0,94,497,3,2023/24,594,84.17508417508417
07012286624,Daniel Riazat,V,Stockholms län,man,1991,87,36,273,198,2023/24,594,93.93939393939394
0706528359123,Linus Sköld,S,Norrbottens län,man,1983,78,64,259,193,2023/24,594,89.22558922558923
0709911904721,Johanna Rantsi,M,Västra Götalands läns västra,kvinna,1990,0,0,592,2,2023/24,594,100.0
0710595759638,Aida Birinxhiku,S,Hallands län,kvinna,1999,87,0,292,215,2023/24,594,100.0
071293048118,Thomas Ragnarsson,M,Kronobergs län,man,1970,0,19,573,2,2023/24,594,96.8013468013468
0717363246311,Jessica Stegrud,SD,Skåne läns södra,kvinna,1970,47,213,274,60,2023/24,594,64.14141414141415
0719332223713,Juno Blom,L,Östergötlands län,kvinna,1968,0,82,61,0,2023/24,143,42.65734265734265
0720250789315,Mats Wiking,S,Västra Götalands läns norra,man,1961,73,80,250,191,2023/24,594,86.53198653198653
0721509806321,Nooshi Dadgostar,V,Stockholms län,kvinna,1985,53,283,138,120,2023/24,594,52.35690235690236
0723133822026,Carl Nordblom,M,Stockholms kommun,man,1994,0,0,592,2,2023/24,594,100.0
0727772954327,Ludvig Ceimertz,M,Skåne läns norra och östra,man,1991,0,0,1,0,2023/24,1,100.0
0729710260118,Helena Bouveng,M,Jönköpings län,kvinna,1962,0,109,483,2,2023/24,594,81.64983164983165
0737666060225,Joakim Järrebring,S,Västra Götalands läns västra,man,1976,87,1,291,215,2023/24,594,99.83164983164983
0737824098113,Magnus Berntsson,KD,Göteborgs kommun,man,1973,0,62,529,3,2023/24,594,89.56228956228956
0742883909221,John E Weinerhall,M,Östergötlands län,man,1995,0,121,471,2,2023/24,594,79.62962962962963
074310796828,Magnus Resare,M,Värmlands län,man,1987,0,46,547,1,2023/24,594,92.25589225589226
0744139167426,Rasmus Ling,MP,Malmö kommun,man,1984,127,94,189,184,2023/24,594,84.17508417508417
0744993950910,Anders Ygeman,S,Stockholms kommun,man,1970,80,57,263,194,2023/24,594,90.40404040404042
0749416304126,Marie Nicholson,M,Kalmar län,kvinna,1976,0,123,469,2,2023/24,594,79.29292929292929
0750092881021,Joanna Lewerentz,M,Stockholms län,kvinna,1992,0,1,261,2,2023/24,264,99.62121212121212
075747847023,Gustaf Lantz,S,Uppsala län,man,1981,32,1,109,70,2023/24,212,99.52830188679245
0760500234712,Monica Haider,S,Kronobergs län,kvinna,1963,79,45,272,198,2023/24,594,92.42424242424242
0764422217512,Lars Engsund,M,Kalmar län,man,1968,0,9,583,2,2023/24,594,98.48484848484848
0764949934324,Ulrika Heindorff,M,Skåne läns västra,kvinna,1983,0,66,525,2,2023/24,593,88.87015177065767
0766496753128,Fredrik Malm,L,Stockholms län,man,1977,0,129,463,2,2023/24,594,78.28282828282829
0768554866215,Katja Nyberg,SD,Kronobergs län,kvinna,1971,70,1,435,88,2023/24,594,99.83164983164983
0770363683317,Malin Björk,C,Stockholms kommun,kvinna,1969,101,99,274,120,2023/24,594,83.33333333333334
0772402807013,Sven-Olof Sällström,SD,Östergötlands län,man,1968,5,139,32,5,2023/24,181,23.20441988950276
0773497241728,Roger Hedlund,SD,Gävleborgs län,man,1979,66,97,355,76,2023/24,594,83.67003367003367
0776705932527,Ciczie Weidby,V,Jönköpings län,kvinna,1974,90,31,263,210,2023/24,594,94.78114478114477
0779329190517,Kjell Jansson,M,Stockholms län,man,1959,0,27,565,2,2023/24,594,95.45454545454545
0780214960516,Eva Lindh,S,Östergötlands län,kvinna,1971,74,82,250,188,2023/24,594,86.19528619528619
0783069490115,Mirja Räihä,S,Stockholms kommun,kvinna,1959,79,61,262,192,2023/24,594,89.73063973063972
07921826010,Anna-Belle Strömberg,S,Västernorrlands län,kvinna,1965,82,52,263,197,2023/24,594,91.24579124579124
0792733370419,Magnus Oscarsson,KD,Östergötlands län,man,1970,0,139,453,2,2023/24,594,76.5993265993266
0793372891224,Noria Manouchi,M,Malmö kommun,kvinna,1991,0,95,497,2,2023/24,594,84.006734006734
0796312429425,Viktor Wärnick,M,Gävleborgs län,man,1991,0,100,492,2,2023/24,594,83.16498316498317
0800956862429,Gulan Avci,L,Stockholms län,kvinna,1977,0,146,447,1,2023/24,594,75.42087542087542
0801311569314,Gunilla Svantorp,S,Värmlands län,kvinna,1964,68,91,255,180,2023/24,594,84.68013468013467
0802091197024,Andrea Andersson Tay,V,Stockholms län,kvinna,1988,85,38,269,202,2023/24,594,93.60269360269359
0802546764724,Åsa Westlund,S,Stockholms län,kvinna,1976,85,2,292,215,2023/24,594,99.66329966329967
0802606848923,Mariya Voyvodova,S,Göteborgs kommun,kvinna,1978,65,47,222,155,2023/24,489,90.38854805725971
0803753212716,Richard Jomshof,SD,Blekinge län,man,1969,61,94,363,76,2023/24,594,84.17508417508417
0803790353229,Azra Muranovic,S,Jönköpings län,kvinna,1987,49,228,190,127,2023/24,594,61.61616161616161
0810201628512,Ann-Charlotte Hammar Johnsson,M,Skåne läns västra,kvinna,1966,0,125,467,2,2023/24,594,78.95622895622895
0810852280213,Marie-Louise Hänel Sandström,M,Göteborgs kommun,kvinna,1968,0,34,559,1,2023/24,594,94.27609427609428
0819601620927,Annika Hirvonen,MP,Stockholms län,kvinna,1989,124,114,171,185,2023/24,594,80.8080808080808
0822010116020,Jim Svensk Larm,S,Gävleborgs län,man,1987,0,0,1,3,2023/24,4,100.0
0825441263617,Birger Lahti,V,Norrbottens län,man,1964,73,150,198,173,2023/24,594,74.74747474747474
0828001951212,Ingemar Kihlström,KD,Västra Götalands läns södra,man,1966,0,90,501,3,2023/24,594,84.84848484848484
0828721176319,Sten Bergheden,M,Västra Götalands läns östra,man,1965,0,15,577,2,2023/24,594,97.47474747474747
0831039938224,Adam Marttinen,SD,Södermanlands län,man,1983,68,17,422,87,2023/24,594,97.13804713804713
0831636664429,Mattias Karlsson,SD,Kronobergs län,man,1977,64,55,394,81,2023/24,594,90.74074074074075
0832311880029,Erik Ottoson,M,Stockholms län,man,1989,0,53,540,1,2023/24,594,91.07744107744108
0834510274913,Charlotte Nordström,M,Västra Götalands läns östra,kvinna,1963,0,52,540,2,2023/24,594,91.24579124579124
0836001490919,Ulrika Heie,C,Västra Götalands läns östra,kvinna,1965,100,133,252,109,2023/24,594,77.60942760942761
0837394708917,Anders Ådahl,C,Västra Götalands läns västra,man,1972,101,116,261,116,2023/24,594,80.47138047138047
0838085832923,Ann-Sofie Lifvenhage,M,Södermanlands län,kvinna,1976,0,47,545,2,2023/24,594,92.08754208754209
083953568015,Malin Höglund,M,Dalarnas län,kvinna,1969,0,0,592,2,2023/24,594,100.0
0845133742919,Lili André,KD,Gävleborgs län,kvinna,1970,0,70,521,3,2023/24,594,88.21548821548821
084624777218,Helena Lindahl,C,Västerbottens län,kvinna,1972,113,22,321,138,2023/24,594,96.2962962962963
0847676507229,Stina Larsson,C,Skåne läns södra,kvinna,1977,110,60,296,128,2023/24,594,89.8989898989899
0852475703226,Lorena Delgado Varas,V,Stockholms kommun,kvinna,1974,74,103,231,186,2023/24,594,82.65993265993265
0853395328224,Lena Hallengren,S,Kalmar län,kvinna,1973,54,105,195,140,2023/24,494,78.74493927125505
0855286184126,Jessica Rodén,S,Västra Götalands läns södra,kvinna,1976,64,158,213,159,2023/24,594,73.4006734006734
0859909330720,Sanna Backeskog,S,Gävleborgs län,kvinna,1985,74,83,255,182,2023/24,594,86.02693602693603
0860364634014,Mattias Ottosson,S,Östergötlands län,man,1971,83,7,291,213,2023/24,594,98.82154882154882
0861521539920,Aron Emilsson,SD,Östergötlands län,man,1990,64,33,412,85,2023/24,594,94.44444444444444
0866055333028,Alexandra Anstrell,M,Stockholms län,kvinna,1974,0,157,435,2,2023/24,594,73.56902356902357
086684470825,Tobias Andersson,SD,Västra Götalands läns östra,man,1996,59,102,358,75,2023/24,594,82.82828282828282
0875221317013,Gunilla Carlsson,S,Göteborgs kommun,kvinna,1966,67,128,225,174,2023/24,594,78.45117845117845
0877778793323,Johan Büser,S,Göteborgs kommun,man,1983,66,123,228,177,2023/24,594,79.29292929292929
0879782396219,Olle Thorell,S,Västmanlands län,man,1967,79,63,259,193,2023/24,594,89.39393939393939
0880018341619,Thomas Morell,SD,Skåne läns norra och östra,man,1957,59,47,407,81,2023/24,594,92.08754208754209
0880137451720,Emma Nohrén,MP,Göteborgs kommun,kvinna,1980,90,214,139,151,2023/24,594,63.97306397306397
0888807074321,Amanda Lind,MP,Stockholms län,kvinna,1980,124,93,188,189,2023/24,594,84.34343434343434
0890152141226,Nadja Awad,V,Örebro län,kvinna,1991,90,46,257,201,2023/24,594,92.25589225589226
0899169869710,Helena Gellerman,L,Västra Götalands läns västra,kvinna,1960,0,84,508,2,2023/24,594,85.85858585858585
0903081277919,Helena Vilhelmsson,C,Örebro län,kvinna,1965,100,75,292,127,2023/24,594,87.37373737373737
0904448094023,Linus Lakso,MP,Södermanlands län,man,1983,123,135,166,170,2023/24,594,77.27272727272727
0905254899611,Louise Thunström,S,Västra Götalands läns norra,kvinna,1973,76,72,256,190,2023/24,594,87.87878787878788
0906620634423,Eleonore Lundkvist,M,Västmanlands län,kvinna,1988,0,0,379,2,2023/24,381,100.0
0910803550317,Lena Johansson,S,Västmanlands län,kvinna,1969,80,27,280,207,2023/24,594,95.45454545454545
0911067396229,Mattias Vepsä,S,Stockholms kommun,man,1980,65,136,222,171,2023/24,594,77.1043771043771
0911916463828,Fredrik Lundh Sammeli,S,Norrbottens län,man,1977,75,66,262,191,2023/24,594,88.88888888888889
091303475611,Eric Palmqvist,SD,Norrbottens län,man,1970,56,87,376,75,2023/24,594,85.35353535353536
0920901966627,Tony Haddou,V,Göteborgs kommun,man,1989,91,68,237,198,2023/24,594,88.55218855218855
0922497728524,Ardalan Shekarabi,S,Uppsala län,man,1978,74,89,244,187,2023/24,594,85.01683501683502
0926002991620,Pontus Andersson Garpvall,SD,Västerbottens län,man,1992,65,57,391,81,2023/24,594,90.40404040404042
0926214745119,Heléne Björklund,S,Blekinge län,kvinna,1972,76,58,265,195,2023/24,594,90.23569023569024
0926477102420,Cecilia Rönn,L,Hallands län,kvinna,1980,0,41,551,2,2023/24,594,93.0976430976431
0930305890123,Sara-Lena Bjälkö,SD,Hallands län,kvinna,1976,67,50,397,80,2023/24,594,91.58249158249158
0932000030511,Maria Stockhaus,M,Stockholms län,kvinna,1963,1,117,475,1,2023/24,594,80.3030303030303
0937688366013,Peter Hultqvist,S,Dalarnas län,man,1958,80,57,271,186,2023/24,594,90.40404040404042
0939158389321,Samuel Gonzalez Westling,V,Gävleborgs län,man,1983,74,143,216,161,2023/24,594,75.92592592592592
0940980416614,Jan Ericson,M,Västra Götalands läns södra,man,1961,0,67,526,1,2023/24,594,88.72053872053873
094145171913,Unni Björnerfors,SD,Stockholms kommun,kvinna,1951,66,27,361,79,2023/24,533,94.93433395872421
0947572086414,Anne-Li Sjölund,C,Västernorrlands län,kvinna,1966,102,73,291,128,2023/24,594,87.71043771043772
0951905661227,Christofer Bergenblock,C,Hallands län,man,1974,114,29,319,132,2023/24,594,95.1178451178451
0955748436811,Robert Stenkvist,SD,Stockholms län,man,1958,70,50,395,79,2023/24,594,91.58249158249158
0956444284814,Per Bolund,MP,Stockholms kommun,man,1971,13,0,17,30,2023/24,60,100.0
0961483563503,Gudrun Nordborg,V,Västerbottens län,kvinna,1946,70,128,228,168,2023/24,594,78.45117845117845
0963046628824,Christian Lindefjärd,SD,Stockholms län,man,1976,0,0,0,1,2023/24,1,100.0
0964730940415,Johan Andersson,S,Östergötlands län,man,1961,83,49,265,197,2023/24,594,91.75084175084174
0966063008623,Leonid Yurkovskiy,SD,Stockholms län,man,1995,66,47,396,85,2023/24,594,92.08754208754209
0970259744617,Margareta Cederfelt,M,Stockholms kommun,kvinna,1959,0,203,391,0,2023/24,594,65.82491582491583
0970709885516,Inga-Lill Sjöblom,S,Uppsala län,kvinna,1959,52,200,199,143,2023/24,594,66.32996632996633
0972636989226,Dzenan Cisija,S,Göteborgs kommun,man,1976,79,75,250,190,2023/24,594,87.37373737373737
0973350087929,Patrik Karlson,L,Östergötlands län,man,1987,0,30,419,2,2023/24,451,93.34811529933481
0973782197017,Mikael Oscarsson,KD,Uppsala län,man,1967,1,98,492,3,2023/24,594,83.5016835016835
0977592683711,Magnus Jacobsson,KD,Västra Götalands läns norra,man,1968,0,136,455,3,2023/24,594,77.1043771043771
0980092192122,Joar Forssell,L,Stockholms kommun,man,1993,0,233,361,0,2023/24,594,60.77441077441077
0980681611418,Hans Wallmark,M,Skåne läns norra och östra,man,1965,0,162,430,1,2023/24,593,72.68128161888701
098329342620,Jennie Wernäng,M,Västra Götalands läns västra,kvinna,1985,0,33,559,2,2023/24,594,94.44444444444444
0983984918111,Matilda Ernkrans,S,Örebro län,kvinna,1973,86,1,293,214,2023/24,594,99.83164983164983
098412828516,Magdalena Andersson,S,Stockholms län,kvinna,1967,47,305,132,110,2023/24,594,48.65319865319865
0984153507725,Gustaf Göthberg,M,Göteborgs kommun,man,1993,0,93,499,2,2023/24,594,84.34343434343434
0985426914829,Anna Lasses,C,Stockholms län,kvinna,1977,92,92,293,117,2023/24,594,84.51178451178451
0985943148917,Victoria Tiblom,SD,Skåne läns södra,kvinna,1969,58,62,395,79,2023/24,594,89.56228956228956
0986091320811,Catarina Deremar,C,Uppsala län,kvinna,1965,105,46,314,129,2023/24,594,92.25589225589226
0987246082523,Paula Örn,S,Västra Götalands läns västra,kvinna,1978,68,59,234,164,2023/24,525,88.76190476190476
0990587970528,Zinaida Kajevic,S,Malmö kommun,kvinna,1979,5,23,9,12,2023/24,49,53.06122448979591
0992420223820,Jessica Rosencrantz,M,Stockholms kommun,kvinna,1987,0,80,511,2,2023/24,593,86.50927487352446
0992473266516,Larry Söder,KD,Hallands län,man,1969,0,67,524,3,2023/24,594,88.72053872053873
0996640018922,Yasmine Bladelius,S,Skåne läns västra,kvinna,1988,83,36,277,198,2023/24,594,93.93939393939394
0999976269027,Amanda Palmstierna,MP,Stockholms län,kvinna,1977,40,56,49,54,2023/24,199,71.85929648241206
0103624617217,Helén Pettersson,S,Västerbottens län,kvinna,1972,83,134,256,183,2024/25,656,79.57317073170732
010392780417,Marie Olsson,S,Dalarnas län,kvinna,1967,70,178,238,170,2024/25,656,72.86585365853658
0105632258713,Boriana Åberg,M,Skåne läns södra,kvinna,1968,0,129,525,2,2024/25,656,80.33536585365853
010643534813,Eric Westroth,SD,Jönköpings län,man,1971,66,65,432,93,2024/25,656,90.09146341463415
0111479807829,Anna Wallentheim,S,Skåne läns norra och östra,kvinna,1985,92,85,277,202,2024/25,656,87.04268292682926
0111697351426,Louise Eklund,L,Malmö kommun,kvinna,1979,1,103,550,2,2024/25,656,84.29878048780488
0112333043027,Rasmus Giertz,SD,Dalarnas län,man,1994,62,35,462,97,2024/25,656,94.66463414634147
0112806493429,Fredrik Saweståhl,M,Stockholms län,man,1977,1,23,454,2,2024/25,480,95.20833333333333
011548866929,Elin Nilsson,L,Örebro län,kvinna,1982,1,85,568,2,2024/25,656,87.04268292682926
0119851690521,David Perez,SD,Uppsala län,man,1990,57,81,428,90,2024/25,656,87.65243902439023
0121015874810,Torsten Elofsson,KD,Skåne läns norra och östra,man,1950,1,123,528,4,2024/25,656,81.25
0121939297619,Jamal El-Haj,-,Malmö kommun,man,1960,96,60,273,227,2024/25,656,90.85365853658537
0122987223112,Lotta Johnsson Fornarve,V,Södermanlands län,kvinna,1956,127,104,232,193,2024/25,656,84.14634146341463
0130640724922,Clara Aranda,SD,Östergötlands län,kvinna,1988,54,124,401,77,2024/25,656,81.09756097560977
0130789484021,Mattias Bäckström Johansson,SD,Kalmar län,man,1985,56,119,396,85,2024/25,656,81.85975609756098
0132818093422,Rickard Nordin,C,Göteborgs kommun,man,1983,137,85,297,137,2024/25,656,87.04268292682926
0136268785826,Nima Gholam Ali Pour,SD,Malmö kommun,man,1981,72,30,459,95,2024/25,656,95.42682926829268
0138741628520,Angelika Bengtsson,SD,Stockholms kommun,kvinna,1990,58,163,361,74,2024/25,656,75.15243902439023
0140985614421,Peder Björk,S,Västernorrlands län,man,1975,92,55,291,218,2024/25,656,91.61585365853658
0144048894712,Ellen Juntti,M,Västra Götalands läns västra,kvinna,1958,1,152,499,4,2024/25,656,76.82926829268293
0146133946627,Andreas Lennkvist Manriquez,V,Stockholms kommun,man,1994,132,56,260,208,2024/25,656,91.46341463414635
014744660015,Mikael Damberg,S,Stockholms län,man,1971,97,52,288,219,2024/25,656,92.07317073170732
0148424181819,Ann-Christine Frohm,SD,Blekinge län,kvinna,1972,65,104,405,82,2024/25,656,84.14634146341463
0150200797210,Mats Sander,M,Skåne läns västra,man,1963,1,25,555,3,2024/25,584,95.71917808219177
0155487380917,Kerstin Lundgren,C,Stockholms län,kvinna,1955,118,154,261,123,2024/25,656,76.52439024390245
0157618290428,Rashid Farivar,SD,Västra Götalands läns västra,man,1982,63,82,425,86,2024/25,656,87.5
0161616238120,Lina Nordquist,L,Uppsala län,kvinna,1977,0,161,492,3,2024/25,656,75.45731707317074
0161972600410,Elsa Widding,-,Stockholms kommun,kvinna,1968,71,220,307,58,2024/25,656,66.46341463414633
0170585430421,Jimmy Ståhl,SD,Göteborgs kommun,man,1975,67,66,436,87,2024/25,656,89.9390243902439
0174490514929,Marcus Andersson,S,Västra Götalands läns östra,man,1987,87,42,226,172,2024/25,527,92.0303605313093
0178323535715,Johnny Svedin,SD,Norrbottens län,man,1969,68,62,431,95,2024/25,656,90.54878048780488
0183544538819,Patrik Jönsson,SD,Västra Götalands läns södra,man,1972,69,35,455,97,2024/25,656,94.66463414634147
0184968091618,Jan Riise,MP,Hallands län,man,1957,161,128,194,173,2024/25,656,80.48780487804879
0191189790215,Peter Ollén,M,Malmö kommun,man,1959,1,61,591,3,2024/25,656,90.70121951219512
019430605328,Josefin Malmqvist,M,Stockholms län,kvinna,1987,1,140,514,1,2024/25,656,78.65853658536585
0198917587520,Maj Karlsson,V,Göteborgs kommun,kvinna,1980,112,147,221,176,2024/25,656,77.59146341463415
0202577142527,Matheus Enholm,SD,Västra Götalands läns norra,man,1979,56,112,401,87,2024/25,656,82.92682926829268
0203877548421,Malin Larsson,S,Västernorrlands län,kvinna,1980,100,44,293,219,2024/25,656,93.29268292682926
0204240926023,Markus Wiechel,SD,Västra Götalands läns norra,man,1988,58,150,370,78,2024/25,656,77.13414634146342
0210444373111,Katarina Luhr,MP,Stockholms kommun,kvinna,1973,181,45,224,206,2024/25,656,93.14024390243902
0211757295524,Josef Fransson,SD,Jämtlands län,man,1978,72,6,477,101,2024/25,656,99.08536585365853
0220064764318,Camilla Brunsberg,M,Blekinge län,kvinna,1972,1,32,546,2,2024/25,581,94.49225473321859
0222102752213,Stefan Olsson,M,Uppsala län,man,1968,1,81,571,3,2024/25,656,87.65243902439023
0223069839622,Robert Hannah,L,Göteborgs kommun,man,1985,0,50,78,1,2024/25,129,61.240310077519375
0226631365426,Mikael Larsson,C,Västra Götalands läns södra,man,1989,143,99,285,129,2024/25,656,84.90853658536585
0227531635413,Lars Püss,M,Hallands län,man,1966,1,176,476,3,2024/25,656,73.17073170731707
0228027853620,Vasiliki Tsouplaki,V,Västmanlands län,kvinna,1980,121,94,241,200,2024/25,656,85.67073170731707
0229350341619,Ilona Szatmári Waldau,V,Uppsala län,kvinna,1962,147,16,270,223,2024/25,656,97.5609756097561
0229627943828,Jytte Guteland,S,Stockholms kommun,kvinna,1979,92,64,288,212,2024/25,656,90.2439024390244
0229760896014,Anders W Jonsson,C,Gävleborgs län,man,1961,129,155,253,119,2024/25,656,76.3719512195122
0236597884217,Rose-Marie Carlsson,S,Malmö kommun,kvinna,1954,81,104,269,202,2024/25,656,84.14634146341463
0237055280513,Roland Utbult,KD,Västra Götalands läns västra,man,1951,1,115,538,2,2024/25,656,82.46951219512195
0240670797111,Björn Tidland,SD,Göteborgs kommun,man,1963,72,30,454,100,2024/25,656,95.42682926829268
0245113256029,Daniel Vencu Velasquez Castro,S,Stockholms kommun,man,1994,92,84,269,211,2024/25,656,87.1951219512195
0245468368228,Yusuf Aydin,KD,Stockholms län,man,1982,1,103,549,3,2024/25,656,84.29878048780488
0246927519019,Karin Rågsjö,V,Stockholms kommun,kvinna,1955,116,149,217,174,2024/25,656,77.28658536585365
0248492534018,Pia Trollehjelm,SD,Skåne läns västra,kvinna,1967,49,36,287,72,2024/25,444,91.89189189189189
0249730539015,Anders Karlsson,C,Jönköpings län,man,1961,129,96,298,133,2024/25,656,85.36585365853658
0250583732424,Jesper Skalberg Karlsson,M,Gotlands län,man,1993,1,16,636,3,2024/25,656,97.5609756097561
0251136832626,Muharrem Demirok,C,Östergötlands län,man,1976,68,333,172,83,2024/25,656,49.237804878048784
025158809026,Ida Gabrielsson,V,Stockholms kommun,kvinna,1981,102,174,213,167,2024/25,656,73.47560975609755
0254021157518,Lars Andersson,SD,Skåne läns södra,man,1964,64,74,423,95,2024/25,656,88.71951219512195
0254161225015,Lars Wistedt,SD,Uppsala län,man,1964,0,7,27,2,2024/25,36,80.55555555555556
0254695027922,Malcolm Momodou Jallow,V,Malmö kommun,man,1975,118,148,213,177,2024/25,656,77.4390243902439
0256404677510,Cecilia Engström,KD,Skåne läns södra,kvinna,1972,1,150,501,4,2024/25,656,77.13414634146342
0256716955026,Serkan Köse,S,Stockholms län,man,1976,83,91,277,205,2024/25,656,86.1280487804878
0257313105220,Arber Gashi,S,Hallands län,man,1994,92,33,305,226,2024/25,656,94.96951219512195
0257612529618,Kenneth G Forslund,S,Västra Götalands läns västra,man,1967,81,111,264,200,2024/25,656,83.07926829268293
025877594729,John Widegren,M,Östergötlands län,man,1980,1,73,580,2,2024/25,656,88.8719512195122
025931369428,Jonas Andersson,SD,Östergötlands län,man,1989,60,99,412,85,2024/25,656,84.90853658536585
025967059622,Magnus Manhammar,S,Blekinge län,man,1980,87,139,245,185,2024/25,656,78.8109756097561
0262411569110,Helene Odenjung,L,Göteborgs kommun,kvinna,1965,0,70,456,1,2024/25,527,86.71726755218216
02658325625,Angelica Lundberg,SD,Västmanlands län,kvinna,1981,61,109,403,83,2024/25,656,83.38414634146342
0271338654822,Ola Möller,S,Skåne läns västra,man,1983,96,52,291,217,2024/25,656,92.07317073170732
0273506284025,Edward Riedl,M,Västerbottens län,man,1976,1,129,525,1,2024/25,656,80.33536585365853
0274462857213,Petter Löberg,S,Västra Götalands läns södra,man,1968,97,18,310,231,2024/25,656,97.2560975609756
0279488554424,Alexander Christiansson,SD,Västra Götalands läns västra,man,1981,72,13,470,101,2024/25,656,98.01829268292683
027964311318,Karin Sundin,S,Örebro län,kvinna,1972,83,90,281,202,2024/25,656,86.28048780487805
0281670919717,Jörgen Grubb,SD,Västra Götalands läns östra,man,1962,70,21,466,99,2024/25,656,96.79878048780488
0283284978818,Markus Kallifatides,S,Stockholms kommun,man,1972,93,40,301,222,2024/25,656,93.90243902439023
0284192765516,Tomas Eneroth,S,Kronobergs län,man,1966,49,65,152,112,2024/25,378,82.8042328042328
028954589415,Ann-Sofie Alm,M,Västra Götalands läns norra,kvinna,1971,0,115,538,3,2024/25,656,82.46951219512195
02910042914,Carina Ödebrink,S,Jönköpings län,kvinna,1961,78,142,248,188,2024/25,656,78.35365853658537
0294138886823,Martin Kinnunen,SD,Stockholms län,man,1983,62,68,433,93,2024/25,656,89.63414634146342
0296384583518,Åsa Eriksson,S,Västmanlands län,kvinna,1972,64,175,237,180,2024/25,656,73.32317073170731
0302393368216,Camilla Rinaldo Miller,KD,Jönköpings län,kvinna,1969,0,111,542,3,2024/25,656,83.07926829268293
0304498908019,Gudrun Brunegård,KD,Kalmar län,kvinna,1957,1,81,570,4,2024/25,656,87.65243902439023
0309480686522,Leila Ali Elmi,MP,Göteborgs kommun,kvinna,1988,150,135,202,169,2024/25,656,79.42073170731707
0313390540217,Ingela Nylund Watz,S,Stockholms län,kvinna,1962,75,142,258,181,2024/25,656,78.35365853658537
0314794471216,Anna Starbrink,L,Stockholms län,kvinna,1971,1,43,116,0,2024/25,160,73.125
0315499690028,Teresa Carvalho,S,Östergötlands län,kvinna,1984,92,74,281,209,2024/25,656,88.71951219512195
0316505710324,Janine Alm Ericson,MP,Västra Götalands läns västra,kvinna,1973,148,150,179,179,2024/25,656,77.13414634146342
0327372175911,Fredrik Ahlstedt,M,Uppsala län,man,1968,1,83,569,3,2024/25,656,87.34756097560977
0331791853028,Yasmine Eriksson,SD,Västra Götalands läns västra,kvinna,1989,65,65,434,92,2024/25,656,90.09146341463415
0333193598116,Bo Broman,SD,Skåne läns västra,man,1969,60,86,422,88,2024/25,656,86.89024390243902
0338088431726,Sara Gille,SD,Dalarnas län,kvinna,1981,65,55,441,95,2024/25,656,91.61585365853658
033935884729,Martina Johansson,C,Södermanlands län,kvinna,1975,129,103,294,130,2024/25,656,84.29878048780488
0339894357417,Jennie Nilsson,S,Hallands län,kvinna,1972,98,25,304,229,2024/25,656,96.1890243902439
0340418158820,Daniel Persson,SD,Gävleborgs län,man,1982,64,73,431,88,2024/25,656,88.8719512195122
0341628241813,Marianne Fundahn,S,Skåne läns södra,kvinna,1958,83,141,244,188,2024/25,656,78.5060975609756
0344222203323,Dennis Dioukarev,SD,Göteborgs kommun,man,1993,67,61,438,90,2024/25,656,90.70121951219512
0345062474310,Mona Olin,SD,Kalmar län,kvinna,1967,58,55,450,93,2024/25,656,91.61585365853658
0349986646724,Märta Stenevi,MP,Stockholms län,kvinna,1976,185,36,227,208,2024/25,656,94.51219512195121
035234573112,Anna-Lena Hedberg,SD,Dalarnas län,kvinna,1973,47,137,283,65,2024/25,532,74.24812030075188
0358278412329,Björn Petersson,S,Kalmar län,man,1982,76,112,256,198,2024/25,642,82.55451713395638
0358514648113,Marléne Lund Kopparklint,M,Värmlands län,kvinna,1973,1,232,421,2,2024/25,656,64.63414634146342
0360160202728,Emma Ahlström Köster,M,Skåne läns södra,kvinna,1987,1,15,637,3,2024/25,656,97.71341463414635
0360187680814,Mats Hellhoff,SD,Västernorrlands län,man,1954,70,4,481,101,2024/25,656,99.39024390243902
0362779191527,Erik Hellsborn,SD,Hallands län,man,1984,62,46,451,97,2024/25,656,92.98780487804879
0364687971222,Alireza Akhondi,C,Stockholms län,man,1980,141,84,295,136,2024/25,656,87.1951219512195
0369212790927,Sofia Skönnbrink,S,Värmlands län,kvinna,1991,64,199,225,168,2024/25,656,69.66463414634147
036926802512,Blåvitt Elofsson,S,Värmlands län,man,1953,79,1,206,158,2024/25,444,99.77477477477478
0371882294919,Carita Boulwén,SD,Hallands län,kvinna,1967,60,134,380,82,2024/25,656,79.57317073170732
0372414474424,Oskar Svärd,M,Örebro län,man,1995,1,35,617,3,2024/25,656,94.66463414634147
037561614928,Lawen Redar,S,Stockholms kommun,kvinna,1989,70,187,230,169,2024/25,656,71.4939024390244
0376353897112,Leif Nysmed,S,Stockholms län,man,1970,88,121,257,190,2024/25,656,81.5548780487805
0376395541120,Joakim Sandell,S,Malmö kommun,man,1975,88,74,288,206,2024/25,656,88.71951219512195
037781229619,Staffan Eklöf,SD,Jönköpings län,man,1965,68,43,450,95,2024/25,656,93.4451219512195
0378597308227,Camilla Brodin,KD,Stockholms kommun,kvinna,1979,0,94,560,2,2024/25,656,85.67073170731707
0381853591928,Malte Tängmark Roos,MP,Malmö kommun,man,1994,162,16,197,171,2024/25,546,97.06959706959707
0386912710815,Mats Arkhem,SD,Stockholms län,man,1966,72,16,468,100,2024/25,656,97.5609756097561
0387230530213,Crister Carlsson,M,Dalarnas län,man,1963,1,48,604,3,2024/25,656,92.6829268292683
0388994689418,Malin Östh,V,Östergötlands län,kvinna,1972,142,73,248,193,2024/25,656,88.8719512195122
0389220391128,Christian Carlsson,KD,Stockholms län,man,1987,1,62,590,3,2024/25,656,90.54878048780488
039102787629,Oliver Rosengren,M,Kronobergs län,man,1992,1,101,552,2,2024/25,656,84.60365853658537
0397073482210,Camilla Mårtensen,L,Skåne läns södra,kvinna,1970,1,172,483,0,2024/25,656,73.78048780487805
0405594274208,Ewa Pihl Krabbe,S,Skåne läns norra och östra,kvinna,1947,96,42,297,221,2024/25,656,93.59756097560977
0406831930624,Henrik Vinge,SD,Stockholms kommun,man,1988,55,194,334,73,2024/25,656,70.42682926829269
0407081382317,Anna-Caren Sätherberg,S,Jämtlands län,kvinna,1964,94,45,292,225,2024/25,656,93.14024390243902
0409655917321,Jakob Olofsgård,L,Jönköpings län,man,1975,0,140,513,3,2024/25,656,78.65853658536585
0410231576416,Lars Johnsson,M,Skåne läns norra och östra,man,1964,1,66,586,3,2024/25,656,89.9390243902439
0410640630411,Ulrik Nilsson,M,Västra Götalands läns södra,man,1963,0,73,580,3,2024/25,656,88.8719512195122
0411459873625,Hanna Gunnarsson,V,Skåne läns södra,kvinna,1983,144,63,245,204,2024/25,656,90.39634146341463
0412148992926,Hanna Westerén,S,Gotlands län,kvinna,1981,91,55,289,221,2024/25,656,91.61585365853658
0412502344925,Ida Ekeroth Clausson,S,Västra Götalands läns östra,kvinna,1991,3,56,37,33,2024/25,129,56.58914728682171
0418929039326,Patrik Lundqvist,S,Gävleborgs län,man,1984,95,47,293,221,2024/25,656,92.83536585365853
041911485722,Magdalena Thuresson,M,Stockholms län,kvinna,1990,0,0,175,1,2024/25,176,100.0
0425115010020,Kadir Kasirga,S,Stockholms kommun,man,1975,88,82,278,208,2024/25,656,87.5
0427321850912,Lars Mejern Larsson,S,Värmlands län,man,1965,92,53,299,212,2024/25,656,91.92073170731707
0430865615328,Linda Lindberg,SD,Skåne läns västra,kvinna,1974,48,226,319,63,2024/25,656,65.54878048780488
0433422973328,Kristoffer Lindberg,S,Gävleborgs län,man,1992,77,140,256,183,2024/25,656,78.65853658536585
0440225263920,Robert Olesen,S,Kronobergs län,man,1975,44,0,133,101,2024/25,278,100.0
0440673458216,Ulrika Liljeberg,C,Dalarnas län,kvinna,1969,153,49,312,142,2024/25,656,92.53048780487805
0442073683012,Zara Leghissa,S,Norrbottens län,kvinna,1970,83,76,282,215,2024/25,656,88.41463414634147
0448973586529,Adrian Magnusson,S,Skåne läns södra,man,1994,89,81,276,210,2024/25,656,87.65243902439023
0452755722723,Björn Söder,SD,Skåne läns norra och östra,man,1976,44,234,313,65,2024/25,656,64.32926829268293
0456522027421,Linnéa Wickman,S,Gävleborgs län,kvinna,1992,89,93,274,200,2024/25,656,85.82317073170732
0456680171315,Charlotte Quensel,SD,Värmlands län,kvinna,1961,66,41,454,95,2024/25,656,93.75
04571388712,Adam Reuterskiöld,M,Stockholms län,man,1966,1,71,581,3,2024/25,656,89.17682926829268
0457722435319,Tomas Kronståhl,S,Kalmar län,man,1967,0,11,2,1,2024/25,14,21.42857142857143
0466653728712,Denis Begic,S,Örebro län,man,1970,75,170,230,181,2024/25,656,74.08536585365853
0468956880528,Mikael Eskilandersson,SD,Skåne läns norra och östra,man,1977,72,4,479,101,2024/25,656,99.39024390243902
0469084171710,Ulrika Westerlund,MP,Stockholms kommun,kvinna,1972,179,92,198,187,2024/25,656,85.97560975609755
0469384565811,Anders Alftberg,SD,Västra Götalands läns södra,man,1973,70,29,458,99,2024/25,656,95.57926829268293
0472349361027,Kalle Olsson,S,Jämtlands län,man,1984,75,50,229,182,2024/25,536,90.67164179104478
0473783431010,Morgan Johansson,S,Skåne läns södra,man,1970,82,122,267,185,2024/25,656,81.40243902439023
0474290584024,Azadeh Rojhan,S,Stockholms län,kvinna,1986,80,142,243,191,2024/25,656,78.35365853658537
0475643059428,Jonny Cato,C,Skåne läns västra,man,1994,151,53,308,144,2024/25,656,91.92073170731707
0475778011711,Hans Ekström,S,Södermanlands län,man,1958,87,89,279,201,2024/25,656,86.43292682926828
0481460392727,Jessica Wetterling,V,Västra Götalands läns västra,kvinna,1986,130,60,261,205,2024/25,656,90.85365853658537
0482689573825,Björn Wiechel,S,Västerbottens län,man,1983,82,140,239,195,2024/25,656,78.65853658536585
048561486727,Isabell Mixter,V,Västernorrlands län,kvinna,1989,115,134,231,176,2024/25,656,79.57317073170732
0492644357418,Per Söderlund,SD,Örebro län,man,1972,52,119,399,86,2024/25,656,81.85975609756098
0494242537816,Hans Eklind,KD,Örebro län,man,1966,1,98,554,3,2024/25,656,85.0609756097561
0494843794418,Martin Ådahl,C,Stockholms kommun,man,1969,139,97,284,136,2024/25,656,85.21341463414635
0496341906327,Alexandra Völker,S,Stockholms län,kvinna,1989,73,150,252,181,2024/25,656,77.13414634146342
0497217816024,Markus Selin,S,Stockholms län,man,1978,97,32,304,223,2024/25,656,95.1219512195122
0499755198526,Mattias Jonsson,S,Göteborgs kommun,man,1974,76,170,233,177,2024/25,656,74.08536585365853
0502490570219,Kristina Axén Olin,M,Stockholms kommun,kvinna,1962,1,54,599,2,2024/25,656,91.76829268292683
0502688311316,Anna Vikström,S,Stockholms län,kvinna,1957,98,50,288,220,2024/25,656,92.3780487804878
0503029811325,David Josefsson,M,Göteborgs kommun,man,1983,1,45,523,1,2024/25,570,92.10526315789474
0504851635310,Daniel Helldén,MP,Stockholms kommun,man,1965,134,233,151,138,2024/25,656,64.48170731707317
0506482805418,Isak From,S,Västerbottens län,man,1967,77,100,273,206,2024/25,656,84.7560975609756
0506541436524,Sanne Lennström,S,Uppsala län,kvinna,1988,76,116,271,193,2024/25,656,82.31707317073172
0509415296421,Kjell-Arne Ottosson,KD,Värmlands län,man,1975,1,126,526,3,2024/25,656,80.79268292682926
0509830681123,Ida Karkiainen,S,Norrbottens län,kvinna,1988,99,23,306,228,2024/25,656,96.4939024390244
051207517226,Jimmie Åkesson,SD,Jönköpings län,man,1979,8,624,21,3,2024/25,656,4.878048780487809
0512645510895,Jonathan Svensson,S,Västra Götalands läns norra,man,2000,100,4,317,235,2024/25,656,99.39024390243902
0514669448526,Elin Söderberg,MP,Västerbottens län,kvinna,1984,6,29,4,11,2024/25,50,42.00000000000001
0515213566019,Lars Isacsson,S,Dalarnas län,man,1970,88,84,278,206,2024/25,656,87.1951219512195
0516528386117,Patrik Björck,S,Västra Götalands läns östra,man,1957,97,35,297,227,2024/25,656,94.66463414634147
0519740099915,Saila Quicklund,M,Jämtlands län,kvinna,1961,1,46,606,3,2024/25,656,92.98780487804879
0521260619925,Sofia Amloh,S,Södermanlands län,kvinna,1986,78,131,248,199,2024/25,656,80.03048780487805
0522054204918,Mattias Karlsson,M,Norrbottens län,man,1972,0,272,382,2,2024/25,656,58.53658536585367
0522240580423,Arin Karapet,M,Stockholms kommun,man,1988,2,128,525,1,2024/25,656,80.48780487804879
0523902030928,Aylin Nouri,S,Västra Götalands läns västra,kvinna,1992,89,85,244,188,2024/25,606,85.97359735973598
0525562399327,Caroline Högström,M,Västmanlands län,kvinna,1991,1,58,594,3,2024/25,656,91.15853658536585
0526748040023,Ludvig Aspling,SD,Stockholms län,man,1983,48,176,358,74,2024/25,656,73.17073170731707
0526772256714,Göran Hargestam,SD,Östergötlands län,man,1966,67,68,431,90,2024/25,656,89.63414634146342
0530425150220,Annika Strandhäll,S,Stockholms kommun,kvinna,1975,75,205,210,166,2024/25,656,68.75
0533104339313,Merit Frost Lindberg,M,Stockholms kommun,kvinna,1973,1,0,650,3,2024/25,654,100.0
0534870997412,Åsa Hartzell,M,Göteborgs kommun,kvinna,1963,0,2,83,1,2024/25,86,97.67441860465115
0537400268911,Caroline Helmersson Olsson,S,Södermanlands län,kvinna,1963,80,103,276,197,2024/25,656,84.29878048780488
0538387395826,Mats Green,M,Jönköpings län,man,1979,2,68,584,2,2024/25,656,89.63414634146342
0545733815610,Patrick Reslow,SD,Malmö kommun,man,1970,67,56,442,91,2024/25,656,91.46341463414635
0546731406922,Rebecka Le Moine,MP,Östergötlands län,kvinna,1990,171,84,211,190,2024/25,656,87.1951219512195
055257333723,Oscar Sjöstedt,SD,Västmanlands län,man,1981,58,79,429,90,2024/25,656,87.95731707317074
0554852839719,Mikael Dahlqvist,S,Värmlands län,man,1967,100,9,313,234,2024/25,656,98.6280487804878
0557180142229,Fredrik Lindahl,SD,Stockholms län,man,1987,66,85,415,90,2024/25,656,87.04268292682926
0564126739422,Åsa Coenraads,M,Blekinge län,kvinna,1978,0,10,64,1,2024/25,75,86.66666666666667
0575283695521,Helena Storckenfeldt,M,Hallands län,kvinna,1995,1,96,557,2,2024/25,656,85.36585365853658
0576122429317,Martin Melin,L,Stockholms kommun,man,1967,1,12,146,1,2024/25,160,92.5
0576122429317,Martin Melin,L,Stockholms län,man,1967,0,61,434,1,2024/25,496,87.7016129032258
0587736055221,Niels Paarup-Petersen,C,Malmö kommun,man,1978,128,117,282,129,2024/25,656,82.16463414634147
0588282566419,Lars Beckman,M,Gävleborgs län,man,1967,1,58,594,3,2024/25,656,91.15853658536585
0589561178823,Peter Hedberg,S,Västernorrlands län,man,1990,98,23,310,225,2024/25,656,96.4939024390244
0591020192311,Ulf Lindholm,SD,Västernorrlands län,man,1963,70,38,453,95,2024/25,656,94.20731707317073
0591055036519,Mauricio Rojas,L,Skåne läns västra,man,1950,1,76,576,3,2024/25,656,88.41463414634147
0592345073323,Anna af Sillén,M,Södermanlands län,kvinna,1976,1,119,533,3,2024/25,656,81.85975609756098
0599661454115,Lena Bäckelin,S,Jämtlands län,kvinna,1964,17,0,61,42,2024/25,120,100.0
0600069352021,Fredrik Kärrholm,M,Stockholms kommun,man,1985,1,32,251,2,2024/25,286,88.81118881118881
0602744999917,Elisabeth Thand Ringqvist,C,Stockholms kommun,kvinna,1972,140,85,294,137,2024/25,656,87.04268292682926
0603366539729,Malin Danielsson,L,Stockholms kommun,kvinna,1977,1,115,537,3,2024/25,656,82.46951219512195
0603753860213,Carina Ståhl Herrstedt,SD,Skåne läns västra,kvinna,1971,18,42,131,21,2024/25,212,80.18867924528301
0604604418610,Jacob Risberg,MP,Uppsala län,man,1972,176,93,203,184,2024/25,656,85.82317073170732
0604811710522,Ida Drougge,M,Stockholms län,kvinna,1990,1,76,577,2,2024/25,656,88.41463414634147
0606863154419,Mats Berglund,MP,Stockholms kommun,man,1970,155,112,203,186,2024/25,656,82.92682926829268
0607691439013,Karin Enström,M,Stockholms län,kvinna,1966,1,162,491,2,2024/25,656,75.3048780487805
0610162335824,Niklas Sigvardsson,S,Jönköpings län,man,1991,98,23,308,227,2024/25,656,96.4939024390244
0611350076611,Susanne Nordström,M,Östergötlands län,kvinna,1963,1,157,496,2,2024/25,656,76.06707317073172
0612916684825,Johan Löfstrand,S,Östergötlands län,man,1976,78,135,256,187,2024/25,656,79.42073170731707
0613297818326,Mathias Tegnér,S,Stockholms län,man,1979,83,147,244,182,2024/25,656,77.59146341463415
0615175917521,Kent Kumpula,SD,Uppsala län,man,1975,63,56,412,89,2024/25,620,90.96774193548387
0616721755222,Louise Meijer,M,Skåne läns södra,kvinna,1990,2,78,573,3,2024/25,656,88.10975609756098
0619928872229,Laila Naraghi,S,Kalmar län,kvinna,1982,78,171,233,174,2024/25,656,73.93292682926828
0624040854527,Emma Berginger,MP,Skåne läns södra,kvinna,1986,140,214,159,143,2024/25,656,67.3780487804878
0627450126815,Kajsa Fredholm,V,Dalarnas län,kvinna,1961,143,48,257,208,2024/25,656,92.6829268292683
0628005785225,Jörgen Berglund,M,Västernorrlands län,man,1974,1,136,517,2,2024/25,656,79.26829268292683
0630820052511,Per-Arne Håkansson,S,Skåne läns norra och östra,man,1963,100,26,306,224,2024/25,656,96.03658536585365
0635943298419,Dan Hovskär,KD,Västra Götalands läns östra,man,1970,1,144,508,3,2024/25,656,78.04878048780488
0638497389621,Julia Kronlid,SD,Stockholms län,kvinna,1980,42,235,319,60,2024/25,656,64.17682926829269
0641953830512,Magnus Persson,SD,Skåne läns norra och östra,man,1970,71,22,464,99,2024/25,656,96.64634146341463
0648224557612,Åsa Karlsson,S,Västerbottens län,kvinna,1973,54,39,186,136,2024/25,415,90.60240963855422
065105536026,Niklas Karlsson,S,Skåne läns västra,man,1974,75,151,255,175,2024/25,656,76.98170731707317
0652497579621,Johanna Haraldsson,S,Jönköpings län,kvinna,1980,92,44,306,214,2024/25,656,93.29268292682926
0653578338415,Agneta Nilsson,S,Skåne läns västra,kvinna,1956,78,0,208,158,2024/25,444,100.0
0653904370212,Fredrik Olovsson,S,Södermanlands län,man,1973,91,67,278,220,2024/25,656,89.78658536585365
065701062615,Runar Filper,SD,Värmlands län,man,1964,58,119,398,81,2024/25,656,81.85975609756098
066036027425,Mikael Damsgaard,M,Västmanlands län,man,1976,1,75,577,3,2024/25,656,88.5670731707317
0662032691523,Amalia Rud Stenlöf,S,Göteborgs kommun,kvinna,1993,88,103,259,206,2024/25,656,84.29878048780488
0665360289423,Fredrik Stenberg,S,Västerbottens län,man,1988,43,0,117,81,2024/25,241,100.0
0665485817222,Daniel Bäckström,C,Värmlands län,man,1975,115,186,242,113,2024/25,656,71.64634146341464
0667220767927,Erik Ezelius,S,Västra Götalands läns östra,man,1986,61,226,217,152,2024/25,656,65.54878048780488
0671571847522,Mattias Eriksson Falk,SD,Södermanlands län,man,1990,56,182,345,73,2024/25,656,72.2560975609756
0678597762924,Martin Westmont,SD,Stockholms kommun,man,1978,71,38,449,98,2024/25,656,94.20731707317073
0682989845822,Håkan Svenneling,V,Värmlands län,man,1985,89,247,184,136,2024/25,656,62.34756097560976
068822158616,Katarina Tolgfors,M,Örebro län,kvinna,1967,0,143,510,3,2024/25,656,78.20121951219512
0692076685824,Camilla Hansén,MP,Örebro län,kvinna,1976,147,144,187,178,2024/25,656,78.04878048780488
069309987221,Johan Hultberg,M,Västra Götalands läns norra,man,1985,0,105,549,2,2024/25,656,83.9939024390244
0694917698222,Michael Rubbestad,SD,Örebro län,man,1980,65,113,395,83,2024/25,656,82.77439024390245
069534526423,Mathias Bengtsson,KD,Dalarnas län,man,1998,0,164,490,2,2024/25,656,75.0
07012286624,Daniel Riazat,V,Stockholms län,man,1991,128,115,225,188,2024/25,656,82.46951219512195
0706528359123,Linus Sköld,S,Norrbottens län,man,1983,98,19,309,230,2024/25,656,97.10365853658537
0709911904721,Johanna Rantsi,M,Västra Götalands läns västra,kvinna,1990,1,85,568,2,2024/25,656,87.04268292682926
0710595759638,Aida Birinxhiku,S,Hallands län,kvinna,1999,99,7,316,234,2024/25,656,98.9329268292683
071293048118,Thomas Ragnarsson,M,Kronobergs län,man,1970,1,63,590,2,2024/25,656,90.39634146341463
0714968014016,Anders Ekegren,L,Stockholms kommun,man,1957,0,43,451,2,2024/25,496,91.33064516129032
0717363246311,Jessica Stegrud,SD,Skåne läns södra,kvinna,1970,54,181,352,69,2024/25,656,72.40853658536585
0720250789315,Mats Wiking,S,Västra Götalands läns norra,man,1961,95,82,274,205,2024/25,656,87.5
0721509806321,Nooshi Dadgostar,V,Stockholms län,kvinna,1985,90,329,127,110,2024/25,656,49.84756097560976
0722683622001,Lars Jilmstad,M,Stockholms kommun,man,1946,0,0,369,1,2024/25,370,100.0
0723133822026,Carl Nordblom,M,Stockholms kommun,man,1994,1,39,612,4,2024/25,656,94.0548780487805
0727772954327,Ludvig Ceimertz,M,Skåne läns norra och östra,man,1991,1,112,541,2,2024/25,656,82.92682926829268
0729710260118,Helena Bouveng,M,Jönköpings län,kvinna,1962,1,117,535,3,2024/25,656,82.16463414634147
0737666060225,Joakim Järrebring,S,Västra Götalands läns västra,man,1976,89,88,276,203,2024/25,656,86.58536585365853
0737824098113,Magnus Berntsson,KD,Göteborgs kommun,man,1973,1,95,557,3,2024/25,656,85.51829268292683
0742883909221,John E Weinerhall,M,Östergötlands län,man,1995,1,136,517,2,2024/25,656,79.26829268292683
074310796828,Magnus Resare,M,Värmlands län,man,1987,1,32,620,3,2024/25,656,95.1219512195122
0744139167426,Rasmus Ling,MP,Malmö kommun,man,1984,30,6,35,39,2024/25,110,94.54545454545455
0744993950910,Anders Ygeman,S,Stockholms kommun,man,1970,84,99,277,196,2024/25,656,84.90853658536585
0749416304126,Marie Nicholson,M,Kalmar län,kvinna,1976,1,99,553,3,2024/25,656,84.90853658536585
0750092881021,Joanna Lewerentz,M,Stockholms län,kvinna,1992,1,25,627,3,2024/25,656,96.1890243902439
075747847023,Gustaf Lantz,S,Uppsala län,man,1981,91,86,274,205,2024/25,656,86.89024390243902
0760500234712,Monica Haider,S,Kronobergs län,kvinna,1963,86,43,304,223,2024/25,656,93.4451219512195
0764422217512,Lars Engsund,M,Kalmar län,man,1968,1,33,619,3,2024/25,656,94.96951219512195
0764949934324,Ulrika Heindorff,M,Skåne läns västra,kvinna,1983,0,0,72,0,2024/25,72,100.0
0766496753128,Fredrik Malm,L,Stockholms län,man,1977,2,182,470,2,2024/25,656,72.2560975609756
0768554866215,Katja Nyberg,SD,Kronobergs län,kvinna,1971,68,23,467,98,2024/25,656,96.4939024390244
0770363683317,Malin Björk,C,Stockholms kommun,kvinna,1969,135,93,296,132,2024/25,656,85.82317073170732
0773497241728,Roger Hedlund,SD,Gävleborgs län,man,1979,60,120,396,80,2024/25,656,81.70731707317074
0776705932527,Ciczie Weidby,V,Jönköpings län,kvinna,1974,133,47,263,213,2024/25,656,92.83536585365853
0779329190517,Kjell Jansson,M,Stockholms län,man,1959,1,29,623,3,2024/25,656,95.57926829268293
0780214960516,Eva Lindh,S,Östergötlands län,kvinna,1971,92,77,280,207,2024/25,656,88.26219512195121
0783069490115,Mirja Räihä,S,Stockholms kommun,kvinna,1959,96,28,304,228,2024/25,656,95.73170731707317
07921826010,Anna-Belle Strömberg,S,Västernorrlands län,kvinna,1965,98,26,307,225,2024/25,656,96.03658536585365
0792733370419,Magnus Oscarsson,KD,Östergötlands län,man,1970,1,99,552,4,2024/25,656,84.90853658536585
0793372891224,Noria Manouchi,M,Malmö kommun,kvinna,1991,1,131,522,2,2024/25,656,80.03048780487805
0796312429425,Viktor Wärnick,M,Gävleborgs län,man,1991,1,131,521,3,2024/25,656,80.03048780487805
0800956862429,Gulan Avci,L,Stockholms län,kvinna,1977,1,167,485,3,2024/25,656,74.54268292682926
0801311569314,Gunilla Svantorp,S,Värmlands län,kvinna,1964,22,17,103,70,2024/25,212,91.98113207547169
0802091197024,Andrea Andersson Tay,V,Stockholms län,kvinna,1988,148,15,270,223,2024/25,656,97.71341463414635
0802546764724,Åsa Westlund,S,Stockholms län,kvinna,1976,78,129,256,193,2024/25,656,80.33536585365853
0803753212716,Richard Jomshof,SD,Blekinge län,man,1969,49,184,348,75,2024/25,656,71.95121951219512
0803790353229,Azra Muranovic,S,Jönköpings län,kvinna,1987,6,110,59,37,2024/25,212,48.113207547169814
0810201628512,Ann-Charlotte Hammar Johnsson,M,Skåne läns västra,kvinna,1966,1,46,606,3,2024/25,656,92.98780487804879
0810852280213,Marie-Louise Hänel Sandström,M,Göteborgs kommun,kvinna,1968,1,83,569,3,2024/25,656,87.34756097560977
0819601620927,Annika Hirvonen,MP,Stockholms län,kvinna,1989,191,28,227,210,2024/25,656,95.73170731707317
0825441263617,Birger Lahti,V,Norrbottens län,man,1964,126,116,227,187,2024/25,656,82.31707317073172
0828001951212,Ingemar Kihlström,KD,Västra Götalands läns södra,man,1966,1,200,452,3,2024/25,656,69.51219512195121
0828721176319,Sten Bergheden,M,Västra Götalands läns östra,man,1965,1,28,624,3,2024/25,656,95.73170731707317
0831039938224,Adam Marttinen,SD,Södermanlands län,man,1983,69,85,412,90,2024/25,656,87.04268292682926
0831636664429,Mattias Karlsson,SD,Kronobergs län,man,1977,53,176,353,74,2024/25,656,73.17073170731707
0832311880029,Erik Ottoson,M,Stockholms län,man,1989,1,86,566,3,2024/25,656,86.89024390243902
0834510274913,Charlotte Nordström,M,Västra Götalands läns östra,kvinna,1963,1,103,549,3,2024/25,656,84.29878048780488
0836001490919,Ulrika Heie,C,Västra Götalands läns östra,kvinna,1965,139,78,302,137,2024/25,656,88.10975609756098
0837394708917,Anders Ådahl,C,Västra Götalands läns västra,man,1972,147,70,303,136,2024/25,656,89.32926829268293
0838085832923,Ann-Sofie Lifvenhage,M,Södermanlands län,kvinna,1976,1,114,539,2,2024/25,656,82.6219512195122
083953568015,Malin Höglund,M,Dalarnas län,kvinna,1969,1,4,648,3,2024/25,656,99.39024390243902
0845133742919,Lili André,KD,Gävleborgs län,kvinna,1970,1,110,542,3,2024/25,656,83.23170731707317
084624777218,Helena Lindahl,C,Västerbottens län,kvinna,1972,136,116,275,129,2024/25,656,82.31707317073172
0847676507229,Stina Larsson,C,Skåne läns södra,kvinna,1977,153,42,316,145,2024/25,656,93.59756097560977
0852475703226,Lorena Delgado Varas,V,Stockholms kommun,kvinna,1974,92,243,175,146,2024/25,656,62.957317073170735
0853395328224,Lena Hallengren,S,Kalmar län,kvinna,1973,82,120,261,193,2024/25,656,81.70731707317074
0855286184126,Jessica Rodén,S,Västra Götalands läns södra,kvinna,1976,86,103,263,204,2024/25,656,84.29878048780488
0859909330720,Sanna Backeskog,S,Gävleborgs län,kvinna,1985,82,82,283,209,2024/25,656,87.5
0860364634014,Mattias Ottosson,S,Östergötlands län,man,1971,96,25,307,228,2024/25,656,96.1890243902439
0861521539920,Aron Emilsson,SD,Östergötlands län,man,1990,48,179,354,75,2024/25,656,72.71341463414633
0866055333028,Alexandra Anstrell,M,Stockholms län,kvinna,1974,1,106,547,2,2024/25,656,83.84146341463415
086684470825,Tobias Andersson,SD,Västra Götalands läns östra,man,1996,59,90,418,89,2024/25,656,86.28048780487805
0875221317013,Gunilla Carlsson,S,Göteborgs kommun,kvinna,1966,87,60,292,217,2024/25,656,90.85365853658537
0877778793323,Johan Büser,S,Göteborgs kommun,man,1983,78,158,228,192,2024/25,656,75.91463414634147
0879782396219,Olle Thorell,S,Västmanlands län,man,1967,90,64,289,213,2024/25,656,90.2439024390244
0880018341619,Thomas Morell,SD,Skåne läns norra och östra,man,1957,63,115,397,81,2024/25,656,82.46951219512195
0880137451720,Emma Nohrén,MP,Göteborgs kommun,kvinna,1980,123,235,151,147,2024/25,656,64.17682926829269
0888807074321,Amanda Lind,MP,Stockholms län,kvinna,1980,136,219,148,153,2024/25,656,66.61585365853658
0890152141226,Nadja Awad,V,Örebro län,kvinna,1991,140,55,251,210,2024/25,656,91.61585365853658
0899169869710,Helena Gellerman,L,Västra Götalands läns västra,kvinna,1960,1,110,542,3,2024/25,656,83.23170731707317
0903081277919,Helena Vilhelmsson,C,Örebro län,kvinna,1965,132,152,259,113,2024/25,656,76.82926829268293
0904448094023,Linus Lakso,MP,Södermanlands län,man,1983,172,88,205,191,2024/25,656,86.58536585365853
0905254899611,Louise Thunström,S,Västra Götalands läns norra,kvinna,1973,91,68,284,213,2024/25,656,89.63414634146342
0910803550317,Lena Johansson,S,Västmanlands län,kvinna,1969,98,26,307,225,2024/25,656,96.03658536585365
0911067396229,Mattias Vepsä,S,Stockholms kommun,man,1980,76,159,245,176,2024/25,656,75.76219512195121
0911916463828,Fredrik Lundh Sammeli,S,Norrbottens län,man,1977,99,37,296,224,2024/25,656,94.35975609756098
091303475611,Eric Palmqvist,SD,Norrbottens län,man,1970,58,85,424,89,2024/25,656,87.04268292682926
0920901966627,Tony Haddou,V,Göteborgs kommun,man,1989,108,161,213,174,2024/25,656,75.45731707317074
0922497728524,Ardalan Shekarabi,S,Uppsala län,man,1978,87,66,292,211,2024/25,656,89.9390243902439
0926002991620,Pontus Andersson Garpvall,SD,Västerbottens län,man,1992,72,29,460,95,2024/25,656,95.57926829268293
0926214745119,Heléne Björklund,S,Blekinge län,kvinna,1972,79,182,218,177,2024/25,656,72.2560975609756
0926477102420,Cecilia Rönn,L,Hallands län,kvinna,1980,2,124,528,2,2024/25,656,81.09756097560977
0930305890123,Sara-Lena Bjälkö,SD,Hallands län,kvinna,1976,72,34,452,98,2024/25,656,94.8170731707317
0932000030511,Maria Stockhaus,M,Stockholms län,kvinna,1963,1,199,453,3,2024/25,656,69.66463414634147
0937688366013,Peter Hultqvist,S,Dalarnas län,man,1958,80,147,246,183,2024/25,656,77.59146341463415
0939158389321,Samuel Gonzalez Westling,V,Gävleborgs län,man,1983,133,94,240,189,2024/25,656,85.67073170731707
0940980416614,Jan Ericson,M,Västra Götalands läns södra,man,1961,0,78,576,2,2024/25,656,88.10975609756098
0947134226212,Markus Kauppinen,S,Jönköpings län,man,1973,72,64,176,132,2024/25,444,85.58558558558559
0947572086414,Anne-Li Sjölund,C,Västernorrlands län,kvinna,1966,140,75,304,137,2024/25,656,88.5670731707317
0951905661227,Christofer Bergenblock,C,Hallands län,man,1974,155,27,326,148,2024/25,656,95.88414634146342
0955748436811,Robert Stenkvist,SD,Stockholms län,man,1958,68,30,462,96,2024/25,656,95.42682926829268
0961483563503,Gudrun Nordborg,V,Västerbottens län,kvinna,1946,97,167,216,176,2024/25,656,74.54268292682926
0963046628824,Christian Lindefjärd,SD,Stockholms län,man,1976,72,4,479,101,2024/25,656,99.39024390243902
0964730940415,Johan Andersson,S,Östergötlands län,man,1961,94,50,298,214,2024/25,656,92.3780487804878
0966063008623,Leonid Yurkovskiy,SD,Stockholms län,man,1995,67,33,459,97,2024/25,656,94.96951219512195
0970259744617,Margareta Cederfelt,M,Stockholms kommun,kvinna,1959,0,298,355,3,2024/25,656,54.57317073170731
0970709885516,Inga-Lill Sjöblom,S,Uppsala län,kvinna,1959,78,157,237,184,2024/25,656,76.06707317073172
0972636989226,Dzenan Cisija,S,Göteborgs kommun,man,1976,101,4,316,235,2024/25,656,99.39024390243902
0973350087929,Patrik Karlson,L,Östergötlands län,man,1987,1,239,414,2,2024/25,656,63.56707317073172
0973782197017,Mikael Oscarsson,KD,Uppsala län,man,1967,2,152,500,2,2024/25,656,76.82926829268293
0977592683711,Magnus Jacobsson,KD,Västra Götalands läns norra,man,1968,1,147,504,4,2024/25,656,77.59146341463415
0980092192122,Joar Forssell,L,Stockholms kommun,man,1993,1,120,533,2,2024/25,656,81.70731707317074
098329342620,Jennie Wernäng,M,Västra Götalands läns västra,kvinna,1985,1,4,648,3,2024/25,656,99.39024390243902
0983984918111,Matilda Ernkrans,S,Örebro län,kvinna,1973,86,139,243,188,2024/25,656,78.8109756097561
098412828516,Magdalena Andersson,S,Stockholms län,kvinna,1967,50,313,178,115,2024/25,656,52.28658536585367
0984153507725,Gustaf Göthberg,M,Göteborgs kommun,man,1993,0,245,409,2,2024/25,656,62.65243902439024
0985426914829,Anna Lasses,C,Stockholms län,kvinna,1977,126,141,271,118,2024/25,656,78.5060975609756
0985943148917,Victoria Tiblom,SD,Skåne läns södra,kvinna,1969,64,75,426,91,2024/25,656,88.5670731707317
0986091320811,Catarina Deremar,C,Uppsala län,kvinna,1965,139,96,291,130,2024/25,656,85.36585365853658
0987246082523,Paula Örn,S,Västra Götalands läns västra,kvinna,1978,2,7,23,18,2024/25,50,86.0
0992420223820,Jessica Rosencrantz,M,Stockholms kommun,kvinna,1987,0,2,0,0,2024/25,2,0.0
0992473266516,Larry Söder,KD,Hallands län,man,1969,1,56,596,3,2024/25,656,91.46341463414635
0992867772421,Nils Seye Larsen,MP,Västerbottens län,man,1980,147,102,191,166,2024/25,606,83.16831683168317
0996640018922,Yasmine Bladelius,S,Skåne läns västra,kvinna,1988,18,50,84,60,2024/25,212,76.41509433962264
0998575875190,Daniel Lönn,SD,Dalarnas län,man,2001,18,0,86,20,2024/25,124,100.0
0103624617217,Helén Pettersson,S,Västerbottens län,kvinna,1972,97,153,264,284,2025/26,798,80.82706766917293
010392780417,Marie Olsson,S,Dalarnas län,kvinna,1967,100,38,338,322,2025/26,798,95.23809523809523
0105632258713,Boriana Åberg,M,Skåne läns södra,kvinna,1968,0,223,574,1,2025/26,798,72.05513784461152
010643534813,Eric Westroth,SD,Jönköpings län,man,1971,2,87,703,6,2025/26,798,89.09774436090225
0111479807829,Anna Wallentheim,S,Skåne läns norra och östra,kvinna,1985,104,42,332,320,2025/26,798,94.73684210526316
0111697351426,Louise Eklund,L,Malmö kommun,kvinna,1979,0,73,724,1,2025/26,798,90.85213032581454
0112333043027,Rasmus Giertz,SD,Dalarnas län,man,1994,3,109,677,9,2025/26,798,86.34085213032581
0114714260118,Magdalena Sundqvist,S,Hallands län,kvinna,1972,3,0,45,45,2025/26,93,100.0
011548866929,Elin Nilsson,L,Örebro län,kvinna,1982,0,164,633,1,2025/26,798,79.4486215538847
0119672047211,Madeleine Atlas,C,Skåne läns västra,kvinna,1968,144,27,330,241,2025/26,742,96.3611859838275
0119851690521,David Perez,SD,Uppsala län,man,1990,3,56,730,9,2025/26,798,92.98245614035088
0121015874810,Torsten Elofsson,KD,Skåne läns norra och östra,man,1950,1,102,693,2,2025/26,798,87.21804511278195
0121939297619,Jamal El-Haj,-,Malmö kommun,man,1960,111,23,284,380,2025/26,798,97.11779448621553
0122987223112,Lotta Johnsson Fornarve,V,Södermanlands län,kvinna,1956,146,91,203,358,2025/26,798,88.59649122807018
0127744006318,Cecilia Gustafsson,M,Västra Götalands läns norra,kvinna,1972,0,123,675,0,2025/26,798,84.58646616541353
0130640724922,Clara Aranda,SD,Östergötlands län,kvinna,1988,3,75,710,10,2025/26,798,90.6015037593985
0130789484021,Mattias Bäckström Johansson,SD,Kalmar län,man,1985,3,62,725,8,2025/26,798,92.23057644110276
0132818093422,Rickard Nordin,C,Göteborgs kommun,man,1983,138,82,337,241,2025/26,798,89.72431077694236
0136268785826,Nima Gholam Ali Pour,SD,Malmö kommun,man,1981,3,0,785,10,2025/26,798,100.0
0138741628520,Angelika Bengtsson,SD,Stockholms kommun,kvinna,1990,2,183,555,6,2025/26,746,75.46916890080428
0140985614421,Peder Björk,S,Västernorrlands län,man,1975,109,29,336,324,2025/26,798,96.36591478696742
0144048894712,Ellen Juntti,M,Västra Götalands läns västra,kvinna,1958,0,21,775,2,2025/26,798,97.36842105263158
0146133946627,Andreas Lennkvist Manriquez,V,Stockholms kommun,man,1994,152,44,221,381,2025/26,798,94.48621553884712
014744660015,Mikael Damberg,S,Stockholms län,man,1971,95,107,300,296,2025/26,798,86.59147869674186
0148424181819,Ann-Christine Frohm,SD,Blekinge län,kvinna,1972,3,32,753,10,2025/26,798,95.98997493734336
0155487380917,Kerstin Lundgren,C,Stockholms län,kvinna,1955,132,108,319,239,2025/26,798,86.46616541353383
0157618290428,Rashid Farivar,SD,Västra Götalands läns västra,man,1982,3,20,765,10,2025/26,798,97.4937343358396
0161616238120,Lina Nordquist,L,Uppsala län,kvinna,1977,0,143,654,1,2025/26,798,82.08020050125313
0161972600410,Elsa Widding,-,Stockholms kommun,kvinna,1968,52,317,412,17,2025/26,798,60.27568922305764
0170585430421,Jimmy Ståhl,SD,Göteborgs kommun,man,1975,3,100,685,10,2025/26,798,87.468671679198
0174490514929,Marcus Andersson,S,Västra Götalands läns östra,man,1987,4,0,19,16,2025/26,39,100.0
0178323535715,Johnny Svedin,SD,Norrbottens län,man,1969,3,13,772,10,2025/26,798,98.37092731829574
0183544538819,Patrik Jönsson,SD,Västra Götalands läns södra,man,1972,3,0,785,10,2025/26,798,100.0
0184968091618,Jan Riise,MP,Hallands län,man,1957,192,12,221,373,2025/26,798,98.49624060150376
0191189790215,Peter Ollén,M,Malmö kommun,man,1959,0,116,681,1,2025/26,798,85.46365914786968
019430605328,Josefin Malmqvist,M,Stockholms län,kvinna,1987,0,121,513,0,2025/26,634,80.91482649842271
0198917587520,Maj Karlsson,V,Göteborgs kommun,kvinna,1980,135,150,172,341,2025/26,798,81.203007518797
0202577142527,Matheus Enholm,SD,Västra Götalands läns norra,man,1979,3,74,711,10,2025/26,798,90.72681704260653
0202626512110,Lars-Ingvar Ljungman,M,Skåne läns södra,man,1953,0,28,526,1,2025/26,555,94.95495495495496
0203877548421,Malin Larsson,S,Västernorrlands län,kvinna,1980,101,44,333,320,2025/26,798,94.48621553884712
0204240926023,Markus Wiechel,SD,Västra Götalands läns norra,man,1988,2,149,640,7,2025/26,798,81.32832080200501
0210444373111,Katarina Luhr,MP,Stockholms kommun,kvinna,1973,161,98,197,342,2025/26,798,87.71929824561404
0211757295524,Josef Fransson,SD,Jämtlands län,man,1978,4,0,743,6,2025/26,753,100.0
0220064764318,Camilla Brunsberg,M,Blekinge län,kvinna,1972,0,88,590,1,2025/26,679,87.03976435935199
0222102752213,Stefan Olsson,M,Uppsala län,man,1968,0,164,633,1,2025/26,798,79.4486215538847
0226631365426,Mikael Larsson,C,Västra Götalands läns södra,man,1989,138,58,350,252,2025/26,798,92.73182957393485
0227531635413,Lars Püss,M,Hallands län,man,1966,0,180,617,1,2025/26,798,77.44360902255639
0228027853620,Vasiliki Tsouplaki,V,Västmanlands län,kvinna,1980,155,84,197,362,2025/26,798,89.47368421052632
0229350341619,Ilona Szatmári Waldau,V,Uppsala län,kvinna,1962,158,13,227,400,2025/26,798,98.37092731829574
0229627943828,Jytte Guteland,S,Stockholms kommun,kvinna,1979,109,32,330,327,2025/26,798,95.98997493734336
0229760896014,Anders W Jonsson,C,Gävleborgs län,man,1961,133,108,326,231,2025/26,798,86.46616541353383
0236597884217,Rose-Marie Carlsson,S,Malmö kommun,kvinna,1954,105,120,283,290,2025/26,798,84.9624060150376
0237055280513,Roland Utbult,KD,Västra Götalands läns västra,man,1951,0,89,707,2,2025/26,798,88.84711779448622
023767922422,Mats Persson,L,Skåne läns södra,man,1980,0,152,616,1,2025/26,769,80.23407022106632
0240670797111,Björn Tidland,SD,Göteborgs kommun,man,1963,2,46,740,10,2025/26,798,94.23558897243107
0244552157217,Annelie Sjöberg,SD,Östergötlands län,kvinna,1967,1,0,46,2,2025/26,49,100.0
0245113256029,Daniel Vencu Velasquez Castro,S,Stockholms kommun,man,1994,98,46,231,244,2025/26,619,92.5686591276252
0245113256029,Daniel Vencu Öhrlund Castro,S,Stockholms kommun,man,1994,8,0,94,77,2025/26,179,100.0
0245468368228,Yusuf Aydin,KD,Stockholms län,man,1982,0,86,498,2,2025/26,586,85.32423208191126
0246927519019,Karin Rågsjö,V,Stockholms kommun,kvinna,1955,144,90,195,369,2025/26,798,88.72180451127821
0248492534018,Pia Trollehjelm,SD,Skåne läns västra,kvinna,1967,3,9,776,10,2025/26,798,98.87218045112782
0249730539015,Anders Karlsson,C,Jönköpings län,man,1961,134,84,338,242,2025/26,798,89.47368421052632
0250583732424,Jesper Skalberg Karlsson,M,Gotlands län,man,1993,0,59,738,1,2025/26,798,92.60651629072682
0251136832626,Muharrem Demirok,C,Östergötlands län,man,1976,147,35,360,256,2025/26,798,95.6140350877193
025158809026,Ida Gabrielsson,V,Stockholms kommun,kvinna,1981,111,239,154,294,2025/26,798,70.0501253132832
0254021157518,Lars Andersson,SD,Skåne läns södra,man,1964,3,9,776,10,2025/26,798,98.87218045112782
0254695027922,Malcolm Momodou Jallow,-,Malmö kommun,man,1975,76,0,8,187,2025/26,271,100.0
0254695027922,Malcolm Momodou Jallow,V,Malmö kommun,man,1975,43,289,86,109,2025/26,527,45.16129032258065
0256404677510,Cecilia Engström,KD,Skåne läns södra,kvinna,1972,0,95,702,1,2025/26,798,88.09523809523809
0256716955026,Serkan Köse,S,Stockholms län,man,1976,89,113,306,290,2025/26,798,85.83959899749374
0257313105220,Arber Gashi,S,Hallands län,man,1994,85,85,276,259,2025/26,705,87.94326241134752
0257612529618,Kenneth G Forslund,S,Västra Götalands läns västra,man,1967,98,51,330,319,2025/26,798,93.60902255639097
025877594729,John Widegren,M,Östergötlands län,man,1980,0,82,715,1,2025/26,798,89.72431077694236
025931369428,Jonas Andersson,SD,Östergötlands län,man,1989,3,1,784,10,2025/26,798,99.87468671679198
025967059622,Magnus Manhammar,S,Blekinge län,man,1980,99,72,318,309,2025/26,798,90.97744360902256
0262411569110,Helene Odenjung,L,Göteborgs kommun,kvinna,1965,0,147,650,1,2025/26,798,81.57894736842105
0265240520811,Leif Gripestam,M,Stockholms län,man,1963,0,0,164,0,2025/26,164,100.0
02658325625,Angelica Lundberg,SD,Västmanlands län,kvinna,1981,3,113,674,8,2025/26,798,85.83959899749374
0271338654822,Ola Möller,S,Skåne läns västra,man,1983,94,67,325,312,2025/26,798,91.60401002506265
0273506284025,Edward Riedl,M,Västerbottens län,man,1976,0,21,776,1,2025/26,798,97.36842105263158
0274462857213,Petter Löberg,S,Västra Götalands läns södra,man,1968,108,48,322,320,2025/26,798,93.98496240601504
0279488554424,Alexander Christiansson,SD,Västra Götalands läns västra,man,1981,2,95,692,9,2025/26,798,88.09523809523809
027964311318,Karin Sundin,S,Örebro län,kvinna,1972,89,110,304,295,2025/26,798,86.21553884711778
0281670919717,Jörgen Grubb,SD,Västra Götalands läns östra,man,1962,3,0,785,10,2025/26,798,100.0
0283284978818,Markus Kallifatides,S,Stockholms kommun,man,1972,112,2,345,339,2025/26,798,99.74937343358397
0287315215921,Mona Smedman,C,Värmlands län,kvinna,1975,4,12,46,18,2025/26,80,85.0
028954589415,Ann-Sofie Alm,M,Västra Götalands läns norra,kvinna,1971,0,211,586,1,2025/26,798,73.55889724310777
0290003389021,Chris Dahlqvist,SD,Östergötlands län,man,1995,3,11,774,10,2025/26,798,98.62155388471177
02910042914,Carina Ödebrink,S,Jönköpings län,kvinna,1961,73,200,264,261,2025/26,798,74.93734335839599
0294138886823,Martin Kinnunen,SD,Stockholms län,man,1983,3,106,680,9,2025/26,798,86.71679197994987
0296384583518,Åsa Eriksson,S,Västmanlands län,kvinna,1972,100,52,332,314,2025/26,798,93.48370927318295
030110584526,Caroline Täljeblad,V,Västerbottens län,kvinna,1986,1,11,8,12,2025/26,32,65.625
0302393368216,Camilla Rinaldo Miller,KD,Jönköpings län,kvinna,1969,0,79,717,2,2025/26,798,90.1002506265664
0304498908019,Gudrun Brunegård,KD,Kalmar län,kvinna,1957,0,51,745,2,2025/26,798,93.60902255639097
0309480686522,Leila Ali Elmi,MP,Göteborgs kommun,kvinna,1988,165,126,180,327,2025/26,798,84.21052631578947
0313390540217,Ingela Nylund Watz,S,Stockholms län,kvinna,1962,63,243,258,234,2025/26,798,69.54887218045113
0315499690028,Teresa Carvalho,S,Östergötlands län,kvinna,1984,96,115,290,297,2025/26,798,85.58897243107769
0316505710324,Janine Alm Ericson,MP,Västra Götalands läns västra,kvinna,1973,154,133,191,320,2025/26,798,83.33333333333334
0320357433721,Mohamed Yassin,MP,Malmö kommun,man,1980,37,0,48,127,2025/26,212,100.0
0327372175911,Fredrik Ahlstedt,M,Uppsala län,man,1968,0,45,752,1,2025/26,798,94.3609022556391
0331791853028,Yasmine Eriksson,SD,Västra Götalands läns västra,kvinna,1989,3,154,456,6,2025/26,619,75.12116316639741
0333193598116,Bo Broman,SD,Skåne läns västra,man,1969,2,143,647,6,2025/26,798,82.08020050125313
0338088431726,Sara Gille,SD,Dalarnas län,kvinna,1981,3,197,589,9,2025/26,798,75.31328320802005
033935884729,Martina Johansson,C,Södermanlands län,kvinna,1975,155,2,373,268,2025/26,798,99.74937343358397
0339894357417,Jennie Nilsson,S,Hallands län,kvinna,1972,111,0,348,339,2025/26,798,100.0
0340418158820,Daniel Persson,SD,Gävleborgs län,man,1982,2,73,713,10,2025/26,798,90.85213032581454
0341628241813,Marianne Fundahn,S,Skåne läns södra,kvinna,1958,103,91,305,299,2025/26,798,88.59649122807018
0344222203323,Dennis Dioukarev,SD,Göteborgs kommun,man,1993,3,37,750,8,2025/26,798,95.36340852130326
0345062474310,Mona Olin,SD,Kalmar län,kvinna,1967,2,98,690,8,2025/26,798,87.71929824561404
035234573112,Anna-Lena Hedberg,SD,Dalarnas län,kvinna,1973,1,150,641,6,2025/26,798,81.203007518797
0358514648113,Marléne Lund Kopparklint,-,Värmlands län,kvinna,1973,0,0,393,2,2025/26,395,100.0
0358514648113,Marléne Lund Kopparklint,M,Värmlands län,kvinna,1973,0,103,299,1,2025/26,403,74.44168734491315
0360160202728,Emma Ahlström Köster,M,Skåne läns södra,kvinna,1987,1,67,729,1,2025/26,798,91.60401002506265
0360187680814,Mats Hellhoff,SD,Västernorrlands län,man,1954,3,0,785,10,2025/26,798,100.0
0362779191527,Erik Hellsborn,SD,Hallands län,man,1984,3,10,776,9,2025/26,798,98.7468671679198
0364687971222,Alireza Akhondi,C,Stockholms län,man,1980,144,96,331,227,2025/26,798,87.96992481203007
0369212790927,Sofia Skönnbrink,S,Värmlands län,kvinna,1991,108,25,335,330,2025/26,798,96.8671679197995
036926802512,Blåvitt Elofsson,S,Värmlands län,man,1953,112,3,344,339,2025/26,798,99.62406015037594
0371882294919,Carita Boulwén,SD,Hallands län,kvinna,1967,3,97,689,9,2025/26,798,87.84461152882206
0372414474424,Oskar Svärd,M,Örebro län,man,1995,0,59,738,1,2025/26,798,92.60651629072682
0374824090417,Anna Lipinska,KD,Stockholms län,kvinna,1972,0,0,212,0,2025/26,212,100.0
037561614928,Lawen Redar,S,Stockholms kommun,kvinna,1989,78,170,286,264,2025/26,798,78.6967418546366
0376353897112,Leif Nysmed,S,Stockholms län,man,1970,107,78,307,306,2025/26,798,90.22556390977444
0376395541120,Joakim Sandell,S,Malmö kommun,man,1975,96,75,318,309,2025/26,798,90.6015037593985
037781229619,Staffan Eklöf,SD,Jönköpings län,man,1965,3,70,716,9,2025/26,798,91.22807017543859
0378597308227,Camilla Brodin,KD,Stockholms kommun,kvinna,1979,0,34,762,2,2025/26,798,95.73934837092733
0381853591928,Malte Tängmark Roos,MP,Malmö kommun,man,1994,146,44,167,229,2025/26,586,92.4914675767918
0386912710815,Mats Arkhem,SD,Stockholms län,man,1966,3,0,785,10,2025/26,798,100.0
0387230530213,Crister Carlsson,M,Dalarnas län,man,1963,0,0,797,1,2025/26,798,100.0
0388994689418,Malin Östh,V,Östergötlands län,kvinna,1972,160,8,226,404,2025/26,798,98.99749373433583
0389220391128,Christian Carlsson,KD,Stockholms län,man,1987,0,68,728,2,2025/26,798,91.47869674185463
039102787629,Oliver Rosengren,M,Kronobergs län,man,1992,0,72,725,1,2025/26,798,90.97744360902256
0397073482210,Camilla Mårtensen,L,Skåne läns södra,kvinna,1970,0,0,29,0,2025/26,29,100.0
0405594274208,Ewa Pihl Krabbe,S,Skåne läns norra och östra,kvinna,1947,111,12,339,336,2025/26,798,98.49624060150376
0406831930624,Henrik Vinge,SD,Stockholms kommun,man,1988,2,179,610,7,2025/26,798,77.5689223057644
0407081382317,Anna-Caren Sätherberg,S,Jämtlands län,kvinna,1964,99,56,327,316,2025/26,798,92.98245614035088
0409655917321,Jakob Olofsgård,L,Jönköpings län,man,1975,0,37,760,1,2025/26,798,95.36340852130326
0410231576416,Lars Johnsson,M,Skåne läns norra och östra,man,1964,0,15,782,1,2025/26,798,98.1203007518797
0410640630411,Ulrik Nilsson,M,Västra Götalands läns södra,man,1963,0,49,748,1,2025/26,798,93.85964912280701
0411459873625,Hanna Gunnarsson,V,Skåne läns södra,kvinna,1983,138,100,200,360,2025/26,798,87.468671679198
0412148992926,Hanna Westerén,S,Gotlands län,kvinna,1981,100,38,338,322,2025/26,798,95.23809523809523
0412502344925,Ida Ekeroth Clausson,S,Västra Götalands läns östra,kvinna,1991,108,0,328,323,2025/26,759,100.0
0418929039326,Patrik Lundqvist,S,Gävleborgs län,man,1984,79,103,215,211,2025/26,608,83.05921052631578
041911485722,Magdalena Thuresson,M,Stockholms län,kvinna,1990,0,191,606,1,2025/26,798,76.06516290726817
0425115010020,Kadir Kasirga,S,Stockholms kommun,man,1975,112,8,341,337,2025/26,798,98.99749373433583
0427321850912,Lars Mejern Larsson,S,Värmlands län,man,1965,102,59,321,316,2025/26,798,92.60651629072682
0427836082425,Fredrik Lindstål,C,Stockholms kommun,man,1976,17,5,59,29,2025/26,110,95.45454545454545
0430865615328,Linda Lindberg,SD,Skåne läns västra,kvinna,1974,2,116,674,6,2025/26,798,85.46365914786968
0433422973328,Kristoffer Lindberg,S,Gävleborgs län,man,1992,91,143,286,278,2025/26,798,82.08020050125313
0440225263920,Robert Olesen,S,Kronobergs län,man,1975,95,88,316,299,2025/26,798,88.97243107769424
0440673458216,Ulrika Liljeberg,C,Dalarnas län,kvinna,1969,116,165,303,214,2025/26,798,79.32330827067669
0442073683012,Zara Leghissa,S,Norrbottens län,kvinna,1970,112,5,343,338,2025/26,798,99.37343358395991
0448210130417,Timothy Tréville,SD,Västra Götalands läns västra,man,1962,0,0,178,1,2025/26,179,100.0
0448973586529,Adrian Magnusson,S,Skåne läns södra,man,1994,112,0,347,339,2025/26,798,100.0
0452755722723,Björn Söder,SD,Skåne läns norra och östra,man,1976,2,103,687,6,2025/26,798,87.09273182957394
0456522027421,Linnéa Wickman,S,Gävleborgs län,kvinna,1992,101,49,329,319,2025/26,798,93.85964912280701
0456680171315,Charlotte Quensel,SD,Värmlands län,kvinna,1961,2,69,718,9,2025/26,798,91.35338345864662
04571388712,Adam Reuterskiöld,M,Stockholms län,man,1966,0,110,687,1,2025/26,798,86.21553884711778
0457722435319,Tomas Kronståhl,S,Kalmar län,man,1967,104,51,323,320,2025/26,798,93.60902255639097
0466653728712,Denis Begic,S,Örebro län,man,1970,90,139,284,285,2025/26,798,82.58145363408521
0468956880528,Mikael Eskilandersson,SD,Skåne läns norra och östra,man,1977,2,16,770,10,2025/26,798,97.99498746867168
0469084171710,Ulrika Westerlund,MP,Stockholms kommun,kvinna,1972,186,43,214,355,2025/26,798,94.61152882205513
0469384565811,Anders Alftberg,SD,Västra Götalands läns södra,man,1973,0,49,741,8,2025/26,798,93.85964912280701
0472349361027,Kalle Olsson,S,Jämtlands län,man,1984,106,28,306,302,2025/26,742,96.22641509433963
0473783431010,Morgan Johansson,S,Skåne läns södra,man,1970,95,124,289,290,2025/26,798,84.46115288220551
0474290584024,Azadeh Rojhan,S,Stockholms län,kvinna,1986,106,82,302,308,2025/26,798,89.72431077694236
0475643059428,Jonny Cato,C,Skåne läns västra,man,1994,1,8,33,14,2025/26,56,85.71428571428572
0475778011711,Hans Ekström,S,Södermanlands län,man,1958,96,79,322,301,2025/26,798,90.1002506265664
0481460392727,Jessica Wetterling,V,Västra Götalands läns västra,kvinna,1986,150,95,188,365,2025/26,798,88.09523809523809
0482689573825,Björn Wiechel,S,Västerbottens län,man,1983,81,175,277,265,2025/26,798,78.0701754385965
048561486727,Isabell Mixter,V,Västernorrlands län,kvinna,1989,129,169,168,332,2025/26,798,78.82205513784461
0492644357418,Per Söderlund,SD,Örebro län,man,1972,2,75,714,7,2025/26,798,90.6015037593985
0494242537816,Hans Eklind,KD,Örebro län,man,1966,0,116,681,1,2025/26,798,85.46365914786968
0494843794418,Martin Ådahl,C,Stockholms kommun,man,1969,123,107,332,236,2025/26,798,86.59147869674186
0496341906327,Alexandra Völker,S,Stockholms län,kvinna,1989,100,50,329,319,2025/26,798,93.734335839599
0497217816024,Markus Selin,S,Stockholms län,man,1978,113,0,345,340,2025/26,798,100.0
0499755198526,Mattias Jonsson,S,Göteborgs kommun,man,1974,95,116,294,293,2025/26,798,85.46365914786968
0502490570219,Kristina Axén Olin,M,Stockholms kommun,kvinna,1962,0,1,796,1,2025/26,798,99.87468671679198
0502688311316,Anna Vikström,S,Stockholms län,kvinna,1957,111,15,340,332,2025/26,798,98.1203007518797
0503029811325,David Josefsson,M,Göteborgs kommun,man,1983,0,68,729,1,2025/26,798,91.47869674185463
0504851635310,Daniel Helldén,MP,Stockholms kommun,man,1965,155,132,187,324,2025/26,798,83.45864661654136
0506482805418,Isak From,S,Västerbottens län,man,1967,106,68,314,310,2025/26,798,91.47869674185463
0506541436524,Sanne Lennström,S,Uppsala län,kvinna,1988,103,31,337,327,2025/26,798,96.11528822055138
0509415296421,Kjell-Arne Ottosson,KD,Värmlands län,man,1975,0,160,637,1,2025/26,798,79.9498746867168
0509830681123,Ida Karkiainen,S,Norrbottens län,kvinna,1988,96,57,327,318,2025/26,798,92.85714285714286
0512009811316,Lena Malm,S,Göteborgs kommun,kvinna,1959,103,2,265,283,2025/26,653,99.69372128637059
051207517226,Jimmie Åkesson,SD,Jönköpings län,man,1979,0,499,298,1,2025/26,798,37.468671679197996
0512645510895,Jonathan Svensson,S,Västra Götalands läns norra,man,2000,112,0,347,339,2025/26,798,100.0
0515213566019,Lars Isacsson,S,Dalarnas län,man,1970,106,49,323,320,2025/26,798,93.85964912280701
0516528386117,Patrik Björck,S,Västra Götalands läns östra,man,1957,111,19,336,332,2025/26,798,97.61904761904762
0519740099915,Saila Quicklund,M,Jämtlands län,kvinna,1961,0,0,797,1,2025/26,798,100.0
0521260619925,Sofia Amloh,S,Södermanlands län,kvinna,1986,94,98,305,301,2025/26,798,87.71929824561404
0522054204918,Mattias Karlsson,M,Norrbottens län,man,1972,0,155,642,1,2025/26,798,80.57644110275689
0522240580423,Arin Karapet,-,Stockholms kommun,man,1988,0,1,392,2,2025/26,395,99.74683544303798
0522240580423,Arin Karapet,M,Stockholms kommun,man,1988,0,41,361,1,2025/26,403,89.82630272952854
0523902030928,Aylin Nouri,S,Västra Götalands läns västra,kvinna,1992,83,150,289,276,2025/26,798,81.203007518797
0525562399327,Caroline Högström,M,Västmanlands län,kvinna,1991,0,89,708,1,2025/26,798,88.84711779448622
0526748040023,Ludvig Aspling,SD,Stockholms län,man,1983,3,105,680,10,2025/26,798,86.8421052631579
0526772256714,Göran Hargestam,SD,Östergötlands län,man,1966,0,11,51,5,2025/26,67,83.5820895522388
0530425150220,Annika Strandhäll,S,Stockholms kommun,kvinna,1975,72,197,266,263,2025/26,798,75.31328320802005
0533104339313,Merit Frost Lindberg,M,Stockholms kommun,kvinna,1973,0,11,786,1,2025/26,798,98.62155388471177
0537400268911,Caroline Helmersson Olsson,S,Södermanlands län,kvinna,1963,88,102,306,302,2025/26,798,87.21804511278195
0538387395826,Mats Green,M,Jönköpings län,man,1979,0,76,721,1,2025/26,798,90.47619047619048
0545733815610,Patrick Reslow,SD,Malmö kommun,man,1970,3,140,647,8,2025/26,798,82.45614035087719
0546731406922,Rebecka Le Moine,MP,Östergötlands län,kvinna,1990,174,73,204,347,2025/26,798,90.85213032581454
055257333723,Oscar Sjöstedt,SD,Västmanlands län,man,1981,3,1,785,9,2025/26,798,99.87468671679198
0554852839719,Mikael Dahlqvist,S,Värmlands län,man,1967,111,19,335,333,2025/26,798,97.61904761904762
0557180142229,Fredrik Lindahl,SD,Stockholms län,man,1987,3,95,693,7,2025/26,798,88.09523809523809
0564126739422,Åsa Coenraads,M,Blekinge län,kvinna,1978,0,0,119,0,2025/26,119,100.0
0575283695521,Helena Storckenfeldt,M,Hallands län,kvinna,1995,0,146,651,1,2025/26,798,81.70426065162908
0576122429317,Martin Melin,L,Stockholms län,man,1967,0,110,687,1,2025/26,798,86.21553884711778
0584183916016,Ulf Holm,MP,Skåne läns södra,man,1969,155,0,174,225,2025/26,554,100.0
0587736055221,Niels Paarup-Petersen,C,Malmö kommun,man,1978,120,140,305,233,2025/26,798,82.45614035087719
0588282566419,Lars Beckman,M,Gävleborgs län,man,1967,0,12,785,1,2025/26,798,98.49624060150376
0589561178823,Peter Hedberg,S,Västernorrlands län,man,1990,89,116,298,295,2025/26,798,85.46365914786968
0591020192311,Ulf Lindholm,SD,Västernorrlands län,man,1963,3,0,785,10,2025/26,798,100.0
0591055036519,Mauricio Rojas,L,Skåne läns västra,man,1950,0,60,737,1,2025/26,798,92.4812030075188
0592345073323,Anna af Sillén,M,Södermanlands län,kvinna,1976,0,127,670,1,2025/26,798,84.08521303258145
0599661454115,Lena Bäckelin,S,Jämtlands län,kvinna,1964,4,0,29,23,2025/26,56,100.0
0600069352021,Fredrik Kärrholm,M,Stockholms kommun,man,1985,0,90,288,1,2025/26,379,76.2532981530343
0602744999917,Elisabeth Thand Ringqvist,C,Stockholms kommun,kvinna,1972,77,312,239,170,2025/26,798,60.902255639097746
0603366539729,Malin Danielsson,L,Stockholms kommun,kvinna,1977,0,143,654,1,2025/26,798,82.08020050125313
0604604418610,Jacob Risberg,MP,Uppsala län,man,1972,155,136,194,313,2025/26,798,82.95739348370927
0604811710522,Ida Drougge,M,Stockholms län,kvinna,1990,0,123,674,1,2025/26,798,84.58646616541353
0606863154419,Mats Berglund,MP,Stockholms kommun,man,1970,168,98,197,335,2025/26,798,87.71929824561404
0607691439013,Karin Enström,M,Stockholms län,kvinna,1966,0,132,665,1,2025/26,798,83.45864661654136
0610162335824,Niklas Sigvardsson,S,Jönköpings län,man,1991,110,42,321,325,2025/26,798,94.73684210526316
0611350076611,Susanne Nordström,M,Östergötlands län,kvinna,1963,0,76,721,1,2025/26,798,90.47619047619048
0612916684825,Johan Löfstrand,S,Östergötlands län,man,1976,80,153,283,282,2025/26,798,80.82706766917293
0613297818326,Mathias Tegnér,S,Stockholms län,man,1979,73,156,293,276,2025/26,798,80.45112781954887
0615175917521,Kent Kumpula,SD,Uppsala län,man,1975,2,98,688,10,2025/26,798,87.71929824561404
0616721755222,Louise Meijer,M,Skåne läns södra,kvinna,1990,0,0,243,0,2025/26,243,100.0
0619928872229,Laila Naraghi,S,Kalmar län,kvinna,1982,99,77,309,313,2025/26,798,90.35087719298247
0624040854527,Emma Berginger,MP,Skåne läns södra,kvinna,1986,39,0,54,151,2025/26,244,100.0
0627450126815,Kajsa Fredholm,V,Dalarnas län,kvinna,1961,163,1,229,405,2025/26,798,99.87468671679198
0628005785225,Jörgen Berglund,M,Västernorrlands län,man,1974,0,20,777,1,2025/26,798,97.4937343358396
0630820052511,Per-Arne Håkansson,S,Skåne läns norra och östra,man,1963,112,17,334,335,2025/26,798,97.86967418546367
0635943298419,Dan Hovskär,KD,Västra Götalands läns östra,man,1970,0,54,742,2,2025/26,798,93.23308270676691
0638497389621,Julia Kronlid,SD,Stockholms län,kvinna,1980,3,97,688,10,2025/26,798,87.84461152882206
0641953830512,Magnus Persson,SD,Skåne läns norra och östra,man,1970,2,25,762,9,2025/26,798,96.8671679197995
0648224557612,Åsa Karlsson,S,Västerbottens län,kvinna,1973,109,38,326,325,2025/26,798,95.23809523809523
065105536026,Niklas Karlsson,S,Skåne läns västra,man,1974,108,31,335,324,2025/26,798,96.11528822055138
0652497579621,Johanna Haraldsson,S,Jönköpings län,kvinna,1980,92,103,307,296,2025/26,798,87.09273182957394
0653578338415,Agneta Nilsson,S,Skåne läns västra,kvinna,1956,112,0,348,338,2025/26,798,100.0
0653904370212,Fredrik Olovsson,S,Södermanlands län,man,1973,98,42,337,321,2025/26,798,94.73684210526316
065701062615,Runar Filper,SD,Värmlands län,man,1964,3,0,785,10,2025/26,798,100.0
066036027425,Mikael Damsgaard,M,Västmanlands län,man,1976,0,75,722,1,2025/26,798,90.6015037593985
0662032691523,Amalia Rud Stenlöf,S,Göteborgs kommun,kvinna,1993,5,33,60,47,2025/26,145,77.24137931034483
0663840649717,Anette Rangdag,SD,Jämtlands län,kvinna,1962,0,11,30,4,2025/26,45,75.55555555555556
0665485817222,Daniel Bäckström,C,Värmlands län,man,1975,140,54,293,231,2025/26,718,92.47910863509749
0667220767927,Erik Ezelius,S,Västra Götalands läns östra,man,1986,101,57,323,317,2025/26,798,92.85714285714286
0671571847522,Mattias Eriksson Falk,SD,Södermanlands län,man,1990,3,103,683,9,2025/26,798,87.09273182957394
0678597762924,Martin Westmont,SD,Stockholms kommun,man,1978,2,5,782,9,2025/26,798,99.37343358395991
0682989845822,Håkan Svenneling,V,Värmlands län,man,1985,143,104,198,353,2025/26,798,86.96741854636592
068822158616,Katarina Tolgfors,M,Örebro län,kvinna,1967,0,139,658,1,2025/26,798,82.58145363408521
0692076685824,Camilla Hansén,MP,Örebro län,kvinna,1976,179,48,211,360,2025/26,798,93.98496240601504
0694917698222,Michael Rubbestad,SD,Örebro län,man,1980,2,203,409,5,2025/26,619,67.20516962843294
069534526423,Mathias Bengtsson,KD,Dalarnas län,man,1998,0,29,767,2,2025/26,798,96.36591478696742
07012286624,Daniel Riazat,-,Stockholms län,man,1991,262,35,45,454,2025/26,796,95.60301507537689
07012286624,Daniel Riazat,V,Stockholms län,man,1991,0,2,0,0,2025/26,2,0.0
0706528359123,Linus Sköld,S,Norrbottens län,man,1983,100,103,290,305,2025/26,798,87.09273182957394
0709911904721,Johanna Rantsi,M,Västra Götalands läns västra,kvinna,1990,0,36,761,1,2025/26,798,95.48872180451127
0710595759638,Aida Birinxhiku,S,Hallands län,kvinna,1999,101,41,334,322,2025/26,798,94.86215538847118
071293048118,Thomas Ragnarsson,M,Kronobergs län,man,1970,0,2,795,1,2025/26,798,99.74937343358397
0714968014016,Anders Ekegren,L,Stockholms kommun,man,1957,0,72,725,1,2025/26,798,90.97744360902256
0717363246311,Jessica Stegrud,SD,Skåne läns södra,kvinna,1970,2,86,702,8,2025/26,798,89.22305764411027
0720250789315,Mats Wiking,S,Västra Götalands läns norra,man,1961,91,136,288,283,2025/26,798,82.95739348370927
0721509806321,Nooshi Dadgostar,V,Stockholms län,kvinna,1985,113,224,159,302,2025/26,798,71.9298245614035
0722683622001,Lars Jilmstad,M,Stockholms kommun,man,1946,0,1,418,0,2025/26,419,99.76133651551312
0723133822026,Carl Nordblom,M,Stockholms kommun,man,1994,0,18,779,1,2025/26,798,97.74436090225565
0727772954327,Ludvig Ceimertz,M,Skåne läns norra och östra,man,1991,0,26,771,1,2025/26,798,96.74185463659148
0729710260118,Helena Bouveng,M,Jönköpings län,kvinna,1962,0,40,757,1,2025/26,798,94.9874686716792
0737666060225,Joakim Järrebring,S,Västra Götalands läns västra,man,1976,107,55,322,314,2025/26,798,93.10776942355889
0737824098113,Magnus Berntsson,KD,Göteborgs kommun,man,1973,0,80,717,1,2025/26,798,89.97493734335839
0742883909221,John E Weinerhall,M,Östergötlands län,man,1995,0,48,749,1,2025/26,798,93.98496240601504
074310796828,Magnus Resare,M,Värmlands län,man,1987,0,0,797,1,2025/26,798,100.0
0744993950910,Anders Ygeman,S,Stockholms kommun,man,1970,101,66,320,311,2025/26,798,91.72932330827068
0749416304126,Marie Nicholson,M,Kalmar län,kvinna,1976,0,117,680,1,2025/26,798,85.33834586466166
0750092881021,Joanna Lewerentz,M,Stockholms län,kvinna,1992,0,127,670,1,2025/26,798,84.08521303258145
075747847023,Gustaf Lantz,S,Uppsala län,man,1981,98,73,317,310,2025/26,798,90.85213032581454
0760500234712,Monica Haider,S,Kronobergs län,kvinna,1963,97,57,328,316,2025/26,798,92.85714285714286
0764422217512,Lars Engsund,M,Kalmar län,man,1968,0,10,787,1,2025/26,798,98.7468671679198
0764949934324,Ulrika Heindorff,M,Skåne läns västra,kvinna,1983,0,93,704,1,2025/26,798,88.34586466165413
0766496753128,Fredrik Malm,L,Stockholms län,man,1977,0,212,585,1,2025/26,798,73.43358395989975
0768554866215,Katja Nyberg,-,Kronobergs län,kvinna,1971,1,170,265,3,2025/26,439,61.2756264236902
0768554866215,Katja Nyberg,SD,Kronobergs län,kvinna,1971,0,74,279,6,2025/26,359,79.38718662952647
0770363683317,Malin Björk,C,Stockholms kommun,kvinna,1969,105,124,264,195,2025/26,688,81.97674418604652
0773497241728,Roger Hedlund,SD,Gävleborgs län,man,1979,3,197,589,9,2025/26,798,75.31328320802005
0776705932527,Ciczie Weidby,V,Jönköpings län,kvinna,1974,132,132,183,351,2025/26,798,83.45864661654136
0779329190517,Kjell Jansson,M,Stockholms län,man,1959,0,14,783,1,2025/26,798,98.24561403508771
0780214960516,Eva Lindh,S,Östergötlands län,kvinna,1971,91,128,295,284,2025/26,798,83.95989974937343
0783069490115,Mirja Räihä,S,Stockholms kommun,kvinna,1959,109,11,343,335,2025/26,798,98.62155388471177
07921826010,Anna-Belle Strömberg,S,Västernorrlands län,kvinna,1965,92,93,308,305,2025/26,798,88.34586466165413
0792733370419,Magnus Oscarsson,KD,Östergötlands län,man,1970,0,186,610,2,2025/26,798,76.69172932330828
0793372891224,Noria Manouchi,M,Malmö kommun,kvinna,1991,0,81,687,1,2025/26,769,89.46684005201561
0796312429425,Viktor Wärnick,M,Gävleborgs län,man,1991,0,58,739,1,2025/26,798,92.73182957393485
0800956862429,Gulan Avci,L,Stockholms län,kvinna,1977,0,99,628,1,2025/26,728,86.4010989010989
0802091197024,Andrea Andersson Tay,V,Stockholms län,kvinna,1988,154,31,219,394,2025/26,798,96.11528822055138
0802546764724,Åsa Westlund,S,Stockholms län,kvinna,1976,89,73,329,307,2025/26,798,90.85213032581454
0803753212716,Richard Jomshof,SD,Blekinge län,man,1969,3,119,666,10,2025/26,798,85.08771929824562
0803790353229,Azra Muranovic,S,Jönköpings län,kvinna,1987,105,11,302,300,2025/26,718,98.46796657381616
0810201628512,Ann-Charlotte Hammar Johnsson,M,Skåne läns västra,kvinna,1966,0,17,780,1,2025/26,798,97.86967418546367
0810852280213,Marie-Louise Hänel Sandström,M,Göteborgs kommun,kvinna,1968,0,24,773,1,2025/26,798,96.99248120300751
0819601620927,Annika Hirvonen,MP,Stockholms län,kvinna,1989,167,80,200,351,2025/26,798,89.97493734335839
0822010116020,Jim Svensk Larm,S,Gävleborgs län,man,1987,10,0,97,83,2025/26,190,100.0
0825441263617,Birger Lahti,V,Norrbottens län,man,1964,157,45,218,378,2025/26,798,94.3609022556391
0828001951212,Ingemar Kihlström,KD,Västra Götalands läns södra,man,1966,0,105,691,2,2025/26,798,86.8421052631579
0828721176319,Sten Bergheden,M,Västra Götalands läns östra,man,1965,0,22,775,1,2025/26,798,97.24310776942356
0831039938224,Adam Marttinen,SD,Södermanlands län,man,1983,3,33,752,10,2025/26,798,95.86466165413535
0831636664429,Mattias Karlsson,SD,Kronobergs län,man,1977,1,124,667,6,2025/26,798,84.46115288220551
0832311880029,Erik Ottoson,M,Stockholms län,man,1989,0,59,738,1,2025/26,798,92.60651629072682
0834510274913,Charlotte Nordström,M,Västra Götalands läns östra,kvinna,1963,0,104,693,1,2025/26,798,86.96741854636592
0835066063627,Daniel Spiik,SD,Örebro län,man,1977,0,0,178,1,2025/26,179,100.0
0836001490919,Ulrika Heie,C,Västra Götalands läns östra,kvinna,1965,142,97,319,240,2025/26,798,87.84461152882206
0837394708917,Anders Ådahl,C,Västra Götalands läns västra,man,1972,128,74,348,248,2025/26,798,90.72681704260653
0838085832923,Ann-Sofie Lifvenhage,M,Södermanlands län,kvinna,1976,0,81,716,1,2025/26,798,89.84962406015038
083953568015,Malin Höglund,M,Dalarnas län,kvinna,1969,0,0,797,1,2025/26,798,100.0
0845133742919,Lili André,KD,Gävleborgs län,kvinna,1970,0,6,790,2,2025/26,798,99.24812030075188
084624777218,Helena Lindahl,C,Västerbottens län,kvinna,1972,153,15,368,262,2025/26,798,98.1203007518797
0847676507229,Stina Larsson,C,Skåne läns södra,kvinna,1977,114,139,318,227,2025/26,798,82.58145363408521
0852475703226,Lorena Delgado Varas,-,Stockholms kommun,kvinna,1974,254,58,41,442,2025/26,795,92.70440251572327
0852475703226,Lorena Delgado Varas,V,Stockholms kommun,kvinna,1974,0,3,0,0,2025/26,3,0.0
0853395328224,Lena Hallengren,S,Kalmar län,kvinna,1973,89,109,304,296,2025/26,798,86.34085213032581
0855286184126,Jessica Rodén,S,Västra Götalands läns södra,kvinna,1976,96,62,327,313,2025/26,798,92.23057644110276
0859909330720,Sanna Backeskog,S,Gävleborgs län,kvinna,1985,91,108,302,297,2025/26,798,86.46616541353383
0860364634014,Mattias Ottosson,S,Östergötlands län,man,1971,112,5,344,337,2025/26,798,99.37343358395991
0861521539920,Aron Emilsson,SD,Östergötlands län,man,1990,1,174,505,2,2025/26,682,74.48680351906158
0866055333028,Alexandra Anstrell,M,Stockholms län,kvinna,1974,0,58,739,1,2025/26,798,92.73182957393485
086684470825,Tobias Andersson,SD,Västra Götalands läns östra,man,1996,3,54,731,10,2025/26,798,93.23308270676691
0869100760228,Tony Rahm,M,Malmö kommun,man,1987,0,0,29,0,2025/26,29,100.0
0875221317013,Gunilla Carlsson,S,Göteborgs kommun,kvinna,1966,102,97,299,300,2025/26,798,87.84461152882206
0877778793323,Johan Büser,S,Göteborgs kommun,man,1983,95,128,287,288,2025/26,798,83.95989974937343
0879782396219,Olle Thorell,S,Västmanlands län,man,1967,98,48,333,319,2025/26,798,93.98496240601504
0880018341619,Thomas Morell,SD,Skåne läns norra och östra,man,1957,3,46,740,9,2025/26,798,94.23558897243107
0880137451720,Emma Nohrén,MP,Göteborgs kommun,kvinna,1980,138,196,157,307,2025/26,798,75.43859649122807
0888807074321,Amanda Lind,MP,Stockholms län,kvinna,1980,103,292,141,262,2025/26,798,63.40852130325815
0890152141226,Nadja Awad,V,Örebro län,kvinna,1991,144,99,189,366,2025/26,798,87.59398496240601
0899169869710,Helena Gellerman,L,Västra Götalands läns västra,kvinna,1960,0,104,693,1,2025/26,798,86.96741854636592
0903081277919,Helena Vilhelmsson,C,Örebro län,kvinna,1965,126,130,309,233,2025/26,798,83.7092731829574
0904448094023,Linus Lakso,MP,Södermanlands län,man,1983,184,41,215,358,2025/26,798,94.86215538847118
0905254899611,Louise Thunström,S,Västra Götalands läns norra,kvinna,1973,85,142,286,285,2025/26,798,82.20551378446115
0910803550317,Lena Johansson,S,Västmanlands län,kvinna,1969,112,3,345,338,2025/26,798,99.62406015037594
0911067396229,Mattias Vepsä,S,Stockholms kommun,man,1980,101,70,319,308,2025/26,798,91.22807017543859
0911916463828,Fredrik Lundh Sammeli,S,Norrbottens län,man,1977,78,145,295,280,2025/26,798,81.8295739348371
091303475611,Eric Palmqvist,SD,Norrbottens län,man,1970,3,24,761,10,2025/26,798,96.99248120300751
0920901966627,Tony Haddou,V,Göteborgs kommun,man,1989,146,65,212,375,2025/26,798,91.8546365914787
0922497728524,Ardalan Shekarabi,S,Uppsala län,man,1978,108,31,336,323,2025/26,798,96.11528822055138
0926002991620,Pontus Andersson Garpvall,SD,Västerbottens län,man,1992,3,0,785,10,2025/26,798,100.0
0926214745119,Heléne Björklund,S,Blekinge län,kvinna,1972,88,115,303,292,2025/26,798,85.58897243107769
0926477102420,Cecilia Rönn,L,Hallands län,kvinna,1980,0,116,681,1,2025/26,798,85.46365914786968
0930305890123,Sara-Lena Bjälkö,-,Hallands län,kvinna,1976,3,0,710,5,2025/26,718,100.0
0930305890123,Sara-Lena Bjälkö,SD,Hallands län,kvinna,1976,0,4,71,5,2025/26,80,95.0
0932000030511,Maria Stockhaus,M,Stockholms län,kvinna,1963,0,122,675,1,2025/26,798,84.71177944862156
0937688366013,Peter Hultqvist,S,Dalarnas län,man,1958,90,85,317,306,2025/26,798,89.3483709273183
0939158389321,Samuel Gonzalez Westling,V,Gävleborgs län,man,1983,143,126,184,345,2025/26,798,84.21052631578947
0940980416614,Jan Ericson,M,Västra Götalands läns södra,man,1961,0,91,706,1,2025/26,798,88.59649122807018
094145171913,Unni Björnerfors,SD,Stockholms kommun,kvinna,1951,0,0,49,3,2025/26,52,100.0
0947134226212,Markus Kauppinen,S,Jönköpings län,man,1973,4,22,29,25,2025/26,80,72.5
0947572086414,Anne-Li Sjölund,C,Västernorrlands län,kvinna,1966,143,78,331,246,2025/26,798,90.22556390977444
0951905661227,Christofer Bergenblock,C,Hallands län,man,1974,151,33,359,255,2025/26,798,95.86466165413535
0955748436811,Robert Stenkvist,SD,Stockholms län,man,1958,3,45,740,10,2025/26,798,94.3609022556391
0961483563503,Gudrun Nordborg,V,Västerbottens län,kvinna,1946,114,229,144,279,2025/26,766,70.10443864229765
0963046628824,Christian Lindefjärd,SD,Stockholms län,man,1976,2,17,769,10,2025/26,798,97.86967418546367
0964730940415,Johan Andersson,S,Östergötlands län,man,1961,98,71,323,306,2025/26,798,91.10275689223057
0966063008623,Leonid Yurkovskiy,SD,Stockholms län,man,1995,3,37,749,9,2025/26,798,95.36340852130326
0970259744617,Margareta Cederfelt,M,Stockholms kommun,kvinna,1959,1,238,559,0,2025/26,798,70.17543859649122
0970709885516,Inga-Lill Sjöblom,S,Uppsala län,kvinna,1959,89,127,295,287,2025/26,798,84.08521303258145
0972636989226,Dzenan Cisija,S,Göteborgs kommun,man,1976,89,107,303,299,2025/26,798,86.59147869674186
0973350087929,Patrik Karlson,L,Östergötlands län,man,1987,0,126,671,1,2025/26,798,84.21052631578947
0973782197017,Mikael Oscarsson,KD,Uppsala län,man,1967,0,133,663,2,2025/26,798,83.33333333333334
0977592683711,Magnus Jacobsson,KD,Västra Götalands läns norra,man,1968,0,137,660,1,2025/26,798,82.83208020050125
0980092192122,Joar Forssell,L,Stockholms kommun,man,1993,0,104,693,1,2025/26,798,86.96741854636592
098329342620,Jennie Wernäng,M,Västra Götalands läns västra,kvinna,1985,0,77,720,1,2025/26,798,90.35087719298247
0983984918111,Matilda Ernkrans,S,Örebro län,kvinna,1973,100,60,325,313,2025/26,798,92.4812030075188
098412828516,Magdalena Andersson,S,Stockholms län,kvinna,1967,31,400,191,176,2025/26,798,49.874686716791985
0984153507725,Gustaf Göthberg,M,Göteborgs kommun,man,1993,0,196,601,1,2025/26,798,75.43859649122807
0985426914829,Anna Lasses,C,Stockholms län,kvinna,1977,132,95,330,241,2025/26,798,88.09523809523809
0985943148917,Victoria Tiblom,SD,Skåne läns södra,kvinna,1969,1,195,597,5,2025/26,798,75.56390977443608
0986091320811,Catarina Deremar,C,Uppsala län,kvinna,1965,127,97,335,239,2025/26,798,87.84461152882206
099099202224,Paulina Brandberg,L,Stockholms kommun,kvinna,1983,0,0,41,0,2025/26,41,100.0
099099202224,Paulina Brandberg,L,Stockholms län,kvinna,1983,0,0,29,0,2025/26,29,100.0
0992473266516,Larry Söder,KD,Hallands län,man,1969,0,57,739,2,2025/26,798,92.85714285714286
0992867772421,Nils Seye Larsen,MP,Västerbottens län,man,1980,179,58,203,358,2025/26,798,92.73182957393485
0999976269027,Amanda Palmstierna,MP,Stockholms län,kvinna,1977,158,123,188,329,2025/26,798,84.58646616541353
