indikator,fraga,kallniva,valkrets_kod,ar,varde,riket,rang,antal,fran_ar,forandring,riket_forandring,mal_riktning,mal_varde
Anmälda brott per 100 000 inv,lag,kommuner,01,2025,19158.68805,13581.34072,1.0,29,2021.0,-2148.9681600000004,-633.1747899999991,,
Anmälda brott per 100 000 inv,lag,kommuner,02,2025,12097.721571901347,13581.34072,7.0,29,2021.0,520.2473000622213,-633.1747899999991,,
Anmälda brott per 100 000 inv,lag,kommuner,03,2025,10789.041000156734,13581.34072,16.0,29,2021.0,905.6276407738533,-633.1747899999991,,
Anmälda brott per 100 000 inv,lag,kommuner,04,2025,12990.555828391356,13581.34072,6.0,29,2021.0,1131.833293507385,-633.1747899999991,,
Anmälda brott per 100 000 inv,lag,kommuner,05,2025,10853.735350970714,13581.34072,12.0,29,2021.0,1311.6896459363343,-633.1747899999991,,
Anmälda brott per 100 000 inv,lag,kommuner,06,2025,9626.749600044534,13581.34072,22.0,29,2021.0,1303.0553946788568,-633.1747899999991,,
Anmälda brott per 100 000 inv,lag,kommuner,07,2025,11216.161573234527,13581.34072,10.0,29,2021.0,2264.5325057219197,-633.1747899999991,,
Anmälda brott per 100 000 inv,lag,kommuner,08,2025,10821.11604901446,13581.34072,14.0,29,2021.0,1281.14145031519,-633.1747899999991,,
Anmälda brott per 100 000 inv,lag,kommuner,09,2025,10841.95923,13581.34072,13.0,29,2021.0,1884.2708999999995,-633.1747899999991,,
Anmälda brott per 100 000 inv,lag,kommuner,10,2025,11062.51719049589,13581.34072,11.0,29,2021.0,2471.305203653008,-633.1747899999991,,
Anmälda brott per 100 000 inv,lag,kommuner,11,2025,16182.54885,13581.34072,2.0,29,2021.0,1414.4631999999983,-633.1747899999991,,
Anmälda brott per 100 000 inv,lag,kommuner,12,2025,13181.029840497,13581.34072,4.0,29,2021.0,1209.7774819299684,-633.1747899999991,,
Anmälda brott per 100 000 inv,lag,kommuner,13,2025,9929.468145403926,13581.34072,20.0,29,2021.0,1938.9943769311303,-633.1747899999991,,
Anmälda brott per 100 000 inv,lag,kommuner,14,2025,11338.673449179547,13581.34072,9.0,29,2021.0,1307.6265603537668,-633.1747899999991,,
Anmälda brott per 100 000 inv,lag,kommuner,15,2025,9710.574888623032,13581.34072,21.0,29,2021.0,323.1595975291639,-633.1747899999991,,
Anmälda brott per 100 000 inv,lag,kommuner,16,2025,13878.427940000001,13581.34072,3.0,29,2021.0,-1403.5843499999992,-633.1747899999991,,
Anmälda brott per 100 000 inv,lag,kommuner,17,2025,8480.408151184824,13581.34072,28.0,29,2021.0,-288.13813687141374,-633.1747899999991,,
Anmälda brott per 100 000 inv,lag,kommuner,18,2025,10020.238852082932,13581.34072,19.0,29,2021.0,-203.84496397505973,-633.1747899999991,,
Anmälda brott per 100 000 inv,lag,kommuner,19,2025,10111.309232863548,13581.34072,18.0,29,2021.0,-4.262434437065167,-633.1747899999991,,
Anmälda brott per 100 000 inv,lag,kommuner,20,2025,9436.405439308857,13581.34072,25.0,29,2021.0,-198.4905375585713,-633.1747899999991,,
Anmälda brott per 100 000 inv,lag,kommuner,21,2025,8381.640456995268,13581.34072,29.0,29,2021.0,-134.35623281323933,-633.1747899999991,,
Anmälda brott per 100 000 inv,lag,kommuner,22,2025,12006.476325532763,13581.34072,8.0,29,2021.0,-468.48912616868074,-633.1747899999991,,
Anmälda brott per 100 000 inv,lag,kommuner,23,2025,13009.495791910973,13581.34072,5.0,29,2021.0,59.19937130452308,-633.1747899999991,,
Anmälda brott per 100 000 inv,lag,kommuner,24,2025,8739.801045185106,13581.34072,27.0,29,2021.0,310.90047885878994,-633.1747899999991,,
Anmälda brott per 100 000 inv,lag,kommuner,25,2025,10789.381065828695,13581.34072,15.0,29,2021.0,297.4534038428792,-633.1747899999991,,
Anmälda brott per 100 000 inv,lag,kommuner,26,2025,9544.618759850073,13581.34072,23.0,29,2021.0,-1171.6393066594937,-633.1747899999991,,
Anmälda brott per 100 000 inv,lag,kommuner,27,2025,10191.227072389289,13581.34072,17.0,29,2021.0,-12.160018433400182,-633.1747899999991,,
Anmälda brott per 100 000 inv,lag,kommuner,28,2025,9262.187020246465,13581.34072,26.0,29,2021.0,942.6134353328925,-633.1747899999991,,
Anmälda brott per 100 000 inv,lag,kommuner,29,2025,9510.007375744915,13581.34072,24.0,29,2021.0,76.54492565966757,-633.1747899999991,,
Anmälda våldsbrott per 100 000 inv,lag,kommuner,01,2025,1316.61464,1066.80248,2.0,29,2021.0,-20.11561000000006,46.449820000000045,,
Anmälda våldsbrott per 100 000 inv,lag,kommuner,02,2025,960.9902259642171,1066.80248,11.0,29,2021.0,-9.392055830724416,46.449820000000045,,
Anmälda våldsbrott per 100 000 inv,lag,kommuner,03,2025,896.6752470459643,1066.80248,22.0,29,2021.0,52.73932779028905,46.449820000000045,,
Anmälda våldsbrott per 100 000 inv,lag,kommuner,04,2025,1137.9145182795319,1066.80248,6.0,29,2021.0,-85.85504170722993,46.449820000000045,,
Anmälda våldsbrott per 100 000 inv,lag,kommuner,05,2025,870.1990280521766,1066.80248,24.0,29,2021.0,-2.914966429966057,46.449820000000045,,
Anmälda våldsbrott per 100 000 inv,lag,kommuner,06,2025,910.2028776968469,1066.80248,21.0,29,2021.0,-14.202605132795384,46.449820000000045,,
Anmälda våldsbrott per 100 000 inv,lag,kommuner,07,2025,985.9438945760086,1066.80248,9.0,29,2021.0,184.8670940981326,46.449820000000045,,
Anmälda våldsbrott per 100 000 inv,lag,kommuner,08,2025,919.5229763134436,1066.80248,20.0,29,2021.0,93.20347738095984,46.449820000000045,,
Anmälda våldsbrott per 100 000 inv,lag,kommuner,09,2025,942.35078,1066.80248,15.0,29,2021.0,-0.4768699999999626,46.449820000000045,,
Anmälda våldsbrott per 100 000 inv,lag,kommuner,10,2025,936.6279746277588,1066.80248,16.0,29,2021.0,162.65249600791356,46.449820000000045,,
Anmälda våldsbrott per 100 000 inv,lag,kommuner,11,2025,1358.29261,1066.80248,1.0,29,2021.0,-57.46104000000014,46.449820000000045,,
Anmälda våldsbrott per 100 000 inv,lag,kommuner,12,2025,1232.7523931959977,1066.80248,3.0,29,2021.0,19.915037964492512,46.449820000000045,,
Anmälda våldsbrott per 100 000 inv,lag,kommuner,13,2025,689.0526708377018,1066.80248,28.0,29,2021.0,27.048425245509634,46.449820000000045,,
Anmälda våldsbrott per 100 000 inv,lag,kommuner,14,2025,950.489090492449,1066.80248,12.0,29,2021.0,31.161076254068917,46.449820000000045,,
Anmälda våldsbrott per 100 000 inv,lag,kommuner,15,2025,879.5107969085551,1066.80248,23.0,29,2021.0,118.33800541187429,46.449820000000045,,
Anmälda våldsbrott per 100 000 inv,lag,kommuner,16,2025,1147.53602,1066.80248,5.0,29,2021.0,27.260610000000042,46.449820000000045,,
Anmälda våldsbrott per 100 000 inv,lag,kommuner,17,2025,609.4800744935588,1066.80248,29.0,29,2021.0,-24.9429268662675,46.449820000000045,,
Anmälda våldsbrott per 100 000 inv,lag,kommuner,18,2025,930.78031243657,1066.80248,17.0,29,2021.0,95.30816777520431,46.449820000000045,,
Anmälda våldsbrott per 100 000 inv,lag,kommuner,19,2025,972.6352707069183,1066.80248,10.0,29,2021.0,61.95175839364936,46.449820000000045,,
Anmälda våldsbrott per 100 000 inv,lag,kommuner,20,2025,860.1708303920234,1066.80248,25.0,29,2021.0,87.0819369296338,46.449820000000045,,
Anmälda våldsbrott per 100 000 inv,lag,kommuner,21,2025,790.7517417834064,1066.80248,27.0,29,2021.0,28.14028258742951,46.449820000000045,,
Anmälda våldsbrott per 100 000 inv,lag,kommuner,22,2025,1050.6294263390325,1066.80248,7.0,29,2021.0,-25.90300630737488,46.449820000000045,,
Anmälda våldsbrott per 100 000 inv,lag,kommuner,23,2025,1035.0027053229624,1066.80248,8.0,29,2021.0,53.21900906553742,46.449820000000045,,
Anmälda våldsbrott per 100 000 inv,lag,kommuner,24,2025,949.0138184901434,1066.80248,13.0,29,2021.0,56.22812947208422,46.449820000000045,,
Anmälda våldsbrott per 100 000 inv,lag,kommuner,25,2025,945.7633439617831,1066.80248,14.0,29,2021.0,4.665636614934215,46.449820000000045,,
Anmälda våldsbrott per 100 000 inv,lag,kommuner,26,2025,1163.7100328789677,1066.80248,4.0,29,2021.0,153.5892782265339,46.449820000000045,,
Anmälda våldsbrott per 100 000 inv,lag,kommuner,27,2025,922.2257762586615,1066.80248,19.0,29,2021.0,153.20013694770273,46.449820000000045,,
Anmälda våldsbrott per 100 000 inv,lag,kommuner,28,2025,857.4806286322074,1066.80248,26.0,29,2021.0,119.67206719520641,46.449820000000045,,
Anmälda våldsbrott per 100 000 inv,lag,kommuner,29,2025,928.238736313154,1066.80248,18.0,29,2021.0,108.51215776413858,46.449820000000045,,
"Arbetslöshet 20–64 år, registerbaserad (BAS, %)",jobb,kommuner,01,2024,5.274506,5.37909,13.0,29,2020.0,-1.150633,-1.4633000000000003,lagre,
"Arbetslöshet 20–64 år, registerbaserad (BAS, %)",jobb,kommuner,02,2024,5.048955457084042,5.37909,14.0,29,2020.0,-1.1855609149950412,-1.4633000000000003,lagre,
"Arbetslöshet 20–64 år, registerbaserad (BAS, %)",jobb,kommuner,03,2024,4.663754329648921,5.37909,20.0,29,2020.0,-1.3254305131727735,-1.4633000000000003,lagre,
"Arbetslöshet 20–64 år, registerbaserad (BAS, %)",jobb,kommuner,04,2024,7.318672511698694,5.37909,3.0,29,2020.0,-2.2036601282784885,-1.4633000000000003,lagre,
"Arbetslöshet 20–64 år, registerbaserad (BAS, %)",jobb,kommuner,05,2024,5.673044487510041,5.37909,10.0,29,2020.0,-1.371098376035837,-1.4633000000000003,lagre,
"Arbetslöshet 20–64 år, registerbaserad (BAS, %)",jobb,kommuner,06,2024,4.862216581148137,5.37909,16.0,29,2020.0,-1.1443203943384939,-1.4633000000000003,lagre,
"Arbetslöshet 20–64 år, registerbaserad (BAS, %)",jobb,kommuner,07,2024,5.959354461621615,5.37909,9.0,29,2020.0,-1.66973548488264,-1.4633000000000003,lagre,
"Arbetslöshet 20–64 år, registerbaserad (BAS, %)",jobb,kommuner,08,2024,4.961409833092691,5.37909,15.0,29,2020.0,-1.3754949936804879,-1.4633000000000003,lagre,
"Arbetslöshet 20–64 år, registerbaserad (BAS, %)",jobb,kommuner,09,2024,3.4607569999999996,5.37909,25.0,29,2020.0,-1.6542570000000008,-1.4633000000000003,lagre,
"Arbetslöshet 20–64 år, registerbaserad (BAS, %)",jobb,kommuner,10,2024,6.226851507694553,5.37909,8.0,29,2020.0,-1.8714436358100777,-1.4633000000000003,lagre,
"Arbetslöshet 20–64 år, registerbaserad (BAS, %)",jobb,kommuner,11,2024,10.112461,5.37909,1.0,29,2020.0,-2.220174,-1.4633000000000003,lagre,
"Arbetslöshet 20–64 år, registerbaserad (BAS, %)",jobb,kommuner,12,2024,7.650910544571142,5.37909,2.0,29,2020.0,-0.9167615653379766,-1.4633000000000003,lagre,
"Arbetslöshet 20–64 år, registerbaserad (BAS, %)",jobb,kommuner,13,2024,4.722835474794557,5.37909,18.0,29,2020.0,-0.8383861891030753,-1.4633000000000003,lagre,
"Arbetslöshet 20–64 år, registerbaserad (BAS, %)",jobb,kommuner,14,2024,6.652584808505936,5.37909,6.0,29,2020.0,-1.1601795253016016,-1.4633000000000003,lagre,
"Arbetslöshet 20–64 år, registerbaserad (BAS, %)",jobb,kommuner,15,2024,4.319534872723205,5.37909,22.0,29,2020.0,-1.1714183199000523,-1.4633000000000003,lagre,
"Arbetslöshet 20–64 år, registerbaserad (BAS, %)",jobb,kommuner,16,2024,6.354100999999999,5.37909,7.0,29,2020.0,-1.602704000000001,-1.4633000000000003,lagre,
"Arbetslöshet 20–64 år, registerbaserad (BAS, %)",jobb,kommuner,17,2024,3.2482751967306847,5.37909,27.0,29,2020.0,-0.912535747687599,-1.4633000000000003,lagre,
"Arbetslöshet 20–64 år, registerbaserad (BAS, %)",jobb,kommuner,18,2024,5.394915423995702,5.37909,12.0,29,2020.0,-2.3800043355954923,-1.4633000000000003,lagre,
"Arbetslöshet 20–64 år, registerbaserad (BAS, %)",jobb,kommuner,19,2024,4.837051115600301,5.37909,17.0,29,2020.0,-0.9175769420735733,-1.4633000000000003,lagre,
"Arbetslöshet 20–64 år, registerbaserad (BAS, %)",jobb,kommuner,20,2024,4.050671443381006,5.37909,24.0,29,2020.0,-1.8628395973585885,-1.4633000000000003,lagre,
"Arbetslöshet 20–64 år, registerbaserad (BAS, %)",jobb,kommuner,21,2024,4.681368710733068,5.37909,19.0,29,2020.0,-1.8817784879781607,-1.4633000000000003,lagre,
"Arbetslöshet 20–64 år, registerbaserad (BAS, %)",jobb,kommuner,22,2024,5.44553946685343,5.37909,11.0,29,2020.0,-1.8084506802971498,-1.4633000000000003,lagre,
"Arbetslöshet 20–64 år, registerbaserad (BAS, %)",jobb,kommuner,23,2024,6.73300672072759,5.37909,4.0,29,2020.0,-1.7360941393579106,-1.4633000000000003,lagre,
"Arbetslöshet 20–64 år, registerbaserad (BAS, %)",jobb,kommuner,24,2024,4.142510603517947,5.37909,23.0,29,2020.0,-1.8011842591703546,-1.4633000000000003,lagre,
"Arbetslöshet 20–64 år, registerbaserad (BAS, %)",jobb,kommuner,25,2024,6.669678904754409,5.37909,5.0,29,2020.0,-1.520355446623073,-1.4633000000000003,lagre,
"Arbetslöshet 20–64 år, registerbaserad (BAS, %)",jobb,kommuner,26,2024,4.559786283676494,5.37909,21.0,29,2020.0,-2.145068825655067,-1.4633000000000003,lagre,
"Arbetslöshet 20–64 år, registerbaserad (BAS, %)",jobb,kommuner,27,2024,3.3633389751867764,5.37909,26.0,29,2020.0,-1.8219327791003757,-1.4633000000000003,lagre,
"Arbetslöshet 20–64 år, registerbaserad (BAS, %)",jobb,kommuner,28,2024,2.8314459861161803,5.37909,29.0,29,2020.0,-1.9545997335869574,-1.4633000000000003,lagre,
"Arbetslöshet 20–64 år, registerbaserad (BAS, %)",jobb,kommuner,29,2024,2.869116323360077,5.37909,28.0,29,2020.0,-2.031418818795037,-1.4633000000000003,lagre,
"Arbetslöshet bland utrikes födda 20–64 år (BAS, %)",invandring,kommuner,01,2024,9.932992,11.923276,24.0,29,2020.0,-2.8363809999999994,-4.719904999999999,,
"Arbetslöshet bland utrikes födda 20–64 år (BAS, %)",invandring,kommuner,02,2024,8.641744452454782,11.923276,26.0,29,2020.0,-2.8264896513481794,-4.719904999999999,,
"Arbetslöshet bland utrikes födda 20–64 år (BAS, %)",invandring,kommuner,03,2024,10.986421730967814,11.923276,18.0,29,2020.0,-4.835868131979762,-4.719904999999999,,
"Arbetslöshet bland utrikes födda 20–64 år (BAS, %)",invandring,kommuner,04,2024,16.62666794761824,11.923276,2.0,29,2020.0,-7.465289696160532,-4.719904999999999,,
"Arbetslöshet bland utrikes födda 20–64 år (BAS, %)",invandring,kommuner,05,2024,14.887858501648898,11.923276,6.0,29,2020.0,-5.464832047375518,-4.719904999999999,,
"Arbetslöshet bland utrikes födda 20–64 år (BAS, %)",invandring,kommuner,06,2024,11.98348480384647,11.923276,14.0,29,2020.0,-5.12114437475503,-4.719904999999999,,
"Arbetslöshet bland utrikes födda 20–64 år (BAS, %)",invandring,kommuner,07,2024,14.666434414453606,11.923276,9.0,29,2020.0,-5.773863449335257,-4.719904999999999,,
"Arbetslöshet bland utrikes födda 20–64 år (BAS, %)",invandring,kommuner,08,2024,12.756532041620893,11.923276,12.0,29,2020.0,-6.412277495459154,-4.719904999999999,,
"Arbetslöshet bland utrikes födda 20–64 år (BAS, %)",invandring,kommuner,09,2024,8.838384,11.923276,25.0,29,2020.0,-6.845429999999999,-4.719904999999999,,
"Arbetslöshet bland utrikes födda 20–64 år (BAS, %)",invandring,kommuner,10,2024,16.352065535861968,11.923276,4.0,29,2020.0,-6.914469310960481,-4.719904999999999,,
"Arbetslöshet bland utrikes födda 20–64 år (BAS, %)",invandring,kommuner,11,2024,16.476119,11.923276,3.0,29,2020.0,-5.220502,-4.719904999999999,,
"Arbetslöshet bland utrikes födda 20–64 år (BAS, %)",invandring,kommuner,12,2024,14.816819572752967,11.923276,8.0,29,2020.0,-3.343057288928682,-4.719904999999999,,
"Arbetslöshet bland utrikes födda 20–64 år (BAS, %)",invandring,kommuner,13,2024,10.300060656395063,11.923276,22.0,29,2020.0,-2.911958670627598,-4.719904999999999,,
"Arbetslöshet bland utrikes födda 20–64 år (BAS, %)",invandring,kommuner,14,2024,15.77566539104558,11.923276,5.0,29,2020.0,-5.015192111437964,-4.719904999999999,,
"Arbetslöshet bland utrikes födda 20–64 år (BAS, %)",invandring,kommuner,15,2024,10.934638025430743,11.923276,19.0,29,2020.0,-4.442891366946373,-4.719904999999999,,
"Arbetslöshet bland utrikes födda 20–64 år (BAS, %)",invandring,kommuner,16,2024,11.866861,11.923276,16.0,29,2020.0,-4.126936000000001,-4.719904999999999,,
"Arbetslöshet bland utrikes födda 20–64 år (BAS, %)",invandring,kommuner,17,2024,8.117611667205948,11.923276,27.0,29,2020.0,-3.23068914588813,-4.719904999999999,,
"Arbetslöshet bland utrikes födda 20–64 år (BAS, %)",invandring,kommuner,18,2024,13.460391334254366,11.923276,10.0,29,2020.0,-7.770517372324287,-4.719904999999999,,
"Arbetslöshet bland utrikes födda 20–64 år (BAS, %)",invandring,kommuner,19,2024,10.630555747826037,11.923276,21.0,29,2020.0,-3.8388766780927686,-4.719904999999999,,
"Arbetslöshet bland utrikes födda 20–64 år (BAS, %)",invandring,kommuner,20,2024,10.83967244449468,11.923276,20.0,29,2020.0,-7.713133670209176,-4.719904999999999,,
"Arbetslöshet bland utrikes födda 20–64 år (BAS, %)",invandring,kommuner,21,2024,12.32697372968182,11.923276,13.0,29,2020.0,-7.543628131064461,-4.719904999999999,,
"Arbetslöshet bland utrikes födda 20–64 år (BAS, %)",invandring,kommuner,22,2024,13.374164218238464,11.923276,11.0,29,2020.0,-7.244852525571284,-4.719904999999999,,
"Arbetslöshet bland utrikes födda 20–64 år (BAS, %)",invandring,kommuner,23,2024,14.847871363738411,11.923276,7.0,29,2020.0,-5.609204729291585,-4.719904999999999,,
"Arbetslöshet bland utrikes födda 20–64 år (BAS, %)",invandring,kommuner,24,2024,11.763962340087614,11.923276,17.0,29,2020.0,-7.548757836989852,-4.719904999999999,,
"Arbetslöshet bland utrikes födda 20–64 år (BAS, %)",invandring,kommuner,25,2024,17.48267695340031,11.923276,1.0,29,2020.0,-6.727519890696247,-4.719904999999999,,
"Arbetslöshet bland utrikes födda 20–64 år (BAS, %)",invandring,kommuner,26,2024,11.890324227283038,11.923276,15.0,29,2020.0,-9.013889367496482,-4.719904999999999,,
"Arbetslöshet bland utrikes födda 20–64 år (BAS, %)",invandring,kommuner,27,2024,10.01814967657647,11.923276,23.0,29,2020.0,-6.641152438799214,-4.719904999999999,,
"Arbetslöshet bland utrikes födda 20–64 år (BAS, %)",invandring,kommuner,28,2024,6.558526013935293,11.923276,28.0,29,2020.0,-6.558082011165079,-4.719904999999999,,
"Arbetslöshet bland utrikes födda 20–64 år (BAS, %)",invandring,kommuner,29,2024,6.279289220430693,11.923276,29.0,29,2020.0,-5.333193105702032,-4.719904999999999,,
Barn- och ungdomspsykiatri: första besök inom 90 dagar (%),sjukvard,län,01,2025,95.87374361,89.9874481,19.0,29,2021.0,-1.2729349499999927,0.15759009999999307,hogre,100.0
Barn- och ungdomspsykiatri: första besök inom 90 dagar (%),sjukvard,län,02,2025,95.87374361,89.9874481,19.0,29,2021.0,-1.2729349499999927,0.15759009999999307,hogre,100.0
Barn- och ungdomspsykiatri: första besök inom 90 dagar (%),sjukvard,län,03,2025,100.0,89.9874481,1.0,29,2021.0,7.563025210000006,0.15759009999999307,hogre,100.0
Barn- och ungdomspsykiatri: första besök inom 90 dagar (%),sjukvard,län,04,2025,43.91304348,89.9874481,28.0,29,2021.0,-37.168037600000005,0.15759009999999307,hogre,100.0
Barn- och ungdomspsykiatri: första besök inom 90 dagar (%),sjukvard,län,05,2025,65.95092025,89.9874481,26.0,29,2021.0,-16.92061627000001,0.15759009999999307,hogre,100.0
Barn- och ungdomspsykiatri: första besök inom 90 dagar (%),sjukvard,län,06,2025,99.72375691,89.9874481,5.0,29,2021.0,0.16919121000000814,0.15759009999999307,hogre,100.0
Barn- och ungdomspsykiatri: första besök inom 90 dagar (%),sjukvard,län,07,2025,99.61832061,89.9874481,6.0,29,2021.0,18.386649059999996,0.15759009999999307,hogre,100.0
Barn- och ungdomspsykiatri: första besök inom 90 dagar (%),sjukvard,län,08,2025,99.44751381,89.9874481,7.0,29,2021.0,0.7295650900000084,0.15759009999999307,hogre,100.0
Barn- och ungdomspsykiatri: första besök inom 90 dagar (%),sjukvard,län,09,2025,100.0,89.9874481,1.0,29,2021.0,0.0,0.15759009999999307,hogre,100.0
Barn- och ungdomspsykiatri: första besök inom 90 dagar (%),sjukvard,län,10,2025,97.74011299,89.9874481,9.0,29,2021.0,-0.2796889899999968,0.15759009999999307,hogre,100.0
Barn- och ungdomspsykiatri: första besök inom 90 dagar (%),sjukvard,län,11,2025,96.25550661,89.9874481,15.0,29,2021.0,0.5147658699999909,0.15759009999999307,hogre,100.0
Barn- och ungdomspsykiatri: första besök inom 90 dagar (%),sjukvard,län,12,2025,96.25550661,89.9874481,15.0,29,2021.0,0.5147658699999909,0.15759009999999307,hogre,100.0
Barn- och ungdomspsykiatri: första besök inom 90 dagar (%),sjukvard,län,13,2025,96.25550661,89.9874481,15.0,29,2021.0,0.5147658699999909,0.15759009999999307,hogre,100.0
Barn- och ungdomspsykiatri: första besök inom 90 dagar (%),sjukvard,län,14,2025,96.25550661,89.9874481,15.0,29,2021.0,0.5147658699999909,0.15759009999999307,hogre,100.0
Barn- och ungdomspsykiatri: första besök inom 90 dagar (%),sjukvard,län,15,2025,73.69791667,89.9874481,24.0,29,2021.0,-20.456571850000003,0.15759009999999307,hogre,100.0
Barn- och ungdomspsykiatri: första besök inom 90 dagar (%),sjukvard,län,16,2025,96.51264167,89.9874481,10.0,29,2021.0,17.20229683999999,0.15759009999999307,hogre,100.0
Barn- och ungdomspsykiatri: första besök inom 90 dagar (%),sjukvard,län,17,2025,96.51264167,89.9874481,10.0,29,2021.0,17.20229683999999,0.15759009999999307,hogre,100.0
Barn- och ungdomspsykiatri: första besök inom 90 dagar (%),sjukvard,län,18,2025,96.51264167,89.9874481,10.0,29,2021.0,17.20229683999999,0.15759009999999307,hogre,100.0
Barn- och ungdomspsykiatri: första besök inom 90 dagar (%),sjukvard,län,19,2025,96.51264167,89.9874481,10.0,29,2021.0,17.20229683999999,0.15759009999999307,hogre,100.0
Barn- och ungdomspsykiatri: första besök inom 90 dagar (%),sjukvard,län,20,2025,96.51264167,89.9874481,10.0,29,2021.0,17.20229683999999,0.15759009999999307,hogre,100.0
Barn- och ungdomspsykiatri: första besök inom 90 dagar (%),sjukvard,län,21,2025,100.0,89.9874481,1.0,29,2021.0,19.298245609999995,0.15759009999999307,hogre,100.0
Barn- och ungdomspsykiatri: första besök inom 90 dagar (%),sjukvard,län,22,2025,100.0,89.9874481,1.0,29,2021.0,2.857142859999996,0.15759009999999307,hogre,100.0
Barn- och ungdomspsykiatri: första besök inom 90 dagar (%),sjukvard,län,23,2025,92.45283019,89.9874481,22.0,29,2021.0,8.07783019,0.15759009999999307,hogre,100.0
Barn- och ungdomspsykiatri: första besök inom 90 dagar (%),sjukvard,län,24,2025,98.15668203,89.9874481,8.0,29,2021.0,-1.2585226500000033,0.15759009999999307,hogre,100.0
Barn- och ungdomspsykiatri: första besök inom 90 dagar (%),sjukvard,län,25,2025,66.66666667,89.9874481,25.0,29,2021.0,-33.33333333,0.15759009999999307,hogre,100.0
Barn- och ungdomspsykiatri: första besök inom 90 dagar (%),sjukvard,län,26,2025,84.31372549,89.9874481,23.0,29,2021.0,27.950089129999995,0.15759009999999307,hogre,100.0
Barn- och ungdomspsykiatri: första besök inom 90 dagar (%),sjukvard,län,27,2025,94.87179487,89.9874481,21.0,29,2021.0,16.582321190000002,0.15759009999999307,hogre,100.0
Barn- och ungdomspsykiatri: första besök inom 90 dagar (%),sjukvard,län,28,2025,19.85815603,89.9874481,29.0,29,2021.0,-38.603382429999996,0.15759009999999307,hogre,100.0
Barn- och ungdomspsykiatri: första besök inom 90 dagar (%),sjukvard,län,29,2025,62.0,89.9874481,27.0,29,2021.0,-30.592592589999995,0.15759009999999307,hogre,100.0
"Behöriga till yrkesprogram, åk 9",skola,kommuner,01,2026,89.158482,83.629288,1.0,29,2022.0,-0.3353097899999966,-1.6809339999999935,,
"Behöriga till yrkesprogram, åk 9",skola,kommuner,02,2026,88.12047486430636,83.629288,3.0,29,2022.0,-0.9632538118661813,-1.6809339999999935,,
"Behöriga till yrkesprogram, åk 9",skola,kommuner,03,2026,83.9967669636739,83.629288,7.0,29,2022.0,-1.463174193757581,-1.6809339999999935,,
"Behöriga till yrkesprogram, åk 9",skola,kommuner,04,2026,81.95443992693814,83.629288,16.0,29,2022.0,-0.6357588056836079,-1.6809339999999935,,
"Behöriga till yrkesprogram, åk 9",skola,kommuner,05,2026,79.80532669010525,83.629288,24.0,29,2022.0,-3.3194401311396575,-1.6809339999999935,,
"Behöriga till yrkesprogram, åk 9",skola,kommuner,06,2026,80.17569455889192,83.629288,22.0,29,2022.0,-3.61858900764436,-1.6809339999999935,,
"Behöriga till yrkesprogram, åk 9",skola,kommuner,07,2026,78.58457072826324,83.629288,26.0,29,2022.0,-1.8953660358833417,-1.6809339999999935,,
"Behöriga till yrkesprogram, åk 9",skola,kommuner,08,2026,83.1692436383701,83.629288,10.0,29,2022.0,-0.6494202285921205,-1.6809339999999935,,
"Behöriga till yrkesprogram, åk 9",skola,kommuner,09,2026,82.734806,83.629288,12.0,29,2022.0,-5.818453139999988,-1.6809339999999935,,
"Behöriga till yrkesprogram, åk 9",skola,kommuner,10,2026,78.4123854231031,83.629288,27.0,29,2022.0,-6.1210484043662206,-1.6809339999999935,,
"Behöriga till yrkesprogram, åk 9",skola,kommuner,11,2026,84.395548,83.629288,6.0,29,2022.0,3.0675116800000097,-1.6809339999999935,,
"Behöriga till yrkesprogram, åk 9",skola,kommuner,12,2026,82.53800646195455,83.629288,14.0,29,2022.0,-2.4987794272191337,-1.6809339999999935,,
"Behöriga till yrkesprogram, åk 9",skola,kommuner,13,2026,89.06191223894568,83.629288,2.0,29,2022.0,-1.5435913484830053,-1.6809339999999935,,
"Behöriga till yrkesprogram, åk 9",skola,kommuner,14,2026,80.09280110894638,83.629288,23.0,29,2022.0,-1.1525994359024594,-1.6809339999999935,,
"Behöriga till yrkesprogram, åk 9",skola,kommuner,15,2026,83.52846850599313,83.629288,9.0,29,2022.0,-1.7392515845092191,-1.6809339999999935,,
"Behöriga till yrkesprogram, åk 9",skola,kommuner,16,2026,80.754306,83.629288,20.0,29,2022.0,-1.6332372499999934,-1.6809339999999935,,
"Behöriga till yrkesprogram, åk 9",skola,kommuner,17,2026,84.4789629849181,83.629288,5.0,29,2022.0,-3.159682779154977,-1.6809339999999935,,
"Behöriga till yrkesprogram, åk 9",skola,kommuner,18,2026,82.30471475194868,83.629288,15.0,29,2022.0,-2.760083715645578,-1.6809339999999935,,
"Behöriga till yrkesprogram, åk 9",skola,kommuner,19,2026,77.91058957115962,83.629288,28.0,29,2022.0,-5.40514019819787,-1.6809339999999935,,
"Behöriga till yrkesprogram, åk 9",skola,kommuner,20,2026,80.57686787279823,83.629288,21.0,29,2022.0,-1.8895715117844958,-1.6809339999999935,,
"Behöriga till yrkesprogram, åk 9",skola,kommuner,21,2026,81.59271252196561,83.629288,18.0,29,2022.0,-4.240086616517772,-1.6809339999999935,,
"Behöriga till yrkesprogram, åk 9",skola,kommuner,22,2026,79.07394078732679,83.629288,25.0,29,2022.0,0.028385153081273984,-1.6809339999999935,,
"Behöriga till yrkesprogram, åk 9",skola,kommuner,23,2026,81.72724867402083,83.629288,17.0,29,2022.0,-0.5723615922581473,-1.6809339999999935,,
"Behöriga till yrkesprogram, åk 9",skola,kommuner,24,2026,82.59365904004292,83.629288,13.0,29,2022.0,-1.0580047722340566,-1.6809339999999935,,
"Behöriga till yrkesprogram, åk 9",skola,kommuner,25,2026,80.94177226927712,83.629288,19.0,29,2022.0,0.1123810847989688,-1.6809339999999935,,
"Behöriga till yrkesprogram, åk 9",skola,kommuner,26,2026,77.59798650349492,83.629288,29.0,29,2022.0,-4.10091399183392,-1.6809339999999935,,
"Behöriga till yrkesprogram, åk 9",skola,kommuner,27,2026,83.61167042374096,83.629288,8.0,29,2022.0,-2.4989444839026618,-1.6809339999999935,,
"Behöriga till yrkesprogram, åk 9",skola,kommuner,28,2026,86.1121215710803,83.629288,4.0,29,2022.0,-1.9511976095054848,-1.6809339999999935,,
"Behöriga till yrkesprogram, åk 9",skola,kommuner,29,2026,83.08612020638641,83.629288,11.0,29,2022.0,-3.653865676026143,-1.6809339999999935,,
Döda i skjutningar per 100 000 inv,lag,polisregion,01,2025,0.4711234685051998,0.40544866430594967,7.0,29,2021.0,-0.45774161989852535,-0.025077517139213856,,
Döda i skjutningar per 100 000 inv,lag,polisregion,02,2025,0.4711234685051998,0.40544866430594967,7.0,29,2021.0,-0.45774161989852535,-0.025077517139213856,,
Döda i skjutningar per 100 000 inv,lag,polisregion,03,2025,0.7181085431321638,0.40544866430594967,4.0,29,2021.0,0.30220436745423995,-0.025077517139213856,,
Döda i skjutningar per 100 000 inv,lag,polisregion,04,2025,0.2625381664859529,0.40544866430594967,16.0,29,2021.0,-0.1766095707175016,-0.025077517139213856,,
Döda i skjutningar per 100 000 inv,lag,polisregion,05,2025,0.2625381664859529,0.40544866430594967,16.0,29,2021.0,-0.1766095707175016,-0.025077517139213856,,
Döda i skjutningar per 100 000 inv,lag,polisregion,06,2025,0.2625381664859529,0.40544866430594967,16.0,29,2021.0,-0.1766095707175016,-0.025077517139213856,,
Döda i skjutningar per 100 000 inv,lag,polisregion,07,2025,0.19624225517674804,0.40544866430594967,19.0,29,2021.0,-0.1516915399807094,-0.025077517139213856,,
Döda i skjutningar per 100 000 inv,lag,polisregion,08,2025,0.19624225517674804,0.40544866430594967,19.0,29,2021.0,-0.1516915399807094,-0.025077517139213856,,
Döda i skjutningar per 100 000 inv,lag,polisregion,09,2025,0.4711234685051998,0.40544866430594967,7.0,29,2021.0,-0.45774161989852535,-0.025077517139213856,,
Döda i skjutningar per 100 000 inv,lag,polisregion,10,2025,0.19624225517674804,0.40544866430594967,19.0,29,2021.0,-0.1516915399807094,-0.025077517139213856,,
Döda i skjutningar per 100 000 inv,lag,polisregion,11,2025,0.19624225517674804,0.40544866430594967,19.0,29,2021.0,-0.1516915399807094,-0.025077517139213856,,
Döda i skjutningar per 100 000 inv,lag,polisregion,12,2025,0.19624225517674804,0.40544866430594967,19.0,29,2021.0,-0.1516915399807094,-0.025077517139213856,,
Döda i skjutningar per 100 000 inv,lag,polisregion,13,2025,0.19624225517674804,0.40544866430594967,19.0,29,2021.0,-0.1516915399807094,-0.025077517139213856,,
Döda i skjutningar per 100 000 inv,lag,polisregion,14,2025,0.19624225517674804,0.40544866430594967,19.0,29,2021.0,-0.1516915399807094,-0.025077517139213856,,
Döda i skjutningar per 100 000 inv,lag,polisregion,15,2025,0.2825001071146239,0.40544866430594967,10.0,29,2021.0,0.1386222536570952,-0.025077517139213856,,
Döda i skjutningar per 100 000 inv,lag,polisregion,16,2025,0.2825001071146239,0.40544866430594967,10.0,29,2021.0,0.1386222536570952,-0.025077517139213856,,
Döda i skjutningar per 100 000 inv,lag,polisregion,17,2025,0.2825001071146239,0.40544866430594967,10.0,29,2021.0,0.1386222536570952,-0.025077517139213856,,
Döda i skjutningar per 100 000 inv,lag,polisregion,18,2025,0.2825001071146239,0.40544866430594967,10.0,29,2021.0,0.1386222536570952,-0.025077517139213856,,
Döda i skjutningar per 100 000 inv,lag,polisregion,19,2025,0.2825001071146239,0.40544866430594967,10.0,29,2021.0,0.1386222536570952,-0.025077517139213856,,
Döda i skjutningar per 100 000 inv,lag,polisregion,20,2025,0.2825001071146239,0.40544866430594967,10.0,29,2021.0,0.1386222536570952,-0.025077517139213856,,
Döda i skjutningar per 100 000 inv,lag,polisregion,21,2025,1.25365125929269,0.40544866430594967,1.0,29,2021.0,1.0259580758573692,-0.025077517139213856,,
Döda i skjutningar per 100 000 inv,lag,polisregion,22,2025,1.25365125929269,0.40544866430594967,1.0,29,2021.0,1.0259580758573692,-0.025077517139213856,,
Döda i skjutningar per 100 000 inv,lag,polisregion,23,2025,0.7181085431321638,0.40544866430594967,4.0,29,2021.0,0.30220436745423995,-0.025077517139213856,,
Döda i skjutningar per 100 000 inv,lag,polisregion,24,2025,1.25365125929269,0.40544866430594967,1.0,29,2021.0,1.0259580758573692,-0.025077517139213856,,
Döda i skjutningar per 100 000 inv,lag,polisregion,25,2025,0.7181085431321638,0.40544866430594967,4.0,29,2021.0,0.30220436745423995,-0.025077517139213856,,
Döda i skjutningar per 100 000 inv,lag,polisregion,26,2025,0.0,0.40544866430594967,26.0,29,2021.0,-0.11104904703260289,-0.025077517139213856,,
Döda i skjutningar per 100 000 inv,lag,polisregion,27,2025,0.0,0.40544866430594967,26.0,29,2021.0,-0.11104904703260289,-0.025077517139213856,,
Döda i skjutningar per 100 000 inv,lag,polisregion,28,2025,0.0,0.40544866430594967,26.0,29,2021.0,-0.11104904703260289,-0.025077517139213856,,
Döda i skjutningar per 100 000 inv,lag,polisregion,29,2025,0.0,0.40544866430594967,26.0,29,2021.0,-0.11104904703260289,-0.025077517139213856,,
"Eftergymnasial utbildning ≥3 år, 25–64 (%)",befolkning,kommuner,01,2025,46.7947216500527,31.41415461143146,1.0,29,2021.0,2.8501830843659164,2.2220234964088057,,
"Eftergymnasial utbildning ≥3 år, 25–64 (%)",befolkning,kommuner,02,2025,34.90529915405759,31.41415461143146,6.0,29,2021.0,2.6662266023356125,2.2220234964088057,,
"Eftergymnasial utbildning ≥3 år, 25–64 (%)",befolkning,kommuner,03,2025,36.45125069217736,31.41415461143146,5.0,29,2021.0,2.146138150892611,2.2220234964088057,,
"Eftergymnasial utbildning ≥3 år, 25–64 (%)",befolkning,kommuner,04,2025,23.183335528959667,31.41415461143146,26.0,29,2021.0,1.9095222223263555,2.2220234964088057,,
"Eftergymnasial utbildning ≥3 år, 25–64 (%)",befolkning,kommuner,05,2025,29.868555216014755,31.41415461143146,9.0,29,2021.0,1.8095850666253206,2.2220234964088057,,
"Eftergymnasial utbildning ≥3 år, 25–64 (%)",befolkning,kommuner,06,2025,24.706300053654978,31.41415461143146,20.0,29,2021.0,1.7400722753359226,2.2220234964088057,,
"Eftergymnasial utbildning ≥3 år, 25–64 (%)",befolkning,kommuner,07,2025,26.595811812617093,31.41415461143146,12.0,29,2021.0,1.6908569470429597,2.2220234964088057,,
"Eftergymnasial utbildning ≥3 år, 25–64 (%)",befolkning,kommuner,08,2025,23.82462996757,31.41415461143146,22.0,29,2021.0,1.9080030240146968,2.2220234964088057,,
"Eftergymnasial utbildning ≥3 år, 25–64 (%)",befolkning,kommuner,09,2025,26.158996959447915,31.41415461143146,16.0,29,2021.0,2.2588495123402836,2.2220234964088057,,
"Eftergymnasial utbildning ≥3 år, 25–64 (%)",befolkning,kommuner,10,2025,26.211898212499758,31.41415461143146,14.0,29,2021.0,1.7481893150002783,2.2220234964088057,,
"Eftergymnasial utbildning ≥3 år, 25–64 (%)",befolkning,kommuner,11,2025,38.386050283860506,31.41415461143146,4.0,29,2021.0,2.935035072270921,2.2220234964088057,,
"Eftergymnasial utbildning ≥3 år, 25–64 (%)",befolkning,kommuner,12,2025,26.563788669141182,31.41415461143146,13.0,29,2021.0,1.9640651669787488,2.2220234964088057,,
"Eftergymnasial utbildning ≥3 år, 25–64 (%)",befolkning,kommuner,13,2025,39.97837987379275,31.41415461143146,3.0,29,2021.0,2.3982143318669316,2.2220234964088057,,
"Eftergymnasial utbildning ≥3 år, 25–64 (%)",befolkning,kommuner,14,2025,22.509072230444275,31.41415461143146,29.0,29,2021.0,1.7975667588840523,2.2220234964088057,,
"Eftergymnasial utbildning ≥3 år, 25–64 (%)",befolkning,kommuner,15,2025,28.227002691971034,31.41415461143146,10.0,29,2021.0,2.2475880868816347,2.2220234964088057,,
"Eftergymnasial utbildning ≥3 år, 25–64 (%)",befolkning,kommuner,16,2025,40.31197598234402,31.41415461143146,2.0,29,2021.0,2.4463565746642573,2.2220234964088057,,
"Eftergymnasial utbildning ≥3 år, 25–64 (%)",befolkning,kommuner,17,2025,33.87051612034422,31.41415461143146,7.0,29,2021.0,2.7457731321324346,2.2220234964088057,,
"Eftergymnasial utbildning ≥3 år, 25–64 (%)",befolkning,kommuner,18,2025,23.793303338448116,31.41415461143146,23.0,29,2021.0,2.004946162714738,2.2220234964088057,,
"Eftergymnasial utbildning ≥3 år, 25–64 (%)",befolkning,kommuner,19,2025,23.190540717202307,31.41415461143146,25.0,29,2021.0,1.5684966298327474,2.2220234964088057,,
"Eftergymnasial utbildning ≥3 år, 25–64 (%)",befolkning,kommuner,20,2025,22.59883925190788,31.41415461143146,27.0,29,2021.0,1.6932268155265469,2.2220234964088057,,
"Eftergymnasial utbildning ≥3 år, 25–64 (%)",befolkning,kommuner,21,2025,26.04541674555872,31.41415461143146,17.0,29,2021.0,2.2200155339417904,2.2220234964088057,,
"Eftergymnasial utbildning ≥3 år, 25–64 (%)",befolkning,kommuner,22,2025,25.89357859338057,31.41415461143146,18.0,29,2021.0,1.7159791515792975,2.2220234964088057,,
"Eftergymnasial utbildning ≥3 år, 25–64 (%)",befolkning,kommuner,23,2025,26.19099121273067,31.41415461143146,15.0,29,2021.0,2.1415699908522896,2.2220234964088057,,
"Eftergymnasial utbildning ≥3 år, 25–64 (%)",befolkning,kommuner,24,2025,23.475745064413434,31.41415461143146,24.0,29,2021.0,2.2668502567002697,2.2220234964088057,,
"Eftergymnasial utbildning ≥3 år, 25–64 (%)",befolkning,kommuner,25,2025,22.5479557822764,31.41415461143146,28.0,29,2021.0,1.8070825413546814,2.2220234964088057,,
"Eftergymnasial utbildning ≥3 år, 25–64 (%)",befolkning,kommuner,26,2025,24.683076961843938,31.41415461143146,21.0,29,2021.0,1.865252283058993,2.2220234964088057,,
"Eftergymnasial utbildning ≥3 år, 25–64 (%)",befolkning,kommuner,27,2025,27.113084023094117,31.41415461143146,11.0,29,2021.0,2.346164733865592,2.2220234964088057,,
"Eftergymnasial utbildning ≥3 år, 25–64 (%)",befolkning,kommuner,28,2025,32.90441581394499,31.41415461143146,8.0,29,2021.0,1.9781337626792102,2.2220234964088057,,
"Eftergymnasial utbildning ≥3 år, 25–64 (%)",befolkning,kommuner,29,2025,25.4965344459732,31.41415461143146,19.0,29,2021.0,1.5898193443140514,2.2220234964088057,,
Ekologiska livsmedel i kommunens verksamhet (%),miljo,kommuner,01,2025,55.78,,2.0,26,,,,,
Ekologiska livsmedel i kommunens verksamhet (%),miljo,kommuner,02,2025,31.873582568579646,,13.0,26,2021.0,-3.3566432920616514,,,
Ekologiska livsmedel i kommunens verksamhet (%),miljo,kommuner,03,2025,36.08756227746509,,5.0,26,2021.0,-8.89520819336736,,,
Ekologiska livsmedel i kommunens verksamhet (%),miljo,kommuner,04,2025,35.02571317839584,,7.0,26,2021.0,-4.7201685838279275,,,
Ekologiska livsmedel i kommunens verksamhet (%),miljo,kommuner,05,2025,28.76619481774982,,15.0,26,,,,,
Ekologiska livsmedel i kommunens verksamhet (%),miljo,kommuner,06,2025,20.362907997836004,,24.0,26,2021.0,-3.8224594348862126,,,
Ekologiska livsmedel i kommunens verksamhet (%),miljo,kommuner,07,2025,34.968454911576465,,8.0,26,2021.0,-7.177911503198949,,,
Ekologiska livsmedel i kommunens verksamhet (%),miljo,kommuner,08,2024,22.679561091415952,,24.0,26,2020.0,-2.8254115878477606,,,
Ekologiska livsmedel i kommunens verksamhet (%),miljo,kommuner,09,2023,24.0,,24.0,28,2019.0,-11.0,,,
Ekologiska livsmedel i kommunens verksamhet (%),miljo,kommuner,10,2025,19.198510710752917,,26.0,26,,,,,
Ekologiska livsmedel i kommunens verksamhet (%),miljo,kommuner,11,2025,57.4,,1.0,26,,,,,
Ekologiska livsmedel i kommunens verksamhet (%),miljo,kommuner,12,2025,35.27081292790488,,6.0,26,,,,,
Ekologiska livsmedel i kommunens verksamhet (%),miljo,kommuner,13,2025,34.6214637354498,,10.0,26,2021.0,-9.9866574568086,,,
Ekologiska livsmedel i kommunens verksamhet (%),miljo,kommuner,14,2025,28.84865688726314,,14.0,26,,,,,
Ekologiska livsmedel i kommunens verksamhet (%),miljo,kommuner,15,2025,23.69905347952562,,22.0,26,2021.0,-4.659104050876298,,,
Ekologiska livsmedel i kommunens verksamhet (%),miljo,kommuner,16,2025,48.4,,4.0,26,2021.0,8.59551098,,,
Ekologiska livsmedel i kommunens verksamhet (%),miljo,kommuner,17,2024,29.827020984584784,,14.0,26,,,,,
Ekologiska livsmedel i kommunens verksamhet (%),miljo,kommuner,18,2025,23.84365880221238,,20.0,26,,,,,
Ekologiska livsmedel i kommunens verksamhet (%),miljo,kommuner,19,2025,33.90216851011073,,11.0,26,2021.0,-4.718137021227172,,,
Ekologiska livsmedel i kommunens verksamhet (%),miljo,kommuner,20,2025,26.85631201960831,,17.0,26,2021.0,3.5280863662609967,,,
Ekologiska livsmedel i kommunens verksamhet (%),miljo,kommuner,21,2025,23.737582426970373,,21.0,26,2021.0,-4.689820825915287,,,
Ekologiska livsmedel i kommunens verksamhet (%),miljo,kommuner,22,2025,49.79883916868717,,3.0,26,,,,,
Ekologiska livsmedel i kommunens verksamhet (%),miljo,kommuner,23,2025,33.308444776007704,,12.0,26,,,,,
Ekologiska livsmedel i kommunens verksamhet (%),miljo,kommuner,24,2025,28.470681067379868,,16.0,26,2021.0,-6.742062071211496,,,
Ekologiska livsmedel i kommunens verksamhet (%),miljo,kommuner,25,2025,34.67298774071109,,9.0,26,2021.0,-3.3592229828895412,,,
Ekologiska livsmedel i kommunens verksamhet (%),miljo,kommuner,26,2025,25.477396721899545,,19.0,26,2021.0,-3.7601369818712236,,,
Ekologiska livsmedel i kommunens verksamhet (%),miljo,kommuner,27,2025,25.60539716641505,,18.0,26,2021.0,-8.57863434428955,,,
Ekologiska livsmedel i kommunens verksamhet (%),miljo,kommuner,28,2025,19.67083213227096,,25.0,26,,,,,
Ekologiska livsmedel i kommunens verksamhet (%),miljo,kommuner,29,2025,22.90054543298684,,23.0,26,2021.0,0.4934308189541703,,,
Ekonomiskt bistånd (% av bef.),valfard,kommuner,01,2025,1.8314939999999997,2.325919,22.0,27,2021.0,-0.5145120000000003,-0.9334610000000003,,
Ekonomiskt bistånd (% av bef.),valfard,kommuner,02,2025,1.4654503123970322,2.325919,27.0,27,2021.0,-0.5349837422681449,-0.9334610000000003,,
Ekonomiskt bistånd (% av bef.),valfard,kommuner,03,2025,2.6332121654238096,2.325919,13.0,27,2021.0,-1.1612887200218598,-0.9334610000000003,,
Ekonomiskt bistånd (% av bef.),valfard,kommuner,04,2025,3.788420305228596,2.325919,2.0,27,2021.0,-1.7564704544571739,-0.9334610000000003,,
Ekonomiskt bistånd (% av bef.),valfard,kommuner,05,2025,3.1397459861933745,2.325919,5.0,27,2021.0,-1.0015451317429838,-0.9334610000000003,,
Ekonomiskt bistånd (% av bef.),valfard,kommuner,06,2025,2.5737900930483355,2.325919,14.0,27,2021.0,-0.706006893652392,-0.9334610000000003,,
Ekonomiskt bistånd (% av bef.),valfard,kommuner,07,2025,3.0505309382650134,2.325919,7.0,27,2021.0,-0.7888630647802097,-0.9334610000000003,,
Ekonomiskt bistånd (% av bef.),valfard,kommuner,08,2025,2.026380659855404,2.325919,21.0,27,2021.0,-0.7180312849221049,-0.9334610000000003,,
Ekonomiskt bistånd (% av bef.),valfard,kommuner,09,2025,2.430487,2.325919,16.0,27,2021.0,-0.9497850000000003,-0.9334610000000003,,
Ekonomiskt bistånd (% av bef.),valfard,kommuner,10,2025,2.1371609292409235,2.325919,19.0,27,2021.0,-0.8527309450516478,-0.9334610000000003,,
Ekonomiskt bistånd (% av bef.),valfard,kommuner,11,2025,4.57676,2.325919,1.0,27,2021.0,-3.0127429999999995,-0.9334610000000003,,
Ekonomiskt bistånd (% av bef.),valfard,kommuner,12,2025,3.0345483529063015,2.325919,8.0,27,2021.0,-1.2103934871882336,-0.9334610000000003,,
Ekonomiskt bistånd (% av bef.),valfard,kommuner,13,2025,1.799686170525435,2.325919,23.0,27,2021.0,-0.5533026559544867,-0.9334610000000003,,
Ekonomiskt bistånd (% av bef.),valfard,kommuner,14,2025,2.5230381934029364,2.325919,15.0,27,2021.0,-1.1764451169716845,-0.9334610000000003,,
Ekonomiskt bistånd (% av bef.),valfard,kommuner,15,2024,1.7219408096069218,2.374687,25.0,28,2020.0,-0.7027834678899085,-1.2311359999999998,,
Ekonomiskt bistånd (% av bef.),valfard,kommuner,16,2025,2.786828,2.325919,12.0,27,2021.0,-1.2090940000000003,-0.9334610000000003,,
Ekonomiskt bistånd (% av bef.),valfard,kommuner,17,2025,1.657961802192997,2.325919,25.0,27,2021.0,-0.5195813386768025,-0.9334610000000003,,
Ekonomiskt bistånd (% av bef.),valfard,kommuner,18,2025,2.906722420395585,2.325919,10.0,27,2021.0,-1.3873958102543855,-0.9334610000000003,,
Ekonomiskt bistånd (% av bef.),valfard,kommuner,19,2025,2.0882913619696146,2.325919,20.0,27,2021.0,-0.1544275980811256,-0.9334610000000003,,
Ekonomiskt bistånd (% av bef.),valfard,kommuner,20,2025,2.300285867140473,2.325919,18.0,27,2021.0,-0.7516395695013665,-0.9334610000000003,,
Ekonomiskt bistånd (% av bef.),valfard,kommuner,21,2025,3.067205420048853,2.325919,6.0,27,2021.0,-1.1304553749418966,-0.9334610000000003,,
Ekonomiskt bistånd (% av bef.),valfard,kommuner,22,2025,2.9162466565682394,2.325919,9.0,27,2021.0,-1.1927517916422103,-0.9334610000000003,,
Ekonomiskt bistånd (% av bef.),valfard,kommuner,23,2025,2.875830086205929,2.325919,11.0,27,2021.0,-1.2229784946118372,-0.9334610000000003,,
Ekonomiskt bistånd (% av bef.),valfard,kommuner,24,2025,3.2776976815967096,2.325919,4.0,27,2021.0,-1.2255109084886682,-0.9334610000000003,,
Ekonomiskt bistånd (% av bef.),valfard,kommuner,25,2025,3.746737004937894,2.325919,3.0,27,2021.0,-1.0803845180696339,-0.9334610000000003,,
Ekonomiskt bistånd (% av bef.),valfard,kommuner,26,2024,2.566851337130495,2.374687,15.0,28,,,,,
Ekonomiskt bistånd (% av bef.),valfard,kommuner,27,2025,2.3020545724170636,2.325919,17.0,27,2021.0,-0.6900889542929587,-0.9334610000000003,,
Ekonomiskt bistånd (% av bef.),valfard,kommuner,28,2025,1.762538527516918,2.325919,24.0,27,2021.0,-0.832711652528191,-0.9334610000000003,,
Ekonomiskt bistånd (% av bef.),valfard,kommuner,29,2025,1.5054218899889817,2.325919,26.0,27,2021.0,-0.8806607612832811,-0.9334610000000003,,
Examen/studiebevis inom 4 år (gymnasiet),skola,kommuner,01,2025,82.497839,81.996124,9.0,29,2021.0,4.789605999999992,4.133316999999991,,
Examen/studiebevis inom 4 år (gymnasiet),skola,kommuner,02,2025,84.01497749865182,81.996124,2.0,29,2021.0,3.526078657623799,4.133316999999991,,
Examen/studiebevis inom 4 år (gymnasiet),skola,kommuner,03,2025,82.46535991377115,81.996124,10.0,29,2021.0,4.4449507404928,4.133316999999991,,
Examen/studiebevis inom 4 år (gymnasiet),skola,kommuner,04,2025,78.69273208655684,81.996124,27.0,29,2021.0,2.5826478117104585,4.133316999999991,,
Examen/studiebevis inom 4 år (gymnasiet),skola,kommuner,05,2025,80.80658536512027,81.996124,21.0,29,2021.0,2.0459791211868747,4.133316999999991,,
Examen/studiebevis inom 4 år (gymnasiet),skola,kommuner,06,2025,80.95092571388649,81.996124,18.0,29,2021.0,3.1146354155736304,4.133316999999991,,
Examen/studiebevis inom 4 år (gymnasiet),skola,kommuner,07,2025,78.57588754160157,81.996124,28.0,29,2021.0,3.704648598788495,4.133316999999991,,
Examen/studiebevis inom 4 år (gymnasiet),skola,kommuner,08,2025,79.79421229676072,81.996124,23.0,29,2021.0,3.853958727633213,4.133316999999991,,
Examen/studiebevis inom 4 år (gymnasiet),skola,kommuner,09,2025,77.337559,81.996124,29.0,29,2021.0,3.7334979999999973,4.133316999999991,,
Examen/studiebevis inom 4 år (gymnasiet),skola,kommuner,10,2025,81.50293604778082,81.996124,15.0,29,2021.0,3.4324002916713994,4.133316999999991,,
Examen/studiebevis inom 4 år (gymnasiet),skola,kommuner,11,2025,82.517483,81.996124,8.0,29,2021.0,11.578147999999999,4.133316999999991,,
Examen/studiebevis inom 4 år (gymnasiet),skola,kommuner,12,2025,82.41951573398224,81.996124,11.0,29,2021.0,4.641862167292018,4.133316999999991,,
Examen/studiebevis inom 4 år (gymnasiet),skola,kommuner,13,2025,87.46211888567042,81.996124,1.0,29,2021.0,4.495514500673636,4.133316999999991,,
Examen/studiebevis inom 4 år (gymnasiet),skola,kommuner,14,2025,81.51107519323014,81.996124,14.0,29,2021.0,7.232403299142405,4.133316999999991,,
Examen/studiebevis inom 4 år (gymnasiet),skola,kommuner,15,2025,83.10865824847095,81.996124,6.0,29,2021.0,4.033863873271429,4.133316999999991,,
Examen/studiebevis inom 4 år (gymnasiet),skola,kommuner,16,2025,78.801524,81.996124,26.0,29,2021.0,3.9833930000000066,4.133316999999991,,
Examen/studiebevis inom 4 år (gymnasiet),skola,kommuner,17,2025,83.14190985811108,81.996124,5.0,29,2021.0,1.2668640775150664,4.133316999999991,,
Examen/studiebevis inom 4 år (gymnasiet),skola,kommuner,18,2025,82.3899703085593,81.996124,12.0,29,2021.0,4.4892843616479325,4.133316999999991,,
Examen/studiebevis inom 4 år (gymnasiet),skola,kommuner,19,2025,81.81254725750627,81.996124,13.0,29,2021.0,1.6305543268549627,4.133316999999991,,
Examen/studiebevis inom 4 år (gymnasiet),skola,kommuner,20,2025,80.89785439967514,81.996124,19.0,29,2021.0,0.9689239699199987,4.133316999999991,,
Examen/studiebevis inom 4 år (gymnasiet),skola,kommuner,21,2025,82.68206573469472,81.996124,7.0,29,2021.0,2.3921993023278105,4.133316999999991,,
Examen/studiebevis inom 4 år (gymnasiet),skola,kommuner,22,2025,81.18069355053328,81.996124,17.0,29,2021.0,2.730645246931573,4.133316999999991,,
Examen/studiebevis inom 4 år (gymnasiet),skola,kommuner,23,2025,80.18311907346049,81.996124,22.0,29,2021.0,5.939898119638727,4.133316999999991,,
Examen/studiebevis inom 4 år (gymnasiet),skola,kommuner,24,2025,78.83190389083634,81.996124,25.0,29,2021.0,3.8882864447498804,4.133316999999991,,
Examen/studiebevis inom 4 år (gymnasiet),skola,kommuner,25,2025,79.2761171122494,81.996124,24.0,29,2021.0,2.714815238372566,4.133316999999991,,
Examen/studiebevis inom 4 år (gymnasiet),skola,kommuner,26,2025,80.81348029862154,81.996124,20.0,29,2021.0,3.6192656408438495,4.133316999999991,,
Examen/studiebevis inom 4 år (gymnasiet),skola,kommuner,27,2025,83.35420403201333,81.996124,3.0,29,2021.0,8.331614249390327,4.133316999999991,,
Examen/studiebevis inom 4 år (gymnasiet),skola,kommuner,28,2025,83.29141192135813,81.996124,4.0,29,2021.0,4.164772533921422,4.133316999999991,,
Examen/studiebevis inom 4 år (gymnasiet),skola,kommuner,29,2025,81.23350466273243,81.996124,16.0,29,2021.0,3.1162417060291716,4.133316999999991,,
"Färdigställda bostäder, nybyggnad, per 1 000 inv",bostad,kommuner,01,2025,4.123137,2.956853,4.0,29,2021.0,-0.6573520000000004,-1.8352859999999995,,
"Färdigställda bostäder, nybyggnad, per 1 000 inv",bostad,kommuner,02,2025,4.390847176813797,2.956853,2.0,29,2021.0,-2.362764591309203,-1.8352859999999995,,
"Färdigställda bostäder, nybyggnad, per 1 000 inv",bostad,kommuner,03,2025,3.818834543534452,2.956853,7.0,29,2021.0,-1.5890227556267815,-1.8352859999999995,,
"Färdigställda bostäder, nybyggnad, per 1 000 inv",bostad,kommuner,04,2025,2.8221426443056776,2.956853,13.0,29,2021.0,-2.7508642779860732,-1.8352859999999995,,
"Färdigställda bostäder, nybyggnad, per 1 000 inv",bostad,kommuner,05,2025,2.9252105309287475,2.956853,12.0,29,2021.0,-1.43371789158395,-1.8352859999999995,,
"Färdigställda bostäder, nybyggnad, per 1 000 inv",bostad,kommuner,06,2025,1.1363536313894373,2.956853,23.0,29,2021.0,-2.5717013290495245,-1.8352859999999995,,
"Färdigställda bostäder, nybyggnad, per 1 000 inv",bostad,kommuner,07,2025,1.692754916381589,2.956853,18.0,29,2021.0,-2.9707749950169067,-1.8352859999999995,,
"Färdigställda bostäder, nybyggnad, per 1 000 inv",bostad,kommuner,08,2025,0.9371502464714316,2.956853,27.0,29,2021.0,-1.5121428858198098,-1.8352859999999995,,
"Färdigställda bostäder, nybyggnad, per 1 000 inv",bostad,kommuner,09,2025,1.133898,2.956853,24.0,29,2021.0,-2.570959,-1.8352859999999995,,
"Färdigställda bostäder, nybyggnad, per 1 000 inv",bostad,kommuner,10,2025,1.3060502262555338,2.956853,21.0,29,2021.0,-0.4785900125593916,-1.8352859999999995,,
"Färdigställda bostäder, nybyggnad, per 1 000 inv",bostad,kommuner,11,2025,3.204466,2.956853,10.0,29,2021.0,-4.644880999999999,-1.8352859999999995,,
"Färdigställda bostäder, nybyggnad, per 1 000 inv",bostad,kommuner,12,2025,1.9186238241234803,2.956853,17.0,29,2021.0,-3.0809247326421896,-1.8352859999999995,,
"Färdigställda bostäder, nybyggnad, per 1 000 inv",bostad,kommuner,13,2025,2.2186005458646476,2.956853,15.0,29,2021.0,-4.935499664290319,-1.8352859999999995,,
"Färdigställda bostäder, nybyggnad, per 1 000 inv",bostad,kommuner,14,2025,1.3149842855190927,2.956853,20.0,29,2021.0,-3.2622927841085367,-1.8352859999999995,,
"Färdigställda bostäder, nybyggnad, per 1 000 inv",bostad,kommuner,15,2025,3.81916713705154,2.956853,6.0,29,2021.0,-2.000007534105319,-1.8352859999999995,,
"Färdigställda bostäder, nybyggnad, per 1 000 inv",bostad,kommuner,16,2025,3.372043,2.956853,9.0,29,2021.0,-5.422117,-1.8352859999999995,,
"Färdigställda bostäder, nybyggnad, per 1 000 inv",bostad,kommuner,17,2025,2.434694765689011,2.956853,14.0,29,2021.0,-2.795531463657462,-1.8352859999999995,,
"Färdigställda bostäder, nybyggnad, per 1 000 inv",bostad,kommuner,18,2025,1.0227914139515197,2.956853,25.0,29,2021.0,-1.680306083187886,-1.8352859999999995,,
"Färdigställda bostäder, nybyggnad, per 1 000 inv",bostad,kommuner,19,2025,3.4129012624080906,2.956853,8.0,29,2021.0,0.29957722329684655,-1.8352859999999995,,
"Färdigställda bostäder, nybyggnad, per 1 000 inv",bostad,kommuner,20,2025,0.8758361788782333,2.956853,29.0,29,2021.0,-1.2994929275396805,-1.8352859999999995,,
"Färdigställda bostäder, nybyggnad, per 1 000 inv",bostad,kommuner,21,2025,4.126596398096921,2.956853,3.0,29,2021.0,2.144210983138437,-1.8352859999999995,,
"Färdigställda bostäder, nybyggnad, per 1 000 inv",bostad,kommuner,22,2025,3.024615021658019,2.956853,11.0,29,2021.0,-0.9972278765928397,-1.8352859999999995,,
"Färdigställda bostäder, nybyggnad, per 1 000 inv",bostad,kommuner,23,2025,1.53944583815867,2.956853,19.0,29,2021.0,-2.5953708718861375,-1.8352859999999995,,
"Färdigställda bostäder, nybyggnad, per 1 000 inv",bostad,kommuner,24,2025,2.0355281809306693,2.956853,16.0,29,2021.0,0.5334325381878326,-1.8352859999999995,,
"Färdigställda bostäder, nybyggnad, per 1 000 inv",bostad,kommuner,25,2025,0.9323441991302471,2.956853,28.0,29,2021.0,-1.7075389612208922,-1.8352859999999995,,
"Färdigställda bostäder, nybyggnad, per 1 000 inv",bostad,kommuner,26,2025,0.9414256661813349,2.956853,26.0,29,2021.0,-0.23034362517606466,-1.8352859999999995,,
"Färdigställda bostäder, nybyggnad, per 1 000 inv",bostad,kommuner,27,2025,1.283834435218519,2.956853,22.0,29,2021.0,-0.5205673659563348,-1.8352859999999995,,
"Färdigställda bostäder, nybyggnad, per 1 000 inv",bostad,kommuner,28,2025,3.861053567304003,2.956853,5.0,29,2021.0,0.5056461233961311,-1.8352859999999995,,
"Färdigställda bostäder, nybyggnad, per 1 000 inv",bostad,kommuner,29,2025,7.696061420138942,2.956853,1.0,29,2021.0,2.844851618326376,-1.8352859999999995,,
Första kontakt i specialiserad vård inom 90 dagar,sjukvard,län,01,2025,94.968903,,1.0,21,2021.0,-1.7212260000000015,,hogre,100.0
Första kontakt i specialiserad vård inom 90 dagar,sjukvard,län,02,2025,94.968903,,1.0,21,2021.0,-1.7212260000000015,,hogre,100.0
Första kontakt i specialiserad vård inom 90 dagar,sjukvard,län,03,2025,82.884823,,6.0,21,2021.0,-2.4903070000000014,,hogre,100.0
Första kontakt i specialiserad vård inom 90 dagar,sjukvard,län,04,2025,79.153255,,14.0,21,2021.0,-8.041313000000002,,hogre,100.0
Första kontakt i specialiserad vård inom 90 dagar,sjukvard,län,05,2025,74.285452,,19.0,21,2021.0,-2.4824099999999873,,hogre,100.0
Första kontakt i specialiserad vård inom 90 dagar,sjukvard,län,06,2025,86.374099,,4.0,21,2021.0,-4.607894999999999,,hogre,100.0
Första kontakt i specialiserad vård inom 90 dagar,sjukvard,län,07,2025,86.452495,,3.0,21,2021.0,5.021951000000001,,hogre,100.0
Första kontakt i specialiserad vård inom 90 dagar,sjukvard,län,08,2025,82.78364,,7.0,21,2021.0,-5.460616999999999,,hogre,100.0
Första kontakt i specialiserad vård inom 90 dagar,sjukvard,län,09,2025,85.059794,,5.0,21,2021.0,-2.780304000000001,,hogre,100.0
Första kontakt i specialiserad vård inom 90 dagar,sjukvard,län,10,2024,74.050396,84.931461,25.0,27,,,,hogre,100.0
Första kontakt i specialiserad vård inom 90 dagar,sjukvard,län,11,2025,76.954937,,15.0,21,2021.0,-4.703667999999993,,hogre,100.0
Första kontakt i specialiserad vård inom 90 dagar,sjukvard,län,12,2025,76.954937,,15.0,21,2021.0,-4.703667999999993,,hogre,100.0
Första kontakt i specialiserad vård inom 90 dagar,sjukvard,län,13,2025,76.954937,,15.0,21,2021.0,-4.703667999999993,,hogre,100.0
Första kontakt i specialiserad vård inom 90 dagar,sjukvard,län,14,2025,76.954937,,15.0,21,2021.0,-4.703667999999993,,hogre,100.0
Första kontakt i specialiserad vård inom 90 dagar,sjukvard,län,15,2024,92.249554,84.931461,3.0,27,,,,hogre,100.0
Första kontakt i specialiserad vård inom 90 dagar,sjukvard,län,16,2025,80.823047,,9.0,21,2021.0,4.636312000000004,,hogre,100.0
Första kontakt i specialiserad vård inom 90 dagar,sjukvard,län,17,2025,80.823047,,9.0,21,2021.0,4.636312000000004,,hogre,100.0
Första kontakt i specialiserad vård inom 90 dagar,sjukvard,län,18,2025,80.823047,,9.0,21,2021.0,4.636312000000004,,hogre,100.0
Första kontakt i specialiserad vård inom 90 dagar,sjukvard,län,19,2025,80.823047,,9.0,21,2021.0,4.636312000000004,,hogre,100.0
Första kontakt i specialiserad vård inom 90 dagar,sjukvard,län,20,2025,80.823047,,9.0,21,2021.0,4.636312000000004,,hogre,100.0
Första kontakt i specialiserad vård inom 90 dagar,sjukvard,län,21,2025,67.901792,,21.0,21,2021.0,-4.932862,,hogre,100.0
Första kontakt i specialiserad vård inom 90 dagar,sjukvard,län,22,2023,75.893629,83.85023,19.0,29,,,,hogre,100.0
Första kontakt i specialiserad vård inom 90 dagar,sjukvard,län,23,2025,80.828554,,8.0,21,2021.0,-4.2825810000000075,,hogre,100.0
Första kontakt i specialiserad vård inom 90 dagar,sjukvard,län,24,2024,77.857639,84.931461,17.0,27,,,,hogre,100.0
Första kontakt i specialiserad vård inom 90 dagar,sjukvard,län,25,2024,79.789938,84.931461,11.0,27,,,,hogre,100.0
Första kontakt i specialiserad vård inom 90 dagar,sjukvard,län,26,2024,70.940711,84.931461,26.0,27,,,,hogre,100.0
Första kontakt i specialiserad vård inom 90 dagar,sjukvard,län,27,2025,73.883695,,20.0,21,2021.0,-2.8629979999999904,,hogre,100.0
Första kontakt i specialiserad vård inom 90 dagar,sjukvard,län,28,2024,76.856126,84.931461,18.0,27,,,,hogre,100.0
Första kontakt i specialiserad vård inom 90 dagar,sjukvard,län,29,2023,75.477158,83.85023,21.0,29,,,,hogre,100.0
"Förtroende för polisen (NTU, %)",lag,län,01,2025,61.13558059976427,62.04018870132476,21.0,29,2021.0,3.7374626884743805,4.528769655078094,,
"Förtroende för polisen (NTU, %)",lag,län,02,2025,61.13558059976427,62.04018870132476,21.0,29,2021.0,3.7374626884743805,4.528769655078094,,
"Förtroende för polisen (NTU, %)",lag,län,03,2025,63.37905456917818,62.04018870132476,11.0,29,2021.0,3.5833529017794135,4.528769655078094,,
"Förtroende för polisen (NTU, %)",lag,län,04,2025,61.78677149487643,62.04018870132476,19.0,29,2021.0,7.150396012999657,4.528769655078094,,
"Förtroende för polisen (NTU, %)",lag,län,05,2025,64.08087018642456,62.04018870132476,7.0,29,2021.0,5.1595867801424475,4.528769655078094,,
"Förtroende för polisen (NTU, %)",lag,län,06,2025,65.27852024100947,62.04018870132476,4.0,29,2021.0,3.521826823699456,4.528769655078094,,
"Förtroende för polisen (NTU, %)",lag,län,07,2025,61.8441668252076,62.04018870132476,18.0,29,2021.0,8.543109344036061,4.528769655078094,,
"Förtroende för polisen (NTU, %)",lag,län,08,2025,64.52689098630913,62.04018870132476,5.0,29,2021.0,5.30364164167986,4.528769655078094,,
"Förtroende för polisen (NTU, %)",lag,län,09,2025,68.20723856824615,62.04018870132476,2.0,29,2021.0,3.7209686041845913,4.528769655078094,,
"Förtroende för polisen (NTU, %)",lag,län,10,2025,57.49892094239025,62.04018870132476,29.0,29,2021.0,1.8278059853195714,4.528769655078094,,
"Förtroende för polisen (NTU, %)",lag,län,11,2025,58.658105462364574,62.04018870132476,25.0,29,2021.0,3.2188642853184533,4.528769655078094,,
"Förtroende för polisen (NTU, %)",lag,län,12,2025,58.658105462364574,62.04018870132476,25.0,29,2021.0,3.2188642853184533,4.528769655078094,,
"Förtroende för polisen (NTU, %)",lag,län,13,2025,58.658105462364574,62.04018870132476,25.0,29,2021.0,3.2188642853184533,4.528769655078094,,
"Förtroende för polisen (NTU, %)",lag,län,14,2025,58.658105462364574,62.04018870132476,25.0,29,2021.0,3.2188642853184533,4.528769655078094,,
"Förtroende för polisen (NTU, %)",lag,län,15,2025,63.59197494576042,62.04018870132476,10.0,29,2021.0,2.4688133772072334,4.528769655078094,,
"Förtroende för polisen (NTU, %)",lag,län,16,2025,62.29683716641461,62.04018870132476,13.0,29,2021.0,5.259647963720504,4.528769655078094,,
"Förtroende för polisen (NTU, %)",lag,län,17,2025,62.29683716641461,62.04018870132476,13.0,29,2021.0,5.259647963720504,4.528769655078094,,
"Förtroende för polisen (NTU, %)",lag,län,18,2025,62.29683716641461,62.04018870132476,13.0,29,2021.0,5.259647963720504,4.528769655078094,,
"Förtroende för polisen (NTU, %)",lag,län,19,2025,62.29683716641461,62.04018870132476,13.0,29,2021.0,5.259647963720504,4.528769655078094,,
"Förtroende för polisen (NTU, %)",lag,län,20,2025,62.29683716641461,62.04018870132476,13.0,29,2021.0,5.259647963720504,4.528769655078094,,
"Förtroende för polisen (NTU, %)",lag,län,21,2025,63.78715512171205,62.04018870132476,9.0,29,2021.0,6.039854771930244,4.528769655078094,,
"Förtroende för polisen (NTU, %)",lag,län,22,2025,63.90618415711445,62.04018870132476,8.0,29,2021.0,8.029796928462538,4.528769655078094,,
"Förtroende för polisen (NTU, %)",lag,län,23,2025,62.479727285730064,62.04018870132476,12.0,29,2021.0,7.25322672053462,4.528769655078094,,
"Förtroende för polisen (NTU, %)",lag,län,24,2025,60.883274626065614,62.04018870132476,23.0,29,2021.0,6.001554836694176,4.528769655078094,,
"Förtroende för polisen (NTU, %)",lag,län,25,2025,59.94065668949672,62.04018870132476,24.0,29,2021.0,5.135376795290966,4.528769655078094,,
"Förtroende för polisen (NTU, %)",lag,län,26,2025,64.27394043225064,62.04018870132476,6.0,29,2021.0,4.3046675382698965,4.528769655078094,,
"Förtroende för polisen (NTU, %)",lag,län,27,2025,67.21457236760347,62.04018870132476,3.0,29,2021.0,4.0899575834411195,4.528769655078094,,
"Förtroende för polisen (NTU, %)",lag,län,28,2025,68.56130907054421,62.04018870132476,1.0,29,2021.0,4.811191047325323,4.528769655078094,,
"Förtroende för polisen (NTU, %)",lag,län,29,2025,61.566527396842126,62.04018870132476,20.0,29,2021.0,2.618025588985745,4.528769655078094,,
"Förtroende för rättsväsendet (NTU, %)",lag,län,01,2025,55.008625514559775,53.98391616148188,8.0,29,2021.0,0.8771010508220627,1.8641367758088236,,
"Förtroende för rättsväsendet (NTU, %)",lag,län,02,2025,55.008625514559775,53.98391616148188,8.0,29,2021.0,0.8771010508220627,1.8641367758088236,,
"Förtroende för rättsväsendet (NTU, %)",lag,län,03,2025,55.96888120688994,53.98391616148188,4.0,29,2021.0,1.877757399762963,1.8641367758088236,,
"Förtroende för rättsväsendet (NTU, %)",lag,län,04,2025,50.276710655971904,53.98391616148188,28.0,29,2021.0,1.0702921916333352,1.8641367758088236,,
"Förtroende för rättsväsendet (NTU, %)",lag,län,05,2025,53.99423074822214,53.98391616148188,16.0,29,2021.0,0.7984150004664698,1.8641367758088236,,
"Förtroende för rättsväsendet (NTU, %)",lag,län,06,2025,55.815755578079305,53.98391616148188,5.0,29,2021.0,4.759904881462177,1.8641367758088236,,
"Förtroende för rättsväsendet (NTU, %)",lag,län,07,2025,53.51101986758759,53.98391616148188,18.0,29,2021.0,8.559030263830813,1.8641367758088236,,
"Förtroende för rättsväsendet (NTU, %)",lag,län,08,2025,53.40155103178022,53.98391616148188,19.0,29,2021.0,3.419130253257542,1.8641367758088236,,
"Förtroende för rättsväsendet (NTU, %)",lag,län,09,2025,57.26395207404687,53.98391616148188,3.0,29,2021.0,2.128779795508784,1.8641367758088236,,
"Förtroende för rättsväsendet (NTU, %)",lag,län,10,2025,47.85251430364779,53.98391616148188,29.0,29,2021.0,-1.6296918512779186,1.8641367758088236,,
"Förtroende för rättsväsendet (NTU, %)",lag,län,11,2025,50.55547950966267,53.98391616148188,23.0,29,2021.0,0.7665298026858309,1.8641367758088236,,
"Förtroende för rättsväsendet (NTU, %)",lag,län,12,2025,50.55547950966267,53.98391616148188,23.0,29,2021.0,0.7665298026858309,1.8641367758088236,,
"Förtroende för rättsväsendet (NTU, %)",lag,län,13,2025,50.55547950966267,53.98391616148188,23.0,29,2021.0,0.7665298026858309,1.8641367758088236,,
"Förtroende för rättsväsendet (NTU, %)",lag,län,14,2025,50.55547950966267,53.98391616148188,23.0,29,2021.0,0.7665298026858309,1.8641367758088236,,
"Förtroende för rättsväsendet (NTU, %)",lag,län,15,2025,53.3984696986211,53.98391616148188,20.0,29,2021.0,0.5784644375459891,1.8641367758088236,,
"Förtroende för rättsväsendet (NTU, %)",lag,län,16,2025,54.61140304981615,53.98391616148188,11.0,29,2021.0,2.885548996374446,1.8641367758088236,,
"Förtroende för rättsväsendet (NTU, %)",lag,län,17,2025,54.61140304981615,53.98391616148188,11.0,29,2021.0,2.885548996374446,1.8641367758088236,,
"Förtroende för rättsväsendet (NTU, %)",lag,län,18,2025,54.61140304981615,53.98391616148188,11.0,29,2021.0,2.885548996374446,1.8641367758088236,,
"Förtroende för rättsväsendet (NTU, %)",lag,län,19,2025,54.61140304981615,53.98391616148188,11.0,29,2021.0,2.885548996374446,1.8641367758088236,,
"Förtroende för rättsväsendet (NTU, %)",lag,län,20,2025,54.61140304981615,53.98391616148188,11.0,29,2021.0,2.885548996374446,1.8641367758088236,,
"Förtroende för rättsväsendet (NTU, %)",lag,län,21,2025,53.59473594733748,53.98391616148188,17.0,29,2021.0,0.6982814030309044,1.8641367758088236,,
"Förtroende för rättsväsendet (NTU, %)",lag,län,22,2025,55.10854423014703,53.98391616148188,7.0,29,2021.0,4.987588497373871,1.8641367758088236,,
"Förtroende för rättsväsendet (NTU, %)",lag,län,23,2025,53.10636335289496,53.98391616148188,21.0,29,2021.0,2.373528750500185,1.8641367758088236,,
"Förtroende för rättsväsendet (NTU, %)",lag,län,24,2025,52.196043851529836,53.98391616148188,22.0,29,2021.0,2.5577144572878083,1.8641367758088236,,
"Förtroende för rättsväsendet (NTU, %)",lag,län,25,2025,50.3855533138912,53.98391616148188,27.0,29,2021.0,1.4912225811632709,1.8641367758088236,,
"Förtroende för rättsväsendet (NTU, %)",lag,län,26,2025,55.524311854554206,53.98391616148188,6.0,29,2021.0,0.3502496022814938,1.8641367758088236,,
"Förtroende för rättsväsendet (NTU, %)",lag,län,27,2025,57.942431497352466,53.98391616148188,2.0,29,2021.0,2.3465018479068647,1.8641367758088236,,
"Förtroende för rättsväsendet (NTU, %)",lag,län,28,2025,62.55981569759506,53.98391616148188,1.0,29,2021.0,2.7756237425884933,1.8641367758088236,,
"Förtroende för rättsväsendet (NTU, %)",lag,län,29,2025,54.93990402933631,53.98391616148188,10.0,29,2021.0,2.293650064531633,1.8641367758088236,,
Kvinnors mediannettoinkomst i % av mäns,jamstalldhet,kommuner,01,2024,87.123358,82.450524,2.0,29,2020.0,0.8891809999999936,1.2138500000000079,hogre,100.0
Kvinnors mediannettoinkomst i % av mäns,jamstalldhet,kommuner,02,2024,82.38943514893708,82.450524,8.0,29,2020.0,1.0249597298882662,1.2138500000000079,hogre,100.0
Kvinnors mediannettoinkomst i % av mäns,jamstalldhet,kommuner,03,2024,81.78974048673999,82.450524,13.0,29,2020.0,0.8549739917028063,1.2138500000000079,hogre,100.0
Kvinnors mediannettoinkomst i % av mäns,jamstalldhet,kommuner,04,2024,82.50474975040608,82.450524,7.0,29,2020.0,1.3122438377641714,1.2138500000000079,hogre,100.0
Kvinnors mediannettoinkomst i % av mäns,jamstalldhet,kommuner,05,2024,80.84977964334517,82.450524,20.0,29,2020.0,1.7394274643955043,1.2138500000000079,hogre,100.0
Kvinnors mediannettoinkomst i % av mäns,jamstalldhet,kommuner,06,2024,81.18793405908002,82.450524,17.0,29,2020.0,1.7168523580162969,1.2138500000000079,hogre,100.0
Kvinnors mediannettoinkomst i % av mäns,jamstalldhet,kommuner,07,2024,80.81454678125144,82.450524,21.0,29,2020.0,2.101578592724408,1.2138500000000079,hogre,100.0
Kvinnors mediannettoinkomst i % av mäns,jamstalldhet,kommuner,08,2024,80.99577365359868,82.450524,19.0,29,2020.0,1.5181195882900766,1.2138500000000079,hogre,100.0
Kvinnors mediannettoinkomst i % av mäns,jamstalldhet,kommuner,09,2024,86.868024,82.450524,4.0,29,2020.0,0.778254000000004,1.2138500000000079,hogre,100.0
Kvinnors mediannettoinkomst i % av mäns,jamstalldhet,kommuner,10,2024,80.71444616905315,82.450524,23.0,29,2020.0,0.37122952037557866,1.2138500000000079,hogre,100.0
Kvinnors mediannettoinkomst i % av mäns,jamstalldhet,kommuner,11,2024,87.087563,82.450524,3.0,29,2020.0,0.13276500000000624,1.2138500000000079,hogre,100.0
Kvinnors mediannettoinkomst i % av mäns,jamstalldhet,kommuner,12,2024,81.16679913732752,82.450524,18.0,29,2020.0,2.2799667168741706,1.2138500000000079,hogre,100.0
Kvinnors mediannettoinkomst i % av mäns,jamstalldhet,kommuner,13,2024,80.49394612494493,82.450524,24.0,29,2020.0,1.4882789586209384,1.2138500000000079,hogre,100.0
Kvinnors mediannettoinkomst i % av mäns,jamstalldhet,kommuner,14,2024,80.0930183103706,82.450524,26.0,29,2020.0,2.34074927515492,1.2138500000000079,hogre,100.0
Kvinnors mediannettoinkomst i % av mäns,jamstalldhet,kommuner,15,2024,79.70041665551204,82.450524,27.0,29,2020.0,2.03574200570597,1.2138500000000079,hogre,100.0
Kvinnors mediannettoinkomst i % av mäns,jamstalldhet,kommuner,16,2024,83.859751,82.450524,5.0,29,2020.0,0.3311750000000018,1.2138500000000079,hogre,100.0
Kvinnors mediannettoinkomst i % av mäns,jamstalldhet,kommuner,17,2024,79.36157098238874,82.450524,29.0,29,2020.0,0.9396601119807428,1.2138500000000079,hogre,100.0
Kvinnors mediannettoinkomst i % av mäns,jamstalldhet,kommuner,18,2024,80.75632556253596,82.450524,22.0,29,2020.0,1.4074721329379685,1.2138500000000079,hogre,100.0
Kvinnors mediannettoinkomst i % av mäns,jamstalldhet,kommuner,19,2024,81.99131218956383,82.450524,9.0,29,2020.0,2.2979620442082194,1.2138500000000079,hogre,100.0
Kvinnors mediannettoinkomst i % av mäns,jamstalldhet,kommuner,20,2024,80.25382374171286,82.450524,25.0,29,2020.0,1.8811742704614147,1.2138500000000079,hogre,100.0
Kvinnors mediannettoinkomst i % av mäns,jamstalldhet,kommuner,21,2024,81.34528289348962,82.450524,15.0,29,2020.0,1.3891473893927326,1.2138500000000079,hogre,100.0
Kvinnors mediannettoinkomst i % av mäns,jamstalldhet,kommuner,22,2024,81.97105426711975,82.450524,10.0,29,2020.0,1.5469919382419732,1.2138500000000079,hogre,100.0
Kvinnors mediannettoinkomst i % av mäns,jamstalldhet,kommuner,23,2024,79.59639972895482,82.450524,28.0,29,2020.0,1.1238400666364186,1.2138500000000079,hogre,100.0
Kvinnors mediannettoinkomst i % av mäns,jamstalldhet,kommuner,24,2024,81.89046262277054,82.450524,12.0,29,2020.0,1.5100831414062696,1.2138500000000079,hogre,100.0
Kvinnors mediannettoinkomst i % av mäns,jamstalldhet,kommuner,25,2024,81.89437026436622,82.450524,11.0,29,2020.0,1.4023574433401507,1.2138500000000079,hogre,100.0
Kvinnors mediannettoinkomst i % av mäns,jamstalldhet,kommuner,26,2024,82.97991137873298,82.450524,6.0,29,2020.0,1.6186127722791355,1.2138500000000079,hogre,100.0
Kvinnors mediannettoinkomst i % av mäns,jamstalldhet,kommuner,27,2024,87.28903720331553,82.450524,1.0,29,2020.0,1.3024177292319905,1.2138500000000079,hogre,100.0
Kvinnors mediannettoinkomst i % av mäns,jamstalldhet,kommuner,28,2024,81.4604419314419,82.450524,14.0,29,2020.0,0.7970585407857556,1.2138500000000079,hogre,100.0
Kvinnors mediannettoinkomst i % av mäns,jamstalldhet,kommuner,29,2024,81.21078406244149,82.450524,16.0,29,2020.0,0.21189810705733692,1.2138500000000079,hogre,100.0
Låg ekonomisk standard (%),egen_ekonomi,kommuner,01,2024,11.0,13.0,25.0,29,2020.0,-1.0,-1.0,,
Låg ekonomisk standard (%),egen_ekonomi,kommuner,02,2024,10.300108730975591,13.0,27.0,29,2020.0,-0.5046803018993735,-1.0,,
Låg ekonomisk standard (%),egen_ekonomi,kommuner,03,2024,13.91453367021861,13.0,15.0,29,2020.0,-0.10822870288398789,-1.0,,
Låg ekonomisk standard (%),egen_ekonomi,kommuner,04,2024,15.814327580876236,13.0,2.0,29,2020.0,-1.7009549688426713,-1.0,,
Låg ekonomisk standard (%),egen_ekonomi,kommuner,05,2024,14.818237272442575,13.0,10.0,29,2020.0,-1.15711231839658,-1.0,,
Låg ekonomisk standard (%),egen_ekonomi,kommuner,06,2024,13.035010909559928,13.0,20.0,29,2020.0,-1.2706824834386072,-1.0,,
Låg ekonomisk standard (%),egen_ekonomi,kommuner,07,2024,15.50184888572502,13.0,4.0,29,2020.0,-1.656140212111028,-1.0,,
Låg ekonomisk standard (%),egen_ekonomi,kommuner,08,2024,14.47946158594641,13.0,13.0,29,2020.0,-1.3260826349435533,-1.0,,
Låg ekonomisk standard (%),egen_ekonomi,kommuner,09,2024,13.0,13.0,21.0,29,2020.0,-2.0,-1.0,,
Låg ekonomisk standard (%),egen_ekonomi,kommuner,10,2024,14.282971443397603,13.0,14.0,29,2020.0,-1.6031589018437735,-1.0,,
Låg ekonomisk standard (%),egen_ekonomi,kommuner,11,2024,20.0,13.0,1.0,29,2020.0,-2.0,-1.0,,
Låg ekonomisk standard (%),egen_ekonomi,kommuner,12,2024,15.057066166378352,13.0,7.0,29,2020.0,-1.0884438272056123,-1.0,,
Låg ekonomisk standard (%),egen_ekonomi,kommuner,13,2024,11.070805105578719,13.0,24.0,29,2020.0,-0.9289841839438626,-1.0,,
Låg ekonomisk standard (%),egen_ekonomi,kommuner,14,2024,15.071484258835065,13.0,6.0,29,2020.0,-1.6365506875959444,-1.0,,
Låg ekonomisk standard (%),egen_ekonomi,kommuner,15,2024,10.332490490042515,13.0,26.0,29,2020.0,-0.7973260237189521,-1.0,,
Låg ekonomisk standard (%),egen_ekonomi,kommuner,16,2024,15.0,13.0,8.0,29,2020.0,-1.0,-1.0,,
Låg ekonomisk standard (%),egen_ekonomi,kommuner,17,2024,7.2282297938179,13.0,29.0,29,2020.0,-0.7643907033063133,-1.0,,
Låg ekonomisk standard (%),egen_ekonomi,kommuner,18,2024,14.512043981338367,13.0,11.0,29,2020.0,-2.059489896371824,-1.0,,
Låg ekonomisk standard (%),egen_ekonomi,kommuner,19,2024,13.51547172843687,13.0,17.0,29,2020.0,-0.3859293655759064,-1.0,,
Låg ekonomisk standard (%),egen_ekonomi,kommuner,20,2024,12.758084858291888,13.0,22.0,29,2020.0,-2.1270113985198584,-1.0,,
Låg ekonomisk standard (%),egen_ekonomi,kommuner,21,2024,14.486282891438883,13.0,12.0,29,2020.0,-1.4873902859174066,-1.0,,
Låg ekonomisk standard (%),egen_ekonomi,kommuner,22,2024,15.597257990896262,13.0,3.0,29,2020.0,-1.2959929314120853,-1.0,,
Låg ekonomisk standard (%),egen_ekonomi,kommuner,23,2024,14.867293102964425,13.0,9.0,29,2020.0,-1.0989560434420635,-1.0,,
Låg ekonomisk standard (%),egen_ekonomi,kommuner,24,2024,13.822444235841044,13.0,16.0,29,2020.0,-2.069491752715569,-1.0,,
Låg ekonomisk standard (%),egen_ekonomi,kommuner,25,2024,15.241034889054784,13.0,5.0,29,2020.0,-1.3777983648285215,-1.0,,
Låg ekonomisk standard (%),egen_ekonomi,kommuner,26,2024,13.118394606485511,13.0,19.0,29,2020.0,-1.4485627317855467,-1.0,,
Låg ekonomisk standard (%),egen_ekonomi,kommuner,27,2024,13.309594317346031,13.0,18.0,29,2020.0,-1.3598498045136065,-1.0,,
Låg ekonomisk standard (%),egen_ekonomi,kommuner,28,2024,12.135946317769605,13.0,23.0,29,2020.0,-1.3495755772056413,-1.0,,
Låg ekonomisk standard (%),egen_ekonomi,kommuner,29,2024,10.22407755137934,13.0,28.0,29,2020.0,-1.7575174454393565,-1.0,,
Låg ekonomisk standard 65+ (%),pension,kommuner,01,2024,9.0,10.0,24.0,29,2020.0,-1.0,-3.0,,
Låg ekonomisk standard 65+ (%),pension,kommuner,02,2024,8.326258483778856,10.0,26.0,29,2020.0,-1.5652118942883924,-3.0,,
Låg ekonomisk standard 65+ (%),pension,kommuner,03,2024,9.134968433160367,10.0,22.0,29,2020.0,-2.4811503641333505,-3.0,,
Låg ekonomisk standard 65+ (%),pension,kommuner,04,2024,9.491994025457126,10.0,21.0,29,2020.0,-2.396301183151092,-3.0,,
Låg ekonomisk standard 65+ (%),pension,kommuner,05,2024,10.021978949661642,10.0,16.0,29,2020.0,-3.028729763217733,-3.0,,
Låg ekonomisk standard 65+ (%),pension,kommuner,06,2024,10.110686352839172,10.0,14.0,29,2020.0,-4.085485090268099,-3.0,,
Låg ekonomisk standard 65+ (%),pension,kommuner,07,2024,10.743054319669376,10.0,6.0,29,2020.0,-3.7898136613210465,-3.0,,
Låg ekonomisk standard 65+ (%),pension,kommuner,08,2024,11.294223505655125,10.0,2.0,29,2020.0,-4.017132782991725,-3.0,,
Låg ekonomisk standard 65+ (%),pension,kommuner,09,2024,11.0,10.0,4.0,29,2020.0,-5.0,-3.0,,
Låg ekonomisk standard 65+ (%),pension,kommuner,10,2024,10.314365868292604,10.0,11.0,29,2020.0,-4.114104788622763,-3.0,,
Låg ekonomisk standard 65+ (%),pension,kommuner,11,2024,15.0,10.0,1.0,29,2020.0,-3.0,-3.0,,
Låg ekonomisk standard 65+ (%),pension,kommuner,12,2024,9.916088005262774,10.0,18.0,29,2020.0,-3.304144433886412,-3.0,,
Låg ekonomisk standard 65+ (%),pension,kommuner,13,2024,7.171007515340361,10.0,28.0,29,2020.0,-2.9701876600282224,-3.0,,
Låg ekonomisk standard 65+ (%),pension,kommuner,14,2024,10.193242189697715,10.0,12.0,29,2020.0,-3.885861484178461,-3.0,,
Låg ekonomisk standard 65+ (%),pension,kommuner,15,2024,7.480655627657194,10.0,27.0,29,2020.0,-3.4767770567613923,-3.0,,
Låg ekonomisk standard 65+ (%),pension,kommuner,16,2024,11.0,10.0,4.0,29,2020.0,-2.0,-3.0,,
Låg ekonomisk standard 65+ (%),pension,kommuner,17,2024,6.7232518246947635,10.0,29.0,29,2020.0,-2.343621136187817,-3.0,,
Låg ekonomisk standard 65+ (%),pension,kommuner,18,2024,10.388974228495607,10.0,9.0,29,2020.0,-3.914809935749581,-3.0,,
Låg ekonomisk standard 65+ (%),pension,kommuner,19,2024,10.055848606080783,10.0,15.0,29,2020.0,-4.108815814396657,-3.0,,
Låg ekonomisk standard 65+ (%),pension,kommuner,20,2024,10.173847654855674,10.0,13.0,29,2020.0,-4.848302120267473,-3.0,,
Låg ekonomisk standard 65+ (%),pension,kommuner,21,2024,9.957016688389219,10.0,17.0,29,2020.0,-3.7949360627796977,-3.0,,
Låg ekonomisk standard 65+ (%),pension,kommuner,22,2024,10.380694547388433,10.0,10.0,29,2020.0,-3.2228908347047565,-3.0,,
Låg ekonomisk standard 65+ (%),pension,kommuner,23,2024,9.70877260268847,10.0,19.0,29,2020.0,-2.5351867615831463,-3.0,,
Låg ekonomisk standard 65+ (%),pension,kommuner,24,2024,10.598681328505654,10.0,7.0,29,2020.0,-3.523034285458854,-3.0,,
Låg ekonomisk standard 65+ (%),pension,kommuner,25,2024,10.4975490416528,10.0,8.0,29,2020.0,-3.552756316277062,-3.0,,
Låg ekonomisk standard 65+ (%),pension,kommuner,26,2024,9.645454497496848,10.0,20.0,29,2020.0,-3.381302061077964,-3.0,,
Låg ekonomisk standard 65+ (%),pension,kommuner,27,2024,11.217773777726164,10.0,3.0,29,2020.0,-4.715818913792436,-3.0,,
Låg ekonomisk standard 65+ (%),pension,kommuner,28,2024,9.017435494286437,10.0,23.0,29,2020.0,-3.34557467875827,-3.0,,
Låg ekonomisk standard 65+ (%),pension,kommuner,29,2024,8.876301618585018,10.0,25.0,29,2020.0,-2.8529772342835873,-3.0,,
"Långtidsarbetslösa, andel av arbetslösa (%)",jobb,kommuner,01,2024,59.494159,59.328739,11.0,29,2020.0,5.774811000000007,2.0802580000000006,lagre,
"Långtidsarbetslösa, andel av arbetslösa (%)",jobb,kommuner,02,2024,57.289811793937474,59.328739,19.0,29,2020.0,5.352160178934099,2.0802580000000006,lagre,
"Långtidsarbetslösa, andel av arbetslösa (%)",jobb,kommuner,03,2024,57.49500365384392,59.328739,18.0,29,2020.0,4.999693345438814,2.0802580000000006,lagre,
"Långtidsarbetslösa, andel av arbetslösa (%)",jobb,kommuner,04,2024,62.548933001537186,59.328739,3.0,29,2020.0,1.2929812853976443,2.0802580000000006,lagre,
"Långtidsarbetslösa, andel av arbetslösa (%)",jobb,kommuner,05,2024,61.67481834802227,59.328739,6.0,29,2020.0,0.24867675003471845,2.0802580000000006,lagre,
"Långtidsarbetslösa, andel av arbetslösa (%)",jobb,kommuner,06,2024,57.74831165210507,59.328739,17.0,29,2020.0,0.5388630625911404,2.0802580000000006,lagre,
"Långtidsarbetslösa, andel av arbetslösa (%)",jobb,kommuner,07,2024,63.90366205814927,59.328739,1.0,29,2020.0,0.35676201114605277,2.0802580000000006,lagre,
"Långtidsarbetslösa, andel av arbetslösa (%)",jobb,kommuner,08,2024,58.63883092820971,59.328739,14.0,29,2020.0,-0.9536554085397242,2.0802580000000006,lagre,
"Långtidsarbetslösa, andel av arbetslösa (%)",jobb,kommuner,09,2024,53.247623,59.328739,26.0,29,2020.0,1.4106039999999993,2.0802580000000006,lagre,
"Långtidsarbetslösa, andel av arbetslösa (%)",jobb,kommuner,10,2024,60.87634513387225,59.328739,8.0,29,2020.0,-1.8051962970065034,2.0802580000000006,lagre,
"Långtidsarbetslösa, andel av arbetslösa (%)",jobb,kommuner,11,2024,63.801359,59.328739,2.0,29,2020.0,1.3725090000000009,2.0802580000000006,lagre,
"Långtidsarbetslösa, andel av arbetslösa (%)",jobb,kommuner,12,2024,60.169576281611164,59.328739,9.0,29,2020.0,0.7876328241194273,2.0802580000000006,lagre,
"Långtidsarbetslösa, andel av arbetslösa (%)",jobb,kommuner,13,2024,59.03061849046375,59.328739,12.0,29,2020.0,1.0854528432856725,2.0802580000000006,lagre,
"Långtidsarbetslösa, andel av arbetslösa (%)",jobb,kommuner,14,2024,61.911374794625424,59.328739,4.0,29,2020.0,0.6943199153063446,2.0802580000000006,lagre,
"Långtidsarbetslösa, andel av arbetslösa (%)",jobb,kommuner,15,2024,55.11911392908555,59.328739,22.0,29,2020.0,0.8460166798724558,2.0802580000000006,lagre,
"Långtidsarbetslösa, andel av arbetslösa (%)",jobb,kommuner,16,2024,56.544892999999995,59.328739,21.0,29,2020.0,2.8510509999999982,2.0802580000000006,lagre,
"Långtidsarbetslösa, andel av arbetslösa (%)",jobb,kommuner,17,2024,53.00685746393999,59.328739,27.0,29,2020.0,4.09968221724462,2.0802580000000006,lagre,
"Långtidsarbetslösa, andel av arbetslösa (%)",jobb,kommuner,18,2024,58.39924715219407,59.328739,15.0,29,2020.0,-2.3834744241811805,2.0802580000000006,lagre,
"Långtidsarbetslösa, andel av arbetslösa (%)",jobb,kommuner,19,2024,54.29659329526865,59.328739,25.0,29,2020.0,1.9143366747866182,2.0802580000000006,lagre,
"Långtidsarbetslösa, andel av arbetslösa (%)",jobb,kommuner,20,2024,54.861460506370314,59.328739,24.0,29,2020.0,-2.293008330604671,2.0802580000000006,lagre,
"Långtidsarbetslösa, andel av arbetslösa (%)",jobb,kommuner,21,2024,57.20300778769471,59.328739,20.0,29,2020.0,2.4069780637640434,2.0802580000000006,lagre,
"Långtidsarbetslösa, andel av arbetslösa (%)",jobb,kommuner,22,2024,61.00745188686491,59.328739,7.0,29,2020.0,1.8446067975611626,2.0802580000000006,lagre,
"Långtidsarbetslösa, andel av arbetslösa (%)",jobb,kommuner,23,2024,60.13666594100148,59.328739,10.0,29,2020.0,-0.7267554627131645,2.0802580000000006,lagre,
"Långtidsarbetslösa, andel av arbetslösa (%)",jobb,kommuner,24,2024,57.74891640435832,59.328739,16.0,29,2020.0,5.458792083559054,2.0802580000000006,lagre,
"Långtidsarbetslösa, andel av arbetslösa (%)",jobb,kommuner,25,2024,61.90383554712586,59.328739,5.0,29,2020.0,2.569077830560076,2.0802580000000006,lagre,
"Långtidsarbetslösa, andel av arbetslösa (%)",jobb,kommuner,26,2024,59.022861105728495,59.328739,13.0,29,2020.0,-3.108619680013291,2.0802580000000006,lagre,
"Långtidsarbetslösa, andel av arbetslösa (%)",jobb,kommuner,27,2024,49.17495518882824,59.328739,29.0,29,2020.0,0.5857265308036332,2.0802580000000006,lagre,
"Långtidsarbetslösa, andel av arbetslösa (%)",jobb,kommuner,28,2024,49.32044996635034,59.328739,28.0,29,2020.0,-3.5128898359070106,2.0802580000000006,lagre,
"Långtidsarbetslösa, andel av arbetslösa (%)",jobb,kommuner,29,2024,55.015227236870004,59.328739,23.0,29,2020.0,1.700492419776836,2.0802580000000006,lagre,
"Meritvärde åk 9 (hemkommun, 17 ämnen)",skola,kommuner,01,2026,256.0,230.0,1.0,29,2022.0,4.0,0.0,,
"Meritvärde åk 9 (hemkommun, 17 ämnen)",skola,kommuner,02,2026,245.9820626668777,230.0,2.0,29,2022.0,1.5784506632027728,0.0,,
"Meritvärde åk 9 (hemkommun, 17 ämnen)",skola,kommuner,03,2026,234.54109828046344,230.0,4.0,29,2022.0,3.4499777061214445,0.0,,
"Meritvärde åk 9 (hemkommun, 17 ämnen)",skola,kommuner,04,2026,222.47907821338524,230.0,13.0,29,2022.0,5.235010298683591,0.0,,
"Meritvärde åk 9 (hemkommun, 17 ämnen)",skola,kommuner,05,2026,223.59835246381547,230.0,12.0,29,2022.0,0.2368258377244956,0.0,,
"Meritvärde åk 9 (hemkommun, 17 ämnen)",skola,kommuner,06,2026,217.72233109887392,230.0,21.0,29,2022.0,-5.410758366683041,0.0,,
"Meritvärde åk 9 (hemkommun, 17 ämnen)",skola,kommuner,07,2026,217.85347992591275,230.0,20.0,29,2022.0,-1.4532703196166494,0.0,,
"Meritvärde åk 9 (hemkommun, 17 ämnen)",skola,kommuner,08,2026,221.04555489291357,230.0,14.0,29,2022.0,-2.7659321803362786,0.0,,
"Meritvärde åk 9 (hemkommun, 17 ämnen)",skola,kommuner,09,2026,217.0,230.0,22.0,29,2022.0,-11.0,0.0,,
"Meritvärde åk 9 (hemkommun, 17 ämnen)",skola,kommuner,10,2026,212.7955551591613,230.0,28.0,29,2022.0,-6.062229393354642,0.0,,
"Meritvärde åk 9 (hemkommun, 17 ämnen)",skola,kommuner,11,2026,234.0,230.0,5.0,29,2022.0,1.0,0.0,,
"Meritvärde åk 9 (hemkommun, 17 ämnen)",skola,kommuner,12,2026,228.03654297525358,230.0,8.0,29,2022.0,1.6069041411852538,0.0,,
"Meritvärde åk 9 (hemkommun, 17 ämnen)",skola,kommuner,13,2026,243.16216086787176,230.0,3.0,29,2022.0,-0.6173306175093956,0.0,,
"Meritvärde åk 9 (hemkommun, 17 ämnen)",skola,kommuner,14,2026,218.06992501145322,230.0,19.0,29,2022.0,3.198647312709454,0.0,,
"Meritvärde åk 9 (hemkommun, 17 ämnen)",skola,kommuner,15,2026,227.93215857387932,230.0,9.0,29,2022.0,-0.25609010218542494,0.0,,
"Meritvärde åk 9 (hemkommun, 17 ämnen)",skola,kommuner,16,2026,231.0,230.0,7.0,29,2022.0,2.0,0.0,,
"Meritvärde åk 9 (hemkommun, 17 ämnen)",skola,kommuner,17,2026,232.15215095355018,230.0,6.0,29,2022.0,-0.7360095523191319,0.0,,
"Meritvärde åk 9 (hemkommun, 17 ämnen)",skola,kommuner,18,2026,220.01890893180706,230.0,16.0,29,2022.0,-2.985823056912267,0.0,,
"Meritvärde åk 9 (hemkommun, 17 ämnen)",skola,kommuner,19,2026,214.68339637586743,230.0,26.0,29,2022.0,-4.905298442782453,0.0,,
"Meritvärde åk 9 (hemkommun, 17 ämnen)",skola,kommuner,20,2026,214.86736311067747,230.0,25.0,29,2022.0,0.3275587178449655,0.0,,
"Meritvärde åk 9 (hemkommun, 17 ämnen)",skola,kommuner,21,2026,216.2449119097314,230.0,24.0,29,2022.0,-7.093303681289143,0.0,,
"Meritvärde åk 9 (hemkommun, 17 ämnen)",skola,kommuner,22,2026,216.26715744777076,230.0,23.0,29,2022.0,2.75535483222572,0.0,,
"Meritvärde åk 9 (hemkommun, 17 ämnen)",skola,kommuner,23,2026,220.08166902086978,230.0,15.0,29,2022.0,1.3893368630789382,0.0,,
"Meritvärde åk 9 (hemkommun, 17 ämnen)",skola,kommuner,24,2026,214.42502346788254,230.0,27.0,29,2022.0,-2.4422600688391185,0.0,,
"Meritvärde åk 9 (hemkommun, 17 ämnen)",skola,kommuner,25,2026,218.32228528255726,230.0,18.0,29,2022.0,5.547926354323124,0.0,,
"Meritvärde åk 9 (hemkommun, 17 ämnen)",skola,kommuner,26,2026,212.30451938953686,230.0,29.0,29,2022.0,-4.753008266468328,0.0,,
"Meritvärde åk 9 (hemkommun, 17 ämnen)",skola,kommuner,27,2026,223.83590756009755,230.0,10.0,29,2022.0,-0.1403147137382348,0.0,,
"Meritvärde åk 9 (hemkommun, 17 ämnen)",skola,kommuner,28,2026,223.74835050678047,230.0,11.0,29,2022.0,-3.5986092783408594,0.0,,
"Meritvärde åk 9 (hemkommun, 17 ämnen)",skola,kommuner,29,2026,218.62064381301178,230.0,17.0,29,2022.0,-6.454631511972565,0.0,,
"Nöjdhet särskilt boende, helhetssyn (%)",aldre,kommuner,01,2025,80.35814214,78.85704765,8.0,29,,,,,
"Nöjdhet särskilt boende, helhetssyn (%)",aldre,kommuner,02,2025,78.13593006147012,78.85704765,18.0,29,,,,,
"Nöjdhet särskilt boende, helhetssyn (%)",aldre,kommuner,03,2025,76.72194790685685,78.85704765,22.0,29,,,,,
"Nöjdhet särskilt boende, helhetssyn (%)",aldre,kommuner,04,2025,74.76827509155517,78.85704765,26.0,29,,,,,
"Nöjdhet särskilt boende, helhetssyn (%)",aldre,kommuner,05,2025,80.31882192909956,78.85704765,9.0,29,,,,,
"Nöjdhet särskilt boende, helhetssyn (%)",aldre,kommuner,06,2025,81.08386782439204,78.85704765,5.0,29,,,,,
"Nöjdhet särskilt boende, helhetssyn (%)",aldre,kommuner,07,2025,79.09354333646179,78.85704765,12.0,29,,,,,
"Nöjdhet särskilt boende, helhetssyn (%)",aldre,kommuner,08,2025,83.26329119938045,78.85704765,3.0,29,,,,,
"Nöjdhet särskilt boende, helhetssyn (%)",aldre,kommuner,09,2025,85.92057762,78.85704765,1.0,29,,,,,
"Nöjdhet särskilt boende, helhetssyn (%)",aldre,kommuner,10,2025,77.97119254168284,78.85704765,19.0,29,,,,,
"Nöjdhet särskilt boende, helhetssyn (%)",aldre,kommuner,11,2025,78.477306,78.85704765,16.0,29,,,,,
"Nöjdhet särskilt boende, helhetssyn (%)",aldre,kommuner,12,2025,76.39381950467398,78.85704765,24.0,29,,,,,
"Nöjdhet särskilt boende, helhetssyn (%)",aldre,kommuner,13,2025,80.83245209472324,78.85704765,6.0,29,,,,,
"Nöjdhet särskilt boende, helhetssyn (%)",aldre,kommuner,14,2025,81.97013746425614,78.85704765,4.0,29,,,,,
"Nöjdhet särskilt boende, helhetssyn (%)",aldre,kommuner,15,2025,80.7061970114118,78.85704765,7.0,29,,,,,
"Nöjdhet särskilt boende, helhetssyn (%)",aldre,kommuner,16,2025,78.42876165,78.85704765,17.0,29,,,,,
"Nöjdhet särskilt boende, helhetssyn (%)",aldre,kommuner,17,2025,79.03733234809697,78.85704765,13.0,29,,,,,
"Nöjdhet särskilt boende, helhetssyn (%)",aldre,kommuner,18,2025,79.63396378487457,78.85704765,10.0,29,,,,,
"Nöjdhet särskilt boende, helhetssyn (%)",aldre,kommuner,19,2025,79.17935718753382,78.85704765,11.0,29,,,,,
"Nöjdhet särskilt boende, helhetssyn (%)",aldre,kommuner,20,2025,85.156467137339,78.85704765,2.0,29,,,,,
"Nöjdhet särskilt boende, helhetssyn (%)",aldre,kommuner,21,2025,78.56596501035469,78.85704765,15.0,29,,,,,
"Nöjdhet särskilt boende, helhetssyn (%)",aldre,kommuner,22,2025,76.58300231463227,78.85704765,23.0,29,,,,,
"Nöjdhet särskilt boende, helhetssyn (%)",aldre,kommuner,23,2025,77.07366079365316,78.85704765,21.0,29,,,,,
"Nöjdhet särskilt boende, helhetssyn (%)",aldre,kommuner,24,2025,77.42376134484742,78.85704765,20.0,29,,,,,
"Nöjdhet särskilt boende, helhetssyn (%)",aldre,kommuner,25,2025,78.59687277982631,78.85704765,14.0,29,,,,,
"Nöjdhet särskilt boende, helhetssyn (%)",aldre,kommuner,26,2025,74.34977681649886,78.85704765,27.0,29,,,,,
"Nöjdhet särskilt boende, helhetssyn (%)",aldre,kommuner,27,2025,76.10346057776816,78.85704765,25.0,29,,,,,
"Nöjdhet särskilt boende, helhetssyn (%)",aldre,kommuner,28,2025,74.33580661876515,78.85704765,28.0,29,,,,,
"Nöjdhet särskilt boende, helhetssyn (%)",aldre,kommuner,29,2025,73.95425001512668,78.85704765,29.0,29,,,,,
Operation/åtgärd inom 90 dagar,sjukvard,län,01,2025,97.807474,,1.0,21,2021.0,1.1363190000000003,,hogre,100.0
Operation/åtgärd inom 90 dagar,sjukvard,län,02,2025,97.807474,,1.0,21,2021.0,1.1363190000000003,,hogre,100.0
Operation/åtgärd inom 90 dagar,sjukvard,län,03,2025,75.496538,,8.0,21,2021.0,-3.7609139999999996,,hogre,100.0
Operation/åtgärd inom 90 dagar,sjukvard,län,04,2025,71.047376,,18.0,21,2021.0,0.12137900000000457,,hogre,100.0
Operation/åtgärd inom 90 dagar,sjukvard,län,05,2025,69.095902,,19.0,21,2021.0,0.00930199999999104,,hogre,100.0
Operation/åtgärd inom 90 dagar,sjukvard,län,06,2025,92.40694,,3.0,21,2021.0,0.9310300000000069,,hogre,100.0
Operation/åtgärd inom 90 dagar,sjukvard,län,07,2025,90.096524,,5.0,21,2021.0,3.3138560000000012,,hogre,100.0
Operation/åtgärd inom 90 dagar,sjukvard,län,08,2025,77.274247,,7.0,21,2021.0,-7.339542999999992,,hogre,100.0
Operation/åtgärd inom 90 dagar,sjukvard,län,09,2025,79.644224,,6.0,21,2021.0,-8.531707000000011,,hogre,100.0
Operation/åtgärd inom 90 dagar,sjukvard,län,10,2024,81.314404,83.83978,6.0,27,,,,hogre,100.0
Operation/åtgärd inom 90 dagar,sjukvard,län,11,2025,73.428202,,14.0,21,2021.0,-0.6933539999999994,,hogre,100.0
Operation/åtgärd inom 90 dagar,sjukvard,län,12,2025,73.428202,,14.0,21,2021.0,-0.6933539999999994,,hogre,100.0
Operation/åtgärd inom 90 dagar,sjukvard,län,13,2025,73.428202,,14.0,21,2021.0,-0.6933539999999994,,hogre,100.0
Operation/åtgärd inom 90 dagar,sjukvard,län,14,2025,73.428202,,14.0,21,2021.0,-0.6933539999999994,,hogre,100.0
Operation/åtgärd inom 90 dagar,sjukvard,län,15,2024,80.796573,83.83978,7.0,27,,,,hogre,100.0
Operation/åtgärd inom 90 dagar,sjukvard,län,16,2025,74.429587,,9.0,21,2021.0,-4.368842999999998,,hogre,100.0
Operation/åtgärd inom 90 dagar,sjukvard,län,17,2025,74.429587,,9.0,21,2021.0,-4.368842999999998,,hogre,100.0
Operation/åtgärd inom 90 dagar,sjukvard,län,18,2025,74.429587,,9.0,21,2021.0,-4.368842999999998,,hogre,100.0
Operation/åtgärd inom 90 dagar,sjukvard,län,19,2025,74.429587,,9.0,21,2021.0,-4.368842999999998,,hogre,100.0
Operation/åtgärd inom 90 dagar,sjukvard,län,20,2025,74.429587,,9.0,21,2021.0,-4.368842999999998,,hogre,100.0
Operation/åtgärd inom 90 dagar,sjukvard,län,21,2025,68.746737,,20.0,21,2021.0,-2.613430000000008,,hogre,100.0
Operation/åtgärd inom 90 dagar,sjukvard,län,22,2023,77.504891,84.144584,11.0,29,,,,hogre,100.0
Operation/åtgärd inom 90 dagar,sjukvard,län,23,2025,90.156535,,4.0,21,2021.0,-1.406413999999998,,hogre,100.0
Operation/åtgärd inom 90 dagar,sjukvard,län,24,2024,68.210887,83.83978,18.0,27,,,,hogre,100.0
Operation/åtgärd inom 90 dagar,sjukvard,län,25,2024,76.52718,83.83978,10.0,27,,,,hogre,100.0
Operation/åtgärd inom 90 dagar,sjukvard,län,26,2024,71.589522,83.83978,17.0,27,,,,hogre,100.0
Operation/åtgärd inom 90 dagar,sjukvard,län,27,2025,56.159468,,21.0,21,2021.0,-24.558518999999997,,hogre,100.0
Operation/åtgärd inom 90 dagar,sjukvard,län,28,2024,62.596154,83.83978,25.0,27,,,,hogre,100.0
Operation/åtgärd inom 90 dagar,sjukvard,län,29,2023,83.576376,84.144584,7.0,29,,,,hogre,100.0
"Oro över brottsligheten (NTU, %)",lag,län,01,2025,53.607886751073934,53.58183183470122,12.0,29,2021.0,12.476484967305893,8.516121009287716,,
"Oro över brottsligheten (NTU, %)",lag,län,02,2025,53.607886751073934,53.58183183470122,12.0,29,2021.0,12.476484967305893,8.516121009287716,,
"Oro över brottsligheten (NTU, %)",lag,län,03,2025,50.66341342829379,53.58183183470122,26.0,29,2021.0,5.4202048594170975,8.516121009287716,,
"Oro över brottsligheten (NTU, %)",lag,län,04,2025,57.97867854191141,53.58183183470122,3.0,29,2021.0,8.11015562767723,8.516121009287716,,
"Oro över brottsligheten (NTU, %)",lag,län,05,2025,58.12443061685135,53.58183183470122,1.0,29,2021.0,9.381267789211293,8.516121009287716,,
"Oro över brottsligheten (NTU, %)",lag,län,06,2025,49.377869416355274,53.58183183470122,27.0,29,2021.0,1.642095479367974,8.516121009287716,,
"Oro över brottsligheten (NTU, %)",lag,län,07,2025,52.77441832379126,53.58183183470122,21.0,29,2021.0,5.429126912871624,8.516121009287716,,
"Oro över brottsligheten (NTU, %)",lag,län,08,2025,53.006318891912876,53.58183183470122,20.0,29,2021.0,6.0176193322031395,8.516121009287716,,
"Oro över brottsligheten (NTU, %)",lag,län,09,2025,51.0863055235583,53.58183183470122,25.0,29,2021.0,13.180625837495086,8.516121009287716,,
"Oro över brottsligheten (NTU, %)",lag,län,10,2025,55.10740277225215,53.58183183470122,7.0,29,2021.0,7.412678255837392,8.516121009287716,,
"Oro över brottsligheten (NTU, %)",lag,län,11,2025,54.016332804570965,53.58183183470122,8.0,29,2021.0,8.412275720379242,8.516121009287716,,
"Oro över brottsligheten (NTU, %)",lag,län,12,2025,54.016332804570965,53.58183183470122,8.0,29,2021.0,8.412275720379242,8.516121009287716,,
"Oro över brottsligheten (NTU, %)",lag,län,13,2025,54.016332804570965,53.58183183470122,8.0,29,2021.0,8.412275720379242,8.516121009287716,,
"Oro över brottsligheten (NTU, %)",lag,län,14,2025,54.016332804570965,53.58183183470122,8.0,29,2021.0,8.412275720379242,8.516121009287716,,
"Oro över brottsligheten (NTU, %)",lag,län,15,2025,58.02611045248187,53.58183183470122,2.0,29,2021.0,10.84624140756896,8.516121009287716,,
"Oro över brottsligheten (NTU, %)",lag,län,16,2025,53.26437977944167,53.58183183470122,14.0,29,2021.0,6.3584343625654896,8.516121009287716,,
"Oro över brottsligheten (NTU, %)",lag,län,17,2025,53.26437977944167,53.58183183470122,14.0,29,2021.0,6.3584343625654896,8.516121009287716,,
"Oro över brottsligheten (NTU, %)",lag,län,18,2025,53.26437977944167,53.58183183470122,14.0,29,2021.0,6.3584343625654896,8.516121009287716,,
"Oro över brottsligheten (NTU, %)",lag,län,19,2025,53.26437977944167,53.58183183470122,14.0,29,2021.0,6.3584343625654896,8.516121009287716,,
"Oro över brottsligheten (NTU, %)",lag,län,20,2025,53.26437977944167,53.58183183470122,14.0,29,2021.0,6.3584343625654896,8.516121009287716,,
"Oro över brottsligheten (NTU, %)",lag,län,21,2025,53.1789942462592,53.58183183470122,19.0,29,2021.0,6.7748163331115805,8.516121009287716,,
"Oro över brottsligheten (NTU, %)",lag,län,22,2025,55.70691210590116,53.58183183470122,5.0,29,2021.0,7.786509461972521,8.516121009287716,,
"Oro över brottsligheten (NTU, %)",lag,län,23,2025,55.45282489509584,53.58183183470122,6.0,29,2021.0,7.576496781256552,8.516121009287716,,
"Oro över brottsligheten (NTU, %)",lag,län,24,2025,52.195987078067944,53.58183183470122,23.0,29,2021.0,5.58508977601327,8.516121009287716,,
"Oro över brottsligheten (NTU, %)",lag,län,25,2025,57.329075806719366,53.58183183470122,4.0,29,2021.0,5.3832937420415945,8.516121009287716,,
"Oro över brottsligheten (NTU, %)",lag,län,26,2025,52.7413141133451,53.58183183470122,22.0,29,2021.0,9.380202770368932,8.516121009287716,,
"Oro över brottsligheten (NTU, %)",lag,län,27,2025,51.89307988374426,53.58183183470122,24.0,29,2021.0,10.06863130121684,8.516121009287716,,
"Oro över brottsligheten (NTU, %)",lag,län,28,2025,45.28182520468256,53.58183183470122,29.0,29,2021.0,10.553555067743616,8.516121009287716,,
"Oro över brottsligheten (NTU, %)",lag,län,29,2025,49.28078797710835,53.58183183470122,28.0,29,2021.0,8.47075087434419,8.516121009287716,,
"Otrygg ute sent i området (NTU, %)",lag,län,01,2025,26.93998381687117,24.98796171355016,11.0,29,2021.0,-2.6569261149860957,-2.953661529149727,,
"Otrygg ute sent i området (NTU, %)",lag,län,02,2025,26.93998381687117,24.98796171355016,11.0,29,2021.0,-2.6569261149860957,-2.953661529149727,,
"Otrygg ute sent i området (NTU, %)",lag,län,03,2025,21.29646567205964,24.98796171355016,22.0,29,2021.0,-6.670885960683204,-2.953661529149727,,
"Otrygg ute sent i området (NTU, %)",lag,län,04,2025,29.9048551800396,24.98796171355016,2.0,29,2021.0,-0.9184546576510932,-2.953661529149727,,
"Otrygg ute sent i området (NTU, %)",lag,län,05,2025,27.056187198331376,24.98796171355016,9.0,29,2021.0,-2.9844356706238067,-2.953661529149727,,
"Otrygg ute sent i området (NTU, %)",lag,län,06,2025,23.0789796790092,24.98796171355016,21.0,29,2021.0,-3.8906557602864247,-2.953661529149727,,
"Otrygg ute sent i området (NTU, %)",lag,län,07,2025,27.111104153207897,24.98796171355016,8.0,29,2021.0,-4.580127277219955,-2.953661529149727,,
"Otrygg ute sent i området (NTU, %)",lag,län,08,2025,27.387036219599825,24.98796171355016,3.0,29,2021.0,3.671665098884585,-2.953661529149727,,
"Otrygg ute sent i området (NTU, %)",lag,län,09,2025,13.49067672457631,24.98796171355016,29.0,29,2021.0,-0.18509513738818129,-2.953661529149727,,
"Otrygg ute sent i området (NTU, %)",lag,län,10,2025,26.072166603088302,24.98796171355016,14.0,29,2021.0,-3.006638493526019,-2.953661529149727,,
"Otrygg ute sent i området (NTU, %)",lag,län,11,2025,27.19523079182674,24.98796171355016,4.0,29,2021.0,-4.19611612052697,-2.953661529149727,,
"Otrygg ute sent i området (NTU, %)",lag,län,12,2025,27.19523079182674,24.98796171355016,4.0,29,2021.0,-4.19611612052697,-2.953661529149727,,
"Otrygg ute sent i området (NTU, %)",lag,län,13,2025,27.19523079182674,24.98796171355016,4.0,29,2021.0,-4.19611612052697,-2.953661529149727,,
"Otrygg ute sent i området (NTU, %)",lag,län,14,2025,27.19523079182674,24.98796171355016,4.0,29,2021.0,-4.19611612052697,-2.953661529149727,,
"Otrygg ute sent i området (NTU, %)",lag,län,15,2025,24.261103769227812,24.98796171355016,20.0,29,2021.0,0.5603161924519746,-2.953661529149727,,
"Otrygg ute sent i området (NTU, %)",lag,län,16,2025,25.60911360093397,24.98796171355016,15.0,29,2021.0,-3.1362965635982754,-2.953661529149727,,
"Otrygg ute sent i området (NTU, %)",lag,län,17,2025,25.60911360093397,24.98796171355016,15.0,29,2021.0,-3.1362965635982754,-2.953661529149727,,
"Otrygg ute sent i området (NTU, %)",lag,län,18,2025,25.60911360093397,24.98796171355016,15.0,29,2021.0,-3.1362965635982754,-2.953661529149727,,
"Otrygg ute sent i området (NTU, %)",lag,län,19,2025,25.60911360093397,24.98796171355016,15.0,29,2021.0,-3.1362965635982754,-2.953661529149727,,
"Otrygg ute sent i området (NTU, %)",lag,län,20,2025,25.60911360093397,24.98796171355016,15.0,29,2021.0,-3.1362965635982754,-2.953661529149727,,
"Otrygg ute sent i området (NTU, %)",lag,län,21,2025,17.616759501558274,24.98796171355016,25.0,29,2021.0,-5.8383639927881745,-2.953661529149727,,
"Otrygg ute sent i området (NTU, %)",lag,län,22,2025,26.08552691234515,24.98796171355016,13.0,29,2021.0,-5.3473828329458115,-2.953661529149727,,
"Otrygg ute sent i området (NTU, %)",lag,län,23,2025,30.767945789885832,24.98796171355016,1.0,29,2021.0,-2.7534668564450833,-2.953661529149727,,
"Otrygg ute sent i området (NTU, %)",lag,län,24,2025,21.195378627849344,24.98796171355016,23.0,29,2021.0,-2.109849793658892,-2.953661529149727,,
"Otrygg ute sent i området (NTU, %)",lag,län,25,2025,26.997616459876856,24.98796171355016,10.0,29,2021.0,-0.14799232169808363,-2.953661529149727,,
"Otrygg ute sent i området (NTU, %)",lag,län,26,2025,19.548267936151056,24.98796171355016,24.0,29,2021.0,-1.0266641078681005,-2.953661529149727,,
"Otrygg ute sent i området (NTU, %)",lag,län,27,2025,14.019889221968736,24.98796171355016,26.0,29,2021.0,-5.0077495042488245,-2.953661529149727,,
"Otrygg ute sent i området (NTU, %)",lag,län,28,2025,13.529823793727886,24.98796171355016,28.0,29,2021.0,-1.8662631573689321,-2.953661529149727,,
"Otrygg ute sent i området (NTU, %)",lag,län,29,2025,13.819524910080556,24.98796171355016,27.0,29,2021.0,-4.356601539015074,-2.953661529149727,,
Skjutningar per 100 000 inv,lag,polisregion,01,2025,2.708959943904899,1.4897881153567454,1.0,29,2021.0,-2.7834597092649545,-1.8013453605796155,,
Skjutningar per 100 000 inv,lag,polisregion,02,2025,2.708959943904899,1.4897881153567454,1.0,29,2021.0,-2.7834597092649545,-1.8013453605796155,,
Skjutningar per 100 000 inv,lag,polisregion,03,2025,2.46208643359599,1.4897881153567454,4.0,29,2021.0,-1.592979279263767,-1.8013453605796155,,
Skjutningar per 100 000 inv,lag,polisregion,04,2025,1.1376653881057959,1.4897881153567454,17.0,29,2021.0,-0.9702437504707857,-1.8013453605796155,,
Skjutningar per 100 000 inv,lag,polisregion,05,2025,1.1376653881057959,1.4897881153567454,17.0,29,2021.0,-0.9702437504707857,-1.8013453605796155,,
Skjutningar per 100 000 inv,lag,polisregion,06,2025,1.1376653881057959,1.4897881153567454,17.0,29,2021.0,-0.9702437504707857,-1.8013453605796155,,
Skjutningar per 100 000 inv,lag,polisregion,07,2025,1.2755746586488623,1.4897881153567454,7.0,29,2021.0,-1.9552391535275282,-1.8013453605796155,,
Skjutningar per 100 000 inv,lag,polisregion,08,2025,1.2755746586488623,1.4897881153567454,7.0,29,2021.0,-1.9552391535275282,-1.8013453605796155,,
Skjutningar per 100 000 inv,lag,polisregion,09,2025,2.708959943904899,1.4897881153567454,1.0,29,2021.0,-2.7834597092649545,-1.8013453605796155,,
Skjutningar per 100 000 inv,lag,polisregion,10,2025,1.2755746586488623,1.4897881153567454,7.0,29,2021.0,-1.9552391535275282,-1.8013453605796155,,
Skjutningar per 100 000 inv,lag,polisregion,11,2025,1.2755746586488623,1.4897881153567454,7.0,29,2021.0,-1.9552391535275282,-1.8013453605796155,,
Skjutningar per 100 000 inv,lag,polisregion,12,2025,1.2755746586488623,1.4897881153567454,7.0,29,2021.0,-1.9552391535275282,-1.8013453605796155,,
Skjutningar per 100 000 inv,lag,polisregion,13,2025,1.2755746586488623,1.4897881153567454,7.0,29,2021.0,-1.9552391535275282,-1.8013453605796155,,
Skjutningar per 100 000 inv,lag,polisregion,14,2025,1.2755746586488623,1.4897881153567454,7.0,29,2021.0,-1.9552391535275282,-1.8013453605796155,,
Skjutningar per 100 000 inv,lag,polisregion,15,2025,0.6591669166007892,1.4897881153567454,20.0,29,2021.0,-1.3071637473187696,-1.8013453605796155,,
Skjutningar per 100 000 inv,lag,polisregion,16,2025,0.6591669166007892,1.4897881153567454,20.0,29,2021.0,-1.3071637473187696,-1.8013453605796155,,
Skjutningar per 100 000 inv,lag,polisregion,17,2025,0.6591669166007892,1.4897881153567454,20.0,29,2021.0,-1.3071637473187696,-1.8013453605796155,,
Skjutningar per 100 000 inv,lag,polisregion,18,2025,0.6591669166007892,1.4897881153567454,20.0,29,2021.0,-1.3071637473187696,-1.8013453605796155,,
Skjutningar per 100 000 inv,lag,polisregion,19,2025,0.6591669166007892,1.4897881153567454,20.0,29,2021.0,-1.3071637473187696,-1.8013453605796155,,
Skjutningar per 100 000 inv,lag,polisregion,20,2025,0.6591669166007892,1.4897881153567454,20.0,29,2021.0,-1.3071637473187696,-1.8013453605796155,,
Skjutningar per 100 000 inv,lag,polisregion,21,2025,1.1396829629933545,1.4897881153567454,14.0,29,2021.0,-1.2510954630775148,-1.8013453605796155,,
Skjutningar per 100 000 inv,lag,polisregion,22,2025,1.1396829629933545,1.4897881153567454,14.0,29,2021.0,-1.2510954630775148,-1.8013453605796155,,
Skjutningar per 100 000 inv,lag,polisregion,23,2025,2.46208643359599,1.4897881153567454,4.0,29,2021.0,-1.592979279263767,-1.8013453605796155,,
Skjutningar per 100 000 inv,lag,polisregion,24,2025,1.1396829629933545,1.4897881153567454,14.0,29,2021.0,-1.2510954630775148,-1.8013453605796155,,
Skjutningar per 100 000 inv,lag,polisregion,25,2025,2.46208643359599,1.4897881153567454,4.0,29,2021.0,-1.592979279263767,-1.8013453605796155,,
Skjutningar per 100 000 inv,lag,polisregion,26,2025,0.2218940655541638,1.4897881153567454,26.0,29,2021.0,-1.776988781032688,-1.8013453605796155,,
Skjutningar per 100 000 inv,lag,polisregion,27,2025,0.2218940655541638,1.4897881153567454,26.0,29,2021.0,-1.776988781032688,-1.8013453605796155,,
Skjutningar per 100 000 inv,lag,polisregion,28,2025,0.2218940655541638,1.4897881153567454,26.0,29,2021.0,-1.776988781032688,-1.8013453605796155,,
Skjutningar per 100 000 inv,lag,polisregion,29,2025,0.2218940655541638,1.4897881153567454,26.0,29,2021.0,-1.776988781032688,-1.8013453605796155,,
"Skyddad natur, andel av landareal (%)",miljo,kommuner,01,2025,9.71449759,12.05007844,7.0,29,2021.0,-0.014778769999999497,0.7691723600000007,hogre,30.0
"Skyddad natur, andel av landareal (%)",miljo,kommuner,02,2025,17.117773040760216,12.05007844,1.0,29,2021.0,0.8866223385030132,0.7691723600000007,hogre,30.0
"Skyddad natur, andel av landareal (%)",miljo,kommuner,03,2025,5.523332689118196,12.05007844,16.0,29,2021.0,0.11619237396701898,0.7691723600000007,hogre,30.0
"Skyddad natur, andel av landareal (%)",miljo,kommuner,04,2025,6.092450111022378,12.05007844,14.0,29,2021.0,0.24716293852517612,0.7691723600000007,hogre,30.0
"Skyddad natur, andel av landareal (%)",miljo,kommuner,05,2025,4.535974482989692,12.05007844,22.0,29,2021.0,0.1988489310422219,0.7691723600000007,hogre,30.0
"Skyddad natur, andel av landareal (%)",miljo,kommuner,06,2025,3.0659318895872283,12.05007844,26.0,29,2021.0,0.09058522923425283,0.7691723600000007,hogre,30.0
"Skyddad natur, andel av landareal (%)",miljo,kommuner,07,2025,3.407150053845484,12.05007844,25.0,29,2021.0,0.09014923660820129,0.7691723600000007,hogre,30.0
"Skyddad natur, andel av landareal (%)",miljo,kommuner,08,2025,3.034669974805916,12.05007844,27.0,29,2021.0,0.08565073778361931,0.7691723600000007,hogre,30.0
"Skyddad natur, andel av landareal (%)",miljo,kommuner,09,2025,6.36036228,12.05007844,13.0,29,2021.0,0.011014919999999151,0.7691723600000007,hogre,30.0
"Skyddad natur, andel av landareal (%)",miljo,kommuner,10,2025,6.01554331115775,12.05007844,15.0,29,2021.0,2.113075531946746,0.7691723600000007,hogre,30.0
"Skyddad natur, andel av landareal (%)",miljo,kommuner,11,2025,4.78146957,12.05007844,19.0,29,2021.0,-0.023433999999999955,0.7691723600000007,hogre,30.0
"Skyddad natur, andel av landareal (%)",miljo,kommuner,12,2025,11.59681337297643,12.05007844,4.0,29,2021.0,0.9226435366798214,0.7691723600000007,hogre,30.0
"Skyddad natur, andel av landareal (%)",miljo,kommuner,13,2025,13.735944911106328,12.05007844,3.0,29,2021.0,0.504679012802324,0.7691723600000007,hogre,30.0
"Skyddad natur, andel av landareal (%)",miljo,kommuner,14,2025,4.796246571285735,12.05007844,18.0,29,2021.0,0.2164459498489375,0.7691723600000007,hogre,30.0
"Skyddad natur, andel av landareal (%)",miljo,kommuner,15,2025,4.626303883567391,12.05007844,20.0,29,2021.0,0.3850759738088696,0.7691723600000007,hogre,30.0
"Skyddad natur, andel av landareal (%)",miljo,kommuner,16,2025,14.35349135,12.05007844,2.0,29,2021.0,0.3705396900000011,0.7691723600000007,hogre,30.0
"Skyddad natur, andel av landareal (%)",miljo,kommuner,17,2025,9.396709436532674,12.05007844,8.0,29,2021.0,0.53518266942074,0.7691723600000007,hogre,30.0
"Skyddad natur, andel av landareal (%)",miljo,kommuner,18,2025,8.52334174882951,12.05007844,10.0,29,2021.0,0.02814396702098776,0.7691723600000007,hogre,30.0
"Skyddad natur, andel av landareal (%)",miljo,kommuner,19,2025,1.6194446866793326,12.05007844,29.0,29,2021.0,0.060804547386824837,0.7691723600000007,hogre,30.0
"Skyddad natur, andel av landareal (%)",miljo,kommuner,20,2025,5.414058473572282,12.05007844,17.0,29,2021.0,0.3203714971062519,0.7691723600000007,hogre,30.0
"Skyddad natur, andel av landareal (%)",miljo,kommuner,21,2025,6.448290195408642,12.05007844,12.0,29,2021.0,0.0541411675492407,0.7691723600000007,hogre,30.0
"Skyddad natur, andel av landareal (%)",miljo,kommuner,22,2025,4.487668780272442,12.05007844,23.0,29,2021.0,0.28781300401937937,0.7691723600000007,hogre,30.0
"Skyddad natur, andel av landareal (%)",miljo,kommuner,23,2025,10.259573899741769,12.05007844,6.0,29,2021.0,0.09269024528264147,0.7691723600000007,hogre,30.0
"Skyddad natur, andel av landareal (%)",miljo,kommuner,24,2025,4.578122251564525,12.05007844,21.0,29,2021.0,0.1970985761042865,0.7691723600000007,hogre,30.0
"Skyddad natur, andel av landareal (%)",miljo,kommuner,25,2025,3.6881793735866744,12.05007844,24.0,29,2021.0,0.44838296158160995,0.7691723600000007,hogre,30.0
"Skyddad natur, andel av landareal (%)",miljo,kommuner,26,2025,2.037382138527123,12.05007844,28.0,29,2021.0,0.2560446108932215,0.7691723600000007,hogre,30.0
"Skyddad natur, andel av landareal (%)",miljo,kommuner,27,2025,7.891367984923742,12.05007844,11.0,29,2021.0,0.5782657699264533,0.7691723600000007,hogre,30.0
"Skyddad natur, andel av landareal (%)",miljo,kommuner,28,2025,9.057245235787732,12.05007844,9.0,29,2021.0,0.5305212529772749,0.7691723600000007,hogre,30.0
"Skyddad natur, andel av landareal (%)",miljo,kommuner,29,2025,10.818218768241799,12.05007844,5.0,29,2021.0,0.2881666578209874,0.7691723600000007,hogre,30.0
Sprängningar per 100 000 inv,lag,polisregion,01,2025,2.5519187877364993,1.8292335087291682,8.0,29,2021.0,1.5422828220802762,1.0734208790809923,,
Sprängningar per 100 000 inv,lag,polisregion,02,2025,2.5519187877364993,1.8292335087291682,8.0,29,2021.0,1.5422828220802762,1.0734208790809923,,
Sprängningar per 100 000 inv,lag,polisregion,03,2025,1.231043216797995,1.8292335087291682,20.0,29,2021.0,1.0230911289590332,1.0734208790809923,,
Sprängningar per 100 000 inv,lag,polisregion,04,2025,1.9252798875636545,1.8292335087291682,11.0,29,2021.0,1.7496207926822727,1.0734208790809923,,
Sprängningar per 100 000 inv,lag,polisregion,05,2025,1.9252798875636545,1.8292335087291682,11.0,29,2021.0,1.7496207926822727,1.0734208790809923,,
Sprängningar per 100 000 inv,lag,polisregion,06,2025,1.9252798875636545,1.8292335087291682,11.0,29,2021.0,1.7496207926822727,1.0734208790809923,,
Sprängningar per 100 000 inv,lag,polisregion,07,2025,2.6002098810919114,1.8292335087291682,1.0,29,2021.0,0.9599505610638979,1.0734208790809923,,
Sprängningar per 100 000 inv,lag,polisregion,08,2025,2.6002098810919114,1.8292335087291682,1.0,29,2021.0,0.9599505610638979,1.0734208790809923,,
Sprängningar per 100 000 inv,lag,polisregion,09,2025,2.5519187877364993,1.8292335087291682,8.0,29,2021.0,1.5422828220802762,1.0734208790809923,,
Sprängningar per 100 000 inv,lag,polisregion,10,2025,2.6002098810919114,1.8292335087291682,1.0,29,2021.0,0.9599505610638979,1.0734208790809923,,
Sprängningar per 100 000 inv,lag,polisregion,11,2025,2.6002098810919114,1.8292335087291682,1.0,29,2021.0,0.9599505610638979,1.0734208790809923,,
Sprängningar per 100 000 inv,lag,polisregion,12,2025,2.6002098810919114,1.8292335087291682,1.0,29,2021.0,0.9599505610638979,1.0734208790809923,,
Sprängningar per 100 000 inv,lag,polisregion,13,2025,2.6002098810919114,1.8292335087291682,1.0,29,2021.0,0.9599505610638979,1.0734208790809923,,
Sprängningar per 100 000 inv,lag,polisregion,14,2025,2.6002098810919114,1.8292335087291682,1.0,29,2021.0,0.9599505610638979,1.0734208790809923,,
Sprängningar per 100 000 inv,lag,polisregion,15,2025,1.6008339403162024,1.8292335087291682,14.0,29,2021.0,0.9773632420002447,1.0734208790809923,,
Sprängningar per 100 000 inv,lag,polisregion,16,2025,1.6008339403162024,1.8292335087291682,14.0,29,2021.0,0.9773632420002447,1.0734208790809923,,
Sprängningar per 100 000 inv,lag,polisregion,17,2025,1.6008339403162024,1.8292335087291682,14.0,29,2021.0,0.9773632420002447,1.0734208790809923,,
Sprängningar per 100 000 inv,lag,polisregion,18,2025,1.6008339403162024,1.8292335087291682,14.0,29,2021.0,0.9773632420002447,1.0734208790809923,,
Sprängningar per 100 000 inv,lag,polisregion,19,2025,1.6008339403162024,1.8292335087291682,14.0,29,2021.0,0.9773632420002447,1.0734208790809923,,
Sprängningar per 100 000 inv,lag,polisregion,20,2025,1.6008339403162024,1.8292335087291682,14.0,29,2021.0,0.9773632420002447,1.0734208790809923,,
Sprängningar per 100 000 inv,lag,polisregion,21,2025,0.6838097777960127,1.8292335087291682,23.0,29,2021.0,0.5699631860783523,1.0734208790809923,,
Sprängningar per 100 000 inv,lag,polisregion,22,2025,0.6838097777960127,1.8292335087291682,23.0,29,2021.0,0.5699631860783523,1.0734208790809923,,
Sprängningar per 100 000 inv,lag,polisregion,23,2025,1.231043216797995,1.8292335087291682,20.0,29,2021.0,1.0230911289590332,1.0734208790809923,,
Sprängningar per 100 000 inv,lag,polisregion,24,2025,0.6838097777960127,1.8292335087291682,23.0,29,2021.0,0.5699631860783523,1.0734208790809923,,
Sprängningar per 100 000 inv,lag,polisregion,25,2025,1.231043216797995,1.8292335087291682,20.0,29,2021.0,1.0230911289590332,1.0734208790809923,,
Sprängningar per 100 000 inv,lag,polisregion,26,2025,0.2218940655541638,1.8292335087291682,26.0,29,2021.0,-0.11125307554364489,1.0734208790809923,,
Sprängningar per 100 000 inv,lag,polisregion,27,2025,0.2218940655541638,1.8292335087291682,26.0,29,2021.0,-0.11125307554364489,1.0734208790809923,,
Sprängningar per 100 000 inv,lag,polisregion,28,2025,0.2218940655541638,1.8292335087291682,26.0,29,2021.0,-0.11125307554364489,1.0734208790809923,,
Sprängningar per 100 000 inv,lag,polisregion,29,2025,0.2218940655541638,1.8292335087291682,26.0,29,2021.0,-0.11125307554364489,1.0734208790809923,,
Telefonsamtal till primärvården besvarade samma dag,sjukvard,län,01,2022,84.24236694,86.27496381,20.0,29,2018.0,-6.21208,-0.40086750000000393,hogre,100.0
Telefonsamtal till primärvården besvarade samma dag,sjukvard,län,02,2022,84.24236694,86.27496381,20.0,29,2018.0,-6.21208,-0.40086750000000393,hogre,100.0
Telefonsamtal till primärvården besvarade samma dag,sjukvard,län,03,2025,92.33333333,88.5,12.0,26,2021.0,9.094235440000006,5.286287560000005,hogre,100.0
Telefonsamtal till primärvården besvarade samma dag,sjukvard,län,04,2024,69.66666667,87.0,21.0,21,2020.0,-22.752406399999998,-3.223401140000007,hogre,100.0
Telefonsamtal till primärvården besvarade samma dag,sjukvard,län,05,2025,84.41666667,88.5,18.0,26,2021.0,8.1204331,5.286287560000005,hogre,100.0
Telefonsamtal till primärvården besvarade samma dag,sjukvard,län,06,2025,91.0,88.5,13.0,26,2021.0,-3.9071394999999995,5.286287560000005,hogre,100.0
Telefonsamtal till primärvården besvarade samma dag,sjukvard,län,07,2025,89.33333333,88.5,16.0,26,,,,hogre,100.0
Telefonsamtal till primärvården besvarade samma dag,sjukvard,län,08,2025,96.08333333,88.5,1.0,26,2021.0,3.461332150000004,5.286287560000005,hogre,100.0
Telefonsamtal till primärvården besvarade samma dag,sjukvard,län,09,2025,89.41666667,88.5,15.0,26,2021.0,-2.4065761500000065,5.286287560000005,hogre,100.0
Telefonsamtal till primärvården besvarade samma dag,sjukvard,län,10,2025,82.41666667,88.5,21.0,26,2021.0,9.611944199999996,5.286287560000005,hogre,100.0
Telefonsamtal till primärvården besvarade samma dag,sjukvard,län,11,2025,95.25,88.5,2.0,26,2021.0,10.841889940000002,5.286287560000005,hogre,100.0
Telefonsamtal till primärvården besvarade samma dag,sjukvard,län,12,2025,95.25,88.5,2.0,26,2021.0,10.841889940000002,5.286287560000005,hogre,100.0
Telefonsamtal till primärvården besvarade samma dag,sjukvard,län,13,2025,95.25,88.5,2.0,26,2021.0,10.841889940000002,5.286287560000005,hogre,100.0
Telefonsamtal till primärvården besvarade samma dag,sjukvard,län,14,2025,95.25,88.5,2.0,26,2021.0,10.841889940000002,5.286287560000005,hogre,100.0
Telefonsamtal till primärvården besvarade samma dag,sjukvard,län,15,2025,89.83333333,88.5,14.0,26,2021.0,-3.3400078399999984,5.286287560000005,hogre,100.0
Telefonsamtal till primärvården besvarade samma dag,sjukvard,län,16,2025,93.33333333,88.5,7.0,26,2021.0,5.148019759999997,5.286287560000005,hogre,100.0
Telefonsamtal till primärvården besvarade samma dag,sjukvard,län,17,2025,93.33333333,88.5,7.0,26,2021.0,5.148019759999997,5.286287560000005,hogre,100.0
Telefonsamtal till primärvården besvarade samma dag,sjukvard,län,18,2025,93.33333333,88.5,7.0,26,2021.0,5.148019759999997,5.286287560000005,hogre,100.0
Telefonsamtal till primärvården besvarade samma dag,sjukvard,län,19,2025,93.33333333,88.5,7.0,26,2021.0,5.148019759999997,5.286287560000005,hogre,100.0
Telefonsamtal till primärvården besvarade samma dag,sjukvard,län,20,2025,93.33333333,88.5,7.0,26,2021.0,5.148019759999997,5.286287560000005,hogre,100.0
Telefonsamtal till primärvården besvarade samma dag,sjukvard,län,21,2025,84.08333333,88.5,19.0,26,2021.0,11.013824200000002,5.286287560000005,hogre,100.0
Telefonsamtal till primärvården besvarade samma dag,sjukvard,län,22,2025,78.75,88.5,23.0,26,2021.0,-1.3055991500000061,5.286287560000005,hogre,100.0
Telefonsamtal till primärvården besvarade samma dag,sjukvard,län,23,2025,93.41666667,88.5,6.0,26,2021.0,8.907485379999997,5.286287560000005,hogre,100.0
Telefonsamtal till primärvården besvarade samma dag,sjukvard,län,24,2025,88.25,88.5,17.0,26,2021.0,-0.3988154299999991,5.286287560000005,hogre,100.0
Telefonsamtal till primärvården besvarade samma dag,sjukvard,län,25,2025,81.25,88.5,22.0,26,2021.0,-2.5346476600000045,5.286287560000005,hogre,100.0
Telefonsamtal till primärvården besvarade samma dag,sjukvard,län,26,2025,78.33333333,88.5,24.0,26,2021.0,-5.181837029999997,5.286287560000005,hogre,100.0
Telefonsamtal till primärvården besvarade samma dag,sjukvard,län,27,2025,83.66666667,88.5,20.0,26,2021.0,-1.7400345300000026,5.286287560000005,hogre,100.0
Telefonsamtal till primärvården besvarade samma dag,sjukvard,län,28,2025,66.41666667,88.5,26.0,26,2021.0,4.902108499999997,5.286287560000005,hogre,100.0
Telefonsamtal till primärvården besvarade samma dag,sjukvard,län,29,2025,77.72727273,88.5,25.0,26,2021.0,-2.1096460800000045,5.286287560000005,hogre,100.0
Total skattesats (%),skatter,kommuner,01,2026,30.55,32.38,29.0,29,2022.0,0.7300000000000004,0.15000000000000568,,
Total skattesats (%),skatter,kommuner,02,2026,31.151424328953816,32.38,28.0,29,2022.0,0.15816136013928528,0.15000000000000568,,
Total skattesats (%),skatter,kommuner,03,2026,33.006592752227775,32.38,15.0,29,2022.0,0.021957531776855888,0.15000000000000568,,
Total skattesats (%),skatter,kommuner,04,2026,32.70165183917506,32.38,19.0,29,2022.0,-0.019867532365736906,0.15000000000000568,,
Total skattesats (%),skatter,kommuner,05,2026,32.83069324510164,32.38,18.0,29,2022.0,0.022747436787717845,0.15000000000000568,,
Total skattesats (%),skatter,kommuner,06,2026,33.626441942869015,32.38,11.0,29,2022.0,-0.005110116691092514,0.15000000000000568,,
Total skattesats (%),skatter,kommuner,07,2026,32.863847461984136,32.38,17.0,29,2022.0,-0.004302202184391035,0.15000000000000568,,
Total skattesats (%),skatter,kommuner,08,2026,33.76465085742386,32.38,9.0,29,2022.0,0.014391537713045466,0.15000000000000568,,
Total skattesats (%),skatter,kommuner,09,2026,33.6,32.38,12.0,29,2022.0,0.0,0.15000000000000568,,
Total skattesats (%),skatter,kommuner,10,2026,33.73467681255777,32.38,10.0,29,2022.0,-0.14587413041009967,0.15000000000000568,,
Total skattesats (%),skatter,kommuner,11,2026,32.42,32.38,22.0,29,2022.0,0.0,0.15000000000000568,,
Total skattesats (%),skatter,kommuner,12,2026,31.554155601036314,32.38,26.0,29,2022.0,-0.016242721048659092,0.15000000000000568,,
Total skattesats (%),skatter,kommuner,13,2026,31.35082027034793,32.38,27.0,29,2022.0,-0.02326227707789741,0.15000000000000568,,
Total skattesats (%),skatter,kommuner,14,2026,32.15093743720815,32.38,24.0,29,2022.0,0.004513217434634953,0.15000000000000568,,
Total skattesats (%),skatter,kommuner,15,2026,32.38663459386887,32.38,23.0,29,2022.0,0.05310170060415231,0.15000000000000568,,
Total skattesats (%),skatter,kommuner,16,2026,32.6,32.38,20.0,29,2022.0,0.0,0.15000000000000568,,
Total skattesats (%),skatter,kommuner,17,2026,32.44773081968316,32.38,21.0,29,2022.0,-0.06306074467727285,0.15000000000000568,,
Total skattesats (%),skatter,kommuner,18,2026,33.79609052127968,32.38,8.0,29,2022.0,-0.02370084319758803,0.15000000000000568,,
Total skattesats (%),skatter,kommuner,19,2026,32.89955321115136,32.38,16.0,29,2022.0,0.00844444699548319,0.15000000000000568,,
Total skattesats (%),skatter,kommuner,20,2026,33.15839768698094,32.38,14.0,29,2022.0,0.06328477262451315,0.15000000000000568,,
Total skattesats (%),skatter,kommuner,21,2026,34.05783707173911,32.38,4.0,29,2022.0,0.6099187454997832,0.15000000000000568,,
Total skattesats (%),skatter,kommuner,22,2026,33.954112888029044,32.38,6.0,29,2022.0,0.7349897195596355,0.15000000000000568,,
Total skattesats (%),skatter,kommuner,23,2026,32.03290048736682,32.38,25.0,29,2022.0,0.0,0.15000000000000568,,
Total skattesats (%),skatter,kommuner,24,2026,34.1810348218676,32.38,2.0,29,2022.0,0.3464243887175442,0.15000000000000568,,
Total skattesats (%),skatter,kommuner,25,2026,33.536677534830595,32.38,13.0,29,2022.0,0.0,0.15000000000000568,,
Total skattesats (%),skatter,kommuner,26,2026,34.112203459572385,32.38,3.0,29,2022.0,-0.045437352619998705,0.15000000000000568,,
Total skattesats (%),skatter,kommuner,27,2026,34.024760480780394,32.38,5.0,29,2022.0,0.0,0.15000000000000568,,
Total skattesats (%),skatter,kommuner,28,2026,34.72000051473547,32.38,1.0,29,2022.0,0.4929375953430508,0.15000000000000568,,
Total skattesats (%),skatter,kommuner,29,2026,33.911515179730706,32.38,7.0,29,2022.0,0.012011359580377245,0.15000000000000568,,
Utländsk bakgrund (%),befolkning,kommuner,01,2025,35.26883958692565,27.37132203094308,4.0,29,2021.0,0.9119426652790921,1.20384011964628,,
Utländsk bakgrund (%),befolkning,kommuner,02,2025,37.88266185612343,27.37132203094308,3.0,29,2021.0,2.138004306622065,1.20384011964628,,
Utländsk bakgrund (%),befolkning,kommuner,03,2025,26.285842794727838,27.37132203094308,10.0,29,2021.0,1.2646677077365034,1.20384011964628,,
Utländsk bakgrund (%),befolkning,kommuner,04,2025,28.263474084215456,27.37132203094308,7.0,29,2021.0,0.5476142692667842,1.20384011964628,,
Utländsk bakgrund (%),befolkning,kommuner,05,2025,23.167888579795836,27.37132203094308,13.0,29,2021.0,0.7889846362995492,1.20384011964628,,
Utländsk bakgrund (%),befolkning,kommuner,06,2025,25.96718848965017,27.37132203094308,11.0,29,2021.0,1.3094233837109641,1.20384011964628,,
Utländsk bakgrund (%),befolkning,kommuner,07,2025,27.405556703423628,27.37132203094308,8.0,29,2021.0,0.9728581758915951,1.20384011964628,,
Utländsk bakgrund (%),befolkning,kommuner,08,2025,18.670463854910345,27.37132203094308,20.0,29,2021.0,0.7846892875523395,1.20384011964628,,
Utländsk bakgrund (%),befolkning,kommuner,09,2025,10.735883783606127,27.37132203094308,29.0,29,2021.0,0.9786666888044024,1.20384011964628,,
Utländsk bakgrund (%),befolkning,kommuner,10,2025,19.08063282862476,27.37132203094308,19.0,29,2021.0,0.2923697047986771,1.20384011964628,,
Utländsk bakgrund (%),befolkning,kommuner,11,2025,49.45613768060795,27.37132203094308,1.0,29,2021.0,1.6282831593442069,1.20384011964628,,
Utländsk bakgrund (%),befolkning,kommuner,12,2025,32.88159247838812,27.37132203094308,5.0,29,2021.0,1.6733150807491626,1.20384011964628,,
Utländsk bakgrund (%),befolkning,kommuner,13,2025,22.977872875637868,27.37132203094308,15.0,29,2021.0,1.312795476574074,1.20384011964628,,
Utländsk bakgrund (%),befolkning,kommuner,14,2025,23.13534031019823,27.37132203094308,14.0,29,2021.0,0.6769900630758201,1.20384011964628,,
Utländsk bakgrund (%),befolkning,kommuner,15,2025,19.689170450119438,27.37132203094308,18.0,29,2021.0,0.7123429571516411,1.20384011964628,,
Utländsk bakgrund (%),befolkning,kommuner,16,2025,40.20672517194486,27.37132203094308,2.0,29,2021.0,2.0727142213688268,1.20384011964628,,
Utländsk bakgrund (%),befolkning,kommuner,17,2025,20.12838990578173,27.37132203094308,17.0,29,2021.0,1.1570934107919975,1.20384011964628,,
Utländsk bakgrund (%),befolkning,kommuner,18,2025,22.662215707009803,27.37132203094308,16.0,29,2021.0,0.536423727680031,1.20384011964628,,
Utländsk bakgrund (%),befolkning,kommuner,19,2025,26.50017765407818,27.37132203094308,9.0,29,2021.0,1.0894779462552613,1.20384011964628,,
Utländsk bakgrund (%),befolkning,kommuner,20,2025,17.83352855641043,27.37132203094308,22.0,29,2021.0,0.651935849653988,1.20384011964628,,
Utländsk bakgrund (%),befolkning,kommuner,21,2025,17.689300071846198,27.37132203094308,23.0,29,2021.0,0.8758464153707131,1.20384011964628,,
Utländsk bakgrund (%),befolkning,kommuner,22,2025,23.95624055743348,27.37132203094308,12.0,29,2021.0,0.7197317570675956,1.20384011964628,,
Utländsk bakgrund (%),befolkning,kommuner,23,2025,30.86732889142464,27.37132203094308,6.0,29,2021.0,1.4046634929173791,1.20384011964628,,
Utländsk bakgrund (%),befolkning,kommuner,24,2025,16.96307287206779,27.37132203094308,24.0,29,2021.0,0.3726422340439335,1.20384011964628,,
Utländsk bakgrund (%),befolkning,kommuner,25,2025,18.244141407154846,27.37132203094308,21.0,29,2021.0,0.5078928147364223,1.20384011964628,,
Utländsk bakgrund (%),befolkning,kommuner,26,2025,14.825350504467696,27.37132203094308,27.0,29,2021.0,0.6979198637747128,1.20384011964628,,
Utländsk bakgrund (%),befolkning,kommuner,27,2025,12.941532537773954,27.37132203094308,28.0,29,2021.0,0.6937276024128138,1.20384011964628,,
Utländsk bakgrund (%),befolkning,kommuner,28,2025,15.40890632964435,27.37132203094308,26.0,29,2021.0,1.7908555878963863,1.20384011964628,,
Utländsk bakgrund (%),befolkning,kommuner,29,2025,16.12343531853512,27.37132203094308,25.0,29,2021.0,1.7979050925480529,1.20384011964628,,
Utrikes födda (% av bef.),invandring,kommuner,01,2025,9.527328,9.589677,12.0,29,2021.0,-0.38234299999999877,-1.0410690000000002,,
Utrikes födda (% av bef.),invandring,kommuner,02,2025,10.666249115062845,9.589677,5.0,29,2021.0,-0.1889187995866184,-1.0410690000000002,,
Utrikes födda (% av bef.),invandring,kommuner,03,2025,9.149842693875968,9.589677,15.0,29,2021.0,-1.0367326919470656,-1.0410690000000002,,
Utrikes födda (% av bef.),invandring,kommuner,04,2025,10.254429579717907,9.589677,7.0,29,2021.0,-2.5636318925409647,-1.0410690000000002,,
Utrikes födda (% av bef.),invandring,kommuner,05,2025,8.576796354729519,9.589677,21.0,29,2021.0,-1.6616785971515338,-1.0410690000000002,,
Utrikes födda (% av bef.),invandring,kommuner,06,2025,9.415355599975637,9.589677,13.0,29,2021.0,-1.4148910162765596,-1.0410690000000002,,
Utrikes födda (% av bef.),invandring,kommuner,07,2025,11.231005885645924,9.589677,4.0,29,2021.0,-2.3719864641790753,-1.0410690000000002,,
Utrikes födda (% av bef.),invandring,kommuner,08,2025,9.606877534605605,9.589677,10.0,29,2021.0,-2.0422571628739163,-1.0410690000000002,,
Utrikes födda (% av bef.),invandring,kommuner,09,2025,6.616871,9.589677,28.0,29,2021.0,0.09323199999999865,-1.0410690000000002,,
Utrikes födda (% av bef.),invandring,kommuner,10,2025,9.566481202134042,9.589677,11.0,29,2021.0,-1.7621301109345353,-1.0410690000000002,,
Utrikes födda (% av bef.),invandring,kommuner,11,2025,14.212217,9.589677,1.0,29,2021.0,-1.7406669999999984,-1.0410690000000002,,
Utrikes födda (% av bef.),invandring,kommuner,12,2025,11.708471689967432,9.589677,3.0,29,2021.0,-1.2895117372105673,-1.0410690000000002,,
Utrikes födda (% av bef.),invandring,kommuner,13,2025,8.739851381788231,9.589677,17.0,29,2021.0,-0.25364269232119696,-1.0410690000000002,,
Utrikes födda (% av bef.),invandring,kommuner,14,2025,9.760069367246963,9.589677,8.0,29,2021.0,-2.5558251372619942,-1.0410690000000002,,
Utrikes födda (% av bef.),invandring,kommuner,15,2025,7.9682407936152755,9.589677,22.0,29,2021.0,-1.0730501574401456,-1.0410690000000002,,
Utrikes födda (% av bef.),invandring,kommuner,16,2025,12.432386,9.589677,2.0,29,2021.0,0.050791999999999504,-1.0410690000000002,,
Utrikes födda (% av bef.),invandring,kommuner,17,2025,6.182353149809963,9.589677,29.0,29,2021.0,-0.5792348620228047,-1.0410690000000002,,
Utrikes födda (% av bef.),invandring,kommuner,18,2025,9.679039577464321,9.589677,9.0,29,2021.0,-2.0672954523400726,-1.0410690000000002,,
Utrikes födda (% av bef.),invandring,kommuner,19,2025,8.985514615631871,9.589677,16.0,29,2021.0,-1.2753360710878674,-1.0410690000000002,,
Utrikes födda (% av bef.),invandring,kommuner,20,2025,7.871786516802703,9.589677,23.0,29,2021.0,-1.4259045924327145,-1.0410690000000002,,
Utrikes födda (% av bef.),invandring,kommuner,21,2025,9.3983734802264,9.589677,14.0,29,2021.0,-0.5896905998979172,-1.0410690000000002,,
Utrikes födda (% av bef.),invandring,kommuner,22,2025,8.65175195651646,9.589677,19.0,29,2021.0,-1.8124867905135211,-1.0410690000000002,,
Utrikes födda (% av bef.),invandring,kommuner,23,2025,10.620427210526561,9.589677,6.0,29,2021.0,-1.4792603253804923,-1.0410690000000002,,
Utrikes födda (% av bef.),invandring,kommuner,24,2025,8.718716945018105,9.589677,18.0,29,2021.0,-1.4394066315408338,-1.0410690000000002,,
Utrikes födda (% av bef.),invandring,kommuner,25,2025,8.582904893021288,9.589677,20.0,29,2021.0,-2.3499196379642235,-1.0410690000000002,,
Utrikes födda (% av bef.),invandring,kommuner,26,2025,7.081079478721888,9.589677,27.0,29,2021.0,-1.2055458907950474,-1.0410690000000002,,
Utrikes födda (% av bef.),invandring,kommuner,27,2025,7.6167614662350465,9.589677,25.0,29,2021.0,-0.9898102262416311,-1.0410690000000002,,
Utrikes födda (% av bef.),invandring,kommuner,28,2025,7.506608041366014,9.589677,26.0,29,2021.0,-0.19991817724682015,-1.0410690000000002,,
Utrikes födda (% av bef.),invandring,kommuner,29,2025,7.61714610103095,9.589677,24.0,29,2021.0,-0.027128007717893254,-1.0410690000000002,,
"Utsatt för brott mot person (NTU, %)",lag,län,01,2024,20.964288958657168,19.959366845821954,5.0,29,2020.0,-2.089380257536636,-0.2793086685158066,,
"Utsatt för brott mot person (NTU, %)",lag,län,02,2024,20.964288958657168,19.959366845821954,5.0,29,2020.0,-2.089380257536636,-0.2793086685158066,,
"Utsatt för brott mot person (NTU, %)",lag,län,03,2024,19.180375765464106,19.959366845821954,17.0,29,2020.0,1.1898049486915454,-0.2793086685158066,,
"Utsatt för brott mot person (NTU, %)",lag,län,04,2024,20.01774217546253,19.959366845821954,13.0,29,2020.0,2.101962729897977,-0.2793086685158066,,
"Utsatt för brott mot person (NTU, %)",lag,län,05,2024,19.953935897285756,19.959366845821954,14.0,29,2020.0,0.2421821272038791,-0.2793086685158066,,
"Utsatt för brott mot person (NTU, %)",lag,län,06,2024,19.11935392124015,19.959366845821954,18.0,29,2020.0,-4.078206958263003,-0.2793086685158066,,
"Utsatt för brott mot person (NTU, %)",lag,län,07,2024,18.37293604257075,19.959366845821954,20.0,29,2020.0,-2.882772974092628,-0.2793086685158066,,
"Utsatt för brott mot person (NTU, %)",lag,län,08,2024,18.028961668287455,19.959366845821954,24.0,29,2020.0,0.8968731684861453,-0.2793086685158066,,
"Utsatt för brott mot person (NTU, %)",lag,län,09,2024,18.94661774029813,19.959366845821954,19.0,29,2020.0,3.9447572715435744,-0.2793086685158066,,
"Utsatt för brott mot person (NTU, %)",lag,län,10,2024,19.341682088615116,19.959366845821954,15.0,29,2020.0,0.28307288044486256,-0.2793086685158066,,
"Utsatt för brott mot person (NTU, %)",lag,län,11,2024,22.234049615163812,19.959366845821954,1.0,29,2020.0,0.9679835867720108,-0.2793086685158066,,
"Utsatt för brott mot person (NTU, %)",lag,län,12,2024,22.234049615163812,19.959366845821954,1.0,29,2020.0,0.9679835867720108,-0.2793086685158066,,
"Utsatt för brott mot person (NTU, %)",lag,län,13,2024,22.234049615163812,19.959366845821954,1.0,29,2020.0,0.9679835867720108,-0.2793086685158066,,
"Utsatt för brott mot person (NTU, %)",lag,län,14,2024,22.234049615163812,19.959366845821954,1.0,29,2020.0,0.9679835867720108,-0.2793086685158066,,
"Utsatt för brott mot person (NTU, %)",lag,län,15,2024,20.759252118262822,19.959366845821954,7.0,29,2020.0,1.4204962184876493,-0.2793086685158066,,
"Utsatt för brott mot person (NTU, %)",lag,län,16,2024,20.58214785277221,19.959366845821954,8.0,29,2020.0,-0.38822472341071546,-0.2793086685158066,,
"Utsatt för brott mot person (NTU, %)",lag,län,17,2024,20.58214785277221,19.959366845821954,8.0,29,2020.0,-0.38822472341071546,-0.2793086685158066,,
"Utsatt för brott mot person (NTU, %)",lag,län,18,2024,20.58214785277221,19.959366845821954,8.0,29,2020.0,-0.38822472341071546,-0.2793086685158066,,
"Utsatt för brott mot person (NTU, %)",lag,län,19,2024,20.58214785277221,19.959366845821954,8.0,29,2020.0,-0.38822472341071546,-0.2793086685158066,,
"Utsatt för brott mot person (NTU, %)",lag,län,20,2024,20.58214785277221,19.959366845821954,8.0,29,2020.0,-0.38822472341071546,-0.2793086685158066,,
"Utsatt för brott mot person (NTU, %)",lag,län,21,2024,16.858866103072256,19.959366845821954,26.0,29,2020.0,1.3182877156721826,-0.2793086685158066,,
"Utsatt för brott mot person (NTU, %)",lag,län,22,2024,19.207507320988274,19.959366845821954,16.0,29,2020.0,-0.817725168329261,-0.2793086685158066,,
"Utsatt för brott mot person (NTU, %)",lag,län,23,2024,17.901055467453762,19.959366845821954,25.0,29,2020.0,-1.9268560567485764,-0.2793086685158066,,
"Utsatt för brott mot person (NTU, %)",lag,län,24,2024,16.793038778015173,19.959366845821954,27.0,29,2020.0,0.04495032218264683,-0.2793086685158066,,
"Utsatt för brott mot person (NTU, %)",lag,län,25,2024,16.7702992616552,19.959366845821954,28.0,29,2020.0,-0.7788503546034136,-0.2793086685158066,,
"Utsatt för brott mot person (NTU, %)",lag,län,26,2024,18.195033898300743,19.959366845821954,23.0,29,2020.0,2.099574467776481,-0.2793086685158066,,
"Utsatt för brott mot person (NTU, %)",lag,län,27,2024,18.30007835725808,19.959366845821954,22.0,29,2020.0,2.09617616506722,-0.2793086685158066,,
"Utsatt för brott mot person (NTU, %)",lag,län,28,2024,18.334762098224726,19.959366845821954,21.0,29,2020.0,3.2141072227807452,-0.2793086685158066,,
"Utsatt för brott mot person (NTU, %)",lag,län,29,2024,16.21470758656642,19.959366845821954,29.0,29,2020.0,0.24356933117978663,-0.2793086685158066,,
Valdeltagande 2026: femtedelen distrikt med mest låg ekonomisk standard minus femtedelen med minst (e.),demokrati,valdistrikt,01,2026,-19.388824614950373,-15.039412539703523,25.0,29,,,,,
Valdeltagande 2026: femtedelen distrikt med mest låg ekonomisk standard minus femtedelen med minst (e.),demokrati,valdistrikt,02,2026,-20.92844256159687,-15.039412539703523,28.0,29,,,,,
Valdeltagande 2026: femtedelen distrikt med mest låg ekonomisk standard minus femtedelen med minst (e.),demokrati,valdistrikt,03,2026,-9.952338807543581,-15.039412539703523,4.0,29,,,,,
Valdeltagande 2026: femtedelen distrikt med mest låg ekonomisk standard minus femtedelen med minst (e.),demokrati,valdistrikt,04,2026,-16.058291550084412,-15.039412539703523,24.0,29,,,,,
Valdeltagande 2026: femtedelen distrikt med mest låg ekonomisk standard minus femtedelen med minst (e.),demokrati,valdistrikt,05,2026,-15.56580380987519,-15.039412539703523,22.0,29,,,,,
Valdeltagande 2026: femtedelen distrikt med mest låg ekonomisk standard minus femtedelen med minst (e.),demokrati,valdistrikt,06,2026,-12.20095728580467,-15.039412539703523,12.0,29,,,,,
Valdeltagande 2026: femtedelen distrikt med mest låg ekonomisk standard minus femtedelen med minst (e.),demokrati,valdistrikt,07,2026,-13.72736212804334,-15.039412539703523,19.0,29,,,,,
Valdeltagande 2026: femtedelen distrikt med mest låg ekonomisk standard minus femtedelen med minst (e.),demokrati,valdistrikt,08,2026,-13.367732520364484,-15.039412539703523,17.0,29,,,,,
Valdeltagande 2026: femtedelen distrikt med mest låg ekonomisk standard minus femtedelen med minst (e.),demokrati,valdistrikt,09,2026,-7.189317087994285,-15.039412539703523,1.0,29,,,,,
Valdeltagande 2026: femtedelen distrikt med mest låg ekonomisk standard minus femtedelen med minst (e.),demokrati,valdistrikt,10,2026,-13.098619931854639,-15.039412539703523,15.0,29,,,,,
Valdeltagande 2026: femtedelen distrikt med mest låg ekonomisk standard minus femtedelen med minst (e.),demokrati,valdistrikt,11,2026,-19.717384010078643,-15.039412539703523,26.0,29,,,,,
Valdeltagande 2026: femtedelen distrikt med mest låg ekonomisk standard minus femtedelen med minst (e.),demokrati,valdistrikt,12,2026,-19.737018889909397,-15.039412539703523,27.0,29,,,,,
Valdeltagande 2026: femtedelen distrikt med mest låg ekonomisk standard minus femtedelen med minst (e.),demokrati,valdistrikt,13,2026,-10.060388859605762,-15.039412539703523,5.0,29,,,,,
Valdeltagande 2026: femtedelen distrikt med mest låg ekonomisk standard minus femtedelen med minst (e.),demokrati,valdistrikt,14,2026,-12.611566552637111,-15.039412539703523,13.0,29,,,,,
Valdeltagande 2026: femtedelen distrikt med mest låg ekonomisk standard minus femtedelen med minst (e.),demokrati,valdistrikt,15,2026,-7.854528258396531,-15.039412539703523,2.0,29,,,,,
Valdeltagande 2026: femtedelen distrikt med mest låg ekonomisk standard minus femtedelen med minst (e.),demokrati,valdistrikt,16,2026,-22.327868307847986,-15.039412539703523,29.0,29,,,,,
Valdeltagande 2026: femtedelen distrikt med mest låg ekonomisk standard minus femtedelen med minst (e.),demokrati,valdistrikt,17,2026,-10.597862011009507,-15.039412539703523,9.0,29,,,,,
Valdeltagande 2026: femtedelen distrikt med mest låg ekonomisk standard minus femtedelen med minst (e.),demokrati,valdistrikt,18,2026,-14.513518028728289,-15.039412539703523,20.0,29,,,,,
Valdeltagande 2026: femtedelen distrikt med mest låg ekonomisk standard minus femtedelen med minst (e.),demokrati,valdistrikt,19,2026,-14.691108719836066,-15.039412539703523,21.0,29,,,,,
Valdeltagande 2026: femtedelen distrikt med mest låg ekonomisk standard minus femtedelen med minst (e.),demokrati,valdistrikt,20,2026,-11.665140990459555,-15.039412539703523,11.0,29,,,,,
Valdeltagande 2026: femtedelen distrikt med mest låg ekonomisk standard minus femtedelen med minst (e.),demokrati,valdistrikt,21,2026,-11.354950175797951,-15.039412539703523,10.0,29,,,,,
Valdeltagande 2026: femtedelen distrikt med mest låg ekonomisk standard minus femtedelen med minst (e.),demokrati,valdistrikt,22,2026,-12.778817364548189,-15.039412539703523,14.0,29,,,,,
Valdeltagande 2026: femtedelen distrikt med mest låg ekonomisk standard minus femtedelen med minst (e.),demokrati,valdistrikt,23,2026,-15.966316673320147,-15.039412539703523,23.0,29,,,,,
Valdeltagande 2026: femtedelen distrikt med mest låg ekonomisk standard minus femtedelen med minst (e.),demokrati,valdistrikt,24,2026,-10.532898224454968,-15.039412539703523,8.0,29,,,,,
Valdeltagande 2026: femtedelen distrikt med mest låg ekonomisk standard minus femtedelen med minst (e.),demokrati,valdistrikt,25,2026,-13.32353825078515,-15.039412539703523,16.0,29,,,,,
Valdeltagande 2026: femtedelen distrikt med mest låg ekonomisk standard minus femtedelen med minst (e.),demokrati,valdistrikt,26,2026,-10.416338943772486,-15.039412539703523,7.0,29,,,,,
Valdeltagande 2026: femtedelen distrikt med mest låg ekonomisk standard minus femtedelen med minst (e.),demokrati,valdistrikt,27,2026,-10.370111023961693,-15.039412539703523,6.0,29,,,,,
Valdeltagande 2026: femtedelen distrikt med mest låg ekonomisk standard minus femtedelen med minst (e.),demokrati,valdistrikt,28,2026,-9.510732965753544,-15.039412539703523,3.0,29,,,,,
Valdeltagande 2026: femtedelen distrikt med mest låg ekonomisk standard minus femtedelen med minst (e.),demokrati,valdistrikt,29,2026,-13.643025974031953,-15.039412539703523,18.0,29,,,,,
Valdeltagande riksdagsval (%),demokrati,kommuner,01,2022,84.0,84.1879352891188,21.0,29,2018.0,-3.299999999999997,-2.9974431945914546,,
Valdeltagande riksdagsval (%),demokrati,kommuner,02,2022,82.48507828911201,84.1879352891188,26.0,29,2018.0,-4.122054219389312,-2.9974431945914546,,
Valdeltagande riksdagsval (%),demokrati,kommuner,03,2022,86.00853177039244,84.1879352891188,8.0,29,2018.0,-2.9314595705358926,-2.9974431945914546,,
Valdeltagande riksdagsval (%),demokrati,kommuner,04,2022,83.55321392956832,84.1879352891188,23.0,29,2018.0,-3.330672658628046,-2.9974431945914546,,
Valdeltagande riksdagsval (%),demokrati,kommuner,05,2022,85.2898786814264,84.1879352891188,13.0,29,2018.0,-2.855377095162254,-2.9974431945914546,,
Valdeltagande riksdagsval (%),demokrati,kommuner,06,2022,85.30494351750008,84.1879352891188,12.0,29,2018.0,-2.826041065804887,-2.9974431945914546,,
Valdeltagande riksdagsval (%),demokrati,kommuner,07,2022,85.44737497775405,84.1879352891188,10.0,29,2018.0,-2.7865660820101112,-2.9974431945914546,,
Valdeltagande riksdagsval (%),demokrati,kommuner,08,2022,86.04259602205552,84.1879352891188,7.0,29,2018.0,-2.1167535076430255,-2.9974431945914546,,
Valdeltagande riksdagsval (%),demokrati,kommuner,09,2022,87.10000000000001,84.1879352891188,3.0,29,2018.0,-1.5999999999999943,-2.9974431945914546,,
Valdeltagande riksdagsval (%),demokrati,kommuner,10,2022,86.10461511018859,84.1879352891188,6.0,29,2018.0,-2.3980402808633556,-2.9974431945914546,,
Valdeltagande riksdagsval (%),demokrati,kommuner,11,2022,77.2,84.1879352891188,29.0,29,2018.0,-4.799999999999997,-2.9974431945914546,,
Valdeltagande riksdagsval (%),demokrati,kommuner,12,2022,81.87701475688098,84.1879352891188,27.0,29,2018.0,-3.3084854096110803,-2.9974431945914546,,
Valdeltagande riksdagsval (%),demokrati,kommuner,13,2022,87.31761411887902,84.1879352891188,2.0,29,2018.0,-2.055325547687616,-2.9974431945914546,,
Valdeltagande riksdagsval (%),demokrati,kommuner,14,2022,83.94745336323231,84.1879352891188,22.0,29,2018.0,-2.389909097485102,-2.9974431945914546,,
Valdeltagande riksdagsval (%),demokrati,kommuner,15,2022,86.6107619154173,84.1879352891188,4.0,29,2018.0,-2.43092302528531,-2.9974431945914546,,
Valdeltagande riksdagsval (%),demokrati,kommuner,16,2022,80.7,84.1879352891188,28.0,29,2018.0,-3.5999999999999943,-2.9974431945914546,,
Valdeltagande riksdagsval (%),demokrati,kommuner,17,2022,87.57945040530088,84.1879352891188,1.0,29,2018.0,-2.0742743264605963,-2.9974431945914546,,
Valdeltagande riksdagsval (%),demokrati,kommuner,18,2022,84.41088785424525,84.1879352891188,20.0,29,2018.0,-2.4118936990835493,-2.9974431945914546,,
Valdeltagande riksdagsval (%),demokrati,kommuner,19,2022,84.42443620459073,84.1879352891188,19.0,29,2018.0,-2.9990563709311715,-2.9974431945914546,,
Valdeltagande riksdagsval (%),demokrati,kommuner,20,2022,86.15063655617162,84.1879352891188,5.0,29,2018.0,-2.048335435356833,-2.9974431945914546,,
Valdeltagande riksdagsval (%),demokrati,kommuner,21,2022,85.22344212838483,84.1879352891188,14.0,29,2018.0,-2.127415076970763,-2.9974431945914546,,
Valdeltagande riksdagsval (%),demokrati,kommuner,22,2022,84.67741946290455,84.1879352891188,17.0,29,2018.0,-3.0373299330410646,-2.9974431945914546,,
Valdeltagande riksdagsval (%),demokrati,kommuner,23,2022,82.95197753061244,84.1879352891188,25.0,29,2018.0,-3.7638473915117743,-2.9974431945914546,,
Valdeltagande riksdagsval (%),demokrati,kommuner,24,2022,85.36657592418756,84.1879352891188,11.0,29,2018.0,-2.255162487148553,-2.9974431945914546,,
Valdeltagande riksdagsval (%),demokrati,kommuner,25,2022,83.4694691539022,84.1879352891188,24.0,29,2018.0,-2.8287531142911035,-2.9974431945914546,,
Valdeltagande riksdagsval (%),demokrati,kommuner,26,2022,85.16834158925096,84.1879352891188,15.0,29,2018.0,-2.6126407858156426,-2.9974431945914546,,
Valdeltagande riksdagsval (%),demokrati,kommuner,27,2022,84.97746196725119,84.1879352891188,16.0,29,2018.0,-2.1532313320171994,-2.9974431945914546,,
Valdeltagande riksdagsval (%),demokrati,kommuner,28,2022,85.84052418788781,84.1879352891188,9.0,29,2018.0,-2.1649020598777753,-2.9974431945914546,,
Valdeltagande riksdagsval (%),demokrati,kommuner,29,2022,84.59954168541825,84.1879352891188,18.0,29,2018.0,-2.3175670013501133,-2.9974431945914546,,
Väntetid till särskilt boende (dagar),aldre,kommuner,01,2016,22.0,,16.0,17,,,,,
Väntetid till särskilt boende (dagar),aldre,kommuner,02,2024,48.324539736617965,,12.0,16,2020.0,12.040800278789654,,,
Väntetid till särskilt boende (dagar),aldre,kommuner,03,2024,39.93626495908472,,14.0,16,2020.0,-10.406720916823836,,,
Väntetid till särskilt boende (dagar),aldre,kommuner,04,2025,56.801219301537095,,8.0,12,2021.0,3.1344394146702044,,,
Väntetid till särskilt boende (dagar),aldre,kommuner,06,2023,81.71453536866827,,3.0,15,2019.0,22.963018276361808,,,
Väntetid till särskilt boende (dagar),aldre,kommuner,07,2025,72.34769651044179,,2.0,12,2021.0,28.409003056354138,,,
Väntetid till särskilt boende (dagar),aldre,kommuner,09,2025,39.16239316,,11.0,12,2021.0,11.16239316,,,
Väntetid till särskilt boende (dagar),aldre,kommuner,10,2025,32.407716653402055,,12.0,12,2021.0,12.599181250880232,,,
Väntetid till särskilt boende (dagar),aldre,kommuner,12,2025,57.5243426453074,,7.0,12,2021.0,13.445559417960467,,,
Väntetid till särskilt boende (dagar),aldre,kommuner,13,2025,53.92365948902416,,9.0,12,2021.0,20.608397466614804,,,
Väntetid till särskilt boende (dagar),aldre,kommuner,15,2025,86.02763372373923,,1.0,12,2021.0,56.080042912968736,,,
Väntetid till särskilt boende (dagar),aldre,kommuner,16,2024,63.0,,6.0,16,,,,,
Väntetid till särskilt boende (dagar),aldre,kommuner,17,2024,68.29492310853072,,5.0,16,2020.0,-14.798343466317661,,,
Väntetid till särskilt boende (dagar),aldre,kommuner,18,2025,65.00164362007682,,5.0,12,2021.0,36.46953071355197,,,
Väntetid till särskilt boende (dagar),aldre,kommuner,19,2024,76.15387105864296,,4.0,16,,,,,
Väntetid till särskilt boende (dagar),aldre,kommuner,20,2021,41.26332699532667,,9.0,17,2017.0,-3.600618335064304,,,
Väntetid till särskilt boende (dagar),aldre,kommuner,21,2022,53.24189831040729,,7.0,15,2018.0,-14.603921937835572,,,
Väntetid till särskilt boende (dagar),aldre,kommuner,22,2025,63.833051372232234,,6.0,12,2021.0,30.764232150656532,,,
Väntetid till särskilt boende (dagar),aldre,kommuner,23,2025,67.87114679136957,,4.0,12,2021.0,24.295429234155414,,,
Väntetid till särskilt boende (dagar),aldre,kommuner,24,2025,49.829651228410206,,10.0,12,,,,,
Väntetid till särskilt boende (dagar),aldre,kommuner,26,2025,70.05612375945768,,3.0,12,2021.0,-5.032286640560542,,,
Väntetid till särskilt boende (dagar),aldre,kommuner,27,2020,60.6100673643971,,6.0,17,2016.0,9.563146844809758,,,
Väntetid till särskilt boende (dagar),aldre,kommuner,28,2024,54.50775552396951,,10.0,16,,,,,
Väntetid till särskilt boende (dagar),aldre,kommuner,29,2018,66.26692719395123,,4.0,19,,,,,
Växthusgasutsläpp per invånare (ton),klimat,kommuner,01,2024,1.02577456,4.50043153,29.0,29,2020.0,-0.06565938000000004,0.0732375300000001,lagre,
Växthusgasutsläpp per invånare (ton),klimat,kommuner,02,2024,1.979185443569401,4.50043153,28.0,29,2020.0,0.019273668633267516,0.0732375300000001,lagre,
Växthusgasutsläpp per invånare (ton),klimat,kommuner,03,2024,3.392008113886243,4.50043153,25.0,29,2020.0,-0.025898354689824377,0.0732375300000001,lagre,
Växthusgasutsläpp per invånare (ton),klimat,kommuner,04,2024,9.042120991731878,4.50043153,4.0,29,2020.0,0.350801499138786,0.0732375300000001,lagre,
Växthusgasutsläpp per invånare (ton),klimat,kommuner,05,2024,4.734156003912394,4.50043153,12.0,29,2020.0,0.2508324091884049,0.0732375300000001,lagre,
Växthusgasutsläpp per invånare (ton),klimat,kommuner,06,2024,4.279316575782676,4.50043153,16.0,29,2020.0,0.20653416339378783,0.0732375300000001,lagre,
Växthusgasutsläpp per invånare (ton),klimat,kommuner,07,2024,4.0270820908055995,4.50043153,20.0,29,2020.0,0.18727187736482698,0.0732375300000001,lagre,
Växthusgasutsläpp per invånare (ton),klimat,kommuner,08,2024,5.352460666940529,4.50043153,8.0,29,2020.0,0.255900984274092,0.0732375300000001,lagre,
Växthusgasutsläpp per invånare (ton),klimat,kommuner,09,2024,31.48762721,4.50043153,1.0,29,2020.0,-3.260520370000002,0.0732375300000001,lagre,
Växthusgasutsläpp per invånare (ton),klimat,kommuner,10,2024,3.778276129090437,4.50043153,22.0,29,2020.0,0.802744100739293,0.0732375300000001,lagre,
Växthusgasutsläpp per invånare (ton),klimat,kommuner,11,2024,2.22346038,4.50043153,27.0,29,2020.0,0.17852913000000026,0.0732375300000001,lagre,
Växthusgasutsläpp per invånare (ton),klimat,kommuner,12,2024,4.529845528008999,4.50043153,14.0,29,2020.0,-0.3769853382424522,0.0732375300000001,lagre,
Växthusgasutsläpp per invånare (ton),klimat,kommuner,13,2024,2.8148019792804875,4.50043153,26.0,29,2020.0,-0.0003314129469456084,0.0732375300000001,lagre,
Växthusgasutsläpp per invånare (ton),klimat,kommuner,14,2024,4.983776801085205,4.50043153,9.0,29,2020.0,-0.029897780234127147,0.0732375300000001,lagre,
Växthusgasutsläpp per invånare (ton),klimat,kommuner,15,2024,4.308963217402477,4.50043153,15.0,29,2020.0,0.1636421740146572,0.0732375300000001,lagre,
Växthusgasutsläpp per invånare (ton),klimat,kommuner,16,2024,3.6990685,4.50043153,23.0,29,2020.0,0.016379020000000022,0.0732375300000001,lagre,
Växthusgasutsläpp per invånare (ton),klimat,kommuner,17,2024,4.914862159364603,4.50043153,10.0,29,2020.0,0.7898399638087508,0.0732375300000001,lagre,
Växthusgasutsläpp per invånare (ton),klimat,kommuner,18,2024,10.790670894192163,4.50043153,3.0,29,2020.0,1.5809123107108451,0.0732375300000001,lagre,
Växthusgasutsläpp per invånare (ton),klimat,kommuner,19,2024,3.987758591870441,4.50043153,21.0,29,2020.0,0.16285425431331557,0.0732375300000001,lagre,
Växthusgasutsläpp per invånare (ton),klimat,kommuner,20,2024,6.759629925600173,4.50043153,5.0,29,2020.0,-0.41477268849372795,0.0732375300000001,lagre,
Växthusgasutsläpp per invånare (ton),klimat,kommuner,21,2024,4.2513588522379395,4.50043153,17.0,29,2020.0,0.3258688335564224,0.0732375300000001,lagre,
Växthusgasutsläpp per invånare (ton),klimat,kommuner,22,2024,4.029359188284778,4.50043153,19.0,29,2020.0,0.11203056422812896,0.0732375300000001,lagre,
Växthusgasutsläpp per invånare (ton),klimat,kommuner,23,2024,4.163843911292223,4.50043153,18.0,29,2020.0,0.09214751573539992,0.0732375300000001,lagre,
Växthusgasutsläpp per invånare (ton),klimat,kommuner,24,2024,5.567050019992534,4.50043153,7.0,29,2020.0,0.4331004380265071,0.0732375300000001,lagre,
Växthusgasutsläpp per invånare (ton),klimat,kommuner,25,2024,4.536559308996547,4.50043153,13.0,29,2020.0,0.4408083760193753,0.0732375300000001,lagre,
Växthusgasutsläpp per invånare (ton),klimat,kommuner,26,2024,5.785263819526326,4.50043153,6.0,29,2020.0,0.2952025225945212,0.0732375300000001,lagre,
Växthusgasutsläpp per invånare (ton),klimat,kommuner,27,2024,3.645638162695196,4.50043153,24.0,29,2020.0,0.1447608859154954,0.0732375300000001,lagre,
Växthusgasutsläpp per invånare (ton),klimat,kommuner,28,2024,4.768248249090931,4.50043153,11.0,29,2020.0,0.04638944981418103,0.0732375300000001,lagre,
Växthusgasutsläpp per invånare (ton),klimat,kommuner,29,2024,19.675353491028517,4.50043153,2.0,29,2020.0,-1.3773498329903227,0.0732375300000001,lagre,
Växthusgasutsläpp totalt (ton),klimat,kommuner,01,2024,1021234.48484,47649263.86589,24.0,29,2020.0,-43514.986730000004,1698111.268079996,lagre,
Växthusgasutsläpp totalt (ton),klimat,kommuner,02,2024,2964099.7714,47649263.86589,2.0,29,2020.0,175684.4822999998,1698111.268079996,lagre,
Växthusgasutsläpp totalt (ton),klimat,kommuner,03,2024,1379846.76858,47649263.86589,16.0,29,2020.0,47362.03818999999,1698111.268079996,lagre,
Växthusgasutsläpp totalt (ton),klimat,kommuner,04,2024,2692154.20004,47649263.86589,4.0,29,2020.0,115944.80395000009,1698111.268079996,lagre,
Växthusgasutsläpp totalt (ton),klimat,kommuner,05,2024,2234449.61764,47649263.86589,6.0,29,2020.0,139132.93020999967,1698111.268079996,lagre,
Växthusgasutsläpp totalt (ton),klimat,kommuner,06,2024,1583933.87148,47649263.86589,12.0,29,2020.0,95058.71291999985,1698111.268079996,lagre,
Växthusgasutsläpp totalt (ton),klimat,kommuner,07,2024,820081.71865,47649263.86589,26.0,29,2020.0,34279.70515000005,1698111.268079996,lagre,
Växthusgasutsläpp totalt (ton),klimat,kommuner,08,2024,1309335.1222,47649263.86589,18.0,29,2020.0,61558.85081000021,1698111.268079996,lagre,
Växthusgasutsläpp totalt (ton),klimat,kommuner,09,2024,1919832.11854,47649263.86589,8.0,29,2020.0,-169365.50662000012,1698111.268079996,lagre,
Växthusgasutsläpp totalt (ton),klimat,kommuner,10,2024,593859.2048099999,47649263.86589,28.0,29,2020.0,120265.56418999989,1698111.268079996,lagre,
Växthusgasutsläpp totalt (ton),klimat,kommuner,11,2024,812994.94839,47649263.86589,27.0,29,2020.0,101463.16324999998,1698111.268079996,lagre,
Växthusgasutsläpp totalt (ton),klimat,kommuner,12,2024,1476930.61731,47649263.86589,14.0,29,2020.0,-88101.64304000023,1698111.268079996,lagre,
Växthusgasutsläpp totalt (ton),klimat,kommuner,13,2024,1162768.97059,47649263.86589,23.0,29,2020.0,33515.069330000086,1698111.268079996,lagre,
Växthusgasutsläpp totalt (ton),klimat,kommuner,14,2024,1610851.72575,47649263.86589,10.0,29,2020.0,-7261.889489999972,1698111.268079996,lagre,
Växthusgasutsläpp totalt (ton),klimat,kommuner,15,2024,1487102.75888,47649263.86589,13.0,29,2020.0,93612.35366000002,1698111.268079996,lagre,
Växthusgasutsläpp totalt (ton),klimat,kommuner,16,2024,2252706.82028,47649263.86589,5.0,29,2020.0,105492.62452000007,1698111.268079996,lagre,
Växthusgasutsläpp totalt (ton),klimat,kommuner,17,2024,1920347.04888,47649263.86589,7.0,29,2020.0,353119.3642199999,1698111.268079996,lagre,
Växthusgasutsläpp totalt (ton),klimat,kommuner,18,2024,2870709.70113,47649263.86589,3.0,29,2020.0,365369.2483799998,1698111.268079996,lagre,
Växthusgasutsläpp totalt (ton),klimat,kommuner,19,2024,913447.2209000001,47649263.86589,25.0,29,2020.0,46627.36184000014,1698111.268079996,lagre,
Växthusgasutsläpp totalt (ton),klimat,kommuner,20,2024,1825383.03824,47649263.86589,9.0,29,2020.0,-102769.84785000002,1698111.268079996,lagre,
Växthusgasutsläpp totalt (ton),klimat,kommuner,21,2024,1219300.90223,47649263.86589,21.0,29,2020.0,90475.30836999998,1698111.268079996,lagre,
Växthusgasutsläpp totalt (ton),klimat,kommuner,22,2024,1244471.7338100001,47649263.86589,20.0,29,2020.0,40688.41997000016,1698111.268079996,lagre,
Växthusgasutsläpp totalt (ton),klimat,kommuner,23,2024,1167277.2787,47649263.86589,22.0,29,2020.0,34912.196439999854,1698111.268079996,lagre,
Växthusgasutsläpp totalt (ton),klimat,kommuner,24,2024,1587331.24589,47649263.86589,11.0,29,2020.0,110404.92299999995,1698111.268079996,lagre,
Växthusgasutsläpp totalt (ton),klimat,kommuner,25,2024,1290055.10454,47649263.86589,19.0,29,2020.0,107809.01869000006,1698111.268079996,lagre,
Växthusgasutsläpp totalt (ton),klimat,kommuner,26,2024,1394885.1437900001,47649263.86589,15.0,29,2020.0,55401.149570000125,1698111.268079996,lagre,
Växthusgasutsläpp totalt (ton),klimat,kommuner,27,2024,485588.56194000004,47649263.86589,29.0,29,2020.0,23332.841390000074,1698111.268079996,lagre,
Växthusgasutsläpp totalt (ton),klimat,kommuner,28,2024,1349322.82264,47649263.86589,17.0,29,2020.0,52575.33154999977,1698111.268079996,lagre,
Växthusgasutsläpp totalt (ton),klimat,kommuner,29,2024,4876334.6056699995,47649263.86589,1.0,29,2020.0,-309009.0700000003,1698111.268079996,lagre,
