valdistrikt,namn,lon,lat,yta_km2
01140101,Övra Runby,17.89597,59.52488,0.689
01140102,Mälaren,17.84883,59.53951,23.113
01140120,Edssjön,17.87243,59.50029,14.228
01140121,Nedra Runby,17.88903,59.51894,0.433
01140126,Prästgårdsmarken,17.88715,59.5099,0.644
01140203,Folkparken,17.90344,59.51765,0.387
01140204,Fysingen,17.92173,59.54401,13.821
01140206,Sigma,17.91517,59.52593,0.144
01140207,Odenslunda Södra,17.93382,59.50849,1.048
01140209,Smedby Norra,17.919,59.5108,0.34
01140210,Väsbyskogen Västra,17.90685,59.52629,0.373
01140211,Skälby,17.93213,59.52473,0.768
01140212,Smedby Södra,17.90402,59.50856,1.475
01140218,Korpkulla,17.90139,59.52054,0.198
01140219,Ekebo,17.91232,59.5131,0.155
01140223,Brunnby,17.94039,59.52581,0.486
01140224,Apoteksskogen,17.92156,59.52344,0.515
01140225,Väsbyskogen Östra,17.91637,59.52886,0.232
01140231,Vilunda,17.9138,59.52123,0.197
01140232,Fyrklövern Norra,17.91723,59.51732,0.324
01140233,Fyrklövern Södra,17.91401,59.51564,0.126
01140313,Odenslunda Norra,17.9386,59.51609,1.172
01140314,Norra Bollstanäs,17.95709,59.50265,1.591
01140315,Sjukyrkoberget,17.94006,59.50252,1.094
01140316,Grimstaby,17.9399,59.49681,0.841
01140317,Gamla Bollstanäs,17.94518,59.49108,0.658
01140318,Frestaby,17.96132,59.52792,4.12
01140327,Östra Frestaby-Ekeby,17.971,59.49614,15.101
01150101,1 Vallentuna västra,18.021,59.53882,22.012
01150102,2 Markim-Orkesta,18.07292,59.60181,47.583
01150103,3 Hammarbacken N,18.06171,59.55827,10.151
01150104,4 Hammarbacken S,18.07127,59.54692,1.155
01150105,5 Ormsta N,18.1001,59.55734,6.165
01150106,6 Vallentuna nordöstra,18.12498,59.54739,9.687
01150107,7 Norrgården-Sörgården,18.06357,59.53699,0.299
01150108,8 Vallentuna C,18.07142,59.53334,0.863
01150109,9 Ormsta S,18.08521,59.53425,0.653
01150110,10 Lovisedal,18.06816,59.52279,1.822
01150111,11 Karlberg,18.10887,59.52362,6.24
01150112,12 Vada-Angarn-Össeby,18.21146,59.55529,60.893
01150113,13 Bällsta S,18.05246,59.51051,1.42
01150114,14 Bällsta V,18.07042,59.51085,0.755
01150115,15 Vallentuna sydöstra,18.13337,59.50294,7.915
01150116,16 Garn,18.32242,59.57851,92.793
01150117,17 Kårsta-Frösunda,18.2111,59.62942,100.086
01170001,Berga NV,18.29029,59.48771,0.797
01170002,Berga SÖ,18.30006,59.4849,0.386
01170003,Björksättra-Högsättra,18.33929,59.47861,1.073
01170004,Brevik,18.35826,59.45441,10.858
01170005,Flaxenvik-Grindmossen,18.38794,59.47704,21.439
01170006,Fredsborg,18.25557,59.47115,18.073
01170007,Hacksta V,18.30608,59.48419,0.166
01170008,Hacksta Ö,18.31233,59.48502,0.868
01170009,Ljusterö,18.72655,59.48883,289.292
01170010,Margretelund,18.32528,59.47108,1.371
01170011,Roslagskulla-Åsättra,18.45078,59.53665,131.657
01170012,Runö,18.28341,59.48594,0.525
01170013,Rydbo,18.19419,59.45758,41.324
01170014,Skånsta,18.32013,59.49771,2.367
01170015,Skärgårdsstad,18.40791,59.48552,4.511
01170016,Smedby,18.30537,59.51343,11.255
01170017,Svinninge,18.28952,59.44407,5.982
01170018,Säby,18.24605,59.50245,5.294
01170019,Söra N,18.34076,59.48755,3.892
01170020,Söra S,18.30954,59.47709,0.286
01170021,Tråsättra,18.34729,59.47219,1.207
01170022,Tuna,18.30339,59.47297,0.643
01170023,Åkerstorp,18.28421,59.49778,1.317
01170024,Österskär V,18.29634,59.46846,1.138
01170025,Österskär Ö,18.31596,59.46287,1.89
01200101,Värmdö 1 Saltarö,18.63288,59.3193,31.176
01200102,Värmdö 2 Strömma m.fl.,18.60502,59.26418,34.456
01200103,Värmdö 3 Ängsvik,18.50117,59.40861,185.156
01200104,Värmdö 4 Hemmesta,18.51271,59.31343,4.262
01200105,Värmdö 5 Vik,18.47,59.31354,1.594
01200106,Värmdö 6 Kopparmora,18.55759,59.32733,16.415
01200107,Värmdö 7 Haghulta Kolvik,18.48453,59.32589,2.326
01200108,Värmdö 8 Herrviksnäs m.fl.,18.48971,59.30172,9.222
01200109,Värmdö 9 Torsby,18.49865,59.33954,11.335
01200301,Djurö 1 Vindö,19.01824,59.40817,559.496
01200302,Djurö 2 Björkås Barnvik,18.66788,59.29441,8.917
01200303,Djurö 3 Stavsnäs,18.98331,59.12179,1973.998
01200501,Ingarö 1 Lillängsdal Fagerholm,18.39049,59.27731,18.098
01200502,Ingarö 2 Säby Eknäs,18.58343,59.23343,50.498
01200503,Ingarö 3 Ingaröstrand,18.49091,59.27496,10.966
01200504,Ingarö 4 Klacknäset,18.47157,59.23495,25.78
01200505,Ingarö 5 Lämshaga Brunn,18.41971,59.29294,14.172
01200601,Gustavsberg 1 Lugnet,18.3854,59.33985,1.922
01200602,Gustavsberg 2 Tallåsen,18.39239,59.32469,0.612
01200603,Gustavsberg 3 Munkmora,18.40128,59.33457,1.434
01200604,Gustavsberg 4 Höjdhagen m.fl.,18.343,59.32549,4.978
01200605,Gustavsberg 5 Ösbydalen m.fl.,18.40699,59.3231,0.695
01200606,Gustavsberg 6 Ormingelandet,18.42401,59.34494,17.039
01200607,Gustavsberg 7 Farsta och Hamnområdet,18.36357,59.32022,2.166
01200608,Gustavsberg 8 Mörtnäs,18.44218,59.31953,1.859
01200609,Gustavsberg 9 Mölnvik m.fl.,18.42929,59.31296,5.327
01200610,Gustavsberg 10 Charlottendal m.fl.,18.36168,59.31194,4.469
01200611,Gustavsberg 11 Porslinskvarteren S,18.38452,59.32031,0.096
01200612,Gustavsberg 12 Porslinskvarteren N,18.38216,59.32161,0.057
01200613,Gustavsberg 13 Hästhagen,18.3967,59.3176,0.622
01230201,Norra Barkarby,17.84905,59.4049,1.941
01230202,Södra Barkarby,17.86074,59.39752,0.952
01230203,Skälby Gård Västra,17.83565,59.39687,1.081
01230204,Orgona,17.83417,59.3897,0.642
01230205,Neptuni,17.84084,59.38577,0.676
01230206,Skälby Gård Östra,17.85237,59.39279,0.886
01230207,Barkarbystaden,17.88685,59.41324,2.34
01230208,Kalvshälla,17.85756,59.41704,0.671
01230209,Karlslund,17.86551,59.41268,0.116
01230210,Dragonbacken,17.85734,59.41017,0.27
01230211,Ålsta,17.86526,59.42013,0.402
01230212,Kyrkbyn,17.87086,59.40792,0.517
01230213,Västra Barkarbystaden,17.86322,59.40719,0.174
01230306,Fjällen,17.80441,59.39731,1.251
01230307,Sandvik,17.77287,59.40255,3.723
01230308,Hummelmora,17.78736,59.40931,0.948
01230309,Centrala Viksjö Södra,17.80074,59.40807,0.517
01230310,Lund,17.81223,59.40633,0.62
01230311,Fastebol,17.82649,59.40828,2.761
01230312,Centrala Viksjö Norra,17.8015,59.41512,0.296
01230313,Högby,17.76911,59.41825,4.849
01230413,Tallbohov,17.84887,59.41307,0.248
01230414,Olovslund,17.78229,59.43207,6.374
01230415,Norra Vibblaby,17.82473,59.42014,0.624
01230416,Västerby,17.82281,59.42302,0.107
01230417,Grönvreten,17.81366,59.4349,1.854
01230418,Snapphanen,17.84889,59.41801,0.37
01230419,Norra Nyberg,17.83879,59.41609,0.099
01230420,Hammaren,17.83597,59.41949,0.183
01230421,Dackevägen,17.84198,59.41813,0.173
01230422,Centrala Jakobsberg,17.83575,59.42342,0.146
01230423,Södra Aspnäs,17.84477,59.42295,0.161
01230424,Ekedal,17.83619,59.42799,0.337
01230425,Norra Aspnäs,17.84426,59.42702,0.099
01230426,Vattmyra,17.83617,59.43311,0.738
01230427,Berghem/Polhem,17.85892,59.4369,8.784
01230428,Södra Vibblaby,17.83099,59.41579,0.137
01230429,Södra Nyberg,17.83619,59.41514,0.122
01230430,Riddarparken,17.83996,59.42332,0.065
01230528,Lädersättra,17.81365,59.4528,0.976
01230529,Centrala Kallhäll,17.80366,59.45774,0.335
01230530,Emaljvägen/Kopparvägen,17.81112,59.4561,0.171
01230531,Ulvsättra/Skogstorp,17.81835,59.4589,0.56
01230532,Kolarängen/Villastaden,17.82209,59.46389,3.313
01230533,Stäket,17.81764,59.48635,8.334
01230534,Bolinder strand,17.79296,59.45136,3.311
01230535,Lilla Ulvsättra,17.82036,59.45481,0.099
01250101,Munsö,17.60699,59.3614,78.16
01250201,Adelsö,17.4858,59.36846,105.466
01250301,Ekerö 1 Ekebyhov-Gällstaö,17.8356,59.27566,7.725
01250302,Ekerö 2 Ekebyhov Västra,17.7983,59.28537,0.607
01250303,Ekerö 3 Ekerö-Väsby,17.80128,59.27643,0.588
01250304,Ekerö 4 Träkvista-Skärvik,17.80577,59.26679,2.511
01250305,Ekerö 5 Närlunda,17.79174,59.29103,1.984
01250306,Ekerö 6 Älvnäs,17.76967,59.28645,2.895
01250307,Ekerö 7 Sundby Helgö,17.6955,59.28863,23.188
01250308,Ekerö 8 Ekerö centrum,17.81483,59.28961,0.388
01250309,Ekerö 9 Träkvista,17.78607,59.27674,0.694
01250310,Ekerö 10 Sandudden,17.77998,59.26807,1.58
01250401,Lovö,17.8608,59.32186,45.81
01250901,Färingsö 1 Färingsö Norra,17.64944,59.42384,31.163
01250902,Färingsö 2 Färentuna Hilleshög,17.67278,59.38712,23.199
01250903,Färingsö 3 Svartsjö Sånga,17.71646,59.36262,34.487
01250904,Färingsö 4 Stenhamra Södra,17.68959,59.32991,2.679
01250905,Färingsö 5 Stenhamra Norra,17.67644,59.33614,3.147
01250906,Färingsö 6 Skå,17.74743,59.31675,19.915
01260103,Fridhem,17.98197,59.24643,1.091
01260105,Vistaberg,17.94436,59.24178,1.466
01260106,Stuvsta centrum,17.99913,59.24831,0.675
01260107,Myrängen-Högmora,18.04136,59.23999,2.529
01260108,Stuvsta gård,18.01001,59.24611,0.775
01260109,Kynäs,18.01643,59.2361,1.603
01260110,Kvarnbergsplan,17.99817,59.24022,0.145
01260116,Sörskogen,17.9933,59.22278,0.727
01260117,Balingsnäs,18.02106,59.22024,4.235
01260119,Segersminne,18.00573,59.25523,0.64
01260120,Stensängen,18.01785,59.25091,0.72
01260122,Gladökvarn-Lissma-Ådran,18.03579,59.17978,48.043
01260123,Vårdkasen-Rosenhill,17.95842,59.23254,1.22
01260124,Skogsäng,17.98998,59.25579,1.022
01260125,Milsten,17.97899,59.25189,0.52
01260126,Källbrink,17.9607,59.24667,1.295
01260127,Tomtberga norra,17.98607,59.23932,0.222
01260128,Tomtberga södra,17.98865,59.23794,0.271
01260129,Storängen,17.99582,59.22789,0.616
01260130,Huddinge centrum,17.98087,59.23515,0.125
01260131,Hörningsnäs,18.00225,59.23396,0.708
01260132,Paradisbacken,17.99099,59.23496,0.205
01260133,Solgård,17.9764,59.2277,1.456
01260134,Fullersta gård,17.97434,59.2416,0.548
01260135,Fullersta torg,17.97421,59.2363,0.342
01260136,Snättringe gård,17.97538,59.25851,0.669
01260201,Vidja-Mellansjö-Svartvik,18.08642,59.21352,17.097
01260202,Hammartorp,18.13118,59.23155,0.497
01260203,Trångsund centrum,18.13638,59.22904,0.2
01260204,Stortorp,18.13378,59.23655,1.017
01260205,Västra Skogås norra,18.14605,59.22161,0.165
01260206,Västra Skogås centrum,18.1496,59.21864,0.246
01260207,Västra Skogås västra,18.1416,59.21734,0.851
01260208,Västra Skogås södra,18.15589,59.21434,0.1
01260209,Östra Skogås centrala,18.15839,59.21643,0.273
01260210,Östra Skogås norra,18.16031,59.222,0.591
01260211,Östra Skogås södra,18.17298,59.21188,1.437
01260212,Fållan-Nytorp,18.12077,59.22712,1.848
01260213,Sjöängen,18.16557,59.22905,2.045
01260214,Länna,18.13078,59.20327,7.972
01260301,Smista östra,17.94062,59.28264,1.075
01260302,Segeltorp centrum,17.94816,59.27817,0.459
01260303,Kråkvik-Kungens kurva,17.92882,59.26603,6.973
01260304,Vårby gård östra,17.88927,59.26579,0.099
01260305,Vårby gård centrum,17.88667,59.26626,0.129
01260306,Vårby gård,17.8684,59.26443,2.395
01260307,Haga,17.89276,59.2502,2.803
01260308,Myrstuguberget,17.88079,59.24508,0.599
01260309,Utsälje centrala,17.96253,59.26031,0.366
01260310,Utsälje,17.95345,59.25899,1.449
01260311,Juringe,17.93358,59.27456,0.665
01260312,Smista västra,17.92577,59.2773,0.337
01260313,Vårby gård västra,17.87705,59.26519,0.139
01260402,Grantorp norra,17.94535,59.22375,0.035
01260403,Grantorp östra,17.94753,59.22194,0.043
01260404,Flemingsberg norra,17.94359,59.22549,1.001
01260405,Visättra östra,17.96293,59.2181,0.109
01260406,Visättra västra,17.95272,59.21681,0.104
01260407,Visättra,17.95609,59.20843,6.281
01260408,Kästa,17.9263,59.22795,0.717
01260409,Flemingsberg södra,17.93671,59.21848,0.98
01260410,Visättra-Björnkulla,17.94001,59.21209,0.344
01260411,Glömsta södra,17.9096,59.23451,5.323
01260412,Glömsta norra,17.92648,59.24696,2.622
01270001,N Lanthem,17.89023,59.20588,1.024
01270002,Tullinge C,17.90491,59.20759,0.295
01270003,Ö Tullingeberg,17.91294,59.21082,0.226
01270004,Tullinge Parkhem,17.88468,59.21896,2.2
01270005,G:a Tullingeberg,17.90421,59.21289,0.604
01270006,Tullinge Gård,17.89474,59.21515,0.426
01270007,Banslätt/Römossen,17.91912,59.20689,0.735
01270008,Tullingeskog,17.91429,59.20054,0.953
01270009,Riksten N,17.91764,59.18706,0.824
01270010,S Lanthem,17.89913,59.19632,3.032
01270011,Tullinge Villastad N,17.90809,59.22227,0.952
01270012,Tullinge Villastad S,17.91722,59.2171,1.267
01270013,Riksten S,17.9228,59.16622,21.753
01270020,Segersjö,17.80991,59.19582,0.317
01270021,Kvarnsjön,17.79686,59.21359,3.15
01270022,Tumba C,17.82395,59.19663,0.744
01270023,Broängen,17.813,59.18684,0.906
01270024,Uttran,17.79361,59.1896,1.51
01270025,Kassmyra,17.82345,59.18364,1.332
01270026,Skäcklinge,17.83943,59.18085,2.199
01270028,Storvreten V,17.83254,59.19294,0.507
01270029,Storvreten S,17.8751,59.18699,6.361
01270030,Storvreten Ö,17.84933,59.19532,0.42
01270031,Vretarna/Tumba bruk,17.81796,59.21546,5.147
01270032,Tuna,17.82733,59.20678,0.156
01270033,Nackdala/Solhöjden,17.83181,59.20987,1.124
01270034,Kulturen Tumba Park,17.85508,59.21546,8.001
01270035,Vårsta C/Bremora,17.78775,59.16827,0.804
01270036,Grödinge Landsbygd,17.80008,59.11704,127.388
01270037,Vårsta/Malmtorp/Slättmalm,17.80629,59.1684,1.824
01270041,Albydalen V Småhus S,17.84018,59.23284,1.948
01270042,Albydalen C/Rotemannen,17.84979,59.236,0.141
01270043,Alby småhus Ö/Albygård,17.86315,59.23612,1.463
01270044,Albyberget V/Tingstorget,17.84161,59.24195,0.402
01270046,Albyberget Ö/Albygård,17.85353,59.24155,0.26
01270047,Albydalen Ö,17.84297,59.23709,0.203
01270051,Fittja småhusområde,17.85031,59.246,0.833
01270052,Fittja Krögarvägen,17.85471,59.24788,0.126
01270053,Fittja Forvägen,17.85941,59.24911,0.125
01270054,Fittja Värdshusvägen,17.86591,59.25059,0.656
01270055,Slagsta strand,17.86218,59.25965,1.376
01270061,Slagsta N,17.84432,59.2587,1.328
01270062,Slagsta S,17.82928,59.25268,1.26
01270063,Hallunda/Brunna,17.83275,59.24655,0.241
01270064,Hallunda C,17.82661,59.24594,0.168
01270065,Hallunda/Norsborg låghus,17.81844,59.24954,0.295
01270066,Norsborg småhusområde,17.81614,59.25518,1.503
01270067,Norsborg Ö,17.82068,59.24594,0.159
01270068,Norsborg C,17.81477,59.24638,0.159
01270069,Norsborg V,17.80879,59.24584,0.145
01270070,Eriksberg Ö,17.81845,59.24177,0.334
01270071,Eriksberg V/G:a Norsborg,17.77663,59.24491,14.108
01280101,1 Rönninge norra,17.71511,59.24214,62.728
01280102,2 Rönninge sydöstra,17.75626,59.18934,2.391
01280103,3 Salem västra,17.75626,59.20026,0.657
01280104,4 Salems centrum med omnejd,17.76279,59.20448,0.551
01280105,5 Salem norra,17.77417,59.20464,0.668
01280106,6 Rönninge centrum med omnejd,17.76165,59.19586,0.553
01280107,7 Salem södra,17.77317,59.19693,0.603
01280108,8 Salem östra,17.78691,59.20088,0.811
01280109,9 Rönninge sydvästra,17.72455,59.18692,2.502
01360101,Haninge 1 Gudö m.fl.,18.24085,59.20318,6.433
01360102,Haninge 2 Vendelsö-Norrby m.m,18.16891,59.19631,3.334
01360103,Haninge 3 Söderby,18.16216,59.18498,1.084
01360104,Haninge 4 Vega-Söderhagen,18.13383,59.19255,1.429
01360105,Haninge 5 Sågen-Lyckebyn m.fl.,18.21577,59.19356,1.853
01360106,Haninge 6 Källtorp,18.1978,59.18865,2.018
01360107,Haninge 7 Vendelsömalm N,18.17678,59.18473,0.73
01360108,Haninge 8 Vendelsömalm-Ramsdalen,18.18982,59.18134,0.842
01360109,Haninge 9 Svartbäcken m.fl,18.25023,59.18049,16.298
01360110,Haninge 10 Vendelsömalm,18.17375,59.17762,0.403
01360111,Haninge 11 Kolartorp-Hermanstorp m.m,18.11527,59.18059,1.832
01360112,Haninge 12 Vendelsömalm S m.fl.,18.16321,59.17588,0.668
01360113,Haninge 13 Brandbergen NÖ,18.17727,59.1721,0.134
01360114,Haninge 14 Brandbergen SÖ,18.17706,59.16888,0.441
01360115,Haninge 15 Vendelsö,18.20813,59.20062,0.915
01360116,Haninge 16 Brandbergen V,18.16313,59.17027,0.221
01360117,Haninge 17 Brandbergen N,18.16955,59.17232,0.146
01360118,Haninge 18 Brandbergen S,18.16554,59.16468,0.511
01360119,Haninge 19 Handen N,18.15269,59.17286,0.754
01360120,Haninge 20 Handen C,18.14129,59.17127,0.257
01360121,Haninge 21 Söderbymalm,18.15181,59.16642,0.374
01360123,Haninge 23 Poseidon,18.13979,59.16717,0.134
01360124,Haninge 24 Kvarntorp S,18.1446,59.18159,0.952
01360125,Haninge 25 Parkvägsområdet,18.14301,59.17352,0.244
01360126,Haninge 22 Vega S,18.13101,59.18354,0.191
01360131,Haninge 31 Jordbro NÖ,18.13883,59.14209,0.237
01360132,Haninge 32 Jordbro V,18.13192,59.14148,0.159
01360133,Haninge 33 Jordbro SV,18.13332,59.13082,0.352
01360134,Haninge 34 Jordbro SÖ,18.14076,59.13675,0.341
01360140,Haninge 40 Krogtäppan och Sommarbo,18.15046,59.14607,1.642
01360144,Haninge 44 Handen Central N,18.13545,59.16333,0.206
01360145,Haninge 45 Vallaområdet V,18.14128,59.16292,0.143
01360146,Haninge 46 Vallaområdet Ö,18.15141,59.16298,0.373
01360147,Haninge 47 Slätmossen m. fl.,18.14753,59.15693,1.127
01360148,Haninge 48 Jordbro N-Dåntorp-Öran,18.10154,59.14906,8.401
01360162,Haninge 62 Vendelsö-Dalen m.m,18.19152,59.20563,1.341
01360163,Haninge 63 Vega N,18.13179,59.1866,0.161
01360164,Haninge 64 Kvarntorp N,18.13856,59.18658,0.157
01360165,Haninge 65 Handen Central S,18.13376,59.15711,0.195
01360166,Haninge 66 Kolartorp-Rudan m.m,18.12464,59.17395,1.82
01360537,Haninge 37 Dalarö,18.45341,59.15397,112.887
01360649,Haninge 49 Hammarängen-Hammarskogen,18.04756,59.12569,4.919
01360650,Haninge 50 Tungelsta,17.98535,59.08377,14.151
01360651,Haninge 51 Jägartorp-Sågen m.fl.,18.07276,59.12799,6.294
01360652,Haninge 52 Skogs-Ekeby m.fl.,17.97456,59.12899,26.77
01360653,Haninge 53 Åbylund m.fl.,18.09869,59.13665,2.712
01360654,Haninge 54 Åby,18.10607,59.12718,0.29
01360655,Haninge 55 Västerhaninge,18.0871,59.11255,2.379
01360656,Haninge 56 Ribby-Öhaninge kyrkby m.m,18.21604,59.14055,53.112
01360657,Haninge 57 Ribbyberg m.fl.,18.10832,59.1093,1.103
01360658,Haninge 58 Västerhaninge SÖ-Skärgård,18.46143,58.88075,1723.068
01360659,Haninge 59 Tungelsta-Utlida-Häringe,18.04664,59.05468,51.955
01360660,Haninge 61 Västerhaninge Ö,18.12339,59.11517,0.747
01360760,Haninge 60 Muskö,18.14255,58.99755,130.21
01380101,1 Björkbacken,18.22662,59.24611,0.346
01380102,2 Siken,18.23626,59.24685,0.276
01380103,3 Myggdalen,18.23268,59.24293,0.301
01380104,4 Nyboda,18.22675,59.23905,0.249
01380105,5 Fårdala,18.24736,59.24011,0.943
01380106,6 Krusboda N,18.25027,59.23331,0.711
01380107,7 Krusboda S,18.25386,59.22779,0.718
01380108,8 Öringe,18.24253,59.25034,1.233
01380109,9 Rotvik,18.26105,59.24383,3.338
01380110,10 Tyresö Strand,18.29384,59.24926,2.868
01380111,11 Tyresö Strand Centrum,18.28198,59.24005,0.913
01380112,12 Gimmersta - Nytorp - Raksta,18.30952,59.20501,43.589
01380113,13 Brevikshalvön,18.39136,59.21434,33.324
01380121,21 Fornudden,18.18526,59.22141,2.03
01380122,22 Sofieberg,18.21013,59.21441,0.987
01380123,23 Trollbäcken V,18.1971,59.22432,0.887
01380124,24 Skälsätra,18.23624,59.22244,2.58
01380125,25 Trollbäcken Ö,18.2106,59.22386,1.307
01380126,26 Hanviken,18.20422,59.23501,1.191
01380127,27 Lindalen,18.20556,59.24447,1.229
01380128,28 Bollmoraberg V,18.22023,59.24084,0.143
01380129,29 Granängsringen,18.231,59.23645,0.371
01380130,30 Farmarstigen V,18.21864,59.23501,0.636
01380131,31 Farmarstigen Ö,18.23513,59.2307,0.733
01380132,32 Masten,18.21904,59.24619,0.231
01380133,33 Bollmoraberg Ö,18.22593,59.24186,0.108
01390101,Härnevi-Skällsta,17.64119,59.51219,0.532
01390102,Råby,17.60204,59.53703,14.546
01390103,Finnsta,17.65116,59.51326,0.31
01390104,Kockbacka-Lejondal,17.6846,59.52395,13.857
01390105,Låssa,17.52959,59.49215,49.943
01390106,Bro södra,17.65317,59.49233,12.531
01390107,Bro norra,17.64417,59.53056,3.188
01390108,Ådö-Rättarboda,17.60827,59.4682,28.547
01390305,Kungsängen södra-Stäksön södra,17.77581,59.46682,7.077
01390306,Sylta östra-Tibblehöjden,17.72162,59.4829,1.024
01390307,Lennartsnäs-Tibble S - Sylta V,17.6975,59.45908,37.77
01390308,Norrboda,17.72637,59.49497,1.981
01390309,Kungsängen norra-Stäksön norra,17.7691,59.49483,8.335
01390310,Brunna norra,17.74824,59.54202,51.143
01390311,Brunna södra,17.75097,59.50219,0.773
01390312,Tibble norra,17.73281,59.48818,0.427
01390313,Korsängen,17.74635,59.47874,0.267
01390512,Håtuna-Håbo-Tibble,17.64437,59.59409,94.684
01400136,Turinge,17.46375,59.20455,53.744
01400137,Gammeltorp-Hökmossen,17.4114,59.14747,28.837
01400138,Stensborg-Brokvarn,17.47141,59.16332,8.175
01400139,Lillhaga-Sandtorp,17.39268,59.17915,13.782
01400140,Nykvarn centrum,17.43682,59.17608,0.404
01400234,Taxinge,17.30955,59.20678,72.938
01600101,1 Täby kyrkby,18.02538,59.49014,13.686
01600102,2 Runborg,18.06595,59.50158,0.779
01600103,3 Byle,18.08541,59.49996,1.076
01600104,4 Midgård,18.06925,59.4943,0.645
01600105,5 Vallatorp södra,18.0134,59.46594,7.208
01600106,6 Vallatorp norra,18.0398,59.47269,1.6
01600107,7 Visinge,18.06536,59.4716,3.381
01600108,8 Erikslund m.fl.,18.04866,59.46129,0.87
01600109,9 Skarpäng norra,18.01957,59.44648,0.916
01600110,10 Ella park,18.03769,59.45046,0.914
01600111,"11 Ensta, Kullagränd",18.07234,59.45605,1.917
01600112,12 Skarpäng södra,18.01539,59.44129,0.604
01600113,13 Ella gård västra,18.03208,59.44173,0.774
01600114,14 Ella gård norra,18.05326,59.44667,0.89
01600115,15 Roslags-Näsby norra,18.05493,59.43802,0.756
01600116,16 Storstugan,18.07015,59.44679,0.151
01600117,17 Åkerbyvägen,18.07582,59.45011,0.318
01600118,18 Marknadsvägen,18.0865,59.44898,0.493
01600119,19 Täby centrum,18.0666,59.44239,0.334
01600120,20 Näsbydal,18.0637,59.4372,0.098
01600121,21 Grindtorp södra,18.07025,59.43812,0.243
01600122,22 Roslags-Näsby södra,18.05922,59.43046,0.884
01600223,23 Löttingelund,18.09161,59.48525,5.623
01600224,"24 Arninge, Ullna norra",18.12636,59.48344,5.533
01600225,25 Gribbylund norra,18.09249,59.46681,0.806
01600226,"26 Arninge, Ullna södra",18.12417,59.46118,4.385
01600227,"27 Gribbylund västra, Myrängen",18.08186,59.46168,0.617
01600228,28 Gribbylunds centrum,18.09919,59.46072,0.476
01600229,29 Gribbylund södra,18.09232,59.45524,0.767
01600230,30 Grindtorp norra,18.07328,59.44091,0.178
01600231,"31 Täby park, Månstenen, m.fl.",18.08113,59.44232,0.531
01600232,"32 Täby park, Smaragden m.fl.",18.08993,59.4436,0.121
01600233,"33 Täby park, Bergskristallen, m.fl.",18.09271,59.44493,0.157
01600234,34 Viggbyholm västra,18.09929,59.44682,0.307
01600235,35 Viggbyholm norra,18.109,59.45101,1.184
01600236,36 Hägernäs norra,18.12491,59.44903,0.273
01600237,"37 Lahäll, Näsbygård",18.06908,59.42878,0.83
01600238,38 Norskogen m.fl.,18.08359,59.43701,0.666
01600239,39 Näsbyparks centrum,18.0916,59.43145,0.189
01600240,40 Näsbypark östra,18.11276,59.42833,2.527
01600241,41 Viggbyholm sydväst,18.10926,59.43763,1.161
01600242,42 Viggbyholm sydöst,18.12371,59.43592,1.179
01600243,43 Hägernäs södra,18.13789,59.43607,2.545
01600244,44 Näsbypark västra,18.08194,59.42918,0.968
01600245,45 Näsby slott,18.10155,59.41974,2.042
01620101,Gamla Enebyberg,18.04624,59.43352,0.828
01620102,Sätra Äng,18.001,59.41819,1.741
01620103,Klingsta,18.02772,59.4022,0.97
01620104,Kevinge Strand-Charlottenberg,18.03014,59.39338,1.428
01620105,Kevinge-Mörbyskogen,18.03965,59.39807,0.405
01620106,Berga-Rinkeby,18.03155,59.40752,1.018
01620107,Mörby,18.04568,59.39226,0.3
01620108,Nora,18.00774,59.40672,1.378
01620109,Anneberg,18.02708,59.4209,3.171
01620110,Norra Djursholm,18.09727,59.4033,3.733
01620111,Mellersta Djursholm,18.08463,59.39563,1.359
01620112,Djursholms Ekeby,18.0524,59.41495,3.24
01620113,Långängen-Tranholmen,18.08329,59.37687,2.744
01620114,Stocksund,18.05877,59.38994,1.146
01620115,Svalnäs,18.09082,59.41345,2.8
01620116,Södra Djursholm,18.0744,59.39026,1.192
01620117,Djursholms Ösby,18.05919,59.40282,1.636
01620118,Sikreno,18.05806,59.3806,1.133
01620119,Inverness,18.04275,59.38661,0.259
01620120,Västra Enebyberg,18.0213,59.43382,2.327
01630110,10 Mellersta Rotebro,17.90642,59.47721,0.63
01630111,11 Gillbo-Gillberga,17.88688,59.48289,3.951
01630112,12 Södra Rotebro,17.91153,59.4731,0.423
01630113,13 Rotsunda,17.91494,59.48572,0.84
01630114,14 Rotsunda gård,17.92973,59.48958,1.18
01630115,15 Rotsunda strand,17.92434,59.4784,1.493
01630121,21 Södra Viby,17.88906,59.45179,11.15
01630122,22 Norra Viby,17.8869,59.46539,2.393
01630123,23 Östra Viby,17.90546,59.46226,1.569
01630131,31 Norra Norrviken,17.91966,59.46357,1.248
01630132,32 Södra Norrviken,17.92475,59.45383,1.257
01630140,40 Norra Väsjön,17.95423,59.46767,6.537
01630141,41 Södra Väsjön,17.9814,59.45244,3.887
01630142,42 Edsängen-Solängen,17.95169,59.45772,1.047
01630143,43 Tunberget,17.95,59.45104,0.661
01630151,51 Östra Häggvik,17.93473,59.44965,0.611
01630152,52 Västra Häggvik,17.92845,59.4429,0.753
01630153,53 Skälby-Edsbacka,17.94997,59.44148,0.708
01630154,54 Nytorp,17.95403,59.43299,1.042
01630155,55 Södra Häggvik-Ängstorp,17.93579,59.43918,0.72
01630156,56 Hersby-Skansen,17.96479,59.42625,0.821
01630157,57 Sollentuna centrum,17.95085,59.42857,0.216
01630160,60 Östra Edsberg,17.9744,59.4466,0.135
01630161,61 Edsbergs centrum,17.97135,59.44375,0.214
01630162,62 Västra Edsberg,17.96528,59.44765,0.161
01630164,64 Norra Landsnora,17.96092,59.44329,0.341
01630165,65 Edsbacka-Edsängen,17.95604,59.44635,0.383
01630170,70 Södra Töjnan,17.93826,59.42159,0.743
01630171,71 Norra Töjnan,17.92611,59.42847,1.416
01630172,72 Knista,17.93734,59.43264,0.253
01630173,73 Östra Bagarby,17.94867,59.42533,0.132
01630174,74 Västra Bagarby,17.94167,59.42736,0.144
01630175,75 Fågelsången,17.94862,59.41983,0.48
01630178,78 Norra Bagarby,17.94088,59.43069,0.148
01630179,79 Mellersta Bagarby,17.94435,59.42821,0.051
01630180,80 Södra Landsnora Falkberget,17.97209,59.43661,1.476
01630181,81 Västra Sjöberg,17.985,59.42918,1.597
01630182,82 Östra Sjöberg,18.00263,59.42829,0.432
01630183,83 Kärrdal,17.99578,59.43636,0.736
01630190,90 Tegelhagen,17.97826,59.40986,0.836
01630191,91 Eriksberg,17.95084,59.41362,0.727
01630192,92 Helenelunds centrum,17.96729,59.40778,0.625
01630193,93 Norra Silverdal,17.99148,59.40625,1.146
01630194,94 Edsviken,17.97726,59.4203,1.432
01630195,95 Södra Silverdal,17.98542,59.39889,0.714
01630196,96 Kummelby,17.96342,59.41745,0.822
01800101,Domkyrko 1 Gamla stan inre,18.0712,59.326,0.212
01800102,Domkyrko 2 Gamla stan yttre,18.06488,59.32363,0.68
01800103,Domkyrko 3 Norrmalm nedre,18.08111,59.32789,1.922
01800401,Johannes 1 Johannes S,18.06675,59.33789,0.102
01800402,Johannes 2 Vanadislunden SÖ,18.05785,59.34655,0.042
01800403,Johannes 3 Norrmalm N,18.0618,59.34265,0.084
01800404,Johannes 4 Vanadislunden SV,18.05556,59.34553,0.054
01800405,Johannes 5 Monica Zetterlunds Park,18.06095,59.34548,0.074
01800406,Johannes 6 Vanadislunden Ö,18.05794,59.34852,0.037
01800407,Johannes 7 Vanadislunden N,18.05136,59.35149,0.426
01800408,Johannes 8 Karl Staafs Park,18.06634,59.33957,0.049
01800501,Adolf Fredrik 1 Tegnérlunden V,18.05059,59.3386,0.049
01800502,Adolf Fredrik 2 Rådmansgatan mfl,18.0593,59.34055,0.067
01800503,Adolf Fredrik 3 Kv Grönlandet mfl,18.06038,59.33828,0.126
01800504,Adolf Fredrik 4 Norra Bantorget,18.04991,59.33553,0.142
01800505,Adolf Fredrik 5 Spökparken,18.05472,59.33939,0.067
01800506,Adolf Fredrik 6 Tegnérlunden S,18.05578,59.33674,0.102
01800601,Gustav Vasa 1 Sabbatsberg,18.04367,59.33851,0.253
01800602,Gustav Vasa 2 Luntmakarg. N mfl,18.05839,59.34263,0.05
01800603,Gustav Vasa 3 Kv Riddarsporren mfl,18.05019,59.34453,0.058
01800604,Gustav Vasa 4 Observatorielunden,18.05337,59.34191,0.143
01800605,Gustav Vasa 5 Odenplan V,18.04938,59.34084,0.069
01800606,Gustav Vasa 6 Atlasområdet,18.03733,59.33816,0.063
01800607,Gustav Vasa 7 A. Lindgrens terrass,18.04672,59.34059,0.063
01800608,Gustav Vasa 8 Kv Nejlikan mfl,18.05379,59.3444,0.052
01800609,Gustav Vasa 9 Odenplan NV,18.04544,59.34381,0.053
01800701,Matteus 1 Vanadislunden V,18.05012,59.34838,0.053
01800702,Matteus 2 Enkehusparken,18.04841,59.34719,0.099
01800703,Matteus 3 Vanadisplan SÖ,18.04101,59.3453,0.035
01800704,Matteus 4 Kv Sleipner-Midgård,18.04416,59.34507,0.039
01800705,Matteus 5 S:t Eriksparken,18.04246,59.34747,0.073
01800706,Matteus 6 Norra station V,18.03095,59.34642,0.141
01800707,Matteus 7 Röda bergen Ö,18.03422,59.34469,0.054
01800708,Matteus 8 Röda bergen V,18.03284,59.34313,0.059
01800709,Matteus 9 Gästrikegatan mfl,18.03966,59.3419,0.052
01800710,Matteus 10 Hälsingehöjden,18.04049,59.34298,0.058
01800711,Matteus 11 S:t Eriksplan,18.03664,59.34054,0.053
01800712,Matteus 12 Birkastan Ö,18.03396,59.34079,0.037
01800713,Matteus 13 Rörstrand,18.03419,59.33885,0.035
01800714,Matteus 14 Birkastan S,18.03127,59.3403,0.035
01800715,Matteus 15 Karlberg,18.02768,59.34002,0.145
01800716,Matteus 16 Birkastan V,18.02819,59.34259,0.05
01800717,Matteus 17 Norrbackatäppan,18.03059,59.34417,0.035
01800718,Matteus 18 Norrtull,18.04523,59.34887,0.107
01800719,Matteus 19 Gävlegatan mfl,18.03733,59.34629,0.124
01800720,Matteus 20 Torsplan,18.03422,59.34695,0.03
01800721,Matteus 21 Norra station N,18.03929,59.34958,0.083
01800901,Engelbrekt 1 Humlegården,18.07329,59.33863,0.276
01800902,Engelbrekt 2 Engelbrektsgatan mfl,18.06795,59.34058,0.091
01800903,Engelbrekt 3 Östra station,18.08057,59.34972,1.434
01800904,Engelbrekt 4 Villastaden,18.07548,59.34289,0.096
01800905,Engelbrekt 5 Eriksberg,18.06764,59.34307,0.088
01800906,Engelbrekt 6 Lärkstan,18.06709,59.34478,0.158
01800907,Engelbrekt 7 Kv Trasten mfl,18.06392,59.34703,0.042
01800908,Engelbrekt 8 Roslagstull,18.05773,59.35317,0.23
01800909,Engelbrekt 9 Hjorthagen C,18.0994,59.35586,0.258
01800910,Engelbrekt 10 Hjorthagen V-Värtahamn,18.10546,59.3527,1.672
01800911,Engelbrekt 11 Lappkärrsberget V,18.05924,59.37083,0.08
01800912,Engelbrekt 12 Ekhagen-Frescati,18.07392,59.36468,6.036
01800913,Engelbrekt 13 Kv Beckasinen mfl,18.06057,59.34901,0.043
01800914,Engelbrekt 14 Husarviken,18.09876,59.36,0.337
01800915,Engelbrekt 15 Storängstorget,18.08867,59.35346,0.093
01800916,Engelbrekt 16 Stålklockan,18.0897,59.35601,0.091
01800917,Engelbrekt 17 Körsbärsvägen mfl,18.0626,59.35076,0.083
01800918,Engelbrekt 18 Gasklockorna,18.09,59.35745,0.101
01800919,Engelbrekt 19 Lappkärrsberget Ö,18.06466,59.37012,0.053
01801001,Hedvig Eleonora 1 Kv Rådjuret mfl,18.07944,59.33971,0.056
01801002,Hedvig Eleonora 2 Kv Bävern mfl,18.08204,59.34184,0.05
01801003,Hedvig Eleonora 3 Kv Ynglingen mfl,18.08382,59.33901,0.076
01801004,Hedvig Eleonora 4 Nybergsgatan mfl,18.08305,59.33624,0.052
01801005,Hedvig Eleonora 5 Östermalmstorg,18.07613,59.3351,0.106
01801006,Hedvig Eleonora 6 Nybroplan,18.08,59.33416,0.151
01801007,Hedvig Eleonora 7 Tyskbagarområdet,18.08619,59.34081,0.06
01801008,Hedvig Eleonora 8 Kv Guldfisken mfl,18.08084,59.33748,0.046
01801101,Oscar 1 Djurgården,18.12737,59.3245,4.692
01801102,Oscar 2 Garnisionen-Diplomatstaden,18.1009,59.33354,0.59
01801103,Oscar 3 Strandvägen mellersta mfl,18.08498,59.33206,0.144
01801104,Oscar 4 Storgatan-Grevgatan mfl,18.08453,59.33387,0.049
01801105,Oscar 5 Strandvägen Ö mfl,18.09093,59.33206,0.088
01801106,Oscar 6 Karlaplan S,18.09019,59.33515,0.131
01801107,Oscar 7 Karlaplan V,18.08652,59.33644,0.063
01801108,Oscar 8 Fältöversten mfl,18.09199,59.33903,0.067
01801109,Oscar 9 Gustav Adolfsparken,18.0994,59.33711,0.091
01801110,Oscar 10 Karlaplan N,18.08874,59.33928,0.051
01801111,Oscar 11 Starrängsringen S,18.08552,59.3433,0.084
01801112,Oscar 12 Tessinparken V,18.09329,59.34272,0.066
01801113,Oscar 13 Olaus Petris park mfl,18.09043,59.34517,0.072
01801114,Oscar 14 Tessinparken S,18.09385,59.34074,0.077
01801115,Oscar 15 Tessinparken N,18.09796,59.34468,0.083
01801116,Oscar 16 Rindögatan mfl,18.09626,59.34649,0.056
01801117,Oscar 17 Starrängsringen N,18.08472,59.34539,0.194
01801118,Oscar 18 Studentbacken mfl,18.09583,59.34809,0.069
01801119,Oscar 19 Sandhamnsgatan N mfl,18.1057,59.34703,0.069
01801120,Oscar 20 Smedsbacken,18.10017,59.34772,0.075
01801121,Oscar 21 Ladugårdsgärdet,18.13206,59.3365,4.71
01801122,Oscar 22 Kampementsbacken mfl,18.10472,59.34326,0.301
01801123,Oscar 23 Tessinparken Ö,18.10155,59.34106,0.242
01801124,Oscar 24 Wittstocksgatan mfl,18.09546,59.33818,0.064
01801125,Oscar 25 Öregrundsgatan mfl,18.11181,59.34517,0.081
01801126,Oscar 26 Skeppargatan N mfl,18.0899,59.34253,0.044
01801301,Maria 1 Ivar Lo:s park mfl,18.06298,59.32162,0.187
01801302,Maria 2 Mariaberget V,18.05788,59.31962,0.047
01801303,Maria 3 Mariatorget V,18.0593,59.31674,0.062
01801304,Maria 4 Bergsgruvan,18.05917,59.31483,0.072
01801305,Maria 5 Mariatorget S,18.06316,59.3167,0.049
01801306,Maria 6 Mariatorget C,18.06414,59.31842,0.072
01801307,Maria 7 Skaraborgsgatan mfl,18.06963,59.31766,0.089
01801308,Maria 8 Södra station N,18.06473,59.31508,0.05
01801309,Maria 9 Södra station S,18.06286,59.31246,0.044
01801310,Maria 10 Södra station Ö,18.06818,59.31425,0.075
01801311,Maria 11 Södra station V,18.06032,59.31341,0.05
01801312,Maria 12 Fredmansgatan mfl,18.06651,59.31733,0.035
01801313,Maria 13 Mariaberget Ö,18.06633,59.32034,0.075
01801401,Högalid 1 Reimersholme N-Långholmen,18.02625,59.32203,0.778
01801402,Högalid 2 Reimersholme S,18.0199,59.31789,0.182
01801403,Högalid 3 Pålsundsparken,18.04354,59.3225,0.194
01801404,Högalid 4 Högalidsgatan Ö mfl,18.03882,59.319,0.048
01801405,Högalid 5 Bergsund S,18.02709,59.3163,0.057
01801406,Högalid 6 Tobakspinnargatan mfl,18.03077,59.31869,0.04
01801407,Högalid 7 Hornstull,18.03182,59.315,0.093
01801408,Högalid 8 Bergsund N,18.0278,59.31821,0.045
01801409,Högalid 9 Högalidsparken,18.03692,59.31778,0.126
01801410,Högalid 10 Drakenberg,18.03687,59.31387,0.116
01801411,Högalid 11 Zinkensdamm N,18.04425,59.31704,0.062
01801412,Högalid 12 Skinnarviksparken,18.0517,59.32086,0.372
01801413,Högalid 13 Zinkensdamm Ö,18.05375,59.31794,0.042
01801414,Högalid 14 Zinkensdamm V,18.04382,59.31598,0.079
01801415,Högalid 15 Rackarbergen,18.0553,59.30856,0.368
01801416,Högalid 16 Kv Svärdet-Skottet,18.0553,59.31294,0.058
01801417,Högalid 17 Zinkensdamms IP,18.05146,59.31631,0.097
01801418,Högalid 18 Lundagatan S mfl,18.04758,59.31829,0.037
01801419,Högalid 19 Heleneborg,18.03343,59.31934,0.038
01801420,Högalid 20 Folkskolegatan mfl,18.03139,59.31628,0.041
01801421,Högalid 21 Tanto,18.04469,59.31159,0.508
01801422,Högalid 22 Tobaksmonopolet,18.05471,59.3156,0.08
01801501,Katarina 1 Björns Trädgård,18.0742,59.31579,0.083
01801502,Katarina 2 Mosebacke,18.07435,59.31939,0.179
01801503,Katarina 3 Katarina N,18.07999,59.31732,0.192
01801504,Katarina 4 Axel Landquists park,18.07924,59.31427,0.051
01801505,Katarina 5 Bondegatan V mfl,18.07615,59.31282,0.038
01801506,Katarina 6 Nytorgsg-Bondeg mfl,18.08296,59.31458,0.05
01801507,Katarina 7 Kv Linjalen mfl,18.06753,59.31163,0.049
01801508,Katarina 8 Medborgarplatsen-Skrapan,18.07259,59.31274,0.075
01801509,Katarina 9 Helgalunden,18.07436,59.3094,0.045
01801510,Katarina 10 Kv Ingenjören-Ritaren,18.0631,59.30698,0.174
01801511,Katarina 11 Hallandsgatan mfl,18.06833,59.31017,0.053
01801512,Katarina 12 Eriksdal Ö,18.07088,59.3049,0.392
01801513,Katarina 13 Rosenlund,18.06237,59.31033,0.098
01801514,Katarina 14 Bjurholmsplan mfl,18.08078,59.30946,0.036
01801515,Katarina 15 Ölandsgatan mfl,18.07765,59.30873,0.036
01801516,Katarina 16 Blekingegatan Ö mfl,18.07751,59.31087,0.068
01801517,Katarina 17 Gotlandsgatan Ö mfl,18.08426,59.3102,0.034
01801518,Katarina 18 Nytorget,18.08325,59.31218,0.067
01801519,Katarina 19 Nackas hörna,18.08017,59.31165,0.042
01801520,Katarina 20 Ringen,18.07311,59.30861,0.077
01801521,Katarina 21 Fatburen S,18.07036,59.31184,0.052
01801701,Sofia 1 Mandelparken,18.10038,59.31171,0.053
01801702,Sofia 2 Åsöberget,18.09868,59.31665,0.549
01801703,Sofia 3 Vita berget,18.08803,59.31269,0.118
01801704,Sofia 4 Stigbergsparken,18.08579,59.31681,0.141
01801705,Sofia 5 Sågargatan mfl,18.09125,59.31363,0.033
01801706,Sofia 6 Luma,18.09529,59.3055,0.169
01801707,Sofia 7 Kv Vitbetan,18.08879,59.30973,0.052
01801708,Sofia 8 Hammarby Allé Ö,18.10207,59.30311,0.066
01801709,Sofia 9 Skanstull,18.08086,59.30612,0.149
01801710,Sofia 10 Vintertullen,18.0914,59.30698,0.089
01801711,Sofia 11 Barnängen N,18.09989,59.31292,0.081
01801712,Sofia 12 Danviksklippan mfl,18.10521,59.31148,0.173
01801713,Sofia 13 Sickla udde,18.10378,59.30588,0.15
01801714,Sofia 14 Sickla kanal,18.10608,59.30273,0.085
01801715,Sofia 15 Mårtensdal,18.08554,59.30208,0.232
01801716,Sofia 16 Sickla Park,18.11082,59.30416,0.13
01801717,Sofia 17 Lugnet,18.11119,59.30745,0.075
01801718,Sofia 18 Rutger Fuchsgatan mfl,18.07834,59.30735,0.031
01801719,Sofia 19 Blecktornsområdet,18.08648,59.30698,0.14
01801720,Sofia 20 Klippgatan mfl,18.08846,59.31391,0.035
01801721,Sofia 21 Lumabryggan,18.09938,59.30331,0.094
01801722,Sofia 22 Hammarbyterrassen,18.08911,59.30444,0.079
01801723,Sofia 23 Henriksdalshamnen,18.10571,59.30821,0.144
01801724,Sofia 24 Virkesvägen mfl,18.09374,59.30133,0.084
01801725,Sofia 25 Barnängen mellersta,18.09518,59.31146,0.08
01801726,Sofia 26 Barnängen S,18.09518,59.30941,0.174
01801801,Kungsholm 1 Ture Nermans gränd mfl,18.02894,59.32654,0.164
01801802,Kungsholm 2 Pontonjärparken,18.03303,59.32755,0.162
01801803,Kungsholm 3 Celsiusgatan mfl,18.03883,59.33318,0.037
01801804,Kungsholm 4 S:t Eriksområdet,18.04319,59.33308,0.093
01801805,Kungsholm 5 Kronoberg,18.03742,59.33131,0.149
01801806,Kungsholm 6 Kungsholmstorg V,18.04029,59.32728,0.137
01801807,Kungsholm 7 Kungsholmstorg Ö,18.0439,59.32651,0.125
01801808,Kungsholm 8 Piperska muren,18.04512,59.33097,0.056
01801809,Kungsholm 9 Kungsklippan mfl,18.04812,59.33271,0.134
01801810,Kungsholm 10 Ragnar Östbergs plan,18.05178,59.32767,0.384
01801811,Kungsholm 11 Barnhusviken,18.04023,59.33539,0.097
01801812,Kungsholm 12 Justitiabrunnen,18.04324,59.33028,0.062
01801813,Kungsholm 13 John Ericssonsgatan mfl,18.03629,59.32566,0.098
01801901,S:t Göran 1 Fredhäll S,18.00742,59.32745,0.081
01801902,S:t Göran 2 Fredhäll N,18.00745,59.33056,0.123
01801903,S:t Göran 3 Fredhäll V,17.99682,59.33061,0.342
01801904,S:t Göran 4 Kristinebergsparken,18.00209,59.3356,0.363
01801905,S:t Göran 5 Kristinebergs strand,18.00095,59.33872,0.187
01801906,S:t Göran 6 Geijersvägen mfl,18.01264,59.33399,0.141
01801907,S:t Göran 7 Marieberg S,18.01715,59.32585,0.408
01801908,S:t Göran 8 Rålambshov,18.0192,59.32861,0.368
01801909,S:t Göran 9 Stadshagen N,18.0171,59.33813,0.138
01801910,S:t Göran 10 Svarvargatan V mfl,18.02518,59.3381,0.067
01801911,S:t Göran 11 Industrigatan mfl,18.02973,59.33699,0.067
01801912,S:t Göran 12 Kv Dykaren-Färjan,18.02635,59.33643,0.036
01801913,S:t Göran 13 Fridhemsplan V,18.02748,59.33391,0.103
01801914,S:t Göran 14 Kronobergsgatan N mfl,18.03483,59.3355,0.055
01801915,S:t Göran 15 Fridhemsplan S,18.02824,59.33098,0.047
01801916,S:t Göran 16 Lilla Västerbron,18.02437,59.33076,0.072
01801917,S:t Göran 17 Kv Karlsvik mfl,18.02916,59.33009,0.032
01801918,S:t Göran 18 Fridhemsplan Ö,18.03176,59.33328,0.063
01801919,S:t Göran 19 S:t Göransområdet,18.01863,59.33454,0.194
01801920,S:t Göran 20 Kv Trossen mfl,18.03265,59.33589,0.056
01801921,S:t Göran 21 Fredhäll mellersta,18.00324,59.3294,0.07
01801922,S:t Göran 22 Thorildsplan,18.01604,59.33311,0.048
01801923,S:t Göran 23 Nelly Sachs Park,18.01005,59.33883,0.151
01801924,S:t Göran 24 Kristineberg S,18.00021,59.33452,0.067
01801925,S:t Göran 25 Hornsbergs strand,18.0076,59.34035,0.077
01801926,S:t Göran 26 Stadshagen V,18.01284,59.3367,0.051
01801927,S:t Göran 27 Stadshagen Ö,18.02253,59.33612,0.11
01802101,Brännkyrka 1 Västertorp Ö,17.97534,59.29316,0.224
01802102,Brännkyrka 2 Västertorpsparken,17.96909,59.29488,0.22
01802103,Brännkyrka 3 Västertorp C,17.96975,59.29165,0.174
01802104,Brännkyrka 4 Västertorp V,17.96279,59.29215,0.21
01802105,Brännkyrka 5 Fruängen Ö,17.97403,59.28671,0.348
01802106,Brännkyrka 6 Fruängen mellersta,17.96828,59.2846,0.153
01802107,Brännkyrka 7 Fruängen N,17.96305,59.28715,0.229
01802108,Brännkyrka 8 Fruängen S,17.96046,59.28253,0.194
01802109,Brännkyrka 9 Herrängen V,17.96165,59.27388,0.672
01802110,Brännkyrka 10 Långbroparken,17.97287,59.28006,0.31
01802111,Brännkyrka 11 Långsjö S,17.97966,59.26621,0.647
01802112,Brännkyrka 12 Älvsjö S,18.00802,59.27906,0.099
01802113,Brännkyrka 13 Långbrogårdsparken,17.98802,59.27979,0.692
01802114,Brännkyrka 14 Långbro V,17.98028,59.28435,0.496
01802115,Brännkyrka 15 Långbro Ö,17.9942,59.28186,0.445
01802116,Brännkyrka 16 Herr Stens väg mfl,18.00079,59.27131,2.03
01802117,Brännkyrka 17 Solberga V,18.00384,59.28992,0.262
01802118,Brännkyrka 18 Solberga Ö,18.01509,59.28527,0.286
01802119,Brännkyrka 19 Solberga mellersta,18.00791,59.28585,0.238
01802120,Brännkyrka 20 Liseberg,18.0248,59.28605,0.357
01802121,Brännkyrka 21 Örby slott,18.02821,59.28029,0.671
01802122,Brännkyrka 22 Östbergahöjden,18.03495,59.28764,0.137
01802123,Brännkyrka 23 Gamla Östberga,18.04137,59.28446,0.187
01802124,Brännkyrka 24 Östbergabackarna,18.03591,59.29189,1.625
01802125,Brännkyrka 25 Herrängen Ö,17.9721,59.27599,0.774
01802126,Brännkyrka 26 Långsjö N,17.98447,59.27243,0.475
01802127,Brännkyrka 27 Fruängen V,17.95486,59.28416,0.155
01802128,Brännkyrka 28 Kristalltorget mfl,17.99313,59.28723,0.626
01802129,Brännkyrka 29 Älvsjö Ö,18.01267,59.28124,0.147
01802130,Brännkyrka 30 Gyllene Ratten,17.95503,59.28821,0.201
01802131,Brännkyrka 31 Älvsjö N,18.00337,59.28259,0.146
01802132,Brännkyrka 32 Älvsjö V,18.0022,59.28079,0.064
01802301,Vantör 1 Stureby N,18.05437,59.28184,0.391
01802302,Vantör 2 Sturebyhöjden,18.04228,59.27849,0.401
01802303,Vantör 3 Stureby C,18.05743,59.27732,0.524
01802304,Vantör 4 Stureby S,18.06063,59.26966,0.559
01802305,Vantör 5 Bandhagen Ö,18.05748,59.26673,0.22
01802306,Vantör 6 Bandhagen S,18.05255,59.2661,0.151
01802307,Vantör 7 Bäckahagen,18.04329,59.2676,0.181
01802308,Vantör 8 Högdalen Ö,18.05306,59.25814,1.076
01802309,Vantör 9 Högdalen mellersta,18.04753,59.26478,0.119
01802310,Vantör 10 Högdalen V,18.03086,59.26548,0.262
01802311,Vantör 11 Skebokvarnsvägen Ö mfl,18.03727,59.26164,0.108
01802312,Vantör 12 Skebokvarnsvägen N,18.03791,59.26738,0.115
01802313,Vantör 13 Örby V,18.02147,59.27242,0.335
01802314,Vantör 14 Örby S,18.02943,59.26942,0.7
01802315,Vantör 15 Örby N,18.03351,59.27551,0.556
01802316,Vantör 16 Snösätrahöjden,18.03244,59.2559,0.138
01802317,Vantör 17 Gillerbacken mfl,18.02404,59.25503,0.156
01802318,Vantör 18 Rågsved N,18.03097,59.26058,0.214
01802319,Vantör 19 Rågsved V,18.01816,59.25822,0.228
01802320,Vantör 20 Rågsved Ö,18.03957,59.25295,0.829
01802321,Vantör 21 Hagsätra Ö,18.02053,59.26361,0.264
01802322,Vantör 22 Hagsätra C,18.0132,59.26333,0.085
01802323,Vantör 23 Hagsätra V,18.0096,59.26389,0.189
01802324,Vantör 24 Ormkärr N,18.00362,59.2624,0.433
01802325,Vantör 25 Hagsätra N,18.01377,59.26937,0.503
01802326,Vantör 26 Rågsved C,18.02437,59.25923,0.201
01802327,Vantör 27 Bandhagen C,18.04895,59.26883,0.133
01802328,Vantör 28 Rågsved S,18.02946,59.25207,0.335
01802329,Vantör 29 Högdalen S,18.04387,59.26037,0.232
01802330,Vantör 30 Ormkärr S,18.01008,59.25884,0.225
01802331,Vantör 31 Högdalen C,18.04041,59.26484,0.111
01802332,Vantör 32 Bäckaskiftsvägen mfl,18.04862,59.27532,0.174
01802333,Vantör 33 Bandhagen N,18.048,59.27137,0.136
01802501,Farsta 1 Svedmyra N,18.07078,59.27523,0.411
01802502,Farsta 2 Svedmyra S,18.07117,59.2691,0.52
01802503,Farsta 3 Tallkrogen N,18.08533,59.27499,0.349
01802504,Farsta 4 Olympiaområdet,18.0894,59.27068,0.564
01802505,Farsta 5 Gubbängen Ö,18.09832,59.2626,0.897
01802506,Farsta 6 Gubbängen S,18.08332,59.26121,0.234
01802507,Farsta 7 Gubbängen V,18.07111,59.26336,0.544
01802508,Farsta 8 Skönstaholm,18.09704,59.2565,0.3
01802509,Farsta 9 Lingvägen S,18.0896,59.25417,0.124
01802510,Farsta 10 Kryddhyllan,18.08573,59.25359,0.17
01802511,Farsta 11 Fagerlid,18.07959,59.25343,0.251
01802512,Farsta 12 Hökarängen V,18.07449,59.25467,0.201
01802513,Farsta 13 Fagersjö yttre,18.05273,59.25098,1.787
01802514,Farsta 14 Tallkrogen V,18.07948,59.26869,0.316
01802515,Farsta 15 Farsta Strand V,18.08308,59.23721,1.854
01802516,Farsta 16 Farsta Strand C,18.09831,59.23452,0.199
01802517,Farsta 17 Farsta Strand Ö,18.10825,59.23194,0.803
01802518,Farsta 18 Larsboda,18.1151,59.2407,1.413
01802519,Farsta 19 Hästhagen,18.09998,59.24156,0.105
01802520,Farsta 20 Ekebergabacken mfl,18.10517,59.24823,0.315
01802521,Farsta 21 Farsta C,18.09207,59.24268,0.282
01802522,Farsta 22 Farstaängen,18.09564,59.24999,0.393
01802523,Farsta 23 Nykroppagatan mfl,18.0851,59.24342,0.113
01802524,Farsta 24 Värmlandsvägen mfl,18.07712,59.24733,0.673
01802525,Farsta 25 Sköndal V,18.10696,59.2562,0.544
01802526,Farsta 26 Norra Sköndal,18.11551,59.26277,0.606
01802527,Farsta 27 Dalbrobranten mfl,18.1121,59.25371,0.241
01802528,Farsta 28 Stora Sköndal,18.1254,59.25156,1.241
01802529,Farsta 29 Sköndal C,18.11494,59.25702,0.145
01802530,Farsta 30 Torsbygatan mfl,18.0963,59.24439,0.09
01802531,Farsta 31 Fagersjö inre,18.05998,59.24876,0.149
01802532,Farsta 32 Västboda,18.08695,59.24599,0.142
01802533,Farsta 33 Ågesta Broväg mfl,18.10379,59.23961,0.156
01802534,Farsta 34 Kristinehamnsgatan S mfl,18.09798,59.23953,0.13
01802535,Farsta 35 Russinvägen mfl,18.08927,59.25672,0.221
01802536,Farsta 36 Karin Larssons väg mfl,18.12596,59.2591,0.3
01802537,Farsta 37 Hökarängen N,18.07744,59.25761,0.153
01802538,Farsta 38 Gubbängen N,18.08101,59.26375,0.097
01802539,Farsta 39 Östmarksgatan mfl,18.10063,59.24539,0.202
01802701,Bromma 1 Abrahamsberg S,17.94828,59.33134,0.237
01802702,Bromma 2 Abrahamsberg N,17.95124,59.33444,0.188
01802703,Bromma 3 Åkeslund mellersta,17.94233,59.33558,0.171
01802704,Bromma 4 Riksby N,17.94177,59.35027,3.095
01802705,Bromma 5 Åkeshov,17.93139,59.33897,0.28
01802706,Bromma 6 Riksby V-Brommaplan,17.93371,59.34119,0.282
01802707,Bromma 7 Riksby Ö,17.94908,59.33994,0.273
01802708,Bromma 8 Bromma kyrka S,17.91664,59.35244,0.68
01802709,Bromma 9 Bromma kyrka N,17.92188,59.35567,0.589
01802710,Bromma 10 Beckomberga S,17.8998,59.3558,0.341
01802711,Bromma 11 Bällstavägen S mfl,17.89815,59.34949,0.449
01802712,Bromma 12 Norra Ängby Ö,17.92239,59.34546,0.64
01802713,Bromma 13 Norra Ängby V,17.89175,59.35227,0.386
01802714,Bromma 14 Blackeberg V,17.87679,59.34987,0.247
01802715,Bromma 15 Blackeberg mellersta,17.87722,59.34633,0.177
01802716,Bromma 16 Blackeberg gård,17.8775,59.34032,0.968
01802717,Bromma 17 Blackeberg Ö,17.88605,59.34642,0.189
01802718,Bromma 18 Södra Ängby,17.90077,59.34032,1.211
01802719,Bromma 19 Johannesfred Ö,17.97394,59.34782,0.172
01802720,Bromma 20 Johannesfred V,17.96378,59.34949,1.434
01802721,Bromma 21 Bällsta,17.93319,59.36485,1.316
01802722,Bromma 22 Beckomberga N,17.90196,59.3618,0.297
01802723,Bromma 23 Mariehäll S,17.95304,59.35926,0.334
01802724,Bromma 24 Blackeberg N,17.88486,59.34987,0.283
01802725,Bromma 25 Karsvikshage,17.90772,59.34603,0.571
01802726,Bromma 26 Åkeslund V,17.93589,59.33489,0.209
01802727,Bromma 27 Eneby,17.91278,59.36017,0.35
01802728,Bromma 28 Annedalsparken,17.94774,59.36505,0.068
01802729,Bromma 29 Linaberg,17.95166,59.36228,0.103
01802730,Bromma 30 Beckomberga mellersta,17.89752,59.35808,0.18
01802731,Bromma 31 Blackeberg S,17.88309,59.34356,0.163
01802732,Bromma 32 Lönnebergaparken,17.94673,59.36251,0.09
01802733,Bromma 33 Mariehäll V,17.96076,59.3598,0.086
01802734,Bromma 34 Åkeslund Ö,17.94625,59.33558,0.122
01802735,Bromma 35 Mariehäll N,17.95167,59.36409,0.075
01802801,Essinge 1 Lilla Essingen mellersta,18.00333,59.32402,0.071
01802802,Essinge 2 Lilla Essingen N,18.00313,59.32574,0.184
01802803,Essinge 3 Stora Essingen S,17.98383,59.31902,0.384
01802804,Essinge 4 Stora Essingen N,17.99149,59.32563,0.511
01802805,Essinge 5 Stora Essingen Ö,17.99365,59.32052,0.35
01802806,Essinge 6 Luxområdet,18.00662,59.32293,0.264
01802901,Västerled 1 Smedslätten V,17.96387,59.32155,0.471
01802902,Västerled 2 Äppelviken,17.97043,59.32683,0.828
01802903,Västerled 3 Stora Mossen,17.96242,59.33216,0.645
01802904,Västerled 4 Alvik,17.98288,59.33091,0.647
01802905,Västerled 5 Johannelund,17.98065,59.34021,0.398
01802906,Västerled 6 Traneberg S,17.98952,59.333,0.288
01802907,Västerled 7 Traneberg Ö,17.98791,59.33751,0.234
01802908,Västerled 8 Minneberg,17.99339,59.33965,0.281
01802909,Västerled 9 Ulvsunda trädgårdsstad,17.97217,59.33903,0.495
01802910,Västerled 10 Nockebyhov V,17.90451,59.33237,0.763
01802911,Västerled 11 Nockebyhov Ö,17.91778,59.33595,1.164
01802912,Västerled 12 Nockeby S,17.92379,59.32564,0.739
01802913,Västerled 13 Nockeby N,17.92735,59.33047,0.446
01802914,Västerled 14 Höglandet-Olovslund,17.93787,59.32564,0.773
01802915,Västerled 15 Ålsten S,17.94824,59.31975,1.031
01802916,Västerled 16 Ålsten N,17.95461,59.3244,0.603
01802917,Västerled 17 Traneberg mellersta,17.98166,59.33622,0.179
01802918,Västerled 18 Ulvsunda N,17.96053,59.33869,0.419
01802919,Västerled 19 Smedslätten Ö,17.96746,59.31655,1.09
01803101,Vällingby 1 Vällingby N,17.87164,59.36957,0.674
01803102,Vällingby 2 Vällingby V,17.86465,59.36561,0.262
01803103,Vällingby 3 Vällingby Ö,17.87702,59.36501,0.132
01803104,Vällingby 4 Vällingby C,17.87088,59.36129,0.156
01803105,Vällingby 5 Grimsta V,17.85616,59.36257,0.476
01803106,Vällingby 6 Grimsta Ö,17.86695,59.34978,0.886
01803107,Vällingby 7 Råcksta Ö,17.88704,59.35828,0.185
01803108,Vällingby 8 Råcksta V,17.87924,59.36209,0.268
01803109,Vällingby 9 Råcksta N,17.88985,59.36308,0.563
01803110,Vällingby 10 Nälsta Ö,17.89025,59.37088,0.505
01803111,Vällingby 11 Nälsta V,17.87476,59.37595,0.508
01803112,Vällingby 12 Grimsta mellersta,17.85458,59.35404,1.976
01803113,Vällingby 13 Kälvesta V,17.84534,59.38361,0.519
01803114,Vällingby 14 Kälvesta S,17.85507,59.38134,0.302
01803115,Vällingby 15 Vinsta V,17.84737,59.37651,0.478
01803116,Vällingby 16 Vinsta Ö,17.85799,59.37361,1.104
01803117,Vällingby 17 Råcksta S,17.87918,59.35752,0.324
01803118,Vällingby 18 Nälsta gård,17.88165,59.37209,0.356
01803119,Vällingby 19 Vällingby mellersta,17.87078,59.3654,0.138
01803120,Vällingby 20 Johannelund trädg.stad,17.84579,59.37281,0.073
01803121,Vällingby 21 Vällingby Parkstad,17.88561,59.3534,0.067
01803122,Vällingby 22 Kälvesta Ö,17.8625,59.38395,0.373
01803401,Enskede 1 Årstaberg,18.04265,59.30356,0.828
01803402,Enskede 2 Sköntorpsvägen V,18.05415,59.2995,0.175
01803403,Enskede 3 Siljansvägen V,18.04193,59.29864,0.154
01803404,Enskede 4 Årsta Centrum,18.04862,59.29667,0.141
01803405,Enskede 5 Valla torg V,18.04306,59.29558,0.142
01803406,Enskede 6 Valla torg Ö,18.0522,59.29322,0.122
01803407,Enskede 7 Långhalsvägen mfl,18.05709,59.29795,0.161
01803408,Enskede 8 Årstaskogen,18.06818,59.30168,0.781
01803409,Enskede 9 Sköntorpsvägen Ö,18.0688,59.29785,0.116
01803410,Enskede 10 Bolmensvägen mfl,18.06361,59.29575,0.205
01803411,Enskede 11 Gullmarsplan,18.07866,59.29864,0.174
01803412,Enskede 12 Skärmarbrink,18.08471,59.29804,0.25
01803413,Enskede 13 Blåsut,18.0889,59.29148,0.141
01803414,Enskede 14 Globen,18.08025,59.2914,0.713
01803415,Enskede 15 Enskede Gård N,18.06701,59.29157,0.447
01803416,Enskede 16 Enskede Gård S,18.06808,59.28737,0.404
01803417,Enskede 17 Enskedefältet,18.055,59.28667,1.026
01803418,Enskede 18 Gamla Enskede S,18.08412,59.27878,0.465
01803419,Enskede 19 Gamla Enskede N,18.08392,59.28489,0.364
01803420,Enskede 20 Skogskyrkogården,18.09971,59.2777,1.432
01803421,Enskede 21 Dalen N,18.09705,59.2883,0.124
01803422,Enskede 22 Dalen S,18.09816,59.28596,0.103
01803423,Enskede 23 Enskede IP,18.07628,59.28237,0.374
01803424,Enskede 24 Dalen V,18.09398,59.28648,0.065
01803425,Enskede 25 Ottsjövägen mfl,18.045,59.30082,0.249
01803426,Enskede 26 Årstavägen Ö,18.05594,59.29407,0.08
01803601,Skarpnäck 1 Bagarmossen S,18.12889,59.27335,0.359
01803602,Skarpnäck 2 Brotorp,18.14285,59.27305,0.582
01803603,Skarpnäck 3 Ljusnevägen mfl,18.14199,59.27786,0.315
01803604,Skarpnäck 4 Bergsrådsvägen mfl,18.12622,59.27636,0.153
01803605,Skarpnäck 5 Bagarmossen N,18.13298,59.28176,0.175
01803606,Skarpnäck 6 Bagarmossen C,18.13203,59.27852,0.185
01803607,Skarpnäck 7 Skarpnäcks trädgårdsstad,18.11645,59.27635,0.555
01803608,Skarpnäck 8 Enskededalen Ö,18.1085,59.28154,0.398
01803609,Skarpnäck 9 Kärrtorp S,18.12535,59.28374,0.458
01803610,Skarpnäck 10 Kärrtorp V,18.10708,59.2879,0.32
01803611,Skarpnäck 11 Björkhagen Ö,18.11941,59.28868,0.165
01803612,Skarpnäck 12 Björkhagen V,18.11252,59.29073,0.209
01803613,Skarpnäck 13 Björkhagen N,18.11526,59.29765,0.847
01803614,Skarpnäck 14 Hammarbyhöjden S,18.10209,59.29124,0.15
01803615,Skarpnäck 15 Hammarbyhöjden N,18.09553,59.29759,0.212
01803616,Skarpnäck 16 Hammarbyhöjden Ö,18.10469,59.29361,0.13
01803617,Skarpnäck 17 Hammarbyhöjden NV,18.08982,59.298,0.155
01803618,Skarpnäck 18 Skarpnäck Ö,18.16358,59.25045,6.655
01803619,Skarpnäck 19 Skarpnäck S-Orhem,18.14208,59.2518,3.072
01803620,Skarpnäck 20 Skarpnäck V,18.12406,59.26665,0.172
01803621,Skarpnäck 21 Pungpinan mfl,18.11489,59.2687,0.724
01803622,Skarpnäck 22 Hammarbyhöjden NÖ,18.10117,59.29834,0.219
01803623,Skarpnäck 23 Skarpnäck C,18.13057,59.26657,0.229
01803624,Skarpnäck 24 Bagarmossen V,18.12419,59.28011,0.185
01803625,Skarpnäck 25 Enskededalen V,18.10321,59.28064,0.266
01803626,Skarpnäck 26 Kärrtorp mellersta,18.11706,59.28372,0.115
01803627,Skarpnäck 27 Björkhagen mellersta,18.11629,59.29316,0.214
01803628,Skarpnäck 28 Hammarbyhöjden mellan,18.09911,59.29454,0.171
01803629,Skarpnäck 29 Blåsut Ö,18.09355,59.29215,0.137
01803630,Skarpnäck 30 Kärrtorp N,18.11454,59.28602,0.135
01803801,Hässelby 1 Hässelby Strand V,17.82505,59.35823,0.761
01803802,Hässelby 2 Hässelby Strand S,17.83738,59.35663,0.504
01803803,Hässelby 3 Hässelby Strand N,17.83282,59.3639,0.171
01803804,Hässelby 4 Hässelby Strand Ö,17.84079,59.36222,0.145
01803805,Hässelby 5 Hässelby slott,17.84987,59.36543,0.306
01803806,Hässelby 6 Hässelby Gård Ö,17.85031,59.3684,0.186
01803807,Hässelby 7 Hässelby Gård mellersta,17.83944,59.36903,0.152
01803808,Hässelby 8 Hässelby Gård S,17.8364,59.36707,0.137
01803809,Hässelby 9 Hässelby Gård V,17.83365,59.37094,0.284
01803810,Hässelby 10 Hässelby Villast. mellan,17.81108,59.37369,0.662
01803811,Hässelby 11 Hässelby Villastad V,17.79911,59.37605,1.193
01803812,Hässelby 12 Hässelby Villastad Ö,17.826,59.37348,0.679
01803813,Hässelby 13 Hässelby Villastad NV,17.80395,59.38308,0.447
01803814,Hässelby 14 Lövsta,17.79155,59.38724,3.928
01803815,Hässelby 15 Backlura N,17.81574,59.39448,0.621
01803816,Hässelby 16 Backlura S,17.82156,59.38741,0.588
01803817,Hässelby 17 Hässelby Villastad NÖ,17.83152,59.37847,0.353
01803818,Hässelby 18 Smedshagen,17.82107,59.38042,0.32
01803819,Hässelby 19 Hässelby Villastad S,17.80738,59.36376,2.877
01803820,Hässelby 20 Hässelby Gård N,17.84367,59.37015,0.168
01803821,Hässelby 21 Hässelby Strand mellan,17.83642,59.36264,0.088
01803822,Hässelby 22 Ormängsgatan m fl,17.84317,59.36356,0.113
01803901,Hägersten 1 Nybohov V,18.01264,59.30812,0.148
01803902,Hägersten 2 Nybohov Ö,18.01927,59.3083,0.108
01803903,Hägersten 3 Stora Fågelsången,18.00859,59.31336,0.216
01803904,Hägersten 4 Gröndal C,18.0122,59.31707,0.134
01803905,Hägersten 5 Gröndal V,17.99889,59.3138,0.283
01803906,Hägersten 6 Ekensberg,17.9834,59.31426,0.41
01803907,Hägersten 7 Gröndal N,18.00453,59.31707,0.351
01803908,Hägersten 8 Aspudden Ö,18.00397,59.30791,0.225
01803909,Hägersten 9 Aspudden C,18.00173,59.30612,0.066
01803910,Hägersten 10 Örnsberg,17.99088,59.30602,0.109
01803911,Hägersten 11 Vinterviken,17.98586,59.31041,0.671
01803912,Hägersten 12 Midsommarkransen N,17.99644,59.3029,0.215
01803913,Hägersten 13 Telefonplan V,17.99223,59.29948,0.15
01803914,Hägersten 14 Midsommarkransen S,18.00139,59.29936,0.115
01803915,Hägersten 15 Svandammen,18.00611,59.30314,0.184
01803916,Hägersten 16 Midsommarkransen C,18.01019,59.3016,0.085
01803917,Hägersten 17 Korpmossen,17.9913,59.2937,0.337
01803918,Hägersten 18 Radiusparken,18.00575,59.2987,0.097
01803919,Hägersten 19 Hägerstensåsen S,17.98219,59.29263,0.193
01803920,Hägersten 20 Hägerstensåsen Ö,17.98612,59.29381,0.147
01803921,Hägersten 21 Hägerstensåsen V,17.97939,59.29653,0.167
01803922,Hägersten 22 Hägerstensåsen N,17.98707,59.30115,0.19
01803923,Hägersten 23 Hägerstenshamnen,17.98218,59.30735,0.197
01803924,Hägersten 24 Axelsberg,17.96562,59.30841,0.817
01803925,Hägersten 25 Mälarhöjden Ö,17.9733,59.30072,0.506
01803926,Hägersten 26 Mälarhöjden mellersta,17.96231,59.30033,0.539
01803927,Hägersten 27 Mälarhöjden N,17.949,59.30035,0.961
01803928,Hägersten 28 Mälarhöjden S,17.95432,59.29365,0.726
01803929,Hägersten 29 Nybodahöjden,18.02123,59.30409,0.372
01803930,Hägersten 30 Trekanten,18.02185,59.31317,0.587
01803931,Hägersten 31 Marievik,18.02873,59.30931,0.18
01803932,Hägersten 32 Liljeholmskajen V,18.0339,59.30931,0.163
01803933,Hägersten 33 Aspudden N,17.99699,59.30931,0.143
01803934,Hägersten 34 Klubbacken mfl,17.95591,59.30618,0.307
01803935,Hägersten 35 Midsommarkransen Ö,18.0158,59.30235,0.086
01803936,Hägersten 36 Västberga Ö,18.01244,59.29564,1.332
01803937,Hägersten 37 Årstadal,18.02535,59.30648,0.113
01803938,Hägersten 38 Gösta Ekmans väg mfl,17.98427,59.30364,0.161
01803939,Hägersten 39 Liljeholmstorget,18.0212,59.30951,0.115
01803940,Hägersten 40 Hökmossen mfl,17.999,59.29465,0.215
01803941,Hägersten 41 Aspudden mellersta,17.99766,59.3068,0.081
01803942,Hägersten 42 Liljeholmskajen Ö,18.03708,59.30886,0.136
01803943,Hägersten 43 Hägerstensåsen mellan,17.98019,59.2999,0.164
01803944,Hägersten 44 Sjövikshöjden,18.03313,59.30413,0.115
01803945,Hägersten 45 Telefonplan Ö,17.99903,59.30057,0.133
01803946,Hägersten 46 Ekensbergskajen,17.99842,59.3166,0.099
01803947,Hägersten 47 Tellusborgsvägen S,18.00179,59.29729,0.063
01803948,Hägersten 48 Sjöviksbacken S,18.02972,59.30163,0.096
01804001,Skärholmen 1 Bredäng NÖ,17.93714,59.29961,0.363
01804002,Skärholmen 2 Bredäng NV,17.9244,59.29825,0.801
01804003,Skärholmen 3 Bredäng V,17.92765,59.29185,0.341
01804004,Skärholmen 4 Bredäng Ö,17.94428,59.29044,0.576
01804005,Skärholmen 5 Bredäng S,17.93655,59.29044,0.237
01804006,Skärholmen 6 Sätra N,17.9277,59.28615,0.375
01804007,Skärholmen 7 Sätra V,17.91693,59.28753,0.197
01804008,Skärholmen 8 Sätra S,17.91964,59.28295,0.448
01804009,Skärholmen 9 Vårberg N,17.88518,59.27864,0.124
01804010,Skärholmen 10 Portholmsgången mfl,17.8993,59.27534,0.158
01804011,Skärholmen 11 Ekholmshöjden,17.90613,59.27855,0.102
01804012,Skärholmen 12 Skärholmen S,17.90196,59.27078,0.655
01804013,Skärholmen 13 Skärholmens gård,17.89699,59.28246,0.789
01804014,Skärholmen 14 Stångholmsbacken mfl,17.89033,59.27803,0.105
01804015,Skärholmen 15 Vårberg S,17.8834,59.2748,0.165
01804016,Skärholmen 16 Vårbergs IP,17.88786,59.27242,0.371
01804017,Skärholmen 17 Vårberg V,17.87391,59.2779,1.696
01804018,Skärholmen 18 Sätra gård,17.9064,59.29095,2.242
01804019,Skärholmen 19 Skärholmen C,17.90407,59.27697,0.26
01804020,Skärholmen 20 Bredäng mellersta,17.93272,59.29186,0.064
01804021,Skärholmen 21 Vårberg C,17.89072,59.2747,0.13
01804101,Spånga 1 Sundby S,17.91718,59.36827,0.979
01804102,Spånga 2 Flysta,17.9027,59.36984,0.784
01804103,Spånga 3 Solhem Ö,17.90077,59.37744,0.631
01804104,Spånga 4 Solhem S,17.88147,59.37933,0.701
01804105,Spånga 5 Solhem V,17.87906,59.3841,0.849
01804106,Spånga 6 Solhem N,17.90001,59.38675,0.72
01804107,Spånga 7 Bromsten N,17.9141,59.3828,0.288
01804108,Spånga 8 Bromsten mellersta,17.91043,59.37957,0.138
01804109,Spånga 9 Bromsten S,17.92151,59.37563,1.082
01804110,Spånga 10 Hjulsta V,17.88374,59.39564,0.356
01804111,Spånga 11 Erikslund,17.89644,59.39632,0.22
01804112,Spånga 12 Nydal,17.90306,59.3975,0.121
01804113,Spånga 13 Tensta C,17.90368,59.39465,0.098
01804114,Spånga 14 Gullinge,17.9004,59.39215,0.168
01804115,Spånga 15 Risingeplan mfl,17.90986,59.39565,0.094
01804116,Spånga 16 Glömminge,17.91537,59.39464,0.158
01804117,Spånga 17 Rinkebysvängen N,17.92137,59.39107,0.153
01804118,Spånga 18 Rinkebystråket,17.92592,59.39074,0.131
01804119,Spånga 19 Rinkebysvängen V,17.91955,59.38744,0.232
01804120,Spånga 20 Kvarnbyvägen mfl,17.9318,59.39096,0.104
01804121,Spånga 21 Rinkeby C,17.92959,59.38906,0.113
01804122,Spånga 22 Rinkebysvängen Ö,17.93645,59.38815,0.128
01804123,Spånga 23 Rinkebysvängen S,17.93099,59.38453,0.247
01804124,Spånga 24 Spånga by,17.91099,59.39087,0.46
01804125,Spånga 25 Hjulsta Ö,17.89078,59.39465,0.21
01804126,Spånga 26 Spånga torg-Lunda,17.87502,59.38985,1.522
01804127,Spånga 27 Rinkeby mellersta,17.93207,59.386,0.113
01804128,Spånga 28 Bromsten C,17.92254,59.38039,0.362
01804129,Spånga 29 Sundby N,17.91046,59.37664,0.202
01804130,Spånga 30 Bromsten V,17.90779,59.38359,0.281
01804201,Kista 1 Akalla C,17.91628,59.41568,0.097
01804202,Kista 2 Akalla Ö,17.92223,59.41794,0.52
01804203,Kista 3 Akalla N,17.90468,59.42626,3.48
01804204,Kista 4 Akalla V,17.90707,59.41422,0.279
01804205,Kista 5 Akalla S,17.89914,59.4063,2.469
01804206,Kista 6 Lofotenparken,17.92744,59.41395,0.182
01804207,Kista 7 Oslogatan,17.91585,59.40199,1.188
01804208,Kista 8 Nidarosgatan,17.93062,59.4104,0.103
01804209,Kista 9 Bergensgatan,17.92844,59.40647,0.097
01804210,Kista 10 Nordkapsgatan,17.93468,59.40699,0.15
01804211,Kista 11 Trondheimsgatan,17.92122,59.40985,0.114
01804212,Kista 12 Kista mellersta,17.93657,59.40329,0.15
01804213,Kista 13 Helsingörsgatan mfl,17.9401,59.40094,0.089
01804214,Kista 14 Kista V,17.9389,59.40577,0.139
01804215,Kista 15 Ärvinge S,17.94199,59.39072,0.697
01804216,Kista 16 Kista Gård,17.9395,59.4124,0.693
01804217,Kista 17 Ärvinge N,17.94383,59.39864,0.13
01804218,Kista 18 Kista S,17.9315,59.39816,1.073
01804219,Kista 19 Kista Ö,17.95521,59.40336,1.474
01804220,Kista 20 Husby C,17.92652,59.40988,0.061
01804221,Kista 21 Kista N,17.94625,59.40879,0.057
01810101,Södertälje 1 Södra-Värdsholmen,17.63855,59.17301,6.014
01810102,Södertälje 2 Saltskog östra,17.62695,59.18015,0.446
01810103,Södertälje 3 Saltskog västra,17.6199,59.18174,0.309
01810104,Södertälje 4 Västergård-Vibergen,17.60747,59.18215,0.634
01810105,Södertälje 5 Mariekälla södra,17.62147,59.18606,0.347
01810106,Södertälje 6 Västergård-Högmohöjden,17.60081,59.18632,0.908
01810107,Södertälje 7 Mariekälla norra,17.62183,59.18924,0.25
01810108,Södertälje 8 Centrum södra,17.62828,59.19316,0.37
01810109,Södertälje 9 Västra Blombacka,17.59808,59.19198,0.279
01810110,Södertälje 10 Tälje,17.61851,59.19383,0.425
01810111,Södertälje 11 Centrum norra,17.62474,59.19817,0.213
01810112,Södertälje 12 V. Bårsta - Blombacka,17.60815,59.19556,0.546
01810113,Södertälje 13 Bårstabergen östra,17.61502,59.19926,0.215
01810114,Södertälje 14 Snäckviken,17.61677,59.20316,0.598
01810152,Södertälje 52 Bårstafältet,17.59945,59.1986,0.595
01810215,Södertälje 15 Glasberga,17.69051,59.19537,3.527
01810216,Södertälje 16 Östertälje,17.65254,59.185,1.033
01810217,Södertälje 17 Fornbacka,17.66828,59.19076,0.511
01810218,Södertälje 18 Hagaberg-Majtorp,17.64213,59.18991,0.849
01810219,Södertälje 19 Rosenlund västra,17.64036,59.196,0.784
01810220,Södertälje 20 Rosenlund östra,17.65231,59.19926,0.774
01810221,Södertälje 21 Grusåsen västra,17.62768,59.20444,0.442
01810222,Södertälje 22 Grusåsen östra,17.66767,59.21059,5.332
01810223,Södertälje 23 Brunnsäng östra,17.63881,59.21237,0.692
01810224,Södertälje 24 Brunnsäng västra,17.63384,59.21366,0.123
01810225,Södertälje 25 Bergvik,17.62136,59.21156,0.691
01810226,Södertälje 26 Fornhöjden,17.66603,59.19642,0.557
01810227,Södertälje 27 Viksberg,17.62643,59.24372,9.201
01810228,Södertälje 28 Ritorp,17.6412,59.22178,0.889
01810229,Södertälje 29 Ragnhildsborg,17.61972,59.22344,3.098
01810330,Södertälje 30 Pershagen,17.64422,59.15081,12.959
01810331,Södertälje 31 Hovsjö norra,17.60436,59.17805,0.403
01810332,Södertälje 32 Hovsjö södra,17.60771,59.17526,0.146
01810333,Södertälje 33 Hovsjö-Tveta,17.55441,59.15546,34.193
01810435,Södertälje 35 Enhörna-Ekeby,17.54506,59.2636,28.093
01810436,Södertälje 36 Enhörna västra,17.43428,59.28744,99.595
01810640,Södertälje 40 Vårdinge,17.40078,59.0629,106.913
01810741,Södertälje 41 Järna centrum,17.57193,59.08959,0.988
01810742,Södertälje 42 Järna norra,17.56773,59.09595,0.559
01810743,Södertälje 43 Järna västra,17.55274,59.09242,2.026
01810744,Södertälje 44 Järna-Kallfors,17.55837,59.10877,4.557
01810745,Södertälje 45 Järna landsbygd,17.4803,59.09831,82.209
01810746,Södertälje 46 Järna östra,17.5711,59.06307,21.012
01810848,Södertälje 48 Hölö-Mörkö,17.64846,58.94963,181.608
01811047,Södertälje 47 Hölö västra,17.4873,59.02032,44.017
01811250,Södertälje 50 Geneta södra,17.56911,59.18908,5.2
01811251,Södertälje 51 Geneta norra,17.5824,59.19673,0.453
01811253,Södertälje 53 Ronna södra,17.58988,59.20085,0.376
01811254,Södertälje 54 Ronna västra,17.58014,59.20216,0.502
01811255,Södertälje 55 Ronna norra,17.59583,59.20659,0.141
01811256,Södertälje 56 Ronna-Karlhov,17.60094,59.20401,0.507
01811257,Södertälje 57 Lina västra,17.56895,59.21539,4.677
01811258,Södertälje 58 Lina östra,17.58622,59.22395,7.264
01811259,Södertälje 59 Glasberga V-Gärtuna,17.70289,59.16332,18.768
01820101,"Danviken, Saltsjöqvarn",18.11574,59.31506,0.357
01820102,Henriksdal,18.11784,59.31057,0.375
01820103,Finnboda,18.12726,59.31554,0.283
01820104,"Finnberget, Kvarnholmen V",18.13417,59.31551,0.502
01820106,Kvarnholmen NÖ,18.14349,59.3182,0.261
01820107,Kvarnholmen SÖ,18.14107,59.31504,0.101
01820110,Sickla V,18.11967,59.30474,0.575
01820111,Alphyddan,18.12562,59.30924,0.36
01820112,"Sickla Ö, Tallbacken",18.12502,59.30281,0.189
01820113,"Nysätra, Hästhagen, Ekudden",18.14699,59.30133,1.652
01820114,Järla sjö,18.15047,59.30432,0.212
01820115,Finntorp S,18.13552,59.3083,0.195
01820116,"Finntorp N, Marinstaden, Birka",18.14189,59.3106,0.457
01820117,"Järlahöjden, Nya gatan",18.15811,59.30898,0.398
01820118,"Lillängen, Storängen",18.16856,59.30479,1.244
01820119,"Nacka strand, Vikdalen",18.15778,59.31722,0.867
01820121,Jarlaberg N,18.16948,59.31685,0.102
01820122,Jarlaberg S,18.18325,59.32049,2.702
01820123,Nacka Centrum,18.17107,59.31078,0.358
01820124,Skogalund,18.18597,59.31215,0.587
01820125,"Ekängen, Saltängen V",18.19126,59.30577,1.175
01820126,"Saltsjö-Duvnäs, Saltängen Ö",18.2127,59.30321,3.164
01820127,Ektorp,18.20386,59.313,0.522
01820128,Skuru,18.21202,59.31866,1.031
01820129,Duvnäs Utskog,18.20239,59.32976,2.33
01820132,Fisksätra V,18.24539,59.29469,0.588
01820133,Fisksätra Ö,18.2577,59.29478,0.482
01820134,Fisksätra S,18.25844,59.29114,0.556
01820135,Fisksätra N,18.25359,59.29313,0.059
01820161,Kolarängen,18.2111,59.27508,30.505
01820162,Älta gård,18.18066,59.26304,1.064
01820163,Stensö N,18.17543,59.25945,0.414
01820165,Stensö S,18.17417,59.2538,0.175
01820166,Hedvigslund,18.18169,59.25256,0.649
01820167,Sigfridsborg,18.1931,59.25578,0.743
01820168,"Ältadalen, Södra Hedvigslund",18.20154,59.25503,0.793
01820201,"Skogsö, Baggensudden, Neglinge N",18.29895,59.29732,5.025
01820202,"Igelboda, Neglinge S",18.28252,59.29099,1.439
01820203,"Igelbodaplatån, Ljuskärrsberget",18.27288,59.2873,0.573
01820204,"Tattby, Solsidan N",18.28683,59.27565,2.721
01820205,Rösunda,18.313,59.27565,3.137
01820206,"Solsidan S, Älgö",18.34032,59.25683,15.452
01820301,"Lilla Björknäs, Björknäs N",18.23046,59.32685,2.151
01820302,Björknäs S,18.24844,59.3181,0.911
01820303,"Eknäs Ö, Hjortängen, Lännersta V",18.2449,59.31027,1.429
01820304,Lännersta N,18.28716,59.3123,2.799
01820305,Lännersta S,18.27011,59.30482,2.326
01820306,Källvägsområdet,18.27177,59.32164,1.584
01820307,Krokhöjden,18.24181,59.32994,0.629
01820308,Orminge C,18.25761,59.32832,0.234
01820309,Orminge S,18.25352,59.32422,0.34
01820310,Orminge N,18.25977,59.33161,0.303
01820311,Orminge Ö,18.272,59.33165,1.371
01820312,"Hasseludden, Kummelnäs V",18.25396,59.34582,5.963
01820314,"Gustavsvik, Insjön, Velamsund",18.32982,59.3358,13.174
01820315,"Mensättra, Eriksvik",18.29223,59.32883,2.015
01820316,"Eknäs V, Tollare V",18.23488,59.3063,1.243
01820317,Tollare Ö,18.2387,59.30168,0.511
01820318,Kummelnäs Ö,18.27256,59.35122,2.865
01820319,Vikingshill,18.28879,59.35578,5.174
01830101,Lilla Alby Östra,17.97203,59.35883,0.147
01830102,Lilla Alby Mellan,17.96607,59.35876,0.125
01830103,Lilla Alby Signalfabriken,17.96339,59.3624,0.249
01830104,Centrala SBG Kyrkparken,17.97235,59.36308,0.102
01830105,Centrala SBG Östra,17.97654,59.36257,0.103
01830106,Centrala SBG Mellersta,17.96977,59.36436,0.054
01830107,Centrala SBG Esplanaden,17.96473,59.3639,0.067
01830108,Centrala SBG Västra,17.96208,59.36541,0.042
01830109,Centrala SBG Norra,17.96119,59.36705,0.07
01830110,Tulemarken,17.9672,59.36953,0.408
01830111,Storskogen Västra,17.9746,59.36705,0.095
01830112,Storskogen Östra,17.97769,59.36805,0.188
01830113,Ör,17.97778,59.37579,0.648
01830114,Hallonbergen Norra,17.96742,59.37767,0.258
01830115,Hallonbergen Östra,17.96655,59.375,0.129
01830116,Hallonbergen Västra,17.95649,59.37692,0.233
01830117,Duvbo Södra,17.95478,59.36816,0.34
01830118,Duvbo Norra,17.94809,59.37091,0.548
01830119,Rissne Sydvästra,17.93157,59.37486,0.248
01830120,Rissne Nordvästra,17.93521,59.37874,0.261
01830121,Rissne Nordöstra,17.94615,59.37831,0.423
01830122,Rissne kv. Skvadronen m.fl.,17.94579,59.37474,0.163
01830123,Stora Ursvik Milot,17.95438,59.38698,0.423
01830124,Brotorp/Kymlinge,17.95535,59.39085,2.017
01830125,Centrala SBG Tornparken,17.96701,59.36583,0.109
01830126,Stora Ursvik Kvarnkullen,17.94363,59.38289,0.137
01830127,Stora Ursviks Gård,17.9472,59.38733,0.116
01830128,Lilla Alby Bällstaviken,17.96249,59.3593,0.094
01830129,Stora Ursvik Forskningsringen,17.95142,59.38201,0.154
01830130,Lilla Ursvik,17.96163,59.3821,0.41
01830131,Hallonbergen Mellan,17.96246,59.37492,0.172
01830132,Rissne kv. Batteriet m.fl.,17.93818,59.37361,0.088
01830133,Stora Ursvik Västra,17.94189,59.38625,0.21
01840101,1 Järvastaden S,17.98828,59.3817,0.323
01840102,2 Ritorp-Nya Ulriksdal,17.99958,59.3857,0.877
01840103,3 Kungshamra,18.02545,59.38208,0.07
01840104,4 Bergshamra Ö,18.04466,59.37926,0.519
01840105,5 Haga,18.03257,59.35945,4.418
01840106,6 Huvudsta Ingenting,18.00883,59.34987,0.394
01840107,7 Huvudsta SO - Västraskogen,18.00402,59.34424,1.374
01840108,8 Huvudsta S,17.99504,59.34821,0.2
01840109,9 Huvudsta Centrum Ö,17.99446,59.35118,0.175
01840110,10 Huvudsta N,17.99727,59.3533,0.164
01840111,11 Huvudsta V,17.98045,59.35178,0.133
01840112,12 Huvudsta SV,17.97242,59.35273,0.635
01840129,29 Frösunda N,18.01335,59.37372,0.16
01840131,31 Frösunda Centrum,18.01548,59.37002,0.244
01840132,32 Bergshamra N,18.03765,59.38239,0.221
01840133,33 Bergshamra S,18.0349,59.37588,0.896
01840134,34 Ulriksdal- Bergshamra,18.01608,59.38767,3.422
01840135,35 Huvudsta Ö,18.00056,59.34836,0.139
01840137,37 Agnesberg,17.99649,59.38128,0.167
01840138,38 Bagartorp,18.00485,59.37313,0.718
01840139,39 Huvudsta Centrum V,17.98656,59.35251,0.26
01840142,42 Järvastaden N,17.97725,59.38941,1.449
01840143,43 Ritorp S-Frösunda,18.0094,59.37569,0.184
01840144,44 Huvudsta pampasparken,18.00169,59.35161,0.108
01840146,46 Järvastaden V,17.98247,59.38225,0.059
01840213,13 Skytteholm SO,18.00554,59.35649,0.242
01840214,14 Skytteholm S,17.99246,59.35752,0.214
01840215,15 Solna Centrum,17.99974,59.35973,0.232
01840216,16 Skytteholm SV,17.98719,59.3573,0.121
01840217,17 Råsunda SV,17.97953,59.36018,0.377
01840218,18 Råsunda Centrum,17.99428,59.36357,0.114
01840219,19 Råsunda V,17.98413,59.3636,0.195
01840220,20 Råsunda Filmstaden,17.98175,59.36644,0.108
01840221,21 Råsunda N,17.99498,59.36816,0.214
01840222,22 Arenastaden,18.00147,59.37128,0.688
01840223,23 Råsunda SO,17.99713,59.36509,0.065
01840224,24 Råsunda Ö,18.00495,59.3635,0.123
01840225,25 Haga Norra,18.02105,59.36374,0.093
01840226,26 Hagalund NV,18.00882,59.36274,0.096
01840227,27 Rudviken Västravägen,18.00704,59.35993,0.166
01840228,28 Hagalund S,18.01321,59.35788,0.365
01840230,30 Frösunda S,18.01483,59.36705,0.315
01840236,36 Råsunda NV - Näckrosen,17.98767,59.36867,0.369
01840240,40 Skytteholm N,17.99082,59.36274,0.175
01840241,41 Råsunda NO,18.00417,59.36527,0.094
01840245,45 Hagalund N,18.01499,59.36306,0.089
01860101,Sticklinge N,18.10763,59.38802,1.908
01860102,Sticklinge S - Islinge,18.13879,59.38595,8.283
01860103,Näset V,18.14033,59.37396,0.224
01860104,Näset Ö,18.14895,59.3748,0.485
01860105,Bo - Björnbo,18.16393,59.37598,1.783
01860106,Rudboda V - Bosön,18.18235,59.37918,2.936
01860107,Rudboda Ö - Yttringe - Elfvik,18.24042,59.37076,12.633
01860108,Torsvik N - Hersby N,18.13131,59.36791,1.3
01860109,Torsvik S - centrum,18.11465,59.36392,0.694
01860110,Herserud,18.12307,59.35977,0.924
01860111,Hersby S,18.14763,59.36217,0.882
01860112,Baggeby,18.12669,59.35263,0.83
01860113,Bodal,18.13831,59.35086,0.284
01860114,Hersby SÖ - Mosstorp,18.15834,59.35837,0.998
01860115,Gångsätra V,18.15308,59.3535,0.184
01860116,Larsberg N,18.13608,59.34724,0.433
01860117,Larsberg S,18.14646,59.34455,0.425
01860118,Gångsätra Ö,18.15622,59.35082,1.053
01860119,Skärsätra,18.16743,59.34179,1.111
01860120,Stockby - Mölna V - Fjäderholmarna,18.1783,59.34674,5.191
01860121,Mölna Ö - Brevik V,18.19702,59.34292,2.133
01860122,Brevik Ö - Käppala S,18.21696,59.34734,1.892
01860123,Gåshaga,18.2284,59.35848,1.797
01860124,Ekholmsnäs - Killinge,18.19881,59.35735,2.158
01860125,Käppala N,18.22345,59.35309,0.309
01860126,Dalénum,18.15484,59.34144,0.514
01870101,Vaxön Öst-Tynningö,18.39002,59.37995,24.118
01870102,Vaxön Mitt,18.33938,59.40376,0.848
01870103,Vaxön Väst-Karlsudd,18.32302,59.39346,7.273
01870104,Resarö Väst,18.31314,59.42952,9.122
01870105,Resarö Öst,18.36133,59.42846,6.806
01870106,Rindö-Skarpö,18.39173,59.40677,12.203
01870107,Kullö-Eriksö-Bogesund,18.22366,59.40523,47.295
01880101,Norrtälje - Kvisthamra,18.72003,59.75256,2.409
01880102,Norrtälje - Flygfältet,18.69348,59.74763,1.043
01880103,Norrtälje - Grossgärdet - Nordrona,18.66811,59.7504,3.693
01880104,Norrtälje - Bryggården,18.68467,59.7589,0.586
01880105,Norrtälje - Övre Bryggårdsgärdet,18.6986,59.763,0.562
01880106,Norrtälje - Gransäter,18.72119,59.76325,0.791
01880107,Norrtälje - Grind,18.73214,59.76473,0.89
01880108,Norrtälje - Solbacka - Fågelsången,18.72378,59.77276,0.987
01880110,Norrtälje - Vigelsjö,18.67657,59.76448,1.428
01880111,Norrtälje - Stadskärnan,18.70299,59.75654,0.484
01880112,Norrtälje - Bältartorp,18.7104,59.76384,0.293
01880113,Norrtälje - Norra,18.69482,59.77354,2.953
01880114,Norrtälje - Norrtälje hamn,18.71148,59.75834,0.109
01880115,Norrtälje - Östra,18.75346,59.7741,6.729
01880201,Väddö Södra,19.14114,59.9423,841.767
01880301,Väddö Norra,18.92865,60.14149,632.79
01880302,Älmsta,18.76871,59.96562,60.307
01880501,Hallsta - Centrum,18.55812,60.05145,10.376
01880502,Hallsta - Norra,18.60611,60.06479,5.669
01880503,Herräng,18.67286,60.09462,101.521
01880504,Edebo och Häverö,18.47569,60.0538,205.362
01880801,Edsbro och Ununge,18.49626,59.88803,221.641
01880901,Fasterna,18.27235,59.79677,131.861
01881001,Rimbo - Bålbro-Västertorp,18.33382,59.75089,5.009
01881002,Rimbo - Centrum - Långsjö,18.28937,59.74913,10.287
01881003,Rimbo - Östra & Rö,18.36524,59.72005,61.244
01881004,Rimbo - Håsta-Vallby,18.37019,59.75192,3.405
01881101,Skederid och Husby-Sjuhundra,18.52214,59.74035,81.771
01881401,Gottröra och Närtuna,18.15976,59.74482,106.742
01881601,Lohärad - Malsta,18.53194,59.80029,60.465
01881801,Estuna,18.65627,59.81249,58.048
01881901,Söderbykarl,18.7369,59.91204,113.625
01882001,Roslags-Bro,18.79281,59.83662,124.176
01882101,Vätö,18.93134,59.81227,128.292
01882201,Rådmansö - Västra,18.90307,59.74208,43.97
01882202,Rådmansö - Östra,19.35544,59.73086,695.666
01882301,Frötuna - Östra,18.78223,59.7316,69.548
01882302,Frötuna - Västra,18.66709,59.72511,36.757
01882401,Blidö,19.63785,59.45345,1904.655
01882501,Bergshamra,18.69958,59.61769,71.551
01882502,Hysingsvik,18.72047,59.66405,144.563
01882601,Riala,18.48858,59.62725,112.704
01910101,Sjudargården-S:t Per,17.63799,59.64351,20.453
01910102,Centrala Sigtuna-Utsikten-Viken,17.73027,59.62177,0.979
01910103,Brännbo-Klockbacken,17.71638,59.61954,1.007
01910122,Norra Sigtuna-Prästängen,17.69421,59.65711,32.396
01910125,Stadsängarna-Ragvaldsbo,17.71573,59.62857,0.581
01910204,Munkholmen,17.73822,59.61234,3.865
01910205,Björkbacka-Charlottenberg-Til,17.75983,59.63539,4.611
01910226,Rävsta-Steningehöjden,17.76461,59.61768,10.806
01910605,Arenberga,17.84695,59.6304,0.577
01910606,Östra Norrbacka-Rolsta,17.85637,59.63699,0.803
01910607,Gamla Märsta,17.89601,59.62975,18.09
01910608,Sätuna,17.85726,59.62622,0.206
01910609,Norra Ekilla,17.84212,59.63707,1.674
01910610,Centrala Märsta,17.85139,59.62285,0.443
01910611,Sundveda-Södra Ekilla,17.83453,59.62613,0.731
01910612,Tingvalla,17.84381,59.62046,0.167
01910617,Odensala,17.86098,59.67183,56.656
01910624,Nymärsta,17.85495,59.61975,0.233
01910819,Norra Rosersberg-Skånela,17.95322,59.59336,52.433
01910820,Södra Rosersberg,17.84408,59.58395,23.956
01910918,Lunda-Skepptuna-Vidbo,18.04001,59.68913,110.974
01911213,Östra Valsta,17.83674,59.6165,0.393
01911214,Norra Valsta,17.82648,59.6225,0.728
01911215,Valsta Centrum,17.82859,59.61731,0.333
01911216,Östra Steninge,17.82183,59.61024,0.585
01911221,Västra Steninge,17.81205,59.61347,0.573
01911223,Södra Valsta,17.82492,59.61437,0.326
01911224,Steninge slottsby,17.79359,59.60238,7.563
01920101,Nynäshamn  1 Sandhamn,17.92269,58.87144,6.758
01920102,Nynäshamn  2 Estö Ö,17.94427,58.89297,1.365
01920103,Nynäshamn  3 Estö V,17.92301,58.89608,2.171
01920104,Nynäshamn  4 Centrala Nynäs,17.94397,58.90202,0.685
01920105,Nynäshamn  5 Gröndal,17.93523,58.90261,0.201
01920107,Nynäshamn  7 Via,17.98735,58.87998,25.477
01920108,Nynäshamn  8 Kullsta,17.94598,58.91003,0.369
01920109,Nynäshamn  9 Nicksta,17.9337,58.90985,0.858
01920110,Nynäshamn 10 Vaktberget,17.95998,58.91457,1.312
01920111,Nynäshamn 11 Hacktorp,17.93836,58.92491,19.015
01920218,Nynäshamn 18 Sorunda S,17.75458,58.91887,92.263
01920219,Nynäshamn 19 Mellersta Sorunda,17.8018,59.01341,38.511
01920220,Nynäshamn 20 Sorunda N,17.84829,59.06603,97.857
01920317,Nynäshamn 17 Torö,17.91338,58.69414,521.712
01920413,Nynäshamn 13 Ösmo V,17.88616,58.98689,1.248
01920414,Nynäshamn 14 Ösmo Ö,17.87248,58.98152,5.163
01920415,Nynäshamn 15 Ösmo S,18.01487,58.77266,445.016
01920416,Nynäshamn 16 Ösmo N,17.96995,59.02282,48.289
03050101,Mansängen - Draget,17.56301,59.5573,6.003
03050102,Skörby - Gillmarken,17.47583,59.56963,5.657
03050103,Västerängen - Åkerby,17.50223,59.56581,1.365
03050104,Råby - Frösunda,17.4863,59.52721,14.305
03050106,Väppeby äng - Kalmarsand,17.53617,59.55317,4.151
03050107,Väppebyberget - Viby äng,17.46486,59.55629,17.363
03050206,Gamla Bålsta - Pomona,17.52126,59.57265,0.554
03050207,Åsenområdet,17.52678,59.57972,2.81
03050309,Häggeby - Övergran,17.4862,59.64002,74.142
03050310,Krägga - Graneberg,17.43941,59.59849,23.736
03050410,Skokloster,17.58355,59.71098,37.363
03190106,Gårdskär,17.89433,60.7802,428.461
03190107,Östanån,17.49449,60.58331,39.09
03190108,Älvkarleö bruk - Marma,17.41486,60.53254,128.32
03190202,Jungfruholmen,17.42492,60.64084,9.779
03190204,Skutskärs Centrum,17.38552,60.64084,7.454
03190205,Boda,17.41054,60.61587,6.482
03303259,Lagga - Östuna,17.86278,59.76685,93.02
03303363,Vassunda,17.70725,59.72855,68.121
03303364,Norra Alsike,17.73772,59.75736,11.858
03303365,Vrå,17.77559,59.75492,1.216
03303366,Boängen,17.79879,59.75302,4.236
03303369,Sågen,17.78619,59.73063,0.269
03303566,Tallbacken,17.79867,59.72261,0.45
03303567,Östra Knivsta,17.80754,59.73133,2.239
03303568,Södra Knivsta,17.84646,59.70926,22.743
03303570,Västra Knivsta,17.77533,59.70647,11.525
03303571,Gredelby,17.78186,59.73667,2.264
03303775,Husby - Långhundra,18.02766,59.76945,78.852
03310101,Västerlövsta Västra - Enåker,16.79344,60.00358,168.034
03310102,Västerlövsta Östra - Huddunge,16.9624,59.98343,212.762
03310405,Morgongåva,17.02288,59.90302,129.271
03310508,Tärnsjö,16.93461,60.18342,351.65
03310609,Östervåla,17.27028,60.21756,180.109
03310711,Harbo,17.18143,60.0898,190.078
03600101,Vallskoga,17.54508,60.39863,99.619
03600102,Tierps köping södra,17.50592,60.34327,1.344
03600103,Tierps köping norra,17.5184,60.34901,1.877
03600104,Svanby,17.60114,60.32956,54.589
03600302,Örbyhus Sydväst,17.69271,60.21431,11.225
03600303,Örbyhus Nordost,17.73711,60.21434,26.428
03600305,Vendel,17.60237,60.1605,127.471
03600406,Tobo,17.70492,60.27546,125.284
03600508,Kyrkbyn,17.39998,60.3232,162.684
03600510,Månkarbo,17.44364,60.20874,141.635
03600611,Söderfors,17.27247,60.37537,143.225
03600713,Västland - Karlholm,17.59091,60.50283,200.89
03600817,Skärplinge,17.79411,60.43623,297.848
03600918,Hållnäs,18.08095,60.64867,1198.486
03800001,Fjärdingen-Vasaparken,17.62388,59.86072,0.129
03800002,Fjärdingen-Sankt Johannes,17.62745,59.85873,0.086
03800003,Fjärdingen-Odinslund,17.64162,59.84968,1.337
03800004,Luthagen östra,17.62732,59.86344,0.059
03800005,Fjärdingen-Orphei Drängars plats,17.62918,59.86155,0.091
03800006,Centrum-Linnéträdgården-Mikaelsplan,17.63488,59.86235,0.176
03800008,Centrum-Stora torget,17.63744,59.85949,0.199
03800009,Centrum södra,17.64576,59.85775,0.147
03800010,Centrum-Samariterhemmet,17.64668,59.8549,0.188
03800011,Höganäs västra,17.64129,59.86365,0.143
03800012,Centrum-Höganäs-Kvarnen,17.64633,59.86281,0.081
03800013,Fålhagen-Östra station,17.64991,59.85896,0.223
03800014,Kungsängen mellersta,17.65339,59.8504,0.041
03800015,Kungsängen södra,17.66088,59.84697,0.636
03800016,Kungsängen-Hovstallängen,17.65162,59.85265,0.114
03800017,Kungsängen västra,17.64955,59.84986,0.172
03800018,Kungsängen nordöstra,17.65464,59.85343,0.064
03800042,Svartbäcken södra,17.6299,59.86877,0.382
03800043,Svartbäcken-Fyrishov,17.61959,59.87227,0.315
03800044,Tuna backar,17.62146,59.87591,0.13
03800045,Bärby hage-Tunaberg,17.5901,59.8934,8.735
03800048,Svartbäcken norra,17.63004,59.87541,0.634
03800049,Kapellgärdet-Tornet,17.6377,59.86748,0.089
03800050,Kapellgärdet norra,17.638,59.87401,0.256
03800051,Kapellgärdet-Djäknegatan,17.64067,59.87079,0.128
03800052,Kapellgärdet-Väktargatan,17.64532,59.871,0.161
03800053,Kapellgärdet-Kantorsgatan,17.64415,59.87358,0.087
03800055,Höganäs östra,17.64535,59.86555,0.145
03800056,Kvarngärdet södra,17.65351,59.86757,0.239
03800057,Kvarngärdet norra,17.64913,59.86949,0.146
03800058,Gränby södra,17.66568,59.87661,0.887
03800059,Gränby norra-Brillinge,17.67954,59.8801,1.203
03800060,Gränby sydvästra,17.65648,59.87376,0.131
03800061,Gränby nordvästra,17.65542,59.87557,0.112
03800063,Löten östra,17.65261,59.87556,0.164
03800064,Löten norra,17.65059,59.88154,0.283
03800065,Löten västra,17.64456,59.8781,0.463
03800066,Nyby gård,17.63949,59.88386,0.275
03800067,Gamla Uppsala-Yrsaparken,17.63907,59.88826,0.53
03800068,Nyby södra,17.65786,59.88593,0.415
03800069,Nyby norra,17.65175,59.88839,0.244
03800070,Gamla Uppsala,17.64831,59.91432,16.977
03800091,Luthagen norra,17.6247,59.86484,0.121
03800092,Luthagen mellersta,17.61925,59.86312,0.129
03800093,Studentstaden-Observatoriet,17.62375,59.85592,0.483
03800094,Studentstaden-Rackarberget,17.61585,59.8571,0.11
03800095,Studentstaden-Studentvägen,17.61309,59.85456,0.119
03800096,Luthagen sydvästra,17.61502,59.8611,0.115
03800097,Luthagen-Tiundaskolan,17.61023,59.85983,0.244
03800098,Rickomberga,17.60464,59.85628,0.256
03800100,Luthagen-Seminariet,17.6194,59.86863,0.218
03800101,Luthagen-Eriksdal,17.61472,59.8652,0.216
03800102,Luthagen-Prästgårdsgatan,17.6062,59.86385,0.144
03800103,Husbyborg-Börjetull,17.58827,59.87682,3.389
03800104,Luthagen-Mimmi Ekholms plats-Hällby,17.59444,59.86195,2.852
03800105,Stenhagen norra,17.56605,59.85579,0.785
03800106,Stenhagen västra-Kvarnbo,17.55546,59.84879,1.835
03800108,Stenhagen södra,17.56466,59.85126,0.407
03800131,Fålhagen-S:t Göransplan,17.65085,59.86249,0.091
03800132,Fålhagen-Almtuna,17.65473,59.86003,0.09
03800133,Fålhagen norra,17.6595,59.86418,0.396
03800135,Fålhagen södra-Boländerna,17.67195,59.85351,3.042
03800138,Sala backe västra,17.66414,59.8688,0.163
03800139,Sala backe-Byggmästaren,17.66929,59.86525,0.185
03800140,Sala backe södra,17.67818,59.86115,0.281
03800141,Sala backe-Skomakarberget,17.66961,59.87026,0.124
03800142,Sala backe norra,17.67372,59.87306,0.131
03800143,Sala backe-Källparken,17.67474,59.86854,0.173
03800144,Sala backe-Östra Sala backe,17.67975,59.86768,0.179
03800145,Sala backe-Byggmästarparken,17.67688,59.86505,0.156
03800146,Årsta norra,17.68477,59.87496,0.776
03800147,Årsta mellersta,17.68384,59.86461,0.358
03800149,Årsta-Körveln,17.69255,59.86354,0.357
03800150,Årsta östra,17.69753,59.86984,0.951
03800151,Slavsta-Fyrislund,17.70311,59.85203,4.323
03800181,Ekeby,17.6095,59.84906,0.691
03800182,Berthåga-Flogsta Flogstavallen,17.57777,59.85729,1.273
03800183,Flogsta södra-Ekeby södra,17.60255,59.84827,0.444
03800184,Flogsta-Sernanders väg,17.59413,59.85009,0.183
03800186,Flogsta västra,17.58407,59.84959,0.209
03800187,Kåbo östra,17.63322,59.84751,0.615
03800188,Kåbo västra-Kungsgärdet,17.6235,59.84221,1.63
03800190,Eriksberg-Sommarro,17.61509,59.8437,0.174
03800191,Eriksberg-Västertorg,17.60331,59.84267,0.19
03800192,Eriksberg östra,17.61326,59.83948,0.435
03800193,Eriksberg-Marmorvägen,17.60818,59.83901,0.144
03800195,Norby östra,17.6232,59.82812,0.78
03800196,Norby västra,17.60758,59.82634,1.978
03800197,Eriksberg-Håga,17.57541,59.82806,7.202
03800221,Kungsängens gård-Vilan-Bergsbrunna,17.68792,59.82618,6.666
03800222,Nåntuna,17.67878,59.80807,3.403
03800225,Sävja nordvästra,17.69951,59.81511,0.259
03800226,Sävja nordöstra,17.70613,59.812,0.586
03800228,Sävja södra,17.69376,59.80844,0.396
03800241,Rosendal västra,17.62982,59.83171,0.291
03800243,Rosendal nordvästra,17.6326,59.83856,0.229
03800244,Rosendal nordöstra,17.63766,59.83888,0.032
03800245,Rosendal mellersta,17.63131,59.8355,0.099
03800246,Rosendal sydöstra,17.63786,59.83506,0.235
03800250,Ultuna-Ulleråker-Polacksbacken,17.65673,59.82508,4.058
03800251,Ulleråker södra,17.65175,59.82957,0.188
03800253,Bäcklösa norra,17.64464,59.8151,0.283
03800254,Bäcklösa södra,17.64378,59.80909,0.569
03800262,Valsätra norra,17.63632,59.82319,1.896
03800265,Valsätra-Spinnrocksvägen,17.62903,59.81667,0.258
03800266,Valsätra sydvästra,17.62368,59.81462,0.166
03800267,Gamla Gottsunda-Vårdsätra,17.61122,59.80338,4.216
03800268,Gottsunda norra,17.61834,59.81229,0.184
03800269,Gottsunda-Stenhammarsparken,17.62227,59.81057,0.132
03800270,Gottsunda Centrum,17.63133,59.80871,0.368
03800271,Gottsunda mellersta,17.62328,59.80689,0.216
03800272,Gottsunda östra,17.63543,59.80465,0.457
03800274,Sunnersta östra,17.66186,59.79814,1.62
03800275,Sunnersta norra,17.64321,59.80217,0.772
03800276,Sunnersta mellersta,17.64957,59.79388,0.763
03800277,Sunnersta södra,17.63449,59.78495,2.651
03800301,Björklinge västra,17.54425,60.03304,2.187
03800302,Björklinge östra,17.55836,60.0315,1.628
03800305,Björklinge glesbygd-Viksta västra,17.48644,60.08423,147.294
03800310,Tensta södra-Viksta östra,17.65218,60.06412,81.965
03800311,Skyttorp-Tensta norra-Lena norra,17.77968,60.06814,107.641
03800312,Vattholma tätort,17.73523,60.01606,2.088
03800321,Storvreta-Lyckebo,17.69218,59.95035,0.59
03800325,Storvretabygden-Fullerö hage,17.64135,59.96712,61.438
03800328,Storvreta norra,17.70095,59.96243,2.052
03800329,Storvreta mellersta,17.70626,59.95392,1.555
03800340,Börje-Vänge östra,17.51327,59.87773,62.258
03800342,Lövstalöt,17.58905,59.93917,27.107
03800343,Jumkil-Åkerby,17.34917,59.95839,91.673
03800344,Bälinge västra tätort,17.53285,59.9483,1.303
03800348,Bälinge glesbygd och östra tätort,17.48303,59.97063,41.534
03800349,Skuttunge-Åkerlänna,17.36209,60.05292,161.429
03800360,Lindbacken,17.7385,59.90894,1.105
03800361,Vaksala-Jälla-Skölsta,17.7263,59.90025,36.125
03800363,Gåvsta,17.89688,59.95513,31.544
03800367,Rasbokil-Södra Rasbobygden,17.85384,59.99388,158.02
03800368,Stavby-Tuna,18.02229,60.00006,123.934
03800381,Danmark-Kumla,17.75777,59.8192,47.751
03800382,Gunsta tätort,17.8318,59.85347,2.049
03800383,Funbo-Marielund,17.88416,59.85566,59.994
03800384,Länna,17.96513,59.86348,49.278
03800385,Almunge,18.09046,59.8759,120.114
03800389,Knutby-Faringe-Bladåker,18.23849,59.94914,318.84
03800401,Vreta Ytternäs-Bodarna-Uppsala Näs Ö,17.59295,59.78346,17.914
03800402,Dalby-Uppsala Näs västra-Västeråker,17.5323,59.78308,51.537
03800403,Balingsta-Ramsta-Hagby,17.43481,59.78325,68.738
03800404,Vänge tätort,17.43646,59.85778,0.811
03800408,Vänge västra-Skogstibble,17.31676,59.85913,146.371
03800409,Järlåsa-Skyttstennäs,17.19121,59.91499,111.296
03810105,Kryddgården,17.08171,59.63134,0.554
03810106,Munksundet,17.06571,59.62412,2.354
03810107,Västerleden S,17.06235,59.63801,0.621
03810108,S:t Ilian S,17.07428,59.6369,0.277
03810109,Bergvreten,17.11502,59.63162,1.609
03810110,Korsängen,17.09395,59.63471,1.069
03810111,Gånsta,17.11813,59.6198,4.805
03810112,Fanna,17.11836,59.64538,3.694
03810113,Åkersberg,17.12886,59.63577,1.501
03810114,Bredsand,17.07533,59.60115,10.217
03810120,S:t Ilian N,17.08402,59.64189,0.699
03810122,Enögla,17.06947,59.64364,0.623
03810123,Västerleden N,17.04452,59.64922,6.127
03810124,Romberga,17.10306,59.66393,9.772
03810127,Sparrsätra,16.95315,59.70423,110.067
03810225,Svinnegarn,16.99526,59.56299,105.177
03810526,Hummelsta,16.94882,59.63757,63.811
03810901,Lillkyrka,17.34142,59.50628,255.928
03811703,Grillby,17.33573,59.57171,90.335
03811804,Skolsta,17.25961,59.65622,112.257
03812128,Örsundsbro Ö,17.41006,59.70415,84.288
03812629,Örsundsbro V,17.27352,59.76086,130.766
03813132,Fjärdhundra,16.87592,59.78799,174.247
03813331,Torstuna,17.06944,59.78265,160.123
03820101,Östhammars centrum,18.38081,60.26114,1.684
03820118,Kristinelund - Boda,18.3599,60.25426,1.495
03820208,Norrskedika - Valö - Forsmark,18.13073,60.33391,410.979
03820403,Öregrund norra - Gräsö,18.71679,60.4948,2196.41
03820404,Öregrund södra - Söderön,18.53177,60.25151,188.718
03820405,Ed,18.32541,60.25659,24.581
03820606,Hargshamn - Boda,18.41405,60.15229,220.415
03820910,Alunda tätort,18.07694,60.06766,3.488
03820911,Alunda - Ekeby,18.11286,60.08871,227.024
03821113,Gimo Västra,18.11943,60.17678,35.757
03821114,Gimo - Hökhuvud - Vattensta,18.23617,60.19184,127.707
03821315,Österbybruk - Morkarla,17.97876,60.15635,102.97
03821316,Österbybruk - Dannemora - Film,17.89349,60.22778,193.472
04280101,Centrum,15.8808,59.04208,1.453
04280102,Norra,15.87858,59.05769,1.669
04280104,Södra,15.95382,59.00055,78.693
04280105,Högsjö,15.7474,59.03029,139.3
04280106,Baggetorp-Marmorbyn,16.07635,59.04083,58.375
04280201,Österåker,15.91774,59.11137,162.008
04610101,Freja,17.31266,59.04333,1.437
04610102,Dansut,17.28359,58.98718,113.632
04610103,Gnesta Centralt,17.29272,59.04668,0.893
04610104,Frönäs,17.27513,59.0998,47.473
04610305,Gåsinge-Dillnäs,17.13437,59.13682,155.19
04610406,Björnlunda,17.12791,59.04345,108.436
04610506,Gryt,16.96387,59.11142,113.758
04800001,Centrum,17.00617,58.7511,0.21
04800002,Väster,16.99887,58.75326,0.221
04800003,Nicolai,17.00719,58.75456,0.287
04800004,Stadsfjärden,17.01856,58.74556,1.676
04800005,Högbrunn,16.99303,58.75325,0.212
04800006,Arnö Långsätter,17.02344,58.72776,0.442
04800007,Arnö Herrhagen,17.03874,58.71639,14.392
04800008,Rosenhill,17.09051,58.72056,18.367
04800009,Oppeby,16.91963,58.78154,21.853
04800010,Oppeby gård,16.9924,58.76988,1.077
04800011,Alla Helgona,17.01982,58.75222,0.248
04800012,Öster,17.01058,58.75773,0.388
04800013,Isaksdal,17.02708,58.76258,0.765
04800014,Östra Brandkärr,17.01593,58.76417,0.498
04800015,Ekensberg,17.03709,58.7674,1.326
04800016,Västra Brandkärr,17.00674,58.76419,0.536
04800017,Östra Bergen,17.02678,58.75515,0.467
04800018,Stenkulla,17.04632,58.75911,0.789
04800019,Rosenkälla,17.036,58.75299,0.464
04800020,Brandholmen,17.05078,58.74274,1.963
04800021,Bryngelstorp,17.06763,58.75821,1.012
04800022,Ängstugan,17.0736,58.74866,3.517
04800023,Helgona,17.02473,58.80017,24.486
04800024,Hagalund,16.96399,58.80829,13.005
04800025,Svärta,17.53056,58.63829,627.437
04800026,Tystberga,17.24879,58.86505,203.471
04800027,Koppartorp,16.99522,58.63723,103.243
04800028,Nävekvarn,16.81289,58.6446,74.149
04800029,Bergshammar,16.91024,58.72374,32.992
04800030,Tuna,16.84038,58.7293,51.833
04800031,Lunda,16.72621,58.71667,81.345
04800032,Kila,16.51564,58.75161,166.704
04800033,Stigtomta Centrum,16.77674,58.80319,0.86
04800034,Stigtomta Ytterområde,16.79534,58.81534,145.879
04800035,Vrena,16.71194,58.8769,123.801
04800036,Råby-Ripsa,16.89862,58.9225,125.945
04800037,Runtuna,17.05759,58.92298,202.467
04800038,Folkungavägen,17.01818,58.74952,0.159
04800039,Bränn-Ekeby,16.96796,58.71499,28.055
04810101,Norra innerstaden,17.11058,58.67692,0.386
04810102,Södra innerstaden,17.13203,58.67747,5.102
04810103,Dalgången,17.37856,58.54137,712.492
04810104,Frösäng,17.09266,58.67923,1.426
04810105,Sunda,17.06908,58.67549,1.707
04810106,Peterslund,17.0566,58.68253,1.1
04810107,Danvik,17.18219,58.68622,27.413
04820101,Flens västra,16.55633,59.04231,20.811
04820102,Flens norra,16.59559,59.07136,5.057
04820103,Flens östra,16.69245,59.01842,66.358
04820104,Flens södra,16.57948,59.05365,0.928
04820105,Flens centrum,16.59387,59.05953,0.742
04820209,Helgesta-Hyltinge,16.83232,59.05699,181.982
04820507,Malmköping västra,16.65093,59.1552,80.715
04820508,Malmköping östra,16.80426,59.15635,141.877
04820705,Mellösa,16.56476,59.11407,89.444
04820706,Hälleforsnäs,16.51474,59.16752,34.097
04820810,Bettna,16.6863,58.95907,208.055
04830001,Gamla vattentornet,16.20354,58.99867,0.206
04830002,Norr city,16.21449,58.99853,0.28
04830003,Lövåsen,16.22898,59.01663,18.077
04830004,Lokstallarna,16.23632,58.99655,1.214
04830005,Öster,16.22059,58.98937,0.597
04830006,Centrum,16.2033,58.99522,0.524
04830007,Oppunda,16.20587,58.99041,0.398
04830008,Skogsborg,16.20072,58.98714,0.657
04830009,Duveholm,16.2005,58.96442,19.43
04830010,Laggarhult,16.249,58.98166,4.208
04830011,Nyhem,16.18076,58.99416,2.285
04830012,Nävertorp,16.18054,58.9837,1.206
04830013,Värmbol,16.07672,58.9697,77.073
04830014,Bie,16.23498,59.08587,139.942
04830015,Julita,16.05037,59.16791,238.786
04830016,Sköldinge-Floda,16.4123,59.09612,182.054
04830017,Valla,16.45226,58.98001,85.985
04830018,Forssjö,16.26449,58.92514,197.97
04830019,Björkvik,16.44393,58.8433,224.258
04840101,Eskilstuna Centrum Norra,16.51225,59.37258,0.344
04840102,Nyfors Centrum Västra,16.4989,59.3696,0.1
04840103,Nyfors Centrum Östra,16.50587,59.36844,0.089
04840104,Nyfors Östra,16.50963,59.36455,0.309
04840106,Övre Nyfors,16.50036,59.36525,0.333
04840107,Västermalm - Brunnsbacken,16.50393,59.35977,0.272
04840108,Västermalm - Myrtorp,16.49134,59.36027,0.466
04840109,Fröslunda-Tallåsparken,16.5024,59.35408,0.561
04840110,Fröslunda-Björkhultsvägen,16.48436,59.34648,2.636
04840111,Råbergstorp - Lagersberg,16.47324,59.35326,0.864
04840112,Tunavallen,16.4905,59.36977,0.726
04840113,Lundby - Gredby,16.47988,59.37466,1.036
04840114,Ekeby - Brottsta,16.42211,59.37125,20.107
04840115,Stenby,16.47332,59.36146,1.949
04840116,Mesta,16.45301,59.34527,3.694
04840117,Gamla Staden,16.52127,59.36947,0.19
04840118,Slottsbacken,16.52639,59.37454,0.191
04840119,Stadsparken Östra,16.51969,59.37514,0.188
04840120,Ekbacken,16.51772,59.37944,0.199
04840121,Eskilshem - Röksta,16.53268,59.38031,0.801
04840122,Årby,16.51678,59.38397,0.743
04840124,Munktellstaden - Valhalla,16.47666,59.38442,2.305
04840125,Ärna,16.48084,59.39914,1.76
04840126,Måsta - Helgestahill,16.50866,59.39813,3.252
04840127,Slagsta,16.48306,59.39398,1.045
04840128,Ärsta - Sal - Skiftinge Norra,16.54381,59.39449,5.033
04840129,Skiftinge Södra,16.54003,59.38799,1.049
04840130,Östermalm,16.54197,59.37493,1.738
04840131,Hisingsbacke,16.52881,59.37064,0.328
04840132,Sveaplan - Sjukhusområdet,16.53209,59.36367,0.488
04840134,Eskilsparken,16.5215,59.36364,0.222
04840135,Söderängsparken,16.52634,59.36033,0.286
04840136,Lustigbacke,16.51454,59.36221,0.178
04840137,Snopptorp - Skogsängen Västra,16.51458,59.34537,4.73
04840138,Viptorp - Skogsängen Östra,16.54218,59.34846,2.989
04840139,Odlaren - Hagnestahill,16.58868,59.36676,23.612
04840140,Solvik - Kogne - Roxnäs,16.44771,59.41681,11.903
04840141,Krusgården,16.47811,59.4246,0.559
04840142,Göksten,16.47764,59.41454,1.492
04840143,Torshälla Centrum och Gamla staden,16.4661,59.42269,0.905
04840144,Edvardslund - Haga,16.50018,59.41909,4.522
04840145,Kjula,16.68771,59.34448,72.11
04840146,Barva - Jäder,16.78738,59.37899,131.077
04840147,Hammarby - Vallby,16.54311,59.43181,41.728
04840148,Hällbybrunn Södra - Råby-Rekarne,16.32769,59.38235,34.01
04840149,Hällbybrunn Norra,16.41688,59.40305,7.513
04840150,Kvicksund,16.32445,59.42963,55.557
04840151,Gillberga - Lista,16.31091,59.31042,107.107
04840152,Öja - Västermo,16.05202,59.28343,233.386
04840153,Näshulta,16.29776,59.21113,140.97
04840154,Skogstorp Norra,16.47606,59.32893,4.617
04840155,Skogstorp Södra,16.45613,59.31405,6.6
04840156,Hållsta,16.47108,59.25317,85.745
04840157,Hällberga,16.58096,59.31081,53.26
04840158,Ärla,16.68895,59.25779,136.025
04840159,Borsökna Västra,16.41058,59.34097,5.339
04840160,Eskilstuna Centrum Södra och Väster,16.49997,59.37559,1.545
04840161,Sundbyholm,16.61441,59.4385,20.223
04840162,Mälarbaden - Mälby - Ängsholmen,16.45055,59.45249,13.347
04840164,Borsökna Östra,16.43997,59.33783,2.03
04840165,Stadsparken Västra,16.51512,59.37601,0.143
04860101,Eldsund-Tingstuhöjden,16.99167,59.38535,9.538
04860102,Ulvhäll-Långberget,17.03191,59.36452,1.059
04860103,Tallåsen-Sörgärdet,17.0172,59.37403,0.473
04860104,Kyrkberget-Kvarnbacken,17.03662,59.37511,1.254
04860105,Stadsskogen,17.01443,59.37148,0.811
04860106,Finninge,16.99982,59.36632,2.281
04860107,Dammen-Malmby-Löt,17.04583,59.34717,47.081
04860108,Strängnäs centrum,17.02676,59.37506,0.145
04860109,Stavlund -Södra Tosterö,17.06265,59.39073,7.957
04860110,Norra Tosterö - Aspö,17.02225,59.46075,109.932
04860111,Storgärdet-Sidöparken,17.0203,59.38283,0.882
04860112,Abborrberget - Sundby,17.04877,59.37846,2.252
04860401,Mariefred C,17.2089,59.25802,4.76
04860402,Öster-Ekhov-Kalkudden,17.28694,59.28085,22.273
04860403,Slottsbrinken-Viggeby,17.21123,59.27929,11.145
04860404,Marielund-Hedlandet,17.2165,59.23826,40.364
04860501,Länna,16.92425,59.27432,97.18
04860601,Åker S,17.07074,59.21633,77.867
04860602,Åker N,17.08357,59.28532,50.569
04860701,Toresund,17.24421,59.32414,95.933
04860801,Ytterselö-Överselö,17.20926,59.41916,188.851
04861301,Härad,16.90338,59.34203,69.547
04861401,Vårfruberga,16.86058,59.43335,137.823
04880101,Trosa sydost,17.59952,58.89898,17.829
04880102,Trosa sydväst,17.73314,58.68548,340.811
04880103,Trosa södra,17.57216,58.88661,5.477
04880104,Trosa centrum,17.55,58.89821,0.373
04880105,Trosa nordväst,17.51647,58.9055,10.571
04880106,Trosa norra,17.55864,58.91213,2.296
04880201,Vagnhärad norra,17.44713,58.96657,28.751
04880202,Vagnhärad södra,17.55325,58.93083,20.83
04880203,Vagnhärad västra,17.47249,58.93985,2.745
04880204,Vagnhärad östra,17.51998,58.96147,13.422
04880301,Västerljung,17.56924,58.76369,225.056
05090401,Alvastra,14.66864,58.28859,249.973
05090501,Ödeshög,14.65204,58.22831,3.253
05090601,Holaveden,14.6547,58.17544,418.866
05120501,Österbymo-Norra Vi-Rydsnäs-Svinhult,15.29983,57.83399,530.392
05120601,Hestra-Asby,15.15579,57.94012,251.623
05130201,Kisa samhälle,15.63071,57.99103,3.954
05130202,Kisa västra,15.53304,58.00917,158.714
05130203,Kisa sydöstra,15.67744,57.95538,354.406
05130401,Horn-Hycklinge-Björkfors,15.93281,57.97402,486.272
05130901,Rimforsa S,15.69601,58.10386,167.39
05130902,Rimforsa N,15.81911,58.1448,136.992
05600201,Boxholm Östra-Malexander-Blåvik,15.18197,58.08678,317.11
05600202,Boxholm Västra m fl,14.95993,58.18459,74.888
05600401,Strålsnäs-Åsbo-Ekeby-Rinna,15.14017,58.21864,214.539
05610301,Åtvidabergs centrum 1,15.99709,58.19543,2.117
05610302,Åtvidabergs centrum 2,15.94054,58.22326,15.369
05610303,Åtvidaberg syd,16.15247,58.16687,395.156
05610304,Åtvidaberg öst,16.18348,58.25122,156.0
05610305,Åtvidaberg nord,15.98887,58.30043,215.135
05620101,Centrum,15.76369,58.71262,1.468
05620102,Bergska,15.75966,58.70577,0.591
05620103,Svälthagen,15.69938,58.70085,10.039
05620105,Viggestorp,15.73115,58.66661,37.649
05620106,Östermalm,15.73024,58.73642,26.558
05620108,Storängen,15.79841,58.70538,0.871
05620109,Grosvad,15.81296,58.71882,3.01
05620110,Lotorp,15.84093,58.76263,97.272
05620111,Hårstorp Södra,15.88598,58.66119,65.405
05620112,Hårstorp Norra,15.93163,58.71468,45.15
05620113,Nyhem,15.7784,58.6837,7.266
05620205,Grytgöl-Ljusfallshammar,15.54831,58.8143,124.027
05620206,Hällestad-Sonstorp,15.58459,58.70464,208.646
05620301,Regna,15.66395,58.89905,200.221
05620402,Rejmyre,15.98372,58.80251,141.513
05620404,Hävla,15.93536,58.91869,250.962
05630101,Valdemarsvik 1,16.58415,58.20244,7.877
05630102,Valdemarsvik 2,16.62534,58.20244,6.762
05630201,Ringarum,16.4093,58.32299,166.569
05630202,Gusum,16.55721,58.25581,148.26
05630401,Gryt,17.07229,58.1551,1383.377
05630501,Tryserum-Östra Ed,16.67276,58.0998,347.234
05800101,Domkyrko 1 (Nedre Vasastaden V),15.61766,58.41661,0.152
05800102,Domkyrko 2 (Hunneberg),15.61074,58.4126,0.185
05800103,Domkyrko 3 (Övre Vasastaden Ö),15.61108,58.41644,0.148
05800104,Domkyrko 4 (Övre Vasastaden V),15.60512,58.41736,0.382
05800105,Domkyrko 5 (Nedre Vasastaden Ö),15.62195,58.41691,0.118
05800106,Domkyrko 6 (Kanberget mfl),15.6129,58.40553,0.215
05800107,Domkyrko 7 (Innerstaden S),15.6212,58.40665,0.29
05800108,Domkyrko 8 (Ekkällan-Stolplyckan),15.61772,58.40105,0.55
05800109,Domkyrko 9 (Gottfridsberg NO),15.60204,58.41333,0.118
05800110,Domkyrko 10 (Gottfridsberg SO),15.60357,58.41021,0.321
05800111,Domkyrko 11 (Fridhem),15.59315,58.4103,0.296
05800112,Domkyrko 12 (Barhäll-Tornhagen),15.59178,58.4162,0.432
05800113,Domkyrko 13 (Åbylund),15.59472,58.4181,0.308
05800114,Domkyrko 14 (Valla),15.59095,58.40344,0.478
05800115,Domkyrko 15 (T1 N),15.60716,58.40513,0.221
05800116,Domkyrko 16 (T1 S),15.60427,58.40037,0.313
05800117,Domkyrko 17 (Innerstaden N),15.61725,58.41136,0.369
05800118,Domkyrko 18 (Övre Vasastaden N),15.61259,58.42018,0.193
05800119,Domkyrko 19 (Folkets Park),15.58751,58.40678,0.434
05800120,Domkyrko 20 (Vallastaden N),15.58315,58.39711,1.883
05800121,Domkyrko 21 (Vallastaden S),15.58866,58.39058,0.378
05800122,Domkyrko 22 (Ebbe Park),15.60391,58.4037,0.123
05800201,S:t Lars 1 (Innerstaden NO),15.62696,58.41356,0.221
05800202,S:t Lars 2 (Innerstaden Ö),15.62728,58.40948,0.154
05800203,S:t Lars 3 (Hejdegården),15.64093,58.40158,0.406
05800204,S:t Lars 4 (Kungsberget V mfl),15.63774,58.40891,0.249
05800205,S:t Lars 5 (Kungsberget-Tannefors N),15.64358,58.40805,0.331
05800206,S:t Lars 6 (Råberga-Tannefors S),15.67011,58.41045,12.189
05800207,S:t Lars 7 (Innerstaden SO),15.62927,58.40586,0.204
05800208,S:t Lars 8 (Stångån V),15.63369,58.40748,0.123
05800301,Landeryd 1 (Hackefors mfl),15.74222,58.36726,18.027
05800302,Landeryd 2 (Ekholmen NO mfl),15.68132,58.38526,0.504
05800303,Landeryd 3 (Kvinneby mfl),15.69167,58.38139,0.791
05800304,Landeryd 4 (Ekholmen NV),15.66804,58.38219,0.758
05800305,Landeryd 5 (Ekholmen SO),15.68198,58.37733,0.552
05800306,Landeryd 6 (Hjulsbro mellersta),15.70113,58.37663,0.896
05800307,Landeryd 7 (Ekholmen SV),15.66973,58.37645,0.466
05800308,Landeryd 8 (Ullstämma),15.67578,58.3576,7.858
05800309,Landeryd 9 (Möjetorp-Holmen),15.71553,58.35986,4.777
05800401,Slaka 1 (Lambohov C),15.56499,58.38795,0.235
05800402,Slaka 2 (Lambohov Ö),15.57624,58.38225,0.533
05800403,Slaka 3 (Slaka-Lilla Mjärdevi),15.55292,58.36028,31.739
05800404,Slaka 4 (Lambohov S),15.56885,58.3782,0.533
05800405,Slaka 5 (Lambohov N),15.5678,58.38578,0.419
05800501,Kärna 1 (Malmslätt SO mfl),15.52967,58.41014,20.163
05800502,Kärna 2 (Malmslätt mellersta),15.51655,58.41673,0.693
05800503,Kärna 3 (Tokarp),15.5126,58.42617,1.295
05800504,Kärna 4 (Malmslätt V),15.48897,58.41462,5.075
05800601,Kaga-Ledberg,15.55597,58.45374,31.922
05800801,Vist 1 (Vist-Sturefors S),15.73511,58.28935,88.336
05800802,Vist 2 (Sturefors N),15.72387,58.34157,1.743
05800901,Vårdnäs,15.73321,58.21828,82.35
05801001,Skeda,15.59908,58.27048,106.392
05801101,Nykil-Gammalkil,15.43723,58.29139,88.558
05801201,Ulrika,15.4582,58.16226,229.034
05801401,Sjögestad,15.36986,58.36155,20.715
05801501,Västerlösa-Björkeberg,15.35744,58.42786,41.046
05801701,Rappestad (Rappestad-Vikingstad N),15.41562,58.40672,23.998
05801801,Vikingstad (Vikingstad S),15.44702,58.35642,36.282
05801901,Vreta Kloster 1 Berg-Vreta Kloster S,15.49508,58.47087,32.878
05801902,Vreta Kloster 2 Ljungsbro-Vreta Kl N,15.51952,58.51945,11.539
05801903,Vreta Kloster 3 (Ljungsbro Ö),15.51825,58.50223,2.993
05801904,Vreta Kloster 4 (Ljungsbro S),15.47396,58.49841,4.724
05801905,Vreta Kloster 5 (Ljungsbro V),15.48893,58.50771,1.384
05802001,Flistad-Ljung,15.43705,58.55503,115.462
05802201,Stjärnorp,15.5916,58.56373,146.838
05802401,Östra Harg-Rystad 1 (Ö Harg-Rystad),15.71963,58.47443,75.456
05802402,Rystad 2 (Tallboda V),15.71622,58.42785,4.936
05802403,Rystad 3 (Tallboda Ö),15.73781,58.44005,6.139
05802404,Rystad 4 (Ekängen),15.62584,58.47243,5.294
05802501,Törnevalla (Linghem Ö),15.81342,58.4452,22.782
05802701,Lillkyrka-Gistad-Ö Skrukeby,15.88908,58.47287,68.935
05802901,Örtomta-Askeby,15.94226,58.39432,83.067
05803101,Bankekind,15.85322,58.36145,57.905
05803201,Vårdsberg (Linghem S),15.75201,58.39978,27.55
05803301,Berga 1 (Ramshäll),15.63088,58.39903,0.572
05803302,Berga 2 (Berga NO),15.64259,58.39166,0.272
05803303,Berga 3 (Berga NV),15.63386,58.39344,0.232
05803304,Berga 4 (Berga SO),15.64825,58.38688,0.596
05803305,Berga 5 (Vidingsjö N),15.6471,58.38078,0.935
05803306,Berga 6 (Berga SV),15.63432,58.38711,0.72
05803307,Berga 7 (Vidingsjö S),15.64927,58.37607,0.496
05803308,Berga 8 (Haninge mfl),15.6292,58.36429,17.699
05803309,Berga 9 (Hagaberg),15.61488,58.39554,0.55
05803310,Berga 10 (Södra Ekkällan N),15.62387,58.39459,0.14
05803311,Berga 11 (Södra Ekkällan S),15.62687,58.39249,0.223
05803401,Johannelund 1 (Vimanshäll),15.64562,58.39761,0.388
05803402,Johannelund 2 (Johannelund NV),15.657,58.39529,0.235
05803403,Johannelund 3 (Johannelund NO),15.67023,58.39728,0.418
05803404,Johannelund 4 (Ånestad),15.65389,58.39001,0.693
05803405,Johannelund 5 (Johannelund SV),15.66258,58.39228,0.44
05803406,Johannelund 6 (Johannelund SO),15.67412,58.39104,0.651
05803501,Skäggetorp 1 (Skäggetorp C),15.58244,58.42805,0.201
05803502,Skäggetorp 2 (Nygård),15.58639,58.42436,0.356
05803503,Skäggetorp 3 (Skäggetorp SV),15.57659,58.42338,0.401
05803504,Skäggetorp 4 (Skäggetorp V),15.5714,58.42842,0.189
05803505,Skäggetorp 5 (Tornby-Skäggetorp N),15.5975,58.43946,10.642
05803601,Ryd 1 (Ryd N),15.56035,58.41653,0.553
05803602,Ryd 2 (Ryd SO),15.57116,58.40706,0.305
05803603,Ryd 3 (Ryd SV),15.55639,58.40817,0.525
05803604,Ryd 4 (Ryd NO),15.57597,58.41359,1.728
05803605,Ryd 5 (Ryd mellersta),15.56158,58.41138,0.108
05810104,Hultdalen-Skriketorp,16.14805,58.67859,26.553
05810105,Jursla,16.10253,58.67334,30.21
05810106,Åbymo,16.17066,58.66961,0.846
05810107,Åby Östra,16.23144,58.6802,59.094
05810108,Torshag-Simonstorp,16.1729,58.76158,181.737
05810111,Hallberga-Fyrby,16.09786,58.60604,9.584
05810112,Pryssgården,16.13694,58.60009,2.435
05810113,Eneby Centrum,16.14425,58.60587,0.259
05810114,Karlshov-Sandbyhov,16.15604,58.60476,0.483
05810115,Taborsberg,16.15431,58.6015,0.307
05810123,Saltängen-Nya torget,16.20875,58.61374,11.319
05810124,Lagerlunda-Herstadberg,16.16103,58.61297,5.8
05810125,Strömparken-G:a Rådstugugatan,16.18567,58.58979,0.15
05810126,Rosen-Gamla staden,16.18924,58.59066,0.2
05810129,Djäknepark,16.19711,58.58807,0.111
05810131,Söder Tull,16.19178,58.5858,0.162
05810134,Såpkullen,16.17675,58.58353,0.244
05810201,Kvarnberget-Tingstad,16.27436,58.53549,22.696
05810203,Mamre,16.21025,58.56661,0.615
05810204,Vrinnevi-Klingsborg,16.19349,58.57345,0.31
05810205,Portlåset,16.20164,58.57465,0.203
05810206,Hageby Centrum,16.21143,58.57122,0.228
05810207,Smedby,16.22597,58.57737,1.771
05810208,Brånnestad,16.22871,58.564,1.819
05810211,Ljunga,16.32885,58.59087,72.01
05810212,Kuddby,16.44875,58.5226,186.701
05810213,Östra Husby,16.58313,58.59309,141.397
05810214,Kättinge,16.89862,58.50584,571.498
05810217,Berga-Långtorp,16.26392,58.59973,9.209
05810218,Ljura,16.20444,58.5814,0.43
05810219,Sankt Johannes,16.19619,58.5779,0.223
05810220,Klingsberg,16.18426,58.57831,0.496
05810223,Kneippen,16.15562,58.58375,0.474
05810224,Skarphagen,16.14429,58.57257,1.235
05810225,Björkalund-Kårtorp,16.17586,58.54409,24.726
05810231,Borg,16.06496,58.55937,60.338
05810232,Kullerstad-Vickelby,15.97343,58.58854,21.593
05810233,Mosstorp,15.90892,58.5881,23.68
05810234,Vånga,15.76466,58.58486,159.032
05810235,Kimstad,15.91691,58.54251,44.304
05810236,Norsholm-Skärkind,16.00267,58.47937,88.234
05810237,Kärrhagen-Kättsätter,16.15813,58.56844,1.001
05810238,Atriumhusen,16.21762,58.56215,0.378
05810239,Ringdansen,16.22877,58.5554,0.844
05810240,Vasaparken-Ljurafältet,16.19514,58.5814,0.252
05810241,Vidablick,16.15421,58.60886,0.175
05810242,Söderporten,16.20506,58.57097,0.139
05810243,Porten,16.20792,58.57677,0.269
05810301,Kolmården Västra,16.32584,58.71652,58.798
05810302,Kolmården Östra,16.55311,58.6573,133.762
05810401,Krokek Södra,16.373,58.66523,2.106
05810402,Krokek Norra,16.37227,58.68025,1.782
05810501,Svärtinge Mellersta,16.0175,58.65422,2.15
05810502,Svärtinge Västra,15.96769,58.65824,6.343
05810503,Svärtinge Östra,16.05122,58.66004,58.107
05810601,Haga Södra,16.15711,58.59806,0.185
05810602,Haga Norra,16.16369,58.60218,0.168
05810701,Marielund Mellersta,16.16819,58.60002,0.258
05810702,Marielund Västra,16.16281,58.5978,0.164
05810703,Marielund Södra,16.16411,58.59164,0.854
05810801,Nordantill Nordväst,16.17538,58.59312,0.061
05810802,Nordantill Nordost,16.181,58.59393,0.156
05810803,Nordantill Sydväst,16.17542,58.59008,0.141
05810804,Nordantill Sydost,16.18202,58.59081,0.106
05810901,Östantill Östra,16.19598,58.59202,0.087
05810902,Östantill Västra,16.19343,58.59048,0.068
05811001,Oxelbergen Norra,16.22343,58.5971,3.038
05811002,Oxelbergen Södra,16.20225,58.58637,0.25
05811101,Söderstaden Östra,16.18966,58.58204,0.171
05811102,Söderstaden Västra,16.1824,58.58141,0.145
05811201,Berget Norra,16.17919,58.58804,0.178
05811202,Berget Västra,16.1745,58.58618,0.107
05811203,Berget Östra,16.18307,58.58531,0.118
05811301,Rambodal Södra,16.24154,58.56557,1.001
05811302,Rambodal Norra,16.28229,58.56075,14.586
05811401,Lindö Östra,16.25708,58.61255,2.217
05811402,Lindö Västra,16.24444,58.60787,0.895
05811501,Ektorp Södra,16.17558,58.57711,0.374
05811502,Strömbacken-Ektorp,16.16615,58.58337,0.593
05811503,Ektorp Centrum,16.17043,58.57963,0.189
05811601,Vilbergen Norra,16.17403,58.57294,0.25
05811602,Vilbergen Södra,16.17273,58.56854,0.306
05811603,Vilbergen Västra,16.16669,58.57052,0.24
05811701,Klockaretorpet Östra,16.146,58.57946,0.618
05811702,Klockaretorpet Norra,16.12594,58.57742,0.546
05811703,Klockaretorpet Södra,16.13339,58.57591,0.362
05820101,S:t Laurentii,16.31528,58.49027,3.009
05820102,Bossgård,16.32523,58.47708,1.013
05820103,Alboga,16.32291,58.4709,0.883
05820201,Drothem,16.27271,58.45386,92.612
05820301,Skönberga,16.39371,58.42247,55.582
05820401,Västra Husby-Gårdeby,16.15394,58.46574,88.47
05820601,Östra Ryd,16.1638,58.37657,126.74
05820701,Skällvik-Mogata,16.57501,58.40932,171.639
05820801,Sankt Anna-Börrum,17.1191,58.3628,792.219
05830101,Bispmotala,15.02475,58.53368,0.633
05830102,Centrum,15.04886,58.53728,1.102
05830103,Hyddmarken,15.01163,58.53482,1.619
05830104,Marieberg -Västra,14.97368,58.54275,10.546
05830105,Östermalm,15.05369,58.54473,1.174
05830106,Bergsätter,15.04721,58.57196,8.755
05830107,Borenshult,15.09164,58.59089,49.479
05830108,Bråstorp,15.00382,58.56893,8.555
05830109,Söder,15.02805,58.52001,6.692
05830110,Ekenäs,15.08718,58.54869,2.91
05830111,Charlottenborg,15.07921,58.53452,2.649
05830112,Holm,15.09824,58.5322,16.54
05830113,Mossen,15.0242,58.54005,0.582
05830114,Samuelsberg,15.03205,58.54247,0.553
05830115,Ekön,15.04005,58.54381,0.754
05830116,Brunnsvik,15.02417,58.55058,1.146
05830117,Marieberg-Östra,15.00423,58.54258,1.069
05830301,Nykyrka,14.87158,58.59926,336.045
05830401,Godegård,15.20584,58.76451,209.57
05830601,Borensberg Västra - Kristberg,15.22872,58.61472,101.824
05830602,Borensberg Östra,15.3209,58.55068,66.178
05830801,Fornåsa - Österstad,15.20753,58.50321,122.562
05832201,Tjällmo,15.37292,58.72149,241.046
05832301,Fågelsta,15.08358,58.47187,80.478
05840101,Innerstaden,14.87889,58.44523,3.498
05840102,"Kvissberg, Borgmästarområdet mfl",14.93682,58.44966,6.063
05840103,Gamla Söder-Nya Söder-Hertigen mfl,14.90358,58.4286,10.594
05840105,"Birgitta, Haga, Hagebyhöga, Hov mfl",14.9632,58.43961,101.358
05840301,"Borghamn, Skedet, Rogslösa mfl",14.73072,58.42337,293.603
05860101,Dacke-Egebybacken,15.12502,58.33111,0.668
05860102,Västra Lundby,15.10765,58.31783,1.432
05860103,Slomarp-Egeby-Prästgårdsliden,15.139,58.33819,2.519
05860104,Östra Lundby mfl,15.15111,58.30312,51.177
05860105,Norrgården-Albacken mfl,15.16737,58.32817,2.977
05860106,Vasastaden,15.14389,58.32428,0.671
05860107,Eldslösa,15.14228,58.31622,1.099
05860108,Lagman,15.1379,58.32087,0.343
05860201,Högby,15.0882,58.33872,33.484
05860301,Västra Lund-Trojenborg,15.07211,58.40176,3.284
05860302,Skänninge landsbygd,15.01759,58.39443,65.688
05860303,Skänninge centrum-Hattorp,15.0943,58.38433,5.112
05860701,Normlösa mfl,15.24482,58.41361,71.912
05861001,Väderstad-Appuna-Hogstad-Kumla,14.96043,58.31469,93.034
05861401,Sya-Västra Harg-Östra Tollstad,15.28977,58.24284,184.487
05861701,Viby,15.31512,58.37154,20.844
05861801,Veta,15.2542,58.36285,15.753
05861901,Mantorps centrum mfl,15.28443,58.35789,5.298
06040103,Aneby Västra,14.65503,57.88017,300.633
06040202,Aneby Södra,14.90326,57.82821,30.655
06040301,Aneby Östra,15.00263,57.83409,225.028
06170202,Åsenhöga-Källeryd,13.75396,57.41228,203.111
06170303,Kävsjö,13.93148,57.31981,109.855
06170404,Kulltorp,13.79679,57.28083,84.676
06170501,Gnosjö Norra,13.72992,57.36955,3.484
06170502,Gnosjö Östra,13.79198,57.33909,30.248
06170503,Gnosjö Västra,13.70555,57.32947,20.639
06420103,Sandhem-Utvängstorp,13.82277,57.98998,130.481
06420301,Mullsjö västra,13.86026,57.93682,7.908
06420302,Mullsjö östra,13.89137,57.93684,7.121
06420304,Mullsjö södra-Bjurbäck,13.81289,57.88738,66.472
06430101,Bränninge,14.07151,57.89967,2.171
06430102,Centrum-Gunnarsbo,14.02727,57.91895,12.725
06430104,Kyrkbyn-Furusjö,13.9614,57.89301,123.002
06430105,Gustav Adolf-Brandstorp,14.15374,58.03194,281.514
06430107,Kärr,14.15445,57.91791,24.046
06430108,Kråkeryd-Mölekullen,14.09292,57.92159,2.897
06430110,Kärnekulla-Sjogarp,14.09661,57.8791,17.938
06620101,Gislaved  C,13.54709,57.3107,1.566
06620102,Gullvivan,13.53501,57.30829,1.017
06620103,Lundåker,13.52364,57.29949,2.365
06620104,Sörgården,13.5222,57.26653,8.051
06620105,Henja,13.56854,57.30378,1.978
06620106,Gyllenfors-Hult,13.58449,57.30599,14.966
06620107,Våthult-Bosebo-Båraryd,13.46931,57.33434,144.624
06620408,Anderstorp C,13.64768,57.27707,1.44
06620409,Anderstorp N,13.63414,57.30999,48.385
06620410,Anderstorp S,13.65238,57.25287,28.992
06620913,Smålandsstenar C,13.39625,57.1567,1.454
06620914,Smålandsstenar V,13.3945,57.20981,109.807
06620915,Smålandsstenar Ö,13.44401,57.16909,55.807
06621017,Burseryd-Sandvik,13.2584,57.20855,122.149
06621218,Gryteryd-Södra Hestra,13.18318,57.09995,135.484
06621419,Ås-Kållerstad,13.66054,57.06977,159.423
06621620,Reftele,13.57369,57.18236,149.154
06621621,Norra Hestra,13.75326,57.50163,239.469
06650101,Vaggeryd västra,14.10689,57.49121,16.402
06650102,Vaggeryd norra,14.14406,57.50378,3.38
06650103,Vaggeryd östra,14.18525,57.50259,17.441
06650104,Byarum-Bondstorp,14.05744,57.56539,289.65
06650305,Västra Skillingaryd-Tofteryd,14.19143,57.42381,118.592
06650306,Skillingaryd östra,14.11276,57.42586,8.906
06650509,Åker-Hagshult,13.98839,57.39647,228.589
06650610,Hok-Svenarum,14.30517,57.46103,178.931
06800120,Samset-Sveahäll,14.1103,57.77913,2.994
06800121,Sofia,14.15792,57.77978,0.107
06800125,Mariebo,14.08987,57.75825,14.125
06800126,Centrum V,14.16567,57.78967,0.794
06800127,Söder,14.15472,57.77765,0.1
06800128,Västra Torget,14.15994,57.78984,0.631
06800129,Friaredalen,14.15059,57.77469,0.168
06800130,Munksjö,14.1614,57.77488,0.429
06800131,Torpa Ö,14.15108,57.77041,0.187
06800132,Torpa V,14.14284,57.77378,0.431
06800133,Tokarp,14.13063,57.75506,1.155
06800134,Gräshagen-Torpa,14.1424,57.76624,0.568
06800135,Bäckalyckan,14.14777,57.78186,0.545
06800136,Hisingstorp-Dalvik,14.12164,57.79249,0.788
06800137,Skänkeberg-Dalvik,14.13362,57.78184,1.106
06800138,Bymarken,14.13834,57.79804,1.175
06800139,Vätterslund - Åbolid,14.14379,57.80299,0.768
06800140,Munksjöstaden,14.15957,57.77018,0.237
06800141,Dunkehalla,14.14354,57.79011,1.144
06800142,Kortebo-Strandängen,14.17199,57.81198,15.218
06800200,Kålgården Ö,14.18328,57.77492,0.789
06800201,Centrum Ö,14.17601,57.78848,1.324
06800202,Erik Dahlberg,14.18684,57.78745,0.667
06800203,Kålgården V,14.17373,57.77795,0.244
06800204,Liljeholmsparken,14.19435,57.7815,1.157
06800205,Ekhagen S,14.2202,57.77281,0.482
06800206,Ekhagen N,14.2221,57.77791,0.425
06800207,Bondberget,14.23644,57.75929,6.256
06800211,Rosenlund S,14.20967,57.77932,0.363
06800212,Rosenlund N,14.22155,57.81817,8.738
06800213,Vättersnäs,14.2555,57.79514,1.882
06800214,Österängen V,14.23459,57.78366,0.776
06800215,Österängen Ö,14.25084,57.78538,0.254
06800216,Liljeholmen,14.20343,57.78687,0.636
06800318,Kättilstorp-Haga-Gamla Råslätt,14.14676,57.7546,3.053
06800319,Skeppsbron-Fridhem,14.17104,57.76598,3.198
06800320,Råslätt-Lockebo,14.14465,57.72759,3.163
06800321,Ljungarum,14.19176,57.75542,9.814
06800322,Råslätt V,14.14954,57.74244,0.618
06800324,Råslätt Ö,14.15538,57.73849,0.341
06800522,Huskvarna Smedbyn,14.28288,57.78123,0.398
06800542,Öxnehaga S,14.26407,57.76887,1.242
06800543,Öxnehaga C,14.2625,57.77454,0.361
06800544,Öxnehaga N,14.26184,57.77826,0.96
06800545,Norrängen-Brunstorp,14.2575,57.81446,7.515
06800547,Rosendala,14.276,57.79412,0.649
06800548,Huskvarna C,14.27404,57.78983,0.802
06800549,Huskvarna Gråbo,14.26544,57.78449,0.84
06800551,Huskvarna Tormenås,14.27895,57.77654,0.69
06800553,Huskvarna Bråneryd,14.28878,57.77251,1.594
06800654,Stensholm-Jöransberg,14.32017,57.76539,15.563
06800655,Egnahem-Fagerslätt,14.31904,57.80915,22.55
06800656,Petersberg-Jutaholm,14.30569,57.78247,1.133
06800657,Kungsängen-Ekhagen Ö,14.23679,57.77906,0.524
06800760,Gränna S,14.4979,58.01364,86.739
06800761,Gränna N,14.52606,58.07395,78.862
06800863,Norrahammar C-Flahult,14.1255,57.70288,1.887
06800864,Norrahammar S,14.11274,57.69337,2.851
06800865,Hovslätt,14.05627,57.72473,37.096
06800896,Hovslätt N,14.12174,57.74009,3.226
06800897,Hovslätt S-Norrahammar N,14.12047,57.7179,2.555
06800967,Visingsö,14.36828,58.0906,194.574
06801068,Skärstad,14.37246,57.88981,115.076
06801069,Kaxholmen,14.26104,57.86353,37.506
06801170,Ölmstad,14.38622,57.96005,109.659
06801473,Lekeryd-Järsnäs-Svarttorp,14.49691,57.81255,159.936
06801474,Lekeryd,14.43108,57.76862,62.95
06801574,Tenhult N-Öggestorp,14.36417,57.7179,75.736
06801575,Tenhult S-Ödestugu,14.28191,57.62874,145.288
06801576,Tenhult C,14.32325,57.70633,0.862
06801676,Barnarp C,14.17303,57.69923,2.911
06801689,Barnarp,14.17301,57.68284,65.101
06801979,Månsarp,14.06005,57.64361,41.439
06801980,Taberg V,14.04776,57.68186,21.917
06801988,Taberg Ö,14.10646,57.67664,3.33
06802081,Attarp-Sjöåkra,14.18938,57.87993,8.92
06802082,Backamo,14.05176,57.85853,31.467
06802083,Trånghalla-Järstorp,14.07287,57.81388,58.239
06802085,Torp,14.13883,57.84815,1.451
06802086,Nyarp,14.13695,57.8582,1.403
06802184,Bottnaryd,13.88016,57.78718,151.618
06802285,Angerdshestra-Mulseryd-N Unnaryd,13.85596,57.66642,289.185
06820101,Nässjö centrum,14.69656,57.65461,0.53
06820103,Nässjö landsbygd,14.77133,57.63391,106.075
06820104,Handskeryd,14.71447,57.64163,1.108
06820105,Ingsberg,14.72069,57.6561,1.781
06820106,Nyhem,14.7124,57.64872,1.389
06820107,Runneryd,14.7028,57.66182,1.123
06820108,Norrboda,14.69195,57.66756,1.776
06820109,Åker,14.67899,57.65467,4.819
06820110,Södergården,14.697,57.64015,1.811
06820315,Bodafors,14.70541,57.50759,12.347
06820317,Grimstorp/Sandsjöfors,14.79311,57.5074,264.953
06820519,Anneberg,14.79258,57.74113,214.94
06820724,Forserum,14.46739,57.70646,4.435
06820726,Barkeryd/Äng,14.53699,57.68954,136.674
06820929,Malmbäck,14.47898,57.554,239.001
06830101,Västhorja,13.95161,57.22544,114.223
06830102,Trälleborg,14.02991,57.18957,0.739
06830103,Norregård,14.03546,57.20161,2.326
06830104,Pilagården,14.05414,57.1837,0.323
06830105,Skogsfållen,14.07147,57.17484,0.452
06830106,Rörstorp,14.10921,57.17353,10.969
06830107,Apladalen,14.04542,57.17567,2.125
06830108,Mossle,14.0333,57.15936,7.637
06830109,Lillegård,14.04708,57.19358,1.587
06830111,Gröndal,14.01547,57.18774,0.991
06830123,Nylund,14.06824,57.20824,8.229
06830124,Hornaryd,13.99677,57.1639,10.477
06830125,Vråen,14.07256,57.18144,0.788
06830209,Bredaryd,13.73479,57.18528,98.336
06830512,Hånger,13.8847,57.07232,165.343
06830613,Forsheda,13.87602,57.14688,115.39
06830916,Nöbbele,14.07016,57.1026,83.708
06831017,Bor,14.18843,57.09855,217.172
06831220,Rydaholm,14.30542,56.99279,179.883
06831321,Fryele,14.22262,57.27391,367.634
06840101,Sävsjö stad,14.67807,57.40499,2.275
06840102,Sävsjö Ljunga,14.61146,57.40798,77.244
06840103,Sävsjö Vallsjö,14.73123,57.36126,136.722
06840304,Vrigstad,14.45266,57.38966,182.467
06840605,Rörvik,14.51199,57.23938,175.162
06840706,Stockaryd,14.67331,57.28087,158.468
06850101,Mellangården,15.08793,57.43686,3.315
06850102,Brunnsgård,15.10347,57.43076,2.32
06850103,Vetlanda Flugeby-Näsby,14.99759,57.43929,116.735
06850104,Pukaregården,15.08519,57.42119,1.409
06850105,Tomaslunden,15.05627,57.41735,3.172
06850106,Karlslund,15.05738,57.43121,3.183
06850107,Ekenässjön-Björköby,14.95538,57.5289,117.185
06850309,Bäckseda,15.09859,57.38197,24.199
06850511,Bäckaby-Ramkvilla,14.94475,57.24606,322.544
06850816,Korsberga,15.20622,57.2919,217.56
06851320,Nye-Näshult,15.41142,57.30001,250.803
06851522,Holsbybrunn,15.23615,57.4492,169.003
06851623,Kvillsfors-Pauliström,15.43948,57.46636,226.711
06851926,Landsbro-Myresjö,14.90921,57.39328,149.125
06860101,Sjöängen/Prästängen m.fl.,15.02258,57.68204,24.424
06860102,Norrtull med landsbygd,15.00688,57.7108,65.964
06860103,Gamla Stan m.fl.,14.96269,57.66705,0.817
06860104,Grevhagen med landsbygd,14.90882,57.66458,33.687
06860105,Blåsippan-Kaffekullen,14.9848,57.66032,2.529
06860106,Kvarnarp,14.98998,57.64889,3.054
06860207,Mariannelund-Hässleby-Kråkshult,15.50475,57.57972,163.719
06860514,Ingatorp-Hjältevad-Bellö,15.36166,57.62433,138.424
06860615,Hult-Bruzaholm,15.18751,57.61285,249.524
06860820,Höreda-Mellby,14.97911,57.59551,194.919
06870101,Tranås Norra-Sommen,14.94916,58.09657,58.327
06870102,Tranås Kvarn,14.99823,58.05288,5.456
06870103,Ängaryd,14.95109,58.02167,7.008
06870104,Centrum,14.97799,58.03642,0.422
06870105,Ekmarksberg,14.98828,58.03598,0.731
06870106,Junkaremålen,15.00979,58.03314,7.7
06870107,Fröafall,14.97505,57.98273,58.899
06870108,Tranås Södra,14.96642,58.02533,1.507
06870109,Tranås Västra,14.77922,58.01684,299.606
07600101,Åseda N,15.29565,57.19705,65.911
07600102,Åseda S,15.45084,57.13854,196.993
07600305,Lenhovda,15.35434,56.95407,361.518
07600407,Nottebäck,15.22897,57.12529,216.351
07600511,Älghult,15.63093,57.01954,391.032
07610101,Lessebo N,15.27664,56.75761,1.816
07610102,Lessebo S,15.27136,56.78295,48.437
07610203,Hovmantorp Ö,15.17524,56.76477,84.946
07610206,Hovmantorp V,15.10921,56.7795,29.735
07610304,Ekeberga,15.42333,56.8297,176.722
07610405,Ljuder,15.33807,56.67979,116.575
07630101,Tingsryd 1,14.98153,56.53687,3.563
07630102,Tingsryd 2,14.97611,56.47942,158.354
07630204,Almundsryd,14.68709,56.49684,210.031
07630309,Älmeboda-Linneryd,15.22216,56.58829,347.104
07630511,S Sandsjö,15.11323,56.49557,121.514
07630612,Väckelsång,14.96051,56.61379,127.149
07630716,Urshult,14.81332,56.5111,244.458
07640101,Alvesta N,14.55382,56.9073,2.516
07640102,Alvesta S-Blädinge,14.47148,56.84729,86.993
07640103,Aringsås,14.57685,56.87145,19.233
07640104,Alvesta V,14.53256,56.90558,3.845
07640105,Lekaryd-Härlöv-Prästängen,14.59218,56.94042,51.976
07640408,Hjortsberga,14.44082,56.91992,138.201
07640509,Slätthög-Mistelås-Moheda V,14.46177,57.05554,236.497
07640510,Moheda Ö,14.60428,57.02372,44.066
07640914,Vislanda,14.38675,56.79213,110.516
07641017,Skatelöv,14.58465,56.71634,169.257
07641119,Västra Torsås,14.54335,56.62837,215.776
07650101,Gemön-Möckeln,14.15277,56.57076,7.457
07650103,Klöxhult,14.0957,56.53666,14.882
07650115,Norregård,14.10333,56.58032,19.539
07650116,Froafälle,14.13988,56.53856,3.183
07650117,Haganäs,14.15625,56.5526,1.783
07650118,Centrum,14.13119,56.55566,0.868
07650204,Häradsbäck-Bråthult,14.35882,56.52344,300.419
07650305,Virestad-Eneryda,14.33072,56.66283,164.137
07650408,Diö-Stenbrohult,14.11213,56.63492,195.865
07650511,Göteryd,13.94009,56.53519,274.139
07670101,Markaryd 1 V,13.58385,56.45782,4.363
07670103,Timsfors-Råstorp,13.67916,56.46846,179.969
07670104,Markaryd 1 Ö,13.61046,56.45998,2.91
07670205,Traryd-Hinneryd,13.59954,56.59708,274.401
07670308,Strömsnäsbruk,13.73185,56.53447,73.464
07800115,Centrum,14.80593,56.87921,0.423
07800116,Bäckaslöv,14.77415,56.86415,5.18
07800117,Söder,14.79973,56.86184,2.536
07800118,Öster,14.81756,56.87615,0.901
07800119,Kvarnhagen,14.83098,56.87407,0.813
07800120,Högstorp-Hollstorp,14.86743,56.87601,12.076
07800121,Väster,14.79214,56.8794,0.503
07800171,Museet,14.80382,56.87382,0.397
07800225,Furuby,15.09484,56.85299,147.138
07800326,Braås,15.02841,57.10084,147.093
07800630,Dädesjö,15.11378,56.98897,172.964
07800731,Åryd,14.9531,56.85416,99.16
07800833,Ingelstad,14.93204,56.74461,81.508
07800934,Värends Nöbbele,15.02971,56.68841,109.615
07801338,Tävelsås-Uråsa,14.81461,56.72806,143.97
07801439,Vederslöv,14.70575,56.73973,133.947
07801641,Gemla,14.62477,56.85721,47.983
07801742,Bergunda-Bredvik,14.70522,56.8703,60.26
07801853,Öjaby norra,14.7117,56.93279,40.598
07801854,Öjaby södra-Räppe,14.73707,56.89362,3.002
07801944,Åby,14.72936,57.01726,111.795
07802045,Sandsbro östra,14.92324,56.94403,111.451
07802062,Sandsbro västra,14.85048,56.91097,1.27
07802154,Rottne södra,14.85248,57.03001,39.869
07802155,Rottne norra,14.9263,57.04669,22.864
07802449,Lammhult,14.55355,57.14756,66.588
07802551,Asa-Berg-Tolg,14.76484,57.12808,293.896
07802855,Kungsmad,14.80954,56.89,0.826
07802865,Ringsberg,14.80417,56.8839,0.291
07802866,Norrelid,14.81396,56.88321,0.183
07802868,Fagrabäck,14.84106,56.89062,4.061
07802869,Norr,14.82573,56.89776,1.39
07802870,Teknikum,14.82031,56.88625,0.19
07802960,Östra Lugnet,14.82084,56.91101,3.398
07802974,Pilbäcken,14.80253,56.89583,0.467
07802975,Hov,14.81515,56.89649,0.897
07802976,Dalbo centrum,14.79664,56.89304,0.271
07802977,Araby,14.79117,56.89282,0.308
07802978,Nydala,14.79261,56.89846,0.337
07802979,Danneborg-Östra Hovshaga,14.7866,56.90361,0.929
07802980,Arenastaden,14.77078,56.88883,5.008
07802981,Gustavslund,14.78706,56.91235,0.781
07802982,Ulriksberg,14.79051,56.88537,0.637
07802988,Hovshaga centrum,14.77024,56.91207,4.787
07802989,Norra Hovshaga-Evedal,14.80287,56.94822,15.505
07802990,Liedbergsgatan,14.79873,56.886,0.178
07803082,Kampen-Sigfrid,14.86491,56.84239,11.667
07803083,Ljungfälle,14.81854,56.84559,0.717
07803085,Torparängen,14.79993,56.84732,0.561
07803086,Furutå,14.80721,56.85386,0.962
07803087,Universitetet södra,14.83381,56.8402,4.329
07803088,Teleborg södra-Telestad,14.80766,56.84229,0.71
07803089,Teleborg centrum,14.81069,56.84929,0.742
07803090,Universitetet västra,14.82504,56.85282,0.128
07803091,Vikaholm,14.78788,56.84378,3.408
07803092,Universitetet norra,14.82924,56.85726,0.835
07810103,Astrad,13.9621,56.82972,1.304
07810104,Ljungsätra,13.9477,56.82481,0.987
07810105,Ekebacken,13.99951,56.82736,12.101
07810106,Stensberg,13.89972,56.83197,17.167
07810107,Hammaren,13.91949,56.8247,3.548
07810108,Hjortsberg Väst,13.94443,56.83788,0.399
07810109,Hjortsberg Öst,13.95777,56.84161,1.761
07810110,Kungshög Väst,13.91346,56.85637,11.193
07810111,Kungshög Öst,13.93813,56.83769,0.349
07810112,Sunnerbo,13.98535,56.84534,10.365
07810310,Ryssby,14.16492,56.87174,222.536
07810311,Agunnaryd,14.10124,56.73879,256.515
07810715,Hamneda,13.78736,56.71663,256.87
07810815,Berga Väst,13.91362,56.90737,87.199
07810816,Berga Öst,14.09165,56.94495,104.824
07810817,Vittaryd-Bolmsö,13.80832,56.9543,262.765
07811119,Angelstad,13.7649,56.83563,186.797
07811624,Lidhult,13.49848,56.83475,227.115
07811625,Torpa,13.51608,56.71997,339.761
08210101,Fågelfors,15.85674,57.19209,104.233
08210201,Högsby,15.99859,57.15273,141.288
08210202,Berga,16.04014,57.2254,85.605
08210301,Ruda,16.06858,57.07497,258.402
08210401,Fagerhult,15.66452,57.15553,212.738
08340101,Gullabo,15.79411,56.46628,135.102
08340201,Torsås landsbygd,15.85316,56.4094,191.471
08340202,Torsås samhälle,15.92429,56.39176,38.666
08340401,Söderåkra,16.059,56.46201,99.611
08340402,Bergkvara,16.1059,56.35625,142.878
08400105,Vickleby-Resmo,16.42411,56.5695,116.324
08400303,Mörbylånga-Kastlösa,16.39167,56.48381,171.497
08400401,Gårdby,16.78319,56.52089,863.849
08400811,Sydöland,16.52225,56.17223,1714.441
08401304,Glömminge,16.54124,56.73096,54.431
08401406,Algutsrum,16.51832,56.68501,54.111
08401501,Snäckstrand,16.45659,56.66142,7.28
08401502,Talludden,16.46865,56.64904,1.967
08401503,Runsbäck,16.44674,56.64227,5.693
08401504,Skogsby,16.47631,56.62444,59.83
08401505,Färjestaden Östra,16.48303,56.6367,1.366
08600101,Ekeberg,15.82224,57.49414,1.911
08600102,Hultsfred S,15.81573,57.48027,24.365
08600103,Hultsfred N,15.89608,57.4922,48.649
08600201,Lönneberga,15.7117,57.53851,95.16
08600301,Målilla,15.83274,57.40502,262.173
08600401,Järeda,15.56973,57.41523,81.485
08600501,Virserum,15.5804,57.27962,165.993
08600601,Vena,16.06668,57.49527,213.693
08600801,Mörlunda,15.86425,57.3024,298.681
08610101,Mönsterås Centrum S,16.44491,57.03725,1.489
08610102,Mönsterås Centrum N,16.44195,57.04577,0.898
08610103,Mönsterås Landsbygd S,16.40079,57.01645,8.82
08610104,Mönsterås Landsbygd N,16.52618,57.06265,375.111
08610105,Mönsterås Ljungnäs,16.48014,57.00137,30.194
08610201,Fliseryd,16.28865,57.14001,259.227
08610301,Blomstermåla,16.32115,56.99142,75.35
08610302,Ålem,16.3769,56.93236,127.468
08610303,Timmernabben,16.56377,56.95295,67.188
08620101,Emmaboda södra,15.52335,56.6244,8.357
08620102,Emmaboda norra,15.55255,56.63516,7.398
08620201,Lindås,15.62738,56.60895,86.774
08620202,Vissefjärda,15.60026,56.52725,194.007
08620301,Algutsboda,15.53786,56.73921,310.196
08620401,Långasjö,15.44571,56.56484,114.717
08800101,Kvarnholmen,16.39509,56.64991,7.501
08800107,Malmen V,16.33768,56.66882,1.31
08800108,Malmen Ö-Norrgårdsgärdet Ö,16.35982,56.66845,0.461
08800122,Malmen S,16.35316,56.66389,0.187
08800124,Ängö-Varvsholmen,16.399,56.66531,4.21
08800201,Lindsdal NV-Förlösa,16.21473,56.75289,51.454
08800202,Lindsdal NO,16.28972,56.74175,4.073
08800203,Lindsdal SV-Kläckeberga,16.25477,56.71508,17.912
08800204,Lindsdal SO-Fjölebro,16.36025,56.72417,17.931
08800205,Vimpeltorpet,16.29706,56.69806,9.583
08800206,Snurrom,16.33509,56.71569,1.93
08800301,Smedby Ö,16.25275,56.68728,6.454
08800302,Smedby V,16.20743,56.69105,16.677
08800303,Smedby S-Rinkabyholm N-Boholmarna,16.25874,56.65991,9.633
08800401,Rinkabyholm S-Hossmo,16.25057,56.63907,29.832
08800501,Rockneby,16.37984,56.85352,201.859
08800502,Drag-Revsudden,16.45477,56.7708,52.667
08800601,Läckeby,16.22083,56.79494,145.482
08800801,Trekanten,16.12809,56.68928,69.37
08800802,Ljungbyholm-Vassmolösa N,16.17818,56.61848,48.451
08800901,Hagby Vassmolösa S,16.06502,56.54762,122.609
08801001,Halltorp-Voxtorp,16.14995,56.49162,124.119
08801301,Tvärskog,16.03724,56.63443,127.044
08801401,Påryd,15.86925,56.55943,124.19
08801502,Gamla stan,16.35096,56.65835,0.708
08801503,Kalmarsundsparken-Stensö,16.34436,56.62879,23.506
08801504,Sandås-Stensberg,16.31983,56.65599,2.616
08801505,Falkenberg,16.3299,56.66182,0.33
08801506,Tegelviken-Johannesborg,16.30121,56.66259,2.907
08801609,Norrgårdsgärdet V,16.34487,56.67457,0.468
08801610,Oxhagen,16.33371,56.67533,0.475
08801611,Getingen-Tallhagen,16.38673,56.67814,8.61
08801621,Skälby,16.31894,56.68328,4.981
08801712,Funkabo,16.35677,56.68545,0.599
08801713,Djurängen V,16.32731,56.68786,0.757
08801714,Djurängen Ö,16.33131,56.69239,1.416
08801715,Berga Centrum,16.33821,56.69373,0.492
08801716,Berga,16.38679,56.69318,5.802
08801817,Norrliden V,16.34517,56.70164,0.466
08801818,Norrliden Ö,16.3556,56.70271,0.493
08801820,Bergavik,16.39254,56.7023,3.917
08801823,Björkenäs mfl,16.3602,56.71071,2.779
08810101,Nybro Centrum,15.91921,56.74873,1.012
08810102,Myrdalen,15.89337,56.74772,2.077
08810103,Kungshall,15.90999,56.75177,0.627
08810104,Paradiset,15.93,56.74764,1.62
08810105,Hanemåla Norra,15.95039,56.73701,3.705
08810106,Västeräng,15.90692,56.73706,1.499
08810107,Hanemåla Södra,15.98522,56.69771,44.138
08810201,Alsterbro,15.90775,57.00443,188.224
08810301,Bäckebo,15.99406,56.90885,220.269
08810401,Kristvallabrunn,16.02427,56.81258,119.808
08810501,Madesjö Södra,15.8505,56.71316,104.888
08810502,Madesjö Norra,15.85112,56.81258,180.321
08810601,Örsjö-Alsjöholm,15.72323,56.66587,158.824
08810901,Orrefors,15.6788,56.85456,179.727
08820101,Saltvik-Mockebo,16.50534,57.30249,18.962
08820102,Kolberga-Humlekärrshult,16.46182,57.28552,5.757
08820103,Norrtorn,16.43612,57.27318,1.636
08820104,Orrängen-Tratten,16.43255,57.26034,2.297
08820105,Centrum,16.44719,57.26545,0.379
08820106,Kikebo-Åsa,16.44987,57.26051,0.761
08820107,Södertorn,16.44177,57.2516,1.813
08820108,Gröndal,16.64253,57.26842,150.557
08820109,Kristineberg-Stångehamn-Mysingsö,16.52658,57.2296,26.138
08820110,Kristineberg Västra,16.45633,57.225,21.647
08820319,Fårbo-Misterhult,16.45982,57.46014,819.795
08820321,Figeholm,16.69721,57.3853,490.154
08820411,Kristdala-Bråbo-Ishult,16.21332,57.41186,291.34
08820513,Svalliden-Bockara,16.15285,57.27318,132.513
08820514,Rödsle-Norrby-Björnhult,16.34889,57.3139,133.13
08820517,Påskallavik,16.59712,57.18295,192.235
08830101,Centrum,16.64058,57.75923,0.783
08830102,Västralund-Stenhagen,16.62242,57.75578,0.957
08830103,Marieborg,16.63007,57.76204,0.561
08830104,Peru,16.62299,57.76313,0.286
08830105,Brevik,16.62157,57.76967,1.585
08830106,Skogshaga,16.58225,57.77515,4.984
08830107,Jenny-Kvännaren,16.59233,57.75732,4.332
08830108,Karstorp,16.61551,57.7164,26.188
08830109,Piperskärr-Gränsö,16.6225,57.79283,41.571
08830112,Johannesdal,16.66904,57.74359,5.439
08830113,Ludvigsdal-Hornslandet,16.96093,57.70534,279.309
08830115,Östermalm,16.64705,57.7522,0.322
08830118,Södermalm,16.63556,57.75197,0.367
08830209,Djurgården-Törnsfall,16.48939,57.79725,113.751
08830310,Gladhammar-Västrum,16.8466,57.65547,489.584
08830514,Ukna-Västra Ed,16.45957,58.04078,340.999
08830720,Överum,16.18392,58.01508,206.159
08830922,Loftahammar,16.93784,57.88241,1119.22
08831124,Gamleby 1,16.35011,57.90286,122.565
08831126,Gamleby 2-Lofta,16.49799,57.91155,134.545
08831430,Blackstad-Odensvi,16.23756,57.84362,361.725
08831431,Ankarsrum,16.30771,57.70593,47.964
08831532,Hjorted,16.35017,57.62433,310.402
08840101,Vimmerby 1,15.86593,57.62828,108.139
08840102,Vimmerby 2,15.85087,57.67289,1.524
08840103,Vimmerby 3,15.89225,57.68228,8.589
08840104,Vimmerby 4,15.88008,57.66026,1.923
08840105,Vimmerby 5,15.86842,57.70324,10.422
08840106,Storebro,15.84286,57.57811,53.627
08840301,Rumskulla-Pelarne,15.57179,57.67253,220.266
08840501,Frödinge,16.02226,57.67586,137.463
08840601,Locknevi,16.0478,57.77845,174.003
08840701,Djursdala,15.88583,57.77513,74.09
08840801,Gullringen,15.69068,57.80369,139.278
08840802,Södra Vi,15.7605,57.71519,121.321
08840901,Tuna,16.14841,57.55578,174.538
08850101,Borgholms 1,16.66265,56.88275,4.774
08850102,Borgholms 2,16.6573,56.87398,1.501
08850203,Alböke-Föra-Bredsättra-Egby-Löt,17.04206,56.89503,927.996
08850707,Köping,16.68634,56.89851,109.443
08850808,Räpplinge-Högsrum,16.60342,56.81477,130.84
08851010,Gärdslösa-Långlöt-Runsten,16.89313,56.71602,496.132
08851313,Böda,17.16622,57.34966,1137.426
08851415,Högby,17.10405,57.16728,388.087
08851516,Källa-Persnäs,17.07249,57.08117,479.224
09800101,Visby Innerstaden,18.28395,57.64364,2.133
09800102,Visby Norr,18.10301,57.72976,42.444
09800103,Visby Öster,18.30416,57.64004,0.674
09800104,Visby Skarphäll/Östra Vi,18.33831,57.63699,6.432
09800105,Visby Länna,18.29313,57.62802,0.799
09800106,Visby Visborgsst/Halsjärnet,18.13876,57.67475,131.985
09800107,Visby A7/Östra Vi,18.3075,57.63001,0.684
09800108,Visby Djuplunda/Södervärn,18.28878,57.61087,1.395
09800109,Visby Furulund,18.30369,57.62127,0.728
09800110,Visby Bingeby,18.31741,57.63906,0.257
09800111,Visby Pilhagen/Gråbo,18.2968,57.61383,0.689
09800112,Visby Yttre Furulund,18.31746,57.62002,1.449
09800113,Visby Terra Nova,18.30617,57.60753,1.579
09800114,Visby Galgberget/Snäck,18.18283,57.73626,138.164
09800115,Visby Söder,18.27504,57.63724,1.508
09800201,Slite Othem/Hellvi,18.72652,57.74136,188.165
09800202,Slite Othem/Boge,18.8939,57.65011,248.343
09800401,Fårö,19.29487,58.16118,3747.528
09800501,Fårösund,18.93162,57.87924,1037.348
09801001,Lärbro,18.61484,57.93921,788.659
09801401,Tingstäde,18.32047,57.83329,694.379
09801801,Väskinde,18.32146,57.73512,151.873
09802401,Vallstena,18.8821,57.58307,478.999
09802901,Dalhem,18.59158,57.53939,146.839
09803101,Endre,18.39606,57.59992,100.847
09803501,Roma,18.44982,57.52559,43.346
09804001,Vänge,18.49531,57.45461,138.653
09804401,Kräklingbo,19.05699,57.358,980.352
09804801,Västerhejde,18.05112,57.65063,114.234
09805301,Stenkumla,18.27829,57.53809,99.549
09805501,Eskelhem,17.95933,57.55873,541.673
09805701,Sanda,18.07811,57.42938,431.823
09806101,Klinte,18.10977,57.36645,71.084
09806301,Eksta,17.95226,57.27562,1004.169
09806701,Garde,18.70594,57.30335,375.385
09807301,Stånga,18.80004,57.20279,572.468
09807601,Hemse/Alva,18.36077,57.21598,31.928
09807602,Hemse/Rone,18.69257,57.08178,413.896
09808401,Havdhem,18.02736,57.08277,653.284
09809101,Burgsvik,18.24483,56.90376,1894.044
10600101,Vilboken,14.45279,56.30964,48.318
10600102,Kyrkhult-Hemsjö,14.61226,56.37243,143.225
10600103,Jämshög,14.52214,56.23542,43.595
10600104,Brännaregården,14.61202,56.29587,44.257
10600105,Ekeryd-Gränum,14.62719,56.24617,55.526
10600106,Oredslund,14.53574,56.26835,1.503
10600107,Olofström-Vilshult,14.48883,56.35141,77.117
10600108,Olofström C,14.52868,56.27597,1.554
10800127,Långö-Gräsvik,15.58248,56.17814,1.65
10800128,Saltö-Björkholmen,15.56526,56.16799,3.617
10800131,Västerudd,15.55723,56.14506,8.303
10800132,Rosenfeldt m.fl.,15.60088,56.14471,6.338
10800133,Trossö Ö,15.6066,56.1623,1.792
10800134,Möllebacken m.fl.,15.58555,56.16641,0.483
10800135,Wachtmeister m.fl.,15.57747,56.16279,0.236
10800136,Hogland m.fl.,15.58821,56.16274,0.161
10800137,Pantarholmen,15.6006,56.17023,2.353
10800138,Galgamarken,15.59503,56.17962,0.218
10800139,Bergåsa m.fl.,15.60265,56.18664,3.843
10800140,Hästö,15.62442,56.17884,1.748
10800141,Marieberg m.fl.,15.63053,56.19417,2.257
10800142,Kungsmarken,15.62051,56.19563,0.254
10800143,Mariedal-Backabo-Torskors,15.61779,56.20931,7.478
10800430,Aspö,15.53938,56.11077,23.022
10800508,Kronotorp m.fl.,15.67117,56.19771,0.735
10800509,Verkö m.fl.,15.64791,56.16348,14.906
10800510,Lyckeby V,15.65038,56.19716,1.826
10800606,Kättilsmåla,15.78119,56.31431,136.897
10800611,Lyckeby Ö,15.70594,56.19854,30.251
10800612,Spandelstorp m.fl.,15.65529,56.21006,2.325
10800613,Hässlegården,15.65005,56.22399,3.335
10800801,Kristianopel,16.07825,56.24956,278.064
10800903,Jämjö N,15.90168,56.23899,68.834
10800904,Jämjö S,15.85023,56.1695,21.146
10801002,Torhamn,15.94234,55.97107,1430.965
10801107,Sturkö,15.5342,55.94287,435.588
10801205,Ramdala,15.77861,56.17651,67.857
10801214,Trummenäs,15.72893,56.16419,12.384
10801421,Strömsberg,15.65861,56.36319,86.618
10801422,Rödeby N,15.67011,56.29506,26.238
10801423,Rödeby S,15.63716,56.25059,27.784
10801518,Fridlevstad,15.54608,56.28132,51.491
10801616,Sillhövda,15.57239,56.42075,132.069
10801720,Tving,15.44794,56.36112,158.137
10801824,Nättraby V,15.52182,56.21893,17.28
10801825,Nättraby Ö,15.56762,56.2092,22.654
10801844,Nättraby S,15.5203,56.17224,15.648
10801926,Hasslö,15.36342,55.95816,251.424
10810101,Centrum,15.28343,56.21499,0.942
10810102,Fredriksberg,15.31371,56.19427,4.716
10810103,Hulta,15.30209,56.20748,2.002
10810104,Blekan,15.27872,56.20557,0.425
10810105,Lugnet,15.24835,56.21802,8.177
10810106,Espedalen,15.25759,56.2043,0.657
10810107,Älgbacken,15.26992,56.20264,0.662
10810108,Persborg,15.28442,56.17919,10.87
10810109,Varan,15.18872,56.00043,188.56
10810110,Hasselstad-Eringsboda,15.28794,56.35519,241.836
10810111,Häggatorp,15.29203,56.26498,20.841
10810112,Kalleberga,15.31959,56.25372,7.697
10810113,Kallinge,15.29781,56.22811,5.736
10810314,Backaryd-Öljehult,15.08843,56.38647,180.952
10810617,Förkärla-Listerby N,15.46316,56.15936,64.952
10810718,Listerby S,15.2973,56.06249,202.61
10810920,Hjortsberga-Edestad,15.40396,56.25342,103.371
10811021,Bräkne-Hoby Landsbygd,15.168,56.2341,195.022
10811022,Bräkne-Hoby Samhälle,15.11916,56.23138,7.008
10820101,Högadal,14.85617,56.18352,1.288
10820102,Prästslätten,14.87488,56.18232,1.738
10820103,Stadsporten,14.86052,56.17506,0.266
10820104,Torget,14.86439,56.17101,0.245
10820105,Österslätt,14.86577,56.16328,0.75
10820106,Tubbaryd,14.82722,56.11742,29.149
10820107,Skogsborg,14.88363,56.17435,1.722
10820108,Vägga,14.88556,56.10588,59.584
10820310,Hällaryd,14.98772,56.12216,398.846
10820512,Horsaryd,14.81433,56.16466,34.976
10820513,Korpadalen,14.87077,56.19897,6.454
10820514,Froarp,14.86618,56.25618,43.639
10820515,Centrala Asarum,14.83444,56.20316,1.589
10820517,Svängsta nordöst,14.82338,56.32201,145.287
10820518,Svängsta sydväst,14.75141,56.25649,39.934
10820619,Mörrum västra,14.76233,56.17004,28.978
10820620,Mörrum östra,14.76296,56.20087,7.342
10820621,Gustavstorp,14.70122,56.18802,34.279
10830101,Furulund,14.58583,56.05297,0.638
10830102,Möllebacken,14.57513,56.04939,1.624
10830103,Falkvik,14.5523,55.99481,24.396
10830104,Hjortakroken,14.58926,56.07339,15.591
10830105,Norje m fl,14.71048,56.10877,62.388
10830106,Gammalstorp m fl,14.61858,56.13471,63.895
10830107,Mjällby m fl,14.63197,55.99487,34.447
10830108,Hörvik m fl,14.75927,56.0505,62.179
10830109,Hällevik m fl,14.87681,55.9101,814.421
10830110,Siretorp m fl,14.58733,55.99593,32.447
12140101,Svalöv Östra,13.16283,55.92375,28.01
12140201,Svalöv Norra,13.104,55.94775,24.053
12140301,Svalöv Västra,13.0587,55.91331,16.524
12140501,Kågeröd - Stenestad,13.08918,56.01421,98.098
12140601,Billeberga - Tågarp,12.98825,55.92057,71.004
12140801,Teckomatorp Norra,13.0933,55.87866,14.114
12140901,Teckomatorp Södra,13.10543,55.84941,20.54
12141401,Röstånga - Konga-Ask,13.2335,55.9742,117.944
12300101,Kyrkheddinge,13.2743,55.64353,44.776
12300409,Uppåkra,13.17713,55.66208,10.033
12300702,Borggård,13.21442,55.65241,0.774
12300703,Central Södra,13.20801,55.64299,0.361
12300704,Bråhög,13.20135,55.64812,0.285
12300705,Aspvägen,13.20883,55.63648,0.543
12300706,Stanstorp,13.20007,55.63626,0.474
12300707,Mellanvången,13.19125,55.63602,0.573
12300708,Annero,13.19256,55.64461,0.702
12300709,Central Norra,13.20851,55.64668,0.396
12300710,Kyrkbyn,13.222,55.64555,0.914
12300711,Vikhem,13.20271,55.63069,0.84
12300712,Hagalid,13.21987,55.63611,0.91
12300713,Jakriborg,13.1401,55.68425,12.633
12300714,Hjärup Norra,13.14439,55.6726,0.607
12300715,Hjärup  Södra,13.13438,55.66468,1.944
12300911,Tottarp,13.18088,55.6251,30.991
12310101,Karstorp-Svanetorp,13.10529,55.65961,0.941
12310102,Gamla Åkarp-Dalslund-Kockumsområdet,13.12092,55.65122,2.192
12310103,Harakärrsområdet-Mossvägen-Lyckö äng,13.10269,55.64947,1.162
12310104,Tågarp Ö.,13.07692,55.64164,1.518
12310105,Centrala Arlöv,13.07148,55.63009,0.691
12310106,Elisetorp V.,13.07805,55.63044,0.163
12310107,Elisetorp Ö.,13.08302,55.63163,0.173
12310108,Svenshög,13.08855,55.63696,0.295
12310109,Kronetorp-Burlövs egna hem m.fl.,13.09157,55.62507,10.345
12310110,Tågarp V.,13.04772,55.64002,1.398
12310111,Lillevång,13.07868,55.63681,0.414
12330201,Vellinge Eskilstorp,12.917,55.47076,14.935
12330301,Hököpinge-Gessie,12.95522,55.49327,23.89
12330302,Hököpinge-Bruksparken,13.00825,55.49327,0.871
12330401,Vellinge södra,13.03445,55.46176,3.797
12330402,Vellinge väster,12.99065,55.45946,13.054
12330403,Vellinge centrum,13.02362,55.47172,0.396
12330404,Vellinge Herrestorp,13.03623,55.47245,0.413
12330501,Skanör västra,12.77207,55.46653,86.192
12330502,Skanör östra,12.87788,55.43621,25.522
12330503,Ljunghusen västra,12.89645,55.29553,214.604
12330504,Ljunghusen östra,12.95814,55.37327,6.878
12330505,Skanör centrum,12.85404,55.40717,1.19
12330601,Falsterbo södra,12.77709,55.3467,185.793
12330602,Falsterbo norra,12.86742,55.39553,28.679
12330801,Höllviken norra,12.94705,55.44289,29.726
12330802,Höllviken västra-centrum,12.95134,55.41864,1.455
12330803,Höllviken östra-centrum,12.96601,55.41754,0.751
12330804,Kronodal-Granviks,12.97086,55.4213,0.855
12330805,Höllviken Gya,12.97152,55.3938,2.991
12330901,Höllviken-Kämpinge,12.97687,55.39979,2.299
12330902,Höllviken-Höllviksstrand,12.96934,55.38111,8.822
12330903,Räng,13.00329,55.4003,17.027
12331201,Östra Grevie,13.11666,55.46899,11.163
12331301,Västra Ingelstad,13.09669,55.49176,29.691
12560103,Knislinge Öster,14.17764,56.18306,31.364
12560104,Knislinge Väster,14.02631,56.20631,40.286
12560301,Hanaskog,14.08911,56.1504,32.076
12560401,Hjärsås,14.19781,56.21717,59.275
12560402,Sibbhult,14.28478,56.26728,32.882
12560601,Broby Väster,14.04237,56.28066,59.293
12560603,Broby Öster,14.12154,56.25082,41.055
12560701,Glimåkra,14.14666,56.35871,156.75
12570102,Åsljunga,13.31834,56.32774,100.15
12570103,Örkelljunga Centrum,13.27422,56.2813,3.111
12570104,Örkelljunga Norra,13.25995,56.28808,10.157
12570105,Örkelljunga Mellan,13.31531,56.28089,13.355
12570206,Rya,13.20397,56.26121,93.229
12570307,Skånes Fagerhult,13.46817,56.35913,110.996
12600101,Bjuv 1,12.92798,56.06871,7.886
12600102,Bjuv 2,12.89358,56.08635,3.936
12600103,Bjuv 3,12.92118,56.10498,7.186
12600104,Bjuv 4,12.9353,56.08313,2.361
12600105,Bjuv 5,12.9144,56.08729,0.755
12600106,Billesholm 3,12.96668,56.06048,1.01
12600201,Billesholm 1,12.95853,56.04262,17.796
12600302,Billesholm 2,12.99885,56.08079,41.067
12600401,Ekeby 1,12.94573,56.00379,20.797
12600402,Ekeby 2,13.00068,56.00976,12.418
12600403,Ekeby 3,12.96006,55.9985,1.098
12610102,Kävlinge Söder,13.09844,55.78674,1.272
12610103,Södervidinge/Gryet,13.11243,55.81808,11.157
12610104,Kävlinge Väster,13.08287,55.79174,3.238
12610301,Karaby/Dösjebro,13.0357,55.81582,27.272
12610302,Ålstorp,12.96467,55.81216,6.346
12610401,Lackalänga,13.11516,55.76967,9.046
12610402,Furulund Centrum,13.08741,55.77954,1.278
12610403,Stävie,13.08309,55.75968,11.182
12610504,Sandskogen,12.98904,55.75856,1.981
12610505,Löddeköpinge Norr,12.99813,55.77389,3.397
12610506,Stationsstaden,13.11498,55.79357,0.361
12610507,Kävlinge Centrum/Korsbacka,13.1056,55.79436,0.516
12610901,Harrie,13.17858,55.81531,27.042
12610902,Rinnebäck,13.12279,55.79186,0.853
12611001,Hofterup,12.9817,55.7914,4.865
12611201,Barsebäck/Järavallen,12.8722,55.73949,129.894
12611203,Vikhög/Lyckorna,12.95073,55.70991,41.25
12611204,Tolvåker,13.03763,55.77283,12.811
12611205,Löddeköpinge Centrum,13.02021,55.75791,0.651
12620101,Lilla Lomma - Lomma Ö - Alnarp,13.00798,55.66857,23.022
12620102,Lomma Hamn,13.05537,55.67761,0.56
12620103,Båt- och Fågelgatorna,13.06589,55.66575,1.526
12620104,Piläng,13.08043,55.67103,0.557
12620105,Karstorp,13.09209,55.66926,0.692
12620106,Lervik,13.09141,55.67856,0.47
12620107,Lomma Centrum,13.04116,55.67304,3.994
12620108,Lomma Strand - Habo Ljung,13.03806,55.68807,8.906
12620109,Vinstorp,13.07869,55.67873,0.833
12620201,Bjärred N - Borgeby,13.02855,55.73323,2.156
12620202,Löddesnäs,13.00093,55.7229,1.736
12620301,Bjärred S,13.01738,55.6995,10.816
12620302,Bjärehov,13.02059,55.72291,0.54
12620303,Flädie-Fjelie,13.07803,55.72681,31.488
12620304,Bjärred V,13.00044,55.71166,2.801
12620305,Bjärred Ö,13.03279,55.72164,0.477
12630101,Svedala centrum,13.22718,55.50827,0.913
12630102,Svedala stadsparken-Sjödiken,13.24034,55.52162,2.807
12630103,Svedala kyrka,13.22569,55.51456,0.68
12630104,Svedala väster–Skabersjö,13.1621,55.51613,44.177
12630105,Svedala norr,13.22227,55.52828,3.546
12630106,Svedala öster-Börringe,13.34975,55.5128,83.303
12630107,Svedala söder,13.23025,55.50068,2.251
12630108,Svedala gamla Sockerbruket,13.24537,55.51021,0.434
12630703,Bara centrum,13.17815,55.57984,0.468
12630704,Bara Torup,13.18004,55.5726,29.948
12630705,Bara Bjärshög,13.15774,55.58864,3.981
12630801,"Klågerup, Hyby, Holmeja",13.27301,55.57147,54.974
12630802,Klågerup Centrum,13.2487,55.59437,0.575
12640101,Skurup NV,13.47457,55.48732,5.154
12640102,Skurup NO,13.52396,55.4841,4.377
12640103,Skurup SV,13.48421,55.4705,4.749
12640104,Skurup SO,13.51549,55.46548,6.584
12640601,Skivarp N,13.54081,55.44089,40.181
12640602,Skivarp S - Abbekås,13.66069,55.27099,351.105
12641001,Rydsgård,13.58889,55.46673,22.769
12641101,Slimminge,13.56312,55.52991,78.725
12650101,Sjöbo Sandbäck,13.70627,55.6208,13.596
12650301,Sjöbo Emanuel,13.71149,55.6319,1.578
12650302,Sjöbo Centrum,13.69836,55.63125,0.826
12650303,Sjöbo Färsinga,13.65606,55.64424,17.352
12650304,Sjöbo Linné,13.72973,55.64753,14.453
12650401,Sövde,13.71149,55.56703,75.692
12650501,Blentarp,13.57799,55.56854,49.068
12650601,Everlöv,13.58225,55.6071,27.607
12650901,Vanstad,13.80172,55.63449,91.61
12651001,Lövestad,13.90759,55.66611,54.96
12651101,Fränninge,13.83522,55.7385,58.424
12651201,Vollsjö,13.74818,55.6822,40.945
12651501,Östra Kärrstorp,13.64298,55.70144,62.521
12660201,Hörby väst,13.60795,55.85113,12.838
12660202,Hörby norr,13.67568,55.86622,6.443
12660203,Hörby sydväst,13.61831,55.82519,36.731
12660204,Hörby öst,13.71067,55.82785,13.856
12660301,Långaröd,13.83641,55.798,97.039
12660501,Ludvigsborg,13.66225,55.90701,94.665
12660701,Östraby-Västerstad,13.66898,55.7614,73.097
12660801,Svensköp,13.81138,55.8722,100.124
12670201,Höör/Bokeslund,13.58352,55.94131,17.215
12670202,Höör/Ormanäs,13.45263,55.92303,14.131
12670203,Höör/Veterinärsområdet,13.56297,55.9222,3.717
12670204,Höör/Centrum,13.54658,55.93487,0.662
12670205,Höör/Åkersberg,13.522,55.93561,4.126
12670206,Höör/Stanstorp,13.49577,55.90635,12.328
12670301,Höör/Snogeröd,13.4974,55.8373,73.902
12670401,Höör/Orup,13.54981,55.90563,7.553
12670601,Höör/Frostavallen,13.47697,55.97037,95.1
12670801,Höör/Tjörnarp,13.54898,56.02383,92.513
12700510,Tomelilla S,13.95388,55.52169,51.697
12700511,Tomelilla tätort SV,13.94595,55.54034,0.703
12700512,Tomelilla Ö,13.99194,55.53523,5.851
12700513,Tomelilla V och Tryde,13.92621,55.55243,11.614
12700607,Onslunda,13.99727,55.59385,89.637
12700910,Smedstorp,14.07152,55.54832,91.279
12701113,Brösarp,14.00429,55.70716,148.323
12720101,Ivetofta,14.47159,56.1065,14.223
12720102,Bromölla Västra,14.44622,56.07045,4.738
12720103,Bromölla Östra,14.53266,56.10325,30.181
12720104,Bromölla Centrala,14.48025,56.08001,1.049
12720105,Bromölla Södra,14.48789,56.06768,1.702
12720201,Nymölla-Gualöv-Valje,14.49368,56.02731,46.657
12720301,Näsum,14.50457,56.17469,99.387
12730101,Osby Sydväst,13.94585,56.35357,18.837
12730102,Osby Nordväst,13.83194,56.41703,91.315
12730103,Osby Norra,13.99419,56.42454,41.317
12730104,Osby Nordöst,14.0882,56.39909,80.912
12730105,Osby Södra,14.00405,56.34719,27.951
12730201,Örkened Centralt,14.31991,56.39692,1.555
12730202,Örkened,14.26216,56.39272,234.644
12730301,Loshult/Killeberg,14.15342,56.47837,104.774
12750101,Södra,13.4065,56.11995,21.529
12750102,Västra,13.37502,56.14636,0.938
12750103,Östra,13.39699,56.14442,1.544
12750104,Centrum och Norra,13.43208,56.14831,8.634
12750105,Oderljunga,13.36771,56.20166,130.071
12760101,Klippan N-Gråmanstorp mfl,13.12974,56.17244,36.707
12760102,Klippan NÖ-Solslätt,13.14957,56.13578,1.063
12760103,Klippan V,13.11119,56.12989,3.072
12760106,Klippan SÖ-Nyslätt-Elfdalen,13.15367,56.12878,3.813
12760204,Storäng-Vedby mfl,13.23476,56.17427,60.15
12760305,Krika-Bonnarp-Nybygget,13.1597,56.0856,51.219
12760410,Riseberga-Färingtofta mfl,13.38594,56.06553,134.13
12760507,Ljungbyhed N,13.25256,56.10162,26.617
12760508,Ljungbyhed S,13.2331,56.04622,21.965
12760711,Östra Ljungby,13.07218,56.18717,26.057
12760712,Stidsvig,13.1135,56.21098,16.221
12770101,Åstorp  Centrum,12.94805,56.1371,0.602
12770102,Åstorp  Björnekulla,12.96336,56.14718,6.646
12770105,Åstorp  Bjärshög,12.93526,56.13458,0.423
12770106,Åstorp  Dala,12.92965,56.12805,2.888
12770107,Åstorp  Öster,12.9767,56.12852,4.728
12770110,Åstorp Norr,12.95002,56.14498,1.514
12770203,Nyvång,12.89112,56.12805,6.532
12770204,Hyllinge,12.87685,56.11027,11.607
12770308,Kvidinge tätort,13.04316,56.13679,2.58
12770309,Kvidinge landsbygd,13.01071,56.13096,55.51
12780101,Båstad Västra,12.84411,56.47137,12.827
12780102,Båstad Östra,12.85911,56.42709,3.354
12780202,Förslöv Västra,12.74595,56.33598,34.673
12780203,Förslöv Östra,12.84146,56.34862,17.147
12780303,Grevie,12.74856,56.36803,71.538
12780404,Västra Karup,12.66247,56.38736,86.753
12780607,Torekov-Hov,12.51487,56.45233,606.579
12780703,Östra Karup,12.91821,56.4023,38.847
12780704,Hemmeslöv-Riviera,12.86158,56.47479,14.237
12800101,Gamla staden V,12.98815,55.60301,0.705
12800102,Gamla staden-Stortorget,12.96599,55.64173,44.699
12800103,Gamla staden-Caroli,13.007,55.60698,0.107
12800104,Gamla staden-Ö Tullgatan,13.01157,55.60732,0.075
12800105,Gamla staden-Österport,13.01027,55.60454,0.088
12800106,Davidshall,12.9974,55.59881,0.082
12800107,Davidshall-Lugnet,13.00071,55.59881,0.102
12800108,Västra hamnen,12.97273,55.61193,0.271
12800109,Västra hamnen-Flaggskeppet,12.9766,55.61639,0.188
12800110,Västra hamnen-Dockplatsen,12.9873,55.61722,0.358
12800111,Slussen-Ö Förstadsg,13.01792,55.608,0.107
12800112,Slussen,13.017,55.60663,0.073
12800113,Östervärn-Fredsgatan,13.0247,55.60759,0.197
12800114,Östervärn-Nobelv,13.02838,55.60624,0.105
12800115,Ellstorp,13.03262,55.60443,0.215
12800116,N Sorgenfri,13.02989,55.59807,0.425
12800117,Värnhem,13.02526,55.60302,0.084
12800118,Rörsjöstaden-Rörsjöparken,13.01968,55.605,0.119
12800119,Rörsjöstaden-Kungsgatan,13.01017,55.6027,0.206
12800120,V Sorgenfri-Betania,13.01222,55.59789,0.058
12800121,V Sorgenfri-Rörsjö,13.01537,55.59992,0.166
12800122,Lugnet-Rörsjö,13.00655,55.60021,0.117
12800123,Lugnet,13.00452,55.5982,0.065
12800124,Rådmansvången-Triangeln,13.0017,55.59602,0.121
12800125,Rådmansvången-Stadshuset,13.00768,55.59619,0.111
12800126,Rådmansvången-S Förstadsgatan,13.00645,55.5924,0.071
12800127,Rådmansvången-Tandläkarhögskolan,13.00209,55.59197,0.196
12800128,Västra hamnen-Fullriggaren,12.98162,55.61699,0.14
12800129,Gamla staden-S Promenaden,13.00568,55.60348,0.173
12800130,Rörsjöstaden-Föreningsgatan,13.01644,55.6027,0.079
12800131,Västra hamnen-Kockum fritid,12.9787,55.60837,0.239
12800132,Katrinelund-Värnhem,13.02551,55.6002,0.367
12800133,Västra hamnen-Isbergs gata,12.98946,55.61325,0.18
12800134,Västra hamnen-Bassängkajen,12.98996,55.60888,0.59
12800135,Västra hamnen-Bomgatan,12.9814,55.61236,0.087
12800136,Västra hamnen-Varvsparken,12.97838,55.61277,0.121
12800137,Värnhem-Rörsjö,13.02155,55.60303,0.092
12800201,Möllevången-Bergsgatan,13.01089,55.59618,0.083
12800202,V Sorgenfri-Mariagatan,13.01771,55.59609,0.131
12800203,V Sorgenfri-Nobelv,13.0189,55.59404,0.059
12800204,Möllevångstorget N,13.00981,55.59287,0.07
12800205,Möllevången-Folkets park,13.01365,55.59288,0.13
12800206,Möllevången-Karlskronaplan,13.01716,55.59273,0.062
12800207,Möllevången-Bangatan,13.00781,55.58941,0.051
12800208,Möllevången-Södervärnsplan,13.01175,55.58905,0.078
12800209,Södervärn,13.00858,55.58691,0.113
12800210,Flensburg-Allm sjukhuset,13.00257,55.58561,0.595
12800211,S Sofielund-Seved,13.0116,55.58365,0.096
12800212,N Sofielund-Sofielundsskolan,13.01503,55.58661,0.27
12800213,S Sofielund-Bryggeriet,13.01663,55.5816,0.127
12800214,N Sofielund-Nobelv,13.01746,55.58961,0.06
12800215,N Sofielund-Nobeltorget,13.0203,55.59086,0.069
12800216,Ö Sorgenfri-Kiviksgatan,13.02428,55.5916,0.102
12800217,Ö Sorgenfri-Nobelv,13.02275,55.59425,0.08
12800218,Ö Sorgenfri-Sorgenfrivägen,13.02797,55.59417,0.108
12800219,Ö Sorgenfri-Brantevik,13.0299,55.59193,0.088
12800220,Annelund,13.02474,55.58712,0.495
12800221,Lönngården,13.02653,55.58236,0.102
12800222,Möllevångstorget S,13.00883,55.59109,0.053
12800301,Hästhagen,12.99257,55.59809,0.166
12800302,Fågelbacken N,12.98726,55.59612,0.074
12800303,Kronprinsen,12.98628,55.59799,0.093
12800304,Fågelbacken S,12.98658,55.59475,0.068
12800305,Kronborg-Teatern,12.99245,55.59192,0.67
12800306,Rönneholm SO,12.98123,55.59489,0.085
12800307,Rönneholm-Mariedalsv,12.97942,55.59615,0.057
12800308,Rönneholm NV,12.97439,55.5972,0.068
12800309,Rönneholm NO,12.98209,55.59757,0.069
12800310,Rönneholmsparken,12.97301,55.59568,0.202
12800311,Ribersborg SO,12.98131,55.59966,0.048
12800312,Ribersborg NO,12.98048,55.60154,0.067
12800313,Ribersborgsskolan,12.97694,55.60059,0.087
12800314,Ribersborg-Limhamnsvägen,12.93147,55.6242,11.636
12800315,Ribersborg-Nicoloviusg,12.97291,55.60111,0.067
12800316,Ribersborg-Regementsg,12.97434,55.59971,0.107
12800317,Fridhem,12.96473,55.59835,0.322
12800318,Västervång-Fridhem,12.95839,55.59424,0.44
12800319,Mellanheden,12.96648,55.5903,0.319
12800320,Dammfri-Köpenhamnsvägen,12.97296,55.59275,0.1
12800321,Dammfri-Korsörvägen,12.9797,55.59242,0.109
12800322,Solbacken,12.9755,55.58794,0.342
12800323,Dammfri-John Ericssons väg,12.9795,55.59086,0.102
12800324,Kronborg,12.98458,55.59087,0.105
12800401,Bellevue-Nya Bellevue,12.91826,55.60576,10.347
12800402,Rosenvång,12.95257,55.58283,0.503
12800403,Gamla Limhamn-Bellevue,12.94668,55.58571,0.443
12800404,"Limhamn, Ön",12.89349,55.60441,2.961
12800405,Gamla Limhamn-Tegnérgatan,12.92923,55.58378,0.254
12800406,Gamla Limhamn-Linnéskolan,12.93931,55.58285,0.172
12800407,Sibbarp N,12.92453,55.58149,0.126
12800408,Annetorp N,12.94079,55.57754,0.411
12800409,Djupadal N,12.94668,55.57531,0.798
12800410,Annetorp S,12.93203,55.57498,0.496
12800411,Sibbarp S,12.92088,55.57752,0.516
12800412,Sibbarp-Hammars Park,12.8646,55.57957,12.322
12800413,Djupadal-Ö Rosenvång,12.96144,55.57839,0.434
12800414,Djupadal-Broddaparken,12.95532,55.57174,0.434
12800415,Hyllieby,12.96333,55.56955,0.515
12800416,Bunkeflostrand N,12.83248,55.56823,16.709
12800417,Bunkeflostrand-Fjärilsg,12.83581,55.55251,7.833
12800418,Bunkeflostrand-Ängslätt,12.92332,55.55476,0.731
12800419,Bunkeflostrand-Strandhem,12.84292,55.54178,17.044
12800420,Annestad N,12.93399,55.5589,0.391
12800421,Bunkeflo-Vintrie,12.97848,55.54664,6.854
12800422,Klagshamn N,12.8183,55.51426,67.819
12800423,Tygelsjö Ö,13.0159,55.51541,4.072
12800424,V Klagstorp-Tygelsjö V,12.96906,55.52306,7.979
12800425,Limhamn-Dragörkajen,12.87475,55.59509,7.686
12800426,Kalkbrottet,12.93157,55.56891,1.349
12800427,Annestad S,12.93804,55.55331,1.161
12800428,Elinelund N,12.95182,55.56819,0.292
12800429,Limhamn-Cementparken,12.93308,55.58744,0.092
12800430,Limhamn-Fendertorget,12.92754,55.58837,0.104
12800431,Limhamn-Fernissagatan,12.93905,55.58999,0.113
12800432,Limhamn-Formgatan,12.93122,55.59003,0.108
12800433,Limhamn-Rosengrens gata,12.93217,55.5922,0.185
12800434,Klagshamn S-Tygelsjö vång,12.95054,55.51139,10.103
12800435,Elinelund S,12.9486,55.56355,0.883
12800436,Gamla Limhamn-Valborgsgatan,12.94117,55.58839,0.371
12800501,Lorensborg N,12.98436,55.58786,0.122
12800502,Lorensborg V,12.97922,55.58564,0.097
12800503,Lorensborg SO,12.98362,55.58449,0.151
12800504,Bellevuegården V,12.97277,55.58315,0.163
12800505,Bellevuegården Ö,12.98002,55.58058,0.165
12800506,Kroksbäck N,12.97458,55.57815,0.218
12800507,Kroksbäck V,12.96723,55.57858,0.467
12800508,Kroksbäck S,12.97685,55.57371,0.463
12800509,Borgmästaregården S,12.99144,55.58442,0.46
12800510,Borgmästaregården N,12.99592,55.58552,0.097
12800511,Södertorp,12.98782,55.57832,0.458
12800512,Gröndal,12.99721,55.57736,0.221
12800513,Kulladal N,13.0026,55.57622,0.174
12800514,Kulladal-Per Albin Hanssons väg,12.99415,55.57027,0.74
12800515,Kulladal-Kulladalsgatan,13.00234,55.57071,0.187
12800516,Holma N,12.98646,55.57395,0.179
12800517,Holma S,12.98424,55.57063,0.176
12800518,Lindeborg-Axel Danielssons väg,12.99799,55.5631,0.504
12800519,Lindeborg Centrum,12.99049,55.56023,0.38
12800520,Lindeborg-Stolpalösaparken,12.99148,55.55572,1.375
12800521,Hyllievång-Tennisgränd,12.97017,55.56569,1.352
12800522,Hyllievång-Allétorget,12.97868,55.56241,0.08
12800523,Hyllievång-Dagvattenparken,12.98276,55.5648,0.18
12800524,Hyllievång-Sagas gränd,12.98129,55.55856,0.175
12800525,Hyllievång-Skrivaregatan,12.9725,55.55973,0.357
12800526,Bellevuegården-Hålsjön,12.97645,55.5831,0.079
12800601,Heleneholm,13.01158,55.58008,0.444
12800602,Eriksfält,13.00983,55.5743,0.396
12800603,Almhög V,13.02003,55.57653,0.16
12800604,Almhög Ö,13.02584,55.57509,0.177
12800605,Augustenborg N,13.02231,55.58182,0.118
12800606,Augustenborg S,13.02594,55.57831,0.212
12800607,Hindby,13.03897,55.57492,0.689
12800608,Nydala NV,13.01758,55.57426,0.077
12800609,Nydala NO,13.01891,55.57257,0.126
12800610,Nydala SO,13.01925,55.57013,0.143
12800611,Gullviksborg,13.02436,55.56961,0.239
12800612,Gullvik,13.03512,55.57014,0.752
12800613,Ö Söderkulla,13.01319,55.56788,0.172
12800614,Hermodsdal,13.01824,55.56753,0.135
12800615,Hermodsdal-Gullviksborg,13.02218,55.5653,0.232
12800616,V Söderkulla-Söderkullagatan,13.01061,55.57005,0.198
12800617,V Söderkulla Centrum,13.00637,55.56938,0.086
12800618,V Söderkulla-Fosietorp,13.00636,55.56586,0.169
12800619,Lindängen N,13.01113,55.56294,0.313
12800620,Lindängen Centrum,13.01213,55.55987,0.181
12800621,Almvik,13.00416,55.56065,0.164
12800622,Lindängen Ö,13.01861,55.56092,0.097
12800623,Lindängen-Almvik,13.00743,55.55618,0.713
12800624,Lindängen-Kastanjegården,13.0484,55.55848,6.358
12800625,Lindängen-Vårsången,13.01819,55.55741,0.075
12800701,Oxie Kyrkby N,13.10383,55.54992,1.384
12800702,Oxie Kyrkby Ö,13.09587,55.545,0.521
12800703,Oxie Kyrkby-Toarp,13.11703,55.54236,2.019
12800704,Kristineberg,13.06182,55.54857,4.231
12800705,Käglinge,13.08295,55.53344,0.829
12800706,Oxievång Ö,13.10338,55.53647,0.819
12800707,Oxievång V,13.09152,55.53821,0.333
12800708,Käglinge-Lockarp,13.05141,55.53141,12.916
12800801,Törnrosen,13.03228,55.58555,0.135
12800802,Örtagården V,13.03616,55.5843,0.133
12800803,Persborg,13.03127,55.5815,0.114
12800804,V Kattarp,13.0412,55.57863,0.469
12800805,Rosengård centrum,13.0446,55.58289,0.508
12800806,Apelgården S,13.04128,55.58831,0.102
12800807,Apelgården N,13.04356,55.59399,1.168
12800808,Kryddgården S,13.05303,55.58463,0.157
12800809,Herrgården,13.05203,55.58263,0.104
12800810,Kryddgården N,13.05281,55.58878,0.203
12800811,Törnrosen-Örtagården,13.03626,55.58766,0.151
12800812,Örtagården Ö,13.04001,55.58449,0.078
12800901,Riseberga-Storhällagatan,13.08777,55.60021,0.809
12800902,Riseberga-Ringbergagatan,13.08203,55.60172,0.907
12800903,Videdal N,13.05919,55.59284,0.644
12800904,Videdal S,13.06728,55.58972,0.459
12800905,Virentofta V,13.07565,55.5881,0.569
12800906,Virentofta Ö,13.08414,55.58921,0.444
12800907,Höja,13.06011,55.58352,0.314
12800908,Stenkällan-Höja,13.0682,55.58249,0.316
12800909,Stenkällan-Jägersro Villastad,13.06675,55.5732,2.278
12800910,Ö Skrävlinge-Kvarnby,13.0904,55.57491,3.912
12800911,S Sallerup,13.12887,55.57979,15.668
12800912,Almgården,13.05506,55.57507,0.85
12800913,Ö Skrävlinge-Gyllins,13.09893,55.59645,1.37
12800914,Riseberga-Elsa Anderssons gata,13.06545,55.59968,0.913
12801001,Kirsebergsstaden-Rostorp,13.0428,55.61301,0.477
12801002,Kirsebergsstaden-Solgatan,13.04132,55.60658,0.464
12801003,Kirsebergsstaden-Kirsebergstornet,13.0334,55.60919,0.117
12801004,Johanneslust,13.04832,55.60281,0.575
12801005,Kirsebergsstaden-Beijers park,13.04747,55.60986,0.326
12801006,Segevång Ö,13.06349,55.61544,0.483
12801007,Segevång V,13.05053,55.61554,0.074
12801008,Segevång N,13.06001,55.6232,1.219
12801009,Håkanstorp,13.04313,55.59791,0.255
12801010,Bulltofta-Valdemarsro,13.06573,55.60617,2.143
12801011,Segevång S,13.05653,55.61271,0.258
12810101,"Centrum, Krafts rote",13.19607,55.706,0.27
12810102,"Centrum, Clemens rote",13.18969,55.70516,0.208
12810103,"Centrum, Vårfru rote",13.19924,55.70254,0.129
12810104,Mårtenslund,13.2022,55.70018,0.099
12810105,Nöden,13.19361,55.69792,0.09
12810106,Revingelyckan-Margretedal,13.19508,55.69624,0.125
12810107,Stampelyckan-Planetstaden,13.20894,55.69569,0.427
12810108,"Centrum,  Drottens rote-Svanelyckan",13.18546,55.69925,0.349
12810109,Ulrikedal,13.20383,55.69813,0.1
12810110,Gylleholm,13.20015,55.69731,0.092
12810111,"Centrum, Färgaren",13.19241,55.70024,0.126
12810201,Kobjer-Sliparelyckan,13.17861,55.71505,0.727
12810202,Pilelyckan-Rådmansvången,13.16709,55.69627,0.952
12810203,Papegojelyckan Ö,13.17421,55.704,0.271
12810204,Väster,13.18171,55.70268,0.334
12810205,Spoletorp V,13.18378,55.70852,0.168
12810206,Papegojelyckan V,13.16624,55.70382,0.322
12810207,Värpinge - Klosters Fälad,13.13973,55.71017,6.078
12810208,Värpinge gård,13.15629,55.70588,0.29
12810209,Vildanden,13.16789,55.70915,0.106
12810210,Måsen,13.17156,55.70795,0.128
12810211,Klosterhusen,13.17811,55.70817,0.27
12810301,Råbylund Öster,13.24378,55.68477,3.435
12810302,"Linero, Vikingaparken",13.23571,55.69475,0.165
12810303,"Linero, Tre högars park",13.23895,55.69909,0.692
12810304,"Linero, Gårdarike",13.24948,55.70285,0.536
12810305,Norränga,13.25035,55.69223,1.114
12810306,Råbylund Väster,13.21215,55.68788,2.531
12810401,Olshög-Professorsstaden,13.20259,55.70741,1.117
12810402,Spoletorp Ö,13.18943,55.7094,0.134
12810403,Tuna Öster,13.21774,55.71436,0.61
12810404,Galjevången,13.21531,55.70405,0.555
12810405,Möllevången Ö,13.20222,55.71762,0.486
12810406,Möllevången V,13.19098,55.71673,0.517
12810407,Plantagelyckan,13.18866,55.71383,0.272
12810408,Tuna Väster,13.20966,55.71266,0.461
12810501,Nöbbelövs centrum,13.18084,55.72908,0.678
12810502,Nöbbelöv-Oscarshem,13.17166,55.72626,0.789
12810503,Gunnesboparken,13.15693,55.72139,1.721
12810504,"Gunnesbo, Fornängen",13.1379,55.72903,1.821
12811301,"Sandby, Västervång-Hardeberga",13.28382,55.71501,22.148
12811302,"Sandby, Kyrkovång",13.37102,55.73662,10.611
12811303,"Sandby, Fågelsång-Assarhusa",13.32952,55.70262,8.284
12811304,"Sandby, Östervång-Revinge",13.45747,55.7143,28.623
12811305,Sandby Centrum,13.34509,55.71798,0.616
12811601,"Dalby, Centrum-Nyvång",13.34865,55.66616,0.717
12811602,"Dalby, Norrevång",13.3188,55.66941,12.453
12811603,"Dalby, Stationen-Påskagänget",13.37747,55.64496,22.146
12811604,"Dalby, Pinnmöllan-Rökepipan",13.37934,55.67456,7.842
12811605,Torna Hällestad,13.42595,55.68075,26.3
12811606,Dalby Kolonin,13.35676,55.6666,0.95
12812001,"Genarp, Slätterna",13.37626,55.59946,10.465
12812002,"Genarp, Ekesvång",13.44546,55.58193,89.91
12812101,"Veberöd, Björkhaga-Trulsbo",13.53463,55.67268,66.181
12812102,"Veberöd, Gamla byn",13.48829,55.63694,1.142
12812103,"Veberöd, Idala",13.49189,55.60784,27.281
12812104,Veberöd Raggeborg,13.50813,55.62788,1.26
12812401,Hospitalsgården-Järnåkra,13.19439,55.6867,1.064
12812402,Nilstorp,13.20149,55.69249,0.527
12812403,Klostergården SV,13.17526,55.69214,0.172
12812404,Klostergården N,13.17874,55.69626,0.323
12812405,Sankt Lars,13.17883,55.68766,1.499
12812406,Klostergården SÖ,13.183,55.69227,0.104
12812407,Klostergården Centrum,13.1798,55.69223,0.082
12812501,"N Fäladen, Kämnärsrätten SÖ",13.21942,55.72108,0.187
12812502,Sankt Hans park,13.19286,55.72424,0.658
12812503,Fäladstorget,13.20566,55.72587,0.279
12812504,"N Fäladen, Borgareparken",13.21652,55.72607,0.438
12812505,Ladugårdsmarken,13.21887,55.73348,2.931
12812506,Annehem,13.19271,55.72886,0.672
12812507,Delfi,13.212,55.72176,0.084
12812508,"N Fäladen, Kämnärsrätten NV",13.2172,55.72244,0.086
12812509,"N Fäladen, Rådhusrätten",13.2062,55.72165,0.209
12812510,Offerkällan,13.19835,55.7263,0.173
12812511,Brunnshög,13.2427,55.72484,2.957
12812512,"Brunnshög, Solbjer",13.2281,55.71741,0.259
12812601,"Östra Torn, Spexaren",13.2287,55.71453,0.317
12812602,Vipelyckan,13.22491,55.70012,0.64
12812603,"Östra Torn, Gåsatoften",13.22853,55.7082,0.613
12812604,"Östra Torn, Vänortsparken",13.23862,55.7149,0.589
12812605,"Östra Torn, Orkesterparken",13.25236,55.71047,1.552
12812606,Mårtens Fälad,13.23935,55.70475,0.688
12812701,Vallkärra,13.16444,55.74316,11.566
12812702,Torn,13.23065,55.75758,46.804
12820101,Citadellstaden,12.78571,55.8623,42.026
12820102,Fröjdenborg,12.79743,55.87973,4.631
12820103,Norra Förstaden,12.83407,55.87363,0.199
12820104,Centrum,12.8324,55.8698,0.185
12820105,Dammhagen,12.83981,55.87273,0.196
12820106,Gustav Adolf,12.84983,55.87631,0.287
12820107,S:t Olov,12.84033,55.87843,0.448
12820108,Albano,12.83164,55.87887,0.203
12820109,Larvi,12.82374,55.88218,0.634
12820110,Sandvången,12.83532,55.8841,0.169
12820111,Helgebröten,12.84228,55.88178,0.385
12820112,Norrestad,12.84776,55.88568,0.813
12820113,Karlslund,12.83791,55.89997,3.92
12820114,Västra Fäladen,12.823,55.89026,0.431
12820115,Drottningen,12.8209,55.89535,0.612
12820116,Svaneholm,12.76953,55.89346,9.471
12820117,Norra Borstahusen,12.77556,55.90567,6.796
12820118,Weibullsholm,12.86724,55.87961,4.296
12820201,Ven,12.69746,55.9009,21.898
12820301,Annelöv,13.00734,55.84285,22.829
12820401,Häljarp Norra,12.85458,55.84613,40.31
12820402,Häljarp Södra,12.82215,55.81765,36.871
12820501,Asmundtorp,12.94474,55.89568,23.488
12820801,Härslöv,12.87744,55.91062,29.483
12820802,Glumslöv Norra,12.7407,55.94722,32.546
12820803,Glumslöv Södra,12.79055,55.9265,18.667
12830101,Olympia,12.70375,56.04818,0.271
12830102,Centrum S,12.69629,56.04464,0.271
12830103,Centrum V,12.67467,56.04539,2.331
12830104,Slottshöjden S,12.69739,56.05253,0.138
12830105,Slottshöjden N,12.71179,56.05524,1.029
12830106,Stattena,12.69982,56.05908,0.333
12830107,Centrum Ö,12.69697,56.04851,0.33
12830108,Tågaborg Ö,12.69689,56.0556,0.073
12830109,Tågaborg S,12.69247,56.05383,0.149
12830110,St Jörgens plats,12.68811,56.05203,0.09
12830111,Tågaborg M,12.68877,56.05605,0.11
12830112,Tågaborg N,12.68777,56.06171,0.497
12830113,Pålsjöbaden,12.65569,56.07066,10.851
12830114,Pålsjö Ö,12.69787,56.07157,0.723
12830115,Ringstorp C,12.70314,56.06301,0.23
12830116,Berga,12.72153,56.07553,2.886
12830117,Mariastaden N,12.7023,56.0873,1.365
12830118,Mariastaden V,12.68441,56.08445,1.453
12830119,Mariastaden Ö,12.71041,56.08048,0.739
12830120,Ringstorp Ö,12.70813,56.06327,0.203
12830121,Tågaborg C,12.69394,56.05827,0.186
12830122,Margaretaplatsen,12.66551,56.05066,2.192
12830123,Ringstorp N,12.69725,56.06571,0.381
12830124,Mariastaden S,12.69738,56.07927,0.429
12830201,Furutorp,12.70969,56.03617,0.13
12830202,Stadsparken,12.70405,56.04089,0.077
12830203,Högaborg V,12.7105,56.03847,0.102
12830204,Eneborg V,12.70872,56.0408,0.057
12830205,Wilson park,12.71366,56.0467,0.428
12830206,Eneborg M,12.709,56.04256,0.061
12830207,Högaborg Ö,12.71452,56.03982,0.08
12830208,Viskängen,12.71955,56.04159,0.359
12830209,Närlunda,12.72217,56.03465,0.563
12830210,Eskilsminne,12.73222,56.03386,0.546
12830211,Ragnvalla,12.7452,56.04921,1.064
12830212,Adolfsberg-Västergård S,12.74939,56.0417,0.54
12830213,Sofieberg,12.73571,56.04406,0.573
12830214,Husensjö,12.7286,56.04206,0.59
12830215,Rosengården Ö,12.73257,56.04963,0.187
12830216,Rosengården V,12.71973,56.04944,0.249
12830217,Västergård N,12.75417,56.04613,0.706
12830218,Gustavslund Ö,12.76772,56.03642,4.828
12830219,Söder,12.70566,56.03917,0.059
12830220,Gustav Adolf,12.68637,56.0334,4.36
12830221,Oceanhamnen,12.69628,56.04172,0.505
12830222,Eneborg Ö,12.71215,56.04331,0.122
12830223,Rosengården C,12.72693,56.04944,0.276
12830224,Gustavslund V,12.74389,56.03482,0.635
12830301,Råå S,12.74743,55.98928,12.776
12830302,Råå N,12.7341,56.00389,1.427
12830303,Högasten,12.69055,55.99833,15.574
12830304,Lussebäcken,12.72664,56.01915,0.539
12830305,Planteringen S,12.71578,56.02344,1.405
12830306,Planteringen N,12.67917,56.02161,3.857
12830307,Elineberg,12.72708,56.02608,0.439
12830308,Ramlösabrunn,12.7393,56.023,0.729
12830309,Ramlösa N,12.74045,56.02731,0.627
12830310,Humlegården,12.76048,56.0223,1.765
12830311,Ättekulla N,12.75564,56.01361,0.411
12830312,Raus S,12.74712,56.01116,1.48
12830313,Ramlösa Ö,12.75385,56.02718,0.798
12830314,Ättekulla Ö,12.76864,56.00873,2.84
12830401,Kattarp N,12.76504,56.19671,52.701
12830501,Kattarp S,12.7922,56.12007,23.426
12830601,Allerum,12.68235,56.11961,42.474
12830602,Hittarp-Domsten,12.60941,56.10593,24.347
12830603,Laröd V,12.6496,56.0882,3.283
12830604,Laröd Ö,12.66821,56.0927,1.657
12830701,Ödåkra V,12.74309,56.10273,2.208
12830702,Ödåkra Ö,12.75975,56.10346,1.375
12830703,Björka-Väla,12.76677,56.09346,5.012
12830901,Påarp V,12.8046,56.0303,7.24
12830902,Påarp Ö,12.83865,56.03337,6.205
12831201,Mörarp V,12.83186,56.07033,33.33
12831202,Mörarp Ö,12.89098,56.04157,16.352
12831301,Bårslöv Ö,12.86102,56.00754,18.681
12831302,Bårslöv V,12.79298,56.00731,2.889
12831601,Rydebäck N,12.71352,55.97011,16.199
12831602,Rydebäck S,12.75519,55.96217,2.569
12831603,Gantofta,12.83491,55.98022,15.811
12831604,Vallåkra-Ottarp,12.93144,55.95622,42.652
12831605,Rydebäck Ö,12.78606,55.96689,1.792
12831606,Rydebäck M,12.77544,55.96319,0.621
12831701,Fredriksdal V,12.71513,56.06061,0.166
12831702,Fredriksdal M,12.72171,56.05876,0.242
12831703,Drottninghög Ö,12.72866,56.06401,0.239
12831704,Drottninghög V,12.72021,56.06468,0.291
12831705,Dalhem-Källstorp,12.7287,56.06712,0.41
12831706,Dalhem S,12.74049,56.0653,0.318
12831707,Brohult,12.76172,56.0674,11.827
12831708,Lundsbäck,12.73818,56.05787,1.453
12831709,Fredriksdal Ö,12.72774,56.05936,0.155
12840001,Nyhamn V,12.36513,56.34153,362.254
12840002,Nyhamn Ö - Brunnby,12.60119,56.29302,78.954
12840003,Jonstorp V - Ingelsträde,12.63041,56.23377,69.974
12840004,Jonstorp Ö,12.71033,56.20653,30.676
12840005,Höganäs NV,12.46713,56.21431,21.965
12840006,Höganäs NÖ - Väsby,12.59484,56.21366,11.609
12840007,Höganäs C,12.47345,56.19221,29.652
12840008,Höganäs S,12.53985,56.18206,6.674
12840009,Höganäs SÖ,12.56969,56.19688,0.501
12840010,Höganäs Ö,12.58904,56.18475,3.71
12840011,Lerberget N,12.49373,56.17116,7.195
12840012,Lerberget S,12.49872,56.16387,6.187
12840013,Viken N,12.52322,56.15617,14.57
12840014,Viken Ö,12.58488,56.15441,1.625
12840015,Viken S,12.61764,56.15146,33.848
12850101,Centrum Sydost,13.31694,55.82759,3.647
12850102,Centrum Väster,13.29715,55.83551,0.504
12850103,Karlsro,13.29185,55.84576,0.814
12850104,Norr,13.30702,55.84763,0.68
12850105,Rönneberga,13.29726,55.85086,0.83
12850106,Solkullen,13.27617,55.84561,1.29
12850107,Väster,13.28332,55.83541,1.367
12850108,Sallerup,13.27588,55.8294,3.386
12850109,Berga,13.36192,55.85315,18.065
12850110,Örtofta,13.2592,55.8106,36.023
12850111,Centrum,13.30549,55.83968,0.181
12850201,Stehag,13.38879,55.90174,54.453
12850401,Västra Strö,13.25659,55.88232,56.582
12850801,Billinge,13.32977,55.96055,41.389
12850901,Skarhult,13.38083,55.81801,66.202
12851101,Marieholm,13.15984,55.86484,20.649
12851301,Löberöd,13.56252,55.78705,39.312
12851401,Harlösa,13.53271,55.72537,49.793
12851601,Flyinge,13.37714,55.76064,31.286
12860101,Edvinshem SÖ-Gjuteriet,13.80773,55.42364,0.795
12860102,Edvinshem N,13.78511,55.42774,1.927
12860103,Bellevue S,13.80768,55.4327,0.483
12860104,Bellevue N,13.80138,55.43825,0.623
12860105,Solbacken N,13.81171,55.44022,0.503
12860106,Hälsobacken,13.82537,55.44215,1.463
12860107,Egna hem-Solbacken SÖ,13.82032,55.435,0.53
12860108,Surbrunnen-Östra förstaden N,13.83211,55.43522,0.488
12860109,Ö förstaden S-Regementet-Sandskogen,13.84252,55.31681,122.56
12860110,Gamla staden V,13.81956,55.42417,0.836
12860111,Västra Sjöstaden-Åkesholm,13.78863,55.43339,0.85
12860112,Gamla staden Ö,13.82583,55.4278,0.402
12860401,Svarte-Snårestad-Bjäresjö-Sjörup mfl,13.74012,55.35576,155.272
12860701,StHerrestad-Hedeskoga-Bussjö-Källesj,13.84772,55.47068,46.109
12861101,Nybrostrand-St Köpinge-Svenstorp,13.90199,55.31246,102.057
12861102,Köpingebro,13.94007,55.45606,2.097
12861201,Sövestad-Baldringe-Högestad m fl,13.80432,55.51811,102.992
12861601,Löderup m fl,14.23099,55.32168,277.453
12861801,Glemmingebro-Ingelstorp-Kåseberga,14.01935,55.29852,371.607
12870101,Fuglie-Hammarlöv-Alstad,13.1326,55.44172,59.14
12870102,Skegrie,13.07694,55.40828,10.421
12870103,Skåre-Maglarp-Västra Tommarp,13.04057,55.2546,210.347
12870104,Tågarp-Västervång,13.13169,55.39527,5.114
12870105,Högalid-Lundhög,13.17542,55.40365,5.304
12870106,Granlunda-Söderslättshallen,13.16472,55.38551,1.316
12870107,Barnängen-Liljeskolan,13.16513,55.38008,0.37
12870108,Parken-Trelleborg Övre,13.1537,55.37939,0.356
12870109,Vannhög-Bastionen,13.14301,55.38197,0.822
12870110,Söderslättsgymnasiet-Hamngatan,13.15515,55.37433,0.267
12870111,Trelleborgen-S:t Nicolai,13.14949,55.37679,0.216
12870112,Friheden,13.14507,55.36809,1.386
12870113,Flaningen,13.13141,55.376,1.11
12870201,Centralstationen-Hamnen,13.15845,55.3668,1.069
12870202,Wemmenhögsgatan-S:ta Gertruds väg,13.16589,55.37555,0.27
12870203,Klockaregatan-Österlid,13.17593,55.37074,1.014
12870204,Flintedal-Kyrkoköpinge-Malörten,13.1869,55.39038,3.73
12870205,Pilevall-Dalköpinge kyrka,13.19806,55.38103,3.68
12870206,Fagerängen-Östra stranden,13.19017,55.36801,1.512
12870207,Dalköpinge-Svartesjö,13.21713,55.36556,3.248
12870208,Gislövs läge-Gylle-Bösarp,13.17744,55.25344,237.809
12870209,Norra Åby-Böste,13.27547,55.24213,119.055
12870210,Stora Isie-Äspö-Smygehamn,13.39678,55.252,276.706
12870211,Beddingestrand,13.51495,55.24526,97.814
12870212,Jordberga-Klagstorp-Önnarp,13.40127,55.40992,56.941
12870213,Anderslöv östra-Grönby-Näsbyholm,13.39436,55.46315,44.617
12870214,Anderslöv västra-Lilla Alstad,13.26974,55.44756,37.82
12900101,Centrum,14.15273,56.03094,0.526
12900102,Söder-Udden,14.17328,56.01877,3.456
12900103,Söder,14.16777,56.02746,0.309
12900104,Östermalm,14.16271,56.03134,0.263
12900105,Egna Hem - Parkstaden,14.17273,56.0342,1.221
12900106,Lyckans Höjd,14.15612,56.03713,0.612
12900107,Östra Fäladen,14.16055,56.04438,0.514
12900108,Gamlegården1,14.15557,56.06009,0.206
12900109,Gamlegården2,14.16367,56.06003,0.543
12900111,Kulltorp,14.17338,56.05351,1.64
12900112,Näsby norra,14.1522,56.05548,0.496
12900113,Näsby södra,14.13502,56.05307,8.674
12900114,Österäng,14.18729,56.0394,1.275
12900115,Öllsjö,14.09276,56.00923,2.089
12900116,Sommarlust,14.17435,56.04381,0.781
12900209,Charlottesborg - Härlöv,14.1276,56.02646,8.664
12900210,Hedentorp - Åsum,14.13835,55.9896,14.553
12900216,Vilan-Långebro,14.14649,56.01827,1.701
12900402,Träne - Djurröd - Skepparslöv,13.95875,56.00326,118.805
12900702,Vä,14.07854,55.99709,2.176
12900803,Köpinge - Nöbbelöv,14.12677,55.94977,73.04
12900901,Hammar,14.22701,56.03381,6.732
12900902,Nosaby,14.22818,56.06501,12.938
12900903,Hammarslund-Gamla Hammar och Araslöv,14.20654,56.01842,5.483
12901103,Österslöv - Balsby - Fjälkestad,14.22407,56.11635,103.106
12901303,Önnestad-Norra Strö,14.01647,56.09172,66.13
12901401,Färlöv,14.08069,56.08499,41.017
12901501,Åhus centrum,14.3001,55.92669,3.356
12901502,Åhus-Täppet,14.32833,55.93626,3.486
12901503,Åhus Transval-Sånna,14.28627,55.9254,2.317
12901505,Åhus Vattentornet-Ripa,14.24394,55.92147,33.562
12901506,Åhus Äspet,14.33512,55.90665,28.943
12901507,Åhus Vanneberga - Östra Sand,14.31514,55.95077,9.903
12901701,Everöd - Östra Sönnarslöv - Huaröd,13.99792,55.87465,141.179
12902301,Bäckaskog,14.44739,55.95063,329.85
12902401,Fjälkinge - Nymö,14.27587,56.03433,22.745
12902501,Gustav Adolf - Rinkaby,14.25457,55.99493,40.484
12902901,Degeberga - Hörröd,14.05092,55.81004,65.49
12903001,Yngsjö - Vittskövle - Maglehem,14.30466,55.83236,367.543
12903103,Tollarp-Linderöd-Äsphult,13.83687,55.95449,112.913
12903201,Tollarp centrum södra,14.01852,55.93658,8.726
12903202,Tollarp centrum norra,13.96187,55.95181,17.82
12903501,Oppmanna - Vånga - Arkelstorp,14.35065,56.20293,162.79
12910101,Simrishamn N,14.34124,55.565,2.925
12910102,Simrishamn C,14.34288,55.55375,0.567
12910103,Simrishamn S,14.35399,55.54828,2.819
12910204,Simris,14.43325,55.50946,328.171
12910408,Gladsax,14.30063,55.56844,38.18
12910609,Skillinge,14.35344,55.42464,79.752
12910710,Borrby,14.24095,55.41855,86.758
12911114,Gärsnäs,14.20612,55.5571,77.72
12911316,Hammenhög,14.18057,55.50635,51.332
12911720,S:t Olof,14.14425,55.68649,210.103
12911922,Kivik,14.41307,55.67944,381.432
12920101,Ausås-Strövelstorp,12.85585,56.1648,43.429
12920102,Höja-Starby,12.93103,56.19312,63.504
12920103,Skörpinge,12.86158,56.23038,2.506
12920104,Södra Utmarken,12.81493,56.23125,11.95
12920105,Willan,12.8703,56.23885,0.319
12920106,Ängavången,12.88067,56.23921,1.27
12920107,Centrum S,12.8614,56.23984,0.502
12920108,Nya Torg,12.87032,56.24828,0.232
12920109,Sockerbruket,12.8244,56.24855,5.164
12920110,Danielslund,12.81815,56.25968,9.696
12920111,Centrum N,12.86614,56.24504,0.265
12920201,Kungsgården,12.8921,56.24431,1.997
12920202,Munka Ljungby S,12.95294,56.24733,11.729
12920203,Tåssjö-Össjö,13.06884,56.28081,163.65
12920204,Munka Ljungby N,12.9339,56.28244,27.551
12920205,Rebbelberga,12.87966,56.26754,6.065
12920206,Pomona,12.85612,56.2699,0.89
12920207,Skälderviken,12.86736,56.28847,16.299
12920208,Magnarp,12.80052,56.30553,31.742
12920209,Vejbystrand,12.70786,56.30558,17.511
12920210,Hjärnarp S,12.92825,56.31193,22.731
12920211,Hjärnarp N,12.95229,56.3473,41.014
12930101,T4-området,13.76008,56.16685,0.97
12930102,Gäddastorp,13.7424,56.16512,1.656
12930103,Bokeberg,13.75949,56.15845,0.256
12930104,Stattena,13.7689,56.14325,2.697
12930105,Hässleholm C,13.76533,56.156,0.124
12930106,Djupadal,13.77662,56.1587,0.994
12930107,Haga,13.77406,56.15229,0.535
12930108,Kristinehem-Ekedal,13.77715,56.16651,1.066
12930109,Sjörröd,13.72661,56.14878,11.997
12930110,Östervärn-Röinge,13.7972,56.14746,1.202
12930111,Läreda,13.79579,56.16497,1.308
12930112,Ljungdala,13.78921,56.17743,2.596
12930113,Fredentorp,13.75271,56.15479,0.411
12930114,Bokalyckan,13.75174,56.16004,0.41
12930301,Stoby-Ignaberga,13.85085,56.14679,66.994
12930302,Ballingslöv,13.88631,56.21408,79.887
12930501,Vinslöv C,13.90883,56.0984,1.209
12930502,Vinslöv N,13.9367,56.13116,56.744
12930503,Vinslöv S,13.87262,56.06743,81.26
12930901,Hästveda V,13.83662,56.28201,101.324
12931002,Hästveda Ö,13.96,56.27811,38.623
12931203,Vittsjö utom tätorten,13.79893,56.35507,222.425
12931204,Vittsjö tätort,13.65466,56.33635,11.506
12931301,Bjärnum S,13.64992,56.28636,31.124
12931302,Bjärnum N,13.73554,56.30751,24.585
12931402,Vankiva,13.74322,56.21947,59.987
12931503,Sösdala Ö,13.73184,56.01293,101.465
12931504,Sösdala V,13.65067,56.05574,22.48
12931704,Tormestorp,13.72052,56.09584,50.936
12931901,Tyringe N,13.58666,56.16884,4.712
12931902,Tyringe V,13.49705,56.12228,45.596
12931903,Finja,13.65578,56.17782,33.753
12931904,Tyringe S,13.60227,56.10701,64.097
12932005,Röke-Hörja,13.57077,56.22222,187.942
13150101,Torup,13.03787,56.92541,140.957
13150102,Rydöbruk-Femsjö,13.33123,56.91616,170.527
13150201,Kinnared-Drängsered,13.03197,57.01981,166.825
13150401,Landeryd-Långaryd,13.32307,57.0306,212.635
13150501,Hyltebruk,13.30951,56.98995,12.026
13150502,Örnabäckshult,13.21125,56.99979,15.976
13150503,Staffansbo,13.27758,56.94977,68.053
13150701,Unnaryd-Jälluntofta,13.55374,56.97828,264.246
13800101,Centrum norra,12.85739,56.67661,0.183
13800102,Centrum västra,12.8506,56.67518,0.133
13800103,Centrum södra,12.85427,56.67351,0.153
13800104,Galgberget västra,12.85028,56.68286,1.181
13800105,Galgberget östra,12.86206,56.68214,0.514
13800106,Kärleken-Sofieberg västra och södra,12.85728,56.69412,1.967
13800107,Kärleken-Sofieberg östra,12.90142,56.70872,9.485
13800108,Mickedala,12.83499,56.67862,0.928
13800109,Rotorp norra,12.83094,56.67484,0.889
13800110,Rotorp södra-Alet,12.83261,56.65565,3.575
13800111,Kattegatt,12.84994,56.66257,1.384
13800112,Slottsjord,12.84726,56.67125,0.31
13800201,Centrum östra-Gamletull södra,12.86325,56.67405,0.147
13800202,Gamletull västra,12.86307,56.67702,0.099
13800203,Gamletull norra och östra,12.86937,56.67839,0.222
13800204,Furet,12.8805,56.68174,2.163
13800205,Frennarp,12.8821,56.69057,0.893
13800206,Nyatorp norra,12.87469,56.6761,0.319
13800207,Nyatorp södra,12.87131,56.67328,0.19
13800208,Nyhem västra,12.87352,56.67034,0.184
13800209,Nyhem norra och östra,12.88035,56.67091,0.2
13800210,Nyhem södra,12.88119,56.66654,0.224
13800211,Engelbrekt västra och södra,12.86773,56.66627,0.322
13800212,Östra Förstaden-Engelbrekt norra,12.85901,56.65148,5.891
13800213,Engelbrekt östra-Östra Stranden,12.85008,56.61144,32.95
13800214,Linehed södra,12.88956,56.66277,0.199
13800215,Linehed norra,12.88606,56.66951,0.295
13800216,Gustavsfält norra,12.89535,56.67157,0.363
13800217,Gustavsfält södra,12.89383,56.66581,0.299
13800218,Andersberg norra,12.90041,56.66416,0.618
13800219,Andersberg södra,12.90213,56.65727,0.283
13800301,Vallås västra,12.90199,56.67719,0.423
13800302,Vallås norra,12.90507,56.68759,1.737
13800303,Vallås östra,12.92422,56.68969,1.811
13800304,Vallås södra,12.91727,56.67897,0.859
13800305,Snöstorp östra-Brogård,12.94457,56.68563,2.957
13800306,Snöstorp västra,12.92485,56.66389,4.31
13800307,Fyllinge norra,12.93457,56.65381,3.337
13800308,Fyllinge södra,12.93149,56.63928,7.053
13800309,Skedala-Marbäck,13.00818,56.69222,43.325
13800401,Simlångsdalen,13.18651,56.74257,263.553
13800501,Oskarström västra och södra,12.95421,56.79209,11.241
13800502,Oskarström norra,12.96918,56.86065,43.628
13800503,Oskarström östra,13.07049,56.83723,84.492
13800701,Eldsberga-Tönnersjö,13.05883,56.62197,60.211
13800702,Gullbranna-Laxvik,12.9024,56.57485,49.665
13800801,Trönninge,12.99405,56.62978,31.427
13800901,Söndrum södra,12.80043,56.66067,0.755
13800902,Eketånga-Stenhuggeriet östra,12.80556,56.5948,11.446
13800903,Söndrum norra-Vapnö,12.80987,56.69307,19.857
13800904,Bäckagård-Pålsbo norra,12.78726,56.66372,0.677
13800905,Bäckagård-Pålsbo södra,12.78346,56.65738,0.566
13800906,Bäckagård-Trottaberg västra,12.75827,56.67181,4.727
13800907,Frösakull östra,12.74462,56.66938,2.521
13800908,Frösakull västra-Tylösand,12.50567,56.59351,354.174
13800909,Eketånga-Stenhuggeriet västra,12.77209,56.59412,37.461
13800910,Bäckagård-Trottaberg östra,12.77487,56.66519,1.557
13801001,Kärleken-Sofieberg norra-Holm,12.86532,56.75257,41.251
13801101,Gullbrandstorp södra-Villshärad,12.46397,56.66773,56.608
13801102,Gullbrandstorp norra-Onsjö-Ågarp,12.76251,56.7067,20.284
13801103,Haverdal,12.4297,56.67703,46.212
13801104,Harplinge,12.73646,56.7463,32.036
13801201,Steninge-Särdal,12.52645,56.72984,141.654
13801401,Getinge södra-Rävinge,12.72703,56.79336,26.721
13801402,Getinge norra,12.76206,56.82626,39.701
13801701,Kvibille-Slättåkra,12.87223,56.84568,114.631
13801901,Åled västra,12.9267,56.7465,21.568
13801902,Åled östra-Sennan,13.00134,56.74297,56.385
13810101,Laholm Centrum,13.05107,56.51146,0.888
13810102,Laholm Östra,13.05916,56.50009,2.612
13810103,Laholm Västra,12.99687,56.50451,17.164
13810104,Laholm Norra,13.09603,56.52336,66.084
13810105,Laholm Södra,13.04099,56.50018,2.443
13810106,Mellbystrand Södra,12.90496,56.49673,13.038
13810107,Mellbystrand Norra,12.89361,56.52671,33.307
13810301,Våxtorp,13.14101,56.39755,111.389
13810501,Hasslöv-Skottorp,12.99987,56.41874,59.204
13810502,Skummeslöv,12.9091,56.46849,21.598
13810601,Hishult,13.30734,56.39623,118.565
13810701,Ränneslöv,13.13773,56.46741,63.216
13810801,Vallberga-Ysby,13.11277,56.48906,41.574
13810901,Knäred,13.34818,56.54655,202.706
13811101,Veinge,13.19109,56.60957,196.406
13811102,Tjärby,13.03298,56.55776,17.412
13820101,FBG 1 V Gärdet-Hamnen-Gamla stan,12.46942,56.89117,3.772
13820102,FBG 2 Arvidstorp,12.48734,56.90942,0.663
13820103,FBG 3 Herting,12.5091,56.89834,1.739
13820104,FBG 4 V Gärdet-Smedjeholm,12.47428,56.90277,1.874
13820105,FBG 5 Centrum,12.49351,56.90534,0.294
13820106,FBG 6 Ö Gärdet-Vindilen-Fajans,12.51072,56.90757,1.071
13820107,FBG 7 N Skrea Strand,12.49171,56.88534,4.778
13820108,FBG 8 Hjortsberg,12.52183,56.88637,0.991
13820109,FBG 9 Tånga-Sloalyckan-V Tröinge,12.51324,56.91897,1.976
13820110,FBG 10 Falkagård-Stafsinge,12.2992,56.84058,119.76
13820112,FBG 12 S Skrea Strand-Ringsegård,12.33272,56.78244,76.247
13820201,Skrea Samhälle-Ringsegård,12.50036,56.82342,69.964
13820202,FBG 11 Slätten,12.53043,56.89392,1.6
13820301,Årstad,12.75095,56.91508,169.032
13820601,Slöinge,12.69276,56.85701,19.921
13820701,Ugglarp-Långasand,12.51646,56.78318,179.54
13820801,Skogstorp,12.31368,56.79743,41.516
13820901,Glommen-Olofsbo,12.19773,56.86756,160.329
13820902,Långås-Morup,12.19418,56.95238,166.483
13821001,Ljungby,12.54202,56.99168,65.265
13821101,Tröingeberg,12.53459,56.91325,5.283
13821102,Vinbergs Samhälle och kyrkby,12.54662,56.93654,33.908
13821201,Vessigebro,12.73635,57.00024,108.99
13821501,Köinge-Okome,12.66737,57.09148,120.486
13821901,Ätran-Fegen,12.99448,57.11143,188.096
13822301,Ullared,12.80273,57.12535,141.154
13822401,Älvsered,12.81365,57.23432,149.629
13830121,Värö,11.96049,57.23507,211.679
13830122,Stråvalla,12.20536,57.3008,20.322
13830123,Veddige V,12.31165,57.29062,48.571
13830124,Veddige Ö,12.38648,57.28276,32.452
13830126,Bua,11.89796,57.16847,123.189
13830129,Tångaberg-Kärra-Åskloster,12.02557,57.16593,78.698
13830130,Bläshammar-Trönningenäs,12.03854,57.13114,151.603
13830131,Lindberg-Tofta-Torpa,12.31504,57.16524,25.546
13830132,Valinge-Stamnared,12.3773,57.18768,42.505
13830135,Brunnsberg-Norrdal,12.25591,57.1153,0.445
13830136,Stenåsa-Äckregården,12.27676,57.11705,1.637
13830137,Gamleby,12.25561,57.1092,0.35
13830138,Trädlyckan,12.26602,57.1092,0.205
13830139,Håsten,12.284,57.11319,0.322
13830140,Karlberg,12.27861,57.10879,0.587
13830151,Kungsäter-Karl Gustav-Gunnarsjö,12.62697,57.28477,140.263
13830152,Derome-Sällstorp-Grimmared,12.42017,57.23832,81.06
13830153,Getterön-Lugnet-Göingegården Ö,12.02722,57.07033,146.019
13830154,Trönninge-Göingegården V,12.27462,57.14158,7.13
13830221,Skällinge-Nösslinge,12.51678,57.19637,96.154
13830222,Rolfstorp,12.51134,57.14207,54.582
13830223,Träslöv N,12.32147,57.12348,15.14
13830224,Grimeton-Gödestad-Hunnestad,12.43194,57.11145,62.008
13830225,Varberg centrum S,12.24125,57.10398,1.94
13830226,Varberg centrum N,12.25438,57.10596,0.254
13830227,Lorensberg-Tranelyckan,12.26574,57.10205,0.365
13830228,Lilla Träslöv,12.27582,57.10512,0.738
13830229,Hästhaga-Rosenfred,12.24769,57.09647,0.413
13830230,Mariedal,12.25683,57.09867,0.417
13830231,Sörse-Apelvikshöjd,12.26609,57.09579,0.625
13830232,Sörse-Ranelid,12.26526,57.09133,0.335
13830235,Apelviken-Nygård,12.08346,57.02593,96.99
13830237,Träslövsläge NV,12.10103,57.0008,23.723
13830238,Träslövsläge SÖ,12.24299,57.0179,58.697
13830239,Tvååker V,12.34764,57.01544,59.225
13830240,Tvååker Ö,12.43229,57.03065,18.88
13830251,Breared,12.28918,57.08557,2.659
13830252,Träslöv S,12.29126,57.09876,3.303
13830253,Spannarp-Sibbarp-Dagsås,12.51026,57.05482,102.65
13840101,Innerstaden,12.07631,57.48622,0.193
13840102,Västra Villastaden,12.07358,57.4804,0.976
13840103,Ö Villastaden/Signeskulle/Gårdskulla,12.08356,57.49107,0.69
13840104,Hålabäck,12.08692,57.48341,0.971
13840105,Hammerö,12.0973,57.48164,0.496
13840106,Hammerö Södra/Västra,12.09034,57.47566,0.881
13840107,Tingberget,12.06522,57.49156,0.603
13840201,Varla Södra,12.06904,57.49657,0.57
13840202,Varla Norra,12.06662,57.50259,3.554
13840203,Tölö,12.13949,57.52016,32.733
13840204,Fors,12.0982,57.49298,1.628
13840205,Hede,12.08647,57.50596,0.716
13840206,Björkris,12.05446,57.52179,23.572
13840301,Anneberg,12.11365,57.54273,8.477
13840302,Älvsåker,12.19726,57.55912,37.061
13840401,Vallda Sandö,11.9416,57.48311,13.65
13840402,Vallda Lerkil,11.73564,57.4415,263.242
13840403,Vallda Bröndome,12.01335,57.46292,23.579
13840404,Vallda Backa,11.98624,57.47328,4.671
13840501,Kyvik,11.92524,57.5555,4.373
13840502,Kullavik Centrum,11.9597,57.5525,2.658
13840503,Släps Kullen,11.87265,57.54023,22.792
13840504,Malevik/Släps Inland,11.99307,57.53046,19.701
13840505,Bukärrs Centrum,11.93999,57.52032,5.285
13840506,Särö,11.88973,57.5067,50.489
13840601,Frillesås Landsbygd,12.25558,57.33922,59.786
13840602,Frillesås Kust,12.16293,57.31567,5.299
13840801,Ölmevalla Östra,12.15452,57.36888,25.269
13840802,Ölmanäs,12.06513,57.3496,28.999
13840803,Åsa Centrum,12.11792,57.35529,1.542
13840901,Gällinge/Idala/Förlanda,12.3215,57.41001,113.314
13841201,Fjärås Norra,12.25346,57.51488,95.566
13841202,Fjärås/Må,12.17192,57.46032,1.704
13841203,Fjärås Södra,12.1856,57.42617,62.825
13841301,Hanhals,12.10376,57.4464,25.966
13841401,Forsbäck/Oskarsberg,12.04878,57.44801,5.935
13841402,Presse/Skällared,12.02612,57.43345,2.71
13841403,Onsala Kyrka,12.03185,57.41402,4.722
13841404,Onsala Rydet,12.00185,57.40346,2.602
13841405,Gottskär,12.0345,57.3919,8.824
13841406,Vässingö/Röda Holme,11.83903,57.28961,302.689
13841407,Onsala Västra,11.70321,57.34274,176.327
13841408,Kolla Norra,12.06391,57.48104,0.548
13841409,Kolla Södra,12.06309,57.47346,3.608
13841411,Onsala Södra,12.00261,57.34984,22.34
13841412,Åsa kust,12.1258,57.33654,6.291
14010101,Härryda,12.31677,57.68229,62.326
14010201,Backa-Eskilsby m.fl.,12.22739,57.65936,49.165
14010202,Landvetter centrum V-Skårtorp m.fl.,12.28029,57.70064,2.126
14010203,Landvetter centrum Ö-Snåkered m.fl.,12.23603,57.68993,1.97
14010204,Önneröd-Salmered,12.20839,57.69652,1.178
14010205,Tahult-Byvägen m.fl.,12.17736,57.70056,23.171
14010301,Kindbogården-Solsten m.fl.,12.10711,57.65925,1.214
14010302,Säteriet-Bråta m.fl.,12.10541,57.67414,10.635
14010303,Mölnlycke centrum m.fl.,12.12548,57.66533,1.687
14010304,Pixbo m.fl.,12.09096,57.65193,2.434
14010305,Högadal-Övre Skogen m.fl.,12.12682,57.65743,0.634
14010306,Djupedalsäng m.fl.,12.11951,57.65151,0.812
14010307,Nedre Skogen-Skinnefjäll m.fl.,12.1365,57.65347,0.523
14010308,Orrekullen-Långetjärnshöjd,12.14642,57.65295,0.707
14010309,Båtsmanstorpet m.fl.,12.11018,57.63541,7.82
14010310,Nysäter-Benareby m.fl.,12.16905,57.64623,10.811
14010311,Mölnlycke fabriker m.fl.,12.16468,57.66811,3.963
14010401,Älmhult-Bocköhalvön m.fl.,12.43302,57.71398,11.367
14010402,Rävlanda,12.51715,57.64415,20.794
14010403,Hällingsjö,12.42608,57.63503,40.156
14010404,Hindås centrum-Ingelse m.fl.,12.48879,57.69919,39.01
14020101,Brattåskärr S–Fröjasten–Soldatängen,12.09401,57.716,2.094
14020102,Oxled–Soldatheden,12.08,57.7185,0.375
14020103,Kullegården S–Puketorp,12.08891,57.72342,0.924
14020104,Vallhamra C–Ljungkullen,12.07218,57.7203,0.275
14020105,Brattåskärr N–Sotenäs S,12.06937,57.72537,0.907
14020106,Bethala-Sotenäs N,12.06827,57.73125,1.238
14020107,Kullegården N-Finngösa,12.08991,57.73341,0.69
14020108,Övre Björndammen-Björndammsterassen,12.10694,57.72629,2.401
14020109,Östra Centrum-Brodalen-Lexby Ö,12.12074,57.74279,0.553
14020110,Oluf Nilssons väg,12.11649,57.73781,0.167
14020111,Partille Centrum,12.1049,57.73883,0.368
14020112,Mellby-Paradiset,12.09216,57.74515,2.466
14020113,Lexbydal-Lexby V-Kåhög,12.11898,57.75931,13.328
14020114,Jonsered-Uddared,12.16396,57.73951,14.44
14020115,Skulltorp-Kåbäcken,12.13627,57.73596,1.546
14020116,Nedre Björndammen-Furuskog,12.11493,57.73384,0.603
14020117,Furulund,12.13492,57.72324,1.667
14020118,Timmerslätt,12.12724,57.72712,0.404
14020119,Björndammens Torg-Stenliden,12.1199,57.72953,0.429
14020120,Hålsjöområdet-Öjersjö S,12.09689,57.70075,9.172
14020121,Kåsjöområdet-Öjersjö N,12.1407,57.7088,4.291
14020122,Öjersjö Ö,12.14828,57.69991,0.937
14070101,"Björkö, Grötö och Kalvsund",11.68444,57.72951,27.68
14070105,"Hyppeln, Hälsö, Knippla och Rörö",11.4161,57.76517,260.324
14070106,Hönö Nordväst,11.4166,57.68981,189.668
14070107,Hönö Nordost,11.66108,57.696,2.023
14070110,Öckerö Norra,11.64488,57.72129,3.389
14070111,Öckerö Södra,11.61656,57.71387,8.035
14070112,Fotö och Hönö Södra,11.64811,57.66948,23.058
14150101,Spekeröd,11.9446,58.02321,55.094
14150201,Stenungestrand-Stenungsön-S Askerön,11.79685,58.08354,22.808
14150202,Doterödsvägen-Nyborg,11.83288,58.07258,1.23
14150203,Brudhammar-Kopper-Kristinedal,11.8404,58.06753,0.711
14150204,Hasselbacken-Uppegårdsvägen,11.84147,58.06241,0.249
14150205,Ekbacken-Hällebäck-Högenorum,11.87538,58.06345,9.991
14150206,Kyrkenorum,11.85153,58.05714,1.026
14150207,Hallerna-Strandkärr,11.85059,58.04092,7.578
14150208,Strandnorum-Kåkenäs,11.81048,58.04143,4.033
14150209,Kvarnberget-Solgårdsterassen,11.82835,58.06204,0.864
14150301,Näs-Apleröd-Stripplekärr,11.83213,58.1051,15.444
14150302,Berg-Käderöd-Hällesdalen,11.90785,58.11832,39.306
14150401,Svenshögen-Ucklum,11.98208,58.09196,74.103
14150501,Getskär-Valeberget,11.81126,58.02261,4.805
14150502,Anrås-VästraTorp-Saxeröd,11.81529,58.00832,10.499
14150503,Källsby-Sävelycke-Timmervik,11.78655,57.97977,14.923
14150504,Gilltorp-Rämma-Högen,11.91395,57.98188,39.967
14190101,Myggenäs,11.75279,58.05798,10.039
14190102,Valla,11.69237,58.05635,50.234
14190103,Höviksnäs-Hakenäset,11.74484,58.01019,23.617
14190201,Södra Skärhamn,11.52938,57.97827,9.229
14190202,Norra Skärhamn,11.55667,57.99554,5.544
14190203,Bleket-Klädesholmen,11.29474,57.92351,365.998
14190204,Kållekärr,11.66143,58.03184,18.503
14190205,Stenkyrka,11.64817,57.98521,47.139
14190303,Rönnäng,11.61229,57.93407,24.742
14190501,Klövedal,11.27573,58.02887,292.235
14210101,Orust västra,11.26841,58.1202,517.878
14210201,Henån södra,11.6802,58.20404,47.332
14210202,Henån norra,11.61818,58.22586,37.257
14210301,Varekil,11.67479,58.11775,58.676
14210401,Svanesund norra,11.77024,58.164,67.581
14210402,Svanesund centrum,11.81156,58.14005,13.308
14210601,Orust nordöstra,11.78511,58.25326,76.24
14211001,Ellös,11.52229,58.189,69.9
14270104,Kungshamn södra,11.25729,58.3389,29.131
14270109,Kungshamn Norra-Hovenäset,11.28677,58.3719,10.014
14270306,Askum-Väjern-Malmön,11.34356,58.37216,241.488
14270401,Smögen,11.00093,58.34325,333.077
14270507,Hunnebostrand,11.30815,58.44714,16.168
14270508,Bovallstrand-Tossene,11.39486,58.45132,58.645
14300101,Munkedal 1-Söder-Håby-Tungenäset,11.61353,58.47425,96.413
14300102,Munkedal 2-Väster-Centrum,11.66761,58.47024,3.951
14300103,Munkedal 3-Öster-Valbo Ryr,11.77779,58.50041,125.118
14300505,Dingle-Bärfendal,11.51729,58.512,51.518
14300506,Hällevadsholm-Svarteborg,11.59419,58.60198,110.79
14300808,Sörbygden,11.79702,58.66714,290.869
14350203,Tanumshede,11.38618,58.71095,102.48
14350204,Grebbestad norra,10.94167,58.72243,682.089
14350205,Grebbestad södra,11.287,58.67436,51.805
14350301,Tanumshede-Lur,11.31459,58.79597,180.257
14350401,Bullaren,11.57991,58.76996,374.548
14350601,Hamburgsund,11.04106,58.51209,415.017
14350603,Kville-Rabbalshede,11.40679,58.59306,133.18
14350701,Fjällbacka,10.968,58.58636,424.583
14380101,Dals-Ed Nord,11.88414,59.07198,450.249
14380102,Dals-Ed Syd,11.88181,58.88233,369.173
14380103,Dals-Ed Centrum,11.93857,58.91793,10.456
14390101,Färgelanda,11.94384,58.58705,75.688
14390205,Ödeborg-Stigen,11.99151,58.52328,196.245
14390811,Högsäter och norra kommundelen,12.0659,58.69997,349.634
14400101,Nödinge södra,12.04674,57.87697,5.995
14400102,Nödinge östra,12.09381,57.87414,15.835
14400103,Surte norra,12.02728,57.83229,4.171
14400104,Surte södra,12.02129,57.81742,2.009
14400105,Bohus södra,12.02567,57.84695,2.246
14400106,Bohus norra,12.04065,57.85824,8.864
14400107,Nödinge centrum,12.04864,57.89768,0.977
14400210,Skepplanda norra - Hålanda,12.32918,58.05543,95.534
14400311,Skepplanda östra,12.29226,57.99022,48.987
14400312,Skepplanda västra,12.16512,57.98351,28.53
14400414,Starrkärr,12.20846,57.91532,92.246
14400515,Älvängen centrum,12.11828,57.95596,1.093
14400516,Älvängen södra,12.10882,57.94329,5.536
14400517,Älvängen norra,12.13903,57.96016,5.16
14400518,Nol norra,12.07404,57.91624,2.338
14400519,Nol södra,12.05925,57.90804,2.246
14400521,Älvängen östra,12.12636,57.95007,0.862
14400622,Alafors västra,12.08262,57.93087,3.361
14400623,Alafors östra,12.10234,57.91467,7.805
14410101,Västra Hulan - Bråta,12.2167,57.74609,13.076
14410102,Östra Hulan - Öxeryd,12.29816,57.73913,6.998
14410103,Rydsberg - Almekärr,12.25996,57.75427,1.708
14410104,Ljungsbacken - Stamsjön,12.27898,57.75394,4.084
14410105,Södra Lerum - Slätthult,12.31375,57.75795,13.002
14410106,Centrala Lerum,12.26105,57.76669,1.654
14410107,Norra Aspenäs - Axåsen,12.211,57.77373,12.384
14410108,Södra Aspenäs - Torpadal,12.25793,57.78415,4.618
14410109,Södra Hallsås,12.2732,57.77645,0.759
14410110,Norra Hallsås - Höjden,12.27787,57.78987,6.195
14410111,Stenkullen - Hedefors,12.31205,57.79232,4.445
14410212,Uddared - Oryd,12.33985,57.80742,2.466
14410213,Centrala Floda - Nordåsen,12.35909,57.80798,1.443
14410214,Drängsered - Hästhagen,12.36848,57.8239,4.823
14410215,Hyltorna - Öjared,12.39662,57.84041,16.662
14410216,Berghult - Ryggebol,12.37335,57.76589,25.561
14410217,Kyrkmossen - Lindskogen,12.41414,57.76855,13.887
14410218,Tollered - Norsesund,12.42618,57.81589,35.783
14410319,Olstorp,12.25518,57.81614,13.703
14410320,Stannum - Ljungvik,12.22433,57.85075,38.911
14410321,Aggetorp - Björboholm,12.32674,57.86967,19.297
14410322,Centrala Gråbo,12.30335,57.84251,1.97
14410323,Brattås - Hjällsnäs,12.32813,57.83488,18.375
14410424,Sjövik,12.35086,57.92311,48.103
14420101,Lena-Bergstena-Fullestad,12.65446,58.02942,91.739
14420402,Siene-Hol-Horla,12.71011,57.96825,86.796
14420703,Nårunga-Ornunga m.fl.,12.82404,57.94677,166.126
14421305,Algutstorp-Landa,12.82715,58.00176,27.513
14421407,Vårgårda N,12.78324,58.07425,57.572
14421408,Vårgårda V,12.76442,58.03546,11.265
14421409,Vårgårda Centrum,12.80355,58.04035,1.819
14421410,Vårgårda Centrum Ö,12.81381,58.03467,0.53
14430201,Olsfors,12.68451,57.69756,67.88
14430202,Bollebygd Väst,12.55035,57.71814,68.882
14430203,Bollebygd Syd,12.58609,57.6463,24.272
14430204,Bollebygd Öst,12.58552,57.67762,4.564
14430205,Töllsjö,12.65201,57.79122,117.258
14430206,Bollebygd Centrum,12.56021,57.67353,0.918
14440404,Grästorps Landsbygd,12.56633,58.33874,220.556
14440503,Grästorps Norra,12.67748,58.36191,38.285
14440906,Grästorps Södra,12.66311,58.30387,23.211
14450101,Bredöl,12.69838,58.23128,107.956
14450403,Nossebro,12.73686,58.17457,23.75
14450606,Jonslund,12.82437,58.15897,105.101
14460101,Karlsborg centrum-södra,14.59131,58.52195,60.472
14460108,Karlsborg norra,14.62072,58.63565,268.237
14460304,Mölltorp - Brevik,14.50831,58.47953,246.656
14460405,Undenäs - Forsvik,14.38205,58.66942,225.554
14470101,Amnehärads Norra,13.99491,58.97553,273.594
14470102,Amnehärads Södra,14.09539,58.93803,100.912
14470203,Hova,14.25951,58.86725,183.022
14520104,Tranemo Östra,13.43305,57.518,100.069
14520108,Tranemo Västra,13.30205,57.49749,58.473
14520201,Ambjörnarp-Sjötofta,13.31508,57.38943,169.949
14520409,Grimsås,13.513,57.47369,167.629
14520505,Limmared,13.37223,57.54548,17.334
14520606,Länghem,13.28976,57.60363,137.167
14521012,Dalstorp,13.57434,57.62366,131.371
14600101,Nordvästra,12.09017,59.11175,292.564
14600102,Norra,12.20384,59.13961,166.407
14600613,Nordöstra,12.34382,59.07603,228.729
14600616,Sydöstra,12.3541,58.92188,141.478
14600919,Sydvästra,12.19063,58.86955,235.542
14610101,Fagerlid/Järn,12.48616,58.67703,51.506
14610105,Mellerud/Holm,12.54347,58.7255,92.173
14610309,Bolstad,12.57073,58.60705,366.544
14610714,Rostock/Dalskog/Ör,12.30633,58.72766,258.305
14610918,Skållerud,12.5152,58.77928,180.719
14620101,Göta,12.17191,58.09481,30.17
14620102,Lilla Edet Södra,12.13001,58.12188,3.038
14620103,Lilla Edet Norra,12.14315,58.16483,22.11
14620305,Lödöse,12.16415,58.02676,10.268
14620506,Nygård,12.23571,58.06908,73.558
14620608,Västerlanda,12.09093,58.08067,85.016
14620712,Hjärtum,12.10105,58.22029,117.162
14620713,Ström,12.11127,58.13827,2.193
14630101,Kinna centrum,12.68929,57.51392,1.141
14630102,Kinna-Näs-Vallås,12.69129,57.49855,3.574
14630103,Kinna-Rydal-Kinnaström,12.66525,57.53773,27.273
14630104,Kinna-Marieberg-Kinnahult,12.73334,57.53911,14.124
14630105,Kinna-Aspäng,12.74741,57.5206,6.155
14630307,Skene-Sandvallsäng,12.63235,57.49796,4.13
14630308,Skene-Hedbo,12.63045,57.48179,2.034
14630309,Örby-Krok-Brättingstorp,12.78299,57.47287,75.025
14630328,Skene-Assberg,12.65428,57.50189,4.961
14630329,Örby centrum,12.69737,57.47788,9.949
14630411,Ubbhult-Sätila,12.39915,57.59783,63.703
14630513,Hyssna,12.5643,57.58421,81.117
14630615,Fritsla,12.76541,57.56527,10.018
14630716,Skephult-Fritsla,12.86422,57.5273,72.168
14630918,Berghem-Hajom,12.57608,57.48243,80.368
14631019,Fotskäl-Tostared-Björketorp,12.46022,57.44782,121.149
14631626,Torestorp-Öxabäck-Älekulla,12.74078,57.36837,207.371
14631701,Sätila V,12.36957,57.52704,55.802
14631702,Sätila Ö,12.4637,57.53987,26.435
14631703,Horred-Öxnevalla,12.52439,57.36382,69.103
14631704,Horred-Istorp,12.48254,57.32049,63.383
14631705,Skene-Haby,12.65563,57.45659,19.064
14650113,Svenljunga öster,13.15099,57.44248,161.102
14650114,Svenljunga söder,13.03703,57.44891,47.383
14650115,Svenljunga väster,12.97665,57.48805,90.043
14650303,Högvad,12.9118,57.36089,152.81
14650505,Kindaholm,13.09428,57.26957,392.764
14651212,Sexdrega,13.04448,57.55526,84.305
14651414,Hillared,13.14439,57.62395,63.266
14660107,Herrljunga Västra,12.95596,58.05966,86.816
14660601,Herrljunga Centrum,13.04715,58.09302,17.319
14660705,Herrljunga Östra,13.08944,58.0573,66.446
14660903,Gäsene Östra,13.24358,58.0092,213.955
14661406,Ljung,13.05475,57.95576,127.377
14700101,Vara Östra,13.00643,58.24362,24.713
14700102,Vara Västra,12.94038,58.2654,9.253
14700103,Vara Centrum,12.95591,58.25984,0.998
14700204,Levene,12.87584,58.33473,92.123
14701006,Arentorp,12.87343,58.25506,91.792
14701210,Vedum,12.97019,58.16427,111.688
14702424,Larv,13.15605,58.18915,156.373
14702725,Skarstad,13.06669,58.28968,85.449
14702927,Kvänum,13.26077,58.28101,131.598
14710111,Sil-Husaby,13.40876,58.53192,35.618
14710203,Götene 1,13.4823,58.53002,1.125
14710214,Götene 2,13.55524,58.50147,34.168
14710215,Götene-Holmestad,13.57326,58.55705,78.864
14710608,Källby norra,13.29236,58.53856,43.268
14710609,Källby södra,13.32641,58.49449,19.722
14710705,Lundsbrunnsorten,13.43863,58.47302,81.019
14711513,Hällekis-Forshem,13.45346,58.65168,329.86
14720101,Smuleberg m.fl.,14.11552,58.4334,15.304
14720102,Södra centrum,14.16239,58.41879,1.6
14720103,"Häggetorp, Katrineberg m.fl.",14.23154,58.41235,21.481
14720104,Skattegården m.fl.,14.23,58.43849,21.366
14720106,"Hörnebo, Kvarnhagen m.fl.",14.17925,58.38872,51.067
14720205,"Fagersanna, Ransberg m.fl.",14.25178,58.4985,125.45
14730101,Älgarås,14.24118,58.77011,189.012
14730102,Kilen,14.19926,58.67987,78.948
14730103,Moholm,14.12455,58.59888,274.324
14730104,Björkäng,14.02504,58.69083,32.69
14730105,Kårtorp,14.07623,58.72142,18.881
14800101,"Nordöstra Göteborg, Bergum",12.13376,57.83119,38.607
14800102,"Nordöstra Göteborg, Olofstorp",12.19977,57.79556,11.999
14800103,"Nordöstra Göteborg, Björsared",12.14538,57.79869,2.712
14800104,"Nordöstra Göteborg, Gunnilse",12.12242,57.78355,13.05
14800105,"Nordöstra Göteborg, Linnarhult",12.07679,57.78525,4.485
14800106,"Nordöstra Göteborg, Angereds Centrum",12.05227,57.79324,1.266
14800107,"Nordöstra Göteborg, Storås",12.04708,57.78058,1.399
14800108,"Nordöstra Göteborg, Eriksbo Östra",12.04399,57.77367,0.658
14800109,"Nordöstra Göteborg, Hammarkullen C",12.03437,57.78096,0.201
14800110,"Nordöstra Göteborg, Hammarkullen Ö",12.03735,57.77724,0.17
14800112,"Nordöstra Göteborg, Hammarkullen V",12.03029,57.77771,0.27
14800113,"Nordöstra Göteborg, Eriksbo Västra",12.03391,57.77126,0.534
14800114,"Nordöstra Göteborg, Bläsebo",12.02557,57.7709,0.492
14800115,"Nordöstra Göteborg, Hjällbo Norra",12.02141,57.7726,0.166
14800116,"Nordöstra Göteborg, Skolspåret",12.01526,57.76972,0.176
14800117,"Nordöstra Göteborg, Hjällbo Södra",12.01292,57.76512,0.795
14800118,"Nordöstra Göteborg, Agnesberg",12.02443,57.78781,4.823
14800119,"Nordöstra Göteborg, Gårdsten Västra",12.02162,57.8066,0.85
14800120,"Nordöstra Göteborg, Gårdsten Södra",12.03123,57.80171,0.409
14800122,"Nordöstra Göteborg, Gårdsten Östra",12.03561,57.8036,0.246
14800123,"Nordöstra Göteborg, Saffransgatan",12.0281,57.8089,0.101
14800124,"Nordöstra Göteborg, Gårdsten Norra",12.03481,57.80904,0.326
14800125,"Nordöstra Göteborg, Lövgärdet C",12.03719,57.81681,0.159
14800126,"Nordöstra Göteborg, Senapsgatan m fl",12.04143,57.81339,0.143
14800128,"Nordöstra Göteborg, Lövgärdet Övre",12.03885,57.82176,0.613
14800129,"Nordöstra Göteborg, Lövgärdet Nedre",12.06704,57.82534,5.838
14800130,"Nordöstra Göteborg, Trädgårdsgärdet",12.04602,57.80263,1.085
14800131,"Nordöstra Göteborg, Titteridamm",12.05751,57.80319,0.653
14800132,"Nordöstra Göteborg, Rannebergen S",12.06641,57.80132,0.292
14800133,"Nordöstra Göteborg, Rannebergen C",12.0723,57.80254,0.216
14800134,"Nordöstra Göteborg, Rannebergen N",12.08473,57.81157,4.076
14800201,"Östra Göteborg, Rymdtorget",12.0742,57.76433,1.496
14800202,"Östra Göteborg, Gärdsmosse",12.05267,57.76329,1.37
14800204,"Östra Göteborg, Bergsjön Östra",12.07071,57.76014,0.264
14800205,"Östra Göteborg, Bergsjön Norra",12.06002,57.76122,0.28
14800207,"Östra Göteborg, Siriusgatan",12.05347,57.75798,0.137
14800208,"Östra Göteborg, Gärdsås",12.05332,57.75339,0.571
14800209,"Östra Göteborg, Bergsjön Södra",12.05965,57.75046,1.384
14800210,"Östra Göteborg, Komettorget",12.07626,57.74916,0.566
14800212,"Östra Göteborg, Fjällbo",12.069,57.74093,0.428
14800213,"Östra Göteborg, Utbynäs",12.06887,57.73679,1.059
14800214,"Östra Göteborg, Utby",12.05271,57.74008,0.481
14800215,"Östra Göteborg, Kamgatan m fl",12.05149,57.74431,0.331
14800216,"Östra Göteborg, Kviberg Östra",12.03661,57.74033,1.213
14800217,"Östra Göteborg, Kvibergsnäs",12.03436,57.73312,0.242
14800218,"Östra Göteborg, Bellevue Park",12.02462,57.73386,0.255
14800219,"Östra Göteborg, Bellevue",12.01827,57.73279,0.207
14800220,"Östra Göteborg, Gamlestaden Norra",12.01167,57.73122,0.098
14800221,"Östra Göteborg, Gamlestaden Södra",12.00579,57.72707,0.395
14800222,"Östra Göteborg, Nylöse",12.00707,57.74265,3.8
14800223,"Östra Göteborg, Kviberg Västra",12.02069,57.74058,0.894
14800224,"Östra Göteborg, Kortedala Södra",12.03148,57.7448,0.326
14800225,"Östra Göteborg, Månadsparken",12.03226,57.74855,0.241
14800226,"Östra Göteborg, Gregorianska G. m fl",12.0214,57.74747,0.248
14800227,"Östra Göteborg, Kortedala Västra",12.02233,57.75318,0.833
14800228,"Östra Göteborg, Kortedala Torg",12.02883,57.75146,0.207
14800229,"Östra Göteborg, Förstamajgatan m fl",12.03581,57.75367,0.235
14800230,"Östra Göteborg, Kortedala Östra",12.04261,57.75342,0.625
14800231,"Östra Göteborg, Månadsgatorna m fl",12.04492,57.76175,0.381
14800232,"Östra Göteborg, Adventsparken Östra",12.03726,57.7602,0.117
14800233,"Östra Göteborg, Adventsparken Västra",12.03166,57.75883,0.174
14800235,"Östra Göteborg, Kortedala Norra",12.03144,57.76283,0.984
14800301,"Östra Centrum, Fräntorp",12.03653,57.72769,2.08
14800302,"Östra Centrum, Vidkärr",12.03803,57.7241,0.247
14800303,"Östra Centrum, Munkebäck Norra",12.02607,57.72282,0.226
14800304,"Östra Centrum, Munkebäck Södra",12.02754,57.72077,0.127
14800305,"Östra Centrum, Kålltorp Norra",12.03081,57.71994,0.134
14800306,"Östra Centrum, Torpa",12.04047,57.72003,0.404
14800307,"Östra Centrum, Björkekärr Norra",12.05053,57.71886,0.524
14800308,"Östra Centrum, Smörslätten",12.05851,57.7201,0.095
14800309,"Östra Centrum, Björkekärr Östra",12.05589,57.71735,0.17
14800310,"Östra Centrum, Robertshöjd m fl",12.05518,57.71388,0.183
14800311,"Östra Centrum, Björkekärr Västra",12.04096,57.71426,0.275
14800312,"Östra Centrum, Kålltorp Östra",12.03098,57.71491,0.143
14800313,"Östra Centrum, Solrosparken",12.02791,57.71648,0.074
14800314,"Östra Centrum, Kålltorp Västra",12.0266,57.71377,0.133
14800315,"Östra Centrum, Kålltorp Södra",12.03166,57.71043,0.764
14800316,"Östra Centrum, Björkekärr Södra",12.05532,57.69809,8.814
14800317,"Östra Centrum, Kallebäck Östra",12.02952,57.68123,2.503
14800318,"Östra Centrum, Kallebäck Västra",12.00818,57.68226,0.137
14800319,"Östra Centrum, Kallebäck Norra",12.00851,57.68522,0.127
14800320,"Östra Centrum, Skår Södra",12.01783,57.69017,1.889
14800321,"Östra Centrum, Jakobsdal",11.99994,57.69534,0.15
14800322,"Östra Centrum, Skår Norra",12.00704,57.69595,0.396
14800323,"Östra Centrum, Stora Torp",12.01965,57.69751,0.479
14800324,"Östra Centrum, Lilla Torp",12.02641,57.70047,0.904
14800325,"Östra Centrum, Bö",12.01519,57.70236,0.235
14800326,"Östra Centrum, Örgryte",11.99947,57.70287,0.648
14800327,"Östra Centrum, Prästgårdsängen m fl",12.01037,57.70504,0.324
14800328,"Östra Centrum, Kärralund Södra",12.01743,57.70726,0.277
14800329,"Östra Centrum, Kärralund Norra",12.02068,57.71092,0.193
14800330,"Östra Centrum, Härlanda",12.0147,57.7152,0.562
14800331,"Östra Centrum, Lunden Nya",12.0125,57.71087,0.129
14800332,"Östra Centrum, Danska Vägen m fl",12.0086,57.71013,0.086
14800333,"Östra Centrum, Nobelplatsen",12.00891,57.71309,0.047
14800334,"Östra Centrum, Sankt Pauli",12.00638,57.71208,0.079
14800335,"Östra Centrum, Lunden Gamla",12.0037,57.71121,0.054
14800336,"Östra Centrum, Överås",12.00056,57.70815,0.135
14800337,"Östra Centrum, Gubbero",12.00085,57.71204,0.083
14800338,"Östra Centrum, Gubberoparken",11.9977,57.70934,0.161
14800339,"Östra Centrum, Redbergsplatsen",12.00278,57.71456,0.072
14800340,"Östra Centrum, Olskroken",11.99552,57.71964,0.58
14800341,"Östra Centrum, Redberget",12.00305,57.71851,0.127
14800342,"Östra Centrum, Bagaregården",12.00972,57.71757,0.108
14800343,"Östra Centrum, Redbergslid",12.00729,57.72043,0.096
14800344,"Östra Centrum, Ånäs",12.01128,57.7212,0.213
14800345,"Östra Centrum, Strömmensberg Västra",12.01501,57.71964,0.112
14800346,"Östra Centrum, Strömmensberg Östra",12.02111,57.72035,0.179
14800347,"Östra Centrum, Kallebäck Södra",12.01122,57.67933,0.109
14800401,"Centrum, Otterhällan",11.95661,57.70469,0.209
14800402,"Centrum, Inom Vallgraven",11.9649,57.70327,0.269
14800403,"Centrum, Nordstan",11.96445,57.70946,0.414
14800404,"Centrum, Stampen Västra",11.97032,57.70577,0.379
14800405,"Centrum, Odinsgatan m fl",11.98068,57.71502,1.545
14800406,"Centrum, Stampen Östra",11.98474,57.70918,0.11
14800407,"Centrum, Friggagatan m fl",11.98715,57.71016,0.026
14800408,"Centrum, Svingeln",11.99239,57.71295,0.106
14800409,"Centrum, Gårda Norra",11.99418,57.70993,0.203
14800410,"Centrum, Gårda Södra",11.99091,57.69933,0.911
14800411,"Centrum, Bohusgatan m fl",11.98018,57.70379,0.416
14800412,"Centrum, Sten Sturegatan m fl",11.98389,57.7019,0.061
14800413,"Centrum, Heden",11.98015,57.69909,0.098
14800414,"Centrum, Hedås",11.9843,57.69848,0.058
14800415,"Centrum, Götaplatsen",11.98487,57.696,0.17
14800416,"Centrum, Carlandersplatsen",11.9879,57.69386,0.08
14800417,"Centrum, Eklanda Östra",11.98937,57.6908,0.034
14800418,"Centrum, Eklanda Norra",11.9859,57.69149,0.117
14800419,"Centrum, Johanneberg Övre",11.98225,57.69116,0.069
14800420,"Centrum, Johanneberg Östra",11.98221,57.68878,0.064
14800421,"Centrum, Eklanda Södra",11.98517,57.68788,0.061
14800422,"Centrum, Kristinehöjd Västra",11.99017,57.68774,0.142
14800424,"Centrum, Kristinehöjd Östra",11.9971,57.6883,0.301
14800425,"Centrum, Getebergsäng",11.99511,57.6865,0.094
14800426,"Centrum, Krokslätt Norra",12.0,57.68307,0.153
14800427,"Centrum, Krokslätt Södra",12.0037,57.67984,0.203
14800428,"Centrum, Fredriksdal",11.99749,57.68016,0.284
14800429,"Centrum, Framnäs",11.99329,57.68293,0.216
14800430,"Centrum, Mossen",11.98603,57.68154,0.035
14800431,"Centrum, Fridkullagatan m fl",11.98517,57.68329,0.331
14800432,"Centrum, Guldheden Östra",11.97962,57.68187,0.116
14800433,"Centrum, Doktor Forselius Backe m fl",11.98129,57.6785,0.065
14800434,"Centrum, Guldheden Södra",11.97724,57.67906,0.146
14800435,"Centrum, Guldheden Vattentornet",11.9702,57.67907,0.203
14800436,"Centrum, Doktor Fries Torg",11.97396,57.68229,0.157
14800437,"Centrum, Guldheden Västra",11.96817,57.68534,0.287
14800438,"Centrum, Guldheden Norra",11.96461,57.68858,0.263
14800439,"Centrum, Landala Egnahem",11.97184,57.68827,0.172
14800440,"Centrum, Landalagången m fl",11.97129,57.69146,0.065
14800441,"Centrum, Johanneberg Västra",11.97654,57.68983,0.343
14800442,"Centrum, Johanneberg Nedre",11.97803,57.69326,0.038
14800443,"Centrum, Lorensberg",11.97713,57.69498,0.234
14800444,"Centrum, Vasastaden Södra",11.96994,57.69532,0.056
14800445,"Centrum, Kapellplatsen",11.97034,57.69288,0.044
14800446,"Centrum, Landalabergen m fl",11.96577,57.69306,0.107
14800447,"Centrum, Fogelbergsparken",11.96457,57.69569,0.092
14800448,"Centrum, Vasastaden Västra",11.96814,57.6968,0.064
14800449,"Centrum, Vasastaden Östra",11.97245,57.69843,0.087
14800450,"Centrum, Valand",11.97077,57.70078,0.171
14800451,"Centrum, Vasastaden Norra",11.96536,57.69977,0.116
14800501,"Västra Centrum, Långgatorna",11.95085,57.70127,0.222
14800502,"Västra Centrum, Masthuggstorget",11.94142,57.70017,0.222
14800503,"Västra Centrum, Stigberget",11.93727,57.69729,0.119
14800504,"Västra Centrum, Masthugget Övre",11.93915,57.69372,0.091
14800505,"Västra Centrum, Masthugget Nedre",11.94075,57.69664,0.07
14800506,"Västra Centrum, Oscar Fredrik",11.94452,57.69751,0.069
14800507,"Västra Centrum, Sjömansgatan m fl",11.94312,57.695,0.052
14800508,"Västra Centrum, Vegastaden",11.94676,57.69586,0.055
14800509,"Västra Centrum, Slottsskogen",11.94698,57.69185,0.055
14800510,"Västra Centrum, Linnéplatsen",11.95018,57.69148,0.042
14800511,"Västra Centrum, Sveaplan",11.95329,57.69162,0.028
14800512,"Västra Centrum, Kommendantsängen",11.95499,57.69371,0.031
14800513,"Västra Centrum, Linné",11.95194,57.69295,0.034
14800514,"Västra Centrum, Nordhem",11.95026,57.69392,0.049
14800515,"Västra Centrum, Risåsen",11.9542,57.69521,0.053
14800516,"Västra Centrum, Olivedal",11.9496,57.69559,0.041
14800517,"Västra Centrum, Plantagegatan m fl",11.94914,57.69756,0.058
14800518,"Västra Centrum, Skansberget",11.95375,57.69716,0.09
14800519,"Västra Centrum, Haga Västra",11.95702,57.70006,0.107
14800520,"Västra Centrum, Haga Östra",11.95939,57.69754,0.146
14800521,"Västra Centrum, Nilssonsberg Västra",11.95812,57.69496,0.044
14800522,"Västra Centrum, Nilssonsberg Östra",11.96154,57.69448,0.065
14800523,"Västra Centrum, Annedal Östra",11.95933,57.69235,0.048
14800524,"Västra Centrum, Annedal Västra",11.95655,57.68886,0.412
14800525,"Västra Centrum, Änggården",11.9514,57.67865,4.505
14800526,"Västra Centrum, Svalebo",11.92767,57.67725,0.347
14800527,"Västra Centrum, Skytteskogen",11.92811,57.68195,0.347
14800528,"Västra Centrum, Kungsladugård Östra",11.92867,57.68528,0.134
14800529,"Västra Centrum, Kungsladugård Västra",11.92197,57.6849,0.102
14800530,"Västra Centrum, Mariaplan",11.91938,57.68716,0.115
14800531,"Västra Centrum, Silverkällan",11.91298,57.68703,0.112
14800532,"Västra Centrum, Sannaplan",11.91369,57.68476,0.157
14800533,"Västra Centrum, Sandarna",11.90823,57.6827,1.153
14800534,"Västra Centrum, Klippan",11.90739,57.68924,0.37
14800535,"Västra Centrum, Gröna Vallen",11.91491,57.68953,0.08
14800536,"Västra Centrum, Kusttorget",11.91918,57.69622,0.468
14800537,"Västra Centrum, Chapmans Torg",11.91876,57.69301,0.072
14800538,"Västra Centrum, Slottsskogsgat. m fl",11.91837,57.68993,0.147
14800539,"Västra Centrum, Gråberget Västra",11.92198,57.69064,0.107
14800540,"Västra Centrum, Gråberget Östra",11.92697,57.69071,0.168
14800541,"Västra Centrum, Godhem",11.93136,57.6892,0.088
14800542,"Västra Centrum, Marieberg",11.9245,57.69451,0.074
14800543,"Västra Centrum, Klareborgsgatan m fl",11.92906,57.69276,0.085
14800544,"Västra Centrum, Karl Johan",11.93227,57.69327,0.114
14800545,"Västra Centrum, Söderlingska Ängen",11.93581,57.6921,0.091
14800546,"Västra Centrum, Kommendörsgatan m fl",11.93184,57.69586,0.062
14800547,"Västra Centrum, Hängmattan",11.92803,57.69728,0.082
14800548,"Västra Centrum, Gatenhielmska",11.93322,57.69767,0.182
14800601,"Sydvästra Göteborg, Högsbohöjd Norra",11.91471,57.67509,0.092
14800602,"Sydvästra Göteborg, Högsbohöjd Södra",11.91448,57.67139,0.179
14800603,"Sydvästra Göteborg, Högsbohöjd Östra",11.92003,57.67194,0.199
14800604,"Sydvästra Göteborg, Högsbotorp V",11.92765,57.67399,0.12
14800605,"Sydvästra Göteborg, Högsbotorp S",11.92402,57.66978,0.148
14800606,"Sydvästra Göteborg, Högsbo",11.92881,57.67095,0.127
14800607,"Sydvästra Göteborg, Högsbotorp Östra",11.93235,57.67407,0.097
14800608,"Sydvästra Göteborg, Marklandsgatan",11.93708,57.67224,0.208
14800609,"Sydvästra Göteborg, Kapplandsgatan",11.93338,57.67068,0.104
14800610,"Sydvästra Göteborg, Flatås Västra",11.93175,57.6654,0.288
14800611,"Sydvästra Göteborg, Flatås Södra",11.92838,57.66159,0.153
14800612,"Sydvästra Göteborg, Kaverös Norra",11.91982,57.66714,0.128
14800613,"Sydvästra Göteborg, Kavås",11.92512,57.66547,0.157
14800614,"Sydvästra Göteborg, Kaverös Södra",11.91926,57.66187,0.212
14800615,"Sydvästra Göteborg, Altplatsen",11.91748,57.65825,0.127
14800616,"Sydvästra Göteborg, Ruddalen",11.90946,57.66473,1.271
14800617,"Sydvästra Göteborg, Gånglåten",11.90261,57.65612,0.265
14800618,"Sydvästra Göteborg, Frölunda",11.9086,57.655,0.176
14800620,"Sydvästra Göteborg, Frölunda Torg",11.91082,57.65158,0.202
14800621,"Sydvästra Göteborg, Positivparken",11.91326,57.65526,0.082
14800622,"Sydvästra Göteborg, Spinetten",11.9175,57.65266,0.139
14800623,"Sydvästra Göteborg, Tofta",11.92128,57.6514,0.58
14800624,"Sydvästra Göteborg, Järnbrott Västra",11.92211,57.65691,0.216
14800625,"Sydvästra Göteborg, Järnbrott Östra",11.93068,57.6567,0.252
14800626,"Sydvästra Göteborg, Järnbrott Södra",11.92896,57.65266,0.342
14800627,"Sydvästra Göteborg, Flatås Östra",11.9449,57.65665,2.852
14800628,"Sydvästra Göteborg, Sisjön Norra",11.95471,57.63901,1.438
14800629,"Sydvästra Göteborg, Pilegården",11.93562,57.64206,0.173
14800630,"Sydvästra Göteborg, Kobbegården",11.94278,57.63908,0.198
14800631,"Sydvästra Göteborg, Askim",11.9364,57.63482,0.567
14800632,"Sydvästra Göteborg, Sisjön Västra",11.94744,57.63391,0.656
14800633,"Sydvästra Göteborg, Sisjön Södra",11.95511,57.62887,0.904
14800634,"Sydvästra Göteborg, Trollåsen",11.96536,57.61052,7.748
14800635,"Sydvästra Göteborg, Lyckhem",11.95956,57.60158,0.996
14800636,"Sydvästra Göteborg, Lindås",11.98518,57.57948,8.353
14800637,"Sydvästra Göteborg, Billdal Södra",11.89935,57.56958,9.372
14800638,"Sydvästra Göteborg, Billdal Norra",11.93836,57.57714,2.256
14800639,"Sydvästra Göteborg, Nygård",11.95491,57.58103,2.884
14800640,"Sydvästra Göteborg, Skintebo Västra",11.88847,57.5869,3.705
14800641,"Sydvästra Göteborg, Skintebo Östra",11.94726,57.5945,0.785
14800642,"Sydvästra Göteborg, Uggleberget",11.95324,57.59739,0.166
14800643,"Sydvästra Göteborg, Brottkärr Östra",11.9458,57.60342,0.976
14800644,"Sydvästra Göteborg, Brottkärr Västra",11.91415,57.59872,6.216
14800645,"Sydvästra Göteborg, Hovås Södra",11.92758,57.61729,2.035
14800646,"Sydvästra Göteborg, Hovås Norra",11.92828,57.6294,1.135
14800647,"Sydvästra Göteborg, Hult",11.91622,57.63215,1.785
14800701,"Västra Göteborg, Långedrag Västra",11.84283,57.67078,7.816
14800702,"Västra Göteborg, Långedrag Östra",11.86706,57.67012,0.706
14800703,"Västra Göteborg, Tångudden",11.87407,57.67807,0.794
14800704,"Västra Göteborg, Hagen Norra",11.8836,57.67592,0.358
14800705,"Västra Göteborg, Nya Varvet",11.88585,57.68365,1.447
14800706,"Västra Göteborg, Kungsten",11.90997,57.67689,0.604
14800707,"Västra Göteborg, Ekebäck",11.9079,57.67304,0.513
14800708,"Västra Göteborg, Hagen Södra",11.88871,57.67308,0.4
14800709,"Västra Göteborg, Grimmered",11.89497,57.66541,0.893
14800710,"Västra Göteborg, Påvelund",11.88075,57.6667,1.021
14800711,"Västra Göteborg, Björnekulla",11.88016,57.6596,0.655
14800712,"Västra Göteborg, Osberget",11.86765,57.6634,0.511
14800713,"Västra Göteborg, Källängen",11.85998,57.65858,1.063
14800714,"Västra Göteborg, Fiskebäck",11.84701,57.64797,3.913
14800715,"Västra Göteborg, Bratthammar",11.87508,57.65198,0.642
14800716,"Västra Göteborg, Tynnered Södra",11.88957,57.65011,0.468
14800717,"Västra Göteborg, Tynnered Norra",11.8861,57.65611,0.464
14800718,"Västra Göteborg, Guldringen m fl",11.89231,57.65819,0.163
14800719,"Västra Göteborg, Tynnered Östra",11.89797,57.65384,0.255
14800720,"Västra Göteborg, Skattegården",11.90044,57.64828,0.231
14800722,"Västra Göteborg, Ängås",11.90658,57.64615,0.18
14800723,"Västra Göteborg, Topasgatan",11.91029,57.64779,0.172
14800724,"Västra Göteborg, Korsåsen",11.91703,57.64234,1.298
14800725,"Västra Göteborg, Opaltorget Norra",11.90218,57.64313,0.196
14800726,"Västra Göteborg, Opaltorget Södra",11.90064,57.63851,0.293
14800727,"Västra Göteborg, Grevegården",11.89649,57.64573,0.179
14800728,"Västra Göteborg, Önnered Norra",11.88174,57.64572,0.618
14800729,"Västra Göteborg, Önnered Östra",11.89161,57.63976,0.869
14800730,"Västra Göteborg, Önnered Västra",11.86312,57.63893,2.401
14800731,"Västra Göteborg, Åkered",11.88501,57.63175,1.267
14800732,"Västra Göteborg, Välen",11.90627,57.62427,2.01
14800733,"Västra Göteborg, Näset Norra",11.87628,57.62418,3.259
14800734,"Västra Göteborg, Näset Södra",11.86548,57.60014,13.881
14800735,"Västra Göteborg, Donsö-Vrångö",11.73878,57.56716,168.759
14800736,"Västra Göteborg, Styrsö-Köpstadsö",11.74504,57.61715,32.42
14800737,"Västra Göteborg, Brännö-Asperö",11.49168,57.59134,306.979
14800801,"Västra Hisingen, Länsmansgården Ö",11.8983,57.7343,0.242
14800802,"Västra Hisingen, Svartedalen Norra",11.90216,57.72996,0.551
14800803,"Västra Hisingen, Väderbodarna m fl",11.89549,57.72554,0.106
14800804,"Västra Hisingen, Önskevädersg. m fl",11.89536,57.72146,0.097
14800805,"Västra Hisingen, Svartedalen Södra",11.90113,57.72288,0.243
14800806,"Västra Hisingen, Kärrmossen",11.9098,57.72189,0.515
14800807,"Västra Hisingen, Jättesten",11.90243,57.71726,0.495
14800808,"Västra Hisingen, Treröset",11.89396,57.7167,0.21
14800809,"Västra Hisingen, Vårväderstorget",11.89199,57.7112,0.143
14800811,"Västra Hisingen, Biskopsgården Södra",11.87655,57.71228,2.029
14800812,"Västra Hisingen, Väderlekstorget",11.8846,57.71874,0.581
14800813,"Västra Hisingen, Biskopsgården Norra",11.88932,57.72246,0.239
14800814,"Västra Hisingen, Svarte Mosse",11.87675,57.7243,1.225
14800816,"Västra Hisingen, Länsmansgården S",11.888,57.73037,0.378
14800818,"Västra Hisingen, Länsmansgården C",11.88309,57.73955,1.718
14800819,"Västra Hisingen, Länsmansgården N",11.89606,57.73922,0.295
14800820,"Västra Hisingen, Amhult-Arendal",11.82215,57.70812,30.972
14800821,"Västra Hisingen, Andalen",11.7476,57.68462,16.153
14800822,"Västra Hisingen, Hjuvik",11.70737,57.69404,6.066
14800823,"Västra Hisingen, Hällsvik",11.73974,57.70495,1.38
14800824,"Västra Hisingen, Trånget",11.71566,57.71917,3.824
14800825,"Västra Hisingen, Tumlehed",11.73529,57.7319,5.9
14800826,"Västra Hisingen, Torslanda Röd",11.75537,57.71855,1.849
14800827,"Västra Hisingen, Gossbydal",11.75901,57.70909,1.404
14800828,"Västra Hisingen, Nolered",11.78719,57.71727,1.529
14800829,"Västra Hisingen, Torslanda Torg",11.77412,57.7229,0.688
14800830,"Västra Hisingen, Torslanda",11.76726,57.72971,0.666
14800831,"Västra Hisingen, Domarringen m fl",11.78797,57.72819,1.619
14800832,"Västra Hisingen, Änghagen",11.78227,57.73392,1.032
14800833,"Västra Hisingen, Älvegården",11.80836,57.7362,2.201
14800834,"Västra Hisingen, Lilleby",11.74459,57.75291,11.336
14800835,"Västra Hisingen, Kvisljungeby",11.8401,57.74378,4.613
14800836,"Västra Hisingen, Björlanda",11.81999,57.76011,22.182
14800837,"Västra Hisingen, Nolvik",11.82454,57.78064,6.244
14800901,"Centrala Hisingen, Kärrdalen",11.89499,57.74721,3.025
14800902,"Centrala Hisingen, Tolered Norra",11.91019,57.73717,0.81
14800903,"Centrala Hisingen, Slätta Damm",11.9225,57.73598,1.059
14800904,"Centrala Hisingen, Bjurslätt Norra",11.93169,57.73024,0.248
14800905,"Centrala Hisingen, Hildedal",11.93942,57.73089,0.298
14800906,"Centrala Hisingen, Tolered Södra",11.91404,57.72562,0.7
14800907,"Centrala Hisingen, Tolered Östra",11.92438,57.72783,0.551
14800908,"Centrala Hisingen, Flunsås",11.92505,57.72098,0.231
14800909,"Centrala Hisingen, Wieselgrenspl.",11.93347,57.72139,0.122
14800910,"Centrala Hisingen, Bjurslätt Södra",11.93247,57.72578,0.136
14800912,"Centrala Hisingen, Kvillebäcken N",11.9403,57.72586,0.28
14800913,"Centrala Hisingen, Kvillebäcken S",11.93908,57.7227,0.071
14800914,"Centrala Hisingen, Kvillebäcken Ö",11.94313,57.72218,0.078
14800915,"Centrala Hisingen, Vågmästareplatsen",11.94742,57.72177,0.058
14800916,"Centrala Hisingen, Backaplan",11.95601,57.72565,0.914
14800917,"Centrala Hisingen, Lundbyvassen",11.95483,57.71353,3.19
14800918,"Centrala Hisingen, Porslinsfabriken",11.95229,57.71882,0.108
14800919,"Centrala Hisingen, Brämaregården S",11.94693,57.71587,0.076
14800920,"Centrala Hisingen, Kvillestaden",11.94744,57.71815,0.072
14800921,"Centrala Hisingen, Brämaregården N",11.9427,57.71837,0.167
14800922,"Centrala Hisingen, Rambergsstaden Ö",11.93862,57.71827,0.13
14800923,"Centrala Hisingen, Rambergsstaden N",11.93441,57.71863,0.1
14800924,"Centrala Hisingen, Rambergsvallen",11.92872,57.71758,0.138
14800925,"Centrala Hisingen, Rambergsstaden S",11.9362,57.71451,0.977
14800926,"Centrala Hisingen, Kyrkbyn Norra",11.91179,57.71515,0.341
14800927,"Centrala Hisingen, Lundby Norra",11.91679,57.71176,0.252
14800928,"Centrala Hisingen, Kyrkbyn Södra",11.90872,57.70997,0.166
14800929,"Centrala Hisingen, Lundby Södra",11.9135,57.70745,0.24
14800930,"Centrala Hisingen, Bräcke Norra",11.89825,57.7084,0.705
14800931,"Centrala Hisingen, Bräcke Södra",11.90536,57.70339,0.52
14800932,"Centrala Hisingen, Pölsebo-Bratterås",11.9017,57.69967,0.28
14800933,"Centrala Hisingen, Färjenäs",11.90561,57.69495,0.448
14800934,"Centrala Hisingen, Eriksberg Västra",11.9123,57.69805,0.152
14800935,"Centrala Hisingen, Eriksberg Östra",11.913,57.70204,0.265
14800936,"Centrala Hisingen, Sörhallsberget S",11.92112,57.7018,0.296
14800937,"Centrala Hisingen, Sörhallsberget N",11.91984,57.70645,0.266
14800938,"Centrala Hisingen, Sannegården V",11.92515,57.70791,0.08
14800939,"Centrala Hisingen, Sannegården Ö",11.92797,57.70766,0.131
14800940,"Centrala Hisingen, Lindholmen Södra",11.93378,57.70451,0.409
14800941,"Centrala Hisingen, Lindholmen Norra",11.9357,57.7097,0.257
14801001,"Norra Hisingen, Rödbo",11.95615,57.83667,28.9
14801002,"Norra Hisingen, Mysterna-Svankälla",11.98156,57.81428,2.196
14801003,"Norra Hisingen, Gerrebacka-Ingebäck",11.96963,57.80832,3.841
14801004,"Norra Hisingen, Kärra Norra",11.9939,57.79782,0.305
14801005,"Norra Hisingen, Kärra Östra",12.00384,57.79317,1.271
14801006,"Norra Hisingen, Kärra Södra",11.98945,57.79074,0.457
14801007,"Norra Hisingen, Kärra Västra",11.98505,57.78707,5.951
14801008,"Norra Hisingen, Skogome",11.9531,57.76852,4.045
14801009,"Norra Hisingen, Åketorp",11.96846,57.76192,0.871
14801010,"Norra Hisingen, Bäckebol Norra",11.98759,57.7655,3.803
14801011,"Norra Hisingen, Backadalen",11.99303,57.75483,0.852
14801012,"Norra Hisingen, Bäckebol Södra",11.98319,57.75161,0.119
14801013,"Norra Hisingen, Skälltorp",11.97538,57.75329,0.222
14801014,"Norra Hisingen, Selma Lagerlöfs Torg",11.96679,57.75298,0.682
14801015,"Norra Hisingen, Sankt Jörgen",11.95469,57.74934,0.841
14801016,"Norra Hisingen, Backa Röd",11.97138,57.74747,0.637
14801017,"Norra Hisingen, Julias Gata m fl",11.96835,57.74334,0.082
14801018,"Norra Hisingen, Blendas Gata m fl",11.97173,57.74112,0.167
14801019,"Norra Hisingen, Backa Södra",11.97873,57.7428,0.392
14801020,"Norra Hisingen, Backa Norra",11.99261,57.7471,0.823
14801021,"Norra Hisingen, Bällskär",11.9898,57.73855,1.045
14801022,"Norra Hisingen, Tingstad",11.98452,57.73029,1.532
14801023,"Norra Hisingen, Brunnsbo Södra",11.97196,57.73137,0.165
14801025,"Norra Hisingen, Brunnsbo Norra",11.97101,57.7363,1.042
14801026,"Norra Hisingen, Aröd",11.95787,57.73735,1.176
14801027,"Norra Hisingen, Tuve Södra",11.94041,57.74081,2.566
14801028,"Norra Hisingen, Gunnestorp",11.91025,57.75063,0.874
14801029,"Norra Hisingen, Arvesgärde m fl",11.92107,57.75298,0.262
14801030,"Norra Hisingen, Glöstorp",11.93344,57.7522,0.431
14801031,"Norra Hisingen, Tuve Norra",11.92884,57.75579,0.185
14801032,"Norra Hisingen, Norumshöjd",11.92266,57.7558,0.156
14801033,"Norra Hisingen, Tången",11.91188,57.76401,7.996
14801034,"Norra Hisingen, Säve",11.89884,57.79509,27.378
14810101,Stadshuset Södra,12.01177,57.66083,0.436
14810102,Fässberg Östra,12.00707,57.65619,0.383
14810103,Fässberg Västra,11.99697,57.65861,0.205
14810104,Ekhaga,11.98406,57.65489,1.748
14810105,Västerberg,11.99199,57.6607,0.191
14810106,Balltorp Västra,11.99722,57.62394,11.853
14810107,Broslätt Västra,12.0046,57.64947,1.22
14810108,Åby Östra,12.01499,57.64811,0.11
14810109,Åby Västra,12.00899,57.64628,0.133
14810110,Toltorp Södra,11.98513,57.6674,0.882
14810111,Bosgården Norra,12.00066,57.66409,0.487
14810112,Toltorp Norra,11.98399,57.67252,0.888
14810113,Krokslätt Södra,12.00403,57.66959,0.662
14810114,Sörgården Östra,11.99567,57.67408,0.497
14810115,Sörgården Västra,11.98905,57.67593,0.232
14810116,Eklanda Västra,11.96042,57.65817,2.307
14810117,Balltorp Östra,12.02809,57.6313,2.612
14810118,Broslätt Östra,12.01699,57.65143,0.366
14810119,Bosgården Södra,12.00485,57.65987,0.2
14810120,Eklanda Östra,11.97107,57.65227,0.793
14810121,Stadshuset Norra,12.00837,57.66356,0.116
14810122,Stallbacken Östra,12.00527,57.65337,0.143
14810123,Stallbacken Västra,11.99304,57.65226,0.247
14810124,Krokslätt Norra,12.00673,57.67591,0.25
14810201,Hallen Norra,12.02828,57.61342,1.639
14810202,Brattås Norra,12.05393,57.61672,2.03
14810203,Brattås Södra,12.06334,57.60009,1.657
14810204,Stretered,12.0895,57.61373,9.421
14810205,Hallen Södra,12.02473,57.59118,9.413
14810301,Skånhälla Västra,12.03185,57.56893,12.731
14810302,Almås,12.07754,57.58401,1.265
14810303,Valås,12.08803,57.58455,0.915
14810304,Sinntorp Norra,12.11224,57.58938,6.142
14810305,Hällesåker,12.19356,57.59783,48.388
14810306,Sinntorp Östra,12.12188,57.57094,4.569
14810307,Skånhälla Bräcka,12.06875,57.58364,0.969
14810308,Skånhälla Fågelsten,12.07014,57.5643,5.407
14810309,Sinntorp Västra,12.09414,57.57148,1.906
14810401,Lackarebäck Norra,12.04855,57.67006,3.393
14810402,Kvarnbyn Norra,12.02009,57.6688,1.415
14810403,Glasberget Norra,12.0638,57.65776,3.152
14810404,Rävekärr Norra,12.02792,57.65047,1.008
14810405,Rävekärr Södra,12.06214,57.6333,6.913
14810406,Lackarebäck Södra,12.03866,57.66173,0.961
14810407,Glasberget Södra,12.0596,57.64614,2.596
14810408,Kvarnbyn Södra,12.02445,57.65776,0.245
14821150,Ingetorp-Skålldal-Lundby,11.92872,57.93595,34.65
14821151,Norrmannebo-Solberg-Duvesjön,12.05972,57.97871,66.222
14821152,Diseröd-Häljeröd,12.02106,57.92136,9.828
14821153,Olseröd-Rävsal,11.9748,57.90241,4.884
14821154,Rishammar-Ullstorp,11.93775,57.90275,5.787
14821155,Ulvegärde-Munkegärde,11.95684,57.88382,1.08
14821156,Fridhem-Rostock-Marieberg,12.01094,57.89284,11.408
14821157,Centrum N,11.97972,57.8772,0.48
14821158,Kongahälla,11.96796,57.87321,0.164
14821159,Centrum S,11.97676,57.86827,0.903
14821160,Tveten,11.98927,57.87565,0.635
14821161,Fontin-Gamla Staden,12.00611,57.87057,4.003
14829901,Kode,11.84927,57.94182,11.67
14829902,Solberga-Rörtången-Aröd,11.7591,57.94137,61.69
14829903,Marstrand-Instön-Klåverön,11.40359,57.86063,235.974
14829904,Tjuvkil-Tofta,11.73955,57.87122,26.829
14829905,Hålta-Lökeberg-Skårby,11.82433,57.89505,35.384
14829906,Rollsbo-Bredsten-Vena,11.90707,57.87918,20.112
14829907,Kärna-Staby,11.81383,57.85033,17.764
14829908,Torsby-Kovikshamn-Glose,11.63074,57.81709,94.567
14829909,Harestad-Ulvesund,11.84163,57.81963,31.816
14829910,Tega,11.90053,57.85438,1.209
14829911,Sparrås-Nordtag,11.90091,57.86144,0.881
14829912,Björkås-Tornhaga-Stället,11.91271,57.86448,0.828
14829913,Ytterby C-Kastellegården,11.9387,57.85704,5.484
14829914,Grinden-Komarken V,11.94937,57.86688,0.597
14829915,Komarken N,11.95666,57.87204,0.399
14829916,Komarken S,11.96362,57.8669,0.746
14840101,Lysekil Kyrkvik,11.41869,58.27292,3.9
14840102,Lysekil Bansvik,11.42337,58.28129,1.105
14840103,Lysekil Centrum,11.43404,58.28374,1.618
14840104,Lysekil Slätten,11.45172,58.28448,1.275
14840105,Lysekil Dalskogen,11.47158,58.27809,4.896
14840201,Lyse,11.43638,58.31139,197.508
14840301,Skaftö,11.17297,58.22064,336.566
14840401,Bro,11.47341,58.40702,97.142
14840501,Brastad väster,11.46135,58.37359,16.946
14840502,Brastad öster,11.53587,58.39164,38.466
14850101,Äsperöd-Ängebacken,12.02767,58.35181,38.546
14850102,Stenbacken-Karlsberg,11.94595,58.35271,0.938
14850103,Hönseberget-Östberget,11.96773,58.34931,1.091
14850104,Kapelle,11.92798,58.33445,2.099
14850105,Håljuteberget,11.93871,58.34597,0.311
14850106,Ridhuset-Folkets park,11.93017,58.34435,0.199
14850107,Walkesborg-Bohusgården,11.89631,58.33524,5.283
14850108,Kampenhof-Strömstadsvägen,11.91378,58.34792,1.366
14850109,Centrum-Margretegärde,11.93906,58.34903,0.247
14850110,Tureborg-Vadbacken,11.9442,58.34267,0.755
14850301,Berg-Simmersröd,11.98499,58.22146,23.394
14850302,Hälle-Skafteröd,11.92466,58.21606,1.888
14850303,Lyckorna-Grinneröd,11.93064,58.18614,55.579
14850501,Ammenäs-Sund-Bratteröd,11.9091,58.31081,23.389
14850502,Dramsvik-Forshälla-Stenshult,12.01676,58.30253,79.582
14850503,Ulvesund-Resteröd-Vassbovik,11.95742,58.2488,73.837
14850701,Bokenäs-Dragsmark,11.59246,58.28807,85.284
14850901,Skredsvik-Hogstorp,11.68846,58.38811,83.558
14850902,Högås-Sundsandvik,11.63185,58.33572,43.848
14851001,Utby-Lanesund,11.76549,58.34839,43.263
14851002,Kissleberg-Smedseröd,11.85961,58.39726,46.717
14851003,Källdal-Misteröd-Sunningen,11.85117,58.33885,7.285
14851101,Lane-Ryr,12.06369,58.40054,83.231
14851201,Unneröd-Ramneröd,11.92189,58.35851,0.686
14851202,Skogslyckan,11.91163,58.36092,0.213
14851204,Karlsruhe-Elseberg,11.93084,58.36054,0.703
14851205,Hedegärde-Vännerberg,11.9446,58.36349,0.994
14851206,Bleket-Södra Dalaberg-Vindfället,11.93861,58.36814,0.666
14851207,Dalaberg-Norra Hovhult,11.93614,58.3746,0.214
14851208,Hovhult,11.92618,58.39268,3.161
14851209,Fasseröd,11.90299,58.3865,8.564
14851210,Boxhult-Norra Unneröd,11.92419,58.36597,0.589
14851211,Helenedal-Norra Uddevalla,11.95502,58.39895,11.62
14851212,Kurveröd,11.89245,58.35539,6.868
14860101,Centrum nord,11.18086,58.94396,0.614
14860102,Centrum syd,11.22209,58.94367,6.248
14860103,Strömstad södra,11.22789,58.90449,24.749
14860104,Seläter-Hällestrand,11.11634,58.96473,47.716
14860105,Bojar,11.19087,58.95243,4.365
14860203,Skee-Strömstad östra,11.34442,58.91966,204.36
14860401,Strömstad norra,11.27174,59.05842,194.601
14860701,Tjärnö/Koster,10.91228,58.8831,474.978
14870101,Frändefors/Sundals Ryr,12.19758,58.53043,203.93
14870102,Brålanda,12.36467,58.55402,66.816
14870103,Vänerkusten,12.39121,58.48252,152.612
14870104,Siviken/Väne Ryr,12.21764,58.38766,129.796
14870105,Blåsut,12.29668,58.38097,2.297
14870106,Öxnered/Vassända Naglum/Båberg,12.27972,58.35662,15.631
14870107,Centrala Vänersborg norra,12.32632,58.38997,0.992
14870108,Centrala Vänersborg,12.32513,58.38108,0.409
14870109,Centrala Vänersborg södra,12.31582,58.3798,0.575
14870110,Holmängen,12.34599,58.3763,2.928
14870111,Lyckhem V/Fredriksberg/Centrum V,12.31643,58.37206,1.453
14870112,Hedmanstorget/Mariero östra,12.34173,58.36968,0.346
14870113,Lyckhem södra/Tenggrenstorp,12.32901,58.36757,0.702
14870114,Flanaden,12.34025,58.3661,0.31
14870115,Torpa,12.34425,58.36241,0.288
14870116,Mariedal/Fridhem,12.35562,58.36092,2.142
14870117,Onsjö norra,12.31972,58.35394,2.633
14870118,Onsjö södra,12.33094,58.33687,6.512
14870119,Brinketorp/Restad,12.36286,58.35066,4.021
14870120,Vargön norra/Nordkroken,12.39039,58.37719,11.95
14870121,Vargön östra,12.41467,58.35751,2.17
14870122,Centrala Vargön/Västra Tunhem,12.41322,58.30965,56.395
14870123,Vänersnäs/Lilleskog,12.54836,58.45573,238.48
14880106,Strömslund,12.27094,58.283,1.444
14880107,Torsred,12.2102,58.29372,40.539
14880108,Björndalen,12.28651,58.30296,2.735
14880109,Centrum N,12.29261,58.28873,0.142
14880110,Centrum V,12.28152,58.28114,1.958
14880111,Centrum S,12.28278,58.27757,0.163
14880113,Centrum Ö,12.28731,58.27905,0.175
14880114,Hjortmossen,12.29416,58.27804,0.467
14880119,Skoftebyn N,12.28219,58.26902,0.786
14880120,Skoftebyn V,12.25571,58.25805,1.975
14880125,Skogshöjden,12.291,58.32354,6.59
14880135,Källstorp,12.27322,58.29247,1.064
14880137,Skoftebyn Ö,12.27181,58.26554,0.658
14880327,Åsaka-Norra Björke,12.43422,58.20426,182.166
14880428,Halvorstorp,12.34486,58.26308,19.138
14880429,Velanda,12.28159,58.22855,34.811
14880530,Upphärad,12.31636,58.16084,56.158
14880632,Sjuntorp S,12.21411,58.16037,37.446
14880731,Sjuntorp N,12.19921,58.21765,23.473
14880916,Karlstorp,12.29191,58.27356,0.964
14880917,Kronogården N,12.30948,58.27424,0.283
14880918,Kronogården S,12.31102,58.26854,0.551
14880921,Sylte S,12.27087,58.25183,0.566
14880922,Sylte N,12.27802,58.25862,0.833
14880923,Lextorp N,12.31335,58.26207,1.563
14880924,Lextorp S,12.29949,58.25573,1.176
14880936,Kronogården V,12.29938,58.26782,0.397
14881001,Dannebacken,12.32769,58.30612,5.952
14881002,Hjulkvarn,12.30913,58.29615,2.62
14881003,Stavre Ö,12.32103,58.28496,0.562
14881004,Stavre V,12.31223,58.28365,0.386
14881005,Sandhem,12.32579,58.27874,1.452
14881033,Tingvalla S,12.29984,58.28232,0.534
14881034,Tingvalla N,12.29595,58.28689,0.134
14890101,Stora Mellby/Magra,12.62532,58.13245,114.895
14890102,Erska/Sollebrunn,12.50102,58.11059,26.542
14890103,Långared,12.52963,58.04026,64.203
14890104,Anten/Gräfsnäs,12.44417,58.01308,77.693
14890105,Tegelbruket/Simmenäs,12.45839,57.93419,28.17
14890106,Kvarnbacken,12.49693,57.96411,11.247
14890107,Nolby V/Bolltorp,12.53527,57.94789,2.24
14890108,Nolby Ö/Rödene,12.55545,57.96613,18.545
14890109,Noltorp V,12.51451,57.93543,1.365
14890110,Noltorp Ö,12.52987,57.9367,0.43
14890111,Stadsskogen,12.51324,57.91806,3.136
14890112,Sörhaga,12.52103,57.92986,0.83
14890113,Kullingsberg,12.51914,57.92248,0.833
14890114,Centrum N,12.53662,57.93202,0.381
14890115,Centrum S/Tuvebo,12.53373,57.9259,0.453
14890116,Östlyckan/Brogården,12.55425,57.93449,0.974
14890117,Stockslycke/Holmalund,12.54842,57.92345,1.096
14890118,Bälinge,12.6092,57.9355,28.715
14890119,Hemsjö/V Bodarne,12.48689,57.88434,28.033
14890120,Dammen/Prästeryd,12.53795,57.90674,4.478
14890121,Ängabo/Maryd,12.58666,57.90258,13.937
14890122,Ingared,12.45352,57.85221,3.978
14890123,Hemsjö S,12.48855,57.83138,42.22
14890124,Ödenäs/Skaftared,12.58519,57.83271,75.486
14890125,Lövekulle,12.48915,57.91939,4.059
14900101,Aplared,13.02296,57.619,63.999
14900102,Bergsbo-Trandared,12.95368,57.70935,0.278
14900103,Bergsäter-Bergsbo,12.95428,57.71324,0.599
14900104,Boda-Brämhult,12.99331,57.72876,0.69
14900105,Brotorp,12.9929,57.70855,3.838
14900106,Brämhult-Ön,13.00628,57.75133,9.145
14900107,Brämhult-Kärra,13.04727,57.74558,8.643
14900108,Dalsjöfors Västra,13.07043,57.72614,16.109
14900109,Dalsjöfors Östra,13.14817,57.72082,17.188
14900110,Dannike-Draered,13.18808,57.69079,53.478
14900112,Gånghester,13.0428,57.70949,9.72
14900114,Hulta Östra,12.98237,57.72177,0.345
14900115,Hässleholmen-Brämhult,12.97564,57.74272,2.618
14900116,Hässleholmen-Distansgatan,12.97655,57.72525,0.595
14900117,Hässleholmen-Tunnlandsgatan,12.97436,57.73121,0.288
14900118,Hässleholmen-Våglängdsgatan,12.97765,57.72907,0.192
14900119,Målsryd,13.05151,57.68343,20.625
14900122,Svensgärde-Sörmarken,13.00922,57.71677,2.419
14900123,Trandared Södra,12.96203,57.70631,0.241
14900124,Trandared Västra,12.9637,57.71169,0.471
14900125,Trandared Östra,12.97368,57.70965,0.261
14900126,Äspered-Rångedala,13.14583,57.7713,70.154
14900168,Hulta Västra,12.97568,57.71779,0.875
14900169,Dalsjöfors Centrum,13.102,57.71458,1.589
14900227,Bergdalen-Liljeberget,12.96038,57.73364,0.807
14900228,Bergdalen Södra,12.95224,57.7272,0.274
14900229,Bosnäs-Viared,12.82079,57.67756,58.309
14900230,Centrum,12.9362,57.71894,0.478
14900231,Centrum Norra,12.94126,57.72346,0.143
14900232,Centrum Östra,12.94428,57.72019,0.11
14900234,Druvefors Västra,12.93481,57.71364,0.224
14900235,Druvefors Östra,12.94273,57.71113,0.345
14900236,Göta,12.92712,57.71456,0.324
14900237,Göta-Kristineberg,12.93397,57.70666,0.996
14900238,Göta-Regementet,12.9155,57.71173,1.015
14900242,Kristineberg,12.94395,57.70722,0.186
14900243,Lugnet,12.94803,57.72427,0.124
14900244,Norrmalm-Sagavallen,12.94825,57.7351,0.268
14900245,Norrmalm-Hornsgatan,12.94876,57.73091,0.291
14900246,Norrmalm-Nedre,12.94371,57.72704,0.179
14900247,Norrmalm-Kype,12.95637,57.74262,1.63
14900248,Rydboholm,12.9129,57.65454,21.673
14900249,Salängen-Villastaden,12.96187,57.72548,0.652
14900251,Svaneholm-Seglora,12.74312,57.61213,97.451
14900252,Villastaden,12.9495,57.71929,0.278
14900253,Viskafors-Kinnarumma,12.89904,57.59955,58.193
14900254,Viskafors Centrum,12.87677,57.62956,7.085
14900255,Östermalm,12.96473,57.72056,0.487
14900256,Kristineberg-Dammsvedjan,12.94703,57.70284,0.43
14900257,Hedvigsborg,12.95837,57.70351,0.439
14900258,Dammsvedjan-Gässlösa-Kråkered,12.95851,57.68615,21.945
14900357,Borgstena-Tämta-Vänga,12.99177,57.8798,96.658
14900358,Bredared,12.83252,57.82957,85.943
14900359,Byttorp,12.90804,57.72133,0.31
14900360,Ekås-Hestra,12.88604,57.75218,9.516
14900361,Fristad-Kvarbo,12.97609,57.8384,14.308
14900362,Fristad-Gingri,13.06707,57.8402,40.319
14900363,Fristad-Asklanda,12.96938,57.8032,14.551
14900365,Frufällan-Tosseryd,12.98027,57.76948,9.087
14900366,Hestra-Byttorp,12.91284,57.73047,1.111
14900367,Hestra Parkstad,12.88774,57.73128,2.992
14900369,Knalleland-Alideberg,12.93328,57.73327,1.777
14900370,Lundaskog-Lyckebo,12.87089,57.71368,6.356
14900371,Sjöbo-Almenäs,12.92815,57.7562,4.457
14900372,Sjöbo-Långesten,12.95578,57.75876,0.75
14900373,Sjöbo-Nolhaga,12.94077,57.75223,0.281
14900374,Norrby Norra,12.92837,57.72506,0.186
14900375,Norrby Södra,12.9323,57.72321,0.244
14900377,Parkstaden-Byttorp,12.92241,57.72048,0.892
14900378,Sandared Centrum,12.79082,57.71078,1.1
14900379,Sandared Västra,12.74999,57.72672,24.368
14900380,Sandared Östra,12.80595,57.71438,3.301
14900381,Sandhult-Hedared,12.79385,57.78609,63.602
14900382,Sjöbo-Ryda,12.9336,57.74979,0.799
14900383,Sjöbo-Johannelund,12.91951,57.74117,2.23
14900384,Sjömarken Norra,12.84977,57.73332,9.914
14900385,Sjömarken Södra,12.83008,57.71442,1.548
14900386,Sparsör,13.03128,57.78536,15.9
14900387,Tullen,12.902,57.71851,0.377
14900388,Fristad Centrum,13.01047,57.8235,0.506
14910101,Gunnarshill/Borgmästarhagen,13.43199,57.8023,1.046
14910102,Villastaden/Bronäs/Ekhagen/Karlsnäs,13.40688,57.80303,3.128
14910103,Centrum/Tingsholm N.,13.41321,57.79358,0.691
14910104,Skarpås/Furet/Hemryd/Tingsholm S.,13.41986,57.78572,0.652
14910105,Fridhem/Paradiset/Centrum S.,13.40473,57.7832,2.045
14910106,Markuslyckan/Karlslätt/Härstorp,13.36585,57.80147,29.398
14910107,Marbäck/Fredriksberg/Fållorna,13.44947,57.74546,40.188
14910108,Blidsberg/Dalum/Trädet,13.527,57.93443,117.425
14910109,Gällstad/Rånnaväg/Grönahög,13.54826,57.67917,164.207
14910110,Hökerum/Nitta,13.23455,57.84197,133.59
14910111,Hössna/Liared,13.6113,57.82316,319.562
14910112,Timmele/Älmestad,13.33648,57.89882,174.499
14910113,Tvärred/Vegby,13.30864,57.70901,135.359
14920101,Åmål norra - Mo,12.67883,59.1038,108.686
14920102,Åmål nordvästra,12.68505,59.05831,0.966
14920103,Åmål sydvästra,12.62568,59.04947,36.663
14920104,Åmål södra,12.72578,59.02948,19.533
14920105,Åmål centrala,12.70865,59.05435,1.302
14920607,Tösse - Fröskog - Ånimskog,12.63802,58.93931,727.05
14930101,Näset,13.82051,58.72133,2.972
14930102,Madlyckan,13.83672,58.72915,5.307
14930103,Ladukärr,13.86003,58.70417,3.769
14930104,Grangärdet,13.84554,58.6911,4.973
14930105,Trädgården,13.81632,58.70479,0.628
14930118,Högelid,13.85624,58.71979,2.252
14930206,Marieholm,13.80463,58.70175,0.802
14930207,Leksberg,13.79868,58.67046,46.587
14930208,Leverstad,13.82001,58.6993,0.94
14930216,Lockerud-Ekudden,13.79191,58.72153,5.875
14930217,Bråten-Västra skogen-Marieäng,13.7943,58.69781,0.784
14930314,Ullervad,13.92271,58.66087,34.397
14930315,Tidavad,13.82617,58.59298,108.878
14931011,Lugnås,13.68155,58.63026,130.547
14931409,Hassle-Torsö,13.65181,58.86938,1044.752
14931813,Lyrestad-Sjötorp,14.05436,58.83035,116.824
14940101,Gamla stadens centrum,13.18012,58.51499,4.328
14940102,Margretelund N,13.21055,58.50638,15.64
14940103,Fredriksdal,13.1662,58.49625,0.254
14940104,Wennerberg,13.15859,58.49647,0.371
14940105,Lidåker-Ljunghed,13.15013,58.48957,0.953
14940106,Margretelund S,13.17258,58.48468,3.759
14940107,Nya staden N,13.16425,58.51737,2.666
14940108,Nya staden S,13.1462,58.4955,1.972
14940109,Ågårdsområdet,13.1379,58.49992,0.745
14940110,Dalängen,13.12552,58.50439,1.952
14940111,Framnäs,13.14531,58.51874,3.175
14940213,Järpås,12.99053,58.37238,73.305
14940514,Råda,13.07351,58.47006,37.763
14940622,Tun-Gillstad,12.7926,58.51434,242.737
14940816,Sunnersberg,13.00735,58.60477,198.631
14941117,Otterstad,13.11908,58.70821,437.186
14941315,Stenhammar,13.13239,58.53744,3.319
14941325,Tofta-Ulriksdal,13.13659,58.52679,3.585
14942020,Hovby-Majåker,13.14569,58.46488,15.882
14942121,Saleby-Norra Härene,13.12606,58.39535,137.606
14942424,Vinninga-Filsbäck,13.25128,58.47704,32.747
14942923,Örslösa,12.91877,58.55145,160.658
14950101,Marieberg,13.42356,58.38563,0.477
14950102,Västermalm-Domprostegården,13.43513,58.38937,0.986
14950103,Centrum,13.44864,58.38667,0.609
14950104,Skaraberg-Tveta,13.44625,58.42032,15.021
14950105,Gällkvist västra-Härlunda,13.44886,58.32913,73.135
14950106,Gällkvist östra-Skånings Åsaka,13.49649,58.40702,47.107
14950107,Hindsbo-Händene,13.38495,58.41,30.776
14950514,Varnhem-Eggby,13.68915,58.4132,115.635
14950813,Axvall,13.55129,58.37876,55.368
14951609,Ardala,13.29993,58.35318,111.678
14960101,Centrum västra,13.84387,58.39033,0.256
14960102,Kullen,13.83271,58.38989,0.82
14960103,Billingssluttningen,13.82746,58.39743,1.118
14960104,Dälderna,13.84189,58.40648,0.848
14960105,Centrum östra,13.85046,58.39003,0.283
14960106,Havstena,13.8444,58.40227,0.293
14960107,Norrmalm,13.84783,58.39729,0.364
14960108,Västra Fältet,13.85744,58.40092,0.428
14960109,Rosenhaga,13.87218,58.40335,1.629
14960110,Lunden,13.8713,58.41321,1.073
14960111,Mariesjö,13.86477,58.39267,1.431
14960112,Östermalm,13.89321,58.37847,17.633
14960113,Trädgårdsstaden,13.90239,58.42065,8.524
14960115,Källegården,13.84109,58.38265,0.626
14960129,Ekängen,13.80667,58.42532,17.879
14960132,Aspö/Ulveket,13.85499,58.41691,2.022
14960134,Högskolan/Trängen,13.85689,58.39621,0.292
14960316,Våmb,13.8129,58.3838,8.076
14960331,Hentorp,13.81496,58.36665,2.125
14960417,Södra Ryd,13.88534,58.42956,0.924
14960418,Ryds Centrum,13.87612,58.42288,0.932
14960419,Norra Ryd,13.85197,58.43248,8.781
14960521,Skultorps centrum,13.82973,58.33933,0.766
14960533,Skultorp nordväst,13.82265,58.3433,1.376
14960820,Skultorpsbygden,13.74336,58.33754,85.087
14961223,Värsås,14.00697,58.32017,130.993
14961322,Igelstorp,13.99219,58.40898,70.195
14961625,Väring,13.97531,58.49787,86.437
14961824,Frösve/Säter,13.86768,58.47604,48.09
14962226,Berg,13.71707,58.48531,82.654
14962427,Timmersdala,13.74724,58.54429,28.391
14962628,Tidan,14.03568,58.52527,77.836
14970101,"Hjo södra, Grevbäck",14.39461,58.36715,115.063
14970102,"Hjo västra, Mofalla, Långeruder m fl",14.18239,58.32763,40.852
14970103,"Hjo mellersta, Hammarsjorden",14.26908,58.31089,1.679
14970104,"Hjo norra, Smedstorp, Sanna",14.38438,58.31546,77.588
14970505,"Norra och Södra Fågelås, Gate",14.28249,58.2111,283.366
14970706,"Korsberga, Blikstorp",14.08674,58.29429,68.545
14980101,Tidaholms Innerstad,13.96738,58.18079,0.843
14980102,Tidaholm Östra,13.96518,58.17073,1.088
14980103,Tidaholm Västra,13.93901,58.17881,5.277
14980104,Tidaholm Norra,13.95082,58.19913,6.24
14980110,Hökensås Norra,14.04654,58.21801,99.668
14980207,Hökensås Södra/Västra,13.98066,58.09372,226.626
14981512,Dimbo m.fl.,13.81107,58.15352,185.568
14990101,Centrum,13.55268,58.14472,4.082
14990102,Kyrkerör,13.53043,58.16006,3.479
14990103,Dotorp-Tåstorp,13.57546,58.17899,3.798
14990104,Bestorp-Mösseberg,13.51258,58.18548,4.847
14990105,Fredriksberg,13.5629,58.1664,0.714
14990106,Ranten-Grönelund,13.55338,58.17342,0.408
14990107,Vilhelmsberg-Åttagård,13.58669,58.15929,10.886
14990108,Södra Bestorp-Nedre Mösseberg,13.54512,58.17306,1.312
14990209,Bergsliden,13.58132,58.2036,22.601
14990310,Vilske,13.43743,58.11448,177.617
14990512,Floby,13.34009,58.11394,29.729
14990711,Odensberg,13.43004,58.20139,120.88
14991428,Åsarp-Kättilstorp,13.62529,58.01286,208.299
14991513,Kinnarp-Slutarp,13.52549,58.07127,97.125
14992016,Vartofta,13.6684,58.1273,133.472
14993123,Stenstorpsbygden,13.72686,58.25392,101.456
14993422,Stenstorp,13.69727,58.28407,25.296
14994125,Gudhem-Broddetorp,13.60722,58.30526,124.698
17150101,Vikstad,13.2904,59.53196,17.266
17150102,Tolita,13.30148,59.6005,99.166
17150103,Dalliden,13.32651,59.49548,1.376
17150109,Stenåsen,13.38006,59.53596,50.128
17150110,Sannerud,13.28612,59.49873,7.261
17150205,Fagerås,13.19336,59.51556,48.157
17150206,Frykerud,13.16391,59.57034,101.702
17150308,Boda,13.071,59.59411,83.844
17300101,Charlottenbergs tätort,12.31591,59.88579,3.675
17300102,Charlottenbergs omland,12.33762,59.92253,239.848
17300105,Åmotfors,12.34242,59.77988,60.234
17300307,Koppom,12.1644,59.67449,312.917
17300511,Köla-Skillingmark,12.08132,59.8224,283.076
17370101,Torsby Norra,12.90926,60.20034,129.104
17370102,Oleby,13.1117,60.15189,146.373
17370105,Svenneby,12.95355,60.08307,84.657
17370106,Torsby Södra,12.82715,60.13975,144.395
17370309,Vitsand,12.9205,60.45815,619.799
17370512,Östmark,12.69696,60.30017,638.879
17370617,Sysslebäck,12.66436,60.82677,1307.282
17370822,Likenäs,13.06655,60.68017,571.017
17370923,Stöllet,13.34103,60.40879,738.707
17600103,Storfors Centrala,14.3162,59.56187,83.653
17600201,Bjurtjärn,14.3414,59.41751,183.748
17600302,Lungsund,14.17743,59.51478,207.604
17610101,Skoghall,13.43799,59.32006,14.403
17610102,Haga,13.43011,59.21167,103.884
17610103,Gunnarskär,13.49505,59.32451,1.223
17610104,Mörmon,13.47176,59.33118,2.244
17610105,Klöverud,13.48917,59.34409,5.779
17610106,Hammar,13.50962,59.32845,0.933
17610107,Lövnäs,13.51895,59.34164,2.673
17610108,Hallersrud,13.56493,59.22002,226.687
17610109,Östra Bärstad-Rud,13.65038,59.28808,108.565
17620203,Munkfors Sydvästra,13.47427,59.81424,124.688
17620205,Munkfors Centrala,13.5814,59.84175,24.01
17630101,Forshaga öst,13.49364,59.53071,1.687
17630102,Forshaga väst-Dyvelsten,13.42337,59.5153,13.503
17630103,Grossbol,13.47098,59.55942,20.292
17630104,Skived öst,13.52623,59.54425,52.734
17630105,Skived väst,13.4782,59.50118,11.517
17630212,Deje,13.40506,59.66855,102.605
17630315,Dejefors,13.55429,59.70324,196.9
17640102,Grums Västra,13.10897,59.3551,1.019
17640103,Grums Centrala,13.08179,59.3626,31.549
17640106,Grums Södra-Gamla Slottsbron,13.08491,59.34057,8.885
17640107,Segmon-Slottsbron,13.05572,59.289,122.736
17640108,Värmskog-Grums Norra,13.02551,59.42218,317.018
17650101,Årjäng N,12.19215,59.46471,166.091
17650102,Årjäng Ö,12.17487,59.3299,49.413
17650203,Sillerud,12.32919,59.31207,414.613
17650307,Holmedal-Karlanda,12.00874,59.50109,375.996
17650509,Årjäng V,11.97627,59.29403,299.772
17650711,Töcksfors,11.81467,59.51466,356.024
17660101,Klockaregården,13.16364,59.85405,25.84
17660102,Åmberg,13.01626,59.89107,43.082
17660103,Leran,13.14085,59.82765,2.611
17660106,Södra Borgeby,13.29629,59.87218,218.35
17660109,Rottneros,13.05254,59.79939,94.629
17660110,Stöpafors,13.03495,59.97467,175.197
17660119,Gräsmark,12.85238,59.94726,446.566
17660124,Brobyäng,13.14141,59.84393,0.909
17660215,Västra Ämtervik,13.09711,59.71247,135.203
17660317,Östra Ämtervik,13.27129,59.73768,149.959
17660523,Lysvik,13.19901,60.03349,163.254
17800101,Tingvallastaden,13.50177,59.38353,0.406
17800102,Viken,13.49905,59.37615,0.22
17800103,Sommarro,13.46939,59.36484,2.503
17800104,Orrholmen söder,13.50772,59.36162,2.018
17800105,Kvarnberget,13.48575,59.377,0.223
17800106,Tullholmen öst,13.51544,59.36707,0.563
17800107,Inre hamn,13.50814,59.37604,0.229
17800111,Tingvalla,13.49561,59.37961,0.315
17800112,Klara,13.47304,59.39387,4.501
17800113,Råtorp-Älvåker,13.48586,59.41436,1.075
17800114,Haga öst,13.51586,59.383,0.131
17800115,Herrhagen 1,13.51372,59.37771,0.182
17800116,Herrhagen 2,13.52111,59.37168,1.292
17800117,Herrhagen 3,13.52036,59.37649,0.181
17800118,Tormestad-Lamberget,13.56051,59.37279,8.842
17800119,Råtorp söder,13.49369,59.40123,0.638
17800120,Haga väst,13.50947,59.38236,0.152
17800123,Tullholmen väst,13.50829,59.37004,0.188
17800125,Orrholmen norr,13.49818,59.3723,0.274
17800126,Marieberg,13.48559,59.36627,1.825
17800230,Sundsta,13.50894,59.39162,0.843
17800231,Norrstrand centrum,13.51837,59.39155,0.157
17800232,Norrstrand norr,13.52551,59.39445,0.571
17800233,Norrstrand-Sjöstad,13.57276,59.38568,2.281
17800234,Norrstrand söder,13.51375,59.38669,0.382
17800235,Kroppkärr,13.56575,59.39644,5.454
17800236,Färjestad norr,13.50033,59.42384,8.626
17800238,Lorensberg,13.54247,59.40785,1.562
17800239,Rud norr,13.52573,59.40963,0.259
17800240,Rud söder,13.52452,59.40134,0.908
17800241,Kronoparken väst,13.56703,59.41311,0.855
17800242,Kronoparken söder,13.56569,59.401,0.323
17800243,Stockfallet,13.54676,59.42158,2.899
17800244,Universitetet,13.59424,59.40832,2.628
17800245,Kronoparken öst,13.57636,59.40252,0.369
17800246,Kronoparken centrum,13.56741,59.40539,0.384
17800247,Alster söder,13.63347,59.37425,34.38
17800249,Färjestad söder,13.50953,59.40074,0.701
17800250,Långtäppan-Rud,13.5183,59.40871,0.313
17800251,Kronoparken norr,13.58028,59.41319,1.158
17800350,Skattkärr,13.67826,59.41794,5.019
17800351,Östra Fågelvik,13.73476,59.42602,93.39
17800456,Väse,13.84786,59.41933,315.684
17800665,Molkom,13.71154,59.59991,9.083
17800667,Nyed,13.75519,59.64241,391.515
17800775,Alster norr,13.60665,59.48315,127.339
17800880,Skåre,13.4265,59.43142,2.112
17800881,Soldattorpet,13.45239,59.41904,5.375
17800882,Grava,13.37029,59.44526,105.693
17800883,Stodene,13.43325,59.44544,2.21
17800990,Vålberg-Nor,13.28936,59.30035,263.624
17800991,Vålberg,13.17237,59.39205,6.683
17800992,Edsvalla,13.22607,59.45992,62.256
17801106,Romstad-Strand,13.4701,59.37757,0.911
17801107,Gruvlyckan,13.46051,59.37873,0.53
17801108,Våxnäs söder,13.46591,59.38435,0.306
17801109,Hagalund,13.45164,59.38632,1.291
17801110,Våxnäs norr,13.47092,59.38741,0.908
17801119,Bergvik-Zakrisdal,13.38471,59.3634,32.266
17801120,Hultsberg,13.43385,59.38648,1.906
17801121,Björkås-Dingelsundet,13.43916,59.35537,6.195
17810101,Innerstaden,14.11018,59.30983,0.261
17810102,Södermalm,14.11999,59.30388,1.164
17810103,Enserud,14.10274,59.30938,0.435
17810104,Fältet,14.10015,59.30363,0.658
17810105,Djurgården,14.09087,59.29902,1.018
17810106,Kurlanda,14.12745,59.2632,59.824
17810107,Östra Vålösundet,14.06395,59.29311,8.619
17810108,Stenstaliden,14.09589,59.32175,2.013
17810109,Strand,14.08225,59.33825,3.189
17810110,Ölme,13.97249,59.3484,350.946
17810111,Kristinehamn norra,14.15069,59.38122,51.346
17810112,Kristinehamn nord-östra,14.19642,59.37607,56.321
17810113,Kristinehamn östra,14.22655,59.29848,28.955
17810114,Björneborg,14.23699,59.2356,77.928
17810115,Kristinehamn södra,13.97238,59.13392,748.208
17820101,Filipstads norra,14.03443,59.78972,697.46
17820102,Filipstads västra,14.15471,59.70083,2.415
17820103,Filipstads södra,14.33083,59.64372,168.88
17820104,Filipstads östra,14.29967,59.75712,174.701
17820712,Lesjöfors,14.24126,60.02329,676.511
17830101,Hagfors Centrum,13.68824,60.03987,1.644
17830105,Hagfors Östra,13.71526,60.02121,23.371
17830210,Ekshärad-Västanberg,13.43416,60.21252,538.2
17830315,Hagfors Norra-Gustav Adolf,13.78231,60.1672,752.555
17830418,Råda-Höje,13.47353,59.99249,336.725
17830522,Sunnemo-Uddeholm,13.78738,59.9344,357.587
17840102,Haga,12.5793,59.65549,1.116
17840103,Minneberg,12.59178,59.65786,0.372
17840104,Solberga,12.5948,59.65366,0.815
17840105,Styckåsen,12.60928,59.6536,1.458
17840106,Degerängen,12.60213,59.6642,0.954
17840125,Rosendal,12.56444,59.68558,12.452
17840207,Dottevik,12.63524,59.60911,31.328
17840208,Solvik,12.67896,59.68787,87.88
17840209,Agneteberg,12.563,59.6635,1.821
17840210,Jössefors,12.53298,59.65132,31.717
17840228,Taserud,12.59325,59.70541,27.14
17840311,Stavnäs-Högerud,12.78573,59.50716,241.033
17840514,Glava,12.51124,59.50759,374.774
17840617,Gunnarskog-Bogen,12.58337,59.9313,494.928
17840920,Älgå-Ny,12.39764,59.67713,257.161
17841123,Edane,12.82603,59.63275,105.448
17841124,Mangskog,12.87323,59.71727,295.841
17850101,Tegnér,12.94147,59.12601,3.802
17850102,Tingvalla,12.90803,59.1921,55.091
17850103,Trätälja,12.8851,59.10157,16.088
17850105,Värmlandsnäs Södra,13.12047,58.88683,1298.62
17850206,Höglunda,12.81124,59.0979,94.978
17850308,Värmlandsnäs Norra,13.1551,59.17333,338.151
17851018,Annelund,12.75098,59.1955,115.494
17851120,Svaneholm,12.51846,59.21131,188.356
17851223,Nysäter,12.68942,59.32274,399.273
18140100,Lanna,14.90842,59.23965,4.0
18140200,Hidinge,14.84292,59.2634,111.919
18140301,Fjugesta Västra,14.83987,59.17081,11.391
18140302,Fjugesta Östra,14.91267,59.17899,24.796
18140400,Mullhyttan,14.68985,59.18047,182.425
18140500,Kräcklinge m.fl.,14.83578,59.11283,149.374
18600101,Laxå Centrala,14.61149,58.99006,4.461
18600103,Laxå-Kanalområdet,14.65475,58.93476,176.897
18600205,Finnerödja,14.50083,58.84612,420.175
18600407,Skagershult,14.59728,59.07131,139.42
18610111,Hässleberg,15.09323,59.07481,5.035
18610113,Kårstahult,15.05805,59.06227,4.271
18610114,Vingen,15.08355,59.03508,29.076
18610115,Vadsbron,15.18943,59.02177,85.571
18610116,Långängen,15.12115,59.05514,1.435
18610221,Vretstorp,14.81502,59.03151,94.531
18610231,Östansjö,14.96327,59.03961,42.157
18610441,Sköllersta,15.3517,59.12846,38.784
18610451,Pålsboda,15.32602,59.07819,55.838
18610671,Sottern,15.42277,58.94641,316.599
18620101,Jannelund,14.41344,59.22371,4.781
18620102,Bossåsen,14.38571,59.23756,18.282
18620103,Bruket,14.52468,59.25358,48.521
18620105,Stora Valla,14.44264,59.24018,1.692
18620108,Strömtorp,14.38957,59.28217,41.827
18620210,Åtorp,14.37143,59.12575,175.611
18620211,Svartå,14.5169,59.11807,145.027
18630101,Gillershöjden,14.61727,59.82192,85.359
18630102,Centrum,14.51671,59.78019,3.095
18630104,Hjulsjö-Kronhagen,14.7524,59.86004,616.117
18630208,Grythyttan,14.60452,59.62894,452.116
18640101,Hörken-Ställdalen,14.9794,60.00028,368.329
18640103,Bångbro-Kyrkbacksskolan,14.91699,59.87139,263.681
18640105,"Tingshuset, Kopparberg",14.99843,59.87595,2.157
18800101,Örnsro,15.19157,59.26728,0.767
18800102,Näbbtorget,15.20712,59.26949,0.153
18800103,Våghustorget,15.21352,59.26946,0.112
18800104,Oskarsparken,15.22114,59.27133,0.122
18800105,Wadköping,15.23262,59.26979,0.26
18800106,Sveaparken,15.21914,59.26783,0.193
18800107,Stadsparken,15.22727,59.26985,0.218
18800108,Krämartorget,15.20861,59.26677,0.082
18800109,Eklunda,15.21409,59.26269,0.488
18800110,Södermalm,15.2018,59.2637,0.758
18800111,Eyra,15.22602,59.26536,0.209
18800112,Gustavsvik,15.19044,59.25461,1.032
18800113,Ladugårdsängen västra,15.2007,59.2571,0.271
18800114,Ladugårdsängen östra,15.20917,59.25673,0.128
18800115,Olivplan,15.21675,59.25437,0.13
18800116,Sörbyängen,15.22522,59.25613,0.201
18800216,Bettorp,15.23481,59.30494,4.115
18800217,Olaus Petri,15.2176,59.27995,0.189
18800218,Åkullen,15.21979,59.28504,0.28
18800219,Längbrotorg,15.23005,59.28116,0.188
18800220,Hagaby-Ringstorp,15.21861,59.2906,0.928
18800221,Norrby,15.25958,59.29594,4.239
18800222,Bromsplan,15.2294,59.28396,0.108
18800223,Svampen,15.22525,59.28753,0.279
18800224,Rynningeåsen,15.24175,59.28542,0.323
18800225,Rynninge,15.26699,59.28455,1.82
18800226,Tegnér,15.20772,59.28208,0.265
18800227,Sofia,15.25349,59.27858,1.891
18800228,Nobel,15.20554,59.28024,0.109
18800229,Malmplan,15.20453,59.27812,0.094
18800230,Vasastan,15.20456,59.27513,0.153
18800231,Järntorget,15.21576,59.27715,0.095
18800232,Universitetssjukhuset,15.22626,59.27514,0.367
18800233,Slottet,15.21289,59.27361,0.294
18800234,Centrum,15.21247,59.27126,0.123
18800235,Centralstationen,15.21082,59.27804,0.111
18800339,Heden,15.16372,59.2927,0.449
18800340,Mellringe,15.13336,59.3257,28.249
18800341,Björkhaga,15.14899,59.2854,0.666
18800342,Varberga västra,15.16713,59.28591,1.001
18800343,Varberga östra,15.18043,59.28518,0.277
18800344,Karlslund,15.12333,59.27465,6.86
18800345,Oxhagen,15.17457,59.27927,0.321
18800346,Solhaga,15.15892,59.27075,0.651
18800347,Västhaga,15.17018,59.2723,0.834
18800348,Rosta västra,15.18237,59.27145,0.515
18800349,Rosta östra,15.19089,59.27274,0.325
18800350,Hagastrand,15.19845,59.27141,0.195
18800479,Skebäck,15.245,59.27095,0.947
18800480,Sörby norra,15.22726,59.26264,0.32
18800481,Sörby södra,15.23005,59.25987,0.447
18800482,Tybble,15.23341,59.25756,0.167
18800483,Ekeby Almby,15.36576,59.25976,13.361
18800484,Almby,15.24287,59.2626,0.547
18800485,Brickeberg,15.25962,59.24138,3.483
18800486,Brickebacken norra,15.23973,59.24021,0.333
18800487,Brickebacken södra,15.23917,59.23372,0.68
18800488,Grönpepparparken,15.22324,59.25376,0.19
18800489,Näsby,15.26483,59.26966,2.223
18800490,Tybblelund,15.26078,59.25796,0.879
18800491,Universitetet,15.25169,59.25433,1.096
18800492,Ormesta,15.29957,59.25845,19.184
18800493,Norra Ormesta,15.27121,59.26406,0.483
18800494,Tybblekullen,15.23139,59.25093,1.296
18800501,Marieberg,15.13215,59.22398,14.034
18800502,Mosås,15.15269,59.19039,13.693
18800503,Täby,15.03049,59.21189,65.563
18800701,Vintrosa,14.92185,59.27509,14.672
18800801,Garphyttan,14.87693,59.33819,73.857
18800802,Latorp,15.02011,59.28941,62.423
18801001,Kil,15.0458,59.39548,150.5
18801101,Ervalla,15.2122,59.46075,101.846
18801201,Axberg,15.23842,59.37893,68.355
18801301,Hovsta västra,15.20213,59.34594,5.481
18801302,Lillån västra,15.19908,59.32186,6.822
18801303,Lillån östra,15.2489,59.32402,7.667
18801304,Hovsta östra,15.23064,59.34533,0.624
18801401,Hampetorp,15.67759,59.13677,166.724
18801501,Kilsmo-Brevens Bruk,15.54904,59.04375,150.665
18801502,Asker,15.48674,59.1357,60.889
18801503,Odensbacken,15.5103,59.17507,16.849
18801601,Stora Mellösa västra,15.4446,59.22869,63.628
18801602,Stora Mellösa östra,15.60296,59.24717,124.976
18801701,Norrbyås,15.34292,59.20951,45.839
18801801,Gällersta,15.23254,59.19872,33.496
18802601,Rinkaby,15.34576,59.34138,72.357
18802701,Glanshammar,15.43458,59.33189,38.94
18802901,Lillkyrka,15.54618,59.35633,121.633
18803060,Lundby norra,15.20268,59.30535,3.394
18803061,Lundby södra,15.18218,59.30696,0.79
18803062,Vivalla västra,15.18148,59.29915,0.348
18803063,Vivalla norra,15.19008,59.3015,0.368
18803064,Vivalla östra,15.19117,59.29699,0.327
18803066,Nyponlunden,15.16874,59.30016,1.242
18803067,Nya Hjärsta,15.18152,59.29079,0.728
18803068,Baronbackarna,15.20108,59.2908,0.906
18803070,Gamla Hjärsta,15.19086,59.28547,0.463
18803071,Mikael,15.21004,59.28472,0.444
18803072,Karla,15.19839,59.27779,0.288
18803073,Trängen,15.18806,59.27856,0.456
18803074,Markbacken,15.18609,59.28302,0.233
18803189,Brunnsgärdet,15.15614,59.24716,1.268
18803190,Nasta,15.10346,59.25103,18.121
18803191,Lindhult norra,15.16191,59.23896,0.832
18803192,Adolfsberg västra,15.17636,59.24113,1.376
18803193,Adolfsberg östra,15.20623,59.2388,5.81
18803194,Ladugårdsängen södra,15.20606,59.25222,0.694
18803195,Ladugårdsängen Hagen,15.20186,59.25362,0.091
18803196,Lindhult södra,15.15627,59.23312,1.373
18810102,Hällabrottet,15.21218,59.10757,22.794
18810104,Åbytorp-Hardemo,15.0082,59.09405,65.91
18810105,Skogstorp,15.14256,59.14391,1.69
18810106,Malmen,15.15304,59.12007,0.871
18810107,Fylsta,15.13375,59.12636,0.49
18810108,Stadshuset,15.14426,59.13133,0.362
18810109,Åsen,15.18174,59.15159,21.64
18810112,Haga,15.12907,59.12991,1.153
18810114,Kumlaby,15.15586,59.0956,8.951
18810115,Sörby,15.10134,59.15707,23.48
18810116,Vialund,15.11341,59.10234,12.801
18810310,Ekeby-Kvarntorp,15.26501,59.12947,46.137
18820101,Sjöängen,14.94121,58.88619,7.779
18820102,Närlunda,14.92124,58.89753,5.86
18820103,Klockarbacken-Olshammar,14.77219,58.79334,363.583
18820304,Åsbro,15.06116,58.99685,51.192
18820306,Rönneshytta-Mariedamm,15.18139,58.89505,233.967
18820408,Snavlunda,14.88789,58.95707,114.342
18820511,Hammar,14.96625,58.76574,147.465
18820513,Åmmeberg-Zinkgruvan,15.06311,58.83961,100.212
18830101,Aggerud,14.5072,59.29959,4.858
18830102,Stråningstorp,14.47951,59.31199,1.318
18830103,Landa,14.49937,59.32129,0.689
18830104,Skranta,14.5107,59.31285,2.061
18830105,Häsängen,14.44514,59.34304,85.029
18830106,Ekeby,14.49231,59.32732,0.83
18830107,Karlberg,14.49901,59.33578,1.058
18830108,Rävåsen,14.51398,59.33584,0.776
18830109,Sandmo,14.50842,59.32769,0.346
18830110,Karls-Åby,14.53059,59.333,1.205
18830111,Bohult,14.52389,59.32827,0.745
18830112,Bregården,14.52641,59.3192,3.597
18830113,Bofors,14.55377,59.33216,4.696
18830114,Sandviken,14.5588,59.31409,2.428
18830115,Österleden,14.65583,59.31189,169.404
18830116,Bråten,14.56714,59.34451,2.849
18830117,Granbergsdal,14.58823,59.44556,230.879
18840306,Järnboås-Klacka-Lerberg,14.87499,59.6423,182.659
18840401,Hagby-Esstorp,15.01104,59.52306,4.222
18840403,Karlsäng-Pershyttan,14.98293,59.46857,33.937
18840404,Gyttorp-Viker,14.82943,59.47799,307.826
18840405,Hitorp-Alntorp,15.09311,59.48432,56.984
18840407,Ås-Ringshyttan,14.93575,59.5501,42.184
18840409,Dalsta-Born,15.07473,59.55831,63.684
18840410,Torget-Gunnarsberg,15.05116,59.51908,2.583
18850203,Gusselby,15.26226,59.66734,71.158
18850204,Lindesbergs Norra,15.20567,59.61155,2.742
18850206,Linde,15.09696,59.59596,192.957
18850207,Lindesbergs Mellersta,15.22997,59.58188,3.822
18850209,Vedevåg,15.32043,59.53884,48.764
18850210,Lindesbergs Västra,15.20315,59.59788,4.312
18850212,Lindesbergs Sydöstra,15.24802,59.5969,2.62
18850216,Lindesbergs Nordöstra,15.22857,59.61316,1.995
18850302,Guldsmedshyttan,15.0422,59.70372,131.841
18850305,Storå,15.16306,59.76767,152.227
18850413,Frövi Västra,15.32194,59.47154,43.108
18850414,Frövi Östra,15.42505,59.46824,51.38
18850518,Fellingsbro Västra,15.54294,59.47548,75.603
18850519,Fellingsbro Östra,15.67144,59.45351,116.658
18850522,Rockhammar,15.5017,59.56897,174.202
18850728,Ramshyttan,15.38256,59.78186,414.117
19040201,Skinnskatteberg Södra,15.75313,59.77372,507.061
19040202,Skinnskatteberg Norra,15.7714,59.87332,214.56
19070101,Bruket och Landsbygd,16.11305,59.71022,137.178
19070103,Stavtorpet,16.23434,59.69551,2.65
19070104,Skogslund,16.23339,59.70529,0.847
19070105,Dalskogen,16.22782,59.72416,2.707
19070207,Ramnäs,16.12387,59.78702,158.005
19070208,Virsbo,16.06217,59.85601,69.387
19600101,Runna - Granhammar,16.04699,59.38761,48.739
19600102,Centrum,16.09451,59.42257,0.714
19600103,Haga - Skillinge,16.14076,59.44301,10.296
19600104,Torpa - Malmberga,16.18505,59.40681,86.801
19600506,Valskog - Kungs-Barkarö,15.99781,59.44872,81.663
19610103,Nibble,16.29464,59.60691,7.133
19610104,Fredhem,16.26558,59.64917,16.394
19610105,Barnängen,16.23553,59.61738,0.363
19610106,Eldsboda,16.21241,59.63608,9.462
19610107,Tuna,16.27189,59.58942,14.872
19610108,Näs,16.13697,59.62057,53.431
19610109,Lövboås,16.28308,59.62558,6.782
19610310,Tunbo,16.18844,59.56344,28.49
19610311,Kolbäcks Centrum,16.23591,59.56862,1.515
19610312,Strömsholm,16.25841,59.51608,42.695
19620101,Kärrgruvan,15.96094,60.12281,220.337
19620103,Skallberget,15.94589,60.03961,40.419
19620104,Björkängen,15.79384,60.05404,48.773
19620205,Karbenning,16.0834,60.01569,140.358
19800101,101 Centrum,16.5424,59.61092,0.311
19800102,102 Kyrkbacken,16.54103,59.61455,0.245
19800103,103 Herrgärdet,16.54824,59.61472,0.109
19800104,104 Kopparlunden,16.55724,59.61598,0.511
19800105,105 Östermalm,16.55529,59.61242,0.093
19800106,106 Östra Hamnen/Slottsträdgården,16.55052,59.60612,0.312
19800107,107 Lillåudden,16.55645,59.60304,0.28
19800108,108 Norrmalm/Blåsbo,16.53295,59.6178,0.372
19800109,109 Aroslund/Iggebygärdet,16.53517,59.62156,0.589
19800110,110 Kristiansborg/Karlsdal,16.54921,59.61994,0.334
19800111,111 Annedal/Stallhagen,16.53628,59.60273,1.044
19800112,112 Oxbacken C/Västermalm,16.53327,59.60693,0.14
19800113,113 Pettersberg Ö,16.52291,59.61678,0.466
19800114,114 Pettersberg V,16.5132,59.61489,0.29
19800115,115 Jakobsberg,16.52733,59.60986,0.584
19800116,116 Hammarby Stadshage,16.5203,59.60488,0.381
19800117,117 Vetterslund,16.51028,59.61119,0.516
19800118,118 Pettersberg S,16.51994,59.61399,0.169
19800119,119 Mälarporten/Ängsgärdet,16.56027,59.6106,0.912
19800201,201 Hammarby Ö,16.50954,59.6023,0.447
19800202,202 Hammarby V,16.50346,59.59875,0.451
19800203,203 Bäckby Ö,16.48436,59.60035,0.967
19800204,204 Bäckby N/Hälleborg,16.47677,59.6065,0.383
19800205,205 Bäckby V,16.46501,59.60356,0.905
19800206,206 Bäckby C,16.46995,59.59685,0.315
19800207,207 Bäckby S,16.48178,59.59513,0.749
19800208,208 Skälby V,16.44211,59.5939,2.426
19800209,209 Skälby Ö,16.45467,59.59947,0.744
19800210,210 Stohagen/Spantgatan,16.49615,59.59063,4.326
19800211,211 Enhagen-Ekbacken/Örtagården,16.48748,59.57397,14.883
19800212,212 Barkarö/Tidö-Lindö,16.54869,59.51777,128.911
19800213,213 Barkarö tätort,16.49801,59.55284,4.814
19800214,214 Dingtuna-Lillhärad landsbygd,16.39417,59.61188,118.408
19800215,215 Dingtuna tätort,16.38701,59.5681,4.154
19800216,216 Kvicksund/Rytterne,16.33872,59.50045,70.473
19800301,301 Skallberget S,16.54352,59.62643,0.278
19800302,302 Skallberget N,16.55023,59.62937,0.255
19800303,303 Nordanby,16.55516,59.63425,0.446
19800304,304 Gryta NÖ,16.56561,59.6453,3.843
19800305,305 Gryta NV,16.54769,59.65314,0.703
19800306,306 Önsta,16.53319,59.65172,0.719
19800307,307 Gryta SÖ,16.54846,59.6424,0.811
19800308,308 Gryta SV,16.53477,59.64272,0.692
19800309,309 Tunby/Vega,16.52909,59.62997,2.894
19800310,310 Rönnby S,16.5202,59.65872,10.863
19800311,311 Rönnby N,16.50599,59.65046,0.578
19800312,312 Fredriksberg,16.4882,59.60655,0.633
19800313,313 Råby S,16.50143,59.60626,0.492
19800314,314 Råby N,16.48977,59.61109,0.307
19800315,315 Råby Ö,16.49907,59.61305,0.419
19800316,316 Vallby S,16.50471,59.61924,0.752
19800317,317 Eriksborg/Hagaberg,16.47844,59.61862,2.182
19800318,318 Brottberga/Vallby N,16.49307,59.62834,0.779
19800319,319 Vallby C/Bjärby/Skerike,16.45031,59.64467,22.718
19800320,320 Skultuna landsbygd,16.39672,59.75135,166.319
19800321,321 Skultuna Ö,16.43438,59.71586,0.778
19800322,322 Haraker Romfartuna,16.56933,59.75668,92.393
19800323,323 Vallby C,16.49904,59.62343,0.31
19800324,324 Skultuna V,16.4232,59.71938,0.929
19800401,401 Emaus,16.55893,59.62025,0.265
19800402,402 Bergslagsparken,16.55216,59.62382,0.257
19800403,403 Gideonsberg,16.56115,59.625,0.282
19800404,404 Skälängen,16.56024,59.62886,0.245
19800405,405 Nordanby gärde,16.56357,59.63198,0.407
19800406,406 Sandgärdet,16.5696,59.62153,0.358
19800407,407 Haga,16.57201,59.62816,0.375
19800408,408 Skjutbanegatan,16.57892,59.6292,0.197
19800409,409 Hemdal,16.57779,59.61822,0.851
19800410,410 Malmaberg S,16.58278,59.62436,0.349
19800411,411 Malmaberg N,16.58851,59.62798,0.479
19800412,412 Klockartorp,16.5828,59.61277,0.334
19800413,413 Skiljebo S,16.60587,59.61072,2.334
19800414,414 Skiljebo N,16.59443,59.61976,0.277
19800415,415 Odensviplatsen,16.59448,59.6239,0.218
19800416,416 Brandthovda,16.61005,59.62106,0.652
19800417,417 Bjurhovda SV,16.60387,59.62427,0.21
19800418,418 Bjurhovda SO,16.61496,59.62582,0.274
19800419,419 Bjurhovda N/Badelunda,16.65884,59.63458,33.586
19800420,420 Hökåsen/Tillberga landsbygd,16.63817,59.70173,56.413
19800421,421 Hökåsen tätort,16.59306,59.6613,0.951
19800422,422 Tillberga tätort,16.62331,59.68313,1.819
19800423,423 Tortuna/Sevalla,16.72787,59.71923,75.057
19800501,501 Viksäng V/Ängsgärdet,16.57237,59.61014,0.253
19800502,502 Viksäng/Stenhagen,16.57916,59.60893,0.211
19800503,503 Viksäng Ö,16.59102,59.60647,0.597
19800504,504 Talltorp/Lillhamra,16.60742,59.60421,1.482
19800505,505 Notudden,16.57135,59.60595,0.11
19800506,506 Mälarparken,16.58263,59.60219,0.26
19800507,507 Framnäs/Öster Mälarstrand,16.59215,59.5938,1.24
19800508,508 Berghamra/Hamre,16.60928,59.57091,22.854
19800509,509 Gäddeholm,16.66625,59.55263,8.33
19800510,510 Irsta S,16.6943,59.60192,1.029
19800511,511 Irsta N,16.69091,59.60714,0.699
19800512,512 Björksta/Kungsåra/Ängsö,16.8224,59.59915,163.726
19800513,513 Öster Mälarstrand V,16.57331,59.60388,0.089
19800514,514 Kärrbolandet,16.7449,59.5568,94.019
19800515,515 Öster Mälarstrand Ö,16.5752,59.60239,0.111
19800516,516 Förseglet,16.57743,59.60591,0.121
19810101,Centrum,16.60711,59.91993,0.325
19810102,Åkra,16.59621,59.92324,0.574
19810103,"Jakobsberg, Bryggeriet, Turbo m.fl",16.58938,59.91579,0.544
19810104,Kungsängen-Valla-Vasastaden,16.60943,59.91628,0.699
19810105,Sala Norra,16.56706,59.9517,34.915
19810106,Sala Östra,16.70259,59.92537,120.121
19810107,Sala Södra,16.59257,59.89719,14.091
19810108,"Dalhem, Gärdesta, Hagaberg m.fl.",16.55494,59.9223,8.063
19810210,Västerfärnebo - Västerbykil,16.27415,59.96745,278.657
19810312,Kila - Fläckebo,16.435,59.88961,250.521
19810514,Kumla-Ransta-Tärna,16.70255,59.82288,117.604
19810818,Möklinta,16.52609,60.07802,384.266
19820101,Kolarbyn,15.79291,60.0192,0.972
19820102,Centrum,15.73201,60.00436,10.015
19820103,Risbron,15.80865,59.99855,1.573
19820104,Västanfors,15.80308,59.97931,5.336
19820106,Per Ols,15.81605,60.00396,0.94
19820108,Meling,15.86563,60.00111,43.794
19820207,Åvestbo-Västervåla,15.89592,59.92799,249.292
19830101,Byjorden-Odensvi,15.94898,59.61278,136.831
19830102,Karlsdal,15.98875,59.51346,0.295
19830103,Tunadal,15.99367,59.51865,0.242
19830104,Karlberg,16.02019,59.49269,16.603
19830105,Skogsborg,16.02146,59.53857,8.405
19830106,Nyckelberget,15.98578,59.5246,0.925
19830107,Elund-Ållesta,16.02411,59.52084,3.677
19830108,Östanås,16.00267,59.51798,0.596
19830109,Ullvi,15.97366,59.50536,2.385
19830110,Nygård-Skogsbrynet,15.97548,59.51295,0.686
19830111,Hästhagen-Skogshöjden-Himmeta-Bro,15.87032,59.50977,99.119
19830422,Kolsva Ö,15.89572,59.56468,21.493
19830423,Kolsva V,15.73729,59.60945,224.165
19830625,Munktorp,16.10699,59.55572,132.209
19840101,Ladubacksgärdena-N Skogen,15.82787,59.41128,4.898
19840102,Prästgärdet,15.84163,59.40127,0.977
19840103,Sturestaden-Nästkvarn,15.83506,59.3948,0.955
19840104,Ringsborg-Strömsborg,15.83621,59.39061,0.539
19840106,Herrängen-Ekbacken-Södra Landsförsam,15.88417,59.31249,125.834
19840107,Brattberget-Strömsnäs,15.83684,59.37986,3.397
19840208,Norra Landsförsam-Vasastaden-Medåker,15.76618,59.4699,84.805
19840309,Götlunda,15.74628,59.31696,199.956
20210101,Vansbro,14.24453,60.46046,479.108
20210103,Järna,14.36264,60.58589,280.85
20210301,Nås,14.47818,60.40286,529.936
20210401,Äppelbo,14.01779,60.40776,375.605
20230203,Malung södra,13.81323,60.52621,872.93
20230205,Malung västra,13.55563,60.56856,494.353
20230206,Malung norra,13.46884,60.74375,474.095
20230301,Lima,13.13884,60.99039,1433.076
20230502,Transtrand,13.10004,61.27928,1060.404
20260105,Mockfjärd,14.99752,60.48955,64.708
20260201,Gagnef,14.98407,60.56359,95.102
20260202,Djurås,15.11369,60.55462,42.171
20260203,Bäsna,15.04762,60.45811,186.681
20260204,Djurmo,15.23593,60.58322,28.595
20260301,Floda,14.79441,60.48255,199.222
20260302,Björbo,14.69258,60.40142,199.963
20290102,Edshult - Åkerö - Övermo mfl,15.0027,60.72148,4.012
20290103,Häradsbygden - Heden - Djura mfl,14.71644,60.64184,504.38
20290104,Leksandsnoret,15.0073,60.7504,8.362
20290106,Leksand Ö,15.11654,60.73813,121.697
20290108,Tällberg mfl,15.01387,60.83166,273.857
20290110,Leksand V,14.94933,60.72784,23.085
20290301,Insjön Ö,15.2496,60.6679,133.315
20290311,Insjön V - Ål-Kilen,15.06422,60.65655,10.944
20290401,Siljansnäs,14.75205,60.76413,338.382
20310101,Rättvik C,15.06912,60.89421,12.046
20310102,Rättvik S,15.1457,60.8543,95.169
20310104,Vikarbyn,14.96624,60.96202,172.438
20310105,Boda-Gärdsjö,15.39107,61.02552,817.704
20310106,Rättvik V,15.12436,60.95986,81.802
20310401,Ore,15.25176,61.32772,970.726
20340201,Orsa Mellersta,14.61873,61.12829,9.61
20340202,Skattungbyn-Kallmora,14.84955,61.36219,934.234
20340203,Orsa Södra,14.85143,61.10483,235.751
20340204,Orsa Västra,14.53778,61.32944,619.781
20340206,Orsa Östra,14.65119,61.13965,7.127
20390206,Kyrkbyn,14.17786,61.17352,124.565
20390209,Rot,13.9523,61.43443,738.711
20390210,Väster-Myckeläng,13.78248,61.13648,565.014
20390211,Åsen,13.57569,61.37432,1108.288
20390401,Särna,12.90524,61.64951,2231.124
20390501,Idre,12.78735,61.988,2413.921
20610101,Morgårdshammar-Gubbo,15.30405,60.19314,92.53
20610103,Hagge-Harnäs m.fl.,15.28071,60.07081,177.564
20610105,Smedjebacken N,15.46736,60.20085,163.923
20610106,Smedjebacken S,15.39492,60.1001,64.076
20610108,Smedjebacken C,15.41475,60.14707,1.262
20610201,Söderbärke-Malingsbo,15.49394,60.04301,536.967
20610205,Sörbo-Vad,15.64462,60.04021,26.594
20620103,Färnäs-Nusnäs-Garsås,14.73844,60.95672,266.042
20620107,Noret Norra-Bergkarlås,14.66457,61.04595,44.116
20620110,Stranden,14.55389,61.00801,2.125
20620111,Vika-Venjan-Selbäck,14.14259,60.86282,1205.283
20620114,Morkarlby,14.51762,61.00361,2.571
20620115,Noret Södra,14.57929,61.00902,4.493
20620116,Öna-Kråkberg,14.53322,61.03724,15.734
20620117,Utmeland-Hånåkni,14.51761,60.98396,9.195
20620118,Klockarhagen,14.56926,60.97887,13.91
20620201,Våmhus-Bonäs,14.28263,61.32455,836.749
20620202,Östnor-Hemus-Långlet-Oxberg,14.16306,61.07293,212.165
20620301,Sollerö-Isunda,14.47317,60.82398,514.842
20800101,Källviken och V Främby,15.64542,60.56057,25.38
20800102,Kvarnberget och Ö Främby,15.65302,60.59221,1.257
20800103,Elsborg,15.63062,60.59942,0.666
20800104,Hyttgården,15.62193,60.60388,0.481
20800105,Kämparvet,15.64693,60.60558,1.318
20800106,Nedre Norslund,15.66304,60.59638,1.008
20800107,Övre Norslund,15.67564,60.59639,1.434
20800109,Hälsingberg,15.71111,60.59989,13.668
20800110,Gruvriset,15.62505,60.57976,2.048
20800111,Kristine,15.63111,60.60829,0.306
20800112,Pilbo-Samuelsdal,15.60282,60.58238,5.281
20800210,Grycksbo,15.48044,60.68708,32.919
20800301,Gruvan,15.5057,60.63118,35.202
20800303,Herrhagen,15.61015,60.6211,0.547
20800304,Ångbryggeriet,15.62911,60.61141,0.22
20800306,Bojsenburg,15.62146,60.62518,0.404
20800307,Kyrkbacken,15.63446,60.61601,0.367
20800308,Lugnet,15.68436,60.63145,18.09
20800309,Slätta,15.59514,60.6223,0.398
20800311,Östanfors,15.62058,60.6164,0.233
20800401,Aspeboda,15.48727,60.58659,109.12
20800501,Vika,15.76274,60.51072,137.494
20800601,Hosjö Näs,15.8699,60.58441,70.679
20800602,Hosjö Sandviken,15.74894,60.58141,6.093
20800701,Sundbornsbyn,15.74459,60.65704,47.995
20800702,Danholn och Karlsbyheden,15.87714,60.66548,172.857
20800801,Linghed,16.05747,60.87504,411.486
20800802,Boda och Toftbyn,15.80266,60.72324,188.7
20800803,Borgärdet och Lumsheden,16.11171,60.74821,322.832
20800935,Haraldsbo,15.68701,60.5949,0.775
20800980,Hälsinggården,15.69283,60.58199,2.068
20801001,Enviken,15.76228,60.91698,369.016
20801060,Britsarvet,15.62694,60.61763,0.336
20801101,Bjursås Ö och Sågmyra,15.51246,60.78135,124.334
20801102,Bjursås V,15.39737,60.74334,68.334
20801138,Karlberg,15.63367,60.62244,0.601
20801140,Stenslund,15.56295,60.62911,13.53
20801154,Varpan,15.61179,60.67845,98.667
20810101,Bergslagsbyn,15.41513,60.50319,1.218
20810103,Bullermyren,15.41178,60.49966,0.437
20810105,Hagalund N,15.41684,60.492,0.707
20810107,Hagalund V,15.41598,60.4833,0.912
20810109,Hagalund Ö - Ringen,15.4303,60.49105,0.459
20810111,Jakobsgårdarna,15.39893,60.47703,0.88
20810113,Kvarnsveden V,15.38995,60.52658,9.14
20810114,Kvarnsveden Södra,15.40208,60.51067,1.066
20810115,Kvarnsveden Ö,15.43526,60.53352,7.436
20810117,Mats Knuts - Nygårdarna,15.38082,60.4746,7.852
20810119,Norr Amsberg,15.3176,60.56435,82.293
20810121,Skräddarbacken,15.26,60.48305,74.384
20810123,Tjärna Ängar - Paradiset,15.39923,60.48882,1.047
20810124,Tjärna Allé,15.40175,60.49292,0.213
20810125,Tjärna Ängar - Övre Tjärna,15.39802,60.49965,1.453
20810201,Centrum - Norra,15.43255,60.48635,0.299
20810202,Centrum - Mjälga,15.45104,60.48071,1.215
20810203,Domnarvet V,15.45849,60.51754,10.403
20810205,Domnarvet Ö,15.4805,60.49969,9.033
20810207,Färjegårdarna - Årby - Hytting,15.47395,60.46644,4.072
20810209,Gylletäppan,15.43575,60.46874,2.308
20810211,Gylle-Åselby-Buskåker,15.42333,60.45367,14.698
20810213,Hushagen - Forssa,15.44143,60.49613,2.15
20810215,Kyrkbygden - Söder Tuna,15.49018,60.42429,44.241
20810217,Ornäs,15.55192,60.50391,34.122
20810219,Torsång,15.60592,60.48744,52.187
20810221,Väster Tuna - Idkerberget,15.30488,60.39165,273.266
20810223,Östermalm,15.43271,60.47743,1.469
20820101,Säter S,15.75356,60.34284,1.762
20820102,Säter N,15.73378,60.34839,1.916
20820103,Säter omland,15.66272,60.30662,204.458
20820207,Stora Skedvi,15.88808,60.48108,218.149
20820304,Gustafs N,15.65252,60.41092,49.244
20820406,Gustafs S,15.52794,60.34258,152.038
20830101,Hedemora SV,15.94165,60.22482,99.428
20830102,Hedemora NÖ,16.06113,60.30011,126.136
20830103,Hedemora NV,15.93488,60.32483,28.777
20830104,Hedemora SÖ,16.05988,60.24666,44.676
20830105,Vikmanshyttan,15.83674,60.26515,128.616
20830307,Husby,16.14451,60.41225,366.589
20830308,Långshyttan,16.07848,60.51506,139.2
20840101,Avesta norra-Högbo,16.18417,60.14593,3.307
20840102,Avesta centrum,16.17431,60.14276,0.595
20840103,Avesta västra,16.08848,60.1638,26.69
20840104,Avesta södra,16.17412,60.13229,5.25
20840301,Horndal,16.43416,60.31138,138.946
20840302,By,16.53115,60.21968,196.12
20840401,Folkärna,16.36717,60.1357,91.181
20840402,Fors,16.29475,60.22468,77.257
20840403,Krylbo,16.19722,60.12456,4.024
20840404,Karlbo,16.23277,60.10739,48.754
20840601,Skogsbo - Rutbo-Grytnäs,16.15152,60.19515,78.601
20840602,Skogsbo - Grytnäs gärde,16.19088,60.15917,1.578
20850101,Ludvika Ulrika,15.18565,60.15454,1.991
20850102,Marnäs,15.19868,60.14873,0.637
20850103,Magneten,15.17235,60.14541,1.484
20850104,Högberget,15.19769,60.14199,0.916
20850105,Sörvik-Håksberg,15.16038,60.21505,94.715
20850108,Blötberget-Gonäs,15.09475,60.1268,70.209
20850110,Lorentsberga,15.17581,60.11424,18.645
20850111,Näset,15.2179,60.16384,6.35
20850113,Ludvika gård,15.18306,60.13508,1.731
20850114,Knutsbo,15.2108,60.12613,6.29
20850203,Björkås-Stallbacken,14.93657,60.07741,37.927
20850204,Öraberget,15.09924,60.04619,34.645
20850307,Kyrkbyn-Nyhammar,14.96575,60.32605,292.19
20850311,Sunnansjö-Saxdalen,14.82546,60.15711,484.819
20850401,Fredriksberg,14.42247,60.1338,603.23
21010201,Ockelbo Södra,16.54446,60.84579,352.025
21010203,Ockelbo Byar,16.51206,60.97975,634.273
21010205,Ockelbo Norra,16.81051,60.88785,148.489
21040102,Hofors Norra,16.30911,60.56176,113.284
21040103,Hofors Södra,16.32377,60.50693,47.579
21040104,Hofors Centrum,16.28644,60.54412,1.306
21040105,Hofors Västra,16.27211,60.54775,0.708
21040201,Torsåker,16.47915,60.46394,285.099
21210105,Ovanåker N,15.72676,61.47114,502.791
21210106,Edsbyn,15.71835,61.31401,65.74
21210201,Ovanåker V,15.54611,61.39785,504.491
21210301,Alfta S,15.86446,61.18424,650.423
21210303,Alfta N,16.09088,61.44876,303.865
21320201,Harmånger-Ilsbo,17.12014,61.89655,158.274
21320301,Jättendal-Stocka-Strömsbruk,17.66204,61.92326,756.765
21320401,Gnarp,17.5938,62.07022,786.608
21320501,Bergsjö,17.08207,62.02685,233.979
21320601,Hassela-Älgered,16.69345,62.10587,605.035
21610101,Ljusdal CV,16.04465,61.79948,56.439
21610102,Tallåsen-Ramsjö,15.76089,62.07485,1699.687
21610104,Ljusdal CÖ,16.12386,61.82888,1.073
21610105,Ljusdal CS,16.21574,61.80224,42.138
21610106,Ljusdal CN,16.18352,61.93382,170.868
21610107,Ljusdal C,16.10239,61.82982,0.702
21610301,Korskrogen-Los,15.32901,61.78767,2804.005
21610401,Färila,15.85951,61.81007,103.659
21610701,Järvsö Ö,16.31625,61.70956,228.566
21610702,Järvsö V,15.96139,61.62795,439.04
21610703,Järvsö N,16.04339,61.74118,92.77
21800101,Väster N,17.13642,60.67705,0.113
21800102,Villastaden,17.11802,60.66796,2.149
21800103,Väster S,17.13808,60.67432,0.268
21800105,Norr,17.14689,60.67605,0.206
21800106,Öster-Alderholmen,17.15719,60.68412,2.734
21800107,Söder V,17.14493,60.67018,0.169
21800108,Stigslund,17.13535,60.70222,2.712
21800109,Strömsbro,17.16335,60.70396,1.423
21800110,Norrlandet-Utvalnäs,17.75662,60.85137,484.038
21800111,Vallbacken,17.14261,60.66694,0.295
21800112,Lindbacka,17.18598,60.70013,6.205
21800113,Nordost,17.14323,60.67958,0.188
21800114,Gävle Strand,17.17267,60.67979,0.825
21800201,Söder Ö,17.15293,60.67089,0.275
21800202,Brynäs V,17.1583,60.6729,0.294
21800203,Brynäs C,17.16831,60.67204,0.282
21800204,Brynäs Ö,17.18639,60.67735,1.576
21800206,Brynäs S,17.17591,60.66552,1.375
21800208,Hemsta,17.16246,60.66284,0.768
21800213,Furuvik-Ytterharnäs,17.31345,60.62808,69.86
21800214,Hemlingby,17.23371,60.59861,70.963
21800301,Bergby-Axmar,17.19522,60.984,583.693
21800302,Norrsundet-Hamrångefjärden,17.16606,60.90222,200.656
21800401,Hedesunda N,17.00573,60.43908,148.654
21800402,Hedesunda S,17.1012,60.38616,368.025
21800501,Hille,17.19927,60.7301,7.346
21800502,Åbyggeby,17.02209,60.76259,91.663
21800503,Björke-Trödje,17.53178,60.90202,705.116
21800604,Valbo C,16.99937,60.64093,1.315
21800605,Valbo N,16.91771,60.70968,110.985
21800607,Valbo V,17.0147,60.58235,105.921
21800608,Forsbacka,16.88735,60.60249,38.018
21800609,Hagaström C,17.07043,60.67156,4.756
21800701,Södertull,17.14915,60.66402,0.554
21800702,Olsbacka,17.13011,60.66264,0.96
21800703,Sörby,17.14486,60.65902,0.732
21800704,Fridhem,17.1232,60.65268,1.156
21800705,Andersberg C,17.1366,60.65101,0.293
21800706,Andersberg N,17.14803,60.65124,0.909
21800707,Andersberg S-Sälgsjön-Hästbo,17.15909,60.57903,116.709
21800801,Sätra C,17.11531,60.68721,0.862
21800802,Sätra NO,17.11382,60.69482,0.481
21800804,Sätra Ö-Gavlehov,17.13379,60.69073,1.474
21800805,Sätra V,17.0969,60.68847,1.085
21800806,Sätra NV,17.09975,60.6982,1.391
21800901,Bomhus V,17.20226,60.66994,3.371
21800902,Bomhus N,17.25463,60.68459,10.251
21800903,Bomhus Ö,17.25318,60.67027,2.151
21800904,Bomhus C,17.21876,60.67128,0.631
21800906,Bomhus SV,17.21373,60.66318,0.641
21800907,Bomhus SO,17.23333,60.66524,1.183
21801002,Norrtull-Lexe,17.12076,60.67882,2.718
21801003,Valbo Ö-Hagaström N,17.0192,60.66626,54.573
21810101,Sandviken Norra,16.77942,60.69999,102.007
21810102,Jäderfors-Norrsätra,16.69419,60.66023,37.168
21810103,Murgården,16.77391,60.6161,0.429
21810104,Sandbacka,16.82349,60.61411,17.421
21810105,Barrsätra,16.75813,60.61703,0.749
21810106,Sandviken Centrum,16.77843,60.62025,0.354
21810109,Jernvallen Norra,16.76452,60.60711,1.319
21810110,Jernvallen Södra,16.77334,60.5984,3.289
21810113,Björksätra,16.74814,60.60489,1.068
21810115,Vallhov,16.72416,60.61392,3.623
21810202,Kungsgården-Åshammar,16.43285,60.68618,208.65
21810204,Säljan,16.73508,60.5829,24.439
21810205,Storvik Norra,16.3856,60.6127,104.566
21810206,Gästrike-Hammarby-Storvik Södra,16.60485,60.54681,70.057
21810301,Järbo,16.62827,60.72768,144.641
21810401,Årsunda,16.76761,60.48493,231.672
21810501,Österfärnebo,16.7308,60.31114,351.339
21810601,Stadsparken,16.76872,60.62047,0.39
21820101,Söderhamn Centrum-Väster,17.04786,61.30183,1.179
21820102,Söderhamn Norrtull-Granskär,17.06198,61.30823,1.049
21820103,Söderhamn Norrberget-Hägnan m fl,17.03786,61.31229,3.667
21820105,Söderhamn Klossdammen-Stormyran m fl,17.10474,61.2839,8.197
21820106,Söderhamn Öster-Broberg-Färssjön,17.07973,61.30399,2.279
21820107,Stugsund,17.11466,61.29699,3.519
21820201,Sandarne,17.49024,61.18814,626.002
21820401,Ljusne,17.12301,61.14383,260.454
21820501,Söderala,17.02036,61.2716,97.369
21820502,Marma-Mo,16.77865,61.30885,111.754
21820503,Bergvik – Skog,16.85679,61.15803,352.061
21820901,Vågbro,17.39694,61.32735,519.677
21820902,Norrala-Trönö,16.89214,61.42922,311.098
21830301,Bollnäs Centrum,16.39887,61.35211,1.788
21830302,Bollnäs-Sävsberg,16.43324,61.31725,22.492
21830303,Bollnäs-Granberg,16.3864,61.32183,8.633
21830304,Bollnäs-Gärdet,16.2678,61.36882,16.084
21830306,Bollnäs-Hamre,16.28415,61.37998,16.801
21830307,Bollnäs-Björktjära,16.35614,61.37932,12.498
21830308,Bollnäs-Lottefors,16.40518,61.40875,90.97
21830309,Bollnäs-Ren,16.50024,61.33216,28.646
21830310,Bollnäs-Söräng,16.26678,61.32394,74.256
21830311,Bollnäs-Hå,16.21045,61.15581,582.435
21830312,Bollnäs-Kilberg,16.47184,61.37342,32.712
21830401,Rengsjö,16.64873,61.41979,140.574
21830501,Hanebo-Segersta,16.5673,61.191,371.244
21830602,Hanebo Centrum,16.53841,61.25742,53.726
21830902,Arbrå Centrum,16.34216,61.47908,17.083
21830903,Arbrå-Undersvik,16.33823,61.56003,390.36
21830904,Arbrå-Flästa,16.50652,61.47247,126.614
21840101,Öster,17.12965,61.72885,0.631
21840103,Kålhagen,17.11887,61.72767,2.93
21840104,Sandvalla-Kristineberg,17.11703,61.74352,1.71
21840105,Väster,17.09645,61.73261,1.836
21840106,Centrum,17.10637,61.7265,0.398
21840107,Fridhem-Åvik,17.10619,61.71882,1.546
21840201,Idenor-Saltvik,17.20178,61.66188,98.522
21840302,Björkberg-Maln-Lingarö,17.29929,61.68266,81.21
21840303,Håsta,17.05593,61.72027,5.176
21840401,Rogsta-Malsta,17.63715,61.7268,997.764
21840501,Njutånger,17.56702,61.56805,585.12
21840503,Iggesund  Norra,17.09769,61.65752,11.562
21840504,Iggesund Södra,17.0798,61.63745,25.378
21840701,Enånger,17.35798,61.47937,878.043
21840803,Bobygden-Kalvstigen-Långbacka,16.58408,61.72199,321.873
21840804,Ava-Gåsbacka-Myra,16.62564,61.81247,38.557
21840805,Stömne-Smedsbo-Överälve,16.39892,61.86476,107.223
21840901,Bjuråker-Norrbo,16.67122,61.95217,565.834
21840902,Svågadalen,16.34323,62.06558,421.178
21841101,Näsviken,16.83066,61.7439,111.785
21841102,Forsa,16.93173,61.68353,132.524
21841201,Hög-Sanna,17.02132,61.80581,158.094
22600201,Ånge,15.56978,62.5289,182.897
22600202,Ånge centrum,15.63902,62.5361,4.8
22600205,Borgsjö-Erikslund-Hallsta,15.84129,62.50023,685.071
22600306,Alby-Östavall-Överturingen,15.27385,62.4269,1240.913
22600409,Ljungaverk,15.98882,62.41157,164.363
22600410,Fränsta,16.1674,62.53072,383.189
22600412,Torpshammar-Naggen-Munkbysjön,16.35703,62.47401,651.995
22620106,Bergeforsen,17.33521,62.54241,42.954
22620107,Sörberge,17.42259,62.52204,17.91
22620109,Centrum,17.32705,62.48742,0.233
22620110,Böle,17.39299,62.49763,5.319
22620114,Nyvivsta,17.34573,62.49536,7.539
22620116,Vivsta,17.29836,62.4922,9.138
22620117,Timrådalen,17.24776,62.48296,31.201
22620205,Ljustorp,17.19083,62.71359,500.226
22620302,Söråker,17.62971,62.51191,69.614
22620303,Ala,17.52715,62.55844,108.573
22620401,Tynderö,17.95296,62.40073,448.737
22800101,Centrum,17.94149,62.63001,0.854
22800102,Norrstaden,17.94755,62.63673,0.386
22800103,Norra Brännan,18.25162,62.54734,155.058
22800104,Hovsjorden,17.95637,62.63001,0.651
22800105,Geresta-Gånsvik,18.08595,62.52454,215.231
22800106,Rotudden-Gådeå,17.92696,62.62758,0.967
22800107,Änget-Murberget,17.92637,62.64332,2.24
22800108,Hälletorp-Framnäs,17.91162,62.63504,1.949
22800109,Kullen-Haga,17.88391,62.59349,30.016
22800226,Högsjö,17.82306,62.78902,247.123
22800323,Häggdånger,17.86618,62.50946,230.371
22800424,Stigsjö-Viksjö,17.49323,62.74601,442.006
22800620,Bondsjö-Säbrå,17.77666,62.62511,50.72
22800622,Älandsbro,18.18373,62.6526,572.621
22810106,Inre hamnen,17.31804,62.38672,0.895
22810107,Södermalm Ö,17.30903,62.3822,0.456
22810108,Södermalm N,17.30416,62.38637,0.199
22810109,Södermalm V,17.29098,62.38241,0.734
22810110,Stenstaden,17.3086,62.39003,0.34
22810111,Norrliden,17.31101,62.4025,1.609
22810112,Norrmalm,17.28633,62.3991,2.801
22810113,Västermalm N,17.29225,62.39104,0.397
22810114,Västermalm S,17.29015,62.38797,0.435
22810115,Sallyhill,17.27604,62.38588,0.809
22810116,Nacksta Ö,17.26739,62.38887,0.345
22810118,Nacksta V,17.26034,62.39322,0.679
22810119,Sidsjö-Böle,17.24355,62.36807,17.634
22810201,Kubikenborg,17.35955,62.3672,8.777
22810203,Skönsmon,17.36197,62.38284,4.004
22810204,Östermalm,17.31097,62.36408,5.453
22810330,Haga N,17.3341,62.4053,0.576
22810331,Haga S,17.3232,62.40015,0.477
22810333,Heffners,17.34333,62.39519,1.442
22810334,Skönsberg,17.35204,62.4072,1.755
22810335,Korsta,17.38456,62.40806,9.652
22810336,Bydalen,17.32316,62.4084,1.329
22810337,Bosvedjan,17.34438,62.42127,1.325
22810338,Bosvedjan C,17.33422,62.42067,0.321
22810339,Ljustadalen-Johannedal,17.36909,62.43452,4.709
22810340,Birsta,17.30656,62.44188,23.412
22810341,Finsta,17.35614,62.46055,3.961
22810420,Alnö S,17.41445,62.37986,21.609
22810421,Alnö-Vi S,17.40753,62.42024,1.471
22810422,Alnö-Vi N,17.41548,62.42915,1.605
22810423,Alnö N,17.42396,62.44089,20.234
22810424,Alnö Ö,17.69497,62.34413,456.895
22810545,Sättna,16.98134,62.50481,216.509
22810624,Granloholm Ö,17.28715,62.40995,1.342
22810625,Bergsåker V,17.10009,62.40492,125.055
22810626,Bergsåker Ö,17.23374,62.42567,8.885
22810627,Granlo S,17.2457,62.40021,1.641
22810628,Granlo N,17.26377,62.40321,0.768
22810646,Granloholm mellersta,17.27177,62.4117,0.667
22810647,Granloholm V,17.27109,62.41912,3.391
22810701,Stöde N,16.62562,62.47275,325.315
22810702,Stöde S,16.59167,62.33028,347.019
22810802,Vattjom-Ängom,17.06163,62.36373,59.581
22810803,Tuna V,16.83161,62.31738,90.869
22810804,Allsta,17.18449,62.31936,65.441
22810805,Matfors,17.0301,62.35176,2.485
22810901,Attmar,16.87555,62.24163,400.473
22811002,Njurunda S,17.3272,62.20984,193.037
22811003,Nolby,17.35492,62.28836,7.821
22811004,Skottsund,17.79529,62.20083,614.683
22811006,Svartvik,17.32784,62.32524,23.759
22811007,Njurundabommen,17.32786,62.2746,14.33
22811008,Kvissleby,17.37654,62.30816,3.1
22811009,Bredsand,17.37429,62.34207,3.609
22811010,Essvik,17.46651,62.31741,40.668
22811103,Indal,17.0195,62.60998,307.881
22811301,Liden-Holm,16.68462,62.75219,1016.046
22820101,Björsta,17.73944,62.91473,14.171
22820102,Gumås,17.82159,62.93472,8.75
22820103,Centrum,17.78998,62.93113,1.069
22820105,Frånö-Lunde,17.809,62.87063,59.605
22820109,Östby,17.50896,62.9108,133.079
22820211,Nora-Skog,18.11692,62.80144,456.124
22820415,Nordingrå,18.61096,62.77186,1007.033
22820517,Docksta,18.33248,63.0884,272.486
22820618,Ullånger,18.12532,63.02971,170.553
22820719,Bjärtrå,17.90597,62.96842,159.466
22821125,Bollsta,17.52651,63.04497,141.066
22821128,Blästa,17.45981,62.99297,268.818
22821129,Nyland,17.80661,63.08778,215.886
22830111,Skärvsta,17.16896,63.14536,52.819
22830112,Trästa,17.25778,63.16775,0.968
22830113,Hullsta,17.27792,63.16361,1.021
22830114,Önsta,17.36452,63.0944,173.039
22830115,Remsle,17.35885,63.22843,141.435
22830116,Prästbordet,17.21628,63.10159,63.439
22830308,Graninge,17.08131,62.99776,403.768
22830406,Österforse,16.9854,63.18933,74.715
22830407,Långsele,17.10279,63.18337,85.476
22830505,Ed,17.29342,63.28963,176.23
22830604,Resele,17.12457,63.38822,542.573
22830709,Helgum,16.68555,63.23794,441.544
22830803,Ådalsliden,16.9695,63.52219,525.985
22830901,Junsele,16.92083,63.7953,1276.883
22831121,Boteå,17.72893,63.20121,336.963
22831424,Edsele,16.43511,63.3742,504.821
22831525,Ramsele,16.35872,63.54477,991.973
22840101,Centrum,18.71524,63.28452,1.411
22840102,Östra,18.74621,63.28237,2.731
22840103,Övre,18.71568,63.29442,0.278
22840105,Sjukhuset,18.71033,63.30024,0.948
22840106,Åsdalen,18.70095,63.29459,1.117
22840107,Skyttis,18.7323,63.29221,1.257
22840108,Valhalla,18.72826,63.30147,0.963
22840201,Arnäsvall,18.74717,63.37978,160.398
22840202,Bonäset,18.82282,63.26311,24.482
22840205,Gimåt-Högland,18.72409,63.32109,6.51
22840206,Järved,18.77201,63.27878,3.526
22840207,Svartby-Brösta,18.75503,63.30552,3.513
22840208,Idbyn-Ovansjö,18.94582,63.31304,174.958
22840401,Mellansel,18.26335,63.45328,105.81
22840402,Bredbyn-Sörflärke,17.57371,63.58236,829.278
22840403,Norrflärke-Solberg,17.86568,63.71641,1690.148
22840501,Sidensjö-Skorped,17.95013,63.3168,904.195
22840701,Bjästa,18.48236,63.21239,11.729
22840702,Nätra-Landsbygd,18.33849,63.19005,276.566
22840704,Köpmanholmen,18.91963,63.0162,900.711
22840801,Billsta,18.45406,63.3192,50.929
22840802,Domsjö Södra,18.7182,63.24382,2.161
22840803,Domsjö Västra,18.80306,63.20651,107.119
22840804,Gene,18.69886,63.24888,4.559
22840806,Haffsta,18.4918,63.28309,42.302
22840807,Hörnett,18.68635,63.27985,7.022
22840809,Kroksta,18.67668,63.3452,10.68
22840812,Norrlungånger,18.70627,63.30812,1.229
22840813,Prästbordet,18.57203,63.32014,30.408
22840814,Sund,18.6512,63.26141,14.125
22840815,Gullänget,18.61031,63.42659,108.928
22840818,Översjäla,18.62186,63.30872,8.523
22840901,Mo,18.46453,63.43799,176.554
22841001,Grundsunda Södra,19.13881,63.1627,486.166
22841002,Grundsunda Norra,19.30494,63.32361,611.581
22841003,Husum,19.15721,63.34831,16.843
22841101,Gideå,18.91282,63.54319,471.554
22841201,Björna Södra,18.50463,63.55526,227.849
22841202,Björna Norra-Trehörningsjö,18.52705,63.77887,1001.47
23030101,Döviken,15.96564,63.32276,957.575
23030103,Hammaren,16.33365,63.13059,433.419
23030205,Fors,16.6966,62.97249,495.436
23030409,Stugubyn,15.56278,63.19475,761.029
23050101,Bräcke-Bodsjö,15.57276,62.80256,1601.383
23050404,Kälarne,16.15588,62.89047,1258.037
23050612,Gällö-Sundsjö-Pilgrimstad,15.24131,62.93921,944.67
23090101,Krokom,14.39533,63.35221,36.202
23090102,Rödöbygden,14.34248,63.26409,109.8
23090103,Dvärsätt,14.45179,63.30043,45.888
23090206,Nälden,14.24937,63.33167,80.389
23090305,Aspås,14.47813,63.46253,275.854
23090408,Ås Södra,14.59428,63.22461,11.7
23090409,Ås Norra,14.61505,63.27328,97.129
23090611,Föllingebygden,14.37738,63.96778,3486.457
23090815,Offerdalsbygden,13.78402,63.73906,2148.029
23091017,Alsenbygden,13.64396,63.47174,559.224
23130101,Östra Bredgård,15.72405,63.82662,527.454
23130102,Strömsund,15.56094,63.84986,1.674
23130103,Västra Bredgård,15.30517,64.18473,2826.7
23130418,Hammerdal,15.39607,63.61171,1712.936
23130528,Gäddede,14.52178,64.69571,4204.74
23130632,Backe-Rossön,16.27181,63.88315,1418.623
23130835,Hoting-Kyrktåsjö-Norråker,15.82918,64.2805,1155.039
23210101,Duved Tegefors,12.94924,63.3651,32.6
23210102,Duved Västra,12.58445,63.4464,1901.181
23210106,Åre Östra,13.17108,63.38666,83.482
23210107,Åre Västra,13.06559,63.42023,80.52
23210207,Mattmar,13.83826,63.25519,197.981
23210308,Mörsil,13.65105,63.28125,300.488
23210410,Kall,12.91952,63.74079,2616.612
23210513,Järpen,13.43228,63.37868,84.668
23210514,Undersåker,12.7761,63.15499,2243.587
23210616,Hallen-Marby,13.99083,63.15859,742.591
23260102,Svenstavik-Vigge-Gillhov,14.64513,62.71134,705.204
23260207,Hackås,14.62374,62.88097,271.198
23260308,Oviksbygden,13.92416,62.94161,1444.824
23260614,Storsjö-Åsarna,13.02014,62.77286,2647.97
23260817,Klövsjö-Rätan,14.43897,62.45029,1109.897
23610101,Sveg-Glöte,13.89561,62.20073,1916.23
23610102,Sveg-Ytterhogdal,14.86102,62.2171,1562.358
23610119,Lillhärdal-Ängersjö,13.9823,61.8072,3382.899
23610509,Hede-Vemdalen,13.50245,62.46722,2669.67
23610712,Funäsdalen,12.5497,62.47706,2392.507
23800101,Sjukhusområdet,14.63317,63.1829,0.442
23800102,Östersund övre centrum,14.63128,63.17732,0.59
23800103,Östersund nedre centrum,14.63185,63.17436,0.289
23800104,Universitetet,14.64874,63.17609,0.401
23800105,Norra Odenslund,14.65116,63.17288,0.265
23800106,Söder,14.6508,63.16666,0.55
23800107,Erikslund-Övre Blomängen,14.68437,63.18034,3.057
23800108,Karlslund,14.65066,63.18472,0.316
23800109,Eriksberg-Solliden-Fyrvalla,14.7079,63.19914,15.32
23800110,Brittsbo-Lugnviksstrand,14.62092,63.21123,3.924
23800111,Körfältet,14.67943,63.17587,0.44
23800112,Nedre Blomängen,14.66468,63.17026,0.158
23800113,Södra Odenslund,14.65492,63.16911,0.336
23800114,Storsjöstrand-Odensvik-Fagervallen,14.646,63.15993,4.277
23800115,Marielund-Odenskog,14.68482,63.16864,2.65
23800116,Odensala Tavelbäcken,14.67371,63.15441,1.949
23800118,Odensala Övre,14.73671,63.18086,14.985
23800119,Odensala Nedre,14.69286,63.14802,3.199
23800120,Lugnviks Centrum,14.66356,63.21328,4.139
23800121,Norr,14.65229,63.19888,4.973
23800225,Hornsberg Nedre,14.6159,63.18355,0.241
23800226,Hornsberg Övre,14.61479,63.19141,1.256
23800227,Östberg,14.61343,63.18041,0.641
23800228,Frösödal,14.6081,63.17467,0.898
23800229,Norra Frösön-Lövsta,14.57201,63.19597,22.463
23800230,Västra Frösön,14.43145,63.1984,60.489
23800232,Södra Valla-Mjälle,14.56194,63.16561,2.458
23800538,Fåker-Tandsbyn med landsbygd,14.76015,62.97642,317.628
23800639,Marieby med landsbygd,14.65658,63.11294,91.682
23800640,Orrviken med landsbygd,14.47756,63.11018,171.799
23800740,Brunflo Södergård,14.89262,63.12242,47.245
23800741,Brunflo Storviken,14.73487,63.0533,52.866
23800743,Brunflo Änge,14.98216,63.06888,171.719
23800749,Torvalla Fjällmon,14.72174,63.15102,0.536
23800751,Torvalla Centrum,14.75186,63.16327,2.018
23800752,Torvalla Skogsmon,14.76205,63.15438,1.349
23800753,Torvalla Ängsmon,14.75059,63.14234,1.976
23800754,Torvalla By-Ope,14.81317,63.13592,54.754
23800945,Centrala Lit,14.86888,63.34496,34.703
23800946,Lit med landsbygd,15.04314,63.34265,924.18
23801047,Häggenås med landsbygd,14.96598,63.46426,491.627
24010206,Gräsmyr,19.56013,63.76607,269.728
24010208,Håknäs,19.95291,63.33342,602.364
24010212,Levar,19.71783,63.28016,632.082
24010214,Lögdeå-Rundvik,19.44016,63.42127,623.846
24010216,Norrfors,19.18093,63.73277,378.967
24010224,Vallen,19.4635,63.57596,18.871
24030104,Bjurholm,18.9788,63.96425,1372.654
24040103,Vindelns västra,19.68387,64.20566,35.637
24040104,Vindelns östra,19.86624,64.2617,509.135
24040107,Hällnäs,19.44148,64.51603,1476.452
24040120,Tvärålund,19.28613,64.22722,845.173
24090101,Bygdeå,21.04234,64.01412,1028.091
24090112,Överklinten,20.56832,64.20894,422.958
24090306,Robertsfors,20.83971,64.21379,142.806
24090406,Nysätra-Ånäset,21.15515,64.22395,795.386
24170204,Norsjö Norra,19.64985,64.98533,1041.429
24170207,Norsjö Södra,19.43189,64.86132,895.402
24180102,Malå 1,18.90257,65.13332,757.343
24180103,Malå 2,18.60706,65.3387,981.47
24210122,Storuman Östra,17.3953,65.14963,3396.108
24210124,Storuman Luspen,17.04564,65.11377,317.34
24210314,Storuman Västra,15.223,65.73082,4569.87
24220100,Sorsele,16.81314,65.69156,8006.137
24250104,Dorotea,16.07396,64.46568,2956.869
24601001,Västra byarna-Älvdala,19.62285,63.92119,323.75
24601002,Lägret-Nyby,19.73118,63.9079,4.281
24601003,Myran-Centrum,19.76352,63.91434,2.15
24601004,Vännäsby,19.81909,63.91593,3.18
24601005,Östra byarna,19.83101,63.96212,224.151
24620101,Baksjönäs,16.7747,64.51178,330.071
24620105,Dikanäs,15.70735,65.23666,2127.332
24620110,Latikberg,17.25201,64.61882,1411.374
24620113,Lövliden,16.574,64.60914,452.032
24620116,Nästansjö,16.61815,64.88706,1280.26
24620118,Vilhelmina-Saxnäs,15.07269,65.09362,1856.503
24620120,Skansholm,15.88277,64.81141,1327.731
24620126,Vilhelmina,16.68558,64.63749,6.368
24630121,Åsele C,17.35464,64.15964,2.806
24630123,Åsele omland,17.61279,64.20447,4568.188
24800101,Berghem Norra,20.30356,63.83355,2.662
24800102,Berghem Södra,20.29738,63.82639,0.138
24800103,Sandabrånet,20.28035,63.84229,0.564
24800104,Sandbacka,20.28469,63.84128,0.388
24800105,Haga Norra,20.27189,63.8359,0.326
24800106,Haga Södra,20.27012,63.82911,0.323
24800107,Centrum Västra,20.25275,63.8273,0.292
24800108,Ytterhiske,20.23304,63.83177,0.198
24800109,Centrum,20.26052,63.82708,0.517
24800110,Centrum Östra,20.27666,63.82478,0.406
24800111,Östermalm - Fridhem,20.29046,63.82505,0.577
24800112,Västerslätt,20.26353,63.85423,16.701
24800114,Ersmark,20.33251,63.91892,68.227
24800115,Ersboda Östra,20.34747,63.85603,1.667
24800116,Ersboda Västra,20.30862,63.85916,2.731
24800117,Ersboda Mellan,20.32425,63.85884,1.204
24800119,Dragonfältet,20.24733,63.83313,0.701
24800120,Öbackastrand,20.29056,63.81567,0.27
24800121,Ersboda Norra,20.33879,63.86152,0.546
24800122,Haga Östra,20.28116,63.83084,0.452
24800123,Brinkvägen,20.22888,63.8279,0.527
24800124,Öbacka - Rosendal,20.27055,63.82137,0.305
24800220,Grubbe Södra,20.20722,63.82988,1.416
24800221,Grubbe Norra,20.20841,63.83552,0.608
24800222,Kronoparken,20.18945,63.83394,0.988
24800223,Backen,20.1796,63.8367,1.992
24800224,Umedalen Östra,20.16904,63.83944,0.445
24800225,Brännland,20.01411,63.92449,101.236
24800226,Hissjö,20.18449,63.93935,146.626
24800227,Umedalen Västra,20.13963,63.8506,4.884
24800228,Sandåkern,20.23008,63.83406,0.172
24800229,Brattby – Sörfors – Överboda,20.01265,63.87742,81.076
24800330,Tavelsjö Södra,20.06418,63.99491,42.88
24800331,Tavelsjö Norra,20.03849,64.10775,356.876
24800440,Östteg,20.26606,63.80022,7.463
24800441,Västteg,20.25977,63.81885,0.689
24800442,Böleå,20.24596,63.82155,0.481
24800443,Böleäng Östra,20.21536,63.82266,1.584
24800444,Röbäck Östra - Klabböle,20.10285,63.82035,34.095
24800445,Stöcke,20.18438,63.7069,89.73
24800446,Böleäng Västra,20.2177,63.81694,0.756
24800447,Yttersjö,19.97322,63.75727,121.768
24800448,Södra Teg,20.23295,63.81031,2.243
24800449,Röbäck Västra - Skravelsjö,20.13135,63.79763,15.695
24800450,Stöcksjö - Degernäs,20.15106,63.75643,40.768
24800535,Ålidhem Östra,20.32107,63.81194,0.253
24800536,Innertavle,20.44019,63.78811,53.557
24800538,Tomtebo,20.33608,63.81806,1.474
24800549,Universitetsområdet,20.31107,63.81974,0.821
24800550,Sofiehem,20.30299,63.80692,0.636
24800551,Ålidhem Västra,20.31098,63.81174,0.255
24800552,Ålidhem Södra,20.31557,63.80618,0.442
24800553,Carlshem Västra,20.33969,63.77773,16.445
24800554,Carlshem Östra,20.32592,63.806,0.577
24800555,Universitetsområdet Östra,20.32184,63.82099,0.739
24800556,Tomtebo Södra,20.33417,63.80423,1.358
24800557,Tomtebo Norra,20.35178,63.80483,0.405
24800558,Ålidbacken,20.29902,63.8159,0.502
24800559,Tavleliden – Tomtebo gård,20.37057,63.80305,1.354
24800660,Holmsund Östra,20.35533,63.73788,13.925
24800661,Holmsund Västra,20.34662,63.69751,10.309
24800662,Holmsund Södra,20.55262,63.55341,207.04
24800663,Obbola Norra,20.32243,63.70332,2.402
24800664,Obbola Södra,20.41051,63.51174,344.555
24800770,Hörnefors Östra,19.92077,63.62176,3.314
24800771,Hörnefors Västra,19.96575,63.47467,554.98
24800772,Sörmjöle - Norrmjöle,20.13164,63.55258,564.098
24800990,Bullmark,20.34181,64.17104,483.696
24800991,Sävar Östra,21.03896,63.74537,1677.02
24800992,Sävar Västra,20.51846,63.89426,100.678
24800993,Täfteå,20.52935,63.79933,100.762
24801137,Nydalahöjd,20.32688,63.82376,0.349
24801155,Mariehem,20.32477,63.83536,0.442
24801157,Mariehemshöjd,20.32911,63.84129,0.3
24801158,Mariedal,20.30605,63.84613,0.467
24801159,Marieberg,20.37001,63.84027,17.913
24801160,Mariestrand,20.33487,63.8393,0.282
24801161,Olovsdal,20.32357,63.83035,0.353
24810101,Lycksele,18.49581,64.58324,236.501
24810102,Södermalm,18.64735,64.5903,5.646
24810103,Norrmalm,18.60946,64.75067,476.535
24810104,Villaryd,18.92382,64.58735,424.39
24810105,Forsdala,18.83397,64.42305,281.342
24810113,Kattisavan,18.02471,64.78843,1491.754
24810114,Knaften,18.54048,64.32335,1666.556
24810305,Björksele,18.52229,64.96997,1343.747
24820101,Centrum Ö,20.95252,64.74961,0.495
24820102,Centrum S,20.95032,64.74505,0.351
24820103,Norrhammar,20.95491,64.75626,0.453
24820104,Erikslid,20.9831,64.77176,6.364
24820105,Älvsbacka V,20.96669,64.75004,0.361
24820106,Älvsbacka Ö,20.98243,64.74948,0.425
24820107,Getberget,20.98826,64.75358,0.268
24820108,Alhem-Norvalla,20.97789,64.75626,1.21
24820109,Morön-Hedensbyn,21.04103,64.74291,4.93
24820110,Moröhöjden,21.00251,64.75577,0.816
24820111,Morö backe V,21.02832,64.76685,5.024
24820112,Morö backe C,21.02763,64.75218,0.555
24820113,Morö backe Ö,21.04659,64.75706,1.821
24820114,Bergsbyn,21.09795,64.72768,8.166
24820115,Centrum V,20.94584,64.75241,0.226
24820116,Klockarberget,20.94109,64.76012,0.718
24820201,Inre Ursviken,21.17627,64.71124,2.149
24820202,Yttre Ursviken,21.25611,64.71206,24.084
24820204,Skelleftehamn V,21.22278,64.69582,2.039
24820205,Skelleftehamn Ö,21.5969,64.74671,541.342
24820206,Furunäs,21.18416,64.75405,72.202
24820301,Bureå N,21.24427,64.64342,35.673
24820302,Bureå S,21.55149,64.58048,544.898
24820303,Hjoggböle,20.93597,64.61002,204.302
24820401,Prästbordet,20.92324,64.75255,1.556
24820402,Brännan-Mobacken,20.89395,64.75567,1.459
24820403,Sjungande dalen,20.92208,64.76138,1.273
24820404,Sunnanå S,20.87443,64.69266,44.41
24820405,Sunnanå Ö,20.93395,64.74001,0.856
24820406,Sörböle,20.95918,64.7157,14.379
24820407,Anderstorp N,20.96932,64.7439,0.708
24820408,Anderstorp S,21.00445,64.72564,6.413
24820409,Anderstorp Ö,21.015,64.7372,2.487
24820410,Stackgrönnan-Örviken,21.10128,64.6819,70.656
24820411,Skråmträsk-Klutmark,20.36676,64.7285,400.225
24820412,Myckle-Medle,20.62718,64.77667,126.109
24820413,Stämningsgården,20.71708,64.81259,100.045
24820414,Sunnanå V,20.83688,64.73439,15.114
24820501,Boliden,20.40684,64.85886,195.15
24820601,Kåge N,20.98114,64.8495,18.337
24820602,Kåge S,21.01384,64.81038,62.468
24820603,Kågedalen,20.68635,64.90538,274.573
24820701,Byske C,21.22159,64.94931,11.981
24820702,Byske-Fällfors,21.29431,65.01423,1478.236
24820703,Drängsmark-Ostvik,21.02154,64.90862,256.794
24820901,Jörn,20.18047,65.12168,1764.79
24821001,Lövånger,21.59667,64.34887,1722.38
24821101,Burträsk C,20.66231,64.51918,2.878
24821102,Burträsk V,20.25442,64.54837,1580.949
24821103,Burträsk Ö,20.7379,64.45796,408.028
25050001,Arvidsjaur Norra,19.0159,65.87758,2251.391
25050002,Arvidsjaur Östra,19.72375,65.61377,2122.232
25050003,Arvidsjaur Västra,18.92198,65.46144,1794.647
25060203,Arjeplog,17.10687,66.38064,14585.518
25100202,Jokkmokks Östra,19.8006,66.13882,1975.263
25100217,Jokkmokks Västra,18.43826,66.86712,11246.99
25100409,Porjus,18.25371,67.36411,4571.517
25100516,Vuollerim,20.68414,66.49234,1671.982
25130001,Överkalix övre,22.6046,66.4916,2526.619
25130002,Överkalix nedre,22.92418,66.24852,418.61
25140103,Gammelgården-Morjärv,22.89486,66.05103,1068.728
25140105,Innanbäcken,22.9894,65.84675,149.642
25140106,Kalix V,23.13293,65.85935,1.819
25140107,Näsbyn,23.18107,65.84508,4.308
25140108,Risön,23.26179,65.84239,82.395
25140115,Sangis,23.50767,65.6731,491.754
25140118,Ytterbyn,23.44211,65.49286,1042.368
25140123,Kalix C,23.15188,65.85377,1.295
25140125,Stenbäcken,23.16889,65.88623,15.488
25140221,Töre,22.96229,65.65219,892.422
25180101,Hedenäset,23.4669,66.23578,756.63
25180102,Kuivakangas,23.45747,66.55388,749.157
25180103,Svanstein,23.71717,66.80014,805.405
25180104,Övertorneå,23.56301,66.3958,200.853
25210001,Pajala norra,23.31618,67.42091,1312.386
25210002,Pajala södra,23.59194,67.07006,485.47
25210004,Junosuando - Tärendö,22.65016,67.59971,3891.816
25210005,Korpilombolo,22.73365,66.92953,2433.691
25230001,Gällivare Södra,21.35548,66.71817,4843.17
25230002,Gällivare Norra,19.80138,67.5872,6088.524
25230003,Gällivare Västra,19.0044,67.4375,4573.527
25230005,Heden,20.84284,67.13851,72.74
25230006,Koskullskulle,20.71719,67.2787,358.182
25230007,Maria,20.60303,67.14214,6.142
25230008,Mellanområdet,20.1864,67.3066,732.678
25230009,Sjöparken,20.68594,67.13385,1.66
25230011,Dundret,20.51354,67.02549,266.973
25230012,Gällivare Centrum V,20.65619,67.13361,0.401
25230013,Gällivare Centrum Ö,20.66654,67.13213,0.314
25600209,Vidsel,20.59482,65.79793,1241.895
25600211,Älvsbyns N,20.97221,65.68835,7.869
25600212,Älvsbyns Ö,21.14203,65.63115,256.068
25600214,Älvsbyns V,20.77769,65.6236,302.982
25800101,Varvet,22.13786,65.57825,0.575
25800102,Stadsparken,22.14482,65.5827,0.245
25800103,Kulturens hus,22.1537,65.59004,0.702
25800104,Gültzauudden-Norra hamn,22.13184,65.58561,1.737
25800105,Östermalm,22.16853,65.58763,0.776
25800106,Bergviken,22.14423,65.59889,0.866
25800107,Kallkällan,22.15352,65.60169,0.287
25800108,Munkeberg,22.12253,65.59611,2.199
25800109,Mjölkudden,22.11938,65.60403,0.533
25800111,Notviken,22.09197,65.61229,3.986
25800112,Köpmantorget,22.1568,65.58354,0.138
25800113,Södra hamn,22.16049,65.5804,0.373
25800212,Burströmska,22.18089,65.5864,0.999
25800213,Malmudden,22.17608,65.58148,0.226
25800214,Svartöstan-Lövskatan,22.21368,65.56018,17.713
25800215,Södra Örnäset,22.2163,65.57306,1.033
25800216,Skurholmen,22.19607,65.58515,0.688
25800217,Norra Örnäset,22.2083,65.5808,0.863
25800220,Klintbacken,22.16442,65.60312,1.255
25800221,Lulsundet,22.17666,65.60542,1.789
25800222,Kronan,22.19868,65.59703,1.553
25800223,Hällbacken,22.22469,65.61705,14.058
25800237,Hertsöcentrum,22.23823,65.58837,0.901
25800259,Hertsölund,22.25338,65.58546,0.639
25800260,Hertsöängar,22.34228,65.56518,42.028
25800267,Björkskatan norra,22.1731,65.62036,1.127
25800268,Björkskatan södra,22.18731,65.61402,0.721
25800270,Bredviken-Lerbäcken,22.21844,65.58877,2.286
25800323,Alvik-Ersnäs,22.39664,65.36963,1871.184
25800324,Antnäs-Måttsund,21.91516,65.55957,72.6
25800325,Avan-Bälinge-Klöverträsk,21.80458,65.64463,188.995
25800326,Bensbyn-Brändön,22.66719,65.57473,1172.696
25800327,G:a Bergnäset-Kallax-Gäddvik,22.20291,65.53744,151.079
25800328,Trollstaden,22.11825,65.56892,3.112
25800335,Gammelstad,22.04013,65.64289,11.978
25800344,Persön,22.13654,65.77982,259.8
25800346,Rutvik,22.09737,65.68392,46.206
25800349,Öhemmanet-Karlsvik,22.03311,65.61217,17.736
25800350,Hammaren,21.95379,65.64558,4.1
25800355,Bergstaden,22.09489,65.57468,0.547
25800361,Stadsön,21.99769,65.64117,2.996
25800362,Porsöudden,22.1542,65.61479,0.575
25800363,Porsöberget,22.14881,65.63765,7.796
25800364,Universitetet,22.11233,65.62219,6.582
25800365,Lillporsön,22.15076,65.62104,0.432
25800371,Sunderbyn,21.90185,65.70045,87.1
25800439,Jämtön-Vitå,22.35131,66.02918,428.97
25800442,Niemisel-Prästholm,22.08316,66.03295,490.239
25800447,Råneå,22.31081,65.8472,29.212
25810001,Roknäs Lillpite Markbygden,20.43473,65.41848,1888.558
25810002,Sjulsmark Alterdalen Sikfors,21.35219,65.5486,372.75
25810003,Sjulnäs Böle,21.22831,65.4101,133.199
25810004,Svensbyn,21.16329,65.27603,102.538
25810005,Porsnäs Östra,21.57372,65.41291,122.095
25810006,Porsnäs Västra,21.42161,65.43354,39.584
25810007,Rosvik,21.92328,65.32862,396.691
25810008,Bergsviken Västra,21.35094,65.29838,22.4
25810009,Bergsviken Östra,21.41196,65.30333,3.046
25810010,Hortlax,21.41653,65.247,66.677
25810011,Öjebyn Centrala,21.35798,65.34748,7.603
25810012,Öjebyn Norra,21.37251,65.40075,47.434
25810013,Öjebyn Södra,21.41188,65.3229,3.403
25810014,Djupviken Norra,21.46232,65.3354,2.985
25810015,Djupviken Södra,21.50875,65.33894,9.57
25810016,Backen Annelund,21.44614,65.31947,4.49
25810017,Backen Källbo,21.46513,65.31763,1.536
25810018,Häggholmen Västra,21.47501,65.31467,0.406
25810019,Norrmalm,21.48729,65.31901,0.395
25810020,Häggholmen Östra,21.48469,65.31375,0.239
25810021,Strömnäs,21.51417,65.32009,3.484
25810022,Pitholm,22.04023,65.16286,521.089
25810023,Klubbgärdet,21.48194,65.305,2.867
25810024,Munksund Norra,21.4862,65.294,4.756
25810025,Munksund Södra,21.577,65.23861,68.324
25810026,Blåsmark Hemmingsmark,21.24317,65.21959,155.2
25810027,Jävre,21.78367,65.07188,696.026
25820101,Sveafältet,21.66342,65.81899,1.901
25820102,Björknäs,21.64815,65.83867,7.203
25820103,Centrum norra,21.68953,65.82882,0.65
25820104,Prästholmen,21.70281,65.83226,1.278
25820105,Erikslund- Fagernäs,22.00275,65.85288,55.524
25820113,Svartbjörsbyn-Skogså,21.78189,65.91983,356.576
25820115,Heden - Södra Bredåker,21.25064,65.83035,639.826
25820116,Bodsvedjan - Unbyn,21.6821,65.74373,80.278
25820117,Vittjärv - Norra Bredåker,21.45429,65.90427,145.807
25820124,Centrum södra,21.68695,65.82367,0.168
25820132,Torpgärdan,21.71449,65.8182,1.204
25820133,Sanden,21.69431,65.81722,1.463
25820136,Svartbyn,21.80101,65.80003,22.158
25820139,Trångfors,21.61804,65.81224,11.659
25820220,Gunnarsbyn,21.6722,66.19449,1279.045
25820328,Harads,20.92091,66.14756,1667.394
25820409,Sävastön,21.83215,65.7497,48.01
25820440,Sävast,21.72135,65.77498,5.552
25830101,Haparanda Norra,24.12457,65.83699,1.665
25830102,Nikkala,23.77665,65.82275,433.38
25830103,Seskarö,23.88355,65.5863,784.508
25830114,Haparanda Södra,24.13073,65.83167,1.244
25830115,Marielund,24.00198,65.8922,108.777
25830116,Grankullen,24.07443,65.80084,97.846
25830408,Karungi,23.85789,66.05806,478.942
25840001,Tuolluvaara-Nya Centrum,20.35499,67.84544,8.723
25840002,Högalid och Sandstensberget,20.25863,67.87464,3.745
25840003,Övre Norrmalm-Gamla Centrum,20.23507,67.87124,3.297
25840004,Kiruna nordost,21.32025,68.43059,9144.622
25840005,Bolaget-Triangeln,20.23654,67.84782,1.285
25840006,Kurra – Jägarområdet – N Stråket,20.33928,67.95077,235.028
25840007,Östermalm,20.24793,67.85286,0.478
25840009,Lombolo västra,20.25476,67.83435,1.406
25840010,Jukkasjärvi,20.68054,67.95065,1262.987
25840011,Lombolo mellersta,20.27599,67.8311,1.256
25840012,Kiruna sydost,21.67909,67.73446,3618.029
25840013,Luossavaara-Abisko,19.20675,68.21929,4433.21
25840015,Lombolo östra-Nikkaluoktavägen,18.82225,67.93457,1993.3
