"region","kön","näringsgren SNI 2007","födelseregion","sysselsatta efter arbetsställets belägenhet 2020","sysselsatta efter arbetsställets belägenhet 2021","sysselsatta efter arbetsställets belägenhet 2022","sysselsatta efter arbetsställets belägenhet 2023","sysselsatta efter arbetsställets belägenhet 2024","sysselsatta efter arbetsställets belägenhet 2025","sysselsatta efter bostadens belägenhet 2020","sysselsatta efter bostadens belägenhet 2021","sysselsatta efter bostadens belägenhet 2022","sysselsatta efter bostadens belägenhet 2023","sysselsatta efter bostadens belägenhet 2024","sysselsatta efter bostadens belägenhet 2025"
"00 Riket","män","A-U+US Total","totalt",2601931,2635651,2712494,2733229,2717289,2713901,2619602,2653133,2730251,2750016,2736394,2733962
"00 Riket","män","A-U+US Total","inrikes född",2070423,2078249,2110165,2111521,2095471,2087476,2081941,2089125,2120912,2121406,2107100,2099538
"00 Riket","män","A-U+US Total","utrikes född",531507,557402,602330,621707,621818,626426,537660,564008,609338,628609,629294,634424
"00 Riket","män","A företag inom jordbruk, skogsbruk och fiske","totalt",75501,75271,73454,71974,70665,70701,75502,75273,73454,71975,70666,70701
"00 Riket","män","A företag inom jordbruk, skogsbruk och fiske","inrikes född",71012,70684,68851,67482,66093,65675,71013,70686,68852,67482,66093,65675
"00 Riket","män","A företag inom jordbruk, skogsbruk och fiske","utrikes född",4489,4587,4604,4493,4572,5026,4489,4587,4604,4493,4572,5026
"00 Riket","män","B+C tillverkningsindustri; gruvor och mineralutvinningsindustri","totalt",411984,414128,420923,421681,419050,413414,412019,414161,420955,421711,419080,413432
"00 Riket","män","B+C tillverkningsindustri; gruvor och mineralutvinningsindustri","inrikes född",342487,341443,342272,339358,334868,330630,342514,341469,342296,339382,334894,330646
"00 Riket","män","B+C tillverkningsindustri; gruvor och mineralutvinningsindustri","utrikes född",69496,72685,78652,82322,84182,82784,69505,72691,78658,82328,84187,82787
"00 Riket","män","D+E företag inom energi och miljö","totalt",40124,40897,41666,41996,43502,44102,40124,40897,41666,41997,43503,44104
"00 Riket","män","D+E företag inom energi och miljö","inrikes född",36003,36530,36907,36973,38189,38487,36003,36530,36907,36973,38191,38490
"00 Riket","män","D+E företag inom energi och miljö","utrikes född",4121,4366,4760,5024,5313,5615,4121,4366,4760,5025,5313,5615
"00 Riket","män","F byggindustri","totalt",326717,331515,340510,341976,329063,325285,326718,331523,340528,342017,329100,325314
"00 Riket","män","F byggindustri","inrikes född",275648,276936,280256,280219,271352,266820,275650,276943,280274,280257,271387,266844
"00 Riket","män","F byggindustri","utrikes född",51069,54580,60255,61758,57712,58467,51069,54580,60256,61761,57713,58469
"00 Riket","män","G handel; serviceverkstäder för motorfordon och motorcyklar","totalt",329022,332224,338432,340206,337889,335780,329022,332224,338432,340206,337891,335784
"00 Riket","män","G handel; serviceverkstäder för motorfordon och motorcyklar","inrikes född",269613,269815,272559,272493,269528,267342,269613,269815,272560,272493,269529,267344
"00 Riket","män","G handel; serviceverkstäder för motorfordon och motorcyklar","utrikes född",59409,62409,65873,67713,68362,68438,59409,62409,65873,67713,68362,68439
"00 Riket","män","H transport- och magasineringsföretag","totalt",179799,179826,182596,181217,179905,180944,182848,182635,185588,184073,182759,183808
"00 Riket","män","H transport- och magasineringsföretag","inrikes född",126984,124271,122796,119239,117371,116512,129557,126660,125295,121629,119775,118908
"00 Riket","män","H transport- och magasineringsföretag","utrikes född",52814,55555,59802,61977,62534,64431,53289,55976,60293,62443,62982,64899
"00 Riket","män","I hotell och restauranger","totalt",83577,81149,94564,97633,97128,98495,83577,81149,94564,97634,97128,98495
"00 Riket","män","I hotell och restauranger","inrikes född",37842,36823,44390,46074,46467,47820,37842,36823,44390,46074,46467,47820
"00 Riket","män","I hotell och restauranger","utrikes född",45736,44326,50175,51559,50661,50674,45736,44326,50175,51559,50661,50674
"00 Riket","män","J informations- och kommunikationsföretag","totalt",156006,160393,169379,174941,172517,171469,156008,160395,169379,174941,172520,171470
"00 Riket","män","J informations- och kommunikationsföretag","inrikes född",127571,130284,135773,138727,136484,135391,127573,130285,135773,138728,136484,135392
"00 Riket","män","J informations- och kommunikationsföretag","utrikes född",28435,30111,33606,36214,36035,36079,28435,30111,33606,36214,36035,36079
"00 Riket","män","K kreditinstitut och försäkringsbolag m.m.","totalt",48845,50425,53022,54862,56243,56935,48866,50447,53045,54887,56267,56956
"00 Riket","män","K kreditinstitut och försäkringsbolag m.m.","inrikes född",42989,43991,45679,47071,48178,48722,43007,44010,45699,47092,48199,48740
"00 Riket","män","K kreditinstitut och försäkringsbolag m.m.","utrikes född",5855,6434,7344,7792,8065,8212,5859,6437,7346,7795,8068,8216
"00 Riket","män","L fastighetsbolag och fastighetsförvaltare","totalt",53156,53401,53507,53257,53141,53056,53160,53403,53509,53260,53143,53059
"00 Riket","män","L fastighetsbolag och fastighetsförvaltare","inrikes född",46460,46489,46307,46046,45833,45664,46463,46491,46311,46050,45836,45667
"00 Riket","män","L fastighetsbolag och fastighetsförvaltare","utrikes född",6697,6913,7200,7211,7308,7392,6697,6913,7200,7211,7308,7392
"00 Riket","män","M+N företag inom juridik, ekonomi, vetenskap och teknik; företag inom uthyrning, fastighetsservice, resetjänster och andra stödtjänster","totalt",343628,353210,372525,375807,375326,375879,343786,353354,372685,375966,375487,376029
"00 Riket","män","M+N företag inom juridik, ekonomi, vetenskap och teknik; företag inom uthyrning, fastighetsservice, resetjänster och andra stödtjänster","inrikes född",267142,270952,280717,282210,282622,282496,267291,271086,280866,282363,282776,282638
"00 Riket","män","M+N företag inom juridik, ekonomi, vetenskap och teknik; företag inom uthyrning, fastighetsservice, resetjänster och andra stödtjänster","utrikes född",76486,82257,91807,93597,92704,93382,76496,82268,91819,93604,92711,93392
"00 Riket","män","O civila myndigheter och försvaret","totalt",130419,133355,135050,138358,141821,146159,130784,133745,135453,138757,142216,146608
"00 Riket","män","O civila myndigheter och försvaret","inrikes född",116284,118597,120074,122928,126161,130132,116606,118941,120436,123285,126516,130533
"00 Riket","män","O civila myndigheter och försvaret","utrikes född",14135,14758,14975,15430,15661,16028,14177,14802,15017,15473,15700,16075
"00 Riket","män","P utbildningsväsendet","totalt",145082,144082,143972,143175,142018,140547,145089,144089,143982,143199,142054,140594
"00 Riket","män","P utbildningsväsendet","inrikes född",111564,110488,110220,109695,108692,107513,111571,110495,110229,109711,108714,107540
"00 Riket","män","P utbildningsväsendet","utrikes född",33517,33594,33751,33479,33325,33033,33517,33594,33753,33488,33341,33055
"00 Riket","män","Q enheter för vård och omsorg, socialtjänst","totalt",184024,190489,192986,195122,197555,198737,184028,190491,192989,195124,197556,198739
"00 Riket","män","Q enheter för vård och omsorg, socialtjänst","inrikes född",123011,124498,123562,122756,123117,123395,123013,124499,123564,122758,123118,123396
"00 Riket","män","Q enheter för vård och omsorg, socialtjänst","utrikes född",61014,65991,69424,72365,74436,75342,61015,65991,69424,72365,74437,75343
"00 Riket","män","R+S+T+U enheter för kultur, nöje och fritid; andra serviceföretag m.m.","totalt",92049,92635,97092,97871,97821,97907,92125,92697,97144,97914,97861,97946
"00 Riket","män","R+S+T+U enheter för kultur, nöje och fritid; andra serviceföretag m.m.","inrikes född",74265,74328,77618,77911,77923,77902,74331,74383,77661,77946,77958,77935
"00 Riket","män","R+S+T+U enheter för kultur, nöje och fritid; andra serviceföretag m.m.","utrikes född",17784,18307,19475,19961,19897,20005,17794,18315,19483,19968,19903,20013
"00 Riket","män","US uppgift saknas","totalt",1998,2651,2814,3155,3646,4493,15948,16651,16872,16357,19166,20925
"00 Riket","män","US uppgift saknas","inrikes född",1545,2119,2186,2342,2593,2976,9894,10008,9803,9185,11163,11973
"00 Riket","män","US uppgift saknas","utrikes född",454,532,628,813,1053,1517,6053,6642,7070,7173,8003,8952
"00 Riket","kvinnor","A-U+US Total","totalt",2405718,2439940,2517451,2550739,2555156,2559833,2413634,2447542,2525527,2558657,2564078,2569439
"00 Riket","kvinnor","A-U+US Total","inrikes född",1941187,1953421,1991921,2000488,1994342,1988412,1945919,1957604,1996283,2004722,1999116,1993484
"00 Riket","kvinnor","A-U+US Total","utrikes född",464531,486519,525530,550250,560812,571421,467716,489938,529243,553934,564963,575956
"00 Riket","kvinnor","A företag inom jordbruk, skogsbruk och fiske","totalt",25717,26814,26294,26024,25946,26411,25717,26814,26294,26024,25946,26411
"00 Riket","kvinnor","A företag inom jordbruk, skogsbruk och fiske","inrikes född",23535,24570,24009,23782,23631,23841,23535,24570,24009,23782,23631,23841
"00 Riket","kvinnor","A företag inom jordbruk, skogsbruk och fiske","utrikes född",2183,2244,2287,2241,2315,2570,2183,2244,2287,2241,2315,2570
"00 Riket","kvinnor","B+C tillverkningsindustri; gruvor och mineralutvinningsindustri","totalt",133998,137070,142716,144828,146237,146400,134002,137073,142729,144838,146246,146402
"00 Riket","kvinnor","B+C tillverkningsindustri; gruvor och mineralutvinningsindustri","inrikes född",110671,112475,115777,116231,116032,116285,110676,112479,115784,116237,116037,116287
"00 Riket","kvinnor","B+C tillverkningsindustri; gruvor och mineralutvinningsindustri","utrikes född",23326,24594,26940,28598,30206,30116,23326,24594,26944,28600,30209,30116
"00 Riket","kvinnor","D+E företag inom energi och miljö","totalt",13725,14358,15112,16326,17343,17995,13725,14358,15112,16326,17343,17995
"00 Riket","kvinnor","D+E företag inom energi och miljö","inrikes född",12486,13021,13659,14705,15571,16083,12486,13021,13659,14705,15571,16083
"00 Riket","kvinnor","D+E företag inom energi och miljö","utrikes född",1238,1337,1455,1620,1772,1912,1238,1337,1455,1620,1772,1912
"00 Riket","kvinnor","F byggindustri","totalt",36882,37995,39989,41443,39920,39439,36882,37998,39994,41449,39924,39442
"00 Riket","kvinnor","F byggindustri","inrikes född",30678,31346,32643,33898,32838,32560,30678,31348,32649,33904,32840,32562
"00 Riket","kvinnor","F byggindustri","utrikes född",6203,6648,7346,7545,7083,6879,6203,6648,7346,7545,7083,6879
"00 Riket","kvinnor","G handel; serviceverkstäder för motorfordon och motorcyklar","totalt",267422,270939,279313,279961,278381,277870,267423,270939,279313,279961,278382,277874
"00 Riket","kvinnor","G handel; serviceverkstäder för motorfordon och motorcyklar","inrikes född",230913,232754,238081,237127,235225,234062,230914,232754,238081,237127,235225,234064
"00 Riket","kvinnor","G handel; serviceverkstäder för motorfordon och motorcyklar","utrikes född",36509,38184,41232,42834,43157,43808,36509,38184,41232,42834,43157,43810
"00 Riket","kvinnor","H transport- och magasineringsföretag","totalt",49302,49352,50313,50337,50171,50717,50500,50266,51431,51427,51264,51796
"00 Riket","kvinnor","H transport- och magasineringsföretag","inrikes född",41996,41651,41777,41118,40862,41234,42933,42362,42645,41972,41714,42073
"00 Riket","kvinnor","H transport- och magasineringsföretag","utrikes född",7306,7702,8535,9219,9309,9484,7567,7905,8786,9456,9549,9723
"00 Riket","kvinnor","I hotell och restauranger","totalt",82529,80782,99388,103579,104460,107572,82529,80782,99388,103579,104460,107572
"00 Riket","kvinnor","I hotell och restauranger","inrikes född",56891,55424,67475,69142,69257,70556,56891,55424,67475,69142,69257,70556
"00 Riket","kvinnor","I hotell och restauranger","utrikes född",25639,25358,31913,34437,35203,37016,25639,25358,31913,34437,35203,37016
"00 Riket","kvinnor","J informations- och kommunikationsföretag","totalt",63408,66342,71624,75113,73914,73843,63408,66342,71624,75113,73915,73843
"00 Riket","kvinnor","J informations- och kommunikationsföretag","inrikes född",50773,52535,55618,57727,56401,56064,50773,52535,55618,57727,56403,56064
"00 Riket","kvinnor","J informations- och kommunikationsföretag","utrikes född",12633,13807,16006,17386,17511,17779,12633,13807,16006,17386,17511,17779
"00 Riket","kvinnor","K kreditinstitut och försäkringsbolag m.m.","totalt",49097,50223,52199,54108,55520,55953,49100,50227,52202,54111,55523,55956
"00 Riket","kvinnor","K kreditinstitut och försäkringsbolag m.m.","inrikes född",42934,43553,44722,46174,47427,47733,42938,43558,44725,46178,47429,47736
"00 Riket","kvinnor","K kreditinstitut och försäkringsbolag m.m.","utrikes född",6162,6670,7477,7932,8092,8220,6162,6670,7477,7932,8093,8221
"00 Riket","kvinnor","L fastighetsbolag och fastighetsförvaltare","totalt",35600,36295,37025,36962,37019,37336,35600,36295,37025,36962,37019,37336
"00 Riket","kvinnor","L fastighetsbolag och fastighetsförvaltare","inrikes född",31019,31569,32036,31852,31743,31957,31019,31569,32036,31852,31743,31957
"00 Riket","kvinnor","L fastighetsbolag och fastighetsförvaltare","utrikes född",4582,4727,4988,5111,5275,5379,4582,4727,4988,5111,5275,5379
"00 Riket","kvinnor","M+N företag inom juridik, ekonomi, vetenskap och teknik; företag inom uthyrning, fastighetsservice, resetjänster och andra stödtjänster","totalt",265310,271483,289023,296204,296036,296253,265369,271536,289132,296344,296177,296393
"00 Riket","kvinnor","M+N företag inom juridik, ekonomi, vetenskap och teknik; företag inom uthyrning, fastighetsservice, resetjänster och andra stödtjänster","inrikes född",199624,202307,212643,216144,214555,212404,199681,202356,212747,216274,214686,212534
"00 Riket","kvinnor","M+N företag inom juridik, ekonomi, vetenskap och teknik; företag inom uthyrning, fastighetsservice, resetjänster och andra stödtjänster","utrikes född",65687,69177,76379,80060,81481,83850,65689,69180,76386,80069,81490,83859
"00 Riket","kvinnor","O civila myndigheter och försvaret","totalt",189337,194509,199052,204771,209178,214613,189832,195031,199600,205323,209732,215211
"00 Riket","kvinnor","O civila myndigheter och försvaret","inrikes född",165216,169446,173337,178461,183010,187932,165664,169901,173808,178923,183463,188424
"00 Riket","kvinnor","O civila myndigheter och försvaret","utrikes född",24121,25064,25715,26310,26169,26682,24168,25129,25792,26400,26268,26787
"00 Riket","kvinnor","P utbildningsväsendet","totalt",405630,406056,410158,412730,408732,402577,405639,406061,410165,412745,408762,402619
"00 Riket","kvinnor","P utbildningsväsendet","inrikes född",325289,323321,323061,322548,318633,313351,325295,323325,323067,322558,318649,313369
"00 Riket","kvinnor","P utbildningsväsendet","utrikes född",80341,82735,87097,90183,90100,89227,80344,82736,87099,90188,90114,89250
"00 Riket","kvinnor","Q enheter för vård och omsorg, socialtjänst","totalt",657242,665375,666306,667769,670576,669700,657247,665380,666313,667775,670580,669705
"00 Riket","kvinnor","Q enheter för vård och omsorg, socialtjänst","inrikes född",510984,510374,503046,496654,493450,487721,510988,510380,503052,496659,493454,487726
"00 Riket","kvinnor","Q enheter för vård och omsorg, socialtjänst","utrikes född",146258,155000,163262,171114,177127,181978,146258,155000,163261,171116,177127,181978
"00 Riket","kvinnor","R+S+T+U enheter för kultur, nöje och fritid; andra serviceföretag m.m.","totalt",128804,129966,136347,137538,138443,139484,128858,130015,136399,137595,138485,139523
"00 Riket","kvinnor","R+S+T+U enheter för kultur, nöje och fritid; andra serviceföretag m.m.","inrikes född",106878,107272,112199,112881,113515,114185,106927,107312,112242,112930,113553,114220
"00 Riket","kvinnor","R+S+T+U enheter för kultur, nöje och fritid; andra serviceföretag m.m.","utrikes född",21925,22694,24148,24657,24928,25298,21931,22703,24157,24664,24933,25303
"00 Riket","kvinnor","US uppgift saknas","totalt",1717,2383,2591,3047,3281,3671,7803,8428,8801,9087,10323,11360
"00 Riket","kvinnor","US uppgift saknas","inrikes född",1301,1804,1839,2041,2193,2446,4524,4710,4688,4750,5459,5985
"00 Riket","kvinnor","US uppgift saknas","utrikes född",416,579,753,1004,1087,1225,3280,3719,4113,4337,4865,5375
"00 Riket","totalt","A-U+US Total","totalt",5007649,5075591,5229946,5283968,5272443,5273734,5033236,5100674,5255777,5308672,5300471,5303401
"00 Riket","totalt","A-U+US Total","inrikes född",4011610,4031669,4102085,4112010,4089813,4075888,4027861,4046727,4117196,4126129,4106215,4093021
"00 Riket","totalt","A-U+US Total","utrikes född",996038,1043922,1127861,1171958,1182630,1197847,1005376,1053947,1138581,1182545,1194256,1210380
"00 Riket","totalt","A företag inom jordbruk, skogsbruk och fiske","totalt",101218,102085,99749,97999,96610,97112,101219,102086,99750,97999,96611,97112
"00 Riket","totalt","A företag inom jordbruk, skogsbruk och fiske","inrikes född",94546,95255,92860,91264,89724,89514,94548,95256,92860,91265,89725,89514
"00 Riket","totalt","A företag inom jordbruk, skogsbruk och fiske","utrikes född",6671,6831,6889,6734,6886,7597,6671,6830,6889,6734,6886,7597
"00 Riket","totalt","B+C tillverkningsindustri; gruvor och mineralutvinningsindustri","totalt",545981,551197,563640,566507,565286,559813,546022,551233,563684,566548,565326,559835
"00 Riket","totalt","B+C tillverkningsindustri; gruvor och mineralutvinningsindustri","inrikes född",453160,453919,458048,455588,450900,446914,453190,453948,458080,455619,450929,446933
"00 Riket","totalt","B+C tillverkningsindustri; gruvor och mineralutvinningsindustri","utrikes född",92822,97279,105592,110919,114387,112899,92832,97285,105603,110929,114396,112902
"00 Riket","totalt","D+E företag inom energi och miljö","totalt",53848,55254,56780,58322,60845,62098,53848,55254,56780,58323,60846,62100
"00 Riket","totalt","D+E företag inom energi och miljö","inrikes född",48490,49551,50565,51678,53760,54571,48490,49551,50565,51678,53762,54573
"00 Riket","totalt","D+E företag inom energi och miljö","utrikes född",5359,5704,6215,6644,7084,7526,5359,5704,6215,6645,7084,7526
"00 Riket","totalt","F byggindustri","totalt",363599,369510,380499,383420,368984,364726,363600,369520,380523,383466,369024,364755
"00 Riket","totalt","F byggindustri","inrikes född",306326,308281,312899,314117,304190,299378,306327,308292,312922,314162,304229,299405
"00 Riket","totalt","F byggindustri","utrikes född",57273,61229,67600,69303,64794,65346,57273,61229,67601,69306,64796,65349
"00 Riket","totalt","G handel; serviceverkstäder för motorfordon och motorcyklar","totalt",596444,603162,617744,620166,616271,613650,596446,603162,617744,620166,616273,613657
"00 Riket","totalt","G handel; serviceverkstäder för motorfordon och motorcyklar","inrikes född",500526,502568,510639,509620,504753,501404,500527,502570,510639,509620,504754,501407
"00 Riket","totalt","G handel; serviceverkstäder för motorfordon och motorcyklar","utrikes född",95919,100593,107106,110547,111518,112246,95919,100593,107106,110547,111519,112251
"00 Riket","totalt","H transport- och magasineringsföretag","totalt",229101,229178,232910,231553,230076,231659,233347,232901,237020,235500,234021,235603
"00 Riket","totalt","H transport- och magasineringsföretag","inrikes född",168982,165920,164572,160358,158232,157745,172490,169021,167939,163601,161489,160981
"00 Riket","totalt","H transport- och magasineringsföretag","utrikes född",60119,63258,68337,71196,71843,73914,60857,63880,69080,71898,72531,74622
"00 Riket","totalt","I hotell och restauranger","totalt",166107,161930,193952,201212,201587,206067,166107,161930,193952,201212,201587,206067
"00 Riket","totalt","I hotell och restauranger","inrikes född",94733,92247,111864,115216,115723,118377,94733,92247,111864,115216,115723,118377
"00 Riket","totalt","I hotell och restauranger","utrikes född",71375,69684,82088,85996,85864,87691,71375,69684,82088,85996,85864,87691
"00 Riket","totalt","J informations- och kommunikationsföretag","totalt",219414,226736,241003,250054,246431,245311,219414,226737,241004,250055,246433,245312
"00 Riket","totalt","J informations- och kommunikationsföretag","inrikes född",178345,182818,191390,196454,192885,191454,178346,182819,191391,196455,192888,191455
"00 Riket","totalt","J informations- och kommunikationsföretag","utrikes född",41069,43917,49613,53599,53546,53857,41069,43917,49613,53599,53546,53857
"00 Riket","totalt","K kreditinstitut och försäkringsbolag m.m.","totalt",97940,100648,105220,108970,111761,112887,97966,100673,105248,108998,111790,112912
"00 Riket","totalt","K kreditinstitut och försäkringsbolag m.m.","inrikes född",85923,87545,90401,93246,95605,96455,85945,87567,90425,93271,95629,96477
"00 Riket","totalt","K kreditinstitut och försäkringsbolag m.m.","utrikes född",12017,13103,14819,15724,16158,16431,12021,13108,14822,15727,16161,16436
"00 Riket","totalt","L fastighetsbolag och fastighetsförvaltare","totalt",88758,89697,90532,90219,90158,90393,88760,89698,90534,90222,90162,90396
"00 Riket","totalt","L fastighetsbolag och fastighetsförvaltare","inrikes född",77480,78057,78344,77897,77576,77621,77483,78059,78346,77900,77580,77625
"00 Riket","totalt","L fastighetsbolag och fastighetsförvaltare","utrikes född",11279,11639,12188,12322,12582,12771,11279,11639,12188,12322,12582,12771
"00 Riket","totalt","M+N företag inom juridik, ekonomi, vetenskap och teknik; företag inom uthyrning, fastighetsservice, resetjänster och andra stödtjänster","totalt",608938,624693,661548,672011,671362,672133,609155,624889,661818,672311,671663,672421
"00 Riket","totalt","M+N företag inom juridik, ekonomi, vetenskap och teknik; företag inom uthyrning, fastighetsservice, resetjänster och andra stödtjänster","inrikes född",466766,473259,493360,498355,497177,494901,466972,473441,493613,498637,497462,495172
"00 Riket","totalt","M+N företag inom juridik, ekonomi, vetenskap och teknik; företag inom uthyrning, fastighetsservice, resetjänster och andra stödtjänster","utrikes född",142171,151433,168186,173656,174185,177232,142184,151448,168205,173673,174200,177250
"00 Riket","totalt","O civila myndigheter och försvaret","totalt",319756,327864,334100,343129,351000,360773,320616,328773,335054,344081,351949,361819
"00 Riket","totalt","O civila myndigheter och försvaret","inrikes född",281501,288043,293413,301388,309170,318063,282269,288843,294244,302208,309979,318957
"00 Riket","totalt","O civila myndigheter och försvaret","utrikes född",38256,39821,40689,41741,41829,42710,38346,39931,40811,41872,41969,42862
"00 Riket","totalt","P utbildningsväsendet","totalt",550712,550138,554129,555904,550749,543123,550728,550151,554148,555944,550816,543213
"00 Riket","totalt","P utbildningsväsendet","inrikes född",436853,433809,433282,432242,427325,420864,436866,433821,433297,432268,427363,420910
"00 Riket","totalt","P utbildningsväsendet","utrikes född",113859,116329,120847,123661,123424,122259,113862,116330,120852,123676,123455,122305
"00 Riket","totalt","Q enheter för vård och omsorg, socialtjänst","totalt",841267,855863,859293,862891,868132,868436,841275,855872,859302,862899,868136,868443
"00 Riket","totalt","Q enheter för vård och omsorg, socialtjänst","inrikes född",633995,634872,626608,619411,616568,611116,634002,634880,626617,619417,616572,611122
"00 Riket","totalt","Q enheter för vård och omsorg, socialtjänst","utrikes född",207271,220991,232685,243480,251564,257320,207273,220993,232685,243481,251564,257320
"00 Riket","totalt","R+S+T+U enheter för kultur, nöje och fritid; andra serviceföretag m.m.","totalt",220851,222601,233440,235409,236262,237390,220984,222713,233544,235509,236346,237469
"00 Riket","totalt","R+S+T+U enheter för kultur, nöje och fritid; andra serviceföretag m.m.","inrikes född",181143,181600,189816,190791,191438,192087,181258,181695,189904,190877,191511,192155
"00 Riket","totalt","R+S+T+U enheter för kultur, nöje och fritid; andra serviceföretag m.m.","utrikes född",39708,41001,43623,44619,44824,45303,39726,41018,43641,44632,44836,45315
"00 Riket","totalt","US uppgift saknas","totalt",3717,5033,5405,6202,6927,8164,23750,25079,25673,25443,29489,32284
"00 Riket","totalt","US uppgift saknas","inrikes född",2847,3923,4023,4384,4787,5423,14418,14718,14490,13935,16621,17958
"00 Riket","totalt","US uppgift saknas","utrikes född",869,1111,1382,1817,2140,2742,9333,10362,11183,11509,12868,14326
"01 Stockholms län","män","A-U+US Total","totalt",662317,669473,695085,703962,701926,703261,622118,629215,651089,658630,657085,659076
"01 Stockholms län","män","A-U+US Total","inrikes född",476571,477769,488842,491622,489702,488878,442623,443822,452505,454339,452582,452208
"01 Stockholms län","män","A-U+US Total","utrikes född",185747,191704,206244,212339,212224,214381,179495,185394,198584,204291,204503,206868
"01 Stockholms län","män","A företag inom jordbruk, skogsbruk och fiske","totalt",2980,2990,2960,2933,2899,2925,3032,3039,2992,2975,2944,3004
"01 Stockholms län","män","A företag inom jordbruk, skogsbruk och fiske","inrikes född",2649,2637,2579,2536,2496,2513,2697,2688,2616,2580,2542,2589
"01 Stockholms län","män","A företag inom jordbruk, skogsbruk och fiske","utrikes född",333,352,381,398,403,413,337,351,376,395,404,415
"01 Stockholms län","män","B+C tillverkningsindustri; gruvor och mineralutvinningsindustri","totalt",45855,46751,47706,48893,48712,46692,42291,43024,44051,44991,45040,43558
"01 Stockholms län","män","B+C tillverkningsindustri; gruvor och mineralutvinningsindustri","inrikes född",33335,33661,33734,33826,33085,31546,30217,30420,30524,30512,29927,28915
"01 Stockholms län","män","B+C tillverkningsindustri; gruvor och mineralutvinningsindustri","utrikes född",12519,13090,13973,15067,15625,15147,12074,12604,13529,14479,15111,14643
"01 Stockholms län","män","D+E företag inom energi och miljö","totalt",7228,7511,7777,8143,8694,9004,6586,6823,7026,7360,7829,8112
"01 Stockholms län","män","D+E företag inom energi och miljö","inrikes född",5797,5971,6120,6383,6781,6941,5237,5379,5468,5713,6047,6199
"01 Stockholms län","män","D+E företag inom energi och miljö","utrikes född",1431,1541,1658,1760,1912,2063,1349,1444,1560,1646,1782,1914
"01 Stockholms län","män","F byggindustri","totalt",73141,73895,75913,76026,73107,73524,69662,70656,72698,72725,70015,70526
"01 Stockholms län","män","F byggindustri","inrikes född",50727,50387,50361,50095,48392,47647,47587,47445,47502,47138,45569,44852
"01 Stockholms län","män","F byggindustri","utrikes född",22416,23508,25551,25932,24714,25876,22074,23212,25197,25586,24447,25674
"01 Stockholms län","män","G handel; serviceverkstäder för motorfordon och motorcyklar","totalt",88614,89733,91652,91155,89981,88731,81833,82744,84187,83949,82886,82003
"01 Stockholms län","män","G handel; serviceverkstäder för motorfordon och motorcyklar","inrikes född",67741,67974,68613,67845,66673,65764,61749,61843,62209,61642,60579,59792
"01 Stockholms län","män","G handel; serviceverkstäder för motorfordon och motorcyklar","utrikes född",20874,21758,23039,23310,23306,22968,20084,20903,21979,22308,22307,22211
"01 Stockholms län","män","H transport- och magasineringsföretag","totalt",47652,47021,48093,48712,48609,49126,43785,43456,44342,44844,44665,45191
"01 Stockholms län","män","H transport- och magasineringsföretag","inrikes född",26885,25544,25414,25241,25107,24956,23905,22858,22604,22371,22153,22043
"01 Stockholms län","män","H transport- och magasineringsföretag","utrikes född",20767,21477,22680,23472,23500,24169,19880,20600,21739,22473,22513,23148
"01 Stockholms län","män","I hotell och restauranger","totalt",27445,25641,30662,32000,31826,32196,26814,25233,29906,31077,31042,31486
"01 Stockholms län","män","I hotell och restauranger","inrikes född",11142,10417,13136,13788,13903,14432,10785,10195,12720,13270,13469,14014
"01 Stockholms län","män","I hotell och restauranger","utrikes född",16304,15224,17527,18213,17922,17764,16029,15037,17186,17807,17573,17471
"01 Stockholms län","män","J informations- och kommunikationsföretag","totalt",75631,77568,82081,83994,82853,82409,69677,71057,74345,75640,74379,73819
"01 Stockholms län","män","J informations- och kommunikationsföretag","inrikes född",58277,59390,61984,62783,61752,61333,53588,54208,55866,56246,55129,54672
"01 Stockholms län","män","J informations- och kommunikationsföretag","utrikes född",17352,18177,20098,21212,21101,21076,16087,16850,18479,19393,19250,19146
"01 Stockholms län","män","K kreditinstitut och försäkringsbolag m.m.","totalt",30312,31919,34269,35496,36326,36715,27931,29292,30985,32154,32980,33379
"01 Stockholms län","män","K kreditinstitut och försäkringsbolag m.m.","inrikes född",25847,26921,28446,29398,30012,30281,23711,24572,25603,26471,27095,27364
"01 Stockholms län","män","K kreditinstitut och försäkringsbolag m.m.","utrikes född",4464,4999,5822,6099,6313,6434,4220,4721,5381,5684,5883,6015
"01 Stockholms län","män","L fastighetsbolag och fastighetsförvaltare","totalt",12877,13010,13137,13230,13241,13310,12308,12414,12512,12576,12570,12647
"01 Stockholms län","män","L fastighetsbolag och fastighetsförvaltare","inrikes född",10896,10957,10970,11027,11006,11029,10385,10426,10434,10439,10392,10437
"01 Stockholms län","män","L fastighetsbolag och fastighetsförvaltare","utrikes född",1981,2054,2168,2205,2235,2282,1923,1988,2079,2138,2177,2211
"01 Stockholms län","män","M+N företag inom juridik, ekonomi, vetenskap och teknik; företag inom uthyrning, fastighetsservice, resetjänster och andra stödtjänster","totalt",114187,114889,120779,121957,122782,123717,106967,107563,112456,113687,114347,115032
"01 Stockholms län","män","M+N företag inom juridik, ekonomi, vetenskap och teknik; företag inom uthyrning, fastighetsservice, resetjänster och andra stödtjänster","inrikes född",84313,84127,87040,87549,88315,88810,78529,78210,80468,80993,81601,81910
"01 Stockholms län","män","M+N företag inom juridik, ekonomi, vetenskap och teknik; företag inom uthyrning, fastighetsservice, resetjänster och andra stödtjänster","utrikes född",29875,30764,33737,34408,34466,34906,28439,29354,31990,32695,32746,33122
"01 Stockholms län","män","O civila myndigheter och försvaret","totalt",33896,33884,33783,34584,35987,37155,30895,31481,31690,32471,33723,34864
"01 Stockholms län","män","O civila myndigheter och försvaret","inrikes född",29656,29613,29434,30020,31153,32175,26822,27347,27497,28073,29088,30072
"01 Stockholms län","män","O civila myndigheter och försvaret","utrikes född",4240,4271,4350,4564,4834,4979,4073,4133,4194,4397,4633,4792
"01 Stockholms län","män","P utbildningsväsendet","totalt",36502,37000,36997,36530,36222,36316,35805,36344,36409,35954,35733,35793
"01 Stockholms län","män","P utbildningsväsendet","inrikes född",25612,25742,25744,25440,25223,25309,24987,25175,25200,24912,24735,24802
"01 Stockholms län","män","P utbildningsväsendet","utrikes född",10890,11257,11253,11089,10999,11006,10816,11170,11209,11043,10999,10991
"01 Stockholms län","män","Q enheter för vård och omsorg, socialtjänst","totalt",37071,38188,38438,38830,39428,40023,36391,37396,37652,37991,38620,39173
"01 Stockholms län","män","Q enheter för vård och omsorg, socialtjänst","inrikes född",21596,21983,21800,21795,21986,22235,21075,21401,21244,21191,21399,21610
"01 Stockholms län","män","Q enheter för vård och omsorg, socialtjänst","utrikes född",15475,16205,16638,17035,17442,17789,15315,15995,16408,16799,17220,17563
"01 Stockholms län","män","R+S+T+U enheter för kultur, nöje och fritid; andra serviceföretag m.m.","totalt",28481,28917,30207,30749,30538,30664,27079,27518,28659,29002,28788,28889
"01 Stockholms län","män","R+S+T+U enheter för kultur, nöje och fritid; andra serviceföretag m.m.","inrikes född",21809,22067,23041,23445,23359,23439,20606,20872,21753,21990,21872,21913
"01 Stockholms län","män","R+S+T+U enheter för kultur, nöje och fritid; andra serviceföretag m.m.","utrikes född",6672,6850,7164,7304,7178,7225,6472,6648,6906,7012,6916,6976
"01 Stockholms län","män","US uppgift saknas","totalt",444,559,632,727,724,756,1063,1171,1175,1235,1524,1602
"01 Stockholms län","män","US uppgift saknas","inrikes född",290,381,425,456,455,472,739,787,799,796,983,1026
"01 Stockholms län","män","US uppgift saknas","utrikes född",154,178,207,272,270,285,325,385,376,437,540,574
"01 Stockholms län","kvinnor","A-U+US Total","totalt",613855,622740,648213,660119,662982,667322,590768,598642,620928,630565,633399,637410
"01 Stockholms län","kvinnor","A-U+US Total","inrikes född",450649,453805,466451,470928,470823,471188,430649,432952,443319,446106,445857,445961
"01 Stockholms län","kvinnor","A-U+US Total","utrikes född",163206,168936,181763,189191,192159,196133,160119,165690,177608,184460,187541,191449
"01 Stockholms län","kvinnor","A företag inom jordbruk, skogsbruk och fiske","totalt",1957,2045,2011,2018,1966,2023,1990,2066,2007,1995,1967,2042
"01 Stockholms län","kvinnor","A företag inom jordbruk, skogsbruk och fiske","inrikes född",1713,1789,1752,1746,1690,1722,1747,1814,1760,1738,1702,1738
"01 Stockholms län","kvinnor","A företag inom jordbruk, skogsbruk och fiske","utrikes född",243,256,258,272,277,301,244,252,248,257,265,304
"01 Stockholms län","kvinnor","B+C tillverkningsindustri; gruvor och mineralutvinningsindustri","totalt",20023,20753,21627,22238,22682,22562,18695,19421,20298,20822,21288,21284
"01 Stockholms län","kvinnor","B+C tillverkningsindustri; gruvor och mineralutvinningsindustri","inrikes född",15136,15525,15777,15713,15688,15559,13918,14295,14561,14462,14439,14426
"01 Stockholms län","kvinnor","B+C tillverkningsindustri; gruvor och mineralutvinningsindustri","utrikes född",4887,5229,5850,6525,6994,7004,4778,5125,5737,6359,6849,6858
"01 Stockholms län","kvinnor","D+E företag inom energi och miljö","totalt",3007,3270,3483,3800,4170,4468,2797,3005,3223,3513,3831,4097
"01 Stockholms län","kvinnor","D+E företag inom energi och miljö","inrikes född",2560,2765,2925,3182,3470,3687,2369,2533,2704,2925,3172,3368
"01 Stockholms län","kvinnor","D+E företag inom energi och miljö","utrikes född",448,506,557,617,701,781,428,471,519,589,659,728
"01 Stockholms län","kvinnor","F byggindustri","totalt",10493,10764,11209,11413,10801,10787,10100,10375,10805,10914,10348,10329
"01 Stockholms län","kvinnor","F byggindustri","inrikes född",7684,7756,7919,8096,7668,7578,7357,7436,7582,7677,7283,7202
"01 Stockholms län","kvinnor","F byggindustri","utrikes född",2809,3008,3291,3316,3134,3210,2742,2939,3223,3237,3067,3128
"01 Stockholms län","kvinnor","G handel; serviceverkstäder för motorfordon och motorcyklar","totalt",76027,76952,79779,79948,79202,78865,72272,72917,75246,75238,74655,74474
"01 Stockholms län","kvinnor","G handel; serviceverkstäder för motorfordon och motorcyklar","inrikes född",61173,61486,63048,62616,61925,61426,57843,57924,59099,58560,57988,57641
"01 Stockholms län","kvinnor","G handel; serviceverkstäder för motorfordon och motorcyklar","utrikes född",14854,15467,16731,17332,17278,17439,14430,14995,16148,16678,16668,16832
"01 Stockholms län","kvinnor","H transport- och magasineringsföretag","totalt",13867,13445,13699,14012,13951,14204,12546,12163,12383,12623,12550,12791
"01 Stockholms län","kvinnor","H transport- och magasineringsföretag","inrikes född",10746,10228,10194,10262,10196,10322,9526,9048,8988,9036,8949,9093
"01 Stockholms län","kvinnor","H transport- och magasineringsföretag","utrikes född",3122,3218,3505,3751,3755,3882,3019,3115,3395,3589,3600,3700
"01 Stockholms län","kvinnor","I hotell och restauranger","totalt",22313,20947,26861,28455,28821,29868,21657,20451,26040,27485,27764,28801
"01 Stockholms län","kvinnor","I hotell och restauranger","inrikes född",13398,12683,16360,17128,17241,17788,12910,12324,15802,16432,16499,17048
"01 Stockholms län","kvinnor","I hotell och restauranger","utrikes född",8914,8265,10501,11327,11579,12080,8747,8127,10236,11054,11265,11753
"01 Stockholms län","kvinnor","J informations- och kommunikationsföretag","totalt",34813,36449,39278,40882,40304,40132,32974,34339,36644,37883,37397,37287
"01 Stockholms län","kvinnor","J informations- och kommunikationsföretag","inrikes född",26728,27628,29194,30129,29418,29188,25204,25933,27112,27803,27193,27000
"01 Stockholms län","kvinnor","J informations- och kommunikationsföretag","utrikes född",8085,8820,10083,10754,10887,10945,7771,8407,9531,10081,10203,10286
"01 Stockholms län","kvinnor","K kreditinstitut och försäkringsbolag m.m.","totalt",26764,27858,29493,30649,31368,31757,25185,26021,27253,28277,28992,29244
"01 Stockholms län","kvinnor","K kreditinstitut och försäkringsbolag m.m.","inrikes född",22327,22973,23929,24768,25417,25697,20917,21354,22002,22728,23355,23516
"01 Stockholms län","kvinnor","K kreditinstitut och försäkringsbolag m.m.","utrikes född",4436,4885,5564,5881,5951,6059,4268,4665,5251,5549,5637,5728
"01 Stockholms län","kvinnor","L fastighetsbolag och fastighetsförvaltare","totalt",9697,9917,10165,10275,10317,10447,9427,9677,9893,9957,9969,10116
"01 Stockholms län","kvinnor","L fastighetsbolag och fastighetsförvaltare","inrikes född",8363,8518,8655,8719,8724,8796,8120,8313,8431,8447,8443,8535
"01 Stockholms län","kvinnor","L fastighetsbolag och fastighetsförvaltare","utrikes född",1334,1399,1509,1557,1593,1651,1306,1364,1461,1509,1526,1580
"01 Stockholms län","kvinnor","M+N företag inom juridik, ekonomi, vetenskap och teknik; företag inom uthyrning, fastighetsservice, resetjänster och andra stödtjänster","totalt",96199,97172,104099,106929,106688,106611,91473,92168,98026,100381,100211,100145
"01 Stockholms län","kvinnor","M+N företag inom juridik, ekonomi, vetenskap och teknik; företag inom uthyrning, fastighetsservice, resetjänster och andra stödtjänster","inrikes född",69019,68991,72879,74279,73683,72581,65088,64835,67988,69074,68556,67452
"01 Stockholms län","kvinnor","M+N företag inom juridik, ekonomi, vetenskap och teknik; företag inom uthyrning, fastighetsservice, resetjänster och andra stödtjänster","utrikes född",27181,28181,31220,32651,33006,34029,26385,27332,30038,31308,31656,32693
"01 Stockholms län","kvinnor","O civila myndigheter och försvaret","totalt",46988,47695,48211,49603,51540,53274,45136,45899,46484,47694,49456,51099
"01 Stockholms län","kvinnor","O civila myndigheter och försvaret","inrikes född",39651,40353,40780,41821,43409,44928,37925,38671,39126,40029,41450,42893
"01 Stockholms län","kvinnor","O civila myndigheter och försvaret","utrikes född",7338,7341,7432,7782,8130,8346,7211,7228,7358,7664,8006,8207
"01 Stockholms län","kvinnor","P utbildningsväsendet","totalt",92050,92809,92652,92508,91999,91447,90816,91654,91515,91423,91041,90473
"01 Stockholms län","kvinnor","P utbildningsväsendet","inrikes född",64361,64275,63381,62671,62131,61570,63297,63228,62316,61703,61282,60678
"01 Stockholms län","kvinnor","P utbildningsväsendet","utrikes född",27690,28535,29271,29836,29868,29876,27519,28426,29200,29720,29760,29795
"01 Stockholms län","kvinnor","Q enheter för vård och omsorg, socialtjänst","totalt",119901,121884,122668,123442,125123,125943,117141,118958,119666,120315,121762,122552
"01 Stockholms län","kvinnor","Q enheter för vård och omsorg, socialtjänst","inrikes född",77166,77475,76649,76066,76334,75854,74907,75073,74231,73469,73492,72986
"01 Stockholms län","kvinnor","Q enheter för vård och omsorg, socialtjänst","utrikes född",42736,44407,46018,47376,48789,50089,42234,43884,45435,46846,48271,49567
"01 Stockholms län","kvinnor","R+S+T+U enheter för kultur, nöje och fritid; andra serviceföretag m.m.","totalt",39191,40092,42205,43066,43198,44028,37695,38528,40398,40906,40938,41353
"01 Stockholms län","kvinnor","R+S+T+U enheter för kultur, nöje och fritid; andra serviceföretag m.m.","inrikes född",30268,30956,32586,33263,33382,33999,28988,29596,31039,31413,31422,31694
"01 Stockholms län","kvinnor","R+S+T+U enheter för kultur, nöje och fritid; andra serviceföretag m.m.","utrikes född",8924,9136,9618,9803,9817,10028,8707,8931,9357,9494,9516,9660
"01 Stockholms län","kvinnor","US uppgift saknas","totalt",563,689,775,883,853,905,866,1003,1047,1138,1229,1323
"01 Stockholms län","kvinnor","US uppgift saknas","inrikes född",360,405,425,470,449,493,536,572,577,610,635,691
"01 Stockholms län","kvinnor","US uppgift saknas","utrikes född",205,285,351,411,404,412,329,431,470,528,593,632
"01 Stockholms län","totalt","A-U+US Total","totalt",1276172,1292215,1343297,1364081,1364908,1370581,1212886,1227858,1272017,1289195,1290483,1296485
"01 Stockholms län","totalt","A-U+US Total","inrikes född",927220,931574,955292,962551,960526,960066,873272,876775,895824,900444,898439,898169
"01 Stockholms län","totalt","A-U+US Total","utrikes född",348951,360640,388007,401530,404382,410515,339614,351084,376191,388752,392045,398316
"01 Stockholms län","totalt","A företag inom jordbruk, skogsbruk och fiske","totalt",4938,5035,4971,4951,4864,4947,5023,5106,5000,4969,4912,5047
"01 Stockholms län","totalt","A företag inom jordbruk, skogsbruk och fiske","inrikes född",4362,4427,4331,4282,4185,4234,4442,4503,4377,4317,4243,4327
"01 Stockholms län","totalt","A företag inom jordbruk, skogsbruk och fiske","utrikes född",575,609,640,669,679,713,581,603,622,651,669,720
"01 Stockholms län","totalt","B+C tillverkningsindustri; gruvor och mineralutvinningsindustri","totalt",65878,67504,69332,71133,71394,69255,60987,62445,64349,65813,66327,64841
"01 Stockholms län","totalt","B+C tillverkningsindustri; gruvor och mineralutvinningsindustri","inrikes född",48472,49186,49510,49540,48775,47105,44134,44714,45084,44974,44366,43341
"01 Stockholms län","totalt","B+C tillverkningsindustri; gruvor och mineralutvinningsindustri","utrikes född",17407,18318,19822,21593,22619,22151,16853,17729,19265,20839,21960,21501
"01 Stockholms län","totalt","D+E företag inom energi och miljö","totalt",10235,10783,11260,11943,12864,13471,9382,9827,10250,10873,11661,12208
"01 Stockholms län","totalt","D+E företag inom energi och miljö","inrikes född",8357,8735,9045,9565,10251,10627,7606,7912,8173,8638,9220,9565
"01 Stockholms län","totalt","D+E företag inom energi och miljö","utrikes född",1879,2048,2216,2377,2614,2845,1776,1915,2077,2235,2440,2643
"01 Stockholms län","totalt","F byggindustri","totalt",83634,84658,87122,87438,83909,84312,79761,81032,83503,83638,80364,80856
"01 Stockholms län","totalt","F byggindustri","inrikes född",58411,58142,58280,58190,56061,55227,54944,54881,55083,54815,52851,52053
"01 Stockholms län","totalt","F byggindustri","utrikes född",25222,26517,28842,29248,27848,29086,24817,26151,28420,28824,27513,28802
"01 Stockholms län","totalt","G handel; serviceverkstäder för motorfordon och motorcyklar","totalt",164642,166684,171431,171104,169184,167596,154105,155662,159434,159187,157541,156476
"01 Stockholms län","totalt","G handel; serviceverkstäder för motorfordon och motorcyklar","inrikes född",128913,129461,131661,130461,128599,127189,119590,119765,121307,120203,118566,117435
"01 Stockholms län","totalt","G handel; serviceverkstäder för motorfordon och motorcyklar","utrikes född",35728,37225,39770,40642,40585,40406,34514,35897,38127,38985,38975,39043
"01 Stockholms län","totalt","H transport- och magasineringsföretag","totalt",61519,60466,61793,62725,62559,63330,56331,55620,56725,57468,57215,57982
"01 Stockholms län","totalt","H transport- och magasineringsföretag","inrikes född",37630,35772,35607,35501,35303,35279,33431,31905,31592,31406,31101,31135
"01 Stockholms län","totalt","H transport- och magasineringsföretag","utrikes född",23889,24695,26186,27223,27256,28052,22899,23714,25133,26061,26113,26846
"01 Stockholms län","totalt","I hotell och restauranger","totalt",49757,46589,57523,60455,60646,62065,48471,45684,55945,58562,58807,60288
"01 Stockholms län","totalt","I hotell och restauranger","inrikes född",24539,23099,29496,30916,31145,32220,23695,22520,28522,29701,29969,31063
"01 Stockholms län","totalt","I hotell och restauranger","utrikes född",25218,23489,28026,29539,29502,29844,24775,23164,27422,28861,28839,29225
"01 Stockholms län","totalt","J informations- och kommunikationsföretag","totalt",110444,114015,121359,124877,123158,122540,102650,105396,110988,113522,111776,111106
"01 Stockholms län","totalt","J informations- och kommunikationsföretag","inrikes född",85006,87018,91177,92911,91171,90520,78793,80140,82977,84049,82322,81673
"01 Stockholms län","totalt","J informations- och kommunikationsföretag","utrikes född",25438,26998,30182,31966,31988,32021,23858,25256,28011,29474,29454,29433
"01 Stockholms län","totalt","K kreditinstitut och försäkringsbolag m.m.","totalt",57077,59777,63763,66145,67694,68471,53116,55311,58238,60432,61972,62622
"01 Stockholms län","totalt","K kreditinstitut och försäkringsbolag m.m.","inrikes född",48175,49893,52376,54166,55429,55977,44628,45925,47605,49199,50451,50880
"01 Stockholms län","totalt","K kreditinstitut och försäkringsbolag m.m.","utrikes född",8901,9884,11386,11980,12265,12494,8487,9386,10633,11233,11521,11743
"01 Stockholms län","totalt","L fastighetsbolag och fastighetsförvaltare","totalt",22574,22926,23302,23505,23557,23757,21734,22092,22405,22533,22538,22762
"01 Stockholms län","totalt","L fastighetsbolag och fastighetsförvaltare","inrikes född",19259,19473,19624,19744,19730,19824,18505,18739,18865,18886,18835,18972
"01 Stockholms län","totalt","L fastighetsbolag och fastighetsförvaltare","utrikes född",3316,3453,3677,3761,3828,3933,3230,3352,3539,3647,3704,3792
"01 Stockholms län","totalt","M+N företag inom juridik, ekonomi, vetenskap och teknik; företag inom uthyrning, fastighetsservice, resetjänster och andra stödtjänster","totalt",210387,212061,224877,228886,229469,230327,198441,199731,210483,214069,214559,215176
"01 Stockholms län","totalt","M+N företag inom juridik, ekonomi, vetenskap och teknik; företag inom uthyrning, fastighetsservice, resetjänster och andra stödtjänster","inrikes född",153331,153116,159920,161828,161999,161390,143618,143045,148456,150068,150156,149362
"01 Stockholms län","totalt","M+N företag inom juridik, ekonomi, vetenskap och teknik; företag inom uthyrning, fastighetsservice, resetjänster och andra stödtjänster","utrikes född",57056,58945,64956,67059,67470,68937,54823,56686,62027,64002,64403,65814
"01 Stockholms län","totalt","O civila myndigheter och försvaret","totalt",80885,81578,81995,84186,87526,90429,76030,77381,78174,80164,83178,85963
"01 Stockholms län","totalt","O civila myndigheter och försvaret","inrikes född",69307,69967,70213,71841,74562,77103,64747,66019,66622,68103,70538,72965
"01 Stockholms län","totalt","O civila myndigheter och försvaret","utrikes född",11577,11611,11782,12346,12965,13326,11285,11362,11552,12061,12640,12997
"01 Stockholms län","totalt","P utbildningsväsendet","totalt",128552,129808,129649,129036,128222,127762,126620,127998,127925,127377,126775,126266
"01 Stockholms län","totalt","P utbildningsväsendet","inrikes född",89971,90017,89124,88111,87356,86880,88286,88402,87516,86614,86017,85481
"01 Stockholms län","totalt","P utbildningsväsendet","utrikes född",38581,39791,40525,40925,40867,40881,38336,39596,40409,40763,40759,40785
"01 Stockholms län","totalt","Q enheter för vård och omsorg, socialtjänst","totalt",156972,160071,161105,162272,164552,165966,153532,156354,157318,158306,160382,161724
"01 Stockholms län","totalt","Q enheter för vård och omsorg, socialtjänst","inrikes född",98763,99459,98450,97860,98320,98088,95983,96475,95475,94661,94891,94595
"01 Stockholms län","totalt","Q enheter för vård och omsorg, socialtjänst","utrikes född",58210,60613,62656,64411,66231,67879,57549,59878,61844,63646,65491,67129
"01 Stockholms län","totalt","R+S+T+U enheter för kultur, nöje och fritid; andra serviceföretag m.m.","totalt",67671,69009,72412,73814,73736,74691,64773,66046,69057,69908,69725,70244
"01 Stockholms län","totalt","R+S+T+U enheter för kultur, nöje och fritid; andra serviceföretag m.m.","inrikes född",52076,53022,55629,56707,56741,57438,49595,50468,52793,53402,53294,53608
"01 Stockholms län","totalt","R+S+T+U enheter för kultur, nöje och fritid; andra serviceföretag m.m.","utrikes född",15596,15987,16782,17107,16995,17253,15179,15579,16264,16506,16433,16636
"01 Stockholms län","totalt","US uppgift saknas","totalt",1008,1249,1408,1610,1577,1662,1929,2174,2222,2374,2753,2924
"01 Stockholms län","totalt","US uppgift saknas","inrikes född",649,785,850,927,904,966,1276,1359,1376,1408,1618,1717
"01 Stockholms län","totalt","US uppgift saknas","utrikes född",360,462,558,684,673,697,654,815,846,966,1133,1206
"03 Uppsala län","män","A-U+US Total","totalt",83002,84382,86975,87733,87644,87874,98103,99513,103208,104638,104520,104525
"03 Uppsala län","män","A-U+US Total","inrikes född",66005,66173,67407,67579,67346,67241,79036,79409,81238,81713,81444,81282
"03 Uppsala län","män","A-U+US Total","utrikes född",16996,18212,19570,20154,20299,20635,19066,20104,21971,22925,23077,23244
"03 Uppsala län","män","A företag inom jordbruk, skogsbruk och fiske","totalt",2659,2631,2609,2577,2470,2480,2645,2623,2603,2561,2485,2495
"03 Uppsala län","män","A företag inom jordbruk, skogsbruk och fiske","inrikes född",2496,2468,2441,2413,2320,2312,2496,2467,2448,2413,2344,2337
"03 Uppsala län","män","A företag inom jordbruk, skogsbruk och fiske","utrikes född",162,165,167,162,150,169,149,155,156,148,140,158
"03 Uppsala län","män","B+C tillverkningsindustri; gruvor och mineralutvinningsindustri","totalt",8758,8814,9032,8860,8656,8536,9725,9758,10055,10082,9969,9812
"03 Uppsala län","män","B+C tillverkningsindustri; gruvor och mineralutvinningsindustri","inrikes född",7526,7466,7570,7446,7286,7187,8404,8338,8470,8417,8301,8179
"03 Uppsala län","män","B+C tillverkningsindustri; gruvor och mineralutvinningsindustri","utrikes född",1232,1348,1462,1414,1370,1350,1323,1421,1584,1665,1668,1633
"03 Uppsala län","män","D+E företag inom energi och miljö","totalt",1902,1808,1858,1759,1850,1862,2101,2051,2138,2090,2177,2231
"03 Uppsala län","män","D+E företag inom energi och miljö","inrikes född",1752,1669,1701,1615,1704,1723,1918,1867,1933,1887,1975,2016
"03 Uppsala län","män","D+E företag inom energi och miljö","utrikes född",150,139,156,143,145,140,184,184,203,203,202,214
"03 Uppsala län","män","F byggindustri","totalt",12515,12464,12724,12873,12382,12162,13984,13999,14284,14456,13915,13649
"03 Uppsala län","män","F byggindustri","inrikes född",11098,10949,11052,11141,10738,10486,12460,12388,12500,12585,12142,11867
"03 Uppsala län","män","F byggindustri","utrikes född",1417,1514,1672,1732,1644,1675,1524,1611,1784,1870,1772,1782
"03 Uppsala län","män","G handel; serviceverkstäder för motorfordon och motorcyklar","totalt",9382,9662,9799,10119,10323,10476,11223,11518,11837,11988,12045,12112
"03 Uppsala län","män","G handel; serviceverkstäder för motorfordon och motorcyklar","inrikes född",7509,7622,7696,7823,7897,7955,9402,9580,9736,9748,9764,9811
"03 Uppsala län","män","G handel; serviceverkstäder för motorfordon och motorcyklar","utrikes född",1872,2040,2103,2295,2426,2522,1822,1939,2101,2240,2280,2302
"03 Uppsala län","män","H transport- och magasineringsföretag","totalt",4820,4769,4844,4706,4553,4624,7078,6817,6984,7038,6984,7118
"03 Uppsala län","män","H transport- och magasineringsföretag","inrikes född",3246,3146,3100,2942,2840,2861,5146,4829,4881,4812,4738,4769
"03 Uppsala län","män","H transport- och magasineringsföretag","utrikes född",1575,1623,1744,1764,1714,1762,1932,1988,2103,2225,2246,2350
"03 Uppsala län","män","I hotell och restauranger","totalt",2456,2501,2915,2989,2924,2920,2864,2759,3241,3336,3307,3364
"03 Uppsala län","män","I hotell och restauranger","inrikes född",1021,1031,1244,1304,1334,1353,1279,1239,1471,1531,1575,1654
"03 Uppsala län","män","I hotell och restauranger","utrikes född",1436,1470,1670,1686,1589,1565,1584,1520,1771,1804,1732,1709
"03 Uppsala län","män","J informations- och kommunikationsföretag","totalt",3341,3391,3578,3767,3880,3824,5429,5625,6015,6314,6347,6322
"03 Uppsala län","män","J informations- och kommunikationsföretag","inrikes född",2952,2985,3114,3235,3298,3250,4689,4830,5088,5272,5280,5233
"03 Uppsala län","män","J informations- och kommunikationsföretag","utrikes född",388,407,465,531,581,575,741,794,928,1042,1067,1088
"03 Uppsala län","män","K kreditinstitut och försäkringsbolag m.m.","totalt",688,655,643,661,670,705,1557,1613,1731,1817,1865,1894
"03 Uppsala län","män","K kreditinstitut och försäkringsbolag m.m.","inrikes född",650,619,609,620,620,639,1412,1449,1537,1607,1630,1648
"03 Uppsala län","män","K kreditinstitut och försäkringsbolag m.m.","utrikes född",39,37,34,41,50,67,145,164,194,210,236,246
"03 Uppsala län","män","L fastighetsbolag och fastighetsförvaltare","totalt",1803,1866,1853,1818,1788,1766,2020,2073,2072,2060,2033,2028
"03 Uppsala län","män","L fastighetsbolag och fastighetsförvaltare","inrikes född",1573,1627,1611,1568,1548,1537,1764,1809,1797,1779,1760,1764
"03 Uppsala län","män","L fastighetsbolag och fastighetsförvaltare","utrikes född",232,239,241,249,240,229,256,264,275,280,272,265
"03 Uppsala län","män","M+N företag inom juridik, ekonomi, vetenskap och teknik; företag inom uthyrning, fastighetsservice, resetjänster och andra stödtjänster","totalt",10953,11569,12224,12394,12304,12282,13818,14410,15360,15632,15528,15393
"03 Uppsala län","män","M+N företag inom juridik, ekonomi, vetenskap och teknik; företag inom uthyrning, fastighetsservice, resetjänster och andra stödtjänster","inrikes född",8481,8739,9162,9254,9185,9106,10808,11116,11629,11757,11685,11573
"03 Uppsala län","män","M+N företag inom juridik, ekonomi, vetenskap och teknik; företag inom uthyrning, fastighetsservice, resetjänster och andra stödtjänster","utrikes född",2471,2830,3062,3140,3119,3176,3010,3293,3731,3876,3843,3820
"03 Uppsala län","män","O civila myndigheter och försvaret","totalt",5614,5874,6016,6195,6384,6760,6311,6577,6680,6844,7078,7379
"03 Uppsala län","män","O civila myndigheter och försvaret","inrikes född",5088,5297,5432,5602,5753,6088,5652,5869,5965,6110,6296,6581
"03 Uppsala län","män","O civila myndigheter och försvaret","utrikes född",525,578,584,593,631,672,660,707,716,733,782,797
"03 Uppsala län","män","P utbildningsväsendet","totalt",6791,6912,6998,6717,6975,6888,7274,7400,7448,7180,7400,7284
"03 Uppsala län","män","P utbildningsväsendet","inrikes född",4822,4812,4851,4721,4870,4780,5210,5210,5214,5095,5215,5108
"03 Uppsala län","män","P utbildningsväsendet","utrikes född",1970,2099,2146,1995,2104,2108,2063,2190,2234,2084,2183,2176
"03 Uppsala län","män","Q enheter för vård och omsorg, socialtjänst","totalt",8179,8344,8488,8867,8960,9050,8317,8512,8662,9066,9084,9105
"03 Uppsala län","män","Q enheter för vård och omsorg, socialtjänst","inrikes född",5226,5203,5073,5126,5128,5142,5324,5317,5224,5304,5256,5233
"03 Uppsala län","män","Q enheter för vård och omsorg, socialtjänst","utrikes född",2953,3142,3414,3741,3831,3910,2993,3194,3438,3761,3829,3873
"03 Uppsala län","män","R+S+T+U enheter för kultur, nöje och fritid; andra serviceföretag m.m.","totalt",3064,3011,3284,3314,3409,3424,3547,3547,3869,3940,4025,4063
"03 Uppsala län","män","R+S+T+U enheter för kultur, nöje och fritid; andra serviceföretag m.m.","inrikes född",2496,2444,2653,2669,2728,2731,2919,2929,3173,3219,3272,3296
"03 Uppsala län","män","R+S+T+U enheter för kultur, nöje och fritid; andra serviceföretag m.m.","utrikes född",569,567,631,645,681,692,629,617,696,720,754,765
"03 Uppsala län","män","US uppgift saknas","totalt",79,111,114,119,119,116,207,235,228,236,278,276
"03 Uppsala län","män","US uppgift saknas","inrikes född",70,96,97,98,95,93,157,171,170,174,210,212
"03 Uppsala län","män","US uppgift saknas","utrikes född",8,14,17,23,25,24,51,64,59,61,68,64
"03 Uppsala län","kvinnor","A-U+US Total","totalt",82518,83954,86597,87851,88667,89603,92371,94084,97826,99898,100890,101675
"03 Uppsala län","kvinnor","A-U+US Total","inrikes född",66904,67399,68727,69055,69258,69478,75289,76094,78183,79045,79362,79550
"03 Uppsala län","kvinnor","A-U+US Total","utrikes född",15615,16556,17871,18797,19409,20125,17081,17990,19642,20853,21529,22125
"03 Uppsala län","kvinnor","A företag inom jordbruk, skogsbruk och fiske","totalt",957,984,992,999,982,992,973,1012,1018,1016,1005,1017
"03 Uppsala län","kvinnor","A företag inom jordbruk, skogsbruk och fiske","inrikes född",905,929,936,934,915,926,919,958,958,947,928,941
"03 Uppsala län","kvinnor","A företag inom jordbruk, skogsbruk och fiske","utrikes född",53,55,58,64,66,66,54,54,59,69,76,76
"03 Uppsala län","kvinnor","B+C tillverkningsindustri; gruvor och mineralutvinningsindustri","totalt",3438,3596,3772,3778,3675,3734,3660,3796,4005,4085,4049,4135
"03 Uppsala län","kvinnor","B+C tillverkningsindustri; gruvor och mineralutvinningsindustri","inrikes född",2971,3065,3158,3154,3073,3098,3181,3263,3377,3406,3354,3396
"03 Uppsala län","kvinnor","B+C tillverkningsindustri; gruvor och mineralutvinningsindustri","utrikes född",467,531,614,624,602,635,480,534,628,679,696,739
"03 Uppsala län","kvinnor","D+E företag inom energi och miljö","totalt",645,626,703,708,753,789,754,757,849,892,953,1007
"03 Uppsala län","kvinnor","D+E företag inom energi och miljö","inrikes född",594,577,647,656,694,722,689,691,773,818,870,906
"03 Uppsala län","kvinnor","D+E företag inom energi och miljö","utrikes född",51,49,56,53,57,68,65,67,75,74,83,102
"03 Uppsala län","kvinnor","F byggindustri","totalt",1423,1444,1531,1619,1559,1512,1640,1674,1741,1859,1819,1762
"03 Uppsala län","kvinnor","F byggindustri","inrikes född",1250,1248,1293,1375,1325,1297,1444,1453,1479,1582,1558,1515
"03 Uppsala län","kvinnor","F byggindustri","utrikes född",174,198,238,243,235,215,195,222,262,276,261,247
"03 Uppsala län","kvinnor","G handel; serviceverkstäder för motorfordon och motorcyklar","totalt",7839,7946,7992,8050,8139,8202,9195,9420,9687,9882,10016,10141
"03 Uppsala län","kvinnor","G handel; serviceverkstäder för motorfordon och motorcyklar","inrikes född",6847,6881,6896,6900,6935,6958,8066,8203,8382,8477,8556,8649
"03 Uppsala län","kvinnor","G handel; serviceverkstäder för motorfordon och motorcyklar","utrikes född",991,1064,1097,1149,1205,1244,1129,1217,1304,1406,1459,1493
"03 Uppsala län","kvinnor","H transport- och magasineringsföretag","totalt",1007,985,991,935,946,962,1969,1836,1927,1963,1963,2011
"03 Uppsala län","kvinnor","H transport- och magasineringsföretag","inrikes född",899,871,854,786,792,800,1720,1605,1655,1632,1622,1647
"03 Uppsala län","kvinnor","H transport- och magasineringsföretag","utrikes född",108,113,136,150,154,162,249,231,271,331,340,364
"03 Uppsala län","kvinnor","I hotell och restauranger","totalt",2344,2443,2987,3059,3091,3169,2743,2756,3439,3538,3656,3877
"03 Uppsala län","kvinnor","I hotell och restauranger","inrikes född",1668,1664,2037,2053,2084,2119,1981,1949,2389,2412,2504,2657
"03 Uppsala län","kvinnor","I hotell och restauranger","utrikes född",675,778,951,1007,1008,1051,762,808,1049,1126,1151,1221
"03 Uppsala län","kvinnor","J informations- och kommunikationsföretag","totalt",1182,1211,1257,1370,1397,1378,1857,1944,2119,2316,2312,2287
"03 Uppsala län","kvinnor","J informations- och kommunikationsföretag","inrikes född",988,1009,1036,1117,1134,1106,1553,1625,1724,1866,1847,1814
"03 Uppsala län","kvinnor","J informations- och kommunikationsföretag","utrikes född",194,202,222,252,264,271,302,318,396,450,466,472
"03 Uppsala län","kvinnor","K kreditinstitut och försäkringsbolag m.m.","totalt",777,785,792,773,756,742,1365,1444,1520,1545,1581,1600
"03 Uppsala län","kvinnor","K kreditinstitut och försäkringsbolag m.m.","inrikes född",728,728,731,715,699,678,1241,1298,1352,1373,1407,1417
"03 Uppsala län","kvinnor","K kreditinstitut och försäkringsbolag m.m.","utrikes född",49,58,60,57,58,64,124,144,168,173,175,182
"03 Uppsala län","kvinnor","L fastighetsbolag och fastighetsförvaltare","totalt",1280,1332,1326,1356,1323,1346,1432,1450,1452,1465,1452,1489
"03 Uppsala län","kvinnor","L fastighetsbolag och fastighetsförvaltare","inrikes född",1130,1175,1166,1187,1160,1174,1265,1274,1273,1286,1274,1298
"03 Uppsala län","kvinnor","L fastighetsbolag och fastighetsförvaltare","utrikes född",151,156,159,169,164,173,167,175,179,181,178,192
"03 Uppsala län","kvinnor","M+N företag inom juridik, ekonomi, vetenskap och teknik; företag inom uthyrning, fastighetsservice, resetjänster och andra stödtjänster","totalt",9324,9696,10506,10842,10843,10949,11288,11739,12807,13274,13219,13110
"03 Uppsala län","kvinnor","M+N företag inom juridik, ekonomi, vetenskap och teknik; företag inom uthyrning, fastighetsservice, resetjänster och andra stödtjänster","inrikes född",7083,7286,7825,8049,7966,7932,8718,8981,9664,9957,9802,9626
"03 Uppsala län","kvinnor","M+N företag inom juridik, ekonomi, vetenskap och teknik; företag inom uthyrning, fastighetsservice, resetjänster och andra stödtjänster","utrikes född",2242,2410,2681,2793,2876,3016,2570,2758,3144,3317,3416,3483
"03 Uppsala län","kvinnor","O civila myndigheter och försvaret","totalt",6880,7350,7612,7711,7934,8295,7893,8380,8570,8728,8980,9279
"03 Uppsala län","kvinnor","O civila myndigheter och försvaret","inrikes född",6108,6516,6738,6848,7036,7346,7012,7432,7606,7742,7969,8236
"03 Uppsala län","kvinnor","O civila myndigheter och försvaret","utrikes född",772,834,875,863,897,948,883,949,963,985,1010,1043
"03 Uppsala län","kvinnor","P utbildningsväsendet","totalt",16779,16772,17067,16898,17255,17056,17446,17522,17864,17703,18042,17832
"03 Uppsala län","kvinnor","P utbildningsväsendet","inrikes född",13261,13072,13174,13040,13166,13011,13788,13679,13816,13672,13796,13647
"03 Uppsala län","kvinnor","P utbildningsväsendet","utrikes född",3518,3699,3893,3859,4088,4045,3656,3843,4047,4031,4247,4187
"03 Uppsala län","kvinnor","Q enheter för vård och omsorg, socialtjänst","totalt",24155,24245,24291,24893,25047,25402,25045,25124,25233,25871,25955,26068
"03 Uppsala län","kvinnor","Q enheter för vård och omsorg, socialtjänst","inrikes född",18681,18537,18218,18170,18107,18070,19402,19263,19008,19037,18918,18730
"03 Uppsala län","kvinnor","Q enheter för vård och omsorg, socialtjänst","utrikes född",5474,5708,6075,6723,6939,7333,5643,5860,6226,6833,7037,7338
"03 Uppsala län","kvinnor","R+S+T+U enheter för kultur, nöje och fritid; andra serviceföretag m.m.","totalt",4437,4459,4694,4757,4863,4965,5001,5090,5460,5602,5710,5861
"03 Uppsala län","kvinnor","R+S+T+U enheter för kultur, nöje och fritid; andra serviceföretag m.m.","inrikes född",3749,3771,3953,3988,4093,4160,4231,4315,4628,4729,4833,4941
"03 Uppsala län","kvinnor","R+S+T+U enheter för kultur, nöje och fritid; andra serviceföretag m.m.","utrikes född",688,688,739,768,770,805,769,775,832,874,879,921
"03 Uppsala län","kvinnor","US uppgift saknas","totalt",49,82,85,105,106,111,112,140,138,158,179,200
"03 Uppsala län","kvinnor","US uppgift saknas","inrikes född",42,68,69,83,77,80,82,103,98,111,123,134
"03 Uppsala län","kvinnor","US uppgift saknas","utrikes född",7,15,16,24,27,31,31,36,41,48,56,67
"03 Uppsala län","totalt","A-U+US Total","totalt",165519,168337,173573,175583,176311,177477,190474,193597,201034,204536,205410,206201
"03 Uppsala län","totalt","A-U+US Total","inrikes född",132908,133570,136133,136634,136603,136719,154325,155503,159421,160758,160805,160832
"03 Uppsala län","totalt","A-U+US Total","utrikes född",32612,34767,37438,38951,39708,40758,36147,38094,41614,43778,44605,45368
"03 Uppsala län","totalt","A företag inom jordbruk, skogsbruk och fiske","totalt",3617,3614,3601,3575,3451,3473,3618,3634,3621,3578,3489,3512
"03 Uppsala län","totalt","A företag inom jordbruk, skogsbruk och fiske","inrikes född",3401,3396,3376,3347,3234,3236,3415,3425,3406,3360,3273,3278
"03 Uppsala län","totalt","A företag inom jordbruk, skogsbruk och fiske","utrikes född",215,218,224,227,216,236,204,209,216,218,217,235
"03 Uppsala län","totalt","B+C tillverkningsindustri; gruvor och mineralutvinningsindustri","totalt",12196,12410,12805,12638,12330,12269,13385,13555,14060,14167,14017,13946
"03 Uppsala län","totalt","B+C tillverkningsindustri; gruvor och mineralutvinningsindustri","inrikes född",10496,10530,10727,10600,10360,10285,11584,11600,11848,11822,11654,11575
"03 Uppsala län","totalt","B+C tillverkningsindustri; gruvor och mineralutvinningsindustri","utrikes född",1700,1880,2077,2039,1972,1984,1802,1955,2213,2345,2364,2373
"03 Uppsala län","totalt","D+E företag inom energi och miljö","totalt",2548,2434,2561,2467,2602,2652,2855,2809,2987,2981,3130,3238
"03 Uppsala län","totalt","D+E företag inom energi och miljö","inrikes född",2347,2246,2349,2272,2399,2444,2605,2557,2707,2704,2846,2923
"03 Uppsala län","totalt","D+E företag inom energi och miljö","utrikes född",202,188,212,196,203,207,250,251,280,278,285,316
"03 Uppsala län","totalt","F byggindustri","totalt",13938,13909,14254,14491,13940,13673,15623,15673,16024,16314,15734,15410
"03 Uppsala län","totalt","F byggindustri","inrikes född",12349,12198,12345,12516,12064,11782,13903,13841,13979,14168,13701,13382
"03 Uppsala län","totalt","F byggindustri","utrikes född",1590,1711,1909,1975,1878,1891,1720,1832,2045,2147,2033,2029
"03 Uppsala län","totalt","G handel; serviceverkstäder för motorfordon och motorcyklar","totalt",17219,17609,17792,18168,18462,18678,20418,20940,21524,21870,22060,22255
"03 Uppsala län","totalt","G handel; serviceverkstäder för motorfordon och motorcyklar","inrikes född",14356,14504,14592,14723,14831,14912,17467,17784,18119,18225,18321,18459
"03 Uppsala län","totalt","G handel; serviceverkstäder för motorfordon och motorcyklar","utrikes född",2864,3105,3199,3446,3630,3765,2951,3156,3404,3646,3739,3795
"03 Uppsala län","totalt","H transport- och magasineringsföretag","totalt",5827,5754,5835,5643,5498,5587,9047,8654,8911,9001,8948,9129
"03 Uppsala län","totalt","H transport- och magasineringsföretag","inrikes född",4145,4018,3954,3728,3631,3661,6866,6434,6537,6444,6362,6416
"03 Uppsala län","totalt","H transport- och magasineringsföretag","utrikes född",1683,1737,1881,1914,1867,1924,2182,2219,2374,2556,2585,2713
"03 Uppsala län","totalt","I hotell och restauranger","totalt",4800,4944,5901,6048,6015,6088,5606,5515,6678,6874,6963,7241
"03 Uppsala län","totalt","I hotell och restauranger","inrikes född",2689,2697,3281,3355,3419,3472,3259,3189,3859,3944,4079,4312
"03 Uppsala län","totalt","I hotell och restauranger","utrikes född",2110,2247,2621,2691,2597,2617,2346,2326,2819,2929,2884,2929
"03 Uppsala län","totalt","J informations- och kommunikationsföretag","totalt",4523,4603,4834,5135,5277,5202,7285,7568,8133,8630,8659,8609
"03 Uppsala län","totalt","J informations- och kommunikationsföretag","inrikes född",3941,3994,4148,4353,4431,4356,6241,6455,6812,7139,7126,7048
"03 Uppsala län","totalt","J informations- och kommunikationsföretag","utrikes född",582,609,686,783,845,847,1044,1112,1323,1491,1533,1561
"03 Uppsala län","totalt","K kreditinstitut och försäkringsbolag m.m.","totalt",1465,1440,1433,1433,1426,1447,2922,3056,3252,3364,3448,3493
"03 Uppsala län","totalt","K kreditinstitut och försäkringsbolag m.m.","inrikes född",1378,1345,1340,1335,1319,1316,2652,2747,2890,2980,3037,3066
"03 Uppsala län","totalt","K kreditinstitut och försäkringsbolag m.m.","utrikes född",88,95,94,98,107,131,270,308,362,384,410,428
"03 Uppsala län","totalt","L fastighetsbolag och fastighetsförvaltare","totalt",3084,3198,3178,3173,3112,3111,3451,3522,3522,3526,3485,3518
"03 Uppsala län","totalt","L fastighetsbolag och fastighetsförvaltare","inrikes född",2702,2803,2778,2754,2707,2710,3030,3085,3070,3064,3033,3060
"03 Uppsala län","totalt","L fastighetsbolag och fastighetsförvaltare","utrikes född",382,395,401,419,404,401,423,438,452,461,452,457
"03 Uppsala län","totalt","M+N företag inom juridik, ekonomi, vetenskap och teknik; företag inom uthyrning, fastighetsservice, resetjänster och andra stödtjänster","totalt",20277,21264,22729,23235,23146,23230,25106,26149,28167,28906,28746,28503
"03 Uppsala län","totalt","M+N företag inom juridik, ekonomi, vetenskap och teknik; företag inom uthyrning, fastighetsservice, resetjänster och andra stödtjänster","inrikes född",15565,16026,16985,17302,17152,17039,19526,20097,21293,21712,21487,21199
"03 Uppsala län","totalt","M+N företag inom juridik, ekonomi, vetenskap och teknik; företag inom uthyrning, fastighetsservice, resetjänster och andra stödtjänster","utrikes född",4712,5239,5744,5933,5995,6190,5579,6051,6874,7194,7259,7303
"03 Uppsala län","totalt","O civila myndigheter och försvaret","totalt",12494,13226,13628,13907,14317,15055,14204,14957,15250,15571,16057,16657
"03 Uppsala län","totalt","O civila myndigheter och försvaret","inrikes född",11196,11814,12170,12450,12789,13435,12663,13301,13571,13853,14265,14818
"03 Uppsala län","totalt","O civila myndigheter och försvaret","utrikes född",1298,1412,1458,1458,1527,1620,1541,1656,1678,1718,1791,1839
"03 Uppsala län","totalt","P utbildningsväsendet","totalt",23569,23682,24065,23615,24230,23944,24719,24923,25312,24883,25441,25116
"03 Uppsala län","totalt","P utbildningsväsendet","inrikes född",18083,17884,18025,17761,18036,17791,18999,18890,19030,18766,19011,18753
"03 Uppsala län","totalt","P utbildningsväsendet","utrikes född",5486,5798,6039,5853,6193,6153,5720,6033,6281,6116,6431,6362
"03 Uppsala län","totalt","Q enheter för vård och omsorg, socialtjänst","totalt",32333,32589,32779,33760,34007,34454,33362,33635,33896,34936,35039,35174
"03 Uppsala län","totalt","Q enheter för vård och omsorg, socialtjänst","inrikes född",23907,23739,23290,23298,23236,23213,24725,24581,24232,24342,24173,23963
"03 Uppsala län","totalt","Q enheter för vård och omsorg, socialtjänst","utrikes född",8427,8850,9489,10463,10771,11241,8637,9054,9664,10594,10866,11212
"03 Uppsala län","totalt","R+S+T+U enheter för kultur, nöje och fritid; andra serviceföretag m.m.","totalt",7501,7470,7977,8071,8272,8389,8548,8635,9330,9542,9737,9924
"03 Uppsala län","totalt","R+S+T+U enheter för kultur, nöje och fritid; andra serviceföretag m.m.","inrikes född",6245,6216,6606,6657,6822,6891,7150,7244,7801,7948,8104,8239
"03 Uppsala län","totalt","R+S+T+U enheter för kultur, nöje och fritid; andra serviceföretag m.m.","utrikes född",1256,1256,1371,1413,1451,1498,1398,1392,1528,1595,1632,1686
"03 Uppsala län","totalt","US uppgift saknas","totalt",127,192,199,225,225,227,320,374,367,394,458,476
"03 Uppsala län","totalt","US uppgift saknas","inrikes född",112,164,166,181,174,172,239,274,267,285,333,346
"03 Uppsala län","totalt","US uppgift saknas","utrikes född",15,28,34,46,52,54,81,101,100,108,124,131
"04 Södermanlands län","män","A-U+US Total","totalt",60070,61177,62949,63342,62831,62389,69553,70831,73095,73320,72577,72187
"04 Södermanlands län","män","A-U+US Total","inrikes född",47722,48012,48616,48641,48068,47526,55667,56026,56960,56835,56190,55688
"04 Södermanlands län","män","A-U+US Total","utrikes född",12347,13165,14332,14701,14763,14863,13886,14804,16135,16484,16387,16499
"04 Södermanlands län","män","A företag inom jordbruk, skogsbruk och fiske","totalt",2019,2012,1985,1941,1877,1820,2029,2033,1991,1945,1882,1815
"04 Södermanlands län","män","A företag inom jordbruk, skogsbruk och fiske","inrikes född",1905,1902,1865,1821,1767,1712,1912,1918,1871,1828,1776,1711
"04 Södermanlands län","män","A företag inom jordbruk, skogsbruk och fiske","utrikes född",114,111,120,119,110,107,116,115,120,117,106,106
"04 Södermanlands län","män","B+C tillverkningsindustri; gruvor och mineralutvinningsindustri","totalt",11932,11744,12006,11869,11783,11740,14613,14578,14782,14683,14487,14128
"04 Södermanlands län","män","B+C tillverkningsindustri; gruvor och mineralutvinningsindustri","inrikes född",9459,9234,9362,9230,9122,9012,11731,11568,11646,11505,11298,10950
"04 Södermanlands län","män","B+C tillverkningsindustri; gruvor och mineralutvinningsindustri","utrikes född",2474,2510,2643,2640,2660,2729,2882,3010,3136,3179,3187,3178
"04 Södermanlands län","män","D+E företag inom energi och miljö","totalt",1043,1061,1044,1149,1180,1229,1211,1241,1250,1355,1381,1446
"04 Södermanlands län","män","D+E företag inom energi och miljö","inrikes född",931,947,912,997,1022,1057,1075,1106,1100,1190,1214,1260
"04 Södermanlands län","män","D+E företag inom energi och miljö","utrikes född",114,114,133,152,158,171,135,135,149,164,167,186
"04 Södermanlands län","män","F byggindustri","totalt",9395,9666,9931,10048,9509,9358,10443,10670,10948,11008,10441,10291
"04 Södermanlands län","män","F byggindustri","inrikes född",8249,8405,8554,8659,8213,8040,9171,9272,9407,9471,9041,8883
"04 Södermanlands län","män","F byggindustri","utrikes född",1145,1261,1376,1389,1297,1318,1271,1399,1541,1535,1399,1408
"04 Södermanlands län","män","G handel; serviceverkstäder för motorfordon och motorcyklar","totalt",7119,7335,7446,7508,7611,7792,8345,8574,8733,8668,8819,8857
"04 Södermanlands län","män","G handel; serviceverkstäder för motorfordon och motorcyklar","inrikes född",5762,5855,5878,5859,5905,5973,6799,6898,6977,6882,6901,6858
"04 Södermanlands län","män","G handel; serviceverkstäder för motorfordon och motorcyklar","utrikes född",1357,1479,1567,1650,1706,1818,1546,1676,1757,1787,1918,1998
"04 Södermanlands län","män","H transport- och magasineringsföretag","totalt",3699,3729,3816,3892,3978,4021,4351,4399,4470,4529,4581,4683
"04 Södermanlands län","män","H transport- och magasineringsföretag","inrikes född",2607,2562,2512,2543,2564,2500,3112,3094,3026,2998,2992,3001
"04 Södermanlands län","män","H transport- och magasineringsföretag","utrikes född",1091,1167,1303,1349,1414,1522,1239,1306,1444,1531,1590,1681
"04 Södermanlands län","män","I hotell och restauranger","totalt",1759,1810,2022,2045,1965,1956,1801,1804,2075,2103,2011,2010
"04 Södermanlands län","män","I hotell och restauranger","inrikes född",774,809,927,940,939,963,810,830,999,1011,999,1029
"04 Södermanlands län","män","I hotell och restauranger","utrikes född",985,1001,1095,1106,1025,993,991,974,1077,1091,1012,980
"04 Södermanlands län","män","J informations- och kommunikationsföretag","totalt",1033,1022,1081,1129,1062,1101,1804,1860,2043,2161,2084,2118
"04 Södermanlands län","män","J informations- och kommunikationsföretag","inrikes född",973,962,999,1035,976,1011,1608,1652,1784,1869,1799,1823
"04 Södermanlands län","män","J informations- och kommunikationsföretag","utrikes född",60,60,82,95,85,90,197,208,259,291,286,295
"04 Södermanlands län","män","K kreditinstitut och försäkringsbolag m.m.","totalt",397,408,403,410,423,429,676,705,744,767,770,773
"04 Södermanlands län","män","K kreditinstitut och försäkringsbolag m.m.","inrikes född",369,382,377,380,390,392,619,645,671,687,691,691
"04 Södermanlands län","män","K kreditinstitut och försäkringsbolag m.m.","utrikes född",27,26,26,30,32,36,56,59,73,80,80,82
"04 Södermanlands län","män","L fastighetsbolag och fastighetsförvaltare","totalt",1496,1531,1520,1503,1515,1546,1602,1637,1658,1659,1679,1692
"04 Södermanlands län","män","L fastighetsbolag och fastighetsförvaltare","inrikes född",1299,1322,1310,1309,1323,1347,1405,1423,1432,1437,1454,1459
"04 Södermanlands län","män","L fastighetsbolag och fastighetsförvaltare","utrikes född",196,210,209,194,192,201,198,212,227,222,224,234
"04 Södermanlands län","män","M+N företag inom juridik, ekonomi, vetenskap och teknik; företag inom uthyrning, fastighetsservice, resetjänster och andra stödtjänster","totalt",5931,6305,6733,6785,6926,6568,7366,7721,8327,8245,8261,8295
"04 Södermanlands län","män","M+N företag inom juridik, ekonomi, vetenskap och teknik; företag inom uthyrning, fastighetsservice, resetjänster och andra stödtjänster","inrikes född",4581,4772,4932,4925,4963,4749,5701,5853,6132,6036,6069,6149
"04 Södermanlands län","män","M+N företag inom juridik, ekonomi, vetenskap och teknik; företag inom uthyrning, fastighetsservice, resetjänster och andra stödtjänster","utrikes född",1351,1534,1800,1860,1963,1820,1664,1868,2196,2210,2192,2146
"04 Södermanlands län","män","O civila myndigheter och försvaret","totalt",2832,2925,2958,3047,3112,3116,3273,3368,3437,3531,3622,3653
"04 Södermanlands län","män","O civila myndigheter och försvaret","inrikes född",2470,2535,2581,2643,2682,2696,2904,2968,3036,3111,3183,3218
"04 Södermanlands län","män","O civila myndigheter och försvaret","utrikes född",362,390,377,404,430,420,370,401,402,420,440,435
"04 Södermanlands län","män","P utbildningsväsendet","totalt",3503,3457,3549,3610,3492,3356,3657,3596,3668,3718,3605,3516
"04 Södermanlands län","män","P utbildningsväsendet","inrikes född",2791,2696,2722,2786,2730,2639,2917,2812,2826,2884,2844,2761
"04 Södermanlands län","män","P utbildningsväsendet","utrikes född",711,761,827,825,761,718,740,784,843,833,763,755
"04 Södermanlands län","män","Q enheter för vård och omsorg, socialtjänst","totalt",5756,5920,6067,6041,6080,6034,5943,6107,6283,6261,6275,6243
"04 Södermanlands län","män","Q enheter för vård och omsorg, socialtjänst","inrikes född",3859,3894,3857,3719,3709,3667,3973,4001,3971,3856,3846,3816
"04 Södermanlands län","män","Q enheter för vård och omsorg, socialtjänst","utrikes född",1898,2027,2209,2321,2370,2367,1971,2106,2313,2407,2429,2427
"04 Södermanlands län","män","R+S+T+U enheter för kultur, nöje och fritid; andra serviceföretag m.m.","totalt",2077,2155,2287,2255,2213,2203,2270,2349,2492,2502,2462,2433
"04 Södermanlands län","män","R+S+T+U enheter för kultur, nöje och fritid; andra serviceföretag m.m.","inrikes född",1632,1660,1747,1714,1680,1675,1785,1829,1931,1931,1913,1895
"04 Södermanlands län","män","R+S+T+U enheter för kultur, nöje och fritid; andra serviceföretag m.m.","utrikes född",445,497,539,541,532,527,483,519,561,571,549,537
"04 Södermanlands län","män","US uppgift saknas","totalt",78,97,105,109,104,118,170,189,192,190,219,236
"04 Södermanlands län","män","US uppgift saknas","inrikes född",62,79,82,80,81,93,145,159,155,141,173,183
"04 Södermanlands län","män","US uppgift saknas","utrikes född",16,18,23,28,23,26,24,29,38,48,46,53
"04 Södermanlands län","kvinnor","A-U+US Total","totalt",59775,60625,62179,62731,62854,62449,64536,65502,67618,68238,68177,67872
"04 Södermanlands län","kvinnor","A-U+US Total","inrikes född",48581,48736,49321,49214,49033,48441,52578,52772,53773,53745,53472,52962
"04 Södermanlands län","kvinnor","A-U+US Total","utrikes född",11193,11888,12858,13518,13822,14008,11956,12729,13844,14492,14705,14910
"04 Södermanlands län","kvinnor","A företag inom jordbruk, skogsbruk och fiske","totalt",725,749,739,740,763,754,729,745,737,743,759,757
"04 Södermanlands län","kvinnor","A företag inom jordbruk, skogsbruk och fiske","inrikes född",646,673,658,659,682,678,653,667,658,665,681,687
"04 Södermanlands län","kvinnor","A företag inom jordbruk, skogsbruk och fiske","utrikes född",78,76,82,81,81,76,78,78,79,79,78,69
"04 Södermanlands län","kvinnor","B+C tillverkningsindustri; gruvor och mineralutvinningsindustri","totalt",3641,3486,3669,3811,3844,3862,4652,4562,4767,4922,4943,4930
"04 Södermanlands län","kvinnor","B+C tillverkningsindustri; gruvor och mineralutvinningsindustri","inrikes född",2863,2717,2851,2950,2925,2928,3778,3684,3832,3933,3905,3871
"04 Södermanlands län","kvinnor","B+C tillverkningsindustri; gruvor och mineralutvinningsindustri","utrikes född",777,770,817,861,919,935,874,878,935,990,1036,1060
"04 Södermanlands län","kvinnor","D+E företag inom energi och miljö","totalt",288,307,313,370,387,402,327,342,356,417,422,450
"04 Södermanlands län","kvinnor","D+E företag inom energi och miljö","inrikes född",271,286,288,335,350,360,304,315,326,382,387,409
"04 Södermanlands län","kvinnor","D+E företag inom energi och miljö","utrikes född",18,21,25,34,36,42,22,27,29,34,36,42
"04 Södermanlands län","kvinnor","F byggindustri","totalt",876,953,1031,1051,1014,979,963,1033,1128,1162,1116,1109
"04 Södermanlands län","kvinnor","F byggindustri","inrikes född",765,813,869,891,861,835,828,872,941,976,935,923
"04 Södermanlands län","kvinnor","F byggindustri","utrikes född",112,139,161,159,154,145,136,161,187,188,180,184
"04 Södermanlands län","kvinnor","G handel; serviceverkstäder för motorfordon och motorcyklar","totalt",5755,5947,6043,5953,5996,6037,6268,6489,6659,6500,6502,6485
"04 Södermanlands län","kvinnor","G handel; serviceverkstäder för motorfordon och motorcyklar","inrikes född",5061,5184,5214,5113,5146,5167,5521,5658,5759,5608,5597,5575
"04 Södermanlands län","kvinnor","G handel; serviceverkstäder för motorfordon och motorcyklar","utrikes född",692,763,829,840,850,870,748,832,899,893,904,910
"04 Södermanlands län","kvinnor","H transport- och magasineringsföretag","totalt",789,796,833,842,890,884,1003,1031,1057,1074,1097,1120
"04 Södermanlands län","kvinnor","H transport- och magasineringsföretag","inrikes född",684,699,716,699,725,705,861,889,901,896,896,896
"04 Södermanlands län","kvinnor","H transport- och magasineringsföretag","utrikes född",106,97,118,142,165,180,142,143,157,179,201,225
"04 Södermanlands län","kvinnor","I hotell och restauranger","totalt",2078,2178,2565,2565,2477,2486,2159,2209,2655,2675,2607,2588
"04 Södermanlands län","kvinnor","I hotell och restauranger","inrikes född",1518,1584,1844,1805,1734,1738,1574,1603,1897,1890,1836,1815
"04 Södermanlands län","kvinnor","I hotell och restauranger","utrikes född",560,594,720,760,742,748,586,605,758,785,770,773
"04 Södermanlands län","kvinnor","J informations- och kommunikationsföretag","totalt",505,502,508,523,487,513,653,656,721,772,740,761
"04 Södermanlands län","kvinnor","J informations- och kommunikationsföretag","inrikes född",454,456,464,465,435,446,580,573,613,647,623,629
"04 Södermanlands län","kvinnor","J informations- och kommunikationsföretag","utrikes född",51,46,46,57,51,67,74,84,108,123,119,131
"04 Södermanlands län","kvinnor","K kreditinstitut och försäkringsbolag m.m.","totalt",643,636,610,595,607,600,892,905,933,965,990,992
"04 Södermanlands län","kvinnor","K kreditinstitut och försäkringsbolag m.m.","inrikes född",587,578,556,544,552,542,819,824,839,861,883,882
"04 Södermanlands län","kvinnor","K kreditinstitut och försäkringsbolag m.m.","utrikes född",55,59,54,51,55,57,73,81,94,104,107,110
"04 Södermanlands län","kvinnor","L fastighetsbolag och fastighetsförvaltare","totalt",1206,1223,1220,1224,1232,1280,1248,1263,1282,1296,1303,1345
"04 Södermanlands län","kvinnor","L fastighetsbolag och fastighetsförvaltare","inrikes född",979,979,964,966,980,1036,1010,1007,1013,1023,1034,1083
"04 Södermanlands län","kvinnor","L fastighetsbolag och fastighetsförvaltare","utrikes född",226,244,256,259,252,243,238,255,269,275,269,262
"04 Södermanlands län","kvinnor","M+N företag inom juridik, ekonomi, vetenskap och teknik; företag inom uthyrning, fastighetsservice, resetjänster och andra stödtjänster","totalt",4215,4313,4479,4623,4765,4657,5054,5220,5603,5705,5792,5726
"04 Södermanlands län","kvinnor","M+N företag inom juridik, ekonomi, vetenskap och teknik; företag inom uthyrning, fastighetsservice, resetjänster och andra stödtjänster","inrikes född",3264,3349,3434,3505,3545,3392,3948,4071,4323,4323,4340,4238
"04 Södermanlands län","kvinnor","M+N företag inom juridik, ekonomi, vetenskap och teknik; företag inom uthyrning, fastighetsservice, resetjänster och andra stödtjänster","utrikes född",950,964,1045,1119,1221,1267,1106,1149,1281,1385,1452,1489
"04 Södermanlands län","kvinnor","O civila myndigheter och försvaret","totalt",4324,4653,4729,4848,5001,5018,4602,4943,5035,5144,5297,5315
"04 Södermanlands län","kvinnor","O civila myndigheter och försvaret","inrikes född",3849,4115,4212,4328,4461,4477,4112,4390,4512,4619,4752,4765
"04 Södermanlands län","kvinnor","O civila myndigheter och försvaret","utrikes född",475,537,516,520,540,540,490,553,523,524,545,549
"04 Södermanlands län","kvinnor","P utbildningsväsendet","totalt",11264,11317,11569,11830,11509,11143,11613,11590,11850,12089,11774,11392
"04 Södermanlands län","kvinnor","P utbildningsväsendet","inrikes född",9167,9088,9139,9282,9112,8846,9460,9321,9377,9499,9321,9044
"04 Södermanlands län","kvinnor","P utbildningsväsendet","utrikes född",2097,2228,2430,2547,2397,2298,2152,2269,2473,2591,2452,2347
"04 Södermanlands län","kvinnor","Q enheter för vård och omsorg, socialtjänst","totalt",20262,20315,20433,20351,20473,20439,20949,21029,21158,21108,21149,21214
"04 Södermanlands län","kvinnor","Q enheter för vård och omsorg, socialtjänst","inrikes född",15788,15525,15317,14931,14761,14550,16277,16033,15806,15488,15299,15159
"04 Södermanlands län","kvinnor","Q enheter för vård och omsorg, socialtjänst","utrikes född",4475,4788,5118,5420,5711,5891,4671,4999,5353,5620,5851,6054
"04 Södermanlands län","kvinnor","R+S+T+U enheter för kultur, nöje och fritid; andra serviceföretag m.m.","totalt",3127,3170,3351,3295,3289,3259,3316,3381,3568,3532,3536,3523
"04 Södermanlands län","kvinnor","R+S+T+U enheter för kultur, nöje och fritid; andra serviceföretag m.m.","inrikes född",2620,2628,2732,2659,2677,2649,2771,2790,2900,2848,2878,2872
"04 Södermanlands län","kvinnor","R+S+T+U enheter för kultur, nöje och fritid; andra serviceföretag m.m.","utrikes född",508,542,620,636,612,611,545,590,668,683,658,651
"04 Södermanlands län","kvinnor","US uppgift saknas","totalt",77,81,89,112,122,135,108,102,110,132,150,167
"04 Södermanlands län","kvinnor","US uppgift saknas","inrikes född",62,63,66,81,86,95,83,76,78,93,103,115
"04 Södermanlands län","kvinnor","US uppgift saknas","utrikes född",15,19,21,31,37,41,25,27,33,41,47,51
"04 Södermanlands län","totalt","A-U+US Total","totalt",119845,121801,125128,126073,125686,124838,134088,136332,140713,141558,140753,140060
"04 Södermanlands län","totalt","A-U+US Total","inrikes född",96303,96749,97938,97854,97100,95967,108246,108799,110734,110580,109661,108650
"04 Södermanlands län","totalt","A-U+US Total","utrikes född",23542,25053,27190,28219,28585,28871,25843,27534,29979,30978,31093,31409
"04 Södermanlands län","totalt","A företag inom jordbruk, skogsbruk och fiske","totalt",2743,2762,2723,2680,2639,2573,2758,2777,2729,2689,2641,2573
"04 Södermanlands län","totalt","A företag inom jordbruk, skogsbruk och fiske","inrikes född",2551,2574,2523,2480,2448,2390,2565,2585,2530,2493,2457,2397
"04 Södermanlands län","totalt","A företag inom jordbruk, skogsbruk och fiske","utrikes född",192,188,201,200,192,183,194,191,198,197,185,175
"04 Södermanlands län","totalt","B+C tillverkningsindustri; gruvor och mineralutvinningsindustri","totalt",15572,15232,15674,15680,15627,15604,19266,19140,19549,19606,19429,19058
"04 Södermanlands län","totalt","B+C tillverkningsindustri; gruvor och mineralutvinningsindustri","inrikes född",12322,11951,12213,12181,12047,11940,15509,15251,15478,15437,15203,14820
"04 Södermanlands län","totalt","B+C tillverkningsindustri; gruvor och mineralutvinningsindustri","utrikes född",3250,3280,3461,3499,3579,3664,3757,3888,4071,4168,4225,4238
"04 Södermanlands län","totalt","D+E företag inom energi och miljö","totalt",1333,1367,1357,1518,1567,1630,1537,1584,1605,1770,1803,1896
"04 Södermanlands län","totalt","D+E företag inom energi och miljö","inrikes född",1201,1232,1200,1331,1373,1417,1379,1421,1426,1573,1601,1669
"04 Södermanlands län","totalt","D+E företag inom energi och miljö","utrikes född",132,135,158,185,196,213,158,163,179,197,202,229
"04 Södermanlands län","totalt","F byggindustri","totalt",10270,10619,10961,11098,10524,10338,11406,11703,12076,12170,11555,11400
"04 Södermanlands län","totalt","F byggindustri","inrikes född",9013,9219,9422,9551,9074,8875,9999,10144,10346,10446,9976,9808
"04 Södermanlands län","totalt","F byggindustri","utrikes född",1257,1400,1539,1548,1450,1463,1406,1559,1729,1722,1579,1593
"04 Södermanlands län","totalt","G handel; serviceverkstäder för motorfordon och motorcyklar","totalt",12874,13281,13488,13462,13606,13828,14614,15064,15393,15168,15321,15341
"04 Södermanlands län","totalt","G handel; serviceverkstäder för motorfordon och motorcyklar","inrikes född",10824,11039,11094,10972,11050,11140,12319,12555,12737,12489,12498,12434
"04 Södermanlands län","totalt","G handel; serviceverkstäder för motorfordon och motorcyklar","utrikes född",2050,2241,2396,2489,2556,2687,2293,2507,2656,2679,2823,2906
"04 Södermanlands län","totalt","H transport- och magasineringsföretag","totalt",4489,4524,4649,4733,4869,4906,5353,5431,5527,5603,5677,5803
"04 Södermanlands län","totalt","H transport- och magasineringsföretag","inrikes född",3290,3261,3227,3242,3289,3204,3972,3983,3927,3893,3888,3896
"04 Södermanlands län","totalt","H transport- och magasineringsföretag","utrikes född",1198,1263,1421,1491,1580,1701,1381,1448,1601,1711,1790,1907
"04 Södermanlands län","totalt","I hotell och restauranger","totalt",3837,3988,4587,4612,4443,4444,3960,4013,4730,4777,4618,4597
"04 Södermanlands län","totalt","I hotell och restauranger","inrikes född",2293,2393,2773,2746,2674,2702,2382,2433,2896,2901,2836,2844
"04 Södermanlands län","totalt","I hotell och restauranger","utrikes född",1545,1596,1816,1865,1768,1742,1578,1580,1834,1877,1782,1753
"04 Södermanlands län","totalt","J informations- och kommunikationsföretag","totalt",1538,1523,1590,1652,1549,1614,2457,2517,2765,2932,2825,2879
"04 Södermanlands län","totalt","J informations- och kommunikationsföretag","inrikes född",1427,1418,1461,1501,1411,1458,2187,2225,2397,2516,2421,2453
"04 Södermanlands län","totalt","J informations- och kommunikationsföretag","utrikes född",112,106,129,152,138,156,271,292,366,415,404,426
"04 Södermanlands län","totalt","K kreditinstitut och försäkringsbolag m.m.","totalt",1039,1044,1013,1005,1030,1028,1568,1610,1678,1731,1760,1765
"04 Södermanlands län","totalt","K kreditinstitut och försäkringsbolag m.m.","inrikes född",957,960,932,924,942,934,1438,1469,1510,1547,1574,1573
"04 Södermanlands län","totalt","K kreditinstitut och försäkringsbolag m.m.","utrikes född",82,84,81,82,87,94,130,141,167,184,186,193
"04 Södermanlands län","totalt","L fastighetsbolag och fastighetsförvaltare","totalt",2701,2755,2738,2728,2747,2826,2851,2899,2940,2955,2981,3038
"04 Södermanlands län","totalt","L fastighetsbolag och fastighetsförvaltare","inrikes född",2278,2300,2274,2274,2303,2383,2415,2431,2444,2458,2489,2541
"04 Södermanlands län","totalt","L fastighetsbolag och fastighetsförvaltare","utrikes född",422,456,465,454,443,443,435,468,496,496,493,497
"04 Södermanlands län","totalt","M+N företag inom juridik, ekonomi, vetenskap och teknik; företag inom uthyrning, fastighetsservice, resetjänster och andra stödtjänster","totalt",10146,10618,11211,11410,11691,11226,12421,12942,13931,13951,14054,14020
"04 Södermanlands län","totalt","M+N företag inom juridik, ekonomi, vetenskap och teknik; företag inom uthyrning, fastighetsservice, resetjänster och andra stödtjänster","inrikes född",7845,8121,8366,8429,8506,8140,9651,9924,10454,10357,10410,10386
"04 Södermanlands län","totalt","M+N företag inom juridik, ekonomi, vetenskap och teknik; företag inom uthyrning, fastighetsservice, resetjänster och andra stödtjänster","utrikes född",2300,2498,2845,2980,3184,3086,2770,3019,3476,3595,3645,3635
"04 Södermanlands län","totalt","O civila myndigheter och försvaret","totalt",7156,7578,7688,7894,8114,8134,7875,8311,8473,8673,8920,8967
"04 Södermanlands län","totalt","O civila myndigheter och försvaret","inrikes född",6318,6650,6795,6970,7143,7173,7016,7357,7548,7731,7934,7984
"04 Södermanlands län","totalt","O civila myndigheter och försvaret","utrikes född",837,927,893,924,971,960,859,954,926,943,985,985
"04 Södermanlands län","totalt","P utbildningsväsendet","totalt",14766,14773,15117,15439,15001,14501,15270,15187,15518,15807,15380,14907
"04 Södermanlands län","totalt","P utbildningsväsendet","inrikes född",11958,11784,11860,12067,11843,11484,12378,12133,12202,12383,12165,11805
"04 Södermanlands län","totalt","P utbildningsväsendet","utrikes född",2808,2989,3257,3372,3158,3016,2892,3054,3315,3424,3214,3102
"04 Södermanlands län","totalt","Q enheter för vård och omsorg, socialtjänst","totalt",26019,26234,26500,26392,26552,26474,26892,27137,27441,27369,27424,27456
"04 Södermanlands län","totalt","Q enheter för vård och omsorg, socialtjänst","inrikes född",19647,19418,19173,18651,18471,18217,20250,20033,19776,19344,19143,18975
"04 Södermanlands län","totalt","Q enheter för vård och omsorg, socialtjänst","utrikes född",6373,6815,7327,7742,8081,8258,6642,7104,7665,8026,8280,8482
"04 Södermanlands län","totalt","R+S+T+U enheter för kultur, nöje och fritid; andra serviceföretag m.m.","totalt",5204,5325,5637,5551,5502,5460,5584,5729,6061,6033,5998,5956
"04 Södermanlands län","totalt","R+S+T+U enheter för kultur, nöje och fritid; andra serviceföretag m.m.","inrikes född",4252,4287,4479,4374,4357,4324,4557,4620,4831,4780,4791,4767
"04 Södermanlands län","totalt","R+S+T+U enheter för kultur, nöje och fritid; andra serviceföretag m.m.","utrikes född",953,1038,1157,1177,1146,1137,1028,1109,1229,1254,1207,1189
"04 Södermanlands län","totalt","US uppgift saknas","totalt",154,178,193,222,226,255,278,290,303,322,370,404
"04 Södermanlands län","totalt","US uppgift saknas","inrikes född",124,142,148,162,167,187,229,234,231,233,276,299
"04 Södermanlands län","totalt","US uppgift saknas","utrikes född",32,38,44,59,59,67,49,56,71,89,93,104
"05 Östergötlands län","män","A-U+US Total","totalt",115887,117557,120483,121396,120745,120478,117716,119151,122065,123000,122278,122103
"05 Östergötlands län","män","A-U+US Total","inrikes född",96592,97155,98384,98504,97958,97637,98229,98573,99738,99900,99288,99014
"05 Östergötlands län","män","A-U+US Total","utrikes född",19296,20402,22098,22893,22786,22841,19487,20578,22326,23099,22990,23090
"05 Östergötlands län","män","A företag inom jordbruk, skogsbruk och fiske","totalt",3954,3939,3922,3918,3857,3844,3970,3956,3937,3937,3877,3866
"05 Östergötlands län","män","A företag inom jordbruk, skogsbruk och fiske","inrikes född",3708,3709,3666,3647,3589,3550,3735,3728,3685,3669,3611,3577
"05 Östergötlands län","män","A företag inom jordbruk, skogsbruk och fiske","utrikes född",245,231,256,271,267,293,235,227,251,269,265,289
"05 Östergötlands län","män","B+C tillverkningsindustri; gruvor och mineralutvinningsindustri","totalt",23682,23781,24138,24317,24525,24874,23782,23891,24164,24368,24525,24882
"05 Östergötlands län","män","B+C tillverkningsindustri; gruvor och mineralutvinningsindustri","inrikes född",20634,20549,20601,20611,20704,20932,20696,20637,20627,20645,20709,20938
"05 Östergötlands län","män","B+C tillverkningsindustri; gruvor och mineralutvinningsindustri","utrikes född",3048,3232,3538,3706,3822,3943,3086,3256,3536,3724,3816,3943
"05 Östergötlands län","män","D+E företag inom energi och miljö","totalt",1808,1831,1872,1840,1878,1970,1821,1873,1904,1863,1900,2014
"05 Östergötlands län","män","D+E företag inom energi och miljö","inrikes född",1696,1709,1735,1692,1726,1805,1701,1745,1763,1712,1743,1842
"05 Östergötlands län","män","D+E företag inom energi och miljö","utrikes född",112,121,138,147,153,165,117,129,142,151,155,173
"05 Östergötlands län","män","F byggindustri","totalt",13921,13865,14163,14246,13681,13497,13953,13883,14159,14193,13594,13392
"05 Östergötlands län","män","F byggindustri","inrikes född",12571,12509,12675,12708,12308,12139,12611,12500,12645,12658,12228,12017
"05 Östergötlands län","män","F byggindustri","utrikes född",1350,1356,1489,1539,1374,1358,1342,1382,1513,1535,1367,1376
"05 Östergötlands län","män","G handel; serviceverkstäder för motorfordon och motorcyklar","totalt",12596,12686,13001,13342,13276,13207,13088,13206,13571,13922,13834,13788
"05 Östergötlands län","män","G handel; serviceverkstäder för motorfordon och motorcyklar","inrikes född",10552,10558,10751,10927,10848,10767,11055,11054,11272,11464,11371,11317
"05 Östergötlands län","män","G handel; serviceverkstäder för motorfordon och motorcyklar","utrikes född",2043,2129,2250,2416,2427,2440,2033,2151,2300,2458,2464,2471
"05 Östergötlands län","män","H transport- och magasineringsföretag","totalt",7623,7693,7813,7446,7260,7214,7749,7762,7901,7516,7398,7345
"05 Östergötlands län","män","H transport- och magasineringsföretag","inrikes född",5825,5751,5675,5354,5217,5149,5931,5841,5767,5439,5333,5240
"05 Östergötlands län","män","H transport- och magasineringsföretag","utrikes född",1798,1941,2138,2093,2042,2065,1817,1921,2134,2078,2063,2105
"05 Östergötlands län","män","I hotell och restauranger","totalt",3239,3174,3608,3683,3602,3564,3348,3274,3771,3836,3741,3735
"05 Östergötlands län","män","I hotell och restauranger","inrikes född",1541,1529,1788,1839,1807,1818,1624,1610,1892,1935,1897,1918
"05 Östergötlands län","män","I hotell och restauranger","utrikes född",1697,1645,1820,1845,1794,1748,1723,1663,1881,1901,1843,1818
"05 Östergötlands län","män","J informations- och kommunikationsföretag","totalt",6317,6622,6909,7222,7163,7098,6464,6735,7050,7364,7232,7146
"05 Östergötlands län","män","J informations- och kommunikationsföretag","inrikes född",5647,5882,6117,6360,6255,6171,5735,5964,6201,6432,6303,6215
"05 Östergötlands län","män","J informations- och kommunikationsföretag","utrikes född",669,741,792,862,908,927,729,771,850,931,930,931
"05 Östergötlands län","män","K kreditinstitut och försäkringsbolag m.m.","totalt",913,898,930,949,938,942,1020,1021,1075,1094,1084,1101
"05 Östergötlands län","män","K kreditinstitut och försäkringsbolag m.m.","inrikes född",859,846,872,879,866,872,957,957,998,1012,999,1015
"05 Östergötlands län","män","K kreditinstitut och försäkringsbolag m.m.","utrikes född",54,53,58,70,73,72,63,64,77,82,87,85
"05 Östergötlands län","män","L fastighetsbolag och fastighetsförvaltare","totalt",2469,2539,2568,2529,2497,2456,2427,2495,2528,2517,2504,2453
"05 Östergötlands län","män","L fastighetsbolag och fastighetsförvaltare","inrikes född",2205,2243,2228,2213,2194,2140,2182,2211,2191,2194,2186,2138
"05 Östergötlands län","män","L fastighetsbolag och fastighetsförvaltare","utrikes född",263,295,339,316,304,315,245,284,338,324,315,314
"05 Östergötlands län","män","M+N företag inom juridik, ekonomi, vetenskap och teknik; företag inom uthyrning, fastighetsservice, resetjänster och andra stödtjänster","totalt",14974,15893,17334,17344,17365,17179,15006,15817,17167,17264,17332,17136
"05 Östergötlands län","män","M+N företag inom juridik, ekonomi, vetenskap och teknik; företag inom uthyrning, fastighetsservice, resetjänster och andra stödtjänster","inrikes född",12179,12656,13495,13431,13550,13438,12184,12583,13379,13391,13533,13405
"05 Östergötlands län","män","M+N företag inom juridik, ekonomi, vetenskap och teknik; företag inom uthyrning, fastighetsservice, resetjänster och andra stödtjänster","utrikes född",2795,3236,3839,3913,3815,3741,2823,3232,3787,3873,3800,3730
"05 Östergötlands län","män","O civila myndigheter och försvaret","totalt",5909,5999,6109,6468,6658,6824,6191,6248,6322,6641,6826,7028
"05 Östergötlands län","män","O civila myndigheter och försvaret","inrikes född",5254,5338,5436,5724,5946,6082,5529,5577,5642,5903,6112,6286
"05 Östergötlands län","män","O civila myndigheter och försvaret","utrikes född",655,662,674,745,713,742,662,671,680,737,713,743
"05 Östergötlands län","män","P utbildningsväsendet","totalt",6660,6385,5430,5334,5226,5060,6691,6426,5539,5433,5336,5143
"05 Östergötlands län","män","P utbildningsväsendet","inrikes född",5252,5044,4384,4290,4201,4086,5282,5081,4473,4372,4288,4157
"05 Östergötlands län","män","P utbildningsväsendet","utrikes född",1408,1341,1046,1042,1024,974,1408,1344,1066,1060,1047,986
"05 Östergötlands län","män","Q enheter för vård och omsorg, socialtjänst","totalt",8142,8527,8801,8946,9081,8992,8299,8659,8907,9054,9134,9076
"05 Östergötlands län","män","Q enheter för vård och omsorg, socialtjänst","inrikes född",5646,5809,5818,5760,5753,5659,5779,5911,5902,5854,5800,5733
"05 Östergötlands län","män","Q enheter för vård och omsorg, socialtjänst","utrikes född",2495,2719,2984,3185,3329,3332,2521,2747,3005,3200,3334,3342
"05 Östergötlands län","män","R+S+T+U enheter för kultur, nöje och fritid; andra serviceföretag m.m.","totalt",3573,3637,3790,3724,3645,3678,3624,3654,3842,3793,3708,3744
"05 Östergötlands län","män","R+S+T+U enheter för kultur, nöje och fritid; andra serviceföretag m.m.","inrikes född",2931,2951,3071,3004,2935,2974,2987,2971,3119,3060,2988,3028
"05 Östergötlands län","män","R+S+T+U enheter för kultur, nöje och fritid; andra serviceföretag m.m.","utrikes född",642,686,718,720,710,705,638,684,723,733,720,716
"05 Östergötlands län","män","US uppgift saknas","totalt",112,88,92,90,93,79,284,254,228,204,253,255
"05 Östergötlands län","män","US uppgift saknas","inrikes född",90,72,75,69,61,56,239,204,182,158,184,191
"05 Östergötlands län","män","US uppgift saknas","utrikes född",22,15,16,21,32,23,44,49,46,45,70,65
"05 Östergötlands län","kvinnor","A-U+US Total","totalt",104194,105822,108617,109927,110098,109805,105471,107063,110061,111441,111618,111352
"05 Östergötlands län","kvinnor","A-U+US Total","inrikes född",87856,88487,89866,90191,89912,89395,89033,89664,91105,91511,91222,90729
"05 Östergötlands län","kvinnor","A-U+US Total","utrikes född",16338,17333,18750,19738,20186,20409,16436,17400,18955,19930,20396,20623
"05 Östergötlands län","kvinnor","A företag inom jordbruk, skogsbruk och fiske","totalt",1263,1317,1339,1326,1297,1320,1247,1320,1340,1333,1306,1326
"05 Östergötlands län","kvinnor","A företag inom jordbruk, skogsbruk och fiske","inrikes född",1173,1234,1256,1246,1207,1214,1163,1238,1256,1252,1221,1223
"05 Östergötlands län","kvinnor","A företag inom jordbruk, skogsbruk och fiske","utrikes född",90,83,83,80,91,106,84,82,83,81,87,102
"05 Östergötlands län","kvinnor","B+C tillverkningsindustri; gruvor och mineralutvinningsindustri","totalt",6501,6637,6818,6947,7235,7617,6636,6785,6984,7150,7405,7782
"05 Östergötlands län","kvinnor","B+C tillverkningsindustri; gruvor och mineralutvinningsindustri","inrikes född",5795,5887,6030,6110,6326,6642,5919,6024,6174,6281,6472,6783
"05 Östergötlands län","kvinnor","B+C tillverkningsindustri; gruvor och mineralutvinningsindustri","utrikes född",705,751,789,837,908,975,716,760,809,869,932,1001
"05 Östergötlands län","kvinnor","D+E företag inom energi och miljö","totalt",638,671,701,785,827,861,648,686,712,808,845,878
"05 Östergötlands län","kvinnor","D+E företag inom energi och miljö","inrikes född",604,633,660,741,778,811,613,649,671,764,795,825
"05 Östergötlands län","kvinnor","D+E företag inom energi och miljö","utrikes född",32,39,41,44,49,50,35,38,40,45,50,51
"05 Östergötlands län","kvinnor","F byggindustri","totalt",1327,1291,1331,1383,1373,1387,1354,1321,1361,1409,1399,1397
"05 Östergötlands län","kvinnor","F byggindustri","inrikes född",1189,1150,1171,1228,1230,1250,1217,1179,1202,1254,1251,1257
"05 Östergötlands län","kvinnor","F byggindustri","utrikes född",137,141,160,155,143,137,137,142,160,155,148,140
"05 Östergötlands län","kvinnor","G handel; serviceverkstäder för motorfordon och motorcyklar","totalt",9647,9779,9984,10053,10006,10074,9865,10042,10337,10436,10343,10421
"05 Östergötlands län","kvinnor","G handel; serviceverkstäder för motorfordon och motorcyklar","inrikes född",8650,8729,8890,8936,8885,8921,8873,8988,9213,9283,9199,9236
"05 Östergötlands län","kvinnor","G handel; serviceverkstäder för motorfordon och motorcyklar","utrikes född",997,1049,1092,1118,1122,1154,994,1055,1123,1154,1144,1183
"05 Östergötlands län","kvinnor","H transport- och magasineringsföretag","totalt",2122,2126,2158,2091,2097,2101,2138,2120,2160,2097,2104,2098
"05 Östergötlands län","kvinnor","H transport- och magasineringsföretag","inrikes född",1917,1906,1910,1826,1833,1837,1929,1901,1907,1826,1834,1831
"05 Östergötlands län","kvinnor","H transport- och magasineringsföretag","utrikes född",204,221,249,265,263,265,209,221,254,270,268,267
"05 Östergötlands län","kvinnor","I hotell och restauranger","totalt",3501,3550,4171,4258,4339,4362,3608,3684,4371,4444,4506,4567
"05 Östergötlands län","kvinnor","I hotell och restauranger","inrikes född",2592,2610,3013,3023,3065,3065,2672,2721,3167,3178,3202,3207
"05 Östergötlands län","kvinnor","I hotell och restauranger","utrikes född",910,941,1158,1234,1272,1298,936,963,1204,1265,1304,1359
"05 Östergötlands län","kvinnor","J informations- och kommunikationsföretag","totalt",2070,2184,2270,2493,2509,2473,2149,2215,2332,2514,2519,2487
"05 Östergötlands län","kvinnor","J informations- och kommunikationsföretag","inrikes född",1809,1892,1946,2112,2096,2072,1871,1913,1989,2120,2093,2083
"05 Östergötlands län","kvinnor","J informations- och kommunikationsföretag","utrikes född",262,294,324,381,412,400,277,301,344,394,426,404
"05 Östergötlands län","kvinnor","K kreditinstitut och försäkringsbolag m.m.","totalt",1265,1284,1329,1346,1381,1390,1346,1369,1405,1444,1470,1487
"05 Östergötlands län","kvinnor","K kreditinstitut och försäkringsbolag m.m.","inrikes född",1175,1192,1226,1240,1274,1285,1251,1269,1289,1327,1353,1372
"05 Östergötlands län","kvinnor","K kreditinstitut och försäkringsbolag m.m.","utrikes född",91,93,103,107,106,106,96,101,117,118,117,115
"05 Östergötlands län","kvinnor","L fastighetsbolag och fastighetsförvaltare","totalt",1481,1627,1686,1685,1625,1582,1440,1593,1654,1671,1617,1569
"05 Östergötlands län","kvinnor","L fastighetsbolag och fastighetsförvaltare","inrikes född",1356,1450,1477,1464,1400,1377,1327,1426,1453,1459,1396,1369
"05 Östergötlands län","kvinnor","L fastighetsbolag och fastighetsförvaltare","utrikes född",125,178,210,220,224,205,112,168,202,212,220,200
"05 Östergötlands län","kvinnor","M+N företag inom juridik, ekonomi, vetenskap och teknik; företag inom uthyrning, fastighetsservice, resetjänster och andra stödtjänster","totalt",10430,11038,12505,12743,12751,12765,10498,11071,12445,12737,12773,12755
"05 Östergötlands län","kvinnor","M+N företag inom juridik, ekonomi, vetenskap och teknik; företag inom uthyrning, fastighetsservice, resetjänster och andra stödtjänster","inrikes född",8317,8711,9754,9831,9789,9731,8344,8695,9639,9781,9774,9705
"05 Östergötlands län","kvinnor","M+N företag inom juridik, ekonomi, vetenskap och teknik; företag inom uthyrning, fastighetsservice, resetjänster och andra stödtjänster","utrikes född",2113,2328,2753,2912,2962,3035,2154,2375,2806,2955,3000,3050
"05 Östergötlands län","kvinnor","O civila myndigheter och försvaret","totalt",8610,8627,8826,9422,9834,9907,8673,8717,8878,9398,9839,9929
"05 Östergötlands län","kvinnor","O civila myndigheter och försvaret","inrikes född",7503,7499,7670,8145,8582,8722,7563,7586,7725,8132,8588,8750
"05 Östergötlands län","kvinnor","O civila myndigheter och försvaret","utrikes född",1106,1128,1155,1278,1251,1185,1112,1132,1154,1266,1251,1179
"05 Östergötlands län","kvinnor","P utbildningsväsendet","totalt",18882,18655,17853,17716,17214,16841,18965,18709,17990,17872,17383,16996
"05 Östergötlands län","kvinnor","P utbildningsväsendet","inrikes född",15954,15655,14834,14568,14141,13850,16038,15733,14972,14716,14287,13979
"05 Östergötlands län","kvinnor","P utbildningsväsendet","utrikes född",2926,3000,3019,3147,3073,2992,2927,2977,3018,3156,3095,3018
"05 Östergötlands län","kvinnor","Q enheter för vård och omsorg, socialtjänst","totalt",31279,31863,32164,32171,32051,31584,31587,32136,32473,32455,32408,31956
"05 Östergötlands län","kvinnor","Q enheter för vård och omsorg, socialtjänst","inrikes född",25359,25536,25358,25083,24625,23960,25666,25826,25655,25354,24950,24302
"05 Östergötlands län","kvinnor","Q enheter för vård och omsorg, socialtjänst","utrikes född",5921,6329,6806,7088,7425,7624,5922,6309,6818,7101,7457,7654
"05 Östergötlands län","kvinnor","R+S+T+U enheter för kultur, nöje och fritid; andra serviceföretag m.m.","totalt",5105,5111,5415,5430,5467,5450,5184,5182,5519,5557,5557,5566
"05 Östergötlands län","kvinnor","R+S+T+U enheter för kultur, nöje och fritid; andra serviceföretag m.m.","inrikes född",4399,4354,4625,4593,4626,4608,4475,4427,4722,4705,4716,4717
"05 Östergötlands län","kvinnor","R+S+T+U enheter för kultur, nöje och fritid; andra serviceföretag m.m.","utrikes född",706,755,790,837,841,842,709,756,797,851,841,848
"05 Östergötlands län","kvinnor","US uppgift saknas","totalt",71,61,67,78,95,88,132,109,101,115,146,140
"05 Östergötlands län","kvinnor","US uppgift saknas","inrikes född",63,51,50,45,53,53,114,89,74,74,90,90
"05 Östergötlands län","kvinnor","US uppgift saknas","utrikes född",8,9,18,32,42,37,17,20,28,42,57,50
"05 Östergötlands län","totalt","A-U+US Total","totalt",220081,223378,229099,231325,230843,230284,223186,226215,232124,234440,233897,233455
"05 Östergötlands län","totalt","A-U+US Total","inrikes född",184448,185642,188252,188695,187871,187032,187263,188238,190842,191412,190511,189743
"05 Östergötlands län","totalt","A-U+US Total","utrikes född",35633,37735,40848,42629,42972,43251,35923,37978,41282,43030,43386,43713
"05 Östergötlands län","totalt","A företag inom jordbruk, skogsbruk och fiske","totalt",5217,5256,5260,5244,5153,5163,5218,5277,5277,5271,5183,5190
"05 Östergötlands län","totalt","A företag inom jordbruk, skogsbruk och fiske","inrikes född",4882,4943,4921,4892,4796,4764,4898,4967,4944,4921,4831,4801
"05 Östergötlands län","totalt","A företag inom jordbruk, skogsbruk och fiske","utrikes född",335,314,339,351,357,399,318,310,334,350,352,390
"05 Östergötlands län","totalt","B+C tillverkningsindustri; gruvor och mineralutvinningsindustri","totalt",30183,30418,30957,31264,31761,32492,30418,30677,31148,31518,31929,32665
"05 Östergötlands län","totalt","B+C tillverkningsindustri; gruvor och mineralutvinningsindustri","inrikes född",26430,26435,26630,26720,27030,27574,26615,26661,26802,26927,27181,27720
"05 Östergötlands län","totalt","B+C tillverkningsindustri; gruvor och mineralutvinningsindustri","utrikes född",3753,3983,4327,4545,4731,4918,3803,4016,4346,4591,4748,4943
"05 Östergötlands län","totalt","D+E företag inom energi och miljö","totalt",2447,2502,2573,2625,2704,2832,2468,2560,2616,2673,2743,2891
"05 Östergötlands län","totalt","D+E företag inom energi och miljö","inrikes född",2302,2343,2394,2433,2504,2616,2316,2394,2433,2476,2538,2667
"05 Östergötlands län","totalt","D+E företag inom energi och miljö","utrikes född",145,158,178,192,201,216,153,166,183,195,206,224
"05 Östergötlands län","totalt","F byggindustri","totalt",15247,15156,15495,15629,15056,14884,15306,15204,15519,15602,14994,14789
"05 Östergötlands län","totalt","F byggindustri","inrikes född",13761,13659,13847,13935,13538,13388,13827,13679,13846,13912,13481,13275
"05 Östergötlands län","totalt","F byggindustri","utrikes född",1486,1496,1648,1695,1518,1495,1479,1524,1673,1690,1514,1515
"05 Östergötlands län","totalt","G handel; serviceverkstäder för motorfordon och motorcyklar","totalt",22243,22465,22985,23396,23283,23281,22953,23248,23909,24358,24178,24208
"05 Östergötlands län","totalt","G handel; serviceverkstäder för motorfordon och motorcyklar","inrikes född",19202,19287,19641,19863,19733,19688,19927,20041,20486,20747,20571,20553
"05 Östergötlands län","totalt","G handel; serviceverkstäder för motorfordon och motorcyklar","utrikes född",3041,3178,3343,3534,3548,3594,3026,3207,3423,3612,3607,3655
"05 Östergötlands län","totalt","H transport- och magasineringsföretag","totalt",9746,9819,9973,9538,9356,9316,9887,9884,10061,9612,9501,9443
"05 Östergötlands län","totalt","H transport- och magasineringsföretag","inrikes född",7742,7657,7584,7180,7051,6986,7860,7741,7674,7265,7169,7071
"05 Östergötlands län","totalt","H transport- och magasineringsföretag","utrikes född",2004,2162,2388,2359,2306,2330,2028,2141,2387,2347,2332,2372
"05 Östergötlands län","totalt","I hotell och restauranger","totalt",6739,6724,7779,7941,7941,7928,6956,6958,8142,8280,8248,8302
"05 Östergötlands län","totalt","I hotell och restauranger","inrikes född",4132,4139,4801,4862,4873,4883,4297,4331,5058,5114,5099,5125
"05 Östergötlands län","totalt","I hotell och restauranger","utrikes född",2606,2585,2978,3080,3068,3045,2659,2627,3083,3166,3148,3176
"05 Östergötlands län","totalt","J informations- och kommunikationsföretag","totalt",8386,8807,9179,9715,9671,9570,8613,8948,9382,9878,9751,9633
"05 Östergötlands län","totalt","J informations- och kommunikationsföretag","inrikes född",7457,7773,8061,8472,8352,8245,7607,7877,8189,8554,8396,8298
"05 Östergötlands län","totalt","J informations- och kommunikationsföretag","utrikes född",931,1035,1117,1244,1320,1326,1006,1072,1193,1324,1356,1335
"05 Östergötlands län","totalt","K kreditinstitut och försäkringsbolag m.m.","totalt",2178,2183,2257,2295,2318,2334,2367,2391,2480,2539,2554,2588
"05 Östergötlands län","totalt","K kreditinstitut och försäkringsbolag m.m.","inrikes född",2034,2036,2098,2118,2139,2156,2207,2225,2286,2339,2353,2386
"05 Östergötlands län","totalt","K kreditinstitut och försäkringsbolag m.m.","utrikes född",144,146,161,177,179,178,160,166,194,199,203,201
"05 Östergötlands län","totalt","L fastighetsbolag och fastighetsförvaltare","totalt",3950,4165,4254,4214,4122,4037,3866,4088,4184,4189,4122,4022
"05 Östergötlands län","totalt","L fastighetsbolag och fastighetsförvaltare","inrikes född",3559,3693,3705,3678,3593,3517,3510,3636,3644,3654,3584,3508
"05 Östergötlands län","totalt","L fastighetsbolag och fastighetsförvaltare","utrikes född",389,473,549,536,528,520,357,452,539,535,536,514
"05 Östergötlands län","totalt","M+N företag inom juridik, ekonomi, vetenskap och teknik; företag inom uthyrning, fastighetsservice, resetjänster och andra stödtjänster","totalt",25404,26931,29840,30086,30116,29944,25505,26887,29611,30001,30105,29891
"05 Östergötlands län","totalt","M+N företag inom juridik, ekonomi, vetenskap och teknik; företag inom uthyrning, fastighetsservice, resetjänster och andra stödtjänster","inrikes född",20496,21367,23247,23261,23339,23168,20529,21278,23019,23173,23305,23110
"05 Östergötlands län","totalt","M+N företag inom juridik, ekonomi, vetenskap och teknik; företag inom uthyrning, fastighetsservice, resetjänster och andra stödtjänster","utrikes född",4908,5564,6592,6825,6777,6778,4977,5610,6593,6828,6800,6781
"05 Östergötlands län","totalt","O civila myndigheter och försvaret","totalt",14518,14627,14935,15892,16493,16730,14863,14966,15200,16039,16665,16957
"05 Östergötlands län","totalt","O civila myndigheter och försvaret","inrikes född",12757,12836,13106,13868,14529,14803,13091,13163,13365,14035,14701,15035
"05 Östergötlands län","totalt","O civila myndigheter och försvaret","utrikes född",1761,1791,1829,2023,1964,1926,1773,1803,1835,2003,1964,1923
"05 Östergötlands län","totalt","P utbildningsväsendet","totalt",25541,25039,23283,23048,22439,21900,25655,25135,23528,23305,22719,22140
"05 Östergötlands län","totalt","P utbildningsväsendet","inrikes född",21205,20699,19218,18860,18343,17935,21320,20814,19445,19089,18576,18135
"05 Östergötlands län","totalt","P utbildningsväsendet","utrikes född",4336,4340,4064,4191,4097,3965,4335,4322,4084,4216,4143,4005
"05 Östergötlands län","totalt","Q enheter för vård och omsorg, socialtjänst","totalt",39422,40390,40966,41117,41133,40577,39887,40796,41380,41509,41542,41031
"05 Östergötlands län","totalt","Q enheter för vård och omsorg, socialtjänst","inrikes född",31005,31344,31176,30845,30378,29620,31444,31738,31558,31209,30750,30034
"05 Östergötlands län","totalt","Q enheter för vård och omsorg, socialtjänst","utrikes född",8417,9046,9790,10272,10754,10957,8443,9058,9823,10300,10793,10997
"05 Östergötlands län","totalt","R+S+T+U enheter för kultur, nöje och fritid; andra serviceföretag m.m.","totalt",8678,8748,9205,9155,9112,9129,8809,8835,9360,9350,9263,9310
"05 Östergötlands län","totalt","R+S+T+U enheter för kultur, nöje och fritid; andra serviceföretag m.m.","inrikes född",7330,7307,7696,7597,7560,7583,7462,7398,7840,7765,7703,7746
"05 Östergötlands län","totalt","R+S+T+U enheter för kultur, nöje och fritid; andra serviceföretag m.m.","utrikes född",1349,1441,1509,1558,1552,1546,1347,1438,1519,1584,1560,1565
"05 Östergötlands län","totalt","US uppgift saknas","totalt",182,149,161,167,188,168,414,362,329,318,399,394
"05 Östergötlands län","totalt","US uppgift saknas","inrikes född",153,124,127,113,113,109,354,292,255,231,274,281
"05 Östergötlands län","totalt","US uppgift saknas","utrikes född",30,24,35,54,75,60,61,69,73,86,126,115
"06 Jönköpings län","män","A-U+US Total","totalt",97305,98769,100943,100817,99248,99213,96240,97763,100053,100020,98653,98711
"06 Jönköpings län","män","A-U+US Total","inrikes född",78360,78528,79143,78823,77753,77541,77499,77763,78442,78105,77140,76995
"06 Jönköpings län","män","A-U+US Total","utrikes född",18945,20239,21799,21995,21496,21672,18742,20001,21611,21916,21513,21715
"06 Jönköpings län","män","A företag inom jordbruk, skogsbruk och fiske","totalt",4147,4078,3967,3931,3849,3850,4111,4063,3958,3913,3833,3820
"06 Jönköpings län","män","A företag inom jordbruk, skogsbruk och fiske","inrikes född",4016,3947,3849,3809,3728,3714,3972,3922,3831,3781,3706,3684
"06 Jönköpings län","män","A företag inom jordbruk, skogsbruk och fiske","utrikes född",131,132,118,123,121,135,139,142,127,131,128,136
"06 Jönköpings län","män","B+C tillverkningsindustri; gruvor och mineralutvinningsindustri","totalt",28733,29008,29717,29306,28365,28267,27915,28092,28802,28404,27519,27314
"06 Jönköpings län","män","B+C tillverkningsindustri; gruvor och mineralutvinningsindustri","inrikes född",22341,22266,22348,21884,21226,21113,21666,21546,21640,21165,20520,20321
"06 Jönköpings län","män","B+C tillverkningsindustri; gruvor och mineralutvinningsindustri","utrikes född",6392,6741,7369,7423,7138,7154,6249,6546,7162,7240,7000,6993
"06 Jönköpings län","män","D+E företag inom energi och miljö","totalt",1390,1498,1533,1523,1611,1632,1425,1533,1594,1574,1634,1645
"06 Jönköpings län","män","D+E företag inom energi och miljö","inrikes född",1290,1393,1428,1412,1481,1500,1298,1396,1456,1436,1482,1491
"06 Jönköpings län","män","D+E företag inom energi och miljö","utrikes född",100,106,106,110,129,132,128,136,136,139,152,154
"06 Jönköpings län","män","F byggindustri","totalt",10239,10251,10467,10622,10242,10125,10082,10118,10363,10545,10144,10023
"06 Jönköpings län","män","F byggindustri","inrikes född",9340,9344,9454,9572,9279,9192,9199,9218,9346,9478,9165,9074
"06 Jönköpings län","män","F byggindustri","utrikes född",899,907,1013,1050,963,934,885,898,1017,1067,978,949
"06 Jönköpings län","män","G handel; serviceverkstäder för motorfordon och motorcyklar","totalt",12616,12867,13147,12994,12902,12804,12446,12753,12958,12794,12741,12729
"06 Jönköpings län","män","G handel; serviceverkstäder för motorfordon och motorcyklar","inrikes född",10605,10687,10938,10940,10831,10731,10487,10620,10790,10773,10696,10658
"06 Jönköpings län","män","G handel; serviceverkstäder för motorfordon och motorcyklar","utrikes född",2011,2181,2209,2054,2071,2073,1959,2133,2167,2021,2044,2071
"06 Jönköpings län","män","H transport- och magasineringsföretag","totalt",7932,8079,8192,8404,8284,8213,7863,8004,8069,8319,8211,8208
"06 Jönköpings län","män","H transport- och magasineringsföretag","inrikes född",5812,5788,5691,5687,5576,5425,5773,5734,5605,5581,5455,5373
"06 Jönköpings län","män","H transport- och magasineringsföretag","utrikes född",2119,2290,2502,2717,2708,2788,2091,2270,2465,2737,2756,2835
"06 Jönköpings län","män","I hotell och restauranger","totalt",2123,2067,2306,2422,2384,2404,2116,2094,2354,2476,2440,2436
"06 Jönköpings län","män","I hotell och restauranger","inrikes född",956,937,1071,1140,1145,1164,962,961,1109,1173,1182,1182
"06 Jönköpings län","män","I hotell och restauranger","utrikes född",1166,1129,1235,1281,1239,1240,1155,1133,1245,1303,1258,1255
"06 Jönköpings län","män","J informations- och kommunikationsföretag","totalt",2254,2233,2315,2332,2315,2338,2335,2355,2479,2585,2601,2602
"06 Jönköpings län","män","J informations- och kommunikationsföretag","inrikes född",2053,2029,2093,2091,2071,2078,2112,2136,2240,2312,2306,2294
"06 Jönköpings län","män","J informations- och kommunikationsföretag","utrikes född",200,205,221,241,245,259,223,219,238,274,295,308
"06 Jönköpings län","män","K kreditinstitut och försäkringsbolag m.m.","totalt",483,456,467,454,459,443,581,566,578,567,575,561
"06 Jönköpings län","män","K kreditinstitut och försäkringsbolag m.m.","inrikes född",450,423,432,418,424,407,530,516,529,520,530,517
"06 Jönköpings län","män","K kreditinstitut och försäkringsbolag m.m.","utrikes född",33,33,34,36,36,36,51,50,49,46,46,44
"06 Jönköpings län","män","L fastighetsbolag och fastighetsförvaltare","totalt",1744,1711,1733,1768,1745,1708,1749,1721,1741,1760,1751,1700
"06 Jönköpings län","män","L fastighetsbolag och fastighetsförvaltare","inrikes född",1556,1526,1549,1583,1552,1524,1550,1533,1552,1572,1557,1514
"06 Jönköpings län","män","L fastighetsbolag och fastighetsförvaltare","utrikes född",188,184,183,185,194,185,198,189,189,188,193,187
"06 Jönköpings län","män","M+N företag inom juridik, ekonomi, vetenskap och teknik; företag inom uthyrning, fastighetsservice, resetjänster och andra stödtjänster","totalt",8326,9128,9559,9338,9026,9279,8315,9095,9611,9349,9059,9367
"06 Jönköpings län","män","M+N företag inom juridik, ekonomi, vetenskap och teknik; företag inom uthyrning, fastighetsservice, resetjänster och andra stödtjänster","inrikes född",6173,6454,6540,6503,6493,6713,6200,6481,6613,6550,6531,6775
"06 Jönköpings län","män","M+N företag inom juridik, ekonomi, vetenskap och teknik; företag inom uthyrning, fastighetsservice, resetjänster och andra stödtjänster","utrikes född",2154,2674,3020,2836,2533,2565,2115,2614,2998,2799,2528,2592
"06 Jönköpings län","män","O civila myndigheter och försvaret","totalt",3882,3870,3926,4040,4141,4350,3961,3952,3987,4085,4207,4426
"06 Jönköpings län","män","O civila myndigheter och försvaret","inrikes född",3495,3494,3542,3649,3744,3907,3577,3573,3592,3689,3804,3984
"06 Jönköpings län","män","O civila myndigheter och försvaret","utrikes född",387,375,386,391,398,444,385,379,396,396,403,441
"06 Jönköpings län","män","P utbildningsväsendet","totalt",4174,4154,4176,4213,4231,4136,4064,4050,4069,4124,4136,4074
"06 Jönköpings län","män","P utbildningsväsendet","inrikes född",3445,3429,3426,3458,3478,3404,3360,3350,3349,3400,3418,3371
"06 Jönköpings län","män","P utbildningsväsendet","utrikes född",730,724,751,754,754,731,704,700,720,725,718,705
"06 Jönköpings län","män","Q enheter för vård och omsorg, socialtjänst","totalt",6597,6657,6629,6693,6884,6850,6520,6585,6585,6645,6858,6834
"06 Jönköpings län","män","Q enheter för vård och omsorg, socialtjänst","inrikes född",4632,4611,4520,4459,4480,4410,4556,4546,4476,4417,4462,4406
"06 Jönköpings län","män","Q enheter för vård och omsorg, socialtjänst","utrikes född",1964,2047,2107,2233,2404,2439,1963,2040,2109,2228,2396,2429
"06 Jönköpings län","män","R+S+T+U enheter för kultur, nöje och fritid; andra serviceföretag m.m.","totalt",2559,2574,2680,2648,2667,2664,2555,2542,2672,2665,2683,2682
"06 Jönköpings län","män","R+S+T+U enheter för kultur, nöje och fritid; andra serviceföretag m.m.","inrikes född",2109,2088,2160,2112,2130,2139,2105,2062,2152,2117,2138,2148
"06 Jönköpings län","män","R+S+T+U enheter för kultur, nöje och fritid; andra serviceföretag m.m.","utrikes född",449,485,520,536,537,525,450,481,519,548,546,533
"06 Jönköpings län","män","US uppgift saknas","totalt",104,141,130,130,144,153,203,242,233,216,260,291
"06 Jönköpings län","män","US uppgift saknas","inrikes född",83,110,106,104,117,121,152,170,161,143,188,206
"06 Jönköpings län","män","US uppgift saknas","utrikes född",22,29,24,25,26,33,50,72,71,73,73,86
"06 Jönköpings län","kvinnor","A-U+US Total","totalt",85906,86760,89097,89787,89361,89209,84769,85782,88087,88909,88537,88449
"06 Jönköpings län","kvinnor","A-U+US Total","inrikes född",70670,70768,71706,71664,71063,70630,69680,69907,70788,70818,70247,69923
"06 Jönköpings län","kvinnor","A-U+US Total","utrikes född",15238,15992,17390,18123,18299,18579,15090,15874,17298,18091,18290,18526
"06 Jönköpings län","kvinnor","A företag inom jordbruk, skogsbruk och fiske","totalt",1341,1360,1325,1342,1350,1345,1337,1360,1329,1337,1341,1338
"06 Jönköpings län","kvinnor","A företag inom jordbruk, skogsbruk och fiske","inrikes född",1303,1317,1279,1290,1300,1294,1295,1312,1281,1282,1284,1285
"06 Jönköpings län","kvinnor","A företag inom jordbruk, skogsbruk och fiske","utrikes född",38,43,47,51,49,50,42,48,49,55,58,53
"06 Jönköpings län","kvinnor","B+C tillverkningsindustri; gruvor och mineralutvinningsindustri","totalt",10465,10643,11031,10928,10596,10593,10173,10309,10694,10604,10277,10197
"06 Jönköpings län","kvinnor","B+C tillverkningsindustri; gruvor och mineralutvinningsindustri","inrikes född",8044,8095,8262,8143,7882,7863,7794,7810,7975,7871,7609,7540
"06 Jönköpings län","kvinnor","B+C tillverkningsindustri; gruvor och mineralutvinningsindustri","utrikes född",2421,2548,2770,2786,2713,2731,2378,2499,2720,2733,2668,2657
"06 Jönköpings län","kvinnor","D+E företag inom energi och miljö","totalt",370,391,406,433,466,466,361,390,414,442,471,472
"06 Jönköpings län","kvinnor","D+E företag inom energi och miljö","inrikes född",346,367,380,408,432,430,339,367,386,412,436,435
"06 Jönköpings län","kvinnor","D+E företag inom energi och miljö","utrikes född",25,26,27,24,34,35,23,23,27,29,35,36
"06 Jönköpings län","kvinnor","F byggindustri","totalt",919,949,962,1013,985,989,921,940,958,1012,978,980
"06 Jönköpings län","kvinnor","F byggindustri","inrikes född",827,863,870,912,896,901,829,853,870,911,888,892
"06 Jönköpings län","kvinnor","F byggindustri","utrikes född",91,86,92,101,90,89,92,85,88,101,91,89
"06 Jönköpings län","kvinnor","G handel; serviceverkstäder för motorfordon och motorcyklar","totalt",9123,9349,9722,9686,9564,9504,8948,9201,9507,9506,9402,9425
"06 Jönköpings län","kvinnor","G handel; serviceverkstäder för motorfordon och motorcyklar","inrikes född",8039,8209,8504,8489,8379,8306,7869,8069,8311,8313,8229,8229
"06 Jönköpings län","kvinnor","G handel; serviceverkstäder för motorfordon och motorcyklar","utrikes född",1085,1140,1218,1197,1185,1198,1079,1132,1197,1193,1173,1196
"06 Jönköpings län","kvinnor","H transport- och magasineringsföretag","totalt",2395,2497,2510,2545,2429,2357,2309,2417,2442,2460,2369,2335
"06 Jönköpings län","kvinnor","H transport- och magasineringsföretag","inrikes född",2033,2108,2084,2079,1972,1917,1967,2051,2033,2007,1919,1893
"06 Jönköpings län","kvinnor","H transport- och magasineringsföretag","utrikes född",362,389,425,466,457,439,340,367,409,454,449,442
"06 Jönköpings län","kvinnor","I hotell och restauranger","totalt",2492,2404,2918,3087,3058,3080,2453,2398,2972,3122,3087,3079
"06 Jönköpings län","kvinnor","I hotell och restauranger","inrikes född",1780,1715,2056,2138,2087,2049,1759,1710,2101,2164,2108,2057
"06 Jönköpings län","kvinnor","I hotell och restauranger","utrikes född",712,689,863,947,969,1031,693,688,872,958,980,1021
"06 Jönköpings län","kvinnor","J informations- och kommunikationsföretag","totalt",803,770,778,781,783,785,805,807,843,885,885,882
"06 Jönköpings län","kvinnor","J informations- och kommunikationsföretag","inrikes född",730,694,691,684,675,672,730,722,739,773,758,749
"06 Jönköpings län","kvinnor","J informations- och kommunikationsföretag","utrikes född",73,76,88,97,108,113,75,84,105,113,127,135
"06 Jönköpings län","kvinnor","K kreditinstitut och försäkringsbolag m.m.","totalt",525,508,516,539,561,532,588,576,581,614,654,621
"06 Jönköpings län","kvinnor","K kreditinstitut och försäkringsbolag m.m.","inrikes född",503,485,488,508,529,500,560,546,547,576,613,581
"06 Jönköpings län","kvinnor","K kreditinstitut och försäkringsbolag m.m.","utrikes född",23,24,27,31,31,30,29,30,33,38,40,40
"06 Jönköpings län","kvinnor","L fastighetsbolag och fastighetsförvaltare","totalt",957,952,970,1015,961,950,956,956,974,1014,950,952
"06 Jönköpings län","kvinnor","L fastighetsbolag och fastighetsförvaltare","inrikes född",823,805,810,841,827,818,820,805,812,838,815,819
"06 Jönköpings län","kvinnor","L fastighetsbolag och fastighetsförvaltare","utrikes född",133,148,160,173,133,132,136,151,162,176,135,134
"06 Jönköpings län","kvinnor","M+N företag inom juridik, ekonomi, vetenskap och teknik; företag inom uthyrning, fastighetsservice, resetjänster och andra stödtjänster","totalt",6155,6404,6714,6671,6563,6660,6169,6433,6785,6744,6647,6770
"06 Jönköpings län","kvinnor","M+N företag inom juridik, ekonomi, vetenskap och teknik; företag inom uthyrning, fastighetsservice, resetjänster och andra stödtjänster","inrikes född",4446,4537,4725,4726,4620,4641,4474,4573,4779,4770,4670,4700
"06 Jönköpings län","kvinnor","M+N företag inom juridik, ekonomi, vetenskap och teknik; företag inom uthyrning, fastighetsservice, resetjänster och andra stödtjänster","utrikes född",1710,1868,1988,1944,1942,2019,1695,1861,2007,1975,1977,2070
"06 Jönköpings län","kvinnor","O civila myndigheter och försvaret","totalt",5345,5468,5736,6027,6132,6353,5230,5372,5601,5872,5987,6215
"06 Jönköpings län","kvinnor","O civila myndigheter och försvaret","inrikes född",4735,4829,5050,5296,5437,5635,4643,4741,4921,5159,5306,5506
"06 Jönköpings län","kvinnor","O civila myndigheter och försvaret","utrikes född",609,639,687,730,694,718,588,631,680,712,681,709
"06 Jönköpings län","kvinnor","P utbildningsväsendet","totalt",14448,14430,14695,14893,14841,14538,14250,14232,14490,14683,14640,14310
"06 Jönköpings län","kvinnor","P utbildningsväsendet","inrikes född",12257,12163,12222,12306,12247,12000,12086,11997,12056,12128,12080,11821
"06 Jönköpings län","kvinnor","P utbildningsväsendet","utrikes född",2190,2267,2473,2588,2593,2537,2164,2234,2434,2555,2560,2489
"06 Jönköpings län","kvinnor","Q enheter för vård och omsorg, socialtjänst","totalt",26972,27045,27011,27024,27259,27225,26695,26841,26728,26801,27011,27017
"06 Jönköpings län","kvinnor","Q enheter för vård och omsorg, socialtjänst","inrikes född",21692,21500,21044,20629,20545,20347,21427,21305,20780,20407,20306,20158
"06 Jönköpings län","kvinnor","Q enheter för vård och omsorg, socialtjänst","utrikes född",5280,5545,5967,6395,6715,6878,5268,5536,5948,6394,6705,6859
"06 Jönköpings län","kvinnor","R+S+T+U enheter för kultur, nöje och fritid; andra serviceföretag m.m.","totalt",3548,3524,3731,3727,3732,3741,3481,3453,3672,3710,3726,3730
"06 Jönköpings län","kvinnor","R+S+T+U enheter för kultur, nöje och fritid; andra serviceföretag m.m.","inrikes född",3075,3030,3181,3150,3165,3187,3023,2973,3129,3131,3147,3171
"06 Jönköpings län","kvinnor","R+S+T+U enheter för kultur, nöje och fritid; andra serviceföretag m.m.","utrikes född",473,494,550,577,566,555,459,480,543,579,579,560
"06 Jönköpings län","kvinnor","US uppgift saknas","totalt",52,67,73,79,84,92,92,98,95,102,112,128
"06 Jönköpings län","kvinnor","US uppgift saknas","inrikes född",39,55,59,64,68,71,62,72,69,74,81,89
"06 Jönköpings län","kvinnor","US uppgift saknas","utrikes född",13,12,13,16,16,21,31,27,26,28,32,38
"06 Jönköpings län","totalt","A-U+US Total","totalt",183211,185529,190039,190604,188610,188421,181009,183545,188140,188931,187190,187161
"06 Jönköpings län","totalt","A-U+US Total","inrikes född",149030,149296,150850,150486,148814,148172,147179,147669,149230,148923,147386,146919
"06 Jönköpings län","totalt","A-U+US Total","utrikes född",34181,36233,39189,40118,39795,40250,33832,35876,38911,40008,39804,40242
"06 Jönköpings län","totalt","A företag inom jordbruk, skogsbruk och fiske","totalt",5489,5438,5292,5274,5199,5195,5448,5423,5287,5249,5176,5158
"06 Jönköpings län","totalt","A företag inom jordbruk, skogsbruk och fiske","inrikes född",5320,5264,5127,5099,5030,5008,5267,5235,5112,5063,4989,4970
"06 Jönköpings län","totalt","A företag inom jordbruk, skogsbruk och fiske","utrikes född",168,174,164,174,171,185,180,189,176,185,188,189
"06 Jönköpings län","totalt","B+C tillverkningsindustri; gruvor och mineralutvinningsindustri","totalt",39199,39652,40747,40235,38960,38860,38088,38401,39497,39009,37797,37511
"06 Jönköpings län","totalt","B+C tillverkningsindustri; gruvor och mineralutvinningsindustri","inrikes född",30385,30362,30610,30027,29109,28976,29461,29356,29615,29035,28129,27860
"06 Jönköpings län","totalt","B+C tillverkningsindustri; gruvor och mineralutvinningsindustri","utrikes född",8814,9289,10138,10209,9851,9885,8627,9044,9882,9973,9669,9651
"06 Jönköpings län","totalt","D+E företag inom energi och miljö","totalt",1760,1889,1940,1955,2077,2099,1786,1923,2007,2015,2105,2117
"06 Jönköpings län","totalt","D+E företag inom energi och miljö","inrikes född",1635,1759,1808,1821,1912,1931,1636,1763,1841,1848,1918,1927
"06 Jönköpings län","totalt","D+E företag inom energi och miljö","utrikes född",126,130,132,135,163,166,150,160,165,168,187,190
"06 Jönköpings län","totalt","F byggindustri","totalt",11157,11200,11429,11635,11227,11115,11003,11056,11322,11556,11122,11003
"06 Jönköpings län","totalt","F byggindustri","inrikes född",10168,10208,10324,10484,10174,10092,10026,10071,10216,10390,10054,9966
"06 Jönköpings län","totalt","F byggindustri","utrikes född",990,993,1105,1151,1053,1022,976,985,1105,1167,1069,1037
"06 Jönköpings län","totalt","G handel; serviceverkstäder för motorfordon och motorcyklar","totalt",21740,22216,22869,22680,22466,22308,21393,21953,22466,22302,22142,22154
"06 Jönköpings län","totalt","G handel; serviceverkstäder för motorfordon och motorcyklar","inrikes född",18644,18896,19443,19428,19209,19035,18356,18690,19101,19087,18925,18888
"06 Jönköpings län","totalt","G handel; serviceverkstäder för motorfordon och motorcyklar","utrikes född",3097,3320,3427,3251,3256,3272,3038,3264,3364,3215,3218,3267
"06 Jönköpings län","totalt","H transport- och magasineringsföretag","totalt",10326,10575,10703,10949,10712,10569,10172,10422,10511,10779,10579,10544
"06 Jönköpings län","totalt","H transport- och magasineringsföretag","inrikes född",7845,7897,7774,7765,7548,7342,7740,7785,7637,7588,7374,7267
"06 Jönköpings län","totalt","H transport- och magasineringsföretag","utrikes född",2482,2679,2928,3184,3164,3227,2431,2637,2874,3191,3205,3278
"06 Jönköpings län","totalt","I hotell och restauranger","totalt",4614,4471,5223,5508,5441,5485,4569,4492,5326,5598,5527,5515
"06 Jönköpings län","totalt","I hotell och restauranger","inrikes född",2737,2652,3125,3280,3233,3214,2723,2670,3209,3336,3289,3238
"06 Jönköpings län","totalt","I hotell och restauranger","utrikes född",1878,1818,2098,2229,2209,2271,1847,1821,2116,2262,2238,2275
"06 Jönköpings län","totalt","J informations- och kommunikationsföretag","totalt",3057,3004,3093,3114,3098,3124,3141,3161,3321,3470,3486,3484
"06 Jönköpings län","totalt","J informations- och kommunikationsföretag","inrikes född",2784,2723,2783,2777,2747,2750,2842,2859,2978,3084,3063,3042
"06 Jönköpings län","totalt","J informations- och kommunikationsföretag","utrikes född",273,281,309,338,352,373,298,302,344,386,422,442
"06 Jönköpings län","totalt","K kreditinstitut och försäkringsbolag m.m.","totalt",1008,965,982,993,1020,974,1170,1141,1158,1180,1229,1182
"06 Jönköpings län","totalt","K kreditinstitut och försäkringsbolag m.m.","inrikes född",952,907,921,926,954,908,1090,1063,1076,1096,1143,1097
"06 Jönköpings län","totalt","K kreditinstitut och försäkringsbolag m.m.","utrikes född",56,57,61,68,66,66,79,80,82,84,85,83
"06 Jönköpings län","totalt","L fastighetsbolag och fastighetsförvaltare","totalt",2701,2663,2703,2782,2706,2658,2705,2675,2716,2775,2701,2653
"06 Jönköpings län","totalt","L fastighetsbolag och fastighetsförvaltare","inrikes född",2379,2331,2360,2425,2380,2340,2371,2338,2364,2410,2373,2333
"06 Jönköpings län","totalt","L fastighetsbolag och fastighetsförvaltare","utrikes född",322,333,343,358,327,317,334,337,352,363,328,322
"06 Jönköpings län","totalt","M+N företag inom juridik, ekonomi, vetenskap och teknik; företag inom uthyrning, fastighetsservice, resetjänster och andra stödtjänster","totalt",14483,15531,16272,16009,15588,15938,14484,15529,16396,16093,15705,16137
"06 Jönköpings län","totalt","M+N företag inom juridik, ekonomi, vetenskap och teknik; företag inom uthyrning, fastighetsservice, resetjänster och andra stödtjänster","inrikes född",10619,10991,11265,11230,11113,11354,10674,11054,11391,11320,11199,11475
"06 Jönköpings län","totalt","M+N företag inom juridik, ekonomi, vetenskap och teknik; företag inom uthyrning, fastighetsservice, resetjänster och andra stödtjänster","utrikes född",3864,4541,5007,4779,4476,4584,3809,4474,5004,4775,4506,4662
"06 Jönköpings län","totalt","O civila myndigheter och försvaret","totalt",9228,9337,9663,10067,10273,10703,9192,9324,9590,9956,10192,10640
"06 Jönköpings län","totalt","O civila myndigheter och försvaret","inrikes född",8231,8323,8591,8944,9181,9541,8220,8314,8514,8848,9110,9490
"06 Jönköpings län","totalt","O civila myndigheter och försvaret","utrikes född",996,1015,1072,1121,1093,1162,973,1010,1076,1108,1083,1150
"06 Jönköpings län","totalt","P utbildningsväsendet","totalt",18622,18584,18871,19105,19071,18673,18313,18282,18558,18809,18777,18384
"06 Jönköpings län","totalt","P utbildningsväsendet","inrikes född",15702,15591,15647,15763,15724,15405,15446,15347,15405,15528,15499,15190
"06 Jönköpings län","totalt","P utbildningsväsendet","utrikes född",2920,2992,3224,3341,3347,3268,2868,2934,3155,3280,3278,3193
"06 Jönköpings län","totalt","Q enheter för vård och omsorg, socialtjänst","totalt",33568,33702,33639,33716,34144,34074,33215,33425,33312,33446,33870,33850
"06 Jönköpings län","totalt","Q enheter för vård och omsorg, socialtjänst","inrikes född",26323,26111,25564,25088,25024,24757,25983,25851,25257,24825,24768,24563
"06 Jönköpings län","totalt","Q enheter för vård och omsorg, socialtjänst","utrikes född",7245,7591,8074,8628,9120,9317,7232,7575,8057,8621,9101,9286
"06 Jönköpings län","totalt","R+S+T+U enheter för kultur, nöje och fritid; andra serviceföretag m.m.","totalt",6105,6097,6411,6375,6397,6404,6036,5995,6344,6376,6408,6411
"06 Jönköpings län","totalt","R+S+T+U enheter för kultur, nöje och fritid; andra serviceföretag m.m.","inrikes född",5185,5118,5342,5263,5295,5324,5128,5034,5281,5247,5284,5319
"06 Jönköpings län","totalt","R+S+T+U enheter för kultur, nöje och fritid; andra serviceföretag m.m.","utrikes född",922,980,1068,1112,1104,1081,907,960,1062,1128,1126,1093
"06 Jönköpings län","totalt","US uppgift saknas","totalt",157,207,202,209,227,245,295,339,329,318,372,418
"06 Jönköpings län","totalt","US uppgift saknas","inrikes född",122,166,166,168,185,191,214,241,230,218,268,294
"06 Jönköpings län","totalt","US uppgift saknas","utrikes född",35,41,37,41,42,53,80,99,98,101,103,125
"07 Kronobergs län","män","A-U+US Total","totalt",54072,54902,56463,56435,55873,55534,51763,52417,53787,53686,53095,52800
"07 Kronobergs län","män","A-U+US Total","inrikes född",43237,43527,43977,43616,43281,42886,41204,41323,41678,41388,40968,40665
"07 Kronobergs län","män","A-U+US Total","utrikes född",10833,11376,12487,12819,12593,12649,10560,11094,12108,12297,12128,12136
"07 Kronobergs län","män","A företag inom jordbruk, skogsbruk och fiske","totalt",2747,2705,2623,2529,2468,2480,2722,2683,2605,2514,2454,2464
"07 Kronobergs län","män","A företag inom jordbruk, skogsbruk och fiske","inrikes född",2616,2575,2488,2391,2312,2305,2597,2556,2474,2381,2308,2306
"07 Kronobergs län","män","A företag inom jordbruk, skogsbruk och fiske","utrikes född",130,132,135,138,156,176,126,127,131,133,145,157
"07 Kronobergs län","män","B+C tillverkningsindustri; gruvor och mineralutvinningsindustri","totalt",14212,14523,14973,15016,14665,14467,12691,12906,13312,13187,12884,12808
"07 Kronobergs län","män","B+C tillverkningsindustri; gruvor och mineralutvinningsindustri","inrikes född",11061,11191,11244,11135,10941,10823,9833,9872,9935,9776,9578,9526
"07 Kronobergs län","män","B+C tillverkningsindustri; gruvor och mineralutvinningsindustri","utrikes född",3151,3332,3729,3880,3723,3645,2857,3034,3377,3410,3305,3282
"07 Kronobergs län","män","D+E företag inom energi och miljö","totalt",541,577,633,664,717,711,551,591,615,650,691,697
"07 Kronobergs län","män","D+E företag inom energi och miljö","inrikes född",486,509,547,576,615,603,492,521,532,564,589,591
"07 Kronobergs län","män","D+E företag inom energi och miljö","utrikes född",55,68,85,89,102,108,59,70,82,87,101,106
"07 Kronobergs län","män","F byggindustri","totalt",5756,5791,5985,6024,5796,5577,5577,5590,5753,5837,5627,5440
"07 Kronobergs län","män","F byggindustri","inrikes född",5124,5084,5203,5217,5068,4884,4944,4904,4988,5056,4914,4753
"07 Kronobergs län","män","F byggindustri","utrikes född",631,708,783,808,729,692,633,687,765,781,713,687
"07 Kronobergs län","män","G handel; serviceverkstäder för motorfordon och motorcyklar","totalt",6846,6897,7011,6817,6808,6976,6744,6761,6776,6608,6564,6716
"07 Kronobergs län","män","G handel; serviceverkstäder för motorfordon och motorcyklar","inrikes född",5826,5839,5924,5717,5696,5828,5750,5737,5724,5536,5475,5594
"07 Kronobergs län","män","G handel; serviceverkstäder för motorfordon och motorcyklar","utrikes född",1020,1058,1087,1099,1112,1147,996,1025,1053,1072,1088,1121
"07 Kronobergs län","män","H transport- och magasineringsföretag","totalt",3769,3829,3779,3518,3503,3590,3555,3613,3610,3416,3401,3394
"07 Kronobergs län","män","H transport- och magasineringsföretag","inrikes född",2885,2869,2735,2518,2497,2494,2692,2662,2580,2421,2398,2361
"07 Kronobergs län","män","H transport- och magasineringsföretag","utrikes född",885,960,1044,1000,1005,1096,864,950,1030,996,1003,1033
"07 Kronobergs län","män","I hotell och restauranger","totalt",1092,1096,1278,1310,1317,1333,1113,1091,1290,1310,1321,1323
"07 Kronobergs län","män","I hotell och restauranger","inrikes född",503,518,597,619,639,664,505,513,607,622,653,666
"07 Kronobergs län","män","I hotell och restauranger","utrikes född",588,578,681,691,677,668,608,579,684,689,668,657
"07 Kronobergs län","män","J informations- och kommunikationsföretag","totalt",2438,2590,2810,3138,2995,2727,2379,2441,2633,2935,2866,2637
"07 Kronobergs län","män","J informations- och kommunikationsföretag","inrikes född",2082,2201,2380,2611,2525,2321,1986,2046,2199,2406,2364,2196
"07 Kronobergs län","män","J informations- och kommunikationsföretag","utrikes född",356,390,430,528,471,407,393,394,434,529,502,442
"07 Kronobergs län","män","K kreditinstitut och försäkringsbolag m.m.","totalt",421,398,412,390,417,428,439,424,437,430,458,476
"07 Kronobergs län","män","K kreditinstitut och försäkringsbolag m.m.","inrikes född",397,375,390,370,399,404,418,400,411,407,436,446
"07 Kronobergs län","män","K kreditinstitut och försäkringsbolag m.m.","utrikes född",23,22,21,21,18,24,21,24,26,23,21,29
"07 Kronobergs län","män","L fastighetsbolag och fastighetsförvaltare","totalt",942,950,979,939,956,970,941,943,954,913,911,893
"07 Kronobergs län","män","L fastighetsbolag och fastighetsförvaltare","inrikes född",808,801,815,776,788,795,805,790,785,751,746,734
"07 Kronobergs län","män","L fastighetsbolag och fastighetsförvaltare","utrikes född",135,149,163,163,168,176,137,155,169,162,166,159
"07 Kronobergs län","män","M+N företag inom juridik, ekonomi, vetenskap och teknik; företag inom uthyrning, fastighetsservice, resetjänster och andra stödtjänster","totalt",5163,5374,5721,5702,5740,5790,5054,5293,5625,5601,5529,5539
"07 Kronobergs län","män","M+N företag inom juridik, ekonomi, vetenskap och teknik; företag inom uthyrning, fastighetsservice, resetjänster och andra stödtjänster","inrikes född",3821,3914,4035,4055,4125,4122,3687,3791,3908,3916,3916,3906
"07 Kronobergs län","män","M+N företag inom juridik, ekonomi, vetenskap och teknik; företag inom uthyrning, fastighetsservice, resetjänster och andra stödtjänster","utrikes född",1343,1460,1686,1648,1614,1668,1368,1503,1718,1686,1613,1632
"07 Kronobergs län","män","O civila myndigheter och försvaret","totalt",1781,1805,1855,1838,1794,1804,1843,1876,1931,1911,1879,1900
"07 Kronobergs län","män","O civila myndigheter och försvaret","inrikes född",1544,1561,1580,1597,1579,1584,1617,1642,1668,1685,1672,1687
"07 Kronobergs län","män","O civila myndigheter och försvaret","utrikes född",238,244,277,239,215,220,227,234,263,225,207,212
"07 Kronobergs län","män","P utbildningsväsendet","totalt",2747,2784,2806,2845,2855,2879,2625,2656,2671,2689,2682,2728
"07 Kronobergs län","män","P utbildningsväsendet","inrikes född",2126,2168,2179,2215,2223,2220,2031,2067,2077,2094,2092,2111
"07 Kronobergs län","män","P utbildningsväsendet","utrikes född",622,615,627,630,631,659,595,589,595,595,591,618
"07 Kronobergs län","män","Q enheter för vård och omsorg, socialtjänst","totalt",4122,4079,4046,4147,4260,4215,3990,3977,3958,4049,4165,4121
"07 Kronobergs län","män","Q enheter för vård och omsorg, socialtjänst","inrikes född",2694,2667,2578,2557,2591,2549,2588,2566,2498,2486,2511,2468
"07 Kronobergs län","män","Q enheter för vård och omsorg, socialtjänst","utrikes född",1428,1412,1468,1590,1669,1668,1401,1410,1461,1564,1654,1654
"07 Kronobergs län","män","R+S+T+U enheter för kultur, nöje och fritid; andra serviceföretag m.m.","totalt",1448,1437,1488,1481,1508,1497,1418,1414,1472,1484,1512,1496
"07 Kronobergs län","män","R+S+T+U enheter för kultur, nöje och fritid; andra serviceföretag m.m.","inrikes född",1222,1195,1229,1203,1221,1218,1179,1156,1200,1196,1218,1210
"07 Kronobergs län","män","R+S+T+U enheter för kultur, nöje och fritid; andra serviceföretag m.m.","utrikes född",226,242,258,279,286,278,238,258,272,287,294,286
"07 Kronobergs län","män","US uppgift saknas","totalt",46,66,67,76,78,93,118,157,143,153,155,169
"07 Kronobergs län","män","US uppgift saknas","inrikes född",41,60,56,60,62,74,82,103,94,94,98,110
"07 Kronobergs län","män","US uppgift saknas","utrikes född",5,6,11,16,18,19,36,56,49,59,56,58
"07 Kronobergs län","kvinnor","A-U+US Total","totalt",46662,47240,48497,48951,48941,48860,45054,45553,46844,47310,47194,47130
"07 Kronobergs län","kvinnor","A-U+US Total","inrikes född",37771,37936,38440,38504,38338,38056,36348,36441,36959,37022,36754,36517
"07 Kronobergs län","kvinnor","A-U+US Total","utrikes född",8890,9304,10056,10446,10602,10805,8707,9113,9884,10288,10441,10613
"07 Kronobergs län","kvinnor","A företag inom jordbruk, skogsbruk och fiske","totalt",852,896,862,864,830,819,856,898,865,864,829,833
"07 Kronobergs län","kvinnor","A företag inom jordbruk, skogsbruk och fiske","inrikes född",799,845,805,800,763,749,801,841,803,797,760,761
"07 Kronobergs län","kvinnor","A företag inom jordbruk, skogsbruk och fiske","utrikes född",52,50,57,64,66,70,54,57,63,67,69,71
"07 Kronobergs län","kvinnor","B+C tillverkningsindustri; gruvor och mineralutvinningsindustri","totalt",3624,3732,3912,4004,3988,3980,3368,3439,3592,3629,3580,3586
"07 Kronobergs län","kvinnor","B+C tillverkningsindustri; gruvor och mineralutvinningsindustri","inrikes född",2927,3003,3099,3174,3144,3142,2696,2738,2820,2850,2785,2802
"07 Kronobergs län","kvinnor","B+C tillverkningsindustri; gruvor och mineralutvinningsindustri","utrikes född",696,731,814,831,844,839,671,701,773,778,794,785
"07 Kronobergs län","kvinnor","D+E företag inom energi och miljö","totalt",146,150,162,175,197,213,151,152,160,179,197,207
"07 Kronobergs län","kvinnor","D+E företag inom energi och miljö","inrikes född",130,134,144,156,174,186,134,135,142,160,172,181
"07 Kronobergs län","kvinnor","D+E företag inom energi och miljö","utrikes född",16,16,18,18,24,26,16,17,18,18,24,27
"07 Kronobergs län","kvinnor","F byggindustri","totalt",602,607,667,736,610,582,582,592,634,703,596,578
"07 Kronobergs län","kvinnor","F byggindustri","inrikes född",539,549,581,617,536,514,511,525,546,586,520,508
"07 Kronobergs län","kvinnor","F byggindustri","utrikes född",64,60,86,120,74,68,71,65,90,118,76,69
"07 Kronobergs län","kvinnor","G handel; serviceverkstäder för motorfordon och motorcyklar","totalt",5222,5225,5287,5188,5216,5320,4933,4962,5050,4976,4933,5009
"07 Kronobergs län","kvinnor","G handel; serviceverkstäder för motorfordon och motorcyklar","inrikes född",4538,4529,4571,4449,4455,4509,4291,4301,4353,4243,4203,4242
"07 Kronobergs län","kvinnor","G handel; serviceverkstäder för motorfordon och motorcyklar","utrikes född",685,695,716,738,762,811,643,661,698,732,730,767
"07 Kronobergs län","kvinnor","H transport- och magasineringsföretag","totalt",980,967,898,859,855,857,958,937,883,849,840,839
"07 Kronobergs län","kvinnor","H transport- och magasineringsföretag","inrikes född",862,841,778,738,735,725,847,818,770,728,724,719
"07 Kronobergs län","kvinnor","H transport- och magasineringsföretag","utrikes född",118,127,120,121,120,132,112,118,113,121,116,120
"07 Kronobergs län","kvinnor","I hotell och restauranger","totalt",1281,1286,1589,1644,1712,1763,1297,1288,1597,1672,1730,1788
"07 Kronobergs län","kvinnor","I hotell och restauranger","inrikes född",849,844,1052,1060,1123,1120,874,863,1066,1087,1148,1146
"07 Kronobergs län","kvinnor","I hotell och restauranger","utrikes född",432,442,537,583,588,645,423,426,530,585,582,642
"07 Kronobergs län","kvinnor","J informations- och kommunikationsföretag","totalt",1321,1421,1625,1748,1535,1466,1189,1244,1386,1526,1446,1363
"07 Kronobergs län","kvinnor","J informations- och kommunikationsföretag","inrikes född",1128,1200,1354,1462,1314,1253,1017,1056,1163,1284,1234,1156
"07 Kronobergs län","kvinnor","J informations- och kommunikationsföretag","utrikes född",193,221,271,286,221,213,171,190,221,241,211,207
"07 Kronobergs län","kvinnor","K kreditinstitut och försäkringsbolag m.m.","totalt",444,445,458,488,504,517,435,432,462,483,504,516
"07 Kronobergs län","kvinnor","K kreditinstitut och försäkringsbolag m.m.","inrikes född",420,421,434,463,475,489,410,408,432,453,469,488
"07 Kronobergs län","kvinnor","K kreditinstitut och försäkringsbolag m.m.","utrikes född",24,24,24,26,29,29,24,25,29,31,34,29
"07 Kronobergs län","kvinnor","L fastighetsbolag och fastighetsförvaltare","totalt",549,555,576,513,529,506,537,545,544,485,496,483
"07 Kronobergs län","kvinnor","L fastighetsbolag och fastighetsförvaltare","inrikes född",427,424,446,402,410,401,422,417,418,380,383,384
"07 Kronobergs län","kvinnor","L fastighetsbolag och fastighetsförvaltare","utrikes född",121,131,130,110,120,107,116,128,125,105,113,100
"07 Kronobergs län","kvinnor","M+N företag inom juridik, ekonomi, vetenskap och teknik; företag inom uthyrning, fastighetsservice, resetjänster och andra stödtjänster","totalt",3846,4012,4350,4652,4810,4837,3730,3898,4211,4453,4479,4468
"07 Kronobergs län","kvinnor","M+N företag inom juridik, ekonomi, vetenskap och teknik; företag inom uthyrning, fastighetsservice, resetjänster och andra stödtjänster","inrikes född",2709,2809,2981,3132,3218,3191,2604,2705,2865,2965,2935,2873
"07 Kronobergs län","kvinnor","M+N företag inom juridik, ekonomi, vetenskap och teknik; företag inom uthyrning, fastighetsservice, resetjänster och andra stödtjänster","utrikes född",1136,1202,1368,1521,1592,1645,1126,1192,1346,1487,1544,1596
"07 Kronobergs län","kvinnor","O civila myndigheter och försvaret","totalt",3152,3263,3423,3423,3447,3587,2996,3095,3255,3293,3362,3491
"07 Kronobergs län","kvinnor","O civila myndigheter och försvaret","inrikes född",2723,2790,2901,2976,3012,3095,2578,2641,2746,2844,2923,3007
"07 Kronobergs län","kvinnor","O civila myndigheter och försvaret","utrikes född",429,473,523,447,435,492,418,454,508,449,439,484
"07 Kronobergs län","kvinnor","P utbildningsväsendet","totalt",8063,8272,8397,8477,8362,8228,7866,7986,8116,8154,8058,7937
"07 Kronobergs län","kvinnor","P utbildningsväsendet","inrikes född",6598,6725,6768,6854,6775,6667,6416,6471,6515,6569,6500,6404
"07 Kronobergs län","kvinnor","P utbildningsväsendet","utrikes född",1465,1545,1630,1625,1587,1561,1450,1514,1601,1584,1559,1533
"07 Kronobergs län","kvinnor","Q enheter för vård och omsorg, socialtjänst","totalt",14532,14382,14213,14067,14203,14015,14077,14024,13950,13875,13955,13810
"07 Kronobergs län","kvinnor","Q enheter för vård och omsorg, socialtjänst","inrikes född",11334,11060,10738,10429,10406,10206,10956,10753,10504,10262,10182,10019
"07 Kronobergs län","kvinnor","Q enheter för vård och omsorg, socialtjänst","utrikes född",3198,3323,3475,3640,3799,3811,3122,3272,3445,3614,3773,3791
"07 Kronobergs län","kvinnor","R+S+T+U enheter för kultur, nöje och fritid; andra serviceföretag m.m.","totalt",2019,1984,2032,2054,2072,2101,2019,1986,2058,2073,2086,2116
"07 Kronobergs län","kvinnor","R+S+T+U enheter för kultur, nöje och fritid; andra serviceföretag m.m.","inrikes född",1759,1724,1751,1751,1753,1764,1752,1717,1764,1761,1756,1773
"07 Kronobergs län","kvinnor","R+S+T+U enheter för kultur, nöje och fritid; andra serviceföretag m.m.","utrikes född",260,260,281,301,319,336,267,269,294,312,329,343
"07 Kronobergs län","kvinnor","US uppgift saknas","totalt",31,46,48,59,69,67,60,80,81,96,106,104
"07 Kronobergs län","kvinnor","US uppgift saknas","inrikes född",27,40,41,42,48,47,42,53,51,54,60,56
"07 Kronobergs län","kvinnor","US uppgift saknas","utrikes född",5,7,9,16,22,21,18,28,29,42,46,49
"07 Kronobergs län","totalt","A-U+US Total","totalt",100733,102143,104961,105386,104815,104395,96817,97971,100630,100995,100289,99931
"07 Kronobergs län","totalt","A-U+US Total","inrikes född",81009,81463,82417,82120,81618,80942,77552,77763,78638,78411,77720,77182
"07 Kronobergs län","totalt","A-U+US Total","utrikes född",19724,20680,22543,23265,23196,23453,19265,20207,21992,22585,22569,22750
"07 Kronobergs län","totalt","A företag inom jordbruk, skogsbruk och fiske","totalt",3598,3601,3484,3393,3298,3300,3578,3581,3470,3379,3281,3296
"07 Kronobergs län","totalt","A företag inom jordbruk, skogsbruk och fiske","inrikes född",3415,3419,3293,3190,3075,3055,3397,3397,3276,3178,3067,3068
"07 Kronobergs län","totalt","A företag inom jordbruk, skogsbruk och fiske","utrikes född",183,182,192,202,222,245,181,184,194,201,216,228
"07 Kronobergs län","totalt","B+C tillverkningsindustri; gruvor och mineralutvinningsindustri","totalt",17835,18256,18885,19021,18652,18447,16059,16344,16903,16816,16463,16396
"07 Kronobergs län","totalt","B+C tillverkningsindustri; gruvor och mineralutvinningsindustri","inrikes född",13990,14193,14341,14309,14085,13965,12530,12609,12754,12626,12364,12328
"07 Kronobergs län","totalt","B+C tillverkningsindustri; gruvor och mineralutvinningsindustri","utrikes född",3846,4062,4543,4711,4568,4484,3529,3735,4150,4189,4099,4068
"07 Kronobergs län","totalt","D+E företag inom energi och miljö","totalt",688,727,794,840,914,924,702,742,775,829,886,905
"07 Kronobergs län","totalt","D+E företag inom energi och miljö","inrikes född",616,644,691,732,788,790,627,656,675,725,762,772
"07 Kronobergs län","totalt","D+E företag inom energi och miljö","utrikes född",71,84,103,108,126,135,75,87,101,106,125,132
"07 Kronobergs län","totalt","F byggindustri","totalt",6359,6400,6653,6760,6408,6158,6160,6181,6388,6541,6224,6017
"07 Kronobergs län","totalt","F byggindustri","inrikes född",5664,5632,5783,5834,5604,5398,5455,5429,5534,5643,5434,5260
"07 Kronobergs län","totalt","F byggindustri","utrikes född",694,767,869,926,802,760,704,753,854,898,789,758
"07 Kronobergs län","totalt","G handel; serviceverkstäder för motorfordon och motorcyklar","totalt",12067,12121,12298,12003,12024,12295,11678,11723,11828,11583,11496,11724
"07 Kronobergs län","totalt","G handel; serviceverkstäder för motorfordon och motorcyklar","inrikes född",10364,10368,10494,10166,10149,10338,10040,10037,10077,9779,9677,9835
"07 Kronobergs län","totalt","G handel; serviceverkstäder för motorfordon och motorcyklar","utrikes född",1705,1753,1803,1837,1875,1958,1637,1685,1751,1805,1818,1888
"07 Kronobergs län","totalt","H transport- och magasineringsföretag","totalt",4748,4796,4677,4378,4358,4446,4514,4549,4494,4266,4242,4234
"07 Kronobergs län","totalt","H transport- och magasineringsföretag","inrikes född",3746,3711,3513,3256,3233,3219,3539,3481,3349,3149,3121,3079
"07 Kronobergs län","totalt","H transport- och magasineringsföretag","utrikes född",1003,1086,1164,1122,1125,1227,975,1069,1143,1117,1121,1153
"07 Kronobergs län","totalt","I hotell och restauranger","totalt",2373,2382,2866,2953,3029,3097,2410,2379,2887,2982,3052,3110
"07 Kronobergs län","totalt","I hotell och restauranger","inrikes född",1353,1362,1649,1678,1763,1785,1379,1375,1673,1708,1802,1812
"07 Kronobergs län","totalt","I hotell och restauranger","utrikes född",1021,1021,1219,1274,1267,1313,1031,1004,1214,1273,1250,1300
"07 Kronobergs län","totalt","J informations- och kommunikationsföretag","totalt",3758,4012,4434,4887,4530,4193,3567,3684,4020,4461,4312,4002
"07 Kronobergs län","totalt","J informations- och kommunikationsföretag","inrikes född",3210,3401,3734,4073,3838,3574,3002,3102,3363,3689,3599,3353
"07 Kronobergs län","totalt","J informations- och kommunikationsföretag","utrikes född",548,611,700,814,692,620,566,584,656,771,713,649
"07 Kronobergs län","totalt","K kreditinstitut och försäkringsbolag m.m.","totalt",866,842,870,878,920,944,874,857,900,913,960,992
"07 Kronobergs län","totalt","K kreditinstitut och försäkringsbolag m.m.","inrikes född",819,795,825,832,874,894,828,808,844,860,906,935
"07 Kronobergs län","totalt","K kreditinstitut och försäkringsbolag m.m.","utrikes född",46,45,45,46,46,51,47,49,56,53,55,58
"07 Kronobergs län","totalt","L fastighetsbolag och fastighetsförvaltare","totalt",1492,1506,1553,1451,1485,1476,1479,1488,1497,1398,1408,1377
"07 Kronobergs län","totalt","L fastighetsbolag och fastighetsförvaltare","inrikes född",1236,1224,1261,1178,1198,1193,1226,1206,1203,1132,1128,1118
"07 Kronobergs län","totalt","L fastighetsbolag och fastighetsförvaltare","utrikes född",256,280,293,273,287,282,253,282,294,267,279,259
"07 Kronobergs län","totalt","M+N företag inom juridik, ekonomi, vetenskap och teknik; företag inom uthyrning, fastighetsservice, resetjänster och andra stödtjänster","totalt",9009,9386,10070,10355,10549,10626,8785,9191,9837,10054,10008,10007
"07 Kronobergs län","totalt","M+N företag inom juridik, ekonomi, vetenskap och teknik; företag inom uthyrning, fastighetsservice, resetjänster och andra stödtjänster","inrikes född",6530,6723,7017,7186,7344,7315,6291,6496,6773,6881,6851,6779
"07 Kronobergs län","totalt","M+N företag inom juridik, ekonomi, vetenskap och teknik; företag inom uthyrning, fastighetsservice, resetjänster och andra stödtjänster","utrikes född",2478,2662,3053,3168,3206,3313,2495,2695,3064,3173,3157,3229
"07 Kronobergs län","totalt","O civila myndigheter och försvaret","totalt",4933,5067,5278,5261,5241,5391,4838,4971,5186,5204,5241,5392
"07 Kronobergs län","totalt","O civila myndigheter och försvaret","inrikes född",4267,4351,4480,4574,4592,4679,4194,4284,4415,4529,4594,4694
"07 Kronobergs län","totalt","O civila myndigheter och försvaret","utrikes född",665,717,799,687,649,713,644,688,770,675,647,698
"07 Kronobergs län","totalt","P utbildningsväsendet","totalt",10810,11055,11204,11322,11217,11106,10491,10641,10787,10842,10741,10665
"07 Kronobergs län","totalt","P utbildningsväsendet","inrikes född",8723,8894,8947,9069,8999,8887,8446,8538,8592,8663,8591,8515
"07 Kronobergs län","totalt","P utbildningsväsendet","utrikes född",2085,2160,2256,2255,2217,2221,2044,2103,2195,2179,2149,2150
"07 Kronobergs län","totalt","Q enheter för vård och omsorg, socialtjänst","totalt",18654,18462,18258,18214,18463,18231,18067,18001,17907,17924,18120,17930
"07 Kronobergs län","totalt","Q enheter för vård och omsorg, socialtjänst","inrikes född",14028,13726,13315,12985,12996,12754,13543,13318,13002,12747,12694,12486
"07 Kronobergs län","totalt","Q enheter för vård och omsorg, socialtjänst","utrikes född",4627,4734,4945,5230,5468,5477,4523,4683,4905,5177,5427,5444
"07 Kronobergs län","totalt","R+S+T+U enheter för kultur, nöje och fritid; andra serviceföretag m.m.","totalt",3467,3420,3519,3536,3580,3597,3436,3400,3531,3558,3599,3611
"07 Kronobergs län","totalt","R+S+T+U enheter för kultur, nöje och fritid; andra serviceföretag m.m.","inrikes född",2981,2919,2979,2955,2974,2983,2931,2874,2964,2958,2975,2982
"07 Kronobergs län","totalt","R+S+T+U enheter för kultur, nöje och fritid; andra serviceföretag m.m.","utrikes född",486,502,540,581,606,615,505,527,568,600,624,629
"07 Kronobergs län","totalt","US uppgift saknas","totalt",78,113,117,136,147,159,179,237,223,249,260,272
"07 Kronobergs län","totalt","US uppgift saknas","inrikes född",68,98,97,102,108,120,124,154,145,148,158,166
"07 Kronobergs län","totalt","US uppgift saknas","utrikes född",9,13,20,34,40,39,55,83,79,101,103,107
"08 Kalmar län","män","A-U+US Total","totalt",59227,60006,60969,60712,59855,59411,60851,61797,62870,62737,61898,61542
"08 Kalmar län","män","A-U+US Total","inrikes född",50634,50762,51080,50548,49830,49427,52140,52370,52732,52360,51678,51347
"08 Kalmar län","män","A-U+US Total","utrikes född",8593,9246,9889,10164,10025,9985,8711,9427,10138,10376,10219,10195
"08 Kalmar län","män","A företag inom jordbruk, skogsbruk och fiske","totalt",3989,3984,3901,3838,3764,3733,3977,3972,3894,3827,3752,3732
"08 Kalmar län","män","A företag inom jordbruk, skogsbruk och fiske","inrikes född",3734,3720,3632,3561,3499,3458,3722,3702,3621,3549,3489,3453
"08 Kalmar län","män","A företag inom jordbruk, skogsbruk och fiske","utrikes född",254,264,268,276,265,276,254,269,273,277,263,279
"08 Kalmar län","män","B+C tillverkningsindustri; gruvor och mineralutvinningsindustri","totalt",14703,14803,14792,14271,13862,13930,14853,15033,15076,14586,14358,14362
"08 Kalmar län","män","B+C tillverkningsindustri; gruvor och mineralutvinningsindustri","inrikes född",12337,12191,12047,11564,11205,11224,12453,12369,12263,11818,11615,11614
"08 Kalmar län","män","B+C tillverkningsindustri; gruvor och mineralutvinningsindustri","utrikes född",2366,2613,2745,2708,2656,2705,2400,2663,2814,2769,2741,2748
"08 Kalmar län","män","D+E företag inom energi och miljö","totalt",1479,1496,1531,1535,1565,1570,1507,1509,1522,1518,1546,1555
"08 Kalmar län","män","D+E företag inom energi och miljö","inrikes född",1407,1411,1427,1425,1457,1467,1436,1427,1422,1414,1442,1455
"08 Kalmar län","män","D+E företag inom energi och miljö","utrikes född",73,84,103,111,109,102,72,82,100,104,105,100
"08 Kalmar län","män","F byggindustri","totalt",7322,7372,7472,7435,7225,7084,7446,7524,7652,7627,7375,7216
"08 Kalmar län","män","F byggindustri","inrikes född",6759,6774,6827,6734,6542,6433,6888,6920,6993,6914,6691,6556
"08 Kalmar län","män","F byggindustri","utrikes född",562,598,646,700,683,651,557,604,659,712,685,661
"08 Kalmar län","män","G handel; serviceverkstäder för motorfordon och motorcyklar","totalt",6102,6208,6410,6475,6280,6095,6316,6441,6645,6779,6615,6406
"08 Kalmar län","män","G handel; serviceverkstäder för motorfordon och motorcyklar","inrikes född",5366,5431,5571,5597,5418,5270,5567,5643,5785,5869,5723,5556
"08 Kalmar län","män","G handel; serviceverkstäder för motorfordon och motorcyklar","utrikes född",735,779,839,878,861,825,750,799,861,910,893,851
"08 Kalmar län","män","H transport- och magasineringsföretag","totalt",3528,3547,3602,3432,3395,3349,3866,3869,3884,3721,3671,3630
"08 Kalmar län","män","H transport- och magasineringsföretag","inrikes född",3027,2997,3013,2849,2798,2731,3320,3277,3251,3101,3055,3001
"08 Kalmar län","män","H transport- och magasineringsföretag","utrikes född",501,549,590,583,596,620,546,594,632,621,616,631
"08 Kalmar län","män","I hotell och restauranger","totalt",1706,1767,1976,2005,2117,2070,1634,1676,1892,1925,1908,1993
"08 Kalmar län","män","I hotell och restauranger","inrikes född",915,972,1109,1125,1237,1181,884,911,1049,1077,1078,1119
"08 Kalmar län","män","I hotell och restauranger","utrikes född",789,795,867,881,879,888,750,764,842,848,829,873
"08 Kalmar län","män","J informations- och kommunikationsföretag","totalt",1191,1193,1229,1363,1328,1299,1356,1375,1463,1620,1580,1542
"08 Kalmar län","män","J informations- och kommunikationsföretag","inrikes född",1102,1105,1128,1207,1174,1155,1264,1276,1343,1446,1412,1390
"08 Kalmar län","män","J informations- och kommunikationsföretag","utrikes född",88,86,101,157,154,144,93,100,121,174,167,154
"08 Kalmar län","män","K kreditinstitut och försäkringsbolag m.m.","totalt",394,390,407,415,429,448,427,421,443,440,450,460
"08 Kalmar län","män","K kreditinstitut och försäkringsbolag m.m.","inrikes född",374,372,384,394,406,424,413,402,415,416,427,435
"08 Kalmar län","män","K kreditinstitut och försäkringsbolag m.m.","utrikes född",19,18,23,21,22,24,16,18,28,24,24,26
"08 Kalmar län","män","L fastighetsbolag och fastighetsförvaltare","totalt",1247,1278,1299,1267,1257,1261,1260,1294,1323,1296,1281,1285
"08 Kalmar län","män","L fastighetsbolag och fastighetsförvaltare","inrikes född",1131,1146,1174,1147,1135,1131,1141,1163,1199,1180,1161,1156
"08 Kalmar län","män","L fastighetsbolag och fastighetsförvaltare","utrikes född",117,132,125,118,121,130,119,132,123,117,120,130
"08 Kalmar län","män","M+N företag inom juridik, ekonomi, vetenskap och teknik; företag inom uthyrning, fastighetsservice, resetjänster och andra stödtjänster","totalt",5084,5231,5273,5474,5365,5364,5381,5599,5668,5849,5699,5703
"08 Kalmar län","män","M+N företag inom juridik, ekonomi, vetenskap och teknik; företag inom uthyrning, fastighetsservice, resetjänster och andra stödtjänster","inrikes född",4317,4415,4387,4539,4485,4494,4578,4732,4724,4882,4799,4799
"08 Kalmar län","män","M+N företag inom juridik, ekonomi, vetenskap och teknik; företag inom uthyrning, fastighetsservice, resetjänster och andra stödtjänster","utrikes född",768,816,887,936,880,869,801,869,943,967,901,905
"08 Kalmar län","män","O civila myndigheter och försvaret","totalt",2661,2668,2770,2790,2856,2947,2832,2846,2931,2968,3030,3133
"08 Kalmar län","män","O civila myndigheter och försvaret","inrikes född",2425,2421,2501,2524,2593,2677,2590,2596,2656,2689,2760,2854
"08 Kalmar län","män","O civila myndigheter och försvaret","utrikes född",236,249,270,266,262,269,243,250,274,281,270,279
"08 Kalmar län","män","P utbildningsväsendet","totalt",2973,2947,2927,2898,2855,2724,2970,2946,2924,2899,2846,2727
"08 Kalmar län","män","P utbildningsväsendet","inrikes född",2533,2508,2505,2488,2458,2352,2536,2514,2510,2495,2455,2356
"08 Kalmar län","män","P utbildningsväsendet","utrikes född",440,439,423,409,397,371,433,433,414,403,391,370
"08 Kalmar län","män","Q enheter för vård och omsorg, socialtjänst","totalt",4894,5111,5286,5343,5362,5340,4919,5126,5296,5386,5442,5417
"08 Kalmar län","män","Q enheter för vård och omsorg, socialtjänst","inrikes född",3511,3561,3574,3543,3533,3535,3525,3574,3572,3570,3586,3583
"08 Kalmar län","män","Q enheter för vård och omsorg, socialtjänst","utrikes född",1384,1549,1712,1800,1829,1804,1395,1552,1724,1816,1855,1835
"08 Kalmar län","män","R+S+T+U enheter för kultur, nöje och fritid; andra serviceföretag m.m.","totalt",1839,1873,1943,2011,2030,2040,1827,1861,1958,2001,2005,2039
"08 Kalmar län","män","R+S+T+U enheter för kultur, nöje och fritid; andra serviceföretag m.m.","inrikes född",1599,1617,1676,1717,1750,1759,1588,1610,1682,1701,1713,1744
"08 Kalmar län","män","R+S+T+U enheter för kultur, nöje och fritid; andra serviceföretag m.m.","utrikes född",240,256,268,293,281,279,237,252,277,300,291,296
"08 Kalmar län","män","US uppgift saknas","totalt",117,138,149,159,166,161,281,305,300,293,342,341
"08 Kalmar län","män","US uppgift saknas","inrikes född",96,119,126,133,139,136,236,254,245,240,273,280
"08 Kalmar län","män","US uppgift saknas","utrikes född",21,19,24,26,27,26,46,51,54,53,69,62
"08 Kalmar län","kvinnor","A-U+US Total","totalt",53773,54398,55640,55774,55489,55252,54341,54997,56310,56504,56263,56077
"08 Kalmar län","kvinnor","A-U+US Total","inrikes född",46721,46868,47423,47165,46704,46299,47176,47323,47925,47725,47336,47003
"08 Kalmar län","kvinnor","A-U+US Total","utrikes född",7052,7529,8218,8610,8785,8952,7166,7676,8385,8781,8927,9074
"08 Kalmar län","kvinnor","A företag inom jordbruk, skogsbruk och fiske","totalt",1208,1250,1235,1234,1240,1261,1200,1233,1218,1208,1205,1232
"08 Kalmar län","kvinnor","A företag inom jordbruk, skogsbruk och fiske","inrikes född",1120,1153,1129,1129,1125,1137,1114,1138,1112,1103,1100,1119
"08 Kalmar län","kvinnor","A företag inom jordbruk, skogsbruk och fiske","utrikes född",88,98,106,105,116,124,86,96,106,105,106,113
"08 Kalmar län","kvinnor","B+C tillverkningsindustri; gruvor och mineralutvinningsindustri","totalt",4317,4372,4407,4274,4162,4195,4321,4393,4446,4317,4263,4270
"08 Kalmar län","kvinnor","B+C tillverkningsindustri; gruvor och mineralutvinningsindustri","inrikes född",3541,3571,3582,3440,3345,3380,3556,3595,3609,3474,3433,3457
"08 Kalmar län","kvinnor","B+C tillverkningsindustri; gruvor och mineralutvinningsindustri","utrikes född",775,800,825,834,818,816,765,798,837,844,830,813
"08 Kalmar län","kvinnor","D+E företag inom energi och miljö","totalt",420,441,460,469,502,524,423,436,454,466,499,522
"08 Kalmar län","kvinnor","D+E företag inom energi och miljö","inrikes född",391,409,424,432,463,482,396,407,422,429,460,481
"08 Kalmar län","kvinnor","D+E företag inom energi och miljö","utrikes född",29,32,37,38,40,42,27,30,33,37,39,42
"08 Kalmar län","kvinnor","F byggindustri","totalt",652,644,667,704,696,678,654,633,664,702,701,689
"08 Kalmar län","kvinnor","F byggindustri","inrikes född",592,581,594,620,617,608,597,572,591,621,622,620
"08 Kalmar län","kvinnor","F byggindustri","utrikes född",60,63,73,85,80,69,57,60,74,81,81,71
"08 Kalmar län","kvinnor","G handel; serviceverkstäder för motorfordon och motorcyklar","totalt",5384,5593,5785,5716,5547,5425,5463,5661,5828,5767,5601,5464
"08 Kalmar län","kvinnor","G handel; serviceverkstäder för motorfordon och motorcyklar","inrikes född",4951,5101,5228,5146,4997,4895,5019,5163,5268,5195,5038,4919
"08 Kalmar län","kvinnor","G handel; serviceverkstäder för motorfordon och motorcyklar","utrikes född",433,491,558,571,550,530,445,498,560,573,564,546
"08 Kalmar län","kvinnor","H transport- och magasineringsföretag","totalt",792,794,837,772,761,774,836,829,862,831,827,824
"08 Kalmar län","kvinnor","H transport- och magasineringsföretag","inrikes född",727,721,760,701,684,689,760,746,778,750,740,732
"08 Kalmar län","kvinnor","H transport- och magasineringsföretag","utrikes född",65,72,76,71,77,84,75,83,84,81,85,93
"08 Kalmar län","kvinnor","I hotell och restauranger","totalt",1913,1996,2346,2374,2497,2468,1867,1928,2304,2317,2367,2446
"08 Kalmar län","kvinnor","I hotell och restauranger","inrikes född",1458,1493,1722,1717,1791,1743,1414,1424,1669,1657,1664,1711
"08 Kalmar län","kvinnor","I hotell och restauranger","utrikes född",454,504,624,657,706,725,455,504,635,660,702,736
"08 Kalmar län","kvinnor","J informations- och kommunikationsföretag","totalt",391,392,417,466,433,413,453,462,498,554,537,515
"08 Kalmar län","kvinnor","J informations- och kommunikationsföretag","inrikes född",352,351,366,397,367,348,405,409,437,469,456,438
"08 Kalmar län","kvinnor","J informations- och kommunikationsföretag","utrikes född",37,42,51,68,65,65,50,55,61,85,82,77
"08 Kalmar län","kvinnor","K kreditinstitut och försäkringsbolag m.m.","totalt",491,491,502,521,549,574,502,519,535,561,582,596
"08 Kalmar län","kvinnor","K kreditinstitut och försäkringsbolag m.m.","inrikes född",466,464,475,491,515,540,476,488,506,527,546,560
"08 Kalmar län","kvinnor","K kreditinstitut och försäkringsbolag m.m.","utrikes född",26,29,29,30,33,34,26,31,31,34,36,36
"08 Kalmar län","kvinnor","L fastighetsbolag och fastighetsförvaltare","totalt",670,672,710,688,670,684,665,676,725,701,684,701
"08 Kalmar län","kvinnor","L fastighetsbolag och fastighetsförvaltare","inrikes född",612,612,639,621,603,605,605,616,652,632,614,618
"08 Kalmar län","kvinnor","L fastighetsbolag och fastighetsförvaltare","utrikes född",58,62,70,67,67,79,61,61,73,69,71,83
"08 Kalmar län","kvinnor","M+N företag inom juridik, ekonomi, vetenskap och teknik; företag inom uthyrning, fastighetsservice, resetjänster och andra stödtjänster","totalt",3589,3685,3787,3938,3930,3954,3744,3880,4004,4165,4100,4112
"08 Kalmar län","kvinnor","M+N företag inom juridik, ekonomi, vetenskap och teknik; företag inom uthyrning, fastighetsservice, resetjänster och andra stödtjänster","inrikes född",2876,2925,2972,3078,3050,3050,3005,3084,3148,3257,3193,3193
"08 Kalmar län","kvinnor","M+N företag inom juridik, ekonomi, vetenskap och teknik; företag inom uthyrning, fastighetsservice, resetjänster och andra stödtjänster","utrikes född",712,761,814,860,880,903,737,796,857,907,907,920
"08 Kalmar län","kvinnor","O civila myndigheter och försvaret","totalt",3996,4004,4120,4167,4293,4424,4033,4067,4184,4233,4379,4504
"08 Kalmar län","kvinnor","O civila myndigheter och försvaret","inrikes född",3659,3662,3753,3788,3901,4024,3697,3722,3815,3852,3983,4101
"08 Kalmar län","kvinnor","O civila myndigheter och försvaret","utrikes född",338,341,366,380,391,400,336,346,369,381,396,404
"08 Kalmar län","kvinnor","P utbildningsväsendet","totalt",9388,9245,9406,9467,9227,8892,9392,9277,9454,9512,9232,8940
"08 Kalmar län","kvinnor","P utbildningsväsendet","inrikes född",8359,8200,8300,8316,8098,7822,8366,8230,8334,8351,8125,7874
"08 Kalmar län","kvinnor","P utbildningsväsendet","utrikes född",1030,1044,1106,1152,1128,1071,1026,1047,1119,1160,1107,1065
"08 Kalmar län","kvinnor","Q enheter för vård och omsorg, socialtjänst","totalt",17926,18100,18157,18076,18096,18090,18125,18271,18319,18286,18415,18390
"08 Kalmar län","kvinnor","Q enheter för vård och omsorg, socialtjänst","inrikes född",15240,15204,15003,14729,14614,14449,15383,15324,15130,14895,14870,14695
"08 Kalmar län","kvinnor","Q enheter för vård och omsorg, socialtjänst","utrikes född",2688,2896,3152,3347,3482,3640,2743,2947,3189,3391,3544,3696
"08 Kalmar län","kvinnor","R+S+T+U enheter för kultur, nöje och fritid; andra serviceföretag m.m.","totalt",2574,2634,2718,2811,2779,2777,2573,2615,2700,2766,2728,2722
"08 Kalmar län","kvinnor","R+S+T+U enheter för kultur, nöje och fritid; andra serviceföretag m.m.","inrikes född",2322,2346,2401,2481,2442,2430,2310,2318,2368,2419,2383,2376
"08 Kalmar län","kvinnor","R+S+T+U enheter för kultur, nöje och fritid; andra serviceföretag m.m.","utrikes född",253,288,317,332,338,346,264,297,331,346,346,347
"08 Kalmar län","kvinnor","US uppgift saknas","totalt",59,86,87,95,108,119,87,117,114,116,139,147
"08 Kalmar län","kvinnor","US uppgift saknas","inrikes född",54,75,73,81,92,95,72,90,89,92,109,114
"08 Kalmar län","kvinnor","US uppgift saknas","utrikes född",5,10,13,15,16,25,15,28,27,24,31,33
"08 Kalmar län","totalt","A-U+US Total","totalt",113000,114404,116610,116488,115344,114663,115191,116795,119180,119242,118161,117619
"08 Kalmar län","totalt","A-U+US Total","inrikes född",97356,97629,98503,97713,96534,95726,99316,99693,100656,100085,99014,98350
"08 Kalmar län","totalt","A-U+US Total","utrikes född",15644,16776,18107,18774,18810,18937,15877,17102,18524,19156,19146,19269
"08 Kalmar län","totalt","A företag inom jordbruk, skogsbruk och fiske","totalt",5197,5233,5136,5073,5004,4995,5176,5205,5111,5035,4958,4964
"08 Kalmar län","totalt","A företag inom jordbruk, skogsbruk och fiske","inrikes född",4855,4873,4761,4691,4624,4596,4836,4840,4732,4653,4589,4572
"08 Kalmar län","totalt","A företag inom jordbruk, skogsbruk och fiske","utrikes född",343,361,374,381,381,399,340,365,380,382,369,393
"08 Kalmar län","totalt","B+C tillverkningsindustri; gruvor och mineralutvinningsindustri","totalt",19020,19176,19200,18546,18023,18126,19175,19426,19523,18905,18620,18631
"08 Kalmar län","totalt","B+C tillverkningsindustri; gruvor och mineralutvinningsindustri","inrikes född",15878,15761,15628,15004,14550,14603,16009,15965,15873,15292,15048,15070
"08 Kalmar län","totalt","B+C tillverkningsindustri; gruvor och mineralutvinningsindustri","utrikes född",3141,3415,3570,3542,3474,3521,3165,3461,3650,3613,3572,3561
"08 Kalmar län","totalt","D+E företag inom energi och miljö","totalt",1900,1937,1991,2005,2069,2093,1930,1944,1976,1983,2046,2078
"08 Kalmar län","totalt","D+E företag inom energi och miljö","inrikes född",1798,1820,1852,1857,1919,1949,1831,1833,1844,1843,1902,1937
"08 Kalmar län","totalt","D+E företag inom energi och miljö","utrikes född",102,116,139,149,149,143,99,112,133,140,143,141
"08 Kalmar län","totalt","F byggindustri","totalt",7973,8017,8140,8139,7921,7762,8099,8156,8316,8330,8076,7906
"08 Kalmar län","totalt","F byggindustri","inrikes född",7352,7355,7420,7354,7158,7041,7486,7490,7583,7536,7311,7175
"08 Kalmar län","totalt","F byggindustri","utrikes född",621,661,719,785,762,721,614,665,733,794,766,732
"08 Kalmar län","totalt","G handel; serviceverkstäder för motorfordon och motorcyklar","totalt",11486,11801,12195,12190,11827,11518,11781,12101,12473,12547,12217,11871
"08 Kalmar län","totalt","G handel; serviceverkstäder för motorfordon och motorcyklar","inrikes född",10317,10533,10799,10743,10415,10166,10585,10806,11054,11063,10760,10475
"08 Kalmar län","totalt","G handel; serviceverkstäder för motorfordon och motorcyklar","utrikes född",1170,1269,1397,1448,1411,1354,1194,1296,1419,1483,1457,1396
"08 Kalmar län","totalt","H transport- och magasineringsföretag","totalt",4320,4341,4440,4205,4155,4123,4703,4699,4745,4553,4497,4455
"08 Kalmar län","totalt","H transport- och magasineringsföretag","inrikes född",3755,3719,3773,3551,3482,3419,4081,4022,4029,3850,3794,3731
"08 Kalmar län","totalt","H transport- och magasineringsföretag","utrikes född",565,622,667,654,673,705,622,677,716,702,702,723
"08 Kalmar län","totalt","I hotell och restauranger","totalt",3618,3763,4323,4380,4613,4538,3501,3602,4196,4243,4275,4439
"08 Kalmar län","totalt","I hotell och restauranger","inrikes född",2374,2465,2831,2842,3029,2925,2298,2334,2719,2734,2743,2829
"08 Kalmar län","totalt","I hotell och restauranger","utrikes född",1244,1298,1491,1538,1584,1613,1203,1268,1478,1509,1532,1609
"08 Kalmar län","totalt","J informations- och kommunikationsföretag","totalt",1581,1585,1646,1829,1761,1712,1809,1838,1960,2174,2117,2057
"08 Kalmar län","totalt","J informations- och kommunikationsföretag","inrikes född",1456,1457,1495,1604,1542,1503,1669,1684,1779,1915,1869,1827
"08 Kalmar län","totalt","J informations- och kommunikationsföretag","utrikes född",125,128,153,225,218,210,141,153,181,258,249,230
"08 Kalmar län","totalt","K kreditinstitut och försäkringsbolag m.m.","totalt",884,881,909,936,978,1022,929,938,979,1002,1034,1056
"08 Kalmar län","totalt","K kreditinstitut och försäkringsbolag m.m.","inrikes född",840,837,858,883,922,963,888,891,921,944,973,994
"08 Kalmar län","totalt","K kreditinstitut och försäkringsbolag m.m.","utrikes född",45,46,51,52,56,59,42,49,59,58,60,63
"08 Kalmar län","totalt","L fastighetsbolag och fastighetsförvaltare","totalt",1917,1950,2007,1955,1928,1945,1926,1970,2047,1997,1966,1986
"08 Kalmar län","totalt","L fastighetsbolag och fastighetsförvaltare","inrikes född",1742,1758,1813,1769,1738,1736,1747,1779,1850,1812,1775,1773
"08 Kalmar län","totalt","L fastighetsbolag och fastighetsförvaltare","utrikes född",176,192,196,186,190,209,180,191,197,186,191,213
"08 Kalmar län","totalt","M+N företag inom juridik, ekonomi, vetenskap och teknik; företag inom uthyrning, fastighetsservice, resetjänster och andra stödtjänster","totalt",8673,8916,9061,9412,9296,9317,9124,9480,9672,10014,9799,9816
"08 Kalmar län","totalt","M+N företag inom juridik, ekonomi, vetenskap och teknik; företag inom uthyrning, fastighetsservice, resetjänster och andra stödtjänster","inrikes född",7193,7339,7360,7617,7535,7544,7583,7815,7872,8138,7992,7991
"08 Kalmar län","totalt","M+N företag inom juridik, ekonomi, vetenskap och teknik; företag inom uthyrning, fastighetsservice, resetjänster och andra stödtjänster","utrikes född",1480,1577,1702,1797,1761,1772,1540,1665,1802,1875,1807,1825
"08 Kalmar län","totalt","O civila myndigheter och försvaret","totalt",6657,6671,6891,6958,7147,7370,6866,6913,7115,7202,7409,7637
"08 Kalmar län","totalt","O civila myndigheter och försvaret","inrikes född",6084,6082,6254,6313,6495,6701,6287,6318,6472,6541,6743,6956
"08 Kalmar län","totalt","O civila myndigheter och försvaret","utrikes född",573,590,636,646,653,669,580,595,643,661,666,681
"08 Kalmar län","totalt","P utbildningsväsendet","totalt",12362,12192,12333,12366,12082,11616,12364,12223,12378,12411,12078,11665
"08 Kalmar län","totalt","P utbildningsväsendet","inrikes född",10891,10708,10805,10805,10557,10174,10903,10745,10845,10848,10580,10230
"08 Kalmar län","totalt","P utbildningsväsendet","utrikes född",1471,1484,1529,1561,1524,1442,1459,1479,1533,1563,1498,1436
"08 Kalmar län","totalt","Q enheter för vård och omsorg, socialtjänst","totalt",22822,23210,23442,23419,23458,23431,23044,23397,23615,23672,23857,23808
"08 Kalmar län","totalt","Q enheter för vård och omsorg, socialtjänst","inrikes född",18750,18766,18577,18273,18146,17984,18908,18897,18701,18465,18456,18279
"08 Kalmar län","totalt","Q enheter för vård och omsorg, socialtjänst","utrikes född",4072,4445,4865,5146,5313,5447,4136,4500,4914,5208,5400,5530
"08 Kalmar län","totalt","R+S+T+U enheter för kultur, nöje och fritid; andra serviceföretag m.m.","totalt",4415,4506,4661,4822,4810,4816,4399,4476,4656,4768,4733,4762
"08 Kalmar län","totalt","R+S+T+U enheter för kultur, nöje och fritid; andra serviceföretag m.m.","inrikes född",3921,3962,4076,4198,4192,4191,3898,3928,4050,4121,4097,4119
"08 Kalmar län","totalt","R+S+T+U enheter för kultur, nöje och fritid; andra serviceföretag m.m.","utrikes född",492,544,585,625,618,626,501,548,608,647,637,642
"08 Kalmar län","totalt","US uppgift saknas","totalt",175,223,236,255,274,281,367,423,415,408,480,488
"08 Kalmar län","totalt","US uppgift saknas","inrikes född",150,195,199,215,232,230,307,344,334,332,382,392
"08 Kalmar län","totalt","US uppgift saknas","utrikes född",26,30,36,41,42,49,60,79,81,77,99,94
"09 Gotlands län","män","A-U+US Total","totalt",14343,14648,14982,14974,14748,14661,14871,15093,15521,15555,15381,15302
"09 Gotlands län","män","A-U+US Total","inrikes född",13187,13365,13583,13534,13308,13197,13732,13828,14118,14103,13926,13820
"09 Gotlands län","män","A-U+US Total","utrikes född",1156,1284,1400,1441,1440,1465,1138,1265,1403,1453,1455,1482
"09 Gotlands län","män","A företag inom jordbruk, skogsbruk och fiske","totalt",1360,1334,1306,1296,1265,1259,1353,1328,1300,1293,1260,1255
"09 Gotlands län","män","A företag inom jordbruk, skogsbruk och fiske","inrikes född",1328,1301,1270,1258,1223,1211,1322,1294,1264,1254,1219,1206
"09 Gotlands län","män","A företag inom jordbruk, skogsbruk och fiske","utrikes född",32,35,37,39,42,48,31,34,36,39,41,49
"09 Gotlands län","män","B+C tillverkningsindustri; gruvor och mineralutvinningsindustri","totalt",1320,1331,1317,1315,1307,1309,1355,1358,1349,1352,1342,1338
"09 Gotlands län","män","B+C tillverkningsindustri; gruvor och mineralutvinningsindustri","inrikes född",1224,1230,1217,1207,1201,1205,1263,1262,1252,1246,1239,1237
"09 Gotlands län","män","B+C tillverkningsindustri; gruvor och mineralutvinningsindustri","utrikes född",97,100,101,109,106,103,91,96,97,106,102,102
"09 Gotlands län","män","D+E företag inom energi och miljö","totalt",181,194,202,206,213,223,183,198,206,210,217,229
"09 Gotlands län","män","D+E företag inom energi och miljö","inrikes född",175,185,196,200,207,216,177,189,197,203,209,220
"09 Gotlands län","män","D+E företag inom energi och miljö","utrikes född",4,9,7,7,6,7,7,11,9,7,8,10
"09 Gotlands län","män","F byggindustri","totalt",2329,2342,2358,2321,2263,2261,2353,2369,2382,2342,2283,2290
"09 Gotlands län","män","F byggindustri","inrikes född",2207,2206,2214,2178,2119,2108,2238,2241,2243,2203,2142,2137
"09 Gotlands län","män","F byggindustri","utrikes född",123,135,144,144,144,153,115,129,140,139,141,152
"09 Gotlands län","män","G handel; serviceverkstäder för motorfordon och motorcyklar","totalt",1455,1500,1555,1513,1446,1400,1503,1530,1588,1540,1486,1456
"09 Gotlands län","män","G handel; serviceverkstäder för motorfordon och motorcyklar","inrikes född",1388,1418,1462,1423,1365,1324,1435,1450,1490,1448,1403,1379
"09 Gotlands län","män","G handel; serviceverkstäder för motorfordon och motorcyklar","utrikes född",68,81,94,90,81,76,69,80,97,91,83,78
"09 Gotlands län","män","H transport- och magasineringsföretag","totalt",864,880,902,911,922,891,1126,1140,1182,1174,1163,1147
"09 Gotlands län","män","H transport- och magasineringsföretag","inrikes född",821,828,841,849,850,812,1065,1067,1098,1087,1067,1042
"09 Gotlands län","män","H transport- och magasineringsföretag","utrikes född",44,53,61,63,73,79,62,72,85,87,97,105
"09 Gotlands län","män","I hotell och restauranger","totalt",736,833,933,869,839,841,645,692,808,798,788,763
"09 Gotlands län","män","I hotell och restauranger","inrikes född",524,578,644,601,577,575,465,476,550,547,541,518
"09 Gotlands län","män","I hotell och restauranger","utrikes född",212,255,290,268,262,266,181,216,257,250,247,245
"09 Gotlands län","män","J informations- och kommunikationsföretag","totalt",251,235,253,250,228,223,309,311,341,357,347,341
"09 Gotlands län","män","J informations- och kommunikationsföretag","inrikes född",236,217,229,225,208,203,287,286,312,325,321,316
"09 Gotlands län","män","J informations- och kommunikationsföretag","utrikes född",14,19,22,25,20,20,22,26,28,31,26,25
"09 Gotlands län","män","K kreditinstitut och försäkringsbolag m.m.","totalt",305,317,323,318,302,299,311,325,335,338,319,309
"09 Gotlands län","män","K kreditinstitut och försäkringsbolag m.m.","inrikes född",293,305,313,306,293,292,300,312,322,324,308,299
"09 Gotlands län","män","K kreditinstitut och försäkringsbolag m.m.","utrikes född",12,13,12,11,10,6,13,12,13,14,12,10
"09 Gotlands län","män","L fastighetsbolag och fastighetsförvaltare","totalt",323,328,340,341,347,348,344,340,348,346,346,354
"09 Gotlands län","män","L fastighetsbolag och fastighetsförvaltare","inrikes född",315,317,325,325,332,333,334,326,329,328,331,337
"09 Gotlands län","män","L fastighetsbolag och fastighetsförvaltare","utrikes född",8,11,15,16,16,15,10,15,19,18,15,17
"09 Gotlands län","män","M+N företag inom juridik, ekonomi, vetenskap och teknik; företag inom uthyrning, fastighetsservice, resetjänster och andra stödtjänster","totalt",1073,1120,1212,1251,1249,1241,1159,1199,1309,1339,1330,1319
"09 Gotlands län","män","M+N företag inom juridik, ekonomi, vetenskap och teknik; företag inom uthyrning, fastighetsservice, resetjänster och andra stödtjänster","inrikes född",999,1038,1118,1141,1121,1106,1081,1114,1207,1221,1201,1185
"09 Gotlands län","män","M+N företag inom juridik, ekonomi, vetenskap och teknik; företag inom uthyrning, fastighetsservice, resetjänster och andra stödtjänster","utrikes född",75,82,94,109,128,135,79,87,102,118,130,134
"09 Gotlands län","män","O civila myndigheter och försvaret","totalt",1301,1336,1369,1427,1417,1432,1372,1396,1429,1493,1508,1525
"09 Gotlands län","män","O civila myndigheter och försvaret","inrikes född",1223,1254,1287,1349,1343,1366,1295,1312,1347,1415,1432,1456
"09 Gotlands län","män","O civila myndigheter och försvaret","utrikes född",78,81,82,77,76,67,77,84,81,78,77,70
"09 Gotlands län","män","P utbildningsväsendet","totalt",744,742,759,786,776,782,746,747,769,789,781,795
"09 Gotlands län","män","P utbildningsväsendet","inrikes född",652,646,651,669,663,668,655,648,657,667,664,678
"09 Gotlands län","män","P utbildningsväsendet","utrikes född",92,96,107,116,114,115,92,98,112,122,117,118
"09 Gotlands län","män","Q enheter för vård och omsorg, socialtjänst","totalt",1240,1279,1265,1294,1297,1294,1200,1237,1242,1274,1277,1276
"09 Gotlands län","män","Q enheter för vård och omsorg, socialtjänst","inrikes född",1000,1023,991,986,987,977,972,995,978,985,984,967
"09 Gotlands län","män","Q enheter för vård och omsorg, socialtjänst","utrikes född",240,256,275,307,309,317,226,242,263,288,293,308
"09 Gotlands län","män","R+S+T+U enheter för kultur, nöje och fritid; andra serviceföretag m.m.","totalt",834,843,855,844,842,823,859,863,873,861,867,838
"09 Gotlands län","män","R+S+T+U enheter för kultur, nöje och fritid; andra serviceföretag m.m.","inrikes född",778,788,799,786,788,770,803,807,816,802,810,781
"09 Gotlands län","män","R+S+T+U enheter för kultur, nöje och fritid; andra serviceföretag m.m.","utrikes född",56,56,56,58,54,53,58,56,57,58,57,56
"09 Gotlands län","män","US uppgift saknas","totalt",27,35,35,32,36,36,50,59,61,54,65,65
"09 Gotlands län","män","US uppgift saknas","inrikes född",25,31,29,28,33,33,44,51,53,49,59,59
"09 Gotlands län","män","US uppgift saknas","utrikes född",3,4,4,4,3,2,7,5,8,6,8,6
"09 Gotlands län","kvinnor","A-U+US Total","totalt",13930,14335,14655,14664,14643,14696,14048,14390,14737,14794,14758,14728
"09 Gotlands län","kvinnor","A-U+US Total","inrikes född",12929,13232,13452,13404,13362,13358,13063,13300,13542,13538,13473,13380
"09 Gotlands län","kvinnor","A-U+US Total","utrikes född",1002,1102,1203,1260,1281,1338,987,1090,1196,1254,1284,1348
"09 Gotlands län","kvinnor","A företag inom jordbruk, skogsbruk och fiske","totalt",387,411,394,386,396,404,382,406,390,385,393,404
"09 Gotlands län","kvinnor","A företag inom jordbruk, skogsbruk och fiske","inrikes född",353,375,356,352,356,357,348,372,354,349,353,358
"09 Gotlands län","kvinnor","A företag inom jordbruk, skogsbruk och fiske","utrikes född",34,37,37,36,41,47,33,35,36,34,40,46
"09 Gotlands län","kvinnor","B+C tillverkningsindustri; gruvor och mineralutvinningsindustri","totalt",381,404,430,441,453,477,382,404,428,442,448,464
"09 Gotlands län","kvinnor","B+C tillverkningsindustri; gruvor och mineralutvinningsindustri","inrikes född",347,364,382,393,398,414,348,364,380,392,393,399
"09 Gotlands län","kvinnor","B+C tillverkningsindustri; gruvor och mineralutvinningsindustri","utrikes född",35,40,47,48,54,64,35,41,47,51,57,64
"09 Gotlands län","kvinnor","D+E företag inom energi och miljö","totalt",56,59,58,65,69,75,57,60,62,68,74,80
"09 Gotlands län","kvinnor","D+E företag inom energi och miljö","inrikes född",54,56,56,63,66,72,55,58,59,65,72,79
"09 Gotlands län","kvinnor","D+E företag inom energi och miljö","utrikes född",3,3,2,1,1,3,3,3,2,1,1,3
"09 Gotlands län","kvinnor","F byggindustri","totalt",194,195,197,212,205,211,197,202,201,217,209,215
"09 Gotlands län","kvinnor","F byggindustri","inrikes född",184,184,185,198,193,196,187,189,187,201,193,197
"09 Gotlands län","kvinnor","F byggindustri","utrikes född",10,10,12,14,11,15,10,12,13,16,15,17
"09 Gotlands län","kvinnor","G handel; serviceverkstäder för motorfordon och motorcyklar","totalt",1300,1325,1340,1344,1337,1356,1302,1321,1325,1313,1311,1307
"09 Gotlands län","kvinnor","G handel; serviceverkstäder för motorfordon och motorcyklar","inrikes född",1247,1270,1277,1277,1275,1290,1246,1261,1261,1246,1250,1245
"09 Gotlands län","kvinnor","G handel; serviceverkstäder för motorfordon och motorcyklar","utrikes född",52,55,63,67,62,67,55,59,63,66,61,64
"09 Gotlands län","kvinnor","H transport- och magasineringsföretag","totalt",252,257,253,263,284,278,379,380,383,389,397,389
"09 Gotlands län","kvinnor","H transport- och magasineringsföretag","inrikes född",241,243,240,249,266,261,361,354,353,361,368,359
"09 Gotlands län","kvinnor","H transport- och magasineringsföretag","utrikes född",10,13,14,14,17,18,20,26,30,28,27,30
"09 Gotlands län","kvinnor","I hotell och restauranger","totalt",777,846,952,886,850,890,689,705,807,802,785,795
"09 Gotlands län","kvinnor","I hotell och restauranger","inrikes född",634,697,772,701,666,702,562,575,647,623,605,612
"09 Gotlands län","kvinnor","I hotell och restauranger","utrikes född",142,149,180,185,183,187,127,130,160,180,180,184
"09 Gotlands län","kvinnor","J informations- och kommunikationsföretag","totalt",109,102,106,94,95,90,118,119,131,125,126,121
"09 Gotlands län","kvinnor","J informations- och kommunikationsföretag","inrikes född",101,95,97,85,85,81,107,111,120,113,111,110
"09 Gotlands län","kvinnor","J informations- och kommunikationsföretag","utrikes född",9,9,10,10,10,9,10,8,9,11,14,12
"09 Gotlands län","kvinnor","K kreditinstitut och försäkringsbolag m.m.","totalt",344,355,381,376,360,361,345,359,387,385,367,358
"09 Gotlands län","kvinnor","K kreditinstitut och försäkringsbolag m.m.","inrikes född",330,340,367,360,346,346,333,344,371,367,354,343
"09 Gotlands län","kvinnor","K kreditinstitut och försäkringsbolag m.m.","utrikes född",13,15,13,17,15,15,11,15,17,18,14,15
"09 Gotlands län","kvinnor","L fastighetsbolag och fastighetsförvaltare","totalt",161,177,193,194,196,197,162,177,192,194,189,189
"09 Gotlands län","kvinnor","L fastighetsbolag och fastighetsförvaltare","inrikes född",154,168,179,179,185,183,154,168,180,180,181,178
"09 Gotlands län","kvinnor","L fastighetsbolag och fastighetsförvaltare","utrikes född",7,10,13,13,10,13,7,10,13,14,10,12
"09 Gotlands län","kvinnor","M+N företag inom juridik, ekonomi, vetenskap och teknik; företag inom uthyrning, fastighetsservice, resetjänster och andra stödtjänster","totalt",817,864,941,950,942,1003,875,939,1024,1027,1019,1057
"09 Gotlands län","kvinnor","M+N företag inom juridik, ekonomi, vetenskap och teknik; företag inom uthyrning, fastighetsservice, resetjänster och andra stödtjänster","inrikes född",753,791,853,852,825,873,806,856,926,917,886,920
"09 Gotlands län","kvinnor","M+N företag inom juridik, ekonomi, vetenskap och teknik; företag inom uthyrning, fastighetsservice, resetjänster och andra stödtjänster","utrikes född",64,73,88,100,116,129,68,83,98,111,132,138
"09 Gotlands län","kvinnor","O civila myndigheter och försvaret","totalt",1820,1859,1901,1923,1913,1847,1832,1865,1906,1934,1929,1858
"09 Gotlands län","kvinnor","O civila myndigheter och försvaret","inrikes född",1711,1747,1783,1819,1811,1754,1726,1753,1789,1831,1826,1760
"09 Gotlands län","kvinnor","O civila myndigheter och försvaret","utrikes född",109,114,118,105,102,94,106,112,118,102,103,97
"09 Gotlands län","kvinnor","P utbildningsväsendet","totalt",2134,2165,2201,2265,2260,2273,2148,2177,2217,2264,2252,2266
"09 Gotlands län","kvinnor","P utbildningsväsendet","inrikes född",2015,2032,2055,2085,2081,2092,2034,2050,2077,2087,2078,2092
"09 Gotlands län","kvinnor","P utbildningsväsendet","utrikes född",119,131,146,181,179,181,113,126,141,176,175,174
"09 Gotlands län","kvinnor","Q enheter för vård och omsorg, socialtjänst","totalt",4356,4459,4414,4366,4381,4332,4319,4405,4363,4335,4339,4303
"09 Gotlands län","kvinnor","Q enheter för vård och omsorg, socialtjänst","inrikes född",4020,4076,4019,3961,3964,3903,3991,4035,3981,3955,3941,3881
"09 Gotlands län","kvinnor","Q enheter för vård och omsorg, socialtjänst","utrikes född",336,383,396,404,417,429,327,370,383,381,397,421
"09 Gotlands län","kvinnor","R+S+T+U enheter för kultur, nöje och fritid; andra serviceföretag m.m.","totalt",829,832,871,872,876,877,838,840,894,885,887,886
"09 Gotlands län","kvinnor","R+S+T+U enheter för kultur, nöje och fritid; andra serviceföretag m.m.","inrikes född",769,774,808,811,816,811,779,782,831,824,829,817
"09 Gotlands län","kvinnor","R+S+T+U enheter för kultur, nöje och fritid; andra serviceföretag m.m.","utrikes född",61,59,63,62,60,66,58,57,62,61,58,69
"09 Gotlands län","kvinnor","US uppgift saknas","totalt",16,25,23,25,28,28,25,31,31,30,36,35
"09 Gotlands län","kvinnor","US uppgift saknas","inrikes född",15,23,22,24,26,25,22,28,27,29,33,30
"09 Gotlands län","kvinnor","US uppgift saknas","utrikes född",0,0,0,1,2,3,4,3,4,1,2,4
"09 Gotlands län","totalt","A-U+US Total","totalt",28272,28983,29636,29638,29391,29358,28919,29482,30258,30349,30139,30029
"09 Gotlands län","totalt","A-U+US Total","inrikes född",26116,26597,27034,26939,26669,26555,26795,27128,27660,27640,27400,27198
"09 Gotlands län","totalt","A-U+US Total","utrikes född",2157,2387,2602,2699,2721,2803,2124,2355,2598,2708,2738,2830
"09 Gotlands län","totalt","A företag inom jordbruk, skogsbruk och fiske","totalt",1748,1747,1699,1683,1663,1663,1734,1734,1689,1678,1652,1659
"09 Gotlands län","totalt","A företag inom jordbruk, skogsbruk och fiske","inrikes född",1683,1676,1626,1609,1579,1568,1670,1666,1618,1604,1573,1565
"09 Gotlands län","totalt","A företag inom jordbruk, skogsbruk och fiske","utrikes född",66,71,72,74,83,96,65,69,71,73,81,94
"09 Gotlands län","totalt","B+C tillverkningsindustri; gruvor och mineralutvinningsindustri","totalt",1700,1734,1748,1758,1760,1786,1737,1763,1776,1794,1790,1802
"09 Gotlands län","totalt","B+C tillverkningsindustri; gruvor och mineralutvinningsindustri","inrikes född",1569,1593,1599,1600,1599,1619,1612,1626,1633,1638,1632,1635
"09 Gotlands län","totalt","B+C tillverkningsindustri; gruvor och mineralutvinningsindustri","utrikes född",131,142,148,157,160,167,126,137,144,156,159,166
"09 Gotlands län","totalt","D+E företag inom energi och miljö","totalt",236,252,260,272,281,297,241,259,267,278,291,309
"09 Gotlands län","totalt","D+E företag inom energi och miljö","inrikes född",229,241,251,262,274,288,232,247,255,268,281,298
"09 Gotlands län","totalt","D+E företag inom energi och miljö","utrikes född",7,11,9,9,8,10,7,12,11,11,10,10
"09 Gotlands län","totalt","F byggindustri","totalt",2524,2537,2554,2534,2468,2472,2550,2571,2583,2559,2491,2505
"09 Gotlands län","totalt","F byggindustri","inrikes född",2392,2391,2399,2376,2313,2304,2425,2431,2430,2403,2336,2336
"09 Gotlands län","totalt","F byggindustri","utrikes född",132,146,156,158,156,168,123,140,153,155,155,169
"09 Gotlands län","totalt","G handel; serviceverkstäder för motorfordon och motorcyklar","totalt",2756,2826,2895,2856,2783,2757,2805,2850,2912,2853,2797,2764
"09 Gotlands län","totalt","G handel; serviceverkstäder för motorfordon och motorcyklar","inrikes född",2635,2690,2739,2700,2640,2615,2681,2712,2751,2695,2654,2623
"09 Gotlands län","totalt","G handel; serviceverkstäder för motorfordon och motorcyklar","utrikes född",120,136,156,157,143,143,125,139,161,157,143,142
"09 Gotlands län","totalt","H transport- och magasineringsföretag","totalt",1116,1137,1154,1174,1205,1169,1506,1521,1565,1562,1560,1536
"09 Gotlands län","totalt","H transport- och magasineringsföretag","inrikes född",1062,1071,1080,1097,1116,1073,1424,1422,1451,1447,1435,1401
"09 Gotlands län","totalt","H transport- och magasineringsföretag","utrikes född",54,67,74,77,89,96,82,98,115,115,124,134
"09 Gotlands län","totalt","I hotell och restauranger","totalt",1513,1679,1885,1755,1689,1730,1333,1398,1615,1600,1573,1558
"09 Gotlands län","totalt","I hotell och restauranger","inrikes född",1159,1275,1415,1303,1242,1277,1027,1051,1198,1170,1146,1129
"09 Gotlands län","totalt","I hotell och restauranger","utrikes född",354,404,469,453,446,452,307,346,417,430,428,429
"09 Gotlands län","totalt","J informations- och kommunikationsföretag","totalt",360,338,358,344,322,312,427,430,471,481,474,462
"09 Gotlands län","totalt","J informations- och kommunikationsföretag","inrikes född",337,311,325,310,293,283,394,396,434,438,433,425
"09 Gotlands län","totalt","J informations- och kommunikationsföretag","utrikes född",22,27,32,35,30,29,32,34,38,42,40,36
"09 Gotlands län","totalt","K kreditinstitut och försäkringsbolag m.m.","totalt",648,670,706,694,663,660,655,684,723,723,684,667
"09 Gotlands län","totalt","K kreditinstitut och försäkringsbolag m.m.","inrikes född",624,644,680,666,638,637,631,656,693,692,660,642
"09 Gotlands län","totalt","K kreditinstitut och försäkringsbolag m.m.","utrikes född",24,28,26,27,24,22,24,28,30,31,25,25
"09 Gotlands län","totalt","L fastighetsbolag och fastighetsförvaltare","totalt",483,505,532,536,543,544,506,518,540,540,535,544
"09 Gotlands län","totalt","L fastighetsbolag och fastighetsförvaltare","inrikes född",468,486,504,505,517,516,489,494,509,508,510,515
"09 Gotlands län","totalt","L fastighetsbolag och fastighetsförvaltare","utrikes född",15,20,28,31,27,28,17,24,31,32,25,28
"09 Gotlands län","totalt","M+N företag inom juridik, ekonomi, vetenskap och teknik; företag inom uthyrning, fastighetsservice, resetjänster och andra stödtjänster","totalt",1890,1984,2154,2201,2189,2244,2036,2139,2332,2366,2350,2375
"09 Gotlands län","totalt","M+N företag inom juridik, ekonomi, vetenskap och teknik; företag inom uthyrning, fastighetsservice, resetjänster och andra stödtjänster","inrikes född",1751,1828,1971,1993,1945,1979,1888,1969,2133,2137,2087,2104
"09 Gotlands län","totalt","M+N företag inom juridik, ekonomi, vetenskap och teknik; företag inom uthyrning, fastighetsservice, resetjänster och andra stödtjänster","utrikes född",138,155,183,209,244,265,147,169,200,228,263,271
"09 Gotlands län","totalt","O civila myndigheter och försvaret","totalt",3120,3195,3270,3350,3330,3279,3203,3261,3334,3427,3437,3383
"09 Gotlands län","totalt","O civila myndigheter och försvaret","inrikes född",2934,3000,3071,3169,3154,3119,3021,3065,3136,3245,3258,3217
"09 Gotlands län","totalt","O civila myndigheter och försvaret","utrikes född",186,195,200,181,176,160,182,197,199,182,179,167
"09 Gotlands län","totalt","P utbildningsväsendet","totalt",2878,2904,2959,3052,3035,3054,2895,2922,2985,3052,3034,3061
"09 Gotlands län","totalt","P utbildningsväsendet","inrikes född",2666,2678,2707,2753,2744,2759,2689,2698,2734,2753,2741,2769
"09 Gotlands län","totalt","P utbildningsväsendet","utrikes född",212,227,252,298,292,296,205,224,252,299,293,293
"09 Gotlands län","totalt","Q enheter för vård och omsorg, socialtjänst","totalt",5595,5738,5680,5659,5678,5627,5518,5641,5605,5609,5615,5579
"09 Gotlands län","totalt","Q enheter för vård och omsorg, socialtjänst","inrikes född",5019,5098,5010,4948,4952,4880,4965,5030,4958,4939,4925,4850
"09 Gotlands län","totalt","Q enheter för vård och omsorg, socialtjänst","utrikes född",576,639,670,711,727,745,554,611,647,669,690,730
"09 Gotlands län","totalt","R+S+T+U enheter för kultur, nöje och fritid; andra serviceföretag m.m.","totalt",1664,1676,1726,1715,1719,1701,1698,1704,1768,1746,1754,1724
"09 Gotlands län","totalt","R+S+T+U enheter för kultur, nöje och fritid; andra serviceföretag m.m.","inrikes född",1547,1561,1608,1596,1605,1582,1581,1589,1648,1626,1639,1598
"09 Gotlands län","totalt","R+S+T+U enheter för kultur, nöje och fritid; andra serviceföretag m.m.","utrikes född",116,114,117,119,113,118,116,115,120,120,117,125
"09 Gotlands län","totalt","US uppgift saknas","totalt",42,58,58,57,65,64,75,88,92,84,101,101
"09 Gotlands län","totalt","US uppgift saknas","inrikes född",39,54,51,53,59,59,65,80,80,76,92,90
"09 Gotlands län","totalt","US uppgift saknas","utrikes född",4,5,6,6,6,6,10,9,11,8,9,10
"10 Blekinge län","män","A-U+US Total","totalt",37823,38273,38880,39002,38685,38679,38546,39083,39892,40107,39877,39729
"10 Blekinge län","män","A-U+US Total","inrikes född",32474,32658,32880,32828,32557,32493,33143,33384,33794,33826,33661,33516
"10 Blekinge län","män","A-U+US Total","utrikes född",5349,5614,5999,6173,6129,6186,5403,5700,6098,6282,6216,6212
"10 Blekinge län","män","A företag inom jordbruk, skogsbruk och fiske","totalt",1592,1523,1503,1445,1411,1405,1591,1535,1515,1458,1428,1433
"10 Blekinge län","män","A företag inom jordbruk, skogsbruk och fiske","inrikes född",1491,1435,1421,1358,1326,1306,1495,1445,1434,1372,1341,1329
"10 Blekinge län","män","A företag inom jordbruk, skogsbruk och fiske","utrikes född",102,89,81,87,87,98,96,90,82,87,87,103
"10 Blekinge län","män","B+C tillverkningsindustri; gruvor och mineralutvinningsindustri","totalt",8985,9090,9168,9480,9843,9939,8843,8982,9121,9315,9614,9682
"10 Blekinge län","män","B+C tillverkningsindustri; gruvor och mineralutvinningsindustri","inrikes född",7943,8012,8033,8276,8585,8625,7889,7997,8078,8206,8460,8498
"10 Blekinge län","män","B+C tillverkningsindustri; gruvor och mineralutvinningsindustri","utrikes född",1042,1078,1134,1204,1258,1314,954,984,1042,1109,1152,1186
"10 Blekinge län","män","D+E företag inom energi och miljö","totalt",683,703,716,718,736,646,699,722,743,745,763,677
"10 Blekinge län","män","D+E företag inom energi och miljö","inrikes född",644,661,675,676,690,600,659,681,700,701,713,625
"10 Blekinge län","män","D+E företag inom energi och miljö","utrikes född",38,42,40,43,47,48,39,41,42,43,49,51
"10 Blekinge län","män","F byggindustri","totalt",4285,4309,4426,4376,4236,4305,4405,4453,4552,4478,4318,4313
"10 Blekinge län","män","F byggindustri","inrikes född",3954,3957,4037,3979,3879,3955,4063,4077,4133,4064,3955,3975
"10 Blekinge län","män","F byggindustri","utrikes född",330,353,390,398,358,349,341,376,420,413,362,338
"10 Blekinge län","män","G handel; serviceverkstäder för motorfordon och motorcyklar","totalt",3237,3313,3257,3196,3088,3023,3405,3497,3482,3408,3337,3293
"10 Blekinge län","män","G handel; serviceverkstäder för motorfordon och motorcyklar","inrikes född",2727,2766,2697,2648,2568,2510,2883,2933,2899,2842,2783,2738
"10 Blekinge län","män","G handel; serviceverkstäder för motorfordon och motorcyklar","utrikes född",510,547,561,548,519,512,523,563,582,566,554,555
"10 Blekinge län","män","H transport- och magasineringsföretag","totalt",1816,1811,1881,1757,1665,1637,2037,2006,2030,1916,1872,1844
"10 Blekinge län","män","H transport- och magasineringsföretag","inrikes född",1473,1450,1464,1363,1280,1243,1634,1590,1581,1486,1451,1424
"10 Blekinge län","män","H transport- och magasineringsföretag","utrikes född",343,361,415,394,385,394,402,416,449,431,421,420
"10 Blekinge län","män","I hotell och restauranger","totalt",965,969,1136,1081,1104,1124,941,948,1111,1091,1099,1102
"10 Blekinge län","män","I hotell och restauranger","inrikes född",496,495,599,566,583,603,485,490,594,579,592,603
"10 Blekinge län","män","I hotell och restauranger","utrikes född",470,475,537,515,521,520,456,458,518,512,507,498
"10 Blekinge län","män","J informations- och kommunikationsföretag","totalt",1954,1955,1935,2013,1991,1878,2022,2026,2018,2124,2133,2023
"10 Blekinge län","män","J informations- och kommunikationsföretag","inrikes född",1699,1689,1674,1726,1680,1596,1758,1744,1734,1814,1794,1714
"10 Blekinge län","män","J informations- och kommunikationsföretag","utrikes född",254,265,261,287,310,283,264,282,285,312,339,309
"10 Blekinge län","män","K kreditinstitut och försäkringsbolag m.m.","totalt",214,226,241,239,232,237,239,250,267,265,253,254
"10 Blekinge län","män","K kreditinstitut och försäkringsbolag m.m.","inrikes född",201,212,227,226,219,221,225,233,248,246,236,236
"10 Blekinge län","män","K kreditinstitut och försäkringsbolag m.m.","utrikes född",13,14,14,13,12,16,15,17,18,18,17,18
"10 Blekinge län","män","L fastighetsbolag och fastighetsförvaltare","totalt",770,789,753,752,740,778,817,836,812,810,802,844
"10 Blekinge län","män","L fastighetsbolag och fastighetsförvaltare","inrikes född",695,714,673,673,662,677,739,756,730,727,721,735
"10 Blekinge län","män","L fastighetsbolag och fastighetsförvaltare","utrikes född",75,76,79,80,78,101,78,79,81,84,82,109
"10 Blekinge län","män","M+N företag inom juridik, ekonomi, vetenskap och teknik; företag inom uthyrning, fastighetsservice, resetjänster och andra stödtjänster","totalt",3397,3448,3589,3744,3432,3482,3532,3645,3832,4001,3682,3704
"10 Blekinge län","män","M+N företag inom juridik, ekonomi, vetenskap och teknik; företag inom uthyrning, fastighetsservice, resetjänster och andra stödtjänster","inrikes född",2835,2855,2935,3027,2800,2817,2947,3029,3143,3247,3003,2995
"10 Blekinge län","män","M+N företag inom juridik, ekonomi, vetenskap och teknik; företag inom uthyrning, fastighetsservice, resetjänster och andra stödtjänster","utrikes född",562,593,656,717,631,665,585,616,689,754,679,710
"10 Blekinge län","män","O civila myndigheter och försvaret","totalt",3734,3955,3919,3787,3732,3836,3649,3775,3822,3855,3881,3986
"10 Blekinge län","män","O civila myndigheter och försvaret","inrikes född",3527,3693,3698,3579,3552,3648,3438,3512,3601,3647,3697,3798
"10 Blekinge län","män","O civila myndigheter och försvaret","utrikes född",207,263,221,207,179,187,210,265,220,209,183,187
"10 Blekinge län","män","P utbildningsväsendet","totalt",2129,2056,2091,2109,2054,1974,2155,2079,2116,2139,2080,1978
"10 Blekinge län","män","P utbildningsväsendet","inrikes född",1765,1705,1712,1725,1687,1638,1788,1729,1739,1755,1714,1655
"10 Blekinge län","män","P utbildningsväsendet","utrikes född",363,351,378,385,368,336,368,352,377,384,366,324
"10 Blekinge län","män","Q enheter för vård och omsorg, socialtjänst","totalt",2980,3037,3151,3186,3269,3272,3044,3121,3236,3269,3346,3336
"10 Blekinge län","män","Q enheter för vård och omsorg, socialtjänst","inrikes född",2110,2092,2095,2071,2095,2109,2165,2163,2153,2124,2166,2162
"10 Blekinge län","män","Q enheter för vård och omsorg, socialtjänst","utrikes född",870,945,1056,1116,1174,1165,880,959,1082,1144,1179,1174
"10 Blekinge län","män","R+S+T+U enheter för kultur, nöje och fritid; andra serviceföretag m.m.","totalt",1065,1053,1084,1078,1096,1094,1066,1066,1102,1091,1098,1089
"10 Blekinge län","män","R+S+T+U enheter för kultur, nöje och fritid; andra serviceföretag m.m.","inrikes född",897,895,915,903,912,908,901,909,935,916,915,906
"10 Blekinge län","män","R+S+T+U enheter för kultur, nöje och fritid; andra serviceföretag m.m.","utrikes född",168,159,170,173,185,187,164,156,167,175,182,182
"10 Blekinge län","män","US uppgift saknas","totalt",21,34,31,46,56,50,105,142,135,140,174,171
"10 Blekinge län","män","US uppgift saknas","inrikes född",16,29,25,35,39,37,76,97,91,98,120,120
"10 Blekinge län","män","US uppgift saknas","utrikes född",4,6,6,12,16,14,29,44,43,42,54,51
"10 Blekinge län","kvinnor","A-U+US Total","totalt",33465,33581,34161,34518,34497,34400,34248,34403,35124,35438,35437,35370
"10 Blekinge län","kvinnor","A-U+US Total","inrikes född",28848,28811,29087,29188,29095,28886,29635,29611,30018,30102,30026,29829
"10 Blekinge län","kvinnor","A-U+US Total","utrikes född",4619,4770,5074,5330,5401,5514,4612,4793,5106,5336,5410,5540
"10 Blekinge län","kvinnor","A företag inom jordbruk, skogsbruk och fiske","totalt",447,450,444,433,420,431,447,455,454,442,431,445
"10 Blekinge län","kvinnor","A företag inom jordbruk, skogsbruk och fiske","inrikes född",394,395,387,376,363,363,394,401,397,387,372,375
"10 Blekinge län","kvinnor","A företag inom jordbruk, skogsbruk och fiske","utrikes född",54,54,58,58,58,67,54,53,56,55,57,68
"10 Blekinge län","kvinnor","B+C tillverkningsindustri; gruvor och mineralutvinningsindustri","totalt",2225,2284,2304,2473,2616,2683,2193,2243,2317,2436,2559,2628
"10 Blekinge län","kvinnor","B+C tillverkningsindustri; gruvor och mineralutvinningsindustri","inrikes född",1913,1959,1971,2127,2265,2309,1907,1942,2008,2123,2247,2293
"10 Blekinge län","kvinnor","B+C tillverkningsindustri; gruvor och mineralutvinningsindustri","utrikes född",311,327,333,348,351,373,284,302,309,313,312,333
"10 Blekinge län","kvinnor","D+E företag inom energi och miljö","totalt",207,208,219,227,240,211,214,216,223,230,242,222
"10 Blekinge län","kvinnor","D+E företag inom energi och miljö","inrikes född",194,196,205,213,226,202,199,200,208,216,228,212
"10 Blekinge län","kvinnor","D+E företag inom energi och miljö","utrikes född",13,14,14,15,14,11,15,16,16,15,14,11
"10 Blekinge län","kvinnor","F byggindustri","totalt",379,366,379,391,393,426,381,378,393,403,400,428
"10 Blekinge län","kvinnor","F byggindustri","inrikes född",343,329,344,360,367,399,349,342,358,372,373,397
"10 Blekinge län","kvinnor","F byggindustri","utrikes född",35,38,35,31,27,27,32,36,34,32,27,31
"10 Blekinge län","kvinnor","G handel; serviceverkstäder för motorfordon och motorcyklar","totalt",2679,2722,2752,2715,2699,2665,2800,2862,2933,2874,2862,2832
"10 Blekinge län","kvinnor","G handel; serviceverkstäder för motorfordon och motorcyklar","inrikes född",2416,2443,2463,2413,2393,2350,2532,2572,2631,2563,2544,2505
"10 Blekinge län","kvinnor","G handel; serviceverkstäder för motorfordon och motorcyklar","utrikes född",263,278,288,302,308,315,269,290,302,312,318,327
"10 Blekinge län","kvinnor","H transport- och magasineringsföretag","totalt",417,410,435,407,396,388,471,445,465,442,444,438
"10 Blekinge län","kvinnor","H transport- och magasineringsföretag","inrikes född",366,360,382,359,353,345,414,395,410,390,392,389
"10 Blekinge län","kvinnor","H transport- och magasineringsföretag","utrikes född",51,50,53,47,43,43,58,51,54,52,50,50
"10 Blekinge län","kvinnor","I hotell och restauranger","totalt",1026,1038,1187,1187,1212,1215,1035,1055,1188,1190,1195,1193
"10 Blekinge län","kvinnor","I hotell och restauranger","inrikes född",792,804,904,892,893,882,811,824,917,900,892,882
"10 Blekinge län","kvinnor","I hotell och restauranger","utrikes född",234,235,285,296,319,333,226,230,271,289,302,310
"10 Blekinge län","kvinnor","J informations- och kommunikationsföretag","totalt",640,617,629,673,652,622,673,669,686,717,698,667
"10 Blekinge län","kvinnor","J informations- och kommunikationsföretag","inrikes född",535,513,533,566,543,530,568,563,580,605,582,559
"10 Blekinge län","kvinnor","J informations- och kommunikationsföretag","utrikes född",106,103,96,107,108,91,104,106,107,111,117,108
"10 Blekinge län","kvinnor","K kreditinstitut och försäkringsbolag m.m.","totalt",287,295,307,308,334,347,318,320,332,342,367,383
"10 Blekinge län","kvinnor","K kreditinstitut och försäkringsbolag m.m.","inrikes född",274,282,289,290,316,331,305,307,313,323,348,366
"10 Blekinge län","kvinnor","K kreditinstitut och försäkringsbolag m.m.","utrikes född",13,14,18,16,16,17,14,13,19,20,19,17
"10 Blekinge län","kvinnor","L fastighetsbolag och fastighetsförvaltare","totalt",330,353,350,347,367,446,357,379,382,372,385,459
"10 Blekinge län","kvinnor","L fastighetsbolag och fastighetsförvaltare","inrikes född",299,322,318,313,332,384,326,347,349,336,349,395
"10 Blekinge län","kvinnor","L fastighetsbolag och fastighetsförvaltare","utrikes född",30,31,32,33,35,62,31,32,33,36,35,64
"10 Blekinge län","kvinnor","M+N företag inom juridik, ekonomi, vetenskap och teknik; företag inom uthyrning, fastighetsservice, resetjänster och andra stödtjänster","totalt",2476,2496,2563,2665,2488,2417,2534,2542,2648,2758,2584,2540
"10 Blekinge län","kvinnor","M+N företag inom juridik, ekonomi, vetenskap och teknik; företag inom uthyrning, fastighetsservice, resetjänster och andra stödtjänster","inrikes född",1972,1976,2012,2080,1923,1859,2040,2037,2104,2176,2021,1978
"10 Blekinge län","kvinnor","M+N företag inom juridik, ekonomi, vetenskap och teknik; företag inom uthyrning, fastighetsservice, resetjänster och andra stödtjänster","utrikes född",504,520,551,587,567,559,494,505,545,583,564,561
"10 Blekinge län","kvinnor","O civila myndigheter och försvaret","totalt",3292,3385,3395,3393,3247,3318,3369,3449,3468,3517,3379,3466
"10 Blekinge län","kvinnor","O civila myndigheter och försvaret","inrikes född",2977,3059,3113,3106,3014,3086,3045,3109,3174,3225,3142,3227
"10 Blekinge län","kvinnor","O civila myndigheter och försvaret","utrikes född",315,326,281,288,233,233,323,341,292,293,238,238
"10 Blekinge län","kvinnor","P utbildningsväsendet","totalt",6248,6253,6358,6386,6296,6136,6368,6370,6467,6486,6373,6195
"10 Blekinge län","kvinnor","P utbildningsväsendet","inrikes född",5542,5517,5532,5516,5461,5342,5657,5625,5633,5605,5535,5408
"10 Blekinge län","kvinnor","P utbildningsväsendet","utrikes född",706,736,826,870,834,795,712,747,835,880,838,788
"10 Blekinge län","kvinnor","Q enheter för vård och omsorg, socialtjänst","totalt",11373,11285,11366,11448,11654,11615,11585,11528,11610,11673,11939,11885
"10 Blekinge län","kvinnor","Q enheter för vård och omsorg, socialtjänst","inrikes född",9575,9427,9369,9328,9388,9260,9785,9656,9602,9556,9664,9505
"10 Blekinge län","kvinnor","Q enheter för vård och omsorg, socialtjänst","utrikes född",1797,1857,1996,2121,2266,2355,1801,1872,2006,2117,2275,2380
"10 Blekinge län","kvinnor","R+S+T+U enheter för kultur, nöje och fritid; andra serviceföretag m.m.","totalt",1420,1391,1442,1424,1436,1429,1457,1441,1503,1489,1505,1507
"10 Blekinge län","kvinnor","R+S+T+U enheter för kultur, nöje och fritid; andra serviceföretag m.m.","inrikes född",1239,1204,1239,1220,1223,1209,1271,1248,1292,1283,1287,1282
"10 Blekinge län","kvinnor","R+S+T+U enheter för kultur, nöje och fritid; andra serviceföretag m.m.","utrikes född",183,187,205,204,213,220,185,193,210,207,217,223
"10 Blekinge län","kvinnor","US uppgift saknas","totalt",19,29,31,43,47,51,45,53,58,65,75,83
"10 Blekinge län","kvinnor","US uppgift saknas","inrikes född",15,26,26,32,34,39,34,45,41,43,48,55
"10 Blekinge län","kvinnor","US uppgift saknas","utrikes född",4,3,5,11,13,13,10,9,17,22,27,29
"10 Blekinge län","totalt","A-U+US Total","totalt",71289,71855,73041,73519,73181,73080,72793,73486,75017,75544,75313,75099
"10 Blekinge län","totalt","A-U+US Total","inrikes född",61321,61469,61968,62016,61651,61379,62779,62995,63811,63928,63687,63345
"10 Blekinge län","totalt","A-U+US Total","utrikes född",9968,10383,11073,11504,11531,11699,10014,10492,11205,11617,11625,11754
"10 Blekinge län","totalt","A företag inom jordbruk, skogsbruk och fiske","totalt",2038,1974,1947,1877,1832,1836,2039,1988,1968,1901,1859,1876
"10 Blekinge län","totalt","A företag inom jordbruk, skogsbruk och fiske","inrikes född",1884,1831,1807,1733,1689,1670,1889,1846,1830,1758,1714,1705
"10 Blekinge län","totalt","A företag inom jordbruk, skogsbruk och fiske","utrikes född",155,143,140,145,145,166,150,143,138,142,145,171
"10 Blekinge län","totalt","B+C tillverkningsindustri; gruvor och mineralutvinningsindustri","totalt",11209,11375,11472,11953,12458,12621,11034,11225,11438,11751,12173,12310
"10 Blekinge län","totalt","B+C tillverkningsindustri; gruvor och mineralutvinningsindustri","inrikes född",9855,9971,10005,10402,10850,10935,9796,9939,10087,10330,10707,10792
"10 Blekinge län","totalt","B+C tillverkningsindustri; gruvor och mineralutvinningsindustri","utrikes född",1353,1404,1468,1551,1608,1687,1239,1288,1351,1422,1465,1518
"10 Blekinge län","totalt","D+E företag inom energi och miljö","totalt",889,911,935,944,976,858,912,937,966,976,1005,898
"10 Blekinge län","totalt","D+E företag inom energi och miljö","inrikes född",837,856,880,888,917,801,858,881,908,917,941,837
"10 Blekinge län","totalt","D+E företag inom energi och miljö","utrikes född",53,55,56,56,59,57,55,57,59,59,63,62
"10 Blekinge län","totalt","F byggindustri","totalt",4664,4676,4805,4768,4629,4732,4786,4831,4945,4881,4718,4742
"10 Blekinge län","totalt","F byggindustri","inrikes född",4299,4286,4381,4339,4244,4355,4412,4419,4491,4437,4330,4374
"10 Blekinge län","totalt","F byggindustri","utrikes född",365,390,425,429,386,377,374,412,454,445,389,369
"10 Blekinge län","totalt","G handel; serviceverkstäder för motorfordon och motorcyklar","totalt",5916,6035,6010,5910,5788,5687,6206,6359,6414,6282,6199,6125
"10 Blekinge län","totalt","G handel; serviceverkstäder för motorfordon och motorcyklar","inrikes född",5143,5209,5161,5061,4961,4860,5415,5506,5531,5405,5327,5242
"10 Blekinge län","totalt","G handel; serviceverkstäder för motorfordon och motorcyklar","utrikes född",772,826,849,850,827,827,791,854,884,878,871,883
"10 Blekinge län","totalt","H transport- och magasineringsföretag","totalt",2232,2221,2315,2162,2060,2024,2508,2452,2496,2357,2314,2282
"10 Blekinge län","totalt","H transport- och magasineringsföretag","inrikes född",1839,1809,1846,1722,1634,1587,2048,1985,1991,1874,1843,1813
"10 Blekinge län","totalt","H transport- och magasineringsföretag","utrikes född",393,412,469,440,426,436,460,466,505,482,472,470
"10 Blekinge län","totalt","I hotell och restauranger","totalt",1992,2008,2323,2268,2316,2339,1976,2003,2299,2281,2294,2294
"10 Blekinge län","totalt","I hotell och restauranger","inrikes född",1288,1298,1501,1458,1475,1486,1295,1315,1510,1480,1483,1485
"10 Blekinge län","totalt","I hotell och restauranger","utrikes född",704,710,820,811,841,853,681,688,789,800,810,809
"10 Blekinge län","totalt","J informations- och kommunikationsföretag","totalt",2594,2570,2564,2686,2642,2501,2695,2694,2705,2841,2832,2690
"10 Blekinge län","totalt","J informations- och kommunikationsföretag","inrikes född",2234,2203,2206,2293,2224,2126,2327,2307,2313,2419,2376,2275
"10 Blekinge län","totalt","J informations- och kommunikationsföretag","utrikes född",359,368,358,393,418,375,368,388,392,423,456,417
"10 Blekinge län","totalt","K kreditinstitut och försäkringsbolag m.m.","totalt",502,522,547,547,565,583,556,570,600,607,619,639
"10 Blekinge län","totalt","K kreditinstitut och försäkringsbolag m.m.","inrikes född",474,494,516,516,536,552,529,540,563,570,585,603
"10 Blekinge län","totalt","K kreditinstitut och försäkringsbolag m.m.","utrikes född",26,29,30,29,30,32,28,29,37,38,35,36
"10 Blekinge län","totalt","L fastighetsbolag och fastighetsförvaltare","totalt",1100,1142,1101,1099,1107,1224,1175,1214,1193,1181,1187,1303
"10 Blekinge län","totalt","L fastighetsbolag och fastighetsförvaltare","inrikes född",995,1035,991,984,994,1061,1065,1103,1078,1063,1071,1131
"10 Blekinge län","totalt","L fastighetsbolag och fastighetsförvaltare","utrikes född",105,107,111,114,112,163,108,111,115,118,116,174
"10 Blekinge län","totalt","M+N företag inom juridik, ekonomi, vetenskap och teknik; företag inom uthyrning, fastighetsservice, resetjänster och andra stödtjänster","totalt",5873,5944,6154,6409,5920,5899,6066,6188,6480,6761,6266,6243
"10 Blekinge län","totalt","M+N företag inom juridik, ekonomi, vetenskap och teknik; företag inom uthyrning, fastighetsservice, resetjänster och andra stödtjänster","inrikes född",4808,4831,4948,5107,4723,4676,4986,5066,5246,5423,5024,4972
"10 Blekinge län","totalt","M+N företag inom juridik, ekonomi, vetenskap och teknik; företag inom uthyrning, fastighetsservice, resetjänster och andra stödtjänster","utrikes född",1066,1113,1206,1303,1197,1223,1079,1121,1232,1337,1242,1271
"10 Blekinge län","totalt","O civila myndigheter och försvaret","totalt",7026,7340,7313,7179,6979,7153,7016,7225,7289,7373,7260,7451
"10 Blekinge län","totalt","O civila myndigheter och försvaret","inrikes född",6505,6752,6811,6686,6567,6734,6483,6620,6777,6872,6838,7026
"10 Blekinge län","totalt","O civila myndigheter och försvaret","utrikes född",521,588,502,494,412,421,533,605,512,502,421,424
"10 Blekinge län","totalt","P utbildningsväsendet","totalt",8376,8308,8449,8495,8350,8110,8524,8450,8584,8625,8453,8174
"10 Blekinge län","totalt","P utbildningsväsendet","inrikes född",7308,7221,7244,7240,7148,6980,7445,7352,7373,7361,7249,7062
"10 Blekinge län","totalt","P utbildningsväsendet","utrikes född",1069,1088,1204,1254,1202,1130,1078,1098,1211,1265,1204,1111
"10 Blekinge län","totalt","Q enheter för vård och omsorg, socialtjänst","totalt",14354,14322,14517,14634,14923,14887,14630,14650,14845,14942,15284,15221
"10 Blekinge län","totalt","Q enheter för vård och omsorg, socialtjänst","inrikes född",11686,11520,11466,11398,11483,11368,11949,11818,11756,11680,11830,11668
"10 Blekinge län","totalt","Q enheter för vård och omsorg, socialtjänst","utrikes född",2668,2802,3052,3237,3440,3520,2680,2831,3089,3260,3455,3552
"10 Blekinge län","totalt","R+S+T+U enheter för kultur, nöje och fritid; andra serviceföretag m.m.","totalt",2485,2444,2527,2501,2533,2523,2522,2506,2604,2580,2602,2595
"10 Blekinge län","totalt","R+S+T+U enheter för kultur, nöje och fritid; andra serviceföretag m.m.","inrikes född",2135,2098,2154,2124,2137,2115,2173,2158,2227,2198,2202,2190
"10 Blekinge län","totalt","R+S+T+U enheter för kultur, nöje och fritid; andra serviceföretag m.m.","utrikes född",350,346,374,377,397,408,351,349,378,383,399,405
"10 Blekinge län","totalt","US uppgift saknas","totalt",39,62,62,88,103,102,148,194,192,204,249,253
"10 Blekinge län","totalt","US uppgift saknas","inrikes född",31,55,51,66,73,75,109,140,131,141,169,174
"10 Blekinge län","totalt","US uppgift saknas","utrikes född",8,7,11,23,29,26,40,54,61,64,80,80
"12 Skåne län","män","A-U+US Total","totalt",319317,325477,335408,337560,334527,335196,331520,337894,349209,351332,348858,349947
"12 Skåne län","män","A-U+US Total","inrikes född",246101,247938,251413,251159,248712,248477,253374,255129,259351,258949,256902,256731
"12 Skåne län","män","A-U+US Total","utrikes född",73215,77539,83995,86401,85815,86720,78147,82766,89859,92383,91957,93216
"12 Skåne län","män","A företag inom jordbruk, skogsbruk och fiske","totalt",9153,9019,8730,8364,8229,8272,9164,9010,8709,8363,8235,8241
"12 Skåne län","män","A företag inom jordbruk, skogsbruk och fiske","inrikes född",8056,7878,7590,7401,7241,7200,8067,7877,7575,7398,7241,7172
"12 Skåne län","män","A företag inom jordbruk, skogsbruk och fiske","utrikes född",1097,1141,1140,963,989,1073,1098,1133,1135,965,994,1070
"12 Skåne län","män","B+C tillverkningsindustri; gruvor och mineralutvinningsindustri","totalt",41756,43494,43883,43421,42718,43297,42984,44677,45099,44752,43937,43926
"12 Skåne län","män","B+C tillverkningsindustri; gruvor och mineralutvinningsindustri","inrikes född",33309,34522,34396,33564,32812,33036,34233,35387,35242,34449,33595,33392
"12 Skåne län","män","B+C tillverkningsindustri; gruvor och mineralutvinningsindustri","utrikes född",8447,8973,9489,9857,9907,10260,8751,9290,9858,10303,10342,10534
"12 Skåne län","män","D+E företag inom energi och miljö","totalt",4585,4703,4854,4937,4916,4843,4521,4582,4752,4900,4984,4907
"12 Skåne län","män","D+E företag inom energi och miljö","inrikes född",4004,4071,4148,4215,4191,4100,3938,3965,4064,4193,4256,4168
"12 Skåne län","män","D+E företag inom energi och miljö","utrikes född",582,632,707,722,725,744,584,617,689,707,726,740
"12 Skåne län","män","F byggindustri","totalt",41880,42710,44219,44164,41487,39765,41961,42775,44253,44198,41626,40099
"12 Skåne län","män","F byggindustri","inrikes född",34080,34254,34705,34443,32854,31534,34108,34292,34747,34471,32948,31829
"12 Skåne län","män","F byggindustri","utrikes född",7800,8457,9516,9721,8633,8231,7855,8484,9506,9727,8678,8270
"12 Skåne län","män","G handel; serviceverkstäder för motorfordon och motorcyklar","totalt",48183,47441,48047,48340,48356,48250,48533,47897,48554,48749,48817,48661
"12 Skåne län","män","G handel; serviceverkstäder för motorfordon och motorcyklar","inrikes född",38370,37407,37612,37634,37367,37143,38649,37750,37985,37895,37667,37427
"12 Skåne län","män","G handel; serviceverkstäder för motorfordon och motorcyklar","utrikes född",9812,10034,10436,10706,10989,11107,9884,10145,10569,10854,11150,11234
"12 Skåne län","män","H transport- och magasineringsföretag","totalt",22802,23250,24143,23998,23631,24059,23652,23979,24961,24717,24277,24581
"12 Skåne län","män","H transport- och magasineringsföretag","inrikes född",15351,15258,15135,14573,14297,14569,16088,15920,15857,15243,14944,15060
"12 Skåne län","män","H transport- och magasineringsföretag","utrikes född",7451,7991,9009,9424,9334,9491,7563,8059,9105,9473,9335,9521
"12 Skåne län","män","I hotell och restauranger","totalt",10060,10055,11614,11988,12011,12243,10257,10265,11846,12192,12169,12420
"12 Skåne län","män","I hotell och restauranger","inrikes född",4743,4762,5658,5848,5861,6053,4893,4909,5840,6033,6036,6246
"12 Skåne län","män","I hotell och restauranger","utrikes född",5316,5291,5956,6139,6151,6190,5364,5356,6006,6160,6132,6173
"12 Skåne län","män","J informations- och kommunikationsföretag","totalt",17987,18799,20107,20832,20620,20261,18440,19452,20960,21823,21601,21372
"12 Skåne län","män","J informations- och kommunikationsföretag","inrikes född",14084,14543,15265,15668,15475,15188,14436,14983,15872,16364,16154,15887
"12 Skåne län","män","J informations- och kommunikationsföretag","utrikes född",3903,4257,4841,5163,5144,5073,4005,4469,5087,5458,5445,5486
"12 Skåne län","män","K kreditinstitut och försäkringsbolag m.m.","totalt",4116,4113,4071,4338,4559,4672,4366,4416,4560,4769,4955,5013
"12 Skåne län","män","K kreditinstitut och försäkringsbolag m.m.","inrikes född",3704,3689,3649,3838,4022,4131,3937,3968,4072,4227,4374,4431
"12 Skåne län","män","K kreditinstitut och försäkringsbolag m.m.","utrikes född",411,423,422,500,537,540,430,448,489,543,581,581
"12 Skåne län","män","L fastighetsbolag och fastighetsförvaltare","totalt",7346,7395,7489,7546,7552,7429,7333,7378,7444,7438,7444,7418
"12 Skåne län","män","L fastighetsbolag och fastighetsförvaltare","inrikes född",6092,6105,6126,6103,6058,5965,6084,6099,6111,6065,6030,5995
"12 Skåne län","män","L fastighetsbolag och fastighetsförvaltare","utrikes född",1255,1290,1363,1444,1493,1465,1249,1280,1333,1373,1414,1424
"12 Skåne län","män","M+N företag inom juridik, ekonomi, vetenskap och teknik; företag inom uthyrning, fastighetsservice, resetjänster och andra stödtjänster","totalt",42645,43972,46104,46683,46740,47412,43551,44978,47231,47865,48011,48685
"12 Skåne län","män","M+N företag inom juridik, ekonomi, vetenskap och teknik; företag inom uthyrning, fastighetsservice, resetjänster och andra stödtjänster","inrikes född",32184,32655,33664,34072,34228,34501,32937,33495,34590,35000,35253,35580
"12 Skåne län","män","M+N företag inom juridik, ekonomi, vetenskap och teknik; företag inom uthyrning, fastighetsservice, resetjänster och andra stödtjänster","utrikes född",10461,11317,12439,12611,12513,12911,10613,11483,12641,12864,12760,13106
"12 Skåne län","män","O civila myndigheter och försvaret","totalt",13826,14351,14547,14944,15257,15904,14665,15098,15353,15723,16006,16685
"12 Skåne län","män","O civila myndigheter och försvaret","inrikes född",12043,12455,12594,12969,13249,13823,12834,13165,13367,13709,13972,14564
"12 Skåne län","män","O civila myndigheter och försvaret","utrikes född",1784,1896,1952,1975,2008,2081,1830,1933,1987,2013,2033,2122
"12 Skåne län","män","P utbildningsväsendet","totalt",21180,20374,20598,20308,20025,19875,21423,20623,20844,20593,20301,20165
"12 Skåne län","män","P utbildningsväsendet","inrikes född",16025,15551,15707,15478,15285,15175,16215,15744,15886,15693,15492,15393
"12 Skåne län","män","P utbildningsväsendet","utrikes född",5155,4822,4891,4829,4741,4701,5208,4879,4958,4900,4809,4770
"12 Skåne län","män","Q enheter för vård och omsorg, socialtjänst","totalt",22158,24040,24583,25018,25629,26079,22453,24313,24821,25254,25830,26326
"12 Skåne län","män","Q enheter för vård och omsorg, socialtjänst","inrikes född",14913,15605,15576,15652,15992,16249,15146,15814,15774,15821,16127,16419
"12 Skåne län","män","Q enheter för vård och omsorg, socialtjänst","utrikes född",7245,8436,9006,9365,9636,9829,7307,8498,9047,9433,9705,9908
"12 Skåne län","män","R+S+T+U enheter för kultur, nöje och fritid; andra serviceföretag m.m.","totalt",11432,11473,12087,12290,12372,12394,11716,11767,12403,12588,12688,12760
"12 Skåne län","män","R+S+T+U enheter för kultur, nöje och fritid; andra serviceföretag m.m.","inrikes född",8991,8966,9355,9435,9490,9506,9224,9204,9616,9678,9755,9824
"12 Skåne län","män","R+S+T+U enheter för kultur, nöje och fritid; andra serviceföretag m.m.","utrikes född",2441,2507,2731,2856,2882,2887,2492,2563,2787,2910,2932,2935
"12 Skåne län","män","US uppgift saknas","totalt",205,289,330,392,424,443,6498,6683,7416,7410,7977,8687
"12 Skåne län","män","US uppgift saknas","inrikes född",151,220,236,268,289,304,2583,2556,2754,2710,3057,3344
"12 Skåne län","män","US uppgift saknas","utrikes född",54,70,95,125,134,139,3915,4127,4662,4700,4920,5343
"12 Skåne län","kvinnor","A-U+US Total","totalt",303677,310310,320297,323884,324207,325537,311107,317819,328725,332589,333535,335410
"12 Skåne län","kvinnor","A-U+US Total","inrikes född",238920,241732,246184,246739,245812,245718,243672,246413,251322,252038,251508,251589
"12 Skåne län","kvinnor","A-U+US Total","utrikes född",64757,68577,74111,77145,78397,79819,67436,71407,77402,80552,82026,83821
"12 Skåne län","kvinnor","A företag inom jordbruk, skogsbruk och fiske","totalt",3696,3748,3674,3580,3562,3678,3667,3717,3664,3572,3566,3673
"12 Skåne län","kvinnor","A företag inom jordbruk, skogsbruk och fiske","inrikes född",3029,3076,3012,2985,2941,2969,3003,3051,3001,2979,2944,2964
"12 Skåne län","kvinnor","A företag inom jordbruk, skogsbruk och fiske","utrikes född",667,673,662,595,622,709,664,666,663,594,622,709
"12 Skåne län","kvinnor","B+C tillverkningsindustri; gruvor och mineralutvinningsindustri","totalt",14703,15773,16179,15926,15620,16003,15018,16051,16449,16237,16012,16317
"12 Skåne län","kvinnor","B+C tillverkningsindustri; gruvor och mineralutvinningsindustri","inrikes född",11581,12326,12498,12149,11754,11929,11802,12524,12672,12346,12040,12136
"12 Skåne län","kvinnor","B+C tillverkningsindustri; gruvor och mineralutvinningsindustri","utrikes född",3123,3447,3682,3777,3866,4076,3215,3527,3779,3892,3972,4181
"12 Skåne län","kvinnor","D+E företag inom energi och miljö","totalt",1735,1815,1946,2109,2114,2030,1753,1846,1938,2107,2136,2066
"12 Skåne län","kvinnor","D+E företag inom energi och miljö","inrikes född",1557,1635,1747,1870,1869,1797,1573,1663,1738,1867,1886,1826
"12 Skåne län","kvinnor","D+E företag inom energi och miljö","utrikes född",177,180,199,239,245,235,181,185,201,240,249,239
"12 Skåne län","kvinnor","F byggindustri","totalt",5209,5277,5528,5591,5169,4692,5204,5280,5537,5625,5212,4749
"12 Skåne län","kvinnor","F byggindustri","inrikes född",4074,4082,4232,4273,3969,3753,4069,4088,4246,4307,4013,3809
"12 Skåne län","kvinnor","F byggindustri","utrikes född",1136,1194,1297,1317,1200,937,1137,1192,1291,1319,1201,940
"12 Skåne län","kvinnor","G handel; serviceverkstäder för motorfordon och motorcyklar","totalt",36294,36570,37423,37585,37575,37762,36861,37188,38022,38278,38322,38354
"12 Skåne län","kvinnor","G handel; serviceverkstäder för motorfordon och motorcyklar","inrikes född",30753,30861,31306,31254,31089,31134,31231,31371,31789,31828,31680,31580
"12 Skåne län","kvinnor","G handel; serviceverkstäder för motorfordon och motorcyklar","utrikes född",5541,5709,6117,6329,6486,6627,5631,5816,6233,6451,6642,6774
"12 Skåne län","kvinnor","H transport- och magasineringsföretag","totalt",6099,6288,6632,6730,6593,6701,6529,6649,6967,7071,6917,6975
"12 Skåne län","kvinnor","H transport- och magasineringsföretag","inrikes född",5016,5085,5207,5119,5034,5195,5365,5373,5477,5405,5315,5415
"12 Skåne län","kvinnor","H transport- och magasineringsföretag","utrikes född",1083,1203,1425,1611,1558,1506,1164,1274,1489,1667,1603,1560
"12 Skåne län","kvinnor","I hotell och restauranger","totalt",10409,10533,12829,13156,13161,13580,10524,10632,12908,13272,13336,13811
"12 Skåne län","kvinnor","I hotell och restauranger","inrikes född",7242,7257,8652,8649,8611,8772,7342,7335,8730,8780,8796,8978
"12 Skåne län","kvinnor","I hotell och restauranger","utrikes född",3167,3276,4175,4508,4550,4809,3182,3297,4178,4492,4539,4831
"12 Skåne län","kvinnor","J informations- och kommunikationsföretag","totalt",6400,6834,7628,8068,8011,7997,6654,7154,8070,8536,8339,8301
"12 Skåne län","kvinnor","J informations- och kommunikationsföretag","inrikes född",4880,5154,5588,5828,5744,5683,5097,5379,5912,6155,5970,5909
"12 Skåne län","kvinnor","J informations- och kommunikationsföretag","utrikes född",1519,1681,2041,2239,2267,2314,1558,1774,2159,2380,2367,2391
"12 Skåne län","kvinnor","K kreditinstitut och försäkringsbolag m.m.","totalt",4283,4278,4335,4569,4702,4724,4356,4441,4592,4795,4890,4910
"12 Skåne län","kvinnor","K kreditinstitut och försäkringsbolag m.m.","inrikes född",3825,3801,3830,4022,4123,4148,3884,3937,4036,4195,4256,4274
"12 Skåne län","kvinnor","K kreditinstitut och försäkringsbolag m.m.","utrikes född",459,478,506,547,579,577,471,504,556,600,635,638
"12 Skåne län","kvinnor","L fastighetsbolag och fastighetsförvaltare","totalt",5025,5195,5384,5416,5370,5255,5035,5187,5370,5394,5383,5299
"12 Skåne län","kvinnor","L fastighetsbolag och fastighetsförvaltare","inrikes född",4257,4384,4502,4485,4376,4277,4250,4365,4474,4456,4371,4298
"12 Skåne län","kvinnor","L fastighetsbolag och fastighetsförvaltare","utrikes född",768,812,883,932,994,979,785,822,897,940,1011,1001
"12 Skåne län","kvinnor","M+N företag inom juridik, ekonomi, vetenskap och teknik; företag inom uthyrning, fastighetsservice, resetjänster och andra stödtjänster","totalt",32864,33933,35977,36777,37100,37690,33589,34618,36911,37884,38393,38955
"12 Skåne län","kvinnor","M+N företag inom juridik, ekonomi, vetenskap och teknik; företag inom uthyrning, fastighetsservice, resetjänster och andra stödtjänster","inrikes född",23378,23765,24827,25157,25177,25196,23986,24372,25648,26101,26260,26249
"12 Skåne län","kvinnor","M+N företag inom juridik, ekonomi, vetenskap och teknik; företag inom uthyrning, fastighetsservice, resetjänster och andra stödtjänster","utrikes född",9486,10167,11149,11620,11923,12495,9603,10246,11263,11784,12132,12707
"12 Skåne län","kvinnor","O civila myndigheter och försvaret","totalt",22552,23424,24114,24440,24651,25578,22990,23809,24547,24863,25054,25987
"12 Skåne län","kvinnor","O civila myndigheter och försvaret","inrikes född",19256,19946,20510,20943,21198,22024,19656,20293,20895,21312,21553,22386
"12 Skåne län","kvinnor","O civila myndigheter och försvaret","utrikes född",3297,3476,3605,3496,3453,3553,3333,3516,3652,3551,3501,3601
"12 Skåne län","kvinnor","P utbildningsväsendet","totalt",56037,54639,55325,55829,55116,54154,56225,54861,55628,56168,55454,54492
"12 Skåne län","kvinnor","P utbildningsväsendet","inrikes född",43653,42631,42701,42678,42103,41393,43779,42783,42910,42929,42359,41635
"12 Skåne län","kvinnor","P utbildningsväsendet","utrikes född",12385,12009,12623,13153,13014,12762,12446,12079,12718,13240,13096,12857
"12 Skåne län","kvinnor","Q enheter för vård och omsorg, socialtjänst","totalt",82262,85634,86036,86593,87740,87888,82762,86187,86481,86866,87950,88238
"12 Skåne län","kvinnor","Q enheter för vård och omsorg, socialtjänst","inrikes född",63526,64752,63963,63616,63959,63535,63897,65159,64282,63765,64058,63779
"12 Skåne län","kvinnor","Q enheter för vård och omsorg, socialtjänst","utrikes född",18735,20883,22072,22977,23780,24353,18864,21028,22199,23101,23892,24459
"12 Skåne län","kvinnor","R+S+T+U enheter för kultur, nöje och fritid; andra serviceföretag m.m.","totalt",15920,16096,16957,17118,17305,17343,16148,16347,17259,17464,17675,17810
"12 Skåne län","kvinnor","R+S+T+U enheter för kultur, nöje och fritid; andra serviceföretag m.m.","inrikes född",12762,12779,13395,13471,13610,13645,12989,13033,13671,13783,13930,14035
"12 Skåne län","kvinnor","R+S+T+U enheter för kultur, nöje och fritid; andra serviceföretag m.m.","utrikes född",3158,3317,3562,3647,3694,3699,3160,3314,3588,3681,3744,3773
"12 Skåne län","kvinnor","US uppgift saknas","totalt",190,274,330,397,420,463,3792,3854,4381,4453,4897,5476
"12 Skåne län","kvinnor","US uppgift saknas","inrikes född",132,200,218,241,254,273,1748,1688,1844,1833,2077,2315
"12 Skåne län","kvinnor","US uppgift saknas","utrikes född",57,73,114,156,165,190,2044,2166,2538,2622,2820,3160
"12 Skåne län","totalt","A-U+US Total","totalt",622992,635786,655704,661444,658735,660734,642627,655712,677935,683921,682392,685357
"12 Skåne län","totalt","A-U+US Total","inrikes född",485021,489671,497599,497899,494524,494195,497044,501540,510674,510986,508410,508320
"12 Skåne län","totalt","A-U+US Total","utrikes född",137972,146116,158107,163545,164212,166538,145582,154172,167262,172936,173983,177037
"12 Skåne län","totalt","A företag inom jordbruk, skogsbruk och fiske","totalt",12850,12767,12404,11944,11791,11949,12831,12727,12373,11935,11802,11914
"12 Skåne län","totalt","A företag inom jordbruk, skogsbruk och fiske","inrikes född",11086,10955,10603,10386,10181,10168,11069,10928,10576,10376,10186,10137
"12 Skåne län","totalt","A företag inom jordbruk, skogsbruk och fiske","utrikes född",1764,1813,1801,1557,1611,1781,1762,1800,1797,1558,1616,1779
"12 Skåne län","totalt","B+C tillverkningsindustri; gruvor och mineralutvinningsindustri","totalt",56460,59266,60063,59347,58337,59299,58002,60728,61550,60989,59950,60243
"12 Skåne län","totalt","B+C tillverkningsindustri; gruvor och mineralutvinningsindustri","inrikes född",44889,46848,46892,45713,44565,44963,46035,47910,47914,46795,45635,45528
"12 Skåne län","totalt","B+C tillverkningsindustri; gruvor och mineralutvinningsindustri","utrikes född",11570,12420,13170,13635,13772,14336,11968,12817,13636,14195,14314,14714
"12 Skåne län","totalt","D+E företag inom energi och miljö","totalt",6320,6517,6800,7045,7031,6875,6274,6429,6689,7007,7119,6973
"12 Skåne län","totalt","D+E företag inom energi och miljö","inrikes född",5561,5706,5896,6085,6060,5898,5511,5627,5802,6059,6143,5994
"12 Skåne län","totalt","D+E företag inom energi och miljö","utrikes född",759,811,906,961,970,977,765,802,888,949,976,979
"12 Skåne län","totalt","F byggindustri","totalt",47090,47987,49748,49754,46656,44457,47167,48056,49789,49824,46839,44848
"12 Skåne län","totalt","F byggindustri","inrikes född",38155,38336,38935,38718,36823,35287,38177,38379,38992,38779,36960,35638
"12 Skåne län","totalt","F byggindustri","utrikes född",8935,9652,10812,11038,9834,9169,8990,9676,10798,11046,9878,9210
"12 Skåne län","totalt","G handel; serviceverkstäder för motorfordon och motorcyklar","totalt",84476,84011,85470,85924,85931,86012,85394,85084,86576,87026,87139,87016
"12 Skåne län","totalt","G handel; serviceverkstäder för motorfordon och motorcyklar","inrikes född",69124,68269,68917,68889,68458,68277,69880,69122,69774,69721,69347,69006
"12 Skåne län","totalt","G handel; serviceverkstäder för motorfordon och motorcyklar","utrikes född",15352,15744,16553,17035,17475,17735,15515,15962,16803,17304,17792,18009
"12 Skåne län","totalt","H transport- och magasineringsföretag","totalt",28901,29537,30775,30729,30224,30760,30181,30628,31928,31787,31195,31557
"12 Skåne län","totalt","H transport- och magasineringsföretag","inrikes född",20367,20341,20341,19692,19332,19764,21454,21295,21334,20649,20257,20475
"12 Skåne län","totalt","H transport- och magasineringsföretag","utrikes född",8534,9196,10434,11035,10892,10996,8728,9334,10595,11139,10938,11082
"12 Skåne län","totalt","I hotell och restauranger","totalt",20469,20587,24443,25144,25174,25823,20781,20896,24753,25464,25504,26230
"12 Skåne län","totalt","I hotell och restauranger","inrikes född",11985,12020,14310,14496,14471,14824,12236,12243,14569,14812,14831,15225
"12 Skåne län","totalt","I hotell och restauranger","utrikes född",8484,8568,10132,10648,10702,10997,8545,8653,10186,10652,10674,11005
"12 Skåne län","totalt","J informations- och kommunikationsföretag","totalt",24387,25634,27734,28899,28630,28258,25096,26606,29029,30358,29939,29673
"12 Skåne län","totalt","J informations- och kommunikationsföretag","inrikes född",18965,19696,20853,21496,21220,20871,19533,20362,21784,22521,22125,21796
"12 Skåne län","totalt","J informations- och kommunikationsföretag","utrikes född",5422,5938,6883,7403,7411,7386,5562,6244,7246,7838,7813,7877
"12 Skåne län","totalt","K kreditinstitut och försäkringsbolag m.m.","totalt",8400,8390,8407,8906,9261,9394,8722,8857,9152,9564,9844,9923
"12 Skåne län","totalt","K kreditinstitut och försäkringsbolag m.m.","inrikes född",7529,7489,7478,7860,8145,8278,7821,7906,8108,8422,8630,8705
"12 Skåne län","totalt","K kreditinstitut och försäkringsbolag m.m.","utrikes född",871,901,930,1047,1116,1116,903,951,1044,1142,1214,1218
"12 Skåne län","totalt","L fastighetsbolag och fastighetsförvaltare","totalt",12372,12590,12873,12963,12921,12684,12368,12564,12814,12833,12826,12717
"12 Skåne län","totalt","L fastighetsbolag och fastighetsförvaltare","inrikes född",10348,10487,10629,10588,10434,10242,10335,10463,10585,10520,10402,10293
"12 Skåne län","totalt","L fastighetsbolag och fastighetsförvaltare","utrikes född",2024,2103,2245,2375,2487,2444,2034,2101,2229,2312,2425,2424
"12 Skåne län","totalt","M+N företag inom juridik, ekonomi, vetenskap och teknik; företag inom uthyrning, fastighetsservice, resetjänster och andra stödtjänster","totalt",75510,77905,82080,83459,83840,85102,77139,79597,84143,85750,86404,87641
"12 Skåne län","totalt","M+N företag inom juridik, ekonomi, vetenskap och teknik; företag inom uthyrning, fastighetsservice, resetjänster och andra stödtjänster","inrikes född",55561,56420,58491,59227,59405,59697,56923,57868,60238,61101,61513,61829
"12 Skåne län","totalt","M+N företag inom juridik, ekonomi, vetenskap och teknik; företag inom uthyrning, fastighetsservice, resetjänster och andra stödtjänster","utrikes född",19947,21484,23590,24232,24435,25405,20216,21729,23904,24649,24892,25812
"12 Skåne län","totalt","O civila myndigheter och försvaret","totalt",36378,37773,38661,39383,39908,41481,37653,38907,39901,40585,41060,42672
"12 Skåne län","totalt","O civila myndigheter och försvaret","inrikes född",31298,32402,33103,33912,34447,35847,32490,33458,34262,35021,35527,36950
"12 Skåne län","totalt","O civila myndigheter och försvaret","utrikes född",5079,5372,5558,5470,5460,5634,5164,5448,5639,5565,5534,5722
"12 Skåne län","totalt","P utbildningsväsendet","totalt",77216,75013,75922,76137,75141,74030,77649,75486,76472,76761,75755,74656
"12 Skåne län","totalt","P utbildningsväsendet","inrikes född",59678,58182,58408,58154,57387,56567,59995,58527,58796,58620,57851,57028
"12 Skåne län","totalt","P utbildningsväsendet","utrikes född",17540,16831,17515,17982,17755,17464,17655,16957,17676,18140,17904,17627
"12 Skåne län","totalt","Q enheter för vård och omsorg, socialtjänst","totalt",104420,109675,110619,111611,113369,113967,105214,110500,111302,112120,113781,114563
"12 Skåne län","totalt","Q enheter för vård och omsorg, socialtjänst","inrikes född",78439,80357,79539,79269,79952,79785,79044,80974,80056,79586,80184,80197
"12 Skåne län","totalt","Q enheter för vård och omsorg, socialtjänst","utrikes född",25980,29319,31079,32342,33417,34181,26172,29527,31246,32534,33597,34366
"12 Skåne län","totalt","R+S+T+U enheter för kultur, nöje och fritid; andra serviceföretag m.m.","totalt",27351,27569,29044,29408,29678,29736,27865,28115,29662,30052,30363,30568
"12 Skåne län","totalt","R+S+T+U enheter för kultur, nöje och fritid; andra serviceföretag m.m.","inrikes född",21753,21745,22750,22906,23102,23152,22213,22236,23287,23462,23686,23861
"12 Skåne län","totalt","R+S+T+U enheter för kultur, nöje och fritid; andra serviceföretag m.m.","utrikes född",5598,5824,6293,6502,6577,6586,5651,5877,6374,6591,6676,6708
"12 Skåne län","totalt","US uppgift saknas","totalt",394,563,661,790,844,905,10290,10536,11798,11864,12874,14163
"12 Skåne län","totalt","US uppgift saknas","inrikes född",283,421,453,509,543,576,4331,4244,4598,4542,5133,5660
"12 Skåne län","totalt","US uppgift saknas","utrikes född",111,142,208,280,300,329,5958,6291,7199,7323,7741,8503
"13 Hallands län","män","A-U+US Total","totalt",74219,75459,76975,77114,76321,76190,85508,86943,89442,89777,88958,88798
"13 Hallands län","män","A-U+US Total","inrikes född",61947,62460,63216,63112,62544,62502,72643,73321,74811,74824,74193,74017
"13 Hallands län","män","A-U+US Total","utrikes född",12271,12998,13760,14003,13779,13689,12865,13622,14631,14953,14764,14780
"13 Hallands län","män","A företag inom jordbruk, skogsbruk och fiske","totalt",3135,3139,3065,2984,2935,2896,3133,3135,3073,2999,2951,2916
"13 Hallands län","män","A företag inom jordbruk, skogsbruk och fiske","inrikes född",2898,2896,2838,2767,2722,2666,2901,2900,2844,2778,2732,2677
"13 Hallands län","män","A företag inom jordbruk, skogsbruk och fiske","utrikes född",238,243,226,216,212,229,232,235,229,220,219,238
"13 Hallands län","män","B+C tillverkningsindustri; gruvor och mineralutvinningsindustri","totalt",12217,12313,12443,12261,11937,11789,14691,14796,15018,14920,14529,14396
"13 Hallands län","män","B+C tillverkningsindustri; gruvor och mineralutvinningsindustri","inrikes född",10077,10093,10120,9924,9652,9565,12353,12346,12415,12275,11952,11861
"13 Hallands län","män","B+C tillverkningsindustri; gruvor och mineralutvinningsindustri","utrikes född",2141,2221,2322,2338,2286,2225,2338,2451,2603,2646,2576,2535
"13 Hallands län","män","D+E företag inom energi och miljö","totalt",2334,2322,2288,2286,2349,2395,2339,2352,2355,2368,2412,2460
"13 Hallands län","män","D+E företag inom energi och miljö","inrikes född",2124,2096,2049,2039,2098,2136,2137,2132,2116,2112,2154,2186
"13 Hallands län","män","D+E företag inom energi och miljö","utrikes född",210,226,240,248,252,260,202,221,240,256,257,273
"13 Hallands län","män","F byggindustri","totalt",11401,11591,11941,12057,11580,11361,12560,12680,13032,13118,12633,12413
"13 Hallands län","män","F byggindustri","inrikes född",10083,10189,10400,10479,10139,9981,11240,11275,11495,11519,11192,11036
"13 Hallands län","män","F byggindustri","utrikes född",1318,1403,1541,1578,1440,1381,1319,1405,1538,1600,1442,1378
"13 Hallands län","män","G handel; serviceverkstäder för motorfordon och motorcyklar","totalt",11275,11324,11737,12474,12362,11974,12955,13058,13594,14381,14294,13830
"13 Hallands län","män","G handel; serviceverkstäder för motorfordon och motorcyklar","inrikes född",9594,9598,9881,10383,10267,10015,11229,11297,11692,12219,12105,11779
"13 Hallands län","män","G handel; serviceverkstäder för motorfordon och motorcyklar","utrikes född",1681,1726,1857,2093,2095,1959,1726,1761,1902,2163,2189,2051
"13 Hallands län","män","H transport- och magasineringsföretag","totalt",5085,5012,4921,4180,4156,4495,5941,5899,5847,5182,5149,5459
"13 Hallands län","män","H transport- och magasineringsföretag","inrikes född",3810,3690,3563,2990,2947,3151,4593,4499,4392,3881,3827,3999
"13 Hallands län","män","H transport- och magasineringsföretag","utrikes född",1274,1321,1357,1192,1209,1345,1348,1399,1455,1301,1321,1461
"13 Hallands län","män","I hotell och restauranger","totalt",2386,2452,2784,2945,2959,2914,2445,2492,2971,3086,3056,2989
"13 Hallands län","män","I hotell och restauranger","inrikes född",1317,1337,1603,1723,1716,1681,1416,1449,1808,1914,1869,1809
"13 Hallands län","män","I hotell och restauranger","utrikes född",1069,1114,1182,1222,1244,1232,1030,1042,1164,1173,1187,1180
"13 Hallands län","män","J informations- och kommunikationsföretag","totalt",1498,1573,1648,1769,1776,1772,2880,3031,3187,3301,3268,3326
"13 Hallands län","män","J informations- och kommunikationsföretag","inrikes född",1348,1419,1480,1599,1610,1610,2655,2799,2918,3003,2969,3015
"13 Hallands län","män","J informations- och kommunikationsföretag","utrikes född",151,154,167,170,166,161,225,232,269,298,299,310
"13 Hallands län","män","K kreditinstitut och försäkringsbolag m.m.","totalt",720,731,724,718,744,756,1048,1061,1093,1120,1129,1131
"13 Hallands län","män","K kreditinstitut och försäkringsbolag m.m.","inrikes född",678,682,678,673,694,711,988,1001,1030,1052,1056,1057
"13 Hallands län","män","K kreditinstitut och försäkringsbolag m.m.","utrikes född",40,49,45,46,51,45,59,60,64,68,73,73
"13 Hallands län","män","L fastighetsbolag och fastighetsförvaltare","totalt",1542,1546,1563,1559,1564,1567,1765,1760,1802,1808,1818,1832
"13 Hallands län","män","L fastighetsbolag och fastighetsförvaltare","inrikes född",1406,1410,1424,1418,1416,1416,1632,1627,1660,1661,1657,1668
"13 Hallands län","män","L fastighetsbolag och fastighetsförvaltare","utrikes född",136,136,140,141,148,151,133,133,142,148,161,164
"13 Hallands län","män","M+N företag inom juridik, ekonomi, vetenskap och teknik; företag inom uthyrning, fastighetsservice, resetjänster och andra stödtjänster","totalt",7733,8013,8043,8003,8052,8101,9948,10381,10809,10800,10947,11062
"13 Hallands län","män","M+N företag inom juridik, ekonomi, vetenskap och teknik; företag inom uthyrning, fastighetsservice, resetjänster och andra stödtjänster","inrikes född",6320,6441,6378,6368,6506,6584,8395,8616,8863,8891,9102,9194
"13 Hallands län","män","M+N företag inom juridik, ekonomi, vetenskap och teknik; företag inom uthyrning, fastighetsservice, resetjänster och andra stödtjänster","utrikes född",1412,1573,1665,1635,1545,1518,1553,1766,1947,1910,1845,1867
"13 Hallands län","män","O civila myndigheter och försvaret","totalt",3867,4020,4131,4167,4254,4423,3849,3957,4069,4139,4193,4337
"13 Hallands län","män","O civila myndigheter och försvaret","inrikes född",3584,3729,3824,3877,3969,4123,3558,3650,3744,3825,3889,4019
"13 Hallands län","män","O civila myndigheter och försvaret","utrikes född",283,291,306,290,286,299,291,307,324,313,302,319
"13 Hallands län","män","P utbildningsväsendet","totalt",3901,3970,4013,4001,3844,3852,4083,4155,4179,4153,4020,4032
"13 Hallands län","män","P utbildningsväsendet","inrikes född",3225,3273,3310,3274,3157,3190,3407,3467,3496,3452,3354,3383
"13 Hallands län","män","P utbildningsväsendet","utrikes född",676,696,702,729,686,662,676,688,684,702,667,649
"13 Hallands län","män","Q enheter för vård och omsorg, socialtjänst","totalt",4599,4848,4983,5030,5161,5282,4864,5074,5216,5235,5351,5435
"13 Hallands län","män","Q enheter för vård och omsorg, socialtjänst","inrikes född",3366,3452,3453,3403,3458,3519,3613,3679,3692,3635,3676,3711
"13 Hallands län","män","Q enheter för vård och omsorg, socialtjänst","utrikes född",1234,1396,1530,1628,1705,1763,1251,1396,1524,1601,1675,1724
"13 Hallands län","män","R+S+T+U enheter för kultur, nöje och fritid; andra serviceföretag m.m.","totalt",2441,2500,2596,2571,2548,2503,2675,2754,2875,2856,2838,2797
"13 Hallands län","män","R+S+T+U enheter för kultur, nöje och fritid; andra serviceföretag m.m.","inrikes född",2058,2080,2141,2121,2116,2069,2281,2330,2409,2388,2385,2344
"13 Hallands län","män","R+S+T+U enheter för kultur, nöje och fritid; andra serviceföretag m.m.","utrikes född",384,421,454,450,432,434,395,424,465,468,453,453
"13 Hallands län","män","US uppgift saknas","totalt",85,104,98,108,104,109,338,356,323,309,370,385
"13 Hallands län","män","US uppgift saknas","inrikes född",60,76,73,79,79,83,248,255,238,221,273,280
"13 Hallands län","män","US uppgift saknas","utrikes född",25,28,24,29,25,25,91,100,86,88,97,105
"13 Hallands län","kvinnor","A-U+US Total","totalt",71592,72656,74484,75212,75144,75114,79855,81180,83552,84360,84274,84425
"13 Hallands län","kvinnor","A-U+US Total","inrikes född",61027,61512,62489,62716,62459,62292,68809,69515,70944,71262,71032,70984
"13 Hallands län","kvinnor","A-U+US Total","utrikes född",10565,11143,11996,12495,12685,12822,11046,11666,12608,13098,13241,13442
"13 Hallands län","kvinnor","A företag inom jordbruk, skogsbruk och fiske","totalt",1126,1144,1143,1159,1153,1189,1100,1121,1123,1145,1132,1163
"13 Hallands län","kvinnor","A företag inom jordbruk, skogsbruk och fiske","inrikes född",971,988,977,1003,995,1023,952,974,964,987,976,1000
"13 Hallands län","kvinnor","A företag inom jordbruk, skogsbruk och fiske","utrikes född",154,155,166,157,158,166,146,147,159,159,157,161
"13 Hallands län","kvinnor","B+C tillverkningsindustri; gruvor och mineralutvinningsindustri","totalt",4014,3988,4089,4050,3950,3931,4988,5010,5169,5171,5083,5023
"13 Hallands län","kvinnor","B+C tillverkningsindustri; gruvor och mineralutvinningsindustri","inrikes född",3288,3250,3321,3285,3210,3194,4180,4176,4287,4282,4216,4155
"13 Hallands län","kvinnor","B+C tillverkningsindustri; gruvor och mineralutvinningsindustri","utrikes född",727,738,768,766,740,737,807,834,882,888,867,868
"13 Hallands län","kvinnor","D+E företag inom energi och miljö","totalt",724,727,714,760,821,835,754,763,770,825,888,907
"13 Hallands län","kvinnor","D+E företag inom energi och miljö","inrikes född",681,676,661,700,756,765,712,714,713,758,820,837
"13 Hallands län","kvinnor","D+E företag inom energi och miljö","utrikes född",45,51,52,60,64,70,41,49,56,67,68,72
"13 Hallands län","kvinnor","F byggindustri","totalt",1069,1106,1215,1322,1272,1253,1342,1374,1474,1552,1484,1463
"13 Hallands län","kvinnor","F byggindustri","inrikes född",939,968,1070,1162,1113,1108,1190,1214,1311,1384,1312,1305
"13 Hallands län","kvinnor","F byggindustri","utrikes född",131,139,144,159,159,145,151,159,163,169,172,159
"13 Hallands län","kvinnor","G handel; serviceverkstäder för motorfordon och motorcyklar","totalt",9841,10031,10438,10732,10670,10429,10866,11039,11521,11842,11765,11545
"13 Hallands län","kvinnor","G handel; serviceverkstäder för motorfordon och motorcyklar","inrikes född",8998,9115,9420,9617,9540,9334,9960,10080,10442,10668,10592,10407
"13 Hallands län","kvinnor","G handel; serviceverkstäder för motorfordon och motorcyklar","utrikes född",843,915,1018,1115,1130,1095,905,960,1080,1174,1174,1140
"13 Hallands län","kvinnor","H transport- och magasineringsföretag","totalt",1445,1416,1322,971,1003,1189,1835,1801,1689,1376,1418,1589
"13 Hallands län","kvinnor","H transport- och magasineringsföretag","inrikes född",1256,1224,1131,827,843,988,1627,1586,1476,1200,1235,1362
"13 Hallands län","kvinnor","H transport- och magasineringsföretag","utrikes född",188,193,192,145,161,201,207,215,213,176,185,227
"13 Hallands län","kvinnor","I hotell och restauranger","totalt",3011,3079,3592,3797,3834,3944,3151,3244,3861,4030,3953,4041
"13 Hallands län","kvinnor","I hotell och restauranger","inrikes född",2283,2346,2708,2823,2805,2844,2425,2486,2920,3015,2913,2943
"13 Hallands län","kvinnor","I hotell och restauranger","utrikes född",728,732,884,974,1029,1100,728,758,941,1012,1040,1099
"13 Hallands län","kvinnor","J informations- och kommunikationsföretag","totalt",583,597,637,689,664,643,1070,1112,1200,1305,1268,1284
"13 Hallands län","kvinnor","J informations- och kommunikationsföretag","inrikes född",524,534,563,608,580,566,968,1007,1079,1159,1119,1140
"13 Hallands län","kvinnor","J informations- och kommunikationsföretag","utrikes född",59,62,73,81,83,78,102,106,122,145,149,145
"13 Hallands län","kvinnor","K kreditinstitut och försäkringsbolag m.m.","totalt",1016,1047,1037,1019,1023,1007,1300,1338,1334,1336,1351,1345
"13 Hallands län","kvinnor","K kreditinstitut och försäkringsbolag m.m.","inrikes född",965,997,979,953,953,937,1226,1261,1244,1237,1252,1249
"13 Hallands län","kvinnor","K kreditinstitut och försäkringsbolag m.m.","utrikes född",50,50,58,66,70,70,74,77,90,100,98,96
"13 Hallands län","kvinnor","L fastighetsbolag och fastighetsförvaltare","totalt",961,972,1007,1040,1045,1057,1144,1187,1254,1285,1291,1283
"13 Hallands län","kvinnor","L fastighetsbolag och fastighetsförvaltare","inrikes född",874,880,905,924,917,931,1057,1093,1147,1160,1158,1153
"13 Hallands län","kvinnor","L fastighetsbolag och fastighetsförvaltare","utrikes född",88,93,103,115,128,126,87,93,107,125,132,131
"13 Hallands län","kvinnor","M+N företag inom juridik, ekonomi, vetenskap och teknik; företag inom uthyrning, fastighetsservice, resetjänster och andra stödtjänster","totalt",5994,6052,6043,6181,6255,6231,7588,7724,8012,8145,8276,8367
"13 Hallands län","kvinnor","M+N företag inom juridik, ekonomi, vetenskap och teknik; företag inom uthyrning, fastighetsservice, resetjänster och andra stödtjänster","inrikes född",4628,4615,4568,4672,4712,4686,6076,6135,6356,6472,6563,6621
"13 Hallands län","kvinnor","M+N företag inom juridik, ekonomi, vetenskap och teknik; företag inom uthyrning, fastighetsservice, resetjänster och andra stödtjänster","utrikes född",1365,1438,1476,1509,1542,1544,1513,1588,1655,1672,1711,1746
"13 Hallands län","kvinnor","O civila myndigheter och försvaret","totalt",4172,4314,4635,4831,4965,5109,4989,5156,5495,5761,5869,6061
"13 Hallands län","kvinnor","O civila myndigheter och försvaret","inrikes född",3829,3948,4187,4375,4564,4675,4597,4742,5000,5250,5408,5566
"13 Hallands län","kvinnor","O civila myndigheter och försvaret","utrikes född",344,365,447,455,401,434,392,413,495,510,460,496
"13 Hallands län","kvinnor","P utbildningsväsendet","totalt",13629,13900,14135,14104,13850,13658,13955,14239,14414,14382,14166,14025
"13 Hallands län","kvinnor","P utbildningsväsendet","inrikes född",11737,11857,11976,11881,11678,11580,12071,12211,12281,12189,12008,11940
"13 Hallands län","kvinnor","P utbildningsväsendet","utrikes född",1893,2042,2161,2223,2173,2078,1884,2028,2134,2194,2157,2085
"13 Hallands län","kvinnor","Q enheter för vård och omsorg, socialtjänst","totalt",20234,20556,20533,20581,20672,20798,21731,22032,21985,21947,22015,22072
"13 Hallands län","kvinnor","Q enheter för vård och omsorg, socialtjänst","inrikes född",16810,16911,16640,16468,16380,16364,18258,18344,18056,17803,17722,17645
"13 Hallands län","kvinnor","Q enheter för vård och omsorg, socialtjänst","utrikes född",3423,3645,3893,4113,4292,4434,3474,3688,3927,4143,4293,4428
"13 Hallands län","kvinnor","R+S+T+U enheter för kultur, nöje och fritid; andra serviceföretag m.m.","totalt",3701,3645,3859,3885,3875,3758,3892,3883,4098,4107,4138,4093
"13 Hallands län","kvinnor","R+S+T+U enheter för kultur, nöje och fritid; andra serviceföretag m.m.","inrikes född",3189,3135,3312,3343,3333,3224,3379,3370,3549,3575,3598,3540
"13 Hallands län","kvinnor","R+S+T+U enheter för kultur, nöje och fritid; andra serviceföretag m.m.","utrikes född",511,510,547,542,542,535,512,513,550,533,541,554
"13 Hallands län","kvinnor","US uppgift saknas","totalt",67,85,87,91,94,84,151,158,154,154,177,163
"13 Hallands län","kvinnor","US uppgift saknas","inrikes född",55,70,70,75,81,74,129,119,119,123,140,126
"13 Hallands län","kvinnor","US uppgift saknas","utrikes född",13,16,16,16,13,10,23,40,34,32,37,38
"13 Hallands län","totalt","A-U+US Total","totalt",145810,148115,151461,152326,151466,151304,165363,168124,172994,174137,173231,173223
"13 Hallands län","totalt","A-U+US Total","inrikes född",122975,123973,125707,125828,125002,124794,141452,142835,145755,146085,145227,145000
"13 Hallands län","totalt","A-U+US Total","utrikes född",22835,24142,25756,26498,26463,26511,23910,25288,27239,28051,28004,28222
"13 Hallands län","totalt","A företag inom jordbruk, skogsbruk och fiske","totalt",4260,4282,4207,4144,4088,4085,4231,4257,4195,4145,4083,4079
"13 Hallands län","totalt","A företag inom jordbruk, skogsbruk och fiske","inrikes född",3867,3886,3815,3771,3718,3688,3854,3874,3808,3765,3708,3678
"13 Hallands län","totalt","A företag inom jordbruk, skogsbruk och fiske","utrikes född",393,398,393,373,371,395,378,382,388,379,374,400
"13 Hallands län","totalt","B+C tillverkningsindustri; gruvor och mineralutvinningsindustri","totalt",16232,16300,16533,16312,15887,15720,19680,19807,20186,20090,19611,19419
"13 Hallands län","totalt","B+C tillverkningsindustri; gruvor och mineralutvinningsindustri","inrikes född",13363,13342,13442,13209,12861,12759,16533,16521,16702,16558,16169,16016
"13 Hallands län","totalt","B+C tillverkningsindustri; gruvor och mineralutvinningsindustri","utrikes född",2867,2959,3090,3102,3026,2962,3147,3285,3484,3532,3443,3403
"13 Hallands län","totalt","D+E företag inom energi och miljö","totalt",3059,3050,3001,3046,3170,3229,3093,3116,3125,3193,3300,3368
"13 Hallands län","totalt","D+E företag inom energi och miljö","inrikes född",2805,2771,2711,2737,2854,2901,2849,2846,2831,2871,2975,3022
"13 Hallands län","totalt","D+E företag inom energi och miljö","utrikes född",253,277,291,308,316,329,244,269,296,322,326,345
"13 Hallands län","totalt","F byggindustri","totalt",12470,12697,13156,13378,12851,12615,13900,14055,14505,14670,14117,13875
"13 Hallands län","totalt","F byggindustri","inrikes född",11022,11156,11470,11641,11251,11089,12431,12490,12805,12901,12504,12340
"13 Hallands län","totalt","F byggindustri","utrikes född",1447,1541,1685,1736,1599,1527,1470,1564,1700,1770,1613,1536
"13 Hallands län","totalt","G handel; serviceverkstäder för motorfordon och motorcyklar","totalt",21117,21354,22176,23207,23031,22403,23821,24098,25115,26223,26060,25375
"13 Hallands län","totalt","G handel; serviceverkstäder för motorfordon och motorcyklar","inrikes född",18591,18714,19301,19999,19806,19348,21189,21378,22134,22887,22696,22185
"13 Hallands län","totalt","G handel; serviceverkstäder för motorfordon och motorcyklar","utrikes född",2525,2641,2875,3208,3225,3054,2630,2721,2982,3337,3363,3190
"13 Hallands län","totalt","H transport- och magasineringsföretag","totalt",6529,6428,6243,5152,5159,5685,7776,7700,7534,6558,6567,7048
"13 Hallands län","totalt","H transport- och magasineringsföretag","inrikes född",5066,4916,4694,3816,3790,4139,6222,6085,5867,5082,5061,5361
"13 Hallands län","totalt","H transport- och magasineringsföretag","utrikes född",1464,1513,1549,1336,1370,1545,1554,1615,1667,1475,1506,1687
"13 Hallands län","totalt","I hotell och restauranger","totalt",5398,5530,6377,6741,6793,6859,5597,5734,6832,7115,7009,7030
"13 Hallands län","totalt","I hotell och restauranger","inrikes född",3600,3684,4310,4545,4520,4526,3839,3935,4727,4929,4782,4752
"13 Hallands län","totalt","I hotell och restauranger","utrikes född",1798,1847,2066,2196,2272,2332,1757,1800,2105,2186,2226,2276
"13 Hallands län","totalt","J informations- och kommunikationsföretag","totalt",2081,2170,2284,2458,2440,2416,3948,4143,4388,4606,4537,4610
"13 Hallands län","totalt","J informations- och kommunikationsföretag","inrikes född",1873,1954,2044,2208,2191,2176,3622,3806,3997,4162,4088,4156
"13 Hallands län","totalt","J informations- och kommunikationsföretag","utrikes född",209,216,241,251,249,240,326,337,390,444,448,455
"13 Hallands län","totalt","K kreditinstitut och försäkringsbolag m.m.","totalt",1736,1778,1759,1738,1768,1763,2347,2400,2428,2457,2480,2475
"13 Hallands län","totalt","K kreditinstitut och försäkringsbolag m.m.","inrikes född",1645,1678,1656,1626,1647,1649,2214,2263,2272,2288,2309,2306
"13 Hallands län","totalt","K kreditinstitut och försäkringsbolag m.m.","utrikes född",91,99,103,112,121,115,133,136,154,169,171,170
"13 Hallands län","totalt","L fastighetsbolag och fastighetsförvaltare","totalt",2505,2518,2570,2599,2609,2623,2909,2946,3057,3095,3110,3117
"13 Hallands län","totalt","L fastighetsbolag och fastighetsförvaltare","inrikes född",2280,2289,2328,2342,2333,2346,2689,2720,2808,2820,2816,2821
"13 Hallands län","totalt","L fastighetsbolag och fastighetsförvaltare","utrikes född",224,230,242,257,277,277,220,226,249,272,294,296
"13 Hallands län","totalt","M+N företag inom juridik, ekonomi, vetenskap och teknik; företag inom uthyrning, fastighetsservice, resetjänster och andra stödtjänster","totalt",13726,14066,14087,14183,14307,14332,17537,18105,18821,18944,19223,19429
"13 Hallands län","totalt","M+N företag inom juridik, ekonomi, vetenskap och teknik; företag inom uthyrning, fastighetsservice, resetjänster och andra stödtjänster","inrikes född",10949,11056,10946,11041,11219,11270,14471,14752,15219,15363,15666,15815
"13 Hallands län","totalt","M+N företag inom juridik, ekonomi, vetenskap och teknik; företag inom uthyrning, fastighetsservice, resetjänster och andra stödtjänster","utrikes född",2778,3010,3141,3142,3088,3062,3065,3354,3602,3582,3556,3613
"13 Hallands län","totalt","O civila myndigheter och försvaret","totalt",8039,8334,8765,8997,9218,9531,8837,9113,9563,9898,10061,10399
"13 Hallands län","totalt","O civila myndigheter och försvaret","inrikes född",7413,7677,8013,8252,8532,8800,8155,8393,8743,9075,9297,9583
"13 Hallands län","totalt","O civila myndigheter och försvaret","utrikes född",627,657,754,743,687,732,682,720,819,824,763,815
"13 Hallands län","totalt","P utbildningsväsendet","totalt",17530,17869,18150,18105,17693,17511,18039,18393,18595,18534,18186,18056
"13 Hallands län","totalt","P utbildningsväsendet","inrikes född",14962,15131,15286,15154,14835,14770,15480,15679,15778,15640,15361,15323
"13 Hallands län","totalt","P utbildningsväsendet","utrikes född",2568,2739,2863,2952,2859,2740,2559,2715,2817,2895,2824,2733
"13 Hallands län","totalt","Q enheter för vård och omsorg, socialtjänst","totalt",24833,25404,25515,25612,25833,26080,26595,27106,27200,27181,27366,27507
"13 Hallands län","totalt","Q enheter för vård och omsorg, socialtjänst","inrikes född",20176,20362,20092,19870,19838,19883,21870,22023,21750,21437,21397,21355
"13 Hallands län","totalt","Q enheter för vård och omsorg, socialtjänst","utrikes född",4657,5041,5423,5741,5996,6197,4726,5083,5451,5744,5968,6151
"13 Hallands län","totalt","R+S+T+U enheter för kultur, nöje och fritid; andra serviceföretag m.m.","totalt",6144,6145,6454,6456,6423,6261,6566,6637,6973,6964,6978,6890
"13 Hallands län","totalt","R+S+T+U enheter för kultur, nöje och fritid; andra serviceföretag m.m.","inrikes född",5248,5215,5454,5464,5449,5293,5660,5700,5958,5963,5982,5883
"13 Hallands län","totalt","R+S+T+U enheter för kultur, nöje och fritid; andra serviceföretag m.m.","utrikes född",896,930,1001,992,974,968,907,937,1016,1000,995,1008
"13 Hallands län","totalt","US uppgift saknas","totalt",153,190,184,199,198,192,489,514,476,465,547,549
"13 Hallands län","totalt","US uppgift saknas","inrikes född",116,145,143,154,161,156,376,374,357,343,414,406
"13 Hallands län","totalt","US uppgift saknas","utrikes född",37,44,41,45,37,35,113,141,120,122,134,142
"14 Västra Götalands län","män","A-U+US Total","totalt",451591,456377,471221,475967,472300,471393,447398,452521,466415,470968,468395,467617
"14 Västra Götalands län","män","A-U+US Total","inrikes född",360547,361227,367555,368051,364738,363266,355429,356226,361760,362132,359712,358355
"14 Västra Götalands län","män","A-U+US Total","utrikes född",91045,95150,103666,107916,107564,108128,91968,96296,104656,108837,108682,109262
"14 Västra Götalands län","män","A företag inom jordbruk, skogsbruk och fiske","totalt",10949,10917,10677,10500,10264,10112,10966,10910,10656,10465,10236,10086
"14 Västra Götalands län","män","A företag inom jordbruk, skogsbruk och fiske","inrikes född",10519,10451,10207,10022,9776,9613,10516,10443,10186,9986,9755,9587
"14 Västra Götalands län","män","A företag inom jordbruk, skogsbruk och fiske","utrikes född",429,465,469,479,488,500,450,467,470,479,483,499
"14 Västra Götalands län","män","B+C tillverkningsindustri; gruvor och mineralutvinningsindustri","totalt",85754,84363,85680,85743,84683,82827,83996,82768,83857,84031,83253,81671
"14 Västra Götalands län","män","B+C tillverkningsindustri; gruvor och mineralutvinningsindustri","inrikes född",70200,68579,68610,67991,66913,65412,68567,67097,66953,66427,65581,64324
"14 Västra Götalands län","män","B+C tillverkningsindustri; gruvor och mineralutvinningsindustri","utrikes född",15554,15785,17071,17752,17771,17415,15429,15672,16904,17604,17671,17348
"14 Västra Götalands län","män","D+E företag inom energi och miljö","totalt",6492,6649,6732,6718,6855,6946,6470,6602,6641,6600,6773,6845
"14 Västra Götalands län","män","D+E företag inom energi och miljö","inrikes född",5773,5895,5924,5859,5944,5983,5771,5867,5861,5766,5881,5906
"14 Västra Götalands län","män","D+E företag inom energi och miljö","utrikes född",719,754,808,859,912,963,698,735,780,833,893,938
"14 Västra Götalands län","män","F byggindustri","totalt",54945,55801,57535,57662,55283,54470,53930,54758,56435,56759,54391,53469
"14 Västra Götalands län","män","F byggindustri","inrikes född",47129,47350,48091,47898,46286,45605,46060,46294,46992,47000,45387,44592
"14 Västra Götalands län","män","F byggindustri","utrikes född",7817,8452,9442,9764,8997,8866,7871,8464,9443,9760,9004,8875
"14 Västra Götalands län","män","G handel; serviceverkstäder för motorfordon och motorcyklar","totalt",58577,59616,60782,61611,61236,61096,57414,58400,59632,60415,59909,59659
"14 Västra Götalands län","män","G handel; serviceverkstäder för motorfordon och motorcyklar","inrikes född",48659,48991,49514,49843,49353,49112,47478,47756,48321,48632,48048,47736
"14 Västra Götalands län","män","G handel; serviceverkstäder för motorfordon och motorcyklar","utrikes född",9918,10623,11268,11768,11882,11983,9936,10644,11312,11784,11861,11923
"14 Västra Götalands län","män","H transport- och magasineringsföretag","totalt",31491,31430,31793,32456,32368,32333,31725,31744,32177,32748,32696,32802
"14 Västra Götalands län","män","H transport- och magasineringsföretag","inrikes född",22367,21909,21696,21623,21133,20878,22475,22080,21872,21768,21313,21121
"14 Västra Götalands län","män","H transport- och magasineringsföretag","utrikes född",9125,9519,10097,10834,11235,11456,9250,9664,10303,10979,11383,11682
"14 Västra Götalands län","män","I hotell och restauranger","totalt",13533,13019,15332,16163,15915,16218,13568,13147,15388,16185,16068,16232
"14 Västra Götalands län","män","I hotell och restauranger","inrikes född",6123,5860,7181,7669,7600,7871,6080,5831,7099,7555,7573,7768
"14 Västra Götalands län","män","I hotell och restauranger","utrikes född",7411,7160,8151,8495,8315,8346,7490,7317,8288,8632,8495,8465
"14 Västra Götalands län","män","J informations- och kommunikationsföretag","totalt",24277,25193,26685,27735,27110,27643,23598,24566,26197,27233,26676,27115
"14 Västra Götalands län","män","J informations- och kommunikationsföretag","inrikes född",20489,21142,21998,22379,21880,22225,19601,20299,21288,21668,21240,21561
"14 Västra Götalands län","män","J informations- och kommunikationsföretag","utrikes född",3788,4052,4687,5355,5229,5418,3997,4268,4910,5565,5436,5552
"14 Västra Götalands län","män","K kreditinstitut och försäkringsbolag m.m.","totalt",4611,4622,4752,4933,5021,5086,4488,4532,4741,4879,5022,5138
"14 Västra Götalands län","män","K kreditinstitut och försäkringsbolag m.m.","inrikes född",4202,4211,4310,4459,4547,4592,4086,4127,4290,4394,4524,4623
"14 Västra Götalands län","män","K kreditinstitut och försäkringsbolag m.m.","utrikes född",409,412,442,474,475,496,402,404,453,486,498,515
"14 Västra Götalands län","män","L fastighetsbolag och fastighetsförvaltare","totalt",9127,9085,9036,8819,8629,8490,8946,8933,8850,8664,8514,8374
"14 Västra Götalands län","män","L fastighetsbolag och fastighetsförvaltare","inrikes född",7977,7905,7808,7648,7492,7367,7776,7728,7604,7463,7356,7228
"14 Västra Götalands län","män","L fastighetsbolag och fastighetsförvaltare","utrikes född",1150,1181,1228,1171,1137,1123,1169,1205,1245,1201,1160,1147
"14 Västra Götalands län","män","M+N företag inom juridik, ekonomi, vetenskap och teknik; företag inom uthyrning, fastighetsservice, resetjänster och andra stödtjänster","totalt",64262,66622,71167,71180,71398,71260,62468,64680,68932,69046,69275,69112
"14 Västra Götalands län","män","M+N företag inom juridik, ekonomi, vetenskap och teknik; företag inom uthyrning, fastighetsservice, resetjänster och andra stödtjänster","inrikes född",49594,50806,53048,52847,53335,53236,47920,49001,51036,50899,51405,51263
"14 Västra Götalands län","män","M+N företag inom juridik, ekonomi, vetenskap och teknik; företag inom uthyrning, fastighetsservice, resetjänster och andra stödtjänster","utrikes född",14669,15818,18119,18332,18061,18024,14547,15681,17896,18147,17870,17849
"14 Västra Götalands län","män","O civila myndigheter och försvaret","totalt",20540,21053,21669,22476,22968,23584,20474,20983,21244,21975,22538,23196
"14 Västra Götalands län","män","O civila myndigheter och försvaret","inrikes född",17942,18324,18947,19601,20136,20786,17875,18259,18534,19113,19710,20399
"14 Västra Götalands län","män","O civila myndigheter och försvaret","utrikes född",2598,2729,2722,2875,2831,2798,2599,2723,2711,2862,2828,2796
"14 Västra Götalands län","män","P utbildningsväsendet","totalt",22543,22400,22602,22633,22652,22615,22496,22379,22546,22553,22564,22532
"14 Västra Götalands län","män","P utbildningsväsendet","inrikes född",17458,17355,17416,17402,17347,17295,17394,17289,17324,17295,17229,17166
"14 Västra Götalands län","män","P utbildningsväsendet","utrikes född",5086,5044,5186,5231,5306,5320,5103,5090,5221,5260,5334,5365
"14 Västra Götalands län","män","Q enheter för vård och omsorg, socialtjänst","totalt",29943,30830,31349,31671,31623,31947,29769,30736,31227,31545,31623,31988
"14 Västra Götalands län","män","Q enheter för vård och omsorg, socialtjänst","inrikes född",20372,20583,20452,20354,20159,20292,20176,20428,20291,20154,20054,20223
"14 Västra Götalands län","män","Q enheter för vård och omsorg, socialtjänst","utrikes född",9571,10246,10896,11317,11463,11654,9591,10308,10935,11390,11569,11764
"14 Västra Götalands län","män","R+S+T+U enheter för kultur, nöje och fritid; andra serviceföretag m.m.","totalt",14171,14324,14961,15165,15319,15335,14354,14558,15243,15426,15483,15490
"14 Västra Götalands län","män","R+S+T+U enheter för kultur, nöje och fritid; andra serviceföretag m.m.","inrikes född",11440,11495,11971,12072,12202,12169,11612,11696,12191,12302,12356,12301
"14 Västra Götalands län","män","R+S+T+U enheter för kultur, nöje och fritid; andra serviceföretag m.m.","utrikes född",2732,2828,2988,3094,3116,3166,2742,2863,3053,3123,3128,3188
"14 Västra Götalands län","män","US uppgift saknas","totalt",374,455,469,501,975,1434,2737,2826,2650,2445,3372,3911
"14 Västra Götalands län","män","US uppgift saknas","inrikes född",302,374,378,384,631,833,2042,2033,1917,1711,2304,2556
"14 Västra Götalands län","män","US uppgift saknas","utrikes född",72,82,91,117,345,602,696,794,733,734,1068,1356
"14 Västra Götalands län","kvinnor","A-U+US Total","totalt",412522,418127,432410,438743,438316,439292,408821,414499,428483,434733,435021,435960
"14 Västra Götalands län","kvinnor","A-U+US Total","inrikes född",335136,337389,344408,345982,344351,343637,331135,333307,340151,341648,340444,339709
"14 Västra Götalands län","kvinnor","A-U+US Total","utrikes född",77387,80737,88003,92762,93966,95655,77685,81193,88333,93086,94578,96250
"14 Västra Götalands län","kvinnor","A företag inom jordbruk, skogsbruk och fiske","totalt",3513,3675,3615,3557,3552,3590,3548,3685,3619,3586,3569,3589
"14 Västra Götalands län","kvinnor","A företag inom jordbruk, skogsbruk och fiske","inrikes född",3300,3438,3372,3314,3310,3332,3324,3443,3374,3340,3325,3324
"14 Västra Götalands län","kvinnor","A företag inom jordbruk, skogsbruk och fiske","utrikes född",213,236,242,243,243,258,224,241,245,245,244,266
"14 Västra Götalands län","kvinnor","B+C tillverkningsindustri; gruvor och mineralutvinningsindustri","totalt",29730,29743,31019,31380,31482,30654,28940,28949,30126,30453,30631,29934
"14 Västra Götalands län","kvinnor","B+C tillverkningsindustri; gruvor och mineralutvinningsindustri","inrikes född",24646,24535,25283,25374,25250,24636,23936,23826,24520,24555,24469,23966
"14 Västra Götalands län","kvinnor","B+C tillverkningsindustri; gruvor och mineralutvinningsindustri","utrikes född",5084,5208,5736,6006,6233,6018,5004,5121,5606,5900,6161,5968
"14 Västra Götalands län","kvinnor","D+E företag inom energi och miljö","totalt",2154,2314,2407,2585,2753,2880,2125,2275,2337,2510,2681,2798
"14 Västra Götalands län","kvinnor","D+E företag inom energi och miljö","inrikes född",1952,2094,2165,2323,2476,2577,1923,2051,2101,2259,2407,2496
"14 Västra Götalands län","kvinnor","D+E företag inom energi och miljö","utrikes född",201,220,242,262,277,304,201,223,236,251,274,301
"14 Västra Götalands län","kvinnor","F byggindustri","totalt",6405,6631,7048,7316,7031,6933,6152,6372,6807,7108,6829,6710
"14 Västra Götalands län","kvinnor","F byggindustri","inrikes född",5549,5731,6036,6248,6030,5928,5315,5489,5803,6041,5834,5716
"14 Västra Götalands län","kvinnor","F byggindustri","utrikes född",855,901,1012,1067,1001,1005,837,883,1003,1066,995,994
"14 Västra Götalands län","kvinnor","G handel; serviceverkstäder för motorfordon och motorcyklar","totalt",48661,49412,50963,51137,51064,50756,48147,48858,50429,50512,50453,50125
"14 Västra Götalands län","kvinnor","G handel; serviceverkstäder för motorfordon och motorcyklar","inrikes född",42694,43139,44184,44018,43856,43410,42205,42591,43641,43401,43246,42782
"14 Västra Götalands län","kvinnor","G handel; serviceverkstäder för motorfordon och motorcyklar","utrikes född",5968,6273,6780,7119,7208,7346,5942,6266,6789,7111,7208,7342
"14 Västra Götalands län","kvinnor","H transport- och magasineringsföretag","totalt",9703,9672,9862,10108,10037,10139,9707,9641,9967,10197,10119,10239
"14 Västra Götalands län","kvinnor","H transport- och magasineringsföretag","inrikes född",8464,8375,8402,8465,8309,8370,8431,8323,8462,8521,8356,8430
"14 Västra Götalands län","kvinnor","H transport- och magasineringsföretag","utrikes född",1240,1298,1460,1643,1728,1768,1276,1318,1504,1675,1762,1809
"14 Västra Götalands län","kvinnor","I hotell och restauranger","totalt",13867,13272,16661,17979,17795,18377,13877,13338,16625,17851,17898,18365
"14 Västra Götalands län","kvinnor","I hotell och restauranger","inrikes född",9653,9098,11317,11994,11797,12094,9633,9138,11293,11927,11867,12082
"14 Västra Götalands län","kvinnor","I hotell och restauranger","utrikes född",4214,4174,5345,5985,5999,6282,4244,4199,5332,5924,6031,6284
"14 Västra Götalands län","kvinnor","J informations- och kommunikationsföretag","totalt",8451,9032,9898,10381,10207,10585,8372,8982,9870,10346,10108,10440
"14 Västra Götalands län","kvinnor","J informations- och kommunikationsföretag","inrikes född",6860,7277,7779,7996,7861,8085,6750,7183,7693,7887,7702,7888
"14 Västra Götalands län","kvinnor","J informations- och kommunikationsföretag","utrikes född",1590,1756,2118,2385,2346,2500,1622,1800,2177,2458,2407,2552
"14 Västra Götalands län","kvinnor","K kreditinstitut och försäkringsbolag m.m.","totalt",5574,5533,5606,5836,5939,5920,5488,5488,5588,5801,5902,5927
"14 Västra Götalands län","kvinnor","K kreditinstitut och försäkringsbolag m.m.","inrikes född",5014,4960,4985,5174,5268,5231,4930,4907,4955,5122,5219,5222
"14 Västra Götalands län","kvinnor","K kreditinstitut och försäkringsbolag m.m.","utrikes född",561,574,621,662,671,689,559,582,633,677,682,706
"14 Västra Götalands län","kvinnor","L fastighetsbolag och fastighetsförvaltare","totalt",6094,6113,6304,6156,6086,6049,5949,5937,6082,5971,5928,5886
"14 Västra Götalands län","kvinnor","L fastighetsbolag och fastighetsförvaltare","inrikes född",5277,5354,5492,5366,5306,5293,5136,5176,5274,5181,5137,5115
"14 Västra Götalands län","kvinnor","L fastighetsbolag och fastighetsförvaltare","utrikes född",818,759,812,791,779,757,813,763,808,790,791,772
"14 Västra Götalands län","kvinnor","M+N företag inom juridik, ekonomi, vetenskap och teknik; företag inom uthyrning, fastighetsservice, resetjänster och andra stödtjänster","totalt",45621,46866,50000,50584,50919,51346,44520,45732,48758,49503,49811,50154
"14 Västra Götalands län","kvinnor","M+N företag inom juridik, ekonomi, vetenskap och teknik; företag inom uthyrning, fastighetsservice, resetjänster och andra stödtjänster","inrikes född",34495,35300,37177,37300,37363,37544,33451,34191,35918,36170,36205,36354
"14 Västra Götalands län","kvinnor","M+N företag inom juridik, ekonomi, vetenskap och teknik; företag inom uthyrning, fastighetsservice, resetjänster och andra stödtjänster","utrikes född",11126,11565,12822,13285,13555,13801,11069,11540,12841,13335,13606,13799
"14 Västra Götalands län","kvinnor","O civila myndigheter och försvaret","totalt",32967,33844,34079,35405,35946,37020,32428,33315,33504,34769,35338,36388
"14 Västra Götalands län","kvinnor","O civila myndigheter och försvaret","inrikes född",27716,28241,28413,29542,30343,31383,27206,27747,27877,28942,29767,30762
"14 Västra Götalands län","kvinnor","O civila myndigheter och försvaret","utrikes född",5252,5603,5665,5863,5603,5638,5222,5568,5627,5827,5572,5626
"14 Västra Götalands län","kvinnor","P utbildningsväsendet","totalt",66704,67582,69121,69604,69181,68846,66636,67548,68962,69383,68991,68667
"14 Västra Götalands län","kvinnor","P utbildningsväsendet","inrikes född",53780,54086,54519,54329,53765,53270,53666,53999,54383,54137,53566,53084
"14 Västra Götalands län","kvinnor","P utbildningsväsendet","utrikes född",12924,13495,14602,15277,15416,15575,12971,13549,14578,15247,15425,15583
"14 Västra Götalands län","kvinnor","Q enheter för vård och omsorg, socialtjänst","totalt",112664,113637,114180,114773,113852,113498,111476,112536,113119,113740,113101,112763
"14 Västra Götalands län","kvinnor","Q enheter för vård och omsorg, socialtjänst","inrikes född",88600,88383,87288,86387,84896,83847,87404,87207,86181,85308,84040,82991
"14 Västra Götalands län","kvinnor","Q enheter för vård och omsorg, socialtjänst","utrikes född",24063,25253,26893,28386,28956,29650,24071,25329,26939,28433,29061,29771
"14 Västra Götalands län","kvinnor","R+S+T+U enheter för kultur, nöje och fritid; andra serviceföretag m.m.","totalt",20124,20412,21244,21479,21837,21929,20373,20688,21601,21897,22208,22355
"14 Västra Götalands län","kvinnor","R+S+T+U enheter för kultur, nöje och fritid; andra serviceföretag m.m.","inrikes född",16899,17067,17679,17818,18069,18094,17098,17296,17985,18163,18394,18468
"14 Västra Götalands län","kvinnor","R+S+T+U enheter för kultur, nöje och fritid; andra serviceföretag m.m.","utrikes född",3222,3346,3566,3660,3767,3834,3274,3392,3617,3735,3814,3889
"14 Västra Götalands län","kvinnor","US uppgift saknas","totalt",291,389,403,464,636,771,1085,1155,1090,1107,1454,1618
"14 Västra Götalands län","kvinnor","US uppgift saknas","inrikes född",235,314,319,335,453,543,725,739,692,694,909,1030
"14 Västra Götalands län","kvinnor","US uppgift saknas","utrikes född",56,77,85,128,183,228,359,416,396,413,545,588
"14 Västra Götalands län","totalt","A-U+US Total","totalt",864113,874504,903631,914710,910617,910687,856218,867020,894898,905702,903415,903577
"14 Västra Götalands län","totalt","A-U+US Total","inrikes född",695682,698617,711963,714034,709088,706903,686565,689534,701910,703779,700156,698063
"14 Västra Götalands län","totalt","A-U+US Total","utrikes född",168432,175887,191668,200677,201529,203782,169654,177487,192988,201922,203260,205513
"14 Västra Götalands län","totalt","A företag inom jordbruk, skogsbruk och fiske","totalt",14462,14591,14292,14056,13816,13702,14514,14593,14275,14050,13805,13675
"14 Västra Götalands län","totalt","A företag inom jordbruk, skogsbruk och fiske","inrikes född",13820,13889,13581,13334,13085,12944,13841,13887,13560,13327,13079,12912
"14 Västra Götalands län","totalt","A företag inom jordbruk, skogsbruk och fiske","utrikes född",641,702,712,722,730,758,674,708,715,725,726,765
"14 Västra Götalands län","totalt","B+C tillverkningsindustri; gruvor och mineralutvinningsindustri","totalt",115484,114106,116700,117123,116166,113481,112937,111716,113982,114484,113883,111606
"14 Västra Götalands län","totalt","B+C tillverkningsindustri; gruvor och mineralutvinningsindustri","inrikes född",94846,93114,93894,93365,92162,90049,92503,90923,91473,90980,90050,88292
"14 Västra Götalands län","totalt","B+C tillverkningsindustri; gruvor och mineralutvinningsindustri","utrikes född",20638,20993,22806,23757,24004,23433,20433,20793,22509,23504,23833,23315
"14 Västra Götalands län","totalt","D+E företag inom energi och miljö","totalt",8645,8963,9139,9303,9608,9826,8595,8877,8977,9109,9454,9642
"14 Västra Götalands län","totalt","D+E företag inom energi och miljö","inrikes född",7725,7990,8091,8182,8420,8559,7694,7919,7962,8024,8289,8403
"14 Västra Götalands län","totalt","D+E företag inom energi och miljö","utrikes född",920,974,1050,1122,1188,1266,901,959,1016,1084,1167,1240
"14 Västra Götalands län","totalt","F byggindustri","totalt",61350,62432,64582,64978,62313,61403,60083,61130,63241,63868,61220,60178
"14 Västra Götalands län","totalt","F byggindustri","inrikes född",52679,53080,54127,54148,52316,51534,51375,51782,52795,53041,51221,50308
"14 Västra Götalands län","totalt","F byggindustri","utrikes född",8672,9352,10456,10830,9998,9870,8708,9348,10446,10826,9998,9869
"14 Västra Götalands län","totalt","G handel; serviceverkstäder för motorfordon och motorcyklar","totalt",107238,109028,111745,112749,112302,111852,105561,107257,110062,110926,110361,109785
"14 Västra Götalands län","totalt","G handel; serviceverkstäder för motorfordon och motorcyklar","inrikes född",91354,92132,93698,93861,93210,92522,89682,90348,91961,92033,91293,90518
"14 Västra Götalands län","totalt","G handel; serviceverkstäder för motorfordon och motorcyklar","utrikes född",15885,16896,18048,18887,19091,19330,15878,16909,18101,18894,19069,19266
"14 Västra Götalands län","totalt","H transport- och magasineringsföretag","totalt",41195,41101,41655,42564,42405,42471,41431,41386,42143,42943,42814,43042
"14 Västra Götalands län","totalt","H transport- och magasineringsföretag","inrikes född",30830,30283,30098,30088,29443,29248,30905,30404,30336,30289,29669,29551
"14 Västra Götalands län","totalt","H transport- och magasineringsföretag","utrikes född",10365,10818,11557,12477,12963,13224,10525,10981,11808,12654,13146,13490
"14 Västra Götalands län","totalt","I hotell och restauranger","totalt",27401,26292,31993,34142,33711,34595,27446,26487,32012,34037,33967,34599
"14 Västra Götalands län","totalt","I hotell och restauranger","inrikes född",15776,14958,18497,19662,19396,19966,15713,14971,18391,19482,19440,19850
"14 Västra Götalands län","totalt","I hotell och restauranger","utrikes född",11625,11334,13497,14479,14314,14630,11733,11516,13621,14555,14527,14748
"14 Västra Götalands län","totalt","J informations- och kommunikationsföretag","totalt",32727,34225,36584,38116,37316,38228,31970,33549,36067,37579,36784,37554
"14 Västra Götalands län","totalt","J informations- och kommunikationsföretag","inrikes född",27349,28417,29778,30375,29741,30309,26351,27481,28981,29555,28944,29450
"14 Västra Götalands län","totalt","J informations- och kommunikationsföretag","utrikes född",5377,5807,6805,7741,7575,7919,5618,6067,7087,8022,7842,8103
"14 Västra Götalands län","totalt","K kreditinstitut och försäkringsbolag m.m.","totalt",10185,10155,10358,10769,10961,11007,9976,10019,10330,10680,10924,11064
"14 Västra Götalands län","totalt","K kreditinstitut och försäkringsbolag m.m.","inrikes född",9215,9170,9294,9634,9816,9822,9014,9033,9244,9517,9743,9844
"14 Västra Götalands län","totalt","K kreditinstitut och försäkringsbolag m.m.","utrikes född",969,985,1065,1137,1145,1185,961,987,1086,1163,1180,1219
"14 Västra Götalands län","totalt","L fastighetsbolag och fastighetsförvaltare","totalt",15221,15198,15340,14976,14715,14538,14894,14871,14932,14634,14443,14261
"14 Västra Götalands län","totalt","L fastighetsbolag och fastighetsförvaltare","inrikes född",13254,13258,13300,13014,12799,12659,12914,12904,12878,12645,12493,12343
"14 Västra Götalands län","totalt","L fastighetsbolag och fastighetsförvaltare","utrikes född",1967,1939,2039,1962,1916,1880,1982,1968,2054,1991,1950,1918
"14 Västra Götalands län","totalt","M+N företag inom juridik, ekonomi, vetenskap och teknik; företag inom uthyrning, fastighetsservice, resetjänster och andra stödtjänster","totalt",109883,113489,121166,121763,122316,122606,106988,110412,117690,118549,119086,119266
"14 Västra Götalands län","totalt","M+N företag inom juridik, ekonomi, vetenskap och teknik; företag inom uthyrning, fastighetsservice, resetjänster och andra stödtjänster","inrikes född",84088,86106,90225,90148,90699,90781,81373,83191,86954,87068,87610,87617
"14 Västra Götalands län","totalt","M+N företag inom juridik, ekonomi, vetenskap och teknik; företag inom uthyrning, fastighetsservice, resetjänster och andra stödtjänster","utrikes född",25795,27383,30940,31616,31617,31825,25615,27220,30736,31481,31476,31648
"14 Västra Götalands län","totalt","O civila myndigheter och försvaret","totalt",53510,54897,55748,57880,58914,60603,52901,54297,54749,56744,57876,59584
"14 Västra Götalands län","totalt","O civila myndigheter och försvaret","inrikes född",45658,46566,47360,49143,50481,52169,45081,46006,46410,48055,49476,51161
"14 Västra Götalands län","totalt","O civila myndigheter och försvaret","utrikes född",7850,8331,8387,8738,8435,8436,7821,8291,8338,8689,8400,8423
"14 Västra Götalands län","totalt","P utbildningsväsendet","totalt",89248,89982,91723,92238,91835,91460,89132,89927,91506,91936,91556,91198
"14 Västra Götalands län","totalt","P utbildningsväsendet","inrikes född",71238,71443,71934,71731,71112,70566,71060,71289,71707,71432,70794,70250
"14 Västra Götalands län","totalt","P utbildningsväsendet","utrikes född",18010,18539,19788,20507,20722,20896,18072,18639,19799,20506,20761,20948
"14 Västra Götalands län","totalt","Q enheter för vård och omsorg, socialtjänst","totalt",142606,144466,145529,146443,145476,145444,141243,143273,144346,145284,144724,144750
"14 Västra Götalands län","totalt","Q enheter för vård och omsorg, socialtjänst","inrikes född",108972,108966,107740,106741,105054,104139,107580,107635,106472,105462,104095,103214
"14 Västra Götalands län","totalt","Q enheter för vård och omsorg, socialtjänst","utrikes född",33635,35501,37788,39703,40421,41304,33662,35636,37874,39822,40630,41536
"14 Västra Götalands län","totalt","R+S+T+U enheter för kultur, nöje och fritid; andra serviceföretag m.m.","totalt",34295,34735,36205,36643,37154,37264,34727,35247,36845,37323,37691,37845
"14 Västra Götalands län","totalt","R+S+T+U enheter för kultur, nöje och fritid; andra serviceföretag m.m.","inrikes född",28341,28562,29650,29890,30271,30263,28710,28992,30175,30465,30749,30767
"14 Västra Götalands län","totalt","R+S+T+U enheter för kultur, nöje och fritid; andra serviceföretag m.m.","utrikes född",5954,6173,6555,6754,6883,7001,6018,6255,6670,6858,6943,7078
"14 Västra Götalands län","totalt","US uppgift saknas","totalt",666,845,871,963,1611,2206,3822,3981,3738,3552,4825,5529
"14 Västra Götalands län","totalt","US uppgift saknas","inrikes född",537,687,695,720,1084,1376,2768,2772,2610,2404,3213,3586
"14 Västra Götalands län","totalt","US uppgift saknas","utrikes född",128,158,176,245,527,830,1056,1211,1129,1147,1613,1944
"17 Värmlands län","män","A-U+US Total","totalt",65906,66556,68172,68564,67900,67533,69524,70097,71743,71950,71610,71196
"17 Värmlands län","män","A-U+US Total","inrikes född",57992,58223,59055,59050,58354,57903,60975,61074,61941,61763,61336,60862
"17 Värmlands län","män","A-U+US Total","utrikes född",7913,8334,9117,9513,9544,9630,8547,9024,9803,10187,10274,10335
"17 Värmlands län","män","A företag inom jordbruk, skogsbruk och fiske","totalt",3614,3685,3583,3575,3471,3535,3651,3723,3606,3591,3476,3543
"17 Värmlands län","män","A företag inom jordbruk, skogsbruk och fiske","inrikes född",3414,3479,3378,3349,3250,3290,3449,3510,3394,3355,3246,3290
"17 Värmlands län","män","A företag inom jordbruk, skogsbruk och fiske","utrikes född",200,205,206,226,221,246,201,213,213,235,230,253
"17 Värmlands län","män","B+C tillverkningsindustri; gruvor och mineralutvinningsindustri","totalt",13740,13678,13835,13933,13808,13676,14278,14222,14352,14447,14342,14280
"17 Värmlands län","män","B+C tillverkningsindustri; gruvor och mineralutvinningsindustri","inrikes född",12641,12550,12617,12625,12477,12322,13142,13055,13101,13109,12972,12877
"17 Värmlands län","män","B+C tillverkningsindustri; gruvor och mineralutvinningsindustri","utrikes född",1098,1128,1218,1308,1331,1353,1136,1168,1251,1336,1371,1404
"17 Värmlands län","män","D+E företag inom energi och miljö","totalt",1009,1043,1081,1080,1093,1132,1047,1071,1113,1115,1137,1158
"17 Värmlands län","män","D+E företag inom energi och miljö","inrikes född",955,986,1018,1017,1022,1052,992,1016,1045,1047,1062,1077
"17 Värmlands län","män","D+E företag inom energi och miljö","utrikes född",54,56,63,63,70,80,54,56,67,68,74,82
"17 Värmlands län","män","F byggindustri","totalt",9183,9498,9717,9624,9336,9240,9168,9505,9772,9719,9427,9335
"17 Värmlands län","män","F byggindustri","inrikes född",8530,8785,8924,8798,8555,8435,8529,8796,8973,8890,8647,8531
"17 Värmlands län","män","F byggindustri","utrikes född",653,714,793,825,780,804,641,709,799,829,781,802
"17 Värmlands län","män","G handel; serviceverkstäder för motorfordon och motorcyklar","totalt",8085,8151,8199,8257,8243,8176,8249,8291,8364,8381,8313,8250
"17 Värmlands län","män","G handel; serviceverkstäder för motorfordon och motorcyklar","inrikes född",7178,7208,7185,7199,7173,7140,7302,7304,7307,7295,7220,7194
"17 Värmlands län","män","G handel; serviceverkstäder för motorfordon och motorcyklar","utrikes född",909,943,1013,1058,1072,1035,946,986,1057,1088,1093,1055
"17 Värmlands län","män","H transport- och magasineringsföretag","totalt",4204,4244,4248,4240,4253,4228,4331,4318,4351,4351,4386,4338
"17 Värmlands län","män","H transport- och magasineringsföretag","inrikes född",3627,3624,3558,3524,3495,3428,3748,3689,3658,3618,3609,3528
"17 Värmlands län","män","H transport- och magasineringsföretag","utrikes född",575,620,690,716,759,800,584,630,693,735,778,810
"17 Värmlands län","män","I hotell och restauranger","totalt",1854,1774,2104,2153,2163,2199,1901,1827,2153,2215,2229,2230
"17 Värmlands län","män","I hotell och restauranger","inrikes född",770,742,906,922,965,995,788,765,928,949,1000,1020
"17 Värmlands län","män","I hotell och restauranger","utrikes född",1083,1032,1199,1229,1199,1203,1112,1061,1227,1266,1229,1210
"17 Värmlands län","män","J informations- och kommunikationsföretag","totalt",2123,2106,2213,2305,2303,2298,2229,2241,2391,2538,2553,2535
"17 Värmlands län","män","J informations- och kommunikationsföretag","inrikes född",1943,1918,1994,2052,2028,2018,2030,2045,2149,2251,2252,2234
"17 Värmlands län","män","J informations- och kommunikationsföretag","utrikes född",181,187,219,253,275,281,198,197,241,287,301,301
"17 Värmlands län","män","K kreditinstitut och försäkringsbolag m.m.","totalt",478,475,478,487,510,515,539,549,582,591,614,610
"17 Värmlands län","män","K kreditinstitut och försäkringsbolag m.m.","inrikes född",458,453,456,462,484,487,504,514,542,552,574,572
"17 Värmlands län","män","K kreditinstitut och försäkringsbolag m.m.","utrikes född",22,23,23,25,26,28,35,36,40,39,41,39
"17 Värmlands län","män","L fastighetsbolag och fastighetsförvaltare","totalt",1456,1439,1410,1367,1343,1343,1497,1463,1443,1413,1403,1406
"17 Värmlands län","män","L fastighetsbolag och fastighetsförvaltare","inrikes född",1352,1335,1309,1265,1245,1240,1393,1358,1339,1304,1298,1296
"17 Värmlands län","män","L fastighetsbolag och fastighetsförvaltare","utrikes född",105,102,102,104,99,104,105,105,103,108,104,110
"17 Värmlands län","män","M+N företag inom juridik, ekonomi, vetenskap och teknik; företag inom uthyrning, fastighetsservice, resetjänster och andra stödtjänster","totalt",6723,6757,7228,7337,7137,6950,7026,7064,7590,7643,7392,7158
"17 Värmlands län","män","M+N företag inom juridik, ekonomi, vetenskap och teknik; företag inom uthyrning, fastighetsservice, resetjänster och andra stödtjänster","inrikes född",5970,5918,6263,6330,6171,5992,6229,6190,6573,6598,6405,6201
"17 Värmlands län","män","M+N företag inom juridik, ekonomi, vetenskap och teknik; företag inom uthyrning, fastighetsservice, resetjänster och andra stödtjänster","utrikes född",752,840,965,1009,966,958,797,873,1017,1044,987,958
"17 Värmlands län","män","O civila myndigheter och försvaret","totalt",2967,3037,3101,3145,3138,3137,3079,3145,3218,3291,3277,3287
"17 Värmlands län","män","O civila myndigheter och försvaret","inrikes född",2674,2717,2781,2821,2843,2890,2787,2833,2907,2971,2970,3015
"17 Värmlands län","män","O civila myndigheter och försvaret","utrikes född",294,322,320,325,295,249,293,311,311,320,308,272
"17 Värmlands län","män","P utbildningsväsendet","totalt",3347,3373,3519,3467,3325,3302,3390,3390,3515,3463,3338,3317
"17 Värmlands län","män","P utbildningsväsendet","inrikes född",2867,2880,2973,2926,2811,2814,2902,2900,2980,2931,2820,2825
"17 Värmlands län","män","P utbildningsväsendet","utrikes född",480,493,546,542,515,489,488,490,535,534,518,493
"17 Värmlands län","män","Q enheter för vård och omsorg, socialtjänst","totalt",4907,5090,5096,5254,5345,5379,4950,5136,5135,5279,5345,5379
"17 Värmlands län","män","Q enheter för vård och omsorg, socialtjänst","inrikes född",3706,3730,3668,3738,3746,3723,3744,3773,3700,3757,3747,3724
"17 Värmlands län","män","Q enheter för vård och omsorg, socialtjänst","utrikes född",1200,1361,1427,1515,1598,1655,1206,1363,1434,1521,1597,1655
"17 Värmlands län","män","R+S+T+U enheter för kultur, nöje och fritid; andra serviceföretag m.m.","totalt",2162,2130,2285,2265,2355,2343,2231,2202,2350,2329,2394,2394
"17 Värmlands län","män","R+S+T+U enheter för kultur, nöje och fritid; andra serviceföretag m.m.","inrikes född",1859,1832,1966,1966,2032,2017,1929,1899,2027,2017,2062,2053
"17 Värmlands län","män","R+S+T+U enheter för kultur, nöje och fritid; andra serviceföretag m.m.","utrikes född",302,298,319,299,322,327,302,304,324,311,333,340
"17 Värmlands län","män","US uppgift saknas","totalt",54,78,75,74,76,77,1959,1952,1810,1585,1982,1976
"17 Värmlands län","män","US uppgift saknas","inrikes född",48,66,60,59,60,57,1510,1429,1319,1119,1452,1429
"17 Värmlands län","män","US uppgift saknas","utrikes född",6,12,14,15,16,19,449,523,491,467,529,549
"17 Värmlands län","kvinnor","A-U+US Total","totalt",61576,62282,64159,64944,64606,64282,63325,64092,65837,66524,66385,66202
"17 Värmlands län","kvinnor","A-U+US Total","inrikes född",54249,54507,55744,55954,55380,54902,55677,55934,57056,57204,56807,56441
"17 Värmlands län","kvinnor","A-U+US Total","utrikes född",7328,7774,8415,8990,9226,9380,7648,8159,8783,9320,9579,9761
"17 Värmlands län","kvinnor","A företag inom jordbruk, skogsbruk och fiske","totalt",1123,1193,1112,1124,1141,1175,1123,1208,1127,1140,1150,1187
"17 Värmlands län","kvinnor","A företag inom jordbruk, skogsbruk och fiske","inrikes född",1047,1114,1039,1047,1065,1087,1050,1127,1050,1057,1071,1094
"17 Värmlands län","kvinnor","A företag inom jordbruk, skogsbruk och fiske","utrikes född",76,79,74,78,76,88,74,80,77,82,80,93
"17 Värmlands län","kvinnor","B+C tillverkningsindustri; gruvor och mineralutvinningsindustri","totalt",3492,3533,3678,3789,3886,3931,3636,3690,3840,3970,4073,4155
"17 Värmlands län","kvinnor","B+C tillverkningsindustri; gruvor och mineralutvinningsindustri","inrikes född",3176,3200,3344,3448,3519,3549,3316,3350,3492,3612,3693,3756
"17 Värmlands län","kvinnor","B+C tillverkningsindustri; gruvor och mineralutvinningsindustri","utrikes född",315,334,334,341,366,383,320,340,346,357,380,399
"17 Värmlands län","kvinnor","D+E företag inom energi och miljö","totalt",255,266,283,293,297,331,265,274,296,309,310,336
"17 Värmlands län","kvinnor","D+E företag inom energi och miljö","inrikes född",244,259,276,282,285,312,254,265,287,298,295,316
"17 Värmlands län","kvinnor","D+E företag inom energi och miljö","utrikes född",10,8,7,10,11,18,10,10,10,11,15,19
"17 Värmlands län","kvinnor","F byggindustri","totalt",726,759,840,874,891,897,732,762,849,893,913,918
"17 Värmlands län","kvinnor","F byggindustri","inrikes född",659,684,750,780,794,806,663,687,758,797,816,824
"17 Värmlands län","kvinnor","F byggindustri","utrikes född",68,76,89,94,95,91,69,75,90,96,99,94
"17 Värmlands län","kvinnor","G handel; serviceverkstäder för motorfordon och motorcyklar","totalt",6528,6514,6744,6700,6663,6694,6643,6647,6884,6823,6774,6795
"17 Värmlands län","kvinnor","G handel; serviceverkstäder för motorfordon och motorcyklar","inrikes född",5941,5929,6097,6031,5971,5985,6048,6047,6221,6141,6069,6078
"17 Värmlands län","kvinnor","G handel; serviceverkstäder för motorfordon och motorcyklar","utrikes född",586,585,648,669,694,708,594,599,662,682,705,715
"17 Värmlands län","kvinnor","H transport- och magasineringsföretag","totalt",1086,1126,1094,1132,1193,1182,1126,1150,1145,1142,1201,1189
"17 Värmlands län","kvinnor","H transport- och magasineringsföretag","inrikes född",1009,1042,1013,1040,1095,1096,1045,1064,1061,1049,1106,1109
"17 Värmlands län","kvinnor","H transport- och magasineringsföretag","utrikes född",78,84,79,92,98,86,82,86,83,92,95,82
"17 Värmlands län","kvinnor","I hotell och restauranger","totalt",1971,1839,2293,2461,2635,2731,2054,1916,2364,2539,2707,2772
"17 Värmlands län","kvinnor","I hotell och restauranger","inrikes född",1459,1355,1675,1767,1878,1934,1519,1407,1713,1807,1935,1966
"17 Värmlands län","kvinnor","I hotell och restauranger","utrikes född",512,484,618,694,757,798,535,508,651,733,771,806
"17 Värmlands län","kvinnor","J informations- och kommunikationsföretag","totalt",680,693,769,828,823,830,711,762,832,928,932,942
"17 Värmlands län","kvinnor","J informations- och kommunikationsföretag","inrikes född",620,620,681,729,720,717,648,679,741,817,817,815
"17 Värmlands län","kvinnor","J informations- och kommunikationsföretag","utrikes född",60,72,86,101,101,113,63,83,92,110,115,127
"17 Värmlands län","kvinnor","K kreditinstitut och försäkringsbolag m.m.","totalt",671,673,695,705,753,796,703,715,747,755,810,865
"17 Värmlands län","kvinnor","K kreditinstitut och försäkringsbolag m.m.","inrikes född",626,627,652,654,699,735,657,667,697,699,751,798
"17 Värmlands län","kvinnor","K kreditinstitut och försäkringsbolag m.m.","utrikes född",45,45,45,50,55,61,46,49,50,57,60,67
"17 Värmlands län","kvinnor","L fastighetsbolag och fastighetsförvaltare","totalt",878,846,838,806,815,829,899,857,854,824,832,847
"17 Värmlands län","kvinnor","L fastighetsbolag och fastighetsförvaltare","inrikes född",809,787,780,738,738,740,832,801,794,756,756,760
"17 Värmlands län","kvinnor","L fastighetsbolag och fastighetsförvaltare","utrikes född",69,58,60,69,77,88,67,57,60,68,77,87
"17 Värmlands län","kvinnor","M+N företag inom juridik, ekonomi, vetenskap och teknik; företag inom uthyrning, fastighetsservice, resetjänster och andra stödtjänster","totalt",4611,4791,5232,5549,5384,5309,4733,4903,5351,5640,5516,5479
"17 Värmlands län","kvinnor","M+N företag inom juridik, ekonomi, vetenskap och teknik; företag inom uthyrning, fastighetsservice, resetjänster och andra stödtjänster","inrikes född",3871,3969,4298,4492,4344,4216,3981,4077,4407,4585,4480,4379
"17 Värmlands län","kvinnor","M+N företag inom juridik, ekonomi, vetenskap och teknik; företag inom uthyrning, fastighetsservice, resetjänster och andra stödtjänster","utrikes född",739,823,934,1057,1040,1092,753,825,943,1055,1037,1100
"17 Värmlands län","kvinnor","O civila myndigheter och försvaret","totalt",5217,5409,5703,5737,5561,5473,5226,5434,5708,5757,5602,5557
"17 Värmlands län","kvinnor","O civila myndigheter och försvaret","inrikes född",4719,4873,5150,5205,5078,5013,4733,4901,5154,5235,5121,5091
"17 Värmlands län","kvinnor","O civila myndigheter och försvaret","utrikes född",499,536,553,532,483,459,492,533,554,523,482,468
"17 Värmlands län","kvinnor","P utbildningsväsendet","totalt",10438,10500,10842,10862,10391,10219,10596,10637,10929,10945,10497,10328
"17 Värmlands län","kvinnor","P utbildningsväsendet","inrikes född",9333,9324,9537,9475,9027,8862,9481,9453,9620,9555,9128,8971
"17 Värmlands län","kvinnor","P utbildningsväsendet","utrikes född",1104,1176,1305,1386,1365,1358,1115,1184,1309,1390,1369,1355
"17 Värmlands län","kvinnor","Q enheter för vård och omsorg, socialtjänst","totalt",20631,20882,20652,20798,20786,20505,20946,21178,20941,21054,21112,20865
"17 Värmlands län","kvinnor","Q enheter för vård och omsorg, socialtjänst","inrikes född",17810,17819,17446,17341,17158,16847,18091,18091,17715,17586,17466,17178
"17 Värmlands län","kvinnor","Q enheter för vård och omsorg, socialtjänst","utrikes född",2821,3064,3207,3458,3627,3658,2855,3087,3225,3467,3646,3688
"17 Värmlands län","kvinnor","R+S+T+U enheter för kultur, nöje och fritid; andra serviceföretag m.m.","totalt",3214,3173,3301,3198,3305,3291,3301,3248,3354,3252,3303,3311
"17 Värmlands län","kvinnor","R+S+T+U enheter för kultur, nöje och fritid; andra serviceföretag m.m.","inrikes född",2871,2827,2931,2846,2935,2924,2946,2892,2975,2897,2934,2939
"17 Värmlands län","kvinnor","R+S+T+U enheter för kultur, nöje och fritid; andra serviceföretag m.m.","utrikes född",344,345,370,352,369,367,355,357,379,356,369,373
"17 Värmlands län","kvinnor","US uppgift saknas","totalt",57,85,82,86,81,87,632,710,619,557,655,656
"17 Värmlands län","kvinnor","US uppgift saknas","inrikes född",55,80,76,77,73,77,413,424,370,315,372,369
"17 Värmlands län","kvinnor","US uppgift saknas","utrikes född",3,7,6,8,9,10,219,286,248,243,283,286
"17 Värmlands län","totalt","A-U+US Total","totalt",127482,128837,132331,133508,132504,131813,132847,134190,137581,138474,137995,137398
"17 Värmlands län","totalt","A-U+US Total","inrikes född",112241,112731,114799,115005,113734,112804,116651,117007,118996,118968,118143,117304
"17 Värmlands län","totalt","A-U+US Total","utrikes född",15241,16108,17532,18502,18770,19009,16195,17183,18586,19507,19852,20095
"17 Värmlands län","totalt","A företag inom jordbruk, skogsbruk och fiske","totalt",4737,4877,4697,4698,4612,4710,4775,4931,4733,4729,4626,4729
"17 Värmlands län","totalt","A företag inom jordbruk, skogsbruk och fiske","inrikes född",4462,4593,4417,4395,4315,4377,4499,4638,4444,4413,4316,4383
"17 Värmlands län","totalt","A företag inom jordbruk, skogsbruk och fiske","utrikes född",274,284,280,304,298,334,276,294,289,317,309,347
"17 Värmlands län","totalt","B+C tillverkningsindustri; gruvor och mineralutvinningsindustri","totalt",17232,17211,17513,17723,17694,17607,17913,17912,18193,18416,18416,18435
"17 Värmlands län","totalt","B+C tillverkningsindustri; gruvor och mineralutvinningsindustri","inrikes född",15819,15750,15961,16073,15998,15870,16458,16404,16593,16722,16664,16632
"17 Värmlands län","totalt","B+C tillverkningsindustri; gruvor och mineralutvinningsindustri","utrikes född",1414,1461,1552,1650,1697,1736,1455,1508,1599,1694,1751,1802
"17 Värmlands län","totalt","D+E företag inom energi och miljö","totalt",1263,1309,1365,1372,1391,1462,1312,1346,1409,1423,1447,1495
"17 Värmlands län","totalt","D+E företag inom energi och miljö","inrikes född",1198,1246,1295,1299,1308,1365,1247,1282,1331,1345,1358,1392
"17 Värmlands län","totalt","D+E företag inom energi och miljö","utrikes född",64,63,71,72,84,98,65,65,77,78,89,102
"17 Värmlands län","totalt","F byggindustri","totalt",9911,10257,10556,10498,10224,10137,9900,10267,10620,10612,10340,10253
"17 Värmlands län","totalt","F byggindustri","inrikes född",9189,9468,9675,9579,9349,9242,9190,9483,9732,9686,9462,9356
"17 Värmlands län","totalt","F byggindustri","utrikes född",722,789,881,919,875,895,708,785,889,926,878,897
"17 Värmlands län","totalt","G handel; serviceverkstäder för motorfordon och motorcyklar","totalt",14613,14665,14943,14956,14908,14869,14890,14938,15247,15205,15087,15044
"17 Värmlands län","totalt","G handel; serviceverkstäder för motorfordon och motorcyklar","inrikes född",13119,13137,13282,13230,13143,13125,13349,13353,13529,13435,13289,13274
"17 Värmlands län","totalt","G handel; serviceverkstäder för motorfordon och motorcyklar","utrikes född",1494,1527,1661,1726,1765,1744,1541,1585,1719,1769,1798,1770
"17 Värmlands län","totalt","H transport- och magasineringsföretag","totalt",5289,5370,5341,5372,5446,5411,5457,5466,5494,5492,5587,5527
"17 Värmlands län","totalt","H transport- och magasineringsföretag","inrikes född",4636,4665,4572,4562,4591,4526,4792,4751,4718,4666,4714,4636
"17 Värmlands län","totalt","H transport- och magasineringsföretag","utrikes född",654,704,770,810,856,885,664,716,776,827,873,892
"17 Värmlands län","totalt","I hotell och restauranger","totalt",3826,3613,4396,4614,4800,4931,3953,3742,4517,4754,4936,5001
"17 Värmlands län","totalt","I hotell och restauranger","inrikes född",2229,2098,2579,2690,2844,2929,2307,2172,2639,2757,2936,2986
"17 Värmlands län","totalt","I hotell och restauranger","utrikes född",1596,1516,1817,1924,1954,2002,1647,1569,1877,1998,2000,2015
"17 Värmlands län","totalt","J informations- och kommunikationsföretag","totalt",2804,2799,2981,3135,3126,3128,2941,3004,3222,3465,3484,3477
"17 Värmlands län","totalt","J informations- och kommunikationsföretag","inrikes född",2563,2538,2676,2780,2748,2735,2679,2724,2890,3068,3068,3049
"17 Värmlands län","totalt","J informations- och kommunikationsföretag","utrikes född",241,261,306,355,378,393,262,279,333,397,415,429
"17 Värmlands län","totalt","K kreditinstitut och försäkringsbolag m.m.","totalt",1148,1148,1174,1193,1264,1312,1241,1263,1327,1346,1426,1477
"17 Värmlands län","totalt","K kreditinstitut och försäkringsbolag m.m.","inrikes född",1083,1079,1107,1117,1182,1223,1160,1180,1238,1249,1325,1369
"17 Värmlands län","totalt","K kreditinstitut och försäkringsbolag m.m.","utrikes född",66,68,67,76,81,90,81,84,90,96,101,107
"17 Värmlands län","totalt","L fastighetsbolag och fastighetsförvaltare","totalt",2334,2283,2250,2175,2157,2173,2396,2321,2297,2237,2234,2255
"17 Värmlands län","totalt","L fastighetsbolag och fastighetsförvaltare","inrikes född",2160,2123,2090,2003,1982,1980,2225,2159,2134,2061,2053,2057
"17 Värmlands län","totalt","L fastighetsbolag och fastighetsförvaltare","utrikes född",173,160,160,172,176,192,171,162,163,176,181,197
"17 Värmlands län","totalt","M+N företag inom juridik, ekonomi, vetenskap och teknik; företag inom uthyrning, fastighetsservice, resetjänster och andra stödtjänster","totalt",11334,11549,12461,12887,12522,12259,11760,11966,12942,13283,12908,12637
"17 Värmlands län","totalt","M+N företag inom juridik, ekonomi, vetenskap och teknik; företag inom uthyrning, fastighetsservice, resetjänster och andra stödtjänster","inrikes född",9842,9886,10562,10822,10515,10209,10210,10268,10981,11184,10884,10579
"17 Värmlands län","totalt","M+N företag inom juridik, ekonomi, vetenskap och teknik; företag inom uthyrning, fastighetsservice, resetjänster och andra stödtjänster","utrikes född",1492,1663,1898,2066,2007,2050,1549,1699,1961,2099,2025,2058
"17 Värmlands län","totalt","O civila myndigheter och försvaret","totalt",8184,8446,8805,8883,8699,8610,8305,8579,8927,9047,8881,8845
"17 Värmlands län","totalt","O civila myndigheter och försvaret","inrikes född",7391,7589,7931,8026,7920,7902,7521,7734,8060,8205,8091,8104
"17 Värmlands län","totalt","O civila myndigheter och försvaret","utrikes född",792,858,873,857,778,708,784,845,866,843,789,741
"17 Värmlands län","totalt","P utbildningsväsendet","totalt",13785,13873,14362,14330,13717,13521,13987,14028,14444,14409,13834,13645
"17 Värmlands län","totalt","P utbildningsväsendet","inrikes född",12201,12204,12509,12401,11838,11676,12384,12353,12599,12486,11948,11797
"17 Värmlands län","totalt","P utbildningsväsendet","utrikes född",1583,1668,1852,1929,1880,1847,1603,1674,1843,1923,1886,1849
"17 Värmlands län","totalt","Q enheter för vård och omsorg, socialtjänst","totalt",25537,25974,25748,26051,26129,25884,25897,26313,26075,26332,26457,26243
"17 Värmlands län","totalt","Q enheter för vård och omsorg, socialtjänst","inrikes född",21516,21549,21113,21079,20904,20571,21836,21863,21416,21343,21214,20902
"17 Värmlands län","totalt","Q enheter för vård och omsorg, socialtjänst","utrikes född",4021,4425,4635,4972,5225,5313,4061,4450,4661,4990,5242,5342
"17 Värmlands län","totalt","R+S+T+U enheter för kultur, nöje och fritid; andra serviceföretag m.m.","totalt",5378,5301,5585,5464,5661,5634,5531,5451,5704,5581,5697,5705
"17 Värmlands län","totalt","R+S+T+U enheter för kultur, nöje och fritid; andra serviceföretag m.m.","inrikes född",4731,4661,4897,4812,4968,4940,4875,4790,5002,4914,4996,4991
"17 Värmlands län","totalt","R+S+T+U enheter för kultur, nöje och fritid; andra serviceföretag m.m.","utrikes född",646,643,689,652,692,694,656,660,703,668,701,714
"17 Värmlands län","totalt","US uppgift saknas","totalt",112,163,157,160,158,164,2591,2662,2427,2144,2636,2633
"17 Värmlands län","totalt","US uppgift saknas","inrikes född",102,146,136,136,132,135,1923,1854,1689,1433,1824,1799
"17 Värmlands län","totalt","US uppgift saknas","utrikes född",10,18,21,23,26,28,668,808,738,709,812,834
"18 Örebro län","män","A-U+US Total","totalt",75156,76247,78150,78514,78272,78480,74978,75812,77799,78141,77593,77607
"18 Örebro län","män","A-U+US Total","inrikes född",62686,62975,63803,63791,63465,63469,62384,62473,63297,63222,62656,62541
"18 Örebro län","män","A-U+US Total","utrikes född",12471,13270,14347,14722,14807,15012,12593,13339,14502,14919,14937,15066
"18 Örebro län","män","A företag inom jordbruk, skogsbruk och fiske","totalt",2327,2300,2237,2171,2123,2132,2297,2268,2214,2156,2112,2100
"18 Örebro län","män","A företag inom jordbruk, skogsbruk och fiske","inrikes född",2210,2183,2130,2066,2011,1988,2187,2157,2107,2050,1997,1954
"18 Örebro län","män","A företag inom jordbruk, skogsbruk och fiske","utrikes född",116,118,108,105,112,144,111,111,107,106,115,144
"18 Örebro län","män","B+C tillverkningsindustri; gruvor och mineralutvinningsindustri","totalt",15319,15503,15854,15969,16082,16217,15093,15245,15614,15727,15730,15798
"18 Örebro län","män","B+C tillverkningsindustri; gruvor och mineralutvinningsindustri","inrikes född",13390,13468,13613,13659,13764,13885,13152,13215,13369,13392,13402,13478
"18 Örebro län","män","B+C tillverkningsindustri; gruvor och mineralutvinningsindustri","utrikes född",1928,2036,2239,2309,2316,2332,1941,2030,2245,2335,2327,2319
"18 Örebro län","män","D+E företag inom energi och miljö","totalt",951,980,985,988,985,1008,950,966,981,974,978,994
"18 Örebro län","män","D+E företag inom energi och miljö","inrikes född",868,890,891,893,888,906,866,878,888,882,880,891
"18 Örebro län","män","D+E företag inom energi och miljö","utrikes född",84,91,95,96,96,103,84,88,93,93,97,103
"18 Örebro län","män","F byggindustri","totalt",9686,9905,10061,10057,9674,9553,9776,9956,10084,10040,9616,9475
"18 Örebro län","män","F byggindustri","inrikes född",8801,8888,8922,8881,8562,8430,8869,8925,8936,8856,8536,8401
"18 Örebro län","män","F byggindustri","utrikes född",884,1017,1138,1175,1113,1122,907,1029,1148,1185,1080,1074
"18 Örebro län","män","G handel; serviceverkstäder för motorfordon och motorcyklar","totalt",9589,9778,10137,10303,10200,10185,9823,10018,10365,10535,10395,10328
"18 Örebro län","män","G handel; serviceverkstäder för motorfordon och motorcyklar","inrikes född",8114,8184,8367,8410,8269,8239,8332,8422,8584,8613,8453,8386
"18 Örebro län","män","G handel; serviceverkstäder för motorfordon och motorcyklar","utrikes född",1475,1594,1771,1893,1931,1945,1491,1595,1782,1921,1942,1941
"18 Örebro län","män","H transport- och magasineringsföretag","totalt",5358,5452,5435,5324,5320,5411,5450,5543,5600,5442,5434,5513
"18 Örebro län","män","H transport- och magasineringsföretag","inrikes född",3986,3947,3852,3741,3703,3722,4045,3996,3937,3816,3791,3802
"18 Örebro län","män","H transport- och magasineringsföretag","utrikes född",1372,1505,1584,1583,1619,1690,1405,1547,1662,1626,1645,1710
"18 Örebro län","män","I hotell och restauranger","totalt",1931,1894,2113,2128,2114,2172,2005,1963,2222,2237,2202,2289
"18 Örebro län","män","I hotell och restauranger","inrikes född",843,818,921,935,962,998,892,880,1003,1003,1003,1051
"18 Örebro län","män","I hotell och restauranger","utrikes född",1089,1076,1191,1193,1153,1175,1113,1084,1218,1232,1199,1238
"18 Örebro län","män","J informations- och kommunikationsföretag","totalt",2460,2491,2567,2656,2609,2487,2567,2603,2760,2867,2806,2691
"18 Örebro län","män","J informations- och kommunikationsföretag","inrikes född",2294,2318,2369,2443,2405,2289,2374,2417,2535,2621,2560,2454
"18 Örebro län","män","J informations- och kommunikationsföretag","utrikes född",165,172,197,213,204,198,193,185,226,246,244,238
"18 Örebro län","män","K kreditinstitut och försäkringsbolag m.m.","totalt",538,563,548,549,545,558,617,628,636,655,652,659
"18 Örebro län","män","K kreditinstitut och försäkringsbolag m.m.","inrikes född",476,486,464,463,467,483,553,550,545,555,563,576
"18 Örebro län","män","K kreditinstitut och försäkringsbolag m.m.","utrikes född",63,78,84,86,78,74,62,78,91,99,89,83
"18 Örebro län","män","L fastighetsbolag och fastighetsförvaltare","totalt",1641,1597,1600,1574,1584,1587,1663,1641,1644,1616,1615,1629
"18 Örebro län","män","L fastighetsbolag och fastighetsförvaltare","inrikes född",1436,1405,1405,1390,1391,1393,1454,1438,1437,1425,1417,1430
"18 Örebro län","män","L fastighetsbolag och fastighetsförvaltare","utrikes född",204,194,195,184,194,195,209,203,208,191,197,200
"18 Örebro län","män","M+N företag inom juridik, ekonomi, vetenskap och teknik; företag inom uthyrning, fastighetsservice, resetjänster och andra stödtjänster","totalt",7243,7452,7926,7946,7874,7890,7327,7543,8008,8033,7953,7981
"18 Örebro län","män","M+N företag inom juridik, ekonomi, vetenskap och teknik; företag inom uthyrning, fastighetsservice, resetjänster och andra stödtjänster","inrikes född",5936,5967,6245,6256,6177,6202,5988,6023,6303,6309,6223,6249
"18 Örebro län","män","M+N företag inom juridik, ekonomi, vetenskap och teknik; företag inom uthyrning, fastighetsservice, resetjänster och andra stödtjänster","utrikes född",1307,1485,1679,1691,1696,1686,1338,1520,1706,1724,1730,1732
"18 Örebro län","män","O civila myndigheter och försvaret","totalt",5295,5476,5344,5497,5765,5947,4415,4436,4280,4389,4548,4673
"18 Örebro län","män","O civila myndigheter och försvaret","inrikes född",4801,4948,4838,4967,5214,5365,3962,3949,3815,3904,4047,4151
"18 Örebro län","män","O civila myndigheter och försvaret","utrikes född",494,529,506,530,551,583,453,487,465,485,501,522
"18 Örebro län","män","P utbildningsväsendet","totalt",4459,4391,4422,4381,4364,4147,4449,4385,4414,4384,4345,4140
"18 Örebro län","män","P utbildningsväsendet","inrikes född",3645,3574,3600,3583,3572,3392,3630,3560,3584,3571,3546,3390
"18 Örebro län","män","P utbildningsväsendet","utrikes född",814,817,822,797,791,758,819,825,830,814,799,750
"18 Örebro län","män","Q enheter för vård och omsorg, socialtjänst","totalt",5785,5933,6221,6361,6434,6593,5784,5951,6210,6331,6416,6590
"18 Örebro län","män","Q enheter för vård och omsorg, socialtjänst","inrikes född",3853,3904,4070,4071,4037,4140,3897,3957,4096,4078,4047,4153
"18 Örebro län","män","Q enheter för vård och omsorg, socialtjänst","utrikes född",1932,2030,2151,2289,2394,2453,1888,1993,2114,2253,2369,2437
"18 Örebro län","män","R+S+T+U enheter för kultur, nöje och fritid; andra serviceföretag m.m.","totalt",2527,2470,2622,2531,2518,2505,2532,2454,2544,2544,2543,2503
"18 Örebro län","män","R+S+T+U enheter för kultur, nöje och fritid; andra serviceföretag m.m.","inrikes född",1996,1949,2063,1985,1993,1989,1991,1926,1990,1995,2006,1987
"18 Örebro län","män","R+S+T+U enheter för kultur, nöje och fritid; andra serviceföretag m.m.","utrikes född",531,521,560,546,526,517,540,527,553,549,537,516
"18 Örebro län","män","US uppgift saknas","totalt",51,59,80,80,81,87,229,218,224,209,248,248
"18 Örebro län","män","US uppgift saknas","inrikes född",41,48,54,49,49,52,190,179,167,151,180,184
"18 Örebro län","män","US uppgift saknas","utrikes född",11,12,26,31,33,35,38,39,57,58,67,62
"18 Örebro län","kvinnor","A-U+US Total","totalt",69086,70042,71943,72970,73251,73261,68996,69919,71947,72911,73068,73052
"18 Örebro län","kvinnor","A-U+US Total","inrikes född",58316,58703,59546,59794,59828,59706,58228,58587,59553,59732,59608,59442
"18 Örebro län","kvinnor","A-U+US Total","utrikes född",10770,11339,12397,13177,13423,13555,10768,11332,12394,13179,13461,13610
"18 Örebro län","kvinnor","A företag inom jordbruk, skogsbruk och fiske","totalt",738,778,759,745,733,735,734,772,746,733,724,726
"18 Örebro län","kvinnor","A företag inom jordbruk, skogsbruk och fiske","inrikes född",687,728,709,693,680,667,690,726,702,687,675,665
"18 Örebro län","kvinnor","A företag inom jordbruk, skogsbruk och fiske","utrikes född",51,50,50,53,53,69,44,46,44,46,48,61
"18 Örebro län","kvinnor","B+C tillverkningsindustri; gruvor och mineralutvinningsindustri","totalt",4660,4780,5018,5204,5386,5627,4631,4730,4955,5120,5265,5502
"18 Örebro län","kvinnor","B+C tillverkningsindustri; gruvor och mineralutvinningsindustri","inrikes född",4166,4269,4437,4577,4733,4957,4127,4212,4377,4514,4639,4855
"18 Örebro län","kvinnor","B+C tillverkningsindustri; gruvor och mineralutvinningsindustri","utrikes född",495,511,580,627,653,671,505,520,578,606,626,646
"18 Örebro län","kvinnor","D+E företag inom energi och miljö","totalt",301,316,325,341,333,345,294,313,321,341,341,353
"18 Örebro län","kvinnor","D+E företag inom energi och miljö","inrikes född",284,292,300,317,311,319,273,287,296,316,317,325
"18 Örebro län","kvinnor","D+E företag inom energi och miljö","utrikes född",18,23,23,24,21,26,21,25,25,24,24,28
"18 Örebro län","kvinnor","F byggindustri","totalt",975,1058,1075,1084,1077,1090,969,1057,1069,1062,1040,1061
"18 Örebro län","kvinnor","F byggindustri","inrikes född",867,911,927,934,928,935,858,908,922,916,899,915
"18 Örebro län","kvinnor","F byggindustri","utrikes född",108,146,147,150,148,154,111,148,147,146,140,147
"18 Örebro län","kvinnor","G handel; serviceverkstäder för motorfordon och motorcyklar","totalt",6681,6831,7160,7227,7108,7049,6848,6976,7329,7394,7276,7195
"18 Örebro län","kvinnor","G handel; serviceverkstäder för motorfordon och motorcyklar","inrikes född",6036,6161,6371,6365,6257,6208,6183,6288,6520,6503,6403,6332
"18 Örebro län","kvinnor","G handel; serviceverkstäder för motorfordon och motorcyklar","utrikes född",644,670,788,862,852,839,666,688,809,890,873,863
"18 Örebro län","kvinnor","H transport- och magasineringsföretag","totalt",1487,1534,1537,1511,1436,1425,1531,1576,1600,1570,1497,1473
"18 Örebro län","kvinnor","H transport- och magasineringsföretag","inrikes född",1318,1346,1341,1326,1256,1249,1359,1384,1395,1373,1307,1286
"18 Örebro län","kvinnor","H transport- och magasineringsföretag","utrikes född",170,189,197,185,180,175,173,192,205,197,191,188
"18 Örebro län","kvinnor","I hotell och restauranger","totalt",2060,2003,2353,2420,2371,2441,2130,2086,2468,2526,2482,2574
"18 Örebro län","kvinnor","I hotell och restauranger","inrikes född",1536,1467,1698,1724,1692,1728,1604,1546,1804,1814,1769,1819
"18 Örebro län","kvinnor","I hotell och restauranger","utrikes född",524,535,655,698,679,712,527,540,663,712,714,756
"18 Örebro län","kvinnor","J informations- och kommunikationsföretag","totalt",805,831,895,973,974,936,807,854,920,1012,1024,980
"18 Örebro län","kvinnor","J informations- och kommunikationsföretag","inrikes född",742,761,812,872,870,835,740,776,830,895,902,866
"18 Örebro län","kvinnor","J informations- och kommunikationsföretag","utrikes född",62,70,83,100,104,101,67,78,92,116,122,114
"18 Örebro län","kvinnor","K kreditinstitut och försäkringsbolag m.m.","totalt",576,587,582,604,641,645,617,612,617,642,681,683
"18 Örebro län","kvinnor","K kreditinstitut och försäkringsbolag m.m.","inrikes född",526,528,518,539,576,586,564,553,555,583,621,623
"18 Örebro län","kvinnor","K kreditinstitut och försäkringsbolag m.m.","utrikes född",51,59,65,65,63,59,54,60,61,59,59,61
"18 Örebro län","kvinnor","L fastighetsbolag och fastighetsförvaltare","totalt",1078,1052,1046,980,935,934,1076,1062,1054,994,957,957
"18 Örebro län","kvinnor","L fastighetsbolag och fastighetsförvaltare","inrikes född",954,935,927,864,823,821,947,943,933,875,841,839
"18 Örebro län","kvinnor","L fastighetsbolag och fastighetsförvaltare","utrikes född",126,117,118,117,113,113,129,119,121,118,116,117
"18 Örebro län","kvinnor","M+N företag inom juridik, ekonomi, vetenskap och teknik; företag inom uthyrning, fastighetsservice, resetjänster och andra stödtjänster","totalt",5672,5789,6065,6228,6334,6176,5695,5842,6130,6304,6370,6208
"18 Örebro län","kvinnor","M+N företag inom juridik, ekonomi, vetenskap och teknik; företag inom uthyrning, fastighetsservice, resetjänster och andra stödtjänster","inrikes född",4670,4683,4810,4889,4938,4816,4672,4715,4873,4957,4955,4826
"18 Örebro län","kvinnor","M+N företag inom juridik, ekonomi, vetenskap och teknik; företag inom uthyrning, fastighetsservice, resetjänster och andra stödtjänster","utrikes född",1005,1107,1255,1341,1394,1361,1023,1126,1258,1345,1416,1382
"18 Örebro län","kvinnor","O civila myndigheter och försvaret","totalt",6497,6692,6603,6739,7166,7213,6263,6400,6338,6463,6823,6851
"18 Örebro län","kvinnor","O civila myndigheter och försvaret","inrikes född",5835,6012,5947,6092,6471,6529,5605,5724,5690,5812,6135,6173
"18 Örebro län","kvinnor","O civila myndigheter och försvaret","utrikes född",662,680,656,646,696,684,659,675,648,652,690,678
"18 Örebro län","kvinnor","P utbildningsväsendet","totalt",12109,12147,12302,12337,12337,11985,11969,12009,12203,12245,12179,11830
"18 Örebro län","kvinnor","P utbildningsväsendet","inrikes född",10232,10163,10175,10087,10074,9832,10114,10046,10077,10001,9938,9707
"18 Örebro län","kvinnor","P utbildningsväsendet","utrikes född",1878,1985,2128,2250,2263,2153,1856,1964,2124,2245,2241,2121
"18 Örebro län","kvinnor","Q enheter för vård och omsorg, socialtjänst","totalt",22158,22367,22756,23178,22989,23247,22019,22247,22622,22998,22838,23097
"18 Örebro län","kvinnor","Q enheter för vård och omsorg, socialtjänst","inrikes född",17774,17796,17783,17775,17441,17449,17714,17743,17705,17659,17327,17327
"18 Örebro län","kvinnor","Q enheter för vård och omsorg, socialtjänst","utrikes född",4384,4572,4972,5405,5546,5799,4306,4504,4917,5339,5510,5769
"18 Örebro län","kvinnor","R+S+T+U enheter för kultur, nöje och fritid; andra serviceföretag m.m.","totalt",3252,3231,3402,3301,3338,3316,3314,3288,3467,3379,3430,3417
"18 Örebro län","kvinnor","R+S+T+U enheter för kultur, nöje och fritid; andra serviceföretag m.m.","inrikes född",2662,2613,2757,2704,2741,2737,2708,2659,2810,2767,2817,2819
"18 Örebro län","kvinnor","R+S+T+U enheter för kultur, nöje och fritid; andra serviceföretag m.m.","utrikes född",590,619,645,597,596,579,605,629,657,613,614,598
"18 Örebro län","kvinnor","US uppgift saknas","totalt",36,46,69,96,97,99,98,101,108,130,142,144
"18 Örebro län","kvinnor","US uppgift saknas","inrikes född",31,39,35,36,37,36,75,81,66,60,64,64
"18 Örebro län","kvinnor","US uppgift saknas","utrikes född",5,8,33,59,59,61,24,20,42,69,78,82
"18 Örebro län","totalt","A-U+US Total","totalt",144241,146288,150094,151483,151523,151742,143973,145732,149746,151053,150661,150660
"18 Örebro län","totalt","A-U+US Total","inrikes född",121001,121679,123349,123585,123293,123176,120612,121061,122851,122954,122264,121983
"18 Örebro län","totalt","A-U+US Total","utrikes född",23239,24610,26744,27899,28229,28566,23362,24671,26896,28098,28398,28676
"18 Örebro län","totalt","A företag inom jordbruk, skogsbruk och fiske","totalt",3065,3078,2995,2915,2855,2867,3031,3039,2959,2890,2836,2825
"18 Örebro län","totalt","A företag inom jordbruk, skogsbruk och fiske","inrikes född",2898,2911,2838,2758,2691,2653,2876,2882,2810,2737,2673,2620
"18 Örebro län","totalt","A företag inom jordbruk, skogsbruk och fiske","utrikes född",168,168,157,158,165,213,155,156,151,153,163,206
"18 Örebro län","totalt","B+C tillverkningsindustri; gruvor och mineralutvinningsindustri","totalt",19979,20282,20871,21174,21467,21845,19723,19975,20570,20848,20994,21298
"18 Örebro län","totalt","B+C tillverkningsindustri; gruvor och mineralutvinningsindustri","inrikes född",17555,17737,18051,18237,18499,18843,17278,17428,17746,17906,18042,18334
"18 Örebro län","totalt","B+C tillverkningsindustri; gruvor och mineralutvinningsindustri","utrikes född",2423,2546,2820,2937,2969,3002,2446,2549,2823,2942,2952,2965
"18 Örebro län","totalt","D+E företag inom energi och miljö","totalt",1252,1297,1309,1330,1318,1354,1244,1278,1303,1315,1318,1347
"18 Örebro län","totalt","D+E företag inom energi och miljö","inrikes född",1150,1183,1190,1211,1201,1225,1139,1165,1185,1198,1198,1216
"18 Örebro län","totalt","D+E företag inom energi och miljö","utrikes född",103,113,119,119,118,128,105,113,119,117,121,131
"18 Örebro län","totalt","F byggindustri","totalt",10660,10962,11135,11141,10751,10644,10744,11011,11152,11102,10656,10536
"18 Örebro län","totalt","F byggindustri","inrikes född",9668,9799,9850,9816,9490,9366,9728,9833,9856,9772,9435,9315
"18 Örebro län","totalt","F byggindustri","utrikes född",993,1162,1285,1325,1261,1277,1018,1179,1295,1331,1220,1219
"18 Örebro län","totalt","G handel; serviceverkstäder för motorfordon och motorcyklar","totalt",16269,16609,17299,17529,17307,17232,16671,16994,17695,17928,17670,17522
"18 Örebro län","totalt","G handel; serviceverkstäder för motorfordon och motorcyklar","inrikes född",14150,14345,14739,14775,14526,14448,14514,14711,15104,15116,14856,14719
"18 Örebro län","totalt","G handel; serviceverkstäder för motorfordon och motorcyklar","utrikes född",2119,2264,2560,2755,2783,2786,2157,2284,2591,2813,2813,2804
"18 Örebro län","totalt","H transport- och magasineringsföretag","totalt",6845,6987,6973,6834,6757,6837,6982,7119,7200,7012,6933,6987
"18 Örebro län","totalt","H transport- och magasineringsföretag","inrikes född",5303,5293,5192,5067,4959,4971,5404,5380,5332,5189,5098,5089
"18 Örebro län","totalt","H transport- och magasineringsföretag","utrikes född",1541,1693,1781,1768,1799,1865,1578,1740,1868,1823,1835,1897
"18 Örebro län","totalt","I hotell och restauranger","totalt",3990,3898,4466,4549,4486,4614,4136,4049,4689,4762,4684,4864
"18 Örebro län","totalt","I hotell och restauranger","inrikes född",2378,2286,2621,2658,2654,2726,2495,2426,2807,2818,2772,2870
"18 Örebro län","totalt","I hotell och restauranger","utrikes född",1612,1611,1845,1891,1832,1887,1640,1624,1881,1944,1913,1993
"18 Örebro län","totalt","J informations- och kommunikationsföretag","totalt",3264,3321,3461,3630,3582,3423,3374,3457,3681,3879,3829,3671
"18 Örebro län","totalt","J informations- och kommunikationsföretag","inrikes född",3036,3079,3181,3316,3276,3123,3114,3193,3363,3516,3463,3319
"18 Örebro län","totalt","J informations- och kommunikationsföretag","utrikes född",229,242,280,313,307,300,261,263,317,362,366,351
"18 Örebro län","totalt","K kreditinstitut och försäkringsbolag m.m.","totalt",1114,1150,1130,1153,1186,1203,1232,1240,1252,1296,1333,1342
"18 Örebro län","totalt","K kreditinstitut och försäkringsbolag m.m.","inrikes född",1000,1013,981,1002,1043,1069,1117,1103,1100,1138,1184,1199
"18 Örebro län","totalt","K kreditinstitut och försäkringsbolag m.m.","utrikes född",113,135,149,151,143,133,117,137,153,159,148,143
"18 Örebro län","totalt","L fastighetsbolag och fastighetsförvaltare","totalt",2719,2650,2646,2555,2519,2523,2739,2702,2698,2610,2571,2586
"18 Örebro län","totalt","L fastighetsbolag och fastighetsförvaltare","inrikes född",2390,2340,2332,2254,2213,2215,2401,2381,2369,2299,2258,2269
"18 Örebro län","totalt","L fastighetsbolag och fastighetsförvaltare","utrikes född",330,310,314,301,308,307,337,322,329,310,313,317
"18 Örebro län","totalt","M+N företag inom juridik, ekonomi, vetenskap och teknik; företag inom uthyrning, fastighetsservice, resetjänster och andra stödtjänster","totalt",12915,13242,13991,14175,14207,14066,13021,13384,14138,14336,14324,14190
"18 Örebro län","totalt","M+N företag inom juridik, ekonomi, vetenskap och teknik; företag inom uthyrning, fastighetsservice, resetjänster och andra stödtjänster","inrikes född",10604,10649,11057,11144,11116,11019,10661,10739,11175,11265,11176,11077
"18 Örebro län","totalt","M+N företag inom juridik, ekonomi, vetenskap och teknik; företag inom uthyrning, fastighetsservice, resetjänster och andra stödtjänster","utrikes född",2311,2593,2933,3032,3092,3047,2361,2646,2963,3070,3147,3113
"18 Örebro län","totalt","O civila myndigheter och försvaret","totalt",11792,12170,11946,12235,12931,13159,10678,10835,10617,10852,11372,11524
"18 Örebro län","totalt","O civila myndigheter och försvaret","inrikes född",10636,10960,10784,11059,11685,11893,9567,9674,9506,9716,10181,10324
"18 Örebro län","totalt","O civila myndigheter och försvaret","utrikes född",1156,1209,1163,1176,1246,1267,1112,1161,1114,1137,1190,1202
"18 Örebro län","totalt","P utbildningsväsendet","totalt",16568,16538,16724,16719,16701,16132,16418,16394,16617,16630,16523,15971
"18 Örebro län","totalt","P utbildningsväsendet","inrikes född",13876,13737,13775,13671,13647,13222,13744,13605,13662,13572,13484,13098
"18 Örebro län","totalt","P utbildningsväsendet","utrikes född",2690,2802,2950,3047,3054,2910,2674,2788,2955,3059,3038,2871
"18 Örebro län","totalt","Q enheter för vård och omsorg, socialtjänst","totalt",27942,28300,28975,29539,29421,29840,27803,28196,28833,29329,29255,29688
"18 Örebro län","totalt","Q enheter för vård och omsorg, socialtjänst","inrikes född",21626,21698,21853,21846,21480,21589,21610,21700,21802,21737,21374,21481
"18 Örebro län","totalt","Q enheter för vård och omsorg, socialtjänst","utrikes född",6316,6602,7123,7693,7942,8251,6193,6497,7031,7592,7881,8206
"18 Örebro län","totalt","R+S+T+U enheter för kultur, nöje och fritid; andra serviceföretag m.m.","totalt",5779,5701,6023,5831,5857,5822,5846,5740,6010,5922,5973,5920
"18 Örebro län","totalt","R+S+T+U enheter för kultur, nöje och fritid; andra serviceföretag m.m.","inrikes född",4656,4561,4818,4689,4735,4726,4699,4585,4800,4763,4823,4806
"18 Örebro län","totalt","R+S+T+U enheter för kultur, nöje och fritid; andra serviceföretag m.m.","utrikes född",1122,1139,1204,1143,1123,1096,1147,1155,1210,1160,1151,1113
"18 Örebro län","totalt","US uppgift saknas","totalt",87,105,149,175,179,186,327,317,332,340,389,392
"18 Örebro län","totalt","US uppgift saknas","inrikes född",71,87,89,85,86,89,264,260,233,212,244,248
"18 Örebro län","totalt","US uppgift saknas","utrikes född",16,19,60,90,93,97,62,59,100,130,144,143
"19 Västmanlands län","män","A-U+US Total","totalt",64227,65097,66928,67363,66999,66145,67846,68611,70586,71082,70543,69735
"19 Västmanlands län","män","A-U+US Total","inrikes född",51257,51277,51793,51524,50991,50315,53583,53487,53997,53880,53281,52636
"19 Västmanlands län","män","A-U+US Total","utrikes född",12969,13820,15136,15839,16008,15830,14263,15124,16590,17203,17262,17099
"19 Västmanlands län","män","A företag inom jordbruk, skogsbruk och fiske","totalt",1516,1502,1490,1456,1474,1486,1564,1545,1518,1486,1490,1515
"19 Västmanlands län","män","A företag inom jordbruk, skogsbruk och fiske","inrikes född",1421,1398,1387,1356,1368,1362,1451,1425,1395,1361,1361,1360
"19 Västmanlands län","män","A företag inom jordbruk, skogsbruk och fiske","utrikes född",94,104,103,100,104,124,112,120,123,125,127,155
"19 Västmanlands län","män","B+C tillverkningsindustri; gruvor och mineralutvinningsindustri","totalt",16218,16092,16368,16542,16986,16389,15733,15621,15901,16097,16364,15887
"19 Västmanlands län","män","B+C tillverkningsindustri; gruvor och mineralutvinningsindustri","inrikes född",13356,13108,13042,12975,12963,12632,12857,12630,12575,12536,12474,12159
"19 Västmanlands län","män","B+C tillverkningsindustri; gruvor och mineralutvinningsindustri","utrikes född",2861,2985,3325,3567,4021,3759,2875,2993,3323,3561,3891,3728
"19 Västmanlands län","män","D+E företag inom energi och miljö","totalt",1146,1086,1084,1117,1173,1231,1222,1189,1186,1184,1228,1260
"19 Västmanlands län","män","D+E företag inom energi och miljö","inrikes född",1035,982,968,973,1018,1063,1105,1070,1043,1021,1060,1086
"19 Västmanlands län","män","D+E företag inom energi och miljö","utrikes född",111,103,116,144,155,167,116,118,142,163,169,175
"19 Västmanlands län","män","F byggindustri","totalt",8108,8327,8575,8570,8289,8137,8447,8550,8739,8795,8487,8338
"19 Västmanlands län","män","F byggindustri","inrikes född",7236,7392,7520,7503,7313,7133,7508,7574,7643,7677,7451,7292
"19 Västmanlands län","män","F byggindustri","utrikes född",872,935,1055,1066,976,1006,941,976,1097,1118,1036,1047
"19 Västmanlands län","män","G handel; serviceverkstäder för motorfordon och motorcyklar","totalt",7504,7693,7873,7837,7930,7730,8472,8644,8850,8933,9071,8886
"19 Västmanlands län","män","G handel; serviceverkstäder för motorfordon och motorcyklar","inrikes född",6076,6182,6273,6219,6217,6071,6608,6655,6753,6786,6809,6719
"19 Västmanlands län","män","G handel; serviceverkstäder för motorfordon och motorcyklar","utrikes född",1426,1511,1600,1618,1712,1659,1864,1990,2099,2147,2262,2166
"19 Västmanlands län","män","H transport- och magasineringsföretag","totalt",3826,3880,3904,3836,3730,3735,4479,4472,4507,4332,4130,4134
"19 Västmanlands län","män","H transport- och magasineringsföretag","inrikes född",2791,2781,2723,2591,2486,2440,3151,3094,3008,2843,2732,2696
"19 Västmanlands län","män","H transport- och magasineringsföretag","utrikes född",1035,1100,1181,1244,1244,1295,1328,1380,1498,1488,1398,1439
"19 Västmanlands län","män","I hotell och restauranger","totalt",1750,1735,2002,1936,1973,2055,1840,1824,2091,2125,2097,2135
"19 Västmanlands län","män","I hotell och restauranger","inrikes född",738,727,860,823,880,923,771,762,890,904,926,950
"19 Västmanlands län","män","I hotell och restauranger","utrikes född",1012,1009,1143,1113,1092,1132,1069,1064,1201,1221,1169,1186
"19 Västmanlands län","män","J informations- och kommunikationsföretag","totalt",1670,1661,1718,1816,1856,1888,2123,2138,2282,2390,2412,2431
"19 Västmanlands län","män","J informations- och kommunikationsföretag","inrikes född",1504,1476,1527,1610,1641,1657,1883,1869,1969,2057,2080,2087
"19 Västmanlands län","män","J informations- och kommunikationsföretag","utrikes född",165,185,191,207,216,233,242,270,314,334,332,343
"19 Västmanlands län","män","K kreditinstitut och försäkringsbolag m.m.","totalt",442,425,444,439,449,461,590,600,619,638,652,661
"19 Västmanlands län","män","K kreditinstitut och försäkringsbolag m.m.","inrikes född",407,393,403,394,404,419,523,531,535,553,571,581
"19 Västmanlands län","män","K kreditinstitut och försäkringsbolag m.m.","utrikes född",35,32,39,44,44,43,67,70,85,84,81,79
"19 Västmanlands län","män","L fastighetsbolag och fastighetsförvaltare","totalt",1203,1197,1184,1140,1182,1268,1298,1305,1289,1252,1294,1335
"19 Västmanlands län","män","L fastighetsbolag och fastighetsförvaltare","inrikes född",1079,1061,1047,1008,1045,1115,1150,1143,1128,1098,1133,1168
"19 Västmanlands län","män","L fastighetsbolag och fastighetsförvaltare","utrikes född",123,137,139,132,137,153,147,163,163,155,161,168
"19 Västmanlands län","män","M+N företag inom juridik, ekonomi, vetenskap och teknik; företag inom uthyrning, fastighetsservice, resetjänster och andra stödtjänster","totalt",8817,9150,9692,10011,9343,9151,9111,9419,10029,10170,9586,9393
"19 Västmanlands län","män","M+N företag inom juridik, ekonomi, vetenskap och teknik; företag inom uthyrning, fastighetsservice, resetjänster och andra stödtjänster","inrikes född",6745,6818,7027,7091,6777,6700,6885,6953,7210,7215,6892,6793
"19 Västmanlands län","män","M+N företag inom juridik, ekonomi, vetenskap och teknik; företag inom uthyrning, fastighetsservice, resetjänster och andra stödtjänster","utrikes född",2071,2334,2666,2918,2566,2452,2225,2465,2819,2956,2694,2601
"19 Västmanlands län","män","O civila myndigheter och försvaret","totalt",2370,2482,2546,2599,2558,2579,3028,3167,3262,3336,3351,3408
"19 Västmanlands län","män","O civila myndigheter och försvaret","inrikes född",2062,2128,2171,2224,2212,2221,2673,2769,2845,2915,2948,2989
"19 Västmanlands län","män","O civila myndigheter och försvaret","utrikes född",308,353,373,375,346,358,355,399,417,421,403,418
"19 Västmanlands län","män","P utbildningsväsendet","totalt",3271,3288,3249,3278,3282,3222,3242,3233,3215,3237,3219,3150
"19 Västmanlands län","män","P utbildningsväsendet","inrikes född",2527,2537,2514,2529,2509,2436,2511,2495,2483,2499,2460,2389
"19 Västmanlands län","män","P utbildningsväsendet","utrikes född",744,751,735,749,773,785,730,739,732,738,759,760
"19 Västmanlands län","män","Q enheter för vård och omsorg, socialtjänst","totalt",4680,4833,5025,4986,4976,4967,4746,4919,5086,5090,5124,5100
"19 Västmanlands län","män","Q enheter för vård och omsorg, socialtjänst","inrikes född",2923,2901,2933,2851,2783,2768,2960,2949,2949,2872,2822,2790
"19 Västmanlands län","män","Q enheter för vård och omsorg, socialtjänst","utrikes född",1755,1931,2091,2136,2193,2199,1785,1971,2136,2218,2301,2310
"19 Västmanlands län","män","R+S+T+U enheter för kultur, nöje och fritid; andra serviceföretag m.m.","totalt",1666,1682,1705,1721,1718,1706,1804,1809,1840,1844,1851,1855
"19 Västmanlands län","män","R+S+T+U enheter för kultur, nöje och fritid; andra serviceföretag m.m.","inrikes född",1318,1337,1336,1308,1302,1293,1428,1434,1439,1403,1414,1414
"19 Västmanlands län","män","R+S+T+U enheter för kultur, nöje och fritid; andra serviceföretag m.m.","utrikes född",347,346,370,412,416,412,374,375,401,439,437,441
"19 Västmanlands län","män","US uppgift saknas","totalt",44,64,69,81,85,137,150,174,172,175,189,245
"19 Västmanlands län","män","US uppgift saknas","inrikes född",37,56,61,69,73,84,118,139,134,140,146,165
"19 Västmanlands län","män","US uppgift saknas","utrikes född",7,8,7,12,12,53,33,36,38,37,42,81
"19 Västmanlands län","kvinnor","A-U+US Total","totalt",59075,59961,61613,62087,62418,61830,60931,61734,63533,64371,64417,64084
"19 Västmanlands län","kvinnor","A-U+US Total","inrikes född",47401,47631,48162,47953,47805,47136,48874,49048,49679,49747,49408,48878
"19 Västmanlands län","kvinnor","A-U+US Total","utrikes född",11675,12329,13451,14135,14614,14694,12057,12685,13853,14624,15008,15207
"19 Västmanlands län","kvinnor","A företag inom jordbruk, skogsbruk och fiske","totalt",541,575,570,553,575,599,551,583,585,581,593,605
"19 Västmanlands län","kvinnor","A företag inom jordbruk, skogsbruk och fiske","inrikes född",512,546,546,525,545,563,515,547,549,542,553,559
"19 Västmanlands län","kvinnor","A företag inom jordbruk, skogsbruk och fiske","utrikes född",29,29,25,28,31,37,37,36,35,38,40,45
"19 Västmanlands län","kvinnor","B+C tillverkningsindustri; gruvor och mineralutvinningsindustri","totalt",4904,4858,5002,5116,5418,5373,4760,4734,4870,5015,5206,5158
"19 Västmanlands län","kvinnor","B+C tillverkningsindustri; gruvor och mineralutvinningsindustri","inrikes född",4044,3973,4002,4033,4150,4126,3897,3848,3867,3923,3980,3949
"19 Västmanlands län","kvinnor","B+C tillverkningsindustri; gruvor och mineralutvinningsindustri","utrikes född",859,884,1002,1084,1268,1248,864,886,1004,1092,1225,1208
"19 Västmanlands län","kvinnor","D+E företag inom energi och miljö","totalt",409,400,424,477,496,528,439,439,466,502,533,556
"19 Västmanlands län","kvinnor","D+E företag inom energi och miljö","inrikes född",373,367,392,429,447,478,400,398,423,448,476,497
"19 Västmanlands län","kvinnor","D+E företag inom energi och miljö","utrikes född",36,33,32,48,50,50,41,41,44,52,57,59
"19 Västmanlands län","kvinnor","F byggindustri","totalt",793,862,925,953,921,943,829,888,956,994,945,959
"19 Västmanlands län","kvinnor","F byggindustri","inrikes född",702,764,802,825,803,817,730,782,827,862,828,840
"19 Västmanlands län","kvinnor","F byggindustri","utrikes född",91,100,123,129,118,125,99,105,129,133,117,120
"19 Västmanlands län","kvinnor","G handel; serviceverkstäder för motorfordon och motorcyklar","totalt",5819,5889,6045,6055,6077,6020,6237,6346,6498,6532,6472,6423
"19 Västmanlands län","kvinnor","G handel; serviceverkstäder för motorfordon och motorcyklar","inrikes född",5138,5156,5253,5239,5245,5190,5459,5523,5617,5619,5548,5500
"19 Västmanlands län","kvinnor","G handel; serviceverkstäder för motorfordon och motorcyklar","utrikes född",681,733,791,816,834,831,778,821,882,914,925,923
"19 Västmanlands län","kvinnor","H transport- och magasineringsföretag","totalt",1031,1060,1036,1022,991,983,1155,1156,1138,1103,1094,1065
"19 Västmanlands län","kvinnor","H transport- och magasineringsföretag","inrikes född",920,932,904,881,845,829,1023,1011,986,943,917,899
"19 Västmanlands län","kvinnor","H transport- och magasineringsföretag","utrikes född",110,129,132,141,146,154,132,145,153,160,176,167
"19 Västmanlands län","kvinnor","I hotell och restauranger","totalt",1606,1596,1981,1935,2234,2397,1685,1681,2077,2142,2344,2467
"19 Västmanlands län","kvinnor","I hotell och restauranger","inrikes född",1095,1079,1327,1273,1450,1566,1146,1126,1381,1395,1509,1598
"19 Västmanlands län","kvinnor","I hotell och restauranger","utrikes född",510,517,654,662,785,830,539,554,695,746,836,869
"19 Västmanlands län","kvinnor","J informations- och kommunikationsföretag","totalt",488,516,551,631,646,610,643,669,737,813,794,786
"19 Västmanlands län","kvinnor","J informations- och kommunikationsföretag","inrikes född",436,455,481,544,548,517,560,574,626,679,650,637
"19 Västmanlands län","kvinnor","J informations- och kommunikationsföretag","utrikes född",52,61,70,87,99,93,83,95,111,135,144,150
"19 Västmanlands län","kvinnor","K kreditinstitut och försäkringsbolag m.m.","totalt",577,568,562,568,577,586,663,670,692,711,722,749
"19 Västmanlands län","kvinnor","K kreditinstitut och försäkringsbolag m.m.","inrikes född",540,535,520,515,520,529,609,616,623,631,642,669
"19 Västmanlands län","kvinnor","K kreditinstitut och försäkringsbolag m.m.","utrikes född",37,32,44,52,58,57,55,54,68,80,80,80
"19 Västmanlands län","kvinnor","L fastighetsbolag och fastighetsförvaltare","totalt",885,913,912,894,925,991,924,945,941,933,965,1032
"19 Västmanlands län","kvinnor","L fastighetsbolag och fastighetsförvaltare","inrikes född",748,775,781,767,794,842,778,804,805,797,825,876
"19 Västmanlands län","kvinnor","L fastighetsbolag och fastighetsförvaltare","utrikes född",137,138,130,126,131,150,147,141,136,137,140,156
"19 Västmanlands län","kvinnor","M+N företag inom juridik, ekonomi, vetenskap och teknik; företag inom uthyrning, fastighetsservice, resetjänster och andra stödtjänster","totalt",6461,6525,6773,7069,6702,6512,6445,6529,6826,7135,6749,6721
"19 Västmanlands län","kvinnor","M+N företag inom juridik, ekonomi, vetenskap och teknik; företag inom uthyrning, fastighetsservice, resetjänster och andra stödtjänster","inrikes född",4881,4842,4958,5069,4841,4664,4862,4842,4989,5136,4897,4775
"19 Västmanlands län","kvinnor","M+N företag inom juridik, ekonomi, vetenskap och teknik; företag inom uthyrning, fastighetsservice, resetjänster och andra stödtjänster","utrikes född",1579,1681,1815,1998,1862,1848,1581,1684,1838,2000,1853,1945
"19 Västmanlands län","kvinnor","O civila myndigheter och försvaret","totalt",4044,4219,4217,4332,4418,4431,4454,4635,4696,4875,5026,5103
"19 Västmanlands län","kvinnor","O civila myndigheter och försvaret","inrikes född",3561,3681,3668,3767,3889,3897,3945,4070,4113,4267,4447,4508
"19 Västmanlands län","kvinnor","O civila myndigheter och försvaret","utrikes född",482,537,552,566,530,533,508,565,584,608,579,595
"19 Västmanlands län","kvinnor","P utbildningsväsendet","totalt",10551,10763,10968,11139,11022,10645,10616,10775,10978,11199,11018,10652
"19 Västmanlands län","kvinnor","P utbildningsväsendet","inrikes född",8512,8559,8588,8591,8463,8159,8563,8578,8607,8634,8457,8174
"19 Västmanlands län","kvinnor","P utbildningsväsendet","utrikes född",2040,2204,2381,2550,2559,2486,2053,2197,2372,2565,2561,2477
"19 Västmanlands län","kvinnor","Q enheter för vård och omsorg, socialtjänst","totalt",18299,18512,18790,18517,18575,18420,18741,18892,19140,18901,18995,18842
"19 Västmanlands län","kvinnor","Q enheter för vård och omsorg, socialtjänst","inrikes född",13747,13741,13620,13206,12988,12715,14089,14035,13880,13489,13300,13018
"19 Västmanlands län","kvinnor","Q enheter för vård och omsorg, socialtjänst","utrikes född",4554,4770,5170,5311,5587,5705,4651,4858,5260,5414,5694,5825
"19 Västmanlands län","kvinnor","R+S+T+U enheter för kultur, nöje och fritid; andra serviceföretag m.m.","totalt",2639,2659,2800,2746,2751,2684,2729,2718,2851,2825,2845,2829
"19 Västmanlands län","kvinnor","R+S+T+U enheter för kultur, nöje och fritid; andra serviceföretag m.m.","inrikes född",2170,2184,2285,2227,2213,2168,2253,2243,2332,2305,2294,2288
"19 Västmanlands län","kvinnor","R+S+T+U enheter för kultur, nöje och fritid; andra serviceföretag m.m.","utrikes född",470,475,515,518,538,516,475,476,518,519,550,540
"19 Västmanlands län","kvinnor","US uppgift saknas","totalt",30,47,53,83,89,107,61,77,81,109,115,137
"19 Västmanlands län","kvinnor","US uppgift saknas","inrikes född",23,39,40,64,68,75,45,53,55,79,84,91
"19 Västmanlands län","kvinnor","US uppgift saknas","utrikes född",7,8,13,20,21,33,18,24,26,30,30,47
"19 Västmanlands län","totalt","A-U+US Total","totalt",123303,125057,128542,129451,129418,127974,128777,130344,134120,135453,134959,133818
"19 Västmanlands län","totalt","A-U+US Total","inrikes född",98658,98907,99955,99477,98796,97451,102457,102536,103676,103626,102690,101513
"19 Västmanlands län","totalt","A-U+US Total","utrikes född",24644,26150,28587,29974,30622,30524,26319,27809,30443,31826,32270,32305
"19 Västmanlands län","totalt","A företag inom jordbruk, skogsbruk och fiske","totalt",2057,2077,2060,2009,2048,2086,2114,2127,2103,2066,2081,2120
"19 Västmanlands län","totalt","A företag inom jordbruk, skogsbruk och fiske","inrikes född",1934,1944,1931,1880,1913,1925,1965,1972,1944,1903,1915,1920
"19 Västmanlands län","totalt","A företag inom jordbruk, skogsbruk och fiske","utrikes född",124,132,129,128,135,161,148,156,159,163,166,201
"19 Västmanlands län","totalt","B+C tillverkningsindustri; gruvor och mineralutvinningsindustri","totalt",21121,20950,21371,21658,22403,21763,20492,20354,20771,21112,21569,21045
"19 Västmanlands län","totalt","B+C tillverkningsindustri; gruvor och mineralutvinningsindustri","inrikes född",17400,17082,17043,17007,17114,16757,16754,16476,16443,16459,16454,16108
"19 Västmanlands län","totalt","B+C tillverkningsindustri; gruvor och mineralutvinningsindustri","utrikes född",3721,3868,4326,4651,5290,5006,3738,3878,4328,4653,5116,4936
"19 Västmanlands län","totalt","D+E företag inom energi och miljö","totalt",1556,1487,1509,1595,1669,1758,1660,1628,1651,1685,1761,1817
"19 Västmanlands län","totalt","D+E företag inom energi och miljö","inrikes född",1407,1350,1361,1403,1463,1542,1505,1468,1465,1469,1535,1582
"19 Västmanlands län","totalt","D+E företag inom energi och miljö","utrikes född",147,136,148,193,205,217,155,159,187,216,225,234
"19 Västmanlands län","totalt","F byggindustri","totalt",8901,9189,9500,9524,9211,9079,9277,9439,9695,9791,9431,9298
"19 Västmanlands län","totalt","F byggindustri","inrikes född",7938,8156,8323,8328,8116,7950,8238,8357,8471,8540,8280,8131
"19 Västmanlands län","totalt","F byggindustri","utrikes född",962,1034,1178,1197,1094,1130,1039,1082,1226,1251,1153,1167
"19 Västmanlands län","totalt","G handel; serviceverkstäder för motorfordon och motorcyklar","totalt",13323,13581,13918,13891,14006,13751,14708,14989,15348,15465,15543,15308
"19 Västmanlands län","totalt","G handel; serviceverkstäder för motorfordon och motorcyklar","inrikes född",11214,11337,11526,11458,11461,11260,12067,12177,12367,12405,12356,12219
"19 Västmanlands län","totalt","G handel; serviceverkstäder för motorfordon och motorcyklar","utrikes född",2109,2244,2393,2433,2546,2490,2642,2811,2980,3061,3187,3090
"19 Västmanlands län","totalt","H transport- och magasineringsföretag","totalt",4857,4940,4941,4857,4720,4718,5634,5628,5646,5435,5223,5201
"19 Västmanlands län","totalt","H transport- och magasineringsföretag","inrikes född",3711,3713,3627,3472,3331,3269,4175,4104,3995,3787,3650,3593
"19 Västmanlands län","totalt","H transport- och magasineringsföretag","utrikes född",1147,1228,1314,1385,1389,1450,1460,1524,1651,1648,1573,1607
"19 Västmanlands län","totalt","I hotell och restauranger","totalt",3354,3333,3985,3872,4208,4452,3525,3506,4167,4267,4442,4602
"19 Västmanlands län","totalt","I hotell och restauranger","inrikes född",1833,1806,2187,2096,2332,2490,1917,1888,2272,2300,2436,2549
"19 Västmanlands län","totalt","I hotell och restauranger","utrikes född",1523,1525,1797,1775,1877,1962,1608,1618,1896,1967,2006,2054
"19 Västmanlands län","totalt","J informations- och kommunikationsföretag","totalt",2158,2177,2269,2447,2503,2499,2766,2806,3020,3204,3207,3217
"19 Västmanlands län","totalt","J informations- och kommunikationsföretag","inrikes född",1940,1932,2008,2154,2188,2174,2443,2442,2595,2735,2731,2723
"19 Västmanlands län","totalt","J informations- och kommunikationsföretag","utrikes född",217,245,262,294,315,325,324,365,424,468,477,493
"19 Västmanlands län","totalt","K kreditinstitut och försäkringsbolag m.m.","totalt",1019,992,1005,1006,1026,1047,1254,1270,1311,1347,1373,1409
"19 Västmanlands län","totalt","K kreditinstitut och försäkringsbolag m.m.","inrikes född",948,927,923,909,924,948,1132,1146,1157,1183,1213,1250
"19 Västmanlands län","totalt","K kreditinstitut och försäkringsbolag m.m.","utrikes född",72,65,83,98,102,100,121,124,154,164,161,159
"19 Västmanlands län","totalt","L fastighetsbolag och fastighetsförvaltare","totalt",2088,2110,2096,2033,2108,2259,2222,2252,2231,2185,2259,2367
"19 Västmanlands län","totalt","L fastighetsbolag och fastighetsförvaltare","inrikes född",1828,1835,1828,1775,1839,1956,1929,1947,1934,1894,1958,2044
"19 Västmanlands län","totalt","L fastighetsbolag och fastighetsförvaltare","utrikes född",260,275,269,258,269,303,294,304,298,292,301,323
"19 Västmanlands län","totalt","M+N företag inom juridik, ekonomi, vetenskap och teknik; företag inom uthyrning, fastighetsservice, resetjänster och andra stödtjänster","totalt",15277,15675,16465,17078,16046,15664,15555,15947,16855,17306,16337,16114
"19 Västmanlands län","totalt","M+N företag inom juridik, ekonomi, vetenskap och teknik; företag inom uthyrning, fastighetsservice, resetjänster och andra stödtjänster","inrikes född",11626,11660,11983,12161,11619,11364,11748,11796,12198,12351,11789,11569
"19 Västmanlands län","totalt","M+N företag inom juridik, ekonomi, vetenskap och teknik; företag inom uthyrning, fastighetsservice, resetjänster och andra stödtjänster","utrikes född",3651,4015,4481,4916,4427,4300,3807,4151,4657,4955,4549,4546
"19 Västmanlands län","totalt","O civila myndigheter och försvaret","totalt",6413,6699,6764,6932,6975,7008,7481,7803,7957,8211,8377,8512
"19 Västmanlands län","totalt","O civila myndigheter och försvaret","inrikes född",5622,5810,5839,5991,6100,6117,6618,6837,6957,7181,7395,7497
"19 Västmanlands län","totalt","O civila myndigheter och försvaret","utrikes född",790,891,923,940,875,892,863,965,1001,1030,982,1014
"19 Västmanlands län","totalt","P utbildningsväsendet","totalt",13821,14051,14218,14418,14305,13868,13858,14008,14192,14435,14238,13802
"19 Västmanlands län","totalt","P utbildningsväsendet","inrikes född",11039,11097,11102,11119,10972,10596,11075,11072,11090,11133,10918,10564
"19 Västmanlands län","totalt","P utbildningsväsendet","utrikes född",2783,2954,3116,3299,3333,3272,2783,2936,3104,3302,3319,3238
"19 Västmanlands län","totalt","Q enheter för vård och omsorg, socialtjänst","totalt",22977,23344,23816,23504,23551,23386,23485,23812,24226,23991,24118,23943
"19 Västmanlands län","totalt","Q enheter för vård och omsorg, socialtjänst","inrikes född",16669,16643,16553,16058,15770,15483,17048,16982,16830,16359,16123,15808
"19 Västmanlands län","totalt","Q enheter för vård och omsorg, socialtjänst","utrikes född",6309,6701,7262,7446,7780,7904,6436,6830,7397,7631,7996,8135
"19 Västmanlands län","totalt","R+S+T+U enheter för kultur, nöje och fritid; andra serviceföretag m.m.","totalt",4306,4340,4505,4465,4469,4389,4532,4529,4691,4668,4695,4684
"19 Västmanlands län","totalt","R+S+T+U enheter för kultur, nöje och fritid; andra serviceföretag m.m.","inrikes född",3488,3520,3620,3535,3514,3461,3682,3675,3771,3709,3708,3702
"19 Västmanlands län","totalt","R+S+T+U enheter för kultur, nöje och fritid; andra serviceföretag m.m.","utrikes född",818,820,885,931,955,928,851,853,920,959,988,981
"19 Västmanlands län","totalt","US uppgift saknas","totalt",74,112,121,165,172,245,211,252,254,284,305,382
"19 Västmanlands län","totalt","US uppgift saknas","inrikes född",61,95,101,132,140,160,161,193,190,218,232,255
"19 Västmanlands län","totalt","US uppgift saknas","utrikes född",14,16,20,32,32,85,50,59,64,66,73,126
"20 Dalarnas län","män","A-U+US Total","totalt",70895,71393,72467,72455,72109,72137,71541,72081,73242,73196,72935,72796
"20 Dalarnas län","män","A-U+US Total","inrikes född",62173,62290,62735,62476,62012,61775,62797,62967,63556,63254,62906,62592
"20 Dalarnas län","män","A-U+US Total","utrikes född",8722,9103,9732,9979,10097,10362,8744,9114,9687,9943,10029,10206
"20 Dalarnas län","män","A företag inom jordbruk, skogsbruk och fiske","totalt",3512,3546,3421,3363,3358,3377,3429,3480,3371,3300,3303,3327
"20 Dalarnas län","män","A företag inom jordbruk, skogsbruk och fiske","inrikes född",3352,3399,3266,3207,3215,3226,3272,3331,3221,3158,3164,3182
"20 Dalarnas län","män","A företag inom jordbruk, skogsbruk och fiske","utrikes född",160,146,155,156,143,151,156,150,150,142,138,144
"20 Dalarnas län","män","B+C tillverkningsindustri; gruvor och mineralutvinningsindustri","totalt",15117,15079,15218,15158,15121,15424,15222,15166,15315,15243,15118,15341
"20 Dalarnas län","män","B+C tillverkningsindustri; gruvor och mineralutvinningsindustri","inrikes född",13709,13591,13603,13462,13323,13415,13869,13738,13768,13631,13423,13457
"20 Dalarnas län","män","B+C tillverkningsindustri; gruvor och mineralutvinningsindustri","utrikes född",1408,1487,1615,1697,1798,2010,1353,1428,1546,1611,1695,1883
"20 Dalarnas län","män","D+E företag inom energi och miljö","totalt",1313,1289,1289,1245,1242,1240,1342,1333,1331,1281,1298,1303
"20 Dalarnas län","män","D+E företag inom energi och miljö","inrikes född",1259,1239,1235,1193,1193,1188,1286,1277,1272,1222,1239,1242
"20 Dalarnas län","män","D+E företag inom energi och miljö","utrikes född",53,50,54,51,51,52,56,56,59,58,59,61
"20 Dalarnas län","män","F byggindustri","totalt",10333,10549,10815,11007,10840,10881,10463,10667,10961,11087,10898,10888
"20 Dalarnas län","män","F byggindustri","inrikes född",9786,9953,10161,10309,10180,10228,9956,10108,10333,10426,10276,10272
"20 Dalarnas län","män","F byggindustri","utrikes född",547,596,653,698,660,652,508,560,627,660,622,613
"20 Dalarnas län","män","G handel; serviceverkstäder för motorfordon och motorcyklar","totalt",8342,8403,8436,8288,8149,8078,8438,8495,8537,8412,8259,8270
"20 Dalarnas län","män","G handel; serviceverkstäder för motorfordon och motorcyklar","inrikes född",7439,7423,7393,7219,7104,6982,7497,7491,7477,7346,7224,7174
"20 Dalarnas län","män","G handel; serviceverkstäder för motorfordon och motorcyklar","utrikes född",904,979,1043,1069,1044,1095,940,1006,1061,1065,1036,1095
"20 Dalarnas län","män","H transport- och magasineringsföretag","totalt",4249,4248,4280,4216,4130,4095,4306,4301,4331,4258,4198,4127
"20 Dalarnas län","män","H transport- och magasineringsföretag","inrikes född",3655,3644,3604,3520,3450,3420,3667,3671,3658,3543,3486,3430
"20 Dalarnas län","män","H transport- och magasineringsföretag","utrikes född",594,603,676,696,681,674,641,629,674,716,711,697
"20 Dalarnas län","män","I hotell och restauranger","totalt",2097,2079,2303,2286,2336,2402,1978,1950,2157,2132,2138,2161
"20 Dalarnas län","män","I hotell och restauranger","inrikes född",1044,1051,1200,1166,1211,1223,935,936,1071,1051,1081,1078
"20 Dalarnas län","män","I hotell och restauranger","utrikes född",1052,1029,1103,1120,1125,1180,1042,1015,1086,1082,1058,1082
"20 Dalarnas län","män","J informations- och kommunikationsföretag","totalt",1635,1654,1712,1756,1716,1666,1701,1746,1823,1926,1944,1893
"20 Dalarnas län","män","J informations- och kommunikationsföretag","inrikes född",1537,1548,1604,1640,1607,1552,1586,1629,1694,1778,1796,1741
"20 Dalarnas län","män","J informations- och kommunikationsföretag","utrikes född",99,106,108,116,110,115,115,117,128,148,148,150
"20 Dalarnas län","män","K kreditinstitut och försäkringsbolag m.m.","totalt",442,417,408,417,431,417,478,466,469,475,495,491
"20 Dalarnas län","män","K kreditinstitut och försäkringsbolag m.m.","inrikes född",425,399,387,392,403,390,460,445,438,441,458,455
"20 Dalarnas län","män","K kreditinstitut och försäkringsbolag m.m.","utrikes född",15,18,21,26,27,27,17,20,30,35,37,35
"20 Dalarnas län","män","L fastighetsbolag och fastighetsförvaltare","totalt",1298,1300,1309,1337,1333,1320,1324,1339,1350,1355,1352,1337
"20 Dalarnas län","män","L fastighetsbolag och fastighetsförvaltare","inrikes född",1205,1205,1208,1234,1231,1218,1230,1238,1242,1250,1251,1235
"20 Dalarnas län","män","L fastighetsbolag och fastighetsförvaltare","utrikes född",92,94,102,103,102,103,95,101,108,103,102,101
"20 Dalarnas län","män","M+N företag inom juridik, ekonomi, vetenskap och teknik; företag inom uthyrning, fastighetsservice, resetjänster och andra stödtjänster","totalt",6453,6616,6789,6815,6880,6883,6610,6776,7007,7043,7111,7053
"20 Dalarnas län","män","M+N företag inom juridik, ekonomi, vetenskap och teknik; företag inom uthyrning, fastighetsservice, resetjänster och andra stödtjänster","inrikes född",5616,5702,5802,5856,5862,5843,5746,5827,5995,6039,6062,5993
"20 Dalarnas län","män","M+N företag inom juridik, ekonomi, vetenskap och teknik; företag inom uthyrning, fastighetsservice, resetjänster och andra stödtjänster","utrikes född",838,915,986,960,1018,1040,865,949,1012,1006,1050,1060
"20 Dalarnas län","män","O civila myndigheter och försvaret","totalt",3457,3482,3513,3521,3626,3621,3590,3633,3641,3625,3731,3733
"20 Dalarnas län","män","O civila myndigheter och försvaret","inrikes född",3144,3175,3214,3257,3355,3357,3271,3321,3340,3353,3453,3458
"20 Dalarnas län","män","O civila myndigheter och försvaret","utrikes född",314,307,298,265,271,265,320,313,302,272,277,275
"20 Dalarnas län","män","P utbildningsväsendet","totalt",3721,3709,3699,3714,3642,3531,3655,3645,3631,3647,3588,3466
"20 Dalarnas län","män","P utbildningsväsendet","inrikes född",3095,3083,3072,3090,3040,2955,3055,3042,3030,3037,2999,2912
"20 Dalarnas län","män","P utbildningsväsendet","utrikes född",626,625,628,624,603,576,601,603,601,609,588,554
"20 Dalarnas län","män","Q enheter för vård och omsorg, socialtjänst","totalt",6153,6244,6329,6414,6489,6407,6063,6147,6256,6371,6442,6363
"20 Dalarnas län","män","Q enheter för vård och omsorg, socialtjänst","inrikes född",4444,4410,4382,4374,4374,4309,4362,4334,4323,4332,4329,4273
"20 Dalarnas län","män","Q enheter för vård och omsorg, socialtjänst","utrikes född",1710,1833,1948,2040,2116,2097,1701,1812,1932,2039,2113,2090
"20 Dalarnas län","män","R+S+T+U enheter för kultur, nöje och fritid; andra serviceföretag m.m.","totalt",2752,2730,2887,2859,2760,2727,2532,2496,2638,2645,2594,2548
"20 Dalarnas län","män","R+S+T+U enheter för kultur, nöje och fritid; andra serviceföretag m.m.","inrikes född",2445,2421,2551,2508,2415,2409,2232,2192,2314,2301,2255,2240
"20 Dalarnas län","män","R+S+T+U enheter för kultur, nöje och fritid; andra serviceföretag m.m.","utrikes född",307,309,336,352,345,318,300,304,324,344,340,309
"20 Dalarnas län","män","US uppgift saknas","totalt",20,53,58,60,58,68,409,437,425,397,466,499
"20 Dalarnas län","män","US uppgift saknas","inrikes född",16,47,51,49,51,59,377,388,379,345,410,446
"20 Dalarnas län","män","US uppgift saknas","utrikes född",5,7,7,10,6,9,34,49,47,52,56,54
"20 Dalarnas län","kvinnor","A-U+US Total","totalt",64629,65141,66616,66848,66775,66638,64249,64756,66202,66724,66651,66422
"20 Dalarnas län","kvinnor","A-U+US Total","inrikes född",57263,57366,58187,57990,57669,57316,56960,57079,57902,57938,57630,57214
"20 Dalarnas län","kvinnor","A-U+US Total","utrikes född",7366,7774,8428,8859,9108,9322,7290,7677,8300,8788,9021,9209
"20 Dalarnas län","kvinnor","A företag inom jordbruk, skogsbruk och fiske","totalt",1212,1289,1271,1241,1216,1238,1197,1273,1246,1222,1205,1226
"20 Dalarnas län","kvinnor","A företag inom jordbruk, skogsbruk och fiske","inrikes född",1142,1225,1206,1178,1157,1175,1129,1209,1182,1160,1145,1164
"20 Dalarnas län","kvinnor","A företag inom jordbruk, skogsbruk och fiske","utrikes född",70,64,66,63,60,63,68,63,65,61,59,61
"20 Dalarnas län","kvinnor","B+C tillverkningsindustri; gruvor och mineralutvinningsindustri","totalt",4114,4146,4380,4458,4576,4833,4135,4156,4372,4451,4576,4781
"20 Dalarnas län","kvinnor","B+C tillverkningsindustri; gruvor och mineralutvinningsindustri","inrikes född",3661,3684,3879,3902,3945,4119,3708,3716,3899,3930,3988,4125
"20 Dalarnas län","kvinnor","B+C tillverkningsindustri; gruvor och mineralutvinningsindustri","utrikes född",453,462,500,557,631,714,428,439,473,521,588,655
"20 Dalarnas län","kvinnor","D+E företag inom energi och miljö","totalt",358,363,381,399,414,406,352,362,387,397,412,409
"20 Dalarnas län","kvinnor","D+E företag inom energi och miljö","inrikes född",339,343,357,376,391,385,334,342,364,374,388,386
"20 Dalarnas län","kvinnor","D+E företag inom energi och miljö","utrikes född",18,19,24,24,24,23,16,19,23,24,25,24
"20 Dalarnas län","kvinnor","F byggindustri","totalt",916,954,1006,1055,1081,1122,926,964,1012,1056,1064,1108
"20 Dalarnas län","kvinnor","F byggindustri","inrikes född",846,874,911,962,988,1024,855,882,922,970,976,1012
"20 Dalarnas län","kvinnor","F byggindustri","utrikes född",71,81,95,93,93,98,70,81,90,87,89,95
"20 Dalarnas län","kvinnor","G handel; serviceverkstäder för motorfordon och motorcyklar","totalt",6491,6591,6665,6582,6503,6530,6456,6516,6620,6538,6446,6488
"20 Dalarnas län","kvinnor","G handel; serviceverkstäder för motorfordon och motorcyklar","inrikes född",6069,6153,6197,6099,6017,6042,6040,6096,6165,6064,5973,6002
"20 Dalarnas län","kvinnor","G handel; serviceverkstäder för motorfordon och motorcyklar","utrikes född",421,437,468,483,486,489,416,421,455,474,472,486
"20 Dalarnas län","kvinnor","H transport- och magasineringsföretag","totalt",966,978,1013,1013,1044,1057,1003,1042,1044,1033,1073,1083
"20 Dalarnas län","kvinnor","H transport- och magasineringsföretag","inrikes född",923,934,965,961,993,1007,954,993,993,977,1016,1026
"20 Dalarnas län","kvinnor","H transport- och magasineringsföretag","utrikes född",44,44,48,51,53,50,50,48,52,56,57,55
"20 Dalarnas län","kvinnor","I hotell och restauranger","totalt",2196,2253,2745,2694,2739,2722,2088,2105,2543,2506,2510,2500
"20 Dalarnas län","kvinnor","I hotell och restauranger","inrikes född",1695,1715,2069,1977,1990,1941,1590,1577,1888,1805,1778,1740
"20 Dalarnas län","kvinnor","I hotell och restauranger","utrikes född",500,539,675,716,750,781,497,528,655,701,732,761
"20 Dalarnas län","kvinnor","J informations- och kommunikationsföretag","totalt",605,589,608,618,593,570,547,556,597,644,621,596
"20 Dalarnas län","kvinnor","J informations- och kommunikationsföretag","inrikes född",553,542,554,555,532,510,494,504,538,571,552,531
"20 Dalarnas län","kvinnor","J informations- och kommunikationsföretag","utrikes född",51,46,56,62,60,60,53,52,58,72,68,65
"20 Dalarnas län","kvinnor","K kreditinstitut och försäkringsbolag m.m.","totalt",510,505,521,546,588,625,533,540,576,594,631,673
"20 Dalarnas län","kvinnor","K kreditinstitut och försäkringsbolag m.m.","inrikes född",485,482,495,520,558,590,508,516,551,572,606,642
"20 Dalarnas län","kvinnor","K kreditinstitut och försäkringsbolag m.m.","utrikes född",26,23,26,25,28,34,24,23,25,22,25,31
"20 Dalarnas län","kvinnor","L fastighetsbolag och fastighetsförvaltare","totalt",841,858,885,870,878,850,858,872,891,888,897,863
"20 Dalarnas län","kvinnor","L fastighetsbolag och fastighetsförvaltare","inrikes född",773,794,822,805,810,786,789,805,826,819,825,799
"20 Dalarnas län","kvinnor","L fastighetsbolag och fastighetsförvaltare","utrikes född",67,64,63,64,68,64,69,66,65,69,72,66
"20 Dalarnas län","kvinnor","M+N företag inom juridik, ekonomi, vetenskap och teknik; företag inom uthyrning, fastighetsservice, resetjänster och andra stödtjänster","totalt",4896,4923,5011,5032,4961,5007,5067,5126,5228,5278,5219,5195
"20 Dalarnas län","kvinnor","M+N företag inom juridik, ekonomi, vetenskap och teknik; företag inom uthyrning, fastighetsservice, resetjänster och andra stödtjänster","inrikes född",4259,4243,4274,4300,4237,4243,4412,4421,4460,4505,4443,4392
"20 Dalarnas län","kvinnor","M+N företag inom juridik, ekonomi, vetenskap och teknik; företag inom uthyrning, fastighetsservice, resetjänster och andra stödtjänster","utrikes född",637,680,738,733,724,764,655,705,767,773,776,802
"20 Dalarnas län","kvinnor","O civila myndigheter och försvaret","totalt",5218,5164,5241,5219,5310,5469,5257,5225,5325,5320,5429,5605
"20 Dalarnas län","kvinnor","O civila myndigheter och försvaret","inrikes född",4795,4760,4872,4859,4958,5092,4831,4821,4954,4958,5077,5223
"20 Dalarnas län","kvinnor","O civila myndigheter och försvaret","utrikes född",423,403,369,359,351,378,426,401,370,361,353,382
"20 Dalarnas län","kvinnor","P utbildningsväsendet","totalt",10904,11023,11107,11291,11185,10815,10801,10930,10996,11191,11083,10707
"20 Dalarnas län","kvinnor","P utbildningsväsendet","inrikes född",9580,9588,9542,9639,9565,9275,9517,9533,9475,9584,9503,9216
"20 Dalarnas län","kvinnor","P utbildningsväsendet","utrikes född",1324,1436,1566,1652,1621,1540,1283,1397,1520,1606,1580,1492
"20 Dalarnas län","kvinnor","Q enheter för vård och omsorg, socialtjänst","totalt",21672,21782,21847,21879,21823,21471,21461,21529,21656,21852,21758,21385
"20 Dalarnas län","kvinnor","Q enheter för vård och omsorg, socialtjänst","inrikes född",18727,18646,18480,18287,18060,17599,18563,18456,18352,18285,18034,17552
"20 Dalarnas län","kvinnor","Q enheter för vård och omsorg, socialtjänst","utrikes född",2946,3136,3366,3593,3763,3871,2898,3073,3305,3567,3725,3832
"20 Dalarnas län","kvinnor","R+S+T+U enheter för kultur, nöje och fritid; andra serviceföretag m.m.","totalt",3718,3678,3881,3898,3815,3863,3477,3441,3589,3637,3609,3673
"20 Dalarnas län","kvinnor","R+S+T+U enheter för kultur, nöje och fritid; andra serviceföretag m.m.","inrikes född",3403,3345,3519,3527,3428,3478,3162,3112,3237,3274,3236,3302
"20 Dalarnas län","kvinnor","R+S+T+U enheter för kultur, nöje och fritid; andra serviceföretag m.m.","utrikes född",315,333,362,372,386,385,314,329,352,363,374,371
"20 Dalarnas län","kvinnor","US uppgift saknas","totalt",14,45,54,54,51,59,93,124,118,117,118,133
"20 Dalarnas län","kvinnor","US uppgift saknas","inrikes född",11,42,45,41,43,50,73,96,94,90,93,103
"20 Dalarnas län","kvinnor","US uppgift saknas","utrikes född",1,4,8,12,9,10,21,26,26,27,26,30
"20 Dalarnas län","totalt","A-U+US Total","totalt",135522,136533,139081,139302,138884,138774,135791,136836,139445,139920,139585,139219
"20 Dalarnas län","totalt","A-U+US Total","inrikes född",119435,119657,120922,120464,119681,119090,119757,120046,121459,121191,120537,119806
"20 Dalarnas län","totalt","A-U+US Total","utrikes född",16088,16877,18160,18838,19204,19684,16034,16791,17985,18730,19049,19413
"20 Dalarnas län","totalt","A företag inom jordbruk, skogsbruk och fiske","totalt",4723,4835,4692,4604,4575,4615,4627,4752,4618,4522,4507,4552
"20 Dalarnas län","totalt","A företag inom jordbruk, skogsbruk och fiske","inrikes född",4495,4623,4472,4385,4372,4402,4401,4539,4403,4318,4310,4345
"20 Dalarnas län","totalt","A företag inom jordbruk, skogsbruk och fiske","utrikes född",229,211,220,218,202,214,225,213,216,205,198,207
"20 Dalarnas län","totalt","B+C tillverkningsindustri; gruvor och mineralutvinningsindustri","totalt",19231,19224,19599,19616,19697,20256,19358,19322,19688,19694,19695,20121
"20 Dalarnas län","totalt","B+C tillverkningsindustri; gruvor och mineralutvinningsindustri","inrikes född",17370,17275,17483,17363,17267,17534,17577,17454,17668,17561,17411,17583
"20 Dalarnas län","totalt","B+C tillverkningsindustri; gruvor och mineralutvinningsindustri","utrikes född",1862,1950,2117,2254,2429,2723,1781,1869,2019,2132,2282,2538
"20 Dalarnas län","totalt","D+E företag inom energi och miljö","totalt",1670,1651,1670,1643,1657,1647,1694,1695,1717,1678,1710,1712
"20 Dalarnas län","totalt","D+E företag inom energi och miljö","inrikes född",1598,1581,1594,1568,1584,1572,1621,1619,1635,1596,1626,1628
"20 Dalarnas län","totalt","D+E företag inom energi och miljö","utrikes född",71,70,77,75,73,73,74,76,82,82,84,83
"20 Dalarnas län","totalt","F byggindustri","totalt",11250,11503,11820,12061,11920,12003,11389,11633,11973,12142,11961,11995
"20 Dalarnas län","totalt","F byggindustri","inrikes född",10632,10826,11073,11270,11167,11252,10811,10990,11255,11396,11251,11286
"20 Dalarnas län","totalt","F byggindustri","utrikes född",618,677,748,792,752,751,578,643,717,747,710,710
"20 Dalarnas län","totalt","G handel; serviceverkstäder för motorfordon och motorcyklar","totalt",14834,14994,15100,14871,14651,14609,14893,15013,15158,14950,14704,14757
"20 Dalarnas län","totalt","G handel; serviceverkstäder för motorfordon och motorcyklar","inrikes född",13509,13578,13589,13319,13121,13024,13536,13586,13642,13410,13197,13177
"20 Dalarnas län","totalt","G handel; serviceverkstäder för motorfordon och motorcyklar","utrikes född",1326,1417,1511,1553,1530,1584,1356,1426,1514,1539,1508,1581
"20 Dalarnas län","totalt","H transport- och magasineringsföretag","totalt",5216,5225,5293,5230,5175,5152,5310,5341,5376,5292,5270,5209
"20 Dalarnas län","totalt","H transport- och magasineringsföretag","inrikes född",4577,4578,4569,4482,4442,4428,4621,4665,4651,4519,4501,4457
"20 Dalarnas län","totalt","H transport- och magasineringsföretag","utrikes född",638,648,723,747,733,724,690,677,725,772,769,753
"20 Dalarnas län","totalt","I hotell och restauranger","totalt",4293,4332,5048,4979,5076,5125,4065,4056,4700,4640,4647,4661
"20 Dalarnas län","totalt","I hotell och restauranger","inrikes född",2740,2765,3270,3144,3201,3164,2526,2513,2959,2856,2859,2817
"20 Dalarnas län","totalt","I hotell och restauranger","utrikes född",1553,1569,1779,1836,1874,1961,1539,1543,1742,1784,1789,1843
"20 Dalarnas län","totalt","J informations- och kommunikationsföretag","totalt",2238,2243,2321,2374,2309,2237,2249,2301,2419,2570,2564,2489
"20 Dalarnas län","totalt","J informations- och kommunikationsföretag","inrikes född",2090,2091,2158,2196,2139,2062,2080,2133,2234,2349,2349,2272
"20 Dalarnas län","totalt","J informations- och kommunikationsföretag","utrikes född",149,152,163,178,170,176,167,169,186,222,216,216
"20 Dalarnas län","totalt","K kreditinstitut och försäkringsbolag m.m.","totalt",952,922,929,962,1019,1041,1009,1005,1046,1069,1125,1165
"20 Dalarnas län","totalt","K kreditinstitut och försäkringsbolag m.m.","inrikes född",911,879,881,911,962,980,968,962,990,1013,1063,1097
"20 Dalarnas län","totalt","K kreditinstitut och försäkringsbolag m.m.","utrikes född",41,42,47,51,57,60,42,44,54,57,62,67
"20 Dalarnas län","totalt","L fastighetsbolag och fastighetsförvaltare","totalt",2139,2159,2192,2207,2210,2171,2182,2211,2242,2243,2250,2201
"20 Dalarnas län","totalt","L fastighetsbolag och fastighetsförvaltare","inrikes född",1979,2000,2030,2040,2040,2004,2017,2044,2069,2070,2076,2034
"20 Dalarnas län","totalt","L fastighetsbolag och fastighetsförvaltare","utrikes född",160,159,164,167,170,166,165,168,174,173,173,167
"20 Dalarnas län","totalt","M+N företag inom juridik, ekonomi, vetenskap och teknik; företag inom uthyrning, fastighetsservice, resetjänster och andra stödtjänster","totalt",11349,11539,11800,11848,11841,11891,11677,11902,12234,12321,12331,12247
"20 Dalarnas län","totalt","M+N företag inom juridik, ekonomi, vetenskap och teknik; företag inom uthyrning, fastighetsservice, resetjänster och andra stödtjänster","inrikes född",9874,9945,10076,10156,10100,10087,10157,10247,10456,10543,10505,10386
"20 Dalarnas län","totalt","M+N företag inom juridik, ekonomi, vetenskap och teknik; företag inom uthyrning, fastighetsservice, resetjänster och andra stödtjänster","utrikes född",1475,1594,1724,1692,1741,1804,1520,1655,1779,1779,1826,1861
"20 Dalarnas län","totalt","O civila myndigheter och försvaret","totalt",8676,8646,8755,8739,8934,9089,8847,8858,8965,8944,9160,9338
"20 Dalarnas län","totalt","O civila myndigheter och försvaret","inrikes född",7939,7935,8088,8117,8313,8448,8102,8142,8294,8311,8530,8682
"20 Dalarnas län","totalt","O civila myndigheter och försvaret","utrikes född",737,710,666,624,622,642,745,716,671,633,629,657
"20 Dalarnas län","totalt","P utbildningsväsendet","totalt",14625,14731,14807,15005,14828,14346,14456,14576,14625,14838,14671,14172
"20 Dalarnas län","totalt","P utbildningsväsendet","inrikes född",12676,12672,12613,12730,12604,12229,12572,12575,12505,12622,12503,12127
"20 Dalarnas län","totalt","P utbildningsväsendet","utrikes född",1949,2061,2193,2276,2223,2117,1884,2001,2121,2217,2167,2046
"20 Dalarnas län","totalt","Q enheter för vård och omsorg, socialtjänst","totalt",27825,28026,28176,28293,28312,27878,27524,27676,27913,28224,28201,27747
"20 Dalarnas län","totalt","Q enheter för vård och omsorg, socialtjänst","inrikes född",23170,23057,22863,22662,22434,21910,22925,22790,22675,22617,22363,21824
"20 Dalarnas län","totalt","Q enheter för vård och omsorg, socialtjänst","utrikes född",4655,4968,5315,5632,5878,5968,4599,4886,5238,5606,5838,5923
"20 Dalarnas län","totalt","R+S+T+U enheter för kultur, nöje och fritid; andra serviceföretag m.m.","totalt",6470,6408,6768,6757,6575,6588,6009,5936,6226,6282,6205,6221
"20 Dalarnas län","totalt","R+S+T+U enheter för kultur, nöje och fritid; andra serviceföretag m.m.","inrikes född",5848,5765,6069,6034,5842,5886,5395,5303,5550,5576,5492,5541
"20 Dalarnas län","totalt","R+S+T+U enheter för kultur, nöje och fritid; andra serviceföretag m.m.","utrikes född",622,643,698,722,732,703,613,633,677,706,712,679
"20 Dalarnas län","totalt","US uppgift saknas","totalt",34,100,112,113,109,127,504,560,543,514,585,632
"20 Dalarnas län","totalt","US uppgift saknas","inrikes född",29,90,96,91,95,110,450,484,472,436,502,549
"20 Dalarnas län","totalt","US uppgift saknas","utrikes född",7,9,16,22,14,18,54,75,73,79,83,83
"21 Gävleborgs län","män","A-U+US Total","totalt",67722,68664,69588,69574,68612,68309,69581,70300,71386,71355,70579,70372
"21 Gävleborgs län","män","A-U+US Total","inrikes född",59140,59372,59840,59522,58508,57963,60697,60708,61298,60978,60095,59579
"21 Gävleborgs län","män","A-U+US Total","utrikes född",8582,9291,9749,10053,10104,10346,8884,9593,10088,10378,10485,10792
"21 Gävleborgs län","män","A företag inom jordbruk, skogsbruk och fiske","totalt",3269,3262,3168,3081,3052,3080,3307,3285,3210,3120,3066,3090
"21 Gävleborgs län","män","A företag inom jordbruk, skogsbruk och fiske","inrikes född",3135,3125,3036,2932,2901,2921,3167,3140,3075,2976,2915,2936
"21 Gävleborgs län","män","A företag inom jordbruk, skogsbruk och fiske","utrikes född",133,138,133,149,152,159,141,145,134,143,151,154
"21 Gävleborgs län","män","B+C tillverkningsindustri; gruvor och mineralutvinningsindustri","totalt",14932,14872,15001,14662,14133,13810,15139,15066,15229,14861,14332,14078
"21 Gävleborgs län","män","B+C tillverkningsindustri; gruvor och mineralutvinningsindustri","inrikes född",13815,13718,13745,13417,12953,12631,13985,13870,13933,13577,13118,12844
"21 Gävleborgs län","män","B+C tillverkningsindustri; gruvor och mineralutvinningsindustri","utrikes född",1117,1155,1256,1245,1179,1179,1156,1195,1296,1285,1214,1235
"21 Gävleborgs län","män","D+E företag inom energi och miljö","totalt",1284,1208,1200,1202,1188,1263,1364,1307,1293,1269,1270,1328
"21 Gävleborgs län","män","D+E företag inom energi och miljö","inrikes född",1223,1148,1133,1125,1118,1180,1301,1245,1221,1188,1189,1237
"21 Gävleborgs län","män","D+E företag inom energi och miljö","utrikes född",61,59,67,77,71,83,64,61,71,82,81,91
"21 Gävleborgs län","män","F byggindustri","totalt",10130,10290,10598,10665,10333,10128,10236,10353,10654,10726,10417,10262
"21 Gävleborgs län","män","F byggindustri","inrikes född",9559,9601,9827,9820,9502,9229,9679,9678,9882,9900,9591,9356
"21 Gävleborgs län","män","F byggindustri","utrikes född",572,690,772,846,832,899,556,674,773,828,826,908
"21 Gävleborgs län","män","G handel; serviceverkstäder för motorfordon och motorcyklar","totalt",6794,6885,6958,6901,6710,6759,6979,7100,7208,7127,6973,6978
"21 Gävleborgs län","män","G handel; serviceverkstäder för motorfordon och motorcyklar","inrikes född",6042,6071,6107,6042,5870,5904,6195,6249,6320,6240,6105,6110
"21 Gävleborgs län","män","G handel; serviceverkstäder för motorfordon och motorcyklar","utrikes född",753,815,850,859,841,853,784,851,887,888,867,869
"21 Gävleborgs län","män","H transport- och magasineringsföretag","totalt",4619,4708,4730,4676,4691,4722,4875,4902,4951,4842,4872,4846
"21 Gävleborgs län","män","H transport- och magasineringsföretag","inrikes född",4002,4028,3992,3923,3897,3898,4204,4167,4141,4019,4009,3964
"21 Gävleborgs län","män","H transport- och magasineringsföretag","utrikes född",618,680,738,753,793,824,673,736,810,822,863,881
"21 Gävleborgs län","män","I hotell och restauranger","totalt",1999,2039,2257,2186,2156,2139,2048,2041,2234,2225,2183,2225
"21 Gävleborgs län","män","I hotell och restauranger","inrikes född",844,854,1007,974,988,1025,864,826,967,973,981,1039
"21 Gävleborgs län","män","I hotell och restauranger","utrikes född",1156,1185,1249,1211,1169,1115,1184,1216,1269,1251,1203,1187
"21 Gävleborgs län","män","J informations- och kommunikationsföretag","totalt",1661,1721,1834,1898,2042,2056,1894,1956,2115,2252,2430,2484
"21 Gävleborgs län","män","J informations- och kommunikationsföretag","inrikes född",1555,1604,1699,1749,1860,1871,1757,1808,1945,2042,2168,2177
"21 Gävleborgs län","män","J informations- och kommunikationsföretag","utrikes född",105,117,134,149,181,185,137,147,170,210,263,306
"21 Gävleborgs län","män","K kreditinstitut och försäkringsbolag m.m.","totalt",399,384,384,391,387,398,456,435,447,454,458,474
"21 Gävleborgs län","män","K kreditinstitut och försäkringsbolag m.m.","inrikes född",374,362,359,356,351,366,424,406,413,412,414,434
"21 Gävleborgs län","män","K kreditinstitut och försäkringsbolag m.m.","utrikes född",26,22,25,34,35,34,33,29,35,43,44,40
"21 Gävleborgs län","män","L fastighetsbolag och fastighetsförvaltare","totalt",1461,1467,1477,1479,1501,1450,1482,1487,1498,1499,1496,1449
"21 Gävleborgs län","män","L fastighetsbolag och fastighetsförvaltare","inrikes född",1338,1342,1340,1346,1362,1319,1355,1368,1370,1372,1366,1329
"21 Gävleborgs län","män","L fastighetsbolag och fastighetsförvaltare","utrikes född",124,125,135,132,138,133,127,120,129,128,130,121
"21 Gävleborgs län","män","M+N företag inom juridik, ekonomi, vetenskap och teknik; företag inom uthyrning, fastighetsservice, resetjänster och andra stödtjänster","totalt",6429,6694,6894,7076,7098,7263,6676,6919,7155,7320,7416,7599
"21 Gävleborgs län","män","M+N företag inom juridik, ekonomi, vetenskap och teknik; företag inom uthyrning, fastighetsservice, resetjänster och andra stödtjänster","inrikes född",5536,5724,5809,5943,5908,5839,5708,5876,5991,6129,6132,6094
"21 Gävleborgs län","män","M+N företag inom juridik, ekonomi, vetenskap och teknik; företag inom uthyrning, fastighetsservice, resetjänster och andra stödtjänster","utrikes född",893,970,1084,1134,1190,1425,968,1042,1164,1190,1284,1504
"21 Gävleborgs län","män","O civila myndigheter och försvaret","totalt",3511,3613,3656,3728,3734,3795,3583,3666,3707,3800,3801,3851
"21 Gävleborgs län","män","O civila myndigheter och försvaret","inrikes född",3178,3257,3303,3367,3381,3435,3256,3317,3358,3438,3445,3491
"21 Gävleborgs län","män","O civila myndigheter och försvaret","utrikes född",333,354,352,361,353,360,327,347,346,362,357,360
"21 Gävleborgs län","män","P utbildningsväsendet","totalt",3550,3525,3503,3490,3383,3294,3551,3519,3484,3483,3373,3271
"21 Gävleborgs län","män","P utbildningsväsendet","inrikes född",2948,2924,2914,2920,2829,2773,2956,2931,2916,2925,2843,2768
"21 Gävleborgs län","män","P utbildningsväsendet","utrikes född",602,600,590,570,554,522,596,588,568,558,529,502
"21 Gävleborgs län","män","Q enheter för vård och omsorg, socialtjänst","totalt",5363,5615,5468,5579,5653,5585,5420,5684,5551,5657,5700,5640
"21 Gävleborgs län","män","Q enheter för vård och omsorg, socialtjänst","inrikes född",3617,3593,3505,3470,3459,3444,3671,3647,3553,3524,3495,3481
"21 Gävleborgs län","män","Q enheter för vård och omsorg, socialtjänst","utrikes född",1747,2022,1963,2110,2194,2142,1750,2037,1997,2132,2206,2159
"21 Gävleborgs län","män","R+S+T+U enheter för kultur, nöje och fritid; andra serviceföretag m.m.","totalt",2287,2315,2385,2430,2460,2477,2350,2331,2405,2455,2506,2505
"21 Gävleborgs län","män","R+S+T+U enheter för kultur, nöje och fritid; andra serviceföretag m.m.","inrikes född",1947,1963,1997,2033,2055,2058,1992,1962,2003,2041,2082,2078
"21 Gävleborgs län","män","R+S+T+U enheter för kultur, nöje och fritid; andra serviceföretag m.m.","utrikes född",340,353,387,397,405,421,359,369,402,414,424,428
"21 Gävleborgs län","män","US uppgift saknas","totalt",33,66,78,133,93,91,218,249,247,267,287,291
"21 Gävleborgs län","män","US uppgift saknas","inrikes född",28,59,64,106,76,73,188,216,211,223,244,241
"21 Gävleborgs län","män","US uppgift saknas","utrikes född",6,8,14,27,18,17,30,33,36,44,44,49
"21 Gävleborgs län","kvinnor","A-U+US Total","totalt",62593,63474,64455,65047,64751,64364,63109,63838,65051,65681,65344,65010
"21 Gävleborgs län","kvinnor","A-U+US Total","inrikes född",54580,54870,55537,55597,55050,54519,55037,55204,56050,56154,55568,55050
"21 Gävleborgs län","kvinnor","A-U+US Total","utrikes född",8012,8604,8918,9448,9703,9844,8072,8635,9001,9527,9776,9960
"21 Gävleborgs län","kvinnor","A företag inom jordbruk, skogsbruk och fiske","totalt",934,1001,994,971,967,989,943,1002,1003,979,968,972
"21 Gävleborgs län","kvinnor","A företag inom jordbruk, skogsbruk och fiske","inrikes född",889,955,944,922,917,942,897,956,954,931,920,928
"21 Gävleborgs län","kvinnor","A företag inom jordbruk, skogsbruk och fiske","utrikes född",46,46,49,47,51,49,47,47,49,48,48,45
"21 Gävleborgs län","kvinnor","B+C tillverkningsindustri; gruvor och mineralutvinningsindustri","totalt",3795,3827,3912,3846,3771,3708,3819,3857,3959,3914,3820,3755
"21 Gävleborgs län","kvinnor","B+C tillverkningsindustri; gruvor och mineralutvinningsindustri","inrikes född",3498,3514,3582,3522,3448,3378,3516,3540,3621,3578,3480,3412
"21 Gävleborgs län","kvinnor","B+C tillverkningsindustri; gruvor och mineralutvinningsindustri","utrikes född",297,313,329,322,324,330,303,316,338,336,340,342
"21 Gävleborgs län","kvinnor","D+E företag inom energi och miljö","totalt",443,377,386,407,411,432,443,379,392,407,419,445
"21 Gävleborgs län","kvinnor","D+E företag inom energi och miljö","inrikes född",423,361,366,386,393,410,429,369,376,388,400,425
"21 Gävleborgs län","kvinnor","D+E företag inom energi och miljö","utrikes född",20,16,19,20,18,23,16,11,17,19,19,20
"21 Gävleborgs län","kvinnor","F byggindustri","totalt",812,841,876,922,919,921,824,845,895,939,930,935
"21 Gävleborgs län","kvinnor","F byggindustri","inrikes född",758,778,808,839,834,828,765,776,816,850,841,836
"21 Gävleborgs län","kvinnor","F byggindustri","utrikes född",54,63,70,82,84,91,59,68,78,89,89,101
"21 Gävleborgs län","kvinnor","G handel; serviceverkstäder för motorfordon och motorcyklar","totalt",5602,5708,5885,5852,5749,5811,5633,5754,5961,5944,5807,5857
"21 Gävleborgs län","kvinnor","G handel; serviceverkstäder för motorfordon och motorcyklar","inrikes född",5169,5240,5368,5324,5223,5284,5199,5276,5443,5408,5285,5326
"21 Gävleborgs län","kvinnor","G handel; serviceverkstäder för motorfordon och motorcyklar","utrikes född",432,470,518,527,525,528,434,479,517,536,522,533
"21 Gävleborgs län","kvinnor","H transport- och magasineringsföretag","totalt",1171,1208,1266,1298,1325,1306,1226,1230,1307,1318,1347,1328
"21 Gävleborgs län","kvinnor","H transport- och magasineringsföretag","inrikes född",1107,1145,1194,1223,1251,1235,1159,1166,1229,1240,1270,1249
"21 Gävleborgs län","kvinnor","H transport- och magasineringsföretag","utrikes född",64,65,72,74,74,73,67,65,78,78,77,80
"21 Gävleborgs län","kvinnor","I hotell och restauranger","totalt",2256,2324,2730,2769,2745,2842,2287,2311,2726,2781,2770,2860
"21 Gävleborgs län","kvinnor","I hotell och restauranger","inrikes född",1630,1661,1931,1950,1906,1951,1645,1640,1922,1953,1929,1958
"21 Gävleborgs län","kvinnor","I hotell och restauranger","utrikes född",626,663,798,818,839,890,642,671,804,829,841,901
"21 Gävleborgs län","kvinnor","J informations- och kommunikationsföretag","totalt",703,721,771,799,831,838,760,781,855,910,960,962
"21 Gävleborgs län","kvinnor","J informations- och kommunikationsföretag","inrikes född",659,678,719,737,763,766,710,733,789,827,862,856
"21 Gävleborgs län","kvinnor","J informations- och kommunikationsföretag","utrikes född",43,43,54,62,69,72,50,48,65,83,98,107
"21 Gävleborgs län","kvinnor","K kreditinstitut och försäkringsbolag m.m.","totalt",497,480,506,524,547,545,531,529,568,581,607,613
"21 Gävleborgs län","kvinnor","K kreditinstitut och försäkringsbolag m.m.","inrikes född",477,463,487,502,517,514,509,507,542,554,574,578
"21 Gävleborgs län","kvinnor","K kreditinstitut och försäkringsbolag m.m.","utrikes född",21,18,20,22,29,30,21,21,26,26,35,34
"21 Gävleborgs län","kvinnor","L fastighetsbolag och fastighetsförvaltare","totalt",814,813,841,868,877,860,844,843,888,925,908,898
"21 Gävleborgs län","kvinnor","L fastighetsbolag och fastighetsförvaltare","inrikes född",757,761,782,804,802,786,783,791,829,859,839,824
"21 Gävleborgs län","kvinnor","L fastighetsbolag och fastighetsförvaltare","utrikes född",57,53,59,65,74,75,60,53,59,66,70,73
"21 Gävleborgs län","kvinnor","M+N företag inom juridik, ekonomi, vetenskap och teknik; företag inom uthyrning, fastighetsservice, resetjänster och andra stödtjänster","totalt",4950,5146,5299,5565,5588,5506,5021,5218,5442,5696,5713,5728
"21 Gävleborgs län","kvinnor","M+N företag inom juridik, ekonomi, vetenskap och teknik; företag inom uthyrning, fastighetsservice, resetjänster och andra stödtjänster","inrikes född",4154,4286,4393,4582,4544,4427,4226,4365,4526,4711,4666,4627
"21 Gävleborgs län","kvinnor","M+N företag inom juridik, ekonomi, vetenskap och teknik; företag inom uthyrning, fastighetsservice, resetjänster och andra stödtjänster","utrikes född",796,861,907,983,1042,1079,795,855,916,986,1047,1100
"21 Gävleborgs län","kvinnor","O civila myndigheter och försvaret","totalt",5699,5894,6077,6205,6081,6149,5662,5824,5982,6106,5987,6082
"21 Gävleborgs län","kvinnor","O civila myndigheter och försvaret","inrikes född",5237,5424,5584,5684,5567,5592,5210,5367,5496,5594,5479,5534
"21 Gävleborgs län","kvinnor","O civila myndigheter och försvaret","utrikes född",462,469,494,522,514,558,453,456,488,513,509,548
"21 Gävleborgs län","kvinnor","P utbildningsväsendet","totalt",10448,10440,10459,10599,10352,10025,10484,10466,10480,10645,10399,10052
"21 Gävleborgs län","kvinnor","P utbildningsväsendet","inrikes född",9288,9228,9157,9254,9050,8781,9329,9255,9185,9305,9103,8808
"21 Gävleborgs län","kvinnor","P utbildningsväsendet","utrikes född",1160,1211,1301,1345,1302,1244,1156,1212,1296,1340,1296,1243
"21 Gävleborgs län","kvinnor","Q enheter för vård och omsorg, socialtjänst","totalt",21180,21318,21059,20955,21078,20880,21245,21366,21140,21032,21129,20917
"21 Gävleborgs län","kvinnor","Q enheter för vård och omsorg, socialtjänst","inrikes född",17563,17350,17194,16793,16735,16527,17613,17395,17244,16847,16761,16535
"21 Gävleborgs län","kvinnor","Q enheter för vård och omsorg, socialtjänst","utrikes född",3616,3968,3865,4162,4343,4353,3632,3972,3898,4187,4367,4382
"21 Gävleborgs län","kvinnor","R+S+T+U enheter för kultur, nöje och fritid; andra serviceföretag m.m.","totalt",3270,3321,3332,3372,3427,3459,3329,3335,3354,3394,3447,3470
"21 Gävleborgs län","kvinnor","R+S+T+U enheter för kultur, nöje och fritid; andra serviceföretag m.m.","inrikes född",2954,2983,2978,2997,3033,3028,3005,2999,3005,3023,3059,3046
"21 Gävleborgs län","kvinnor","R+S+T+U enheter för kultur, nöje och fritid; andra serviceföretag m.m.","utrikes född",316,339,353,375,394,432,323,336,350,371,390,422
"21 Gävleborgs län","kvinnor","US uppgift saknas","totalt",18,53,62,94,85,89,55,94,100,111,133,138
"21 Gävleborgs län","kvinnor","US uppgift saknas","inrikes född",16,46,51,73,66,73,42,70,76,90,102,108
"21 Gävleborgs län","kvinnor","US uppgift saknas","utrikes född",3,7,12,22,19,16,13,26,24,22,31,29
"21 Gävleborgs län","totalt","A-U+US Total","totalt",130315,132137,134044,134621,133363,132673,132689,134139,136437,137036,135923,135381
"21 Gävleborgs län","totalt","A-U+US Total","inrikes född",113720,114241,115377,115118,113557,112483,115733,115911,117348,117131,115662,114629
"21 Gävleborgs län","totalt","A-U+US Total","utrikes född",16595,17896,18668,19502,19806,20189,16956,18228,19090,19904,20261,20753
"21 Gävleborgs län","totalt","A företag inom jordbruk, skogsbruk och fiske","totalt",4204,4263,4161,4052,4020,4070,4250,4287,4213,4098,4033,4063
"21 Gävleborgs län","totalt","A företag inom jordbruk, skogsbruk och fiske","inrikes född",4024,4080,3979,3855,3818,3863,4063,4097,4028,3907,3835,3865
"21 Gävleborgs län","totalt","A företag inom jordbruk, skogsbruk och fiske","utrikes född",180,184,183,196,203,207,188,192,184,191,199,199
"21 Gävleborgs län","totalt","B+C tillverkningsindustri; gruvor och mineralutvinningsindustri","totalt",18728,18699,18913,18507,17904,17518,18958,18923,19187,18776,18153,17832
"21 Gävleborgs län","totalt","B+C tillverkningsindustri; gruvor och mineralutvinningsindustri","inrikes född",17313,17231,17327,16939,16401,16009,17502,17410,17553,17155,16597,16257
"21 Gävleborgs län","totalt","B+C tillverkningsindustri; gruvor och mineralutvinningsindustri","utrikes född",1415,1469,1585,1568,1502,1510,1458,1513,1634,1620,1555,1576
"21 Gävleborgs län","totalt","D+E företag inom energi och miljö","totalt",1727,1586,1584,1609,1600,1695,1808,1687,1685,1675,1689,1774
"21 Gävleborgs län","totalt","D+E företag inom energi och miljö","inrikes född",1646,1509,1500,1511,1510,1590,1728,1614,1597,1575,1589,1663
"21 Gävleborgs län","totalt","D+E företag inom energi och miljö","utrikes född",81,76,86,97,88,105,80,73,88,100,99,112
"21 Gävleborgs län","totalt","F byggindustri","totalt",10942,11132,11476,11587,11252,11049,11058,11196,11549,11665,11347,11199
"21 Gävleborgs län","totalt","F byggindustri","inrikes född",10318,10379,10635,10659,10335,10057,10445,10455,10698,10748,10431,10190
"21 Gävleborgs län","totalt","F byggindustri","utrikes född",625,753,841,928,917,992,615,742,852,917,917,1008
"21 Gävleborgs län","totalt","G handel; serviceverkstäder för motorfordon och motorcyklar","totalt",12395,12595,12843,12753,12459,12570,12611,12855,13168,13071,12779,12835
"21 Gävleborgs län","totalt","G handel; serviceverkstäder för motorfordon och motorcyklar","inrikes född",11211,11309,11475,11367,11093,11188,11393,11524,11763,11648,11390,11435
"21 Gävleborgs län","totalt","G handel; serviceverkstäder för motorfordon och motorcyklar","utrikes född",1184,1285,1368,1388,1365,1382,1219,1331,1405,1423,1390,1400
"21 Gävleborgs län","totalt","H transport- och magasineringsföretag","totalt",5789,5915,5996,5973,6016,6027,6102,6133,6258,6159,6220,6174
"21 Gävleborgs län","totalt","H transport- och magasineringsföretag","inrikes född",5109,5173,5185,5146,5148,5133,5362,5333,5370,5260,5280,5213
"21 Gävleborgs län","totalt","H transport- och magasineringsföretag","utrikes född",680,743,811,827,868,895,741,800,888,901,940,961
"21 Gävleborgs län","totalt","I hotell och restauranger","totalt",4256,4363,4986,4954,4901,4982,4335,4353,4960,5006,4952,5084
"21 Gävleborgs län","totalt","I hotell och restauranger","inrikes född",2474,2516,2940,2925,2894,2976,2510,2466,2889,2925,2910,2995
"21 Gävleborgs län","totalt","I hotell och restauranger","utrikes född",1782,1848,2047,2029,2007,2005,1826,1886,2071,2080,2043,2088
"21 Gävleborgs län","totalt","J informations- och kommunikationsföretag","totalt",2362,2442,2605,2698,2873,2893,2654,2737,2970,3162,3389,3446
"21 Gävleborgs län","totalt","J informations- och kommunikationsföretag","inrikes född",2216,2282,2417,2486,2623,2637,2466,2542,2735,2869,3030,3031
"21 Gävleborgs län","totalt","J informations- och kommunikationsföretag","utrikes född",149,160,188,211,249,257,188,196,235,293,359,413
"21 Gävleborgs län","totalt","K kreditinstitut och försäkringsbolag m.m.","totalt",896,863,891,914,933,943,987,963,1014,1035,1066,1086
"21 Gävleborgs län","totalt","K kreditinstitut och försäkringsbolag m.m.","inrikes född",852,824,845,858,868,880,933,913,954,965,987,1012
"21 Gävleborgs län","totalt","K kreditinstitut och försäkringsbolag m.m.","utrikes född",45,40,46,56,65,63,54,51,61,69,78,75
"21 Gävleborgs län","totalt","L fastighetsbolag och fastighetsförvaltare","totalt",2275,2281,2317,2348,2377,2311,2326,2332,2386,2424,2405,2348
"21 Gävleborgs län","totalt","L fastighetsbolag och fastighetsförvaltare","inrikes född",2094,2103,2123,2151,2165,2103,2138,2159,2198,2231,2204,2155
"21 Gävleborgs län","totalt","L fastighetsbolag och fastighetsförvaltare","utrikes född",182,177,194,199,212,207,188,173,188,194,200,193
"21 Gävleborgs län","totalt","M+N företag inom juridik, ekonomi, vetenskap och teknik; företag inom uthyrning, fastighetsservice, resetjänster och andra stödtjänster","totalt",11380,11841,12194,12640,12686,12768,11697,12138,12596,13017,13128,13327
"21 Gävleborgs län","totalt","M+N företag inom juridik, ekonomi, vetenskap och teknik; företag inom uthyrning, fastighetsservice, resetjänster och andra stödtjänster","inrikes född",9691,10009,10203,10524,10452,10265,9933,10241,10518,10839,10798,10722
"21 Gävleborgs län","totalt","M+N företag inom juridik, ekonomi, vetenskap och teknik; företag inom uthyrning, fastighetsservice, resetjänster och andra stödtjänster","utrikes född",1687,1831,1991,2117,2232,2504,1763,1896,2080,2177,2331,2605
"21 Gävleborgs län","totalt","O civila myndigheter och försvaret","totalt",9210,9508,9733,9933,9815,9943,9246,9489,9688,9907,9788,9932
"21 Gävleborgs län","totalt","O civila myndigheter och försvaret","inrikes född",8416,8682,8887,9051,8947,9026,8466,8686,8854,9032,8923,9024
"21 Gävleborgs län","totalt","O civila myndigheter och försvaret","utrikes född",795,825,846,882,867,917,781,803,834,874,865,908
"21 Gävleborgs län","totalt","P utbildningsväsendet","totalt",13998,13964,13962,14088,13736,13319,14036,13986,13965,14127,13772,13323
"21 Gävleborgs län","totalt","P utbildningsväsendet","inrikes född",12236,12153,12072,12175,11879,11554,12286,12185,12100,12229,11946,11576
"21 Gävleborgs län","totalt","P utbildningsväsendet","utrikes född",1763,1812,1892,1914,1856,1766,1751,1801,1865,1897,1826,1746
"21 Gävleborgs län","totalt","Q enheter för vård och omsorg, socialtjänst","totalt",26544,26932,26526,26534,26731,26465,26666,27050,26692,26689,26830,26559
"21 Gävleborgs län","totalt","Q enheter för vård och omsorg, socialtjänst","inrikes född",21180,20943,20700,20262,20194,19970,21283,21041,20796,20370,20257,20016
"21 Gävleborgs län","totalt","Q enheter för vård och omsorg, socialtjänst","utrikes född",5363,5990,5828,6271,6536,6494,5381,6010,5894,6319,6574,6542
"21 Gävleborgs län","totalt","R+S+T+U enheter för kultur, nöje och fritid; andra serviceföretag m.m.","totalt",5557,5638,5717,5802,5887,5937,5680,5667,5759,5849,5951,5974
"21 Gävleborgs län","totalt","R+S+T+U enheter för kultur, nöje och fritid; andra serviceföretag m.m.","inrikes född",4901,4946,4977,5029,5087,5085,4997,4962,5008,5065,5141,5125
"21 Gävleborgs län","totalt","R+S+T+U enheter för kultur, nöje och fritid; andra serviceföretag m.m.","utrikes född",656,692,740,772,799,853,683,704,751,783,813,849
"21 Gävleborgs län","totalt","US uppgift saknas","totalt",51,118,140,228,178,179,273,344,346,378,420,427
"21 Gävleborgs län","totalt","US uppgift saknas","inrikes född",42,104,114,179,142,146,231,286,287,312,344,349
"21 Gävleborgs län","totalt","US uppgift saknas","utrikes född",9,15,27,48,36,32,43,59,59,65,75,78
"22 Västernorrlands län","män","A-U+US Total","totalt",60494,60646,61384,61569,61230,61245,60816,60983,61832,61937,61596,61391
"22 Västernorrlands län","män","A-U+US Total","inrikes född",53883,53676,54004,53939,53565,53435,54158,53924,54343,54214,53844,53549
"22 Västernorrlands län","män","A-U+US Total","utrikes född",6612,6970,7378,7629,7665,7811,6657,7061,7488,7723,7752,7842
"22 Västernorrlands län","män","A företag inom jordbruk, skogsbruk och fiske","totalt",3066,3077,3005,2924,2852,2924,2999,3008,2954,2888,2826,2871
"22 Västernorrlands län","män","A företag inom jordbruk, skogsbruk och fiske","inrikes född",2916,2940,2869,2781,2692,2687,2841,2855,2802,2732,2648,2629
"22 Västernorrlands län","män","A företag inom jordbruk, skogsbruk och fiske","utrikes född",151,138,137,142,160,237,157,154,153,155,179,242
"22 Västernorrlands län","män","B+C tillverkningsindustri; gruvor och mineralutvinningsindustri","totalt",10738,10467,10494,10752,10813,10956,10661,10415,10490,10717,10759,10827
"22 Västernorrlands län","män","B+C tillverkningsindustri; gruvor och mineralutvinningsindustri","inrikes född",10110,9806,9766,9967,10013,10125,10031,9759,9776,9943,9967,10008
"22 Västernorrlands län","män","B+C tillverkningsindustri; gruvor och mineralutvinningsindustri","utrikes född",628,661,728,786,801,831,630,655,715,775,792,820
"22 Västernorrlands län","män","D+E företag inom energi och miljö","totalt",1322,1376,1329,1305,1341,1337,1310,1366,1336,1307,1328,1331
"22 Västernorrlands län","män","D+E företag inom energi och miljö","inrikes född",1271,1330,1279,1244,1277,1273,1265,1317,1289,1244,1263,1269
"22 Västernorrlands län","män","D+E företag inom energi och miljö","utrikes född",51,46,49,61,64,64,45,47,48,63,65,62
"22 Västernorrlands län","män","F byggindustri","totalt",7878,8068,8274,8326,8155,8036,7821,7995,8207,8276,8099,7943
"22 Västernorrlands län","män","F byggindustri","inrikes född",7469,7610,7736,7766,7606,7467,7400,7523,7657,7711,7552,7393
"22 Västernorrlands län","män","F byggindustri","utrikes född",409,459,537,561,550,570,422,472,548,564,547,551
"22 Västernorrlands län","män","G handel; serviceverkstäder för motorfordon och motorcyklar","totalt",6394,6418,6408,6332,6232,6270,6607,6633,6619,6515,6402,6384
"22 Västernorrlands län","män","G handel; serviceverkstäder för motorfordon och motorcyklar","inrikes född",5820,5812,5778,5691,5625,5627,6020,6014,5969,5857,5779,5736
"22 Västernorrlands län","män","G handel; serviceverkstäder för motorfordon och motorcyklar","utrikes född",575,607,630,641,609,644,586,620,650,658,623,649
"22 Västernorrlands län","män","H transport- och magasineringsföretag","totalt",4417,4365,4299,4151,4128,4084,4499,4406,4348,4238,4216,4180
"22 Västernorrlands län","män","H transport- och magasineringsföretag","inrikes född",3944,3872,3755,3575,3527,3465,4008,3894,3786,3638,3600,3543
"22 Västernorrlands län","män","H transport- och magasineringsföretag","utrikes född",474,491,544,578,600,619,492,511,562,600,616,637
"22 Västernorrlands län","män","I hotell och restauranger","totalt",1484,1451,1706,1744,1735,1807,1462,1457,1732,1764,1768,1826
"22 Västernorrlands län","män","I hotell och restauranger","inrikes född",706,666,814,845,850,915,691,667,821,856,869,923
"22 Västernorrlands län","män","I hotell och restauranger","utrikes född",778,784,895,900,886,891,771,789,911,909,898,903
"22 Västernorrlands län","män","J informations- och kommunikationsföretag","totalt",2655,2630,2705,2713,2632,2557,2704,2671,2745,2788,2704,2609
"22 Västernorrlands län","män","J informations- och kommunikationsföretag","inrikes född",2471,2446,2506,2501,2434,2354,2510,2473,2533,2563,2491,2395
"22 Västernorrlands län","män","J informations- och kommunikationsföretag","utrikes född",183,185,199,213,198,202,194,200,212,225,214,213
"22 Västernorrlands län","män","K kreditinstitut och försäkringsbolag m.m.","totalt",1299,1318,1368,1416,1436,1443,1338,1347,1407,1461,1481,1506
"22 Västernorrlands län","män","K kreditinstitut och försäkringsbolag m.m.","inrikes född",1218,1232,1261,1303,1322,1333,1257,1262,1304,1352,1369,1396
"22 Västernorrlands län","män","K kreditinstitut och försäkringsbolag m.m.","utrikes född",81,87,107,112,114,110,81,86,104,110,111,110
"22 Västernorrlands län","män","L fastighetsbolag och fastighetsförvaltare","totalt",1200,1168,1194,1234,1239,1263,1131,1098,1109,1120,1139,1131
"22 Västernorrlands län","män","L fastighetsbolag och fastighetsförvaltare","inrikes född",1101,1067,1094,1135,1133,1160,1043,1006,1019,1026,1039,1036
"22 Västernorrlands län","män","L fastighetsbolag och fastighetsförvaltare","utrikes född",99,101,99,100,106,103,87,92,91,93,101,95
"22 Västernorrlands län","män","M+N företag inom juridik, ekonomi, vetenskap och teknik; företag inom uthyrning, fastighetsservice, resetjänster och andra stödtjänster","totalt",6110,6212,6512,6562,6394,6198,6167,6315,6625,6640,6482,6305
"22 Västernorrlands län","män","M+N företag inom juridik, ekonomi, vetenskap och teknik; företag inom uthyrning, fastighetsservice, resetjänster och andra stödtjänster","inrikes född",5463,5508,5750,5760,5628,5465,5512,5595,5846,5822,5700,5553
"22 Västernorrlands län","män","M+N företag inom juridik, ekonomi, vetenskap och teknik; företag inom uthyrning, fastighetsservice, resetjänster och andra stödtjänster","utrikes född",648,703,763,801,766,732,656,720,780,818,782,751
"22 Västernorrlands län","män","O civila myndigheter och försvaret","totalt",3514,3635,3768,3800,3913,4142,3568,3690,3806,3816,3909,4103
"22 Västernorrlands län","män","O civila myndigheter och försvaret","inrikes född",3271,3374,3482,3492,3586,3788,3330,3438,3521,3512,3590,3761
"22 Västernorrlands län","män","O civila myndigheter och försvaret","utrikes född",242,261,286,309,328,353,238,253,286,303,317,343
"22 Västernorrlands län","män","P utbildningsväsendet","totalt",2973,2834,2775,2803,2803,2779,2966,2826,2767,2805,2802,2776
"22 Västernorrlands län","män","P utbildningsväsendet","inrikes född",2501,2405,2373,2393,2396,2359,2499,2398,2369,2398,2391,2352
"22 Västernorrlands län","män","P utbildningsväsendet","utrikes född",472,428,402,409,407,420,467,429,400,407,412,424
"22 Västernorrlands län","män","Q enheter för vård och omsorg, socialtjänst","totalt",5334,5568,5429,5346,5386,5321,5270,5506,5389,5313,5353,5297
"22 Västernorrlands län","män","Q enheter för vård och omsorg, socialtjänst","inrikes född",3767,3808,3689,3610,3595,3561,3715,3757,3648,3578,3573,3558
"22 Västernorrlands län","män","Q enheter för vård och omsorg, socialtjänst","utrikes född",1566,1759,1740,1736,1792,1760,1554,1748,1740,1734,1779,1739
"22 Västernorrlands län","män","R+S+T+U enheter för kultur, nöje och fritid; andra serviceföretag m.m.","totalt",2083,2012,2071,2111,2108,2071,2120,2039,2100,2116,2100,2061
"22 Västernorrlands län","män","R+S+T+U enheter för kultur, nöje och fritid; andra serviceföretag m.m.","inrikes född",1830,1757,1811,1834,1831,1803,1866,1779,1833,1831,1819,1787
"22 Västernorrlands län","män","R+S+T+U enheter för kultur, nöje och fritid; andra serviceföretag m.m.","utrikes född",253,255,260,278,277,268,253,259,266,285,279,273
"22 Västernorrlands län","män","US uppgift saknas","totalt",28,48,47,49,62,60,193,213,198,178,231,239
"22 Västernorrlands län","män","US uppgift saknas","inrikes född",25,44,44,43,52,52,171,189,173,152,196,209
"22 Västernorrlands län","män","US uppgift saknas","utrikes född",2,3,4,6,10,8,23,24,24,26,36,31
"22 Västernorrlands län","kvinnor","A-U+US Total","totalt",54998,55261,56211,56736,56749,56843,54935,55206,56244,56814,56901,56769
"22 Västernorrlands län","kvinnor","A-U+US Total","inrikes född",49041,48903,49457,49649,49425,49278,48982,48882,49534,49738,49589,49251
"22 Västernorrlands län","kvinnor","A-U+US Total","utrikes född",5957,6357,6753,7088,7325,7566,5954,6324,6710,7076,7313,7517
"22 Västernorrlands län","kvinnor","A företag inom jordbruk, skogsbruk och fiske","totalt",970,1031,1008,1028,1030,1058,952,1010,984,1004,1015,1036
"22 Västernorrlands län","kvinnor","A företag inom jordbruk, skogsbruk och fiske","inrikes född",934,997,974,990,983,984,915,975,948,966,971,968
"22 Västernorrlands län","kvinnor","A företag inom jordbruk, skogsbruk och fiske","utrikes född",36,33,35,38,47,75,37,36,35,38,45,69
"22 Västernorrlands län","kvinnor","B+C tillverkningsindustri; gruvor och mineralutvinningsindustri","totalt",2615,2620,2692,2897,3010,3156,2584,2586,2676,2864,2947,3045
"22 Västernorrlands län","kvinnor","B+C tillverkningsindustri; gruvor och mineralutvinningsindustri","inrikes född",2394,2389,2452,2629,2722,2853,2368,2361,2439,2605,2671,2758
"22 Västernorrlands län","kvinnor","B+C tillverkningsindustri; gruvor och mineralutvinningsindustri","utrikes född",222,231,240,269,289,303,217,226,237,259,274,289
"22 Västernorrlands län","kvinnor","D+E företag inom energi och miljö","totalt",388,402,404,476,477,490,384,395,402,474,480,489
"22 Västernorrlands län","kvinnor","D+E företag inom energi och miljö","inrikes född",367,379,384,451,451,464,363,374,383,451,453,464
"22 Västernorrlands län","kvinnor","D+E företag inom energi och miljö","utrikes född",21,23,20,25,28,27,21,22,20,22,26,26
"22 Västernorrlands län","kvinnor","F byggindustri","totalt",740,762,774,783,786,793,731,758,773,793,799,803
"22 Västernorrlands län","kvinnor","F byggindustri","inrikes född",690,718,725,739,750,757,679,712,724,746,760,767
"22 Västernorrlands län","kvinnor","F byggindustri","utrikes född",51,45,49,43,37,36,51,46,49,47,40,36
"22 Västernorrlands län","kvinnor","G handel; serviceverkstäder för motorfordon och motorcyklar","totalt",4974,4968,5108,5020,4905,4886,4970,5008,5145,5061,4956,4924
"22 Västernorrlands län","kvinnor","G handel; serviceverkstäder för motorfordon och motorcyklar","inrikes född",4651,4628,4742,4636,4519,4478,4640,4664,4773,4678,4568,4510
"22 Västernorrlands län","kvinnor","G handel; serviceverkstäder för motorfordon och motorcyklar","utrikes född",322,339,365,384,387,407,331,345,371,383,388,412
"22 Västernorrlands län","kvinnor","H transport- och magasineringsföretag","totalt",988,1038,1050,1012,1047,1042,998,1038,1053,1007,1041,1044
"22 Västernorrlands län","kvinnor","H transport- och magasineringsföretag","inrikes född",942,989,990,948,980,979,953,986,992,942,973,982
"22 Västernorrlands län","kvinnor","H transport- och magasineringsföretag","utrikes född",43,50,59,65,67,63,46,52,61,66,68,63
"22 Västernorrlands län","kvinnor","I hotell och restauranger","totalt",1656,1644,1957,2004,2014,2140,1623,1621,1951,2009,2037,2140
"22 Västernorrlands län","kvinnor","I hotell och restauranger","inrikes född",1200,1164,1368,1403,1411,1482,1179,1159,1366,1397,1415,1471
"22 Västernorrlands län","kvinnor","I hotell och restauranger","utrikes född",457,479,589,600,602,657,444,464,584,613,623,670
"22 Västernorrlands län","kvinnor","J informations- och kommunikationsföretag","totalt",912,894,920,928,926,933,928,908,941,975,966,952
"22 Västernorrlands län","kvinnor","J informations- och kommunikationsföretag","inrikes född",862,842,861,862,859,855,880,861,892,917,903,885
"22 Västernorrlands län","kvinnor","J informations- och kommunikationsföretag","utrikes född",51,52,58,65,68,77,48,47,50,59,63,68
"22 Västernorrlands län","kvinnor","K kreditinstitut och försäkringsbolag m.m.","totalt",1769,1822,1876,1975,2001,2018,1804,1821,1870,1970,2002,2025
"22 Västernorrlands län","kvinnor","K kreditinstitut och försäkringsbolag m.m.","inrikes född",1699,1750,1798,1885,1907,1920,1730,1748,1794,1881,1908,1927
"22 Västernorrlands län","kvinnor","K kreditinstitut och försäkringsbolag m.m.","utrikes född",71,71,78,92,94,98,75,72,76,90,94,97
"22 Västernorrlands län","kvinnor","L fastighetsbolag och fastighetsförvaltare","totalt",816,828,823,838,858,886,761,777,783,782,792,780
"22 Västernorrlands län","kvinnor","L fastighetsbolag och fastighetsförvaltare","inrikes född",740,748,741,749,767,794,694,701,707,703,709,703
"22 Västernorrlands län","kvinnor","L fastighetsbolag och fastighetsförvaltare","utrikes född",76,80,82,87,91,92,68,75,77,79,83,77
"22 Västernorrlands län","kvinnor","M+N företag inom juridik, ekonomi, vetenskap och teknik; företag inom uthyrning, fastighetsservice, resetjänster och andra stödtjänster","totalt",4215,4290,4568,4700,4540,4382,4270,4378,4688,4764,4616,4462
"22 Västernorrlands län","kvinnor","M+N företag inom juridik, ekonomi, vetenskap och teknik; företag inom uthyrning, fastighetsservice, resetjänster och andra stödtjänster","inrikes född",3736,3770,3984,4076,3907,3741,3796,3865,4107,4137,3984,3822
"22 Västernorrlands län","kvinnor","M+N företag inom juridik, ekonomi, vetenskap och teknik; företag inom uthyrning, fastighetsservice, resetjänster och andra stödtjänster","utrikes född",478,520,584,623,633,640,473,514,581,628,632,639
"22 Västernorrlands län","kvinnor","O civila myndigheter och försvaret","totalt",5457,5691,5949,6033,5943,6165,5423,5653,5906,6026,5967,6154
"22 Västernorrlands län","kvinnor","O civila myndigheter och försvaret","inrikes född",5133,5348,5566,5625,5545,5751,5102,5306,5529,5627,5574,5744
"22 Västernorrlands län","kvinnor","O civila myndigheter och försvaret","utrikes född",324,344,382,408,399,413,323,347,376,400,394,411
"22 Västernorrlands län","kvinnor","P utbildningsväsendet","totalt",9366,9085,9108,9253,9255,9139,9379,9100,9127,9268,9281,9146
"22 Västernorrlands län","kvinnor","P utbildningsväsendet","inrikes född",8398,8148,8117,8181,8132,8005,8410,8169,8140,8194,8160,8018
"22 Västernorrlands län","kvinnor","P utbildningsväsendet","utrikes född",967,937,991,1073,1124,1135,969,933,986,1074,1120,1126
"22 Västernorrlands län","kvinnor","Q enheter för vård och omsorg, socialtjänst","totalt",17107,17202,16836,16649,16762,16575,17057,17128,16771,16622,16727,16522
"22 Västernorrlands län","kvinnor","Q enheter för vård och omsorg, socialtjänst","inrikes född",14546,14357,13929,13649,13633,13360,14497,14305,13882,13629,13616,13330
"22 Västernorrlands län","kvinnor","Q enheter för vård och omsorg, socialtjänst","utrikes född",2560,2846,2907,3001,3129,3216,2560,2824,2889,2994,3111,3192
"22 Västernorrlands län","kvinnor","R+S+T+U enheter för kultur, nöje och fritid; andra serviceföretag m.m.","totalt",3006,2941,3095,3100,3132,3121,3014,2944,3106,3121,3180,3161
"22 Västernorrlands län","kvinnor","R+S+T+U enheter för kultur, nöje och fritid; andra serviceföretag m.m.","inrikes född",2725,2637,2787,2790,2812,2804,2733,2637,2799,2808,2851,2832
"22 Västernorrlands län","kvinnor","R+S+T+U enheter för kultur, nöje och fritid; andra serviceföretag m.m.","utrikes född",281,305,309,308,320,317,281,306,307,313,330,330
"22 Västernorrlands län","kvinnor","US uppgift saknas","totalt",22,46,44,43,62,61,53,80,72,73,94,87
"22 Västernorrlands län","kvinnor","US uppgift saknas","inrikes född",22,42,40,37,50,54,41,64,59,60,72,72
"22 Västernorrlands län","kvinnor","US uppgift saknas","utrikes född",1,4,4,4,11,8,12,17,13,14,22,15
"22 Västernorrlands län","totalt","A-U+US Total","totalt",115492,115907,117595,118305,117979,118089,115750,116189,118075,118751,118498,118160
"22 Västernorrlands län","totalt","A-U+US Total","inrikes född",102924,102579,103462,103587,102989,102710,103140,102805,103876,103951,103434,102801
"22 Västernorrlands län","totalt","A-U+US Total","utrikes född",12569,13327,14133,14718,14989,15378,12610,13383,14199,14799,15065,15360
"22 Västernorrlands län","totalt","A företag inom jordbruk, skogsbruk och fiske","totalt",4035,4108,4013,3952,3882,3982,3950,4018,3937,3892,3841,3907
"22 Västernorrlands län","totalt","A företag inom jordbruk, skogsbruk och fiske","inrikes född",3850,3938,3841,3771,3676,3670,3757,3829,3749,3698,3617,3596
"22 Västernorrlands län","totalt","A företag inom jordbruk, skogsbruk och fiske","utrikes född",186,171,173,181,206,312,194,190,188,195,223,311
"22 Västernorrlands län","totalt","B+C tillverkningsindustri; gruvor och mineralutvinningsindustri","totalt",13354,13087,13187,13649,13824,14112,13244,13002,13167,13579,13705,13873
"22 Västernorrlands län","totalt","B+C tillverkningsindustri; gruvor och mineralutvinningsindustri","inrikes född",12505,12193,12218,12595,12736,12978,12398,12121,12215,12547,12638,12766
"22 Västernorrlands län","totalt","B+C tillverkningsindustri; gruvor och mineralutvinningsindustri","utrikes född",849,893,968,1055,1088,1134,846,881,952,1033,1068,1108
"22 Västernorrlands län","totalt","D+E företag inom energi och miljö","totalt",1710,1778,1733,1780,1819,1826,1693,1760,1738,1781,1808,1821
"22 Västernorrlands län","totalt","D+E företag inom energi och miljö","inrikes född",1639,1709,1665,1695,1726,1736,1629,1692,1671,1696,1717,1732
"22 Västernorrlands län","totalt","D+E företag inom energi och miljö","utrikes född",71,70,69,85,92,90,65,69,67,86,92,89
"22 Västernorrlands län","totalt","F byggindustri","totalt",8619,8830,9047,9109,8942,8828,8551,8752,8979,9068,8899,8746
"22 Västernorrlands län","totalt","F byggindustri","inrikes född",8159,8328,8461,8504,8356,8224,8079,8235,8381,8457,8312,8160
"22 Västernorrlands län","totalt","F byggindustri","utrikes född",460,501,586,605,587,604,472,518,598,611,585,586
"22 Västernorrlands län","totalt","G handel; serviceverkstäder för motorfordon och motorcyklar","totalt",11368,11385,11516,11352,11138,11155,11577,11641,11764,11575,11358,11309
"22 Västernorrlands län","totalt","G handel; serviceverkstäder för motorfordon och motorcyklar","inrikes född",10472,10439,10520,10327,10144,10105,10660,10677,10743,10535,10347,10247
"22 Västernorrlands län","totalt","G handel; serviceverkstäder för motorfordon och motorcyklar","utrikes född",896,947,995,1025,994,1051,917,965,1021,1039,1010,1062
"22 Västernorrlands län","totalt","H transport- och magasineringsföretag","totalt",5405,5402,5349,5164,5174,5126,5498,5444,5401,5246,5257,5224
"22 Västernorrlands län","totalt","H transport- och magasineringsföretag","inrikes född",4888,4861,4744,4523,4507,4443,4961,4880,4777,4580,4573,4526
"22 Västernorrlands län","totalt","H transport- och magasineringsföretag","utrikes född",517,541,604,642,667,682,537,563,624,666,684,698
"22 Västernorrlands län","totalt","I hotell och restauranger","totalt",3142,3095,3664,3748,3750,3944,3085,3078,3682,3774,3806,3966
"22 Västernorrlands län","totalt","I hotell och restauranger","inrikes född",1907,1831,2180,2247,2261,2397,1870,1825,2188,2252,2284,2394
"22 Västernorrlands län","totalt","I hotell och restauranger","utrikes född",1235,1264,1483,1500,1489,1549,1216,1253,1496,1522,1522,1573
"22 Västernorrlands län","totalt","J informations- och kommunikationsföretag","totalt",3566,3524,3625,3641,3557,3490,3632,3580,3686,3761,3669,3561
"22 Västernorrlands län","totalt","J informations- och kommunikationsföretag","inrikes född",3333,3286,3366,3362,3293,3210,3391,3334,3425,3479,3393,3280
"22 Västernorrlands län","totalt","J informations- och kommunikationsföretag","utrikes född",232,237,258,279,265,279,242,245,261,282,278,282
"22 Västernorrlands län","totalt","K kreditinstitut och försäkringsbolag m.m.","totalt",3068,3140,3244,3391,3439,3461,3142,3168,3277,3431,3483,3531
"22 Västernorrlands län","totalt","K kreditinstitut och försäkringsbolag m.m.","inrikes född",2916,2982,3059,3188,3227,3252,2986,3009,3097,3231,3279,3324
"22 Västernorrlands län","totalt","K kreditinstitut och försäkringsbolag m.m.","utrikes född",151,159,185,203,210,209,156,159,179,199,204,207
"22 Västernorrlands län","totalt","L fastighetsbolag och fastighetsförvaltare","totalt",2016,1997,2016,2071,2096,2150,1891,1875,1892,1902,1931,1910
"22 Västernorrlands län","totalt","L fastighetsbolag och fastighetsförvaltare","inrikes född",1842,1815,1836,1884,1899,1955,1736,1708,1725,1730,1748,1739
"22 Västernorrlands län","totalt","L fastighetsbolag och fastighetsförvaltare","utrikes född",175,182,181,187,196,196,155,167,167,173,183,171
"22 Västernorrlands län","totalt","M+N företag inom juridik, ekonomi, vetenskap och teknik; företag inom uthyrning, fastighetsservice, resetjänster och andra stödtjänster","totalt",10324,10502,11080,11261,10934,10579,10438,10694,11312,11405,11098,10766
"22 Västernorrlands län","totalt","M+N företag inom juridik, ekonomi, vetenskap och teknik; företag inom uthyrning, fastighetsservice, resetjänster och andra stödtjänster","inrikes född",9199,9279,9734,9835,9535,9207,9308,9460,9952,9959,9684,9376
"22 Västernorrlands län","totalt","M+N företag inom juridik, ekonomi, vetenskap och teknik; företag inom uthyrning, fastighetsservice, resetjänster och andra stödtjänster","utrikes född",1125,1222,1347,1425,1399,1373,1129,1235,1361,1446,1414,1390
"22 Västernorrlands län","totalt","O civila myndigheter och försvaret","totalt",8970,9326,9717,9832,9856,10308,8992,9342,9712,9842,9875,10258
"22 Västernorrlands län","totalt","O civila myndigheter och försvaret","inrikes född",8403,8720,9048,9116,9130,9540,8431,8745,9050,9141,9164,9505
"22 Västernorrlands län","totalt","O civila myndigheter och försvaret","utrikes född",567,605,669,717,726,767,561,599,662,702,711,753
"22 Västernorrlands län","totalt","P utbildningsväsendet","totalt",12338,11918,11883,12057,12057,11918,12344,11927,11892,12073,12083,11922
"22 Västernorrlands län","totalt","P utbildningsväsendet","inrikes född",10900,10554,10489,10575,10527,10364,10908,10565,10508,10591,10552,10371
"22 Västernorrlands län","totalt","P utbildningsväsendet","utrikes född",1439,1365,1393,1481,1531,1554,1436,1362,1384,1482,1532,1551
"22 Västernorrlands län","totalt","Q enheter för vård och omsorg, socialtjänst","totalt",22440,22770,22265,21995,22149,21897,22327,22634,22160,21936,22080,21820
"22 Västernorrlands län","totalt","Q enheter för vård och omsorg, socialtjänst","inrikes född",18312,18166,17618,17258,17228,16920,18212,18062,17531,17207,17188,16889
"22 Västernorrlands län","totalt","Q enheter för vård och omsorg, socialtjänst","utrikes född",4128,4605,4647,4737,4921,4975,4115,4572,4629,4728,4891,4931
"22 Västernorrlands län","totalt","R+S+T+U enheter för kultur, nöje och fritid; andra serviceföretag m.m.","totalt",5089,4955,5166,5211,5238,5192,5135,4981,5206,5236,5281,5221
"22 Västernorrlands län","totalt","R+S+T+U enheter för kultur, nöje och fritid; andra serviceföretag m.m.","inrikes född",4555,4394,4598,4624,4643,4607,4601,4416,4632,4639,4671,4618
"22 Västernorrlands län","totalt","R+S+T+U enheter för kultur, nöje och fritid; andra serviceföretag m.m.","utrikes född",534,560,568,586,598,586,534,566,574,598,609,603
"22 Västernorrlands län","totalt","US uppgift saknas","totalt",48,92,93,92,124,121,246,293,269,251,324,327
"22 Västernorrlands län","totalt","US uppgift saknas","inrikes född",47,86,83,81,102,106,212,252,231,212,267,282
"22 Västernorrlands län","totalt","US uppgift saknas","utrikes född",2,7,8,12,21,16,35,41,37,40,58,46
"23 Jämtlands län","män","A-U+US Total","totalt",33258,33796,34548,34490,34123,34005,34084,34665,35449,35479,35305,35292
"23 Jämtlands län","män","A-U+US Total","inrikes född",29765,30087,30551,30445,30081,29867,30605,30934,31407,31392,31215,31089
"23 Jämtlands län","män","A-U+US Total","utrikes född",3493,3710,3998,4045,4043,4138,3479,3729,4041,4087,4089,4204
"23 Jämtlands län","män","A företag inom jordbruk, skogsbruk och fiske","totalt",2671,2671,2605,2580,2549,2554,2685,2686,2616,2595,2553,2569
"23 Jämtlands län","män","A företag inom jordbruk, skogsbruk och fiske","inrikes född",2505,2501,2445,2436,2380,2370,2545,2548,2480,2472,2418,2407
"23 Jämtlands län","män","A företag inom jordbruk, skogsbruk och fiske","utrikes född",166,170,160,144,170,185,142,139,134,122,135,162
"23 Jämtlands län","män","B+C tillverkningsindustri; gruvor och mineralutvinningsindustri","totalt",3628,3627,3731,3566,3437,3448,3671,3686,3811,3655,3525,3558
"23 Jämtlands län","män","B+C tillverkningsindustri; gruvor och mineralutvinningsindustri","inrikes född",3239,3213,3255,3083,2967,2960,3284,3272,3336,3176,3061,3069
"23 Jämtlands län","män","B+C tillverkningsindustri; gruvor och mineralutvinningsindustri","utrikes född",389,413,477,483,470,488,389,414,475,479,465,489
"23 Jämtlands län","män","D+E företag inom energi och miljö","totalt",729,750,779,810,856,863,744,756,784,813,859,868
"23 Jämtlands län","män","D+E företag inom energi och miljö","inrikes född",708,725,751,778,827,832,719,732,754,782,830,837
"23 Jämtlands län","män","D+E företag inom energi och miljö","utrikes född",22,24,29,31,29,31,25,26,29,31,28,32
"23 Jämtlands län","män","F byggindustri","totalt",4609,4742,4892,4866,4752,4730,4745,4915,5087,5046,4903,4893
"23 Jämtlands län","män","F byggindustri","inrikes född",4413,4525,4636,4607,4513,4482,4565,4701,4829,4781,4658,4637
"23 Jämtlands län","män","F byggindustri","utrikes född",196,217,256,260,238,248,179,214,259,265,246,257
"23 Jämtlands län","män","G handel; serviceverkstäder för motorfordon och motorcyklar","totalt",3576,3604,3672,3644,3648,3576,3629,3674,3712,3725,3733,3696
"23 Jämtlands län","män","G handel; serviceverkstäder för motorfordon och motorcyklar","inrikes född",3272,3282,3327,3309,3301,3230,3326,3350,3372,3383,3379,3341
"23 Jämtlands län","män","G handel; serviceverkstäder för motorfordon och motorcyklar","utrikes född",304,321,346,334,348,347,303,324,340,344,354,357
"23 Jämtlands län","män","H transport- och magasineringsföretag","totalt",2222,2212,2223,2191,2167,2098,2335,2318,2334,2308,2278,2220
"23 Jämtlands län","män","H transport- och magasineringsföretag","inrikes född",2066,2038,2034,1990,1945,1861,2173,2136,2132,2096,2046,1978
"23 Jämtlands län","män","H transport- och magasineringsföretag","utrikes född",155,174,189,202,221,237,163,183,202,210,233,242
"23 Jämtlands län","män","I hotell och restauranger","totalt",1458,1463,1509,1529,1519,1584,1330,1330,1396,1442,1424,1460
"23 Jämtlands län","män","I hotell och restauranger","inrikes född",935,942,930,970,969,1020,827,823,832,883,879,914
"23 Jämtlands län","män","I hotell och restauranger","utrikes född",523,522,580,560,550,563,504,506,564,559,545,546
"23 Jämtlands län","män","J informations- och kommunikationsföretag","totalt",997,1011,1032,1085,1026,992,1112,1134,1194,1229,1219,1187
"23 Jämtlands län","män","J informations- och kommunikationsföretag","inrikes född",939,950,964,1000,950,921,1045,1065,1114,1145,1136,1106
"23 Jämtlands län","män","J informations- och kommunikationsföretag","utrikes född",57,59,68,84,76,70,68,69,79,84,84,81
"23 Jämtlands län","män","K kreditinstitut och försäkringsbolag m.m.","totalt",349,342,339,341,338,334,369,367,390,402,404,392
"23 Jämtlands län","män","K kreditinstitut och försäkringsbolag m.m.","inrikes född",333,329,323,322,318,317,353,352,371,379,380,371
"23 Jämtlands län","män","K kreditinstitut och försäkringsbolag m.m.","utrikes född",15,12,15,19,20,18,17,15,19,23,25,20
"23 Jämtlands län","män","L fastighetsbolag och fastighetsförvaltare","totalt",595,590,585,586,617,646,600,593,585,596,607,642
"23 Jämtlands län","män","L fastighetsbolag och fastighetsförvaltare","inrikes född",552,544,549,556,583,614,556,547,549,564,573,601
"23 Jämtlands län","män","L fastighetsbolag och fastighetsförvaltare","utrikes född",44,46,36,31,34,33,45,44,36,32,35,39
"23 Jämtlands län","män","M+N företag inom juridik, ekonomi, vetenskap och teknik; företag inom uthyrning, fastighetsservice, resetjänster och andra stödtjänster","totalt",3814,4015,4047,4141,4161,4126,3872,4087,4155,4250,4317,4297
"23 Jämtlands län","män","M+N företag inom juridik, ekonomi, vetenskap och teknik; företag inom uthyrning, fastighetsservice, resetjänster och andra stödtjänster","inrikes född",3434,3561,3578,3648,3650,3595,3500,3627,3665,3747,3800,3756
"23 Jämtlands län","män","M+N företag inom juridik, ekonomi, vetenskap och teknik; företag inom uthyrning, fastighetsservice, resetjänster och andra stödtjänster","utrikes född",379,453,470,493,511,529,374,460,489,503,516,541
"23 Jämtlands län","män","O civila myndigheter och försvaret","totalt",2183,2239,2369,2416,2453,2518,2292,2355,2484,2561,2628,2732
"23 Jämtlands län","män","O civila myndigheter och försvaret","inrikes född",2014,2074,2180,2226,2274,2335,2123,2188,2293,2371,2445,2546
"23 Jämtlands län","män","O civila myndigheter och försvaret","utrikes född",168,165,188,191,181,183,169,167,191,190,183,186
"23 Jämtlands län","män","P utbildningsväsendet","totalt",1880,1869,1834,1834,1807,1782,1882,1867,1845,1828,1811,1783
"23 Jämtlands län","män","P utbildningsväsendet","inrikes född",1620,1615,1590,1585,1556,1539,1625,1618,1603,1582,1567,1543
"23 Jämtlands län","män","P utbildningsväsendet","utrikes född",261,254,245,249,251,242,257,248,241,246,244,241
"23 Jämtlands län","män","Q enheter för vård och omsorg, socialtjänst","totalt",3147,3207,3222,3238,3213,3177,3143,3207,3220,3233,3194,3141
"23 Jämtlands län","män","Q enheter för vård och omsorg, socialtjänst","inrikes född",2484,2478,2458,2438,2430,2378,2475,2480,2455,2432,2412,2347
"23 Jämtlands län","män","Q enheter för vård och omsorg, socialtjänst","utrikes född",663,729,764,800,782,799,666,727,766,802,782,794
"23 Jämtlands län","män","R+S+T+U enheter för kultur, nöje och fritid; andra serviceföretag m.m.","totalt",1382,1417,1671,1589,1531,1534,1347,1370,1554,1525,1521,1517
"23 Jämtlands län","män","R+S+T+U enheter för kultur, nöje och fritid; andra serviceföretag m.m.","inrikes född",1235,1272,1495,1428,1372,1368,1206,1232,1388,1367,1358,1354
"23 Jämtlands län","män","R+S+T+U enheter för kultur, nöje och fritid; andra serviceföretag m.m.","utrikes född",147,146,177,161,160,166,141,137,167,158,165,164
"23 Jämtlands län","män","US uppgift saknas","totalt",20,38,37,71,47,47,324,318,286,271,329,337
"23 Jämtlands län","män","US uppgift saknas","inrikes född",17,35,36,68,44,44,283,263,236,231,277,284
"23 Jämtlands län","män","US uppgift saknas","utrikes född",2,3,1,4,4,2,41,56,51,40,52,52
"23 Jämtlands län","kvinnor","A-U+US Total","totalt",30727,31370,32307,32677,32652,32725,30831,31440,32391,32825,32920,32969
"23 Jämtlands län","kvinnor","A-U+US Total","inrikes född",27719,28191,28885,29039,28953,28875,27800,28246,28923,29151,29189,29086
"23 Jämtlands län","kvinnor","A-U+US Total","utrikes född",3008,3179,3423,3639,3700,3850,3031,3195,3469,3676,3731,3884
"23 Jämtlands län","kvinnor","A företag inom jordbruk, skogsbruk och fiske","totalt",630,681,667,668,677,704,638,700,685,671,680,718
"23 Jämtlands län","kvinnor","A företag inom jordbruk, skogsbruk och fiske","inrikes född",609,654,638,637,644,662,618,675,659,642,649,673
"23 Jämtlands län","kvinnor","A företag inom jordbruk, skogsbruk och fiske","utrikes född",20,26,29,31,33,41,19,24,27,29,31,45
"23 Jämtlands län","kvinnor","B+C tillverkningsindustri; gruvor och mineralutvinningsindustri","totalt",994,1032,1117,1117,1105,1128,1013,1053,1129,1127,1107,1134
"23 Jämtlands län","kvinnor","B+C tillverkningsindustri; gruvor och mineralutvinningsindustri","inrikes född",884,911,984,972,954,958,903,934,994,980,957,966
"23 Jämtlands län","kvinnor","B+C tillverkningsindustri; gruvor och mineralutvinningsindustri","utrikes född",110,121,133,145,151,170,110,118,136,147,150,167
"23 Jämtlands län","kvinnor","D+E företag inom energi och miljö","totalt",168,178,182,218,240,251,170,182,186,213,235,245
"23 Jämtlands län","kvinnor","D+E företag inom energi och miljö","inrikes född",162,172,178,210,232,241,165,177,182,208,227,234
"23 Jämtlands län","kvinnor","D+E företag inom energi och miljö","utrikes född",5,5,4,5,8,10,4,6,4,7,8,9
"23 Jämtlands län","kvinnor","F byggindustri","totalt",330,350,373,391,407,421,331,355,379,402,412,424
"23 Jämtlands län","kvinnor","F byggindustri","inrikes född",311,332,355,369,387,398,313,336,359,377,390,401
"23 Jämtlands län","kvinnor","F byggindustri","utrikes född",19,17,19,22,21,23,18,19,21,24,22,24
"23 Jämtlands län","kvinnor","G handel; serviceverkstäder för motorfordon och motorcyklar","totalt",2723,2722,2864,2880,2843,2818,2733,2726,2868,2908,2875,2831
"23 Jämtlands län","kvinnor","G handel; serviceverkstäder för motorfordon och motorcyklar","inrikes född",2537,2532,2654,2665,2632,2591,2547,2537,2656,2694,2664,2605
"23 Jämtlands län","kvinnor","G handel; serviceverkstäder för motorfordon och motorcyklar","utrikes född",185,191,211,216,211,228,186,190,211,213,210,226
"23 Jämtlands län","kvinnor","H transport- och magasineringsföretag","totalt",473,459,464,459,466,452,498,486,490,493,503,496
"23 Jämtlands län","kvinnor","H transport- och magasineringsföretag","inrikes född",457,441,447,440,445,429,480,466,469,475,482,475
"23 Jämtlands län","kvinnor","H transport- och magasineringsföretag","utrikes född",16,18,18,18,22,24,17,19,20,18,21,22
"23 Jämtlands län","kvinnor","I hotell och restauranger","totalt",1487,1499,1673,1725,1727,1780,1353,1343,1553,1599,1604,1631
"23 Jämtlands län","kvinnor","I hotell och restauranger","inrikes född",1210,1229,1343,1380,1367,1377,1082,1080,1230,1258,1255,1250
"23 Jämtlands län","kvinnor","I hotell och restauranger","utrikes född",277,269,330,344,361,404,271,264,323,341,349,381
"23 Jämtlands län","kvinnor","J informations- och kommunikationsföretag","totalt",307,321,341,364,343,352,345,376,417,445,441,446
"23 Jämtlands län","kvinnor","J informations- och kommunikationsföretag","inrikes född",289,300,315,332,315,317,320,344,380,403,399,398
"23 Jämtlands län","kvinnor","J informations- och kommunikationsföretag","utrikes född",17,22,26,32,29,35,24,32,38,41,42,49
"23 Jämtlands län","kvinnor","K kreditinstitut och försäkringsbolag m.m.","totalt",447,449,444,445,459,416,454,459,484,484,500,463
"23 Jämtlands län","kvinnor","K kreditinstitut och försäkringsbolag m.m.","inrikes född",420,420,419,418,432,396,427,431,457,459,475,445
"23 Jämtlands län","kvinnor","K kreditinstitut och försäkringsbolag m.m.","utrikes född",27,29,26,25,26,21,26,29,27,25,25,18
"23 Jämtlands län","kvinnor","L fastighetsbolag och fastighetsförvaltare","totalt",337,348,377,378,396,430,336,351,369,366,382,406
"23 Jämtlands län","kvinnor","L fastighetsbolag och fastighetsförvaltare","inrikes född",315,328,352,356,371,396,314,331,346,345,351,371
"23 Jämtlands län","kvinnor","L fastighetsbolag och fastighetsförvaltare","utrikes född",21,20,24,21,25,35,21,20,25,23,30,36
"23 Jämtlands län","kvinnor","M+N företag inom juridik, ekonomi, vetenskap och teknik; företag inom uthyrning, fastighetsservice, resetjänster och andra stödtjänster","totalt",3030,3328,3297,3277,3266,3251,3082,3361,3342,3349,3370,3369
"23 Jämtlands län","kvinnor","M+N företag inom juridik, ekonomi, vetenskap och teknik; företag inom uthyrning, fastighetsservice, resetjänster och andra stödtjänster","inrikes född",2658,2891,2880,2839,2805,2776,2704,2919,2916,2912,2912,2886
"23 Jämtlands län","kvinnor","M+N företag inom juridik, ekonomi, vetenskap och teknik; företag inom uthyrning, fastighetsservice, resetjänster och andra stödtjänster","utrikes född",372,437,417,436,460,475,379,441,426,436,458,484
"23 Jämtlands län","kvinnor","O civila myndigheter och försvaret","totalt",3574,3645,4090,4337,4368,4461,3573,3630,4080,4349,4387,4484
"23 Jämtlands län","kvinnor","O civila myndigheter och försvaret","inrikes född",3294,3402,3790,4020,4060,4151,3295,3395,3784,4034,4084,4181
"23 Jämtlands län","kvinnor","O civila myndigheter och försvaret","utrikes född",279,241,302,318,306,310,278,236,296,315,303,304
"23 Jämtlands län","kvinnor","P utbildningsväsendet","totalt",5059,5085,5092,5149,5119,5002,5046,5060,5083,5130,5110,5006
"23 Jämtlands län","kvinnor","P utbildningsväsendet","inrikes född",4610,4594,4561,4595,4581,4475,4601,4578,4559,4581,4575,4477
"23 Jämtlands län","kvinnor","P utbildningsväsendet","utrikes född",450,491,533,554,538,527,445,483,524,547,535,530
"23 Jämtlands län","kvinnor","Q enheter för vård och omsorg, socialtjänst","totalt",9596,9626,9456,9439,9464,9464,9636,9671,9518,9475,9481,9462
"23 Jämtlands län","kvinnor","Q enheter för vård och omsorg, socialtjänst","inrikes född",8494,8454,8241,8125,8107,8054,8532,8494,8288,8145,8117,8045
"23 Jämtlands län","kvinnor","Q enheter för vård och omsorg, socialtjänst","utrikes född",1102,1173,1216,1314,1357,1410,1105,1177,1230,1330,1365,1417
"23 Jämtlands län","kvinnor","R+S+T+U enheter för kultur, nöje och fritid; andra serviceföretag m.m.","totalt",1561,1620,1838,1796,1733,1755,1529,1574,1708,1708,1707,1713
"23 Jämtlands län","kvinnor","R+S+T+U enheter för kultur, nöje och fritid; andra serviceföretag m.m.","inrikes född",1457,1507,1703,1645,1586,1619,1422,1463,1574,1559,1564,1579
"23 Jämtlands län","kvinnor","R+S+T+U enheter för kultur, nöje och fritid; andra serviceföretag m.m.","utrikes född",104,114,136,150,147,136,107,111,133,149,144,135
"23 Jämtlands län","kvinnor","US uppgift saknas","totalt",13,28,31,37,38,42,96,112,103,106,128,142
"23 Jämtlands län","kvinnor","US uppgift saknas","inrikes född",12,27,27,34,34,38,77,85,71,75,91,105
"23 Jämtlands län","kvinnor","US uppgift saknas","utrikes född",1,2,2,2,5,3,19,27,32,31,36,36
"23 Jämtlands län","totalt","A-U+US Total","totalt",63985,65167,66856,67166,66774,66730,64915,66104,67840,68304,68225,68262
"23 Jämtlands län","totalt","A-U+US Total","inrikes född",57485,58277,59436,59483,59033,58743,58405,59180,60331,60541,60406,60174
"23 Jämtlands län","totalt","A-U+US Total","utrikes född",6501,6890,7421,7683,7742,7988,6510,6924,7510,7763,7819,8087
"23 Jämtlands län","totalt","A företag inom jordbruk, skogsbruk och fiske","totalt",3301,3353,3271,3249,3227,3258,3324,3386,3300,3265,3232,3287
"23 Jämtlands län","totalt","A företag inom jordbruk, skogsbruk och fiske","inrikes född",3114,3155,3083,3073,3025,3031,3162,3223,3139,3114,3068,3079
"23 Jämtlands län","totalt","A företag inom jordbruk, skogsbruk och fiske","utrikes född",186,196,189,174,201,226,161,164,160,150,164,208
"23 Jämtlands län","totalt","B+C tillverkningsindustri; gruvor och mineralutvinningsindustri","totalt",4621,4661,4847,4682,4543,4576,4685,4739,4940,4782,4633,4691
"23 Jämtlands län","totalt","B+C tillverkningsindustri; gruvor och mineralutvinningsindustri","inrikes född",4123,4124,4239,4054,3923,3919,4186,4206,4330,4157,4017,4036
"23 Jämtlands län","totalt","B+C tillverkningsindustri; gruvor och mineralutvinningsindustri","utrikes född",497,535,609,627,621,657,498,533,611,626,616,656
"23 Jämtlands län","totalt","D+E företag inom energi och miljö","totalt",897,928,962,1027,1096,1115,914,939,969,1026,1093,1114
"23 Jämtlands län","totalt","D+E företag inom energi och miljö","inrikes född",870,898,929,989,1059,1073,884,909,936,991,1058,1071
"23 Jämtlands län","totalt","D+E företag inom energi och miljö","utrikes född",27,30,34,39,37,42,30,30,34,37,36,42
"23 Jämtlands län","totalt","F byggindustri","totalt",4939,5092,5266,5258,5160,5150,5076,5269,5466,5447,5315,5317
"23 Jämtlands län","totalt","F byggindustri","inrikes född",4723,4857,4991,4977,4900,4880,4877,5036,5188,5158,5047,5037
"23 Jämtlands län","totalt","F byggindustri","utrikes född",216,235,275,282,260,270,198,233,278,290,268,279
"23 Jämtlands län","totalt","G handel; serviceverkstäder för motorfordon och motorcyklar","totalt",6298,6326,6537,6524,6491,6394,6362,6401,6580,6633,6607,6528
"23 Jämtlands län","totalt","G handel; serviceverkstäder för motorfordon och motorcyklar","inrikes född",5810,5814,5980,5974,5932,5821,5873,5886,6028,6076,6043,5946
"23 Jämtlands län","totalt","G handel; serviceverkstäder för motorfordon och motorcyklar","utrikes född",489,511,556,551,558,574,489,514,552,557,566,583
"23 Jämtlands län","totalt","H transport- och magasineringsföretag","totalt",2694,2671,2687,2651,2633,2549,2833,2804,2823,2801,2781,2717
"23 Jämtlands län","totalt","H transport- och magasineringsföretag","inrikes född",2522,2479,2481,2430,2390,2290,2653,2602,2601,2572,2528,2453
"23 Jämtlands län","totalt","H transport- och magasineringsföretag","utrikes född",171,193,206,220,244,260,181,202,221,229,254,265
"23 Jämtlands län","totalt","I hotell och restauranger","totalt",2945,2962,3182,3253,3246,3365,2683,2673,2949,3041,3028,3092
"23 Jämtlands län","totalt","I hotell och restauranger","inrikes född",2145,2170,2274,2349,2336,2399,1910,1903,2062,2142,2134,2164
"23 Jämtlands län","totalt","I hotell och restauranger","utrikes född",799,791,909,905,910,967,773,770,887,900,894,928
"23 Jämtlands län","totalt","J informations- och kommunikationsföretag","totalt",1304,1331,1374,1449,1369,1343,1456,1511,1611,1675,1660,1633
"23 Jämtlands län","totalt","J informations- och kommunikationsföretag","inrikes född",1230,1250,1280,1333,1264,1238,1364,1409,1493,1549,1534,1503
"23 Jämtlands län","totalt","J informations- och kommunikationsföretag","utrikes född",75,81,93,116,104,105,92,100,117,126,126,129
"23 Jämtlands län","totalt","K kreditinstitut och försäkringsbolag m.m.","totalt",795,791,783,787,797,750,822,827,874,886,903,854
"23 Jämtlands län","totalt","K kreditinstitut och försäkringsbolag m.m.","inrikes född",753,749,742,740,751,713,780,785,828,837,855,816
"23 Jämtlands län","totalt","K kreditinstitut och försäkringsbolag m.m.","utrikes född",43,42,41,46,46,38,42,43,46,48,50,41
"23 Jämtlands län","totalt","L fastighetsbolag och fastighetsförvaltare","totalt",931,938,961,963,1013,1077,937,943,955,963,987,1048
"23 Jämtlands län","totalt","L fastighetsbolag och fastighetsförvaltare","inrikes född",867,872,900,912,955,1009,871,879,894,907,923,972
"23 Jämtlands län","totalt","L fastighetsbolag och fastighetsförvaltare","utrikes född",65,66,62,52,59,68,66,64,62,56,64,76
"23 Jämtlands län","totalt","M+N företag inom juridik, ekonomi, vetenskap och teknik; företag inom uthyrning, fastighetsservice, resetjänster och andra stödtjänster","totalt",6844,7342,7344,7417,7428,7376,6956,7448,7496,7598,7686,7666
"23 Jämtlands län","totalt","M+N företag inom juridik, ekonomi, vetenskap och teknik; företag inom uthyrning, fastighetsservice, resetjänster och andra stödtjänster","inrikes född",6092,6453,6457,6488,6455,6371,6203,6547,6581,6659,6712,6641
"23 Jämtlands län","totalt","M+N företag inom juridik, ekonomi, vetenskap och teknik; företag inom uthyrning, fastighetsservice, resetjänster och andra stödtjänster","utrikes född",753,890,887,929,971,1004,753,901,915,938,976,1025
"23 Jämtlands län","totalt","O civila myndigheter och försvaret","totalt",5757,5883,6458,6754,6821,6979,5866,5986,6564,6910,7015,7216
"23 Jämtlands län","totalt","O civila myndigheter och försvaret","inrikes född",5309,5478,5970,6246,6333,6486,5419,5583,6078,6405,6529,6726
"23 Jämtlands län","totalt","O civila myndigheter och försvaret","utrikes född",449,405,489,509,487,492,447,403,486,506,485,489
"23 Jämtlands län","totalt","P utbildningsväsendet","totalt",6940,6954,6926,6982,6926,6784,6928,6927,6927,6956,6920,6790
"23 Jämtlands län","totalt","P utbildningsväsendet","inrikes född",6229,6209,6149,6181,6137,6014,6226,6196,6162,6164,6142,6019
"23 Jämtlands län","totalt","P utbildningsväsendet","utrikes född",712,745,776,802,788,769,702,731,766,792,778,771
"23 Jämtlands län","totalt","Q enheter för vård och omsorg, socialtjänst","totalt",12743,12834,12679,12678,12676,12641,12778,12879,12738,12708,12676,12602
"23 Jämtlands län","totalt","Q enheter för vård och omsorg, socialtjänst","inrikes född",10979,10932,10699,10564,10537,10432,11008,10974,10743,10577,10528,10392
"23 Jämtlands län","totalt","Q enheter för vård och omsorg, socialtjänst","utrikes född",1765,1902,1980,2114,2139,2208,1772,1904,1996,2131,2148,2210
"23 Jämtlands län","totalt","R+S+T+U enheter för kultur, nöje och fritid; andra serviceföretag m.m.","totalt",2944,3037,3510,3385,3264,3288,2876,2943,3261,3233,3228,3231
"23 Jämtlands län","totalt","R+S+T+U enheter för kultur, nöje och fritid; andra serviceföretag m.m.","inrikes född",2692,2777,3198,3076,2958,2988,2628,2696,2963,2926,2921,2931
"23 Jämtlands län","totalt","R+S+T+U enheter för kultur, nöje och fritid; andra serviceföretag m.m.","utrikes född",252,259,311,310,306,301,248,248,300,307,308,299
"23 Jämtlands län","totalt","US uppgift saknas","totalt",33,68,68,108,85,88,421,431,389,378,457,477
"23 Jämtlands län","totalt","US uppgift saknas","inrikes född",30,61,63,102,76,83,360,348,307,307,369,389
"23 Jämtlands län","totalt","US uppgift saknas","utrikes född",3,5,5,7,9,5,60,83,82,71,89,87
"24 Västerbottens län","män","A-U+US Total","totalt",70368,71386,73408,74996,76283,74076,71527,72376,74411,75729,77110,75422
"24 Västerbottens län","män","A-U+US Total","inrikes född",62465,62870,63874,64472,64322,63394,63547,63822,64864,65255,65188,64546
"24 Västerbottens län","män","A-U+US Total","utrikes född",7903,8516,9534,10524,11964,10682,7981,8553,9546,10475,11922,10873
"24 Västerbottens län","män","A företag inom jordbruk, skogsbruk och fiske","totalt",3711,3758,3623,3579,3565,3570,3771,3807,3668,3618,3588,3603
"24 Västerbottens län","män","A företag inom jordbruk, skogsbruk och fiske","inrikes född",3613,3650,3515,3475,3447,3425,3666,3694,3555,3508,3466,3453
"24 Västerbottens län","män","A företag inom jordbruk, skogsbruk och fiske","utrikes född",98,109,108,103,118,144,105,113,114,112,122,151
"24 Västerbottens län","män","B+C tillverkningsindustri; gruvor och mineralutvinningsindustri","totalt",12109,12325,12954,13713,14941,13044,12243,12461,13009,13597,14757,13095
"24 Västerbottens län","män","B+C tillverkningsindustri; gruvor och mineralutvinningsindustri","inrikes född",11303,11405,11709,11933,12075,11382,11427,11536,11793,11929,12052,11455
"24 Västerbottens län","män","B+C tillverkningsindustri; gruvor och mineralutvinningsindustri","utrikes född",805,920,1245,1779,2865,1662,816,925,1216,1669,2704,1638
"24 Västerbottens län","män","D+E företag inom energi och miljö","totalt",1339,1428,1452,1452,1685,1595,1362,1432,1458,1475,1703,1621
"24 Västerbottens län","män","D+E företag inom energi och miljö","inrikes född",1290,1376,1393,1387,1610,1517,1309,1374,1393,1401,1622,1535
"24 Västerbottens län","män","D+E företag inom energi och miljö","utrikes född",50,52,59,66,75,78,53,57,66,73,82,86
"24 Västerbottens län","män","F byggindustri","totalt",9627,9854,10055,10318,10082,10119,9629,9853,10073,10273,10084,10133
"24 Västerbottens län","män","F byggindustri","inrikes född",9182,9318,9467,9687,9490,9556,9197,9335,9502,9655,9499,9581
"24 Västerbottens län","män","F byggindustri","utrikes född",446,536,587,630,592,563,432,519,571,618,586,553
"24 Västerbottens län","män","G handel; serviceverkstäder för motorfordon och motorcyklar","totalt",6844,6820,6944,7083,7020,6998,7036,7003,7163,7289,7260,7301
"24 Västerbottens län","män","G handel; serviceverkstäder för motorfordon och motorcyklar","inrikes född",6272,6218,6279,6421,6368,6329,6457,6388,6486,6606,6580,6599
"24 Västerbottens län","män","G handel; serviceverkstäder för motorfordon och motorcyklar","utrikes född",572,602,665,661,652,669,579,614,677,683,679,701
"24 Västerbottens län","män","H transport- och magasineringsföretag","totalt",4852,4884,4950,4718,4756,4780,4932,4928,4962,4705,4725,4756
"24 Västerbottens län","män","H transport- och magasineringsföretag","inrikes född",4289,4250,4235,3966,3933,3890,4364,4290,4243,3955,3911,3865
"24 Västerbottens län","män","H transport- och magasineringsföretag","utrikes född",564,635,714,752,823,889,568,639,720,751,814,891
"24 Västerbottens län","män","I hotell och restauranger","totalt",1750,1679,2062,2144,2098,2151,1772,1681,2060,2147,2180,2278
"24 Västerbottens län","män","I hotell och restauranger","inrikes född",933,878,1131,1177,1170,1174,949,885,1131,1169,1201,1225
"24 Västerbottens län","män","I hotell och restauranger","utrikes född",818,801,931,968,929,977,822,795,929,977,979,1053
"24 Västerbottens län","män","J informations- och kommunikationsföretag","totalt",2896,2934,3063,3192,3119,3097,3056,3094,3273,3372,3293,3277
"24 Västerbottens län","män","J informations- och kommunikationsföretag","inrikes född",2747,2770,2883,2988,2910,2899,2880,2920,3085,3156,3060,3057
"24 Västerbottens län","män","J informations- och kommunikationsföretag","utrikes född",149,165,180,203,208,197,175,173,187,218,233,220
"24 Västerbottens län","män","K kreditinstitut och försäkringsbolag m.m.","totalt",729,757,752,797,903,916,772,781,824,876,962,988
"24 Västerbottens län","män","K kreditinstitut och försäkringsbolag m.m.","inrikes född",699,718,708,746,844,860,739,745,779,825,906,935
"24 Västerbottens län","män","K kreditinstitut och försäkringsbolag m.m.","utrikes född",32,40,43,51,59,55,33,37,45,51,55,54
"24 Västerbottens län","män","L fastighetsbolag och fastighetsförvaltare","totalt",1364,1370,1255,1258,1322,1349,1384,1395,1297,1325,1371,1400
"24 Västerbottens län","män","L fastighetsbolag och fastighetsförvaltare","inrikes född",1279,1289,1198,1197,1239,1247,1297,1311,1230,1255,1279,1292
"24 Västerbottens län","män","L fastighetsbolag och fastighetsförvaltare","utrikes född",86,82,58,61,82,100,85,85,66,70,91,108
"24 Västerbottens län","män","M+N företag inom juridik, ekonomi, vetenskap och teknik; företag inom uthyrning, fastighetsservice, resetjänster och andra stödtjänster","totalt",7047,7401,7880,8228,8207,7712,7155,7427,7887,8255,8279,7800
"24 Västerbottens län","män","M+N företag inom juridik, ekonomi, vetenskap och teknik; företag inom uthyrning, fastighetsservice, resetjänster och andra stödtjänster","inrikes född",6274,6500,6782,6879,6596,6450,6366,6527,6794,6905,6665,6522
"24 Västerbottens län","män","M+N företag inom juridik, ekonomi, vetenskap och teknik; företag inom uthyrning, fastighetsservice, resetjänster och andra stödtjänster","utrikes född",771,901,1097,1348,1611,1263,790,901,1093,1350,1614,1277
"24 Västerbottens län","män","O civila myndigheter och försvaret","totalt",2807,2890,3002,3105,3187,3267,2965,3025,3144,3242,3330,3447
"24 Västerbottens län","män","O civila myndigheter och försvaret","inrikes född",2632,2705,2794,2897,2966,3026,2784,2836,2933,3028,3102,3201
"24 Västerbottens län","män","O civila myndigheter och försvaret","utrikes född",176,185,208,208,222,239,181,189,211,214,228,247
"24 Västerbottens län","män","P utbildningsväsendet","totalt",5152,5027,5107,5279,5254,5137,5120,4983,5062,5223,5207,5114
"24 Västerbottens län","män","P utbildningsväsendet","inrikes född",4259,4137,4152,4283,4251,4143,4241,4110,4126,4248,4225,4134
"24 Västerbottens län","män","P utbildningsväsendet","utrikes född",893,890,953,995,1004,996,880,874,935,974,983,980
"24 Västerbottens län","män","Q enheter för vård och omsorg, socialtjänst","totalt",7798,7962,7958,7771,7787,7706,7845,8029,8010,7835,7855,7806
"24 Västerbottens län","män","Q enheter för vård och omsorg, socialtjänst","inrikes född",5632,5629,5576,5380,5387,5338,5672,5693,5619,5442,5449,5410
"24 Västerbottens län","män","Q enheter för vård och omsorg, socialtjänst","utrikes född",2168,2334,2382,2392,2400,2367,2173,2336,2393,2391,2404,2395
"24 Västerbottens län","män","R+S+T+U enheter för kultur, nöje och fritid; andra serviceföretag m.m.","totalt",2300,2231,2288,2294,2295,2339,2287,2248,2313,2311,2299,2354
"24 Västerbottens län","män","R+S+T+U enheter för kultur, nöje och fritid; andra serviceföretag m.m.","inrikes född",2032,1969,1991,1993,1979,2003,2027,1987,2020,2020,1988,2019
"24 Västerbottens län","män","R+S+T+U enheter för kultur, nöje och fritid; andra serviceföretag m.m.","utrikes född",269,262,297,300,315,336,261,262,292,292,311,335
"24 Västerbottens län","män","US uppgift saknas","totalt",41,68,63,67,65,298,202,226,207,187,217,449
"24 Västerbottens län","män","US uppgift saknas","inrikes född",35,61,59,61,59,152,172,192,177,152,181,265
"24 Västerbottens län","män","US uppgift saknas","utrikes född",7,8,4,6,6,146,29,35,31,35,37,183
"24 Västerbottens län","kvinnor","A-U+US Total","totalt",63815,64270,66416,67757,68723,68033,64431,64983,67118,68568,69431,68957
"24 Västerbottens län","kvinnor","A-U+US Total","inrikes född",56625,56657,58074,58685,58746,58157,57209,57315,58718,59431,59408,58979
"24 Västerbottens län","kvinnor","A-U+US Total","utrikes född",7192,7613,8341,9072,9977,9877,7224,7667,8401,9137,10024,9977
"24 Västerbottens län","kvinnor","A företag inom jordbruk, skogsbruk och fiske","totalt",1250,1312,1259,1199,1212,1211,1256,1321,1271,1213,1230,1228
"24 Västerbottens län","kvinnor","A företag inom jordbruk, skogsbruk och fiske","inrikes född",1203,1261,1208,1152,1162,1157,1207,1268,1216,1164,1173,1168
"24 Västerbottens län","kvinnor","A företag inom jordbruk, skogsbruk och fiske","utrikes född",47,51,51,46,50,54,50,54,54,50,56,59
"24 Västerbottens län","kvinnor","B+C tillverkningsindustri; gruvor och mineralutvinningsindustri","totalt",3051,3387,3869,4200,4705,4102,3109,3462,3917,4223,4696,4161
"24 Västerbottens län","kvinnor","B+C tillverkningsindustri; gruvor och mineralutvinningsindustri","inrikes född",2803,3101,3463,3604,3651,3469,2855,3168,3513,3644,3677,3533
"24 Västerbottens län","kvinnor","B+C tillverkningsindustri; gruvor och mineralutvinningsindustri","utrikes född",248,287,405,596,1054,633,255,294,403,579,1019,628
"24 Västerbottens län","kvinnor","D+E företag inom energi och miljö","totalt",630,667,696,754,852,884,637,674,700,752,852,888
"24 Västerbottens län","kvinnor","D+E företag inom energi och miljö","inrikes född",599,634,665,724,813,845,605,640,666,721,814,846
"24 Västerbottens län","kvinnor","D+E företag inom energi och miljö","utrikes född",32,33,33,31,39,39,33,34,35,31,38,41
"24 Västerbottens län","kvinnor","F byggindustri","totalt",927,998,1108,1237,1262,1319,924,1002,1104,1235,1261,1319
"24 Västerbottens län","kvinnor","F byggindustri","inrikes född",881,948,1048,1175,1193,1239,879,950,1042,1172,1193,1241
"24 Västerbottens län","kvinnor","F byggindustri","utrikes född",47,50,61,63,68,80,45,51,62,63,67,78
"24 Västerbottens län","kvinnor","G handel; serviceverkstäder för motorfordon och motorcyklar","totalt",5734,5725,6025,6187,6126,6191,5878,5870,6161,6315,6264,6367
"24 Västerbottens län","kvinnor","G handel; serviceverkstäder för motorfordon och motorcyklar","inrikes född",5352,5328,5575,5701,5630,5674,5490,5467,5715,5822,5765,5843
"24 Västerbottens län","kvinnor","G handel; serviceverkstäder för motorfordon och motorcyklar","utrikes född",382,396,449,487,495,517,389,401,447,493,499,522
"24 Västerbottens län","kvinnor","H transport- och magasineringsföretag","totalt",1078,1119,1178,1196,1249,1250,1116,1145,1201,1210,1271,1260
"24 Västerbottens län","kvinnor","H transport- och magasineringsföretag","inrikes född",1023,1053,1107,1117,1156,1155,1055,1078,1126,1131,1179,1165
"24 Västerbottens län","kvinnor","H transport- och magasineringsföretag","utrikes född",56,66,71,79,93,96,60,67,74,79,92,95
"24 Västerbottens län","kvinnor","I hotell och restauranger","totalt",1970,1856,2461,2522,2495,2495,2029,1920,2519,2591,2618,2648
"24 Västerbottens län","kvinnor","I hotell och restauranger","inrikes född",1480,1375,1814,1845,1818,1775,1541,1426,1852,1898,1904,1874
"24 Västerbottens län","kvinnor","I hotell och restauranger","utrikes född",490,481,648,677,678,720,490,495,667,693,714,774
"24 Västerbottens län","kvinnor","J informations- och kommunikationsföretag","totalt",916,952,1019,1096,1074,1078,977,1006,1105,1193,1153,1144
"24 Västerbottens län","kvinnor","J informations- och kommunikationsföretag","inrikes född",854,882,934,1003,977,979,907,933,1013,1090,1045,1035
"24 Västerbottens län","kvinnor","J informations- och kommunikationsföretag","utrikes född",62,70,86,93,98,99,70,75,92,102,108,110
"24 Västerbottens län","kvinnor","K kreditinstitut och försäkringsbolag m.m.","totalt",660,670,682,733,842,857,707,720,763,832,893,919
"24 Västerbottens län","kvinnor","K kreditinstitut och försäkringsbolag m.m.","inrikes född",620,629,638,682,783,804,664,676,715,778,834,862
"24 Västerbottens län","kvinnor","K kreditinstitut och försäkringsbolag m.m.","utrikes född",40,40,45,50,59,54,43,46,49,54,59,57
"24 Västerbottens län","kvinnor","L fastighetsbolag och fastighetsförvaltare","totalt",841,865,706,690,835,928,851,870,722,708,859,951
"24 Västerbottens län","kvinnor","L fastighetsbolag och fastighetsförvaltare","inrikes född",737,753,656,643,727,786,747,756,670,657,747,803
"24 Västerbottens län","kvinnor","L fastighetsbolag och fastighetsförvaltare","utrikes född",103,112,50,47,107,143,106,114,52,51,112,148
"24 Västerbottens län","kvinnor","M+N företag inom juridik, ekonomi, vetenskap och teknik; företag inom uthyrning, fastighetsservice, resetjänster och andra stödtjänster","totalt",4899,4993,5396,5591,5481,5273,4921,5027,5403,5672,5553,5317
"24 Västerbottens län","kvinnor","M+N företag inom juridik, ekonomi, vetenskap och teknik; företag inom uthyrning, fastighetsservice, resetjänster och andra stödtjänster","inrikes född",4203,4238,4554,4610,4431,4307,4218,4263,4569,4680,4494,4354
"24 Västerbottens län","kvinnor","M+N företag inom juridik, ekonomi, vetenskap och teknik; företag inom uthyrning, fastighetsservice, resetjänster och andra stödtjänster","utrikes född",696,756,842,980,1050,965,702,764,835,992,1059,963
"24 Västerbottens län","kvinnor","O civila myndigheter och försvaret","totalt",4480,4632,4939,5237,5352,5415,4569,4722,5049,5314,5418,5494
"24 Västerbottens län","kvinnor","O civila myndigheter och försvaret","inrikes född",4229,4348,4603,4889,5027,5079,4312,4439,4707,4958,5088,5153
"24 Västerbottens län","kvinnor","O civila myndigheter och försvaret","utrikes född",252,283,335,347,325,337,257,282,341,356,331,343
"24 Västerbottens län","kvinnor","P utbildningsväsendet","totalt",11899,11704,12050,12569,12623,12397,11824,11650,11984,12502,12501,12304
"24 Västerbottens län","kvinnor","P utbildningsväsendet","inrikes född",10572,10350,10561,10901,10882,10626,10520,10317,10514,10845,10783,10554
"24 Västerbottens län","kvinnor","P utbildningsväsendet","utrikes född",1326,1354,1489,1669,1741,1770,1304,1332,1472,1655,1717,1749
"24 Västerbottens län","kvinnor","Q enheter för vård och omsorg, socialtjänst","totalt",22080,22032,21635,21114,21209,21066,22135,22132,21718,21236,21322,21249
"24 Västerbottens län","kvinnor","Q enheter för vård och omsorg, socialtjänst","inrikes född",18944,18688,18137,17507,17407,17092,19005,18788,18204,17619,17511,17257
"24 Västerbottens län","kvinnor","Q enheter för vård och omsorg, socialtjänst","utrikes född",3136,3344,3499,3607,3802,3973,3130,3343,3514,3617,3811,3992
"24 Västerbottens län","kvinnor","R+S+T+U enheter för kultur, nöje och fritid; andra serviceföretag m.m.","totalt",3374,3305,3340,3368,3346,3424,3424,3354,3412,3470,3423,3502
"24 Västerbottens län","kvinnor","R+S+T+U enheter för kultur, nöje och fritid; andra serviceföretag m.m.","inrikes född",3101,3018,3062,3073,3032,3073,3146,3055,3123,3168,3107,3148
"24 Västerbottens län","kvinnor","R+S+T+U enheter för kultur, nöje och fritid; andra serviceföretag m.m.","utrikes född",273,287,277,296,315,351,278,298,290,302,317,355
"24 Västerbottens län","kvinnor","US uppgift saknas","totalt",26,57,51,65,62,143,75,104,90,104,118,210
"24 Västerbottens län","kvinnor","US uppgift saknas","inrikes född",24,52,48,59,56,98,59,87,74,85,94,144
"24 Västerbottens län","kvinnor","US uppgift saknas","utrikes född",2,5,4,6,5,44,16,17,17,20,25,66
"24 Västerbottens län","totalt","A-U+US Total","totalt",134183,135658,139822,142753,145007,142109,135959,137357,141530,144298,146540,144377
"24 Västerbottens län","totalt","A-U+US Total","inrikes född",119090,119528,121947,123158,123067,121551,120756,121136,123583,124685,124595,123525
"24 Västerbottens län","totalt","A-U+US Total","utrikes född",15094,16129,17875,19596,21939,20559,15203,16221,17946,19612,21945,20853
"24 Västerbottens län","totalt","A företag inom jordbruk, skogsbruk och fiske","totalt",4961,5069,4883,4777,4777,4780,5027,5130,4940,4832,4817,4831
"24 Västerbottens län","totalt","A företag inom jordbruk, skogsbruk och fiske","inrikes född",4817,4910,4723,4628,4609,4582,4873,4962,4771,4672,4639,4622
"24 Västerbottens län","totalt","A företag inom jordbruk, skogsbruk och fiske","utrikes född",145,159,159,149,168,199,153,167,168,161,179,209
"24 Västerbottens län","totalt","B+C tillverkningsindustri; gruvor och mineralutvinningsindustri","totalt",15161,15713,16824,17913,19644,17147,15353,15924,16927,17820,19451,17255
"24 Västerbottens län","totalt","B+C tillverkningsindustri; gruvor och mineralutvinningsindustri","inrikes född",14107,14506,15173,15537,15727,14851,14282,14704,15306,15572,15730,14989
"24 Västerbottens län","totalt","B+C tillverkningsindustri; gruvor och mineralutvinningsindustri","utrikes född",1053,1208,1650,2376,3918,2296,1071,1220,1621,2247,3722,2268
"24 Västerbottens län","totalt","D+E företag inom energi och miljö","totalt",1970,2094,2149,2207,2535,2478,1998,2107,2158,2227,2556,2508
"24 Västerbottens län","totalt","D+E företag inom energi och miljö","inrikes född",1888,2009,2059,2110,2423,2361,1913,2015,2060,2123,2436,2381
"24 Västerbottens län","totalt","D+E företag inom energi och miljö","utrikes född",82,85,90,97,113,118,86,91,99,105,120,128
"24 Västerbottens län","totalt","F byggindustri","totalt",10554,10852,11161,11554,11343,11438,10553,10856,11176,11507,11345,11451
"24 Västerbottens län","totalt","F byggindustri","inrikes född",10061,10267,10515,10861,10682,10794,10077,10286,10544,10827,10690,10820
"24 Västerbottens län","totalt","F byggindustri","utrikes född",493,585,647,692,661,643,477,569,633,680,654,631
"24 Västerbottens län","totalt","G handel; serviceverkstäder för motorfordon och motorcyklar","totalt",12578,12544,12969,13270,13145,13189,12913,12872,13324,13604,13523,13667
"24 Västerbottens län","totalt","G handel; serviceverkstäder för motorfordon och motorcyklar","inrikes född",11625,11547,11854,12123,11999,12002,11945,11856,12201,12429,12345,12444
"24 Västerbottens län","totalt","G handel; serviceverkstäder för motorfordon och motorcyklar","utrikes född",954,996,1114,1148,1147,1187,966,1016,1123,1176,1177,1225
"24 Västerbottens län","totalt","H transport- och magasineringsföretag","totalt",5931,6002,6127,5913,6004,6031,6048,6073,6162,5917,5996,6016
"24 Västerbottens län","totalt","H transport- och magasineringsföretag","inrikes född",5310,5303,5343,5084,5089,5045,5419,5367,5370,5086,5091,5030
"24 Västerbottens län","totalt","H transport- och magasineringsföretag","utrikes född",621,700,786,830,915,986,629,706,793,831,905,986
"24 Västerbottens län","totalt","I hotell och restauranger","totalt",3719,3535,4523,4665,4593,4645,3801,3600,4579,4736,4799,4926
"24 Västerbottens län","totalt","I hotell och restauranger","inrikes född",2412,2253,2945,3022,2987,2949,2491,2311,2983,3068,3106,3099
"24 Västerbottens län","totalt","I hotell och restauranger","utrikes född",1307,1282,1579,1644,1606,1697,1312,1290,1597,1670,1693,1828
"24 Västerbottens län","totalt","J informations- och kommunikationsföretag","totalt",3811,3887,4082,4289,4194,4175,4033,4101,4377,4564,4446,4421
"24 Västerbottens län","totalt","J informations- och kommunikationsföretag","inrikes född",3601,3653,3815,3993,3887,3879,3788,3852,4098,4246,4106,4092
"24 Västerbottens län","totalt","J informations- och kommunikationsföretag","utrikes född",211,234,267,297,306,297,244,248,279,318,341,329
"24 Västerbottens län","totalt","K kreditinstitut och försäkringsbolag m.m.","totalt",1391,1427,1436,1530,1746,1772,1479,1501,1587,1707,1855,1906
"24 Västerbottens län","totalt","K kreditinstitut och försäkringsbolag m.m.","inrikes född",1319,1347,1347,1429,1628,1665,1404,1420,1493,1602,1739,1795
"24 Västerbottens län","totalt","K kreditinstitut och försäkringsbolag m.m.","utrikes född",71,81,88,101,118,108,75,81,94,105,115,111
"24 Västerbottens län","totalt","L fastighetsbolag och fastighetsförvaltare","totalt",2205,2236,1960,1947,2156,2276,2234,2266,2017,2033,2230,2352
"24 Västerbottens län","totalt","L fastighetsbolag och fastighetsförvaltare","inrikes född",2015,2042,1854,1840,1967,2034,2044,2068,1899,1911,2027,2095
"24 Västerbottens län","totalt","L fastighetsbolag och fastighetsförvaltare","utrikes född",189,194,106,108,190,242,191,199,117,121,204,256
"24 Västerbottens län","totalt","M+N företag inom juridik, ekonomi, vetenskap och teknik; företag inom uthyrning, fastighetsservice, resetjänster och andra stödtjänster","totalt",11945,12394,13275,13819,13688,12985,12075,12455,13292,13928,13831,13117
"24 Västerbottens län","totalt","M+N företag inom juridik, ekonomi, vetenskap och teknik; företag inom uthyrning, fastighetsservice, resetjänster och andra stödtjänster","inrikes född",10478,10738,11336,11489,11026,10757,10583,10790,11363,11585,11160,10876
"24 Västerbottens län","totalt","M+N företag inom juridik, ekonomi, vetenskap och teknik; företag inom uthyrning, fastighetsservice, resetjänster och andra stödtjänster","utrikes född",1467,1655,1939,2329,2661,2228,1492,1664,1928,2342,2672,2241
"24 Västerbottens län","totalt","O civila myndigheter och försvaret","totalt",7289,7520,7941,8342,8538,8682,7534,7746,8191,8555,8748,8942
"24 Västerbottens län","totalt","O civila myndigheter och försvaret","inrikes född",6860,7052,7397,7787,7991,8104,7096,7275,7640,7986,8190,8353
"24 Västerbottens län","totalt","O civila myndigheter och försvaret","utrikes född",427,468,543,556,548,576,438,471,551,569,558,589
"24 Västerbottens län","totalt","P utbildningsväsendet","totalt",17050,16730,17157,17848,17878,17534,16944,16634,17047,17725,17708,17417
"24 Västerbottens län","totalt","P utbildningsväsendet","inrikes född",14831,14487,14713,15185,15133,14768,14761,14427,14640,15095,15009,14688
"24 Västerbottens län","totalt","P utbildningsväsendet","utrikes född",2220,2244,2442,2664,2745,2766,2183,2205,2407,2630,2700,2729
"24 Västerbottens län","totalt","Q enheter för vård och omsorg, socialtjänst","totalt",29879,29994,29594,28884,28996,28774,29980,30161,29729,29070,29176,29055
"24 Västerbottens län","totalt","Q enheter för vård och omsorg, socialtjänst","inrikes född",24575,24315,23712,22886,22794,22432,24678,24481,23822,23061,22960,22668
"24 Västerbottens län","totalt","Q enheter för vård och omsorg, socialtjänst","utrikes född",5302,5678,5881,5998,6203,6340,5303,5680,5907,6009,6216,6386
"24 Västerbottens län","totalt","R+S+T+U enheter för kultur, nöje och fritid; andra serviceföretag m.m.","totalt",5675,5536,5628,5663,5641,5763,5712,5603,5725,5780,5721,5857
"24 Västerbottens län","totalt","R+S+T+U enheter för kultur, nöje och fritid; andra serviceföretag m.m.","inrikes född",5132,4986,5053,5066,5010,5076,5173,5042,5143,5187,5096,5167
"24 Västerbottens län","totalt","R+S+T+U enheter för kultur, nöje och fritid; andra serviceföretag m.m.","utrikes född",542,550,574,595,631,687,538,560,581,593,627,690
"24 Västerbottens län","totalt","US uppgift saknas","totalt",66,125,114,132,126,441,276,331,298,292,336,658
"24 Västerbottens län","totalt","US uppgift saknas","inrikes född",58,114,106,120,116,250,230,280,250,236,275,410
"24 Västerbottens län","totalt","US uppgift saknas","utrikes född",9,11,8,11,10,190,44,53,47,55,61,248
"25 Norrbottens län","män","A-U+US Total","totalt",64735,65365,66514,66690,67054,67688,65523,65989,67155,67376,67551,67815
"25 Norrbottens län","män","A-U+US Total","inrikes född",57686,57904,58415,58285,58376,58286,58477,58563,59083,58980,58898,58507
"25 Norrbottens län","män","A-U+US Total","utrikes född",7049,7460,8100,8404,8678,9403,7046,7424,8073,8397,8654,9309
"25 Norrbottens län","män","A företag inom jordbruk, skogsbruk och fiske","totalt",3131,3195,3075,2992,2934,2969,3107,3183,3065,2973,2916,2955
"25 Norrbottens län","män","A företag inom jordbruk, skogsbruk och fiske","inrikes född",3028,3094,2980,2898,2831,2849,3006,3085,2973,2881,2817,2833
"25 Norrbottens län","män","A företag inom jordbruk, skogsbruk och fiske","utrikes född",105,101,95,94,103,121,100,98,92,92,98,122
"25 Norrbottens län","män","B+C tillverkningsindustri; gruvor och mineralutvinningsindustri","totalt",12275,12468,12611,12632,12676,12780,12239,12418,12547,12695,12698,12691
"25 Norrbottens län","män","B+C tillverkningsindustri; gruvor och mineralutvinningsindustri","inrikes född",11476,11593,11640,11581,11597,11598,11464,11563,11599,11650,11645,11544
"25 Norrbottens län","män","B+C tillverkningsindustri; gruvor och mineralutvinningsindustri","utrikes född",800,875,972,1051,1079,1184,776,855,948,1046,1054,1147
"25 Norrbottens län","män","D+E företag inom energi och miljö","totalt",1365,1384,1420,1324,1375,1405,1368,1400,1439,1350,1398,1421
"25 Norrbottens län","män","D+E företag inom energi och miljö","inrikes född",1318,1338,1373,1276,1322,1346,1320,1347,1387,1295,1338,1358
"25 Norrbottens län","män","D+E företag inom energi och miljö","utrikes född",46,47,47,48,53,60,49,52,53,54,58,63
"25 Norrbottens län","män","F byggindustri","totalt",10031,10224,10391,10691,10812,10975,10077,10257,10440,10769,10808,10928
"25 Norrbottens län","män","F byggindustri","inrikes född",9347,9457,9490,9747,9820,9855,9379,9480,9528,9804,9805,9813
"25 Norrbottens län","män","F byggindustri","utrikes född",684,768,902,946,995,1120,699,777,912,965,1003,1115
"25 Norrbottens län","män","G handel; serviceverkstäder för motorfordon och motorcyklar","totalt",5893,5892,5956,6017,6088,6190,5983,5987,6054,6087,6141,6181
"25 Norrbottens län","män","G handel; serviceverkstäder för motorfordon och motorcyklar","inrikes född",5303,5286,5314,5343,5412,5429,5397,5382,5412,5418,5467,5440
"25 Norrbottens län","män","G handel; serviceverkstäder för motorfordon och motorcyklar","utrikes född",591,605,641,672,678,759,586,606,642,669,675,742
"25 Norrbottens län","män","H transport- och magasineringsföretag","totalt",4971,4785,4749,4449,4409,4237,4914,4756,4749,4480,4449,4294
"25 Norrbottens län","män","H transport- och magasineringsföretag","inrikes född",4520,4292,4207,3882,3827,3617,4468,4274,4218,3915,3867,3672
"25 Norrbottens län","män","H transport- och magasineringsföretag","utrikes född",452,493,542,567,582,618,446,483,531,565,582,623
"25 Norrbottens län","män","I hotell och restauranger","totalt",1754,1654,1943,2029,2069,2204,1696,1602,1866,1932,1958,2040
"25 Norrbottens län","män","I hotell och restauranger","inrikes född",974,900,1066,1104,1128,1183,935,866,1013,1039,1061,1093
"25 Norrbottens län","män","I hotell och restauranger","utrikes född",781,754,878,923,940,1020,762,736,853,893,897,946
"25 Norrbottens län","män","J informations- och kommunikationsföretag","totalt",1747,1811,1905,1974,1895,1854,1929,1978,2069,2124,2046,2000
"25 Norrbottens län","män","J informations- och kommunikationsföretag","inrikes född",1638,1691,1766,1825,1740,1689,1792,1838,1907,1957,1871,1821
"25 Norrbottens län","män","J informations- och kommunikationsföretag","utrikes född",109,121,139,149,155,164,137,140,162,167,175,179
"25 Norrbottens län","män","K kreditinstitut och försäkringsbolag m.m.","totalt",598,614,663,707,723,732,628,649,680,695,689,687
"25 Norrbottens län","män","K kreditinstitut och försäkringsbolag m.m.","inrikes född",573,589,631,674,690,703,603,623,645,662,658,659
"25 Norrbottens län","män","K kreditinstitut och försäkringsbolag m.m.","utrikes född",25,25,33,33,32,29,25,26,34,32,33,29
"25 Norrbottens län","män","L fastighetsbolag och fastighetsförvaltare","totalt",1253,1245,1226,1211,1191,1202,1269,1261,1251,1237,1212,1207
"25 Norrbottens län","män","L fastighetsbolag och fastighetsförvaltare","inrikes född",1170,1171,1147,1127,1102,1102,1191,1192,1174,1159,1127,1116
"25 Norrbottens län","män","L fastighetsbolag och fastighetsförvaltare","utrikes född",83,75,80,84,90,99,78,69,78,77,85,91
"25 Norrbottens län","män","M+N företag inom juridik, ekonomi, vetenskap och teknik; företag inom uthyrning, fastighetsservice, resetjänster och andra stödtjänster","totalt",7263,7348,7823,7834,7859,8034,7273,7418,7904,7935,7949,8097
"25 Norrbottens län","män","M+N företag inom juridik, ekonomi, vetenskap och teknik; företag inom uthyrning, fastighetsservice, resetjänster och andra stödtjänster","inrikes född",6373,6384,6726,6736,6744,6734,6388,6450,6800,6819,6804,6746
"25 Norrbottens län","män","M+N företag inom juridik, ekonomi, vetenskap och teknik; företag inom uthyrning, fastighetsservice, resetjänster och andra stödtjänster","utrikes född",891,965,1097,1097,1115,1300,887,969,1104,1115,1146,1351
"25 Norrbottens län","män","O civila myndigheter och försvaret","totalt",4473,4761,4700,4784,4892,5023,4952,5068,5015,5068,5153,5263
"25 Norrbottens län","män","O civila myndigheter och försvaret","inrikes född",4258,4508,4458,4541,4636,4764,4732,4818,4772,4825,4896,5000
"25 Norrbottens län","män","O civila myndigheter och försvaret","utrikes född",215,253,242,243,255,260,219,250,243,244,256,263
"25 Norrbottens län","män","P utbildningsväsendet","totalt",2883,2893,2919,2947,2949,2896,2843,2839,2868,2904,2887,2811
"25 Norrbottens län","män","P utbildningsväsendet","inrikes född",2397,2401,2426,2438,2406,2349,2368,2358,2386,2410,2363,2289
"25 Norrbottens län","män","P utbildningsväsendet","utrikes född",486,492,494,509,544,547,475,481,481,495,525,522
"25 Norrbottens län","män","Q enheter för vård och omsorg, socialtjänst","totalt",5179,5178,5153,5109,5240,5222,5103,5070,5047,4989,5122,5094
"25 Norrbottens län","män","Q enheter för vård och omsorg, socialtjänst","inrikes född",3662,3563,3494,3395,3439,3390,3625,3516,3446,3344,3380,3330
"25 Norrbottens län","män","Q enheter för vård och omsorg, socialtjänst","utrikes född",1518,1615,1661,1713,1803,1832,1478,1555,1599,1643,1743,1765
"25 Norrbottens län","män","R+S+T+U enheter för kultur, nöje och fritid; andra serviceföretag m.m.","totalt",1904,1849,1923,1942,1887,1887,1934,1856,1941,1939,1895,1892
"25 Norrbottens län","män","R+S+T+U enheter för kultur, nöje och fritid; andra serviceföretag m.m.","inrikes född",1640,1584,1650,1671,1634,1607,1667,1598,1670,1668,1640,1611
"25 Norrbottens län","män","R+S+T+U enheter för kultur, nöje och fritid; andra serviceföretag m.m.","utrikes född",263,265,274,270,253,280,268,260,271,272,255,280
"25 Norrbottens län","män","US uppgift saknas","totalt",15,62,54,51,55,82,210,245,222,203,232,253
"25 Norrbottens län","män","US uppgift saknas","inrikes född",13,55,48,45,50,70,145,175,152,135,160,184
"25 Norrbottens län","män","US uppgift saknas","utrikes född",3,7,5,6,5,11,66,69,71,67,72,69
"25 Norrbottens län","kvinnor","A-U+US Total","totalt",57353,57594,58886,59509,60031,60321,57442,57660,58910,59459,59863,60115
"25 Norrbottens län","kvinnor","A-U+US Total","inrikes född",49986,49918,50772,51081,51281,51144,50087,50013,50840,51071,51175,51007
"25 Norrbottens län","kvinnor","A-U+US Total","utrikes född",7367,7676,8113,8429,8748,9177,7354,7647,8071,8388,8688,9109
"25 Norrbottens län","kvinnor","A företag inom jordbruk, skogsbruk och fiske","totalt",850,928,883,858,882,895,846,927,883,856,879,897
"25 Norrbottens län","kvinnor","A företag inom jordbruk, skogsbruk och fiske","inrikes född",803,876,830,806,831,842,802,878,832,806,829,843
"25 Norrbottens län","kvinnor","A företag inom jordbruk, skogsbruk och fiske","utrikes född",46,50,52,52,51,54,45,49,53,51,50,54
"25 Norrbottens län","kvinnor","B+C tillverkningsindustri; gruvor och mineralutvinningsindustri","totalt",3313,3476,3795,3946,4080,4248,3289,3442,3736,3885,4020,4164
"25 Norrbottens län","kvinnor","B+C tillverkningsindustri; gruvor och mineralutvinningsindustri","inrikes född",2996,3144,3420,3535,3648,3787,2973,3108,3370,3477,3589,3710
"25 Norrbottens län","kvinnor","B+C tillverkningsindustri; gruvor och mineralutvinningsindustri","utrikes född",318,332,374,412,433,461,316,334,366,408,431,454
"25 Norrbottens län","kvinnor","D+E företag inom energi och miljö","totalt",381,409,462,476,523,572,379,408,467,476,523,571
"25 Norrbottens län","kvinnor","D+E företag inom energi och miljö","inrikes född",362,386,437,451,494,539,360,386,441,449,495,538
"25 Norrbottens län","kvinnor","D+E företag inom energi och miljö","utrikes född",19,24,25,25,28,34,18,22,26,27,28,34
"25 Norrbottens län","kvinnor","F byggindustri","totalt",1117,1185,1249,1396,1469,1505,1128,1195,1258,1410,1469,1506
"25 Norrbottens län","kvinnor","F byggindustri","inrikes född",1030,1089,1154,1293,1357,1388,1043,1101,1166,1305,1357,1387
"25 Norrbottens län","kvinnor","F byggindustri","utrikes född",86,97,95,103,112,118,85,95,93,105,111,120
"25 Norrbottens län","kvinnor","G handel; serviceverkstäder för motorfordon och motorcyklar","totalt",5101,5140,5311,5352,5392,5478,5110,5134,5301,5319,5350,5414
"25 Norrbottens län","kvinnor","G handel; serviceverkstäder för motorfordon och motorcyklar","inrikes född",4648,4677,4823,4840,4862,4912,4659,4676,4819,4813,4832,4859
"25 Norrbottens län","kvinnor","G handel; serviceverkstäder för motorfordon och motorcyklar","utrikes född",452,462,489,513,530,566,451,459,482,506,519,555
"25 Norrbottens län","kvinnor","H transport- och magasineringsföretag","totalt",1153,1178,1244,1161,1181,1187,1164,1197,1271,1178,1193,1203
"25 Norrbottens län","kvinnor","H transport- och magasineringsföretag","inrikes född",1085,1111,1161,1074,1101,1103,1094,1127,1185,1089,1112,1119
"25 Norrbottens län","kvinnor","H transport- och magasineringsföretag","utrikes född",68,68,84,87,81,82,70,70,86,88,81,84
"25 Norrbottens län","kvinnor","I hotell och restauranger","totalt",2320,2193,2541,2604,2655,2819,2220,2112,2425,2489,2502,2630
"25 Norrbottens län","kvinnor","I hotell och restauranger","inrikes född",1717,1584,1814,1840,1846,1886,1629,1513,1720,1751,1727,1745
"25 Norrbottens län","kvinnor","I hotell och restauranger","utrikes född",603,609,726,765,808,934,591,599,705,738,774,886
"25 Norrbottens län","kvinnor","J informations- och kommunikationsföretag","totalt",724,715,719,709,630,598,727,728,720,719,649,639
"25 Norrbottens län","kvinnor","J informations- och kommunikationsföretag","inrikes född",666,655,655,643,567,538,665,659,649,646,583,569
"25 Norrbottens län","kvinnor","J informations- och kommunikationsföretag","utrikes född",60,60,64,66,63,61,63,69,72,73,67,71
"25 Norrbottens län","kvinnor","K kreditinstitut och försäkringsbolag m.m.","totalt",973,955,961,990,1030,998,967,952,964,993,1029,991
"25 Norrbottens län","kvinnor","K kreditinstitut och försäkringsbolag m.m.","inrikes född",927,904,909,935,969,935,921,901,909,935,965,928
"25 Norrbottens län","kvinnor","K kreditinstitut och försäkringsbolag m.m.","utrikes född",47,53,52,55,62,62,46,52,55,57,65,62
"25 Norrbottens län","kvinnor","L fastighetsbolag och fastighetsförvaltare","totalt",699,683,710,730,780,830,698,690,718,735,780,828
"25 Norrbottens län","kvinnor","L fastighetsbolag och fastighetsförvaltare","inrikes född",634,621,642,658,691,737,638,630,652,665,697,739
"25 Norrbottens län","kvinnor","L fastighetsbolag och fastighetsförvaltare","utrikes född",65,62,68,73,89,92,60,61,67,70,84,90
"25 Norrbottens län","kvinnor","M+N företag inom juridik, ekonomi, vetenskap och teknik; företag inom uthyrning, fastighetsservice, resetjänster och andra stödtjänster","totalt",5049,5169,5415,5640,5727,5718,5076,5188,5488,5725,5766,5756
"25 Norrbottens län","kvinnor","M+N företag inom juridik, ekonomi, vetenskap och teknik; företag inom uthyrning, fastighetsservice, resetjänster och andra stödtjänster","inrikes född",4251,4333,4485,4628,4637,4537,4267,4350,4543,4689,4653,4562
"25 Norrbottens län","kvinnor","M+N företag inom juridik, ekonomi, vetenskap och teknik; företag inom uthyrning, fastighetsservice, resetjänster och andra stödtjänster","utrikes född",796,838,931,1012,1090,1181,808,838,944,1036,1112,1194
"25 Norrbottens län","kvinnor","O civila myndigheter och försvaret","totalt",5050,5283,5449,5742,6079,6111,5233,5441,5593,5908,6226,6288
"25 Norrbottens län","kvinnor","O civila myndigheter och försvaret","inrikes född",4694,4890,5049,5334,5646,5680,4874,5050,5195,5503,5795,5864
"25 Norrbottens län","kvinnor","O civila myndigheter och försvaret","utrikes född",355,393,400,407,432,430,358,391,397,405,430,423
"25 Norrbottens län","kvinnor","P utbildningsväsendet","totalt",9232,9276,9448,9549,9337,9138,9243,9268,9422,9506,9290,9074
"25 Norrbottens län","kvinnor","P utbildningsväsendet","inrikes född",8082,8066,8227,8300,8099,7895,8098,8070,8220,8271,8062,7841
"25 Norrbottens län","kvinnor","P utbildningsväsendet","utrikes född",1151,1211,1222,1250,1237,1242,1145,1197,1202,1235,1229,1232
"25 Norrbottens län","kvinnor","Q enheter för vård och omsorg, socialtjänst","totalt",18604,18249,17811,17455,17343,17240,18516,18167,17721,17333,17221,17098
"25 Norrbottens län","kvinnor","Q enheter för vård och omsorg, socialtjänst","inrikes född",15592,15139,14613,14177,13944,13731,15533,15097,14564,14103,13881,13633
"25 Norrbottens län","kvinnor","Q enheter för vård och omsorg, socialtjänst","utrikes född",3012,3110,3198,3277,3399,3510,2983,3070,3158,3230,3341,3464
"25 Norrbottens län","kvinnor","R+S+T+U enheter för kultur, nöje och fritid; andra serviceföretag m.m.","totalt",2773,2693,2840,2844,2868,2917,2764,2682,2830,2818,2847,2925
"25 Norrbottens län","kvinnor","R+S+T+U enheter för kultur, nöje och fritid; andra serviceföretag m.m.","inrikes född",2486,2395,2516,2523,2543,2575,2484,2387,2509,2496,2520,2581
"25 Norrbottens län","kvinnor","R+S+T+U enheter för kultur, nöje och fritid; andra serviceföretag m.m.","utrikes född",287,300,325,320,325,342,280,294,321,325,326,344
"25 Norrbottens län","kvinnor","US uppgift saknas","totalt",17,60,49,58,56,70,84,128,111,111,120,135
"25 Norrbottens län","kvinnor","US uppgift saknas","inrikes född",12,49,40,46,46,58,51,80,68,73,78,87
"25 Norrbottens län","kvinnor","US uppgift saknas","utrikes född",5,9,9,11,10,11,33,49,45,36,42,47
"25 Norrbottens län","totalt","A-U+US Total","totalt",122088,122959,125400,126199,127084,128010,122965,123648,126066,126836,127414,127931
"25 Norrbottens län","totalt","A-U+US Total","inrikes född",107671,107820,109187,109366,109658,109430,108564,108576,109923,110051,110073,109513
"25 Norrbottens län","totalt","A-U+US Total","utrikes född",14416,15137,16213,16833,17426,18581,14401,15071,16143,16784,17342,18418
"25 Norrbottens län","totalt","A företag inom jordbruk, skogsbruk och fiske","totalt",3981,4123,3958,3851,3815,3864,3953,4111,3949,3828,3795,3852
"25 Norrbottens län","totalt","A företag inom jordbruk, skogsbruk och fiske","inrikes född",3830,3971,3810,3705,3661,3691,3808,3963,3805,3686,3647,3678
"25 Norrbottens län","totalt","A företag inom jordbruk, skogsbruk och fiske","utrikes född",150,153,146,146,155,173,145,148,144,142,148,175
"25 Norrbottens län","totalt","B+C tillverkningsindustri; gruvor och mineralutvinningsindustri","totalt",15588,15943,16404,16578,16756,17028,15529,15860,16283,16580,16718,16855
"25 Norrbottens län","totalt","B+C tillverkningsindustri; gruvor och mineralutvinningsindustri","inrikes född",14471,14737,15058,15116,15246,15383,14436,14672,14968,15127,15234,15255
"25 Norrbottens län","totalt","B+C tillverkningsindustri; gruvor och mineralutvinningsindustri","utrikes född",1118,1207,1345,1462,1511,1645,1093,1188,1315,1454,1484,1601
"25 Norrbottens län","totalt","D+E företag inom energi och miljö","totalt",1745,1793,1882,1799,1898,1977,1748,1807,1907,1825,1920,1991
"25 Norrbottens län","totalt","D+E företag inom energi och miljö","inrikes född",1679,1724,1810,1727,1818,1884,1679,1735,1829,1745,1833,1895
"25 Norrbottens län","totalt","D+E företag inom energi och miljö","utrikes född",65,71,73,73,80,92,68,75,78,82,87,95
"25 Norrbottens län","totalt","F byggindustri","totalt",11148,11410,11640,12087,12281,12479,11206,11452,11698,12179,12278,12433
"25 Norrbottens län","totalt","F byggindustri","inrikes född",10377,10545,10644,11039,11176,11242,10421,10581,10693,11109,11162,11200
"25 Norrbottens län","totalt","F byggindustri","utrikes född",771,865,997,1048,1106,1238,783,871,1004,1071,1115,1234
"25 Norrbottens län","totalt","G handel; serviceverkstäder för motorfordon och motorcyklar","totalt",10995,11032,11267,11369,11482,11666,11093,11122,11356,11405,11491,11594
"25 Norrbottens län","totalt","G handel; serviceverkstäder för motorfordon och motorcyklar","inrikes född",9951,9963,10137,10183,10272,10341,10054,10059,10231,10231,10298,10298
"25 Norrbottens län","totalt","G handel; serviceverkstäder för motorfordon och motorcyklar","utrikes född",1042,1069,1131,1186,1208,1325,1037,1064,1125,1175,1194,1296
"25 Norrbottens län","totalt","H transport- och magasineringsföretag","totalt",6124,5964,5992,5609,5590,5423,6078,5953,6020,5656,5640,5496
"25 Norrbottens län","totalt","H transport- och magasineringsföretag","inrikes född",5605,5403,5367,4956,4927,4721,5562,5399,5403,5005,4979,4790
"25 Norrbottens län","totalt","H transport- och magasineringsföretag","utrikes född",518,561,625,655,663,701,516,553,617,653,662,706
"25 Norrbottens län","totalt","I hotell och restauranger","totalt",4074,3847,4484,4632,4722,5024,3916,3714,4291,4421,4460,4670
"25 Norrbottens län","totalt","I hotell och restauranger","inrikes född",2690,2484,2880,2944,2976,3068,2564,2378,2732,2789,2789,2839
"25 Norrbottens län","totalt","I hotell och restauranger","utrikes född",1383,1363,1604,1689,1747,1954,1353,1336,1558,1631,1672,1832
"25 Norrbottens län","totalt","J informations- och kommunikationsföretag","totalt",2471,2526,2625,2683,2524,2452,2655,2706,2788,2843,2694,2639
"25 Norrbottens län","totalt","J informations- och kommunikationsföretag","inrikes född",2302,2346,2421,2468,2307,2227,2456,2496,2555,2604,2453,2391
"25 Norrbottens län","totalt","J informations- och kommunikationsföretag","utrikes född",169,180,203,215,217,226,199,209,234,240,240,250
"25 Norrbottens län","totalt","K kreditinstitut och försäkringsbolag m.m.","totalt",1571,1569,1625,1697,1753,1729,1594,1602,1643,1688,1718,1678
"25 Norrbottens län","totalt","K kreditinstitut och försäkringsbolag m.m.","inrikes född",1500,1492,1539,1609,1660,1638,1523,1524,1556,1598,1622,1585
"25 Norrbottens län","totalt","K kreditinstitut och försäkringsbolag m.m.","utrikes född",71,77,85,88,94,91,71,77,88,90,96,92
"25 Norrbottens län","totalt","L fastighetsbolag och fastighetsförvaltare","totalt",1951,1930,1936,1941,1971,2031,1967,1950,1969,1971,1993,2036
"25 Norrbottens län","totalt","L fastighetsbolag och fastighetsförvaltare","inrikes född",1805,1792,1788,1785,1794,1840,1828,1822,1825,1824,1825,1855
"25 Norrbottens län","totalt","L fastighetsbolag och fastighetsförvaltare","utrikes född",147,137,148,156,179,192,139,128,144,148,168,182
"25 Norrbottens län","totalt","M+N företag inom juridik, ekonomi, vetenskap och teknik; företag inom uthyrning, fastighetsservice, resetjänster och andra stödtjänster","totalt",12311,12517,13238,13474,13586,13754,12348,12607,13390,13659,13716,13853
"25 Norrbottens län","totalt","M+N företag inom juridik, ekonomi, vetenskap och teknik; företag inom uthyrning, fastighetsservice, resetjänster och andra stödtjänster","inrikes född",10625,10717,11211,11365,11380,11272,10655,10800,11344,11508,11457,11308
"25 Norrbottens län","totalt","M+N företag inom juridik, ekonomi, vetenskap och teknik; företag inom uthyrning, fastighetsservice, resetjänster och andra stödtjänster","utrikes född",1688,1801,2027,2109,2205,2481,1695,1807,2047,2151,2258,2545
"25 Norrbottens län","totalt","O civila myndigheter och försvaret","totalt",9523,10043,10149,10526,10970,11134,10184,10509,10608,10976,11378,11552
"25 Norrbottens län","totalt","O civila myndigheter och försvaret","inrikes född",8953,9398,9505,9876,10284,10444,9607,9869,9968,10328,10693,10866
"25 Norrbottens län","totalt","O civila myndigheter och försvaret","utrikes född",571,645,643,648,687,691,578,640,640,649,686,686
"25 Norrbottens län","totalt","P utbildningsväsendet","totalt",12115,12168,12368,12496,12286,12033,12085,12106,12290,12410,12176,11885
"25 Norrbottens län","totalt","P utbildningsväsendet","inrikes född",10479,10467,10653,10737,10506,10244,10466,10429,10606,10680,10425,10129
"25 Norrbottens län","totalt","P utbildningsväsendet","utrikes född",1636,1702,1716,1758,1780,1789,1620,1678,1684,1729,1753,1755
"25 Norrbottens län","totalt","Q enheter för vård och omsorg, socialtjänst","totalt",23782,23428,22965,22564,22583,22462,23618,23238,22768,22321,22343,22194
"25 Norrbottens län","totalt","Q enheter för vård och omsorg, socialtjänst","inrikes född",19253,18702,18108,17572,17383,17121,19158,18614,18011,17447,17260,16964
"25 Norrbottens län","totalt","Q enheter för vård och omsorg, socialtjänst","utrikes född",4530,4725,4858,4991,5201,5341,4460,4624,4757,4874,5083,5229
"25 Norrbottens län","totalt","R+S+T+U enheter för kultur, nöje och fritid; andra serviceföretag m.m.","totalt",4676,4543,4764,4784,4753,4803,4698,4538,4771,4758,4741,4817
"25 Norrbottens län","totalt","R+S+T+U enheter för kultur, nöje och fritid; andra serviceföretag m.m.","inrikes född",4126,3978,4165,4195,4176,4181,4151,3986,4178,4163,4160,4194
"25 Norrbottens län","totalt","R+S+T+U enheter för kultur, nöje och fritid; andra serviceföretag m.m.","utrikes född",550,565,598,591,578,622,548,552,593,595,581,624
"25 Norrbottens län","totalt","US uppgift saknas","totalt",33,122,103,109,111,151,295,374,335,313,351,388
"25 Norrbottens län","totalt","US uppgift saknas","inrikes född",25,105,89,92,95,129,195,254,218,209,237,270
"25 Norrbottens län","totalt","US uppgift saknas","utrikes född",7,17,14,17,16,23,99,119,115,105,114,117
