,Adj Close,Close,High,Low,Open,Volume,CloseSmooth,MA20,MA50
2026-07-27 09:30:00-04:00,3235.82958984375,3235.82958984375,3240.51953125,3235.20849609375,3238.044921875,0.0,3235.82958984375,,
2026-07-27 09:45:00-04:00,3232.039306640625,3232.039306640625,3239.411376953125,3230.591552734375,3235.873779296875,0.0,3232.039306640625,,
2026-07-27 10:00:00-04:00,3228.625,3228.625,3233.236572265625,3227.09765625,3231.654296875,0.0,3228.625,,
2026-07-27 10:15:00-04:00,3225.209716796875,3225.209716796875,3230.3837890625,3225.1123046875,3228.56640625,0.0,3225.209716796875,,
2026-07-27 10:30:00-04:00,3221.6953125,3221.6953125,3225.56396484375,3221.6953125,3224.862548828125,0.0,3221.6953125,,
2026-07-27 10:45:00-04:00,3230.94189453125,3230.94189453125,3231.234619140625,3222.007568359375,3222.007568359375,0.0,3230.94189453125,,
2026-07-27 11:00:00-04:00,3223.995361328125,3223.995361328125,3230.79638671875,3222.654052734375,3230.79638671875,0.0,3223.995361328125,,
2026-07-27 11:15:00-04:00,3219.53662109375,3219.53662109375,3224.291259765625,3219.53662109375,3223.9794921875,0.0,3219.53662109375,,
2026-07-27 11:30:00-04:00,3217.885986328125,3217.885986328125,3217.885986328125,3217.885986328125,3217.885986328125,0.0,3217.885986328125,,
2026-07-27 11:45:00-04:00,,,,,,,3217.8028370250354,,
2026-07-27 12:00:00-04:00,,,,,,,3217.7196877219462,,
2026-07-27 12:15:00-04:00,,,,,,,3217.6365384188566,,
2026-07-27 12:30:00-04:00,,,,,,,3217.553389115767,,
2026-07-27 12:45:00-04:00,,,,,,,3217.4702398126774,,
2026-07-27 13:00:00-04:00,,,,,,,3217.3870905095882,,
2026-07-27 13:15:00-04:00,,,,,,,3217.3039412064986,,
2026-07-27 13:30:00-04:00,,,,,,,3217.220791903409,,
2026-07-27 13:45:00-04:00,,,,,,,3217.1376426003194,,
2026-07-27 14:00:00-04:00,,,,,,,3217.0544932972302,,
2026-07-27 14:15:00-04:00,,,,,,,3216.9713439941406,3221.3508392333983,
2026-07-27 14:30:00-04:00,,,,,,,3216.888194691051,3220.4037694757635,
2026-07-27 14:45:00-04:00,,,,,,,3216.805045387962,3219.6420564131304,
2026-07-27 15:00:00-04:00,,,,,,,3216.7218960848722,3219.046901217374,
2026-07-27 15:15:00-04:00,,,,,,,3216.6387467817826,3218.6183527166195,
2026-07-27 15:30:00-04:00,,,,,,,3216.555597478693,3218.361366965554,
2026-07-27 15:45:00-04:00,,,,,,,3216.472448175604,3217.6378946477716,
2026-07-27 16:00:00-04:00,,,,,,,3216.3892988725142,3217.2575915249913,
2026-07-27 16:15:00-04:00,,,,,,,3216.3061495694246,3217.096067948775,
2026-07-27 16:30:00-04:00,,,,,,,3216.223000266335,3217.012918645685,
2026-07-27 16:45:00-04:00,,,,,,,3216.139850963246,3216.929769342596,
2026-07-27 17:00:00-04:00,,,,,,,3216.0567016601562,3216.8466200395064,
2026-07-27 17:15:00-04:00,,,,,,,3215.9735523570666,3216.763470736417,
2026-07-27 17:30:00-04:00,,,,,,,3215.8904030539775,3216.680321433327,
2026-07-27 17:45:00-04:00,,,,,,,3215.807253750888,3216.597172130238,
2026-07-27 18:00:00-04:00,,,,,,,3215.7241044477983,3216.5140228271484,
2026-07-27 18:15:00-04:00,,,,,,,3215.6409551447086,3216.430873524059,
2026-07-27 18:30:00-04:00,,,,,,,3215.5578058416195,3216.3477242209697,
2026-07-27 18:45:00-04:00,,,,,,,3215.47465653853,3216.26457491788,
2026-07-27 19:00:00-04:00,,,,,,,3215.3915072354403,3216.1814256147904,
2026-07-27 19:15:00-04:00,,,,,,,3215.3083579323506,3216.098276311701,
2026-07-27 19:30:00-04:00,,,,,,,3215.2252086292615,3216.0151270086117,
2026-07-27 19:45:00-04:00,,,,,,,3215.142059326172,3215.931977705522,
2026-07-27 20:00:00-04:00,,,,,,,3215.0589100230823,3215.8488284024324,
2026-07-27 20:15:00-04:00,,,,,,,3214.975760719993,3215.765679099343,
2026-07-27 20:30:00-04:00,,,,,,,3214.8926114169035,3215.6825297962537,
2026-07-27 20:45:00-04:00,,,,,,,3214.809462113814,3215.599380493164,
2026-07-27 21:00:00-04:00,,,,,,,3214.7263128107243,3215.5162311900744,
2026-07-27 21:15:00-04:00,,,,,,,3214.643163507635,3215.4330818869853,
2026-07-27 21:30:00-04:00,,,,,,,3214.5600142045455,3215.3499325838957,
2026-07-27 21:45:00-04:00,,,,,,,3214.476864901456,3215.266783280806,3217.9498535711114
2026-07-27 22:00:00-04:00,,,,,,,3214.3937155983663,3215.1836339777165,3217.5211360862036
2026-07-27 22:15:00-04:00,,,,,,,3214.310566295277,3215.1004846746273,3217.1665612792967
2026-07-27 22:30:00-04:00,,,,,,,3214.2274169921875,3215.0173353715377,3216.8786096191407
2026-07-27 22:45:00-04:00,,,,,,,3214.144267689098,3214.934186068448,3216.657300636985
2026-07-27 23:00:00-04:00,,,,,,,3214.0611183860087,3214.8510367653585,3216.5046167547052
2026-07-27 23:15:00-04:00,,,,,,,3213.977969082919,3214.7678874622693,3216.1653382457384
2026-07-27 23:30:00-04:00,,,,,,,3213.8948197798295,3214.6847381591797,3215.9633274147727
2026-07-27 23:45:00-04:00,,,,,,,3213.81167047674,3214.60158885609,3215.8488284024324
2026-07-28 00:00:00-04:00,,,,,,,3213.7285211736507,3214.518439553001,3215.7656790993433
2026-07-28 00:15:00-04:00,,,,,,,3213.645371870561,3214.4352902499113,3215.6825297962537
2026-07-28 00:30:00-04:00,,,,,,,3213.5622225674715,3214.3521409468217,3215.599380493164
2026-07-28 00:45:00-04:00,,,,,,,3213.479073264382,3214.268991643732,3215.5162311900744
2026-07-28 01:00:00-04:00,,,,,,,3213.3959239612927,3214.185842340643,3215.433081886985
2026-07-28 01:15:00-04:00,,,,,,,3213.312774658203,3214.1026930375533,3215.3499325838957
2026-07-28 01:30:00-04:00,,,,,,,3213.2296253551135,3214.0195437344637,3215.2667832808056
2026-07-28 01:45:00-04:00,,,,,,,3213.1464760520244,3213.936394431374,3215.1836339777165
2026-07-28 02:00:00-04:00,,,,,,,3213.0633267489347,3213.853245128285,3215.1004846746273
2026-07-28 02:15:00-04:00,,,,,,,3212.980177445845,3213.7700958251953,3215.017335371538
2026-07-28 02:30:00-04:00,,,,,,,3212.8970281427555,3213.6869465221057,3214.934186068448
2026-07-28 02:45:00-04:00,,,,,,,3212.8138788396664,3213.6037972190165,3214.851036765359
2026-07-28 03:00:00-04:00,,,,,,,3212.7307295365767,3213.520647915927,3214.7678874622693
2026-07-28 03:15:00-04:00,,,,,,,3212.647580233487,3213.4374986128373,3214.6847381591797
2026-07-28 03:30:00-04:00,,,,,,,3212.5644309303975,3213.3543493097477,3214.60158885609
2026-07-28 03:45:00-04:00,,,,,,,3212.4812816273084,3213.2712000066585,3214.5184395530005
2026-07-28 04:00:00-04:00,,,,,,,3212.3981323242188,3213.188050703569,3214.4352902499113
2026-07-28 04:15:00-04:00,,,,,,,3212.314983021129,3213.1049014004793,3214.3521409468212
2026-07-28 04:30:00-04:00,,,,,,,3212.23183371804,3213.0217520973897,3214.268991643732
2026-07-28 04:45:00-04:00,,,,,,,3212.1486844149504,3212.9386027943006,3214.185842340643
2026-07-28 05:00:00-04:00,,,,,,,3212.0655351118608,3212.855453491211,3214.1026930375538
2026-07-28 05:15:00-04:00,,,,,,,3211.982385808771,3212.7723041881213,3214.0195437344637
2026-07-28 05:30:00-04:00,,,,,,,3211.899236505682,3212.689154885032,3213.9363944313745
2026-07-28 05:45:00-04:00,,,,,,,3211.8160872025924,3212.6060055819426,3213.853245128285
2026-07-28 06:00:00-04:00,,,,,,,3211.7329378995028,3212.522856278853,3213.7700958251953
2026-07-28 06:15:00-04:00,,,,,,,3211.649788596413,3212.4397069757633,3213.6869465221057
2026-07-28 06:30:00-04:00,,,,,,,3211.566639293324,3212.356557672674,3213.603797219016
2026-07-28 06:45:00-04:00,,,,,,,3211.4834899902344,3212.2734083695846,3213.520647915927
2026-07-28 07:00:00-04:00,,,,,,,3211.4003406871448,3212.190259066495,3213.437498612837
2026-07-28 07:15:00-04:00,,,,,,,3211.3171913840556,3212.1071097634053,3213.3543493097477
2026-07-28 07:30:00-04:00,,,,,,,3211.234042080966,3212.023960460316,3213.2712000066585
2026-07-28 07:45:00-04:00,,,,,,,3211.1508927778764,3211.9408111572266,3213.1880507035694
2026-07-28 08:00:00-04:00,,,,,,,3211.0677434747868,3211.857661854137,3213.1049014004793
2026-07-28 08:15:00-04:00,,,,,,,3210.9845941716976,3211.774512551048,3213.02175209739
2026-07-28 08:30:00-04:00,,,,,,,3210.901444868608,3211.691363247958,3212.9386027943006
2026-07-28 08:45:00-04:00,,,,,,,3210.8182955655184,3211.6082139448686,3212.855453491211
2026-07-28 09:00:00-04:00,,,,,,,3210.7351462624288,3211.525064641779,3212.7723041881213
2026-07-28 09:15:00-04:00,,,,,,,3210.6519969593396,3211.44191533869,3212.6891548850317
2026-07-28 09:30:00-04:00,3210.56884765625,3210.56884765625,3211.155517578125,3204.30615234375,3206.22900390625,0.0,3210.56884765625,3211.3587660356,3212.6060055819426
2026-07-28 09:45:00-04:00,3209.402099609375,3209.402099609375,3212.2158203125,3206.86865234375,3210.80029296875,0.0,3209.402099609375,3211.221436795321,3212.501184303977
2026-07-28 10:00:00-04:00,3212.02001953125,3212.02001953125,3214.79248046875,3208.67724609375,3209.188720703125,0.0,3212.02001953125,3211.219161016291,3212.4503844105116
2026-07-28 10:15:00-04:00,3211.3076171875,3211.3076171875,3213.658447265625,3210.38134765625,3212.28125,0.0,3211.3076171875,3211.185422585227,3212.3869994562324
2026-07-28 10:30:00-04:00,3211.647705078125,3211.647705078125,3213.326416015625,3209.80810546875,3211.18115234375,0.0,3211.647705078125,3211.1728460138493,3212.3320792458276
2026-07-28 10:45:00-04:00,3212.256103515625,3212.256103515625,3214.5751953125,3209.305908203125,3211.466796875,0.0,3212.256103515625,3211.194846829501,3212.2909899902343
2026-07-28 11:00:00-04:00,3214.89892578125,3214.89892578125,3215.045166015625,3207.97998046875,3212.1064453125,0.0,3214.89892578125,3211.3531462235887,3212.3044201660155
2026-07-28 11:15:00-04:00,3224.427490234375,3224.427490234375,3224.427490234375,3214.69921875,3214.738037109375,0.0,3224.427490234375,3211.9920313054868,3212.510084616921
2026-07-28 11:30:00-04:00,3224.221435546875,3224.221435546875,3224.221435546875,3224.221435546875,3224.221435546875,0.0,3224.221435546875,3212.624771118164,3212.7132909601387
2026-07-28 11:45:00-04:00,,,,,,,3224.2387251420455,3213.2625328757545,3212.9185060813215
2026-07-28 12:00:00-04:00,,,,,,,3224.256014737216,3213.9053165782584,3213.125729980469
2026-07-28 12:15:00-04:00,,,,,,,3224.2733043323865,3214.553122225675,3213.334962657582
2026-07-28 12:30:00-04:00,,,,,,,3224.290593927557,3215.2059498180042,3213.5462041126593
2026-07-28 12:45:00-04:00,,,,,,,3224.3078835227275,3215.8637993552466,3213.759454345703
2026-07-28 13:00:00-04:00,,,,,,,3224.3251731178975,3216.5266708374024,3213.9747133567116
2026-07-28 13:15:00-04:00,,,,,,,3224.342462713068,3217.1945642644705,3214.1919811456855
2026-07-28 13:30:00-04:00,,,,,,,3224.3597523082385,3217.8674796364526,3214.4112577126243
2026-07-28 13:45:00-04:00,,,,,,,3224.377041903409,3218.545416953347,3214.632543057529
2026-07-28 14:00:00-04:00,,,,,,,3224.3943314985795,3219.2283762151546,3214.855837180398
2026-07-28 14:15:00-04:00,,,,,,,3224.41162109375,3219.916357421875,3215.081140081232
2026-07-28 14:30:00-04:00,,,,,,,3224.4289106889205,3220.6093605735086,3215.3084517600323
2026-07-28 14:45:00-04:00,,,,,,,3224.446200284091,3221.3615656072443,3215.537772216797
2026-07-28 15:00:00-04:00,,,,,,,3224.4634898792615,3221.9837391246447,3215.769101451527
2026-07-28 15:15:00-04:00,,,,,,,3224.480779474432,3222.6423972389916,3216.002439464222
2026-07-28 15:30:00-04:00,,,,,,,3224.4980690696025,3223.2849154385653,3216.237786254883
2026-07-28 15:45:00-04:00,,,,,,,3224.5153586647725,3223.8978781960227,3216.4751418235082
2026-07-28 16:00:00-04:00,,,,,,,3224.532648259943,3224.3795643199574,3216.7145061700994
2026-07-28 16:15:00-04:00,,,,,,,3224.5499378551135,3224.3856867009945,3216.955879294656
2026-07-28 16:30:00-04:00,,,,,,,3224.567227450284,3224.4029762961645,3217.1992611971773
2026-07-28 16:45:00-04:00,,,,,,,3224.5845170454545,3224.4202658913355,3217.4446518776635
2026-07-28 17:00:00-04:00,,,,,,,3224.601806640625,3224.4375554865055,3217.692051336115
2026-07-28 17:15:00-04:00,,,,,,,3224.6190962357955,3224.454845081676,3217.9414595725325
2026-07-28 17:30:00-04:00,,,,,,,3224.636385830966,3224.4721346768465,3218.1928765869143
2026-07-28 17:45:00-04:00,,,,,,,3224.6536754261365,3224.489424272017,3218.4463023792614
2026-07-28 18:00:00-04:00,,,,,,,3224.670965021307,3224.5067138671875,3218.7017369495734
2026-07-28 18:15:00-04:00,,,,,,,3224.6882546164775,3224.524003462358,3218.9591802978516
2026-07-28 18:30:00-04:00,,,,,,,3224.7055442116475,3224.5412930575285,3219.2186324240943
2026-07-28 18:45:00-04:00,,,,,,,3224.722833806818,3224.558582652699,3219.4800933283027
2026-07-28 19:00:00-04:00,,,,,,,3224.7401234019885,3224.5758722478695,3219.743563010476
2026-07-28 19:15:00-04:00,,,,,,,3224.757412997159,3224.5931618430395,3220.0090414706146
2026-07-28 19:30:00-04:00,,,,,,,3224.7747025923295,3224.6104514382105,3220.276528708718
2026-07-28 19:45:00-04:00,,,,,,,3224.7919921875,3224.6277410333805,3220.546024724787
2026-07-28 20:00:00-04:00,,,,,,,3224.8092817826705,3224.645030628551,3220.817529518821
2026-07-28 20:15:00-04:00,,,,,,,3224.826571377841,3224.6623202237215,3221.09104309082
2026-07-28 20:30:00-04:00,,,,,,,3224.8438609730115,3224.679609818892,3221.366565440785
2026-07-28 20:45:00-04:00,,,,,,,3224.861150568182,3224.6968994140625,3221.644096568714
2026-07-28 21:00:00-04:00,,,,,,,3224.8784401633525,3224.714189009233,3221.9236364746093
2026-07-28 21:15:00-04:00,,,,,,,3224.8957297585225,3224.7314786044035,3222.2051851584692
2026-07-28 21:30:00-04:00,,,,,,,3224.913019353693,3224.748768199574,3222.488742620295
2026-07-28 21:45:00-04:00,,,,,,,3224.9303089488635,3224.7660577947445,3222.7743088600855
2026-07-28 22:00:00-04:00,,,,,,,3224.947598544034,3224.7833473899145,3223.061883877841
2026-07-28 22:15:00-04:00,,,,,,,3224.9648881392045,3224.8006369850855,3223.3731396484377
2026-07-28 22:30:00-04:00,,,,,,,3224.982177734375,3224.8179265802555,3223.6323828125
2026-07-28 22:45:00-04:00,,,,,,,3224.9994673295455,3224.835216175426,3223.906219815341
2026-07-28 23:00:00-04:00,,,,,,,3225.016756924716,3224.8525057705965,3224.173600852273
2026-07-28 23:15:00-04:00,,,,,,,3225.0340465198865,3224.869795365767,3224.429159712358
2026-07-28 23:30:00-04:00,,,,,,,3225.051336115057,3224.8870849609375,3224.632207919034
2026-07-28 23:45:00-04:00,,,,,,,3225.0686257102275,3224.904374556108,3224.645030628551
2026-07-29 00:00:00-04:00,,,,,,,3225.0859153053975,3224.9216641512785,3224.6623202237215
2026-07-29 00:15:00-04:00,,,,,,,3225.103204900568,3224.938953746449,3224.6796098188915
2026-07-29 00:30:00-04:00,,,,,,,3225.1204944957385,3224.9562433416195,3224.6968994140625
2026-07-29 00:45:00-04:00,,,,,,,3225.137784090909,3224.9735329367895,3224.7141890092335
2026-07-29 01:00:00-04:00,,,,,,,3225.1550736860795,3224.9908225319605,3224.7314786044035
2026-07-29 01:15:00-04:00,,,,,,,3225.17236328125,3225.0081121271305,3224.748768199574
2026-07-29 01:30:00-04:00,,,,,,,3225.1896528764205,3225.025401722301,3224.766057794745
2026-07-29 01:45:00-04:00,,,,,,,3225.206942471591,3225.0426913174715,3224.783347389915
2026-07-29 02:00:00-04:00,,,,,,,3225.2242320667615,3225.059980912642,3224.800636985085
2026-07-29 02:15:00-04:00,,,,,,,3225.241521661932,3225.0772705078125,3224.817926580255
2026-07-29 02:30:00-04:00,,,,,,,3225.2588112571025,3225.094560102983,3224.835216175426
2026-07-29 02:45:00-04:00,,,,,,,3225.2761008522725,3225.1118496981535,3224.8525057705965
2026-07-29 03:00:00-04:00,,,,,,,3225.293390447443,3225.129139293324,3224.8697953657665
2026-07-29 03:15:00-04:00,,,,,,,3225.3106800426135,3225.1464288884945,3224.8870849609375
2026-07-29 03:30:00-04:00,,,,,,,3225.327969637784,3225.1637184836645,3224.9043745561085
2026-07-29 03:45:00-04:00,,,,,,,3225.3452592329545,3225.1810080788355,3224.9216641512785
2026-07-29 04:00:00-04:00,,,,,,,3225.362548828125,3225.1982976740055,3224.938953746449
2026-07-29 04:15:00-04:00,,,,,,,3225.3798384232955,3225.215587269176,3224.95624334162
2026-07-29 04:30:00-04:00,,,,,,,3225.397128018466,3225.2328768643465,3224.97353293679
2026-07-29 04:45:00-04:00,,,,,,,3225.4144176136365,3225.250166459517,3224.99082253196
2026-07-29 05:00:00-04:00,,,,,,,3225.431707208807,3225.2674560546875,3225.00811212713
2026-07-29 05:15:00-04:00,,,,,,,3225.4489968039775,3225.284745649858,3225.025401722301
2026-07-29 05:30:00-04:00,,,,,,,3225.4662863991475,3225.3020352450285,3225.0426913174715
2026-07-29 05:45:00-04:00,,,,,,,3225.483575994318,3225.319324840199,3225.0599809126415
2026-07-29 06:00:00-04:00,,,,,,,3225.5008655894885,3225.3366144353695,3225.0772705078125
2026-07-29 06:15:00-04:00,,,,,,,3225.518155184659,3225.3539040305395,3225.0945601029835
2026-07-29 06:30:00-04:00,,,,,,,3225.5354447798295,3225.3711936257105,3225.1118496981535
2026-07-29 06:45:00-04:00,,,,,,,3225.552734375,3225.3884832208805,3225.129139293324
2026-07-29 07:00:00-04:00,,,,,,,3225.5700239701705,3225.405772816051,3225.146428888495
2026-07-29 07:15:00-04:00,,,,,,,3225.587313565341,3225.4230624112215,3225.163718483665
2026-07-29 07:30:00-04:00,,,,,,,3225.6046031605115,3225.440352006392,3225.181008078835
2026-07-29 07:45:00-04:00,,,,,,,3225.621892755682,3225.4576416015625,3225.198297674005
2026-07-29 08:00:00-04:00,,,,,,,3225.6391823508525,3225.474931196733,3225.215587269176
2026-07-29 08:15:00-04:00,,,,,,,3225.6564719460225,3225.4922207919035,3225.2328768643465
2026-07-29 08:30:00-04:00,,,,,,,3225.673761541193,3225.509510387074,3225.2501664595165
2026-07-29 08:45:00-04:00,,,,,,,3225.6910511363635,3225.5267999822445,3225.2674560546875
2026-07-29 09:00:00-04:00,,,,,,,3225.708340731534,3225.5440895774145,3225.2847456498585
2026-07-29 09:15:00-04:00,,,,,,,3225.7256303267045,3225.5613791725855,3225.3020352450285
2026-07-29 09:30:00-04:00,3225.742919921875,3225.742919921875,3233.974609375,3224.3037109375,3232.563720703125,0.0,3225.742919921875,3225.5786687677555,3225.319324840199
2026-07-29 09:45:00-04:00,3225.843017578125,3225.843017578125,3227.621337890625,3222.2724609375,3225.62060546875,0.0,3225.843017578125,3225.60009876598,3225.338270596591
2026-07-29 10:00:00-04:00,3220.0576171875,3220.0576171875,3226.5849609375,3219.798095703125,3226.17724609375,0.0,3220.0576171875,3225.3313942649147,3225.2411625532673
2026-07-29 10:15:00-04:00,3221.51220703125,3221.51220703125,3224.41845703125,3220.20849609375,3220.20849609375,0.0,3221.51220703125,3225.1345547762785,3225.1728005149143
2026-07-29 10:30:00-04:00,3213.794189453125,3213.794189453125,3221.3701171875,3213.40673828125,3221.222412109375,0.0,3213.794189453125,3224.5509499289774,3224.949732333096
2026-07-29 10:45:00-04:00,3217.31787109375,3217.31787109375,3218.30126953125,3213.722900390625,3213.921142578125,0.0,3217.31787109375,3224.142664683949,3224.7967919921875
2026-07-29 11:00:00-04:00,3221.34228515625,3221.34228515625,3221.9287109375,3216.661865234375,3217.321533203125,0.0,3221.34228515625,3223.9347356622866,3224.723994140625
2026-07-29 11:15:00-04:00,3219.11181640625,3219.11181640625,3221.84033203125,3219.11181640625,3221.25048828125,0.0,3219.11181640625,3223.6144187233667,3224.6062411221587
2026-07-29 11:30:00-04:00,3219.11181640625,3219.11181640625,3219.11181640625,3219.11181640625,3219.11181640625,0.0,3219.11181640625,3223.2932373046874,3224.4881423117895
2026-07-29 11:45:00-04:00,,,,,,,3219.291681463068,3222.980184659091,3224.3732950106537
2026-07-29 12:00:00-04:00,,,,,,,3219.4715465198865,3222.675260786577,3224.26169921875
2026-07-29 12:15:00-04:00,,,,,,,3219.6514115767045,3222.378465687145,3224.1533549360797
2026-07-29 12:30:00-04:00,,,,,,,3219.8312766335225,3222.0897993607955,3224.048262162642
2026-07-29 12:45:00-04:00,,,,,,,3220.011141690341,3221.8092618075284,3223.9464208984373
2026-07-29 13:00:00-04:00,,,,,,,3220.191006747159,3221.5368530273436,3223.8478311434656
2026-07-29 13:15:00-04:00,,,,,,,3220.3708718039775,3221.2725730202415,3223.7524928977273
2026-07-29 13:30:00-04:00,,,,,,,3220.5507368607955,3221.0164217862216,3223.6604061612215
2026-07-29 13:45:00-04:00,,,,,,,3220.7306019176135,3220.768399325284,3223.571570933949
2026-07-29 14:00:00-04:00,,,,,,,3220.910466974432,3220.528505637429,3223.4859872159086
2026-07-29 14:15:00-04:00,,,,,,,3221.09033203125,3220.296740722656,3223.403655007102
2026-07-29 14:30:00-04:00,,,,,,,3221.270197088068,3220.0731045809657,3223.3245743075286
2026-07-29 14:45:00-04:00,,,,,,,3221.4500621448865,3219.853456809304,3223.2487451171874
2026-07-29 15:00:00-04:00,,,,,,,3221.6299272017045,3219.9320723100145,3223.1761674360796
2026-07-29 15:15:00-04:00,,,,,,,3221.8097922585225,3219.946951571378,3223.106841264205
2026-07-29 15:30:00-04:00,,,,,,,3221.989657315341,3220.3567249644884,3223.0407666015626
2026-07-29 15:45:00-04:00,,,,,,,3222.169522372159,3220.599307528409,3222.977943448153
2026-07-29 16:00:00-04:00,,,,,,,3222.3493874289775,3220.6496626420458,3222.918371803977
2026-07-29 16:15:00-04:00,,,,,,,3222.5292524857955,3220.820534446023,3222.862051669034
2026-07-29 16:30:00-04:00,,,,,,,3222.7091175426135,3221.000399502841,3222.808983043324
2026-07-29 16:45:00-04:00,,,,,,,3222.888982599432,3221.180264559659,3222.7591659268464
2026-07-29 17:00:00-04:00,,,,,,,3223.06884765625,3221.360129616477,3222.712600319602
2026-07-29 17:15:00-04:00,,,,,,,3223.248712713068,3221.539994673295,3222.6692862215914
2026-07-29 17:30:00-04:00,,,,,,,3223.4285777698865,3221.7198597301135,3222.6292236328127
2026-07-29 17:45:00-04:00,,,,,,,3223.6084428267045,3221.899724786932,3222.5924125532674
2026-07-29 18:00:00-04:00,,,,,,,3223.7883078835225,3222.07958984375,3222.5588529829547
2026-07-29 18:15:00-04:00,,,,,,,3223.968172940341,3222.259454900568,3222.528544921875
2026-07-29 18:30:00-04:00,,,,,,,3224.148037997159,3222.4393199573865,3222.5014883700283
2026-07-29 18:45:00-04:00,,,,,,,3224.3279030539775,3222.619185014205,3222.4776833274145
2026-07-29 19:00:00-04:00,,,,,,,3224.5077681107955,3222.799050071023,3222.457129794034
2026-07-29 19:15:00-04:00,,,,,,,3224.6876331676135,3222.978915127841,3222.4398277698865
2026-07-29 19:30:00-04:00,,,,,,,3224.867498224432,3223.158780184659,3222.4257772549713
2026-07-29 19:45:00-04:00,,,,,,,3225.04736328125,3223.338645241477,3222.4149782492896
2026-07-29 20:00:00-04:00,,,,,,,3225.227228338068,3223.518510298295,3222.4074307528413
2026-07-29 20:15:00-04:00,,,,,,,3225.4070933948865,3223.6983753551135,3222.403134765625
2026-07-29 20:30:00-04:00,,,,,,,3225.5869584517045,3223.878240411932,3222.4020902876423
2026-07-29 20:45:00-04:00,,,,,,,3225.7668235085225,3224.05810546875,3222.404297318892
2026-07-29 21:00:00-04:00,,,,,,,3225.946688565341,3224.237970525568,3222.409755859375
2026-07-29 21:15:00-04:00,,,,,,,3226.126553622159,3224.4178355823865,3222.4184659090906
2026-07-29 21:30:00-04:00,,,,,,,3226.3064186789775,3224.597700639205,3222.4304274680394
2026-07-29 21:45:00-04:00,,,,,,,3226.4862837357955,3224.777565696023,3222.445640536221
2026-07-29 22:00:00-04:00,,,,,,,3226.6661487926135,3224.957430752841,3222.4641051136364
2026-07-29 22:15:00-04:00,,,,,,,3226.846013849432,3225.137295809659,3222.4841650390626
2026-07-29 22:30:00-04:00,,,,,,,3227.02587890625,3225.317160866477,3222.6235302734376
2026-07-29 22:45:00-04:00,,,,,,,3227.205743963068,3225.497025923295,3222.737401012074
2026-07-29 23:00:00-04:00,,,,,,,3227.3856090198865,3225.6768909801135,3223.009229403409
2026-07-29 23:15:00-04:00,,,,,,,3227.5654740767045,3225.856756036932,3223.214181463068
2026-07-29 23:30:00-04:00,,,,,,,3227.7453391335225,3226.03662109375,3223.3422425426133
2026-07-29 23:45:00-04:00,,,,,,,3227.925204190341,3226.216486150568,3223.5185102982955
2026-07-30 00:00:00-04:00,,,,,,,3228.105069247159,3226.3963512073865,3223.6983753551135
2026-07-30 00:15:00-04:00,,,,,,,3228.2849343039775,3226.576216264205,3223.878240411932
2026-07-30 00:30:00-04:00,,,,,,,3228.4647993607955,3226.756081321023,3224.05810546875
2026-07-30 00:45:00-04:00,,,,,,,3228.6446644176135,3226.935946377841,3224.237970525568
2026-07-30 01:00:00-04:00,,,,,,,3228.824529474432,3227.115811434659,3224.4178355823865
2026-07-30 01:15:00-04:00,,,,,,,3229.00439453125,3227.295676491477,3224.5977006392045
2026-07-30 01:30:00-04:00,,,,,,,3229.184259588068,3227.475541548295,3224.777565696023
2026-07-30 01:45:00-04:00,,,,,,,3229.3641246448865,3227.6554066051135,3224.9574307528405
2026-07-30 02:00:00-04:00,,,,,,,3229.5439897017045,3227.835271661932,3225.1372958096595
2026-07-30 02:15:00-04:00,,,,,,,3229.7238547585225,3228.01513671875,3225.317160866477
2026-07-30 02:30:00-04:00,,,,,,,3229.903719815341,3228.195001775568,3225.4970259232955
2026-07-30 02:45:00-04:00,,,,,,,3230.083584872159,3228.3748668323865,3225.6768909801135
2026-07-30 03:00:00-04:00,,,,,,,3230.2634499289775,3228.554731889205,3225.856756036932
2026-07-30 03:15:00-04:00,,,,,,,3230.4433149857955,3228.734596946023,3226.03662109375
2026-07-30 03:30:00-04:00,,,,,,,3230.6231800426135,3228.914462002841,3226.216486150568
2026-07-30 03:45:00-04:00,,,,,,,3230.803045099432,3229.094327059659,3226.3963512073865
2026-07-30 04:00:00-04:00,,,,,,,3230.98291015625,3229.274192116477,3226.5762162642045
2026-07-30 04:15:00-04:00,,,,,,,3231.162775213068,3229.454057173295,3226.756081321023
2026-07-30 04:30:00-04:00,,,,,,,3231.3426402698865,3229.6339222301135,3226.9359463778405
2026-07-30 04:45:00-04:00,,,,,,,3231.5225053267045,3229.813787286932,3227.1158114346595
2026-07-30 05:00:00-04:00,,,,,,,3231.7023703835225,3229.99365234375,3227.295676491477
2026-07-30 05:15:00-04:00,,,,,,,3231.882235440341,3230.173517400568,3227.4755415482955
2026-07-30 05:30:00-04:00,,,,,,,3232.062100497159,3230.3533824573865,3227.6554066051135
2026-07-30 05:45:00-04:00,,,,,,,3232.2419655539775,3230.533247514205,3227.835271661932
2026-07-30 06:00:00-04:00,,,,,,,3232.4218306107955,3230.713112571023,3228.01513671875
2026-07-30 06:15:00-04:00,,,,,,,3232.6016956676135,3230.892977627841,3228.195001775568
2026-07-30 06:30:00-04:00,,,,,,,3232.781560724432,3231.072842684659,3228.3748668323865
2026-07-30 06:45:00-04:00,,,,,,,3232.96142578125,3231.252707741477,3228.5547318892045
2026-07-30 07:00:00-04:00,,,,,,,3233.141290838068,3231.432572798295,3228.734596946023
2026-07-30 07:15:00-04:00,,,,,,,3233.3211558948865,3231.6124378551135,3228.9144620028405
2026-07-30 07:30:00-04:00,,,,,,,3233.5010209517045,3231.792302911932,3229.0943270596595
2026-07-30 07:45:00-04:00,,,,,,,3233.6808860085225,3231.97216796875,3229.274192116477
2026-07-30 08:00:00-04:00,,,,,,,3233.860751065341,3232.152033025568,3229.4540571732955
2026-07-30 08:15:00-04:00,,,,,,,3234.040616122159,3232.3318980823865,3229.6339222301135
2026-07-30 08:30:00-04:00,,,,,,,3234.2204811789775,3232.511763139205,3229.813787286932
2026-07-30 08:45:00-04:00,,,,,,,3234.4003462357955,3232.691628196023,3229.99365234375
2026-07-30 09:00:00-04:00,,,,,,,3234.5802112926135,3232.871493252841,3230.173517400568
2026-07-30 09:15:00-04:00,,,,,,,3234.760076349432,3233.051358309659,3230.3533824573865
2026-07-30 09:30:00-04:00,3234.93994140625,3234.93994140625,3244.528076171875,3234.091552734375,3243.896484375,0.0,3234.93994140625,3233.231223366477,3230.5332475142045
2026-07-30 09:45:00-04:00,3242.316162109375,3242.316162109375,3244.254150390625,3235.075927734375,3235.075927734375,0.0,3242.316162109375,3233.7709062056106,3230.857039683949
2026-07-30 10:00:00-04:00,3238.401123046875,3238.401123046875,3241.546875,3234.5732421875,3241.489013671875,0.0,3238.401123046875,3234.105843838778,3231.0989337713067
2026-07-30 10:15:00-04:00,3242.6513671875,3242.6513671875,3242.964599609375,3236.878173828125,3238.281494140625,0.0,3242.6513671875,3234.6443004261364,3231.422235440341
2026-07-30 10:30:00-04:00,3244.172607421875,3244.172607421875,3246.251953125,3241.355224609375,3242.713134765625,0.0,3244.172607421875,3235.249825772372,3231.772364612926
2026-07-30 10:45:00-04:00,3242.379638671875,3242.379638671875,3245.43408203125,3239.60986328125,3244.323486328125,0.0,3242.379638671875,3235.7567094282667,3232.083037109375
2026-07-30 11:00:00-04:00,3234.896240234375,3234.896240234375,3242.451904296875,3234.48291015625,3242.451904296875,0.0,3234.896240234375,3235.880429909446,3232.2404443359374
2026-07-30 11:15:00-04:00,3233.465087890625,3233.465087890625,3236.89990234375,3233.465087890625,3234.5751953125,0.0,3233.465087890625,3235.923599520597,3232.3656312144885
2026-07-30 11:30:00-04:00,3233.4423828125,3233.4423828125,3233.4423828125,3233.4423828125,3233.4423828125,0.0,3233.4423828125,3235.956640625,3232.486766690341
2026-07-30 11:45:00-04:00,,,,,,,3233.7045676491475,3235.993797718395,3232.60954856179
2026-07-30 12:00:00-04:00,,,,,,,3233.9667524857955,3236.0350708007813,3232.7339768288352
2026-07-30 12:15:00-04:00,,,,,,,3234.228937322443,3236.080459872159,3232.860051491478
2026-07-30 12:30:00-04:00,,,,,,,3234.491122159091,3236.1299649325283,3232.9877725497163
2026-07-30 12:45:00-04:00,,,,,,,3234.7533069957385,3236.183585981889,3233.117140003551
2026-07-30 13:00:00-04:00,,,,,,,3235.0154918323865,3236.2413230202415,3233.2481538529833
2026-07-30 13:15:00-04:00,,,,,,,3235.277676669034,3236.303176047585,3233.3808140980113
2026-07-30 13:30:00-04:00,,,,,,,3235.539861505682,3236.3691450639203,3233.5151207386366
2026-07-30 13:45:00-04:00,,,,,,,3235.8020463423295,3236.439230069247,3233.6510737748577
2026-07-30 14:00:00-04:00,,,,,,,3236.0642311789775,3236.5134310635653,3233.788673206676
2026-07-30 14:15:00-04:00,,,,,,,3236.326416015625,3236.591748046875,3233.9279190340912
2026-07-30 14:30:00-04:00,,,,,,,3236.5886008522725,3236.674181019176,3234.068811257102
2026-07-30 14:45:00-04:00,,,,,,,3236.8507856889205,3236.4009121981535,3234.2113498757103
2026-07-30 15:00:00-04:00,,,,,,,3237.112970525568,3236.336504572088,3234.3555348899154
2026-07-30 15:15:00-04:00,,,,,,,3237.375155362216,3236.0726939808237,3234.501366299716
2026-07-30 15:30:00-04:00,,,,,,,3237.6373401988635,3235.7459306196733,3234.6488441051133
2026-07-30 15:45:00-04:00,,,,,,,3237.8995250355115,3235.521924937855,3234.7979683061085
2026-07-30 16:00:00-04:00,,,,,,,3238.161709872159,3235.685198419744,3234.948738902699
2026-07-30 16:15:00-04:00,,,,,,,3238.423894708807,3235.9331387606535,3235.1011558948867
2026-07-30 16:30:00-04:00,,,,,,,3238.6860795454545,3236.195323597301,3235.25521928267
2026-07-30 16:45:00-04:00,,,,,,,3238.9482643821025,3236.457508433949,3235.410929066051
2026-07-30 17:00:00-04:00,,,,,,,3239.21044921875,3236.7196932705965,3235.5682852450286
2026-07-30 17:15:00-04:00,,,,,,,3239.4726340553975,3236.9818781072445,3235.727287819602
2026-07-30 17:30:00-04:00,,,,,,,3239.7348188920455,3237.244062943892,3235.887936789773
2026-07-30 17:45:00-04:00,,,,,,,3239.997003728693,3237.5062477805395,3236.05023215554
2026-07-30 18:00:00-04:00,,,,,,,3240.259188565341,3237.7684326171875,3236.2141739169037
2026-07-30 18:15:00-04:00,,,,,,,3240.5213734019885,3238.030617453835,3236.3797620738637
2026-07-30 18:30:00-04:00,,,,,,,3240.7835582386365,3238.292802290483,3236.546996626421
2026-07-30 18:45:00-04:00,,,,,,,3241.045743075284,3238.554987127131,3236.715877574574
2026-07-30 19:00:00-04:00,,,,,,,3241.307927911932,3238.8171719637785,3236.886404918324
2026-07-30 19:15:00-04:00,,,,,,,3241.5701127485795,3239.079356800426,3237.0585786576703
2026-07-30 19:30:00-04:00,,,,,,,3241.8322975852275,3239.341541637074,3237.2323987926134
2026-07-30 19:45:00-04:00,,,,,,,3242.094482421875,3239.6037264737215,3237.4078653231536
2026-07-30 20:00:00-04:00,,,,,,,3242.3566672585225,3239.8659113103695,3237.5849782492896
2026-07-30 20:15:00-04:00,,,,,,,3242.6188520951705,3240.128096147017,3237.763737571023
2026-07-30 20:30:00-04:00,,,,,,,3242.881036931818,3240.3902809836645,3237.9441432883527
2026-07-30 20:45:00-04:00,,,,,,,3243.143221768466,3240.6524658203125,3238.126195401279
2026-07-30 21:00:00-04:00,,,,,,,3243.4054066051135,3240.91465065696,3238.309893909801
2026-07-30 21:15:00-04:00,,,,,,,3243.6675914417615,3241.176835493608,3238.495238813921
2026-07-30 21:30:00-04:00,,,,,,,3243.929776278409,3241.439020330256,3238.6822301136363
2026-07-30 21:45:00-04:00,,,,,,,3244.191961115057,3241.7012051669035,3238.870867808949
2026-07-30 22:00:00-04:00,,,,,,,3244.4541459517045,3241.963390003551,3239.0611518998576
2026-07-30 22:15:00-04:00,,,,,,,3244.7163307883525,3242.225574840199,3239.1091552734374
2026-07-30 22:30:00-04:00,,,,,,,3244.978515625,3242.4877596768465,3239.240703125
2026-07-30 22:45:00-04:00,,,,,,,3245.2407004616475,3242.7499445134945,3239.2924897904827
2026-07-30 23:00:00-04:00,,,,,,,3245.5028852982955,3243.012129350142,3239.3190953480116
2026-07-30 23:15:00-04:00,,,,,,,3245.765070134943,3243.2743141867895,3239.386803977273
2026-07-30 23:30:00-04:00,,,,,,,3246.027254971591,3243.5364990234375,3239.6094242720173
2026-07-30 23:45:00-04:00,,,,,,,3246.2894398082385,3243.798683860085,3239.8659113103695
2026-07-31 00:00:00-04:00,,,,,,,3246.5516246448865,3244.060868696733,3240.128096147017
2026-07-31 00:15:00-04:00,,,,,,,3246.813809481534,3244.323053533381,3240.390280983665
2026-07-31 00:30:00-04:00,,,,,,,3247.075994318182,3244.5852383700285,3240.6524658203125
2026-07-31 00:45:00-04:00,,,,,,,3247.3381791548295,3244.847423206676,3240.91465065696
2026-07-31 01:00:00-04:00,,,,,,,3247.6003639914775,3245.109608043324,3241.176835493608
2026-07-31 01:15:00-04:00,,,,,,,3247.862548828125,3245.3717928799715,3241.4390203302555
2026-07-31 01:30:00-04:00,,,,,,,3248.1247336647725,3245.6339777166195,3241.701205166903
2026-07-31 01:45:00-04:00,,,,,,,3248.3869185014205,3245.896162553267,3241.963390003551
2026-07-31 02:00:00-04:00,,,,,,,3248.649103338068,3246.1583473899145,3242.225574840199
2026-07-31 02:15:00-04:00,,,,,,,3248.911288174716,3246.4205322265625,3242.487759676847
2026-07-31 02:30:00-04:00,,,,,,,3249.1734730113635,3246.68271706321,3242.7499445134945
2026-07-31 02:45:00-04:00,,,,,,,3249.4356578480115,3246.944901899858,3243.012129350142
2026-07-31 03:00:00-04:00,,,,,,,3249.697842684659,3247.207086736506,3243.27431418679
2026-07-31 03:15:00-04:00,,,,,,,3249.960027521307,3247.4692715731535,3243.5364990234375
2026-07-31 03:30:00-04:00,,,,,,,3250.2222123579545,3247.731456409801,3243.798683860085
2026-07-31 03:45:00-04:00,,,,,,,3250.4843971946025,3247.993641246449,3244.060868696733
2026-07-31 04:00:00-04:00,,,,,,,3250.74658203125,3248.2558260830965,3244.3230535333805
2026-07-31 04:15:00-04:00,,,,,,,3251.0087668678975,3248.5180109197445,3244.585238370028
2026-07-31 04:30:00-04:00,,,,,,,3251.2709517045455,3248.780195756392,3244.847423206676
2026-07-31 04:45:00-04:00,,,,,,,3251.533136541193,3249.0423805930395,3245.109608043324
2026-07-31 05:00:00-04:00,,,,,,,3251.795321377841,3249.3045654296875,3245.371792879972
2026-07-31 05:15:00-04:00,,,,,,,3252.0575062144885,3249.566750266335,3245.6339777166195
2026-07-31 05:30:00-04:00,,,,,,,3252.3196910511365,3249.828935102983,3245.896162553267
2026-07-31 05:45:00-04:00,,,,,,,3252.581875887784,3250.091119939631,3246.158347389915
2026-07-31 06:00:00-04:00,,,,,,,3252.844060724432,3250.3533047762785,3246.4205322265625
2026-07-31 06:15:00-04:00,,,,,,,3253.1062455610795,3250.615489612926,3246.68271706321
2026-07-31 06:30:00-04:00,,,,,,,3253.3684303977275,3250.877674449574,3246.944901899858
2026-07-31 06:45:00-04:00,,,,,,,3253.630615234375,3251.1398592862215,3247.2070867365055
2026-07-31 07:00:00-04:00,,,,,,,3253.8928000710225,3251.4020441228695,3247.469271573153
2026-07-31 07:15:00-04:00,,,,,,,3254.1549849076705,3251.664228959517,3247.731456409801
2026-07-31 07:30:00-04:00,,,,,,,3254.417169744318,3251.9264137961645,3247.993641246449
2026-07-31 07:45:00-04:00,,,,,,,3254.679354580966,3252.1885986328125,3248.255826083097
2026-07-31 08:00:00-04:00,,,,,,,3254.9415394176135,3252.45078346946,3248.5180109197445
2026-07-31 08:15:00-04:00,,,,,,,3255.2037242542615,3252.712968306108,3248.780195756392
2026-07-31 08:30:00-04:00,,,,,,,3255.465909090909,3252.975153142756,3249.04238059304
2026-07-31 08:45:00-04:00,,,,,,,3255.728093927557,3253.2373379794035,3249.3045654296875
2026-07-31 09:00:00-04:00,,,,,,,3255.9902787642045,3253.499522816051,3249.566750266335
2026-07-31 09:15:00-04:00,,,,,,,3256.2524636008525,3253.761707652699,3249.828935102983
2026-07-31 09:30:00-04:00,3256.5146484375,3256.5146484375,3262.723876953125,3256.392333984375,3261.2861328125,0.0,3256.5146484375,3254.0238924893465,3250.0911199396305
2026-07-31 09:45:00-04:00,3250.595703125,3250.595703125,3256.57568359375,3250.4033203125,3256.57568359375,0.0,3250.595703125,3253.9770208185373,3250.2296821732953
2026-07-31 10:00:00-04:00,3243.969970703125,3243.969970703125,3252.488037109375,3241.75439453125,3250.125244140625,0.0,3243.969970703125,3253.5857532848013,3250.2304860617896
2026-07-31 10:15:00-04:00,3253.851318359375,3253.851318359375,3254.685791015625,3242.165771484375,3243.9140625,0.0,3253.851318359375,3253.6754438920457,3250.423673206676
2026-07-31 10:30:00-04:00,3256.258056640625,3256.258056640625,3257.11328125,3253.3115234375,3254.03466796875,0.0,3256.258056640625,3253.87236217152,3250.6597514204545
2026-07-31 10:45:00-04:00,3259.464599609375,3259.464599609375,3260.527587890625,3256.414794921875,3256.70458984375,0.0,3259.464599609375,3254.2164983575994,3250.954716796875
2026-07-31 11:00:00-04:00,3261.0673828125,3261.0673828125,3261.28857421875,3257.25830078125,3259.657958984375,0.0,3261.0673828125,3254.627664462003,3251.276494140625
2026-07-31 11:15:00-04:00,3247.2998046875,3247.2998046875,3263.365234375,3247.2998046875,3260.618408203125,0.0,3247.2998046875,3254.3373424183237,3251.3176762251423
2026-07-31 11:30:00-04:00,3246.92236328125,3246.92236328125,3246.92236328125,3246.92236328125,3246.92236328125,0.0,3246.92236328125,3254.0150390625,3251.346065784801
2026-07-31 11:45:00-04:00,,,,,,,3246.99093976702,3253.6830552891324,3251.3705831774423
2026-07-31 12:00:00-04:00,,,,,,,3247.05951625279,3253.341391098221,3251.3912284030666
2026-07-31 12:15:00-04:00,,,,,,,3247.12809273856,3252.990046489765,3251.4080014616734
2026-07-31 12:30:00-04:00,,,,,,,3247.1966692243304,3252.6290214637656,3251.420902353262
2026-07-31 12:45:00-04:00,,,,,,,3247.2652457101003,3252.258316020222,3251.4299310778333
2026-07-31 13:00:00-04:00,,,,,,,3247.3338221958707,3251.8779301591358,3251.435087635387
2026-07-31 13:15:00-04:00,,,,,,,3247.4023986816405,3251.4878638805044,3251.4363720259234
2026-07-31 13:30:00-04:00,,,,,,,3247.470975167411,3251.0881171843293,3251.433784249442
2026-07-31 13:45:00-04:00,,,,,,,3247.5395516531808,3250.6786900706106,3251.4273243059433
2026-07-31 14:00:00-04:00,,,,,,,3247.608128138951,3250.2595825393482,3251.4169921954267
2026-07-31 14:15:00-04:00,,,,,,,3247.676704624721,3249.8307945905412,3251.4027879178925
2026-07-31 14:30:00-04:00,,,,,,,3247.745281110491,3249.3923262241906,3251.3847114733408
2026-07-31 14:45:00-04:00,,,,,,,3247.813857596261,3249.253233947754,3251.3627628617714
2026-07-31 15:00:00-04:00,,,,,,,3247.882434082031,3249.4488571166994,3251.3369420831855
2026-07-31 15:15:00-04:00,,,,,,,3247.9510105678014,3249.1538417271204,3251.307249137581
2026-07-31 15:30:00-04:00,,,,,,,3248.0195870535713,3248.741918247768,3251.273684024959
2026-07-31 15:45:00-04:00,,,,,,,3248.0881635393416,3248.173096444266,3251.23624674532
2026-07-31 16:00:00-04:00,,,,,,,3248.1567400251115,3247.5275643048967,3251.1949372986633
2026-07-31 16:15:00-04:00,,,,,,,3248.225316510882,3247.5738398960657,3251.149755684989
2026-07-31 16:30:00-04:00,,,,,,,3248.2938929966517,3247.642416381836,3251.100701904297
2026-07-31 16:45:00-04:00,,,,,,,3248.362469482422,3247.7109928676064,3251.0477759565874
2026-07-31 17:00:00-04:00,,,,,,,3248.431045968192,3247.7795693533762,3250.99097784186
2026-07-31 17:15:00-04:00,,,,,,,3248.4996224539623,3247.848145839146,3250.9303075601156
2026-07-31 17:30:00-04:00,,,,,,,3248.568198939732,3247.9167223249165,3250.865765111353
2026-07-31 17:45:00-04:00,,,,,,,3248.636775425502,3247.9852988106863,3250.797350495574
2026-07-31 18:00:00-04:00,,,,,,,3248.7053519112724,3248.053875296456,3250.7250637127763
2026-07-31 18:15:00-04:00,,,,,,,3248.7739283970423,3248.1224517822266,3250.648904762961
2026-07-31 18:30:00-04:00,,,,,,,3248.8425048828126,3248.191028267997,3250.568873646129
2026-07-31 18:45:00-04:00,,,,,,,3248.9110813685825,3248.259604753767,3250.4849703622795
2026-07-31 19:00:00-04:00,,,,,,,3248.979657854353,3248.3281812395367,3250.397194911412
2026-07-31 19:15:00-04:00,,,,,,,3249.0482343401227,3248.396757725307,3250.305547293527
2026-07-31 19:30:00-04:00,,,,,,,3249.116810825893,3248.465334211077,3250.2100275086245
2026-07-31 19:45:00-04:00,,,,,,,3249.185387311663,3248.5339106968468,3250.110635556704
2026-07-31 20:00:00-04:00,,,,,,,3249.2539637974332,3248.602487182617,3250.0073714377663
2026-07-31 20:15:00-04:00,,,,,,,3249.322540283203,3248.6710636683874,3249.900235151811
2026-07-31 20:30:00-04:00,,,,,,,3249.391116768973,3248.7396401541573,3249.7892266988383
2026-07-31 20:45:00-04:00,,,,,,,3249.4596932547433,3248.8082166399277,3249.674346078848
2026-07-31 21:00:00-04:00,,,,,,,3249.528269740513,3248.8767931256975,3249.55559329184
2026-07-31 21:15:00-04:00,,,,,,,3249.5968462262836,3248.945369611468,3249.4329683378146
2026-07-31 21:30:00-04:00,,,,,,,3249.6654227120534,3249.0139460972377,3249.3064712167716
2026-07-31 21:45:00-04:00,,,,,,,3249.733999197824,3249.0825225830076,3249.1761019287105
2026-07-31 22:00:00-04:00,,,,,,,3249.8025756835937,3249.151099068778,3249.041860473633
2026-07-31 22:15:00-04:00,,,,,,,3249.871152169364,3249.219675554548,3249.02736945452
2026-07-31 22:30:00-04:00,,,,,,,3249.939728655134,3249.2882520403177,3249.1467646135607
2026-07-31 22:45:00-04:00,,,,,,,3250.008305140904,3249.3568285260885,3249.069904349191
2026-07-31 23:00:00-04:00,,,,,,,3250.076881626674,3249.4254050118584,3248.946280848912
2026-07-31 23:15:00-04:00,,,,,,,3250.145458112444,3249.4939814976283,3248.759898018973
2026-07-31 23:30:00-04:00,,,,,,,3250.2140345982143,3249.5625579833986,3248.542831054687
2026-07-31 23:45:00-04:00,,,,,,,3250.282611083984,3249.6311344691685,3248.602487182617
2026-08-01 00:00:00-04:00,,,,,,,3250.3511875697545,3249.6997109549384,3248.6710636683874
2026-08-01 00:15:00-04:00,,,,,,,3250.4197640555244,3249.7682874407087,3248.7396401541573
2026-08-01 00:30:00-04:00,,,,,,,3250.4883405412947,3249.8368639264786,3248.808216639927
2026-08-01 00:45:00-04:00,,,,,,,3250.5569170270646,3249.905440412249,3248.876793125697
2026-08-01 01:00:00-04:00,,,,,,,3250.625493512835,3249.974016898019,3248.9453696114674
2026-08-01 01:15:00-04:00,,,,,,,3250.694069998605,3250.042593383789,3249.0139460972377
2026-08-01 01:30:00-04:00,,,,,,,3250.762646484375,3250.1111698695595,3249.0825225830076
2026-08-01 01:45:00-04:00,,,,,,,3250.831222970145,3250.1797463553294,3249.151099068778
2026-08-01 02:00:00-04:00,,,,,,,3250.8997994559154,3250.2483228410993,3249.2196755545483
2026-08-01 02:15:00-04:00,,,,,,,3250.9683759416853,3250.3168993268696,3249.2882520403177
2026-08-01 02:30:00-04:00,,,,,,,3251.036952427455,3250.3854758126395,3249.3568285260885
2026-08-01 02:45:00-04:00,,,,,,,3251.1055289132255,3250.4540522984094,3249.425405011858
2026-08-01 03:00:00-04:00,,,,,,,3251.1741053989954,3250.5226287841797,3249.4939814976283
2026-08-01 03:15:00-04:00,,,,,,,3251.2426818847657,3250.59120526995,3249.5625579833986
2026-08-01 03:30:00-04:00,,,,,,,3251.3112583705356,3250.65978175572,3249.6311344691685
2026-08-01 03:45:00-04:00,,,,,,,3251.379834856306,3250.72835824149,3249.699710954939
2026-08-01 04:00:00-04:00,,,,,,,3251.448411342076,3250.79693472726,3249.768287440709
2026-08-01 04:15:00-04:00,,,,,,,3251.516987827846,3250.86551121303,3249.836863926479
2026-08-01 04:30:00-04:00,,,,,,,3251.585564313616,3250.9340876988,3249.905440412249
2026-08-01 04:45:00-04:00,,,,,,,3251.6541407993864,3251.00266418457,3249.974016898019
2026-08-01 05:00:00-04:00,,,,,,,3251.7227172851562,3251.0712406703406,3250.042593383789
2026-08-01 05:15:00-04:00,,,,,,,3251.791293770926,3251.1398171561104,3250.111169869559
2026-08-01 05:30:00-04:00,,,,,,,3251.8598702566965,3251.208393641881,3250.1797463553294
2026-08-01 05:45:00-04:00,,,,,,,3251.9284467424663,3251.2769701276507,3250.2483228410997
2026-08-01 06:00:00-04:00,,,,,,,3251.9970232282367,3251.345546613421,3250.3168993268696
2026-08-01 06:15:00-04:00,,,,,,,3252.0655997140066,3251.414123099191,3250.3854758126395
2026-08-01 06:30:00-04:00,,,,,,,3252.134176199777,3251.4826995849608,3250.4540522984094
2026-08-01 06:45:00-04:00,,,,,,,3252.202752685547,3251.551276070731,3250.5226287841797
2026-08-01 07:00:00-04:00,,,,,,,3252.271329171317,3251.619852556501,3250.59120526995
2026-08-01 07:15:00-04:00,,,,,,,3252.339905657087,3251.688429042271,3250.65978175572
2026-08-01 07:30:00-04:00,,,,,,,3252.4084821428573,3251.7570055280416,3250.72835824149
2026-08-01 07:45:00-04:00,,,,,,,3252.477058628627,3251.8255820138115,3250.7969347272597
2026-08-01 08:00:00-04:00,,,,,,,3252.545635114397,3251.8941584995814,3250.86551121303
2026-08-01 08:15:00-04:00,,,,,,,3252.6142116001674,3251.9627349853517,3250.9340876988003
2026-08-01 08:30:00-04:00,,,,,,,3252.6827880859373,3252.0313114711216,3251.00266418457
2026-08-01 08:45:00-04:00,,,,,,,3252.7513645717077,3252.0998879568915,3251.0712406703406
2026-08-01 09:00:00-04:00,,,,,,,3252.8199410574775,3252.168464442662,3251.1398171561104
2026-08-01 09:15:00-04:00,,,,,,,3252.888517543248,3252.2370409284317,3251.2083936418803
2026-08-01 09:30:00-04:00,,,,,,,3252.9570940290178,3252.305617414202,3251.27697012765
2026-08-01 09:45:00-04:00,,,,,,,3253.025670514788,3252.374193899972,3251.3455466134205
2026-08-01 10:00:00-04:00,,,,,,,3253.094247000558,3252.4427703857423,3251.414123099191
2026-08-01 10:15:00-04:00,,,,,,,3253.1628234863283,3252.5113468715126,3251.4826995849608
2026-08-01 10:30:00-04:00,,,,,,,3253.231399972098,3252.5799233572825,3251.551276070731
2026-08-01 10:45:00-04:00,,,,,,,3253.2999764578685,3252.6484998430524,3251.6198525565014
2026-08-01 11:00:00-04:00,,,,,,,3253.3685529436384,3252.7170763288227,3251.688429042271
2026-08-01 11:15:00-04:00,,,,,,,3253.4371294294083,3252.7856528145926,3251.7570055280416
2026-08-01 11:30:00-04:00,,,,,,,3253.5057059151786,3252.8542293003625,3251.825582013811
2026-08-01 11:45:00-04:00,,,,,,,3253.5742824009485,3252.922805786133,3251.8941584995814
2026-08-01 12:00:00-04:00,,,,,,,3253.642858886719,3252.991382271903,3251.9627349853517
2026-08-01 12:15:00-04:00,,,,,,,3253.7114353724887,3253.059958757673,3252.0313114711216
2026-08-01 12:30:00-04:00,,,,,,,3253.780011858259,3253.128535243443,3252.099887956892
2026-08-01 12:45:00-04:00,,,,,,,3253.848588344029,3253.1971117292132,3252.1684644426623
2026-08-01 13:00:00-04:00,,,,,,,3253.9171648297993,3253.265688214983,3252.237040928432
2026-08-01 13:15:00-04:00,,,,,,,3253.985741315569,3253.334264700753,3252.305617414202
2026-08-01 13:30:00-04:00,,,,,,,3254.0543178013395,3253.4028411865233,3252.374193899972
2026-08-01 13:45:00-04:00,,,,,,,3254.1228942871094,3253.4714176722937,3252.4427703857423
2026-08-01 14:00:00-04:00,,,,,,,3254.1914707728793,3253.5399941580636,3252.511346871512
2026-08-01 14:15:00-04:00,,,,,,,3254.2600472586496,3253.608570643834,3252.5799233572825
2026-08-01 14:30:00-04:00,,,,,,,3254.3286237444195,3253.677147129604,3252.648499843053
2026-08-01 14:45:00-04:00,,,,,,,3254.39720023019,3253.745723615374,3252.7170763288227
2026-08-01 15:00:00-04:00,,,,,,,3254.4657767159597,3253.814300101144,3252.7856528145926
2026-08-01 15:15:00-04:00,,,,,,,3254.53435320173,3253.882876586914,3252.8542293003625
2026-08-01 15:30:00-04:00,,,,,,,3254.6029296875,3253.951453072684,3252.922805786133
2026-08-01 15:45:00-04:00,,,,,,,3254.6715061732702,3254.020029558454,3252.991382271903
2026-08-01 16:00:00-04:00,,,,,,,3254.74008265904,3254.088606044224,3253.059958757673
2026-08-01 16:15:00-04:00,,,,,,,3254.8086591448105,3254.1571825299948,3253.128535243443
2026-08-01 16:30:00-04:00,,,,,,,3254.8772356305803,3254.2257590157647,3253.197111729213
2026-08-01 16:45:00-04:00,,,,,,,3254.94581211635,3254.2943355015345,3253.265688214983
2026-08-01 17:00:00-04:00,,,,,,,3255.0143886021206,3254.362911987305,3253.3342647007535
2026-08-01 17:15:00-04:00,,,,,,,3255.0829650878904,3254.4314884730748,3253.4028411865233
2026-08-01 17:30:00-04:00,,,,,,,3255.151541573661,3254.5000649588446,3253.4714176722937
2026-08-01 17:45:00-04:00,,,,,,,3255.2201180594307,3254.568641444615,3253.5399941580636
2026-08-01 18:00:00-04:00,,,,,,,3255.288694545201,3254.637217930385,3253.6085706438334
2026-08-01 18:15:00-04:00,,,,,,,3255.357271030971,3254.705794416155,3253.6771471296033
2026-08-01 18:30:00-04:00,,,,,,,3255.425847516741,3254.774370901925,3253.7457236153737
2026-08-01 18:45:00-04:00,,,,,,,3255.494424002511,3254.8429473876954,3253.814300101144
2026-08-01 19:00:00-04:00,,,,,,,3255.5630004882814,3254.9115238734657,3253.882876586914
2026-08-01 19:15:00-04:00,,,,,,,3255.6315769740513,3254.9801003592356,3253.951453072684
2026-08-01 19:30:00-04:00,,,,,,,3255.7001534598216,3255.0486768450055,3254.0200295584546
2026-08-01 19:45:00-04:00,,,,,,,3255.7687299455915,3255.117253330776,3254.088606044224
2026-08-01 20:00:00-04:00,,,,,,,3255.8373064313614,3255.1858298165457,3254.1571825299948
2026-08-01 20:15:00-04:00,,,,,,,3255.9058829171317,3255.2544063023156,3254.225759015764
2026-08-01 20:30:00-04:00,,,,,,,3255.9744594029016,3255.322982788086,3254.2943355015345
2026-08-01 20:45:00-04:00,,,,,,,3256.043035888672,3255.3915592738563,3254.362911987305
2026-08-01 21:00:00-04:00,,,,,,,3256.111612374442,3255.460135759626,3254.4314884730748
2026-08-01 21:15:00-04:00,,,,,,,3256.180188860212,3255.528712245396,3254.500064958845
2026-08-01 21:30:00-04:00,,,,,,,3256.248765345982,3255.5972887311664,3254.5686414446154
2026-08-01 21:45:00-04:00,,,,,,,3256.3173418317524,3255.6658652169363,3254.6372179303853
2026-08-01 22:00:00-04:00,,,,,,,3256.3859183175223,3255.734441702706,3254.705794416155
2026-08-01 22:15:00-04:00,,,,,,,3256.4544948032926,3255.8030181884765,3254.774370901925
2026-08-01 22:30:00-04:00,,,,,,,3256.5230712890625,3255.871594674247,3254.8429473876954
2026-08-01 22:45:00-04:00,,,,,,,3256.5916477748324,3255.9401711600167,3254.9115238734653
2026-08-01 23:00:00-04:00,,,,,,,3256.6602242606027,3256.008747645787,3254.9801003592356
2026-08-01 23:15:00-04:00,,,,,,,3256.7288007463726,3256.077324131557,3255.048676845006
2026-08-01 23:30:00-04:00,,,,,,,3256.797377232143,3256.1459006173272,3255.117253330776
2026-08-01 23:45:00-04:00,,,,,,,3256.865953717913,3256.214477103097,3255.1858298165457
2026-08-02 00:00:00-04:00,,,,,,,3256.934530203683,3256.283053588867,3255.2544063023156
2026-08-02 00:15:00-04:00,,,,,,,3257.003106689453,3256.3516300746373,3255.322982788086
2026-08-02 00:30:00-04:00,,,,,,,3257.0716831752234,3256.420206560407,3255.3915592738563
2026-08-02 00:45:00-04:00,,,,,,,3257.1402596609933,3256.488783046177,3255.460135759626
2026-08-02 01:00:00-04:00,,,,,,,3257.2088361467636,3256.557359531948,3255.528712245396
2026-08-02 01:15:00-04:00,,,,,,,3257.2774126325335,3256.625936017718,3255.597288731166
2026-08-02 01:30:00-04:00,,,,,,,3257.3459891183034,3256.6945125034877,3255.6658652169363
2026-08-02 01:45:00-04:00,,,,,,,3257.4145656040737,3256.763088989258,3255.7344417027066
2026-08-02 02:00:00-04:00,,,,,,,3257.4831420898436,3256.831665475028,3255.8030181884765
2026-08-02 02:15:00-04:00,,,,,,,3257.551718575614,3256.9002419607978,3255.871594674247
2026-08-02 02:30:00-04:00,,,,,,,3257.620295061384,3256.968818446568,3255.9401711600167
2026-08-02 02:45:00-04:00,,,,,,,3257.688871547154,3257.037394932338,3256.0087476457866
2026-08-02 03:00:00-04:00,,,,,,,3257.757448032924,3257.1059714181083,3256.0773241315565
2026-08-02 03:15:00-04:00,,,,,,,3257.8260245186943,3257.174547903878,3256.145900617327
2026-08-02 03:30:00-04:00,,,,,,,3257.894601004464,3257.2431243896485,3256.214477103097
2026-08-02 03:45:00-04:00,,,,,,,3257.9631774902346,3257.311700875419,3256.283053588867
2026-08-02 04:00:00-04:00,,,,,,,3258.0317539760044,3257.3802773611887,3256.3516300746373
2026-08-02 04:15:00-04:00,,,,,,,3258.100330461775,3257.4488538469586,3256.4202065604077
2026-08-02 04:30:00-04:00,,,,,,,3258.1689069475447,3257.517430332729,3256.488783046177
2026-08-02 04:45:00-04:00,,,,,,,3258.2374834333145,3257.586006818499,3256.557359531948
2026-08-02 05:00:00-04:00,,,,,,,3258.306059919085,3257.6545833042687,3256.6259360177173
2026-08-02 05:15:00-04:00,,,,,,,3258.3746364048548,3257.723159790039,3256.6945125034877
2026-08-02 05:30:00-04:00,,,,,,,3258.443212890625,3257.7917362758094,3256.763088989258
2026-08-02 05:45:00-04:00,,,,,,,3258.511789376395,3257.8603127615793,3256.831665475028
2026-08-02 06:00:00-04:00,,,,,,,3258.5803658621653,3257.928889247349,3256.900241960798
2026-08-02 06:15:00-04:00,,,,,,,3258.648942347935,3257.9974657331195,3256.9688184465685
2026-08-02 06:30:00-04:00,,,,,,,3258.7175188337055,3258.0660422188894,3257.0373949323384
2026-08-02 06:45:00-04:00,,,,,,,3258.7860953194754,3258.1346187046593,3257.1059714181083
2026-08-02 07:00:00-04:00,,,,,,,3258.8546718052457,3258.2031951904296,3257.174547903878
2026-08-02 07:15:00-04:00,,,,,,,3258.9232482910156,3258.2717716762,3257.2431243896485
2026-08-02 07:30:00-04:00,,,,,,,3258.9918247767855,3258.34034816197,3257.3117008754184
2026-08-02 07:45:00-04:00,,,,,,,3259.060401262556,3258.40892464774,3257.3802773611887
2026-08-02 08:00:00-04:00,,,,,,,3259.1289777483257,3258.47750113351,3257.448853846959
2026-08-02 08:15:00-04:00,,,,,,,3259.197554234096,3258.5460776192804,3257.517430332729
2026-08-02 08:30:00-04:00,,,,,,,3259.266130719866,3258.6146541050502,3257.586006818499
2026-08-02 08:45:00-04:00,,,,,,,3259.3347072056363,3258.68323059082,3257.6545833042687
2026-08-02 09:00:00-04:00,,,,,,,3259.403283691406,3258.7518070765905,3257.723159790039
2026-08-02 09:15:00-04:00,,,,,,,3259.4718601771765,3258.8203835623603,3257.7917362758094
2026-08-02 09:30:00-04:00,,,,,,,3259.5404366629464,3258.8889600481302,3257.8603127615793
2026-08-02 09:45:00-04:00,,,,,,,3259.6090131487167,3258.957536533901,3257.928889247349
2026-08-02 10:00:00-04:00,,,,,,,3259.6775896344866,3259.026113019671,3257.997465733119
2026-08-02 10:15:00-04:00,,,,,,,3259.7461661202565,3259.094689505441,3258.0660422188894
2026-08-02 10:30:00-04:00,,,,,,,3259.814742606027,3259.163265991211,3258.1346187046597
2026-08-02 10:45:00-04:00,,,,,,,3259.8833190917967,3259.231842476981,3258.2031951904296
2026-08-02 11:00:00-04:00,,,,,,,3259.951895577567,3259.300418962751,3258.2717716762
2026-08-02 11:15:00-04:00,,,,,,,3260.020472063337,3259.368995448521,3258.34034816197
2026-08-02 11:30:00-04:00,,,,,,,3260.0890485491072,3259.437571934291,3258.4089246477397
2026-08-02 11:45:00-04:00,,,,,,,3260.157625034877,3259.5061484200614,3258.4775011335096
2026-08-02 12:00:00-04:00,,,,,,,3260.2262015206475,3259.5747249058313,3258.54607761928
2026-08-02 12:15:00-04:00,,,,,,,3260.2947780064173,3259.6433013916017,3258.6146541050502
2026-08-02 12:30:00-04:00,,,,,,,3260.3633544921877,3259.711877877372,3258.68323059082
2026-08-02 12:45:00-04:00,,,,,,,3260.4319309779576,3259.780454363142,3258.7518070765905
2026-08-02 13:00:00-04:00,,,,,,,3260.500507463728,3259.8490308489118,3258.820383562361
2026-08-02 13:15:00-04:00,,,,,,,3260.569083949498,3259.917607334682,3258.8889600481302
2026-08-02 13:30:00-04:00,,,,,,,3260.6376604352677,3259.986183820452,3258.957536533901
2026-08-02 13:45:00-04:00,,,,,,,3260.706236921038,3260.054760306222,3259.0261130196704
2026-08-02 14:00:00-04:00,,,,,,,3260.774813406808,3260.123336791992,3259.094689505441
2026-08-02 14:15:00-04:00,,,,,,,3260.843389892578,3260.1919132777625,3259.163265991211
2026-08-02 14:30:00-04:00,,,,,,,3260.911966378348,3260.2604897635324,3259.231842476981
2026-08-02 14:45:00-04:00,,,,,,,3260.9805428641184,3260.3290662493023,3259.3004189627513
2026-08-02 15:00:00-04:00,,,,,,,3261.0491193498883,3260.3976427350726,3259.3689954485217
2026-08-02 15:15:00-04:00,,,,,,,3261.1176958356587,3260.4662192208425,3259.4375719342916
2026-08-02 15:30:00-04:00,,,,,,,3261.1862723214285,3260.5347957066124,3259.5061484200614
2026-08-02 15:45:00-04:00,,,,,,,3261.254848807199,3260.6033721923827,3259.5747249058313
2026-08-02 16:00:00-04:00,,,,,,,3261.3234252929688,3260.671948678153,3259.6433013916017
2026-08-02 16:15:00-04:00,,,,,,,3261.3920017787386,3260.740525163923,3259.7118778773715
2026-08-02 16:30:00-04:00,,,,,,,3261.460578264509,3260.8091016496933,3259.780454363142
2026-08-02 16:45:00-04:00,,,,,,,3261.529154750279,3260.877678135463,3259.849030848912
2026-08-02 17:00:00-04:00,,,,,,,3261.597731236049,3260.9462546212335,3259.917607334682
2026-08-02 17:15:00-04:00,,,,,,,3261.666307721819,3261.0148311070034,3259.986183820452
2026-08-02 17:30:00-04:00,,,,,,,3261.7348842075894,3261.0834075927733,3260.054760306222
2026-08-02 17:45:00-04:00,,,,,,,3261.8034606933593,3261.1519840785436,3260.123336791992
2026-08-02 18:00:00-04:00,,,,,,,3261.8720371791296,3261.2205605643135,3260.1919132777625
2026-08-02 18:15:00-04:00,,,,,,,3261.9406136648995,3261.2891370500834,3260.2604897635324
2026-08-02 18:30:00-04:00,,,,,,,3262.00919015067,3261.357713535854,3260.3290662493023
2026-08-02 18:45:00-04:00,,,,,,,3262.0777666364397,3261.426290021624,3260.397642735072
2026-08-02 19:00:00-04:00,,,,,,,3262.1463431222096,3261.494866507394,3260.4662192208425
2026-08-02 19:15:00-04:00,,,,,,,3262.21491960798,3261.5634429931642,3260.534795706613
2026-08-02 19:30:00-04:00,,,,,,,3262.28349609375,3261.632019478934,3260.6033721923827
2026-08-02 19:45:00-04:00,,,,,,,3262.35207257952,3261.700595964704,3260.671948678153
2026-08-02 20:00:00-04:00,,,,,,,3262.42064906529,3261.7691724504743,3260.740525163923
2026-08-02 20:15:00-04:00,,,,,,,3262.4892255510604,3261.837748936244,3260.809101649693
2026-08-02 20:30:00-04:00,,,,,,,3262.5578020368303,3261.9063254220146,3260.8776781354627
2026-08-02 20:45:00-04:00,,,,,,,3262.6263785226006,3261.9749019077844,3260.946254621233
2026-08-02 21:00:00-04:00,,,,,,,3262.6949550083705,3262.043478393555,3261.0148311070034
2026-08-02 21:15:00-04:00,,,,,,,3262.763531494141,3262.112054879325,3261.0834075927733
2026-08-02 21:30:00-04:00,,,,,,,3262.8321079799107,3262.180631365095,3261.1519840785436
2026-08-02 21:45:00-04:00,,,,,,,3262.900684465681,3262.249207850865,3261.220560564314
2026-08-02 22:00:00-04:00,,,,,,,3262.969260951451,3262.317784336635,3261.2891370500834
2026-08-02 22:15:00-04:00,,,,,,,3263.037837437221,3262.386360822405,3261.357713535854
2026-08-02 22:30:00-04:00,,,,,,,3263.106413922991,3262.454937308175,3261.4262900216236
2026-08-02 22:45:00-04:00,,,,,,,3263.174990408761,3262.5235137939453,3261.494866507394
2026-08-02 23:00:00-04:00,,,,,,,3263.2435668945313,3262.5920902797156,3261.5634429931642
2026-08-02 23:15:00-04:00,,,,,,,3263.312143380301,3262.6606667654855,3261.632019478934
2026-08-02 23:30:00-04:00,,,,,,,3263.3807198660716,3262.7292432512554,3261.7005959647045
2026-08-02 23:45:00-04:00,,,,,,,3263.4492963518414,3262.7978197370257,3261.769172450475
2026-08-03 00:00:00-04:00,,,,,,,3263.517872837612,3262.8663962227956,3261.8377489362447
2026-08-03 00:15:00-04:00,,,,,,,3263.5864493233817,3262.9349727085655,3261.9063254220146
2026-08-03 00:30:00-04:00,,,,,,,3263.655025809152,3263.003549194336,3261.9749019077844
2026-08-03 00:45:00-04:00,,,,,,,3263.723602294922,3263.072125680106,3262.043478393555
2026-08-03 01:00:00-04:00,,,,,,,3263.7921787806918,3263.140702165876,3262.1120548793247
2026-08-03 01:15:00-04:00,,,,,,,3263.860755266462,3263.2092786516464,3262.180631365095
2026-08-03 01:30:00-04:00,,,,,,,3263.929331752232,3263.2778551374163,3262.2492078508653
2026-08-03 01:45:00-04:00,,,,,,,3263.9979082380023,3263.3464316231866,3262.317784336635
2026-08-03 02:00:00-04:00,,,,,,,3264.066484723772,3263.4150081089565,3262.386360822405
2026-08-03 02:15:00-04:00,,,,,,,3264.1350612095425,3263.4835845947264,3262.454937308175
2026-08-03 02:30:00-04:00,,,,,,,3264.2036376953124,3263.5521610804967,3262.5235137939453
2026-08-03 02:45:00-04:00,,,,,,,3264.2722141810827,3263.6207375662666,3262.5920902797156
2026-08-03 03:00:00-04:00,,,,,,,3264.3407906668526,3263.6893140520365,3262.6606667654855
2026-08-03 03:15:00-04:00,,,,,,,3264.409367152623,3263.7578905378073,3262.7292432512554
2026-08-03 03:30:00-04:00,,,,,,,3264.477943638393,3263.826467023577,3262.7978197370253
2026-08-03 03:45:00-04:00,,,,,,,3264.5465201241627,3263.895043509347,3262.8663962227956
2026-08-03 04:00:00-04:00,,,,,,,3264.615096609933,3263.9636199951174,3262.934972708566
2026-08-03 04:15:00-04:00,,,,,,,3264.683673095703,3264.0321964808873,3263.003549194336
2026-08-03 04:30:00-04:00,,,,,,,3264.7522495814733,3264.100772966657,3263.072125680106
2026-08-03 04:45:00-04:00,,,,,,,3264.820826067243,3264.1693494524275,3263.140702165876
2026-08-03 05:00:00-04:00,,,,,,,3264.8894025530135,3264.2379259381973,3263.209278651646
2026-08-03 05:15:00-04:00,,,,,,,3264.9579790387834,3264.3065024239677,3263.277855137416
2026-08-03 05:30:00-04:00,,,,,,,3265.0265555245537,3264.3750789097376,3263.346431623186
2026-08-03 05:45:00-04:00,,,,,,,3265.0951320103236,3264.443655395508,3263.4150081089565
2026-08-03 06:00:00-04:00,,,,,,,3265.163708496094,3264.5122318812782,3263.4835845947264
2026-08-03 06:15:00-04:00,,,,,,,3265.232284981864,3264.580808367048,3263.5521610804967
2026-08-03 06:30:00-04:00,,,,,,,3265.300861467634,3264.649384852818,3263.620737566267
2026-08-03 06:45:00-04:00,,,,,,,3265.369437953404,3264.7179613385883,3263.6893140520365
2026-08-03 07:00:00-04:00,,,,,,,3265.438014439174,3264.786537824358,3263.7578905378073
2026-08-03 07:15:00-04:00,,,,,,,3265.5065909249442,3264.855114310128,3263.8264670235767
2026-08-03 07:30:00-04:00,,,,,,,3265.575167410714,3264.9236907958984,3263.895043509347
2026-08-03 07:45:00-04:00,,,,,,,3265.6437438964845,3264.992267281669,3263.9636199951174
2026-08-03 08:00:00-04:00,,,,,,,3265.7123203822543,3265.0608437674387,3264.0321964808873
2026-08-03 08:15:00-04:00,,,,,,,3265.7808968680247,3265.1294202532085,3264.1007729666576
2026-08-03 08:30:00-04:00,,,,,,,3265.8494733537946,3265.197996738979,3264.169349452428
2026-08-03 08:45:00-04:00,,,,,,,3265.918049839565,3265.2665732247488,3264.237925938198
2026-08-03 09:00:00-04:00,,,,,,,3265.986626325335,3265.3351497105186,3264.3065024239677
2026-08-03 09:15:00-04:00,,,,,,,3266.055202811105,3265.403726196289,3264.3750789097376
2026-08-03 09:30:00-04:00,3266.123779296875,3266.123779296875,3268.879638671875,3261.8759765625,3264.2978515625,0.0,3266.123779296875,3265.4723026820593,3264.443655395508
2026-08-03 09:45:00-04:00,3273.721923828125,3273.721923828125,3273.87255859375,3265.022705078125,3267.059814453125,0.0,3273.721923828125,3265.9173575701034,3264.6628232421876
2026-08-03 10:00:00-04:00,3276.336181640625,3276.336181640625,3277.62255859375,3270.875244140625,3273.577392578125,0.0,3276.336181640625,3266.489696524484,3264.932904715402
2026-08-03 10:15:00-04:00,3282.26220703125,3282.26220703125,3282.668701171875,3275.993896484375,3276.218505859375,0.0,3282.26220703125,3267.354907924107,3265.320135166713
2026-08-03 10:30:00-04:00,3279.255615234375,3279.255615234375,3283.34619140625,3278.01611328125,3282.1591796875,0.0,3279.255615234375,3268.066360909598,3265.645862252372
2026-08-03 10:45:00-04:00,3280.337646484375,3280.337646484375,3282.052001953125,3277.626220703125,3279.2822265625,0.0,3280.337646484375,3268.8284866333006,3265.9918584333145
2026-08-03 11:00:00-04:00,3277.127685546875,3277.127685546875,3280.691162109375,3276.27880859375,3280.316162109375,0.0,3277.127685546875,3269.4266854858397,3266.2722838657924
2026-08-03 11:15:00-04:00,3274.99560546875,3274.99560546875,3279.247802734375,3274.822509765625,3277.9951171875,0.0,3274.99560546875,3269.9148515101842,3266.508696166992
2026-08-03 11:30:00-04:00,3274.431640625,3274.431640625,3274.431640625,3274.431640625,3274.431640625,0.0,3274.431640625,3270.3713904680526,3266.7324576416017
2026-08-03 11:45:00-04:00,,,,,,,3274.9399441805754,3270.849915779411,3266.965013657607
2026-08-03 12:00:00-04:00,,,,,,,3275.4482477361507,3271.35042744426,3267.2063642150083
2026-08-03 12:15:00-04:00,,,,,,,3275.9565512917256,3271.8729254625987,3267.4565093138062
2026-08-03 12:30:00-04:00,,,,,,,3276.464854847301,3272.4174098344283,3267.715448954
2026-08-03 12:45:00-04:00,,,,,,,3276.9731584028764,3272.9838805597474,3267.98318313559
2026-08-03 13:00:00-04:00,,,,,,,3277.4814619584517,3273.572337638558,3268.259711858576
2026-08-03 13:15:00-04:00,,,,,,,3277.989765514027,3274.182781070858,3268.5450351229583
2026-08-03 13:30:00-04:00,,,,,,,3278.4980690696025,3274.8152108566483,3268.8391529287364
2026-08-03 13:45:00-04:00,,,,,,,3279.0063726251774,3275.4696269959286,3269.14206527591
2026-08-03 14:00:00-04:00,,,,,,,3279.5146761807528,3276.1460294886997,3269.4537721644806
2026-08-03 14:15:00-04:00,,,,,,,3280.022979736328,3276.844418334961,3269.774273594447
2026-08-03 14:30:00-04:00,,,,,,,3280.5312832919035,3277.5647935347124,3270.10356956581
2026-08-03 14:45:00-04:00,,,,,,,3281.039586847479,3277.9306766856803,3270.441660078569
2026-08-03 15:00:00-04:00,,,,,,,3281.5478904030538,3278.1912621238016,3270.7885451327243
2026-08-03 15:15:00-04:00,,,,,,,3282.056193958629,3278.1809614701706,3271.144224728275
2026-08-03 15:30:00-04:00,,,,,,,3282.5644975142045,3278.3464055841623,3271.508698865221
2026-08-03 15:45:00-04:00,,,,,,,3283.07280106978,3278.483163313432,3271.8819675435648
2026-08-03 16:00:00-04:00,,,,,,,3283.5811046253552,3278.805834267356,3272.264030763304
2026-08-03 16:15:00-04:00,,,,,,,3284.0894081809306,3279.2605244029655,3272.6548885244392
2026-08-03 16:30:00-04:00,,,,,,,3284.5977117365055,3279.7688279585404,3273.054540826971
2026-08-03 16:45:00-04:00,,,,,,,3285.106015292081,3280.277131514116,3273.4629876708987
2026-08-03 17:00:00-04:00,,,,,,,3285.6143188476562,3280.7854350696916,3273.880229056222
2026-08-03 17:15:00-04:00,,,,,,,3286.1226224032316,3281.293738625266,3274.3062649829417
2026-08-03 17:30:00-04:00,,,,,,,3286.630925958807,3281.802042180842,3274.741095451058
2026-08-03 17:45:00-04:00,,,,,,,3287.139229514382,3282.3103457364173,3275.18472046057
2026-08-03 18:00:00-04:00,,,,,,,3287.6475330699573,3282.818649291992,3275.6371400114776
2026-08-03 18:15:00-04:00,,,,,,,3288.1558366255326,3283.3269528475676,3276.0983541037817
2026-08-03 18:30:00-04:00,,,,,,,3288.664140181108,3283.8352564031425,3276.5683627374824
2026-08-03 18:45:00-04:00,,,,,,,3289.1724437366834,3284.3435599587183,3277.0471659125787
2026-08-03 19:00:00-04:00,,,,,,,3289.6807472922587,3284.8518635142937,3277.5347636290708
2026-08-03 19:15:00-04:00,,,,,,,3290.1890508478336,3285.3601670698686,3278.03115588696
2026-08-03 19:30:00-04:00,,,,,,,3290.697354403409,3285.868470625444,3278.536342686244
2026-08-03 19:45:00-04:00,,,,,,,3291.2056579589844,3286.3767741810198,3279.0503240269254
2026-08-03 20:00:00-04:00,,,,,,,3291.7139615145597,3286.885077736594,3279.5730999090024
2026-08-03 20:15:00-04:00,,,,,,,3292.222265070135,3287.39338129217,3280.104670332475
2026-08-03 20:30:00-04:00,,,,,,,3292.73056862571,3287.9016848477454,3280.6450352973443
2026-08-03 20:45:00-04:00,,,,,,,3293.2388721812854,3288.4099884033203,3281.194194803609
2026-08-03 21:00:00-04:00,,,,,,,3293.7471757368608,3288.9182919588957,3281.7521488512702
2026-08-03 21:15:00-04:00,,,,,,,3294.255479292436,3289.4265955144706,3282.3188974403283
2026-08-03 21:30:00-04:00,,,,,,,3294.7637828480115,3289.9348990700464,3282.894440570782
2026-08-03 21:45:00-04:00,,,,,,,3295.272086403587,3290.443202625622,3283.478778242631
2026-08-03 22:00:00-04:00,,,,,,,3295.7803899591618,3290.9515061811967,3284.071910455877
2026-08-03 22:15:00-04:00,,,,,,,3296.288693514737,3291.459809736772,3284.5232458496093
2026-08-03 22:30:00-04:00,,,,,,,3296.7969970703125,3291.968113292348,3284.932462158203
2026-08-03 22:45:00-04:00,,,,,,,3297.305300625888,3292.4764168479223,3285.233324030096
2026-08-03 23:00:00-04:00,,,,,,,3297.8136041814632,3292.984720403498,3285.6044838090374
2026-08-03 23:15:00-04:00,,,,,,,3298.321907737038,3293.4930239590735,3285.9641690340914
2026-08-03 23:30:00-04:00,,,,,,,3298.8302112926135,3294.0013275146484,3286.3982195490057
2026-08-03 23:45:00-04:00,,,,,,,3299.338514848189,3294.509631070224,3286.885077736594
2026-08-04 00:00:00-04:00,,,,,,,3299.8468184037642,3295.0179346257987,3287.3933812921696
2026-08-04 00:15:00-04:00,,,,,,,3300.3551219593396,3295.5262381813745,3287.9016848477454
2026-08-04 00:30:00-04:00,,,,,,,3300.863425514915,3296.03454173695,3288.4099884033203
2026-08-04 00:45:00-04:00,,,,,,,3301.37172907049,3296.542845292525,3288.918291958895
2026-08-04 01:00:00-04:00,,,,,,,3301.8800326260653,3297.0511488481,3289.426595514471
2026-08-04 01:15:00-04:00,,,,,,,3302.3883361816406,3297.559452403676,3289.9348990700464
2026-08-04 01:30:00-04:00,,,,,,,3302.896639737216,3298.0677559592505,3290.4432026256213
2026-08-04 01:45:00-04:00,,,,,,,3303.4049432927914,3298.5760595148263,3290.9515061811962
2026-08-04 02:00:00-04:00,,,,,,,3303.9132468483663,3299.0843630704017,3291.4598097367725
2026-08-04 02:15:00-04:00,,,,,,,3304.4215504039416,3299.5926666259766,3291.9681132923474
2026-08-04 02:30:00-04:00,,,,,,,3304.929853959517,3300.100970181552,3292.4764168479223
2026-08-04 02:45:00-04:00,,,,,,,3305.4381575150924,3300.609273737127,3292.9847204034977
2026-08-04 03:00:00-04:00,,,,,,,3305.9464610706677,3301.1175772927027,3293.4930239590735
2026-08-04 03:15:00-04:00,,,,,,,3306.454764626243,3301.625880848278,3294.0013275146484
2026-08-04 03:30:00-04:00,,,,,,,3306.963068181818,3302.134184403853,3294.5096310702233
2026-08-04 03:45:00-04:00,,,,,,,3307.4713717373934,3302.6424879594283,3295.017934625799
2026-08-04 04:00:00-04:00,,,,,,,3307.9796752929688,3303.150791515004,3295.5262381813745
2026-08-04 04:15:00-04:00,,,,,,,3308.487978848544,3303.6590950705786,3296.0345417369494
2026-08-04 04:30:00-04:00,,,,,,,3308.9962824041195,3304.1673986261544,3296.5428452925244
2026-08-04 04:45:00-04:00,,,,,,,3309.5045859596944,3304.67570218173,3297.0511488481006
2026-08-04 05:00:00-04:00,,,,,,,3310.0128895152698,3305.1840057373047,3297.5594524036756
2026-08-04 05:15:00-04:00,,,,,,,3310.521193070845,3305.69230929288,3298.0677559592505
2026-08-04 05:30:00-04:00,,,,,,,3311.0294966264205,3306.200612848455,3298.576059514826
2026-08-04 05:45:00-04:00,,,,,,,3311.537800181996,3306.708916404031,3299.0843630704017
2026-08-04 06:00:00-04:00,,,,,,,3312.0461037375712,3307.217219959606,3299.5926666259766
2026-08-04 06:15:00-04:00,,,,,,,3312.554407293146,3307.725523515181,3300.1009701815515
2026-08-04 06:30:00-04:00,,,,,,,3313.0627108487215,3308.2338270707564,3300.6092737371273
2026-08-04 06:45:00-04:00,,,,,,,3313.571014404297,3308.7421306263323,3301.1175772927027
2026-08-04 07:00:00-04:00,,,,,,,3314.0793179598722,3309.2504341819067,3301.6258808482776
2026-08-04 07:15:00-04:00,,,,,,,3314.5876215154476,3309.7587377374825,3302.1341844038525
2026-08-04 07:30:00-04:00,,,,,,,3315.0959250710225,3310.267041293058,3302.6424879594288
2026-08-04 07:45:00-04:00,,,,,,,3315.604228626598,3310.775344848633,3303.1507915150037
2026-08-04 08:00:00-04:00,,,,,,,3316.1125321821733,3311.283648404208,3303.6590950705786
2026-08-04 08:15:00-04:00,,,,,,,3316.6208357377486,3311.791951959783,3304.167398626154
2026-08-04 08:30:00-04:00,,,,,,,3317.129139293324,3312.300255515359,3304.67570218173
2026-08-04 08:45:00-04:00,,,,,,,3317.6374428488994,3312.8085590709343,3305.1840057373047
2026-08-04 09:00:00-04:00,,,,,,,3318.1457464044743,3313.316862626509,3305.6923092928796
2026-08-04 09:15:00-04:00,,,,,,,3318.6540499600496,3313.8251661820846,3306.2006128484554
2026-08-04 09:30:00-04:00,3319.162353515625,3319.162353515625,3321.981689453125,3316.172607421875,3319.024658203125,0.0,3319.162353515625,3314.3334697376604,3306.708916404031
2026-08-04 09:45:00-04:00,3322.60546875,3322.60546875,3324.98388671875,3318.916259765625,3319.17919921875,0.0,3322.60546875,3314.988513877175,3307.2759161931817
2026-08-04 10:00:00-04:00,3321.410888671875,3321.410888671875,3324.42822265625,3320.230712890625,3320.25732421875,0.0,3321.410888671875,3315.558413835005,3307.8088583096587
2026-08-04 10:15:00-04:00,3322.2138671875,3322.2138671875,3325.27880859375,3321.84814453125,3322.1552734375,0.0,3322.2138671875,3316.143047540839,3308.3476939253374
2026-08-04 10:30:00-04:00,3324.113525390625,3324.113525390625,3324.749267578125,3319.732177734375,3322.48291015625,0.0,3324.113525390625,3316.797248979048,3308.9143566339667
2026-08-04 10:45:00-04:00,3326.7431640625,3326.7431640625,3327.45849609375,3324.638916015625,3324.650634765625,0.0,3326.7431640625,3317.5575171730734,3309.523446044922
2026-08-04 11:00:00-04:00,3327.1162109375,3327.1162109375,3327.541748046875,3325.077392578125,3326.606689453125,0.0,3327.1162109375,3318.31102253307,3310.1298303222657
2026-08-04 11:15:00-04:00,3325.458984375,3325.458984375,3328.19580078125,3324.451416015625,3327.8955078125,0.0,3325.458984375,3318.956251387163,3310.692903997248
2026-08-04 11:30:00-04:00,3326.279541015625,3326.279541015625,3326.279541015625,3326.279541015625,3326.279541015625,0.0,3326.279541015625,3319.617092895508,3311.262222733931
2026-08-04 11:45:00-04:00,,,,,,,3326.2784257368608,3320.252463462136,3311.821353093927
2026-08-04 12:00:00-04:00,,,,,,,3326.2773104580965,3320.8623630870475,3312.3702950772367
2026-08-04 12:15:00-04:00,,,,,,,3326.2761951793323,3321.4467917702414,3312.9090486838604
2026-08-04 12:30:00-04:00,,,,,,,3326.275079900568,3322.005749511719,3313.437613913796
2026-08-04 12:45:00-04:00,,,,,,,3326.2739646218038,3322.5392363114793,3313.9559907670455
2026-08-04 13:00:00-04:00,,,,,,,3326.27284934304,3323.047252169523,3314.464179243608
2026-08-04 13:15:00-04:00,,,,,,,3326.2717340642757,3323.5297970858483,3314.962179343484
2026-08-04 13:30:00-04:00,,,,,,,3326.2706187855115,3323.9868710604583,3315.4499910666723
2026-08-04 13:45:00-04:00,,,,,,,3326.2695035067472,3324.41847409335,3315.9276144131745
2026-08-04 14:00:00-04:00,,,,,,,3326.268388227983,3324.824606184526,3316.3950493829902
2026-08-04 14:15:00-04:00,,,,,,,3326.2672729492188,3325.2052673339845,3316.852295976119
2026-08-04 14:30:00-04:00,,,,,,,3326.2661576704545,3325.560457541726,3317.29935419256
2026-08-04 14:45:00-04:00,,,,,,,3326.2650423916903,3325.7434362238105,3317.736224032315
2026-08-04 15:00:00-04:00,,,,,,,3326.263927112926,3325.9860881458626,3318.1629054953837
2026-08-04 15:15:00-04:00,,,,,,,3326.2628118341618,3326.188535378196,3318.579398581765
2026-08-04 15:30:00-04:00,,,,,,,3326.2616965553975,3326.295943936435,3318.9857032914592
2026-08-04 15:45:00-04:00,,,,,,,3326.2605812766337,3326.2718147971414,3319.381819624468
2026-08-04 16:00:00-04:00,,,,,,,3326.2594659978695,3326.2289775501595,3319.7677475807886
2026-08-04 16:15:00-04:00,,,,,,,3326.2583507191052,3326.2689458673653,3320.1434871604224
2026-08-04 16:30:00-04:00,,,,,,,3326.257235440341,3326.267830588601,3320.5090383633697
2026-08-04 16:45:00-04:00,,,,,,,3326.2561201615767,3326.2667153098364,3320.864401189631
2026-08-04 17:00:00-04:00,,,,,,,3326.2550048828125,3326.265600031073,3321.2095756392046
2026-08-04 17:15:00-04:00,,,,,,,3326.2538896040483,3326.264484752308,3321.5445617120913
2026-08-04 17:30:00-04:00,,,,,,,3326.252774325284,3326.263369473544,3321.8693594082915
2026-08-04 17:45:00-04:00,,,,,,,3326.2516590465198,3326.26225419478,3322.1839687278057
2026-08-04 18:00:00-04:00,,,,,,,3326.2505437677555,3326.2611389160156,3322.4883896706324
2026-08-04 18:15:00-04:00,,,,,,,3326.2494284889913,3326.2600236372514,3322.7826222367717
2026-08-04 18:30:00-04:00,,,,,,,3326.2483132102275,3326.2589083584876,3323.0666664262258
2026-08-04 18:45:00-04:00,,,,,,,3326.2471979314632,3326.2577930797224,3323.3405222389915
2026-08-04 19:00:00-04:00,,,,,,,3326.246082652699,3326.256677800959,3323.6041896750708
2026-08-04 19:15:00-04:00,,,,,,,3326.2449673739347,3326.255562522195,3323.8576687344635
2026-08-04 19:30:00-04:00,,,,,,,3326.2438520951705,3326.25444724343,3324.1009594171696
2026-08-04 19:45:00-04:00,,,,,,,3326.2427368164062,3326.253331964667,3324.3340617231893
2026-08-04 20:00:00-04:00,,,,,,,3326.241621537642,3326.2522166859017,3324.5569756525206
2026-08-04 20:15:00-04:00,,,,,,,3326.2405062588778,3326.251101407138,3324.7697012051667
2026-08-04 20:30:00-04:00,,,,,,,3326.2393909801135,3326.2499861283736,3324.972238381126
2026-08-04 20:45:00-04:00,,,,,,,3326.2382757013493,3326.2488708496094,3325.164587180398
2026-08-04 21:00:00-04:00,,,,,,,3326.237160422585,3326.247755570845,3325.3467476029828
2026-08-04 21:15:00-04:00,,,,,,,3326.2360451438212,3326.2466402920813,3325.518719648882
2026-08-04 21:30:00-04:00,,,,,,,3326.234929865057,3326.245525013316,3325.680503318093
2026-08-04 21:45:00-04:00,,,,,,,3326.2338145862927,3326.244409734553,3325.832098610618
2026-08-04 22:00:00-04:00,,,,,,,3326.2326993075285,3326.2432944557886,3325.9735055264555
2026-08-04 22:15:00-04:00,,,,,,,3326.2315840287642,3326.242179177024,3326.046027832031
2026-08-04 22:30:00-04:00,,,,,,,3326.23046875,3326.2410638982606,3326.1424194335937
2026-08-04 22:45:00-04:00,,,,,,,3326.2293534712358,3326.2399486194954,3326.222729159268
2026-08-04 23:00:00-04:00,,,,,,,3326.2282381924715,3326.2388333407316,3326.265023415305
2026-08-04 23:15:00-04:00,,,,,,,3326.2271229137073,3326.2377180619674,3326.2547025923295
2026-08-04 23:30:00-04:00,,,,,,,3326.226007634943,3326.236602783203,3326.2368985262788
2026-08-04 23:45:00-04:00,,,,,,,3326.2248923561788,3326.235487504439,3326.252216685902
2026-08-05 00:00:00-04:00,,,,,,,3326.223777077415,3326.234372225675,3326.251101407138
2026-08-05 00:15:00-04:00,,,,,,,3326.2226617986507,3326.23325694691,3326.249986128374
2026-08-05 00:30:00-04:00,,,,,,,3326.2215465198865,3326.2321416681466,3326.2488708496094
2026-08-05 00:45:00-04:00,,,,,,,3326.2204312411222,3326.2310263893824,3326.2477555708447
2026-08-05 01:00:00-04:00,,,,,,,3326.219315962358,3326.2299111106176,3326.246640292081
2026-08-05 01:15:00-04:00,,,,,,,3326.2182006835938,3326.2287958318543,3326.2455250133166
2026-08-05 01:30:00-04:00,,,,,,,3326.2170854048295,3326.227680553089,3326.244409734552
2026-08-05 01:45:00-04:00,,,,,,,3326.2159701260653,3326.2265652743254,3326.243294455788
2026-08-05 02:00:00-04:00,,,,,,,3326.214854847301,3326.225449995561,3326.2421791770244
2026-08-05 02:15:00-04:00,,,,,,,3326.2137395685368,3326.224334716797,3326.2410638982606
2026-08-05 02:30:00-04:00,,,,,,,3326.2126242897725,3326.2232194380326,3326.239948619496
2026-08-05 02:45:00-04:00,,,,,,,3326.2115090110087,3326.222104159269,3326.2388333407316
2026-08-05 03:00:00-04:00,,,,,,,3326.2103937322445,3326.2209888805037,3326.237718061968
2026-08-05 03:15:00-04:00,,,,,,,3326.2092784534802,3326.2198736017403,3326.236602783203
2026-08-05 03:30:00-04:00,,,,,,,3326.208163174716,3326.218758322976,3326.2354875044384
2026-08-05 03:45:00-04:00,,,,,,,3326.2070478959517,3326.2176430442114,3326.2343722256746
2026-08-05 04:00:00-04:00,,,,,,,3326.2059326171875,3326.216527765448,3326.2332569469104
2026-08-05 04:15:00-04:00,,,,,,,3326.2048173384233,3326.215412486683,3326.2321416681457
2026-08-05 04:30:00-04:00,,,,,,,3326.203702059659,3326.214297207919,3326.231026389382
2026-08-05 04:45:00-04:00,,,,,,,3326.2025867808948,3326.213181929155,3326.229911110618
2026-08-05 05:00:00-04:00,,,,,,,3326.2014715021305,3326.2120666503906,3326.2287958318543
2026-08-05 05:15:00-04:00,,,,,,,3326.2003562233663,3326.2109513716264,3326.2276805530896
2026-08-05 05:30:00-04:00,,,,,,,3326.1992409446025,3326.2098360928626,3326.2265652743254
2026-08-05 05:45:00-04:00,,,,,,,3326.1981256658382,3326.2087208140974,3326.2254499955616
2026-08-05 06:00:00-04:00,,,,,,,3326.197010387074,3326.207605535334,3326.224334716797
2026-08-05 06:15:00-04:00,,,,,,,3326.1958951083097,3326.20649025657,3326.223219438032
2026-08-05 06:30:00-04:00,,,,,,,3326.1947798295455,3326.205374977805,3326.2221041592684
2026-08-05 06:45:00-04:00,,,,,,,3326.1936645507812,3326.204259699042,3326.220988880504
2026-08-05 07:00:00-04:00,,,,,,,3326.192549272017,3326.2031444202767,3326.2198736017394
2026-08-05 07:15:00-04:00,,,,,,,3326.1914339932528,3326.202029141513,3326.2187583229756
2026-08-05 07:30:00-04:00,,,,,,,3326.1903187144885,3326.2009138627486,3326.217643044212
2026-08-05 07:45:00-04:00,,,,,,,3326.1892034357243,3326.1997985839844,3326.216527765448
2026-08-05 08:00:00-04:00,,,,,,,3326.18808815696,3326.19868330522,3326.2154124866834
2026-08-05 08:15:00-04:00,,,,,,,3326.1869728781962,3326.1975680264563,3326.214297207919
2026-08-05 08:30:00-04:00,,,,,,,3326.185857599432,3326.196452747691,3326.2131819291553
2026-08-05 08:45:00-04:00,,,,,,,3326.1847423206677,3326.195337468928,3326.2120666503906
2026-08-05 09:00:00-04:00,,,,,,,3326.1836270419035,3326.1942221901636,3326.210951371626
2026-08-05 09:15:00-04:00,,,,,,,3326.1825117631392,3326.193106911399,3326.209836092862
2026-08-05 09:30:00-04:00,3326.181396484375,3326.181396484375,3329.616455078125,3324.510498046875,3329.616455078125,0.0,3326.181396484375,3326.1919916326356,3326.208720814098
2026-08-05 09:45:00-04:00,3329.1201171875,3329.1201171875,3329.66455078125,3325.087890625,3326.166015625,0.0,3329.1201171875,3326.337868152965,3326.266402254971
2026-08-05 10:00:00-04:00,3327.693359375,3327.693359375,3329.099365234375,3323.150146484375,3328.51318359375,0.0,3327.693359375,3326.412462546609,3326.2955708451705
2026-08-05 10:15:00-04:00,3326.034423828125,3326.034423828125,3330.095703125,3325.951904296875,3327.740478515625,0.0,3326.034423828125,3326.4041659268464,3326.291583030007
2026-08-05 10:30:00-04:00,3328.103271484375,3328.103271484375,3329.0166015625,3324.8994140625,3326.918701171875,0.0,3328.103271484375,3326.4993674538355,3326.3289944735443
2026-08-05 10:45:00-04:00,3328.638916015625,3328.638916015625,3330.5498046875,3326.43701171875,3328.15283203125,0.0,3328.638916015625,3326.621406971324,3326.377141113281
2026-08-05 11:00:00-04:00,3326.660888671875,3326.660888671875,3330.07568359375,3326.660888671875,3328.330078125,0.0,3326.660888671875,3326.644600885565,3326.3857495117186
2026-08-05 11:15:00-04:00,3326.285888671875,3326.285888671875,3327.510986328125,3325.3759765625,3326.67041015625,0.0,3326.285888671875,3326.6491005637426,3326.3868802157317
2026-08-05 11:30:00-04:00,3326.92919921875,3326.92919921875,3326.92919921875,3326.92919921875,3326.92919921875,0.0,3326.92919921875,3326.685821533203,3326.4008994362575
2026-08-05 11:45:00-04:00,,,,,,,3326.9787264737215,3326.7250746293503,3326.415931507457
2026-08-05 12:00:00-04:00,,,,,,,3327.028253728693,3326.7668598521836,3326.4319764293323
2026-08-05 12:15:00-04:00,,,,,,,3327.077780983665,3326.8111772017046,3326.4490342018817
2026-08-05 12:30:00-04:00,,,,,,,3327.1273082386365,3326.858026677912,3326.467104825106
2026-08-05 12:45:00-04:00,,,,,,,3327.176835493608,3326.907408280806,3326.486188299006
2026-08-05 13:00:00-04:00,,,,,,,3327.2263627485795,3326.9593220103875,3326.5062846235796
2026-08-05 13:15:00-04:00,,,,,,,3327.275890003551,3327.013767866655,3326.527393798828
2026-08-05 13:30:00-04:00,,,,,,,3327.3254172585225,3327.0707458496095,3326.549515824752
2026-08-05 13:45:00-04:00,,,,,,,3327.3749445134945,3327.1302559592505,3326.5726507013496
2026-08-05 14:00:00-04:00,,,,,,,3327.424471768466,3327.1922981955786,3326.5967984286226
2026-08-05 14:15:00-04:00,,,,,,,3327.4739990234375,3327.256872558594,3326.62195900657
2026-08-05 14:30:00-04:00,,,,,,,3327.523526278409,3327.3239790482958,3326.6481324351917
2026-08-05 14:45:00-04:00,,,,,,,3327.5730535333805,3327.246625865589,3326.6753187144886
2026-08-05 15:00:00-04:00,,,,,,,3327.6225807883525,3327.243086936257,3326.70351784446
2026-08-05 15:15:00-04:00,,,,,,,3327.672108043324,3327.324971147017,3326.732729825106
2026-08-05 15:30:00-04:00,,,,,,,3327.7216352982955,3327.305889337713,3326.7629546564276
2026-08-05 15:45:00-04:00,,,,,,,3327.771162553267,3327.262501664595,3326.7941923384233
2026-08-05 16:00:00-04:00,,,,,,,3327.8206898082385,3327.3204917214134,3326.8264428710936
2026-08-05 16:15:00-04:00,,,,,,,3327.87021706321,3327.39970814098,3326.859706254439
2026-08-05 16:30:00-04:00,,,,,,,3327.919744318182,3327.4492353959517,3326.8939824884587
2026-08-05 16:45:00-04:00,,,,,,,3327.9692715731535,3327.4987626509233,3326.9292715731535
2026-08-05 17:00:00-04:00,,,,,,,3328.018798828125,3327.5482899058943,3326.965573508523
2026-08-05 17:15:00-04:00,,,,,,,3328.0683260830965,3327.5978171608667,3327.0028882945667
2026-08-05 17:30:00-04:00,,,,,,,3328.117853338068,3327.647344415838,3327.0412159312855
2026-08-05 17:45:00-04:00,,,,,,,3328.16738059304,3327.6968716708093,3327.0805564186785
2026-08-05 18:00:00-04:00,,,,,,,3328.2169078480115,3327.7463989257812,3327.1209097567466
2026-08-05 18:15:00-04:00,,,,,,,3328.266435102983,3327.7959261807528,3327.16227594549
2026-08-05 18:30:00-04:00,,,,,,,3328.3159623579545,3327.8454534357247,3327.204654984908
2026-08-05 18:45:00-04:00,,,,,,,3328.365489612926,3327.894980690696,3327.248046875
2026-08-05 19:00:00-04:00,,,,,,,3328.4150168678975,3327.9445079456673,3327.2924516157673
2026-08-05 19:15:00-04:00,,,,,,,3328.4645441228695,3327.9940352006392,3327.3378692072088
2026-08-05 19:30:00-04:00,,,,,,,3328.514071377841,3328.0435624556108,3327.3842996493254
2026-08-05 19:45:00-04:00,,,,,,,3328.5635986328125,3328.093089710582,3327.4317429421167
2026-08-05 20:00:00-04:00,,,,,,,3328.613125887784,3328.142616965554,3327.480199085582
2026-08-05 20:15:00-04:00,,,,,,,3328.6626531427555,3328.1921442205253,3327.529668079723
2026-08-05 20:30:00-04:00,,,,,,,3328.7121803977275,3328.241671475497,3327.580149924538
2026-08-05 20:45:00-04:00,,,,,,,3328.761707652699,3328.2911987304688,3327.631644620028
2026-08-05 21:00:00-04:00,,,,,,,3328.8112349076705,3328.3407259854403,3327.684152166193
2026-08-05 21:15:00-04:00,,,,,,,3328.860762162642,3328.390253240412,3327.737672563033
2026-08-05 21:30:00-04:00,,,,,,,3328.9102894176135,3328.4397804953833,3327.792205810547
2026-08-05 21:45:00-04:00,,,,,,,3328.959816672585,3328.489307750355,3327.847751908736
2026-08-05 22:00:00-04:00,,,,,,,3329.009343927557,3328.5388350053267,3327.9043108575993
2026-08-05 22:15:00-04:00,,,,,,,3329.0588711825285,3328.5883622602983,3327.9030859375
2026-08-05 22:30:00-04:00,,,,,,,3329.1083984375,3328.6378895152693,3327.93138671875
2026-08-05 22:45:00-04:00,,,,,,,3329.1579256924715,3328.6874167702417,3327.993856756037
2026-08-05 23:00:00-04:00,,,,,,,3329.207452947443,3328.736944025213,3328.0159403852986
2026-08-05 23:15:00-04:00,,,,,,,3329.256980202415,3328.7864712801843,3328.0283016690337
2026-08-05 23:30:00-04:00,,,,,,,3329.3065074573865,3328.8359985351562,3328.0812140447442
2026-08-05 23:45:00-04:00,,,,,,,3329.356034712358,3328.8855257901278,3328.142616965554
2026-08-06 00:00:00-04:00,,,,,,,3329.4055619673295,3328.9350530450997,3328.1921442205257
2026-08-06 00:15:00-04:00,,,,,,,3329.455089222301,3328.984580300071,3328.241671475497
2026-08-06 00:30:00-04:00,,,,,,,3329.5046164772725,3329.0341075550423,3328.2911987304688
2026-08-06 00:45:00-04:00,,,,,,,3329.5541437322445,3329.0836348100142,3328.3407259854407
2026-08-06 01:00:00-04:00,,,,,,,3329.603670987216,3329.1331620649858,3328.3902532404118
2026-08-06 01:15:00-04:00,,,,,,,3329.6531982421875,3329.182689319957,3328.4397804953833
2026-08-06 01:30:00-04:00,,,,,,,3329.702725497159,3329.232216574929,3328.4893077503552
2026-08-06 01:45:00-04:00,,,,,,,3329.7522527521305,3329.2817438299003,3328.538835005327
2026-08-06 02:00:00-04:00,,,,,,,3329.8017800071025,3329.331271084872,3328.588362260298
2026-08-06 02:15:00-04:00,,,,,,,3329.851307262074,3329.3807983398438,3328.6378895152698
2026-08-06 02:30:00-04:00,,,,,,,3329.9008345170455,3329.4303255948153,3328.6874167702417
2026-08-06 02:45:00-04:00,,,,,,,3329.950361772017,3329.479852849787,3328.7369440252132
2026-08-06 03:00:00-04:00,,,,,,,3329.9998890269885,3329.5293801047583,3328.7864712801843
2026-08-06 03:15:00-04:00,,,,,,,3330.04941628196,3329.57890735973,3328.8359985351562
2026-08-06 03:30:00-04:00,,,,,,,3330.098943536932,3329.6284346147017,3328.885525790128
2026-08-06 03:45:00-04:00,,,,,,,3330.1484707919035,3329.6779618696733,3328.9350530450993
2026-08-06 04:00:00-04:00,,,,,,,3330.197998046875,3329.7274891246443,3328.984580300071
2026-08-06 04:15:00-04:00,,,,,,,3330.2475253018465,3329.7770163796167,3329.0341075550427
2026-08-06 04:30:00-04:00,,,,,,,3330.297052556818,3329.826543634588,3329.0836348100147
2026-08-06 04:45:00-04:00,,,,,,,3330.34657981179,3329.8760708895593,3329.1331620649853
2026-08-06 05:00:00-04:00,,,,,,,3330.3961070667615,3329.9255981445312,3329.1826893199573
2026-08-06 05:15:00-04:00,,,,,,,3330.445634321733,3329.9751253995028,3329.232216574929
2026-08-06 05:30:00-04:00,,,,,,,3330.4951615767045,3330.0246526544747,3329.2817438299007
2026-08-06 05:45:00-04:00,,,,,,,3330.544688831676,3330.074179909446,3329.331271084872
2026-08-06 06:00:00-04:00,,,,,,,3330.5942160866475,3330.1237071644173,3329.3807983398438
2026-08-06 06:15:00-04:00,,,,,,,3330.6437433416195,3330.1732344193892,3329.4303255948157
2026-08-06 06:30:00-04:00,,,,,,,3330.693270596591,3330.2227616743608,3329.4798528497868
2026-08-06 06:45:00-04:00,,,,,,,3330.7427978515625,3330.272288929332,3329.5293801047583
2026-08-06 07:00:00-04:00,,,,,,,3330.792325106534,3330.321816184304,3329.5789073597302
2026-08-06 07:15:00-04:00,,,,,,,3330.8418523615055,3330.3713434392753,3329.628434614702
2026-08-06 07:30:00-04:00,,,,,,,3330.8913796164775,3330.420870694247,3329.677961869673
2026-08-06 07:45:00-04:00,,,,,,,3330.940906871449,3330.4703979492188,3329.7274891246448
2026-08-06 08:00:00-04:00,,,,,,,3330.9904341264205,3330.5199252041903,3329.7770163796167
2026-08-06 08:15:00-04:00,,,,,,,3331.039961381392,3330.569452459162,3329.8265436345882
2026-08-06 08:30:00-04:00,,,,,,,3331.0894886363635,3330.6189797141333,3329.8760708895593
2026-08-06 08:45:00-04:00,,,,,,,3331.139015891335,3330.668506969105,3329.9255981445312
2026-08-06 09:00:00-04:00,,,,,,,3331.188543146307,3330.7180342240767,3329.975125399503
2026-08-06 09:15:00-04:00,,,,,,,3331.2380704012785,3330.7675614790483,3330.0246526544743
2026-08-06 09:30:00-04:00,3331.28759765625,3331.28759765625,3332.95849609375,3329.7626953125,3332.380859375,0.0,3331.28759765625,3330.8170887340193,3330.074179909446
2026-08-06 09:45:00-04:00,3330.397216796875,3330.397216796875,3332.32177734375,3327.87060546875,3331.75048828125,0.0,3330.397216796875,3330.819620583274,3330.1049090021306
2026-08-06 10:00:00-04:00,3333.199951171875,3333.199951171875,3334.46630859375,3329.480712890625,3331.264404296875,0.0,3333.199951171875,3330.95981278853,3330.190702237216
2026-08-06 10:15:00-04:00,3330.089111328125,3330.089111328125,3334.501220703125,3329.86669921875,3333.032958984375,0.0,3330.089111328125,3330.941986638849,3330.2132881303264
2026-08-06 10:30:00-04:00,3332.23291015625,3332.23291015625,3333.507080078125,3330.022705078125,3330.022705078125,0.0,3332.23291015625,3331.028874067827,3330.2777594549007
2026-08-06 10:45:00-04:00,3329.791015625,3329.791015625,3332.375,3329.243896484375,3332.375,0.0,3329.791015625,3330.991190407493,3330.29240234375
2026-08-06 11:00:00-04:00,3328.577392578125,3328.577392578125,3330.398193359375,3326.442138671875,3330.398193359375,0.0,3328.577392578125,3330.8903492320665,3330.2817822265624
2026-08-06 11:15:00-04:00,3322.95849609375,3322.95849609375,3328.7255859375,3322.768310546875,3328.13818359375,0.0,3322.95849609375,3330.5060868696733,3330.157793634588
2026-08-06 11:30:00-04:00,3323.10009765625,3323.10009765625,3323.10009765625,3323.10009765625,3323.10009765625,0.0,3323.10009765625,3330.126428222656,3330.035646528764
2026-08-06 11:45:00-04:00,,,,,,,3323.1657159978695,3329.7475741299713,3329.9138212446733
2026-08-06 12:00:00-04:00,,,,,,,3323.2313343394885,3329.369524591619,3329.792317782316
2026-08-06 12:15:00-04:00,,,,,,,3323.296952681108,3328.9922796076,3329.67113614169
2026-08-06 12:30:00-04:00,,,,,,,3323.3625710227275,3328.615839177912,3329.5502763227983
2026-08-06 12:45:00-04:00,,,,,,,3323.4281893643465,3328.2402033025564,3329.42973832564
2026-08-06 13:00:00-04:00,,,,,,,3323.493807705966,3327.865371981534,3329.309522150213
2026-08-06 13:15:00-04:00,,,,,,,3323.559426047585,3327.491345214844,3329.1896277965197
2026-08-06 13:30:00-04:00,,,,,,,3323.6250443892045,3327.118123002486,3329.07005526456
2026-08-06 13:45:00-04:00,,,,,,,3323.690662730824,3326.7457053444605,3328.950804554332
2026-08-06 14:00:00-04:00,,,,,,,3323.756281072443,3326.374092240767,3328.831875665838
2026-08-06 14:15:00-04:00,,,,,,,3323.8218994140625,3326.003283691406,3328.7132685990764
2026-08-06 14:30:00-04:00,,,,,,,3323.887517755682,3325.6332796963775,3328.5949833540485
2026-08-06 14:45:00-04:00,,,,,,,3323.953136097301,3325.311075661399,3328.477019930753
2026-08-06 15:00:00-04:00,,,,,,,3324.0187544389205,3324.852015824751,3328.35937832919
2026-08-06 15:15:00-04:00,,,,,,,3324.08437278054,3324.5517788973725,3328.242058549361
2026-08-06 15:30:00-04:00,,,,,,,3324.149991122159,3324.1476329456673,3328.1250605912646
2026-08-06 15:45:00-04:00,,,,,,,3324.2156094637785,3323.868862637607,3328.0083844549004
2026-08-06 16:00:00-04:00,,,,,,,3324.2812278053975,3323.65405439897,3327.89203014027
2026-08-06 16:15:00-04:00,,,,,,,3324.346846147017,3323.7234719016333,3327.7759976473726
2026-08-06 16:30:00-04:00,,,,,,,3324.4124644886365,3323.7890902432528,3327.6602869762073
2026-08-06 16:45:00-04:00,,,,,,,3324.4780828302555,3323.8547085848722,3327.5448981267755
2026-08-06 17:00:00-04:00,,,,,,,3324.543701171875,3323.9203269264917,3327.4298310990766
2026-08-06 17:15:00-04:00,,,,,,,3324.6093195134945,3323.9859452681108,3327.315085893111
2026-08-06 17:30:00-04:00,,,,,,,3324.6749378551135,3324.0515636097307,3327.200662508878
2026-08-06 17:45:00-04:00,,,,,,,3324.740556196733,3324.1171819513497,3327.0865609463776
2026-08-06 18:00:00-04:00,,,,,,,3324.8061745383525,3324.1828002929688,3326.9727812056108
2026-08-06 18:15:00-04:00,,,,,,,3324.8717928799715,3324.248418634588,3326.859323286577
2026-08-06 18:30:00-04:00,,,,,,,3324.937411221591,3324.3140369762077,3326.7461871892756
2026-08-06 18:45:00-04:00,,,,,,,3325.00302956321,3324.3796553178267,3326.6333729137073
2026-08-06 19:00:00-04:00,,,,,,,3325.0686479048295,3324.445273659446,3326.5208804598724
2026-08-06 19:15:00-04:00,,,,,,,3325.134266246449,3324.5108920010653,3326.4087098277696
2026-08-06 19:30:00-04:00,,,,,,,3325.199884588068,3324.5765103426847,3326.2968610174007
2026-08-06 19:45:00-04:00,,,,,,,3325.2655029296875,3324.642128684304,3326.185334028764
2026-08-06 20:00:00-04:00,,,,,,,3325.331121271307,3324.7077470259233,3326.074128861861
2026-08-06 20:15:00-04:00,,,,,,,3325.396739612926,3324.773365367543,3325.9632455166907
2026-08-06 20:30:00-04:00,,,,,,,3325.4623579545455,3324.838983709162,3325.8526839932524
2026-08-06 20:45:00-04:00,,,,,,,3325.527976296165,3324.9046020507812,3325.7424442915485
2026-08-06 21:00:00-04:00,,,,,,,3325.593594637784,3324.9702203924003,3325.632526411577
2026-08-06 21:15:00-04:00,,,,,,,3325.6592129794035,3325.03583873402,3325.522930353338
2026-08-06 21:30:00-04:00,,,,,,,3325.7248313210225,3325.1014570756392,3325.4136561168325
2026-08-06 21:45:00-04:00,,,,,,,3325.790449662642,3325.1670754172583,3325.30470370206
2026-08-06 22:00:00-04:00,,,,,,,3325.8560680042615,3325.2326937588778,3325.19607310902
2026-08-06 22:15:00-04:00,,,,,,,3325.9216863458805,3325.2983121004972,3325.1065625
2026-08-06 22:30:00-04:00,,,,,,,3325.9873046875,3325.3639304421167,3324.9623095703123
2026-08-06 22:45:00-04:00,,,,,,,3326.0529230291195,3325.4295487837358,3324.881585804332
2026-08-06 23:00:00-04:00,,,,,,,3326.1185413707385,3325.4951671253557,3324.7592984286225
2026-08-06 23:15:00-04:00,,,,,,,3326.184159712358,3325.5607854669747,3324.6871613103694
2026-08-06 23:30:00-04:00,,,,,,,3326.2497780539775,3325.6264038085938,3324.6406090198866
2026-08-06 23:45:00-04:00,,,,,,,3326.3153963955965,3325.692022150213,3324.7077470259233
2026-08-07 00:00:00-04:00,,,,,,,3326.381014737216,3325.7576404918327,3324.7733653675427
2026-08-07 00:15:00-04:00,,,,,,,3326.446633078835,3325.8232588334517,3324.8389837091618
2026-08-07 00:30:00-04:00,,,,,,,3326.5122514204545,3325.888877175071,3324.9046020507812
2026-08-07 00:45:00-04:00,,,,,,,3326.577869762074,3325.9544955166903,3324.9702203924007
2026-08-07 01:00:00-04:00,,,,,,,3326.643488103693,3326.0201138583097,3325.0358387340198
2026-08-07 01:15:00-04:00,,,,,,,3326.7091064453125,3326.085732199929,3325.1014570756392
2026-08-07 01:30:00-04:00,,,,,,,3326.774724786932,3326.1513505415483,3325.1670754172583
2026-08-07 01:45:00-04:00,,,,,,,3326.840343128551,3326.216968883168,3325.232693758878
2026-08-07 02:00:00-04:00,,,,,,,3326.9059614701705,3326.282587224787,3325.298312100497
2026-08-07 02:15:00-04:00,,,,,,,3326.97157981179,3326.3482055664062,3325.3639304421167
2026-08-07 02:30:00-04:00,,,,,,,3327.037198153409,3326.4138239080253,3325.4295487837358
2026-08-07 02:45:00-04:00,,,,,,,3327.1028164950285,3326.479442249645,3325.4951671253552
2026-08-07 03:00:00-04:00,,,,,,,3327.1684348366475,3326.5450605912642,3325.5607854669743
2026-08-07 03:15:00-04:00,,,,,,,3327.234053178267,3326.6106789328833,3325.6264038085938
2026-08-07 03:30:00-04:00,,,,,,,3327.2996715198865,3326.6762972745028,3325.6920221502132
2026-08-07 03:45:00-04:00,,,,,,,3327.3652898615055,3326.7419156161222,3325.7576404918323
2026-08-07 04:00:00-04:00,,,,,,,3327.430908203125,3326.8075339577417,3325.8232588334517
2026-08-07 04:15:00-04:00,,,,,,,3327.4965265447445,3326.8731522993608,3325.888877175071
2026-08-07 04:30:00-04:00,,,,,,,3327.5621448863635,3326.9387706409807,3325.9544955166907
2026-08-07 04:45:00-04:00,,,,,,,3327.627763227983,3327.0043889825997,3326.0201138583093
2026-08-07 05:00:00-04:00,,,,,,,3327.6933815696025,3327.0700073242188,3326.085732199929
2026-08-07 05:15:00-04:00,,,,,,,3327.7589999112215,3327.135625665838,3326.1513505415483
2026-08-07 05:30:00-04:00,,,,,,,3327.824618252841,3327.2012440074577,3326.2169688831677
2026-08-07 05:45:00-04:00,,,,,,,3327.89023659446,3327.2668623490767,3326.2825872247868
2026-08-07 06:00:00-04:00,,,,,,,3327.9558549360795,3327.332480690696,3326.3482055664062
2026-08-07 06:15:00-04:00,,,,,,,3328.021473277699,3327.3980990323153,3326.4138239080257
2026-08-07 06:30:00-04:00,,,,,,,3328.087091619318,3327.4637173739347,3326.4794422496448
2026-08-07 06:45:00-04:00,,,,,,,3328.1527099609375,3327.529335715554,3326.5450605912642
2026-08-07 07:00:00-04:00,,,,,,,3328.218328302557,3327.5949540571733,3326.6106789328833
2026-08-07 07:15:00-04:00,,,,,,,3328.283946644176,3327.660572398793,3326.676297274503
2026-08-07 07:30:00-04:00,,,,,,,3328.3495649857955,3327.726190740412,3326.741915616122
2026-08-07 07:45:00-04:00,,,,,,,3328.415183327415,3327.7918090820312,3326.8075339577417
2026-08-07 08:00:00-04:00,,,,,,,3328.480801669034,3327.8574274236503,3326.8731522993608
2026-08-07 08:15:00-04:00,,,,,,,3328.5464200106535,3327.92304576527,3326.9387706409802
2026-08-07 08:30:00-04:00,,,,,,,3328.6120383522725,3327.9886641068892,3327.0043889825993
2026-08-07 08:45:00-04:00,,,,,,,3328.677656693892,3328.0542824485083,3327.0700073242188
2026-08-07 09:00:00-04:00,,,,,,,3328.7432750355115,3328.1199007901278,3327.1356256658382
2026-08-07 09:15:00-04:00,,,,,,,3328.8088933771305,3328.1855191317472,3327.2012440074573
2026-08-07 09:30:00-04:00,3328.87451171875,3328.87451171875,3329.27587890625,3326.116943359375,3328.299560546875,0.0,3328.87451171875,3328.2511374733667,3327.2668623490767
2026-08-07 09:45:00-04:00,3322.373046875,3322.373046875,3328.90869140625,3321.84375,3328.90869140625,0.0,3322.373046875,3327.9884016557176,3327.2011390269886
2026-08-07 10:00:00-04:00,3320.376220703125,3320.376220703125,3321.993896484375,3317.92138671875,3321.993896484375,0.0,3320.376220703125,3327.622543612393,3327.0941668146306
2026-08-07 10:15:00-04:00,3320.6650390625,3320.6650390625,3322.24853515625,3318.80078125,3320.4423828125,0.0,3320.6650390625,3327.267845569957,3326.9916586026275
2026-08-07 10:30:00-04:00,3319.54638671875,3319.54638671875,3321.23876953125,3318.6162109375,3320.77001953125,0.0,3319.54638671875,3326.8539339932527,3326.865464976918
2026-08-07 10:45:00-04:00,3318.2041015625,3318.2041015625,3321.327880859375,3317.62548828125,3319.98388671875,0.0,3318.2041015625,3326.369627241655,3326.71111328125
2026-08-07 11:00:00-04:00,3317.342041015625,3317.342041015625,3319.373779296875,3317.040771484375,3318.0859375,0.0,3317.342041015625,3325.8389365456324,3326.5382080078125
2026-08-07 11:15:00-04:00,3312.33642578125,3312.33642578125,3317.486083984375,3312.33642578125,3317.27001953125,0.0,3312.33642578125,3325.05468417081,3326.2638780628554
2026-08-07 11:30:00-04:00,3312.33642578125,3312.33642578125,3312.33642578125,3312.33642578125,3312.33642578125,0.0,3312.33642578125,3324.2671508789062,3325.988235751065
2026-08-07 11:45:00-04:00,,,,,,,3312.292737688337,3323.4741522652757,3325.710407310585
2026-08-07 12:00:00-04:00,,,,,,,3312.249049595424,3322.6756883299195,3325.4303927414135
2026-08-07 12:15:00-04:00,,,,,,,3312.205361502511,3321.8717590728365,3325.1481920435517
2026-08-07 12:30:00-04:00,,,,,,,3312.1616734095983,3321.0623644940265,3324.8638052169995
2026-08-07 12:45:00-04:00,,,,,,,3312.1179853166855,3320.2475045934902,3324.577232261757
2026-08-07 13:00:00-04:00,,,,,,,3312.074297223772,3319.4271793712264,3324.288473177823
2026-08-07 13:15:00-04:00,,,,,,,3312.0306091308594,3318.601388827237,3323.997527965199
2026-08-07 13:30:00-04:00,,,,,,,3311.9869210379466,3317.7701329615206,3323.704396623884
2026-08-07 13:45:00-04:00,,,,,,,3311.9432329450333,3316.9334117740777,3323.4090791538783
2026-08-07 14:00:00-04:00,,,,,,,3311.8995448521205,3316.091225264908,3323.111575555182
2026-08-07 14:15:00-04:00,,,,,,,3311.8558567592077,3315.243573434012,3322.811885827795
2026-08-07 14:30:00-04:00,,,,,,,3311.812168666295,3314.390456281389,3322.510009971718
2026-08-07 14:45:00-04:00,,,,,,,3311.7684805733816,3313.8602279663087,3322.2059479869495
2026-08-07 15:00:00-04:00,,,,,,,3311.7247924804688,3313.427656555176,3321.8996998734906
2026-08-07 15:15:00-04:00,,,,,,,3311.681104387556,3312.9784598214283,3321.5912656313412
2026-08-07 15:30:00-04:00,,,,,,,3311.6374162946427,3312.583011300223,3321.2806452605014
2026-08-07 15:45:00-04:00,,,,,,,3311.59372820173,3312.252492632185,3320.96783876097
2026-08-07 16:00:00-04:00,,,,,,,3311.550040108817,3311.962892586844,3320.652846132749
2026-08-07 16:15:00-04:00,,,,,,,3311.506352015904,3311.921388898577,3320.335667375837
2026-08-07 16:30:00-04:00,,,,,,,3311.462663922991,3311.877700805664,3320.0163024902345
2026-08-07 16:45:00-04:00,,,,,,,3311.418975830078,3311.834012712751,3319.6947514759413
2026-08-07 17:00:00-04:00,,,,,,,3311.3752877371653,3311.790324619838,3319.371014332957
2026-08-07 17:15:00-04:00,,,,,,,3311.331599644252,3311.7466365269256,3319.0450910612826
2026-08-07 17:30:00-04:00,,,,,,,3311.287911551339,3311.702948434012,3318.716981660917
2026-08-07 17:45:00-04:00,,,,,,,3311.2442234584264,3311.6592603410995,3318.386686131861
2026-08-07 18:00:00-04:00,,,,,,,3311.2005353655136,3311.6155722481863,3318.0542044741146
2026-08-07 18:15:00-04:00,,,,,,,3311.1568472726003,3311.5718841552734,3317.7195366876776
2026-08-07 18:30:00-04:00,,,,,,,3311.1131591796875,3311.52819606236,3317.3826827725493
2026-08-07 18:45:00-04:00,,,,,,,3311.0694710867747,3311.4845079694473,3317.0436427287314
2026-08-07 19:00:00-04:00,,,,,,,3311.0257829938614,3311.440819876535,3316.702416556222
2026-08-07 19:15:00-04:00,,,,,,,3310.9820949009486,3311.3971317836213,3316.3590042550222
2026-08-07 19:30:00-04:00,,,,,,,3310.938406808036,3311.353443690709,3316.013405825132
2026-08-07 19:45:00-04:00,,,,,,,3310.894718715123,3311.3097555977956,3315.6656212665507
2026-08-07 20:00:00-04:00,,,,,,,3310.8510306222097,3311.266067504883,3315.315650579279
2026-08-07 20:15:00-04:00,,,,,,,3310.807342529297,3311.2223794119695,3314.963493763317
2026-08-07 20:30:00-04:00,,,,,,,3310.763654436384,3311.1786913190567,3314.6091508186637
2026-08-07 20:45:00-04:00,,,,,,,3310.719966343471,3311.1350032261444,3314.25262174532
2026-08-07 21:00:00-04:00,,,,,,,3310.676278250558,3311.0913151332306,3313.8939065432855
2026-08-07 21:15:00-04:00,,,,,,,3310.632590157645,3311.0476270403183,3313.5330052125605
2026-08-07 21:30:00-04:00,,,,,,,3310.5889020647323,3311.003938947405,3313.1699177531455
2026-08-07 21:45:00-04:00,,,,,,,3310.545213971819,3310.960250854492,3312.804644165039
2026-08-07 22:00:00-04:00,,,,,,,3310.5015258789062,3310.916562761579,3312.437184448242
2026-08-07 22:15:00-04:00,,,,,,,3310.4578377859934,3310.872874668666,3312.1988802664623
2026-08-07 22:30:00-04:00,,,,,,,3310.41414969308,3310.8291865757537,3311.999638846261
2026-08-07 22:45:00-04:00,,,,,,,3310.3704616001673,3310.78549848284,3311.7937472970143
2026-08-07 23:00:00-04:00,,,,,,,3310.3267735072545,3310.7418103899277,3311.6093550327846
2026-08-07 23:15:00-04:00,,,,,,,3310.2830854143417,3310.6981222970144,3311.4509347098215
2026-08-07 23:30:00-04:00,,,,,,,3310.2393973214284,3310.6544342041016,3311.3088818359374
2026-08-07 23:45:00-04:00,,,,,,,3310.1957092285156,3310.6107461111883,3311.266067504883
2026-08-08 00:00:00-04:00,,,,,,,3310.152021135603,3310.5670580182755,3311.22237941197
2026-08-08 00:15:00-04:00,,,,,,,3310.1083330426895,3310.523369925363,3311.1786913190567
2026-08-08 00:30:00-04:00,,,,,,,3310.0646449497767,3310.4796818324494,3311.135003226144
2026-08-08 00:45:00-04:00,,,,,,,3310.020956856864,3310.435993739537,3311.091315133231
2026-08-08 01:00:00-04:00,,,,,,,3309.977268763951,3310.3923056466238,3311.0476270403183
2026-08-08 01:15:00-04:00,,,,,,,3309.933580671038,3310.348617553711,3311.003938947405
2026-08-08 01:30:00-04:00,,,,,,,3309.889892578125,3310.3049294607977,3310.960250854492
2026-08-08 01:45:00-04:00,,,,,,,3309.846204485212,3310.261241367885,3310.9165627615794
2026-08-08 02:00:00-04:00,,,,,,,3309.802516392299,3310.2175532749725,3310.872874668666
2026-08-08 02:15:00-04:00,,,,,,,3309.758828299386,3310.1738651820588,3310.8291865757533
2026-08-08 02:30:00-04:00,,,,,,,3309.7151402064733,3310.1301770891464,3310.7854984828405
2026-08-08 02:45:00-04:00,,,,,,,3309.6714521135605,3310.086488996233,3310.7418103899277
2026-08-08 03:00:00-04:00,,,,,,,3309.627764020647,3310.0428009033203,3310.6981222970144
2026-08-08 03:15:00-04:00,,,,,,,3309.5840759277344,3309.999112810407,3310.6544342041016
2026-08-08 03:30:00-04:00,,,,,,,3309.5403878348216,3309.955424717494,3310.6107461111887
2026-08-08 03:45:00-04:00,,,,,,,3309.4966997419083,3309.911736624582,3310.5670580182755
2026-08-08 04:00:00-04:00,,,,,,,3309.4530116489955,3309.868048531668,3310.5233699253627
2026-08-08 04:15:00-04:00,,,,,,,3309.4093235560827,3309.824360438756,3310.47968183245
2026-08-08 04:30:00-04:00,,,,,,,3309.36563546317,3309.7806723458425,3310.435993739537
2026-08-08 04:45:00-04:00,,,,,,,3309.3219473702566,3309.7369842529297,3310.3923056466238
2026-08-08 05:00:00-04:00,,,,,,,3309.2782592773438,3309.6932961600164,3310.348617553711
2026-08-08 05:15:00-04:00,,,,,,,3309.234571184431,3309.6496080671036,3310.304929460798
2026-08-08 05:30:00-04:00,,,,,,,3309.1908830915177,3309.6059199741912,3310.261241367885
2026-08-08 05:45:00-04:00,,,,,,,3309.147194998605,3309.5622318812775,3310.217553274972
2026-08-08 06:00:00-04:00,,,,,,,3309.103506905692,3309.518543788365,3310.173865182059
2026-08-08 06:15:00-04:00,,,,,,,3309.059818812779,3309.474855695452,3310.1301770891464
2026-08-08 06:30:00-04:00,,,,,,,3309.016130719866,3309.431167602539,3310.086488996233
2026-08-08 06:45:00-04:00,,,,,,,3308.972442626953,3309.387479509626,3310.0428009033203
2026-08-08 07:00:00-04:00,,,,,,,3308.9287545340403,3309.343791416713,3309.9991128104075
2026-08-08 07:15:00-04:00,,,,,,,3308.885066441127,3309.3001033238006,3309.955424717494
2026-08-08 07:30:00-04:00,,,,,,,3308.841378348214,3309.256415230887,3309.9117366245814
2026-08-08 07:45:00-04:00,,,,,,,3308.7976902553014,3309.2127271379745,3309.8680485316686
2026-08-08 08:00:00-04:00,,,,,,,3308.7540021623886,3309.1690390450613,3309.824360438756
2026-08-08 08:15:00-04:00,,,,,,,3308.7103140694753,3309.1253509521484,3309.7806723458425
2026-08-08 08:30:00-04:00,,,,,,,3308.6666259765625,3309.081662859235,3309.7369842529297
2026-08-08 08:45:00-04:00,,,,,,,3308.6229378836497,3309.0379747663223,3309.693296160017
2026-08-08 09:00:00-04:00,,,,,,,3308.5792497907364,3308.99428667341,3309.6496080671036
2026-08-08 09:15:00-04:00,,,,,,,3308.5355616978236,3308.9505985804963,3309.605919974191
2026-08-08 09:30:00-04:00,,,,,,,3308.491873604911,3308.906910487584,3309.562231881278
2026-08-08 09:45:00-04:00,,,,,,,3308.448185511998,3308.8632223946706,3309.518543788365
2026-08-08 10:00:00-04:00,,,,,,,3308.4044974190847,3308.819534301758,3309.474855695452
2026-08-08 10:15:00-04:00,,,,,,,3308.360809326172,3308.7758462088445,3309.431167602539
2026-08-08 10:30:00-04:00,,,,,,,3308.317121233259,3308.7321581159317,3309.3874795096262
2026-08-08 10:45:00-04:00,,,,,,,3308.273433140346,3308.6884700230194,3309.343791416713
2026-08-08 11:00:00-04:00,,,,,,,3308.229745047433,3308.6447819301056,3309.3001033238
2026-08-08 11:15:00-04:00,,,,,,,3308.18605695452,3308.6010938371933,3309.2564152308873
2026-08-08 11:30:00-04:00,,,,,,,3308.1423688616073,3308.55740574428,3309.2127271379745
2026-08-08 11:45:00-04:00,,,,,,,3308.098680768694,3308.513717651367,3309.1690390450613
2026-08-08 12:00:00-04:00,,,,,,,3308.0549926757812,3308.470029558454,3309.1253509521484
2026-08-08 12:15:00-04:00,,,,,,,3308.0113045828684,3308.426341465541,3309.0816628592356
2026-08-08 12:30:00-04:00,,,,,,,3307.967616489955,3308.3826533726287,3309.0379747663223
2026-08-08 12:45:00-04:00,,,,,,,3307.9239283970423,3308.338965279715,3308.9942866734095
2026-08-08 13:00:00-04:00,,,,,,,3307.8802403041295,3308.2952771868027,3308.9505985804967
2026-08-08 13:15:00-04:00,,,,,,,3307.8365522112167,3308.2515890938894,3308.906910487584
2026-08-08 13:30:00-04:00,,,,,,,3307.7928641183034,3308.2079010009766,3308.8632223946706
2026-08-08 13:45:00-04:00,,,,,,,3307.7491760253906,3308.1642129080633,3308.819534301758
2026-08-08 14:00:00-04:00,,,,,,,3307.705487932478,3308.1205248151505,3308.775846208845
2026-08-08 14:15:00-04:00,,,,,,,3307.6617998395645,3308.076836722238,3308.7321581159317
2026-08-08 14:30:00-04:00,,,,,,,3307.6181117466517,3308.0331486293244,3308.688470023019
2026-08-08 14:45:00-04:00,,,,,,,3307.574423653739,3307.989460536412,3308.644781930106
2026-08-08 15:00:00-04:00,,,,,,,3307.530735560826,3307.9457724434988,3308.6010938371933
2026-08-08 15:15:00-04:00,,,,,,,3307.487047467913,3307.902084350586,3308.55740574428
2026-08-08 15:30:00-04:00,,,,,,,3307.443359375,3307.8583962576727,3308.513717651367
2026-08-08 15:45:00-04:00,,,,,,,3307.399671282087,3307.81470816476,3308.4700295584544
2026-08-08 16:00:00-04:00,,,,,,,3307.355983189174,3307.7710200718475,3308.426341465541
2026-08-08 16:15:00-04:00,,,,,,,3307.312295096261,3307.7273319789338,3308.3826533726283
2026-08-08 16:30:00-04:00,,,,,,,3307.2686070033483,3307.6836438860214,3308.3389652797155
2026-08-08 16:45:00-04:00,,,,,,,3307.2249189104355,3307.639955793108,3308.2952771868027
2026-08-08 17:00:00-04:00,,,,,,,3307.181230817522,3307.5962677001953,3308.2515890938894
2026-08-08 17:15:00-04:00,,,,,,,3307.1375427246094,3307.552579607282,3308.2079010009766
2026-08-08 17:30:00-04:00,,,,,,,3307.0938546316966,3307.508891514369,3308.1642129080637
2026-08-08 17:45:00-04:00,,,,,,,3307.0501665387833,3307.465203421457,3308.1205248151505
2026-08-08 18:00:00-04:00,,,,,,,3307.0064784458705,3307.421515328543,3308.0768367222377
2026-08-08 18:15:00-04:00,,,,,,,3306.9627903529577,3307.377827235631,3308.033148629325
2026-08-08 18:30:00-04:00,,,,,,,3306.919102260045,3307.3341391427175,3307.989460536412
2026-08-08 18:45:00-04:00,,,,,,,3306.8754141671316,3307.2904510498047,3307.9457724434988
2026-08-08 19:00:00-04:00,,,,,,,3306.8317260742188,3307.2467629568914,3307.902084350586
2026-08-08 19:15:00-04:00,,,,,,,3306.788037981306,3307.2030748639786,3307.858396257673
2026-08-08 19:30:00-04:00,,,,,,,3306.7443498883927,3307.1593867710662,3307.81470816476
2026-08-08 19:45:00-04:00,,,,,,,3306.70066179548,3307.1156986781525,3307.771020071847
2026-08-08 20:00:00-04:00,,,,,,,3306.656973702567,3307.07201058524,3307.727331978934
2026-08-08 20:15:00-04:00,,,,,,,3306.613285609654,3307.028322492327,3307.6836438860214
2026-08-08 20:30:00-04:00,,,,,,,3306.569597516741,3306.984634399414,3307.639955793108
2026-08-08 20:45:00-04:00,,,,,,,3306.525909423828,3306.940946306501,3307.5962677001953
2026-08-08 21:00:00-04:00,,,,,,,3306.4822213309153,3306.897258213588,3307.5525796072825
2026-08-08 21:15:00-04:00,,,,,,,3306.438533238002,3306.8535701206756,3307.508891514369
2026-08-08 21:30:00-04:00,,,,,,,3306.394845145089,3306.809882027762,3307.4652034214564
2026-08-08 21:45:00-04:00,,,,,,,3306.3511570521764,3306.7661939348495,3307.4215153285436
2026-08-08 22:00:00-04:00,,,,,,,3306.3074689592636,3306.7225058419363,3307.377827235631
2026-08-08 22:15:00-04:00,,,,,,,3306.2637808663503,3306.6788177490234,3307.3341391427175
2026-08-08 22:30:00-04:00,,,,,,,3306.2200927734375,3306.63512965611,3307.2904510498047
2026-08-08 22:45:00-04:00,,,,,,,3306.1764046805247,3306.5914415631973,3307.246762956892
2026-08-08 23:00:00-04:00,,,,,,,3306.1327165876114,3306.547753470285,3307.2030748639786
2026-08-08 23:15:00-04:00,,,,,,,3306.0890284946986,3306.5040653773713,3307.159386771066
2026-08-08 23:30:00-04:00,,,,,,,3306.045340401786,3306.460377284459,3307.115698678153
2026-08-08 23:45:00-04:00,,,,,,,3306.001652308873,3306.4166891915456,3307.07201058524
2026-08-09 00:00:00-04:00,,,,,,,3305.9579642159597,3306.373001098633,3307.028322492327
2026-08-09 00:15:00-04:00,,,,,,,3305.914276123047,3306.3293130057195,3306.984634399414
2026-08-09 00:30:00-04:00,,,,,,,3305.870588030134,3306.2856249128067,3306.9409463065012
2026-08-09 00:45:00-04:00,,,,,,,3305.826899937221,3306.2419368198944,3306.897258213588
2026-08-09 01:00:00-04:00,,,,,,,3305.783211844308,3306.1982487269806,3306.853570120675
2026-08-09 01:15:00-04:00,,,,,,,3305.739523751395,3306.1545606340683,3306.8098820277623
2026-08-09 01:30:00-04:00,,,,,,,3305.6958356584823,3306.110872541155,3306.7661939348495
2026-08-09 01:45:00-04:00,,,,,,,3305.652147565569,3306.067184448242,3306.7225058419363
2026-08-09 02:00:00-04:00,,,,,,,3305.6084594726562,3306.023496355329,3306.6788177490234
2026-08-09 02:15:00-04:00,,,,,,,3305.5647713797434,3305.979808262416,3306.6351296561106
2026-08-09 02:30:00-04:00,,,,,,,3305.52108328683,3305.9361201695037,3306.5914415631973
2026-08-09 02:45:00-04:00,,,,,,,3305.4773951939173,3305.89243207659,3306.5477534702845
2026-08-09 03:00:00-04:00,,,,,,,3305.4337071010045,3305.8487439836777,3306.5040653773717
2026-08-09 03:15:00-04:00,,,,,,,3305.3900190080917,3305.8050558907644,3306.460377284459
2026-08-09 03:30:00-04:00,,,,,,,3305.3463309151784,3305.7613677978516,3306.4166891915456
2026-08-09 03:45:00-04:00,,,,,,,3305.3026428222656,3305.7176797049383,3306.373001098633
2026-08-09 04:00:00-04:00,,,,,,,3305.258954729353,3305.6739916120255,3306.32931300572
2026-08-09 04:15:00-04:00,,,,,,,3305.2152666364395,3305.630303519113,3306.2856249128067
2026-08-09 04:30:00-04:00,,,,,,,3305.1715785435267,3305.5866154261994,3306.241936819894
2026-08-09 04:45:00-04:00,,,,,,,3305.127890450614,3305.542927333287,3306.198248726981
2026-08-09 05:00:00-04:00,,,,,,,3305.084202357701,3305.4992392403738,3306.1545606340683
2026-08-09 05:15:00-04:00,,,,,,,3305.040514264788,3305.455551147461,3306.110872541155
2026-08-09 05:30:00-04:00,,,,,,,3304.996826171875,3305.4118630545477,3306.067184448242
2026-08-09 05:45:00-04:00,,,,,,,3304.953138078962,3305.368174961635,3306.0234963553294
2026-08-09 06:00:00-04:00,,,,,,,3304.909449986049,3305.3244868687225,3305.979808262416
2026-08-09 06:15:00-04:00,,,,,,,3304.865761893136,3305.2807987758088,3305.9361201695033
2026-08-09 06:30:00-04:00,,,,,,,3304.8220738002233,3305.2371106828964,3305.8924320765905
2026-08-09 06:45:00-04:00,,,,,,,3304.7783857073105,3305.193422589983,3305.8487439836777
2026-08-09 07:00:00-04:00,,,,,,,3304.734697614397,3305.1497344970703,3305.8050558907644
2026-08-09 07:15:00-04:00,,,,,,,3304.6910095214844,3305.106046404157,3305.7613677978516
2026-08-09 07:30:00-04:00,,,,,,,3304.6473214285716,3305.062358311244,3305.7176797049387
2026-08-09 07:45:00-04:00,,,,,,,3304.6036333356583,3305.018670218332,3305.6739916120255
2026-08-09 08:00:00-04:00,,,,,,,3304.5599452427455,3304.974982125418,3305.6303035191127
2026-08-09 08:15:00-04:00,,,,,,,3304.5162571498327,3304.931294032506,3305.5866154262
2026-08-09 08:30:00-04:00,,,,,,,3304.47256905692,3304.8876059395925,3305.542927333287
2026-08-09 08:45:00-04:00,,,,,,,3304.4288809640066,3304.8439178466797,3305.4992392403738
2026-08-09 09:00:00-04:00,,,,,,,3304.3851928710938,3304.8002297537664,3305.455551147461
2026-08-09 09:15:00-04:00,,,,,,,3304.341504778181,3304.7565416608536,3305.411863054548
2026-08-09 09:30:00-04:00,,,,,,,3304.2978166852677,3304.7128535679412,3305.368174961635
2026-08-09 09:45:00-04:00,,,,,,,3304.254128592355,3304.6691654750275,3305.324486868722
2026-08-09 10:00:00-04:00,,,,,,,3304.210440499442,3304.625477382115,3305.280798775809
2026-08-09 10:15:00-04:00,,,,,,,3304.166752406529,3304.581789289202,3305.2371106828964
2026-08-09 10:30:00-04:00,,,,,,,3304.123064313616,3304.538101196289,3305.193422589983
2026-08-09 10:45:00-04:00,,,,,,,3304.079376220703,3304.494413103376,3305.1497344970703
2026-08-09 11:00:00-04:00,,,,,,,3304.0356881277903,3304.450725010463,3305.1060464041575
2026-08-09 11:15:00-04:00,,,,,,,3303.992000034877,3304.4070369175506,3305.062358311244
2026-08-09 11:30:00-04:00,,,,,,,3303.948311941964,3304.363348824637,3305.0186702183314
2026-08-09 11:45:00-04:00,,,,,,,3303.9046238490514,3304.3196607317245,3304.9749821254186
2026-08-09 12:00:00-04:00,,,,,,,3303.8609357561386,3304.2759726388113,3304.931294032506
2026-08-09 12:15:00-04:00,,,,,,,3303.8172476632253,3304.2322845458984,3304.8876059395925
2026-08-09 12:30:00-04:00,,,,,,,3303.7735595703125,3304.188596452985,3304.8439178466797
2026-08-09 12:45:00-04:00,,,,,,,3303.7298714773997,3304.1449083600723,3304.800229753767
2026-08-09 13:00:00-04:00,,,,,,,3303.6861833844864,3304.10122026716,3304.7565416608536
2026-08-09 13:15:00-04:00,,,,,,,3303.6424952915736,3304.0575321742463,3304.712853567941
2026-08-09 13:30:00-04:00,,,,,,,3303.598807198661,3304.013844081334,3304.669165475028
2026-08-09 13:45:00-04:00,,,,,,,3303.555119105748,3303.9701559884206,3304.625477382115
2026-08-09 14:00:00-04:00,,,,,,,3303.5114310128347,3303.926467895508,3304.581789289202
2026-08-09 14:15:00-04:00,,,,,,,3303.467742919922,3303.8827798025945,3304.538101196289
2026-08-09 14:30:00-04:00,,,,,,,3303.424054827009,3303.8390917096817,3304.4944131033762
2026-08-09 14:45:00-04:00,,,,,,,3303.380366734096,3303.7954036167694,3304.450725010463
2026-08-09 15:00:00-04:00,,,,,,,3303.336678641183,3303.7517155238556,3304.40703691755
2026-08-09 15:15:00-04:00,,,,,,,3303.29299054827,3303.7080274309433,3304.3633488246373
2026-08-09 15:30:00-04:00,,,,,,,3303.2493024553573,3303.66433933803,3304.3196607317245
2026-08-09 15:45:00-04:00,,,,,,,3303.205614362444,3303.620651245117,3304.2759726388113
2026-08-09 16:00:00-04:00,,,,,,,3303.1619262695312,3303.576963152204,3304.2322845458984
2026-08-09 16:15:00-04:00,,,,,,,3303.1182381766184,3303.533275059291,3304.1885964529856
2026-08-09 16:30:00-04:00,,,,,,,3303.074550083705,3303.4895869663787,3304.1449083600723
2026-08-09 16:45:00-04:00,,,,,,,3303.0308619907923,3303.445898873465,3304.1012202671595
2026-08-09 17:00:00-04:00,,,,,,,3302.9871738978795,3303.4022107805527,3304.0575321742467
2026-08-09 17:15:00-04:00,,,,,,,3302.9434858049667,3303.3585226876394,3304.013844081334
2026-08-09 17:30:00-04:00,,,,,,,3302.8997977120534,3303.3148345947266,3303.9701559884206
2026-08-09 17:45:00-04:00,,,,,,,3302.8561096191406,3303.2711465018133,3303.926467895508
2026-08-09 18:00:00-04:00,,,,,,,3302.812421526228,3303.2274584089005,3303.882779802595
2026-08-09 18:15:00-04:00,,,,,,,3302.7687334333145,3303.183770315988,3303.8390917096817
2026-08-09 18:30:00-04:00,,,,,,,3302.7250453404017,3303.1400822230744,3303.795403616769
2026-08-09 18:45:00-04:00,,,,,,,3302.681357247489,3303.096394130162,3303.751715523856
2026-08-09 19:00:00-04:00,,,,,,,3302.637669154576,3303.0527060372488,3303.7080274309433
2026-08-09 19:15:00-04:00,,,,,,,3302.593981061663,3303.009017944336,3303.66433933803
2026-08-09 19:30:00-04:00,,,,,,,3302.55029296875,3302.9653298514227,3303.620651245117
2026-08-09 19:45:00-04:00,,,,,,,3302.506604875837,3302.92164175851,3303.5769631522044
2026-08-09 20:00:00-04:00,,,,,,,3302.462916782924,3302.8779536655975,3303.533275059291
2026-08-09 20:15:00-04:00,,,,,,,3302.419228690011,3302.8342655726838,3303.4895869663783
2026-08-09 20:30:00-04:00,,,,,,,3302.3755405970983,3302.7905774797714,3303.4458988734655
2026-08-09 20:45:00-04:00,,,,,,,3302.3318525041855,3302.746889386858,3303.4022107805527
2026-08-09 21:00:00-04:00,,,,,,,3302.288164411272,3302.7032012939453,3303.3585226876394
2026-08-09 21:15:00-04:00,,,,,,,3302.2444763183594,3302.659513201032,3303.3148345947266
2026-08-09 21:30:00-04:00,,,,,,,3302.2007882254466,3302.615825108119,3303.2711465018137
2026-08-09 21:45:00-04:00,,,,,,,3302.1571001325333,3302.572137015207,3303.2274584089005
2026-08-09 22:00:00-04:00,,,,,,,3302.1134120396205,3302.528448922293,3303.1837703159877
2026-08-09 22:15:00-04:00,,,,,,,3302.0697239467077,3302.484760829381,3303.140082223075
2026-08-09 22:30:00-04:00,,,,,,,3302.026035853795,3302.4410727364675,3303.096394130162
2026-08-09 22:45:00-04:00,,,,,,,3301.9823477608816,3302.3973846435547,3303.0527060372488
2026-08-09 23:00:00-04:00,,,,,,,3301.9386596679688,3302.3536965506414,3303.009017944336
2026-08-09 23:15:00-04:00,,,,,,,3301.894971575056,3302.3100084577286,3302.965329851423
2026-08-09 23:30:00-04:00,,,,,,,3301.8512834821427,3302.2663203648162,3302.92164175851
2026-08-09 23:45:00-04:00,,,,,,,3301.80759538923,3302.2226322719025,3302.877953665597
2026-08-10 00:00:00-04:00,,,,,,,3301.763907296317,3302.17894417899,3302.834265572684
2026-08-10 00:15:00-04:00,,,,,,,3301.720219203404,3302.135256086077,3302.7905774797714
2026-08-10 00:30:00-04:00,,,,,,,3301.676531110491,3302.091567993164,3302.746889386858
2026-08-10 00:45:00-04:00,,,,,,,3301.632843017578,3302.047879900251,3302.7032012939453
2026-08-10 01:00:00-04:00,,,,,,,3301.5891549246653,3302.004191807338,3302.6595132010325
2026-08-10 01:15:00-04:00,,,,,,,3301.545466831752,3301.9605037144256,3302.615825108119
2026-08-10 01:30:00-04:00,,,,,,,3301.501778738839,3301.916815621512,3302.5721370152064
2026-08-10 01:45:00-04:00,,,,,,,3301.4580906459264,3301.8731275285995,3302.5284489222936
2026-08-10 02:00:00-04:00,,,,,,,3301.4144025530136,3301.8294394356863,3302.484760829381
2026-08-10 02:15:00-04:00,,,,,,,3301.3707144601003,3301.7857513427734,3302.4410727364675
2026-08-10 02:30:00-04:00,,,,,,,3301.3270263671875,3301.74206324986,3302.3973846435547
2026-08-10 02:45:00-04:00,,,,,,,3301.2833382742747,3301.6983751569473,3302.353696550642
2026-08-10 03:00:00-04:00,,,,,,,3301.2396501813614,3301.654687064035,3302.3100084577286
2026-08-10 03:15:00-04:00,,,,,,,3301.1959620884486,3301.6109989711213,3302.266320364816
2026-08-10 03:30:00-04:00,,,,,,,3301.152273995536,3301.567310878209,3302.222632271903
2026-08-10 03:45:00-04:00,,,,,,,3301.108585902623,3301.5236227852956,3302.17894417899
2026-08-10 04:00:00-04:00,,,,,,,3301.0648978097097,3301.479934692383,3302.135256086077
2026-08-10 04:15:00-04:00,,,,,,,3301.021209716797,3301.4362465994695,3302.091567993164
2026-08-10 04:30:00-04:00,,,,,,,3300.977521623884,3301.3925585065567,3302.0478799002512
2026-08-10 04:45:00-04:00,,,,,,,3300.933833530971,3301.3488704136444,3302.004191807338
2026-08-10 05:00:00-04:00,,,,,,,3300.890145438058,3301.3051823207306,3301.960503714425
2026-08-10 05:15:00-04:00,,,,,,,3300.846457345145,3301.2614942278183,3301.9168156215123
2026-08-10 05:30:00-04:00,,,,,,,3300.8027692522323,3301.217806134905,3301.8731275285995
2026-08-10 05:45:00-04:00,,,,,,,3300.759081159319,3301.174118041992,3301.8294394356863
2026-08-10 06:00:00-04:00,,,,,,,3300.7153930664062,3301.130429949079,3301.7857513427734
2026-08-10 06:15:00-04:00,,,,,,,3300.6717049734934,3301.086741856166,3301.7420632498606
2026-08-10 06:30:00-04:00,,,,,,,3300.62801688058,3301.0430537632537,3301.6983751569473
2026-08-10 06:45:00-04:00,,,,,,,3300.5843287876673,3300.99936567034,3301.6546870640345
2026-08-10 07:00:00-04:00,,,,,,,3300.5406406947545,3300.9556775774277,3301.6109989711217
2026-08-10 07:15:00-04:00,,,,,,,3300.4969526018417,3300.9119894845144,3301.567310878209
2026-08-10 07:30:00-04:00,,,,,,,3300.4532645089284,3300.8683013916016,3301.5236227852956
2026-08-10 07:45:00-04:00,,,,,,,3300.4095764160156,3300.8246132986883,3301.479934692383
2026-08-10 08:00:00-04:00,,,,,,,3300.365888323103,3300.7809252057755,3301.43624659947
2026-08-10 08:15:00-04:00,,,,,,,3300.3222002301895,3300.737237112863,3301.3925585065567
2026-08-10 08:30:00-04:00,,,,,,,3300.2785121372767,3300.6935490199494,3301.348870413644
2026-08-10 08:45:00-04:00,,,,,,,3300.234824044364,3300.649860927037,3301.305182320731
2026-08-10 09:00:00-04:00,,,,,,,3300.191135951451,3300.6061728341238,3301.2614942278183
2026-08-10 09:15:00-04:00,,,,,,,3300.147447858538,3300.562484741211,3301.217806134905
2026-08-10 09:30:00-04:00,3300.103759765625,3300.103759765625,3302.11962890625,3297.31689453125,3301.577880859375,0.0,3300.103759765625,3300.5187966482977,3301.174118041992
2026-08-10 09:45:00-04:00,3295.375732421875,3295.375732421875,3300.102294921875,3295.296142578125,3300.102294921875,0.0,3295.375732421875,3300.2408915928436,3301.0367431640625
2026-08-10 10:00:00-04:00,3298.3095703125,3298.3095703125,3298.591796875,3294.46435546875,3295.4912109375,0.0,3298.3095703125,3300.1118628365657,3300.9589188058035
2026-08-10 10:15:00-04:00,3299.517578125,3299.517578125,3299.53173828125,3297.42333984375,3298.21826171875,0.0,3299.517578125,3300.0454188755584,3300.906128365653
2026-08-10 10:30:00-04:00,3296.962646484375,3296.962646484375,3299.560302734375,3296.66748046875,3299.451171875,0.0,3296.962646484375,3299.853412737165,3300.8031130545482
2026-08-10 10:45:00-04:00,3300.296630859375,3300.296630859375,3300.65380859375,3296.69677734375,3297.005126953125,0.0,3300.296630859375,3299.830290222168,3300.7676511928016
2026-08-10 11:00:00-04:00,3302.236083984375,3302.236083984375,3302.316650390625,3300.410888671875,3300.47021484375,0.0,3302.236083984375,3299.9063247680665,3300.771852155413
2026-08-10 11:15:00-04:00,3305.3076171875,3305.3076171875,3305.36181640625,3302.211181640625,3302.211181640625,0.0,3305.3076171875,3300.1381203787664,3300.838357543945
2026-08-10 11:30:00-04:00,3305.573486328125,3305.573486328125,3305.573486328125,3305.573486328125,3305.573486328125,0.0,3305.573486328125,3300.3853938511443,3300.9110540771485
2026-08-10 11:45:00-04:00,,,,,,,3305.6405528675427,3300.638205055138,3300.9859657029983
2026-08-10 12:00:00-04:00,,,,,,,3305.70761940696,3300.8965539907476,3301.0630924214947
2026-08-10 12:15:00-04:00,,,,,,,3305.7746859463778,3301.1604406579745,3301.1424342326377
2026-08-10 12:30:00-04:00,,,,,,,3305.8417524857955,3301.4298650568185,3301.223991136427
2026-08-10 12:45:00-04:00,,,,,,,3305.9088190252132,3301.704827187278,3301.3077631328633
2026-08-10 13:00:00-04:00,,,,,,,3305.9758855646305,3301.985327049354,3301.393750221946
2026-08-10 13:15:00-04:00,,,,,,,3306.0429521040483,3302.271364643047,3301.4819524036757
2026-08-10 13:30:00-04:00,,,,,,,3306.110018643466,3302.5629399683567,3301.5723696780515
2026-08-10 13:45:00-04:00,,,,,,,3306.1770851828837,3302.860053025283,3301.6650020450743
2026-08-10 14:00:00-04:00,,,,,,,3306.244151722301,3303.162703813825,3301.7598495047437
2026-08-10 14:15:00-04:00,,,,,,,3306.3112182617188,3303.4708923339845,3301.856912057059
2026-08-10 14:30:00-04:00,,,,,,,3306.3782848011365,3303.7846185857597,3301.9561897020217
2026-08-10 14:45:00-04:00,,,,,,,3306.4453513405538,3304.338099531694,3302.0576824396308
2026-08-10 15:00:00-04:00,,,,,,,3306.5124178799715,3304.748241910068,3302.1613902698864
2026-08-10 15:15:00-04:00,,,,,,,3306.5794844193892,3305.101337224787,3302.267313192788
2026-08-10 15:30:00-04:00,,,,,,,3306.646550958807,3305.5855324485083,3302.375451208338
2026-08-10 15:45:00-04:00,,,,,,,3306.7136174982243,3305.9063817804513,3302.485804316533
2026-08-10 16:00:00-04:00,,,,,,,3306.780684037642,3306.1336117831147,3302.5983725173755
2026-08-10 16:15:00-04:00,,,,,,,3306.8477505770597,3306.2106184525924,3302.713155810864
2026-08-10 16:30:00-04:00,,,,,,,3306.9148171164775,3306.2776849920097,3302.8301541969995
2026-08-10 16:45:00-04:00,,,,,,,3306.9818836558948,3306.344751531427,3302.949367675781
2026-08-10 17:00:00-04:00,,,,,,,3307.0489501953125,3306.411818070845,3303.0707962472097
2026-08-10 17:15:00-04:00,,,,,,,3307.1160167347302,3306.478884610263,3303.1944399112854
2026-08-10 17:30:00-04:00,,,,,,,3307.1830832741475,3306.54595114968,3303.320298668007
2026-08-10 17:45:00-04:00,,,,,,,3307.2501498135653,3306.6130176890983,3303.4483725173754
2026-08-10 18:00:00-04:00,,,,,,,3307.317216352983,3306.6800842285156,3303.57866145939
2026-08-10 18:15:00-04:00,,,,,,,3307.3842828924007,3306.747150767934,3303.7111654940522
2026-08-10 18:30:00-04:00,,,,,,,3307.451349431818,3306.814217307351,3303.84588462136
2026-08-10 18:45:00-04:00,,,,,,,3307.5184159712358,3306.8812838467684,3303.982818841315
2026-08-10 19:00:00-04:00,,,,,,,3307.5854825106535,3306.948350386186,3304.1219681539164
2026-08-10 19:15:00-04:00,,,,,,,3307.6525490500712,3307.0154169256034,3304.263332559165
2026-08-10 19:30:00-04:00,,,,,,,3307.7196155894885,3307.0824834650207,3304.4069120570593
2026-08-10 19:45:00-04:00,,,,,,,3307.7866821289062,3307.149550004439,3304.5527066476
2026-08-10 20:00:00-04:00,,,,,,,3307.853748668324,3307.2166165438566,3304.7007163307885
2026-08-10 20:15:00-04:00,,,,,,,3307.9208152077413,3307.283683083274,3304.850941106623
2026-08-10 20:30:00-04:00,,,,,,,3307.987881747159,3307.350749622692,3305.003380975104
2026-08-10 20:45:00-04:00,,,,,,,3308.0549482865767,3307.4178161621094,3305.1580359362315
2026-08-10 21:00:00-04:00,,,,,,,3308.1220148259945,3307.4848827015276,3305.3149059900065
2026-08-10 21:15:00-04:00,,,,,,,3308.1890813654118,3307.551949240945,3305.473991136427
2026-08-10 21:30:00-04:00,,,,,,,3308.2561479048295,3307.619015780362,3305.6352913754945
2026-08-10 21:45:00-04:00,,,,,,,3308.3232144442472,3307.68608231978,3305.7988067072088
2026-08-10 22:00:00-04:00,,,,,,,3308.390280983665,3307.753148859197,3305.9645371315696
2026-08-10 22:15:00-04:00,,,,,,,3308.4573475230823,3307.8202153986144,3306.226169433594
2026-08-10 22:30:00-04:00,,,,,,,3308.5244140625,3307.8872819380326,3306.4304663085936
2026-08-10 22:45:00-04:00,,,,,,,3308.5914806019177,3307.9543484774504,3306.6119443581324
2026-08-10 23:00:00-04:00,,,,,,,3308.658547141335,3308.0214150168676,3306.8458623712713
2026-08-10 23:15:00-04:00,,,,,,,3308.7256136807528,3308.088481556286,3307.014442027699
2026-08-10 23:30:00-04:00,,,,,,,3308.7926802201705,3308.155548095703,3307.1455739524145
2026-08-10 23:45:00-04:00,,,,,,,3308.8597467595882,3308.2226146351213,3307.2166165438566
2026-08-11 00:00:00-04:00,,,,,,,3308.9268132990055,3308.2896811745386,3307.283683083274
2026-08-11 00:15:00-04:00,,,,,,,3308.9938798384233,3308.356747713956,3307.3507496226916
2026-08-11 00:30:00-04:00,,,,,,,3309.060946377841,3308.4238142533736,3307.4178161621094
2026-08-11 00:45:00-04:00,,,,,,,3309.1280129172587,3308.490880792791,3307.484882701527
2026-08-11 01:00:00-04:00,,,,,,,3309.195079456676,3308.557947332208,3307.551949240945
2026-08-11 01:15:00-04:00,,,,,,,3309.2621459960938,3308.6250138716264,3307.619015780362
2026-08-11 01:30:00-04:00,,,,,,,3309.3292125355115,3308.692080411044,3307.6860823197803
2026-08-11 01:45:00-04:00,,,,,,,3309.3962790749288,3308.7591469504614,3307.7531488591976
2026-08-11 02:00:00-04:00,,,,,,,3309.4633456143465,3308.8262134898796,3307.820215398615
2026-08-11 02:15:00-04:00,,,,,,,3309.5304121537642,3308.893280029297,3307.887281938032
2026-08-11 02:30:00-04:00,,,,,,,3309.597478693182,3308.960346568715,3307.9543484774504
2026-08-11 02:45:00-04:00,,,,,,,3309.6645452325993,3309.0274131081324,3308.0214150168676
2026-08-11 03:00:00-04:00,,,,,,,3309.731611772017,3309.0944796475496,3308.0884815562854
2026-08-11 03:15:00-04:00,,,,,,,3309.7986783114347,3309.1615461869674,3308.155548095703
2026-08-11 03:30:00-04:00,,,,,,,3309.8657448508525,3309.2286127263847,3308.222614635121
2026-08-11 03:45:00-04:00,,,,,,,3309.9328113902698,3309.295679265802,3308.2896811745386
2026-08-11 04:00:00-04:00,,,,,,,3309.9998779296875,3309.36274580522,3308.356747713956
2026-08-11 04:15:00-04:00,,,,,,,3310.0669444691052,3309.429812344638,3308.423814253374
2026-08-11 04:30:00-04:00,,,,,,,3310.1340110085225,3309.496878884055,3308.4908807927914
2026-08-11 04:45:00-04:00,,,,,,,3310.2010775479403,3309.5639454234733,3308.5579473322086
2026-08-11 05:00:00-04:00,,,,,,,3310.268144087358,3309.6310119628906,3308.625013871626
2026-08-11 05:15:00-04:00,,,,,,,3310.3352106267757,3309.698078502309,3308.692080411044
2026-08-11 05:30:00-04:00,,,,,,,3310.402277166193,3309.765145041726,3308.7591469504614
2026-08-11 05:45:00-04:00,,,,,,,3310.4693437056108,3309.8322115811434,3308.826213489879
2026-08-11 06:00:00-04:00,,,,,,,3310.5364102450285,3309.899278120561,3308.893280029297
2026-08-11 06:15:00-04:00,,,,,,,3310.6034767844462,3309.9663446599784,3308.9603465687146
2026-08-11 06:30:00-04:00,,,,,,,3310.6705433238635,3310.0334111993957,3309.0274131081324
2026-08-11 06:45:00-04:00,,,,,,,3310.7376098632812,3310.100477738814,3309.0944796475496
2026-08-11 07:00:00-04:00,,,,,,,3310.804676402699,3310.1675442782316,3309.161546186968
2026-08-11 07:15:00-04:00,,,,,,,3310.8717429421163,3310.234610817649,3309.228612726385
2026-08-11 07:30:00-04:00,,,,,,,3310.938809481534,3310.301677357067,3309.2956792658024
2026-08-11 07:45:00-04:00,,,,,,,3311.0058760209517,3310.3687438964844,3309.3627458052197
2026-08-11 08:00:00-04:00,,,,,,,3311.0729425603695,3310.4358104359026,3309.429812344638
2026-08-11 08:15:00-04:00,,,,,,,3311.1400090997868,3310.50287697532,3309.496878884055
2026-08-11 08:30:00-04:00,,,,,,,3311.2070756392045,3310.569943514737,3309.563945423473
2026-08-11 08:45:00-04:00,,,,,,,3311.2741421786222,3310.637010054155,3309.6310119628906
2026-08-11 09:00:00-04:00,,,,,,,3311.34120871804,3310.704076593572,3309.6980785023084
2026-08-11 09:15:00-04:00,,,,,,,3311.4082752574573,3310.7711431329894,3309.765145041726
2026-08-11 09:30:00-04:00,3311.475341796875,3311.475341796875,3311.7001953125,3303.461181640625,3304.498291015625,0.0,3311.475341796875,3310.8382096724076,3309.8322115811434
2026-08-11 09:45:00-04:00,3310.40185546875,3310.40185546875,3312.723388671875,3309.8193359375,3311.487060546875,0.0,3310.40185546875,3310.848248568448,3309.8764670632104
2026-08-11 10:00:00-04:00,3309.910888671875,3309.910888671875,3311.421875,3307.63232421875,3311.421875,0.0,3309.910888671875,3310.8303857976744,3309.909561878551
2026-08-11 10:15:00-04:00,3308.189697265625,3308.189697265625,3310.3349609375,3307.845703125,3309.90478515625,0.0,3308.189697265625,3310.7231101296165,3309.9068915349785
2026-08-11 10:30:00-04:00,3305.03515625,3305.03515625,3308.1875,3304.77587890625,3308.007080078125,0.0,3305.03515625,3310.4547540838075,3309.8397890403053
2026-08-11 10:45:00-04:00,3302.310546875,3302.310546875,3306.987060546875,3302.310546875,3305.159423828125,0.0,3302.310546875,3310.046814242276,3309.716853027344
2026-08-11 11:00:00-04:00,3301.71337890625,3301.71337890625,3303.703369140625,3300.88427734375,3302.550048828125,0.0,3301.71337890625,3309.605662675337,3309.5806323242186
2026-08-11 11:15:00-04:00,3297.014892578125,3297.014892578125,3302.124267578125,3297.014892578125,3301.8642578125,0.0,3297.014892578125,3308.9262334650207,3309.3491005637425
2026-08-11 11:30:00-04:00,3297.001220703125,3297.001220703125,3297.001220703125,3297.001220703125,3297.001220703125,0.0,3297.001220703125,3308.2427673339844,3309.1159540349786
2026-08-11 11:45:00-04:00,,,,,,,3297.082588889382,3307.5600162852897,3308.883093539151
2026-08-11 12:00:00-04:00,,,,,,,3297.1639570756392,3306.8779803189364,3308.650519076261
2026-08-11 12:15:00-04:00,,,,,,,3297.245325261896,3306.196659434925,3308.4182306463067
2026-08-11 12:30:00-04:00,,,,,,,3297.3266934481535,3305.5160536332564,3308.1862282492903
2026-08-11 12:45:00-04:00,,,,,,,3297.4080616344104,3304.83616291393,3307.9545118852093
2026-08-11 13:00:00-04:00,,,,,,,3297.4894298206677,3304.156987276944,3307.723081554066
2026-08-11 13:15:00-04:00,,,,,,,3297.5707980069246,3303.4785267223015,3307.4919372558593
2026-08-11 13:30:00-04:00,,,,,,,3297.652166193182,3302.80078125,3307.26107899059
2026-08-11 13:45:00-04:00,,,,,,,3297.733534379439,3302.123750860041,3307.0305067582563
2026-08-11 14:00:00-04:00,,,,,,,3297.8149025656962,3301.447435552423,3306.80022055886
2026-08-11 14:15:00-04:00,,,,,,,3297.896270751953,3300.7718353271484,3306.5702203924006
2026-08-11 14:30:00-04:00,,,,,,,3297.97763893821,3300.0969501842155,3306.3405062588777
2026-08-11 14:45:00-04:00,,,,,,,3298.0590071244674,3299.479807767001,3306.111078158292
2026-08-11 15:00:00-04:00,,,,,,,3298.1403753107243,3298.8912820989435,3305.8819360906427
2026-08-11 15:15:00-04:00,,,,,,,3298.2217434969816,3298.392884410511,3305.653080055931
2026-08-11 15:30:00-04:00,,,,,,,3298.3031116832385,3298.056282182173,3305.424510054155
2026-08-11 15:45:00-04:00,,,,,,,3298.384479869496,3297.859978831898,3305.196226085316
2026-08-11 16:00:00-04:00,,,,,,,3298.4658480557528,3297.697602289373,3304.9682281494142
2026-08-11 16:15:00-04:00,,,,,,,3298.54721624201,3297.7742184725676,3304.740516246449
2026-08-11 16:30:00-04:00,,,,,,,3298.628584428267,3297.855586658825,3304.51309037642
2026-08-11 16:45:00-04:00,,,,,,,3298.7099526145244,3297.9369548450823,3304.2859505393285
2026-08-11 17:00:00-04:00,,,,,,,3298.7913208007812,3298.0183230313387,3304.059096735174
2026-08-11 17:15:00-04:00,,,,,,,3298.872688987038,3298.0996912175956,3303.8325289639556
2026-08-11 17:30:00-04:00,,,,,,,3298.9540571732955,3298.181059403853,3303.606247225675
2026-08-11 17:45:00-04:00,,,,,,,3299.0354253595524,3298.26242759011,3303.38025152033
2026-08-11 18:00:00-04:00,,,,,,,3299.1167935458097,3298.343795776367,3303.154541847923
2026-08-11 18:15:00-04:00,,,,,,,3299.1981617320666,3298.4251639626245,3302.9291182084517
2026-08-11 18:30:00-04:00,,,,,,,3299.279529918324,3298.5065321488814,3302.703980601918
2026-08-11 18:45:00-04:00,,,,,,,3299.360898104581,3298.587900335139,3302.47912902832
2026-08-11 19:00:00-04:00,,,,,,,3299.4422662908382,3298.6692685213957,3302.25456348766
2026-08-11 19:15:00-04:00,,,,,,,3299.523634477095,3298.750636707653,3302.030283979936
2026-08-11 19:30:00-04:00,,,,,,,3299.6050026633525,3298.8320048939104,3301.806290505149
2026-08-11 19:45:00-04:00,,,,,,,3299.6863708496094,3298.913373080167,3301.582583063299
2026-08-11 20:00:00-04:00,,,,,,,3299.7677390358663,3298.9947412664237,3301.3591616543854
2026-08-11 20:15:00-04:00,,,,,,,3299.8491072221236,3299.076109452681,3301.136026278409
2026-08-11 20:30:00-04:00,,,,,,,3299.9304754083805,3299.157477638938,3300.9131769353694
2026-08-11 20:45:00-04:00,,,,,,,3300.011843594638,3299.2388458251953,3300.690613625267
2026-08-11 21:00:00-04:00,,,,,,,3300.0932117808948,3299.3202140114527,3300.4683363481
2026-08-11 21:15:00-04:00,,,,,,,3300.174579967152,3299.4015821977096,3300.2463451038707
2026-08-11 21:30:00-04:00,,,,,,,3300.255948153409,3299.482950383967,3300.0246398925783
2026-08-11 21:45:00-04:00,,,,,,,3300.3373163396664,3299.564318570224,3299.8032207142223
2026-08-11 22:00:00-04:00,,,,,,,3300.4186845259233,3299.645686756481,3299.582087568803
2026-08-11 22:15:00-04:00,,,,,,,3300.5000527121806,3299.7270549427385,3299.3840515136717
2026-08-11 22:30:00-04:00,,,,,,,3300.5814208984375,3299.808423128995,3299.197462158203
2026-08-11 22:45:00-04:00,,,,,,,3300.6627890846944,3299.889791315252,3299.046923994584
2026-08-11 23:00:00-04:00,,,,,,,3300.7441572709517,3299.971159501509,3298.9611040150035
2026-08-11 23:15:00-04:00,,,,,,,3300.8255254572086,3300.052527687766,3298.931403586648
2026-08-11 23:30:00-04:00,,,,,,,3300.906893643466,3300.1338958740234,3298.9152738813923
2026-08-11 23:45:00-04:00,,,,,,,3300.988261829723,3300.215264060281,3298.994741266424
2026-08-12 00:00:00-04:00,,,,,,,3301.0696300159802,3300.2966322465377,3299.076109452681
2026-08-12 00:15:00-04:00,,,,,,,3301.150998202237,3300.378000432795,3299.1574776389384
2026-08-12 00:30:00-04:00,,,,,,,3301.2323663884945,3300.459368619052,3299.2388458251953
2026-08-12 00:45:00-04:00,,,,,,,3301.3137345747514,3300.5407368053093,3299.320214011452
2026-08-12 01:00:00-04:00,,,,,,,3301.3951027610087,3300.6221049915666,3299.4015821977096
2026-08-12 01:15:00-04:00,,,,,,,3301.4764709472656,3300.703473177823,3299.4829503839665
2026-08-12 01:30:00-04:00,,,,,,,3301.5578391335225,3300.78484136408,3299.5643185702233
2026-08-12 01:45:00-04:00,,,,,,,3301.63920731978,3300.8662095503373,3299.6456867564807
2026-08-12 02:00:00-04:00,,,,,,,3301.7205755060368,3300.947577736594,3299.727054942738
2026-08-12 02:15:00-04:00,,,,,,,3301.801943692294,3301.0289459228516,3299.8084231289954
2026-08-12 02:30:00-04:00,,,,,,,3301.883311878551,3301.110314109109,3299.8897913152523
2026-08-12 02:45:00-04:00,,,,,,,3301.9646800648084,3301.191682295366,3299.971159501509
2026-08-12 03:00:00-04:00,,,,,,,3302.0460482510653,3301.273050481623,3300.0525276877665
2026-08-12 03:15:00-04:00,,,,,,,3302.1274164373226,3301.35441866788,3300.1338958740234
2026-08-12 03:30:00-04:00,,,,,,,3302.2087846235795,3301.4357868541374,3300.2152640602803
2026-08-12 03:45:00-04:00,,,,,,,3302.290152809837,3301.5171550403948,3300.2966322465377
2026-08-12 04:00:00-04:00,,,,,,,3302.3715209960938,3301.598523226651,3300.3780004327946
2026-08-12 04:15:00-04:00,,,,,,,3302.4528891823506,3301.679891412908,3300.4593686190515
2026-08-12 04:30:00-04:00,,,,,,,3302.534257368608,3301.7612595991654,3300.540736805309
2026-08-12 04:45:00-04:00,,,,,,,3302.615625554865,3301.8426277854223,3300.622104991566
2026-08-12 05:00:00-04:00,,,,,,,3302.6969937411222,3301.9239959716797,3300.7034731778235
2026-08-12 05:15:00-04:00,,,,,,,3302.778361927379,3302.005364157937,3300.7848413640804
2026-08-12 05:30:00-04:00,,,,,,,3302.8597301136365,3302.086732344194,3300.8662095503373
2026-08-12 05:45:00-04:00,,,,,,,3302.9410982998934,3302.1681005304513,3300.9475777365947
2026-08-12 06:00:00-04:00,,,,,,,3303.0224664861507,3302.249468716708,3301.0289459228516
2026-08-12 06:15:00-04:00,,,,,,,3303.1038346724076,3302.3308369029655,3301.1103141091085
2026-08-12 06:30:00-04:00,,,,,,,3303.185202858665,3302.412205089223,3301.191682295366
2026-08-12 06:45:00-04:00,,,,,,,3303.266571044922,3302.4935732754793,3301.2730504816227
2026-08-12 07:00:00-04:00,,,,,,,3303.3479392311788,3302.574941461736,3301.3544186678796
2026-08-12 07:15:00-04:00,,,,,,,3303.429307417436,3302.6563096479936,3301.435786854137
2026-08-12 07:30:00-04:00,,,,,,,3303.510675603693,3302.7376778342505,3301.5171550403943
2026-08-12 07:45:00-04:00,,,,,,,3303.5920437899504,3302.819046020508,3301.5985232266517
2026-08-12 08:00:00-04:00,,,,,,,3303.6734119762073,3302.900414206765,3301.6798914129085
2026-08-12 08:15:00-04:00,,,,,,,3303.7547801624646,3302.981782393022,3301.7612595991654
2026-08-12 08:30:00-04:00,,,,,,,3303.8361483487215,3303.0631505792794,3301.842627785423
2026-08-12 08:45:00-04:00,,,,,,,3303.917516534979,3303.1445187655363,3301.9239959716797
2026-08-12 09:00:00-04:00,,,,,,,3303.9988847212358,3303.2258869517937,3302.0053641579366
2026-08-12 09:15:00-04:00,,,,,,,3304.080252907493,3303.307255138051,3302.086732344194
2026-08-12 09:30:00-04:00,3304.16162109375,3304.16162109375,3305.12744140625,3301.849609375,3305.027099609375,0.0,3304.16162109375,3303.3886233243074,3302.168100530451
2026-08-12 09:45:00-04:00,3301.057861328125,3301.057861328125,3303.95068359375,3300.970947265625,3303.95068359375,0.0,3301.057861328125,3303.31073511297,3302.1857661576705
2026-08-12 10:00:00-04:00,3297.669189453125,3297.669189453125,3301.37353515625,3296.632080078125,3301.01318359375,0.0,3297.669189453125,3303.05934489857,3302.1340309836646
2026-08-12 10:15:00-04:00,3293.902099609375,3293.902099609375,3299.576904296875,3293.902099609375,3297.730712890625,0.0,3293.902099609375,3302.6155317826706,3302.005326649059
2026-08-12 10:30:00-04:00,3295.032470703125,3295.032470703125,3295.032470703125,3290.89501953125,3293.826904296875,0.0,3295.032470703125,3302.2241688121444,3301.897602372603
2026-08-12 10:45:00-04:00,3295.05859375,3295.05859375,3296.00439453125,3293.440185546875,3295.020751953125,0.0,3295.05859375,3301.8300435846495,3301.7887731933592
2026-08-12 11:00:00-04:00,3292.376708984375,3292.376708984375,3295.377197265625,3291.866943359375,3295.377197265625,0.0,3292.376708984375,3301.297755709561,3301.6246789550783
2026-08-12 11:15:00-04:00,3291.634521484375,3291.634521484375,3292.975830078125,3290.99560546875,3292.21630859375,0.0,3291.634521484375,3300.72429005016,3301.444113603072
2026-08-12 11:30:00-04:00,3291.385986328125,3291.385986328125,3291.385986328125,3291.385986328125,3291.385986328125,0.0,3291.385986328125,3300.134329223633,3301.256950184215
2026-08-12 11:45:00-04:00,,,,,,,3291.351681795987,3299.538584761186,3301.0674733109904
2026-08-12 12:00:00-04:00,,,,,,,3291.3173772638493,3298.9370566628195,3300.8756829833983
2026-08-12 12:15:00-04:00,,,,,,,3291.283072731712,3298.3297449285333,3300.681579201438
2026-08-12 12:30:00-04:00,,,,,,,3291.248768199574,3297.7166495583274,3300.48516196511
2026-08-12 12:45:00-04:00,,,,,,,3291.214463667436,3297.097770552202,3300.286431274414
2026-08-12 13:00:00-04:00,,,,,,,3291.1801591352983,3296.473107910156,3300.08538712935
2026-08-12 13:15:00-04:00,,,,,,,3291.1458546031604,3295.842661632191,3299.8820295299183
2026-08-12 13:30:00-04:00,,,,,,,3291.1115500710225,3295.206431718306,3299.676358476119
2026-08-12 13:45:00-04:00,,,,,,,3291.077245538885,3294.564418168501,3299.4683739679513
2026-08-12 14:00:00-04:00,,,,,,,3291.0429410067472,3293.916620982777,3299.2580760054157
2026-08-12 14:15:00-04:00,,,,,,,3291.0086364746094,3293.2630401611327,3299.045464588512
2026-08-12 14:30:00-04:00,,,,,,,3290.9743319424715,3292.603675703569,3298.8305397172408
2026-08-12 14:45:00-04:00,,,,,,,3290.9400274103336,3292.097784007679,3298.6133013916015
2026-08-12 15:00:00-04:00,,,,,,,3290.9057228781962,3291.759610678933,3298.393749611594
2026-08-12 15:15:00-04:00,,,,,,,3290.8714183460584,3291.608076615767,3298.171884377219
2026-08-12 15:30:00-04:00,,,,,,,3290.8371138139205,3291.398308771307,3297.9477056884766
2026-08-12 15:45:00-04:00,,,,,,,3290.8028092817826,3291.1855195478956,3297.7212135453656
2026-08-12 16:00:00-04:00,,,,,,,3290.7685047496448,3291.1051093361593,3297.492407947887
2026-08-12 16:15:00-04:00,,,,,,,3290.734200217507,3291.0600932728157,3297.2612888960407
2026-08-12 16:30:00-04:00,,,,,,,3290.6998956853695,3291.0257887406783,3297.027856389826
2026-08-12 16:45:00-04:00,,,,,,,3290.6655911532316,3290.9914842085404,3296.7921104292436
2026-08-12 17:00:00-04:00,,,,,,,3290.6312866210938,3290.957179676402,3296.5540510142932
2026-08-12 17:15:00-04:00,,,,,,,3290.596982088956,3290.922875144265,3296.313678144975
2026-08-12 17:30:00-04:00,,,,,,,3290.562677556818,3290.888570612127,3296.070991821289
2026-08-12 17:45:00-04:00,,,,,,,3290.5283730246806,3290.854266079989,3295.8259920432347
2026-08-12 18:00:00-04:00,,,,,,,3290.4940684925427,3290.8199615478516,3295.578678810813
2026-08-12 18:15:00-04:00,,,,,,,3290.459763960405,3290.7856570157137,3295.3290521240233
2026-08-12 18:30:00-04:00,,,,,,,3290.425459428267,3290.7513524835763,3295.0771119828655
2026-08-12 18:45:00-04:00,,,,,,,3290.391154896129,3290.717047951438,3294.82285838734
2026-08-12 19:00:00-04:00,,,,,,,3290.3568503639913,3290.6827434193,3294.5662913374467
2026-08-12 19:15:00-04:00,,,,,,,3290.322545831854,3290.6484388871627,3294.3074108331853
2026-08-12 19:30:00-04:00,,,,,,,3290.288241299716,3290.614134355025,3294.046216874556
2026-08-12 19:45:00-04:00,,,,,,,3290.253936767578,3290.5798298228865,3293.7827094615586
2026-08-12 20:00:00-04:00,,,,,,,3290.2196322354403,3290.5455252907495,3293.516888594194
2026-08-12 20:15:00-04:00,,,,,,,3290.1853277033024,3290.511220758611,3293.248754272461
2026-08-12 20:30:00-04:00,,,,,,,3290.151023171165,3290.4769162264733,3292.97830649636
2026-08-12 20:45:00-04:00,,,,,,,3290.116718639027,3290.442611694336,3292.705545265891
2026-08-12 21:00:00-04:00,,,,,,,3290.0824141068892,3290.408307162198,3292.4304705810546
2026-08-12 21:15:00-04:00,,,,,,,3290.0481095747514,3290.3740026300607,3292.15308244185
2026-08-12 21:30:00-04:00,,,,,,,3290.0138050426135,3290.3396980979223,3291.8733808482775
2026-08-12 21:45:00-04:00,,,,,,,3289.9795005104756,3290.3053935657845,3291.5913658003374
2026-08-12 22:00:00-04:00,,,,,,,3289.9451959783382,3290.271089033647,3291.307037298029
2026-08-12 22:15:00-04:00,,,,,,,3289.9108914462004,3290.236784501509,3291.0840979003906
2026-08-12 22:30:00-04:00,,,,,,,3289.8765869140625,3290.202479969371,3290.9282458496095
2026-08-12 22:45:00-04:00,,,,,,,3289.8422823819246,3290.168175437234,3290.8470495050606
2026-08-12 23:00:00-04:00,,,,,,,3289.8079778497868,3290.1338709050956,3290.742559647994
2026-08-12 23:15:00-04:00,,,,,,,3289.7736733176494,3290.0995663729577,3290.636861239346
2026-08-12 23:30:00-04:00,,,,,,,3289.7393687855115,3290.0652618408203,3290.5841144353694
2026-08-12 23:45:00-04:00,,,,,,,3289.7050642533736,3290.0309573086824,3290.5455252907495
2026-08-13 00:00:00-04:00,,,,,,,3289.6707597212358,3289.996652776545,3290.5112207586117
2026-08-13 00:15:00-04:00,,,,,,,3289.636455189098,3289.9623482444067,3290.4769162264733
2026-08-13 00:30:00-04:00,,,,,,,3289.60215065696,3289.928043712269,3290.442611694336
2026-08-13 00:45:00-04:00,,,,,,,3289.5678461248226,3289.8937391801314,3290.4083071621985
2026-08-13 01:00:00-04:00,,,,,,,3289.5335415926847,3289.8594346479936,3290.37400263006
2026-08-13 01:15:00-04:00,,,,,,,3289.499237060547,3289.8251301158552,3290.3396980979223
2026-08-13 01:30:00-04:00,,,,,,,3289.464932528409,3289.7908255837183,3290.305393565785
2026-08-13 01:45:00-04:00,,,,,,,3289.430627996271,3289.75652105158,3290.2710890336475
2026-08-13 02:00:00-04:00,,,,,,,3289.3963234641337,3289.722216519442,3290.2367845015087
2026-08-13 02:15:00-04:00,,,,,,,3289.362018931996,3289.6879119873047,3290.2024799693713
2026-08-13 02:30:00-04:00,,,,,,,3289.327714399858,3289.653607455167,3290.168175437234
2026-08-13 02:45:00-04:00,,,,,,,3289.29340986772,3289.6193029230294,3290.133870905096
2026-08-13 03:00:00-04:00,,,,,,,3289.2591053355823,3289.584998390891,3290.0995663729577
2026-08-13 03:15:00-04:00,,,,,,,3289.2248008034444,3289.550693858753,3290.0652618408203
2026-08-13 03:30:00-04:00,,,,,,,3289.190496271307,3289.516389326616,3290.030957308683
2026-08-13 03:45:00-04:00,,,,,,,3289.156191739169,3289.482084794478,3289.9966527765446
2026-08-13 04:00:00-04:00,,,,,,,3289.1218872070312,3289.4477802623396,3289.9623482444067
2026-08-13 04:15:00-04:00,,,,,,,3289.0875826748934,3289.4134757302027,3289.9280437122693
2026-08-13 04:30:00-04:00,,,,,,,3289.0532781427555,3289.3791711980643,3289.893739180132
2026-08-13 04:45:00-04:00,,,,,,,3289.018973610618,3289.3448666659265,3289.859434647993
2026-08-13 05:00:00-04:00,,,,,,,3288.9846690784802,3289.310562133789,3289.8251301158557
2026-08-13 05:15:00-04:00,,,,,,,3288.9503645463424,3289.276257601651,3289.7908255837183
2026-08-13 05:30:00-04:00,,,,,,,3288.9160600142045,3289.241953069514,3289.7565210515804
2026-08-13 05:45:00-04:00,,,,,,,3288.8817554820666,3289.2076485373755,3289.722216519442
2026-08-13 06:00:00-04:00,,,,,,,3288.8474509499288,3289.1733440052376,3289.6879119873047
2026-08-13 06:15:00-04:00,,,,,,,3288.8131464177914,3289.1390394731,3289.6536074551673
2026-08-13 06:30:00-04:00,,,,,,,3288.7788418856535,3289.1047349409623,3289.619302923029
2026-08-13 06:45:00-04:00,,,,,,,3288.7445373535156,3289.070430408824,3289.584998390891
2026-08-13 07:00:00-04:00,,,,,,,3288.7102328213778,3289.036125876687,3289.5506938587537
2026-08-13 07:15:00-04:00,,,,,,,3288.67592828924,3289.0018213445487,3289.5163893266163
2026-08-13 07:30:00-04:00,,,,,,,3288.6416237571025,3288.967516812411,3289.4820847944775
2026-08-13 07:45:00-04:00,,,,,,,3288.6073192249646,3288.9332122802734,3289.44778026234
2026-08-13 08:00:00-04:00,,,,,,,3288.5730146928267,3288.8989077481356,3289.4134757302027
2026-08-13 08:15:00-04:00,,,,,,,3288.538710160689,3288.864603215998,3289.379171198065
2026-08-13 08:30:00-04:00,,,,,,,3288.504405628551,3288.83029868386,3289.3448666659265
2026-08-13 08:45:00-04:00,,,,,,,3288.470101096413,3288.795994151722,3289.310562133789
2026-08-13 09:00:00-04:00,,,,,,,3288.4357965642757,3288.7616896195846,3289.2762576016517
2026-08-13 09:15:00-04:00,,,,,,,3288.401492032138,3288.7273850874467,3289.2419530695133
2026-08-13 09:30:00-04:00,3288.3671875,3288.3671875,3290.68310546875,3286.386962890625,3290.4970703125,0.0,3288.3671875,3288.6930805553084,3289.2076485373755
2026-08-13 09:45:00-04:00,3287.764404296875,3287.764404296875,3289.8671875,3286.90380859375,3288.7900390625,0.0,3287.764404296875,3288.6303520896217,3289.161974431818
2026-08-13 10:00:00-04:00,3286.585693359375,3286.585693359375,3289.35009765625,3286.50390625,3287.84619140625,0.0,3286.585693359375,3288.510403303667,3289.0934121981536
2026-08-13 10:15:00-04:00,3285.67626953125,3285.67626953125,3286.703369140625,3283.56591796875,3286.6259765625,0.0,3285.67626953125,3288.346698552911,3289.007347578569
2026-08-13 10:30:00-04:00,3284.94140625,3284.94140625,3286.712890625,3283.86474609375,3285.72509765625,0.0,3284.94140625,3288.1479658647017,3288.907271784002
2026-08-13 10:45:00-04:00,3283.582763671875,3283.582763671875,3284.99365234375,3282.591064453125,3284.7109375,0.0,3283.582763671875,3287.883016274192,3288.7807092285157
2026-08-13 11:00:00-04:00,3280.62353515625,3280.62353515625,3283.489501953125,3280.62353515625,3283.375732421875,0.0,3280.62353515625,3287.4718204845076,3288.5956481933595
2026-08-13 11:15:00-04:00,3281.43994140625,3281.43994140625,3281.941162109375,3279.82763671875,3280.595703125,0.0,3281.43994140625,3287.103160233931,3288.427601373846
2026-08-13 11:30:00-04:00,3281.4609375,3281.4609375,3281.4609375,3281.4609375,3281.4609375,0.0,3281.4609375,3286.7372650146485,3288.2606605668498
2026-08-13 11:45:00-04:00,,,,,,,3281.3495871803975,3286.367517505993,3288.092178844105
2026-08-13 12:00:00-04:00,,,,,,,3281.2382368607955,3285.9939177079636,3287.922156205611
2026-08-13 12:15:00-04:00,,,,,,,3281.126886541193,3285.616465620561,3287.7505926513672
2026-08-13 12:30:00-04:00,,,,,,,3281.015536221591,3285.235161243785,3287.5774881813745
2026-08-13 12:45:00-04:00,,,,,,,3280.9041859019885,3284.850004577637,3287.4028427956323
2026-08-13 13:00:00-04:00,,,,,,,3280.7928355823865,3284.4609956221148,3287.2266564941406
2026-08-13 13:15:00-04:00,,,,,,,3280.681485262784,3284.0681343772194,3287.0489292769
2026-08-13 13:30:00-04:00,,,,,,,3280.570134943182,3283.671420842951,3286.86966114391
2026-08-13 13:45:00-04:00,,,,,,,3280.4587846235795,3283.2708550193092,3286.68885209517
2026-08-13 14:00:00-04:00,,,,,,,3280.3474343039775,3282.8664369062944,3286.506502130682
2026-08-13 14:15:00-04:00,,,,,,,3280.236083984375,3282.4581665039063,3286.3226112504435
2026-08-13 14:30:00-04:00,,,,,,,3280.1247336647725,3282.0460438121454,3286.1371794544566
2026-08-13 14:45:00-04:00,,,,,,,3280.0133833451705,3281.65849276456,3285.95020674272
2026-08-13 15:00:00-04:00,,,,,,,3279.902033025568,3281.324309747869,3285.7616931152343
2026-08-13 15:15:00-04:00,,,,,,,3279.790682705966,3281.030030406605,3285.5716385719993
2026-08-13 15:30:00-04:00,,,,,,,3279.6793323863635,3280.7669267134233,3285.3800431130153
2026-08-13 15:45:00-04:00,,,,,,,3279.5679820667615,3280.5661876331674,3285.1869067382813
2026-08-13 16:00:00-04:00,,,,,,,3279.456631747159,3280.5078424627127,3284.9922294477983
2026-08-13 16:15:00-04:00,,,,,,,3279.345281427557,3280.4031094637785,3284.7960112415662
2026-08-13 16:30:00-04:00,,,,,,,3279.2339311079545,3280.2917591441765,3284.5982521195842
2026-08-13 16:45:00-04:00,,,,,,,3279.1225807883525,3280.1804088245744,3284.3989520818536
2026-08-13 17:00:00-04:00,,,,,,,3279.01123046875,3280.0690585049715,3284.1981111283735
2026-08-13 17:15:00-04:00,,,,,,,3278.8998801491475,3279.957708185369,3283.9957292591444
2026-08-13 17:30:00-04:00,,,,,,,3278.7885298295455,3279.846357865767,3283.7918064741657
2026-08-13 17:45:00-04:00,,,,,,,3278.677179509943,3279.7350075461645,3283.5863427734375
2026-08-13 18:00:00-04:00,,,,,,,3278.565829190341,3279.6236572265625,3283.3793381569603
2026-08-13 18:15:00-04:00,,,,,,,3278.4544788707385,3279.5123069069605,3283.170792624734
2026-08-13 18:30:00-04:00,,,,,,,3278.3431285511365,3279.400956587358,3282.960706176758
2026-08-13 18:45:00-04:00,,,,,,,3278.231778231534,3279.289606267756,3282.7490788130326
2026-08-13 19:00:00-04:00,,,,,,,3278.120427911932,3279.1782559481535,3282.5359105335583
2026-08-13 19:15:00-04:00,,,,,,,3278.0090775923295,3279.0669056285515,3282.3212013383345
2026-08-13 19:30:00-04:00,,,,,,,3277.8977272727275,3278.9555553089494,3282.1049512273617
2026-08-13 19:45:00-04:00,,,,,,,3277.786376953125,3278.8442049893465,3281.887160200639
2026-08-13 20:00:00-04:00,,,,,,,3277.6750266335225,3278.732854669744,3281.667828258168
2026-08-13 20:15:00-04:00,,,,,,,3277.5636763139205,3278.621504350142,3281.446955399947
2026-08-13 20:30:00-04:00,,,,,,,3277.452325994318,3278.5101540305395,3281.2245416259766
2026-08-13 20:45:00-04:00,,,,,,,3277.340975674716,3278.3988037109375,3281.000586936257
2026-08-13 21:00:00-04:00,,,,,,,3277.2296253551135,3278.2874533913355,3280.7750913307887
2026-08-13 21:15:00-04:00,,,,,,,3277.1182750355115,3278.176103071733,3280.54805480957
2026-08-13 21:30:00-04:00,,,,,,,3277.006924715909,3278.064752752131,3280.319477372603
2026-08-13 21:45:00-04:00,,,,,,,3276.895574396307,3277.9534024325285,3280.0893590198866
2026-08-13 22:00:00-04:00,,,,,,,3276.7842240767045,3277.8420521129265,3279.85769975142
2026-08-13 22:15:00-04:00,,,,,,,3276.6728737571025,3277.7307017933244,3279.635869140625
2026-08-13 22:30:00-04:00,,,,,,,3276.5615234375,3277.6193514737215,3279.4353857421875
2026-08-13 22:45:00-04:00,,,,,,,3276.4501731178975,3277.508001154119,3279.25086381392
2026-08-13 23:00:00-04:00,,,,,,,3276.3388227982955,3277.396650834517,3279.0788121448863
2026-08-13 23:15:00-04:00,,,,,,,3276.227472478693,3277.2853005149145,3278.931706321023
2026-08-13 23:30:00-04:00,,,,,,,3276.116122159091,3277.1739501953125,3278.84155806108
2026-08-13 23:45:00-04:00,,,,,,,3276.0047718394885,3277.0625998757105,3278.7328546697445
2026-08-14 00:00:00-04:00,,,,,,,3275.8934215198865,3276.951249556108,3278.621504350142
2026-08-14 00:15:00-04:00,,,,,,,3275.782071200284,3276.839899236506,3278.51015403054
2026-08-14 00:30:00-04:00,,,,,,,3275.670720880682,3276.7285489169035,3278.3988037109375
2026-08-14 00:45:00-04:00,,,,,,,3275.5593705610795,3276.617198597301,3278.287453391335
2026-08-14 01:00:00-04:00,,,,,,,3275.4480202414775,3276.505848277699,3278.176103071733
2026-08-14 01:15:00-04:00,,,,,,,3275.336669921875,3276.3944979580965,3278.0647527521305
2026-08-14 01:30:00-04:00,,,,,,,3275.2253196022725,3276.2831476384945,3277.953402432528
2026-08-14 01:45:00-04:00,,,,,,,3275.1139692826705,3276.171797318892,3277.842052112926
2026-08-14 02:00:00-04:00,,,,,,,3275.002618963068,3276.0604469992895,3277.730701793324
2026-08-14 02:15:00-04:00,,,,,,,3274.891268643466,3275.9490966796875,3277.619351473722
2026-08-14 02:30:00-04:00,,,,,,,3274.7799183238635,3275.837746360085,3277.5080011541195
2026-08-14 02:45:00-04:00,,,,,,,3274.6685680042615,3275.726396040483,3277.396650834517
2026-08-14 03:00:00-04:00,,,,,,,3274.557217684659,3275.615045720881,3277.285300514915
2026-08-14 03:15:00-04:00,,,,,,,3274.445867365057,3275.5036954012785,3277.1739501953125
2026-08-14 03:30:00-04:00,,,,,,,3274.3345170454545,3275.392345081676,3277.06259987571
2026-08-14 03:45:00-04:00,,,,,,,3274.2231667258525,3275.280994762074,3276.951249556108
2026-08-14 04:00:00-04:00,,,,,,,3274.11181640625,3275.1696444424715,3276.8398992365055
2026-08-14 04:15:00-04:00,,,,,,,3274.0004660866475,3275.0582941228695,3276.728548916903
2026-08-14 04:30:00-04:00,,,,,,,3273.8891157670455,3274.946943803267,3276.617198597301
2026-08-14 04:45:00-04:00,,,,,,,3273.777765447443,3274.8355934836645,3276.505848277699
2026-08-14 05:00:00-04:00,,,,,,,3273.666415127841,3274.7242431640625,3276.394497958097
2026-08-14 05:15:00-04:00,,,,,,,3273.5550648082385,3274.61289284446,3276.2831476384945
2026-08-14 05:30:00-04:00,,,,,,,3273.4437144886365,3274.501542524858,3276.171797318892
2026-08-14 05:45:00-04:00,,,,,,,3273.332364169034,3274.390192205256,3276.06044699929
2026-08-14 06:00:00-04:00,,,,,,,3273.221013849432,3274.2788418856535,3275.9490966796875
2026-08-14 06:15:00-04:00,,,,,,,3273.1096635298295,3274.167491566051,3275.837746360085
2026-08-14 06:30:00-04:00,,,,,,,3272.9983132102275,3274.056141246449,3275.726396040483
2026-08-14 06:45:00-04:00,,,,,,,3272.886962890625,3273.9447909268465,3275.6150457208805
2026-08-14 07:00:00-04:00,,,,,,,3272.7756125710225,3273.8334406072445,3275.503695401278
2026-08-14 07:15:00-04:00,,,,,,,3272.6642622514205,3273.722090287642,3275.392345081676
2026-08-14 07:30:00-04:00,,,,,,,3272.552911931818,3273.6107399680395,3275.280994762074
2026-08-14 07:45:00-04:00,,,,,,,3272.441561612216,3273.4993896484375,3275.169644442472
2026-08-14 08:00:00-04:00,,,,,,,3272.3302112926135,3273.388039328835,3275.0582941228695
2026-08-14 08:15:00-04:00,,,,,,,3272.2188609730115,3273.276689009233,3274.946943803267
2026-08-14 08:30:00-04:00,,,,,,,3272.107510653409,3273.165338689631,3274.835593483665
2026-08-14 08:45:00-04:00,,,,,,,3271.996160333807,3273.0539883700285,3274.7242431640625
2026-08-14 09:00:00-04:00,,,,,,,3271.8848100142045,3272.942638050426,3274.61289284446
2026-08-14 09:15:00-04:00,,,,,,,3271.7734596946025,3272.831287730824,3274.501542524858
2026-08-14 09:30:00-04:00,3271.662109375,3271.662109375,3274.076171875,3270.652587890625,3274.076171875,0.0,3271.662109375,3272.7199374112215,3274.3901922052555
2026-08-14 09:45:00-04:00,3274.127685546875,3274.127685546875,3274.127685546875,3271.811279296875,3271.906982421875,0.0,3274.127685546875,3272.737433416193,3274.330380415483
2026-08-14 10:00:00-04:00,3275.37060546875,3275.37060546875,3275.536865234375,3272.481689453125,3273.99951171875,0.0,3275.37060546875,3272.8226429332385,3274.2976540305394
2026-08-14 10:15:00-04:00,3272.287353515625,3272.287353515625,3275.648193359375,3271.720458984375,3275.21337890625,0.0,3272.287353515625,3272.759257368608,3274.205489612926
2026-08-14 10:30:00-04:00,3271.163330078125,3271.163330078125,3273.6630859375,3270.14990234375,3272.3046875,0.0,3271.163330078125,3272.645238148082,3274.0930717329547
2026-08-14 10:45:00-04:00,3271.81005859375,3271.81005859375,3272.603515625,3270.57080078125,3271.145263671875,0.0,3271.81005859375,3272.5691228693186,3273.9958154296874
2026-08-14 11:00:00-04:00,3270.130615234375,3270.130615234375,3272.441650390625,3269.96484375,3271.594482421875,0.0,3270.130615234375,3272.4146029385656,3273.867197265625
2026-08-14 11:15:00-04:00,3274.423828125,3274.423828125,3274.423828125,3268.83642578125,3270.177490234375,0.0,3274.423828125,3272.480311168324,3273.8266703657673
2026-08-14 11:30:00-04:00,3274.521484375,3274.521484375,3274.521484375,3274.521484375,3274.521484375,0.0,3274.521484375,3272.5564697265627,3273.790323597301
2026-08-14 11:45:00-04:00,,,,,,,3274.4904453822546,3272.636643851144,3273.755583055372
2026-08-14 12:00:00-04:00,,,,,,,3274.459406389509,3272.7208335420682,3273.7224487399803
2026-08-14 12:15:00-04:00,,,,,,,3274.4283673967634,3272.809038799335,3273.690920651126
2026-08-14 12:30:00-04:00,,,,,,,3274.397328404018,3272.901259622945,3273.660998788809
2026-08-14 12:45:00-04:00,,,,,,,3274.366289411272,3272.997496012898,3273.6326831530287
2026-08-14 13:00:00-04:00,,,,,,,3274.335250418527,3273.097747969194,3273.6059737437854
2026-08-14 13:15:00-04:00,,,,,,,3274.3042114257814,3273.2020154918323,3273.58087056108
2026-08-14 13:30:00-04:00,,,,,,,3274.2731724330356,3273.3102985808137,3273.5573736049105
2026-08-14 13:45:00-04:00,,,,,,,3274.24213344029,3273.422597236138,3273.5354828752793
2026-08-14 14:00:00-04:00,,,,,,,3274.211094447545,3273.538911457805,3273.5151983721844
2026-08-14 14:15:00-04:00,,,,,,,3274.180055454799,3273.659241245815,3273.496520095627
2026-08-14 14:30:00-04:00,,,,,,,3274.1490164620536,3273.7835866001674,3273.479448045606
2026-08-14 14:45:00-04:00,,,,,,,3274.1179774693082,3273.783101196289,3273.4639822221234
2026-08-14 15:00:00-04:00,,,,,,,3274.0869384765624,3273.7189178466797,3273.4501226251778
2026-08-14 15:15:00-04:00,,,,,,,3274.055899483817,3273.8073451450896,3273.4378692547684
2026-08-14 15:30:00-04:00,,,,,,,3274.0248604910716,3273.9504216657365,3273.4272221108968
2026-08-14 15:45:00-04:00,,,,,,,3273.993821498326,3274.0596098109654,3273.4181811935623
2026-08-14 16:00:00-04:00,,,,,,,3273.9627825055804,3274.2512181745255,3273.410746502765
2026-08-14 16:15:00-04:00,,,,,,,3273.9317435128346,3274.2266139439175,3273.4049180385045
2026-08-14 16:30:00-04:00,,,,,,,3273.900704520089,3274.1955749511717,3273.4006958007812
2026-08-14 16:45:00-04:00,,,,,,,3273.869665527344,3274.1645359584263,3273.398079789595
2026-08-14 17:00:00-04:00,,,,,,,3273.838626534598,3274.133496965681,3273.397070004946
2026-08-14 17:15:00-04:00,,,,,,,3273.8075875418526,3274.1024579729356,3273.397666446834
2026-08-14 17:30:00-04:00,,,,,,,3273.7765485491072,3274.07141898019,3273.3998691152597
2026-08-14 17:45:00-04:00,,,,,,,3273.7455095563614,3274.0403799874443,3273.4036780102224
2026-08-14 18:00:00-04:00,,,,,,,3273.714470563616,3274.0093409946985,3273.4090931317214
2026-08-14 18:15:00-04:00,,,,,,,3273.6834315708707,3273.978302001953,3273.4161144797586
2026-08-14 18:30:00-04:00,,,,,,,3273.652392578125,3273.9472630092077,3273.424742054332
2026-08-14 18:45:00-04:00,,,,,,,3273.6213535853794,3273.916224016462,3273.4349758554436
2026-08-14 19:00:00-04:00,,,,,,,3273.590314592634,3273.885185023716,3273.446815883092
2026-08-14 19:15:00-04:00,,,,,,,3273.559275599888,3273.8541460309707,3273.4602621372765
2026-08-14 19:30:00-04:00,,,,,,,3273.528236607143,3273.8231070382253,3273.475314617999
2026-08-14 19:45:00-04:00,,,,,,,3273.4971976143975,3273.79206804548,3273.4919733252586
2026-08-14 20:00:00-04:00,,,,,,,3273.4661586216516,3273.7610290527346,3273.5102382590553
2026-08-14 20:15:00-04:00,,,,,,,3273.4351196289062,3273.7299900599887,3273.530109419389
2026-08-14 20:30:00-04:00,,,,,,,3273.404080636161,3273.6989510672433,3273.5515868062603
2026-08-14 20:45:00-04:00,,,,,,,3273.373041643415,3273.667912074498,3273.574670419668
2026-08-14 21:00:00-04:00,,,,,,,3273.3420026506697,3273.636873081752,3273.599360259613
2026-08-14 21:15:00-04:00,,,,,,,3273.3109636579243,3273.6058340890067,3273.625656326096
2026-08-14 21:30:00-04:00,,,,,,,3273.2799246651784,3273.574795096261,3273.6535586191153
2026-08-14 21:45:00-04:00,,,,,,,3273.248885672433,3273.5437561035155,3273.683067138672
2026-08-14 22:00:00-04:00,,,,,,,3273.2178466796877,3273.5127171107697,3273.714181884766
2026-08-14 22:15:00-04:00,,,,,,,3273.186807686942,3273.4816781180243,3273.695364327567
2026-08-14 22:30:00-04:00,,,,,,,3273.1557686941965,3273.450639125279,3273.6510675920763
2026-08-14 22:45:00-04:00,,,,,,,3273.124729701451,3273.4196001325336,3273.667815115792
2026-08-14 23:00:00-04:00,,,,,,,3273.0936907087053,3273.388561139788,3273.706422328404
2026-08-14 23:15:00-04:00,,,,,,,3273.06265171596,3273.357522147043,3273.731474190848
2026-08-14 23:30:00-04:00,,,,,,,3273.0316127232145,3273.326483154297,3273.789494140625
2026-08-14 23:45:00-04:00,,,,,,,3273.0005737304687,3273.2954441615516,3273.7610290527346
2026-08-15 00:00:00-04:00,,,,,,,3272.9695347377233,3273.264405168806,3273.7299900599887
2026-08-15 00:15:00-04:00,,,,,,,3272.938495744978,3273.2333661760604,3273.6989510672433
2026-08-15 00:30:00-04:00,,,,,,,3272.907456752232,3273.2023271833145,3273.667912074498
2026-08-15 00:45:00-04:00,,,,,,,3272.8764177594867,3273.171288190569,3273.6368730817526
2026-08-15 01:00:00-04:00,,,,,,,3272.845378766741,3273.140249197824,3273.6058340890067
2026-08-15 01:15:00-04:00,,,,,,,3272.8143397739955,3273.109210205078,3273.574795096261
2026-08-15 01:30:00-04:00,,,,,,,3272.78330078125,3273.0781712123326,3273.5437561035155
2026-08-15 01:45:00-04:00,,,,,,,3272.7522617885043,3273.047132219587,3273.5127171107697
2026-08-15 02:00:00-04:00,,,,,,,3272.721222795759,3273.016093226842,3273.481678118025
2026-08-15 02:15:00-04:00,,,,,,,3272.6901838030135,3272.9850542340964,3273.4506391252785
2026-08-15 02:30:00-04:00,,,,,,,3272.6591448102677,3272.9540152413506,3273.419600132534
2026-08-15 02:45:00-04:00,,,,,,,3272.6281058175223,3272.9229762486048,3273.3885611397877
2026-08-15 03:00:00-04:00,,,,,,,3272.597066824777,3272.8919372558594,3273.357522147043
2026-08-15 03:15:00-04:00,,,,,,,3272.566027832031,3272.860898263114,3273.326483154297
2026-08-15 03:30:00-04:00,,,,,,,3272.5349888392857,3272.829859270368,3273.2954441615516
2026-08-15 03:45:00-04:00,,,,,,,3272.5039498465403,3272.7988202776223,3273.2644051688058
2026-08-15 04:00:00-04:00,,,,,,,3272.4729108537945,3272.767781284877,3273.23336617606
2026-08-15 04:15:00-04:00,,,,,,,3272.441871861049,3272.7367422921316,3273.2023271833145
2026-08-15 04:30:00-04:00,,,,,,,3272.4108328683037,3272.705703299386,3273.171288190569
2026-08-15 04:45:00-04:00,,,,,,,3272.379793875558,3272.674664306641,3273.140249197824
2026-08-15 05:00:00-04:00,,,,,,,3272.3487548828125,3272.643625313895,3273.109210205078
2026-08-15 05:15:00-04:00,,,,,,,3272.317715890067,3272.6125863211496,3273.0781712123326
2026-08-15 05:30:00-04:00,,,,,,,3272.2866768973213,3272.581547328404,3273.047132219587
2026-08-15 05:45:00-04:00,,,,,,,3272.255637904576,3272.5505083356584,3273.0160932268413
2026-08-15 06:00:00-04:00,,,,,,,3272.2245989118305,3272.519469342913,3272.9850542340964
2026-08-15 06:15:00-04:00,,,,,,,3272.1935599190847,3272.488430350167,3272.95401524135
2026-08-15 06:30:00-04:00,,,,,,,3272.1625209263393,3272.457391357422,3272.9229762486048
2026-08-15 06:45:00-04:00,,,,,,,3272.131481933594,3272.426352364676,3272.8919372558594
2026-08-15 07:00:00-04:00,,,,,,,3272.100442940848,3272.3953133719306,3272.860898263114
2026-08-15 07:15:00-04:00,,,,,,,3272.0694039481027,3272.364274379185,3272.8298592703686
2026-08-15 07:30:00-04:00,,,,,,,3272.0383649553573,3272.33323538644,3272.7988202776223
2026-08-15 07:45:00-04:00,,,,,,,3272.0073259626115,3272.3021963936944,3272.7677812848774
2026-08-15 08:00:00-04:00,,,,,,,3271.976286969866,3272.271157400949,3272.7367422921316
2026-08-15 08:15:00-04:00,,,,,,,3271.9452479771207,3272.240118408203,3272.705703299386
2026-08-15 08:30:00-04:00,,,,,,,3271.914208984375,3272.209079415458,3272.674664306641
2026-08-15 08:45:00-04:00,,,,,,,3271.8831699916295,3272.1780404227125,3272.643625313895
2026-08-15 09:00:00-04:00,,,,,,,3271.852130998884,3272.1470014299666,3272.6125863211496
2026-08-15 09:15:00-04:00,,,,,,,3271.8210920061383,3272.115962437221,3272.581547328404
2026-08-15 09:30:00-04:00,,,,,,,3271.790053013393,3272.0849234444754,3272.550508335659
2026-08-15 09:45:00-04:00,,,,,,,3271.759014020647,3272.05388445173,3272.519469342913
2026-08-15 10:00:00-04:00,,,,,,,3271.7279750279017,3272.022845458984,3272.488430350167
2026-08-15 10:15:00-04:00,,,,,,,3271.6969360351563,3271.991806466239,3272.457391357422
2026-08-15 10:30:00-04:00,,,,,,,3271.6658970424105,3271.9607674734934,3272.426352364676
2026-08-15 10:45:00-04:00,,,,,,,3271.634858049665,3271.929728480748,3272.395313371931
2026-08-15 11:00:00-04:00,,,,,,,3271.6038190569197,3271.8986894880027,3272.3642743791847
2026-08-15 11:15:00-04:00,,,,,,,3271.572780064174,3271.867650495257,3272.3332353864403
2026-08-15 11:30:00-04:00,,,,,,,3271.5417410714285,3271.836611502511,3272.302196393694
2026-08-15 11:45:00-04:00,,,,,,,3271.510702078683,3271.8055725097656,3272.271157400949
2026-08-15 12:00:00-04:00,,,,,,,3271.4796630859373,3271.7745335170202,3272.240118408203
2026-08-15 12:15:00-04:00,,,,,,,3271.448624093192,3271.7434945242744,3272.209079415458
2026-08-15 12:30:00-04:00,,,,,,,3271.4175851004466,3271.7124555315286,3272.178040422712
2026-08-15 12:45:00-04:00,,,,,,,3271.3865461077007,3271.681416538783,3272.147001429966
2026-08-15 13:00:00-04:00,,,,,,,3271.3555071149553,3271.650377546038,3272.115962437221
2026-08-15 13:15:00-04:00,,,,,,,3271.32446812221,3271.6193385532924,3272.0849234444754
2026-08-15 13:30:00-04:00,,,,,,,3271.293429129464,3271.588299560547,3272.05388445173
2026-08-15 13:45:00-04:00,,,,,,,3271.2623901367188,3271.557260567801,3272.022845458984
2026-08-15 14:00:00-04:00,,,,,,,3271.2313511439734,3271.526221575056,3271.991806466239
2026-08-15 14:15:00-04:00,,,,,,,3271.2003121512275,3271.4951825823105,3271.9607674734934
2026-08-15 14:30:00-04:00,,,,,,,3271.169273158482,3271.4641435895646,3271.9297284807476
2026-08-15 14:45:00-04:00,,,,,,,3271.138234165737,3271.4331045968192,3271.8986894880027
2026-08-15 15:00:00-04:00,,,,,,,3271.107195172991,3271.4020656040734,3271.8676504952564
2026-08-15 15:15:00-04:00,,,,,,,3271.0761561802456,3271.371026611328,3271.836611502511
2026-08-15 15:30:00-04:00,,,,,,,3271.0451171875,3271.339987618582,3271.8055725097656
2026-08-15 15:45:00-04:00,,,,,,,3271.0140781947543,3271.308948625837,3271.7745335170202
2026-08-15 16:00:00-04:00,,,,,,,3270.983039202009,3271.2779096330914,3271.743494524275
2026-08-15 16:15:00-04:00,,,,,,,3270.9520002092636,3271.246870640346,3271.7124555315286
2026-08-15 16:30:00-04:00,,,,,,,3270.9209612165178,3271.2158316476007,3271.6814165387837
2026-08-15 16:45:00-04:00,,,,,,,3270.8899222237724,3271.1847926548553,3271.650377546038
2026-08-15 17:00:00-04:00,,,,,,,3270.858883231027,3271.1537536621095,3271.6193385532924
2026-08-15 17:15:00-04:00,,,,,,,3270.827844238281,3271.122714669364,3271.588299560547
2026-08-15 17:30:00-04:00,,,,,,,3270.796805245536,3271.0916756766187,3271.557260567801
2026-08-15 17:45:00-04:00,,,,,,,3270.7657662527904,3271.060636683873,3271.526221575056
2026-08-15 18:00:00-04:00,,,,,,,3270.7347272600446,3271.029597691127,3271.4951825823105
2026-08-15 18:15:00-04:00,,,,,,,3270.703688267299,3270.9985586983817,3271.464143589565
2026-08-15 18:30:00-04:00,,,,,,,3270.6726492745534,3270.9675197056363,3271.4331045968192
2026-08-15 18:45:00-04:00,,,,,,,3270.641610281808,3270.9364807128904,3271.4020656040734
2026-08-15 19:00:00-04:00,,,,,,,3270.6105712890626,3270.905441720145,3271.371026611328
2026-08-15 19:15:00-04:00,,,,,,,3270.5795322963168,3270.8744027273997,3271.339987618582
2026-08-15 19:30:00-04:00,,,,,,,3270.5484933035714,3270.8433637346543,3271.3089486258373
2026-08-15 19:45:00-04:00,,,,,,,3270.517454310826,3270.812324741909,3271.277909633091
2026-08-15 20:00:00-04:00,,,,,,,3270.48641531808,3270.781285749163,3271.2468706403465
2026-08-15 20:15:00-04:00,,,,,,,3270.455376325335,3270.7502467564173,3271.2158316476
2026-08-15 20:30:00-04:00,,,,,,,3270.4243373325894,3270.719207763672,3271.1847926548553
2026-08-15 20:45:00-04:00,,,,,,,3270.3932983398436,3270.6881687709265,3271.1537536621095
2026-08-15 21:00:00-04:00,,,,,,,3270.362259347098,3270.6571297781807,3271.122714669364
2026-08-15 21:15:00-04:00,,,,,,,3270.331220354353,3270.626090785435,3271.0916756766183
2026-08-15 21:30:00-04:00,,,,,,,3270.300181361607,3270.5950517926894,3271.0606366838724
2026-08-15 21:45:00-04:00,,,,,,,3270.2691423688616,3270.564012799944,3271.029597691127
2026-08-15 22:00:00-04:00,,,,,,,3270.238103376116,3270.5329738071987,3270.9985586983817
2026-08-15 22:15:00-04:00,,,,,,,3270.2070643833704,3270.5019348144533,3270.9675197056363
2026-08-15 22:30:00-04:00,,,,,,,3270.176025390625,3270.4708958217075,3270.9364807128904
2026-08-15 22:45:00-04:00,,,,,,,3270.1449863978796,3270.439856828962,3270.905441720145
2026-08-15 23:00:00-04:00,,,,,,,3270.113947405134,3270.4088178362167,3270.8744027273997
2026-08-15 23:15:00-04:00,,,,,,,3270.0829084123884,3270.377778843471,3270.843363734654
2026-08-15 23:30:00-04:00,,,,,,,3270.051869419643,3270.3467398507255,3270.812324741909
2026-08-15 23:45:00-04:00,,,,,,,3270.020830426897,3270.3157008579797,3270.7812857491626
2026-08-16 00:00:00-04:00,,,,,,,3269.989791434152,3270.2846618652343,3270.7502467564173
2026-08-16 00:15:00-04:00,,,,,,,3269.9587524414064,3270.2536228724884,3270.719207763672
2026-08-16 00:30:00-04:00,,,,,,,3269.9277134486606,3270.222583879743,3270.6881687709265
2026-08-16 00:45:00-04:00,,,,,,,3269.896674455915,3270.1915448869977,3270.657129778181
2026-08-16 01:00:00-04:00,,,,,,,3269.86563546317,3270.1605058942523,3270.626090785435
2026-08-16 01:15:00-04:00,,,,,,,3269.834596470424,3270.129466901507,3270.59505179269
2026-08-16 01:30:00-04:00,,,,,,,3269.8035574776786,3270.0984279087616,3270.564012799944
2026-08-16 01:45:00-04:00,,,,,,,3269.7725184849332,3270.0673889160157,3270.5329738071987
2026-08-16 02:00:00-04:00,,,,,,,3269.7414794921874,3270.0363499232703,3270.5019348144533
2026-08-16 02:15:00-04:00,,,,,,,3269.710440499442,3270.005310930525,3270.4708958217075
2026-08-16 02:30:00-04:00,,,,,,,3269.6794015066966,3269.974271937779,3270.439856828962
2026-08-16 02:45:00-04:00,,,,,,,3269.648362513951,3269.9432329450333,3270.4088178362167
2026-08-16 03:00:00-04:00,,,,,,,3269.6173235212054,3269.912193952288,3270.3777788434713
2026-08-16 03:15:00-04:00,,,,,,,3269.5862845284596,3269.8811549595425,3270.3467398507255
2026-08-16 03:30:00-04:00,,,,,,,3269.555245535714,3269.8501159667967,3270.3157008579797
2026-08-16 03:45:00-04:00,,,,,,,3269.524206542969,3269.8190769740513,3270.2846618652343
2026-08-16 04:00:00-04:00,,,,,,,3269.493167550223,3269.788037981306,3270.2536228724884
2026-08-16 04:15:00-04:00,,,,,,,3269.4621285574776,3269.7569989885606,3270.2225838797435
2026-08-16 04:30:00-04:00,,,,,,,3269.4310895647322,3269.725959995815,3270.1915448869972
2026-08-16 04:45:00-04:00,,,,,,,3269.4000505719864,3269.6949210030693,3270.1605058942528
2026-08-16 05:00:00-04:00,,,,,,,3269.369011579241,3269.6638820103235,3270.1294669015065
2026-08-16 05:15:00-04:00,,,,,,,3269.3379725864957,3269.632843017578,3270.0984279087616
2026-08-16 05:30:00-04:00,,,,,,,3269.30693359375,3269.6018040248327,3270.0673889160157
2026-08-16 05:45:00-04:00,,,,,,,3269.2758946010044,3269.570765032087,3270.0363499232703
2026-08-16 06:00:00-04:00,,,,,,,3269.244855608259,3269.539726039341,3270.0053109305245
2026-08-16 06:15:00-04:00,,,,,,,3269.213816615513,3269.5086870465957,3269.9742719377787
2026-08-16 06:30:00-04:00,,,,,,,3269.182777622768,3269.4776480538503,3269.9432329450333
2026-08-16 06:45:00-04:00,,,,,,,3269.1517386300225,3269.446609061105,3269.912193952288
2026-08-16 07:00:00-04:00,,,,,,,3269.1206996372766,3269.4155700683596,3269.8811549595425
2026-08-16 07:15:00-04:00,,,,,,,3269.0896606445312,3269.3845310756137,3269.8501159667967
2026-08-16 07:30:00-04:00,,,,,,,3269.058621651786,3269.3534920828683,3269.8190769740513
2026-08-16 07:45:00-04:00,,,,,,,3269.02758265904,3269.322453090123,3269.788037981306
2026-08-16 08:00:00-04:00,,,,,,,3268.9965436662947,3269.291414097377,3269.75699898856
2026-08-16 08:15:00-04:00,,,,,,,3268.9655046735493,3269.2603751046317,3269.725959995815
2026-08-16 08:30:00-04:00,,,,,,,3268.9344656808034,3269.229336111886,3269.694921003069
2026-08-16 08:45:00-04:00,,,,,,,3268.903426688058,3269.1982971191405,3269.6638820103235
2026-08-16 09:00:00-04:00,,,,,,,3268.8723876953127,3269.1672581263947,3269.632843017578
2026-08-16 09:15:00-04:00,,,,,,,3268.841348702567,3269.1362191336493,3269.6018040248327
2026-08-16 09:30:00-04:00,,,,,,,3268.8103097098215,3269.105180140904,3269.5707650320874
2026-08-16 09:45:00-04:00,,,,,,,3268.779270717076,3269.0741411481586,3269.539726039341
2026-08-16 10:00:00-04:00,,,,,,,3268.7482317243303,3269.043102155413,3269.508687046596
2026-08-16 10:15:00-04:00,,,,,,,3268.717192731585,3269.012063162668,3269.4776480538503
2026-08-16 10:30:00-04:00,,,,,,,3268.6861537388395,3268.981024169922,3269.446609061105
2026-08-16 10:45:00-04:00,,,,,,,3268.6551147460937,3268.9499851771766,3269.4155700683596
2026-08-16 11:00:00-04:00,,,,,,,3268.6240757533483,3268.918946184431,3269.3845310756137
2026-08-16 11:15:00-04:00,,,,,,,3268.593036760603,3268.8879071916854,3269.3534920828683
2026-08-16 11:30:00-04:00,,,,,,,3268.561997767857,3268.8568681989395,3269.322453090123
2026-08-16 11:45:00-04:00,,,,,,,3268.5309587751117,3268.825829206194,3269.2914140973776
2026-08-16 12:00:00-04:00,,,,,,,3268.499919782366,3268.794790213449,3269.2603751046317
2026-08-16 12:15:00-04:00,,,,,,,3268.4688807896205,3268.763751220703,3269.229336111886
2026-08-16 12:30:00-04:00,,,,,,,3268.437841796875,3268.7327122279576,3269.1982971191405
2026-08-16 12:45:00-04:00,,,,,,,3268.4068028041293,3268.701673235212,3269.1672581263947
2026-08-16 13:00:00-04:00,,,,,,,3268.375763811384,3268.670634242467,3269.13621913365
2026-08-16 13:15:00-04:00,,,,,,,3268.3447248186385,3268.6395952497214,3269.1051801409035
2026-08-16 13:30:00-04:00,,,,,,,3268.3136858258927,3268.6085562569756,3269.074141148159
2026-08-16 13:45:00-04:00,,,,,,,3268.2826468331473,3268.5775172642298,3269.0431021554127
2026-08-16 14:00:00-04:00,,,,,,,3268.251607840402,3268.5464782714844,3269.012063162668
2026-08-16 14:15:00-04:00,,,,,,,3268.220568847656,3268.515439278739,3268.981024169922
2026-08-16 14:30:00-04:00,,,,,,,3268.1895298549107,3268.484400285993,3268.9499851771766
2026-08-16 14:45:00-04:00,,,,,,,3268.1584908621653,3268.4533612932473,3268.9189461844308
2026-08-16 15:00:00-04:00,,,,,,,3268.1274518694195,3268.422322300502,3268.887907191685
2026-08-16 15:15:00-04:00,,,,,,,3268.096412876674,3268.3912833077566,3268.8568681989395
2026-08-16 15:30:00-04:00,,,,,,,3268.0653738839287,3268.360244315011,3268.825829206194
2026-08-16 15:45:00-04:00,,,,,,,3268.034334891183,3268.329205322266,3268.794790213449
2026-08-16 16:00:00-04:00,,,,,,,3268.0032958984375,3268.29816632952,3268.763751220703
2026-08-16 16:15:00-04:00,,,,,,,3267.972256905692,3268.2671273367746,3268.7327122279576
2026-08-16 16:30:00-04:00,,,,,,,3267.9412179129463,3268.236088344029,3268.701673235212
2026-08-16 16:45:00-04:00,,,,,,,3267.910178920201,3268.2050493512834,3268.6706342424663
2026-08-16 17:00:00-04:00,,,,,,,3267.8791399274555,3268.174010358538,3268.6395952497214
2026-08-16 17:15:00-04:00,,,,,,,3267.8481009347097,3268.142971365792,3268.608556256975
2026-08-16 17:30:00-04:00,,,,,,,3267.8170619419643,3268.111932373047,3268.5775172642298
2026-08-16 17:45:00-04:00,,,,,,,3267.786022949219,3268.080893380301,3268.5464782714844
2026-08-16 18:00:00-04:00,,,,,,,3267.754983956473,3268.0498543875556,3268.515439278739
2026-08-16 18:15:00-04:00,,,,,,,3267.7239449637277,3268.01881539481,3268.4844002859936
2026-08-16 18:30:00-04:00,,,,,,,3267.6929059709823,3267.987776402065,3268.4533612932473
2026-08-16 18:45:00-04:00,,,,,,,3267.6618669782365,3267.9567374093194,3268.4223223005024
2026-08-16 19:00:00-04:00,,,,,,,3267.630827985491,3267.925698416574,3268.3912833077566
2026-08-16 19:15:00-04:00,,,,,,,3267.5997889927457,3267.894659423828,3268.360244315011
2026-08-16 19:30:00-04:00,,,,,,,3267.56875,3267.863620431083,3268.329205322266
2026-08-16 19:45:00-04:00,,,,,,,3267.5377110072545,3267.8325814383375,3268.29816632952
2026-08-16 20:00:00-04:00,,,,,,,3267.506672014509,3267.8015424455916,3268.2671273367746
2026-08-16 20:15:00-04:00,,,,,,,3267.4756330217633,3267.770503452846,3268.236088344029
2026-08-16 20:30:00-04:00,,,,,,,3267.444594029018,3267.7394644601004,3268.205049351284
2026-08-16 20:45:00-04:00,,,,,,,3267.413555036272,3267.708425467355,3268.174010358538
2026-08-16 21:00:00-04:00,,,,,,,3267.3825160435267,3267.677386474609,3268.142971365792
2026-08-16 21:15:00-04:00,,,,,,,3267.3514770507813,3267.646347481864,3268.111932373047
2026-08-16 21:30:00-04:00,,,,,,,3267.3204380580355,3267.6153084891184,3268.080893380301
2026-08-16 21:45:00-04:00,,,,,,,3267.28939906529,3267.584269496373,3268.049854387556
2026-08-16 22:00:00-04:00,,,,,,,3267.2583600725447,3267.5532305036277,3268.0188153948097
2026-08-16 22:15:00-04:00,,,,,,,3267.227321079799,3267.522191510882,3267.9877764020653
2026-08-16 22:30:00-04:00,,,,,,,3267.1962820870535,3267.491152518136,3267.956737409319
2026-08-16 22:45:00-04:00,,,,,,,3267.165243094308,3267.4601135253906,3267.925698416574
2026-08-16 23:00:00-04:00,,,,,,,3267.1342041015623,3267.4290745326452,3267.894659423828
2026-08-16 23:15:00-04:00,,,,,,,3267.103165108817,3267.3980355398994,3267.863620431083
2026-08-16 23:30:00-04:00,,,,,,,3267.0721261160716,3267.3669965471536,3267.832581438337
2026-08-16 23:45:00-04:00,,,,,,,3267.0410871233257,3267.335957554408,3267.801542445591
2026-08-17 00:00:00-04:00,,,,,,,3267.0100481305803,3267.304918561663,3267.770503452846
2026-08-17 00:15:00-04:00,,,,,,,3266.979009137835,3267.2738795689174,3267.7394644601004
2026-08-17 00:30:00-04:00,,,,,,,3266.947970145089,3267.242840576172,3267.708425467355
2026-08-17 00:45:00-04:00,,,,,,,3266.9169311523438,3267.211801583426,3267.677386474609
2026-08-17 01:00:00-04:00,,,,,,,3266.8858921595984,3267.180762590681,3267.646347481864
2026-08-17 01:15:00-04:00,,,,,,,3266.8548531668525,3267.1497235979355,3267.6153084891184
2026-08-17 01:30:00-04:00,,,,,,,3266.823814174107,3267.1186846051896,3267.5842694963726
2026-08-17 01:45:00-04:00,,,,,,,3266.792775181362,3267.0876456124442,3267.5532305036277
2026-08-17 02:00:00-04:00,,,,,,,3266.761736188616,3267.0566066196984,3267.5221915108814
2026-08-17 02:15:00-04:00,,,,,,,3266.7306971958706,3267.025567626953,3267.491152518136
2026-08-17 02:30:00-04:00,,,,,,,3266.699658203125,3266.994528634207,3267.4601135253906
2026-08-17 02:45:00-04:00,,,,,,,3266.6686192103793,3266.963489641462,3267.4290745326452
2026-08-17 03:00:00-04:00,,,,,,,3266.637580217634,3266.9324506487164,3267.3980355399
2026-08-17 03:15:00-04:00,,,,,,,3266.6065412248886,3266.901411655971,3267.3669965471536
2026-08-17 03:30:00-04:00,,,,,,,3266.5755022321428,3266.8703726632257,3267.3359575544087
2026-08-17 03:45:00-04:00,,,,,,,3266.5444632393974,3266.8393336704803,3267.304918561663
2026-08-17 04:00:00-04:00,,,,,,,3266.513424246652,3266.8082946777345,3267.2738795689174
2026-08-17 04:15:00-04:00,,,,,,,3266.482385253906,3266.777255684989,3267.242840576172
2026-08-17 04:30:00-04:00,,,,,,,3266.451346261161,3266.7462166922437,3267.211801583426
2026-08-17 04:45:00-04:00,,,,,,,3266.4203072684154,3266.715177699498,3267.180762590681
2026-08-17 05:00:00-04:00,,,,,,,3266.3892682756696,3266.684138706752,3267.1497235979355
2026-08-17 05:15:00-04:00,,,,,,,3266.358229282924,3266.6530997140067,3267.11868460519
2026-08-17 05:30:00-04:00,,,,,,,3266.3271902901784,3266.6220607212613,3267.0876456124442
2026-08-17 05:45:00-04:00,,,,,,,3266.296151297433,3266.5910217285154,3267.0566066196984
2026-08-17 06:00:00-04:00,,,,,,,3266.2651123046876,3266.55998273577,3267.025567626953
2026-08-17 06:15:00-04:00,,,,,,,3266.2340733119418,3266.5289437430247,3266.994528634207
2026-08-17 06:30:00-04:00,,,,,,,3266.2030343191964,3266.4979047502793,3266.9634896414623
2026-08-17 06:45:00-04:00,,,,,,,3266.171995326451,3266.466865757534,3266.932450648716
2026-08-17 07:00:00-04:00,,,,,,,3266.140956333705,3266.435826764788,3266.9014116559715
2026-08-17 07:15:00-04:00,,,,,,,3266.10991734096,3266.4047877720423,3266.870372663225
2026-08-17 07:30:00-04:00,,,,,,,3266.0788783482144,3266.373748779297,3266.8393336704803
2026-08-17 07:45:00-04:00,,,,,,,3266.0478393554686,3266.3427097865515,3266.8082946777345
2026-08-17 08:00:00-04:00,,,,,,,3266.016800362723,3266.3116707938057,3266.777255684989
2026-08-17 08:15:00-04:00,,,,,,,3265.985761369978,3266.28063180106,3266.7462166922433
2026-08-17 08:30:00-04:00,,,,,,,3265.954722377232,3266.2495928083144,3266.7151776994974
2026-08-17 08:45:00-04:00,,,,,,,3265.9236833844866,3266.218553815569,3266.684138706752
2026-08-17 09:00:00-04:00,,,,,,,3265.892644391741,3266.1875148228237,3266.6530997140067
2026-08-17 09:15:00-04:00,,,,,,,3265.8616053989954,3266.1564758300783,3266.6220607212613
2026-08-17 09:30:00-04:00,3265.83056640625,3265.83056640625,3267.23046875,3264.252197265625,3265.288818359375,0.0,3265.83056640625,3266.1254368373325,3266.5910217285154
2026-08-17 09:45:00-04:00,3270.508056640625,3270.508056640625,3270.94873046875,3266.017578125,3266.017578125,0.0,3270.508056640625,3266.329824305943,3266.6541533203126
2026-08-17 10:00:00-04:00,3268.50634765625,3268.50634765625,3270.95703125,3267.376953125,3270.95703125,0.0,3268.50634765625,3266.435678274972,3266.677871512277
2026-08-17 10:15:00-04:00,3268.13525390625,3268.13525390625,3268.59375,3266.05224609375,3268.504638671875,0.0,3268.13525390625,3266.5245295061386,3266.6947886090957
2026-08-17 10:30:00-04:00,3263.948974609375,3263.948974609375,3268.048828125,3263.948974609375,3268.048828125,0.0,3263.948974609375,3266.405618722098,3266.6286008998327
2026-08-17 10:45:00-04:00,3264.186767578125,3264.186767578125,3265.156494140625,3263.3291015625,3263.703857421875,0.0,3264.186767578125,3266.3001495361327,3266.567789829799
2026-08-17 11:00:00-04:00,3263.330322265625,3263.330322265625,3266.115234375,3261.718994140625,3264.340576171875,0.0,3263.330322265625,3266.1534100341796,3266.4904706333705
2026-08-17 11:15:00-04:00,3266.303466796875,3266.303466796875,3266.6728515625,3262.3662109375,3263.27197265625,0.0,3266.303466796875,3266.1568797084265,3266.4732351074217
2026-08-17 11:30:00-04:00,3266.303466796875,3266.303466796875,3266.303466796875,3266.303466796875,3266.303466796875,0.0,3266.303466796875,3266.16190133231,3266.456620361328
2026-08-17 11:45:00-04:00,,,,,,,3266.0954867276278,3266.158075902369,3266.4364667937043
2026-08-17 12:00:00-04:00,,,,,,,3265.8875066583805,3266.145403418603,3266.4127744045504
2026-08-17 12:15:00-04:00,,,,,,,3265.6795265891337,3266.123883881012,3266.3855431938664
2026-08-17 12:30:00-04:00,,,,,,,3265.4715465198865,3266.093517289595,3266.3547731616527
2026-08-17 12:45:00-04:00,,,,,,,3265.2635664506392,3266.0543036443537,3266.3204643079093
2026-08-17 13:00:00-04:00,,,,,,,3265.055586381392,3266.0062429452873,3266.282616632635
2026-08-17 13:15:00-04:00,,,,,,,3264.8476063121448,3265.9493351923957,3266.241230135831
2026-08-17 13:30:00-04:00,,,,,,,3264.6396262428975,3265.883580385679,3266.196304817497
2026-08-17 13:45:00-04:00,,,,,,,3264.4316461736507,3265.808978525137,3266.147840677633
2026-08-17 14:00:00-04:00,,,,,,,3264.2236661044035,3265.72552961077,3266.095837716239
2026-08-17 14:15:00-04:00,,,,,,,3264.0156860351562,3265.633233642578,3266.0402959333146
2026-08-17 14:30:00-04:00,,,,,,,3263.807705965909,3265.532090620561,3265.9812153288603
2026-08-17 14:45:00-04:00,,,,,,,3263.5997258966618,3265.186674083363,3265.918595902877
2026-08-17 15:00:00-04:00,,,,,,,3263.391745827415,3264.930943991921,3265.852437655362
2026-08-17 15:15:00-04:00,,,,,,,3263.1837657581677,3264.683369584517,3265.782740586318
2026-08-17 15:30:00-04:00,,,,,,,3262.9757856889205,3264.6347101384945,3265.709504695744
2026-08-17 15:45:00-04:00,,,,,,,3262.7678056196733,3264.5637620405714,3265.6327299836394
2026-08-17 16:00:00-04:00,,,,,,,3262.559825550426,3264.5252372048117,3265.552416450005
2026-08-17 16:15:00-04:00,,,,,,,3262.3518454811788,3264.327656139027,3265.468564094841
2026-08-17 16:30:00-04:00,,,,,,,3262.143865411932,3264.11967606978,3265.3811729181466
2026-08-17 16:45:00-04:00,,,,,,,3261.9358853426847,3263.9116960005326,3265.290242919922
2026-08-17 17:00:00-04:00,,,,,,,3261.7279052734375,3263.7037159312854,3265.1957741001675
2026-08-17 17:15:00-04:00,,,,,,,3261.5199252041903,3263.4957358620386,3265.0977664588827
2026-08-17 17:30:00-04:00,,,,,,,3261.311945134943,3263.2877557927914,3264.9962199960682
2026-08-17 17:45:00-04:00,,,,,,,3261.1039650656962,3263.079775723544,3264.891134711723
2026-08-17 18:00:00-04:00,,,,,,,3260.895984996449,3262.871795654297,3264.782510605849
2026-08-17 18:15:00-04:00,,,,,,,3260.6880049272017,3262.6638155850496,3264.6703476784446
2026-08-17 18:30:00-04:00,,,,,,,3260.4800248579545,3262.4558355158024,3264.55464592951
2026-08-17 18:45:00-04:00,,,,,,,3260.2720447887073,3262.247855446555,3264.435405359045
2026-08-17 19:00:00-04:00,,,,,,,3260.06406471946,3262.0398753773084,3264.3126259670507
2026-08-17 19:15:00-04:00,,,,,,,3259.8560846502132,3261.831895308061,3264.186307753526
2026-08-17 19:30:00-04:00,,,,,,,3259.648104580966,3261.623915238814,3264.056450718471
2026-08-17 19:45:00-04:00,,,,,,,3259.4401245117188,3261.4159351695666,3263.923054861886
2026-08-17 20:00:00-04:00,,,,,,,3259.2321444424715,3261.20795510032,3263.7861201837713
2026-08-17 20:15:00-04:00,,,,,,,3259.0241643732243,3260.9999750310726,3263.645646684127
2026-08-17 20:30:00-04:00,,,,,,,3258.8161843039775,3260.7919949618254,3263.5016343629513
2026-08-17 20:45:00-04:00,,,,,,,3258.6082042347302,3260.584014892578,3263.354083220246
2026-08-17 21:00:00-04:00,,,,,,,3258.400224165483,3260.376034823331,3263.202993256012
2026-08-17 21:15:00-04:00,,,,,,,3258.1922440962358,3260.1680547540836,3263.0483644702467
2026-08-17 21:30:00-04:00,,,,,,,3257.9842640269885,3259.9600746848364,3262.890196862951
2026-08-17 21:45:00-04:00,,,,,,,3257.7762839577413,3259.7520946155896,3262.728490434127
2026-08-17 22:00:00-04:00,,,,,,,3257.5683038884945,3259.5441145463424,3262.5632451837714
2026-08-17 22:15:00-04:00,,,,,,,3257.3603238192472,3259.336134477095,3262.300290527344
2026-08-17 22:30:00-04:00,,,,,,,3257.15234375,3259.128154407848,3262.0732104492185
2026-08-17 22:45:00-04:00,,,,,,,3256.9443636807528,3258.920174338601,3261.849392644709
2026-08-17 23:00:00-04:00,,,,,,,3256.7363836115055,3258.712194269354,3261.7051408247517
2026-08-17 23:15:00-04:00,,,,,,,3256.5284035422587,3258.5042142001066,3261.551973544034
2026-08-17 23:30:00-04:00,,,,,,,3256.3204234730115,3258.2962341308594,3261.411775568182
2026-08-17 23:45:00-04:00,,,,,,,3256.1124434037642,3258.088254061612,3261.20795510032
2026-08-18 00:00:00-04:00,,,,,,,3255.904463334517,3257.880273992365,3260.9999750310726
2026-08-18 00:15:00-04:00,,,,,,,3255.6964832652698,3257.6722939231176,3260.791994961825
2026-08-18 00:30:00-04:00,,,,,,,3255.4885031960225,3257.464313853871,3260.584014892578
2026-08-18 00:45:00-04:00,,,,,,,3255.2805231267757,3257.2563337846236,3260.3760348233313
2026-08-18 01:00:00-04:00,,,,,,,3255.0725430575285,3257.0483537153764,3260.1680547540836
2026-08-18 01:15:00-04:00,,,,,,,3254.8645629882812,3256.840373646129,3259.9600746848364
2026-08-18 01:30:00-04:00,,,,,,,3254.656582919034,3256.6323935768824,3259.7520946155896
2026-08-18 01:45:00-04:00,,,,,,,3254.4486028497868,3256.424413507635,3259.544114546343
2026-08-18 02:00:00-04:00,,,,,,,3254.24062278054,3256.216433438388,3259.3361344770947
2026-08-18 02:15:00-04:00,,,,,,,3254.0326427112927,3256.0084533691406,3259.128154407848
2026-08-18 02:30:00-04:00,,,,,,,3253.8246626420455,3255.8004732998934,3258.920174338601
2026-08-18 02:45:00-04:00,,,,,,,3253.6166825727983,3255.592493230646,3258.712194269354
2026-08-18 03:00:00-04:00,,,,,,,3253.408702503551,3255.384513161399,3258.504214200106
2026-08-18 03:15:00-04:00,,,,,,,3253.2007224343038,3255.176533092152,3258.2962341308594
2026-08-18 03:30:00-04:00,,,,,,,3252.992742365057,3254.968553022905,3258.0882540616126
2026-08-18 03:45:00-04:00,,,,,,,3252.7847622958097,3254.7605729536576,3257.880273992365
2026-08-18 04:00:00-04:00,,,,,,,3252.5767822265625,3254.5525928844104,3257.6722939231176
2026-08-18 04:15:00-04:00,,,,,,,3252.3688021573153,3254.3446128151636,3257.464313853871
2026-08-18 04:30:00-04:00,,,,,,,3252.160822088068,3254.1366327459164,3257.256333784624
2026-08-18 04:45:00-04:00,,,,,,,3251.9528420188212,3253.928652676669,3257.048353715376
2026-08-18 05:00:00-04:00,,,,,,,3251.744861949574,3253.720672607422,3256.840373646129
2026-08-18 05:15:00-04:00,,,,,,,3251.5368818803267,3253.5126925381746,3256.6323935768824
2026-08-18 05:30:00-04:00,,,,,,,3251.3289018110795,3253.3047124689274,3256.424413507635
2026-08-18 05:45:00-04:00,,,,,,,3251.1209217418323,3253.09673239968,3256.2164334383874
2026-08-18 06:00:00-04:00,,,,,,,3250.912941672585,3252.8887523304334,3256.0084533691406
2026-08-18 06:15:00-04:00,,,,,,,3250.7049616033382,3252.680772261186,3255.800473299894
2026-08-18 06:30:00-04:00,,,,,,,3250.496981534091,3252.472792191939,3255.592493230646
2026-08-18 06:45:00-04:00,,,,,,,3250.2890014648438,3252.2648121226916,3255.384513161399
2026-08-18 07:00:00-04:00,,,,,,,3250.0810213955965,3252.056832053445,3255.176533092152
2026-08-18 07:15:00-04:00,,,,,,,3249.8730413263493,3251.8488519841976,3254.9685530229053
2026-08-18 07:30:00-04:00,,,,,,,3249.6650612571025,3251.6408719149504,3254.760572953657
2026-08-18 07:45:00-04:00,,,,,,,3249.4570811878552,3251.432891845703,3254.5525928844104
2026-08-18 08:00:00-04:00,,,,,,,3249.249101118608,3251.224911776456,3254.3446128151636
2026-08-18 08:15:00-04:00,,,,,,,3249.0411210493608,3251.0169317072086,3254.1366327459164
2026-08-18 08:30:00-04:00,,,,,,,3248.8331409801135,3250.8089516379614,3253.9286526766687
2026-08-18 08:45:00-04:00,,,,,,,3248.6251609108663,3250.6009715687146,3253.720672607422
2026-08-18 09:00:00-04:00,,,,,,,3248.4171808416195,3250.3929914994674,3253.512692538175
2026-08-18 09:15:00-04:00,,,,,,,3248.2092007723722,3250.18501143022,3253.3047124689274
2026-08-18 09:30:00-04:00,3248.001220703125,3248.001220703125,3253.92529296875,3247.913818359375,3250.048828125,0.0,3248.001220703125,3249.977031360973,3253.09673239968
2026-08-18 09:45:00-04:00,3246.126708984375,3246.126708984375,3247.8935546875,3242.881591796875,3247.8935546875,0.0,3246.126708984375,3249.6857247092507,3252.855421697443
2026-08-18 10:00:00-04:00,3243.522705078125,3243.522705078125,3248.241455078125,3243.19384765625,3245.98291015625,0.0,3243.522705078125,3249.2746168656786,3252.566190518466
2026-08-18 10:15:00-04:00,3248.753173828125,3248.753173828125,3248.753173828125,3243.423095703125,3243.462646484375,0.0,3248.753173828125,3249.135431463068,3252.3857283158736
2026-08-18 10:30:00-04:00,3244.86279296875,3244.86279296875,3250.277099609375,3244.86279296875,3248.847900390625,0.0,3244.86279296875,3248.812126020952,3252.1316180974786
2026-08-18 10:45:00-04:00,3243.815673828125,3243.815673828125,3246.649658203125,3243.10009765625,3244.98876953125,0.0,3243.815673828125,3248.4468636252664,3251.860725097656
2026-08-18 11:00:00-04:00,3242.89599609375,3242.89599609375,3244.69482421875,3242.081298828125,3243.753173828125,0.0,3242.89599609375,3248.0460163463244,3251.5755981445313
2026-08-18 11:15:00-04:00,3244.00537109375,3244.00537109375,3244.08544921875,3240.67822265625,3242.90673828125,0.0,3244.00537109375,3247.711036820845,3251.316818292791
2026-08-18 11:30:00-04:00,3244.6650390625,3244.6650390625,3244.6650390625,3244.6650390625,3244.6650390625,0.0,3244.6650390625,3247.4194396972657,3251.075391401811
2026-08-18 11:45:00-04:00,,,,,,,3244.5983442826705,3247.134906838157,3250.8367902166196
2026-08-18 12:00:00-04:00,,,,,,,3244.531649502841,3246.857438243519,3250.6010147372162
2026-08-18 12:15:00-04:00,,,,,,,3244.4649547230115,3246.587033913352,3250.3680649636003
2026-08-18 12:30:00-04:00,,,,,,,3244.398259943182,3246.323693847656,3250.137940895774
2026-08-18 12:45:00-04:00,,,,,,,3244.3315651633525,3246.067418046431,3249.910642533736
2026-08-18 13:00:00-04:00,,,,,,,3244.2648703835225,3245.8182065096767,3249.6861698774856
2026-08-18 13:15:00-04:00,,,,,,,3244.198175603693,3245.5760592373936,3249.464522927024
2026-08-18 13:30:00-04:00,,,,,,,3244.1314808238635,3245.340976229581,3249.245701682351
2026-08-18 13:45:00-04:00,,,,,,,3244.064786044034,3245.1129574862393,3249.0297061434662
2026-08-18 14:00:00-04:00,,,,,,,3243.9980912642045,3244.8920030073687,3248.8165363103694
2026-08-18 14:15:00-04:00,,,,,,,3243.931396484375,3244.678112792969,3248.606192183061
2026-08-18 14:30:00-04:00,,,,,,,3243.8647017045455,3244.4712868430397,3248.398673761542
2026-08-18 14:45:00-04:00,,,,,,,3243.798006924716,3244.354851740057,3248.19398104581
2026-08-18 15:00:00-04:00,,,,,,,3243.7313121448865,3244.365282093395,3247.992114035866
2026-08-18 15:15:00-04:00,,,,,,,3243.664617365057,3244.1108542702414,3247.7930727317116
2026-08-18 15:30:00-04:00,,,,,,,3243.5979225852275,3244.0476107510653,3247.596857133345
2026-08-18 15:45:00-04:00,,,,,,,3243.5312278053975,3244.033388449929,3247.4034672407665
2026-08-18 16:00:00-04:00,,,,,,,3243.464533025568,3244.06181529652,3247.2129030539772
2026-08-18 16:15:00-04:00,,,,,,,3243.3978382457385,3244.0314386541195,3247.025164572976
2026-08-18 16:30:00-04:00,,,,,,,3243.331143465909,3243.9647438742895,3246.840251797763
2026-08-18 16:45:00-04:00,,,,,,,3243.2644486860795,3243.8980490944605,3246.658164728338
2026-08-18 17:00:00-04:00,,,,,,,3243.19775390625,3243.8313543146305,3246.4789033647016
2026-08-18 17:15:00-04:00,,,,,,,3243.1310591264205,3243.764659534801,3246.3024677068543
2026-08-18 17:30:00-04:00,,,,,,,3243.064364346591,3243.6979647549715,3246.1288577547944
2026-08-18 17:45:00-04:00,,,,,,,3242.9976695667615,3243.631269975142,3245.9580735085224
2026-08-18 18:00:00-04:00,,,,,,,3242.930974786932,3243.5645751953125,3245.7901149680397
2026-08-18 18:15:00-04:00,,,,,,,3242.8642800071025,3243.497880415483,3245.6249821333454
2026-08-18 18:30:00-04:00,,,,,,,3242.7975852272725,3243.4311856356535,3245.4626750044386
2026-08-18 18:45:00-04:00,,,,,,,3242.730890447443,3243.364490855824,3245.303193581321
2026-08-18 19:00:00-04:00,,,,,,,3242.6641956676135,3243.2977960759945,3245.146537863992
2026-08-18 19:15:00-04:00,,,,,,,3242.597500887784,3243.2311012961645,3244.9927078524506
2026-08-18 19:30:00-04:00,,,,,,,3242.5308061079545,3243.1644065163355,3244.8417035466973
2026-08-18 19:45:00-04:00,,,,,,,3242.464111328125,3243.0977117365055,3244.693524946733
2026-08-18 20:00:00-04:00,,,,,,,3242.3974165482955,3243.031016956676,3244.548172052557
2026-08-18 20:15:00-04:00,,,,,,,3242.330721768466,3242.9643221768465,3244.4056448641695
2026-08-18 20:30:00-04:00,,,,,,,3242.2640269886365,3242.897627397017,3244.2659433815693
2026-08-18 20:45:00-04:00,,,,,,,3242.197332208807,3242.8309326171875,3244.1290676047583
2026-08-18 21:00:00-04:00,,,,,,,3242.1306374289775,3242.764237837358,3243.995017533736
2026-08-18 21:15:00-04:00,,,,,,,3242.0639426491475,3242.6975430575285,3243.863793168501
2026-08-18 21:30:00-04:00,,,,,,,3241.997247869318,3242.630848277699,3243.7353945090554
2026-08-18 21:45:00-04:00,,,,,,,3241.9305530894885,3242.5641534978695,3243.609821555398
2026-08-18 22:00:00-04:00,,,,,,,3241.863858309659,3242.4974587180395,3243.4870743075285
2026-08-18 22:15:00-04:00,,,,,,,3241.7971635298295,3242.4307639382105,3243.4004833984377
2026-08-18 22:30:00-04:00,,,,,,,3241.73046875,3242.3640691583805,3243.364638671875
2026-08-18 22:45:00-04:00,,,,,,,3241.6637739701705,3242.297374378551,3243.222850674716
2026-08-18 23:00:00-04:00,,,,,,,3241.597079190341,3242.2306795987215,3243.157536399148
2026-08-18 23:15:00-04:00,,,,,,,3241.5303844105115,3242.163984818892,3243.111830610795
2026-08-18 23:30:00-04:00,,,,,,,3241.463689630682,3242.0972900390625,3243.083184481534
2026-08-18 23:45:00-04:00,,,,,,,3241.3969948508525,3242.030595259233,3243.031016956676
2026-08-19 00:00:00-04:00,,,,,,,3241.3303000710225,3241.9639004794035,3242.9643221768465
2026-08-19 00:15:00-04:00,,,,,,,3241.263605291193,3241.897205699574,3242.8976273970165
2026-08-19 00:30:00-04:00,,,,,,,3241.1969105113635,3241.8305109197445,3242.8309326171875
2026-08-19 00:45:00-04:00,,,,,,,3241.130215731534,3241.7638161399145,3242.7642378373585
2026-08-19 01:00:00-04:00,,,,,,,3241.0635209517045,3241.6971213600855,3242.6975430575285
2026-08-19 01:15:00-04:00,,,,,,,3240.996826171875,3241.6304265802555,3242.630848277699
2026-08-19 01:30:00-04:00,,,,,,,3240.9301313920455,3241.563731800426,3242.56415349787
2026-08-19 01:45:00-04:00,,,,,,,3240.863436612216,3241.4970370205965,3242.49745871804
2026-08-19 02:00:00-04:00,,,,,,,3240.7967418323865,3241.430342240767,3242.43076393821
2026-08-19 02:15:00-04:00,,,,,,,3240.730047052557,3241.3636474609375,3242.36406915838
2026-08-19 02:30:00-04:00,,,,,,,3240.6633522727275,3241.296952681108,3242.297374378551
2026-08-19 02:45:00-04:00,,,,,,,3240.5966574928975,3241.2302579012785,3242.2306795987215
2026-08-19 03:00:00-04:00,,,,,,,3240.529962713068,3241.163563121449,3242.1639848188915
2026-08-19 03:15:00-04:00,,,,,,,3240.4632679332385,3241.0968683416195,3242.0972900390625
2026-08-19 03:30:00-04:00,,,,,,,3240.396573153409,3241.0301735617895,3242.0305952592335
2026-08-19 03:45:00-04:00,,,,,,,3240.3298783735795,3240.9634787819605,3241.9639004794035
2026-08-19 04:00:00-04:00,,,,,,,3240.26318359375,3240.8967840021305,3241.897205699574
2026-08-19 04:15:00-04:00,,,,,,,3240.1964888139205,3240.830089222301,3241.830510919745
2026-08-19 04:30:00-04:00,,,,,,,3240.129794034091,3240.7633944424715,3241.763816139915
2026-08-19 04:45:00-04:00,,,,,,,3240.0630992542615,3240.696699662642,3241.697121360085
2026-08-19 05:00:00-04:00,,,,,,,3239.996404474432,3240.6300048828125,3241.630426580255
2026-08-19 05:15:00-04:00,,,,,,,3239.9297096946025,3240.563310102983,3241.563731800426
2026-08-19 05:30:00-04:00,,,,,,,3239.8630149147725,3240.4966153231535,3241.4970370205965
2026-08-19 05:45:00-04:00,,,,,,,3239.796320134943,3240.429920543324,3241.4303422407665
2026-08-19 06:00:00-04:00,,,,,,,3239.7296253551135,3240.3632257634945,3241.3636474609375
2026-08-19 06:15:00-04:00,,,,,,,3239.662930575284,3240.2965309836645,3241.2969526811085
2026-08-19 06:30:00-04:00,,,,,,,3239.5962357954545,3240.2298362038355,3241.2302579012785
2026-08-19 06:45:00-04:00,,,,,,,3239.529541015625,3240.1631414240055,3241.163563121449
2026-08-19 07:00:00-04:00,,,,,,,3239.4628462357955,3240.096446644176,3241.09686834162
2026-08-19 07:15:00-04:00,,,,,,,3239.396151455966,3240.0297518643465,3241.03017356179
2026-08-19 07:30:00-04:00,,,,,,,3239.3294566761365,3239.963057084517,3240.96347878196
2026-08-19 07:45:00-04:00,,,,,,,3239.262761896307,3239.8963623046875,3240.89678400213
2026-08-19 08:00:00-04:00,,,,,,,3239.1960671164775,3239.829667524858,3240.830089222301
2026-08-19 08:15:00-04:00,,,,,,,3239.1293723366475,3239.7629727450285,3240.7633944424715
2026-08-19 08:30:00-04:00,,,,,,,3239.062677556818,3239.696277965199,3240.6966996626415
2026-08-19 08:45:00-04:00,,,,,,,3238.9959827769885,3239.6295831853695,3240.6300048828125
2026-08-19 09:00:00-04:00,,,,,,,3238.929287997159,3239.5628884055395,3240.5633101029835
2026-08-19 09:15:00-04:00,,,,,,,3238.8625932173295,3239.4961936257105,3240.4966153231535
2026-08-19 09:30:00-04:00,3238.7958984375,3238.7958984375,3243.40087890625,3238.001708984375,3243.40087890625,0.0,3238.7958984375,3239.4294988458805,3240.429920543324
2026-08-19 09:45:00-04:00,3238.912353515625,3238.912353515625,3241.12890625,3236.6943359375,3239.18359375,0.0,3238.912353515625,3239.371961558949,3240.3668887606536
2026-08-19 10:00:00-04:00,3236.474609375,3236.474609375,3239.3623046875,3235.99853515625,3239.1708984375,0.0,3236.474609375,3239.1958718039773,3240.2564359907674
2026-08-19 10:15:00-04:00,3241.758056640625,3241.758056640625,3242.0712890625,3235.68408203125,3236.424560546875,0.0,3241.758056640625,3239.2872891512784,3240.2529860617897
2026-08-19 10:30:00-04:00,3243.44140625,3243.44140625,3245.356689453125,3241.47412109375,3241.47412109375,0.0,3243.44140625,3239.4662087180395,3240.2845370205964
2026-08-19 10:45:00-04:00,3242.889892578125,3242.889892578125,3243.59765625,3240.924560546875,3243.59765625,0.0,3242.889892578125,3239.620887340199,3240.3063916015626
2026-08-19 11:00:00-04:00,3240.125,3240.125,3243.122314453125,3239.92724609375,3243.122314453125,0.0,3240.125,3239.640656072443,3240.2742822265627
2026-08-19 11:15:00-04:00,3243.63330078125,3243.63330078125,3243.63330078125,3239.731689453125,3240.44580078125,0.0,3243.63330078125,3239.8391745827416,3240.313672762784
2026-08-19 11:30:00-04:00,3243.81103515625,3243.81103515625,3243.81103515625,3243.81103515625,3243.81103515625,0.0,3243.81103515625,3240.049914550781,3240.357951882102
2026-08-19 11:45:00-04:00,,,,,,,3243.9208429509945,3240.26947964755,3240.405761052912
2026-08-19 12:00:00-04:00,,,,,,,3244.0306507457385,3240.497869873047,3240.4571002752136
2026-08-19 12:15:00-04:00,,,,,,,3244.140458540483,3240.7350852272725,3240.5119695490057
2026-08-19 12:30:00-04:00,,,,,,,3244.2502663352275,3240.9811257102274,3240.57036887429
2026-08-19 12:45:00-04:00,,,,,,,3244.3600741299715,3241.2359913219107,3240.6322982510655
2026-08-19 13:00:00-04:00,,,,,,,3244.469881924716,3241.4996820623223,3240.6977576793324
2026-08-19 13:15:00-04:00,,,,,,,3244.57968971946,3241.772197931463,3240.7667471590908
2026-08-19 13:30:00-04:00,,,,,,,3244.6894975142045,3242.0535389293323,3240.839266690341
2026-08-19 13:45:00-04:00,,,,,,,3244.799305308949,3242.3437050559305,3240.915316273082
2026-08-19 14:00:00-04:00,,,,,,,3244.909113103693,3242.642696311257,3240.994895907315
2026-08-19 14:15:00-04:00,,,,,,,3245.0189208984375,3242.9505126953127,3241.0780055930395
2026-08-19 14:30:00-04:00,,,,,,,3245.128728693182,3243.2671542080966,3241.1646453302556
2026-08-19 14:45:00-04:00,,,,,,,3245.238536487926,3243.5834633567115,3241.2548151189635
2026-08-19 15:00:00-04:00,,,,,,,3245.3483442826705,3244.027150102095,3241.348514959162
2026-08-19 15:15:00-04:00,,,,,,,3245.458152077415,3244.2121548739347,3241.445744850853
2026-08-19 15:30:00-04:00,,,,,,,3245.567959872159,3244.3184825550425,3241.5465047940343
2026-08-19 15:45:00-04:00,,,,,,,3245.6777676669035,3244.4578763094814,3241.650794788707
2026-08-19 16:00:00-04:00,,,,,,,3245.7875754616475,3244.741005082564,3241.758614834872
2026-08-19 16:15:00-04:00,,,,,,,3245.897383256392,3244.854209206321,3241.8699649325285
2026-08-19 16:30:00-04:00,,,,,,,3246.0071910511365,3244.9640170010653,3241.984845081676
2026-08-19 16:45:00-04:00,,,,,,,3246.1169988458805,3245.0738247958097,3242.103255282315
2026-08-19 17:00:00-04:00,,,,,,,3246.226806640625,3245.183632590554,3242.225195534446
2026-08-19 17:15:00-04:00,,,,,,,3246.3366144353695,3245.2934403852987,3242.3506658380684
2026-08-19 17:30:00-04:00,,,,,,,3246.4464222301135,3245.4032481800427,3242.4796661931823
2026-08-19 17:45:00-04:00,,,,,,,3246.556230024858,3245.5130559747868,3242.612196599787
2026-08-19 18:00:00-04:00,,,,,,,3246.6660378196025,3245.6228637695312,3242.748257057884
2026-08-19 18:15:00-04:00,,,,,,,3246.7758456143465,3245.7326715642757,3242.887847567472
2026-08-19 18:30:00-04:00,,,,,,,3246.885653409091,3245.8424793590198,3243.030968128551
2026-08-19 18:45:00-04:00,,,,,,,3246.995461203835,3245.952287153764,3243.177618741122
2026-08-19 19:00:00-04:00,,,,,,,3247.1052689985795,3246.0620949485083,3243.327799405185
2026-08-19 19:15:00-04:00,,,,,,,3247.215076793324,3246.1719027432528,3243.4815101207387
2026-08-19 19:30:00-04:00,,,,,,,3247.324884588068,3246.2817105379972,3243.6387508877838
2026-08-19 19:45:00-04:00,,,,,,,3247.4346923828125,3246.3915183327417,3243.799521706321
2026-08-19 20:00:00-04:00,,,,,,,3247.544500177557,3246.501326127486,3243.9638225763497
2026-08-19 20:15:00-04:00,,,,,,,3247.654307972301,3246.6111339222302,3244.13165349787
2026-08-19 20:30:00-04:00,,,,,,,3247.7641157670455,3246.7209417169743,3244.303014470881
2026-08-19 20:45:00-04:00,,,,,,,3247.87392356179,3246.8307495117188,3244.4779054953838
2026-08-19 21:00:00-04:00,,,,,,,3247.983731356534,3246.9405573064632,3244.656326571378
2026-08-19 21:15:00-04:00,,,,,,,3248.0935391512785,3247.0503651012073,3244.8382776988637
2026-08-19 21:30:00-04:00,,,,,,,3248.2033469460225,3247.1601728959513,3245.0237588778405
2026-08-19 21:45:00-04:00,,,,,,,3248.313154740767,3247.269980690696,3245.21277010831
2026-08-19 22:00:00-04:00,,,,,,,3248.4229625355115,3247.3797884854403,3245.4053113902696
2026-08-19 22:15:00-04:00,,,,,,,3248.5327703302555,3247.4895962801847,3245.5977197265624
2026-08-19 22:30:00-04:00,,,,,,,3248.642578125,3247.599404074929,3245.8410791015626
2026-08-19 22:45:00-04:00,,,,,,,3248.7523859197445,3247.7092118696737,3245.980965687145
2026-08-19 23:00:00-04:00,,,,,,,3248.8621937144885,3247.8190196644177,3246.089381436435
2026-08-19 23:15:00-04:00,,,,,,,3248.972001509233,3247.9288274591618,3246.2110236150565
2026-08-19 23:30:00-04:00,,,,,,,3249.0818093039775,3248.0386352539062,3246.3901598011366
2026-08-19 23:45:00-04:00,,,,,,,3249.1916170987215,3248.1484430486507,3246.5013261274858
2026-08-20 00:00:00-04:00,,,,,,,3249.301424893466,3248.2582508433948,3246.6111339222302
2026-08-20 00:15:00-04:00,,,,,,,3249.41123268821,3248.368058638139,3246.7209417169743
2026-08-20 00:30:00-04:00,,,,,,,3249.5210404829545,3248.4778664328833,3246.8307495117188
2026-08-20 00:45:00-04:00,,,,,,,3249.630848277699,3248.5876742276278,3246.9405573064632
2026-08-20 01:00:00-04:00,,,,,,,3249.740656072443,3248.6974820223722,3247.0503651012073
2026-08-20 01:15:00-04:00,,,,,,,3249.8504638671875,3248.8072898171167,3247.1601728959517
2026-08-20 01:30:00-04:00,,,,,,,3249.960271661932,3248.917097611861,3247.269980690696
2026-08-20 01:45:00-04:00,,,,,,,3250.070079456676,3249.0269054066052,3247.3797884854407
2026-08-20 02:00:00-04:00,,,,,,,3250.1798872514205,3249.1367132013493,3247.4895962801843
2026-08-20 02:15:00-04:00,,,,,,,3250.289695046165,3249.2465209960938,3247.599404074929
2026-08-20 02:30:00-04:00,,,,,,,3250.399502840909,3249.3563287908382,3247.7092118696733
2026-08-20 02:45:00-04:00,,,,,,,3250.5093106356535,3249.4661365855823,3247.8190196644177
2026-08-20 03:00:00-04:00,,,,,,,3250.6191184303975,3249.5759443803263,3247.9288274591618
2026-08-20 03:15:00-04:00,,,,,,,3250.728926225142,3249.685752175071,3248.0386352539062
2026-08-20 03:30:00-04:00,,,,,,,3250.8387340198865,3249.7955599698153,3248.1484430486507
2026-08-20 03:45:00-04:00,,,,,,,3250.9485418146305,3249.9053677645597,3248.2582508433948
2026-08-20 04:00:00-04:00,,,,,,,3251.058349609375,3250.015175559304,3248.3680586381392
2026-08-20 04:15:00-04:00,,,,,,,3251.1681574041195,3250.1249833540487,3248.4778664328833
2026-08-20 04:30:00-04:00,,,,,,,3251.2779651988635,3250.2347911487927,3248.587674227628
2026-08-20 04:45:00-04:00,,,,,,,3251.387772993608,3250.3445989435368,3248.697482022372
2026-08-20 05:00:00-04:00,,,,,,,3251.4975807883525,3250.4544067382812,3248.8072898171167
2026-08-20 05:15:00-04:00,,,,,,,3251.6073885830965,3250.5642145330257,3248.9170976118608
2026-08-20 05:30:00-04:00,,,,,,,3251.717196377841,3250.6740223277698,3249.0269054066052
2026-08-20 05:45:00-04:00,,,,,,,3251.827004172585,3250.783830122514,3249.1367132013493
2026-08-20 06:00:00-04:00,,,,,,,3251.9368119673295,3250.8936379172583,3249.2465209960938
2026-08-20 06:15:00-04:00,,,,,,,3252.046619762074,3251.0034457120028,3249.3563287908382
2026-08-20 06:30:00-04:00,,,,,,,3252.156427556818,3251.1132535067472,3249.4661365855823
2026-08-20 06:45:00-04:00,,,,,,,3252.2662353515625,3251.2230613014917,3249.5759443803267
2026-08-20 07:00:00-04:00,,,,,,,3252.376043146307,3251.332869096236,3249.685752175071
2026-08-20 07:15:00-04:00,,,,,,,3252.485850941051,3251.4426768909802,3249.7955599698157
2026-08-20 07:30:00-04:00,,,,,,,3252.5956587357955,3251.5524846857243,3249.9053677645593
2026-08-20 07:45:00-04:00,,,,,,,3252.70546653054,3251.6622924804688,3250.015175559304
2026-08-20 08:00:00-04:00,,,,,,,3252.815274325284,3251.7721002752132,3250.1249833540483
2026-08-20 08:15:00-04:00,,,,,,,3252.9250821200285,3251.8819080699573,3250.2347911487927
2026-08-20 08:30:00-04:00,,,,,,,3253.0348899147725,3251.9917158647013,3250.3445989435368
2026-08-20 08:45:00-04:00,,,,,,,3253.144697709517,3252.101523659446,3250.4544067382812
2026-08-20 09:00:00-04:00,,,,,,,3253.2545055042615,3252.2113314541903,3250.5642145330257
2026-08-20 09:15:00-04:00,,,,,,,3253.3643132990055,3252.3211392489347,3250.6740223277698
2026-08-20 09:30:00-04:00,3253.47412109375,3253.47412109375,3253.8486328125,3248.3125,3249.6982421875,0.0,3253.47412109375,3252.430947043679,3250.7838301225142
2026-08-20 09:45:00-04:00,3251.734130859375,3251.734130859375,3254.15087890625,3250.154296875,3253.601318359375,0.0,3251.734130859375,3252.4482649369675,3250.856641956676
2026-08-20 10:00:00-04:00,3249.91943359375,3249.91943359375,3252.089111328125,3248.859619140625,3251.87939453125,0.0,3249.91943359375,3252.369357577237,3250.8909636896306
2026-08-20 10:15:00-04:00,3251.793701171875,3251.793701171875,3252.619140625,3248.650390625,3249.738037109375,0.0,3251.793701171875,3252.378673206676,3250.9605746182524
2026-08-20 10:30:00-04:00,3257.149169921875,3257.149169921875,3257.224609375,3251.706298828125,3251.706298828125,0.0,3257.149169921875,3252.650271883878,3251.1350987659803
2026-08-20 10:45:00-04:00,3259.53955078125,3259.53955078125,3259.614013671875,3256.1494140625,3257.277099609375,0.0,3259.53955078125,3253.035899214311,3251.355234375
2026-08-20 11:00:00-04:00,3262.3798828125,3262.3798828125,3262.734619140625,3259.689208984375,3259.849853515625,0.0,3262.3798828125,3253.55805275657,3251.62998046875
2026-08-20 11:15:00-04:00,3258.916259765625,3258.916259765625,3263.005615234375,3258.916259765625,3262.436279296875,0.0,3258.916259765625,3253.901534756747,3251.833257945668
2026-08-20 11:30:00-04:00,3258.328857421875,3258.328857421875,3258.328857421875,3258.328857421875,3258.328857421875,0.0,3258.328857421875,3254.21015625,3252.0225912198152
2026-08-20 11:45:00-04:00,,,,,,,3258.7817049893465,3254.535929731889,3252.2187852894176
2026-08-20 12:00:00-04:00,,,,,,,3259.234552556818,3254.878855202415,3252.4218401544745
2026-08-20 12:15:00-04:00,,,,,,,3259.68740012429,3255.2389326615767,3252.6317558149854
2026-08-20 12:30:00-04:00,,,,,,,3260.1402476917615,3255.616162109375,3252.8485322709516
2026-08-20 12:45:00-04:00,,,,,,,3260.593095259233,3256.01054354581,3253.0721695223724
2026-08-20 13:00:00-04:00,,,,,,,3261.0459428267045,3256.4220769708804,3253.3026675692468
2026-08-20 13:15:00-04:00,,,,,,,3261.498790394176,3256.850762384588,3253.5400264115765
2026-08-20 13:30:00-04:00,,,,,,,3261.9516379616475,3257.296599786932,3253.784246049361
2026-08-20 13:45:00-04:00,,,,,,,3262.4044855291195,3257.759589177912,3254.0353264825994
2026-08-20 14:00:00-04:00,,,,,,,3262.857333096591,3258.239730557528,3254.2932677112926
2026-08-20 14:15:00-04:00,,,,,,,3263.3101806640625,3258.737023925781,3254.55806973544
2026-08-20 14:30:00-04:00,,,,,,,3263.763028231534,3259.2514692826708,3254.829732555043
2026-08-20 14:45:00-04:00,,,,,,,3264.2158757990055,3259.875556529652,3255.1082561700996
2026-08-20 15:00:00-04:00,,,,,,,3264.6687233664775,3260.6130210182882,3255.3936405806103
2026-08-20 15:15:00-04:00,,,,,,,3265.121570933949,3261.2794145063917,3255.6858857865764
2026-08-20 15:30:00-04:00,,,,,,,3265.5744185014205,3261.7006769353693,3255.9849917879974
2026-08-20 15:45:00-04:00,,,,,,,3266.027266068892,3262.0250626997513,3256.290958584872
2026-08-20 16:00:00-04:00,,,,,,,3266.4801136363635,3262.2300742409448,3256.6037861772015
2026-08-20 16:15:00-04:00,,,,,,,3266.932961203835,3262.6309093128552,3256.923474564986
2026-08-20 16:30:00-04:00,,,,,,,3267.385808771307,3263.0837568803267,3257.2500237482245
2026-08-20 16:45:00-04:00,,,,,,,3267.8386563387785,3263.5366044477983,3257.5834337269175
2026-08-20 17:00:00-04:00,,,,,,,3268.29150390625,3263.9894520152698,3257.923704501065
2026-08-20 17:15:00-04:00,,,,,,,3268.7443514737215,3264.4422995827417,3258.270836070668
2026-08-20 17:30:00-04:00,,,,,,,3269.197199041193,3264.8951471502132,3258.6248284357243
2026-08-20 17:45:00-04:00,,,,,,,3269.650046608665,3265.3479947176847,3258.9856815962353
2026-08-20 18:00:00-04:00,,,,,,,3270.1028941761365,3265.8008422851562,3259.3533955522016
2026-08-20 18:15:00-04:00,,,,,,,3270.555741743608,3266.2536898526278,3259.7279703036224
2026-08-20 18:30:00-04:00,,,,,,,3271.0085893110795,3266.7065374200993,3260.109405850497
2026-08-20 18:45:00-04:00,,,,,,,3271.461436878551,3267.159384987571,3260.4977021928266
2026-08-20 19:00:00-04:00,,,,,,,3271.9142844460225,3267.6122325550427,3260.892859330611
2026-08-20 19:15:00-04:00,,,,,,,3272.3671320134945,3268.0650801225142,3261.2948772638497
2026-08-20 19:30:00-04:00,,,,,,,3272.819979580966,3268.5179276899858,3261.703755992543
2026-08-20 19:45:00-04:00,,,,,,,3273.2728271484375,3268.9707752574573,3262.11949551669
2026-08-20 20:00:00-04:00,,,,,,,3273.725674715909,3269.423622824929,3262.542095836293
2026-08-20 20:15:00-04:00,,,,,,,3274.1785222833805,3269.8764703924007,3262.9715569513496
2026-08-20 20:30:00-04:00,,,,,,,3274.6313698508525,3270.3293179598722,3263.4078788618604
2026-08-20 20:45:00-04:00,,,,,,,3275.084217418324,3270.7821655273438,3263.8510615678265
2026-08-20 21:00:00-04:00,,,,,,,3275.5370649857955,3271.2350130948153,3264.3011050692476
2026-08-20 21:15:00-04:00,,,,,,,3275.989912553267,3271.6878606622868,3264.7580093661218
2026-08-20 21:30:00-04:00,,,,,,,3276.4427601207385,3272.1407082297583,3265.2217744584514
2026-08-20 21:45:00-04:00,,,,,,,3276.89560768821,3272.5935557972302,3265.692400346236
2026-08-20 22:00:00-04:00,,,,,,,3277.348455255682,3273.0464033647017,3266.1698870294745
2026-08-20 22:15:00-04:00,,,,,,,3277.8013028231535,3273.4992509321733,3266.69123046875
2026-08-20 22:30:00-04:00,,,,,,,3278.254150390625,3273.9520984996448,3267.2579248046877
2026-08-20 22:45:00-04:00,,,,,,,3278.7069979580965,3274.4049460671167,3267.796190740412
2026-08-20 23:00:00-04:00,,,,,,,3279.159845525568,3274.8577936345882,3268.236404252486
2026-08-20 23:15:00-04:00,,,,,,,3279.61269309304,3275.3106412020597,3268.6378670987215
2026-08-20 23:30:00-04:00,,,,,,,3280.0655406605115,3275.7634887695312,3268.9915802556816
2026-08-20 23:45:00-04:00,,,,,,,3280.518388227983,3276.2163363370028,3269.423622824929
2026-08-21 00:00:00-04:00,,,,,,,3280.9712357954545,3276.6691839044743,3269.8764703924007
2026-08-21 00:15:00-04:00,,,,,,,3281.424083362926,3277.122031471946,3270.329317959872
2026-08-21 00:30:00-04:00,,,,,,,3281.8769309303975,3277.5748790394173,3270.7821655273438
2026-08-21 00:45:00-04:00,,,,,,,3282.3297784978695,3278.0277266068892,3271.2350130948157
2026-08-21 01:00:00-04:00,,,,,,,3282.782626065341,3278.4805741743608,3271.6878606622868
2026-08-21 01:15:00-04:00,,,,,,,3283.2354736328125,3278.933421741832,3272.1407082297583
2026-08-21 01:30:00-04:00,,,,,,,3283.688321200284,3279.386269309304,3272.5935557972302
2026-08-21 01:45:00-04:00,,,,,,,3284.1411687677555,3279.8391168767753,3273.046403364702
2026-08-21 02:00:00-04:00,,,,,,,3284.5940163352275,3280.291964444247,3273.499250932173
2026-08-21 02:15:00-04:00,,,,,,,3285.046863902699,3280.7448120117188,3273.9520984996448
2026-08-21 02:30:00-04:00,,,,,,,3285.4997114701705,3281.1976595791903,3274.4049460671167
2026-08-21 02:45:00-04:00,,,,,,,3285.952559037642,3281.650507146662,3274.8577936345882
2026-08-21 03:00:00-04:00,,,,,,,3286.4054066051135,3282.1033547141333,3275.3106412020593
2026-08-21 03:15:00-04:00,,,,,,,3286.858254172585,3282.556202281605,3275.7634887695312
2026-08-21 03:30:00-04:00,,,,,,,3287.311101740057,3283.0090498490767,3276.216336337003
2026-08-21 03:45:00-04:00,,,,,,,3287.7639493075285,3283.4618974165483,3276.6691839044743
2026-08-21 04:00:00-04:00,,,,,,,3288.216796875,3283.9147449840193,3277.122031471946
2026-08-21 04:15:00-04:00,,,,,,,3288.6696444424715,3284.3675925514917,3277.5748790394177
2026-08-21 04:30:00-04:00,,,,,,,3289.122492009943,3284.820440118963,3278.0277266068897
2026-08-21 04:45:00-04:00,,,,,,,3289.575339577415,3285.2732876864343,3278.4805741743603
2026-08-21 05:00:00-04:00,,,,,,,3290.0281871448865,3285.7261352539062,3278.9334217418323
2026-08-21 05:15:00-04:00,,,,,,,3290.481034712358,3286.1789828213778,3279.386269309304
2026-08-21 05:30:00-04:00,,,,,,,3290.9338822798295,3286.6318303888497,3279.8391168767757
2026-08-21 05:45:00-04:00,,,,,,,3291.386729847301,3287.084677956321,3280.291964444247
2026-08-21 06:00:00-04:00,,,,,,,3291.8395774147725,3287.5375255237923,3280.7448120117188
2026-08-21 06:15:00-04:00,,,,,,,3292.2924249822445,3287.9903730912642,3281.1976595791907
2026-08-21 06:30:00-04:00,,,,,,,3292.745272549716,3288.4432206587358,3281.6505071466618
2026-08-21 06:45:00-04:00,,,,,,,3293.1981201171875,3288.896068226207,3282.1033547141333
2026-08-21 07:00:00-04:00,,,,,,,3293.650967684659,3289.348915793679,3282.5562022816052
2026-08-21 07:15:00-04:00,,,,,,,3294.1038152521305,3289.8017633611503,3283.009049849077
2026-08-21 07:30:00-04:00,,,,,,,3294.5566628196025,3290.254610928622,3283.461897416548
2026-08-21 07:45:00-04:00,,,,,,,3295.009510387074,3290.7074584960938,3283.9147449840198
2026-08-21 08:00:00-04:00,,,,,,,3295.4623579545455,3291.1603060635653,3284.3675925514917
2026-08-21 08:15:00-04:00,,,,,,,3295.915205522017,3291.613153631037,3284.8204401189632
2026-08-21 08:30:00-04:00,,,,,,,3296.3680530894885,3292.0660011985083,3285.2732876864343
2026-08-21 08:45:00-04:00,,,,,,,3296.82090065696,3292.51884876598,3285.7261352539062
2026-08-21 09:00:00-04:00,,,,,,,3297.273748224432,3292.9716963334517,3286.178982821378
2026-08-21 09:15:00-04:00,,,,,,,3297.7265957919035,3293.4245439009233,3286.6318303888493
2026-08-21 09:30:00-04:00,3298.179443359375,3298.179443359375,3298.926513671875,3296.627197265625,3296.98828125,0.0,3298.179443359375,3293.8773914683943,3287.084677956321
2026-08-21 09:45:00-04:00,3301.400146484375,3301.400146484375,3301.790771484375,3298.071533203125,3298.615966796875,0.0,3301.400146484375,3294.468631813743,3287.592882634943
2026-08-21 10:00:00-04:00,3297.6787109375,3297.6787109375,3302.638916015625,3297.6787109375,3301.239990234375,0.0,3297.6787109375,3294.8511580033737,3288.0176016512787
2026-08-21 10:15:00-04:00,3299.028564453125,3299.028564453125,3299.392333984375,3296.420654296875,3297.5859375,0.0,3299.028564453125,3295.2785344904114,3288.4602607865763
2026-08-21 10:30:00-04:00,3298.248291015625,3298.248291015625,3299.619873046875,3296.81982421875,3299.067138671875,0.0,3298.248291015625,3295.644254927202,3288.8782575017754
2026-08-21 10:45:00-04:00,3298.240234375,3298.240234375,3300.142822265625,3296.871337890625,3298.18359375,0.0,3298.240234375,3295.9869301535864,3289.2870361328123
2026-08-21 11:00:00-04:00,3294.893310546875,3294.893310546875,3298.324951171875,3294.593994140625,3298.324951171875,0.0,3294.893310546875,3296.1396168101915,3289.6198193359373
2026-08-21 11:15:00-04:00,3291.54931640625,3291.54931640625,3295.18798828125,3291.3701171875,3294.7626953125,0.0,3291.54931640625,3296.102461381392,3289.8766657049005
2026-08-21 11:30:00-04:00,3292.338134765625,3292.338134765625,3292.338134765625,3292.338134765625,3292.338134765625,0.0,3292.338134765625,3296.0821044921877,3290.1402314897014
2026-08-21 11:45:00-04:00,,,,,,,3292.332230922154,3296.038810032436,3290.394622246284
2026-08-21 12:00:00-04:00,,,,,,,3292.326327078683,3295.972578002137,3290.6398379746474
2026-08-21 12:15:00-04:00,,,,,,,3292.3204232352123,3295.883408401291,3290.8758786747917
2026-08-21 12:30:00-04:00,,,,,,,3292.314519391741,3295.7713012298977,3291.102744346718
2026-08-21 12:45:00-04:00,,,,,,,3292.30861554827,3295.636256487958,3291.320434990425
2026-08-21 13:00:00-04:00,,,,,,,3292.302711704799,3295.4782741754702,3291.528950605912
2026-08-21 13:15:00-04:00,,,,,,,3292.296807861328,3295.297354292436,3291.7282911931816
2026-08-21 13:30:00-04:00,,,,,,,3292.290904017857,3295.0934968388547,3291.918456752232
2026-08-21 13:45:00-04:00,,,,,,,3292.2850001743864,3294.8667018147257,3292.099447283064
2026-08-21 14:00:00-04:00,,,,,,,3292.2790963309153,3294.61696922005,3292.271262785676
2026-08-21 14:15:00-04:00,,,,,,,3292.2731924874442,3294.344299054827,3292.4339032600697
2026-08-21 14:30:00-04:00,,,,,,,3292.267288643973,3294.048691319057,3292.5873687062453
2026-08-21 14:45:00-04:00,,,,,,,3292.261384800502,3293.5917532348635,3292.7316591242006
2026-08-21 15:00:00-04:00,,,,,,,3292.255480957031,3293.32059173584,3292.866774513938
2026-08-21 15:15:00-04:00,,,,,,,3292.2495771135605,3292.9816423688617,3292.992714875457
2026-08-21 15:30:00-04:00,,,,,,,3292.2436732700894,3292.6814114815847,3293.1094802087564
2026-08-21 15:45:00-04:00,,,,,,,3292.2377694266183,3292.3812882341654,3293.217070513837
2026-08-21 16:00:00-04:00,,,,,,,3292.2318655831473,3292.248215985979,3293.3154857906984
2026-08-21 16:15:00-04:00,,,,,,,3292.225961739676,3292.2820482526504,3293.4047260393418
2026-08-21 16:30:00-04:00,,,,,,,3292.220057896205,3292.27614440918,3293.4847912597656
2026-08-21 16:45:00-04:00,,,,,,,3292.2141540527346,3292.2702405657087,3293.5556814519705
2026-08-21 17:00:00-04:00,,,,,,,3292.2082502092635,3292.264336722238,3293.617396615957
2026-08-21 17:15:00-04:00,,,,,,,3292.2023463657924,3292.258432878767,3293.669936751725
2026-08-21 17:30:00-04:00,,,,,,,3292.1964425223214,3292.2525290352955,3293.7133018592735
2026-08-21 17:45:00-04:00,,,,,,,3292.1905386788503,3292.2466251918245,3293.747491938603
2026-08-21 18:00:00-04:00,,,,,,,3292.1846348353793,3292.240721348354,3293.7725069897147
2026-08-21 18:15:00-04:00,,,,,,,3292.1787309919087,3292.234817504883,3293.7883470126067
2026-08-21 18:30:00-04:00,,,,,,,3292.1728271484376,3292.2289136614118,3293.7950120072796
2026-08-21 18:45:00-04:00,,,,,,,3292.1669233049665,3292.223009817941,3293.7925019737345
2026-08-21 19:00:00-04:00,,,,,,,3292.1610194614955,3292.2171059744696,3293.78081691197
2026-08-21 19:15:00-04:00,,,,,,,3292.1551156180244,3292.2112021309995,3293.7599568219866
2026-08-21 19:30:00-04:00,,,,,,,3292.1492117745534,3292.2052982875275,3293.7299217037844
2026-08-21 19:45:00-04:00,,,,,,,3292.1433079310827,3292.199394444057,3293.6907115573636
2026-08-21 20:00:00-04:00,,,,,,,3292.1374040876117,3292.193490600586,3293.642326382724
2026-08-21 20:15:00-04:00,,,,,,,3292.1315002441406,3292.1875867571152,3293.5847661798653
2026-08-21 20:30:00-04:00,,,,,,,3292.1255964006696,3292.181682913644,3293.5180309487873
2026-08-21 20:45:00-04:00,,,,,,,3292.1196925571985,3292.1757790701727,3293.4421206894913
2026-08-21 21:00:00-04:00,,,,,,,3292.113788713728,3292.1698752267016,3293.357035401976
2026-08-21 21:15:00-04:00,,,,,,,3292.107884870257,3292.163971383231,3293.262775086242
2026-08-21 21:30:00-04:00,,,,,,,3292.101981026786,3292.15806753976,3293.1593397422894
2026-08-21 21:45:00-04:00,,,,,,,3292.0960771833147,3292.152163696289,3293.0467293701167
2026-08-21 22:00:00-04:00,,,,,,,3292.0901733398437,3292.1462598528183,3292.9249439697264
2026-08-21 22:15:00-04:00,,,,,,,3292.0842694963726,3292.1403560093468,3292.7386264299666
2026-08-21 22:30:00-04:00,,,,,,,3292.078365652902,3292.1344521658757,3292.6266195242747
2026-08-21 22:45:00-04:00,,,,,,,3292.072461809431,3292.1285483224046,3292.4874974714003
2026-08-21 23:00:00-04:00,,,,,,,3292.06655796596,3292.122644478934,3292.363862810407
2026-08-21 23:15:00-04:00,,,,,,,3292.060654122489,3292.116740635463,3292.240271205357
2026-08-21 23:30:00-04:00,,,,,,,3292.0547502790178,3292.1108367919924,3292.1834999999996
2026-08-21 23:45:00-04:00,,,,,,,3292.0488464355467,3292.1049329485213,3292.193490600586
2026-08-22 00:00:00-04:00,,,,,,,3292.042942592076,3292.0990291050502,3292.1875867571152
2026-08-22 00:15:00-04:00,,,,,,,3292.037038748605,3292.0931252615796,3292.1816829136437
2026-08-22 00:30:00-04:00,,,,,,,3292.031134905134,3292.087221418108,3292.175779070173
2026-08-22 00:45:00-04:00,,,,,,,3292.025231061663,3292.081317574637,3292.169875226702
2026-08-22 01:00:00-04:00,,,,,,,3292.019327218192,3292.075413731166,3292.163971383231
2026-08-22 01:15:00-04:00,,,,,,,3292.013423374721,3292.0695098876954,3292.15806753976
2026-08-22 01:30:00-04:00,,,,,,,3292.00751953125,3292.0636060442243,3292.152163696289
2026-08-22 01:45:00-04:00,,,,,,,3292.001615687779,3292.0577022007537,3292.1462598528183
2026-08-22 02:00:00-04:00,,,,,,,3291.995711844308,3292.0517983572827,3292.140356009347
2026-08-22 02:15:00-04:00,,,,,,,3291.989808000837,3292.045894513811,3292.1344521658757
2026-08-22 02:30:00-04:00,,,,,,,3291.983904157366,3292.03999067034,3292.1285483224055
2026-08-22 02:45:00-04:00,,,,,,,3291.978000313895,3292.0340868268695,3292.122644478934
2026-08-22 03:00:00-04:00,,,,,,,3291.9720964704243,3292.0281829833984,3292.116740635463
2026-08-22 03:15:00-04:00,,,,,,,3291.966192626953,3292.0222791399274,3292.1108367919924
2026-08-22 03:30:00-04:00,,,,,,,3291.960288783482,3292.0163752964568,3292.1049329485213
2026-08-22 03:45:00-04:00,,,,,,,3291.954384940011,3292.0104714529853,3292.0990291050502
2026-08-22 04:00:00-04:00,,,,,,,3291.94848109654,3292.004567609515,3292.093125261579
2026-08-22 04:15:00-04:00,,,,,,,3291.942577253069,3291.998663766043,3292.087221418108
2026-08-22 04:30:00-04:00,,,,,,,3291.9366734095984,3291.9927599225725,3292.0813175746375
2026-08-22 04:45:00-04:00,,,,,,,3291.9307695661273,3291.9868560791015,3292.075413731166
2026-08-22 05:00:00-04:00,,,,,,,3291.9248657226562,3291.980952235631,3292.0695098876954
2026-08-22 05:15:00-04:00,,,,,,,3291.918961879185,3291.97504839216,3292.063606044225
2026-08-22 05:30:00-04:00,,,,,,,3291.913058035714,3291.9691445486883,3292.0577022007533
2026-08-22 05:45:00-04:00,,,,,,,3291.9071541922435,3291.9632407052172,3292.0517983572827
2026-08-22 06:00:00-04:00,,,,,,,3291.9012503487725,3291.9573368617466,3292.0458945138116
2026-08-22 06:15:00-04:00,,,,,,,3291.8953465053014,3291.9514330182756,3292.0399906703406
2026-08-22 06:30:00-04:00,,,,,,,3291.8894426618303,3291.9455291748045,3292.034086826869
2026-08-22 06:45:00-04:00,,,,,,,3291.8835388183593,3291.939625331334,3292.0281829833984
2026-08-22 07:00:00-04:00,,,,,,,3291.877634974888,3291.9337214878624,3292.022279139928
2026-08-22 07:15:00-04:00,,,,,,,3291.8717311314176,3291.9278176443913,3292.0163752964563
2026-08-22 07:30:00-04:00,,,,,,,3291.8658272879466,3291.9219138009203,3292.0104714529853
2026-08-22 07:45:00-04:00,,,,,,,3291.8599234444755,3291.9160099574497,3292.004567609514
2026-08-22 08:00:00-04:00,,,,,,,3291.8540196010044,3291.9101061139786,3291.9986637660436
2026-08-22 08:15:00-04:00,,,,,,,3291.8481157575334,3291.904202270508,3291.992759922572
2026-08-22 08:30:00-04:00,,,,,,,3291.8422119140623,3291.898298427037,3291.9868560791015
2026-08-22 08:45:00-04:00,,,,,,,3291.8363080705917,3291.892394583566,3291.980952235631
2026-08-22 09:00:00-04:00,,,,,,,3291.8304042271207,3291.8864907400953,3291.9750483921594
2026-08-22 09:15:00-04:00,,,,,,,3291.8245003836496,3291.8805868966238,3291.9691445486887
2026-08-22 09:30:00-04:00,,,,,,,3291.8185965401785,3291.8746830531527,3291.9632407052177
2026-08-22 09:45:00-04:00,,,,,,,3291.8126926967075,3291.8687792096816,3291.9573368617466
2026-08-22 10:00:00-04:00,,,,,,,3291.8067888532364,3291.862875366211,3291.9514330182756
2026-08-22 10:15:00-04:00,,,,,,,3291.800885009766,3291.85697152274,3291.9455291748045
2026-08-22 10:30:00-04:00,,,,,,,3291.7949811662947,3291.8510676792694,3291.939625331334
2026-08-22 10:45:00-04:00,,,,,,,3291.7890773228237,3291.8451638357983,3291.933721487863
2026-08-22 11:00:00-04:00,,,,,,,3291.7831734793526,3291.839259992327,3291.9278176443913
2026-08-22 11:15:00-04:00,,,,,,,3291.7772696358816,3291.8333561488557,3291.921913800921
2026-08-22 11:30:00-04:00,,,,,,,3291.7713657924105,3291.827452305385,3291.9160099574497
2026-08-22 11:45:00-04:00,,,,,,,3291.76546194894,3291.821548461914,3291.9101061139786
2026-08-22 12:00:00-04:00,,,,,,,3291.759558105469,3291.815644618443,3291.904202270508
2026-08-22 12:15:00-04:00,,,,,,,3291.753654261998,3291.8097407749724,3291.898298427037
2026-08-22 12:30:00-04:00,,,,,,,3291.7477504185267,3291.803836931501,3291.892394583566
2026-08-22 12:45:00-04:00,,,,,,,3291.7418465750557,3291.7979330880307,3291.886490740095
2026-08-22 13:00:00-04:00,,,,,,,3291.7359427315846,3291.7920292445588,3291.8805868966238
2026-08-22 13:15:00-04:00,,,,,,,3291.730038888114,3291.786125401088,3291.874683053153
2026-08-22 13:30:00-04:00,,,,,,,3291.724135044643,3291.780221557617,3291.8687792096816
2026-08-22 13:45:00-04:00,,,,,,,3291.718231201172,3291.7743177141465,3291.862875366211
2026-08-22 14:00:00-04:00,,,,,,,3291.712327357701,3291.7684138706754,3291.8569715227404
2026-08-22 14:15:00-04:00,,,,,,,3291.7064235142298,3291.762510027204,3291.851067679269
2026-08-22 14:30:00-04:00,,,,,,,3291.700519670759,3291.756606183733,3291.8451638357983
2026-08-22 14:45:00-04:00,,,,,,,3291.694615827288,3291.7507023402623,3291.8392599923272
2026-08-22 15:00:00-04:00,,,,,,,3291.688711983817,3291.744798496791,3291.833356148856
2026-08-22 15:15:00-04:00,,,,,,,3291.682808140346,3291.73889465332,3291.8274523053847
2026-08-22 15:30:00-04:00,,,,,,,3291.676904296875,3291.7329908098495,3291.821548461914
2026-08-22 15:45:00-04:00,,,,,,,3291.671000453404,3291.727086966378,3291.8156446184435
2026-08-22 16:00:00-04:00,,,,,,,3291.6650966099332,3291.721183122907,3291.809740774972
2026-08-22 16:15:00-04:00,,,,,,,3291.659192766462,3291.715279279436,3291.803836931501
2026-08-22 16:30:00-04:00,,,,,,,3291.653288922991,3291.7093754359653,3291.79793308803
2026-08-22 16:45:00-04:00,,,,,,,3291.64738507952,3291.703471592494,3291.792029244559
2026-08-22 17:00:00-04:00,,,,,,,3291.641481236049,3291.6975677490236,3291.7861254010877
2026-08-22 17:15:00-04:00,,,,,,,3291.635577392578,3291.6916639055526,3291.780221557617
2026-08-22 17:30:00-04:00,,,,,,,3291.6296735491073,3291.6857600620815,3291.7743177141465
2026-08-22 17:45:00-04:00,,,,,,,3291.6237697056363,3291.679856218611,3291.768413870675
2026-08-22 18:00:00-04:00,,,,,,,3291.617865862165,3291.6739523751394,3291.7625100272044
2026-08-22 18:15:00-04:00,,,,,,,3291.611962018694,3291.6680485316683,3291.7566061837333
2026-08-22 18:30:00-04:00,,,,,,,3291.606058175223,3291.6621446881973,3291.7507023402623
2026-08-22 18:45:00-04:00,,,,,,,3291.600154331752,3291.6562408447267,3291.744798496791
2026-08-22 19:00:00-04:00,,,,,,,3291.5942504882814,3291.6503370012556,3291.73889465332
2026-08-22 19:15:00-04:00,,,,,,,3291.5883466448104,3291.644433157785,3291.7329908098495
2026-08-22 19:30:00-04:00,,,,,,,3291.5824428013393,3291.638529314314,3291.7270869663785
2026-08-22 19:45:00-04:00,,,,,,,3291.5765389578683,3291.6326254708424,3291.721183122907
2026-08-22 20:00:00-04:00,,,,,,,3291.570635114397,3291.6267216273714,3291.715279279437
2026-08-22 20:15:00-04:00,,,,,,,3291.564731270926,3291.6208177839007,3291.7093754359653
2026-08-22 20:30:00-04:00,,,,,,,3291.5588274274555,3291.6149139404297,3291.703471592494
2026-08-22 20:45:00-04:00,,,,,,,3291.5529235839845,3291.6090100969586,3291.6975677490236
2026-08-22 21:00:00-04:00,,,,,,,3291.5470197405134,3291.603106253488,3291.6916639055526
2026-08-22 21:15:00-04:00,,,,,,,3291.5411158970423,3291.5972024100165,3291.6857600620815
2026-08-22 21:30:00-04:00,,,,,,,3291.5352120535713,3291.5912985665464,3291.6798562186104
2026-08-22 21:45:00-04:00,,,,,,,3291.5293082101,3291.5853947230744,3291.6739523751394
2026-08-22 22:00:00-04:00,,,,,,,3291.5234043666296,3291.579490879604,3291.668048531669
2026-08-22 22:15:00-04:00,,,,,,,3291.5175005231586,3291.5735870361327,3291.6621446881973
2026-08-22 22:30:00-04:00,,,,,,,3291.5115966796875,3291.567683192662,3291.6562408447267
2026-08-22 22:45:00-04:00,,,,,,,3291.5056928362164,3291.561779349191,3291.650337001256
2026-08-22 23:00:00-04:00,,,,,,,3291.4997889927454,3291.5558755057195,3291.6444331577845
2026-08-22 23:15:00-04:00,,,,,,,3291.493885149275,3291.5499716622485,3291.638529314314
2026-08-22 23:30:00-04:00,,,,,,,3291.4879813058037,3291.544067818778,3291.632625470843
2026-08-22 23:45:00-04:00,,,,,,,3291.4820774623327,3291.538163975307,3291.626721627372
2026-08-23 00:00:00-04:00,,,,,,,3291.4761736188616,3291.5322601318358,3291.6208177839003
2026-08-23 00:15:00-04:00,,,,,,,3291.4702697753905,3291.526356288365,3291.6149139404297
2026-08-23 00:30:00-04:00,,,,,,,3291.4643659319195,3291.5204524448936,3291.609010096959
2026-08-23 00:45:00-04:00,,,,,,,3291.458462088449,3291.5145486014226,3291.6031062534876
2026-08-23 01:00:00-04:00,,,,,,,3291.452558244978,3291.5086447579515,3291.5972024100165
2026-08-23 01:15:00-04:00,,,,,,,3291.4466544015067,3291.502740914481,3291.5912985665454
2026-08-23 01:30:00-04:00,,,,,,,3291.4407505580357,3291.49683707101,3291.585394723075
2026-08-23 01:45:00-04:00,,,,,,,3291.4348467145646,3291.4909332275392,3291.5794908796033
2026-08-23 02:00:00-04:00,,,,,,,3291.4289428710936,3291.485029384068,3291.5735870361327
2026-08-23 02:15:00-04:00,,,,,,,3291.423039027623,3291.479125540597,3291.567683192662
2026-08-23 02:30:00-04:00,,,,,,,3291.417135184152,3291.4732216971265,3291.5617793491906
2026-08-23 02:45:00-04:00,,,,,,,3291.411231340681,3291.467317853655,3291.55587550572
2026-08-23 03:00:00-04:00,,,,,,,3291.40532749721,3291.461414010184,3291.549971662249
2026-08-23 03:15:00-04:00,,,,,,,3291.3994236537387,3291.455510166713,3291.544067818778
2026-08-23 03:30:00-04:00,,,,,,,3291.3935198102677,3291.4496063232423,3291.538163975307
2026-08-23 03:45:00-04:00,,,,,,,3291.387615966797,3291.443702479771,3291.5322601318358
2026-08-23 04:00:00-04:00,,,,,,,3291.381712123326,3291.4377986363006,3291.526356288365
2026-08-23 04:15:00-04:00,,,,,,,3291.375808279855,3291.4318947928296,3291.520452444894
2026-08-23 04:30:00-04:00,,,,,,,3291.369904436384,3291.425990949358,3291.5145486014226
2026-08-23 04:45:00-04:00,,,,,,,3291.364000592913,3291.420087105887,3291.5086447579524
2026-08-23 05:00:00-04:00,,,,,,,3291.3580967494418,3291.4141832624164,3291.502740914481
2026-08-23 05:15:00-04:00,,,,,,,3291.352192905971,3291.4082794189453,3291.49683707101
2026-08-23 05:30:00-04:00,,,,,,,3291.3462890625,3291.4023755754743,3291.4909332275392
2026-08-23 05:45:00-04:00,,,,,,,3291.340385219029,3291.3964717320036,3291.485029384068
2026-08-23 06:00:00-04:00,,,,,,,3291.334481375558,3291.390567888532,3291.479125540597
2026-08-23 06:15:00-04:00,,,,,,,3291.328577532087,3291.384664045062,3291.473221697126
2026-08-23 06:30:00-04:00,,,,,,,3291.322673688616,3291.37876020159,3291.467317853655
2026-08-23 06:45:00-04:00,,,,,,,3291.3167698451452,3291.3728563581194,3291.4614140101844
2026-08-23 07:00:00-04:00,,,,,,,3291.310866001674,3291.3669525146483,3291.455510166713
2026-08-23 07:15:00-04:00,,,,,,,3291.304962158203,3291.3610486711777,3291.4496063232423
2026-08-23 07:30:00-04:00,,,,,,,3291.299058314732,3291.3551448277067,3291.4437024797717
2026-08-23 07:45:00-04:00,,,,,,,3291.293154471261,3291.349240984235,3291.4377986363
2026-08-23 08:00:00-04:00,,,,,,,3291.2872506277904,3291.343337140764,3291.4318947928296
2026-08-23 08:15:00-04:00,,,,,,,3291.2813467843193,3291.3374332972935,3291.4259909493585
2026-08-23 08:30:00-04:00,,,,,,,3291.2754429408483,3291.3315294538224,3291.4200871058874
2026-08-23 08:45:00-04:00,,,,,,,3291.269539097377,3291.3256256103514,3291.414183262416
2026-08-23 09:00:00-04:00,,,,,,,3291.263635253906,3291.319721766881,3291.4082794189453
2026-08-23 09:15:00-04:00,,,,,,,3291.257731410435,3291.3138179234093,3291.4023755754747
2026-08-23 09:30:00-04:00,,,,,,,3291.2518275669645,3291.307914079938,3291.396471732003
2026-08-23 09:45:00-04:00,,,,,,,3291.2459237234934,3291.302010236467,3291.390567888532
2026-08-23 10:00:00-04:00,,,,,,,3291.2400198800224,3291.2961063929965,3291.384664045061
2026-08-23 10:15:00-04:00,,,,,,,3291.2341160365513,3291.2902025495255,3291.3787602015905
2026-08-23 10:30:00-04:00,,,,,,,3291.2282121930803,3291.284298706055,3291.372856358119
2026-08-23 10:45:00-04:00,,,,,,,3291.222308349609,3291.278394862584,3291.3669525146483
2026-08-23 11:00:00-04:00,,,,,,,3291.2164045061386,3291.2724910191127,3291.3610486711777
2026-08-23 11:15:00-04:00,,,,,,,3291.2105006626675,3291.266587175642,3291.355144827706
2026-08-23 11:30:00-04:00,,,,,,,3291.2045968191965,3291.2606833321706,3291.3492409842356
2026-08-23 11:45:00-04:00,,,,,,,3291.1986929757254,3291.2547794886996,3291.3433371407646
2026-08-23 12:00:00-04:00,,,,,,,3291.1927891322543,3291.2488756452285,3291.3374332972935
2026-08-23 12:15:00-04:00,,,,,,,3291.1868852887833,3291.242971801758,3291.3315294538224
2026-08-23 12:30:00-04:00,,,,,,,3291.1809814453127,3291.237067958287,3291.3256256103514
2026-08-23 12:45:00-04:00,,,,,,,3291.1750776018416,3291.2311641148162,3291.319721766881
2026-08-23 13:00:00-04:00,,,,,,,3291.1691737583706,3291.225260271345,3291.3138179234097
2026-08-23 13:15:00-04:00,,,,,,,3291.1632699148995,3291.2193564278737,3291.307914079938
2026-08-23 13:30:00-04:00,,,,,,,3291.1573660714284,3291.2134525844026,3291.302010236468
2026-08-23 13:45:00-04:00,,,,,,,3291.1514622279574,3291.207548740932,3291.2961063929965
2026-08-23 14:00:00-04:00,,,,,,,3291.145558384487,3291.201644897461,3291.2902025495255
2026-08-23 14:15:00-04:00,,,,,,,3291.1396545410157,3291.19574105399,3291.284298706055
2026-08-23 14:30:00-04:00,,,,,,,3291.1337506975447,3291.1898372105193,3291.278394862584
2026-08-23 14:45:00-04:00,,,,,,,3291.1278468540736,3291.1839333670478,3291.2724910191127
2026-08-23 15:00:00-04:00,,,,,,,3291.1219430106025,3291.1780295235776,3291.2665871756417
2026-08-23 15:15:00-04:00,,,,,,,3291.1160391671315,3291.1721256801056,3291.2606833321706
2026-08-23 15:30:00-04:00,,,,,,,3291.110135323661,3291.166221836635,3291.2547794887
2026-08-23 15:45:00-04:00,,,,,,,3291.10423148019,3291.160317993164,3291.2488756452285
2026-08-23 16:00:00-04:00,,,,,,,3291.0983276367188,3291.1544141496934,3291.242971801758
2026-08-23 16:15:00-04:00,,,,,,,3291.0924237932477,3291.1485103062223,3291.2370679582873
2026-08-23 16:30:00-04:00,,,,,,,3291.0865199497766,3291.142606462751,3291.231164114816
2026-08-23 16:45:00-04:00,,,,,,,3291.080616106306,3291.1367026192797,3291.225260271345
2026-08-23 17:00:00-04:00,,,,,,,3291.074712262835,3291.130798775809,3291.219356427874
2026-08-23 17:15:00-04:00,,,,,,,3291.068808419364,3291.124894932338,3291.213452584403
2026-08-23 17:30:00-04:00,,,,,,,3291.062904575893,3291.118991088867,3291.2075487409315
2026-08-23 17:45:00-04:00,,,,,,,3291.057000732422,3291.1130872453964,3291.201644897461
2026-08-23 18:00:00-04:00,,,,,,,3291.0510968889507,3291.107183401925,3291.1957410539903
2026-08-23 18:15:00-04:00,,,,,,,3291.04519304548,3291.101279558454,3291.189837210519
2026-08-23 18:30:00-04:00,,,,,,,3291.039289202009,3291.0953757149828,3291.1839333670478
2026-08-23 18:45:00-04:00,,,,,,,3291.033385358538,3291.089471871512,3291.1780295235767
2026-08-23 19:00:00-04:00,,,,,,,3291.027481515067,3291.083568028041,3291.172125680106
2026-08-23 19:15:00-04:00,,,,,,,3291.021577671596,3291.0776641845705,3291.1662218366346
2026-08-23 19:30:00-04:00,,,,,,,3291.015673828125,3291.0717603410994,3291.160317993164
2026-08-23 19:45:00-04:00,,,,,,,3291.009769984654,3291.0658564976284,3291.1544141496934
2026-08-23 20:00:00-04:00,,,,,,,3291.003866141183,3291.0599526541578,3291.148510306222
2026-08-23 20:15:00-04:00,,,,,,,3290.997962297712,3291.0540488106863,3291.1426064627512
2026-08-23 20:30:00-04:00,,,,,,,3290.992058454241,3291.048144967215,3291.13670261928
2026-08-23 20:45:00-04:00,,,,,,,3290.98615461077,3291.042241123744,3291.130798775809
2026-08-23 21:00:00-04:00,,,,,,,3290.980250767299,3291.0363372802735,3291.124894932338
2026-08-23 21:15:00-04:00,,,,,,,3290.9743469238283,3291.0304334368025,3291.118991088867
2026-08-23 21:30:00-04:00,,,,,,,3290.9684430803572,3291.024529593332,3291.1130872453964
2026-08-23 21:45:00-04:00,,,,,,,3290.962539236886,3291.018625749861,3291.1071834019253
2026-08-23 22:00:00-04:00,,,,,,,3290.956635393415,3291.0127219063893,3291.101279558454
2026-08-23 22:15:00-04:00,,,,,,,3290.950731549944,3291.0068180629182,3291.0953757149837
2026-08-23 22:30:00-04:00,,,,,,,3290.944827706473,3291.0009142194476,3291.089471871512
2026-08-23 22:45:00-04:00,,,,,,,3290.9389238630024,3290.9950103759766,3291.083568028041
2026-08-23 23:00:00-04:00,,,,,,,3290.9330200195313,3290.9891065325055,3291.0776641845705
2026-08-23 23:15:00-04:00,,,,,,,3290.9271161760603,3290.983202689035,3291.0717603410994
2026-08-23 23:30:00-04:00,,,,,,,3290.921212332589,3290.9772988455634,3291.0658564976284
2026-08-23 23:45:00-04:00,,,,,,,3290.915308489118,3290.9713950020932,3291.0599526541573
2026-08-24 00:00:00-04:00,,,,,,,3290.909404645647,3290.9654911586213,3291.0540488106863
2026-08-24 00:15:00-04:00,,,,,,,3290.9035008021765,3290.9595873151507,3291.0481449672156
2026-08-24 00:30:00-04:00,,,,,,,3290.8975969587054,3290.9536834716796,3291.042241123744
2026-08-24 00:45:00-04:00,,,,,,,3290.8916931152344,3290.947779628209,3291.0363372802735
2026-08-24 01:00:00-04:00,,,,,,,3290.8857892717633,3290.941875784738,3291.030433436803
2026-08-24 01:15:00-04:00,,,,,,,3290.8798854282923,3290.9359719412664,3291.0245295933314
2026-08-24 01:30:00-04:00,,,,,,,3290.8739815848216,3290.9300680977954,3291.018625749861
2026-08-24 01:45:00-04:00,,,,,,,3290.8680777413506,3290.9241642543248,3291.0127219063897
2026-08-24 02:00:00-04:00,,,,,,,3290.8621738978795,3290.9182604108537,3291.0068180629187
2026-08-24 02:15:00-04:00,,,,,,,3290.8562700544085,3290.9123565673826,3291.000914219447
2026-08-24 02:30:00-04:00,,,,,,,3290.8503662109374,3290.906452723912,3290.9950103759766
2026-08-24 02:45:00-04:00,,,,,,,3290.8444623674663,3290.9005488804405,3290.989106532506
2026-08-24 03:00:00-04:00,,,,,,,3290.8385585239957,3290.8946450369695,3290.9832026890344
2026-08-24 03:15:00-04:00,,,,,,,3290.8326546805247,3290.8887411934984,3290.9772988455634
2026-08-24 03:30:00-04:00,,,,,,,3290.8267508370536,3290.882837350028,3290.9713950020923
2026-08-24 03:45:00-04:00,,,,,,,3290.8208469935826,3290.8769335065567,3290.9654911586217
2026-08-24 04:00:00-04:00,,,,,,,3290.8149431501115,3290.871029663086,3290.95958731515
2026-08-24 04:15:00-04:00,,,,,,,3290.8090393066404,3290.865125819615,3290.9536834716796
2026-08-24 04:30:00-04:00,,,,,,,3290.80313546317,3290.859221976144,3290.947779628209
2026-08-24 04:45:00-04:00,,,,,,,3290.797231619699,3290.8533181326734,3290.9418757847375
2026-08-24 05:00:00-04:00,,,,,,,3290.7913277762277,3290.847414289202,3290.935971941267
2026-08-24 05:15:00-04:00,,,,,,,3290.7854239327567,3290.841510445731,3290.930068097796
2026-08-24 05:30:00-04:00,,,,,,,3290.7795200892856,3290.8356066022598,3290.9241642543248
2026-08-24 05:45:00-04:00,,,,,,,3290.7736162458145,3290.829702758789,3290.9182604108537
2026-08-24 06:00:00-04:00,,,,,,,3290.767712402344,3290.823798915318,3290.9123565673826
2026-08-24 06:15:00-04:00,,,,,,,3290.761808558873,3290.8178950718475,3290.906452723912
2026-08-24 06:30:00-04:00,,,,,,,3290.755904715402,3290.8119912283764,3290.900548880441
2026-08-24 06:45:00-04:00,,,,,,,3290.7500008719308,3290.806087384905,3290.8946450369695
2026-08-24 07:00:00-04:00,,,,,,,3290.7440970284597,3290.800183541434,3290.8887411934993
2026-08-24 07:15:00-04:00,,,,,,,3290.7381931849886,3290.7942796979632,3290.882837350028
2026-08-24 07:30:00-04:00,,,,,,,3290.732289341518,3290.788375854492,3290.8769335065567
2026-08-24 07:45:00-04:00,,,,,,,3290.726385498047,3290.782472011021,3290.871029663086
2026-08-24 08:00:00-04:00,,,,,,,3290.720481654576,3290.7765681675505,3290.865125819615
2026-08-24 08:15:00-04:00,,,,,,,3290.714577811105,3290.770664324079,3290.859221976144
2026-08-24 08:30:00-04:00,,,,,,,3290.708673967634,3290.764760480609,3290.853318132673
2026-08-24 08:45:00-04:00,,,,,,,3290.7027701241627,3290.758856637137,3290.847414289202
2026-08-24 09:00:00-04:00,,,,,,,3290.696866280692,3290.7529527936663,3290.8415104457313
2026-08-24 09:15:00-04:00,,,,,,,3290.690962437221,3290.747048950195,3290.8356066022598
2026-08-24 09:30:00-04:00,3290.68505859375,3290.68505859375,3296.955078125,3290.423583984375,3296.955078125,0.0,3290.68505859375,3290.7411451067246,3290.829702758789
2026-08-24 09:45:00-04:00,3296.994140625,3296.994140625,3298.64990234375,3290.840087890625,3290.840087890625,0.0,3296.994140625,3291.0509905569897,3290.9500986328126
2026-08-24 10:00:00-04:00,3290.25927734375,3290.25927734375,3296.047607421875,3289.315185546875,3295.4140625,0.0,3290.25927734375,3291.024388035365,3290.9359153180803
2026-08-24 10:15:00-04:00,3295.285400390625,3295.285400390625,3295.285400390625,3289.42431640625,3290.36279296875,0.0,3295.285400390625,3291.249386858259,3291.022372541155
2026-08-24 10:30:00-04:00,3297.314453125,3297.314453125,3297.314453125,3295.12353515625,3295.12353515625,0.0,3297.314453125,3291.5761335100447,3291.149528895787
2026-08-24 10:45:00-04:00,3296.081787109375,3296.081787109375,3297.60498046875,3294.98095703125,3297.263916015625,0.0,3296.081787109375,3291.841542053223,3291.252150006975
2026-08-24 11:00:00-04:00,3293.181396484375,3293.181396484375,3296.400390625,3292.231689453125,3296.11328125,0.0,3293.181396484375,3291.962226257324,3291.2968813825337
2026-08-24 11:15:00-04:00,3290.941162109375,3290.941162109375,3292.546142578125,3290.941162109375,3292.546142578125,0.0,3290.941162109375,3291.971193934849,3291.296926147461
2026-08-24 11:30:00-04:00,3290.843505859375,3290.843505859375,3290.843505859375,3290.843505859375,3290.843505859375,0.0,3290.843505859375,3291.9755739920483,3291.295135864258
2026-08-24 11:45:00-04:00,,,,,,,3291.209120316939,3291.9985299642985,3291.3007759470747
2026-08-24 12:00:00-04:00,,,,,,,3291.5747347745028,3292.0400618516005,3291.313846395913
2026-08-24 12:15:00-04:00,,,,,,,3291.9403492320666,3292.1001696539543,3291.3343472107726
2026-08-24 12:30:00-04:00,,,,,,,3292.3059636896305,3292.17885337136,3291.3622783916526
2026-08-24 12:45:00-04:00,,,,,,,3292.6715781471944,3292.2761130038175,3291.397639938553
2026-08-24 13:00:00-04:00,,,,,,,3293.0371926047587,3292.3919485513265,3291.440431851474
2026-08-24 13:15:00-04:00,,,,,,,3293.4028070623226,3292.5263600138874,3291.490654130416
2026-08-24 13:30:00-04:00,,,,,,,3293.7684215198865,3292.6793473915,3291.5483067753776
2026-08-24 13:45:00-04:00,,,,,,,3294.1340359774504,3292.8509106841643,3291.6133897863606
2026-08-24 14:00:00-04:00,,,,,,,3294.4996504350142,3293.0410498918804,3291.685903163365
2026-08-24 14:15:00-04:00,,,,,,,3294.865264892578,3293.2497650146483,3291.7658469063895
2026-08-24 14:30:00-04:00,,,,,,,3295.230879350142,3293.477056052468,3291.8532210154344
2026-08-24 14:45:00-04:00,,,,,,,3295.596493807706,3293.4071737116037,3291.9480254905006
2026-08-24 15:00:00-04:00,,,,,,,3295.9621082652698,3293.692315257679,3292.0502603315877
2026-08-24 15:15:00-04:00,,,,,,,3296.3277227228336,3293.74443137429,3292.159925538695
2026-08-24 15:30:00-04:00,,,,,,,3296.6933371803975,3293.71337557706,3292.2770211118227
2026-08-24 15:45:00-04:00,,,,,,,3297.058951637962,3293.762233803489,3292.401547050972
2026-08-24 16:00:00-04:00,,,,,,,3297.4245660955257,3293.974392284046,3292.533503356141
2026-08-24 16:15:00-04:00,,,,,,,3297.7901805530896,3294.3168432062325,3292.6728900273306
2026-08-24 16:30:00-04:00,,,,,,,3298.1557950106535,3294.6824576637964,3292.819707064542
2026-08-24 16:45:00-04:00,,,,,,,3298.5214094682174,3295.04807212136,3292.9739544677736
2026-08-24 17:00:00-04:00,,,,,,,3298.8870239257812,3295.4136865789246,3293.135632237025
2026-08-24 17:15:00-04:00,,,,,,,3299.252638383345,3295.7793010364876,3293.3047403722985
2026-08-24 17:30:00-04:00,,,,,,,3299.618252840909,3296.144915494052,3293.4812788735917
2026-08-24 17:45:00-04:00,,,,,,,3299.983867298473,3296.510529951616,3293.6652477409066
2026-08-24 18:00:00-04:00,,,,,,,3300.3494817560368,3296.8761444091797,3293.856646974242
2026-08-24 18:15:00-04:00,,,,,,,3300.7150962136006,3297.2417588667436,3294.0554765735974
2026-08-24 18:30:00-04:00,,,,,,,3301.080710671165,3297.607373324308,3294.261736538974
2026-08-24 18:45:00-04:00,,,,,,,3301.446325128729,3297.972987781871,3294.475426870371
2026-08-24 19:00:00-04:00,,,,,,,3301.8119395862927,3298.3386022394357,3294.6965475677885
2026-08-24 19:15:00-04:00,,,,,,,3302.1775540438566,3298.7042166969995,3294.9250986312272
2026-08-24 19:30:00-04:00,,,,,,,3302.5431685014205,3299.069831154563,3295.1610800606863
2026-08-24 19:45:00-04:00,,,,,,,3302.9087829589844,3299.4354456121278,3295.4044918561663
2026-08-24 20:00:00-04:00,,,,,,,3303.2743974165483,3299.8010600696907,3295.655334017667
2026-08-24 20:15:00-04:00,,,,,,,3303.640011874112,3300.166674527255,3295.913606545188
2026-08-24 20:30:00-04:00,,,,,,,3304.005626331676,3300.532288984819,3296.1793094387303
2026-08-24 20:45:00-04:00,,,,,,,3304.37124078924,3300.897903442383,3296.452442698293
2026-08-24 21:00:00-04:00,,,,,,,3304.7368552468038,3301.2635178999467,3296.7330063238765
2026-08-24 21:15:00-04:00,,,,,,,3305.102469704368,3301.629132357511,3297.0210003154807
2026-08-24 21:30:00-04:00,,,,,,,3305.468084161932,3301.994746815074,3297.3164246731053
2026-08-24 21:45:00-04:00,,,,,,,3305.833698619496,3302.360361272639,3297.6192793967507
2026-08-24 22:00:00-04:00,,,,,,,3306.1993130770597,3302.7259757302027,3297.9295644864164
2026-08-24 22:15:00-04:00,,,,,,,3306.5649275346236,3303.091590187766,3298.1209802246094
2026-08-24 22:30:00-04:00,,,,,,,3306.9305419921875,3303.457204645331,3298.454405517578
2026-08-24 22:45:00-04:00,,,,,,,3307.2961564497514,3303.822819102894,3298.69462063876
2026-08-24 23:00:00-04:00,,,,,,,3307.6617709073153,3304.188433560458,3298.901566994407
2026-08-24 23:15:00-04:00,,,,,,,3308.027385364879,3304.554048018022,3299.140478959517
2026-08-24 23:30:00-04:00,,,,,,,3308.392999822443,3304.919662475586,3299.4447110262786
2026-08-24 23:45:00-04:00,,,,,,,3308.758614280007,3305.28527693315,3299.801060069691
2026-08-25 00:00:00-04:00,,,,,,,3309.1242287375712,3305.650891390714,3300.166674527255
2026-08-25 00:15:00-04:00,,,,,,,3309.489843195135,3306.016505848277,3300.5322889848194
2026-08-25 00:30:00-04:00,,,,,,,3309.855457652699,3306.382120305842,3300.897903442383
2026-08-25 00:45:00-04:00,,,,,,,3310.221072110263,3306.747734763406,3301.2635178999462
2026-08-25 01:00:00-04:00,,,,,,,3310.5866865678267,3307.113349220969,3301.6291323575106
2026-08-25 01:15:00-04:00,,,,,,,3310.9523010253906,3307.478963678534,3301.9947468150744
2026-08-25 01:30:00-04:00,,,,,,,3311.3179154829545,3307.844578136097,3302.360361272638
2026-08-25 01:45:00-04:00,,,,,,,3311.6835299405184,3308.2101925936613,3302.725975730202
2026-08-25 02:00:00-04:00,,,,,,,3312.0491443980823,3308.575807051225,3303.0915901877665
2026-08-25 02:15:00-04:00,,,,,,,3312.414758855646,3308.941421508789,3303.457204645331
2026-08-25 02:30:00-04:00,,,,,,,3312.78037331321,3309.307035966353,3303.8228191028943
2026-08-25 02:45:00-04:00,,,,,,,3313.1459877707744,3309.6726504239173,3304.188433560458
2026-08-25 03:00:00-04:00,,,,,,,3313.5116022283382,3310.0382648814802,3304.5540480180225
2026-08-25 03:15:00-04:00,,,,,,,3313.877216685902,3310.403879339045,3304.919662475586
2026-08-25 03:30:00-04:00,,,,,,,3314.242831143466,3310.769493796609,3305.2852769331494
2026-08-25 03:45:00-04:00,,,,,,,3314.60844560103,3311.1351082541723,3305.6508913907137
2026-08-25 04:00:00-04:00,,,,,,,3314.9740600585938,3311.500722711737,3306.0165058482776
2026-08-25 04:15:00-04:00,,,,,,,3315.3396745161576,3311.8663371693,3306.382120305841
2026-08-25 04:30:00-04:00,,,,,,,3315.7052889737215,3312.2319516268644,3306.7477347634053
2026-08-25 04:45:00-04:00,,,,,,,3316.0709034312854,3312.5975660844283,3307.1133492209697
2026-08-25 05:00:00-04:00,,,,,,,3316.4365178888493,3312.963180541992,3307.478963678534
2026-08-25 05:15:00-04:00,,,,,,,3316.802132346413,3313.328794999556,3307.8445781360974
2026-08-25 05:30:00-04:00,,,,,,,3317.1677468039775,3313.6944094571204,3308.2101925936613
2026-08-25 05:45:00-04:00,,,,,,,3317.5333612615414,3314.0600239146834,3308.5758070512256
2026-08-25 06:00:00-04:00,,,,,,,3317.8989757191052,3314.425638372248,3308.941421508789
2026-08-25 06:15:00-04:00,,,,,,,3318.264590176669,3314.791252829812,3309.3070359663525
2026-08-25 06:30:00-04:00,,,,,,,3318.630204634233,3315.1568672873755,3309.672650423917
2026-08-25 06:45:00-04:00,,,,,,,3318.995819091797,3315.5224817449403,3310.0382648814807
2026-08-25 07:00:00-04:00,,,,,,,3319.3614335493608,3315.888096202503,3310.403879339044
2026-08-25 07:15:00-04:00,,,,,,,3319.7270480069246,3316.2537106600676,3310.7694937966085
2026-08-25 07:30:00-04:00,,,,,,,3320.0926624644885,3316.6193251176314,3311.135108254173
2026-08-25 07:45:00-04:00,,,,,,,3320.4582769220524,3316.9849395751953,3311.500722711737
2026-08-25 08:00:00-04:00,,,,,,,3320.8238913796163,3317.350554032759,3311.8663371693006
2026-08-25 08:15:00-04:00,,,,,,,3321.1895058371806,3317.7161684903235,3312.2319516268644
2026-08-25 08:30:00-04:00,,,,,,,3321.5551202947445,3318.0817829478865,3312.5975660844288
2026-08-25 08:45:00-04:00,,,,,,,3321.9207347523084,3318.4473974054513,3312.963180541992
2026-08-25 09:00:00-04:00,,,,,,,3322.2863492098722,3318.813011863015,3313.3287949995556
2026-08-25 09:15:00-04:00,,,,,,,3322.651963667436,3319.1786263205786,3313.69440945712
2026-08-25 09:30:00-04:00,3323.017578125,3323.017578125,3323.302734375,3318.636474609375,3322.751708984375,0.0,3323.017578125,3319.5442407781434,3314.060023914684
2026-08-25 09:45:00-04:00,3323.54150390625,3323.54150390625,3323.54150390625,3320.655029296875,3323.017578125,0.0,3323.54150390625,3319.9177708018906,3314.4288045987214
2026-08-25 10:00:00-04:00,3324.683837890625,3324.683837890625,3326.478759765625,3321.70751953125,3325.251953125,0.0,3324.683837890625,3320.3301368019797,3314.813119673295
2026-08-25 10:15:00-04:00,3323.9912109375,3323.9912109375,3325.693359375,3322.4716796875,3324.731201171875,0.0,3323.9912109375,3320.689590731534,3315.1762699196556
2026-08-25 10:30:00-04:00,3325.111083984375,3325.111083984375,3326.527099609375,3320.65576171875,3323.855712890625,0.0,3325.111083984375,3321.086757590554,3315.5545053378023
2026-08-25 10:45:00-04:00,3324.82470703125,3324.82470703125,3326.14306640625,3323.930908203125,3325.189208984375,0.0,3324.82470703125,3321.451324879039,3315.9197009277345
2026-08-25 11:00:00-04:00,3321.55224609375,3321.55224609375,3325.681396484375,3321.232421875,3324.929443359375,0.0,3321.55224609375,3321.633988397772,3316.2121350097655
2026-08-25 11:15:00-04:00,3318.1865234375,3318.1865234375,3323.296875,3318.1865234375,3321.596923828125,0.0,3318.1865234375,3321.630085060813,3316.429942349521
2026-08-25 11:30:00-04:00,3318.255615234375,3318.255615234375,3318.255615234375,3318.255615234375,3318.255615234375,0.0,3318.255615234375,3321.6113555908205,3316.641819236062
2026-08-25 11:45:00-04:00,,,,,,,3318.4717629172587,3321.5851527820932,3316.850706787109
2026-08-25 12:00:00-04:00,,,,,,,3318.687910600142,3321.5514766346323,3317.0566050026628
2026-08-25 12:15:00-04:00,,,,,,,3318.9040582830257,3321.5103271484377,3317.2595138827232
2026-08-25 12:30:00-04:00,,,,,,,3319.120205965909,3321.4617043235085,3317.45943342729
2026-08-25 12:45:00-04:00,,,,,,,3319.3363536487927,3321.4056081598455,3317.6563636363635
2026-08-25 13:00:00-04:00,,,,,,,3319.552501331676,3321.3420386574485,3317.8503045099433
2026-08-25 13:15:00-04:00,,,,,,,3319.7686490145597,3321.2709958163177,3318.041256048029
2026-08-25 13:30:00-04:00,,,,,,,3319.984796697443,3321.1924796364524,3318.229218250621
2026-08-25 13:45:00-04:00,,,,,,,3320.2009443803267,3321.1064901178534,3318.4141911177203
2026-08-25 14:00:00-04:00,,,,,,,3320.41709206321,3321.01302726052,3318.5961746493253
2026-08-25 14:15:00-04:00,,,,,,,3320.6332397460938,3320.9120910644533,3318.775168845437
2026-08-25 14:30:00-04:00,,,,,,,3320.8493874289775,3320.803681529652,3318.9511737060548
2026-08-25 14:45:00-04:00,,,,,,,3321.0655351118608,3320.6798830899324,3319.1241892311787
2026-08-25 15:00:00-04:00,,,,,,,3321.2816827947445,3320.509775335139,3319.2942154208095
2026-08-25 15:15:00-04:00,,,,,,,3321.4978304776278,3320.385106312145,3319.461252274946
2026-08-25 15:30:00-04:00,,,,,,,3321.7139781605115,3320.2152510209517,3319.62529979359
2026-08-25 15:45:00-04:00,,,,,,,3321.9301258433948,3320.0705219615593,3319.78635797674
2026-08-25 16:00:00-04:00,,,,,,,3322.1462735262785,3320.1002233331856,3319.9444268243965
2026-08-25 16:15:00-04:00,,,,,,,3322.3624212091618,3320.3090182217684,3320.099506336559
2026-08-25 16:30:00-04:00,,,,,,,3322.5785688920455,3320.5251659046517,3320.251596513228
2026-08-25 16:45:00-04:00,,,,,,,3322.7947165749288,3320.741313587535,3320.4006973544037
2026-08-25 17:00:00-04:00,,,,,,,3323.0108642578125,3320.957461270419,3320.5468088600855
2026-08-25 17:15:00-04:00,,,,,,,3323.2270119406962,3321.173608953303,3320.6899310302733
2026-08-25 17:30:00-04:00,,,,,,,3323.4431596235795,3321.389756636186,3320.8300638649675
2026-08-25 17:45:00-04:00,,,,,,,3323.6593073064632,3321.60590431907,3320.9672073641686
2026-08-25 18:00:00-04:00,,,,,,,3323.8754549893465,3321.822052001953,3321.101361527876
2026-08-25 18:15:00-04:00,,,,,,,3324.0916026722302,3322.0381996848364,3321.23252635609
2026-08-25 18:30:00-04:00,,,,,,,3324.3077503551135,3322.25434736772,3321.3607018488105
2026-08-25 18:45:00-04:00,,,,,,,3324.5238980379972,3322.4704950506034,3321.485888006037
2026-08-25 19:00:00-04:00,,,,,,,3324.7400457208805,3322.686642733487,3321.6080848277697
2026-08-25 19:15:00-04:00,,,,,,,3324.9561934037642,3322.9027904163704,3321.7272923140094
2026-08-25 19:30:00-04:00,,,,,,,3325.1723410866475,3323.1189380992537,3321.843510464755
2026-08-25 19:45:00-04:00,,,,,,,3325.3884887695312,3323.335085782138,3321.9567392800072
2026-08-25 20:00:00-04:00,,,,,,,3325.604636452415,3323.5512334650216,3322.066978759766
2026-08-25 20:15:00-04:00,,,,,,,3325.8207841352983,3323.767381147905,3322.1742289040303
2026-08-25 20:30:00-04:00,,,,,,,3326.036931818182,3323.9835288307886,3322.2784897128017
2026-08-25 20:45:00-04:00,,,,,,,3326.2530795010653,3324.199676513672,3322.379761186079
2026-08-25 21:00:00-04:00,,,,,,,3326.469227183949,3324.415824196555,3322.4780433238634
2026-08-25 21:15:00-04:00,,,,,,,3326.6853748668323,3324.631971879439,3322.573336126154
2026-08-25 21:30:00-04:00,,,,,,,3326.901522549716,3324.848119562322,3322.6656395929513
2026-08-25 21:45:00-04:00,,,,,,,3327.1176702325993,3325.064267245206,3322.754953724254
2026-08-25 22:00:00-04:00,,,,,,,3327.333817915483,3325.280414928089,3322.841278520064
2026-08-25 22:15:00-04:00,,,,,,,3327.5499655983663,3325.4965626109724,3322.9214477539062
2026-08-25 22:30:00-04:00,,,,,,,3327.76611328125,3325.7127102938566,3322.9830932617188
2026-08-25 22:45:00-04:00,,,,,,,3327.9822609641337,3325.9288579767403,3323.0629142622515
2026-08-25 23:00:00-04:00,,,,,,,3328.198408647017,3326.1450056596236,3323.124660755504
2026-08-25 23:15:00-04:00,,,,,,,3328.4145563299007,3326.3611533425074,3323.196457741477
2026-08-25 23:30:00-04:00,,,,,,,3328.630704012784,3326.5773010253906,3323.3380268998576
2026-08-25 23:45:00-04:00,,,,,,,3328.8468516956677,3326.793448708274,3323.551233465021
2026-08-26 00:00:00-04:00,,,,,,,3329.062999378551,3327.0095963911576,3323.767381147905
2026-08-26 00:15:00-04:00,,,,,,,3329.2791470614347,3327.225744074041,3323.983528830788
2026-08-26 00:30:00-04:00,,,,,,,3329.495294744318,3327.4418917569246,3324.199676513672
2026-08-26 00:45:00-04:00,,,,,,,3329.7114424272017,3327.658039439808,3324.4158241965556
2026-08-26 01:00:00-04:00,,,,,,,3329.927590110085,3327.874187122691,3324.631971879439
2026-08-26 01:15:00-04:00,,,,,,,3330.1437377929688,3328.0903348055754,3324.8481195623226
2026-08-26 01:30:00-04:00,,,,,,,3330.3598854758525,3328.306482488459,3325.0642672452063
2026-08-26 01:45:00-04:00,,,,,,,3330.5760331587358,3328.5226301713424,3325.2804149280896
2026-08-26 02:00:00-04:00,,,,,,,3330.7921808416195,3328.738777854226,3325.496562610973
2026-08-26 02:15:00-04:00,,,,,,,3331.0083285245028,3328.9549255371094,3325.712710293856
2026-08-26 02:30:00-04:00,,,,,,,3331.2244762073865,3329.1710732199926,3325.92885797674
2026-08-26 02:45:00-04:00,,,,,,,3331.4406238902698,3329.3872209028764,3326.1450056596236
2026-08-26 03:00:00-04:00,,,,,,,3331.6567715731535,3329.6033685857597,3326.361153342507
2026-08-26 03:15:00-04:00,,,,,,,3331.8729192560368,3329.8195162686434,3326.5773010253906
2026-08-26 03:30:00-04:00,,,,,,,3332.0890669389205,3330.0356639515267,3326.7934487082744
2026-08-26 03:45:00-04:00,,,,,,,3332.3052146218038,3330.25181163441,3327.0095963911576
2026-08-26 04:00:00-04:00,,,,,,,3332.5213623046875,3330.467959317294,3327.2257440740414
2026-08-26 04:15:00-04:00,,,,,,,3332.7375099875712,3330.684107000178,3327.441891756925
2026-08-26 04:30:00-04:00,,,,,,,3332.9536576704545,3330.900254683061,3327.6580394398084
2026-08-26 04:45:00-04:00,,,,,,,3333.1698053533382,3331.116402365945,3327.8741871226916
2026-08-26 05:00:00-04:00,,,,,,,3333.3859530362215,3331.332550048828,3328.090334805575
2026-08-26 05:15:00-04:00,,,,,,,3333.6021007191052,3331.5486977317114,3328.3064824884586
2026-08-26 05:30:00-04:00,,,,,,,3333.8182484019885,3331.764845414595,3328.5226301713424
2026-08-26 05:45:00-04:00,,,,,,,3334.0343960848722,3331.9809930974784,3328.7387778542256
2026-08-26 06:00:00-04:00,,,,,,,3334.2505437677555,3332.197140780362,3328.9549255371094
2026-08-26 06:15:00-04:00,,,,,,,3334.4666914506392,3332.4132884632454,3329.171073219993
2026-08-26 06:30:00-04:00,,,,,,,3334.6828391335225,3332.6294361461287,3329.3872209028764
2026-08-26 06:45:00-04:00,,,,,,,3334.8989868164062,3332.845583829013,3329.60336858576
2026-08-26 07:00:00-04:00,,,,,,,3335.11513449929,3333.0617315118966,3329.819516268644
2026-08-26 07:15:00-04:00,,,,,,,3335.3312821821733,3333.27787919478,3330.035663951527
2026-08-26 07:30:00-04:00,,,,,,,3335.547429865057,3333.4940268776636,3330.2518116344104
2026-08-26 07:45:00-04:00,,,,,,,3335.7635775479403,3333.710174560547,3330.4679593172937
2026-08-26 08:00:00-04:00,,,,,,,3335.979725230824,3333.92632224343,3330.6841070001774
2026-08-26 08:15:00-04:00,,,,,,,3336.1958729137073,3334.142469926314,3330.900254683061
2026-08-26 08:30:00-04:00,,,,,,,3336.412020596591,3334.358617609197,3331.1164023659444
2026-08-26 08:45:00-04:00,,,,,,,3336.6281682794743,3334.574765292081,3331.332550048828
2026-08-26 09:00:00-04:00,,,,,,,3336.844315962358,3334.790912974964,3331.548697731712
2026-08-26 09:15:00-04:00,,,,,,,3337.0604636452413,3335.0070606578474,3331.764845414595
2026-08-26 09:30:00-04:00,3337.276611328125,3337.276611328125,3337.276611328125,3330.16162109375,3334.736572265625,0.0,3337.276611328125,3335.2232083407316,3331.980993097479
2026-08-26 09:45:00-04:00,3338.662841796875,3338.662841796875,3341.0654296875,3337.444580078125,3337.444580078125,0.0,3338.662841796875,3335.497860162909,3332.2205424360795
2026-08-26 10:00:00-04:00,3338.708740234375,3338.708740234375,3340.7275390625,3338.095703125,3339.047607421875,0.0,3338.708740234375,3335.7639995228164,3332.456686789773
2026-08-26 10:15:00-04:00,3336.880126953125,3336.880126953125,3338.910400390625,3335.9921875,3338.708984375,0.0,3336.880126953125,3335.927900834517,3332.6519359241834
2026-08-26 10:30:00-04:00,3335.425537109375,3335.425537109375,3337.521728515625,3333.320068359375,3336.87890625,0.0,3335.425537109375,3336.0082652698866,3332.813770308061
2026-08-26 10:45:00-04:00,3333.315185546875,3333.315185546875,3335.551513671875,3333.07568359375,3335.493408203125,0.0,3333.315185546875,3335.972304742987,3332.9290747070313
2026-08-26 11:00:00-04:00,3329.496337890625,3329.496337890625,3335.2314453125,3329.414306640625,3333.46875,0.0,3329.496337890625,3335.7345944491303,3332.963679199219
2026-08-26 11:15:00-04:00,3326.620849609375,3326.620849609375,3329.593017578125,3325.774169921875,3329.593017578125,0.0,3326.620849609375,3335.3423023570663,3332.9364509721236
2026-08-26 11:30:00-04:00,3326.343994140625,3326.343994140625,3326.343994140625,3326.343994140625,3326.343994140625,0.0,3326.343994140625,3334.925360107422,3332.8993626819956
